# Recording
duration 75.006
nframes 2250
# Camera
framerate 29.997600191984642
imageToStage -0.993727445602417,-0.06086360290646553,0.06086360290646553,-0.993727445602417
rotation -3.080421285766743
imagenormaldir +Z
pixelsize 0.9955896
# Dual color
dualcolormode False
mainside Right
viewmode Splitted
recordingmode Original
translation_x 0.0
translation_y 0.0
rotation 0.0
# Tracking
roi_x 400
roi_y 400
capture_radius 400
min_step 1
threshold 30
binning 4
dark_bg True
mode CMS
area 400
# Frame Time X Y Z minBrightness maxBrightness meanBrightness medianBrightness skewness percentile_5 percentile_95
0 10517168.5 98.35325529833838 82.4652722701325 144.24632714843744 0 233 2.8329 0.0 8.181805246746432 0.0 4.0 
1 10517201.8 98.35325529833838 82.4652722701325 144.24632714843744 0 233 2.8329 0.0 8.181805246746432 0.0 4.0 
2 10517235.2 98.35325529833838 82.46249032408507 144.24632714843744 0 233 2.8329 0.0 8.181805246746432 0.0 4.0 
3 10517268.5 98.35325529833838 82.46249032408507 144.24632714843744 0 233 2.8329 0.0 8.181805246746432 0.0 4.0 
4 10517301.9 98.35325529833838 82.46249032408507 144.24632714843744 0 233 2.8329 0.0 8.181805246746432 0.0 4.0 
5 10517335.2 98.36165980560426 82.45549499062547 144.24632714843744 0 233 2.8329 0.0 8.181805246746432 0.0 4.0 
6 10517368.5 98.36165980560426 82.45549499062547 144.24632714843744 0 233 2.8329 0.0 8.181805246746432 0.0 4.0 
7 10517401.9 98.36165980560426 82.45549499062547 144.24632714843744 0 233 2.8329 0.0 8.181805246746432 0.0 4.0 
8 10517435.2 98.36165980560426 82.45549499062547 144.24632714843744 0 233 2.8329 0.0 8.181805246746432 0.0 4.0 
9 10517468.5 98.37555291730017 82.45549499062547 144.24632714843744 0 233 2.8329 0.0 8.181805246746432 0.0 4.0 
10 10517501.9 98.37555291730017 82.44586061662858 144.24632714843744 0 233 2.8329 0.0 8.181805246746432 0.0 4.0 
11 10517535.2 98.37555291730017 82.44586061662858 144.24632714843744 0 233 2.8329 0.0 8.181805246746432 0.0 4.0 
12 10517568.5 98.37555291730017 82.44586061662858 144.24632714843744 0 233 2.8329 0.0 8.181805246746432 0.0 4.0 
13 10517601.9 98.38269548003765 82.44586061662858 144.24632714843744 0 233 2.8329 0.0 8.181805246746432 0.0 4.0 
14 10517635.2 98.38269548003765 82.43819347516609 144.24632714843744 0 233 2.8329 0.0 8.181805246746432 0.0 4.0 
15 10517668.5 98.38269548003765 82.43819347516609 144.24632714843744 0 233 2.8329 0.0 8.181805246746432 0.0 4.0 
16 10517701.9 98.3919552862909 82.41939277269583 144.24632714843744 0 233 2.8329 0.0 8.181805246746432 0.0 4.0 
17 10517735.2 98.3919552862909 82.41939277269583 144.24632714843744 0 233 2.8329 0.0 8.181805246746432 0.0 4.0 
18 10517768.6 98.3919552862909 82.41939277269583 144.24632714843744 0 233 2.8329 0.0 8.181805246746432 0.0 4.0 
19 10517801.9 98.39446339792906 82.41939277269583 144.24632714843744 0 233 2.8329 0.0 8.181805246746432 0.0 4.0 
20 10517835.2 98.39446339792906 82.41097631245455 144.24632714843744 0 233 2.8329 0.0 8.181805246746432 0.0 4.0 
21 10517868.6 98.39446339792906 82.41097631245455 144.24632714843744 0 233 2.8329 0.0 8.181805246746432 0.0 4.0 
22 10517901.9 98.39446339792906 82.41097631245455 144.24632714843744 0 233 2.8329 0.0 8.181805246746432 0.0 4.0 
23 10517935.2 98.3983411745816 82.41097631245455 144.24632714843744 0 233 2.8329 0.0 8.181805246746432 0.0 4.0 
24 10517968.6 98.3983411745816 82.40196591380277 144.24632714843744 0 233 2.8329 0.0 8.181805246746432 0.0 4.0 
25 10518001.9 98.3983411745816 82.40196591380277 144.24632714843744 0 233 2.8329 0.0 8.181805246746432 0.0 4.0 
26 10518035.2 98.3983411745816 82.40196591380277 144.24632714843744 0 233 2.8329 0.0 8.181805246746432 0.0 4.0 
27 10518068.6 98.39947629538366 82.3903317988111 144.24632714843744 0 233 2.8329 0.0 8.181805246746432 0.0 4.0 
28 10518101.9 98.39947629538366 82.3903317988111 144.24632714843744 0 233 2.8329 0.0 8.181805246746432 0.0 4.0 
29 10518135.3 98.39947629538366 82.3903317988111 144.24632714843744 0 233 2.8329 0.0 8.181805246746432 0.0 4.0 
30 10518168.6 98.39947629538366 82.3903317988111 144.24632714843744 0 233 2.8329 0.0 8.181805246746432 0.0 4.0 
31 10518201.9 98.39433792618924 82.3903317988111 144.24632714843744 0 233 2.8329 0.0 8.181805246746432 0.0 4.0 
32 10518235.3 98.39433792618924 82.36969454204967 144.24632714843744 0 233 2.8329 0.0 8.181805246746432 0.0 4.0 
33 10518268.6 98.39433792618924 82.36969454204967 144.24632714843744 0 233 2.8329 0.0 8.181805246746432 0.0 4.0 
34 10518301.9 98.39433792618924 82.36969454204967 144.24632714843744 0 233 2.8329 0.0 8.181805246746432 0.0 4.0 
35 10518335.3 98.38865885130492 82.36969454204967 144.24632714843744 0 233 2.8329 0.0 8.181805246746432 0.0 4.0 
36 10518368.6 98.38865885130492 82.35564528036873 144.24632714843744 0 233 2.8329 0.0 8.181805246746432 0.0 4.0 
37 10518401.9 98.38865885130492 82.35564528036873 144.24632714843744 0 233 2.8329 0.0 8.181805246746432 0.0 4.0 
38 10518435.3 98.38624450160222 82.35564528036873 144.24632714843744 0 233 2.8329 0.0 8.181805246746432 0.0 4.0 
39 10518468.6 98.38624450160222 82.34921692992295 144.24632714843744 0 233 2.8329 0.0 8.181805246746432 0.0 4.0 
40 10518501.9 98.38624450160222 82.34921692992295 144.24632714843744 0 233 2.8329 0.0 8.181805246746432 0.0 4.0 
41 10518535.3 98.37541571717678 82.32646849843748 144.24632714843744 0 233 2.8329 0.0 8.181805246746432 0.0 4.0 
42 10518568.6 98.37541571717678 82.32646849843748 144.24632714843744 0 233 2.8329 0.0 8.181805246746432 0.0 4.0 
43 10518602.0 98.37541571717678 82.32646849843748 144.24632714843744 0 233 2.8329 0.0 8.181805246746432 0.0 4.0 
44 10518635.3 98.37541571717678 82.32646849843748 144.24632714843744 0 233 2.8329 0.0 8.181805246746432 0.0 4.0 
45 10518668.6 98.36840312805708 82.32646849843748 144.24632714843744 0 233 2.8329 0.0 8.181805246746432 0.0 4.0 
46 10518702.0 98.36840312805708 82.3183637926331 144.24632714843744 0 233 2.8329 0.0 8.181805246746432 0.0 4.0 
47 10518735.3 98.36840312805708 82.3183637926331 144.24632714843744 0 233 2.8329 0.0 8.181805246746432 0.0 4.0 
48 10518768.6 98.36840312805708 82.3183637926331 144.24632714843744 0 233 2.8329 0.0 8.181805246746432 0.0 4.0 
49 10518802.0 98.36459014736307 82.3183637926331 144.24632714843744 0 233 2.8329 0.0 8.181805246746432 0.0 4.0 
50 10518835.3 98.36459014736307 82.31242973122117 144.24632714843744 0 233 2.8329 0.0 8.181805246746432 0.0 4.0 
51 10518868.6 98.36459014736307 82.31242973122117 144.24632714843744 0 233 2.8329 0.0 8.181805246746432 0.0 4.0 
52 10518902.0 98.36459014736307 82.31242973122117 144.24632714843744 0 233 2.8329 0.0 8.181805246746432 0.0 4.0 
53 10518935.3 98.34755013661912 82.31242973122117 144.24632714843744 0 233 2.8329 0.0 8.181805246746432 0.0 4.0 
54 10518968.7 98.34755013661912 82.2967746531718 144.24632714843744 0 233 2.8329 0.0 8.181805246746432 0.0 4.0 
55 10519002.0 98.34755013661912 82.2967746531718 144.24632714843744 0 233 2.8329 0.0 8.181805246746432 0.0 4.0 
56 10519035.3 98.34755013661912 82.2967746531718 144.24632714843744 0 233 2.8329 0.0 8.181805246746432 0.0 4.0 
57 10519068.7 98.3340120278303 82.2967746531718 144.24632714843744 0 233 2.8329 0.0 8.181805246746432 0.0 4.0 
58 10519102.0 98.3340120278303 82.28275730638686 144.24632714843744 0 233 2.8329 0.0 8.181805246746432 0.0 4.0 
59 10519135.3 98.3340120278303 82.28275730638686 144.24632714843744 0 233 2.8329 0.0 8.181805246746432 0.0 4.0 
60 10519168.7 98.32347672011099 82.28275730638686 144.24632714843744 0 233 2.8329 0.0 8.181805246746432 0.0 4.0 
61 10519202.0 98.32347672011099 82.26900065233212 144.24632714843744 0 233 2.8329 0.0 8.181805246746432 0.0 4.0 
62 10519235.3 98.32347672011099 82.26900065233212 144.24632714843744 0 233 2.8329 0.0 8.181805246746432 0.0 4.0 
63 10519268.7 98.32347672011099 82.26900065233212 144.24632714843744 0 233 2.8329 0.0 8.181805246746432 0.0 4.0 
64 10519302.0 98.31875766644815 82.25780891977658 144.24632714843744 0 233 2.8329 0.0 8.181805246746432 0.0 4.0 
65 10519335.3 98.31875766644815 82.25780891977658 144.24632714843744 0 233 2.8329 0.0 8.181805246746432 0.0 4.0 
66 10519368.7 98.31875766644815 82.25780891977658 144.24632714843744 0 233 2.8329 0.0 8.181805246746432 0.0 4.0 
67 10519402.0 98.3152158563403 82.24024889564701 144.24632714843744 0 233 2.8329 0.0 8.181805246746432 0.0 4.0 
68 10519435.4 98.3152158563403 82.24024889564701 144.24632714843744 0 233 2.8329 0.0 8.181805246746432 0.0 4.0 
69 10519468.7 98.3152158563403 82.24024889564701 144.24632714843744 0 233 2.8329 0.0 8.181805246746432 0.0 4.0 
70 10519502.0 98.31656238554234 82.24024889564701 144.24632714843744 0 233 2.8329 0.0 8.181805246746432 0.0 4.0 
71 10519535.4 98.31656238554234 82.22725724296436 144.24632714843744 0 233 2.8329 0.0 8.181805246746432 0.0 4.0 
72 10519568.7 98.31656238554234 82.22725724296436 144.24632714843744 0 233 2.8329 0.0 8.181805246746432 0.0 4.0 
73 10519602.0 98.31871379315233 82.22725724296436 144.24632714843744 0 233 2.8329 0.0 8.181805246746432 0.0 4.0 
74 10519635.4 98.31871379315233 82.22366442462733 144.24632714843744 0 233 2.8329 0.0 8.181805246746432 0.0 4.0 
75 10519668.7 98.31871379315233 82.22366442462733 144.24632714843744 0 233 2.8329 0.0 8.181805246746432 0.0 4.0 
76 10519702.0 98.31871379315233 82.22366442462733 144.24632714843744 0 233 2.8329 0.0 8.181805246746432 0.0 4.0 
77 10519735.4 98.31871379315233 82.21031552750891 144.24632714843744 0 233 2.8329 0.0 8.181805246746432 0.0 4.0 
78 10519768.7 98.31871379315233 82.21031552750891 144.24632714843744 0 233 2.8329 0.0 8.181805246746432 0.0 4.0 
79 10519802.1 98.31871379315233 82.21031552750891 144.24632714843744 0 233 2.8329 0.0 8.181805246746432 0.0 4.0 
80 10519835.4 98.31647148082075 82.21031552750891 144.24632714843744 0 233 2.8329 0.0 8.181805246746432 0.0 4.0 
81 10519868.7 98.31647148082075 82.20773806687382 144.24632714843744 0 233 2.8329 0.0 8.181805246746432 0.0 4.0 
82 10519902.1 98.31647148082075 82.20773806687382 144.24632714843744 0 233 2.8329 0.0 8.181805246746432 0.0 4.0 
83 10519935.4 98.31391212644519 82.20773806687382 144.24632714843744 0 233 2.8329 0.0 8.181805246746432 0.0 4.0 
84 10519968.7 98.31391212644519 82.19636781012656 144.24632714843744 0 233 2.8329 0.0 8.181805246746432 0.0 4.0 
85 10520002.1 98.31391212644519 82.19636781012656 144.24632714843744 0 233 2.8329 0.0 8.181805246746432 0.0 4.0 
86 10520035.4 98.31391212644519 82.19636781012656 144.24632714843744 0 233 2.8329 0.0 8.181805246746432 0.0 4.0 
87 10520068.7 98.3172294619239 82.1846753435799 144.24632714843744 0 233 2.8329 0.0 8.181805246746432 0.0 4.0 
88 10520102.1 98.3172294619239 82.1846753435799 144.24632714843744 0 233 2.8329 0.0 8.181805246746432 0.0 4.0 
89 10520135.4 98.3172294619239 82.1846753435799 144.24632714843744 0 233 2.8329 0.0 8.181805246746432 0.0 4.0 
90 10520168.7 98.3172294619239 82.1846753435799 144.24632714843744 0 233 2.8329 0.0 8.181805246746432 0.0 4.0 
91 10520202.1 98.32673892804081 82.17396042739203 144.24632714843744 0 233 2.8329 0.0 8.181805246746432 0.0 4.0 
92 10520235.4 98.32673892804081 82.17396042739203 144.24632714843744 0 233 2.8329 0.0 8.181805246746432 0.0 4.0 
93 10520268.8 98.32673892804081 82.17396042739203 144.24632714843744 0 233 2.8329 0.0 8.181805246746432 0.0 4.0 
94 10520302.1 98.32673892804081 82.17396042739203 144.24632714843744 0 233 2.8329 0.0 8.181805246746432 0.0 4.0 
95 10520335.4 98.33014032888309 82.17396042739203 144.24632714843744 0 233 2.8329 0.0 8.181805246746432 0.0 4.0 
96 10520368.8 98.33014032888309 82.16555216062537 144.24632714843744 0 233 2.8329 0.0 8.181805246746432 0.0 4.0 
97 10520402.1 98.33014032888309 82.16555216062537 144.24632714843744 0 233 2.8329 0.0 8.181805246746432 0.0 4.0 
98 10520435.4 98.33350378211281 82.16106588901984 144.24632714843744 0 233 2.8329 0.0 8.181805246746432 0.0 4.0 
99 10520468.8 98.33350378211281 82.16106588901984 144.24632714843744 0 233 2.8329 0.0 8.181805246746432 0.0 4.0 
100 10520502.1 98.33350378211281 82.16106588901984 144.24632714843744 0 233 2.8329 0.0 8.181805246746432 0.0 4.0 
101 10520535.4 98.33350378211281 82.16106588901984 144.24632714843744 0 233 2.8329 0.0 8.181805246746432 0.0 4.0 
102 10520568.8 98.34087705609717 82.16106588901984 144.24632714843744 0 233 2.8329 0.0 8.181805246746432 0.0 4.0 
103 10520602.1 98.34087705609717 82.15287645800717 144.24632714843744 0 233 2.8329 0.0 8.181805246746432 0.0 4.0 
104 10520635.5 98.34087705609717 82.15287645800717 144.24632714843744 0 233 2.8329 0.0 8.181805246746432 0.0 4.0 
105 10520668.8 98.34087705609717 82.15287645800717 144.24632714843744 0 233 2.8329 0.0 8.181805246746432 0.0 4.0 
106 10520702.1 98.3513310531366 82.15287645800717 144.24632714843744 0 233 2.8329 0.0 8.181805246746432 0.0 4.0 
107 10520735.5 98.3513310531366 82.14693352596704 144.24632714843744 0 233 2.8329 0.0 8.181805246746432 0.0 4.0 
108 10520768.8 98.3513310531366 82.14693352596704 144.24632714843744 0 233 2.8329 0.0 8.181805246746432 0.0 4.0 
109 10520802.1 98.35454035689347 82.14693352596704 144.24632714843744 0 233 2.8329 0.0 8.181805246746432 0.0 4.0 
110 10520835.5 98.35454035689347 82.14158376998886 144.24632714843744 0 233 2.8329 0.0 8.181805246746432 0.0 4.0 
111 10520868.8 98.35454035689347 82.14158376998886 144.24632714843744 0 233 2.8329 0.0 8.181805246746432 0.0 4.0 
112 10520902.1 98.35454035689347 82.14158376998886 144.24632714843744 0 233 2.8329 0.0 8.181805246746432 0.0 4.0 
113 10520935.5 98.35311314686427 82.14158376998886 144.24632714843744 0 233 2.8329 0.0 8.181805246746432 0.0 4.0 
114 10520968.8 98.35311314686427 82.13842147863024 144.24632714843744 0 233 2.8329 0.0 8.181805246746432 0.0 4.0 
115 10521002.1 98.35311314686427 82.13842147863024 144.24632714843744 0 233 2.8329 0.0 8.181805246746432 0.0 4.0 
116 10521035.5 98.35311314686427 82.13842147863024 144.24632714843744 0 233 2.8329 0.0 8.181805246746432 0.0 4.0 
117 10521068.8 98.3545506842994 82.13842147863024 144.24632714843744 0 233 2.8329 0.0 8.181805246746432 0.0 4.0 
118 10521102.2 98.3545506842994 82.13842147863024 144.24632714843744 0 233 2.8329 0.0 8.181805246746432 0.0 4.0 
119 10521135.5 98.3545506842994 82.13842147863024 144.24632714843744 0 233 2.8329 0.0 8.181805246746432 0.0 4.0 
120 10521168.8 98.36534160252207 82.13842147863024 144.24632714843744 0 233 2.8329 0.0 8.181805246746432 0.0 4.0 
121 10521202.2 98.36534160252207 82.13419345134648 144.24632714843744 0 233 2.8329 0.0 8.181805246746432 0.0 4.0 
122 10521235.5 98.36534160252207 82.13419345134648 144.24632714843744 0 233 2.8329 0.0 8.181805246746432 0.0 4.0 
123 10521268.8 98.37877070406367 82.12629917042055 144.24632714843744 0 233 2.8329 0.0 8.181805246746432 0.0 4.0 
124 10521302.2 98.37877070406367 82.12629917042055 144.24632714843744 0 233 2.8329 0.0 8.181805246746432 0.0 4.0 
125 10521335.5 98.37877070406367 82.12629917042055 144.24632714843744 0 233 2.8329 0.0 8.181805246746432 0.0 4.0 
126 10521368.8 98.37877070406367 82.12629917042055 144.24632714843744 0 233 2.8329 0.0 8.181805246746432 0.0 4.0 
127 10521402.2 98.38483912297534 82.12629917042055 144.24632714843744 0 233 2.8329 0.0 8.181805246746432 0.0 4.0 
128 10521435.5 98.38483912297534 82.11778310133384 144.24632714843744 0 233 2.8329 0.0 8.181805246746432 0.0 4.0 
129 10521468.9 98.38483912297534 82.11778310133384 144.24632714843744 0 233 2.8329 0.0 8.181805246746432 0.0 4.0 
130 10521502.2 98.3861827332959 82.11778310133384 144.24632714843744 0 233 2.8329 0.0 8.181805246746432 0.0 4.0 
131 10521535.5 98.3861827332959 82.11443571580338 144.24632714843744 0 233 2.8329 0.0 8.181805246746432 0.0 4.0 
132 10521568.9 98.3861827332959 82.11443571580338 144.24632714843744 0 233 2.8329 0.0 8.181805246746432 0.0 4.0 
133 10521602.2 98.3861827332959 82.11443571580338 144.24632714843744 0 233 2.8329 0.0 8.181805246746432 0.0 4.0 
134 10521635.5 98.3861827332959 82.11191700425695 144.24632714843744 0 233 2.8329 0.0 8.181805246746432 0.0 4.0 
135 10521668.9 98.3861827332959 82.11191700425695 144.24632714843744 0 233 2.8329 0.0 8.181805246746432 0.0 4.0 
136 10521702.2 98.3861827332959 82.1079420660602 144.24632714843744 0 233 2.8329 0.0 8.181805246746432 0.0 4.0 
137 10521735.5 98.3861827332959 82.1079420660602 144.24632714843744 0 233 2.8329 0.0 8.181805246746432 0.0 4.0 
138 10521768.9 98.38846190902694 82.09626717349109 144.24632714843744 0 233 2.8329 0.0 8.181805246746432 0.0 4.0 
139 10521802.2 98.38846190902694 82.09626717349109 144.24632714843744 0 233 2.8329 0.0 8.181805246746432 0.0 4.0 
140 10521835.5 98.38846190902694 82.09626717349109 144.24632714843744 0 233 2.8329 0.0 8.181805246746432 0.0 4.0 
141 10521868.9 98.39022237286515 82.09626717349109 144.24632714843744 0 233 2.8329 0.0 8.181805246746432 0.0 4.0 
142 10521902.2 98.39022237286515 82.09285768074137 144.24632714843744 0 233 2.8329 0.0 8.181805246746432 0.0 4.0 
143 10521935.6 98.39022237286515 82.09285768074137 144.24632714843744 0 233 2.8329 0.0 8.181805246746432 0.0 4.0 
144 10521968.9 98.39022237286515 82.09285768074137 144.24632714843744 0 233 2.8329 0.0 8.181805246746432 0.0 4.0 
145 10522002.2 98.39209355085086 82.08618446566227 144.24632714843744 0 233 2.8329 0.0 8.181805246746432 0.0 4.0 
146 10522035.6 98.39209355085086 82.08618446566227 144.24632714843744 0 233 2.8329 0.0 8.181805246746432 0.0 4.0 
147 10522068.9 98.39209355085086 82.08618446566227 144.24632714843744 0 233 2.8329 0.0 8.181805246746432 0.0 4.0 
148 10522102.2 98.39209355085086 82.07002973713978 144.24632714843744 0 233 2.8329 0.0 8.181805246746432 0.0 4.0 
149 10522135.6 98.39209355085086 82.07002973713978 144.24632714843744 0 233 2.8329 0.0 8.181805246746432 0.0 4.0 
150 10522168.9 98.39209355085086 82.07002973713978 144.24632714843744 0 233 2.8329 0.0 8.181805246746432 0.0 4.0 
151 10522202.2 98.39427660980064 82.07002973713978 144.24632714843744 0 233 2.8329 0.0 8.181805246746432 0.0 4.0 
152 10522235.6 98.39427660980064 82.06552547042465 144.24632714843744 0 233 2.8329 0.0 8.181805246746432 0.0 4.0 
153 10522268.9 98.39427660980064 82.06552547042465 144.24632714843744 0 233 2.8329 0.0 8.181805246746432 0.0 4.0 
154 10522302.3 98.39427660980064 82.06552547042465 144.24632714843744 0 233 2.8329 0.0 8.181805246746432 0.0 4.0 
155 10522335.6 98.39427660980064 82.06049216820483 144.24632714843744 0 233 2.8329 0.0 8.181805246746432 0.0 4.0 
156 10522368.9 98.39427660980064 82.06049216820483 144.24632714843744 0 233 2.8329 0.0 8.181805246746432 0.0 4.0 
157 10522402.3 98.39427660980064 82.06049216820483 144.24632714843744 0 233 2.8329 0.0 8.181805246746432 0.0 4.0 
158 10522435.6 98.39427660980064 82.05261836112761 144.24632714843744 0 233 2.8329 0.0 8.181805246746432 0.0 4.0 
159 10522468.9 98.39427660980064 82.05261836112761 144.24632714843744 0 233 2.8329 0.0 8.181805246746432 0.0 4.0 
160 10522502.3 98.39427660980064 82.05261836112761 144.24632714843744 0 233 2.8329 0.0 8.181805246746432 0.0 4.0 
161 10522535.6 98.40015856405185 82.04124651564469 144.24632714843744 0 233 2.8329 0.0 8.181805246746432 0.0 4.0 
162 10522568.9 98.40015856405185 82.04124651564469 144.24632714843744 0 233 2.8329 0.0 8.181805246746432 0.0 4.0 
163 10522602.3 98.40015856405185 82.04124651564469 144.24632714843744 0 233 2.8329 0.0 8.181805246746432 0.0 4.0 
164 10522635.6 98.40015856405185 82.04124651564469 144.24632714843744 0 233 2.8329 0.0 8.181805246746432 0.0 4.0 
165 10522668.9 98.39905315192793 82.04124651564469 144.24632714843744 0 233 2.8329 0.0 8.181805246746432 0.0 4.0 
166 10522702.3 98.39905315192793 82.04124651564469 144.24632714843744 0 233 2.8329 0.0 8.181805246746432 0.0 4.0 
167 10522735.6 98.39636640327386 82.04124651564469 144.24632714843744 0 233 2.8329 0.0 8.181805246746432 0.0 4.0 
168 10522769.0 98.39636640327386 82.03507957823639 144.24632714843744 0 233 2.8329 0.0 8.181805246746432 0.0 4.0 
169 10522802.3 98.39636640327386 82.03507957823639 144.24632714843744 0 233 2.8329 0.0 8.181805246746432 0.0 4.0 
170 10522835.6 98.38962039127901 82.02369676450942 144.24632714843744 0 233 2.8329 0.0 8.181805246746432 0.0 4.0 
171 10522869.0 98.38962039127901 82.02369676450942 144.24632714843744 0 233 2.8329 0.0 8.181805246746432 0.0 4.0 
172 10522902.3 98.38962039127901 82.02369676450942 144.24632714843744 0 233 2.8329 0.0 8.181805246746432 0.0 4.0 
173 10522935.6 98.3829996031002 82.02369676450942 144.24632714843744 0 233 2.8329 0.0 8.181805246746432 0.0 4.0 
174 10522969.0 98.3829996031002 82.01561997686389 144.24632714843744 0 233 2.8329 0.0 8.181805246746432 0.0 4.0 
175 10523002.3 98.3829996031002 82.01561997686389 144.24632714843744 0 233 2.8329 0.0 8.181805246746432 0.0 4.0 
176 10523035.6 98.3829996031002 82.01561997686389 144.24632714843744 0 233 2.8329 0.0 8.181805246746432 0.0 4.0 
177 10523069.0 98.3704132431526 82.01561997686389 144.24632714843744 0 233 2.8329 0.0 8.181805246746432 0.0 4.0 
178 10523102.3 98.3704132431526 82.00024266823378 144.24632714843744 0 233 2.8329 0.0 8.181805246746432 0.0 4.0 
179 10523135.7 98.3704132431526 82.00024266823378 144.24632714843744 0 233 2.8329 0.0 8.181805246746432 0.0 4.0 
180 10523169.0 98.36494698560585 81.99078718115946 144.24632714843744 0 233 2.8329 0.0 8.181805246746432 0.0 4.0 
181 10523202.3 98.36494698560585 81.99078718115946 144.24632714843744 0 233 2.8329 0.0 8.181805246746432 0.0 4.0 
182 10523235.7 98.36494698560585 81.99078718115946 144.24632714843744 0 233 2.8329 0.0 8.181805246746432 0.0 4.0 
183 10523269.0 98.36192851095106 81.99078718115946 144.24632714843744 0 233 2.8329 0.0 8.181805246746432 0.0 4.0 
184 10523302.3 98.36192851095106 81.98861272696433 144.24632714843744 0 233 2.8329 0.0 8.181805246746432 0.0 4.0 
185 10523335.7 98.36192851095106 81.98861272696433 144.24632714843744 0 233 2.8329 0.0 8.181805246746432 0.0 4.0 
186 10523369.0 98.36192851095106 81.98861272696433 144.24632714843744 0 233 2.8329 0.0 8.181805246746432 0.0 4.0 
187 10523402.3 98.35158970270588 81.98861272696433 144.24632714843744 0 233 2.8329 0.0 8.181805246746432 0.0 4.0 
188 10523435.7 98.35158970270588 81.98378861491881 144.24632714843744 0 233 2.8329 0.0 8.181805246746432 0.0 4.0 
189 10523469.0 98.35158970270588 81.98378861491881 144.24632714843744 0 233 2.8329 0.0 8.181805246746432 0.0 4.0 
190 10523502.3 98.35158970270588 81.98378861491881 144.24632714843744 0 233 2.8329 0.0 8.181805246746432 0.0 4.0 
191 10523535.7 98.32880562460217 81.96581298727463 144.24632714843744 0 233 2.8329 0.0 8.181805246746432 0.0 4.0 
192 10523569.0 98.32880562460217 81.96581298727463 144.24632714843744 0 233 2.8329 0.0 8.181805246746432 0.0 4.0 
193 10523602.4 98.32880562460217 81.96581298727463 144.24632714843744 0 233 2.8329 0.0 8.181805246746432 0.0 4.0 
194 10523635.7 98.32880562460217 81.96581298727463 144.24632714843744 0 233 2.8329 0.0 8.181805246746432 0.0 4.0 
195 10523669.0 98.31735221658217 81.96111207036714 144.24632714843744 0 233 2.8329 0.0 8.181805246746432 0.0 4.0 
196 10523702.4 98.31735221658217 81.96111207036714 144.24632714843744 0 233 2.8329 0.0 8.181805246746432 0.0 4.0 
197 10523735.7 98.31735221658217 81.96111207036714 144.24632714843744 0 233 2.8329 0.0 8.181805246746432 0.0 4.0 
198 10523769.0 98.30361664479369 81.96111207036714 144.24632714843744 0 233 2.8329 0.0 8.181805246746432 0.0 4.0 
199 10523802.4 98.30361664479369 81.95415644192121 144.24632714843744 0 233 2.8329 0.0 8.181805246746432 0.0 4.0 
200 10523835.7 98.30361664479369 81.95415644192121 144.24632714843744 0 233 2.8329 0.0 8.181805246746432 0.0 4.0 
201 10523869.0 98.30361664479369 81.95415644192121 144.24632714843744 0 233 2.8329 0.0 8.181805246746432 0.0 4.0 
202 10523902.4 98.29285362469147 81.95415644192121 144.24632714843744 0 233 2.8329 0.0 8.181805246746432 0.0 4.0 
203 10523935.7 98.29285362469147 81.94183927183605 144.24632714843744 0 233 2.8329 0.0 8.181805246746432 0.0 4.0 
204 10523969.1 98.29285362469147 81.94183927183605 144.24632714843744 0 233 2.8329 0.0 8.181805246746432 0.0 4.0 
205 10524002.4 98.29285362469147 81.94183927183605 144.24632714843744 0 233 2.8329 0.0 8.181805246746432 0.0 4.0 
206 10524035.7 98.28701701070871 81.94183927183605 144.24632714843744 0 233 2.8329 0.0 8.181805246746432 0.0 4.0 
207 10524069.1 98.28701701070871 81.93663743594247 144.24632714843744 0 233 2.8329 0.0 8.181805246746432 0.0 4.0 
208 10524102.4 98.28701701070871 81.93663743594247 144.24632714843744 0 233 2.8329 0.0 8.181805246746432 0.0 4.0 
209 10524135.7 98.28701701070871 81.93663743594247 144.24632714843744 0 233 2.8329 0.0 8.181805246746432 0.0 4.0 
210 10524169.1 98.27835535860548 81.93663743594247 144.24632714843744 0 233 2.8329 0.0 8.181805246746432 0.0 4.0 
211 10524202.4 98.27835535860548 81.93534281212744 144.24632714843744 0 233 2.8329 0.0 8.181805246746432 0.0 4.0 
212 10524235.7 98.27835535860548 81.93534281212744 144.24632714843744 0 233 2.8329 0.0 8.181805246746432 0.0 4.0 
213 10524269.1 98.27835535860548 81.93534281212744 144.24632714843744 0 233 2.8329 0.0 8.181805246746432 0.0 4.0 
214 10524302.4 98.26810519904065 81.92523590999664 144.24632714843744 0 233 2.8329 0.0 8.181805246746432 0.0 4.0 
215 10524335.7 98.26810519904065 81.92523590999664 144.24632714843744 0 233 2.8329 0.0 8.181805246746432 0.0 4.0 
216 10524369.1 98.26810519904065 81.92523590999664 144.24632714843744 0 233 2.8329 0.0 8.181805246746432 0.0 4.0 
217 10524402.4 98.26108764996901 81.91325204602231 144.24632714843744 0 233 2.8329 0.0 8.181805246746432 0.0 4.0 
218 10524435.8 98.26108764996901 81.91325204602231 144.24632714843744 0 233 2.8329 0.0 8.181805246746432 0.0 4.0 
219 10524469.1 98.26108764996901 81.91325204602231 144.24632714843744 0 233 2.8329 0.0 8.181805246746432 0.0 4.0 
220 10524502.4 98.26108764996901 81.91325204602231 144.24632714843744 0 233 2.8329 0.0 8.181805246746432 0.0 4.0 
221 10524535.8 98.25930738958029 81.91325204602231 144.24632714843744 0 233 2.8329 0.0 8.181805246746432 0.0 4.0 
222 10524569.1 98.25930738958029 81.90949927784028 144.24632714843744 0 233 2.8329 0.0 8.181805246746432 0.0 4.0 
223 10524602.4 98.25930738958029 81.90949927784028 144.24632714843744 0 233 2.8329 0.0 8.181805246746432 0.0 4.0 
224 10524635.8 98.25683674236576 81.90949927784028 144.24632714843744 0 233 2.8329 0.0 8.181805246746432 0.0 4.0 
225 10524669.1 98.25683674236576 81.89458210171576 144.24632714843744 0 233 2.8329 0.0 8.181805246746432 0.0 4.0 
226 10524702.4 98.25683674236576 81.89458210171576 144.24632714843744 0 233 2.8329 0.0 8.181805246746432 0.0 4.0 
227 10524735.8 98.25522690012424 81.88250600081106 144.24632714843744 0 233 2.8329 0.0 8.181805246746432 0.0 4.0 
228 10524769.1 98.25522690012424 81.88250600081106 144.24632714843744 0 233 2.8329 0.0 8.181805246746432 0.0 4.0 
229 10524802.5 98.25522690012424 81.88250600081106 144.24632714843744 0 233 2.8329 0.0 8.181805246746432 0.0 4.0 
230 10524835.8 98.25522690012424 81.86916970052263 144.24632714843744 0 233 2.8329 0.0 8.181805246746432 0.0 4.0 
231 10524869.1 98.25522690012424 81.86916970052263 144.24632714843744 0 233 2.8329 0.0 8.181805246746432 0.0 4.0 
232 10524902.5 98.25522690012424 81.86916970052263 144.24632714843744 0 233 2.8329 0.0 8.181805246746432 0.0 4.0 
233 10524935.8 98.2564157374649 81.86916970052263 144.24632714843744 0 233 2.8329 0.0 8.181805246746432 0.0 4.0 
234 10524969.1 98.2564157374649 81.86282606382979 144.24632714843744 0 233 2.8329 0.0 8.181805246746432 0.0 4.0 
235 10525002.5 98.2564157374649 81.86282606382979 144.24632714843744 0 233 2.8329 0.0 8.181805246746432 0.0 4.0 
236 10525035.8 98.2564157374649 81.86282606382979 144.24632714843744 0 233 2.8329 0.0 8.181805246746432 0.0 4.0 
237 10525069.1 98.26170231428036 81.86282606382979 144.24632714843744 0 233 2.8329 0.0 8.181805246746432 0.0 4.0 
238 10525102.5 98.26170231428036 81.85129948169701 144.24632714843744 0 233 2.8329 0.0 8.181805246746432 0.0 4.0 
239 10525135.8 98.26170231428036 81.85129948169701 144.24632714843744 0 233 2.8329 0.0 8.181805246746432 0.0 4.0 
240 10525169.1 98.26170231428036 81.85129948169701 144.24632714843744 0 233 2.8329 0.0 8.181805246746432 0.0 4.0 
241 10525202.5 98.27942310127428 81.85129948169701 144.24632714843744 0 233 2.8329 0.0 8.181805246746432 0.0 4.0 
242 10525235.8 98.27942310127428 81.8321179691502 144.24632714843744 0 233 2.8329 0.0 8.181805246746432 0.0 4.0 
243 10525269.2 98.27942310127428 81.8321179691502 144.24632714843744 0 233 2.8329 0.0 8.181805246746432 0.0 4.0 
244 10525302.5 98.27942310127428 81.8321179691502 144.24632714843744 0 233 2.8329 0.0 8.181805246746432 0.0 4.0 
245 10525335.8 98.29123297600366 81.8321179691502 144.24632714843744 0 233 2.8329 0.0 8.181805246746432 0.0 4.0 
246 10525369.2 98.29123297600366 81.81909461484014 144.24632714843744 0 233 2.8329 0.0 8.181805246746432 0.0 4.0 
247 10525402.5 98.29123297600366 81.81909461484014 144.24632714843744 0 233 2.8329 0.0 8.181805246746432 0.0 4.0 
248 10525435.8 98.29123297600366 81.81909461484014 144.24632714843744 0 233 2.8329 0.0 8.181805246746432 0.0 4.0 
249 10525469.2 98.30132041696805 81.81909461484014 144.24632714843744 0 233 2.8329 0.0 8.181805246746432 0.0 4.0 
250 10525502.5 98.30132041696805 81.8126203777777 144.24632714843744 0 233 2.8329 0.0 8.181805246746432 0.0 4.0 
251 10525535.8 98.30132041696805 81.8126203777777 144.24632714843744 0 233 2.8329 0.0 8.181805246746432 0.0 4.0 
252 10525569.2 98.30132041696805 81.8126203777777 144.24632714843744 0 233 2.8329 0.0 8.181805246746432 0.0 4.0 
253 10525602.5 98.31171896827647 81.80954090240526 144.24632714843744 0 233 2.8329 0.0 8.181805246746432 0.0 4.0 
254 10525635.9 98.31171896827647 81.80954090240526 144.24632714843744 0 233 2.8329 0.0 8.181805246746432 0.0 4.0 
255 10525669.2 98.31171896827647 81.80954090240526 144.24632714843744 0 233 2.8329 0.0 8.181805246746432 0.0 4.0 
256 10525702.5 98.31171896827647 81.80954090240526 144.24632714843744 0 233 2.8329 0.0 8.181805246746432 0.0 4.0 
257 10525735.9 98.33087501349954 81.80954090240526 144.24632714843744 0 233 2.8329 0.0 8.181805246746432 0.0 4.0 
258 10525769.2 98.33087501349954 81.803455953797 144.24632714843744 0 233 2.8329 0.0 8.181805246746432 0.0 4.0 
259 10525802.5 98.33087501349954 81.803455953797 144.24632714843744 0 233 2.8329 0.0 8.181805246746432 0.0 4.0 
260 10525835.9 98.33087501349954 81.803455953797 144.24632714843744 0 233 2.8329 0.0 8.181805246746432 0.0 4.0 
261 10525869.2 98.34969011887603 81.803455953797 144.24632714843744 0 233 2.8329 0.0 8.181805246746432 0.0 4.0 
262 10525902.5 98.34969011887603 81.78953775246411 144.24632714843744 0 233 2.8329 0.0 8.181805246746432 0.0 4.0 
263 10525935.9 98.34969011887603 81.78953775246411 144.24632714843744 0 233 2.8329 0.0 8.181805246746432 0.0 4.0 
264 10525969.2 98.35170842532672 81.78611272548665 144.24632714843744 0 233 2.8329 0.0 8.181805246746432 0.0 4.0 
265 10526002.5 98.35170842532672 81.78611272548665 144.24632714843744 0 233 2.8329 0.0 8.181805246746432 0.0 4.0 
266 10526035.9 98.35170842532672 81.78611272548665 144.24632714843744 0 233 2.8329 0.0 8.181805246746432 0.0 4.0 
267 10526069.2 98.35545166426718 81.78611272548665 144.24632714843744 0 233 2.8329 0.0 8.181805246746432 0.0 4.0 
268 10526102.6 98.35545166426718 81.78397152094527 144.24632714843744 0 233 2.8329 0.0 8.181805246746432 0.0 4.0 
269 10526135.9 98.35545166426718 81.78397152094527 144.24632714843744 0 233 2.8329 0.0 8.181805246746432 0.0 4.0 
270 10526169.2 98.37356835693683 81.78397152094527 144.24632714843744 0 233 2.8329 0.0 8.181805246746432 0.0 4.0 
271 10526202.6 98.37356835693683 81.78005328981425 144.24632714843744 0 233 2.8329 0.0 8.181805246746432 0.0 4.0 
272 10526235.9 98.37356835693683 81.78005328981425 144.24632714843744 0 233 2.8329 0.0 8.181805246746432 0.0 4.0 
273 10526269.2 98.37356835693683 81.78005328981425 144.24632714843744 0 233 2.8329 0.0 8.181805246746432 0.0 4.0 
274 10526302.6 98.38547099177484 81.77356365453898 144.24632714843744 0 233 2.8329 0.0 8.181805246746432 0.0 4.0 
275 10526335.9 98.38547099177484 81.77356365453898 144.24632714843744 0 233 2.8329 0.0 8.181805246746432 0.0 4.0 
276 10526369.2 98.38547099177484 81.77356365453898 144.24632714843744 0 233 2.8329 0.0 8.181805246746432 0.0 4.0 
277 10526402.6 98.38547099177484 81.77356365453898 144.24632714843744 0 233 2.8329 0.0 8.181805246746432 0.0 4.0 
278 10526435.9 98.39567641516429 81.76523182462638 144.24632714843744 0 233 2.8329 0.0 8.181805246746432 0.0 4.0 
279 10526469.3 98.39567641516429 81.76523182462638 144.24632714843744 0 233 2.8329 0.0 8.181805246746432 0.0 4.0 
280 10526502.6 98.39567641516429 81.76523182462638 144.24632714843744 0 233 2.8329 0.0 8.181805246746432 0.0 4.0 
281 10526535.9 98.39567641516429 81.76523182462638 144.24632714843744 0 233 2.8329 0.0 8.181805246746432 0.0 4.0 
282 10526569.3 98.39567641516429 81.76739530224997 144.24632714843744 0 233 2.8329 0.0 8.181805246746432 0.0 4.0 
283 10526602.6 98.39567641516429 81.76739530224997 144.24632714843744 0 233 2.8329 0.0 8.181805246746432 0.0 4.0 
284 10526635.9 98.39567641516429 81.76739530224997 144.24632714843744 0 233 2.8329 0.0 8.181805246746432 0.0 4.0 
285 10526669.3 98.40636020532038 81.7703059928158 144.24632714843744 0 233 2.8329 0.0 8.181805246746432 0.0 4.0 
286 10526702.6 98.40636020532038 81.7703059928158 144.24632714843744 0 233 2.8329 0.0 8.181805246746432 0.0 4.0 
287 10526735.9 98.40636020532038 81.7703059928158 144.24632714843744 0 233 2.8329 0.0 8.181805246746432 0.0 4.0 
288 10526769.3 98.4118243829131 81.7703059928158 144.24632714843744 0 233 2.8329 0.0 8.181805246746432 0.0 4.0 
289 10526802.6 98.4118243829131 81.7703059928158 144.24632714843744 0 233 2.8329 0.0 8.181805246746432 0.0 4.0 
290 10526835.9 98.4118243829131 81.7703059928158 144.24632714843744 0 233 2.8329 0.0 8.181805246746432 0.0 4.0 
291 10526869.3 98.41847474397296 81.7703059928158 144.24632714843744 0 233 2.8329 0.0 8.181805246746432 0.0 4.0 
292 10526902.6 98.41847474397296 81.76144385756149 144.24632714843744 0 233 2.8329 0.0 8.181805246746432 0.0 4.0 
293 10526936.0 98.41847474397296 81.76144385756149 144.24632714843744 0 233 2.8329 0.0 8.181805246746432 0.0 4.0 
294 10526969.3 98.41847474397296 81.76144385756149 144.24632714843744 0 233 2.8329 0.0 8.181805246746432 0.0 4.0 
295 10527002.6 98.4236741703995 81.76144385756149 144.24632714843744 0 233 2.8329 0.0 8.181805246746432 0.0 4.0 
296 10527036.0 98.4236741703995 81.74555589027112 144.24632714843744 0 233 2.8329 0.0 8.181805246746432 0.0 4.0 
297 10527069.3 98.4236741703995 81.74555589027112 144.24632714843744 0 233 2.8329 0.0 8.181805246746432 0.0 4.0 
298 10527102.6 98.4236741703995 81.74555589027112 144.24632714843744 0 233 2.8329 0.0 8.181805246746432 0.0 4.0 
299 10527136.0 98.43290398361111 81.74555589027112 144.24632714843744 0 233 2.8329 0.0 8.181805246746432 0.0 4.0 
300 10527169.3 98.43290398361111 81.73806800710727 144.24632714843744 0 233 2.8329 0.0 8.181805246746432 0.0 4.0 
301 10527202.6 98.43290398361111 81.73806800710727 144.24632714843744 0 233 2.8329 0.0 8.181805246746432 0.0 4.0 
302 10527236.0 98.4424076498745 81.73806800710727 144.24632714843744 0 233 2.8329 0.0 8.181805246746432 0.0 4.0 
303 10527269.3 98.4424076498745 81.72955669986645 144.24632714843744 0 233 2.8329 0.0 8.181805246746432 0.0 4.0 
304 10527302.7 98.4424076498745 81.72955669986645 144.24632714843744 0 233 2.8329 0.0 8.181805246746432 0.0 4.0 
305 10527336.0 98.4424076498745 81.72955669986645 144.24632714843744 0 233 2.8329 0.0 8.181805246746432 0.0 4.0 
306 10527369.3 98.45040784522952 81.72955669986645 144.24632714843744 0 233 2.8329 0.0 8.181805246746432 0.0 4.0 
307 10527402.7 98.45040784522952 81.71991661839431 144.24632714843744 0 233 2.8329 0.0 8.181805246746432 0.0 4.0 
308 10527436.0 98.45040784522952 81.71991661839431 144.24632714843744 0 233 2.8329 0.0 8.181805246746432 0.0 4.0 
309 10527469.3 98.45040784522952 81.71991661839431 144.24632714843744 0 233 2.8329 0.0 8.181805246746432 0.0 4.0 
310 10527502.7 98.45588688655899 81.70421004712006 144.24632714843744 0 233 2.8329 0.0 8.181805246746432 0.0 4.0 
311 10527536.0 98.45588688655899 81.70421004712006 144.24632714843744 0 233 2.8329 0.0 8.181805246746432 0.0 4.0 
312 10527569.3 98.45588688655899 81.70421004712006 144.24632714843744 0 233 2.8329 0.0 8.181805246746432 0.0 4.0 
313 10527602.7 98.45588688655899 81.70421004712006 144.24632714843744 0 233 2.8329 0.0 8.181805246746432 0.0 4.0 
314 10527636.0 98.46115515660061 81.70421004712006 144.24632714843744 0 233 2.8329 0.0 8.181805246746432 0.0 4.0 
315 10527669.3 98.46115515660061 81.69627502958414 144.24632714843744 0 233 2.8329 0.0 8.181805246746432 0.0 4.0 
316 10527702.7 98.46115515660061 81.69627502958414 144.24632714843744 0 233 2.8329 0.0 8.181805246746432 0.0 4.0 
317 10527736.0 98.46115515660061 81.69627502958414 144.24632714843744 0 233 2.8329 0.0 8.181805246746432 0.0 4.0 
318 10527769.4 98.46549149997482 81.69627502958414 144.24632714843744 0 233 2.8329 0.0 8.181805246746432 0.0 4.0 
319 10527802.7 98.46549149997482 81.68330255744428 144.24632714843744 0 233 2.8329 0.0 8.181805246746432 0.0 4.0 
320 10527836.0 98.46549149997482 81.68330255744428 144.24632714843744 0 233 2.8329 0.0 8.181805246746432 0.0 4.0 
321 10527869.4 98.46549149997482 81.68330255744428 144.24632714843744 0 233 2.8329 0.0 8.181805246746432 0.0 4.0 
322 10527902.7 98.4671773600722 81.6637805909719 144.24632714843744 0 233 2.8329 0.0 8.181805246746432 0.0 4.0 
323 10527936.0 98.4671773600722 81.6637805909719 144.24632714843744 0 233 2.8329 0.0 8.181805246746432 0.0 4.0 
324 10527969.4 98.4671773600722 81.6637805909719 144.24632714843744 0 233 2.8329 0.0 8.181805246746432 0.0 4.0 
325 10528002.7 98.4685087381263 81.64594682469532 144.24632714843744 0 233 2.8329 0.0 8.181805246746432 0.0 4.0 
326 10528036.0 98.4685087381263 81.64594682469532 144.24632714843744 0 233 2.8329 0.0 8.181805246746432 0.0 4.0 
327 10528069.4 98.4685087381263 81.64594682469532 144.24632714843744 0 233 2.8329 0.0 8.181805246746432 0.0 4.0 
328 10528102.7 98.4685087381263 81.64594682469532 144.24632714843744 0 233 2.8329 0.0 8.181805246746432 0.0 4.0 
329 10528136.1 98.4727406113153 81.64594682469532 144.24632714843744 0 233 2.8329 0.0 8.181805246746432 0.0 4.0 
330 10528169.4 98.4727406113153 81.63694511814325 144.24632714843744 0 233 2.8329 0.0 8.181805246746432 0.0 4.0 
331 10528202.7 98.4727406113153 81.63694511814325 144.24632714843744 0 233 2.8329 0.0 8.181805246746432 0.0 4.0 
332 10528236.1 98.4727406113153 81.63694511814325 144.24632714843744 0 233 2.8329 0.0 8.181805246746432 0.0 4.0 
333 10528269.4 98.4727406113153 81.62933700970271 144.24632714843744 0 233 2.8329 0.0 8.181805246746432 0.0 4.0 
334 10528302.7 98.4727406113153 81.62933700970271 144.24632714843744 0 233 2.8329 0.0 8.181805246746432 0.0 4.0 
335 10528336.1 98.46659567669583 81.62933700970271 144.24632714843744 0 233 2.8329 0.0 8.181805246746432 0.0 4.0 
336 10528369.4 98.46659567669583 81.61622822472484 144.24632714843744 0 233 2.8329 0.0 8.181805246746432 0.0 4.0 
337 10528402.7 98.46659567669583 81.61622822472484 144.24632714843744 0 233 2.8329 0.0 8.181805246746432 0.0 4.0 
338 10528436.1 98.46659567669583 81.61622822472484 144.24632714843744 0 233 2.8329 0.0 8.181805246746432 0.0 4.0 
339 10528469.4 98.45687176485977 81.61622822472484 144.24632714843744 0 233 2.8329 0.0 8.181805246746432 0.0 4.0 
340 10528502.7 98.45687176485977 81.60283741718928 144.24632714843744 0 233 2.8329 0.0 8.181805246746432 0.0 4.0 
341 10528536.1 98.45687176485977 81.60283741718928 144.24632714843744 0 233 2.8329 0.0 8.181805246746432 0.0 4.0 
342 10528569.4 98.45687176485977 81.60283741718928 144.24632714843744 0 233 2.8329 0.0 8.181805246746432 0.0 4.0 
343 10528602.8 98.45687176485977 81.58208763445975 144.24632714843744 0 233 2.8329 0.0 8.181805246746432 0.0 4.0 
344 10528636.1 98.45687176485977 81.58208763445975 144.24632714843744 0 233 2.8329 0.0 8.181805246746432 0.0 4.0 
345 10528669.4 98.45687176485977 81.58208763445975 144.24632714843744 0 233 2.8329 0.0 8.181805246746432 0.0 4.0 
346 10528702.8 98.46055870504608 81.56459211602991 144.24632714843744 0 233 2.8329 0.0 8.181805246746432 0.0 4.0 
347 10528736.1 98.46055870504608 81.56459211602991 144.24632714843744 0 233 2.8329 0.0 8.181805246746432 0.0 4.0 
348 10528769.4 98.46055870504608 81.56459211602991 144.24632714843744 0 233 2.8329 0.0 8.181805246746432 0.0 4.0 
349 10528802.8 98.46777570562831 81.55343149101378 144.24632714843744 0 233 2.8329 0.0 8.181805246746432 0.0 4.0 
350 10528836.1 98.46777570562831 81.55343149101378 144.24632714843744 0 233 2.8329 0.0 8.181805246746432 0.0 4.0 
351 10528869.4 98.46777570562831 81.55343149101378 144.24632714843744 0 233 2.8329 0.0 8.181805246746432 0.0 4.0 
352 10528902.8 98.46777570562831 81.55343149101378 144.24632714843744 0 233 2.8329 0.0 8.181805246746432 0.0 4.0 
353 10528936.1 98.46965398622628 81.55343149101378 144.24632714843744 0 233 2.8329 0.0 8.181805246746432 0.0 4.0 
354 10528969.5 98.46965398622628 81.5482060538707 144.24632714843744 0 233 2.8329 0.0 8.181805246746432 0.0 4.0 
355 10529002.8 98.46965398622628 81.5482060538707 144.24632714843744 0 233 2.8329 0.0 8.181805246746432 0.0 4.0 
356 10529036.1 98.47550783470689 81.53744572605609 144.24632714843744 0 233 2.8329 0.0 8.181805246746432 0.0 4.0 
357 10529069.5 98.47550783470689 81.53744572605609 144.24632714843744 0 233 2.8329 0.0 8.181805246746432 0.0 4.0 
358 10529102.8 98.47550783470689 81.53744572605609 144.24632714843744 0 233 2.8329 0.0 8.181805246746432 0.0 4.0 
359 10529136.1 98.47550783470689 81.53744572605609 144.24632714843744 0 233 2.8329 0.0 8.181805246746432 0.0 4.0 
360 10529169.5 98.48293825443751 81.53744572605609 144.24632714843744 0 233 2.8329 0.0 8.181805246746432 0.0 4.0 
361 10529202.8 98.48293825443751 81.53188392779255 144.24632714843744 0 233 2.8329 0.0 8.181805246746432 0.0 4.0 
362 10529236.1 98.48293825443751 81.53188392779255 144.24632714843744 0 233 2.8329 0.0 8.181805246746432 0.0 4.0 
363 10529269.5 98.48293825443751 81.53188392779255 144.24632714843744 0 233 2.8329 0.0 8.181805246746432 0.0 4.0 
364 10529302.8 98.48870286933649 81.53188392779255 144.24632714843744 0 233 2.8329 0.0 8.181805246746432 0.0 4.0 
365 10529336.1 98.48870286933649 81.52110947406139 144.24632714843744 0 233 2.8329 0.0 8.181805246746432 0.0 4.0 
366 10529369.5 98.48870286933649 81.52110947406139 144.24632714843744 0 233 2.8329 0.0 8.181805246746432 0.0 4.0 
367 10529402.8 98.48870286933649 81.52110947406139 144.24632714843744 0 233 2.8329 0.0 8.181805246746432 0.0 4.0 
368 10529436.2 98.49491737207967 81.51336528316995 144.24632714843744 0 233 2.8329 0.0 8.181805246746432 0.0 4.0 
369 10529469.5 98.49491737207967 81.51336528316995 144.24632714843744 0 233 2.8329 0.0 8.181805246746432 0.0 4.0 
370 10529502.8 98.49491737207967 81.51336528316995 144.24632714843744 0 233 2.8329 0.0 8.181805246746432 0.0 4.0 
371 10529536.2 98.49491737207967 81.51336528316995 144.24632714843744 0 233 2.8329 0.0 8.181805246746432 0.0 4.0 
372 10529569.5 98.51074188312062 81.51336528316995 144.24632714843744 0 233 2.8329 0.0 8.181805246746432 0.0 4.0 
373 10529602.8 98.51074188312062 81.50268821414191 144.24632714843744 0 233 2.8329 0.0 8.181805246746432 0.0 4.0 
374 10529636.2 98.51074188312062 81.50268821414191 144.24632714843744 0 233 2.8329 0.0 8.181805246746432 0.0 4.0 
375 10529669.5 98.51074188312062 81.50268821414191 144.24632714843744 0 233 2.8329 0.0 8.181805246746432 0.0 4.0 
376 10529702.8 98.5239493628697 81.50268821414191 144.24632714843744 0 233 2.8329 0.0 8.181805246746432 0.0 4.0 
377 10529736.2 98.5239493628697 81.48957555974891 144.24632714843744 0 233 2.8329 0.0 8.181805246746432 0.0 4.0 
378 10529769.5 98.5239493628697 81.48957555974891 144.24632714843744 0 233 2.8329 0.0 8.181805246746432 0.0 4.0 
379 10529802.9 98.5239493628697 81.48957555974891 144.24632714843744 0 233 2.8329 0.0 8.181805246746432 0.0 4.0 
380 10529836.2 98.53501630897823 81.48201277226697 144.24632714843744 0 233 2.8329 0.0 8.181805246746432 0.0 4.0 
381 10529869.5 98.53501630897823 81.48201277226697 144.24632714843744 0 233 2.8329 0.0 8.181805246746432 0.0 4.0 
382 10529902.9 98.53501630897823 81.48201277226697 144.24632714843744 0 233 2.8329 0.0 8.181805246746432 0.0 4.0 
383 10529936.2 98.53501630897823 81.48201277226697 144.24632714843744 0 233 2.8329 0.0 8.181805246746432 0.0 4.0 
384 10529969.5 98.54174727937458 81.4801554388057 144.24632714843744 0 233 2.8329 0.0 8.181805246746432 0.0 4.0 
385 10530002.9 98.54174727937458 81.4801554388057 144.24632714843744 0 233 2.8329 0.0 8.181805246746432 0.0 4.0 
386 10530036.2 98.54174727937458 81.4801554388057 144.24632714843744 0 233 2.8329 0.0 8.181805246746432 0.0 4.0 
387 10530069.5 98.5487552361264 81.4801554388057 144.24632714843744 0 233 2.8329 0.0 8.181805246746432 0.0 4.0 
388 10530102.9 98.5487552361264 81.47866685077244 144.24632714843744 0 233 2.8329 0.0 8.181805246746432 0.0 4.0 
389 10530136.2 98.5487552361264 81.47866685077244 144.24632714843744 0 233 2.8329 0.0 8.181805246746432 0.0 4.0 
390 10530169.5 98.5487552361264 81.47866685077244 144.24632714843744 0 233 2.8329 0.0 8.181805246746432 0.0 4.0 
391 10530202.9 98.56114838169417 81.47866685077244 144.24632714843744 0 233 2.8329 0.0 8.181805246746432 0.0 4.0 
392 10530236.2 98.56114838169417 81.47866685077244 144.24632714843744 0 233 2.8329 0.0 8.181805246746432 0.0 4.0 
393 10530269.6 98.5666427383826 81.47764843695634 144.24632714843744 0 233 2.8329 0.0 8.181805246746432 0.0 4.0 
394 10530302.9 98.5666427383826 81.47764843695634 144.24632714843744 0 233 2.8329 0.0 8.181805246746432 0.0 4.0 
395 10530336.2 98.5666427383826 81.47764843695634 144.24632714843744 0 233 2.8329 0.0 8.181805246746432 0.0 4.0 
396 10530369.6 98.5666427383826 81.47764843695634 144.24632714843744 0 233 2.8329 0.0 8.181805246746432 0.0 4.0 
397 10530402.9 98.58161190691594 81.47764843695634 144.24632714843744 0 233 2.8329 0.0 8.181805246746432 0.0 4.0 
398 10530436.2 98.58161190691594 81.47371249127974 144.24632714843744 0 233 2.8329 0.0 8.181805246746432 0.0 4.0 
399 10530469.6 98.58161190691594 81.47371249127974 144.24632714843744 0 233 2.8329 0.0 8.181805246746432 0.0 4.0 
400 10530502.9 98.58706237101998 81.47371249127974 144.24632714843744 0 233 2.8329 0.0 8.181805246746432 0.0 4.0 
401 10530536.2 98.58706237101998 81.47097833474717 144.24632714843744 0 233 2.8329 0.0 8.181805246746432 0.0 4.0 
402 10530569.6 98.58706237101998 81.47097833474717 144.24632714843744 0 233 2.8329 0.0 8.181805246746432 0.0 4.0 
403 10530602.9 98.59507194789393 81.47097833474717 144.24632714843744 0 233 2.8329 0.0 8.181805246746432 0.0 4.0 
404 10530636.3 98.59507194789393 81.47202866223999 144.24632714843744 0 233 2.8329 0.0 8.181805246746432 0.0 4.0 
405 10530669.6 98.59507194789393 81.47202866223999 144.24632714843744 0 233 2.8329 0.0 8.181805246746432 0.0 4.0 
406 10530702.9 98.59507194789393 81.47202866223999 144.24632714843744 0 233 2.8329 0.0 8.181805246746432 0.0 4.0 
407 10530736.3 98.60272687929549 81.476243517371 144.24632714843744 0 233 2.8329 0.0 8.181805246746432 0.0 4.0 
408 10530769.6 98.60272687929549 81.476243517371 144.24632714843744 0 233 2.8329 0.0 8.181805246746432 0.0 4.0 
409 10530802.9 98.60272687929549 81.476243517371 144.24632714843744 0 233 2.8329 0.0 8.181805246746432 0.0 4.0 
410 10530836.3 98.61792577143832 81.476243517371 144.24632714843744 0 233 2.8329 0.0 8.181805246746432 0.0 4.0 
411 10530869.6 98.61792577143832 81.48595443412532 144.24632714843744 0 233 2.8329 0.0 8.181805246746432 0.0 4.0 
412 10530902.9 98.61792577143832 81.48595443412532 144.24632714843744 0 233 2.8329 0.0 8.181805246746432 0.0 4.0 
413 10530936.3 98.63021940239756 81.48595443412532 144.24632714843744 0 233 2.8329 0.0 8.181805246746432 0.0 4.0 
414 10530969.6 98.63021940239756 81.48937968682615 144.24632714843744 0 233 2.8329 0.0 8.181805246746432 0.0 4.0 
415 10531002.9 98.63021940239756 81.48937968682615 144.24632714843744 0 233 2.8329 0.0 8.181805246746432 0.0 4.0 
416 10531036.3 98.63021940239756 81.48937968682615 144.24632714843744 0 233 2.8329 0.0 8.181805246746432 0.0 4.0 
417 10531069.6 98.63934021825112 81.48937968682615 144.24632714843744 0 233 2.8329 0.0 8.181805246746432 0.0 4.0 
418 10531103.0 98.63934021825112 81.48937968682615 144.24632714843744 0 233 2.8329 0.0 8.181805246746432 0.0 4.0 
419 10531136.3 98.6478900367666 81.48692569019057 144.24632714843744 0 233 2.8329 0.0 8.181805246746432 0.0 4.0 
420 10531169.6 98.6478900367666 81.48692569019057 144.24632714843744 0 233 2.8329 0.0 8.181805246746432 0.0 4.0 
421 10531203.0 98.6478900367666 81.48692569019057 144.24632714843744 0 233 2.8329 0.0 8.181805246746432 0.0 4.0 
422 10531236.3 98.6478900367666 81.48692569019057 144.24632714843744 0 233 2.8329 0.0 8.181805246746432 0.0 4.0 
423 10531269.6 98.65458110347055 81.48692569019057 144.24632714843744 0 233 2.8329 0.0 8.181805246746432 0.0 4.0 
424 10531303.0 98.65458110347055 81.48101288902308 144.24632714843744 0 233 2.8329 0.0 8.181805246746432 0.0 4.0 
425 10531336.3 98.65458110347055 81.48101288902308 144.24632714843744 0 233 2.8329 0.0 8.181805246746432 0.0 4.0 
426 10531369.6 98.65458110347055 81.48101288902308 144.24632714843744 0 233 2.8329 0.0 8.181805246746432 0.0 4.0 
427 10531403.0 98.66673684470192 81.47529745251543 144.24632714843744 0 233 2.8329 0.0 8.181805246746432 0.0 4.0 
428 10531436.3 98.66673684470192 81.47529745251543 144.24632714843744 0 233 2.8329 0.0 8.181805246746432 0.0 4.0 
429 10531469.7 98.66673684470192 81.47529745251543 144.24632714843744 0 233 2.8329 0.0 8.181805246746432 0.0 4.0 
430 10531503.0 98.67722164117507 81.47284172705608 144.24632714843744 0 233 2.8329 0.0 8.181805246746432 0.0 4.0 
431 10531536.3 98.67722164117507 81.47284172705608 144.24632714843744 0 233 2.8329 0.0 8.181805246746432 0.0 4.0 
432 10531569.7 98.67722164117507 81.47284172705608 144.24632714843744 0 233 2.8329 0.0 8.181805246746432 0.0 4.0 
433 10531603.0 98.67722164117507 81.47284172705608 144.24632714843744 0 233 2.8329 0.0 8.181805246746432 0.0 4.0 
434 10531636.3 98.68835151536379 81.47284172705608 144.24632714843744 0 233 2.8329 0.0 8.181805246746432 0.0 4.0 
435 10531669.7 98.68835151536379 81.46715451465401 144.24632714843744 0 233 2.8329 0.0 8.181805246746432 0.0 4.0 
436 10531703.0 98.68835151536379 81.46715451465401 144.24632714843744 0 233 2.8329 0.0 8.181805246746432 0.0 4.0 
437 10531736.3 98.70248805785175 81.46715451465401 144.24632714843744 0 233 2.8329 0.0 8.181805246746432 0.0 4.0 
438 10531769.7 98.70248805785175 81.45735416021844 144.24632714843744 0 233 2.8329 0.0 8.181805246746432 0.0 4.0 
439 10531803.0 98.70248805785175 81.45735416021844 144.24632714843744 0 233 2.8329 0.0 8.181805246746432 0.0 4.0 
440 10531836.3 98.70248805785175 81.45735416021844 144.24632714843744 0 233 2.8329 0.0 8.181805246746432 0.0 4.0 
441 10531869.7 98.70834342041687 81.45340046400804 144.24632714843744 0 233 2.8329 0.0 8.181805246746432 0.0 4.0 
442 10531903.0 98.70834342041687 81.45340046400804 144.24632714843744 0 233 2.8329 0.0 8.181805246746432 0.0 4.0 
443 10531936.4 98.70834342041687 81.45340046400804 144.24632714843744 0 233 2.8329 0.0 8.181805246746432 0.0 4.0 
444 10531969.7 98.70834342041687 81.45340046400804 144.24632714843744 0 233 2.8329 0.0 8.181805246746432 0.0 4.0 
445 10532003.0 98.7189096484199 81.45340046400804 144.24632714843744 0 233 2.8329 0.0 8.181805246746432 0.0 4.0 
446 10532036.4 98.7189096484199 81.445621583406 144.24632714843744 0 233 2.8329 0.0 8.181805246746432 0.0 4.0 
447 10532069.7 98.7189096484199 81.445621583406 144.24632714843744 0 233 2.8329 0.0 8.181805246746432 0.0 4.0 
448 10532103.0 98.7189096484199 81.445621583406 144.24632714843744 0 233 2.8329 0.0 8.181805246746432 0.0 4.0 
449 10532136.4 98.72499694002714 81.445621583406 144.24632714843744 0 233 2.8329 0.0 8.181805246746432 0.0 4.0 
450 10532169.7 98.72499694002714 81.43794107846331 144.24632714843744 0 233 2.8329 0.0 8.181805246746432 0.0 4.0 
451 10532203.0 98.72499694002714 81.43794107846331 144.24632714843744 0 233 2.8329 0.0 8.181805246746432 0.0 4.0 
452 10532236.4 98.72499694002714 81.43794107846331 144.24632714843744 0 233 2.8329 0.0 8.181805246746432 0.0 4.0 
453 10532269.7 98.73209678050408 81.4210425598963 144.24632714843744 0 233 2.8329 0.0 8.181805246746432 0.0 4.0 
454 10532303.1 98.73209678050408 81.4210425598963 144.24632714843744 0 233 2.8329 0.0 8.181805246746432 0.0 4.0 
455 10532336.4 98.73209678050408 81.4210425598963 144.24632714843744 0 233 2.8329 0.0 8.181805246746432 0.0 4.0 
456 10532369.7 98.73209678050408 81.4210425598963 144.24632714843744 0 233 2.8329 0.0 8.181805246746432 0.0 4.0 
457 10532403.1 98.73474235518133 81.4210425598963 144.24632714843744 0 233 2.8329 0.0 8.181805246746432 0.0 4.0 
458 10532436.4 98.73474235518133 81.40246795312504 144.24632714843744 0 233 2.8329 0.0 8.181805246746432 0.0 4.0 
459 10532469.7 98.73474235518133 81.40246795312504 144.24632714843744 0 233 2.8329 0.0 8.181805246746432 0.0 4.0 
460 10532503.1 98.73672629131916 81.40246795312504 144.24632714843744 0 233 2.8329 0.0 8.181805246746432 0.0 4.0 
461 10532536.4 98.73672629131916 81.39146351874449 144.24632714843744 0 233 2.8329 0.0 8.181805246746432 0.0 4.0 
462 10532569.7 98.73642285156245 81.39112499999996 144.19833007812494 0 233 2.8329 0.0 8.181805246746432 0.0 4.0 
463 10532603.1 98.73642285156245 81.39112499999996 144.19833007812494 0 233 2.8329 0.0 8.181805246746432 0.0 4.0 
464 10532636.4 98.74643179064964 81.39112499999996 144.19833007812494 0 233 2.8329 0.0 8.181805246746432 0.0 4.0 
465 10532669.7 98.74643179064964 81.38001131598648 144.19833007812494 0 233 2.8329 0.0 8.181805246746432 0.0 4.0 
466 10532703.1 98.74643179064964 81.38001131598648 144.19833007812494 0 233 2.8329 0.0 8.181805246746432 0.0 4.0 
467 10532736.4 98.74414461282711 81.38001131598648 144.19833007812494 0 233 2.8329 0.0 8.181805246746432 0.0 4.0 
468 10532769.8 98.74414461282711 81.37868962946777 144.19833007812494 0 233 2.8329 0.0 8.181805246746432 0.0 4.0 
469 10532803.1 98.74414461282711 81.37868962946777 144.19833007812494 0 233 2.8329 0.0 8.181805246746432 0.0 4.0 
470 10532836.4 98.74414461282711 81.37193784781822 144.19833007812494 0 233 2.8329 0.0 8.181805246746432 0.0 4.0 
471 10532869.8 98.74414461282711 81.37193784781822 144.19833007812494 0 233 2.8329 0.0 8.181805246746432 0.0 4.0 
472 10532903.1 98.74414461282711 81.37193784781822 144.19833007812494 0 233 2.8329 0.0 8.181805246746432 0.0 4.0 
473 10532936.4 98.74788188607846 81.36654587910371 144.19833007812494 0 233 2.8329 0.0 8.181805246746432 0.0 4.0 
474 10532969.8 98.74788188607846 81.36654587910371 144.19833007812494 0 233 2.8329 0.0 8.181805246746432 0.0 4.0 
475 10533003.1 98.74788188607846 81.36654587910371 144.19833007812494 0 233 2.8329 0.0 8.181805246746432 0.0 4.0 
476 10533036.4 98.74788188607846 81.36654587910371 144.19833007812494 0 233 2.8329 0.0 8.181805246746432 0.0 4.0 
477 10533069.8 98.74795703124994 81.3521313272195 144.22474707031245 0 233 2.8329 0.0 8.181805246746432 0.0 4.0 
478 10533103.1 98.74795703124994 81.3521313272195 144.22474707031245 0 233 2.8329 0.0 8.181805246746432 0.0 4.0 
479 10533136.5 98.74795703124994 81.3521313272195 144.22474707031245 0 233 2.8329 0.0 8.181805246746432 0.0 4.0 
480 10533169.8 98.76023535156244 81.35218164062495 144.27013964843744 0 233 2.8329 0.0 8.181805246746432 0.0 4.0 
481 10533203.1 98.76023535156244 81.34194052240198 144.27013964843744 0 233 2.8329 0.0 8.181805246746432 0.0 4.0 
482 10533236.5 98.76023535156244 81.34194052240198 144.27013964843744 0 233 2.8329 0.0 8.181805246746432 0.0 4.0 
483 10533269.8 98.76023535156244 81.33272889746176 144.27013964843744 0 233 2.8329 0.0 8.181805246746432 0.0 4.0 
484 10533303.1 98.76023535156244 81.33272889746176 144.27013964843744 0 233 2.8329 0.0 8.181805246746432 0.0 4.0 
485 10533336.5 98.76023535156244 81.33272889746176 144.27013964843744 0 233 2.8329 0.0 8.181805246746432 0.0 4.0 
486 10533369.8 98.76023535156244 81.33272889746176 144.27013964843744 0 233 2.8329 0.0 8.181805246746432 0.0 4.0 
487 10533403.1 98.7587175028211 81.33272889746176 144.27013964843744 0 233 2.8329 0.0 8.181805246746432 0.0 4.0 
488 10533436.5 98.7587175028211 81.33155958197551 144.27013964843744 0 233 2.8329 0.0 8.181805246746432 0.0 4.0 
489 10533469.8 98.7587175028211 81.33155958197551 144.27013964843744 0 233 2.8329 0.0 8.181805246746432 0.0 4.0 
490 10533503.1 98.75427652380154 81.3278845311709 144.27013964843744 0 233 2.8329 0.0 8.181805246746432 0.0 4.0 
491 10533536.5 98.75427652380154 81.3278845311709 144.27013964843744 0 233 2.8329 0.0 8.181805246746432 0.0 4.0 
492 10533569.8 98.75427652380154 81.3278845311709 144.27013964843744 0 233 2.8329 0.0 8.181805246746432 0.0 4.0 
493 10533603.2 98.75427652380154 81.3278845311709 144.27013964843744 0 233 2.8329 0.0 8.181805246746432 0.0 4.0 
494 10533636.5 98.7479424404716 81.3278845311709 144.27013964843744 0 233 2.8329 0.0 8.181805246746432 0.0 4.0 
495 10533669.8 98.7479424404716 81.32071246865212 144.27013964843744 0 233 2.8329 0.0 8.181805246746432 0.0 4.0 
496 10533703.2 98.74907324218745 81.32191992187495 144.3330195312499 0 233 2.8329 0.0 8.181805246746432 0.0 4.0 
497 10533736.5 98.7515443397909 81.3073295885551 144.3330195312499 0 233 2.8329 0.0 8.181805246746432 0.0 4.0 
498 10533769.8 98.7515443397909 81.3073295885551 144.3330195312499 0 233 2.8329 0.0 8.181805246746432 0.0 4.0 
499 10533803.2 98.7515443397909 81.3073295885551 144.3330195312499 0 233 2.8329 0.0 8.181805246746432 0.0 4.0 
500 10533836.5 98.7515443397909 81.3073295885551 144.3330195312499 0 233 2.8329 0.0 8.181805246746432 0.0 4.0 
501 10533869.8 98.76246614584548 81.3073295885551 144.3330195312499 0 233 2.8329 0.0 8.181805246746432 0.0 4.0 
502 10533903.2 98.76246614584548 81.29826218952701 144.3330195312499 0 233 2.8329 0.0 8.181805246746432 0.0 4.0 
503 10533936.5 98.76246614584548 81.29826218952701 144.3330195312499 0 233 2.8329 0.0 8.181805246746432 0.0 4.0 
504 10533969.9 98.7764404180825 81.29826218952701 144.3330195312499 0 233 2.8329 0.0 8.181805246746432 0.0 4.0 
505 10534003.2 98.7764404180825 81.2920524965428 144.3330195312499 0 233 2.8329 0.0 8.181805246746432 0.0 4.0 
506 10534036.5 98.7764404180825 81.2920524965428 144.3330195312499 0 233 2.8329 0.0 8.181805246746432 0.0 4.0 
507 10534069.9 98.7764404180825 81.2920524965428 144.3330195312499 0 233 2.8329 0.0 8.181805246746432 0.0 4.0 
508 10534103.2 98.78418961409237 81.28425922209719 144.3330195312499 0 233 2.8329 0.0 8.181805246746432 0.0 4.0 
509 10534136.5 98.78418961409237 81.28425922209719 144.3330195312499 0 233 2.8329 0.0 8.181805246746432 0.0 4.0 
510 10534169.9 98.78418961409237 81.28425922209719 144.3330195312499 0 233 2.8329 0.0 8.181805246746432 0.0 4.0 
511 10534203.2 98.78418961409237 81.28425922209719 144.3330195312499 0 233 2.8329 0.0 8.181805246746432 0.0 4.0 
512 10534236.5 98.78735407658182 81.28047594760346 144.3330195312499 0 233 2.8329 0.0 8.181805246746432 0.0 4.0 
513 10534269.9 98.78735407658182 81.28047594760346 144.3330195312499 0 233 2.8329 0.0 8.181805246746432 0.0 4.0 
514 10534303.2 98.78735407658182 81.28047594760346 144.3330195312499 0 233 2.8329 0.0 8.181805246746432 0.0 4.0 
515 10534336.5 98.79418532842193 81.28047594760346 144.3330195312499 0 233 2.8329 0.0 8.181805246746432 0.0 4.0 
516 10534369.9 98.79418532842193 81.27379828837951 144.3330195312499 0 233 2.8329 0.0 8.181805246746432 0.0 4.0 
517 10534403.2 98.79418532842193 81.27379828837951 144.3330195312499 0 233 2.8329 0.0 8.181805246746432 0.0 4.0 
518 10534436.6 98.79418532842193 81.27379828837951 144.3330195312499 0 233 2.8329 0.0 8.181805246746432 0.0 4.0 
519 10534469.9 98.80784605098222 81.27379828837951 144.3330195312499 0 233 2.8329 0.0 8.181805246746432 0.0 4.0 
520 10534503.2 98.80784605098222 81.2673548511966 144.3330195312499 0 233 2.8329 0.0 8.181805246746432 0.0 4.0 
521 10534536.6 98.80784605098222 81.2673548511966 144.3330195312499 0 233 2.8329 0.0 8.181805246746432 0.0 4.0 
522 10534569.9 98.80784605098222 81.2673548511966 144.3330195312499 0 233 2.8329 0.0 8.181805246746432 0.0 4.0 
523 10534603.2 98.82165497783447 81.25866121728995 144.3330195312499 0 233 2.8329 0.0 8.181805246746432 0.0 4.0 
524 10534636.6 98.82165497783447 81.25866121728995 144.3330195312499 0 233 2.8329 0.0 8.181805246746432 0.0 4.0 
525 10534669.9 98.82165497783447 81.25866121728995 144.3330195312499 0 233 2.8329 0.0 8.181805246746432 0.0 4.0 
526 10534703.2 98.82165497783447 81.25866121728995 144.3330195312499 0 233 2.8329 0.0 8.181805246746432 0.0 4.0 
527 10534736.6 98.82165497783447 81.25866121728995 144.3330195312499 0 233 2.8329 0.0 8.181805246746432 0.0 4.0 
528 10534769.9 98.82165497783447 81.25866121728995 144.3330195312499 0 233 2.8329 0.0 8.181805246746432 0.0 4.0 
529 10534803.3 98.82670480622589 81.25866121728995 144.3330195312499 0 233 2.8329 0.0 8.181805246746432 0.0 4.0 
530 10534836.6 98.82670480622589 81.25866121728995 144.3330195312499 0 233 2.8329 0.0 8.181805246746432 0.0 4.0 
531 10534869.9 98.82670480622589 81.25866121728995 144.3330195312499 0 233 2.8329 0.0 8.181805246746432 0.0 4.0 
532 10534903.3 98.83392029591262 81.25758774865886 144.3330195312499 0 233 2.8329 0.0 8.181805246746432 0.0 4.0 
533 10534936.6 98.83392029591262 81.25758774865886 144.3330195312499 0 233 2.8329 0.0 8.181805246746432 0.0 4.0 
534 10534969.9 98.83392029591262 81.25758774865886 144.3330195312499 0 233 2.8329 0.0 8.181805246746432 0.0 4.0 
535 10535003.3 98.83392029591262 81.25758774865886 144.3330195312499 0 233 2.8329 0.0 8.181805246746432 0.0 4.0 
536 10535036.6 98.83516517252204 81.25758774865886 144.3330195312499 0 233 2.8329 0.0 8.181805246746432 0.0 4.0 
537 10535069.9 98.83516517252204 81.25278498737943 144.3330195312499 0 233 2.8329 0.0 8.181805246746432 0.0 4.0 
538 10535103.3 98.83516517252204 81.25278498737943 144.3330195312499 0 233 2.8329 0.0 8.181805246746432 0.0 4.0 
539 10535136.6 98.83516517252204 81.25278498737943 144.3330195312499 0 233 2.8329 0.0 8.181805246746432 0.0 4.0 
540 10535169.9 98.8440821248512 81.25278498737943 144.3330195312499 0 233 2.8329 0.0 8.181805246746432 0.0 4.0 
541 10535203.3 98.8440821248512 81.24213444551522 144.3330195312499 0 233 2.8329 0.0 8.181805246746432 0.0 4.0 
542 10535236.6 98.8440821248512 81.24213444551522 144.3330195312499 0 233 2.8329 0.0 8.181805246746432 0.0 4.0 
543 10535270.0 98.8440821248512 81.24213444551522 144.3330195312499 0 233 2.8329 0.0 8.181805246746432 0.0 4.0 
544 10535303.3 98.84834376489032 81.24213444551522 144.3330195312499 0 233 2.8329 0.0 8.181805246746432 0.0 4.0 
545 10535336.6 98.84834376489032 81.24213444551522 144.3330195312499 0 233 2.8329 0.0 8.181805246746432 0.0 4.0 
546 10535370.0 98.84834376489032 81.24213444551522 144.3330195312499 0 233 2.8329 0.0 8.181805246746432 0.0 4.0 
547 10535403.3 98.8530737904167 81.24213444551522 144.3330195312499 0 233 2.8329 0.0 8.181805246746432 0.0 4.0 
548 10535436.6 98.8530737904167 81.24644357651012 144.3330195312499 0 233 2.8329 0.0 8.181805246746432 0.0 4.0 
549 10535470.0 98.8530737904167 81.24644357651012 144.3330195312499 0 233 2.8329 0.0 8.181805246746432 0.0 4.0 
550 10535503.3 98.8530737904167 81.24644357651012 144.3330195312499 0 233 2.8329 0.0 8.181805246746432 0.0 4.0 
551 10535536.6 98.86961574537273 81.24644357651012 144.3330195312499 0 233 2.8329 0.0 8.181805246746432 0.0 4.0 
552 10535570.0 98.86961574537273 81.25654698443861 144.3330195312499 0 233 2.8329 0.0 8.181805246746432 0.0 4.0 
553 10535603.3 98.86961574537273 81.25654698443861 144.3330195312499 0 233 2.8329 0.0 8.181805246746432 0.0 4.0 
554 10535636.7 98.88691451627693 81.25654698443861 144.3330195312499 0 233 2.8329 0.0 8.181805246746432 0.0 4.0 
555 10535670.0 98.88691451627693 81.26179274757193 144.3330195312499 0 233 2.8329 0.0 8.181805246746432 0.0 4.0 
556 10535703.3 98.88691451627693 81.26179274757193 144.3330195312499 0 233 2.8329 0.0 8.181805246746432 0.0 4.0 
557 10535736.7 98.88691451627693 81.26179274757193 144.3330195312499 0 233 2.8329 0.0 8.181805246746432 0.0 4.0 
558 10535770.0 98.89735566753657 81.26179274757193 144.3330195312499 0 233 2.8329 0.0 8.181805246746432 0.0 4.0 
559 10535803.3 98.89735566753657 81.25960330122341 144.3330195312499 0 233 2.8329 0.0 8.181805246746432 0.0 4.0 
560 10535836.7 98.89735566753657 81.25960330122341 144.3330195312499 0 233 2.8329 0.0 8.181805246746432 0.0 4.0 
561 10535870.0 98.89735566753657 81.25960330122341 144.3330195312499 0 233 2.8329 0.0 8.181805246746432 0.0 4.0 
562 10535903.3 98.89875826294572 81.25960330122341 144.3330195312499 0 233 2.8329 0.0 8.181805246746432 0.0 4.0 
563 10535936.7 98.89875826294572 81.25745890214952 144.3330195312499 0 233 2.8329 0.0 8.181805246746432 0.0 4.0 
564 10535970.0 98.89875826294572 81.25745890214952 144.3330195312499 0 233 2.8329 0.0 8.181805246746432 0.0 4.0 
565 10536003.3 98.89875826294572 81.25745890214952 144.3330195312499 0 233 2.8329 0.0 8.181805246746432 0.0 4.0 
566 10536036.7 98.89875826294572 81.25745890214952 144.3330195312499 0 233 2.8329 0.0 8.181805246746432 0.0 4.0 
567 10536070.0 98.89875826294572 81.25745890214952 144.3330195312499 0 233 2.8329 0.0 8.181805246746432 0.0 4.0 
568 10536103.4 98.90196501276799 81.26117632007063 144.3330195312499 0 233 2.8329 0.0 8.181805246746432 0.0 4.0 
569 10536136.7 98.90196501276799 81.26117632007063 144.3330195312499 0 233 2.8329 0.0 8.181805246746432 0.0 4.0 
570 10536170.0 98.90196501276799 81.26117632007063 144.3330195312499 0 233 2.8329 0.0 8.181805246746432 0.0 4.0 
571 10536203.4 98.90196501276799 81.26117632007063 144.3330195312499 0 233 2.8329 0.0 8.181805246746432 0.0 4.0 
572 10536236.7 98.90788587020283 81.26117632007063 144.3330195312499 0 233 2.8329 0.0 8.181805246746432 0.0 4.0 
573 10536270.0 98.90788587020283 81.2692428796064 144.3330195312499 0 233 2.8329 0.0 8.181805246746432 0.0 4.0 
574 10536303.4 98.90788587020283 81.2692428796064 144.3330195312499 0 233 2.8329 0.0 8.181805246746432 0.0 4.0 
575 10536336.7 98.90788587020283 81.2692428796064 144.3330195312499 0 233 2.8329 0.0 8.181805246746432 0.0 4.0 
576 10536370.0 98.9182824479657 81.2692428796064 144.3330195312499 0 233 2.8329 0.0 8.181805246746432 0.0 4.0 
577 10536403.4 98.9182824479657 81.27186371878467 144.3330195312499 0 233 2.8329 0.0 8.181805246746432 0.0 4.0 
578 10536436.7 98.9182824479657 81.27186371878467 144.3330195312499 0 233 2.8329 0.0 8.181805246746432 0.0 4.0 
579 10536470.1 98.92328975075611 81.27186371878467 144.3330195312499 0 233 2.8329 0.0 8.181805246746432 0.0 4.0 
580 10536503.4 98.92328975075611 81.27186371878467 144.3330195312499 0 233 2.8329 0.0 8.181805246746432 0.0 4.0 
581 10536536.7 98.927260669127 81.2744050712892 144.3330195312499 0 233 2.8329 0.0 8.181805246746432 0.0 4.0 
582 10536570.1 98.927260669127 81.2744050712892 144.3330195312499 0 233 2.8329 0.0 8.181805246746432 0.0 4.0 
583 10536603.4 98.927260669127 81.2744050712892 144.3330195312499 0 233 2.8329 0.0 8.181805246746432 0.0 4.0 
584 10536636.7 98.927260669127 81.2744050712892 144.3330195312499 0 233 2.8329 0.0 8.181805246746432 0.0 4.0 
585 10536670.1 98.93131357823684 81.2744050712892 144.3330195312499 0 233 2.8329 0.0 8.181805246746432 0.0 4.0 
586 10536703.4 98.93131357823684 81.28206998422868 144.3330195312499 0 233 2.8329 0.0 8.181805246746432 0.0 4.0 
587 10536736.7 98.93131357823684 81.28206998422868 144.3330195312499 0 233 2.8329 0.0 8.181805246746432 0.0 4.0 
588 10536770.1 98.93904907003515 81.28206998422868 144.3330195312499 0 233 2.8329 0.0 8.181805246746432 0.0 4.0 
589 10536803.4 98.93904907003515 81.29193379232017 144.3330195312499 0 233 2.8329 0.0 8.181805246746432 0.0 4.0 
590 10536836.7 98.93904907003515 81.29193379232017 144.3330195312499 0 233 2.8329 0.0 8.181805246746432 0.0 4.0 
591 10536870.1 98.93904907003515 81.29193379232017 144.3330195312499 0 233 2.8329 0.0 8.181805246746432 0.0 4.0 
592 10536903.4 98.94619297977366 81.29702653587356 144.3330195312499 0 233 2.8329 0.0 8.181805246746432 0.0 4.0 
593 10536936.8 98.94619297977366 81.29702653587356 144.3330195312499 0 233 2.8329 0.0 8.181805246746432 0.0 4.0 
594 10536970.1 98.94619297977366 81.29702653587356 144.3330195312499 0 233 2.8329 0.0 8.181805246746432 0.0 4.0 
595 10537003.4 98.95839227311735 81.2944179208085 144.3330195312499 0 233 2.8329 0.0 8.181805246746432 0.0 4.0 
596 10537036.8 98.95839227311735 81.2944179208085 144.3330195312499 0 233 2.8329 0.0 8.181805246746432 0.0 4.0 
597 10537070.1 98.95839227311735 81.2944179208085 144.3330195312499 0 233 2.8329 0.0 8.181805246746432 0.0 4.0 
598 10537103.4 98.96357585305267 81.2944179208085 144.3330195312499 0 233 2.8329 0.0 8.181805246746432 0.0 4.0 
599 10537136.8 98.96357585305267 81.29085622984364 144.3330195312499 0 233 2.8329 0.0 8.181805246746432 0.0 4.0 
600 10537170.1 98.96357585305267 81.29085622984364 144.3330195312499 0 233 2.8329 0.0 8.181805246746432 0.0 4.0 
601 10537203.4 98.96357585305267 81.29085622984364 144.3330195312499 0 233 2.8329 0.0 8.181805246746432 0.0 4.0 
602 10537236.8 98.96769361205563 81.29085622984364 144.3330195312499 0 233 2.8329 0.0 8.181805246746432 0.0 4.0 
603 10537270.1 98.96769361205563 81.29085622984364 144.3330195312499 0 233 2.8329 0.0 8.181805246746432 0.0 4.0 
604 10537303.5 98.96769361205563 81.29085622984364 144.3330195312499 0 233 2.8329 0.0 8.181805246746432 0.0 4.0 
605 10537336.8 98.97251788732068 81.29411087996472 144.3330195312499 0 233 2.8329 0.0 8.181805246746432 0.0 4.0 
606 10537370.1 98.97251788732068 81.29411087996472 144.3330195312499 0 233 2.8329 0.0 8.181805246746432 0.0 4.0 
607 10537403.5 98.97251788732068 81.29411087996472 144.3330195312499 0 233 2.8329 0.0 8.181805246746432 0.0 4.0 
608 10537436.8 98.97251788732068 81.29411087996472 144.3330195312499 0 233 2.8329 0.0 8.181805246746432 0.0 4.0 
609 10537470.1 98.99047329467777 81.29411087996472 144.3330195312499 0 233 2.8329 0.0 8.181805246746432 0.0 4.0 
610 10537503.5 98.99047329467777 81.29546757061001 144.3330195312499 0 233 2.8329 0.0 8.181805246746432 0.0 4.0 
611 10537536.8 98.99047329467777 81.29546757061001 144.3330195312499 0 233 2.8329 0.0 8.181805246746432 0.0 4.0 
612 10537570.1 98.99047329467777 81.29546757061001 144.3330195312499 0 233 2.8329 0.0 8.181805246746432 0.0 4.0 
613 10537603.5 98.99047329467777 81.29353285713748 144.3330195312499 0 233 2.8329 0.0 8.181805246746432 0.0 4.0 
614 10537636.8 98.99047329467777 81.29353285713748 144.3330195312499 0 233 2.8329 0.0 8.181805246746432 0.0 4.0 
615 10537670.1 98.99047329467777 81.29353285713748 144.3330195312499 0 233 2.8329 0.0 8.181805246746432 0.0 4.0 
616 10537703.5 99.0003287056312 81.29353285713748 144.3330195312499 0 233 2.8329 0.0 8.181805246746432 0.0 4.0 
617 10537736.8 99.0003287056312 81.29353285713748 144.3330195312499 0 233 2.8329 0.0 8.181805246746432 0.0 4.0 
618 10537770.2 99.00213548495942 81.29589992704103 144.3330195312499 0 233 2.8329 0.0 8.181805246746432 0.0 4.0 
619 10537803.5 99.00213548495942 81.29589992704103 144.3330195312499 0 233 2.8329 0.0 8.181805246746432 0.0 4.0 
620 10537836.8 99.00433453586386 81.29589992704103 144.3330195312499 0 233 2.8329 0.0 8.181805246746432 0.0 4.0 
621 10537870.2 99.00433453586386 81.29817372944922 144.3330195312499 0 233 2.8329 0.0 8.181805246746432 0.0 4.0 
622 10537903.5 99.00433453586386 81.29817372944922 144.3330195312499 0 233 2.8329 0.0 8.181805246746432 0.0 4.0 
623 10537936.8 99.00433453586386 81.29817372944922 144.3330195312499 0 233 2.8329 0.0 8.181805246746432 0.0 4.0 
624 10537970.2 99.00433453586386 81.29817372944922 144.3330195312499 0 233 2.8329 0.0 8.181805246746432 0.0 4.0 
625 10538003.5 99.00858672287734 81.29817372944922 144.3330195312499 0 233 2.8329 0.0 8.181805246746432 0.0 4.0 
626 10538036.8 99.00858672287734 81.2964281478491 144.3330195312499 0 233 2.8329 0.0 8.181805246746432 0.0 4.0 
627 10538070.2 99.00858672287734 81.2964281478491 144.3330195312499 0 233 2.8329 0.0 8.181805246746432 0.0 4.0 
628 10538103.5 99.0156332484826 81.29316584109777 144.3330195312499 0 233 2.8329 0.0 8.181805246746432 0.0 4.0 
629 10538136.9 99.0156332484826 81.29316584109777 144.3330195312499 0 233 2.8329 0.0 8.181805246746432 0.0 4.0 
630 10538170.2 99.0156332484826 81.29316584109777 144.3330195312499 0 233 2.8329 0.0 8.181805246746432 0.0 4.0 
631 10538203.5 99.02572240950902 81.28567213518018 144.3330195312499 0 233 2.8329 0.0 8.181805246746432 0.0 4.0 
632 10538236.9 99.02572240950902 81.28567213518018 144.3330195312499 0 233 2.8329 0.0 8.181805246746432 0.0 4.0 
633 10538270.2 99.02572240950902 81.28567213518018 144.3330195312499 0 233 2.8329 0.0 8.181805246746432 0.0 4.0 
634 10538303.5 99.02709118736085 81.28567213518018 144.3330195312499 0 233 2.8329 0.0 8.181805246746432 0.0 4.0 
635 10538336.9 99.02709118736085 81.28426102550723 144.3330195312499 0 233 2.8329 0.0 8.181805246746432 0.0 4.0 
636 10538370.2 99.02709118736085 81.28426102550723 144.3330195312499 0 233 2.8329 0.0 8.181805246746432 0.0 4.0 
637 10538403.5 99.02561320607397 81.28426102550723 144.3330195312499 0 233 2.8329 0.0 8.181805246746432 0.0 4.0 
638 10538436.9 99.02561320607397 81.28635064119912 144.3330195312499 0 233 2.8329 0.0 8.181805246746432 0.0 4.0 
639 10538470.2 99.02561320607397 81.28635064119912 144.3330195312499 0 233 2.8329 0.0 8.181805246746432 0.0 4.0 
640 10538503.5 99.02278684687374 81.28951426448675 144.3330195312499 0 233 2.8329 0.0 8.181805246746432 0.0 4.0 
641 10538536.9 99.02278684687374 81.28951426448675 144.3330195312499 0 233 2.8329 0.0 8.181805246746432 0.0 4.0 
642 10538570.2 99.02278684687374 81.28951426448675 144.3330195312499 0 233 2.8329 0.0 8.181805246746432 0.0 4.0 
643 10538603.6 99.02436037318432 81.28951426448675 144.3330195312499 0 233 2.8329 0.0 8.181805246746432 0.0 4.0 
644 10538636.9 99.02436037318432 81.28951426448675 144.3330195312499 0 233 2.8329 0.0 8.181805246746432 0.0 4.0 
645 10538670.2 99.03338688863046 81.28951426448675 144.3330195312499 0 233 2.8329 0.0 8.181805246746432 0.0 4.0 
646 10538703.6 99.03338688863046 81.28505226612653 144.3330195312499 0 233 2.8329 0.0 8.181805246746432 0.0 4.0 
647 10538736.9 99.03338688863046 81.28505226612653 144.3330195312499 0 233 2.8329 0.0 8.181805246746432 0.0 4.0 
648 10538770.2 99.05057200406362 81.28505226612653 144.3330195312499 0 233 2.8329 0.0 8.181805246746432 0.0 4.0 
649 10538803.6 99.05057200406362 81.26869650256853 144.3330195312499 0 233 2.8329 0.0 8.181805246746432 0.0 4.0 
650 10538836.9 99.05057200406362 81.26869650256853 144.3330195312499 0 233 2.8329 0.0 8.181805246746432 0.0 4.0 
651 10538870.2 99.05057200406362 81.26869650256853 144.3330195312499 0 233 2.8329 0.0 8.181805246746432 0.0 4.0 
652 10538903.6 99.05057200406362 81.25932590478737 144.3330195312499 0 233 2.8329 0.0 8.181805246746432 0.0 4.0 
653 10538936.9 99.05057200406362 81.25932590478737 144.3330195312499 0 233 2.8329 0.0 8.181805246746432 0.0 4.0 
654 10538970.3 99.05057200406362 81.25932590478737 144.3330195312499 0 233 2.8329 0.0 8.181805246746432 0.0 4.0 
655 10539003.6 99.05057200406362 81.25932590478737 144.3330195312499 0 233 2.8329 0.0 8.181805246746432 0.0 4.0 
656 10539036.9 99.06485505054624 81.25932590478737 144.3330195312499 0 233 2.8329 0.0 8.181805246746432 0.0 4.0 
657 10539070.3 99.06485505054624 81.24805616437271 144.3330195312499 0 233 2.8329 0.0 8.181805246746432 0.0 4.0 
658 10539103.6 99.06485505054624 81.24805616437271 144.3330195312499 0 233 2.8329 0.0 8.181805246746432 0.0 4.0 
659 10539136.9 99.06485505054624 81.24805616437271 144.3330195312499 0 233 2.8329 0.0 8.181805246746432 0.0 4.0 
660 10539170.3 99.07609673477775 81.24805616437271 144.3330195312499 0 233 2.8329 0.0 8.181805246746432 0.0 4.0 
661 10539203.6 99.07609673477775 81.24110473014004 144.3330195312499 0 233 2.8329 0.0 8.181805246746432 0.0 4.0 
662 10539236.9 99.07609673477775 81.24110473014004 144.3330195312499 0 233 2.8329 0.0 8.181805246746432 0.0 4.0 
663 10539270.3 99.07903779434183 81.2380561978514 144.3330195312499 0 233 2.8329 0.0 8.181805246746432 0.0 4.0 
664 10539303.6 99.07903779434183 81.2380561978514 144.3330195312499 0 233 2.8329 0.0 8.181805246746432 0.0 4.0 
665 10539336.9 99.07903779434183 81.2380561978514 144.3330195312499 0 233 2.8329 0.0 8.181805246746432 0.0 4.0 
666 10539370.3 99.07903779434183 81.23532549377886 144.3330195312499 0 233 2.8329 0.0 8.181805246746432 0.0 4.0 
667 10539403.6 99.07903779434183 81.23532549377886 144.3330195312499 0 233 2.8329 0.0 8.181805246746432 0.0 4.0 
668 10539437.0 99.07903779434183 81.23532549377886 144.3330195312499 0 233 2.8329 0.0 8.181805246746432 0.0 4.0 
669 10539470.3 99.08147250210043 81.23532549377886 144.3330195312499 0 233 2.8329 0.0 8.181805246746432 0.0 4.0 
670 10539503.6 99.08147250210043 81.22739973625787 144.3330195312499 0 233 2.8329 0.0 8.181805246746432 0.0 4.0 
671 10539537.0 99.08147250210043 81.22739973625787 144.3330195312499 0 233 2.8329 0.0 8.181805246746432 0.0 4.0 
672 10539570.3 99.08147250210043 81.22739973625787 144.3330195312499 0 233 2.8329 0.0 8.181805246746432 0.0 4.0 
673 10539603.6 99.08624844237103 81.21508988017874 144.3330195312499 0 233 2.8329 0.0 8.181805246746432 0.0 4.0 
674 10539637.0 99.08624844237103 81.21508988017874 144.3330195312499 0 233 2.8329 0.0 8.181805246746432 0.0 4.0 
675 10539670.3 99.08624844237103 81.21508988017874 144.3330195312499 0 233 2.8329 0.0 8.181805246746432 0.0 4.0 
676 10539703.6 99.08624844237103 81.21508988017874 144.3330195312499 0 233 2.8329 0.0 8.181805246746432 0.0 4.0 
677 10539737.0 99.09924420385306 81.19740194991088 144.3330195312499 0 233 2.8329 0.0 8.181805246746432 0.0 4.0 
678 10539770.3 99.09924420385306 81.19740194991088 144.3330195312499 0 233 2.8329 0.0 8.181805246746432 0.0 4.0 
679 10539803.7 99.09924420385306 81.19740194991088 144.3330195312499 0 233 2.8329 0.0 8.181805246746432 0.0 4.0 
680 10539837.0 99.10862942997878 81.19740194991088 144.3330195312499 0 233 2.8329 0.0 8.181805246746432 0.0 4.0 
681 10539870.3 99.10862942997878 81.18665271914178 144.3330195312499 0 233 2.8329 0.0 8.181805246746432 0.0 4.0 
682 10539903.7 99.10862942997878 81.18665271914178 144.3330195312499 0 233 2.8329 0.0 8.181805246746432 0.0 4.0 
683 10539937.0 99.11282047013178 81.18665271914178 144.3330195312499 0 233 2.8329 0.0 8.181805246746432 0.0 4.0 
684 10539970.3 99.11282047013178 81.18251061292501 144.3330195312499 0 233 2.8329 0.0 8.181805246746432 0.0 4.0 
685 10540003.7 99.11282047013178 81.18251061292501 144.3330195312499 0 233 2.8329 0.0 8.181805246746432 0.0 4.0 
686 10540037.0 99.11282047013178 81.18251061292501 144.3330195312499 0 233 2.8329 0.0 8.181805246746432 0.0 4.0 
687 10540070.3 99.11282047013178 81.17847147743542 144.3330195312499 0 233 2.8329 0.0 8.181805246746432 0.0 4.0 
688 10540103.7 99.11282047013178 81.17847147743542 144.3330195312499 0 233 2.8329 0.0 8.181805246746432 0.0 4.0 
689 10540137.0 99.11282047013178 81.17182497406236 144.3330195312499 0 233 2.8329 0.0 8.181805246746432 0.0 4.0 
690 10540170.3 99.11282047013178 81.17182497406236 144.3330195312499 0 233 2.8329 0.0 8.181805246746432 0.0 4.0 
691 10540203.7 99.11282047013178 81.17182497406236 144.3330195312499 0 233 2.8329 0.0 8.181805246746432 0.0 4.0 
692 10540237.0 99.11282047013178 81.17182497406236 144.3330195312499 0 233 2.8329 0.0 8.181805246746432 0.0 4.0 
693 10540270.4 99.11485609191755 81.17182497406236 144.3330195312499 0 233 2.8329 0.0 8.181805246746432 0.0 4.0 
694 10540303.7 99.11485609191755 81.16119484110004 144.3330195312499 0 233 2.8329 0.0 8.181805246746432 0.0 4.0 
695 10540337.0 99.11485609191755 81.16119484110004 144.3330195312499 0 233 2.8329 0.0 8.181805246746432 0.0 4.0 
696 10540370.4 99.11021700310657 81.16119484110004 144.3330195312499 0 233 2.8329 0.0 8.181805246746432 0.0 4.0 
697 10540403.7 99.11021700310657 81.14203889117071 144.3330195312499 0 233 2.8329 0.0 8.181805246746432 0.0 4.0 
698 10540437.0 99.11021700310657 81.14203889117071 144.3330195312499 0 233 2.8329 0.0 8.181805246746432 0.0 4.0 
699 10540470.4 99.11021700310657 81.14203889117071 144.3330195312499 0 233 2.8329 0.0 8.181805246746432 0.0 4.0 
700 10540503.7 99.10423307706208 81.12592335898202 144.3330195312499 0 233 2.8329 0.0 8.181805246746432 0.0 4.0 
701 10540537.0 99.10423307706208 81.12592335898202 144.3330195312499 0 233 2.8329 0.0 8.181805246746432 0.0 4.0 
702 10540570.4 99.10423307706208 81.12592335898202 144.3330195312499 0 233 2.8329 0.0 8.181805246746432 0.0 4.0 
703 10540603.7 99.1030304085134 81.12592335898202 144.3330195312499 0 233 2.8329 0.0 8.181805246746432 0.0 4.0 
704 10540637.1 99.1030304085134 81.11455053591641 144.3330195312499 0 233 2.8329 0.0 8.181805246746432 0.0 4.0 
705 10540670.4 99.1030304085134 81.11455053591641 144.3330195312499 0 233 2.8329 0.0 8.181805246746432 0.0 4.0 
706 10540703.7 99.1030304085134 81.11455053591641 144.3330195312499 0 233 2.8329 0.0 8.181805246746432 0.0 4.0 
707 10540737.1 99.11076530882495 81.11455053591641 144.3330195312499 0 233 2.8329 0.0 8.181805246746432 0.0 4.0 
708 10540770.4 99.11076530882495 81.09127781427594 144.3330195312499 0 233 2.8329 0.0 8.181805246746432 0.0 4.0 
709 10540803.7 99.11076530882495 81.09127781427594 144.3330195312499 0 233 2.8329 0.0 8.181805246746432 0.0 4.0 
710 10540837.1 99.11076530882495 81.09127781427594 144.3330195312499 0 233 2.8329 0.0 8.181805246746432 0.0 4.0 
711 10540870.4 99.12667623719528 81.07546519246776 144.3330195312499 0 233 2.8329 0.0 8.181805246746432 0.0 4.0 
712 10540903.7 99.12667623719528 81.07546519246776 144.3330195312499 0 233 2.8329 0.0 8.181805246746432 0.0 4.0 
713 10540937.1 99.12667623719528 81.07546519246776 144.3330195312499 0 233 2.8329 0.0 8.181805246746432 0.0 4.0 
714 10540970.4 99.1349735855836 81.06721254606194 144.3330195312499 0 233 2.8329 0.0 8.181805246746432 0.0 4.0 
715 10541003.7 99.1349735855836 81.06721254606194 144.3330195312499 0 233 2.8329 0.0 8.181805246746432 0.0 4.0 
716 10541037.1 99.1349735855836 81.06721254606194 144.3330195312499 0 233 2.8329 0.0 8.181805246746432 0.0 4.0 
717 10541070.4 99.1349735855836 81.06721254606194 144.3330195312499 0 233 2.8329 0.0 8.181805246746432 0.0 4.0 
718 10541103.8 99.13717220557535 81.06721254606194 144.3330195312499 0 233 2.8329 0.0 8.181805246746432 0.0 4.0 
719 10541137.1 99.13717220557535 81.05951822495065 144.3330195312499 0 233 2.8329 0.0 8.181805246746432 0.0 4.0 
720 10541170.4 99.13717220557535 81.05951822495065 144.3330195312499 0 233 2.8329 0.0 8.181805246746432 0.0 4.0 
721 10541203.8 99.13717220557535 81.05951822495065 144.3330195312499 0 233 2.8329 0.0 8.181805246746432 0.0 4.0 
722 10541237.1 99.14709451926927 81.04789478478895 144.3330195312499 0 233 2.8329 0.0 8.181805246746432 0.0 4.0 
723 10541270.4 99.14709451926927 81.04789478478895 144.3330195312499 0 233 2.8329 0.0 8.181805246746432 0.0 4.0 
724 10541303.8 99.14709451926927 81.04789478478895 144.3330195312499 0 233 2.8329 0.0 8.181805246746432 0.0 4.0 
725 10541337.1 99.14709451926927 81.04789478478895 144.3330195312499 0 233 2.8329 0.0 8.181805246746432 0.0 4.0 
726 10541370.4 99.16865718398661 81.04789478478895 144.3330195312499 0 233 2.8329 0.0 8.181805246746432 0.0 4.0 
727 10541403.8 99.16865718398661 81.03812658829382 144.3330195312499 0 233 2.8329 0.0 8.181805246746432 0.0 4.0 
728 10541437.1 99.16865718398661 81.03812658829382 144.3330195312499 0 233 2.8329 0.0 8.181805246746432 0.0 4.0 
729 10541470.5 99.16865718398661 81.03812658829382 144.3330195312499 0 233 2.8329 0.0 8.181805246746432 0.0 4.0 
730 10541503.8 99.16865718398661 81.03812658829382 144.3330195312499 0 233 2.8329 0.0 8.181805246746432 0.0 4.0 
731 10541537.1 99.18711194216583 81.03812658829382 144.3330195312499 0 233 2.8329 0.0 8.181805246746432 0.0 4.0 
732 10541570.5 99.18711194216583 81.03266939688997 144.3330195312499 0 233 2.8329 0.0 8.181805246746432 0.0 4.0 
733 10541603.8 99.18711194216583 81.03266939688997 144.3330195312499 0 233 2.8329 0.0 8.181805246746432 0.0 4.0 
734 10541637.1 99.19234648938647 81.02842634198544 144.3330195312499 0 233 2.8329 0.0 8.181805246746432 0.0 4.0 
735 10541670.5 99.19234648938647 81.02842634198544 144.3330195312499 0 233 2.8329 0.0 8.181805246746432 0.0 4.0 
736 10541703.8 99.19234648938647 81.02842634198544 144.3330195312499 0 233 2.8329 0.0 8.181805246746432 0.0 4.0 
737 10541737.1 99.19234648938647 81.02842634198544 144.3330195312499 0 233 2.8329 0.0 8.181805246746432 0.0 4.0 
738 10541770.5 99.19977489846683 81.02842634198544 144.3330195312499 0 233 2.8329 0.0 8.181805246746432 0.0 4.0 
739 10541803.8 99.19977489846683 81.02943844259292 144.3330195312499 0 233 2.8329 0.0 8.181805246746432 0.0 4.0 
740 10541837.1 99.19977489846683 81.02943844259292 144.3330195312499 0 233 2.8329 0.0 8.181805246746432 0.0 4.0 
741 10541870.5 99.19977489846683 81.02943844259292 144.3330195312499 0 233 2.8329 0.0 8.181805246746432 0.0 4.0 
742 10541903.8 99.21549641974384 81.02943844259292 144.3330195312499 0 233 2.8329 0.0 8.181805246746432 0.0 4.0 
743 10541937.2 99.21549641974384 81.0342502749383 144.3330195312499 0 233 2.8329 0.0 8.181805246746432 0.0 4.0 
744 10541970.5 99.21549641974384 81.0342502749383 144.3330195312499 0 233 2.8329 0.0 8.181805246746432 0.0 4.0 
745 10542003.8 99.23682468453201 81.04041905833029 144.3330195312499 0 233 2.8329 0.0 8.181805246746432 0.0 4.0 
746 10542037.2 99.23682468453201 81.04041905833029 144.3330195312499 0 233 2.8329 0.0 8.181805246746432 0.0 4.0 
747 10542070.5 99.23682468453201 81.04041905833029 144.3330195312499 0 233 2.8329 0.0 8.181805246746432 0.0 4.0 
748 10542103.8 99.23682468453201 81.04041905833029 144.3330195312499 0 233 2.8329 0.0 8.181805246746432 0.0 4.0 
749 10542137.2 99.24456077590197 81.04041905833029 144.3330195312499 0 233 2.8329 0.0 8.181805246746432 0.0 4.0 
750 10542170.5 99.24456077590197 81.04041905833029 144.3330195312499 0 233 2.8329 0.0 8.181805246746432 0.0 4.0 
751 10542203.8 99.24456077590197 81.04041905833029 144.3330195312499 0 233 2.8329 0.0 8.181805246746432 0.0 4.0 
752 10542237.2 99.25243570350695 81.04041905833029 144.3330195312499 0 233 2.8329 0.0 8.181805246746432 0.0 4.0 
753 10542270.5 99.25243570350695 81.04041905833029 144.3330195312499 0 233 2.8329 0.0 8.181805246746432 0.0 4.0 
754 10542303.9 99.25243570350695 81.04041905833029 144.3330195312499 0 233 2.8329 0.0 8.181805246746432 0.0 4.0 
755 10542337.2 99.25757209451659 81.04041905833029 144.3330195312499 0 233 2.8329 0.0 8.181805246746432 0.0 4.0 
756 10542370.5 99.25757209451659 81.04041905833029 144.3330195312499 0 233 2.8329 0.0 8.181805246746432 0.0 4.0 
757 10542403.9 99.2671000385509 81.04041905833029 144.3330195312499 0 233 2.8329 0.0 8.181805246746432 0.0 4.0 
758 10542437.2 99.2671000385509 81.04041905833029 144.3330195312499 0 233 2.8329 0.0 8.181805246746432 0.0 4.0 
759 10542470.5 99.2709653764863 81.04041905833029 144.3330195312499 0 233 2.8329 0.0 8.181805246746432 0.0 4.0 
760 10542503.9 99.2709653764863 81.04041905833029 144.3330195312499 0 233 2.8329 0.0 8.181805246746432 0.0 4.0 
761 10542537.2 99.27237982485958 81.04330055489304 144.3330195312499 0 233 2.8329 0.0 8.181805246746432 0.0 4.0 
762 10542570.5 99.27237982485958 81.04330055489304 144.3330195312499 0 233 2.8329 0.0 8.181805246746432 0.0 4.0 
763 10542603.9 99.27237982485958 81.04330055489304 144.3330195312499 0 233 2.8329 0.0 8.181805246746432 0.0 4.0 
764 10542637.2 99.28007727440817 81.04330055489304 144.3330195312499 0 233 2.8329 0.0 8.181805246746432 0.0 4.0 
765 10542670.5 99.28007727440817 81.04986767597487 144.3330195312499 0 233 2.8329 0.0 8.181805246746432 0.0 4.0 
766 10542703.9 99.28007727440817 81.04986767597487 144.3330195312499 0 233 2.8329 0.0 8.181805246746432 0.0 4.0 
767 10542737.2 99.28007727440817 81.04986767597487 144.3330195312499 0 233 2.8329 0.0 8.181805246746432 0.0 4.0 
768 10542770.6 99.29203725627963 81.05487660308145 144.3330195312499 0 233 2.8329 0.0 8.181805246746432 0.0 4.0 
769 10542803.9 99.29203725627963 81.05487660308145 144.3330195312499 0 233 2.8329 0.0 8.181805246746432 0.0 4.0 
770 10542837.2 99.29203725627963 81.05487660308145 144.3330195312499 0 233 2.8329 0.0 8.181805246746432 0.0 4.0 
771 10542870.6 99.29203725627963 81.05487660308145 144.3330195312499 0 233 2.8329 0.0 8.181805246746432 0.0 4.0 
772 10542903.9 99.30720838306759 81.05881498660769 144.3330195312499 0 233 2.8329 0.0 8.181805246746432 0.0 4.0 
773 10542937.2 99.30720838306759 81.05881498660769 144.3330195312499 0 233 2.8329 0.0 8.181805246746432 0.0 4.0 
774 10542970.6 99.30720838306759 81.05881498660769 144.3330195312499 0 233 2.8329 0.0 8.181805246746432 0.0 4.0 
775 10543003.9 99.30720838306759 81.05881498660769 144.3330195312499 0 233 2.8329 0.0 8.181805246746432 0.0 4.0 
776 10543037.2 99.31320413170067 81.05881498660769 144.3330195312499 0 233 2.8329 0.0 8.181805246746432 0.0 4.0 
777 10543070.6 99.31320413170067 81.06050558996178 144.3330195312499 0 233 2.8329 0.0 8.181805246746432 0.0 4.0 
778 10543103.9 99.31320413170067 81.06050558996178 144.3330195312499 0 233 2.8329 0.0 8.181805246746432 0.0 4.0 
779 10543137.3 99.31320413170067 81.06050558996178 144.3330195312499 0 233 2.8329 0.0 8.181805246746432 0.0 4.0 
780 10543170.6 99.32174994341045 81.06574713091324 144.3330195312499 0 233 2.8329 0.0 8.181805246746432 0.0 4.0 
781 10543203.9 99.32174994341045 81.06574713091324 144.3330195312499 0 233 2.8329 0.0 8.181805246746432 0.0 4.0 
782 10543237.3 99.32174994341045 81.06574713091324 144.3330195312499 0 233 2.8329 0.0 8.181805246746432 0.0 4.0 
783 10543270.6 99.32174994341045 81.06574713091324 144.3330195312499 0 233 2.8329 0.0 8.181805246746432 0.0 4.0 
784 10543303.9 99.33580863449168 81.06574713091324 144.3330195312499 0 233 2.8329 0.0 8.181805246746432 0.0 4.0 
785 10543337.3 99.33580863449168 81.07560722935231 144.3330195312499 0 233 2.8329 0.0 8.181805246746432 0.0 4.0 
786 10543370.6 99.33580863449168 81.07560722935231 144.3330195312499 0 233 2.8329 0.0 8.181805246746432 0.0 4.0 
787 10543403.9 99.33580863449168 81.07560722935231 144.3330195312499 0 233 2.8329 0.0 8.181805246746432 0.0 4.0 
788 10543437.3 99.35264056046151 81.07560722935231 144.3330195312499 0 233 2.8329 0.0 8.181805246746432 0.0 4.0 
789 10543470.6 99.35264056046151 81.08451742901447 144.3330195312499 0 233 2.8329 0.0 8.181805246746432 0.0 4.0 
790 10543503.9 99.35264056046151 81.08451742901447 144.3330195312499 0 233 2.8329 0.0 8.181805246746432 0.0 4.0 
791 10543537.3 99.37628678250131 81.08451742901447 144.3330195312499 0 233 2.8329 0.0 8.181805246746432 0.0 4.0 
792 10543570.6 99.37628678250131 81.08451742901447 144.3330195312499 0 233 2.8329 0.0 8.181805246746432 0.0 4.0 
793 10543604.0 99.37628678250131 81.08451742901447 144.3330195312499 0 233 2.8329 0.0 8.181805246746432 0.0 4.0 
794 10543637.3 99.37628678250131 81.08451742901447 144.3330195312499 0 233 2.8329 0.0 8.181805246746432 0.0 4.0 
795 10543670.6 99.38946028378123 81.08451742901447 144.3330195312499 0 233 2.8329 0.0 8.181805246746432 0.0 4.0 
796 10543704.0 99.38946028378123 81.08628109824174 144.3330195312499 0 233 2.8329 0.0 8.181805246746432 0.0 4.0 
797 10543737.3 99.38946028378123 81.08628109824174 144.3330195312499 0 233 2.8329 0.0 8.181805246746432 0.0 4.0 
798 10543770.6 99.40917306146297 81.08628109824174 144.3330195312499 0 233 2.8329 0.0 8.181805246746432 0.0 4.0 
799 10543804.0 99.40917306146297 81.0840114039711 144.3330195312499 0 233 2.8329 0.0 8.181805246746432 0.0 4.0 
800 10543837.3 99.40917306146297 81.0840114039711 144.3330195312499 0 233 2.8329 0.0 8.181805246746432 0.0 4.0 
801 10543870.6 99.41852221299673 81.07662153626079 144.3330195312499 0 233 2.8329 0.0 8.181805246746432 0.0 4.0 
802 10543904.0 99.41852221299673 81.07662153626079 144.3330195312499 0 233 2.8329 0.0 8.181805246746432 0.0 4.0 
803 10543937.3 99.41852221299673 81.07662153626079 144.3330195312499 0 233 2.8329 0.0 8.181805246746432 0.0 4.0 
804 10543970.7 99.42655295253088 81.06748373747229 144.3330195312499 0 233 2.8329 0.0 8.181805246746432 0.0 4.0 
805 10544004.0 99.42655295253088 81.06748373747229 144.3330195312499 0 233 2.8329 0.0 8.181805246746432 0.0 4.0 
806 10544037.3 99.42655295253088 81.06748373747229 144.3330195312499 0 233 2.8329 0.0 8.181805246746432 0.0 4.0 
807 10544070.7 99.42655295253088 81.06748373747229 144.3330195312499 0 233 2.8329 0.0 8.181805246746432 0.0 4.0 
808 10544104.0 99.44429521721895 81.06748373747229 144.3330195312499 0 233 2.8329 0.0 8.181805246746432 0.0 4.0 
809 10544137.3 99.44429521721895 81.06390155718601 144.3330195312499 0 233 2.8329 0.0 8.181805246746432 0.0 4.0 
810 10544170.7 99.44429521721895 81.06390155718601 144.3330195312499 0 233 2.8329 0.0 8.181805246746432 0.0 4.0 
811 10544204.0 99.45981320345517 81.06390155718601 144.3330195312499 0 233 2.8329 0.0 8.181805246746432 0.0 4.0 
812 10544237.3 99.45981320345517 81.06542804073649 144.3330195312499 0 233 2.8329 0.0 8.181805246746432 0.0 4.0 
813 10544270.7 99.45981320345517 81.06542804073649 144.3330195312499 0 233 2.8329 0.0 8.181805246746432 0.0 4.0 
814 10544304.0 99.45981320345517 81.06542804073649 144.3330195312499 0 233 2.8329 0.0 8.181805246746432 0.0 4.0 
815 10544337.3 99.46333634755987 81.06673732261858 144.3330195312499 0 233 2.8329 0.0 8.181805246746432 0.0 4.0 
816 10544370.7 99.46333634755987 81.06673732261858 144.3330195312499 0 233 2.8329 0.0 8.181805246746432 0.0 4.0 
817 10544404.0 99.46333634755987 81.06673732261858 144.3330195312499 0 233 2.8329 0.0 8.181805246746432 0.0 4.0 
818 10544437.4 99.47657493569741 81.0655737537951 144.3330195312499 0 233 2.8329 0.0 8.181805246746432 0.0 4.0 
819 10544470.7 99.47657493569741 81.0655737537951 144.3330195312499 0 233 2.8329 0.0 8.181805246746432 0.0 4.0 
820 10544504.0 99.47657493569741 81.0655737537951 144.3330195312499 0 233 2.8329 0.0 8.181805246746432 0.0 4.0 
821 10544537.4 99.49086589065982 81.0655737537951 144.3330195312499 0 233 2.8329 0.0 8.181805246746432 0.0 4.0 
822 10544570.7 99.49086589065982 81.0615190760171 144.3330195312499 0 233 2.8329 0.0 8.181805246746432 0.0 4.0 
823 10544604.0 99.49086589065982 81.0615190760171 144.3330195312499 0 233 2.8329 0.0 8.181805246746432 0.0 4.0 
824 10544637.4 99.50242760266107 81.0615190760171 144.3330195312499 0 233 2.8329 0.0 8.181805246746432 0.0 4.0 
825 10544670.7 99.50242760266107 81.0596776513803 144.3330195312499 0 233 2.8329 0.0 8.181805246746432 0.0 4.0 
826 10544704.0 99.50242760266107 81.0596776513803 144.3330195312499 0 233 2.8329 0.0 8.181805246746432 0.0 4.0 
827 10544737.4 99.51887008596388 81.06578382468496 144.3330195312499 0 233 2.8329 0.0 8.181805246746432 0.0 4.0 
828 10544770.7 99.51887008596388 81.06578382468496 144.3330195312499 0 233 2.8329 0.0 8.181805246746432 0.0 4.0 
829 10544804.1 99.51887008596388 81.06578382468496 144.3330195312499 0 233 2.8329 0.0 8.181805246746432 0.0 4.0 
830 10544837.4 99.52586240710122 81.0732576614809 144.3330195312499 0 233 2.8329 0.0 8.181805246746432 0.0 4.0 
831 10544870.7 99.52586240710122 81.0732576614809 144.3330195312499 0 233 2.8329 0.0 8.181805246746432 0.0 4.0 
832 10544904.1 99.52586240710122 81.0732576614809 144.3330195312499 0 233 2.8329 0.0 8.181805246746432 0.0 4.0 
833 10544937.4 99.52586240710122 81.0732576614809 144.3330195312499 0 233 2.8329 0.0 8.181805246746432 0.0 4.0 
834 10544970.7 99.53260286389761 81.0732576614809 144.3330195312499 0 233 2.8329 0.0 8.181805246746432 0.0 4.0 
835 10545004.1 99.53260286389761 81.07762694911612 144.3330195312499 0 233 2.8329 0.0 8.181805246746432 0.0 4.0 
836 10545037.4 99.53260286389761 81.07762694911612 144.3330195312499 0 233 2.8329 0.0 8.181805246746432 0.0 4.0 
837 10545070.7 99.53650300177691 81.08017673429609 144.3330195312499 0 233 2.8329 0.0 8.181805246746432 0.0 4.0 
838 10545104.1 99.53650300177691 81.08017673429609 144.3330195312499 0 233 2.8329 0.0 8.181805246746432 0.0 4.0 
839 10545137.4 99.53650300177691 81.08017673429609 144.3330195312499 0 233 2.8329 0.0 8.181805246746432 0.0 4.0 
840 10545170.7 99.53650300177691 81.08017673429609 144.3330195312499 0 233 2.8329 0.0 8.181805246746432 0.0 4.0 
841 10545204.1 99.545275738113 81.08017673429609 144.3330195312499 0 233 2.8329 0.0 8.181805246746432 0.0 4.0 
842 10545237.4 99.545275738113 81.08587351868468 144.3330195312499 0 233 2.8329 0.0 8.181805246746432 0.0 4.0 
843 10545270.8 99.545275738113 81.08587351868468 144.3330195312499 0 233 2.8329 0.0 8.181805246746432 0.0 4.0 
844 10545304.1 99.55038639392767 81.08587351868468 144.3330195312499 0 233 2.8329 0.0 8.181805246746432 0.0 4.0 
845 10545337.4 99.55038639392767 81.09410813932315 144.3330195312499 0 233 2.8329 0.0 8.181805246746432 0.0 4.0 
846 10545370.8 99.55038639392767 81.09410813932315 144.3330195312499 0 233 2.8329 0.0 8.181805246746432 0.0 4.0 
847 10545404.1 99.55038639392767 81.09410813932315 144.3330195312499 0 233 2.8329 0.0 8.181805246746432 0.0 4.0 
848 10545437.4 99.55251502265628 81.09410813932315 144.3330195312499 0 233 2.8329 0.0 8.181805246746432 0.0 4.0 
849 10545470.8 99.55251502265628 81.0970711625263 144.3330195312499 0 233 2.8329 0.0 8.181805246746432 0.0 4.0 
850 10545504.1 99.55251502265628 81.0970711625263 144.3330195312499 0 233 2.8329 0.0 8.181805246746432 0.0 4.0 
851 10545537.4 99.55251502265628 81.0970711625263 144.3330195312499 0 233 2.8329 0.0 8.181805246746432 0.0 4.0 
852 10545570.8 99.56169965071548 81.0970711625263 144.3330195312499 0 233 2.8329 0.0 8.181805246746432 0.0 4.0 
853 10545604.1 99.56169965071548 81.1006841782842 144.3330195312499 0 233 2.8329 0.0 8.181805246746432 0.0 4.0 
854 10545637.5 99.56169965071548 81.1006841782842 144.3330195312499 0 233 2.8329 0.0 8.181805246746432 0.0 4.0 
855 10545670.8 99.56314489037605 81.1006841782842 144.3330195312499 0 233 2.8329 0.0 8.181805246746432 0.0 4.0 
856 10545704.1 99.56314489037605 81.10217318444397 144.3330195312499 0 233 2.8329 0.0 8.181805246746432 0.0 4.0 
857 10545737.5 99.56314489037605 81.10217318444397 144.3330195312499 0 233 2.8329 0.0 8.181805246746432 0.0 4.0 
858 10545770.8 99.56314489037605 81.10217318444397 144.3330195312499 0 233 2.8329 0.0 8.181805246746432 0.0 4.0 
859 10545804.1 99.56692765291073 81.10217318444397 144.3330195312499 0 233 2.8329 0.0 8.181805246746432 0.0 4.0 
860 10545837.5 99.56692765291073 81.10579323821989 144.3330195312499 0 233 2.8329 0.0 8.181805246746432 0.0 4.0 
861 10545870.8 99.56692765291073 81.10579323821989 144.3330195312499 0 233 2.8329 0.0 8.181805246746432 0.0 4.0 
862 10545904.1 99.56692765291073 81.10579323821989 144.3330195312499 0 233 2.8329 0.0 8.181805246746432 0.0 4.0 
863 10545937.5 99.5715199221266 81.11428508637196 144.3330195312499 0 233 2.8329 0.0 8.181805246746432 0.0 4.0 
864 10545970.8 99.5715199221266 81.11428508637196 144.3330195312499 0 233 2.8329 0.0 8.181805246746432 0.0 4.0 
865 10546004.1 99.5715199221266 81.11428508637196 144.3330195312499 0 233 2.8329 0.0 8.181805246746432 0.0 4.0 
866 10546037.5 99.5715199221266 81.11428508637196 144.3330195312499 0 233 2.8329 0.0 8.181805246746432 0.0 4.0 
867 10546070.8 99.57700036864361 81.11428508637196 144.3330195312499 0 233 2.8329 0.0 8.181805246746432 0.0 4.0 
868 10546104.2 99.57700036864361 81.12165599523892 144.3330195312499 0 233 2.8329 0.0 8.181805246746432 0.0 4.0 
869 10546137.5 99.57700036864361 81.12165599523892 144.3330195312499 0 233 2.8329 0.0 8.181805246746432 0.0 4.0 
870 10546170.8 99.57700036864361 81.12165599523892 144.3330195312499 0 233 2.8329 0.0 8.181805246746432 0.0 4.0 
871 10546204.2 99.5809097673663 81.12165599523892 144.3330195312499 0 233 2.8329 0.0 8.181805246746432 0.0 4.0 
872 10546237.5 99.5809097673663 81.12909678424735 144.3330195312499 0 233 2.8329 0.0 8.181805246746432 0.0 4.0 
873 10546270.8 99.5809097673663 81.12909678424735 144.3330195312499 0 233 2.8329 0.0 8.181805246746432 0.0 4.0 
874 10546304.2 99.5809097673663 81.12909678424735 144.3330195312499 0 233 2.8329 0.0 8.181805246746432 0.0 4.0 
875 10546337.5 99.58295063282458 81.13512730168091 144.3330195312499 0 233 2.8329 0.0 8.181805246746432 0.0 4.0 
876 10546370.8 99.58295063282458 81.13512730168091 144.3330195312499 0 233 2.8329 0.0 8.181805246746432 0.0 4.0 
877 10546404.2 99.58295063282458 81.13512730168091 144.3330195312499 0 233 2.8329 0.0 8.181805246746432 0.0 4.0 
878 10546437.5 99.58633766703123 81.13512730168091 144.3330195312499 0 233 2.8329 0.0 8.181805246746432 0.0 4.0 
879 10546470.9 99.58633766703123 81.14564249681314 144.3330195312499 0 233 2.8329 0.0 8.181805246746432 0.0 4.0 
880 10546504.2 99.58633766703123 81.14564249681314 144.3330195312499 0 233 2.8329 0.0 8.181805246746432 0.0 4.0 
881 10546537.5 99.58633766703123 81.14564249681314 144.3330195312499 0 233 2.8329 0.0 8.181805246746432 0.0 4.0 
882 10546570.9 99.58857834807597 81.14564249681314 144.3330195312499 0 233 2.8329 0.0 8.181805246746432 0.0 4.0 
883 10546604.2 99.58857834807597 81.15503448730131 144.3330195312499 0 233 2.8329 0.0 8.181805246746432 0.0 4.0 
884 10546637.5 99.58857834807597 81.15503448730131 144.3330195312499 0 233 2.8329 0.0 8.181805246746432 0.0 4.0 
885 10546670.9 99.59511481614024 81.16834238827447 144.3330195312499 0 233 2.8329 0.0 8.181805246746432 0.0 4.0 
886 10546704.2 99.59511481614024 81.16834238827447 144.3330195312499 0 233 2.8329 0.0 8.181805246746432 0.0 4.0 
887 10546737.5 99.59511481614024 81.16834238827447 144.3330195312499 0 233 2.8329 0.0 8.181805246746432 0.0 4.0 
888 10546770.9 99.59511481614024 81.16834238827447 144.3330195312499 0 233 2.8329 0.0 8.181805246746432 0.0 4.0 
889 10546804.2 99.5985210160452 81.16834238827447 144.3330195312499 0 233 2.8329 0.0 8.181805246746432 0.0 4.0 
890 10546837.5 99.5985210160452 81.17751883710527 144.3330195312499 0 233 2.8329 0.0 8.181805246746432 0.0 4.0 
891 10546870.9 99.5985210160452 81.17751883710527 144.3330195312499 0 233 2.8329 0.0 8.181805246746432 0.0 4.0 
892 10546904.2 99.5985210160452 81.18135737220273 144.3330195312499 0 233 2.8329 0.0 8.181805246746432 0.0 4.0 
893 10546937.6 99.5985210160452 81.18135737220273 144.3330195312499 0 233 2.8329 0.0 8.181805246746432 0.0 4.0 
894 10546970.9 99.59813769531245 81.17941699218746 144.2800615234374 0 233 2.8329 0.0 8.181805246746432 0.0 4.0 
895 10547004.2 99.60032479371118 81.18323142077652 144.2800615234374 0 233 2.8329 0.0 8.181805246746432 0.0 4.0 
896 10547037.6 99.60032479371118 81.18323142077652 144.2800615234374 0 233 2.8329 0.0 8.181805246746432 0.0 4.0 
897 10547070.9 99.60032479371118 81.18323142077652 144.2800615234374 0 233 2.8329 0.0 8.181805246746432 0.0 4.0 
898 10547104.2 99.60558778468238 81.18323142077652 144.2800615234374 0 233 2.8329 0.0 8.181805246746432 0.0 4.0 
899 10547137.6 99.60558778468238 81.1896769533402 144.2800615234374 0 233 2.8329 0.0 8.181805246746432 0.0 4.0 
900 10547170.9 99.60558778468238 81.1896769533402 144.2800615234374 0 233 2.8329 0.0 8.181805246746432 0.0 4.0 
901 10547204.2 99.60558778468238 81.1896769533402 144.2800615234374 0 233 2.8329 0.0 8.181805246746432 0.0 4.0 
902 10547237.6 99.60846107869061 81.1896769533402 144.2800615234374 0 233 2.8329 0.0 8.181805246746432 0.0 4.0 
903 10547270.9 99.60846107869061 81.20008220841824 144.2800615234374 0 233 2.8329 0.0 8.181805246746432 0.0 4.0 
904 10547304.3 99.60846107869061 81.20008220841824 144.2800615234374 0 233 2.8329 0.0 8.181805246746432 0.0 4.0 
905 10547337.6 99.60846107869061 81.20008220841824 144.2800615234374 0 233 2.8329 0.0 8.181805246746432 0.0 4.0 
906 10547370.9 99.60997216915491 81.20457795142663 144.2800615234374 0 233 2.8329 0.0 8.181805246746432 0.0 4.0 
907 10547404.3 99.60997216915491 81.20457795142663 144.2800615234374 0 233 2.8329 0.0 8.181805246746432 0.0 4.0 
908 10547437.6 99.61535583853154 81.20457795142663 144.2800615234374 0 233 2.8329 0.0 8.181805246746432 0.0 4.0 
909 10547470.9 99.61535583853154 81.21290799921667 144.2800615234374 0 233 2.8329 0.0 8.181805246746432 0.0 4.0 
910 10547504.3 99.61535583853154 81.21290799921667 144.2800615234374 0 233 2.8329 0.0 8.181805246746432 0.0 4.0 
911 10547537.6 99.61535583853154 81.21290799921667 144.2800615234374 0 233 2.8329 0.0 8.181805246746432 0.0 4.0 
912 10547570.9 99.61525292968746 81.21424758790634 144.33810449218743 0 233 2.8329 0.0 8.181805246746432 0.0 4.0 
913 10547604.3 99.61525292968746 81.21424758790634 144.33810449218743 0 233 2.8329 0.0 8.181805246746432 0.0 4.0 
914 10547637.6 99.61525292968746 81.21424758790634 144.33810449218743 0 233 2.8329 0.0 8.181805246746432 0.0 4.0 
915 10547670.9 99.61746425344397 81.21424758790634 144.33810449218743 0 233 2.8329 0.0 8.181805246746432 0.0 4.0 
916 10547704.3 99.61746425344397 81.21864571554724 144.33810449218743 0 233 2.8329 0.0 8.181805246746432 0.0 4.0 
917 10547737.6 99.61748535156245 81.21860839843747 144.41685937499992 0 233 2.8329 0.0 8.181805246746432 0.0 4.0 
918 10547771.0 99.61748535156245 81.21860839843747 144.41685937499992 0 233 2.8329 0.0 8.181805246746432 0.0 4.0 
919 10547804.3 99.6159352107278 81.21860839843747 144.41685937499992 0 233 2.8329 0.0 8.181805246746432 0.0 4.0 
920 10547837.6 99.6159352107278 81.21860839843747 144.41685937499992 0 233 2.8329 0.0 8.181805246746432 0.0 4.0 
921 10547871.0 99.6159352107278 81.21860839843747 144.41685937499992 0 233 2.8329 0.0 8.181805246746432 0.0 4.0 
922 10547904.3 99.61794714832097 81.21860839843747 144.41685937499992 0 233 2.8329 0.0 8.181805246746432 0.0 4.0 
923 10547937.6 99.61794714832097 81.22585191920825 144.41685937499992 0 233 2.8329 0.0 8.181805246746432 0.0 4.0 
924 10547971.0 99.61794714832097 81.22585191920825 144.41685937499992 0 233 2.8329 0.0 8.181805246746432 0.0 4.0 
925 10548004.3 99.61794714832097 81.22585191920825 144.41685937499992 0 233 2.8329 0.0 8.181805246746432 0.0 4.0 
926 10548037.6 99.62744245427652 81.22585191920825 144.41685937499992 0 233 2.8329 0.0 8.181805246746432 0.0 4.0 
927 10548071.0 99.62744245427652 81.2357593516447 144.41685937499992 0 233 2.8329 0.0 8.181805246746432 0.0 4.0 
928 10548104.3 99.62744245427652 81.2357593516447 144.41685937499992 0 233 2.8329 0.0 8.181805246746432 0.0 4.0 
929 10548137.7 99.62744245427652 81.2357593516447 144.41685937499992 0 233 2.8329 0.0 8.181805246746432 0.0 4.0 
930 10548171.0 99.63846626996917 81.2443900956176 144.41685937499992 0 233 2.8329 0.0 8.181805246746432 0.0 4.0 
931 10548204.3 99.63846626996917 81.2443900956176 144.41685937499992 0 233 2.8329 0.0 8.181805246746432 0.0 4.0 
932 10548237.7 99.63846626996917 81.2443900956176 144.41685937499992 0 233 2.8329 0.0 8.181805246746432 0.0 4.0 
933 10548271.0 99.64215321998532 81.2443900956176 144.41685937499992 0 233 2.8329 0.0 8.181805246746432 0.0 4.0 
934 10548304.3 99.64215321998532 81.24956984180213 144.41685937499992 0 233 2.8329 0.0 8.181805246746432 0.0 4.0 
935 10548337.7 99.64215321998532 81.24956984180213 144.41685937499992 0 233 2.8329 0.0 8.181805246746432 0.0 4.0 
936 10548371.0 99.64215321998532 81.24956984180213 144.41685937499992 0 233 2.8329 0.0 8.181805246746432 0.0 4.0 
937 10548404.3 99.64391677421968 81.24961425781247 144.37010253906243 0 233 2.8329 0.0 8.181805246746432 0.0 4.0 
938 10548437.7 99.64391677421968 81.25434089942604 144.37010253906243 0 233 2.8329 0.0 8.181805246746432 0.0 4.0 
939 10548471.0 99.64391677421968 81.25434089942604 144.37010253906243 0 233 2.8329 0.0 8.181805246746432 0.0 4.0 
940 10548504.3 99.65646780412752 81.26205961369888 144.37010253906243 0 233 2.8329 0.0 8.181805246746432 0.0 4.0 
941 10548537.7 99.65646780412752 81.26205961369888 144.37010253906243 0 233 2.8329 0.0 8.181805246746432 0.0 4.0 
942 10548571.0 99.65646780412752 81.26205961369888 144.37010253906243 0 233 2.8329 0.0 8.181805246746432 0.0 4.0 
943 10548604.4 99.65646780412752 81.26205961369888 144.37010253906243 0 233 2.8329 0.0 8.181805246746432 0.0 4.0 
944 10548637.7 99.6688440790696 81.26205961369888 144.37010253906243 0 233 2.8329 0.0 8.181805246746432 0.0 4.0 
945 10548671.0 99.6688440790696 81.26749980303352 144.37010253906243 0 233 2.8329 0.0 8.181805246746432 0.0 4.0 
946 10548704.4 99.6688440790696 81.26749980303352 144.37010253906243 0 233 2.8329 0.0 8.181805246746432 0.0 4.0 
947 10548737.7 99.67394431769787 81.26749980303352 144.37010253906243 0 233 2.8329 0.0 8.181805246746432 0.0 4.0 
948 10548771.0 99.67394431769787 81.27137985363915 144.37010253906243 0 233 2.8329 0.0 8.181805246746432 0.0 4.0 
949 10548804.4 99.67394431769787 81.27137985363915 144.37010253906243 0 233 2.8329 0.0 8.181805246746432 0.0 4.0 
950 10548837.7 99.67846882116915 81.27137985363915 144.37010253906243 0 233 2.8329 0.0 8.181805246746432 0.0 4.0 
951 10548871.0 99.67846882116915 81.27137985363915 144.37010253906243 0 233 2.8329 0.0 8.181805246746432 0.0 4.0 
952 10548904.4 99.67846882116915 81.27137985363915 144.37010253906243 0 233 2.8329 0.0 8.181805246746432 0.0 4.0 
953 10548937.7 99.67846882116915 81.27137985363915 144.37010253906243 0 233 2.8329 0.0 8.181805246746432 0.0 4.0 
954 10548971.1 99.69736004228953 81.27137985363915 144.37010253906243 0 233 2.8329 0.0 8.181805246746432 0.0 4.0 
955 10549004.4 99.69736004228953 81.27137985363915 144.37010253906243 0 233 2.8329 0.0 8.181805246746432 0.0 4.0 
956 10549037.7 99.69736004228953 81.27137985363915 144.37010253906243 0 233 2.8329 0.0 8.181805246746432 0.0 4.0 
957 10549071.1 99.69736004228953 81.27137985363915 144.37010253906243 0 233 2.8329 0.0 8.181805246746432 0.0 4.0 
958 10549104.4 99.7145830319617 81.27137985363915 144.37010253906243 0 233 2.8329 0.0 8.181805246746432 0.0 4.0 
959 10549137.7 99.7145830319617 81.27578706313837 144.37010253906243 0 233 2.8329 0.0 8.181805246746432 0.0 4.0 
960 10549171.1 99.7145830319617 81.27578706313837 144.37010253906243 0 233 2.8329 0.0 8.181805246746432 0.0 4.0 
961 10549204.4 99.72447042726174 81.2768499171563 144.32830664062493 0 233 2.8329 0.0 8.181805246746432 0.0 4.0 
962 10549237.7 99.72447042726174 81.2768499171563 144.32830664062493 0 233 2.8329 0.0 8.181805246746432 0.0 4.0 
963 10549271.1 99.72447042726174 81.2768499171563 144.32830664062493 0 233 2.8329 0.0 8.181805246746432 0.0 4.0 
964 10549304.4 99.72711547263184 81.2768499171563 144.32830664062493 0 233 2.8329 0.0 8.181805246746432 0.0 4.0 
965 10549337.7 99.72711547263184 81.2768499171563 144.32830664062493 0 233 2.8329 0.0 8.181805246746432 0.0 4.0 
966 10549371.1 99.72711547263184 81.2768499171563 144.32830664062493 0 233 2.8329 0.0 8.181805246746432 0.0 4.0 
967 10549404.4 99.73387890746673 81.2768499171563 144.32830664062493 0 233 2.8329 0.0 8.181805246746432 0.0 4.0 
968 10549437.8 99.73387890746673 81.26945166846478 144.32830664062493 0 233 2.8329 0.0 8.181805246746432 0.0 4.0 
969 10549471.1 99.73387890746673 81.26945166846478 144.32830664062493 0 233 2.8329 0.0 8.181805246746432 0.0 4.0 
970 10549504.4 99.73387890746673 81.26945166846478 144.32830664062493 0 233 2.8329 0.0 8.181805246746432 0.0 4.0 
971 10549537.8 99.7474500679076 81.26945166846478 144.32830664062493 0 233 2.8329 0.0 8.181805246746432 0.0 4.0 
972 10549571.1 99.7474500679076 81.25621169009816 144.32830664062493 0 233 2.8329 0.0 8.181805246746432 0.0 4.0 
973 10549604.4 99.7474500679076 81.25621169009816 144.32830664062493 0 233 2.8329 0.0 8.181805246746432 0.0 4.0 
974 10549637.8 99.7474500679076 81.25621169009816 144.32830664062493 0 233 2.8329 0.0 8.181805246746432 0.0 4.0 
975 10549671.1 99.76227291553528 81.25621169009816 144.32830664062493 0 233 2.8329 0.0 8.181805246746432 0.0 4.0 
976 10549704.4 99.76227291553528 81.24923781817787 144.32830664062493 0 233 2.8329 0.0 8.181805246746432 0.0 4.0 
977 10549737.8 99.76227291553528 81.24923781817787 144.32830664062493 0 233 2.8329 0.0 8.181805246746432 0.0 4.0 
978 10549771.1 99.77155572472407 81.24924218749996 144.39304687499992 0 233 2.8329 0.0 8.181805246746432 0.0 4.0 
979 10549804.5 99.77155572472407 81.24924218749996 144.39304687499992 0 233 2.8329 0.0 8.181805246746432 0.0 4.0 
980 10549837.8 99.77155572472407 81.24924218749996 144.39304687499992 0 233 2.8329 0.0 8.181805246746432 0.0 4.0 
981 10549871.1 99.77155572472407 81.24924218749996 144.39304687499992 0 233 2.8329 0.0 8.181805246746432 0.0 4.0 
982 10549904.5 99.78508136562608 81.24924218749996 144.39304687499992 0 233 2.8329 0.0 8.181805246746432 0.0 4.0 
983 10549937.8 99.78508136562608 81.24924218749996 144.39304687499992 0 233 2.8329 0.0 8.181805246746432 0.0 4.0 
984 10549971.1 99.78508136562608 81.24924218749996 144.39304687499992 0 233 2.8329 0.0 8.181805246746432 0.0 4.0 
985 10550004.5 99.78508136562608 81.24924218749996 144.39304687499992 0 233 2.8329 0.0 8.181805246746432 0.0 4.0 
986 10550037.8 99.79036553634025 81.24924218749996 144.39304687499992 0 233 2.8329 0.0 8.181805246746432 0.0 4.0 
987 10550071.1 99.79036553634025 81.24768649854896 144.39304687499992 0 233 2.8329 0.0 8.181805246746432 0.0 4.0 
988 10550104.5 99.79036553634025 81.24768649854896 144.39304687499992 0 233 2.8329 0.0 8.181805246746432 0.0 4.0 
989 10550137.8 99.79036553634025 81.24768649854896 144.39304687499992 0 233 2.8329 0.0 8.181805246746432 0.0 4.0 
990 10550171.1 99.80858059415131 81.24768649854896 144.39304687499992 0 233 2.8329 0.0 8.181805246746432 0.0 4.0 
991 10550204.5 99.80858059415131 81.24768649854896 144.39304687499992 0 233 2.8329 0.0 8.181805246746432 0.0 4.0 
992 10550237.8 99.80858059415131 81.24768649854896 144.39304687499992 0 233 2.8329 0.0 8.181805246746432 0.0 4.0 
993 10550271.2 99.81525446760857 81.24768649854896 144.39304687499992 0 233 2.8329 0.0 8.181805246746432 0.0 4.0 
994 10550304.5 99.81525446760857 81.24768649854896 144.39304687499992 0 233 2.8329 0.0 8.181805246746432 0.0 4.0 
995 10550337.8 99.81525446760857 81.24768649854896 144.39304687499992 0 233 2.8329 0.0 8.181805246746432 0.0 4.0 
996 10550371.2 99.81683990561174 81.24768649854896 144.39304687499992 0 233 2.8329 0.0 8.181805246746432 0.0 4.0 
997 10550404.5 99.81683990561174 81.24768649854896 144.39304687499992 0 233 2.8329 0.0 8.181805246746432 0.0 4.0 
998 10550437.8 99.82560376213416 81.24768649854896 144.39304687499992 0 233 2.8329 0.0 8.181805246746432 0.0 4.0 
999 10550471.2 99.82572070312496 81.24762988281246 144.3338876953124 0 233 2.8329 0.0 8.181805246746432 0.0 4.0 
1000 10550504.5 99.83423419582773 81.24762988281246 144.3338876953124 0 233 2.8329 0.0 8.181805246746432 0.0 4.0 
1001 10550537.8 99.83423419582773 81.25172142768407 144.3338876953124 0 233 2.8329 0.0 8.181805246746432 0.0 4.0 
1002 10550571.2 99.83423419582773 81.25172142768407 144.3338876953124 0 233 2.8329 0.0 8.181805246746432 0.0 4.0 
1003 10550604.5 99.83423419582773 81.25172142768407 144.3338876953124 0 233 2.8329 0.0 8.181805246746432 0.0 4.0 
1004 10550637.9 99.84752832366937 81.25172142768407 144.3338876953124 0 233 2.8329 0.0 8.181805246746432 0.0 4.0 
1005 10550671.2 99.84752832366937 81.26466376154825 144.3338876953124 0 233 2.8329 0.0 8.181805246746432 0.0 4.0 
1006 10550704.5 99.84752832366937 81.26466376154825 144.3338876953124 0 233 2.8329 0.0 8.181805246746432 0.0 4.0 
1007 10550737.9 99.84752832366937 81.26466376154825 144.3338876953124 0 233 2.8329 0.0 8.181805246746432 0.0 4.0 
1008 10550771.2 99.85564341027487 81.2761646408816 144.3338876953124 0 233 2.8329 0.0 8.181805246746432 0.0 4.0 
1009 10550804.5 99.85564341027487 81.2761646408816 144.3338876953124 0 233 2.8329 0.0 8.181805246746432 0.0 4.0 
1010 10550837.9 99.85564341027487 81.2761646408816 144.3338876953124 0 233 2.8329 0.0 8.181805246746432 0.0 4.0 
1011 10550871.2 99.85564341027487 81.2761646408816 144.3338876953124 0 233 2.8329 0.0 8.181805246746432 0.0 4.0 
1012 10550904.5 99.86809092596164 81.2761646408816 144.3338876953124 0 233 2.8329 0.0 8.181805246746432 0.0 4.0 
1013 10550937.9 99.86809092596164 81.285617441423 144.3338876953124 0 233 2.8329 0.0 8.181805246746432 0.0 4.0 
1014 10550971.2 99.86809092596164 81.285617441423 144.3338876953124 0 233 2.8329 0.0 8.181805246746432 0.0 4.0 
1015 10551004.5 99.86809092596164 81.285617441423 144.3338876953124 0 233 2.8329 0.0 8.181805246746432 0.0 4.0 
1016 10551037.9 99.87374466257776 81.285617441423 144.3338876953124 0 233 2.8329 0.0 8.181805246746432 0.0 4.0 
1017 10551071.2 99.87374466257776 81.29220673897787 144.3338876953124 0 233 2.8329 0.0 8.181805246746432 0.0 4.0 
1018 10551104.6 99.87374466257776 81.29220673897787 144.3338876953124 0 233 2.8329 0.0 8.181805246746432 0.0 4.0 
1019 10551137.9 99.88166988804045 81.30173088698056 144.3338876953124 0 233 2.8329 0.0 8.181805246746432 0.0 4.0 
1020 10551171.2 99.88166988804045 81.30173088698056 144.3338876953124 0 233 2.8329 0.0 8.181805246746432 0.0 4.0 
1021 10551204.6 99.88166988804045 81.30173088698056 144.3338876953124 0 233 2.8329 0.0 8.181805246746432 0.0 4.0 
1022 10551237.9 99.88166988804045 81.30173088698056 144.3338876953124 0 233 2.8329 0.0 8.181805246746432 0.0 4.0 
1023 10551271.2 99.88486384382087 81.30173088698056 144.3338876953124 0 233 2.8329 0.0 8.181805246746432 0.0 4.0 
1024 10551304.6 99.88486384382087 81.31397200305915 144.3338876953124 0 233 2.8329 0.0 8.181805246746432 0.0 4.0 
1025 10551337.9 99.88486384382087 81.31397200305915 144.3338876953124 0 233 2.8329 0.0 8.181805246746432 0.0 4.0 
1026 10551371.2 99.88889842264787 81.31397200305915 144.3338876953124 0 233 2.8329 0.0 8.181805246746432 0.0 4.0 
1027 10551404.6 99.88889842264787 81.3299816003593 144.3338876953124 0 233 2.8329 0.0 8.181805246746432 0.0 4.0 
1028 10551437.9 99.88889842264787 81.3299816003593 144.3338876953124 0 233 2.8329 0.0 8.181805246746432 0.0 4.0 
1029 10551471.3 99.88889842264787 81.3299816003593 144.3338876953124 0 233 2.8329 0.0 8.181805246746432 0.0 4.0 
1030 10551504.6 99.89202741564681 81.33690060305985 144.3338876953124 0 233 2.8329 0.0 8.181805246746432 0.0 4.0 
1031 10551537.9 99.89202741564681 81.33690060305985 144.3338876953124 0 233 2.8329 0.0 8.181805246746432 0.0 4.0 
1032 10551571.3 99.89202741564681 81.33690060305985 144.3338876953124 0 233 2.8329 0.0 8.181805246746432 0.0 4.0 
1033 10551604.6 99.89202741564681 81.33690060305985 144.3338876953124 0 233 2.8329 0.0 8.181805246746432 0.0 4.0 
1034 10551637.9 99.89440313985318 81.34398409573315 144.3338876953124 0 233 2.8329 0.0 8.181805246746432 0.0 4.0 
1035 10551671.3 99.89440313985318 81.34398409573315 144.3338876953124 0 233 2.8329 0.0 8.181805246746432 0.0 4.0 
1036 10551704.6 99.89440313985318 81.34398409573315 144.3338876953124 0 233 2.8329 0.0 8.181805246746432 0.0 4.0 
1037 10551737.9 99.89440313985318 81.34398409573315 144.3338876953124 0 233 2.8329 0.0 8.181805246746432 0.0 4.0 
1038 10551771.3 99.89133819410463 81.34398409573315 144.3338876953124 0 233 2.8329 0.0 8.181805246746432 0.0 4.0 
1039 10551804.6 99.89133819410463 81.35237881962908 144.3338876953124 0 233 2.8329 0.0 8.181805246746432 0.0 4.0 
1040 10551837.9 99.89133819410463 81.35237881962908 144.3338876953124 0 233 2.8329 0.0 8.181805246746432 0.0 4.0 
1041 10551871.3 99.88334609544145 81.35237881962908 144.3338876953124 0 233 2.8329 0.0 8.181805246746432 0.0 4.0 
1042 10551904.6 99.88334609544145 81.36557349207105 144.3338876953124 0 233 2.8329 0.0 8.181805246746432 0.0 4.0 
1043 10551938.0 99.88334609544145 81.36557349207105 144.3338876953124 0 233 2.8329 0.0 8.181805246746432 0.0 4.0 
1044 10551971.3 99.88334609544145 81.36557349207105 144.3338876953124 0 233 2.8329 0.0 8.181805246746432 0.0 4.0 
1045 10552004.6 99.87735516663157 81.38626495325019 144.3338876953124 0 233 2.8329 0.0 8.181805246746432 0.0 4.0 
1046 10552038.0 99.87735516663157 81.38626495325019 144.3338876953124 0 233 2.8329 0.0 8.181805246746432 0.0 4.0 
1047 10552071.3 99.87735516663157 81.38626495325019 144.3338876953124 0 233 2.8329 0.0 8.181805246746432 0.0 4.0 
1048 10552104.6 99.87735516663157 81.38626495325019 144.3338876953124 0 233 2.8329 0.0 8.181805246746432 0.0 4.0 
1049 10552138.0 99.87735516663157 81.39147889697186 144.3338876953124 0 233 2.8329 0.0 8.181805246746432 0.0 4.0 
1050 10552171.3 99.87735516663157 81.39147889697186 144.3338876953124 0 233 2.8329 0.0 8.181805246746432 0.0 4.0 
1051 10552204.6 99.88275163396821 81.39147889697186 144.3338876953124 0 233 2.8329 0.0 8.181805246746432 0.0 4.0 
1052 10552238.0 99.88275163396821 81.39905259501867 144.3338876953124 0 233 2.8329 0.0 8.181805246746432 0.0 4.0 
1053 10552271.3 99.88275163396821 81.39905259501867 144.3338876953124 0 233 2.8329 0.0 8.181805246746432 0.0 4.0 
1054 10552304.7 99.88275163396821 81.39905259501867 144.3338876953124 0 233 2.8329 0.0 8.181805246746432 0.0 4.0 
1055 10552338.0 99.88835780155571 81.39453876736361 144.3338876953124 0 233 2.8329 0.0 8.181805246746432 0.0 4.0 
1056 10552371.3 99.88835780155571 81.39453876736361 144.3338876953124 0 233 2.8329 0.0 8.181805246746432 0.0 4.0 
1057 10552404.7 99.88835780155571 81.39453876736361 144.3338876953124 0 233 2.8329 0.0 8.181805246746432 0.0 4.0 
1058 10552438.0 99.88386216403791 81.39453876736361 144.3338876953124 0 233 2.8329 0.0 8.181805246746432 0.0 4.0 
1059 10552471.3 99.88386216403791 81.39453876736361 144.3338876953124 0 233 2.8329 0.0 8.181805246746432 0.0 4.0 
1060 10552504.7 99.88386216403791 81.39453876736361 144.3338876953124 0 233 2.8329 0.0 8.181805246746432 0.0 4.0 
1061 10552538.0 99.87647344963138 81.39453876736361 144.3338876953124 0 233 2.8329 0.0 8.181805246746432 0.0 4.0 
1062 10552571.3 99.87647344963138 81.3974520548479 144.3338876953124 0 233 2.8329 0.0 8.181805246746432 0.0 4.0 
1063 10552604.7 99.87647344963138 81.3974520548479 144.3338876953124 0 233 2.8329 0.0 8.181805246746432 0.0 4.0 
1064 10552638.0 99.86823333480172 81.3974520548479 144.3338876953124 0 233 2.8329 0.0 8.181805246746432 0.0 4.0 
1065 10552671.3 99.86823333480172 81.4111199476609 144.3338876953124 0 233 2.8329 0.0 8.181805246746432 0.0 4.0 
1066 10552704.7 99.86823333480172 81.4111199476609 144.3338876953124 0 233 2.8329 0.0 8.181805246746432 0.0 4.0 
1067 10552738.0 99.86823333480172 81.4111199476609 144.3338876953124 0 233 2.8329 0.0 8.181805246746432 0.0 4.0 
1068 10552771.4 99.86635206841684 81.42588592157182 144.3338876953124 0 233 2.8329 0.0 8.181805246746432 0.0 4.0 
1069 10552804.7 99.86635206841684 81.42588592157182 144.3338876953124 0 233 2.8329 0.0 8.181805246746432 0.0 4.0 
1070 10552838.0 99.86635206841684 81.42588592157182 144.3338876953124 0 233 2.8329 0.0 8.181805246746432 0.0 4.0 
1071 10552871.4 99.86635206841684 81.42588592157182 144.3338876953124 0 233 2.8329 0.0 8.181805246746432 0.0 4.0 
1072 10552904.7 99.86635206841684 81.42719162260393 144.3338876953124 0 233 2.8329 0.0 8.181805246746432 0.0 4.0 
1073 10552938.0 99.86635206841684 81.42719162260393 144.3338876953124 0 233 2.8329 0.0 8.181805246746432 0.0 4.0 
1074 10552971.4 99.8638161087462 81.42719162260393 144.3338876953124 0 233 2.8329 0.0 8.181805246746432 0.0 4.0 
1075 10553004.7 99.8638161087462 81.43280669932508 144.3338876953124 0 233 2.8329 0.0 8.181805246746432 0.0 4.0 
1076 10553038.0 99.8638161087462 81.43280669932508 144.3338876953124 0 233 2.8329 0.0 8.181805246746432 0.0 4.0 
1077 10553071.4 99.8638161087462 81.43280669932508 144.3338876953124 0 233 2.8329 0.0 8.181805246746432 0.0 4.0 
1078 10553104.7 99.86228967575018 81.43280669932508 144.3338876953124 0 233 2.8329 0.0 8.181805246746432 0.0 4.0 
1079 10553138.1 99.86228967575018 81.44370022219613 144.3338876953124 0 233 2.8329 0.0 8.181805246746432 0.0 4.0 
1080 10553171.4 99.86228967575018 81.44370022219613 144.3338876953124 0 233 2.8329 0.0 8.181805246746432 0.0 4.0 
1081 10553204.7 99.86228967575018 81.44370022219613 144.3338876953124 0 233 2.8329 0.0 8.181805246746432 0.0 4.0 
1082 10553238.1 99.86228967575018 81.46197058739362 144.3338876953124 0 233 2.8329 0.0 8.181805246746432 0.0 4.0 
1083 10553271.4 99.86228967575018 81.46197058739362 144.3338876953124 0 233 2.8329 0.0 8.181805246746432 0.0 4.0 
1084 10553304.7 99.86228967575018 81.46197058739362 144.3338876953124 0 233 2.8329 0.0 8.181805246746432 0.0 4.0 
1085 10553338.1 99.85969590971787 81.4737851061564 144.3338876953124 0 233 2.8329 0.0 8.181805246746432 0.0 4.0 
1086 10553371.4 99.85969590971787 81.4737851061564 144.3338876953124 0 233 2.8329 0.0 8.181805246746432 0.0 4.0 
1087 10553404.7 99.85969590971787 81.4737851061564 144.3338876953124 0 233 2.8329 0.0 8.181805246746432 0.0 4.0 
1088 10553438.1 99.86095192730525 81.4737851061564 144.3338876953124 0 233 2.8329 0.0 8.181805246746432 0.0 4.0 
1089 10553471.4 99.86095192730525 81.49291159293469 144.3338876953124 0 233 2.8329 0.0 8.181805246746432 0.0 4.0 
1090 10553504.7 99.86095192730525 81.49291159293469 144.3338876953124 0 233 2.8329 0.0 8.181805246746432 0.0 4.0 
1091 10553538.1 99.86095192730525 81.49291159293469 144.3338876953124 0 233 2.8329 0.0 8.181805246746432 0.0 4.0 
1092 10553571.4 99.86282468761485 81.49291159293469 144.3338876953124 0 233 2.8329 0.0 8.181805246746432 0.0 4.0 
1093 10553604.8 99.86282468761485 81.50375648133264 144.3338876953124 0 233 2.8329 0.0 8.181805246746432 0.0 4.0 
1094 10553638.1 99.86282468761485 81.50375648133264 144.3338876953124 0 233 2.8329 0.0 8.181805246746432 0.0 4.0 
1095 10553671.4 99.86718405635344 81.51726755741531 144.3338876953124 0 233 2.8329 0.0 8.181805246746432 0.0 4.0 
1096 10553704.8 99.86718405635344 81.51726755741531 144.3338876953124 0 233 2.8329 0.0 8.181805246746432 0.0 4.0 
1097 10553738.1 99.86718405635344 81.51726755741531 144.3338876953124 0 233 2.8329 0.0 8.181805246746432 0.0 4.0 
1098 10553771.4 99.87442567600905 81.53158489984743 144.3338876953124 0 233 2.8329 0.0 8.181805246746432 0.0 4.0 
1099 10553804.8 99.87442567600905 81.53158489984743 144.3338876953124 0 233 2.8329 0.0 8.181805246746432 0.0 4.0 
1100 10553838.1 99.87442567600905 81.53158489984743 144.3338876953124 0 233 2.8329 0.0 8.181805246746432 0.0 4.0 
1101 10553871.4 99.87442567600905 81.53158489984743 144.3338876953124 0 233 2.8329 0.0 8.181805246746432 0.0 4.0 
1102 10553904.8 99.88297141491876 81.53158489984743 144.3338876953124 0 233 2.8329 0.0 8.181805246746432 0.0 4.0 
1103 10553938.1 99.88297141491876 81.54410365320402 144.3338876953124 0 233 2.8329 0.0 8.181805246746432 0.0 4.0 
1104 10553971.5 99.88297141491876 81.54410365320402 144.3338876953124 0 233 2.8329 0.0 8.181805246746432 0.0 4.0 
1105 10554004.8 99.88297141491876 81.54410365320402 144.3338876953124 0 233 2.8329 0.0 8.181805246746432 0.0 4.0 
1106 10554038.1 99.8954018867074 81.56019561307451 144.3338876953124 0 233 2.8329 0.0 8.181805246746432 0.0 4.0 
1107 10554071.5 99.8954018867074 81.56019561307451 144.3338876953124 0 233 2.8329 0.0 8.181805246746432 0.0 4.0 
1108 10554104.8 99.8954018867074 81.56019561307451 144.3338876953124 0 233 2.8329 0.0 8.181805246746432 0.0 4.0 
1109 10554138.1 99.8954018867074 81.56019561307451 144.3338876953124 0 233 2.8329 0.0 8.181805246746432 0.0 4.0 
1110 10554171.5 99.90501119644469 81.57048295689975 144.3338876953124 0 233 2.8329 0.0 8.181805246746432 0.0 4.0 
1111 10554204.8 99.90501119644469 81.57048295689975 144.3338876953124 0 233 2.8329 0.0 8.181805246746432 0.0 4.0 
1112 10554238.1 99.90501119644469 81.57048295689975 144.3338876953124 0 233 2.8329 0.0 8.181805246746432 0.0 4.0 
1113 10554271.5 99.91538093765061 81.57048295689975 144.3338876953124 0 233 2.8329 0.0 8.181805246746432 0.0 4.0 
1114 10554304.8 99.91538093765061 81.57628121902975 144.3338876953124 0 233 2.8329 0.0 8.181805246746432 0.0 4.0 
1115 10554338.1 99.91538093765061 81.57628121902975 144.3338876953124 0 233 2.8329 0.0 8.181805246746432 0.0 4.0 
1116 10554371.5 99.93238769105581 81.57628121902975 144.3338876953124 0 233 2.8329 0.0 8.181805246746432 0.0 4.0 
1117 10554404.8 99.93238769105581 81.59286329266234 144.3338876953124 0 233 2.8329 0.0 8.181805246746432 0.0 4.0 
1118 10554438.2 99.93238769105581 81.59286329266234 144.3338876953124 0 233 2.8329 0.0 8.181805246746432 0.0 4.0 
1119 10554471.5 99.93238769105581 81.59286329266234 144.3338876953124 0 233 2.8329 0.0 8.181805246746432 0.0 4.0 
1120 10554504.8 99.94109746748072 81.60083627434157 144.3338876953124 0 233 2.8329 0.0 8.181805246746432 0.0 4.0 
1121 10554538.2 99.94109746748072 81.60083627434157 144.3338876953124 0 233 2.8329 0.0 8.181805246746432 0.0 4.0 
1122 10554571.5 99.94109746748072 81.60083627434157 144.3338876953124 0 233 2.8329 0.0 8.181805246746432 0.0 4.0 
1123 10554604.8 99.94954590622727 81.60726128172314 144.3338876953124 0 233 2.8329 0.0 8.181805246746432 0.0 4.0 
1124 10554638.2 99.94954590622727 81.60726128172314 144.3338876953124 0 233 2.8329 0.0 8.181805246746432 0.0 4.0 
1125 10554671.5 99.94954590622727 81.60726128172314 144.3338876953124 0 233 2.8329 0.0 8.181805246746432 0.0 4.0 
1126 10554704.8 99.95402333366947 81.60726128172314 144.3338876953124 0 233 2.8329 0.0 8.181805246746432 0.0 4.0 
1127 10554738.2 99.95402333366947 81.6114694405166 144.3338876953124 0 233 2.8329 0.0 8.181805246746432 0.0 4.0 
1128 10554771.5 99.95402333366947 81.6114694405166 144.3338876953124 0 233 2.8329 0.0 8.181805246746432 0.0 4.0 
1129 10554804.9 99.95402333366947 81.6114694405166 144.3338876953124 0 233 2.8329 0.0 8.181805246746432 0.0 4.0 
1130 10554838.2 99.96868742889659 81.6309888734343 144.3338876953124 0 233 2.8329 0.0 8.181805246746432 0.0 4.0 
1131 10554871.5 99.96868742889659 81.6309888734343 144.3338876953124 0 233 2.8329 0.0 8.181805246746432 0.0 4.0 
1132 10554904.9 99.96868742889659 81.6309888734343 144.3338876953124 0 233 2.8329 0.0 8.181805246746432 0.0 4.0 
1133 10554938.2 99.96868742889659 81.6309888734343 144.3338876953124 0 233 2.8329 0.0 8.181805246746432 0.0 4.0 
1134 10554971.5 99.97261233118682 81.6397989845222 144.3338876953124 0 233 2.8329 0.0 8.181805246746432 0.0 4.0 
1135 10555004.9 99.97261233118682 81.6397989845222 144.3338876953124 0 233 2.8329 0.0 8.181805246746432 0.0 4.0 
1136 10555038.2 99.97261233118682 81.6397989845222 144.3338876953124 0 233 2.8329 0.0 8.181805246746432 0.0 4.0 
1137 10555071.5 99.97261233118682 81.6397989845222 144.3338876953124 0 233 2.8329 0.0 8.181805246746432 0.0 4.0 
1138 10555104.9 99.9806902923024 81.6397989845222 144.3338876953124 0 233 2.8329 0.0 8.181805246746432 0.0 4.0 
1139 10555138.2 99.9806902923024 81.64510959963329 144.3338876953124 0 233 2.8329 0.0 8.181805246746432 0.0 4.0 
1140 10555171.5 99.9806902923024 81.64510959963329 144.3338876953124 0 233 2.8329 0.0 8.181805246746432 0.0 4.0 
1141 10555204.9 99.9806902923024 81.64510959963329 144.3338876953124 0 233 2.8329 0.0 8.181805246746432 0.0 4.0 
1142 10555238.2 99.9909317916253 81.66391865836442 144.3338876953124 0 233 2.8329 0.0 8.181805246746432 0.0 4.0 
1143 10555271.6 99.9909317916253 81.66391865836442 144.3338876953124 0 233 2.8329 0.0 8.181805246746432 0.0 4.0 
1144 10555304.9 99.9909317916253 81.66391865836442 144.3338876953124 0 233 2.8329 0.0 8.181805246746432 0.0 4.0 
1145 10555338.2 99.9909317916253 81.66391865836442 144.3338876953124 0 233 2.8329 0.0 8.181805246746432 0.0 4.0 
1146 10555371.6 99.99483874909068 81.66391865836442 144.3338876953124 0 233 2.8329 0.0 8.181805246746432 0.0 4.0 
1147 10555404.9 99.99483874909068 81.68964449395884 144.3338876953124 0 233 2.8329 0.0 8.181805246746432 0.0 4.0 
1148 10555438.2 99.99483874909068 81.68964449395884 144.3338876953124 0 233 2.8329 0.0 8.181805246746432 0.0 4.0 
1149 10555471.6 99.99483874909068 81.68964449395884 144.3338876953124 0 233 2.8329 0.0 8.181805246746432 0.0 4.0 
1150 10555504.9 99.99483874909068 81.69463432182366 144.3338876953124 0 233 2.8329 0.0 8.181805246746432 0.0 4.0 
1151 10555538.2 99.99483874909068 81.69463432182366 144.3338876953124 0 233 2.8329 0.0 8.181805246746432 0.0 4.0 
1152 10555571.6 99.99483874909068 81.69463432182366 144.3338876953124 0 233 2.8329 0.0 8.181805246746432 0.0 4.0 
1153 10555604.9 99.99604964387773 81.69463432182366 144.3338876953124 0 233 2.8329 0.0 8.181805246746432 0.0 4.0 
1154 10555638.3 99.99604964387773 81.70075927771994 144.3338876953124 0 233 2.8329 0.0 8.181805246746432 0.0 4.0 
1155 10555671.6 99.99604964387773 81.70075927771994 144.3338876953124 0 233 2.8329 0.0 8.181805246746432 0.0 4.0 
1156 10555704.9 99.99604964387773 81.70075927771994 144.3338876953124 0 233 2.8329 0.0 8.181805246746432 0.0 4.0 
1157 10555738.3 100.00151863751101 81.7107752642394 144.3338876953124 0 233 2.8329 0.0 8.181805246746432 0.0 4.0 
1158 10555771.6 100.00151863751101 81.7107752642394 144.3338876953124 0 233 2.8329 0.0 8.181805246746432 0.0 4.0 
1159 10555804.9 100.00151863751101 81.7107752642394 144.3338876953124 0 233 2.8329 0.0 8.181805246746432 0.0 4.0 
1160 10555838.3 100.00151863751101 81.7107752642394 144.3338876953124 0 233 2.8329 0.0 8.181805246746432 0.0 4.0 
1161 10555871.6 100.00301633585542 81.7107752642394 144.3338876953124 0 233 2.8329 0.0 8.181805246746432 0.0 4.0 
1162 10555904.9 100.00301633585542 81.72400535101124 144.3338876953124 0 233 2.8329 0.0 8.181805246746432 0.0 4.0 
1163 10555938.3 100.00301633585542 81.72400535101124 144.3338876953124 0 233 2.8329 0.0 8.181805246746432 0.0 4.0 
1164 10555971.6 100.00301633585542 81.72400535101124 144.3338876953124 0 233 2.8329 0.0 8.181805246746432 0.0 4.0 
1165 10556004.9 100.00064988211216 81.73963261285513 144.3338876953124 0 233 2.8329 0.0 8.181805246746432 0.0 4.0 
1166 10556038.3 100.00064988211216 81.73963261285513 144.3338876953124 0 233 2.8329 0.0 8.181805246746432 0.0 4.0 
1167 10556071.6 100.00064988211216 81.73963261285513 144.3338876953124 0 233 2.8329 0.0 8.181805246746432 0.0 4.0 
1168 10556105.0 99.99407222999294 81.7524458061202 144.3338876953124 0 233 2.8329 0.0 8.181805246746432 0.0 4.0 
1169 10556138.3 99.99407222999294 81.7524458061202 144.3338876953124 0 233 2.8329 0.0 8.181805246746432 0.0 4.0 
1170 10556171.6 99.99407222999294 81.7524458061202 144.3338876953124 0 233 2.8329 0.0 8.181805246746432 0.0 4.0 
1171 10556205.0 99.99407222999294 81.7524458061202 144.3338876953124 0 233 2.8329 0.0 8.181805246746432 0.0 4.0 
1172 10556238.3 99.9921187784274 81.7524458061202 144.3338876953124 0 233 2.8329 0.0 8.181805246746432 0.0 4.0 
1173 10556271.6 99.9921187784274 81.7509125249272 144.3338876953124 0 233 2.8329 0.0 8.181805246746432 0.0 4.0 
1174 10556305.0 99.9921187784274 81.7509125249272 144.3338876953124 0 233 2.8329 0.0 8.181805246746432 0.0 4.0 
1175 10556338.3 99.9921187784274 81.7509125249272 144.3338876953124 0 233 2.8329 0.0 8.181805246746432 0.0 4.0 
1176 10556371.6 99.9921187784274 81.74983238323527 144.3338876953124 0 233 2.8329 0.0 8.181805246746432 0.0 4.0 
1177 10556405.0 99.9921187784274 81.74983238323527 144.3338876953124 0 233 2.8329 0.0 8.181805246746432 0.0 4.0 
1178 10556438.3 99.9921187784274 81.74983238323527 144.3338876953124 0 233 2.8329 0.0 8.181805246746432 0.0 4.0 
1179 10556471.7 99.98939829873795 81.75518500193232 144.3338876953124 0 233 2.8329 0.0 8.181805246746432 0.0 4.0 
1180 10556505.0 99.98939829873795 81.75518500193232 144.3338876953124 0 233 2.8329 0.0 8.181805246746432 0.0 4.0 
1181 10556538.3 99.98939829873795 81.75518500193232 144.3338876953124 0 233 2.8329 0.0 8.181805246746432 0.0 4.0 
1182 10556571.7 99.98939829873795 81.75518500193232 144.3338876953124 0 233 2.8329 0.0 8.181805246746432 0.0 4.0 
1183 10556605.0 99.99223112360134 81.75518500193232 144.3338876953124 0 233 2.8329 0.0 8.181805246746432 0.0 4.0 
1184 10556638.3 99.99223112360134 81.75669405261003 144.3338876953124 0 233 2.8329 0.0 8.181805246746432 0.0 4.0 
1185 10556671.7 99.99223112360134 81.75669405261003 144.3338876953124 0 233 2.8329 0.0 8.181805246746432 0.0 4.0 
1186 10556705.0 99.99223112360134 81.75669405261003 144.3338876953124 0 233 2.8329 0.0 8.181805246746432 0.0 4.0 
1187 10556738.3 100.0011389107345 81.75669405261003 144.3338876953124 0 233 2.8329 0.0 8.181805246746432 0.0 4.0 
1188 10556771.7 100.0011389107345 81.75669405261003 144.3338876953124 0 233 2.8329 0.0 8.181805246746432 0.0 4.0 
1189 10556805.0 100.0011389107345 81.75669405261003 144.3338876953124 0 233 2.8329 0.0 8.181805246746432 0.0 4.0 
1190 10556838.3 100.00643111610505 81.75015791725122 144.3338876953124 0 233 2.8329 0.0 8.181805246746432 0.0 4.0 
1191 10556871.7 100.00643111610505 81.75015791725122 144.3338876953124 0 233 2.8329 0.0 8.181805246746432 0.0 4.0 
1192 10556905.0 100.00643111610505 81.75015791725122 144.3338876953124 0 233 2.8329 0.0 8.181805246746432 0.0 4.0 
1193 10556938.4 100.00643111610505 81.75015791725122 144.3338876953124 0 233 2.8329 0.0 8.181805246746432 0.0 4.0 
1194 10556971.7 100.00344303117757 81.75015791725122 144.3338876953124 0 233 2.8329 0.0 8.181805246746432 0.0 4.0 
1195 10557005.0 100.00344303117757 81.70215458962291 144.3338876953124 0 233 2.8329 0.0 8.181805246746432 0.0 4.0 
1196 10557038.4 100.00344303117757 81.70215458962291 144.3338876953124 0 233 2.8329 0.0 8.181805246746432 0.0 4.0 
1197 10557071.7 100.00344303117757 81.70215458962291 144.3338876953124 0 233 2.8329 0.0 8.181805246746432 0.0 4.0 
1198 10557105.0 100.00344303117757 81.70215458962291 144.3338876953124 0 233 2.8329 0.0 8.181805246746432 0.0 4.0 
1199 10557138.4 99.9837602770242 81.70215458962291 144.3338876953124 0 233 2.8329 0.0 8.181805246746432 0.0 4.0 
1200 10557171.7 99.9837602770242 81.66150812818432 144.3338876953124 0 233 2.8329 0.0 8.181805246746432 0.0 4.0 
1201 10557205.0 99.9837602770242 81.66150812818432 144.3338876953124 0 233 2.8329 0.0 8.181805246746432 0.0 4.0 
1202 10557238.4 99.9837602770242 81.66150812818432 144.3338876953124 0 233 2.8329 0.0 8.181805246746432 0.0 4.0 
1203 10557271.7 99.95401701624031 81.63237303508099 144.3338876953124 0 233 2.8329 0.0 8.181805246746432 0.0 4.0 
1204 10557305.1 99.95401701624031 81.63237303508099 144.3338876953124 0 233 2.8329 0.0 8.181805246746432 0.0 4.0 
1205 10557338.4 99.95401701624031 81.63237303508099 144.3338876953124 0 233 2.8329 0.0 8.181805246746432 0.0 4.0 
1206 10557371.7 99.93883651982976 81.63237303508099 144.3338876953124 0 233 2.8329 0.0 8.181805246746432 0.0 4.0 
1207 10557405.1 99.93883651982976 81.62114491339119 144.3338876953124 0 233 2.8329 0.0 8.181805246746432 0.0 4.0 
1208 10557438.4 99.93883651982976 81.62114491339119 144.3338876953124 0 233 2.8329 0.0 8.181805246746432 0.0 4.0 
1209 10557471.7 99.93883651982976 81.62114491339119 144.3338876953124 0 233 2.8329 0.0 8.181805246746432 0.0 4.0 
1210 10557505.1 99.9176554198735 81.62114491339119 144.3338876953124 0 233 2.8329 0.0 8.181805246746432 0.0 4.0 
1211 10557538.4 99.9176554198735 81.60662991890143 144.3338876953124 0 233 2.8329 0.0 8.181805246746432 0.0 4.0 
1212 10557571.7 99.9176554198735 81.60662991890143 144.3338876953124 0 233 2.8329 0.0 8.181805246746432 0.0 4.0 
1213 10557605.1 99.9176554198735 81.60662991890143 144.3338876953124 0 233 2.8329 0.0 8.181805246746432 0.0 4.0 
1214 10557638.4 99.89127224348066 81.58487462655098 144.3338876953124 0 233 2.8329 0.0 8.181805246746432 0.0 4.0 
1215 10557671.7 99.89127224348066 81.58487462655098 144.3338876953124 0 233 2.8329 0.0 8.181805246746432 0.0 4.0 
1216 10557705.1 99.89127224348066 81.58487462655098 144.3338876953124 0 233 2.8329 0.0 8.181805246746432 0.0 4.0 
1217 10557738.4 99.89127224348066 81.58487462655098 144.3338876953124 0 233 2.8329 0.0 8.181805246746432 0.0 4.0 
1218 10557771.8 99.86469943671233 81.58487462655098 144.3338876953124 0 233 2.8329 0.0 8.181805246746432 0.0 4.0 
1219 10557805.1 99.86469943671233 81.5515478522128 144.3338876953124 0 233 2.8329 0.0 8.181805246746432 0.0 4.0 
1220 10557838.4 99.86469943671233 81.5515478522128 144.3338876953124 0 233 2.8329 0.0 8.181805246746432 0.0 4.0 
1221 10557871.8 99.86469943671233 81.5515478522128 144.3338876953124 0 233 2.8329 0.0 8.181805246746432 0.0 4.0 
1222 10557905.1 99.84948674879938 81.5515478522128 144.3338876953124 0 233 2.8329 0.0 8.181805246746432 0.0 4.0 
1223 10557938.4 99.84948674879938 81.51122253534632 144.3338876953124 0 233 2.8329 0.0 8.181805246746432 0.0 4.0 
1224 10557971.8 99.84948674879938 81.51122253534632 144.3338876953124 0 233 2.8329 0.0 8.181805246746432 0.0 4.0 
1225 10558005.1 99.84948674879938 81.51122253534632 144.3338876953124 0 233 2.8329 0.0 8.181805246746432 0.0 4.0 
1226 10558038.4 99.84948674879938 81.51122253534632 144.3338876953124 0 233 2.8329 0.0 8.181805246746432 0.0 4.0 
1227 10558071.8 99.84766489690858 81.51122253534632 144.3338876953124 0 233 2.8329 0.0 8.181805246746432 0.0 4.0 
1228 10558105.1 99.84766489690858 81.4973069699456 144.3338876953124 0 233 2.8329 0.0 8.181805246746432 0.0 4.0 
1229 10558138.5 99.84766489690858 81.4973069699456 144.3338876953124 0 233 2.8329 0.0 8.181805246746432 0.0 4.0 
1230 10558171.8 99.84766489690858 81.4973069699456 144.3338876953124 0 233 2.8329 0.0 8.181805246746432 0.0 4.0 
1231 10558205.1 99.84960988289548 81.4973069699456 144.3338876953124 0 233 2.8329 0.0 8.181805246746432 0.0 4.0 
1232 10558238.5 99.84960988289548 81.47638934429 144.3338876953124 0 233 2.8329 0.0 8.181805246746432 0.0 4.0 
1233 10558271.8 99.84960988289548 81.47638934429 144.3338876953124 0 233 2.8329 0.0 8.181805246746432 0.0 4.0 
1234 10558305.1 99.84960988289548 81.47638934429 144.3338876953124 0 233 2.8329 0.0 8.181805246746432 0.0 4.0 
1235 10558338.5 99.85662012543393 81.47638934429 144.3338876953124 0 233 2.8329 0.0 8.181805246746432 0.0 4.0 
1236 10558371.8 99.85662012543393 81.44905924458726 144.3338876953124 0 233 2.8329 0.0 8.181805246746432 0.0 4.0 
1237 10558405.1 99.85662012543393 81.44905924458726 144.3338876953124 0 233 2.8329 0.0 8.181805246746432 0.0 4.0 
1238 10558438.5 99.85662012543393 81.44905924458726 144.3338876953124 0 233 2.8329 0.0 8.181805246746432 0.0 4.0 
1239 10558471.8 99.86935006522214 81.44905924458726 144.3338876953124 0 233 2.8329 0.0 8.181805246746432 0.0 4.0 
1240 10558505.1 99.86935006522214 81.4208780445438 144.3338876953124 0 233 2.8329 0.0 8.181805246746432 0.0 4.0 
1241 10558538.5 99.86935006522214 81.4208780445438 144.3338876953124 0 233 2.8329 0.0 8.181805246746432 0.0 4.0 
1242 10558571.8 99.86935006522214 81.4208780445438 144.3338876953124 0 233 2.8329 0.0 8.181805246746432 0.0 4.0 
1243 10558605.2 99.87715312614546 81.4208780445438 144.3338876953124 0 233 2.8329 0.0 8.181805246746432 0.0 4.0 
1244 10558638.5 99.87715312614546 81.40451727440963 144.3338876953124 0 233 2.8329 0.0 8.181805246746432 0.0 4.0 
1245 10558671.8 99.87715312614546 81.40451727440963 144.3338876953124 0 233 2.8329 0.0 8.181805246746432 0.0 4.0 
1246 10558705.2 99.8880004388138 81.40451727440963 144.3338876953124 0 233 2.8329 0.0 8.181805246746432 0.0 4.0 
1247 10558738.5 99.8880004388138 81.3760916107636 144.3338876953124 0 233 2.8329 0.0 8.181805246746432 0.0 4.0 
1248 10558771.8 99.8880004388138 81.3760916107636 144.3338876953124 0 233 2.8329 0.0 8.181805246746432 0.0 4.0 
1249 10558805.2 99.8880004388138 81.3760916107636 144.3338876953124 0 233 2.8329 0.0 8.181805246746432 0.0 4.0 
1250 10558838.5 99.89570660551453 81.3760916107636 144.3338876953124 0 233 2.8329 0.0 8.181805246746432 0.0 4.0 
1251 10558871.8 99.89570660551453 81.35655632078401 144.3338876953124 0 233 2.8329 0.0 8.181805246746432 0.0 4.0 
1252 10558905.2 99.89570660551453 81.35655632078401 144.3338876953124 0 233 2.8329 0.0 8.181805246746432 0.0 4.0 
1253 10558938.5 99.89570660551453 81.35655632078401 144.3338876953124 0 233 2.8329 0.0 8.181805246746432 0.0 4.0 
1254 10558971.9 99.89570660551453 81.35655632078401 144.3338876953124 0 233 2.8329 0.0 8.181805246746432 0.0 4.0 
1255 10559005.2 99.89570660551453 81.32060140652935 144.3338876953124 0 233 2.8329 0.0 8.181805246746432 0.0 4.0 
1256 10559038.5 99.89570660551453 81.32060140652935 144.3338876953124 0 233 2.8329 0.0 8.181805246746432 0.0 4.0 
1257 10559071.9 99.89570660551453 81.32060140652935 144.3338876953124 0 233 2.8329 0.0 8.181805246746432 0.0 4.0 
1258 10559105.2 99.89570660551453 81.32060140652935 144.3338876953124 0 233 2.8329 0.0 8.181805246746432 0.0 4.0 
1259 10559138.5 99.88537258231844 81.32060140652935 144.3338876953124 0 233 2.8329 0.0 8.181805246746432 0.0 4.0 
1260 10559171.9 99.88537258231844 81.29692183885793 144.3338876953124 0 233 2.8329 0.0 8.181805246746432 0.0 4.0 
1261 10559205.2 99.88537258231844 81.29692183885793 144.3338876953124 0 233 2.8329 0.0 8.181805246746432 0.0 4.0 
1262 10559238.5 99.88537258231844 81.29692183885793 144.3338876953124 0 233 2.8329 0.0 8.181805246746432 0.0 4.0 
1263 10559271.9 99.8606295962299 81.27216552089098 144.3338876953124 0 233 2.8329 0.0 8.181805246746432 0.0 4.0 
1264 10559305.2 99.8606295962299 81.27216552089098 144.3338876953124 0 233 2.8329 0.0 8.181805246746432 0.0 4.0 
1265 10559338.5 99.8606295962299 81.27216552089098 144.3338876953124 0 233 2.8329 0.0 8.181805246746432 0.0 4.0 
1266 10559371.9 99.8606295962299 81.27216552089098 144.3338876953124 0 233 2.8329 0.0 8.181805246746432 0.0 4.0 
1267 10559405.2 99.82828510917454 81.27216552089098 144.3338876953124 0 233 2.8329 0.0 8.181805246746432 0.0 4.0 
1268 10559438.6 99.82828510917454 81.25667180435698 144.3338876953124 0 233 2.8329 0.0 8.181805246746432 0.0 4.0 
1269 10559471.9 99.82828510917454 81.25667180435698 144.3338876953124 0 233 2.8329 0.0 8.181805246746432 0.0 4.0 
1270 10559505.2 99.82828510917454 81.25667180435698 144.3338876953124 0 233 2.8329 0.0 8.181805246746432 0.0 4.0 
1271 10559538.6 99.7973224443086 81.25667180435698 144.3338876953124 0 233 2.8329 0.0 8.181805246746432 0.0 4.0 
1272 10559571.9 99.7973224443086 81.24992076947608 144.3338876953124 0 233 2.8329 0.0 8.181805246746432 0.0 4.0 
1273 10559605.2 99.7973224443086 81.24992076947608 144.3338876953124 0 233 2.8329 0.0 8.181805246746432 0.0 4.0 
1274 10559638.6 99.78228692349127 81.2488019606444 144.3338876953124 0 233 2.8329 0.0 8.181805246746432 0.0 4.0 
1275 10559671.9 99.78228692349127 81.2488019606444 144.3338876953124 0 233 2.8329 0.0 8.181805246746432 0.0 4.0 
1276 10559705.2 99.78228692349127 81.2488019606444 144.3338876953124 0 233 2.8329 0.0 8.181805246746432 0.0 4.0 
1277 10559738.6 99.78228692349127 81.2488019606444 144.3338876953124 0 233 2.8329 0.0 8.181805246746432 0.0 4.0 
1278 10559771.9 99.78228692349127 81.24408149771637 144.3338876953124 0 233 2.8329 0.0 8.181805246746432 0.0 4.0 
1279 10559805.3 99.78228692349127 81.24408149771637 144.3338876953124 0 233 2.8329 0.0 8.181805246746432 0.0 4.0 
1280 10559838.6 99.7835993752936 81.24408149771637 144.3338876953124 0 233 2.8329 0.0 8.181805246746432 0.0 4.0 
1281 10559871.9 99.7835993752936 81.24030173885461 144.3338876953124 0 233 2.8329 0.0 8.181805246746432 0.0 4.0 
1282 10559905.3 99.7835993752936 81.24030173885461 144.3338876953124 0 233 2.8329 0.0 8.181805246746432 0.0 4.0 
1283 10559938.6 99.77890588809653 81.24030173885461 144.3338876953124 0 233 2.8329 0.0 8.181805246746432 0.0 4.0 
1284 10559971.9 99.77890588809653 81.24299092021307 144.3338876953124 0 233 2.8329 0.0 8.181805246746432 0.0 4.0 
1285 10560005.3 99.77890588809653 81.24299092021307 144.3338876953124 0 233 2.8329 0.0 8.181805246746432 0.0 4.0 
1286 10560038.6 99.76422926182693 81.25364739284139 144.3338876953124 0 233 2.8329 0.0 8.181805246746432 0.0 4.0 
1287 10560071.9 99.76422926182693 81.25364739284139 144.3338876953124 0 233 2.8329 0.0 8.181805246746432 0.0 4.0 
1288 10560105.3 99.76422926182693 81.25364739284139 144.3338876953124 0 233 2.8329 0.0 8.181805246746432 0.0 4.0 
1289 10560138.6 99.75394019227251 81.25364739284139 144.3338876953124 0 233 2.8329 0.0 8.181805246746432 0.0 4.0 
1290 10560171.9 99.75394019227251 81.26217502987066 144.3338876953124 0 233 2.8329 0.0 8.181805246746432 0.0 4.0 
1291 10560205.3 99.75394019227251 81.26217502987066 144.3338876953124 0 233 2.8329 0.0 8.181805246746432 0.0 4.0 
1292 10560238.6 99.75394019227251 81.26217502987066 144.3338876953124 0 233 2.8329 0.0 8.181805246746432 0.0 4.0 
1293 10560272.0 99.73803519601533 81.26217502987066 144.3338876953124 0 233 2.8329 0.0 8.181805246746432 0.0 4.0 
1294 10560305.3 99.73803519601533 81.27022362232844 144.3338876953124 0 233 2.8329 0.0 8.181805246746432 0.0 4.0 
1295 10560338.6 99.73803519601533 81.27022362232844 144.3338876953124 0 233 2.8329 0.0 8.181805246746432 0.0 4.0 
1296 10560372.0 99.73803519601533 81.27022362232844 144.3338876953124 0 233 2.8329 0.0 8.181805246746432 0.0 4.0 
1297 10560405.3 99.714037903934 81.27490325911738 144.3338876953124 0 233 2.8329 0.0 8.181805246746432 0.0 4.0 
1298 10560438.6 99.714037903934 81.27490325911738 144.3338876953124 0 233 2.8329 0.0 8.181805246746432 0.0 4.0 
1299 10560472.0 99.714037903934 81.27490325911738 144.3338876953124 0 233 2.8329 0.0 8.181805246746432 0.0 4.0 
1300 10560505.3 99.69590098785311 81.27490325911738 144.3338876953124 0 233 2.8329 0.0 8.181805246746432 0.0 4.0 
1301 10560538.6 99.69590098785311 81.27674987045438 144.3338876953124 0 233 2.8329 0.0 8.181805246746432 0.0 4.0 
1302 10560572.0 99.69590098785311 81.27674987045438 144.3338876953124 0 233 2.8329 0.0 8.181805246746432 0.0 4.0 
1303 10560605.3 99.68414108071823 81.27674987045438 144.3338876953124 0 233 2.8329 0.0 8.181805246746432 0.0 4.0 
1304 10560638.7 99.68414108071823 81.27674987045438 144.3338876953124 0 233 2.8329 0.0 8.181805246746432 0.0 4.0 
1305 10560672.0 99.68414108071823 81.27674987045438 144.3338876953124 0 233 2.8329 0.0 8.181805246746432 0.0 4.0 
1306 10560705.3 99.6788727209065 81.27674987045438 144.3338876953124 0 233 2.8329 0.0 8.181805246746432 0.0 4.0 
1307 10560738.7 99.6788727209065 81.27674987045438 144.3338876953124 0 233 2.8329 0.0 8.181805246746432 0.0 4.0 
1308 10560772.0 99.6788727209065 81.27674987045438 144.3338876953124 0 233 2.8329 0.0 8.181805246746432 0.0 4.0 
1309 10560805.3 99.68995620176699 81.27869714435968 144.3338876953124 0 233 2.8329 0.0 8.181805246746432 0.0 4.0 
1310 10560838.7 99.68995620176699 81.27869714435968 144.3338876953124 0 233 2.8329 0.0 8.181805246746432 0.0 4.0 
1311 10560872.0 99.68995620176699 81.27869714435968 144.3338876953124 0 233 2.8329 0.0 8.181805246746432 0.0 4.0 
1312 10560905.3 99.68995620176699 81.27869714435968 144.3338876953124 0 233 2.8329 0.0 8.181805246746432 0.0 4.0 
1313 10560938.7 99.71707027308744 81.27869714435968 144.3338876953124 0 233 2.8329 0.0 8.181805246746432 0.0 4.0 
1314 10560972.0 99.71707027308744 81.28526102894935 144.3338876953124 0 233 2.8329 0.0 8.181805246746432 0.0 4.0 
1315 10561005.3 99.71707027308744 81.28526102894935 144.3338876953124 0 233 2.8329 0.0 8.181805246746432 0.0 4.0 
1316 10561038.7 99.71707027308744 81.28526102894935 144.3338876953124 0 233 2.8329 0.0 8.181805246746432 0.0 4.0 
1317 10561072.0 99.71707027308744 81.28526102894935 144.3338876953124 0 233 2.8329 0.0 8.181805246746432 0.0 4.0 
1318 10561105.4 99.74249458957645 81.28526102894935 144.3338876953124 0 233 2.8329 0.0 8.181805246746432 0.0 4.0 
1319 10561138.7 99.74249458957645 81.29479539105479 144.3338876953124 0 233 2.8329 0.0 8.181805246746432 0.0 4.0 
1320 10561172.0 99.74249458957645 81.29479539105479 144.3338876953124 0 233 2.8329 0.0 8.181805246746432 0.0 4.0 
1321 10561205.4 99.75591431951976 81.3026391008599 144.3338876953124 0 233 2.8329 0.0 8.181805246746432 0.0 4.0 
1322 10561238.7 99.75591431951976 81.3026391008599 144.3338876953124 0 233 2.8329 0.0 8.181805246746432 0.0 4.0 
1323 10561272.0 99.75591431951976 81.3026391008599 144.3338876953124 0 233 2.8329 0.0 8.181805246746432 0.0 4.0 
1324 10561305.4 99.76362862047962 81.3026391008599 144.3338876953124 0 233 2.8329 0.0 8.181805246746432 0.0 4.0 
1325 10561338.7 99.76362862047962 81.31242949598807 144.3338876953124 0 233 2.8329 0.0 8.181805246746432 0.0 4.0 
1326 10561372.0 99.76362862047962 81.31242949598807 144.3338876953124 0 233 2.8329 0.0 8.181805246746432 0.0 4.0 
1327 10561405.4 99.76362862047962 81.31242949598807 144.3338876953124 0 233 2.8329 0.0 8.181805246746432 0.0 4.0 
1328 10561438.7 99.77119223658718 81.31242949598807 144.3338876953124 0 233 2.8329 0.0 8.181805246746432 0.0 4.0 
1329 10561472.1 99.77119223658718 81.33035027755963 144.3338876953124 0 233 2.8329 0.0 8.181805246746432 0.0 4.0 
1330 10561505.4 99.77119223658718 81.33035027755963 144.3338876953124 0 233 2.8329 0.0 8.181805246746432 0.0 4.0 
1331 10561538.7 99.77119223658718 81.33035027755963 144.3338876953124 0 233 2.8329 0.0 8.181805246746432 0.0 4.0 
1332 10561572.1 99.77498535581229 81.34247329672438 144.3338876953124 0 233 2.8329 0.0 8.181805246746432 0.0 4.0 
1333 10561605.4 99.77498535581229 81.34247329672438 144.3338876953124 0 233 2.8329 0.0 8.181805246746432 0.0 4.0 
1334 10561638.7 99.77498535581229 81.34247329672438 144.3338876953124 0 233 2.8329 0.0 8.181805246746432 0.0 4.0 
1335 10561672.1 99.77682781088093 81.34922975233965 144.3338876953124 0 233 2.8329 0.0 8.181805246746432 0.0 4.0 
1336 10561705.4 99.77682781088093 81.34922975233965 144.3338876953124 0 233 2.8329 0.0 8.181805246746432 0.0 4.0 
1337 10561738.7 99.77682781088093 81.34922975233965 144.3338876953124 0 233 2.8329 0.0 8.181805246746432 0.0 4.0 
1338 10561772.1 99.77682781088093 81.34922975233965 144.3338876953124 0 233 2.8329 0.0 8.181805246746432 0.0 4.0 
1339 10561805.4 99.77804728676706 81.34922975233965 144.3338876953124 0 233 2.8329 0.0 8.181805246746432 0.0 4.0 
1340 10561838.7 99.77804728676706 81.35250820943467 144.3338876953124 0 233 2.8329 0.0 8.181805246746432 0.0 4.0 
1341 10561872.1 99.77804728676706 81.35250820943467 144.3338876953124 0 233 2.8329 0.0 8.181805246746432 0.0 4.0 
1342 10561905.4 99.77804728676706 81.36211452646037 144.3338876953124 0 233 2.8329 0.0 8.181805246746432 0.0 4.0 
1343 10561938.8 99.77804728676706 81.36211452646037 144.3338876953124 0 233 2.8329 0.0 8.181805246746432 0.0 4.0 
1344 10561972.1 99.77804728676706 81.36211452646037 144.3338876953124 0 233 2.8329 0.0 8.181805246746432 0.0 4.0 
1345 10562005.4 99.77472827819582 81.37446650108548 144.3338876953124 0 233 2.8329 0.0 8.181805246746432 0.0 4.0 
1346 10562038.8 99.77472827819582 81.37446650108548 144.3338876953124 0 233 2.8329 0.0 8.181805246746432 0.0 4.0 
1347 10562072.1 99.77472827819582 81.37446650108548 144.3338876953124 0 233 2.8329 0.0 8.181805246746432 0.0 4.0 
1348 10562105.4 99.76797956355382 81.37446650108548 144.3338876953124 0 233 2.8329 0.0 8.181805246746432 0.0 4.0 
1349 10562138.8 99.76797956355382 81.38393313624712 144.3338876953124 0 233 2.8329 0.0 8.181805246746432 0.0 4.0 
1350 10562172.1 99.76797956355382 81.38393313624712 144.3338876953124 0 233 2.8329 0.0 8.181805246746432 0.0 4.0 
1351 10562205.4 99.76797956355382 81.38393313624712 144.3338876953124 0 233 2.8329 0.0 8.181805246746432 0.0 4.0 
1352 10562238.8 99.76437888001918 81.38393313624712 144.3338876953124 0 233 2.8329 0.0 8.181805246746432 0.0 4.0 
1353 10562272.1 99.76437888001918 81.39184048089523 144.3338876953124 0 233 2.8329 0.0 8.181805246746432 0.0 4.0 
1354 10562305.5 99.76437888001918 81.39184048089523 144.3338876953124 0 233 2.8329 0.0 8.181805246746432 0.0 4.0 
1355 10562338.8 99.76437888001918 81.39184048089523 144.3338876953124 0 233 2.8329 0.0 8.181805246746432 0.0 4.0 
1356 10562372.1 99.76062638025785 81.39808406130294 144.3338876953124 0 233 2.8329 0.0 8.181805246746432 0.0 4.0 
1357 10562405.5 99.76062638025785 81.39808406130294 144.3338876953124 0 233 2.8329 0.0 8.181805246746432 0.0 4.0 
1358 10562438.8 99.76062638025785 81.39808406130294 144.3338876953124 0 233 2.8329 0.0 8.181805246746432 0.0 4.0 
1359 10562472.1 99.75136088626235 81.39808406130294 144.3338876953124 0 233 2.8329 0.0 8.181805246746432 0.0 4.0 
1360 10562505.5 99.75136088626235 81.40713652094216 144.3338876953124 0 233 2.8329 0.0 8.181805246746432 0.0 4.0 
1361 10562538.8 99.75136088626235 81.40713652094216 144.3338876953124 0 233 2.8329 0.0 8.181805246746432 0.0 4.0 
1362 10562572.1 99.75136088626235 81.40713652094216 144.3338876953124 0 233 2.8329 0.0 8.181805246746432 0.0 4.0 
1363 10562605.5 99.74133936104121 81.40713652094216 144.3338876953124 0 233 2.8329 0.0 8.181805246746432 0.0 4.0 
1364 10562638.8 99.74133936104121 81.41295840387005 144.3338876953124 0 233 2.8329 0.0 8.181805246746432 0.0 4.0 
1365 10562672.1 99.74133936104121 81.41295840387005 144.3338876953124 0 233 2.8329 0.0 8.181805246746432 0.0 4.0 
1366 10562705.5 99.74133936104121 81.41295840387005 144.3338876953124 0 233 2.8329 0.0 8.181805246746432 0.0 4.0 
1367 10562738.8 99.7325053507596 81.42288587855937 144.3338876953124 0 233 2.8329 0.0 8.181805246746432 0.0 4.0 
1368 10562772.2 99.7325053507596 81.42288587855937 144.3338876953124 0 233 2.8329 0.0 8.181805246746432 0.0 4.0 
1369 10562805.5 99.7325053507596 81.42288587855937 144.3338876953124 0 233 2.8329 0.0 8.181805246746432 0.0 4.0 
1370 10562838.8 99.72999082587151 81.43225960873042 144.3338876953124 0 233 2.8329 0.0 8.181805246746432 0.0 4.0 
1371 10562872.2 99.72999082587151 81.43225960873042 144.3338876953124 0 233 2.8329 0.0 8.181805246746432 0.0 4.0 
1372 10562905.5 99.72999082587151 81.43225960873042 144.3338876953124 0 233 2.8329 0.0 8.181805246746432 0.0 4.0 
1373 10562938.8 99.72999082587151 81.43542468715943 144.3338876953124 0 233 2.8329 0.0 8.181805246746432 0.0 4.0 
1374 10562972.2 99.72999082587151 81.43542468715943 144.3338876953124 0 233 2.8329 0.0 8.181805246746432 0.0 4.0 
1375 10563005.5 99.72999082587151 81.43542468715943 144.3338876953124 0 233 2.8329 0.0 8.181805246746432 0.0 4.0 
1376 10563038.8 99.73149593939296 81.43542468715943 144.3338876953124 0 233 2.8329 0.0 8.181805246746432 0.0 4.0 
1377 10563072.2 99.73149593939296 81.43542468715943 144.3338876953124 0 233 2.8329 0.0 8.181805246746432 0.0 4.0 
1378 10563105.5 99.73149593939296 81.43542468715943 144.3338876953124 0 233 2.8329 0.0 8.181805246746432 0.0 4.0 
1379 10563138.9 99.73881213942245 81.43133991328524 144.3338876953124 0 233 2.8329 0.0 8.181805246746432 0.0 4.0 
1380 10563172.2 99.73881213942245 81.43133991328524 144.3338876953124 0 233 2.8329 0.0 8.181805246746432 0.0 4.0 
1381 10563205.5 99.73881213942245 81.43133991328524 144.3338876953124 0 233 2.8329 0.0 8.181805246746432 0.0 4.0 
1382 10563238.9 99.73881213942245 81.43133991328524 144.3338876953124 0 233 2.8329 0.0 8.181805246746432 0.0 4.0 
1383 10563272.2 99.74396593823765 81.43133991328524 144.3338876953124 0 233 2.8329 0.0 8.181805246746432 0.0 4.0 
1384 10563305.5 99.74396593823765 81.42967042311622 144.3338876953124 0 233 2.8329 0.0 8.181805246746432 0.0 4.0 
1385 10563338.9 99.74396593823765 81.42967042311622 144.3338876953124 0 233 2.8329 0.0 8.181805246746432 0.0 4.0 
1386 10563372.2 99.74396593823765 81.42967042311622 144.3338876953124 0 233 2.8329 0.0 8.181805246746432 0.0 4.0 
1387 10563405.5 99.74583257662957 81.42967042311622 144.3338876953124 0 233 2.8329 0.0 8.181805246746432 0.0 4.0 
1388 10563438.9 99.74583257662957 81.43198813782956 144.3338876953124 0 233 2.8329 0.0 8.181805246746432 0.0 4.0 
1389 10563472.2 99.74583257662957 81.43198813782956 144.3338876953124 0 233 2.8329 0.0 8.181805246746432 0.0 4.0 
1390 10563505.5 99.74583257662957 81.43198813782956 144.3338876953124 0 233 2.8329 0.0 8.181805246746432 0.0 4.0 
1391 10563538.9 99.7535706828354 81.42912030348495 144.3338876953124 0 233 2.8329 0.0 8.181805246746432 0.0 4.0 
1392 10563572.2 99.7535706828354 81.42912030348495 144.3338876953124 0 233 2.8329 0.0 8.181805246746432 0.0 4.0 
1393 10563605.6 99.7535706828354 81.42912030348495 144.3338876953124 0 233 2.8329 0.0 8.181805246746432 0.0 4.0 
1394 10563638.9 99.7535706828354 81.42912030348495 144.3338876953124 0 233 2.8329 0.0 8.181805246746432 0.0 4.0 
1395 10563672.2 99.75888673076105 81.42036602680949 144.3338876953124 0 233 2.8329 0.0 8.181805246746432 0.0 4.0 
1396 10563705.6 99.75888673076105 81.42036602680949 144.3338876953124 0 233 2.8329 0.0 8.181805246746432 0.0 4.0 
1397 10563738.9 99.75888673076105 81.42036602680949 144.3338876953124 0 233 2.8329 0.0 8.181805246746432 0.0 4.0 
1398 10563772.2 99.75888673076105 81.42036602680949 144.3338876953124 0 233 2.8329 0.0 8.181805246746432 0.0 4.0 
1399 10563805.6 99.77632779938085 81.42036602680949 144.3338876953124 0 233 2.8329 0.0 8.181805246746432 0.0 4.0 
1400 10563838.9 99.77632779938085 81.39905730448866 144.3338876953124 0 233 2.8329 0.0 8.181805246746432 0.0 4.0 
1401 10563872.2 99.77632779938085 81.39905730448866 144.3338876953124 0 233 2.8329 0.0 8.181805246746432 0.0 4.0 
1402 10563905.6 99.77632779938085 81.39905730448866 144.3338876953124 0 233 2.8329 0.0 8.181805246746432 0.0 4.0 
1403 10563938.9 99.7893164299958 81.36430071762517 144.3338876953124 0 233 2.8329 0.0 8.181805246746432 0.0 4.0 
1404 10563972.3 99.7893164299958 81.36430071762517 144.3338876953124 0 233 2.8329 0.0 8.181805246746432 0.0 4.0 
1405 10564005.6 99.7893164299958 81.36430071762517 144.3338876953124 0 233 2.8329 0.0 8.181805246746432 0.0 4.0 
1406 10564038.9 99.7893164299958 81.36430071762517 144.3338876953124 0 233 2.8329 0.0 8.181805246746432 0.0 4.0 
1407 10564072.3 99.7876605585477 81.36430071762517 144.3338876953124 0 233 2.8329 0.0 8.181805246746432 0.0 4.0 
1408 10564105.6 99.7876605585477 81.33054407324269 144.3338876953124 0 233 2.8329 0.0 8.181805246746432 0.0 4.0 
1409 10564138.9 99.7876605585477 81.33054407324269 144.3338876953124 0 233 2.8329 0.0 8.181805246746432 0.0 4.0 
1410 10564172.3 99.7876605585477 81.33054407324269 144.3338876953124 0 233 2.8329 0.0 8.181805246746432 0.0 4.0 
1411 10564205.6 99.77714243730387 81.33054407324269 144.3338876953124 0 233 2.8329 0.0 8.181805246746432 0.0 4.0 
1412 10564238.9 99.77714243730387 81.3106524423662 144.3338876953124 0 233 2.8329 0.0 8.181805246746432 0.0 4.0 
1413 10564272.3 99.77714243730387 81.3106524423662 144.3338876953124 0 233 2.8329 0.0 8.181805246746432 0.0 4.0 
1414 10564305.6 99.77714243730387 81.3106524423662 144.3338876953124 0 233 2.8329 0.0 8.181805246746432 0.0 4.0 
1415 10564338.9 99.75185404129203 81.28724563743256 144.3338876953124 0 233 2.8329 0.0 8.181805246746432 0.0 4.0 
1416 10564372.3 99.75185404129203 81.28724563743256 144.3338876953124 0 233 2.8329 0.0 8.181805246746432 0.0 4.0 
1417 10564405.6 99.75185404129203 81.28724563743256 144.3338876953124 0 233 2.8329 0.0 8.181805246746432 0.0 4.0 
1418 10564439.0 99.75185404129203 81.28724563743256 144.3338876953124 0 233 2.8329 0.0 8.181805246746432 0.0 4.0 
1419 10564472.3 99.72935814731133 81.28724563743256 144.3338876953124 0 233 2.8329 0.0 8.181805246746432 0.0 4.0 
1420 10564505.6 99.72935814731133 81.28123804804733 144.3338876953124 0 233 2.8329 0.0 8.181805246746432 0.0 4.0 
1421 10564539.0 99.72935814731133 81.28123804804733 144.3338876953124 0 233 2.8329 0.0 8.181805246746432 0.0 4.0 
1422 10564572.3 99.72935814731133 81.28123804804733 144.3338876953124 0 233 2.8329 0.0 8.181805246746432 0.0 4.0 
1423 10564605.6 99.7119661976605 81.28123804804733 144.3338876953124 0 233 2.8329 0.0 8.181805246746432 0.0 4.0 
1424 10564639.0 99.7119661976605 81.27737728650303 144.3338876953124 0 233 2.8329 0.0 8.181805246746432 0.0 4.0 
1425 10564672.3 99.7119661976605 81.27737728650303 144.3338876953124 0 233 2.8329 0.0 8.181805246746432 0.0 4.0 
1426 10564705.6 99.7119661976605 81.27737728650303 144.3338876953124 0 233 2.8329 0.0 8.181805246746432 0.0 4.0 
1427 10564739.0 99.68684300981056 81.27239076354017 144.3338876953124 0 233 2.8329 0.0 8.181805246746432 0.0 4.0 
1428 10564772.3 99.68684300981056 81.27239076354017 144.3338876953124 0 233 2.8329 0.0 8.181805246746432 0.0 4.0 
1429 10564805.7 99.68684300981056 81.27239076354017 144.3338876953124 0 233 2.8329 0.0 8.181805246746432 0.0 4.0 
1430 10564839.0 99.66349371372007 81.26800302977651 144.3338876953124 0 233 2.8329 0.0 8.181805246746432 0.0 4.0 
1431 10564872.3 99.66349371372007 81.26800302977651 144.3338876953124 0 233 2.8329 0.0 8.181805246746432 0.0 4.0 
1432 10564905.7 99.66349371372007 81.26800302977651 144.3338876953124 0 233 2.8329 0.0 8.181805246746432 0.0 4.0 
1433 10564939.0 99.66349371372007 81.26800302977651 144.3338876953124 0 233 2.8329 0.0 8.181805246746432 0.0 4.0 
1434 10564972.3 99.64248312111322 81.26800302977651 144.3338876953124 0 233 2.8329 0.0 8.181805246746432 0.0 4.0 
1435 10565005.7 99.64248312111322 81.26073256358112 144.3338876953124 0 233 2.8329 0.0 8.181805246746432 0.0 4.0 
1436 10565039.0 99.64248312111322 81.26073256358112 144.3338876953124 0 233 2.8329 0.0 8.181805246746432 0.0 4.0 
1437 10565072.3 99.64248312111322 81.26073256358112 144.3338876953124 0 233 2.8329 0.0 8.181805246746432 0.0 4.0 
1438 10565105.7 99.62147373222395 81.24917578457392 144.3338876953124 0 233 2.8329 0.0 8.181805246746432 0.0 4.0 
1439 10565139.0 99.62147373222395 81.24917578457392 144.3338876953124 0 233 2.8329 0.0 8.181805246746432 0.0 4.0 
1440 10565172.3 99.62147373222395 81.24917578457392 144.3338876953124 0 233 2.8329 0.0 8.181805246746432 0.0 4.0 
1441 10565205.7 99.60728352342853 81.2385997705624 144.3338876953124 0 233 2.8329 0.0 8.181805246746432 0.0 4.0 
1442 10565239.0 99.60728352342853 81.2385997705624 144.3338876953124 0 233 2.8329 0.0 8.181805246746432 0.0 4.0 
1443 10565272.4 99.60728352342853 81.2385997705624 144.3338876953124 0 233 2.8329 0.0 8.181805246746432 0.0 4.0 
1444 10565305.7 99.59573488466444 81.2385997705624 144.3338876953124 0 233 2.8329 0.0 8.181805246746432 0.0 4.0 
1445 10565339.0 99.59573488466444 81.22685852768777 144.3338876953124 0 233 2.8329 0.0 8.181805246746432 0.0 4.0 
1446 10565372.4 99.59573488466444 81.22685852768777 144.3338876953124 0 233 2.8329 0.0 8.181805246746432 0.0 4.0 
1447 10565405.7 99.59573488466444 81.22685852768777 144.3338876953124 0 233 2.8329 0.0 8.181805246746432 0.0 4.0 
1448 10565439.0 99.58505711376829 81.22685852768777 144.3338876953124 0 233 2.8329 0.0 8.181805246746432 0.0 4.0 
1449 10565472.4 99.58505711376829 81.21260240928652 144.3338876953124 0 233 2.8329 0.0 8.181805246746432 0.0 4.0 
1450 10565505.7 99.58505711376829 81.21260240928652 144.3338876953124 0 233 2.8329 0.0 8.181805246746432 0.0 4.0 
1451 10565539.0 99.58505711376829 81.21260240928652 144.3338876953124 0 233 2.8329 0.0 8.181805246746432 0.0 4.0 
1452 10565572.4 99.56831063295957 81.21260240928652 144.3338876953124 0 233 2.8329 0.0 8.181805246746432 0.0 4.0 
1453 10565605.7 99.56831063295957 81.18622220791474 144.3338876953124 0 233 2.8329 0.0 8.181805246746432 0.0 4.0 
1454 10565639.1 99.56831063295957 81.18622220791474 144.3338876953124 0 233 2.8329 0.0 8.181805246746432 0.0 4.0 
1455 10565672.4 99.56831063295957 81.18622220791474 144.3338876953124 0 233 2.8329 0.0 8.181805246746432 0.0 4.0 
1456 10565705.7 99.56831063295957 81.18622220791474 144.3338876953124 0 233 2.8329 0.0 8.181805246746432 0.0 4.0 
1457 10565739.1 99.55562931628641 81.18622220791474 144.3338876953124 0 233 2.8329 0.0 8.181805246746432 0.0 4.0 
1458 10565772.4 99.55562931628641 81.1606136156646 144.3338876953124 0 233 2.8329 0.0 8.181805246746432 0.0 4.0 
1459 10565805.7 99.55562931628641 81.1606136156646 144.3338876953124 0 233 2.8329 0.0 8.181805246746432 0.0 4.0 
1460 10565839.1 99.54930422855634 81.1606136156646 144.3338876953124 0 233 2.8329 0.0 8.181805246746432 0.0 4.0 
1461 10565872.4 99.54930422855634 81.14466695227352 144.3338876953124 0 233 2.8329 0.0 8.181805246746432 0.0 4.0 
1462 10565905.7 99.54930422855634 81.14466695227352 144.3338876953124 0 233 2.8329 0.0 8.181805246746432 0.0 4.0 
1463 10565939.1 99.54328571862139 81.12587816186372 144.3338876953124 0 233 2.8329 0.0 8.181805246746432 0.0 4.0 
1464 10565972.4 99.54328571862139 81.12587816186372 144.3338876953124 0 233 2.8329 0.0 8.181805246746432 0.0 4.0 
1465 10566005.7 99.54328571862139 81.12587816186372 144.3338876953124 0 233 2.8329 0.0 8.181805246746432 0.0 4.0 
1466 10566039.1 99.54328571862139 81.12587816186372 144.3338876953124 0 233 2.8329 0.0 8.181805246746432 0.0 4.0 
1467 10566072.4 99.53706188183625 81.12587816186372 144.3338876953124 0 233 2.8329 0.0 8.181805246746432 0.0 4.0 
1468 10566105.8 99.53706188183625 81.10966390254859 144.3338876953124 0 233 2.8329 0.0 8.181805246746432 0.0 4.0 
1469 10566139.1 99.53706188183625 81.10966390254859 144.3338876953124 0 233 2.8329 0.0 8.181805246746432 0.0 4.0 
1470 10566172.4 99.52097282418458 81.10966390254859 144.3338876953124 0 233 2.8329 0.0 8.181805246746432 0.0 4.0 
1471 10566205.8 99.52097282418458 81.08218859977195 144.3338876953124 0 233 2.8329 0.0 8.181805246746432 0.0 4.0 
1472 10566239.1 99.52097282418458 81.08218859977195 144.3338876953124 0 233 2.8329 0.0 8.181805246746432 0.0 4.0 
1473 10566272.4 99.52097282418458 81.08218859977195 144.3338876953124 0 233 2.8329 0.0 8.181805246746432 0.0 4.0 
1474 10566305.8 99.4963324236609 81.06220498487185 144.3338876953124 0 233 2.8329 0.0 8.181805246746432 0.0 4.0 
1475 10566339.1 99.4963324236609 81.06220498487185 144.3338876953124 0 233 2.8329 0.0 8.181805246746432 0.0 4.0 
1476 10566372.4 99.4963324236609 81.06220498487185 144.3338876953124 0 233 2.8329 0.0 8.181805246746432 0.0 4.0 
1477 10566405.8 99.4963324236609 81.06220498487185 144.3338876953124 0 233 2.8329 0.0 8.181805246746432 0.0 4.0 
1478 10566439.1 99.48053497370083 81.05403889553563 144.3338876953124 0 233 2.8329 0.0 8.181805246746432 0.0 4.0 
1479 10566472.5 99.48053497370083 81.05403889553563 144.3338876953124 0 233 2.8329 0.0 8.181805246746432 0.0 4.0 
1480 10566505.8 99.48053497370083 81.05403889553563 144.3338876953124 0 233 2.8329 0.0 8.181805246746432 0.0 4.0 
1481 10566539.1 99.45589059339697 81.05403889553563 144.3338876953124 0 233 2.8329 0.0 8.181805246746432 0.0 4.0 
1482 10566572.5 99.45589059339697 81.04583532072434 144.3338876953124 0 233 2.8329 0.0 8.181805246746432 0.0 4.0 
1483 10566605.8 99.45589059339697 81.04583532072434 144.3338876953124 0 233 2.8329 0.0 8.181805246746432 0.0 4.0 
1484 10566639.1 99.43372960351107 81.04583532072434 144.3338876953124 0 233 2.8329 0.0 8.181805246746432 0.0 4.0 
1485 10566672.5 99.43372960351107 81.04583532072434 144.3338876953124 0 233 2.8329 0.0 8.181805246746432 0.0 4.0 
1486 10566705.8 99.43372960351107 81.04583532072434 144.3338876953124 0 233 2.8329 0.0 8.181805246746432 0.0 4.0 
1487 10566739.1 99.41933147213462 81.04583532072434 144.3338876953124 0 233 2.8329 0.0 8.181805246746432 0.0 4.0 
1488 10566772.5 99.41933147213462 81.04732464706952 144.3338876953124 0 233 2.8329 0.0 8.181805246746432 0.0 4.0 
1489 10566805.8 99.41933147213462 81.04732464706952 144.3338876953124 0 233 2.8329 0.0 8.181805246746432 0.0 4.0 
1490 10566839.1 99.41933147213462 81.04732464706952 144.3338876953124 0 233 2.8329 0.0 8.181805246746432 0.0 4.0 
1491 10566872.5 99.39964118804124 81.04732464706952 144.3338876953124 0 233 2.8329 0.0 8.181805246746432 0.0 4.0 
1492 10566905.8 99.39964118804124 81.05260965745254 144.3338876953124 0 233 2.8329 0.0 8.181805246746432 0.0 4.0 
1493 10566939.2 99.39964118804124 81.05260965745254 144.3338876953124 0 233 2.8329 0.0 8.181805246746432 0.0 4.0 
1494 10566972.5 99.39964118804124 81.05260965745254 144.3338876953124 0 233 2.8329 0.0 8.181805246746432 0.0 4.0 
1495 10567005.8 99.37112416879111 81.05260965745254 144.3338876953124 0 233 2.8329 0.0 8.181805246746432 0.0 4.0 
1496 10567039.2 99.37112416879111 81.06654365552389 144.3338876953124 0 233 2.8329 0.0 8.181805246746432 0.0 4.0 
1497 10567072.5 99.37112416879111 81.06654365552389 144.3338876953124 0 233 2.8329 0.0 8.181805246746432 0.0 4.0 
1498 10567105.8 99.36005916640312 81.07770788261101 144.3338876953124 0 233 2.8329 0.0 8.181805246746432 0.0 4.0 
1499 10567139.2 99.36005916640312 81.07770788261101 144.3338876953124 0 233 2.8329 0.0 8.181805246746432 0.0 4.0 
1500 10567172.5 99.36005916640312 81.07770788261101 144.3338876953124 0 233 2.8329 0.0 8.181805246746432 0.0 4.0 
1501 10567205.8 99.34661935584006 81.07770788261101 144.3338876953124 0 233 2.8329 0.0 8.181805246746432 0.0 4.0 
1502 10567239.2 99.34661935584006 81.08277771745468 144.3338876953124 0 233 2.8329 0.0 8.181805246746432 0.0 4.0 
1503 10567272.5 99.34661935584006 81.08277771745468 144.3338876953124 0 233 2.8329 0.0 8.181805246746432 0.0 4.0 
1504 10567305.9 99.33957044944013 81.08277771745468 144.3338876953124 0 233 2.8329 0.0 8.181805246746432 0.0 4.0 
1505 10567339.2 99.33957044944013 81.08599829179965 144.3338876953124 0 233 2.8329 0.0 8.181805246746432 0.0 4.0 
1506 10567372.5 99.33957044944013 81.08599829179965 144.3338876953124 0 233 2.8329 0.0 8.181805246746432 0.0 4.0 
1507 10567405.9 99.33697801135875 81.08599829179965 144.3338876953124 0 233 2.8329 0.0 8.181805246746432 0.0 4.0 
1508 10567439.2 99.33697801135875 81.08039488145353 144.3338876953124 0 233 2.8329 0.0 8.181805246746432 0.0 4.0 
1509 10567472.5 99.33697801135875 81.08039488145353 144.3338876953124 0 233 2.8329 0.0 8.181805246746432 0.0 4.0 
1510 10567505.9 99.34210447782006 81.0619344225125 144.3338876953124 0 233 2.8329 0.0 8.181805246746432 0.0 4.0 
1511 10567539.2 99.34210447782006 81.0619344225125 144.3338876953124 0 233 2.8329 0.0 8.181805246746432 0.0 4.0 
1512 10567572.5 99.34210447782006 81.0619344225125 144.3338876953124 0 233 2.8329 0.0 8.181805246746432 0.0 4.0 
1513 10567605.9 99.34210447782006 81.0619344225125 144.3338876953124 0 233 2.8329 0.0 8.181805246746432 0.0 4.0 
1514 10567639.2 99.35151396282357 81.0619344225125 144.3338876953124 0 233 2.8329 0.0 8.181805246746432 0.0 4.0 
1515 10567672.5 99.35151396282357 81.03957497774971 144.3338876953124 0 233 2.8329 0.0 8.181805246746432 0.0 4.0 
1516 10567705.9 99.35151396282357 81.03957497774971 144.3338876953124 0 233 2.8329 0.0 8.181805246746432 0.0 4.0 
1517 10567739.2 99.35606560808566 81.03957497774971 144.3338876953124 0 233 2.8329 0.0 8.181805246746432 0.0 4.0 
1518 10567772.6 99.35606560808566 81.01733354100651 144.3338876953124 0 233 2.8329 0.0 8.181805246746432 0.0 4.0 
1519 10567805.9 99.35606560808566 81.01733354100651 144.3338876953124 0 233 2.8329 0.0 8.181805246746432 0.0 4.0 
1520 10567839.2 99.35606560808566 81.01733354100651 144.3338876953124 0 233 2.8329 0.0 8.181805246746432 0.0 4.0 
1521 10567872.6 99.35189924318668 81.00568925600003 144.3338876953124 0 233 2.8329 0.0 8.181805246746432 0.0 4.0 
1522 10567905.9 99.35189924318668 81.00568925600003 144.3338876953124 0 233 2.8329 0.0 8.181805246746432 0.0 4.0 
1523 10567939.2 99.35189924318668 81.00568925600003 144.3338876953124 0 233 2.8329 0.0 8.181805246746432 0.0 4.0 
1524 10567972.6 99.35189924318668 81.00568925600003 144.3338876953124 0 233 2.8329 0.0 8.181805246746432 0.0 4.0 
1525 10568005.9 99.34094695438881 81.00568925600003 144.3338876953124 0 233 2.8329 0.0 8.181805246746432 0.0 4.0 
1526 10568039.2 99.34094695438881 80.99180749643796 144.3338876953124 0 233 2.8329 0.0 8.181805246746432 0.0 4.0 
1527 10568072.6 99.34094695438881 80.99180749643796 144.3338876953124 0 233 2.8329 0.0 8.181805246746432 0.0 4.0 
1528 10568105.9 99.34094695438881 80.99180749643796 144.3338876953124 0 233 2.8329 0.0 8.181805246746432 0.0 4.0 
1529 10568139.3 99.32478911845739 80.99180749643796 144.3338876953124 0 233 2.8329 0.0 8.181805246746432 0.0 4.0 
1530 10568172.6 99.32478911845739 80.9687624474141 144.3338876953124 0 233 2.8329 0.0 8.181805246746432 0.0 4.0 
1531 10568205.9 99.32478911845739 80.9687624474141 144.3338876953124 0 233 2.8329 0.0 8.181805246746432 0.0 4.0 
1532 10568239.3 99.31358622461727 80.95034253315237 144.3338876953124 0 233 2.8329 0.0 8.181805246746432 0.0 4.0 
1533 10568272.6 99.31358622461727 80.95034253315237 144.3338876953124 0 233 2.8329 0.0 8.181805246746432 0.0 4.0 
1534 10568305.9 99.31358622461727 80.95034253315237 144.3338876953124 0 233 2.8329 0.0 8.181805246746432 0.0 4.0 
1535 10568339.3 99.31358622461727 80.95034253315237 144.3338876953124 0 233 2.8329 0.0 8.181805246746432 0.0 4.0 
1536 10568372.6 99.3114748262191 80.95034253315237 144.3338876953124 0 233 2.8329 0.0 8.181805246746432 0.0 4.0 
1537 10568405.9 99.3114748262191 80.9429887971138 144.3338876953124 0 233 2.8329 0.0 8.181805246746432 0.0 4.0 
1538 10568439.3 99.3114748262191 80.9429887971138 144.3338876953124 0 233 2.8329 0.0 8.181805246746432 0.0 4.0 
1539 10568472.6 99.3114748262191 80.9429887971138 144.3338876953124 0 233 2.8329 0.0 8.181805246746432 0.0 4.0 
1540 10568505.9 99.30070766162002 80.9429887971138 144.3338876953124 0 233 2.8329 0.0 8.181805246746432 0.0 4.0 
1541 10568539.3 99.30070766162002 80.9246845956211 144.3338876953124 0 233 2.8329 0.0 8.181805246746432 0.0 4.0 
1542 10568572.6 99.30070766162002 80.9246845956211 144.3338876953124 0 233 2.8329 0.0 8.181805246746432 0.0 4.0 
1543 10568606.0 99.29925904181844 80.91371646341578 144.3338876953124 0 233 2.8329 0.0 8.181805246746432 0.0 4.0 
1544 10568639.3 99.29925904181844 80.91371646341578 144.3338876953124 0 233 2.8329 0.0 8.181805246746432 0.0 4.0 
1545 10568672.6 99.29925904181844 80.91371646341578 144.3338876953124 0 233 2.8329 0.0 8.181805246746432 0.0 4.0 
1546 10568706.0 99.29925904181844 80.91371646341578 144.3338876953124 0 233 2.8329 0.0 8.181805246746432 0.0 4.0 
1547 10568739.3 99.29173104401184 80.90125888287068 144.3338876953124 0 233 2.8329 0.0 8.181805246746432 0.0 4.0 
1548 10568772.6 99.29173104401184 80.90125888287068 144.3338876953124 0 233 2.8329 0.0 8.181805246746432 0.0 4.0 
1549 10568806.0 99.29173104401184 80.90125888287068 144.3338876953124 0 233 2.8329 0.0 8.181805246746432 0.0 4.0 
1550 10568839.3 99.2810615068085 80.90125888287068 144.3338876953124 0 233 2.8329 0.0 8.181805246746432 0.0 4.0 
1551 10568872.6 99.2810615068085 80.87437384458885 144.3338876953124 0 233 2.8329 0.0 8.181805246746432 0.0 4.0 
1552 10568906.0 99.2810615068085 80.87437384458885 144.3338876953124 0 233 2.8329 0.0 8.181805246746432 0.0 4.0 
1553 10568939.3 99.2810615068085 80.87437384458885 144.3338876953124 0 233 2.8329 0.0 8.181805246746432 0.0 4.0 
1554 10568972.7 99.2768207328384 80.87437384458885 144.3338876953124 0 233 2.8329 0.0 8.181805246746432 0.0 4.0 
1555 10569006.0 99.2768207328384 80.84937719335275 144.3338876953124 0 233 2.8329 0.0 8.181805246746432 0.0 4.0 
1556 10569039.3 99.2768207328384 80.84937719335275 144.3338876953124 0 233 2.8329 0.0 8.181805246746432 0.0 4.0 
1557 10569072.7 99.2768207328384 80.84937719335275 144.3338876953124 0 233 2.8329 0.0 8.181805246746432 0.0 4.0 
1558 10569106.0 99.2768207328384 80.82729268202425 144.3338876953124 0 233 2.8329 0.0 8.181805246746432 0.0 4.0 
1559 10569139.3 99.2768207328384 80.82729268202425 144.3338876953124 0 233 2.8329 0.0 8.181805246746432 0.0 4.0 
1560 10569172.7 99.2768207328384 80.82729268202425 144.3338876953124 0 233 2.8329 0.0 8.181805246746432 0.0 4.0 
1561 10569206.0 99.2768207328384 80.82729268202425 144.3338876953124 0 233 2.8329 0.0 8.181805246746432 0.0 4.0 
1562 10569239.3 99.2825485871099 80.82729268202425 144.3338876953124 0 233 2.8329 0.0 8.181805246746432 0.0 4.0 
1563 10569272.7 99.2825485871099 80.81097455253902 144.3338876953124 0 233 2.8329 0.0 8.181805246746432 0.0 4.0 
1564 10569306.0 99.2825485871099 80.81097455253902 144.3338876953124 0 233 2.8329 0.0 8.181805246746432 0.0 4.0 
1565 10569339.3 99.29833325978308 80.81097455253902 144.3338876953124 0 233 2.8329 0.0 8.181805246746432 0.0 4.0 
1566 10569372.7 99.29833325978308 80.7854654758307 144.3338876953124 0 233 2.8329 0.0 8.181805246746432 0.0 4.0 
1567 10569406.0 99.29833325978308 80.7854654758307 144.3338876953124 0 233 2.8329 0.0 8.181805246746432 0.0 4.0 
1568 10569439.4 99.31189490869306 80.7854654758307 144.3338876953124 0 233 2.8329 0.0 8.181805246746432 0.0 4.0 
1569 10569472.7 99.31189490869306 80.76690996123499 144.3338876953124 0 233 2.8329 0.0 8.181805246746432 0.0 4.0 
1570 10569506.0 99.31189490869306 80.76690996123499 144.3338876953124 0 233 2.8329 0.0 8.181805246746432 0.0 4.0 
1571 10569539.4 99.31189490869306 80.76690996123499 144.3338876953124 0 233 2.8329 0.0 8.181805246746432 0.0 4.0 
1572 10569572.7 99.31948302655901 80.76690996123499 144.3338876953124 0 233 2.8329 0.0 8.181805246746432 0.0 4.0 
1573 10569606.0 99.31948302655901 80.73206760680884 144.3338876953124 0 233 2.8329 0.0 8.181805246746432 0.0 4.0 
1574 10569639.4 99.31948302655901 80.73206760680884 144.3338876953124 0 233 2.8329 0.0 8.181805246746432 0.0 4.0 
1575 10569672.7 99.31948302655901 80.73206760680884 144.3338876953124 0 233 2.8329 0.0 8.181805246746432 0.0 4.0 
1576 10569706.0 99.31948302655901 80.71397094350215 144.3338876953124 0 233 2.8329 0.0 8.181805246746432 0.0 4.0 
1577 10569739.4 99.31948302655901 80.71397094350215 144.3338876953124 0 233 2.8329 0.0 8.181805246746432 0.0 4.0 
1578 10569772.7 99.31948302655901 80.71397094350215 144.3338876953124 0 233 2.8329 0.0 8.181805246746432 0.0 4.0 
1579 10569806.1 99.31069880506404 80.69430692004029 144.3338876953124 0 233 2.8329 0.0 8.181805246746432 0.0 4.0 
1580 10569839.4 99.31069880506404 80.69430692004029 144.3338876953124 0 233 2.8329 0.0 8.181805246746432 0.0 4.0 
1581 10569872.7 99.31069880506404 80.69430692004029 144.3338876953124 0 233 2.8329 0.0 8.181805246746432 0.0 4.0 
1582 10569906.1 99.29775773877695 80.683595923969 144.3338876953124 0 233 2.8329 0.0 8.181805246746432 0.0 4.0 
1583 10569939.4 99.29775773877695 80.683595923969 144.3338876953124 0 233 2.8329 0.0 8.181805246746432 0.0 4.0 
1584 10569972.7 99.29775773877695 80.683595923969 144.3338876953124 0 233 2.8329 0.0 8.181805246746432 0.0 4.0 
1585 10570006.1 99.29775773877695 80.683595923969 144.3338876953124 0 233 2.8329 0.0 8.181805246746432 0.0 4.0 
1586 10570039.4 99.27637387515014 80.683595923969 144.3338876953124 0 233 2.8329 0.0 8.181805246746432 0.0 4.0 
1587 10570072.7 99.27637387515014 80.67016237599391 144.3338876953124 0 233 2.8329 0.0 8.181805246746432 0.0 4.0 
1588 10570106.1 99.27637387515014 80.67016237599391 144.3338876953124 0 233 2.8329 0.0 8.181805246746432 0.0 4.0 
1589 10570139.4 99.27637387515014 80.67016237599391 144.3338876953124 0 233 2.8329 0.0 8.181805246746432 0.0 4.0 
1590 10570172.7 99.25506369717242 80.67016237599391 144.3338876953124 0 233 2.8329 0.0 8.181805246746432 0.0 4.0 
1591 10570206.1 99.25506369717242 80.65179531773293 144.3338876953124 0 233 2.8329 0.0 8.181805246746432 0.0 4.0 
1592 10570239.4 99.25506369717242 80.65179531773293 144.3338876953124 0 233 2.8329 0.0 8.181805246746432 0.0 4.0 
1593 10570272.8 99.25506369717242 80.65179531773293 144.3338876953124 0 233 2.8329 0.0 8.181805246746432 0.0 4.0 
1594 10570306.1 99.24513907696252 80.65179531773293 144.3338876953124 0 233 2.8329 0.0 8.181805246746432 0.0 4.0 
1595 10570339.4 99.24513907696252 80.6418783065402 144.3338876953124 0 233 2.8329 0.0 8.181805246746432 0.0 4.0 
1596 10570372.8 99.24513907696252 80.6418783065402 144.3338876953124 0 233 2.8329 0.0 8.181805246746432 0.0 4.0 
1597 10570406.1 99.24513907696252 80.6418783065402 144.3338876953124 0 233 2.8329 0.0 8.181805246746432 0.0 4.0 
1598 10570439.4 99.23014376534137 80.6418783065402 144.3338876953124 0 233 2.8329 0.0 8.181805246746432 0.0 4.0 
1599 10570472.8 99.23014376534137 80.63594768025904 144.3338876953124 0 233 2.8329 0.0 8.181805246746432 0.0 4.0 
1600 10570506.1 99.23014376534137 80.63594768025904 144.3338876953124 0 233 2.8329 0.0 8.181805246746432 0.0 4.0 
1601 10570539.4 99.21195116635214 80.63594768025904 144.3338876953124 0 233 2.8329 0.0 8.181805246746432 0.0 4.0 
1602 10570572.8 99.21195116635214 80.63594768025904 144.3338876953124 0 233 2.8329 0.0 8.181805246746432 0.0 4.0 
1603 10570606.1 99.21195116635214 80.63594768025904 144.3338876953124 0 233 2.8329 0.0 8.181805246746432 0.0 4.0 
1604 10570639.5 99.21195116635214 80.63594768025904 144.3338876953124 0 233 2.8329 0.0 8.181805246746432 0.0 4.0 
1605 10570672.8 99.19722906999507 80.63855224800253 144.3338876953124 0 233 2.8329 0.0 8.181805246746432 0.0 4.0 
1606 10570706.1 99.19722906999507 80.63855224800253 144.3338876953124 0 233 2.8329 0.0 8.181805246746432 0.0 4.0 
1607 10570739.5 99.19722906999507 80.63855224800253 144.3338876953124 0 233 2.8329 0.0 8.181805246746432 0.0 4.0 
1608 10570772.8 99.19722906999507 80.63855224800253 144.3338876953124 0 233 2.8329 0.0 8.181805246746432 0.0 4.0 
1609 10570806.1 99.18066463478483 80.63855224800253 144.3338876953124 0 233 2.8329 0.0 8.181805246746432 0.0 4.0 
1610 10570839.5 99.18066463478483 80.63613476230277 144.3338876953124 0 233 2.8329 0.0 8.181805246746432 0.0 4.0 
1611 10570872.8 99.18066463478483 80.63613476230277 144.3338876953124 0 233 2.8329 0.0 8.181805246746432 0.0 4.0 
1612 10570906.1 99.15905596235193 80.63613476230277 144.3338876953124 0 233 2.8329 0.0 8.181805246746432 0.0 4.0 
1613 10570939.5 99.15905596235193 80.61741808745283 144.3338876953124 0 233 2.8329 0.0 8.181805246746432 0.0 4.0 
1614 10570972.8 99.15905596235193 80.61741808745283 144.3338876953124 0 233 2.8329 0.0 8.181805246746432 0.0 4.0 
1615 10571006.1 99.15905596235193 80.61741808745283 144.3338876953124 0 233 2.8329 0.0 8.181805246746432 0.0 4.0 
1616 10571039.5 99.14903979686076 80.61741808745283 144.3338876953124 0 233 2.8329 0.0 8.181805246746432 0.0 4.0 
1617 10571072.8 99.14903979686076 80.59615689355708 144.3338876953124 0 233 2.8329 0.0 8.181805246746432 0.0 4.0 
1618 10571106.2 99.14903979686076 80.59615689355708 144.3338876953124 0 233 2.8329 0.0 8.181805246746432 0.0 4.0 
1619 10571139.5 99.14903979686076 80.59615689355708 144.3338876953124 0 233 2.8329 0.0 8.181805246746432 0.0 4.0 
1620 10571172.8 99.1389559926545 80.59615689355708 144.3338876953124 0 233 2.8329 0.0 8.181805246746432 0.0 4.0 
1621 10571206.2 99.1389559926545 80.57391815646051 144.3338876953124 0 233 2.8329 0.0 8.181805246746432 0.0 4.0 
1622 10571239.5 99.1389559926545 80.57391815646051 144.3338876953124 0 233 2.8329 0.0 8.181805246746432 0.0 4.0 
1623 10571272.8 99.1389559926545 80.57391815646051 144.3338876953124 0 233 2.8329 0.0 8.181805246746432 0.0 4.0 
1624 10571306.2 99.13327703049879 80.57391815646051 144.3338876953124 0 233 2.8329 0.0 8.181805246746432 0.0 4.0 
1625 10571339.5 99.13327703049879 80.55872914861736 144.3338876953124 0 233 2.8329 0.0 8.181805246746432 0.0 4.0 
1626 10571372.8 99.13327703049879 80.55872914861736 144.3338876953124 0 233 2.8329 0.0 8.181805246746432 0.0 4.0 
1627 10571406.2 99.13327703049879 80.55872914861736 144.3338876953124 0 233 2.8329 0.0 8.181805246746432 0.0 4.0 
1628 10571439.5 99.13117504462588 80.54977708856211 144.3338876953124 0 233 2.8329 0.0 8.181805246746432 0.0 4.0 
1629 10571472.9 99.13117504462588 80.54977708856211 144.3338876953124 0 233 2.8329 0.0 8.181805246746432 0.0 4.0 
1630 10571506.2 99.13117504462588 80.54977708856211 144.3338876953124 0 233 2.8329 0.0 8.181805246746432 0.0 4.0 
1631 10571539.5 99.13117504462588 80.54977708856211 144.3338876953124 0 233 2.8329 0.0 8.181805246746432 0.0 4.0 
1632 10571572.9 99.13732766876824 80.54977708856211 144.3338876953124 0 233 2.8329 0.0 8.181805246746432 0.0 4.0 
1633 10571606.2 99.13732766876824 80.53034802133521 144.3338876953124 0 233 2.8329 0.0 8.181805246746432 0.0 4.0 
1634 10571639.5 99.13732766876824 80.53034802133521 144.3338876953124 0 233 2.8329 0.0 8.181805246746432 0.0 4.0 
1635 10571672.9 99.13732766876824 80.53034802133521 144.3338876953124 0 233 2.8329 0.0 8.181805246746432 0.0 4.0 
1636 10571706.2 99.15532028513063 80.53034802133521 144.3338876953124 0 233 2.8329 0.0 8.181805246746432 0.0 4.0 
1637 10571739.5 99.15532028513063 80.51092265484303 144.3338876953124 0 233 2.8329 0.0 8.181805246746432 0.0 4.0 
1638 10571772.9 99.15532028513063 80.51092265484303 144.3338876953124 0 233 2.8329 0.0 8.181805246746432 0.0 4.0 
1639 10571806.2 99.17111164191616 80.49458598554881 144.3338876953124 0 233 2.8329 0.0 8.181805246746432 0.0 4.0 
1640 10571839.5 99.17111164191616 80.49458598554881 144.3338876953124 0 233 2.8329 0.0 8.181805246746432 0.0 4.0 
1641 10571872.9 99.17111164191616 80.49458598554881 144.3338876953124 0 233 2.8329 0.0 8.181805246746432 0.0 4.0 
1642 10571906.2 99.1806268707804 80.49458598554881 144.3338876953124 0 233 2.8329 0.0 8.181805246746432 0.0 4.0 
1643 10571939.6 99.1806268707804 80.48734302553025 144.3338876953124 0 233 2.8329 0.0 8.181805246746432 0.0 4.0 
1644 10571972.9 99.1806268707804 80.48734302553025 144.3338876953124 0 233 2.8329 0.0 8.181805246746432 0.0 4.0 
1645 10572006.2 99.1806268707804 80.48734302553025 144.3338876953124 0 233 2.8329 0.0 8.181805246746432 0.0 4.0 
1646 10572039.6 99.18982800123601 80.48734302553025 144.3338876953124 0 233 2.8329 0.0 8.181805246746432 0.0 4.0 
1647 10572072.9 99.18982800123601 80.48273831625757 144.3338876953124 0 233 2.8329 0.0 8.181805246746432 0.0 4.0 
1648 10572106.2 99.18982800123601 80.48273831625757 144.3338876953124 0 233 2.8329 0.0 8.181805246746432 0.0 4.0 
1649 10572139.6 99.18982800123601 80.48273831625757 144.3338876953124 0 233 2.8329 0.0 8.181805246746432 0.0 4.0 
1650 10572172.9 99.20673599110062 80.47034374127657 144.3338876953124 0 233 2.8329 0.0 8.181805246746432 0.0 4.0 
1651 10572206.2 99.20673599110062 80.47034374127657 144.3338876953124 0 233 2.8329 0.0 8.181805246746432 0.0 4.0 
1652 10572239.6 99.20673599110062 80.47034374127657 144.3338876953124 0 233 2.8329 0.0 8.181805246746432 0.0 4.0 
1653 10572272.9 99.20673599110062 80.47034374127657 144.3338876953124 0 233 2.8329 0.0 8.181805246746432 0.0 4.0 
1654 10572306.3 99.21811389367302 80.47034374127657 144.3338876953124 0 233 2.8329 0.0 8.181805246746432 0.0 4.0 
1655 10572339.6 99.21811389367302 80.45508803565954 144.3338876953124 0 233 2.8329 0.0 8.181805246746432 0.0 4.0 
1656 10572372.9 99.21811389367302 80.45508803565954 144.3338876953124 0 233 2.8329 0.0 8.181805246746432 0.0 4.0 
1657 10572406.3 99.21811389367302 80.45508803565954 144.3338876953124 0 233 2.8329 0.0 8.181805246746432 0.0 4.0 
1658 10572439.6 99.21811389367302 80.44701026800662 144.3338876953124 0 233 2.8329 0.0 8.181805246746432 0.0 4.0 
1659 10572472.9 99.21811389367302 80.44701026800662 144.3338876953124 0 233 2.8329 0.0 8.181805246746432 0.0 4.0 
1660 10572506.3 99.21811389367302 80.44701026800662 144.3338876953124 0 233 2.8329 0.0 8.181805246746432 0.0 4.0 
1661 10572539.6 99.19911442144304 80.44701026800662 144.3338876953124 0 233 2.8329 0.0 8.181805246746432 0.0 4.0 
1662 10572572.9 99.19911442144304 80.45643683820857 144.3338876953124 0 233 2.8329 0.0 8.181805246746432 0.0 4.0 
1663 10572606.3 99.19911442144304 80.45643683820857 144.3338876953124 0 233 2.8329 0.0 8.181805246746432 0.0 4.0 
1664 10572639.6 99.19911442144304 80.45643683820857 144.3338876953124 0 233 2.8329 0.0 8.181805246746432 0.0 4.0 
1665 10572672.9 99.18180726596502 80.45643683820857 144.3338876953124 0 233 2.8329 0.0 8.181805246746432 0.0 4.0 
1666 10572706.3 99.18180726596502 80.47163736322533 144.3338876953124 0 233 2.8329 0.0 8.181805246746432 0.0 4.0 
1667 10572739.6 99.18180726596502 80.47163736322533 144.3338876953124 0 233 2.8329 0.0 8.181805246746432 0.0 4.0 
1668 10572773.0 99.18180726596502 80.47163736322533 144.3338876953124 0 233 2.8329 0.0 8.181805246746432 0.0 4.0 
1669 10572806.3 99.17766494037171 80.47163736322533 144.3338876953124 0 233 2.8329 0.0 8.181805246746432 0.0 4.0 
1670 10572839.6 99.17766494037171 80.47358052302462 144.3338876953124 0 233 2.8329 0.0 8.181805246746432 0.0 4.0 
1671 10572873.0 99.17766494037171 80.47358052302462 144.3338876953124 0 233 2.8329 0.0 8.181805246746432 0.0 4.0 
1672 10572906.3 99.17766494037171 80.47358052302462 144.3338876953124 0 233 2.8329 0.0 8.181805246746432 0.0 4.0 
1673 10572939.6 99.17973141933469 80.47358052302462 144.3338876953124 0 233 2.8329 0.0 8.181805246746432 0.0 4.0 
1674 10572973.0 99.17973141933469 80.46844683885676 144.3338876953124 0 233 2.8329 0.0 8.181805246746432 0.0 4.0 
1675 10573006.3 99.17973141933469 80.46844683885676 144.3338876953124 0 233 2.8329 0.0 8.181805246746432 0.0 4.0 
1676 10573039.6 99.18873342301046 80.46844683885676 144.3338876953124 0 233 2.8329 0.0 8.181805246746432 0.0 4.0 
1677 10573073.0 99.18873342301046 80.46001636318043 144.3338876953124 0 233 2.8329 0.0 8.181805246746432 0.0 4.0 
1678 10573106.3 99.18873342301046 80.46001636318043 144.3338876953124 0 233 2.8329 0.0 8.181805246746432 0.0 4.0 
1679 10573139.7 99.2003579841724 80.4534749457707 144.3338876953124 0 233 2.8329 0.0 8.181805246746432 0.0 4.0 
1680 10573173.0 99.2003579841724 80.4534749457707 144.3338876953124 0 233 2.8329 0.0 8.181805246746432 0.0 4.0 
1681 10573206.3 99.2003579841724 80.4534749457707 144.3338876953124 0 233 2.8329 0.0 8.181805246746432 0.0 4.0 
1682 10573239.7 99.21583601105044 80.4534749457707 144.3338876953124 0 233 2.8329 0.0 8.181805246746432 0.0 4.0 
1683 10573273.0 99.21583601105044 80.44954622876682 144.3338876953124 0 233 2.8329 0.0 8.181805246746432 0.0 4.0 
1684 10573306.3 99.21583601105044 80.44954622876682 144.3338876953124 0 233 2.8329 0.0 8.181805246746432 0.0 4.0 
1685 10573339.7 99.21583601105044 80.44954622876682 144.3338876953124 0 233 2.8329 0.0 8.181805246746432 0.0 4.0 
1686 10573373.0 99.22846696924631 80.44954622876682 144.3338876953124 0 233 2.8329 0.0 8.181805246746432 0.0 4.0 
1687 10573406.3 99.22846696924631 80.43828846754056 144.3338876953124 0 233 2.8329 0.0 8.181805246746432 0.0 4.0 
1688 10573439.7 99.22846696924631 80.43828846754056 144.3338876953124 0 233 2.8329 0.0 8.181805246746432 0.0 4.0 
1689 10573473.0 99.22846696924631 80.43828846754056 144.3338876953124 0 233 2.8329 0.0 8.181805246746432 0.0 4.0 
1690 10573506.3 99.23606203594065 80.43828846754056 144.3338876953124 0 233 2.8329 0.0 8.181805246746432 0.0 4.0 
1691 10573539.7 99.23606203594065 80.4209159270069 144.3338876953124 0 233 2.8329 0.0 8.181805246746432 0.0 4.0 
1692 10573573.0 99.23606203594065 80.4209159270069 144.3338876953124 0 233 2.8329 0.0 8.181805246746432 0.0 4.0 
1693 10573606.4 99.23606203594065 80.4209159270069 144.3338876953124 0 233 2.8329 0.0 8.181805246746432 0.0 4.0 
1694 10573639.7 99.23915546839336 80.40845189470586 144.3338876953124 0 233 2.8329 0.0 8.181805246746432 0.0 4.0 
1695 10573673.0 99.23915546839336 80.40845189470586 144.3338876953124 0 233 2.8329 0.0 8.181805246746432 0.0 4.0 
1696 10573706.4 99.23915546839336 80.40845189470586 144.3338876953124 0 233 2.8329 0.0 8.181805246746432 0.0 4.0 
1697 10573739.7 99.23915546839336 80.40845189470586 144.3338876953124 0 233 2.8329 0.0 8.181805246746432 0.0 4.0 
1698 10573773.0 99.24507122348173 80.40845189470586 144.3338876953124 0 233 2.8329 0.0 8.181805246746432 0.0 4.0 
1699 10573806.4 99.24507122348173 80.40257080106008 144.3338876953124 0 233 2.8329 0.0 8.181805246746432 0.0 4.0 
1700 10573839.7 99.24507122348173 80.40257080106008 144.3338876953124 0 233 2.8329 0.0 8.181805246746432 0.0 4.0 
1701 10573873.0 99.24507122348173 80.40257080106008 144.3338876953124 0 233 2.8329 0.0 8.181805246746432 0.0 4.0 
1702 10573906.4 99.2509557007426 80.38777683697789 144.3338876953124 0 233 2.8329 0.0 8.181805246746432 0.0 4.0 
1703 10573939.7 99.2509557007426 80.38777683697789 144.3338876953124 0 233 2.8329 0.0 8.181805246746432 0.0 4.0 
1704 10573973.1 99.2509557007426 80.38777683697789 144.3338876953124 0 233 2.8329 0.0 8.181805246746432 0.0 4.0 
1705 10574006.4 99.2509557007426 80.38777683697789 144.3338876953124 0 233 2.8329 0.0 8.181805246746432 0.0 4.0 
1706 10574039.7 99.2509557007426 80.36442890637252 144.3338876953124 0 233 2.8329 0.0 8.181805246746432 0.0 4.0 
1707 10574073.1 99.2509557007426 80.36442890637252 144.3338876953124 0 233 2.8329 0.0 8.181805246746432 0.0 4.0 
1708 10574106.4 99.2509557007426 80.36442890637252 144.3338876953124 0 233 2.8329 0.0 8.181805246746432 0.0 4.0 
1709 10574139.7 99.2509557007426 80.36442890637252 144.3338876953124 0 233 2.8329 0.0 8.181805246746432 0.0 4.0 
1710 10574173.1 99.23555932696902 80.36442890637252 144.3338876953124 0 233 2.8329 0.0 8.181805246746432 0.0 4.0 
1711 10574206.4 99.23555932696902 80.33898861854735 144.3338876953124 0 233 2.8329 0.0 8.181805246746432 0.0 4.0 
1712 10574239.7 99.23555932696902 80.33898861854735 144.3338876953124 0 233 2.8329 0.0 8.181805246746432 0.0 4.0 
1713 10574273.1 99.2212514653738 80.33898861854735 144.3338876953124 0 233 2.8329 0.0 8.181805246746432 0.0 4.0 
1714 10574306.4 99.2212514653738 80.32743679709176 144.3338876953124 0 233 2.8329 0.0 8.181805246746432 0.0 4.0 
1715 10574339.7 99.2212514653738 80.32743679709176 144.3338876953124 0 233 2.8329 0.0 8.181805246746432 0.0 4.0 
1716 10574373.1 99.2212514653738 80.32743679709176 144.3338876953124 0 233 2.8329 0.0 8.181805246746432 0.0 4.0 
1717 10574406.4 99.20424148210408 80.31825573969472 144.3338876953124 0 233 2.8329 0.0 8.181805246746432 0.0 4.0 
1718 10574439.8 99.20424148210408 80.31825573969472 144.3338876953124 0 233 2.8329 0.0 8.181805246746432 0.0 4.0 
1719 10574473.1 99.20424148210408 80.31825573969472 144.3338876953124 0 233 2.8329 0.0 8.181805246746432 0.0 4.0 
1720 10574506.4 99.19339812172436 80.31825573969472 144.3338876953124 0 233 2.8329 0.0 8.181805246746432 0.0 4.0 
1721 10574539.8 99.19339812172436 80.31080523588933 144.3338876953124 0 233 2.8329 0.0 8.181805246746432 0.0 4.0 
1722 10574573.1 99.19339812172436 80.31080523588933 144.3338876953124 0 233 2.8329 0.0 8.181805246746432 0.0 4.0 
1723 10574606.4 99.18091021501597 80.31080523588933 144.3338876953124 0 233 2.8329 0.0 8.181805246746432 0.0 4.0 
1724 10574639.8 99.18091021501597 80.29419774764519 144.3338876953124 0 233 2.8329 0.0 8.181805246746432 0.0 4.0 
1725 10574673.1 99.18091021501597 80.29419774764519 144.3338876953124 0 233 2.8329 0.0 8.181805246746432 0.0 4.0 
1726 10574706.4 99.1712791960029 80.28415907258595 144.3338876953124 0 233 2.8329 0.0 8.181805246746432 0.0 4.0 
1727 10574739.8 99.1712791960029 80.28415907258595 144.3338876953124 0 233 2.8329 0.0 8.181805246746432 0.0 4.0 
1728 10574773.1 99.1712791960029 80.28415907258595 144.3338876953124 0 233 2.8329 0.0 8.181805246746432 0.0 4.0 
1729 10574806.5 99.1712791960029 80.28415907258595 144.3338876953124 0 233 2.8329 0.0 8.181805246746432 0.0 4.0 
1730 10574839.8 99.16374834914065 80.28415907258595 144.3338876953124 0 233 2.8329 0.0 8.181805246746432 0.0 4.0 
1731 10574873.1 99.16374834914065 80.27926454530298 144.3338876953124 0 233 2.8329 0.0 8.181805246746432 0.0 4.0 
1732 10574906.5 99.16374834914065 80.27926454530298 144.3338876953124 0 233 2.8329 0.0 8.181805246746432 0.0 4.0 
1733 10574939.8 99.16374834914065 80.27926454530298 144.3338876953124 0 233 2.8329 0.0 8.181805246746432 0.0 4.0 
1734 10574973.1 99.15133724057787 80.27926454530298 144.3338876953124 0 233 2.8329 0.0 8.181805246746432 0.0 4.0 
1735 10575006.5 99.15133724057787 80.26530538034235 144.3338876953124 0 233 2.8329 0.0 8.181805246746432 0.0 4.0 
1736 10575039.8 99.15133724057787 80.26530538034235 144.3338876953124 0 233 2.8329 0.0 8.181805246746432 0.0 4.0 
1737 10575073.1 99.15133724057787 80.26530538034235 144.3338876953124 0 233 2.8329 0.0 8.181805246746432 0.0 4.0 
1738 10575106.5 99.13799533624238 80.2493047935554 144.3338876953124 0 233 2.8329 0.0 8.181805246746432 0.0 4.0 
1739 10575139.8 99.13799533624238 80.2493047935554 144.3338876953124 0 233 2.8329 0.0 8.181805246746432 0.0 4.0 
1740 10575173.1 99.13799533624238 80.2493047935554 144.3338876953124 0 233 2.8329 0.0 8.181805246746432 0.0 4.0 
1741 10575206.5 99.12817994136084 80.23794431012315 144.3338876953124 0 233 2.8329 0.0 8.181805246746432 0.0 4.0 
1742 10575239.8 99.12817994136084 80.23794431012315 144.3338876953124 0 233 2.8329 0.0 8.181805246746432 0.0 4.0 
1743 10575273.2 99.12817994136084 80.23794431012315 144.3338876953124 0 233 2.8329 0.0 8.181805246746432 0.0 4.0 
1744 10575306.5 99.12289072231884 80.23794431012315 144.3338876953124 0 233 2.8329 0.0 8.181805246746432 0.0 4.0 
1745 10575339.8 99.12289072231884 80.23013264076275 144.3338876953124 0 233 2.8329 0.0 8.181805246746432 0.0 4.0 
1746 10575373.2 99.12289072231884 80.23013264076275 144.3338876953124 0 233 2.8329 0.0 8.181805246746432 0.0 4.0 
1747 10575406.5 99.12289072231884 80.23013264076275 144.3338876953124 0 233 2.8329 0.0 8.181805246746432 0.0 4.0 
1748 10575439.8 99.11919630590567 80.23013264076275 144.3338876953124 0 233 2.8329 0.0 8.181805246746432 0.0 4.0 
1749 10575473.2 99.11919630590567 80.21885152589172 144.3338876953124 0 233 2.8329 0.0 8.181805246746432 0.0 4.0 
1750 10575506.5 99.11919630590567 80.21885152589172 144.3338876953124 0 233 2.8329 0.0 8.181805246746432 0.0 4.0 
1751 10575539.8 99.11919630590567 80.19922985011267 144.3338876953124 0 233 2.8329 0.0 8.181805246746432 0.0 4.0 
1752 10575573.2 99.11919630590567 80.19922985011267 144.3338876953124 0 233 2.8329 0.0 8.181805246746432 0.0 4.0 
1753 10575606.5 99.11919630590567 80.19922985011267 144.3338876953124 0 233 2.8329 0.0 8.181805246746432 0.0 4.0 
1754 10575639.9 99.11919630590567 80.19922985011267 144.3338876953124 0 233 2.8329 0.0 8.181805246746432 0.0 4.0 
1755 10575673.2 99.12105041829112 80.19922985011267 144.3338876953124 0 233 2.8329 0.0 8.181805246746432 0.0 4.0 
1756 10575706.5 99.12105041829112 80.18545000701258 144.3338876953124 0 233 2.8329 0.0 8.181805246746432 0.0 4.0 
1757 10575739.9 99.12105041829112 80.18545000701258 144.3338876953124 0 233 2.8329 0.0 8.181805246746432 0.0 4.0 
1758 10575773.2 99.12105041829112 80.18545000701258 144.3338876953124 0 233 2.8329 0.0 8.181805246746432 0.0 4.0 
1759 10575806.5 99.12325834009432 80.18545000701258 144.3338876953124 0 233 2.8329 0.0 8.181805246746432 0.0 4.0 
1760 10575839.9 99.12325834009432 80.1659699561128 144.3338876953124 0 233 2.8329 0.0 8.181805246746432 0.0 4.0 
1761 10575873.2 99.12325834009432 80.1659699561128 144.3338876953124 0 233 2.8329 0.0 8.181805246746432 0.0 4.0 
1762 10575906.5 99.12325834009432 80.1659699561128 144.3338876953124 0 233 2.8329 0.0 8.181805246746432 0.0 4.0 
1763 10575939.9 99.12884011351109 80.1540149947355 144.3338876953124 0 233 2.8329 0.0 8.181805246746432 0.0 4.0 
1764 10575973.2 99.12884011351109 80.1540149947355 144.3338876953124 0 233 2.8329 0.0 8.181805246746432 0.0 4.0 
1765 10576006.5 99.12884011351109 80.1540149947355 144.3338876953124 0 233 2.8329 0.0 8.181805246746432 0.0 4.0 
1766 10576039.9 99.12884011351109 80.1540149947355 144.3338876953124 0 233 2.8329 0.0 8.181805246746432 0.0 4.0 
1767 10576073.2 99.13933278405123 80.1540149947355 144.3338876953124 0 233 2.8329 0.0 8.181805246746432 0.0 4.0 
1768 10576106.6 99.13933278405123 80.14130313393088 144.3338876953124 0 233 2.8329 0.0 8.181805246746432 0.0 4.0 
1769 10576139.9 99.13933278405123 80.14130313393088 144.3338876953124 0 233 2.8329 0.0 8.181805246746432 0.0 4.0 
1770 10576173.2 99.13933278405123 80.14130313393088 144.3338876953124 0 233 2.8329 0.0 8.181805246746432 0.0 4.0 
1771 10576206.6 99.1544565591487 80.14130313393088 144.3338876953124 0 233 2.8329 0.0 8.181805246746432 0.0 4.0 
1772 10576239.9 99.1544565591487 80.12726040268093 144.3338876953124 0 233 2.8329 0.0 8.181805246746432 0.0 4.0 
1773 10576273.2 99.1544565591487 80.12726040268093 144.3338876953124 0 233 2.8329 0.0 8.181805246746432 0.0 4.0 
1774 10576306.6 99.1544565591487 80.12726040268093 144.3338876953124 0 233 2.8329 0.0 8.181805246746432 0.0 4.0 
1775 10576339.9 99.17227463194365 80.11678490316832 144.3338876953124 0 233 2.8329 0.0 8.181805246746432 0.0 4.0 
1776 10576373.2 99.17227463194365 80.11678490316832 144.3338876953124 0 233 2.8329 0.0 8.181805246746432 0.0 4.0 
1777 10576406.6 99.17227463194365 80.11678490316832 144.3338876953124 0 233 2.8329 0.0 8.181805246746432 0.0 4.0 
1778 10576439.9 99.17227463194365 80.11678490316832 144.3338876953124 0 233 2.8329 0.0 8.181805246746432 0.0 4.0 
1779 10576473.3 99.18579290795537 80.11678490316832 144.3338876953124 0 233 2.8329 0.0 8.181805246746432 0.0 4.0 
1780 10576506.6 99.18579290795537 80.1058437030582 144.3338876953124 0 233 2.8329 0.0 8.181805246746432 0.0 4.0 
1781 10576539.9 99.18579290795537 80.1058437030582 144.3338876953124 0 233 2.8329 0.0 8.181805246746432 0.0 4.0 
1782 10576573.3 99.18579290795537 80.1058437030582 144.3338876953124 0 233 2.8329 0.0 8.181805246746432 0.0 4.0 
1783 10576606.6 99.19530695335102 80.1058437030582 144.3338876953124 0 233 2.8329 0.0 8.181805246746432 0.0 4.0 
1784 10576639.9 99.19530695335102 80.09949040055837 144.3338876953124 0 233 2.8329 0.0 8.181805246746432 0.0 4.0 
1785 10576673.3 99.19530695335102 80.09949040055837 144.3338876953124 0 233 2.8329 0.0 8.181805246746432 0.0 4.0 
1786 10576706.6 99.19530695335102 80.09949040055837 144.3338876953124 0 233 2.8329 0.0 8.181805246746432 0.0 4.0 
1787 10576739.9 99.21422696015519 80.08817772223475 144.3338876953124 0 233 2.8329 0.0 8.181805246746432 0.0 4.0 
1788 10576773.3 99.21422696015519 80.08817772223475 144.3338876953124 0 233 2.8329 0.0 8.181805246746432 0.0 4.0 
1789 10576806.6 99.21422696015519 80.08817772223475 144.3338876953124 0 233 2.8329 0.0 8.181805246746432 0.0 4.0 
1790 10576839.9 99.21422696015519 80.08817772223475 144.3338876953124 0 233 2.8329 0.0 8.181805246746432 0.0 4.0 
1791 10576873.3 99.22572510897528 80.08817772223475 144.3338876953124 0 233 2.8329 0.0 8.181805246746432 0.0 4.0 
1792 10576906.6 99.22572510897528 80.07186867036259 144.3338876953124 0 233 2.8329 0.0 8.181805246746432 0.0 4.0 
1793 10576940.0 99.22572510897528 80.07186867036259 144.3338876953124 0 233 2.8329 0.0 8.181805246746432 0.0 4.0 
1794 10576973.3 99.22572510897528 80.07186867036259 144.3338876953124 0 233 2.8329 0.0 8.181805246746432 0.0 4.0 
1795 10577006.6 99.24106512356067 80.07186867036259 144.3338876953124 0 233 2.8329 0.0 8.181805246746432 0.0 4.0 
1796 10577040.0 99.24106512356067 80.06127346544035 144.3338876953124 0 233 2.8329 0.0 8.181805246746432 0.0 4.0 
1797 10577073.3 99.24106512356067 80.06127346544035 144.3338876953124 0 233 2.8329 0.0 8.181805246746432 0.0 4.0 
1798 10577106.6 99.24106512356067 80.06127346544035 144.3338876953124 0 233 2.8329 0.0 8.181805246746432 0.0 4.0 
1799 10577140.0 99.25109245805412 80.06127346544035 144.3338876953124 0 233 2.8329 0.0 8.181805246746432 0.0 4.0 
1800 10577173.3 99.25109245805412 80.05855667042886 144.3338876953124 0 233 2.8329 0.0 8.181805246746432 0.0 4.0 
1801 10577206.6 99.25109245805412 80.05855667042886 144.3338876953124 0 233 2.8329 0.0 8.181805246746432 0.0 4.0 
1802 10577240.0 99.25109245805412 80.05855667042886 144.3338876953124 0 233 2.8329 0.0 8.181805246746432 0.0 4.0 
1803 10577273.3 99.26319103526187 80.05855667042886 144.3338876953124 0 233 2.8329 0.0 8.181805246746432 0.0 4.0 
1804 10577306.7 99.26319103526187 80.0540918266276 144.3338876953124 0 233 2.8329 0.0 8.181805246746432 0.0 4.0 
1805 10577340.0 99.26319103526187 80.0540918266276 144.3338876953124 0 233 2.8329 0.0 8.181805246746432 0.0 4.0 
1806 10577373.3 99.26319103526187 80.0540918266276 144.3338876953124 0 233 2.8329 0.0 8.181805246746432 0.0 4.0 
1807 10577406.7 99.27746719925342 80.0540918266276 144.3338876953124 0 233 2.8329 0.0 8.181805246746432 0.0 4.0 
1808 10577440.0 99.27746719925342 80.05230966748657 144.3338876953124 0 233 2.8329 0.0 8.181805246746432 0.0 4.0 
1809 10577473.3 99.27746719925342 80.05230966748657 144.3338876953124 0 233 2.8329 0.0 8.181805246746432 0.0 4.0 
1810 10577506.7 99.27746719925342 80.05230966748657 144.3338876953124 0 233 2.8329 0.0 8.181805246746432 0.0 4.0 
1811 10577540.0 99.29295380768794 80.05230966748657 144.3338876953124 0 233 2.8329 0.0 8.181805246746432 0.0 4.0 
1812 10577573.3 99.29295380768794 80.05334457045899 144.3338876953124 0 233 2.8329 0.0 8.181805246746432 0.0 4.0 
1813 10577606.7 99.29295380768794 80.05334457045899 144.3338876953124 0 233 2.8329 0.0 8.181805246746432 0.0 4.0 
1814 10577640.0 99.29295380768794 80.05334457045899 144.3338876953124 0 233 2.8329 0.0 8.181805246746432 0.0 4.0 
1815 10577673.3 99.31416399810949 80.05334457045899 144.3338876953124 0 233 2.8329 0.0 8.181805246746432 0.0 4.0 
1816 10577706.7 99.31416399810949 80.04491194207732 144.3338876953124 0 233 2.8329 0.0 8.181805246746432 0.0 4.0 
1817 10577740.0 99.31416399810949 80.04491194207732 144.3338876953124 0 233 2.8329 0.0 8.181805246746432 0.0 4.0 
1818 10577773.4 99.3280720361402 80.04491194207732 144.3338876953124 0 233 2.8329 0.0 8.181805246746432 0.0 4.0 
1819 10577806.7 99.3280720361402 80.0345360171608 144.3338876953124 0 233 2.8329 0.0 8.181805246746432 0.0 4.0 
1820 10577840.0 99.3280720361402 80.0345360171608 144.3338876953124 0 233 2.8329 0.0 8.181805246746432 0.0 4.0 
1821 10577873.4 99.34313323212498 80.02073320619954 144.3338876953124 0 233 2.8329 0.0 8.181805246746432 0.0 4.0 
1822 10577906.7 99.34313323212498 80.02073320619954 144.3338876953124 0 233 2.8329 0.0 8.181805246746432 0.0 4.0 
1823 10577940.0 99.34313323212498 80.02073320619954 144.3338876953124 0 233 2.8329 0.0 8.181805246746432 0.0 4.0 
1824 10577973.4 99.34313323212498 80.02073320619954 144.3338876953124 0 233 2.8329 0.0 8.181805246746432 0.0 4.0 
1825 10578006.7 99.3544270256689 80.00626710496287 144.3338876953124 0 233 2.8329 0.0 8.181805246746432 0.0 4.0 
1826 10578040.0 99.3544270256689 80.00626710496287 144.3338876953124 0 233 2.8329 0.0 8.181805246746432 0.0 4.0 
1827 10578073.4 99.3544270256689 80.00626710496287 144.3338876953124 0 233 2.8329 0.0 8.181805246746432 0.0 4.0 
1828 10578106.7 99.36415807101328 80.00626710496287 144.3338876953124 0 233 2.8329 0.0 8.181805246746432 0.0 4.0 
1829 10578140.1 99.36415807101328 79.98485306938727 144.3338876953124 0 233 2.8329 0.0 8.181805246746432 0.0 4.0 
1830 10578173.4 99.36415807101328 79.98485306938727 144.3338876953124 0 233 2.8329 0.0 8.181805246746432 0.0 4.0 
1831 10578206.7 99.36415807101328 79.98485306938727 144.3338876953124 0 233 2.8329 0.0 8.181805246746432 0.0 4.0 
1832 10578240.1 99.37153666414584 79.98485306938727 144.3338876953124 0 233 2.8329 0.0 8.181805246746432 0.0 4.0 
1833 10578273.4 99.37153666414584 79.96858309621066 144.3338876953124 0 233 2.8329 0.0 8.181805246746432 0.0 4.0 
1834 10578306.7 99.37153666414584 79.96858309621066 144.3338876953124 0 233 2.8329 0.0 8.181805246746432 0.0 4.0 
1835 10578340.1 99.37153666414584 79.96858309621066 144.3338876953124 0 233 2.8329 0.0 8.181805246746432 0.0 4.0 
1836 10578373.4 99.38358390889643 79.94802345975928 144.3338876953124 0 233 2.8329 0.0 8.181805246746432 0.0 4.0 
1837 10578406.7 99.38358390889643 79.94802345975928 144.3338876953124 0 233 2.8329 0.0 8.181805246746432 0.0 4.0 
1838 10578440.1 99.38358390889643 79.94802345975928 144.3338876953124 0 233 2.8329 0.0 8.181805246746432 0.0 4.0 
1839 10578473.4 99.38358390889643 79.94802345975928 144.3338876953124 0 233 2.8329 0.0 8.181805246746432 0.0 4.0 
1840 10578506.7 99.38777953067297 79.94802345975928 144.3338876953124 0 233 2.8329 0.0 8.181805246746432 0.0 4.0 
1841 10578540.1 99.38777953067297 79.93132999006242 144.3338876953124 0 233 2.8329 0.0 8.181805246746432 0.0 4.0 
1842 10578573.4 99.38777953067297 79.93132999006242 144.3338876953124 0 233 2.8329 0.0 8.181805246746432 0.0 4.0 
1843 10578606.8 99.38777953067297 79.93132999006242 144.3338876953124 0 233 2.8329 0.0 8.181805246746432 0.0 4.0 
1844 10578640.1 99.39250610042849 79.91056923625801 144.3338876953124 0 233 2.8329 0.0 8.181805246746432 0.0 4.0 
1845 10578673.4 99.39250610042849 79.91056923625801 144.3338876953124 0 233 2.8329 0.0 8.181805246746432 0.0 4.0 
1846 10578706.8 99.39250610042849 79.91056923625801 144.3338876953124 0 233 2.8329 0.0 8.181805246746432 0.0 4.0 
1847 10578740.1 99.39250610042849 79.91056923625801 144.3338876953124 0 233 2.8329 0.0 8.181805246746432 0.0 4.0 
1848 10578773.4 99.40502601752921 79.88921955281316 144.3338876953124 0 233 2.8329 0.0 8.181805246746432 0.0 4.0 
1849 10578806.8 99.40502601752921 79.88921955281316 144.3338876953124 0 233 2.8329 0.0 8.181805246746432 0.0 4.0 
1850 10578840.1 99.40502601752921 79.88921955281316 144.3338876953124 0 233 2.8329 0.0 8.181805246746432 0.0 4.0 
1851 10578873.4 99.40502601752921 79.88921955281316 144.3338876953124 0 233 2.8329 0.0 8.181805246746432 0.0 4.0 
1852 10578906.8 99.4227163772449 79.88921955281316 144.3338876953124 0 233 2.8329 0.0 8.181805246746432 0.0 4.0 
1853 10578940.1 99.4227163772449 79.87264038014035 144.3338876953124 0 233 2.8329 0.0 8.181805246746432 0.0 4.0 
1854 10578973.5 99.4227163772449 79.87264038014035 144.3338876953124 0 233 2.8329 0.0 8.181805246746432 0.0 4.0 
1855 10579006.8 99.4227163772449 79.87264038014035 144.3338876953124 0 233 2.8329 0.0 8.181805246746432 0.0 4.0 
1856 10579040.1 99.44103067845698 79.85819025827908 144.3338876953124 0 233 2.8329 0.0 8.181805246746432 0.0 4.0 
1857 10579073.5 99.44103067845698 79.85819025827908 144.3338876953124 0 233 2.8329 0.0 8.181805246746432 0.0 4.0 
1858 10579106.8 99.44103067845698 79.85819025827908 144.3338876953124 0 233 2.8329 0.0 8.181805246746432 0.0 4.0 
1859 10579140.1 99.44874461323367 79.8534324337674 144.3338876953124 0 233 2.8329 0.0 8.181805246746432 0.0 4.0 
1860 10579173.5 99.44874461323367 79.8534324337674 144.3338876953124 0 233 2.8329 0.0 8.181805246746432 0.0 4.0 
1861 10579206.8 99.44874461323367 79.8534324337674 144.3338876953124 0 233 2.8329 0.0 8.181805246746432 0.0 4.0 
1862 10579240.1 99.44874461323367 79.8534324337674 144.3338876953124 0 233 2.8329 0.0 8.181805246746432 0.0 4.0 
1863 10579273.5 99.47234498812766 79.8534324337674 144.3338876953124 0 233 2.8329 0.0 8.181805246746432 0.0 4.0 
1864 10579306.8 99.47234498812766 79.84566631914022 144.3338876953124 0 233 2.8329 0.0 8.181805246746432 0.0 4.0 
1865 10579340.1 99.47234498812766 79.84566631914022 144.3338876953124 0 233 2.8329 0.0 8.181805246746432 0.0 4.0 
1866 10579373.5 99.47234498812766 79.84566631914022 144.3338876953124 0 233 2.8329 0.0 8.181805246746432 0.0 4.0 
1867 10579406.8 99.48144103670637 79.84566631914022 144.3338876953124 0 233 2.8329 0.0 8.181805246746432 0.0 4.0 
1868 10579440.2 99.48144103670637 79.83936677190431 144.3338876953124 0 233 2.8329 0.0 8.181805246746432 0.0 4.0 
1869 10579473.5 99.48144103670637 79.83936677190431 144.3338876953124 0 233 2.8329 0.0 8.181805246746432 0.0 4.0 
1870 10579506.8 99.48144103670637 79.83936677190431 144.3338876953124 0 233 2.8329 0.0 8.181805246746432 0.0 4.0 
1871 10579540.2 99.4937627488142 79.83808825097373 144.3338876953124 0 233 2.8329 0.0 8.181805246746432 0.0 4.0 
1872 10579573.5 99.4937627488142 79.83808825097373 144.3338876953124 0 233 2.8329 0.0 8.181805246746432 0.0 4.0 
1873 10579606.8 99.4937627488142 79.83808825097373 144.3338876953124 0 233 2.8329 0.0 8.181805246746432 0.0 4.0 
1874 10579640.2 99.4937627488142 79.83808825097373 144.3338876953124 0 233 2.8329 0.0 8.181805246746432 0.0 4.0 
1875 10579673.5 99.51258804570229 79.83808825097373 144.3338876953124 0 233 2.8329 0.0 8.181805246746432 0.0 4.0 
1876 10579706.8 99.51258804570229 79.83610767504392 144.3338876953124 0 233 2.8329 0.0 8.181805246746432 0.0 4.0 
1877 10579740.2 99.51258804570229 79.83610767504392 144.3338876953124 0 233 2.8329 0.0 8.181805246746432 0.0 4.0 
1878 10579773.5 99.51258804570229 79.83610767504392 144.3338876953124 0 233 2.8329 0.0 8.181805246746432 0.0 4.0 
1879 10579806.9 99.5261188064216 79.82727060055045 144.3338876953124 0 233 2.8329 0.0 8.181805246746432 0.0 4.0 
1880 10579840.2 99.5261188064216 79.82727060055045 144.3338876953124 0 233 2.8329 0.0 8.181805246746432 0.0 4.0 
1881 10579873.5 99.5261188064216 79.82727060055045 144.3338876953124 0 233 2.8329 0.0 8.181805246746432 0.0 4.0 
1882 10579906.9 99.5261188064216 79.82727060055045 144.3338876953124 0 233 2.8329 0.0 8.181805246746432 0.0 4.0 
1883 10579940.2 99.53656002590668 79.82727060055045 144.3338876953124 0 233 2.8329 0.0 8.181805246746432 0.0 4.0 
1884 10579973.5 99.53656002590668 79.82727060055045 144.3338876953124 0 233 2.8329 0.0 8.181805246746432 0.0 4.0 
1885 10580006.9 99.53656002590668 79.82727060055045 144.3338876953124 0 233 2.8329 0.0 8.181805246746432 0.0 4.0 
1886 10580040.2 99.54962949662823 79.82727060055045 144.3338876953124 0 233 2.8329 0.0 8.181805246746432 0.0 4.0 
1887 10580073.5 99.54962949662823 79.83211393190628 144.3338876953124 0 233 2.8329 0.0 8.181805246746432 0.0 4.0 
1888 10580106.9 99.54962949662823 79.83211393190628 144.3338876953124 0 233 2.8329 0.0 8.181805246746432 0.0 4.0 
1889 10580140.2 99.55849999741642 79.83211393190628 144.3338876953124 0 233 2.8329 0.0 8.181805246746432 0.0 4.0 
1890 10580173.5 99.55849999741642 79.83854300880887 144.3338876953124 0 233 2.8329 0.0 8.181805246746432 0.0 4.0 
1891 10580206.9 99.55849999741642 79.83854300880887 144.3338876953124 0 233 2.8329 0.0 8.181805246746432 0.0 4.0 
1892 10580240.2 99.57488801548497 79.8360430962256 144.3338876953124 0 233 2.8329 0.0 8.181805246746432 0.0 4.0 
1893 10580273.6 99.57488801548497 79.8360430962256 144.3338876953124 0 233 2.8329 0.0 8.181805246746432 0.0 4.0 
1894 10580306.9 99.57488801548497 79.8360430962256 144.3338876953124 0 233 2.8329 0.0 8.181805246746432 0.0 4.0 
1895 10580340.2 99.58774268680082 79.83110582869318 144.3338876953124 0 233 2.8329 0.0 8.181805246746432 0.0 4.0 
1896 10580373.6 99.58774268680082 79.83110582869318 144.3338876953124 0 233 2.8329 0.0 8.181805246746432 0.0 4.0 
1897 10580406.9 99.58774268680082 79.83110582869318 144.3338876953124 0 233 2.8329 0.0 8.181805246746432 0.0 4.0 
1898 10580440.2 99.58774268680082 79.83110582869318 144.3338876953124 0 233 2.8329 0.0 8.181805246746432 0.0 4.0 
1899 10580473.6 99.59092934089492 79.83110582869318 144.3338876953124 0 233 2.8329 0.0 8.181805246746432 0.0 4.0 
1900 10580506.9 99.59092934089492 79.82707689678953 144.3338876953124 0 233 2.8329 0.0 8.181805246746432 0.0 4.0 
1901 10580540.2 99.59092934089492 79.82707689678953 144.3338876953124 0 233 2.8329 0.0 8.181805246746432 0.0 4.0 
1902 10580573.6 99.59092934089492 79.82707689678953 144.3338876953124 0 233 2.8329 0.0 8.181805246746432 0.0 4.0 
1903 10580606.9 99.60470414740985 79.82183970778402 144.3338876953124 0 233 2.8329 0.0 8.181805246746432 0.0 4.0 
1904 10580640.3 99.60470414740985 79.82183970778402 144.3338876953124 0 233 2.8329 0.0 8.181805246746432 0.0 4.0 
1905 10580673.6 99.60470414740985 79.82183970778402 144.3338876953124 0 233 2.8329 0.0 8.181805246746432 0.0 4.0 
1906 10580706.9 99.60470414740985 79.82183970778402 144.3338876953124 0 233 2.8329 0.0 8.181805246746432 0.0 4.0 
1907 10580740.3 99.6145546512597 79.81349298400244 144.3338876953124 0 233 2.8329 0.0 8.181805246746432 0.0 4.0 
1908 10580773.6 99.6145546512597 79.81349298400244 144.3338876953124 0 233 2.8329 0.0 8.181805246746432 0.0 4.0 
1909 10580806.9 99.6145546512597 79.81349298400244 144.3338876953124 0 233 2.8329 0.0 8.181805246746432 0.0 4.0 
1910 10580840.3 99.6145546512597 79.81349298400244 144.3338876953124 0 233 2.8329 0.0 8.181805246746432 0.0 4.0 
1911 10580873.6 99.622092038047 79.81349298400244 144.3338876953124 0 233 2.8329 0.0 8.181805246746432 0.0 4.0 
1912 10580906.9 99.622092038047 79.80897669836325 144.3338876953124 0 233 2.8329 0.0 8.181805246746432 0.0 4.0 
1913 10580940.3 99.622092038047 79.80897669836325 144.3338876953124 0 233 2.8329 0.0 8.181805246746432 0.0 4.0 
1914 10580973.6 99.622092038047 79.80897669836325 144.3338876953124 0 233 2.8329 0.0 8.181805246746432 0.0 4.0 
1915 10581006.9 99.63465940393527 79.80672111075761 144.3338876953124 0 233 2.8329 0.0 8.181805246746432 0.0 4.0 
1916 10581040.3 99.63465940393527 79.80672111075761 144.3338876953124 0 233 2.8329 0.0 8.181805246746432 0.0 4.0 
1917 10581073.6 99.63465940393527 79.80672111075761 144.3338876953124 0 233 2.8329 0.0 8.181805246746432 0.0 4.0 
1918 10581107.0 99.63465940393527 79.80672111075761 144.3338876953124 0 233 2.8329 0.0 8.181805246746432 0.0 4.0 
1919 10581140.3 99.6428003511675 79.80672111075761 144.3338876953124 0 233 2.8329 0.0 8.181805246746432 0.0 4.0 
1920 10581173.6 99.6428003511675 79.80672111075761 144.3338876953124 0 233 2.8329 0.0 8.181805246746432 0.0 4.0 
1921 10581207.0 99.6428003511675 79.80672111075761 144.3338876953124 0 233 2.8329 0.0 8.181805246746432 0.0 4.0 
1922 10581240.3 99.65135944628383 79.80672111075761 144.3338876953124 0 233 2.8329 0.0 8.181805246746432 0.0 4.0 
1923 10581273.6 99.65135944628383 79.79981450846041 144.3338876953124 0 233 2.8329 0.0 8.181805246746432 0.0 4.0 
1924 10581307.0 99.65135944628383 79.79981450846041 144.3338876953124 0 233 2.8329 0.0 8.181805246746432 0.0 4.0 
1925 10581340.3 99.65796122353011 79.79981450846041 144.3338876953124 0 233 2.8329 0.0 8.181805246746432 0.0 4.0 
1926 10581373.6 99.65796122353011 79.78765417926242 144.3338876953124 0 233 2.8329 0.0 8.181805246746432 0.0 4.0 
1927 10581407.0 99.65796122353011 79.78765417926242 144.3338876953124 0 233 2.8329 0.0 8.181805246746432 0.0 4.0 
1928 10581440.3 99.66297379622249 79.77652709329155 144.3338876953124 0 233 2.8329 0.0 8.181805246746432 0.0 4.0 
1929 10581473.7 99.66297379622249 79.77652709329155 144.3338876953124 0 233 2.8329 0.0 8.181805246746432 0.0 4.0 
1930 10581507.0 99.66297379622249 79.77652709329155 144.3338876953124 0 233 2.8329 0.0 8.181805246746432 0.0 4.0 
1931 10581540.3 99.66587522431372 79.77652709329155 144.3338876953124 0 233 2.8329 0.0 8.181805246746432 0.0 4.0 
1932 10581573.7 99.66587522431372 79.77161051960655 144.3338876953124 0 233 2.8329 0.0 8.181805246746432 0.0 4.0 
1933 10581607.0 99.66587522431372 79.77161051960655 144.3338876953124 0 233 2.8329 0.0 8.181805246746432 0.0 4.0 
1934 10581640.3 99.66587522431372 79.77161051960655 144.3338876953124 0 233 2.8329 0.0 8.181805246746432 0.0 4.0 
1935 10581673.7 99.66854523113334 79.77161051960655 144.3338876953124 0 233 2.8329 0.0 8.181805246746432 0.0 4.0 
1936 10581707.0 99.66854523113334 79.76429739609438 144.3338876953124 0 233 2.8329 0.0 8.181805246746432 0.0 4.0 
1937 10581740.3 99.66854523113334 79.76429739609438 144.3338876953124 0 233 2.8329 0.0 8.181805246746432 0.0 4.0 
1938 10581773.7 99.66854523113334 79.76429739609438 144.3338876953124 0 233 2.8329 0.0 8.181805246746432 0.0 4.0 
1939 10581807.0 99.66854523113334 79.75130702400809 144.3338876953124 0 233 2.8329 0.0 8.181805246746432 0.0 4.0 
1940 10581840.3 99.66854523113334 79.75130702400809 144.3338876953124 0 233 2.8329 0.0 8.181805246746432 0.0 4.0 
1941 10581873.7 99.66854523113334 79.75130702400809 144.3338876953124 0 233 2.8329 0.0 8.181805246746432 0.0 4.0 
1942 10581907.0 99.66854523113334 79.75130702400809 144.3338876953124 0 233 2.8329 0.0 8.181805246746432 0.0 4.0 
1943 10581940.4 99.67055976335132 79.729479013086 144.3338876953124 0 233 2.8329 0.0 8.181805246746432 0.0 4.0 
1944 10581973.7 99.67055976335132 79.729479013086 144.3338876953124 0 233 2.8329 0.0 8.181805246746432 0.0 4.0 
1945 10582007.0 99.67055976335132 79.729479013086 144.3338876953124 0 233 2.8329 0.0 8.181805246746432 0.0 4.0 
1946 10582040.4 99.67055976335132 79.729479013086 144.3338876953124 0 233 2.8329 0.0 8.181805246746432 0.0 4.0 
1947 10582073.7 99.67241612049386 79.729479013086 144.3338876953124 0 233 2.8329 0.0 8.181805246746432 0.0 4.0 
1948 10582107.0 99.67241612049386 79.7209387085752 144.3338876953124 0 233 2.8329 0.0 8.181805246746432 0.0 4.0 
1949 10582140.4 99.67241612049386 79.7209387085752 144.3338876953124 0 233 2.8329 0.0 8.181805246746432 0.0 4.0 
1950 10582173.7 99.66942281558045 79.7139741543927 144.3338876953124 0 233 2.8329 0.0 8.181805246746432 0.0 4.0 
1951 10582207.0 99.66942281558045 79.7139741543927 144.3338876953124 0 233 2.8329 0.0 8.181805246746432 0.0 4.0 
1952 10582240.4 99.66942281558045 79.7139741543927 144.3338876953124 0 233 2.8329 0.0 8.181805246746432 0.0 4.0 
1953 10582273.7 99.66942281558045 79.7139741543927 144.3338876953124 0 233 2.8329 0.0 8.181805246746432 0.0 4.0 
1954 10582307.1 99.6608587077031 79.7139741543927 144.3338876953124 0 233 2.8329 0.0 8.181805246746432 0.0 4.0 
1955 10582340.4 99.6608587077031 79.70826340263903 144.3338876953124 0 233 2.8329 0.0 8.181805246746432 0.0 4.0 
1956 10582373.7 99.6608587077031 79.70826340263903 144.3338876953124 0 233 2.8329 0.0 8.181805246746432 0.0 4.0 
1957 10582407.1 99.6472466170909 79.70826340263903 144.3338876953124 0 233 2.8329 0.0 8.181805246746432 0.0 4.0 
1958 10582440.4 99.6472466170909 79.68722767456109 144.3338876953124 0 233 2.8329 0.0 8.181805246746432 0.0 4.0 
1959 10582473.7 99.6472466170909 79.68722767456109 144.3338876953124 0 233 2.8329 0.0 8.181805246746432 0.0 4.0 
1960 10582507.1 99.64217760794337 79.68722767456109 144.3338876953124 0 233 2.8329 0.0 8.181805246746432 0.0 4.0 
1961 10582540.4 99.64217760794337 79.6754914553185 144.3338876953124 0 233 2.8329 0.0 8.181805246746432 0.0 4.0 
1962 10582573.7 99.64217760794337 79.6754914553185 144.3338876953124 0 233 2.8329 0.0 8.181805246746432 0.0 4.0 
1963 10582607.1 99.6444592310222 79.65930133586221 144.3338876953124 0 233 2.8329 0.0 8.181805246746432 0.0 4.0 
1964 10582640.4 99.6444592310222 79.65930133586221 144.3338876953124 0 233 2.8329 0.0 8.181805246746432 0.0 4.0 
1965 10582673.7 99.6444592310222 79.65930133586221 144.3338876953124 0 233 2.8329 0.0 8.181805246746432 0.0 4.0 
1966 10582707.1 99.6444592310222 79.65930133586221 144.3338876953124 0 233 2.8329 0.0 8.181805246746432 0.0 4.0 
1967 10582740.4 99.64935092740953 79.65930133586221 144.3338876953124 0 233 2.8329 0.0 8.181805246746432 0.0 4.0 
1968 10582773.8 99.64935092740953 79.64798910268604 144.3338876953124 0 233 2.8329 0.0 8.181805246746432 0.0 4.0 
1969 10582807.1 99.64935092740953 79.64798910268604 144.3338876953124 0 233 2.8329 0.0 8.181805246746432 0.0 4.0 
1970 10582840.4 99.64935092740953 79.64798910268604 144.3338876953124 0 233 2.8329 0.0 8.181805246746432 0.0 4.0 
1971 10582873.8 99.65518525494679 79.64798910268604 144.3338876953124 0 233 2.8329 0.0 8.181805246746432 0.0 4.0 
1972 10582907.1 99.65518525494679 79.63764584398501 144.3338876953124 0 233 2.8329 0.0 8.181805246746432 0.0 4.0 
1973 10582940.4 99.65518525494679 79.63764584398501 144.3338876953124 0 233 2.8329 0.0 8.181805246746432 0.0 4.0 
1974 10582973.8 99.65518525494679 79.63764584398501 144.3338876953124 0 233 2.8329 0.0 8.181805246746432 0.0 4.0 
1975 10583007.1 99.66020846818807 79.62303445364259 144.3338876953124 0 233 2.8329 0.0 8.181805246746432 0.0 4.0 
1976 10583040.4 99.66020846818807 79.62303445364259 144.3338876953124 0 233 2.8329 0.0 8.181805246746432 0.0 4.0 
1977 10583073.8 99.66020846818807 79.62303445364259 144.3338876953124 0 233 2.8329 0.0 8.181805246746432 0.0 4.0 
1978 10583107.1 99.67345666938728 79.62354296874996 144.27001562499993 0 233 2.8329 0.0 8.181805246746432 0.0 4.0 
1979 10583140.5 99.67345666938728 79.61059501934336 144.27001562499993 0 233 2.8329 0.0 8.181805246746432 0.0 4.0 
1980 10583173.8 99.67345666938728 79.61059501934336 144.27001562499993 0 233 2.8329 0.0 8.181805246746432 0.0 4.0 
1981 10583207.1 99.67345666938728 79.61059501934336 144.27001562499993 0 233 2.8329 0.0 8.181805246746432 0.0 4.0 
1982 10583240.5 99.69506987896563 79.59583378022819 144.27001562499993 0 233 2.8329 0.0 8.181805246746432 0.0 4.0 
1983 10583273.8 99.69506987896563 79.59583378022819 144.27001562499993 0 233 2.8329 0.0 8.181805246746432 0.0 4.0 
1984 10583307.1 99.69506987896563 79.59583378022819 144.27001562499993 0 233 2.8329 0.0 8.181805246746432 0.0 4.0 
1985 10583340.5 99.69506987896563 79.59583378022819 144.27001562499993 0 233 2.8329 0.0 8.181805246746432 0.0 4.0 
1986 10583373.8 99.70698403399064 79.59583378022819 144.27001562499993 0 233 2.8329 0.0 8.181805246746432 0.0 4.0 
1987 10583407.1 99.70698403399064 79.58638118795692 144.27001562499993 0 233 2.8329 0.0 8.181805246746432 0.0 4.0 
1988 10583440.5 99.70698403399064 79.58638118795692 144.27001562499993 0 233 2.8329 0.0 8.181805246746432 0.0 4.0 
1989 10583473.8 99.71413702706076 79.58638118795692 144.27001562499993 0 233 2.8329 0.0 8.181805246746432 0.0 4.0 
1990 10583507.1 99.71413702706076 79.58104786675281 144.27001562499993 0 233 2.8329 0.0 8.181805246746432 0.0 4.0 
1991 10583540.5 99.71413702706076 79.58104786675281 144.27001562499993 0 233 2.8329 0.0 8.181805246746432 0.0 4.0 
1992 10583573.8 99.71413702706076 79.58104786675281 144.27001562499993 0 233 2.8329 0.0 8.181805246746432 0.0 4.0 
1993 10583607.2 99.72369786222663 79.58112695312495 144.34132910156242 0 233 2.8329 0.0 8.181805246746432 0.0 4.0 
1994 10583640.5 99.72369786222663 79.57733761073115 144.34132910156242 0 233 2.8329 0.0 8.181805246746432 0.0 4.0 
1995 10583673.8 99.72369786222663 79.57733761073115 144.34132910156242 0 233 2.8329 0.0 8.181805246746432 0.0 4.0 
1996 10583707.2 99.72369786222663 79.57733761073115 144.34132910156242 0 233 2.8329 0.0 8.181805246746432 0.0 4.0 
1997 10583740.5 99.72364941406245 79.57621993778038 144.40991406249992 0 233 2.8329 0.0 8.181805246746432 0.0 4.0 
1998 10583773.8 99.72364941406245 79.57621993778038 144.40991406249992 0 233 2.8329 0.0 8.181805246746432 0.0 4.0 
1999 10583807.2 99.72364941406245 79.57621993778038 144.40991406249992 0 233 2.8329 0.0 8.181805246746432 0.0 4.0 
2000 10583840.5 99.72364941406245 79.57621993778038 144.40991406249992 0 233 2.8329 0.0 8.181805246746432 0.0 4.0 
2001 10583873.8 99.73901438524987 79.57769479436861 144.40991406249992 0 233 2.8329 0.0 8.181805246746432 0.0 4.0 
2002 10583907.2 99.73901438524987 79.57769479436861 144.40991406249992 0 233 2.8329 0.0 8.181805246746432 0.0 4.0 
2003 10583940.5 99.73901438524987 79.57769479436861 144.40991406249992 0 233 2.8329 0.0 8.181805246746432 0.0 4.0 
2004 10583973.9 99.73901438524987 79.57769479436861 144.40991406249992 0 233 2.8329 0.0 8.181805246746432 0.0 4.0 
2005 10584007.2 99.75147883670533 79.57769479436861 144.40991406249992 0 233 2.8329 0.0 8.181805246746432 0.0 4.0 
2006 10584040.5 99.75147883670533 79.58008449488698 144.40991406249992 0 233 2.8329 0.0 8.181805246746432 0.0 4.0 
2007 10584073.9 99.75147883670533 79.58008449488698 144.40991406249992 0 233 2.8329 0.0 8.181805246746432 0.0 4.0 
2008 10584107.2 99.75147883670533 79.58008449488698 144.40991406249992 0 233 2.8329 0.0 8.181805246746432 0.0 4.0 
2009 10584140.5 99.75852116518159 79.58520457841462 144.40991406249992 0 233 2.8329 0.0 8.181805246746432 0.0 4.0 
2010 10584173.9 99.75852116518159 79.58520457841462 144.40991406249992 0 233 2.8329 0.0 8.181805246746432 0.0 4.0 
2011 10584207.2 99.75852116518159 79.58520457841462 144.40991406249992 0 233 2.8329 0.0 8.181805246746432 0.0 4.0 
2012 10584240.5 99.75852116518159 79.58520457841462 144.40991406249992 0 233 2.8329 0.0 8.181805246746432 0.0 4.0 
2013 10584273.9 99.77621835704674 79.58520457841462 144.40991406249992 0 233 2.8329 0.0 8.181805246746432 0.0 4.0 
2014 10584307.2 99.77621835704674 79.59955682075744 144.40991406249992 0 233 2.8329 0.0 8.181805246746432 0.0 4.0 
2015 10584340.5 99.77621835704674 79.59955682075744 144.40991406249992 0 233 2.8329 0.0 8.181805246746432 0.0 4.0 
2016 10584373.9 99.78923164252369 79.59955682075744 144.40991406249992 0 233 2.8329 0.0 8.181805246746432 0.0 4.0 
2017 10584407.2 99.78923164252369 79.61192619459672 144.40991406249992 0 233 2.8329 0.0 8.181805246746432 0.0 4.0 
2018 10584440.6 99.78923164252369 79.61192619459672 144.40991406249992 0 233 2.8329 0.0 8.181805246746432 0.0 4.0 
2019 10584473.9 99.78923164252369 79.61192619459672 144.40991406249992 0 233 2.8329 0.0 8.181805246746432 0.0 4.0 
2020 10584507.2 99.80505906739698 79.61192619459672 144.40991406249992 0 233 2.8329 0.0 8.181805246746432 0.0 4.0 
2021 10584540.6 99.80505906739698 79.61449738518775 144.40991406249992 0 233 2.8329 0.0 8.181805246746432 0.0 4.0 
2022 10584573.9 99.80505906739698 79.61449738518775 144.40991406249992 0 233 2.8329 0.0 8.181805246746432 0.0 4.0 
2023 10584607.2 99.82315572137598 79.61449738518775 144.40991406249992 0 233 2.8329 0.0 8.181805246746432 0.0 4.0 
2024 10584640.6 99.82315572137598 79.61449738518775 144.40991406249992 0 233 2.8329 0.0 8.181805246746432 0.0 4.0 
2025 10584673.9 99.82315572137598 79.61449738518775 144.40991406249992 0 233 2.8329 0.0 8.181805246746432 0.0 4.0 
2026 10584707.2 99.82315572137598 79.61449738518775 144.40991406249992 0 233 2.8329 0.0 8.181805246746432 0.0 4.0 
2027 10584740.6 99.82905688777338 79.61449738518775 144.40991406249992 0 233 2.8329 0.0 8.181805246746432 0.0 4.0 
2028 10584773.9 99.82905688777338 79.61688885277661 144.40991406249992 0 233 2.8329 0.0 8.181805246746432 0.0 4.0 
2029 10584807.3 99.82905688777338 79.61688885277661 144.40991406249992 0 233 2.8329 0.0 8.181805246746432 0.0 4.0 
2030 10584840.6 99.83414367798733 79.61688885277661 144.40991406249992 0 233 2.8329 0.0 8.181805246746432 0.0 4.0 
2031 10584873.9 99.83414367798733 79.62540487136499 144.40991406249992 0 233 2.8329 0.0 8.181805246746432 0.0 4.0 
2032 10584907.3 99.83414367798733 79.62540487136499 144.40991406249992 0 233 2.8329 0.0 8.181805246746432 0.0 4.0 
2033 10584940.6 99.84511412657768 79.6337793494559 144.40991406249992 0 233 2.8329 0.0 8.181805246746432 0.0 4.0 
2034 10584973.9 99.84511412657768 79.6337793494559 144.40991406249992 0 233 2.8329 0.0 8.181805246746432 0.0 4.0 
2035 10585007.3 99.84511412657768 79.6337793494559 144.40991406249992 0 233 2.8329 0.0 8.181805246746432 0.0 4.0 
2036 10585040.6 99.84511412657768 79.6337793494559 144.40991406249992 0 233 2.8329 0.0 8.181805246746432 0.0 4.0 
2037 10585073.9 99.86122293298304 79.6337793494559 144.40991406249992 0 233 2.8329 0.0 8.181805246746432 0.0 4.0 
2038 10585107.3 99.86122293298304 79.63550609069895 144.40991406249992 0 233 2.8329 0.0 8.181805246746432 0.0 4.0 
2039 10585140.6 99.86122293298304 79.63550609069895 144.40991406249992 0 233 2.8329 0.0 8.181805246746432 0.0 4.0 
2040 10585173.9 99.86122293298304 79.63550609069895 144.40991406249992 0 233 2.8329 0.0 8.181805246746432 0.0 4.0 
2041 10585207.3 99.87518233720263 79.63550609069895 144.40991406249992 0 233 2.8329 0.0 8.181805246746432 0.0 4.0 
2042 10585240.6 99.87518233720263 79.63440000053471 144.40991406249992 0 233 2.8329 0.0 8.181805246746432 0.0 4.0 
2043 10585274.0 99.87518233720263 79.63440000053471 144.40991406249992 0 233 2.8329 0.0 8.181805246746432 0.0 4.0 
2044 10585307.3 99.88660796398698 79.63250026011238 144.40991406249992 0 233 2.8329 0.0 8.181805246746432 0.0 4.0 
2045 10585340.6 99.88660796398698 79.63250026011238 144.40991406249992 0 233 2.8329 0.0 8.181805246746432 0.0 4.0 
2046 10585374.0 99.88660796398698 79.63250026011238 144.40991406249992 0 233 2.8329 0.0 8.181805246746432 0.0 4.0 
2047 10585407.3 99.88660796398698 79.63250026011238 144.40991406249992 0 233 2.8329 0.0 8.181805246746432 0.0 4.0 
2048 10585440.6 99.90605266399102 79.622254228165 144.40991406249992 0 233 2.8329 0.0 8.181805246746432 0.0 4.0 
2049 10585474.0 99.90605266399102 79.622254228165 144.40991406249992 0 233 2.8329 0.0 8.181805246746432 0.0 4.0 
2050 10585507.3 99.90605266399102 79.622254228165 144.40991406249992 0 233 2.8329 0.0 8.181805246746432 0.0 4.0 
2051 10585540.6 99.92043296729713 79.622254228165 144.40991406249992 0 233 2.8329 0.0 8.181805246746432 0.0 4.0 
2052 10585574.0 99.92043296729713 79.61656580880803 144.40991406249992 0 233 2.8329 0.0 8.181805246746432 0.0 4.0 
2053 10585607.3 99.92043296729713 79.61656580880803 144.40991406249992 0 233 2.8329 0.0 8.181805246746432 0.0 4.0 
2054 10585640.7 99.92764470971105 79.61656580880803 144.40991406249992 0 233 2.8329 0.0 8.181805246746432 0.0 4.0 
2055 10585674.0 99.92764470971105 79.61262252286103 144.40991406249992 0 233 2.8329 0.0 8.181805246746432 0.0 4.0 
2056 10585707.3 99.92764470971105 79.61262252286103 144.40991406249992 0 233 2.8329 0.0 8.181805246746432 0.0 4.0 
2057 10585740.7 99.92764470971105 79.61262252286103 144.40991406249992 0 233 2.8329 0.0 8.181805246746432 0.0 4.0 
2058 10585774.0 99.94013966947075 79.60663419610621 144.40991406249992 0 233 2.8329 0.0 8.181805246746432 0.0 4.0 
2059 10585807.3 99.94013966947075 79.60663419610621 144.40991406249992 0 233 2.8329 0.0 8.181805246746432 0.0 4.0 
2060 10585840.7 99.94013966947075 79.60663419610621 144.40991406249992 0 233 2.8329 0.0 8.181805246746432 0.0 4.0 
2061 10585874.0 99.94013966947075 79.60663419610621 144.40991406249992 0 233 2.8329 0.0 8.181805246746432 0.0 4.0 
2062 10585907.3 99.95699617255808 79.60663419610621 144.40991406249992 0 233 2.8329 0.0 8.181805246746432 0.0 4.0 
2063 10585940.7 99.95699617255808 79.58100902232482 144.40991406249992 0 233 2.8329 0.0 8.181805246746432 0.0 4.0 
2064 10585974.0 99.95699617255808 79.58100902232482 144.40991406249992 0 233 2.8329 0.0 8.181805246746432 0.0 4.0 
2065 10586007.3 99.95699617255808 79.58100902232482 144.40991406249992 0 233 2.8329 0.0 8.181805246746432 0.0 4.0 
2066 10586040.7 99.95699617255808 79.58100902232482 144.40991406249992 0 233 2.8329 0.0 8.181805246746432 0.0 4.0 
2067 10586074.0 99.966601685659 79.58100902232482 144.40991406249992 0 233 2.8329 0.0 8.181805246746432 0.0 4.0 
2068 10586107.4 99.966601685659 79.56039180539986 144.40991406249992 0 233 2.8329 0.0 8.181805246746432 0.0 4.0 
2069 10586140.7 99.966601685659 79.56039180539986 144.40991406249992 0 233 2.8329 0.0 8.181805246746432 0.0 4.0 
2070 10586174.0 99.966601685659 79.56039180539986 144.40991406249992 0 233 2.8329 0.0 8.181805246746432 0.0 4.0 
2071 10586207.4 99.9770489224857 79.56039180539986 144.40991406249992 0 233 2.8329 0.0 8.181805246746432 0.0 4.0 
2072 10586240.7 99.9770489224857 79.54449206282669 144.40991406249992 0 233 2.8329 0.0 8.181805246746432 0.0 4.0 
2073 10586274.0 99.9770489224857 79.54449206282669 144.40991406249992 0 233 2.8329 0.0 8.181805246746432 0.0 4.0 
2074 10586307.4 99.98567326602283 79.54449206282669 144.40991406249992 0 233 2.8329 0.0 8.181805246746432 0.0 4.0 
2075 10586340.7 99.98567326602283 79.53966047816859 144.40991406249992 0 233 2.8329 0.0 8.181805246746432 0.0 4.0 
2076 10586374.0 99.98567326602283 79.53966047816859 144.40991406249992 0 233 2.8329 0.0 8.181805246746432 0.0 4.0 
2077 10586407.4 99.98567326602283 79.53966047816859 144.40991406249992 0 233 2.8329 0.0 8.181805246746432 0.0 4.0 
2078 10586440.7 99.99032339885203 79.53966047816859 144.40991406249992 0 233 2.8329 0.0 8.181805246746432 0.0 4.0 
2079 10586474.1 99.99032339885203 79.53261834124214 144.40991406249992 0 233 2.8329 0.0 8.181805246746432 0.0 4.0 
2080 10586507.4 99.99032339885203 79.53261834124214 144.40991406249992 0 233 2.8329 0.0 8.181805246746432 0.0 4.0 
2081 10586540.7 99.99032339885203 79.53261834124214 144.40991406249992 0 233 2.8329 0.0 8.181805246746432 0.0 4.0 
2082 10586574.1 99.99848485405519 79.53261834124214 144.40991406249992 0 233 2.8329 0.0 8.181805246746432 0.0 4.0 
2083 10586607.4 99.99848485405519 79.50666473776121 144.40991406249992 0 233 2.8329 0.0 8.181805246746432 0.0 4.0 
2084 10586640.7 99.99848485405519 79.50666473776121 144.40991406249992 0 233 2.8329 0.0 8.181805246746432 0.0 4.0 
2085 10586674.1 99.99848485405519 79.50666473776121 144.40991406249992 0 233 2.8329 0.0 8.181805246746432 0.0 4.0 
2086 10586707.4 99.99848485405519 79.50666473776121 144.40991406249992 0 233 2.8329 0.0 8.181805246746432 0.0 4.0 
2087 10586740.7 100.00399831249469 79.50666473776121 144.40991406249992 0 233 2.8329 0.0 8.181805246746432 0.0 4.0 
2088 10586774.1 100.00399831249469 79.49486773702525 144.40991406249992 0 233 2.8329 0.0 8.181805246746432 0.0 4.0 
2089 10586807.4 100.00399831249469 79.49486773702525 144.40991406249992 0 233 2.8329 0.0 8.181805246746432 0.0 4.0 
2090 10586840.7 100.00623814310644 79.49486773702525 144.40991406249992 0 233 2.8329 0.0 8.181805246746432 0.0 4.0 
2091 10586874.1 100.00623814310644 79.49486773702525 144.40991406249992 0 233 2.8329 0.0 8.181805246746432 0.0 4.0 
2092 10586907.4 100.00623814310644 79.50420539094483 144.40991406249992 0 233 2.8329 0.0 8.181805246746432 0.0 4.0 
2093 10586940.8 100.00623814310644 79.50420539094483 144.40991406249992 0 233 2.8329 0.0 8.181805246746432 0.0 4.0 
2094 10586974.1 100.00442855625295 79.51834828858738 144.40991406249992 0 233 2.8329 0.0 8.181805246746432 0.0 4.0 
2095 10587007.4 100.00442855625295 79.51834828858738 144.40991406249992 0 233 2.8329 0.0 8.181805246746432 0.0 4.0 
2096 10587040.8 100.00442855625295 79.51834828858738 144.40991406249992 0 233 2.8329 0.0 8.181805246746432 0.0 4.0 
2097 10587074.1 100.00442855625295 79.51834828858738 144.40991406249992 0 233 2.8329 0.0 8.181805246746432 0.0 4.0 
2098 10587107.4 99.98723212000723 79.51834828858738 144.40991406249992 0 233 2.8329 0.0 8.181805246746432 0.0 4.0 
2099 10587140.8 99.98723212000723 79.56120270107006 144.40991406249992 0 233 2.8329 0.0 8.181805246746432 0.0 4.0 
2100 10587174.1 99.98723212000723 79.56120270107006 144.40991406249992 0 233 2.8329 0.0 8.181805246746432 0.0 4.0 
2101 10587207.4 99.98723212000723 79.56120270107006 144.40991406249992 0 233 2.8329 0.0 8.181805246746432 0.0 4.0 
2102 10587240.8 99.96252069641346 79.56120270107006 144.40991406249992 0 233 2.8329 0.0 8.181805246746432 0.0 4.0 
2103 10587274.1 99.96252069641346 79.59116332930468 144.40991406249992 0 233 2.8329 0.0 8.181805246746432 0.0 4.0 
2104 10587307.5 99.96252069641346 79.59116332930468 144.40991406249992 0 233 2.8329 0.0 8.181805246746432 0.0 4.0 
2105 10587340.8 99.96252069641346 79.59116332930468 144.40991406249992 0 233 2.8329 0.0 8.181805246746432 0.0 4.0 
2106 10587374.1 99.92881365833568 79.61412377443625 144.40991406249992 0 233 2.8329 0.0 8.181805246746432 0.0 4.0 
2107 10587407.5 99.92881365833568 79.61412377443625 144.40991406249992 0 233 2.8329 0.0 8.181805246746432 0.0 4.0 
2108 10587440.8 99.92881365833568 79.61412377443625 144.40991406249992 0 233 2.8329 0.0 8.181805246746432 0.0 4.0 
2109 10587474.1 99.92881365833568 79.61412377443625 144.40991406249992 0 233 2.8329 0.0 8.181805246746432 0.0 4.0 
2110 10587507.5 99.89512539574771 79.61412377443625 144.40991406249992 0 233 2.8329 0.0 8.181805246746432 0.0 4.0 
2111 10587540.8 99.89512539574771 79.62451293584013 144.40991406249992 0 233 2.8329 0.0 8.181805246746432 0.0 4.0 
2112 10587574.1 99.89512539574771 79.62451293584013 144.40991406249992 0 233 2.8329 0.0 8.181805246746432 0.0 4.0 
2113 10587607.5 99.89512539574771 79.62451293584013 144.40991406249992 0 233 2.8329 0.0 8.181805246746432 0.0 4.0 
2114 10587640.8 99.85621256288181 79.62451293584013 144.40991406249992 0 233 2.8329 0.0 8.181805246746432 0.0 4.0 
2115 10587674.1 99.85621256288181 79.62451293584013 144.40991406249992 0 233 2.8329 0.0 8.181805246746432 0.0 4.0 
2116 10587707.5 99.85621256288181 79.62451293584013 144.40991406249992 0 233 2.8329 0.0 8.181805246746432 0.0 4.0 
2117 10587740.8 99.85621256288181 79.62451293584013 144.40991406249992 0 233 2.8329 0.0 8.181805246746432 0.0 4.0 
2118 10587774.2 99.82165100362684 79.61954288485794 144.40991406249992 0 233 2.8329 0.0 8.181805246746432 0.0 4.0 
2119 10587807.5 99.82165100362684 79.61954288485794 144.40991406249992 0 233 2.8329 0.0 8.181805246746432 0.0 4.0 
2120 10587840.8 99.82165100362684 79.61954288485794 144.40991406249992 0 233 2.8329 0.0 8.181805246746432 0.0 4.0 
2121 10587874.2 99.8087890452772 79.61954288485794 144.40991406249992 0 233 2.8329 0.0 8.181805246746432 0.0 4.0 
2122 10587907.5 99.8087890452772 79.61494552450624 144.40991406249992 0 233 2.8329 0.0 8.181805246746432 0.0 4.0 
2123 10587940.8 99.8087890452772 79.61494552450624 144.40991406249992 0 233 2.8329 0.0 8.181805246746432 0.0 4.0 
2124 10587974.2 99.80276331803196 79.61494552450624 144.40991406249992 0 233 2.8329 0.0 8.181805246746432 0.0 4.0 
2125 10588007.5 99.80276331803196 79.60877715325066 144.40991406249992 0 233 2.8329 0.0 8.181805246746432 0.0 4.0 
2126 10588040.8 99.80276331803196 79.60877715325066 144.40991406249992 0 233 2.8329 0.0 8.181805246746432 0.0 4.0 
2127 10588074.2 99.80276331803196 79.60877715325066 144.40991406249992 0 233 2.8329 0.0 8.181805246746432 0.0 4.0 
2128 10588107.5 99.78239992388318 79.59283270560533 144.40991406249992 0 233 2.8329 0.0 8.181805246746432 0.0 4.0 
2129 10588140.9 99.78239992388318 79.59283270560533 144.40991406249992 0 233 2.8329 0.0 8.181805246746432 0.0 4.0 
2130 10588174.2 99.78239992388318 79.59283270560533 144.40991406249992 0 233 2.8329 0.0 8.181805246746432 0.0 4.0 
2131 10588207.5 99.78239992388318 79.59283270560533 144.40991406249992 0 233 2.8329 0.0 8.181805246746432 0.0 4.0 
2132 10588240.9 99.75002654945278 79.57606489157895 144.40991406249992 0 233 2.8329 0.0 8.181805246746432 0.0 4.0 
2133 10588274.2 99.75002654945278 79.57606489157895 144.40991406249992 0 233 2.8329 0.0 8.181805246746432 0.0 4.0 
2134 10588307.5 99.75002654945278 79.57606489157895 144.40991406249992 0 233 2.8329 0.0 8.181805246746432 0.0 4.0 
2135 10588340.9 99.75002654945278 79.57606489157895 144.40991406249992 0 233 2.8329 0.0 8.181805246746432 0.0 4.0 
2136 10588374.2 99.71396888765341 79.57606489157895 144.40991406249992 0 233 2.8329 0.0 8.181805246746432 0.0 4.0 
2137 10588407.5 99.71396888765341 79.57139581501929 144.40991406249992 0 233 2.8329 0.0 8.181805246746432 0.0 4.0 
2138 10588440.9 99.71396888765341 79.57139581501929 144.40991406249992 0 233 2.8329 0.0 8.181805246746432 0.0 4.0 
2139 10588474.2 99.71396888765341 79.57139581501929 144.40991406249992 0 233 2.8329 0.0 8.181805246746432 0.0 4.0 
2140 10588507.5 99.6749665776842 79.58452969305158 144.40991406249992 0 233 2.8329 0.0 8.181805246746432 0.0 4.0 
2141 10588540.9 99.6749665776842 79.58452969305158 144.40991406249992 0 233 2.8329 0.0 8.181805246746432 0.0 4.0 
2142 10588574.2 99.6749665776842 79.58452969305158 144.40991406249992 0 233 2.8329 0.0 8.181805246746432 0.0 4.0 
2143 10588607.6 99.6749665776842 79.58452969305158 144.40991406249992 0 233 2.8329 0.0 8.181805246746432 0.0 4.0 
2144 10588640.9 99.66812593107599 79.58452969305158 144.40991406249992 0 233 2.8329 0.0 8.181805246746432 0.0 4.0 
2145 10588674.2 99.66812593107599 79.59637441158141 144.40991406249992 0 233 2.8329 0.0 8.181805246746432 0.0 4.0 
2146 10588707.6 99.66812593107599 79.59637441158141 144.40991406249992 0 233 2.8329 0.0 8.181805246746432 0.0 4.0 
2147 10588740.9 99.67739752728923 79.59637441158141 144.40991406249992 0 233 2.8329 0.0 8.181805246746432 0.0 4.0 
2148 10588774.2 99.67739752728923 79.59448438402227 144.40991406249992 0 233 2.8329 0.0 8.181805246746432 0.0 4.0 
2149 10588807.6 99.67739752728923 79.59448438402227 144.40991406249992 0 233 2.8329 0.0 8.181805246746432 0.0 4.0 
2150 10588840.9 99.67739752728923 79.59448438402227 144.40991406249992 0 233 2.8329 0.0 8.181805246746432 0.0 4.0 
2151 10588874.2 99.68996457847767 79.58841231998588 144.40991406249992 0 233 2.8329 0.0 8.181805246746432 0.0 4.0 
2152 10588907.6 99.68996457847767 79.58841231998588 144.40991406249992 0 233 2.8329 0.0 8.181805246746432 0.0 4.0 
2153 10588940.9 99.68996457847767 79.58841231998588 144.40991406249992 0 233 2.8329 0.0 8.181805246746432 0.0 4.0 
2154 10588974.3 99.71240360400485 79.58841231998588 144.40991406249992 0 233 2.8329 0.0 8.181805246746432 0.0 4.0 
2155 10589007.6 99.71240360400485 79.5796815097845 144.40991406249992 0 233 2.8329 0.0 8.181805246746432 0.0 4.0 
2156 10589040.9 99.71240360400485 79.5796815097845 144.40991406249992 0 233 2.8329 0.0 8.181805246746432 0.0 4.0 
2157 10589074.3 99.71240360400485 79.5796815097845 144.40991406249992 0 233 2.8329 0.0 8.181805246746432 0.0 4.0 
2158 10589107.6 99.71240360400485 79.5796815097845 144.40991406249992 0 233 2.8329 0.0 8.181805246746432 0.0 4.0 
2159 10589140.9 99.73012531702521 79.5796815097845 144.40991406249992 0 233 2.8329 0.0 8.181805246746432 0.0 4.0 
2160 10589174.3 99.73012531702521 79.57493180264065 144.40991406249992 0 233 2.8329 0.0 8.181805246746432 0.0 4.0 
2161 10589207.6 99.73012531702521 79.57493180264065 144.40991406249992 0 233 2.8329 0.0 8.181805246746432 0.0 4.0 
2162 10589240.9 99.73012531702521 79.57493180264065 144.40991406249992 0 233 2.8329 0.0 8.181805246746432 0.0 4.0 
2163 10589274.3 99.74315897663094 79.57493180264065 144.40991406249992 0 233 2.8329 0.0 8.181805246746432 0.0 4.0 
2164 10589307.6 99.74315897663094 79.57493180264065 144.40991406249992 0 233 2.8329 0.0 8.181805246746432 0.0 4.0 
2165 10589340.9 99.74315897663094 79.57493180264065 144.40991406249992 0 233 2.8329 0.0 8.181805246746432 0.0 4.0 
2166 10589374.3 99.76018891578367 79.57493180264065 144.40991406249992 0 233 2.8329 0.0 8.181805246746432 0.0 4.0 
2167 10589407.6 99.76018891578367 79.57857277704319 144.40991406249992 0 233 2.8329 0.0 8.181805246746432 0.0 4.0 
2168 10589441.0 99.76018891578367 79.57857277704319 144.40991406249992 0 233 2.8329 0.0 8.181805246746432 0.0 4.0 
2169 10589474.3 99.76018891578367 79.57857277704319 144.40991406249992 0 233 2.8329 0.0 8.181805246746432 0.0 4.0 
2170 10589507.6 99.76764170585554 79.57857277704319 144.40991406249992 0 233 2.8329 0.0 8.181805246746432 0.0 4.0 
2171 10589541.0 99.76764170585554 79.58217695622157 144.40991406249992 0 233 2.8329 0.0 8.181805246746432 0.0 4.0 
2172 10589574.3 99.76764170585554 79.58217695622157 144.40991406249992 0 233 2.8329 0.0 8.181805246746432 0.0 4.0 
2173 10589607.6 99.76764170585554 79.58217695622157 144.40991406249992 0 233 2.8329 0.0 8.181805246746432 0.0 4.0 
2174 10589641.0 99.77073448386002 79.58435035464393 144.40991406249992 0 233 2.8329 0.0 8.181805246746432 0.0 4.0 
2175 10589674.3 99.77073448386002 79.58435035464393 144.40991406249992 0 233 2.8329 0.0 8.181805246746432 0.0 4.0 
2176 10589707.6 99.77073448386002 79.58435035464393 144.40991406249992 0 233 2.8329 0.0 8.181805246746432 0.0 4.0 
2177 10589741.0 99.77073448386002 79.58435035464393 144.40991406249992 0 233 2.8329 0.0 8.181805246746432 0.0 4.0 
2178 10589774.3 99.7828389217352 79.58631104615195 144.40991406249992 0 233 2.8329 0.0 8.181805246746432 0.0 4.0 
2179 10589807.7 99.7828389217352 79.58631104615195 144.40991406249992 0 233 2.8329 0.0 8.181805246746432 0.0 4.0 
2180 10589841.0 99.7828389217352 79.58631104615195 144.40991406249992 0 233 2.8329 0.0 8.181805246746432 0.0 4.0 
2181 10589874.3 99.78848181796974 79.58631104615195 144.40991406249992 0 233 2.8329 0.0 8.181805246746432 0.0 4.0 
2182 10589907.7 99.78848181796974 79.58631104615195 144.40991406249992 0 233 2.8329 0.0 8.181805246746432 0.0 4.0 
2183 10589941.0 99.79508226431821 79.58631104615195 144.40991406249992 0 233 2.8329 0.0 8.181805246746432 0.0 4.0 
2184 10589974.3 99.79508226431821 79.58631104615195 144.40991406249992 0 233 2.8329 0.0 8.181805246746432 0.0 4.0 
2185 10590007.7 99.79508226431821 79.58631104615195 144.40991406249992 0 233 2.8329 0.0 8.181805246746432 0.0 4.0 
2186 10590041.0 99.80098025107365 79.58887567614454 144.40991406249992 0 233 2.8329 0.0 8.181805246746432 0.0 4.0 
2187 10590074.3 99.80098025107365 79.58887567614454 144.40991406249992 0 233 2.8329 0.0 8.181805246746432 0.0 4.0 
2188 10590107.7 99.80098025107365 79.58887567614454 144.40991406249992 0 233 2.8329 0.0 8.181805246746432 0.0 4.0 
2189 10590141.0 99.80968127446951 79.59312736360243 144.40991406249992 0 233 2.8329 0.0 8.181805246746432 0.0 4.0 
2190 10590174.3 99.80968127446951 79.59312736360243 144.40991406249992 0 233 2.8329 0.0 8.181805246746432 0.0 4.0 
2191 10590207.7 99.80968127446951 79.59312736360243 144.40991406249992 0 233 2.8329 0.0 8.181805246746432 0.0 4.0 
2192 10590241.0 99.80968127446951 79.59312736360243 144.40991406249992 0 233 2.8329 0.0 8.181805246746432 0.0 4.0 
2193 10590274.4 99.82684336731542 79.59312736360243 144.40991406249992 0 233 2.8329 0.0 8.181805246746432 0.0 4.0 
2194 10590307.7 99.82684336731542 79.5956834587315 144.40991406249992 0 233 2.8329 0.0 8.181805246746432 0.0 4.0 
2195 10590341.0 99.82684336731542 79.5956834587315 144.40991406249992 0 233 2.8329 0.0 8.181805246746432 0.0 4.0 
2196 10590374.4 99.82684336731542 79.5956834587315 144.40991406249992 0 233 2.8329 0.0 8.181805246746432 0.0 4.0 
2197 10590407.7 99.83600936767783 79.5956834587315 144.40991406249992 0 233 2.8329 0.0 8.181805246746432 0.0 4.0 
2198 10590441.0 99.83600936767783 79.59723774940055 144.40991406249992 0 233 2.8329 0.0 8.181805246746432 0.0 4.0 
2199 10590474.4 99.83600936767783 79.59723774940055 144.40991406249992 0 233 2.8329 0.0 8.181805246746432 0.0 4.0 
2200 10590507.7 99.83600936767783 79.59723774940055 144.40991406249992 0 233 2.8329 0.0 8.181805246746432 0.0 4.0 
2201 10590541.0 99.84480787416622 79.59723774940055 144.40991406249992 0 233 2.8329 0.0 8.181805246746432 0.0 4.0 
2202 10590574.4 99.84480787416622 79.59723774940055 144.40991406249992 0 233 2.8329 0.0 8.181805246746432 0.0 4.0 
2203 10590607.7 99.84480787416622 79.59723774940055 144.40991406249992 0 233 2.8329 0.0 8.181805246746432 0.0 4.0 
2204 10590641.1 99.84480787416622 79.59723774940055 144.40991406249992 0 233 2.8329 0.0 8.181805246746432 0.0 4.0 
2205 10590674.4 99.84230182423303 79.59723774940055 144.40991406249992 0 233 2.8329 0.0 8.181805246746432 0.0 4.0 
2206 10590707.7 99.84230182423303 79.59608172047561 144.40991406249992 0 233 2.8329 0.0 8.181805246746432 0.0 4.0 
2207 10590741.1 99.84230182423303 79.59608172047561 144.40991406249992 0 233 2.8329 0.0 8.181805246746432 0.0 4.0 
2208 10590774.4 99.85008119404611 79.59608172047561 144.40991406249992 0 233 2.8329 0.0 8.181805246746432 0.0 4.0 
2209 10590807.7 99.85008119404611 79.59608172047561 144.40991406249992 0 233 2.8329 0.0 8.181805246746432 0.0 4.0 
2210 10590841.1 99.85940919076779 79.59753170944998 144.40991406249992 0 233 2.8329 0.0 8.181805246746432 0.0 4.0 
2211 10590874.4 99.85940919076779 79.59753170944998 144.40991406249992 0 233 2.8329 0.0 8.181805246746432 0.0 4.0 
2212 10590907.7 99.85940919076779 79.59753170944998 144.40991406249992 0 233 2.8329 0.0 8.181805246746432 0.0 4.0 
2213 10590941.1 99.85940919076779 79.59753170944998 144.40991406249992 0 233 2.8329 0.0 8.181805246746432 0.0 4.0 
2214 10590974.4 99.86940095351578 79.59936371728877 144.40991406249992 0 233 2.8329 0.0 8.181805246746432 0.0 4.0 
2215 10591007.7 99.86940095351578 79.59936371728877 144.40991406249992 0 233 2.8329 0.0 8.181805246746432 0.0 4.0 
2216 10591041.1 99.86940095351578 79.59936371728877 144.40991406249992 0 233 2.8329 0.0 8.181805246746432 0.0 4.0 
2217 10591074.4 99.86940095351578 79.59936371728877 144.40991406249992 0 233 2.8329 0.0 8.181805246746432 0.0 4.0 
2218 10591107.8 99.8872485964551 79.59936371728877 144.40991406249992 0 233 2.8329 0.0 8.181805246746432 0.0 4.0 
2219 10591141.1 99.8872485964551 79.59494452237239 144.40991406249992 0 233 2.8329 0.0 8.181805246746432 0.0 4.0 
2220 10591174.4 99.8872485964551 79.59494452237239 144.40991406249992 0 233 2.8329 0.0 8.181805246746432 0.0 4.0 
2221 10591207.8 99.8872485964551 79.59494452237239 144.40991406249992 0 233 2.8329 0.0 8.181805246746432 0.0 4.0 
2222 10591241.1 99.90581251263372 79.5847128560406 144.40991406249992 0 233 2.8329 0.0 8.181805246746432 0.0 4.0 
2223 10591274.4 99.90581251263372 79.5847128560406 144.40991406249992 0 233 2.8329 0.0 8.181805246746432 0.0 4.0 
2224 10591307.8 99.90581251263372 79.5847128560406 144.40991406249992 0 233 2.8329 0.0 8.181805246746432 0.0 4.0 
2225 10591341.1 99.90581251263372 79.5847128560406 144.40991406249992 0 233 2.8329 0.0 8.181805246746432 0.0 4.0 
2226 10591374.4 99.92096960057634 79.5847128560406 144.40991406249992 0 233 2.8329 0.0 8.181805246746432 0.0 4.0 
2227 10591407.8 99.92096960057634 79.5750239230562 144.40991406249992 0 233 2.8329 0.0 8.181805246746432 0.0 4.0 
2228 10591441.1 99.92096960057634 79.5750239230562 144.40991406249992 0 233 2.8329 0.0 8.181805246746432 0.0 4.0 
2229 10591474.5 99.92096960057634 79.5750239230562 144.40991406249992 0 233 2.8329 0.0 8.181805246746432 0.0 4.0 
2230 10591507.8 99.93489133437784 79.5750239230562 144.40991406249992 0 233 2.8329 0.0 8.181805246746432 0.0 4.0 
2231 10591541.1 99.93489133437784 79.56292196951432 144.40991406249992 0 233 2.8329 0.0 8.181805246746432 0.0 4.0 
2232 10591574.5 99.93489133437784 79.56292196951432 144.40991406249992 0 233 2.8329 0.0 8.181805246746432 0.0 4.0 
2233 10591607.8 99.93489133437784 79.56292196951432 144.40991406249992 0 233 2.8329 0.0 8.181805246746432 0.0 4.0 
2234 10591641.1 99.94890926509196 79.54927674764308 144.40991406249992 0 233 2.8329 0.0 8.181805246746432 0.0 4.0 
2235 10591674.5 99.94890926509196 79.54927674764308 144.40991406249992 0 233 2.8329 0.0 8.181805246746432 0.0 4.0 
2236 10591707.8 99.94890926509196 79.54927674764308 144.40991406249992 0 233 2.8329 0.0 8.181805246746432 0.0 4.0 
2237 10591741.1 99.94890926509196 79.54927674764308 144.40991406249992 0 233 2.8329 0.0 8.181805246746432 0.0 4.0 
2238 10591774.5 99.95478126484412 79.54927674764308 144.40991406249992 0 233 2.8329 0.0 8.181805246746432 0.0 4.0 
2239 10591807.8 99.95478126484412 79.5385980764168 144.40991406249992 0 233 2.8329 0.0 8.181805246746432 0.0 4.0 
2240 10591841.1 99.95478126484412 79.5385980764168 144.40991406249992 0 233 2.8329 0.0 8.181805246746432 0.0 4.0 
2241 10591874.5 99.95478126484412 79.5385980764168 144.40991406249992 0 233 2.8329 0.0 8.181805246746432 0.0 4.0 
2242 10591907.8 99.96307195109456 79.5385980764168 144.40991406249992 0 233 2.8329 0.0 8.181805246746432 0.0 4.0 
2243 10591941.2 99.96307195109456 79.52204628103841 144.40991406249992 0 233 2.8329 0.0 8.181805246746432 0.0 4.0 
2244 10591974.5 99.96307195109456 79.52204628103841 144.40991406249992 0 233 2.8329 0.0 8.181805246746432 0.0 4.0 
2245 10592007.8 99.96529760448536 79.52204628103841 144.40991406249992 0 233 2.8329 0.0 8.181805246746432 0.0 4.0 
2246 10592041.2 99.96529760448536 79.5091509376842 144.40991406249992 0 233 2.8329 0.0 8.181805246746432 0.0 4.0 
2247 10592074.5 99.96529760448536 79.5091509376842 144.40991406249992 0 233 2.8329 0.0 8.181805246746432 0.0 4.0 
2248 10592107.8 99.96864087389979 79.49498941111781 144.40991406249992 0 233 2.8329 0.0 8.181805246746432 0.0 4.0 
2249 10592141.2 99.96864087389979 79.49498941111781 144.40991406249992 0 233 2.8329 0.0 8.181805246746432 0.0 4.0 
