# Recording
duration 150.0
nframes 7500
# Camera
framerate 29.997600191984642
imageToStage -0.993727445602417,-0.06086360290646553,0.06086360290646553,-0.993727445602417
rotation -3.080421285766743
imagenormaldir +Z
pixelsize 0.9955896
# Dual color
dualcolormode False
mainside Right
viewmode Splitted
recordingmode Original
translation_x 0.0
translation_y 0.0
rotation 0.0
# Tracking
roi_x 400
roi_y 400
capture_radius 400
min_step 1
threshold 30
binning 4
dark_bg True
mode CMS
area 400
# Frame Time X Y Z minBrightness maxBrightness meanBrightness medianBrightness skewness percentile_5 percentile_95
0 3013905.3 85.11045371907068 76.35934580682056 145.40731054687492 0 233 2.8329 0.0 8.181805246746432 0.0 4.0 
1 3013938.7 85.07182832445892 76.35934580682056 145.40731054687492 0 233 2.8329 0.0 8.181805246746432 0.0 4.0 
2 3013972.0 85.07182832445892 76.35402565600954 145.40731054687492 0 233 2.8329 0.0 8.181805246746432 0.0 4.0 
3 3014005.3 85.07182832445892 76.35402565600954 145.40731054687492 0 233 2.8329 0.0 8.181805246746432 0.0 4.0 
4 3014038.7 85.07182832445892 76.35402565600954 145.40731054687492 0 233 2.8329 0.0 8.181805246746432 0.0 4.0 
5 3014072.0 85.05731802992207 76.35402565600954 145.40731054687492 0 233 2.8329 0.0 8.181805246746432 0.0 4.0 
6 3014105.4 85.05731802992207 76.3592050484543 145.40731054687492 0 233 2.8329 0.0 8.181805246746432 0.0 4.0 
7 3014138.7 85.05731802992207 76.3592050484543 145.40731054687492 0 233 2.8329 0.0 8.181805246746432 0.0 4.0 
8 3014172.0 85.05731802992207 76.3592050484543 145.40731054687492 0 233 2.8329 0.0 8.181805246746432 0.0 4.0 
9 3014205.4 85.03714561248637 76.3592050484543 145.40731054687492 0 233 2.8329 0.0 8.181805246746432 0.0 4.0 
10 3014238.7 85.03714561248637 76.37070549084606 145.40731054687492 0 233 2.8329 0.0 8.181805246746432 0.0 4.0 
11 3014272.0 85.03714561248637 76.37070549084606 145.40731054687492 0 233 2.8329 0.0 8.181805246746432 0.0 4.0 
12 3014305.4 85.03714561248637 76.37070549084606 145.40731054687492 0 233 2.8329 0.0 8.181805246746432 0.0 4.0 
13 3014338.7 85.03046848096017 76.37070549084606 145.40731054687492 0 233 2.8329 0.0 8.181805246746432 0.0 4.0 
14 3014372.0 85.03046848096017 76.38762107369107 145.40731054687492 0 233 2.8329 0.0 8.181805246746432 0.0 4.0 
15 3014405.4 85.03046848096017 76.38762107369107 145.40731054687492 0 233 2.8329 0.0 8.181805246746432 0.0 4.0 
16 3014438.7 85.03046848096017 76.38762107369107 145.40731054687492 0 233 2.8329 0.0 8.181805246746432 0.0 4.0 
17 3014472.1 85.02937179566214 76.38762107369107 145.40731054687492 0 233 2.8329 0.0 8.181805246746432 0.0 4.0 
18 3014505.4 85.02937179566214 76.40969484319844 145.40731054687492 0 233 2.8329 0.0 8.181805246746432 0.0 4.0 
19 3014538.7 85.02937179566214 76.40969484319844 145.40731054687492 0 233 2.8329 0.0 8.181805246746432 0.0 4.0 
20 3014572.1 85.02937179566214 76.40969484319844 145.40731054687492 0 233 2.8329 0.0 8.181805246746432 0.0 4.0 
21 3014605.4 85.03148129533673 76.40969484319844 145.40731054687492 0 233 2.8329 0.0 8.181805246746432 0.0 4.0 
22 3014638.7 85.03148129533673 76.42524563686393 145.40731054687492 0 233 2.8329 0.0 8.181805246746432 0.0 4.0 
23 3014672.1 85.03148129533673 76.42524563686393 145.40731054687492 0 233 2.8329 0.0 8.181805246746432 0.0 4.0 
24 3014705.4 85.03148129533673 76.42524563686393 145.40731054687492 0 233 2.8329 0.0 8.181805246746432 0.0 4.0 
25 3014738.7 85.03543483508409 76.42524563686393 145.40731054687492 0 233 2.8329 0.0 8.181805246746432 0.0 4.0 
26 3014772.1 85.03543483508409 76.44872238938807 145.40731054687492 0 233 2.8329 0.0 8.181805246746432 0.0 4.0 
27 3014805.4 85.03543483508409 76.44872238938807 145.40731054687492 0 233 2.8329 0.0 8.181805246746432 0.0 4.0 
28 3014838.7 85.03543483508409 76.44872238938807 145.40731054687492 0 233 2.8329 0.0 8.181805246746432 0.0 4.0 
29 3014872.1 85.04490399798044 76.44872238938807 145.40731054687492 0 233 2.8329 0.0 8.181805246746432 0.0 4.0 
30 3014905.4 85.04490399798044 76.47102380623707 145.40731054687492 0 233 2.8329 0.0 8.181805246746432 0.0 4.0 
31 3014938.8 85.04490399798044 76.47102380623707 145.40731054687492 0 233 2.8329 0.0 8.181805246746432 0.0 4.0 
32 3014972.1 85.04490399798044 76.47102380623707 145.40731054687492 0 233 2.8329 0.0 8.181805246746432 0.0 4.0 
33 3015005.4 85.05052775253456 76.47102380623707 145.40731054687492 0 233 2.8329 0.0 8.181805246746432 0.0 4.0 
34 3015038.8 85.05052775253456 76.48133437609269 145.40731054687492 0 233 2.8329 0.0 8.181805246746432 0.0 4.0 
35 3015072.1 85.05052775253456 76.48133437609269 145.40731054687492 0 233 2.8329 0.0 8.181805246746432 0.0 4.0 
36 3015105.4 85.05052775253456 76.48133437609269 145.40731054687492 0 233 2.8329 0.0 8.181805246746432 0.0 4.0 
37 3015138.8 85.05445552231235 76.48133437609269 145.40731054687492 0 233 2.8329 0.0 8.181805246746432 0.0 4.0 
38 3015172.1 85.05445552231235 76.49718846112418 145.40731054687492 0 233 2.8329 0.0 8.181805246746432 0.0 4.0 
39 3015205.4 85.05445552231235 76.49718846112418 145.40731054687492 0 233 2.8329 0.0 8.181805246746432 0.0 4.0 
40 3015238.8 85.05445552231235 76.49718846112418 145.40731054687492 0 233 2.8329 0.0 8.181805246746432 0.0 4.0 
41 3015272.1 85.06388598374642 76.49718846112418 145.40731054687492 0 233 2.8329 0.0 8.181805246746432 0.0 4.0 
42 3015305.5 85.06388598374642 76.51450616963898 145.40731054687492 0 233 2.8329 0.0 8.181805246746432 0.0 4.0 
43 3015338.8 85.06388598374642 76.51450616963898 145.40731054687492 0 233 2.8329 0.0 8.181805246746432 0.0 4.0 
44 3015372.1 85.06388598374642 76.51450616963898 145.40731054687492 0 233 2.8329 0.0 8.181805246746432 0.0 4.0 
45 3015405.5 85.07084452126777 76.51450616963898 145.40731054687492 0 233 2.8329 0.0 8.181805246746432 0.0 4.0 
46 3015438.8 85.07084452126777 76.52576895762365 145.40731054687492 0 233 2.8329 0.0 8.181805246746432 0.0 4.0 
47 3015472.1 85.07084452126777 76.52576895762365 145.40731054687492 0 233 2.8329 0.0 8.181805246746432 0.0 4.0 
48 3015505.5 85.07084452126777 76.52576895762365 145.40731054687492 0 233 2.8329 0.0 8.181805246746432 0.0 4.0 
49 3015538.8 85.07482932525049 76.52576895762365 145.40731054687492 0 233 2.8329 0.0 8.181805246746432 0.0 4.0 
50 3015572.1 85.07482932525049 76.53693463662488 145.40731054687492 0 233 2.8329 0.0 8.181805246746432 0.0 4.0 
51 3015605.5 85.07482932525049 76.53693463662488 145.40731054687492 0 233 2.8329 0.0 8.181805246746432 0.0 4.0 
52 3015638.8 85.07967009077484 76.53693463662488 145.40731054687492 0 233 2.8329 0.0 8.181805246746432 0.0 4.0 
53 3015672.1 85.07967009077484 76.546655298484 145.40731054687492 0 233 2.8329 0.0 8.181805246746432 0.0 4.0 
54 3015705.5 85.07967009077484 76.546655298484 145.40731054687492 0 233 2.8329 0.0 8.181805246746432 0.0 4.0 
55 3015738.8 85.07967009077484 76.546655298484 145.40731054687492 0 233 2.8329 0.0 8.181805246746432 0.0 4.0 
56 3015772.2 85.0864634289632 76.546655298484 145.40731054687492 0 233 2.8329 0.0 8.181805246746432 0.0 4.0 
57 3015805.5 85.0864634289632 76.5550658643009 145.40731054687492 0 233 2.8329 0.0 8.181805246746432 0.0 4.0 
58 3015838.8 85.0864634289632 76.5550658643009 145.40731054687492 0 233 2.8329 0.0 8.181805246746432 0.0 4.0 
59 3015872.2 85.0864634289632 76.5550658643009 145.40731054687492 0 233 2.8329 0.0 8.181805246746432 0.0 4.0 
60 3015905.5 85.09445991866727 76.5550658643009 145.40731054687492 0 233 2.8329 0.0 8.181805246746432 0.0 4.0 
61 3015938.8 85.09445991866727 76.5672988823244 145.40731054687492 0 233 2.8329 0.0 8.181805246746432 0.0 4.0 
62 3015972.2 85.09445991866727 76.5672988823244 145.40731054687492 0 233 2.8329 0.0 8.181805246746432 0.0 4.0 
63 3016005.5 85.09445991866727 76.5672988823244 145.40731054687492 0 233 2.8329 0.0 8.181805246746432 0.0 4.0 
64 3016038.8 85.10078014100122 76.5672988823244 145.40731054687492 0 233 2.8329 0.0 8.181805246746432 0.0 4.0 
65 3016072.2 85.10078014100122 76.58279837697675 145.40731054687492 0 233 2.8329 0.0 8.181805246746432 0.0 4.0 
66 3016105.5 85.10078014100122 76.58279837697675 145.40731054687492 0 233 2.8329 0.0 8.181805246746432 0.0 4.0 
67 3016138.9 85.10078014100122 76.58279837697675 145.40731054687492 0 233 2.8329 0.0 8.181805246746432 0.0 4.0 
68 3016172.2 85.10536853215216 76.58279837697675 145.40731054687492 0 233 2.8329 0.0 8.181805246746432 0.0 4.0 
69 3016205.5 85.10536853215216 76.59475420606677 145.40731054687492 0 233 2.8329 0.0 8.181805246746432 0.0 4.0 
70 3016238.9 85.10536853215216 76.59475420606677 145.40731054687492 0 233 2.8329 0.0 8.181805246746432 0.0 4.0 
71 3016272.2 85.10536853215216 76.59475420606677 145.40731054687492 0 233 2.8329 0.0 8.181805246746432 0.0 4.0 
72 3016305.5 85.10536853215216 76.61318995705354 145.40731054687492 0 233 2.8329 0.0 8.181805246746432 0.0 4.0 
73 3016338.9 85.10536853215216 76.61318995705354 145.40731054687492 0 233 2.8329 0.0 8.181805246746432 0.0 4.0 
74 3016372.2 85.10536853215216 76.61318995705354 145.40731054687492 0 233 2.8329 0.0 8.181805246746432 0.0 4.0 
75 3016405.5 85.10129829654153 76.61318995705354 145.40731054687492 0 233 2.8329 0.0 8.181805246746432 0.0 4.0 
76 3016438.9 85.10129829654153 76.63025997184958 145.40731054687492 0 233 2.8329 0.0 8.181805246746432 0.0 4.0 
77 3016472.2 85.10129829654153 76.63025997184958 145.40731054687492 0 233 2.8329 0.0 8.181805246746432 0.0 4.0 
78 3016505.5 85.10129829654153 76.63025997184958 145.40731054687492 0 233 2.8329 0.0 8.181805246746432 0.0 4.0 
79 3016538.9 85.08724656774808 76.63025997184958 145.40731054687492 0 233 2.8329 0.0 8.181805246746432 0.0 4.0 
80 3016572.2 85.08724656774808 76.64818408634174 145.40731054687492 0 233 2.8329 0.0 8.181805246746432 0.0 4.0 
81 3016605.6 85.08724656774808 76.64818408634174 145.40731054687492 0 233 2.8329 0.0 8.181805246746432 0.0 4.0 
82 3016638.9 85.08724656774808 76.64818408634174 145.40731054687492 0 233 2.8329 0.0 8.181805246746432 0.0 4.0 
83 3016672.2 85.06354004840365 76.64818408634174 145.40731054687492 0 233 2.8329 0.0 8.181805246746432 0.0 4.0 
84 3016705.6 85.06354004840365 76.66905120850367 145.40731054687492 0 233 2.8329 0.0 8.181805246746432 0.0 4.0 
85 3016738.9 85.06354004840365 76.66905120850367 145.40731054687492 0 233 2.8329 0.0 8.181805246746432 0.0 4.0 
86 3016772.2 85.06354004840365 76.66905120850367 145.40731054687492 0 233 2.8329 0.0 8.181805246746432 0.0 4.0 
87 3016805.6 85.04107343267486 76.66905120850367 145.40731054687492 0 233 2.8329 0.0 8.181805246746432 0.0 4.0 
88 3016838.9 85.04107343267486 76.68020449213901 145.40731054687492 0 233 2.8329 0.0 8.181805246746432 0.0 4.0 
89 3016872.2 85.04107343267486 76.68020449213901 145.40731054687492 0 233 2.8329 0.0 8.181805246746432 0.0 4.0 
90 3016905.6 85.04107343267486 76.68020449213901 145.40731054687492 0 233 2.8329 0.0 8.181805246746432 0.0 4.0 
91 3016938.9 85.0119464868475 76.68020449213901 145.40731054687492 0 233 2.8329 0.0 8.181805246746432 0.0 4.0 
92 3016972.3 85.0119464868475 76.68579042914898 145.40731054687492 0 233 2.8329 0.0 8.181805246746432 0.0 4.0 
93 3017005.6 85.0119464868475 76.68579042914898 145.40731054687492 0 233 2.8329 0.0 8.181805246746432 0.0 4.0 
94 3017038.9 85.0119464868475 76.68579042914898 145.40731054687492 0 233 2.8329 0.0 8.181805246746432 0.0 4.0 
95 3017072.3 84.96905019279977 76.68579042914898 145.40731054687492 0 233 2.8329 0.0 8.181805246746432 0.0 4.0 
96 3017105.6 84.96905019279977 76.69127087352624 145.40731054687492 0 233 2.8329 0.0 8.181805246746432 0.0 4.0 
97 3017138.9 84.96905019279977 76.69127087352624 145.40731054687492 0 233 2.8329 0.0 8.181805246746432 0.0 4.0 
98 3017172.3 84.96905019279977 76.69127087352624 145.40731054687492 0 233 2.8329 0.0 8.181805246746432 0.0 4.0 
99 3017205.6 84.94504152024392 76.69127087352624 145.40731054687492 0 233 2.8329 0.0 8.181805246746432 0.0 4.0 
100 3017238.9 84.94504152024392 76.70010987622057 145.40731054687492 0 233 2.8329 0.0 8.181805246746432 0.0 4.0 
101 3017272.3 84.94504152024392 76.70010987622057 145.40731054687492 0 233 2.8329 0.0 8.181805246746432 0.0 4.0 
102 3017305.6 84.94504152024392 76.70010987622057 145.40731054687492 0 233 2.8329 0.0 8.181805246746432 0.0 4.0 
103 3017338.9 84.92525381870715 76.70010987622057 145.40731054687492 0 233 2.8329 0.0 8.181805246746432 0.0 4.0 
104 3017372.3 84.92525381870715 76.70534628375621 145.40731054687492 0 233 2.8329 0.0 8.181805246746432 0.0 4.0 
105 3017405.6 84.92525381870715 76.70534628375621 145.40731054687492 0 233 2.8329 0.0 8.181805246746432 0.0 4.0 
106 3017439.0 84.92525381870715 76.70534628375621 145.40731054687492 0 233 2.8329 0.0 8.181805246746432 0.0 4.0 
107 3017472.3 84.90638946864505 76.70534628375621 145.40731054687492 0 233 2.8329 0.0 8.181805246746432 0.0 4.0 
108 3017505.6 84.90638946864505 76.71349084503008 145.40731054687492 0 233 2.8329 0.0 8.181805246746432 0.0 4.0 
109 3017539.0 84.90638946864505 76.71349084503008 145.40731054687492 0 233 2.8329 0.0 8.181805246746432 0.0 4.0 
110 3017572.3 84.90638946864505 76.71349084503008 145.40731054687492 0 233 2.8329 0.0 8.181805246746432 0.0 4.0 
111 3017605.6 84.88808006919963 76.71349084503008 145.40731054687492 0 233 2.8329 0.0 8.181805246746432 0.0 4.0 
112 3017639.0 84.88808006919963 76.72802099863195 145.40731054687492 0 233 2.8329 0.0 8.181805246746432 0.0 4.0 
113 3017672.3 84.88808006919963 76.72802099863195 145.40731054687492 0 233 2.8329 0.0 8.181805246746432 0.0 4.0 
114 3017705.6 84.88808006919963 76.72802099863195 145.40731054687492 0 233 2.8329 0.0 8.181805246746432 0.0 4.0 
115 3017739.0 84.87744608485687 76.72802099863195 145.40731054687492 0 233 2.8329 0.0 8.181805246746432 0.0 4.0 
116 3017772.3 84.87744608485687 76.74467366182277 145.40731054687492 0 233 2.8329 0.0 8.181805246746432 0.0 4.0 
117 3017805.7 84.87744608485687 76.74467366182277 145.40731054687492 0 233 2.8329 0.0 8.181805246746432 0.0 4.0 
118 3017839.0 84.87744608485687 76.74467366182277 145.40731054687492 0 233 2.8329 0.0 8.181805246746432 0.0 4.0 
119 3017872.3 84.8735951826816 76.74467366182277 145.40731054687492 0 233 2.8329 0.0 8.181805246746432 0.0 4.0 
120 3017905.7 84.8735951826816 76.76410359414209 145.40731054687492 0 233 2.8329 0.0 8.181805246746432 0.0 4.0 
121 3017939.0 84.8735951826816 76.76410359414209 145.40731054687492 0 233 2.8329 0.0 8.181805246746432 0.0 4.0 
122 3017972.3 84.8735951826816 76.76410359414209 145.40731054687492 0 233 2.8329 0.0 8.181805246746432 0.0 4.0 
123 3018005.7 84.8735951826816 76.79053190758691 145.40731054687492 0 233 2.8329 0.0 8.181805246746432 0.0 4.0 
124 3018039.0 84.8735951826816 76.79053190758691 145.40731054687492 0 233 2.8329 0.0 8.181805246746432 0.0 4.0 
125 3018072.3 84.8735951826816 76.79053190758691 145.40731054687492 0 233 2.8329 0.0 8.181805246746432 0.0 4.0 
126 3018105.7 84.8735951826816 76.79053190758691 145.40731054687492 0 233 2.8329 0.0 8.181805246746432 0.0 4.0 
127 3018139.0 84.87653709047427 76.79053190758691 145.40731054687492 0 233 2.8329 0.0 8.181805246746432 0.0 4.0 
128 3018172.3 84.87653709047427 76.81292739894863 145.40731054687492 0 233 2.8329 0.0 8.181805246746432 0.0 4.0 
129 3018205.7 84.87653709047427 76.81292739894863 145.40731054687492 0 233 2.8329 0.0 8.181805246746432 0.0 4.0 
130 3018239.0 84.87653709047427 76.81292739894863 145.40731054687492 0 233 2.8329 0.0 8.181805246746432 0.0 4.0 
131 3018272.4 84.88254665694578 76.81292739894863 145.40731054687492 0 233 2.8329 0.0 8.181805246746432 0.0 4.0 
132 3018305.7 84.88254665694578 76.83038785639185 145.40731054687492 0 233 2.8329 0.0 8.181805246746432 0.0 4.0 
133 3018339.0 84.88254665694578 76.83038785639185 145.40731054687492 0 233 2.8329 0.0 8.181805246746432 0.0 4.0 
134 3018372.4 84.88254665694578 76.83038785639185 145.40731054687492 0 233 2.8329 0.0 8.181805246746432 0.0 4.0 
135 3018405.7 84.8924206539585 76.83038785639185 145.40731054687492 0 233 2.8329 0.0 8.181805246746432 0.0 4.0 
136 3018439.0 84.8924206539585 76.84872767073603 145.40731054687492 0 233 2.8329 0.0 8.181805246746432 0.0 4.0 
137 3018472.4 84.8924206539585 76.84872767073603 145.40731054687492 0 233 2.8329 0.0 8.181805246746432 0.0 4.0 
138 3018505.7 84.8924206539585 76.84872767073603 145.40731054687492 0 233 2.8329 0.0 8.181805246746432 0.0 4.0 
139 3018539.0 84.89925593133482 76.84872767073603 145.40731054687492 0 233 2.8329 0.0 8.181805246746432 0.0 4.0 
140 3018572.4 84.89925593133482 76.86011831233834 145.40731054687492 0 233 2.8329 0.0 8.181805246746432 0.0 4.0 
141 3018605.7 84.89925593133482 76.86011831233834 145.40731054687492 0 233 2.8329 0.0 8.181805246746432 0.0 4.0 
142 3018639.1 84.89925593133482 76.86011831233834 145.40731054687492 0 233 2.8329 0.0 8.181805246746432 0.0 4.0 
143 3018672.4 84.90997337464002 76.86011831233834 145.40731054687492 0 233 2.8329 0.0 8.181805246746432 0.0 4.0 
144 3018705.7 84.90997337464002 76.87200451973192 145.40731054687492 0 233 2.8329 0.0 8.181805246746432 0.0 4.0 
145 3018739.1 84.90997337464002 76.87200451973192 145.40731054687492 0 233 2.8329 0.0 8.181805246746432 0.0 4.0 
146 3018772.4 84.92770837848552 76.87200451973192 145.40731054687492 0 233 2.8329 0.0 8.181805246746432 0.0 4.0 
147 3018805.7 84.92770837848552 76.88024256746418 145.40731054687492 0 233 2.8329 0.0 8.181805246746432 0.0 4.0 
148 3018839.1 84.92770837848552 76.88024256746418 145.40731054687492 0 233 2.8329 0.0 8.181805246746432 0.0 4.0 
149 3018872.4 84.92770837848552 76.88024256746418 145.40731054687492 0 233 2.8329 0.0 8.181805246746432 0.0 4.0 
150 3018905.7 84.94713839529192 76.88024256746418 145.40731054687492 0 233 2.8329 0.0 8.181805246746432 0.0 4.0 
151 3018939.1 84.94713839529192 76.8990246001551 145.40731054687492 0 233 2.8329 0.0 8.181805246746432 0.0 4.0 
152 3018972.4 84.94713839529192 76.8990246001551 145.40731054687492 0 233 2.8329 0.0 8.181805246746432 0.0 4.0 
153 3019005.7 84.94713839529192 76.8990246001551 145.40731054687492 0 233 2.8329 0.0 8.181805246746432 0.0 4.0 
154 3019039.1 84.95474388938769 76.8990246001551 145.40731054687492 0 233 2.8329 0.0 8.181805246746432 0.0 4.0 
155 3019072.4 84.95474388938769 76.92064369949594 145.40731054687492 0 233 2.8329 0.0 8.181805246746432 0.0 4.0 
156 3019105.8 84.95474388938769 76.92064369949594 145.40731054687492 0 233 2.8329 0.0 8.181805246746432 0.0 4.0 
157 3019139.1 84.95474388938769 76.92064369949594 145.40731054687492 0 233 2.8329 0.0 8.181805246746432 0.0 4.0 
158 3019172.4 84.95474388938769 76.9385324500659 145.40731054687492 0 233 2.8329 0.0 8.181805246746432 0.0 4.0 
159 3019205.8 84.95474388938769 76.9385324500659 145.40731054687492 0 233 2.8329 0.0 8.181805246746432 0.0 4.0 
160 3019239.1 84.95474388938769 76.9385324500659 145.40731054687492 0 233 2.8329 0.0 8.181805246746432 0.0 4.0 
161 3019272.4 84.95145389436216 76.9385324500659 145.40731054687492 0 233 2.8329 0.0 8.181805246746432 0.0 4.0 
162 3019305.8 84.95145389436216 76.95382494992356 145.40731054687492 0 233 2.8329 0.0 8.181805246746432 0.0 4.0 
163 3019339.1 84.95145389436216 76.95382494992356 145.40731054687492 0 233 2.8329 0.0 8.181805246746432 0.0 4.0 
164 3019372.4 84.95145389436216 76.95382494992356 145.40731054687492 0 233 2.8329 0.0 8.181805246746432 0.0 4.0 
165 3019405.8 84.94432629001172 76.95382494992356 145.40731054687492 0 233 2.8329 0.0 8.181805246746432 0.0 4.0 
166 3019439.1 84.94432629001172 76.96990366249524 145.40731054687492 0 233 2.8329 0.0 8.181805246746432 0.0 4.0 
167 3019472.5 84.94432629001172 76.96990366249524 145.40731054687492 0 233 2.8329 0.0 8.181805246746432 0.0 4.0 
168 3019505.8 84.94432629001172 76.96990366249524 145.40731054687492 0 233 2.8329 0.0 8.181805246746432 0.0 4.0 
169 3019539.1 84.93300474872154 76.96990366249524 145.40731054687492 0 233 2.8329 0.0 8.181805246746432 0.0 4.0 
170 3019572.5 84.93300474872154 76.98511117870092 145.40731054687492 0 233 2.8329 0.0 8.181805246746432 0.0 4.0 
171 3019605.8 84.93300474872154 76.98511117870092 145.40731054687492 0 233 2.8329 0.0 8.181805246746432 0.0 4.0 
172 3019639.1 84.93300474872154 76.98511117870092 145.40731054687492 0 233 2.8329 0.0 8.181805246746432 0.0 4.0 
173 3019672.5 84.91765607686568 76.98511117870092 145.40731054687492 0 233 2.8329 0.0 8.181805246746432 0.0 4.0 
174 3019705.8 84.91765607686568 76.9979031622527 145.40731054687492 0 233 2.8329 0.0 8.181805246746432 0.0 4.0 
175 3019739.1 84.91765607686568 76.9979031622527 145.40731054687492 0 233 2.8329 0.0 8.181805246746432 0.0 4.0 
176 3019772.5 84.91765607686568 76.9979031622527 145.40731054687492 0 233 2.8329 0.0 8.181805246746432 0.0 4.0 
177 3019805.8 84.89216049237875 76.9979031622527 145.40731054687492 0 233 2.8329 0.0 8.181805246746432 0.0 4.0 
178 3019839.1 84.89216049237875 77.01188993880317 145.40731054687492 0 233 2.8329 0.0 8.181805246746432 0.0 4.0 
179 3019872.5 84.89216049237875 77.01188993880317 145.40731054687492 0 233 2.8329 0.0 8.181805246746432 0.0 4.0 
180 3019905.8 84.89216049237875 77.01188993880317 145.40731054687492 0 233 2.8329 0.0 8.181805246746432 0.0 4.0 
181 3019939.2 84.86487125225304 77.01188993880317 145.40731054687492 0 233 2.8329 0.0 8.181805246746432 0.0 4.0 
182 3019972.5 84.86487125225304 77.02092274340391 145.40731054687492 0 233 2.8329 0.0 8.181805246746432 0.0 4.0 
183 3020005.8 84.86487125225304 77.02092274340391 145.40731054687492 0 233 2.8329 0.0 8.181805246746432 0.0 4.0 
184 3020039.2 84.86487125225304 77.02092274340391 145.40731054687492 0 233 2.8329 0.0 8.181805246746432 0.0 4.0 
185 3020072.5 84.83377831787566 77.02092274340391 145.40731054687492 0 233 2.8329 0.0 8.181805246746432 0.0 4.0 
186 3020105.8 84.83377831787566 77.02605730971713 145.40731054687492 0 233 2.8329 0.0 8.181805246746432 0.0 4.0 
187 3020139.2 84.83377831787566 77.02605730971713 145.40731054687492 0 233 2.8329 0.0 8.181805246746432 0.0 4.0 
188 3020172.5 84.83377831787566 77.02605730971713 145.40731054687492 0 233 2.8329 0.0 8.181805246746432 0.0 4.0 
189 3020205.8 84.80929792636255 77.02605730971713 145.40731054687492 0 233 2.8329 0.0 8.181805246746432 0.0 4.0 
190 3020239.2 84.80929792636255 77.03251099606551 145.40731054687492 0 233 2.8329 0.0 8.181805246746432 0.0 4.0 
191 3020272.5 84.80929792636255 77.03251099606551 145.40731054687492 0 233 2.8329 0.0 8.181805246746432 0.0 4.0 
192 3020305.9 84.80929792636255 77.03251099606551 145.40731054687492 0 233 2.8329 0.0 8.181805246746432 0.0 4.0 
193 3020339.2 84.78613863918426 77.03251099606551 145.40731054687492 0 233 2.8329 0.0 8.181805246746432 0.0 4.0 
194 3020372.5 84.78613863918426 77.03617281185379 145.40731054687492 0 233 2.8329 0.0 8.181805246746432 0.0 4.0 
195 3020405.9 84.78613863918426 77.03617281185379 145.40731054687492 0 233 2.8329 0.0 8.181805246746432 0.0 4.0 
196 3020439.2 84.78613863918426 77.03617281185379 145.40731054687492 0 233 2.8329 0.0 8.181805246746432 0.0 4.0 
197 3020472.5 84.7684714702992 77.03617281185379 145.40731054687492 0 233 2.8329 0.0 8.181805246746432 0.0 4.0 
198 3020505.9 84.7684714702992 77.04149099284062 145.40731054687492 0 233 2.8329 0.0 8.181805246746432 0.0 4.0 
199 3020539.2 84.7684714702992 77.04149099284062 145.40731054687492 0 233 2.8329 0.0 8.181805246746432 0.0 4.0 
200 3020572.5 84.7684714702992 77.04149099284062 145.40731054687492 0 233 2.8329 0.0 8.181805246746432 0.0 4.0 
201 3020605.9 84.75157358605271 77.04149099284062 145.40731054687492 0 233 2.8329 0.0 8.181805246746432 0.0 4.0 
202 3020639.2 84.75157358605271 77.04285568804568 145.40731054687492 0 233 2.8329 0.0 8.181805246746432 0.0 4.0 
203 3020672.5 84.75157358605271 77.04285568804568 145.40731054687492 0 233 2.8329 0.0 8.181805246746432 0.0 4.0 
204 3020705.9 84.75157358605271 77.04285568804568 145.40731054687492 0 233 2.8329 0.0 8.181805246746432 0.0 4.0 
205 3020739.2 84.73032160656001 77.04285568804568 145.40731054687492 0 233 2.8329 0.0 8.181805246746432 0.0 4.0 
206 3020772.6 84.73032160656001 77.04711726822993 145.40731054687492 0 233 2.8329 0.0 8.181805246746432 0.0 4.0 
207 3020805.9 84.73032160656001 77.04711726822993 145.40731054687492 0 233 2.8329 0.0 8.181805246746432 0.0 4.0 
208 3020839.2 84.73032160656001 77.04711726822993 145.40731054687492 0 233 2.8329 0.0 8.181805246746432 0.0 4.0 
209 3020872.6 84.71300866303343 77.04711726822993 145.40731054687492 0 233 2.8329 0.0 8.181805246746432 0.0 4.0 
210 3020905.9 84.71300866303343 77.05820370341199 145.40731054687492 0 233 2.8329 0.0 8.181805246746432 0.0 4.0 
211 3020939.2 84.71300866303343 77.05820370341199 145.40731054687492 0 233 2.8329 0.0 8.181805246746432 0.0 4.0 
212 3020972.6 84.71300866303343 77.05820370341199 145.40731054687492 0 233 2.8329 0.0 8.181805246746432 0.0 4.0 
213 3021005.9 84.71300866303343 77.05820370341199 145.40731054687492 0 233 2.8329 0.0 8.181805246746432 0.0 4.0 
214 3021039.2 84.70003743974377 77.07345470036739 145.40731054687492 0 233 2.8329 0.0 8.181805246746432 0.0 4.0 
215 3021072.6 84.70003743974377 77.07345470036739 145.40731054687492 0 233 2.8329 0.0 8.181805246746432 0.0 4.0 
216 3021105.9 84.70003743974377 77.07345470036739 145.40731054687492 0 233 2.8329 0.0 8.181805246746432 0.0 4.0 
217 3021139.3 84.68918560536771 77.07345470036739 145.40731054687492 0 233 2.8329 0.0 8.181805246746432 0.0 4.0 
218 3021172.6 84.68918560536771 77.08851870451866 145.40731054687492 0 233 2.8329 0.0 8.181805246746432 0.0 4.0 
219 3021205.9 84.68918560536771 77.08851870451866 145.40731054687492 0 233 2.8329 0.0 8.181805246746432 0.0 4.0 
220 3021239.3 84.68918560536771 77.08851870451866 145.40731054687492 0 233 2.8329 0.0 8.181805246746432 0.0 4.0 
221 3021272.6 84.67950193266289 77.08851870451866 145.40731054687492 0 233 2.8329 0.0 8.181805246746432 0.0 4.0 
222 3021305.9 84.67950193266289 77.10325942222926 145.40731054687492 0 233 2.8329 0.0 8.181805246746432 0.0 4.0 
223 3021339.3 84.67950193266289 77.10325942222926 145.40731054687492 0 233 2.8329 0.0 8.181805246746432 0.0 4.0 
224 3021372.6 84.67950193266289 77.10325942222926 145.40731054687492 0 233 2.8329 0.0 8.181805246746432 0.0 4.0 
225 3021405.9 84.67104766153152 77.10325942222926 145.40731054687492 0 233 2.8329 0.0 8.181805246746432 0.0 4.0 
226 3021439.3 84.67104766153152 77.11873372170265 145.40731054687492 0 233 2.8329 0.0 8.181805246746432 0.0 4.0 
227 3021472.6 84.67104766153152 77.11873372170265 145.40731054687492 0 233 2.8329 0.0 8.181805246746432 0.0 4.0 
228 3021505.9 84.67104766153152 77.11873372170265 145.40731054687492 0 233 2.8329 0.0 8.181805246746432 0.0 4.0 
229 3021539.3 84.67003887917262 77.11873372170265 145.40731054687492 0 233 2.8329 0.0 8.181805246746432 0.0 4.0 
230 3021572.6 84.67003887917262 77.12847628839513 145.40731054687492 0 233 2.8329 0.0 8.181805246746432 0.0 4.0 
231 3021606.0 84.67003887917262 77.12847628839513 145.40731054687492 0 233 2.8329 0.0 8.181805246746432 0.0 4.0 
232 3021639.3 84.67003887917262 77.12847628839513 145.40731054687492 0 233 2.8329 0.0 8.181805246746432 0.0 4.0 
233 3021672.6 84.66804754883412 77.12847628839513 145.40731054687492 0 233 2.8329 0.0 8.181805246746432 0.0 4.0 
234 3021706.0 84.66804754883412 77.15150849483001 145.40731054687492 0 233 2.8329 0.0 8.181805246746432 0.0 4.0 
235 3021739.3 84.66804754883412 77.15150849483001 145.40731054687492 0 233 2.8329 0.0 8.181805246746432 0.0 4.0 
236 3021772.6 84.66804754883412 77.15150849483001 145.40731054687492 0 233 2.8329 0.0 8.181805246746432 0.0 4.0 
237 3021806.0 84.6593946010965 77.15150849483001 145.40731054687492 0 233 2.8329 0.0 8.181805246746432 0.0 4.0 
238 3021839.3 84.6593946010965 77.16965171408408 145.40731054687492 0 233 2.8329 0.0 8.181805246746432 0.0 4.0 
239 3021872.6 84.6593946010965 77.16965171408408 145.40731054687492 0 233 2.8329 0.0 8.181805246746432 0.0 4.0 
240 3021906.0 84.6593946010965 77.16965171408408 145.40731054687492 0 233 2.8329 0.0 8.181805246746432 0.0 4.0 
241 3021939.3 84.65589091019892 77.16965171408408 145.40731054687492 0 233 2.8329 0.0 8.181805246746432 0.0 4.0 
242 3021972.7 84.65589091019892 77.17913698794871 145.40731054687492 0 233 2.8329 0.0 8.181805246746432 0.0 4.0 
243 3022006.0 84.65589091019892 77.17913698794871 145.40731054687492 0 233 2.8329 0.0 8.181805246746432 0.0 4.0 
244 3022039.3 84.65589091019892 77.17913698794871 145.40731054687492 0 233 2.8329 0.0 8.181805246746432 0.0 4.0 
245 3022072.7 84.65589091019892 77.19288822432064 145.40731054687492 0 233 2.8329 0.0 8.181805246746432 0.0 4.0 
246 3022106.0 84.65589091019892 77.19288822432064 145.40731054687492 0 233 2.8329 0.0 8.181805246746432 0.0 4.0 
247 3022139.3 84.65589091019892 77.19288822432064 145.40731054687492 0 233 2.8329 0.0 8.181805246746432 0.0 4.0 
248 3022172.7 84.66137864003042 77.19288822432064 145.40731054687492 0 233 2.8329 0.0 8.181805246746432 0.0 4.0 
249 3022206.0 84.66137864003042 77.20462258363328 145.40731054687492 0 233 2.8329 0.0 8.181805246746432 0.0 4.0 
250 3022239.3 84.66137864003042 77.20462258363328 145.40731054687492 0 233 2.8329 0.0 8.181805246746432 0.0 4.0 
251 3022272.7 84.66857105744953 77.20462258363328 145.40731054687492 0 233 2.8329 0.0 8.181805246746432 0.0 4.0 
252 3022306.0 84.66857105744953 77.21388643340384 145.40731054687492 0 233 2.8329 0.0 8.181805246746432 0.0 4.0 
253 3022339.3 84.66857105744953 77.21388643340384 145.40731054687492 0 233 2.8329 0.0 8.181805246746432 0.0 4.0 
254 3022372.7 84.66857105744953 77.21388643340384 145.40731054687492 0 233 2.8329 0.0 8.181805246746432 0.0 4.0 
255 3022406.0 84.68238441402639 77.21388643340384 145.40731054687492 0 233 2.8329 0.0 8.181805246746432 0.0 4.0 
256 3022439.4 84.68238441402639 77.2316057065747 145.40731054687492 0 233 2.8329 0.0 8.181805246746432 0.0 4.0 
257 3022472.7 84.68238441402639 77.2316057065747 145.40731054687492 0 233 2.8329 0.0 8.181805246746432 0.0 4.0 
258 3022506.0 84.68238441402639 77.2316057065747 145.40731054687492 0 233 2.8329 0.0 8.181805246746432 0.0 4.0 
259 3022539.4 84.69031646004132 77.2316057065747 145.40731054687492 0 233 2.8329 0.0 8.181805246746432 0.0 4.0 
260 3022572.7 84.69031646004132 77.24967883636236 145.40731054687492 0 233 2.8329 0.0 8.181805246746432 0.0 4.0 
261 3022606.0 84.69031646004132 77.24967883636236 145.40731054687492 0 233 2.8329 0.0 8.181805246746432 0.0 4.0 
262 3022639.4 84.69031646004132 77.24967883636236 145.40731054687492 0 233 2.8329 0.0 8.181805246746432 0.0 4.0 
263 3022672.7 84.69277623530608 77.24967883636236 145.40731054687492 0 233 2.8329 0.0 8.181805246746432 0.0 4.0 
264 3022706.0 84.69277623530608 77.26609009306948 145.40731054687492 0 233 2.8329 0.0 8.181805246746432 0.0 4.0 
265 3022739.4 84.69277623530608 77.26609009306948 145.40731054687492 0 233 2.8329 0.0 8.181805246746432 0.0 4.0 
266 3022772.7 84.69277623530608 77.26609009306948 145.40731054687492 0 233 2.8329 0.0 8.181805246746432 0.0 4.0 
267 3022806.1 84.68835042304856 77.26609009306948 145.40731054687492 0 233 2.8329 0.0 8.181805246746432 0.0 4.0 
268 3022839.4 84.68835042304856 77.28514083814298 145.40731054687492 0 233 2.8329 0.0 8.181805246746432 0.0 4.0 
269 3022872.7 84.68835042304856 77.28514083814298 145.40731054687492 0 233 2.8329 0.0 8.181805246746432 0.0 4.0 
270 3022906.1 84.68835042304856 77.28514083814298 145.40731054687492 0 233 2.8329 0.0 8.181805246746432 0.0 4.0 
271 3022939.4 84.67556544465101 77.28514083814298 145.40731054687492 0 233 2.8329 0.0 8.181805246746432 0.0 4.0 
272 3022972.7 84.67556544465101 77.30091148234575 145.40731054687492 0 233 2.8329 0.0 8.181805246746432 0.0 4.0 
273 3023006.1 84.67556544465101 77.30091148234575 145.40731054687492 0 233 2.8329 0.0 8.181805246746432 0.0 4.0 
274 3023039.4 84.67556544465101 77.30091148234575 145.40731054687492 0 233 2.8329 0.0 8.181805246746432 0.0 4.0 
275 3023072.7 84.65188805000052 77.30091148234575 145.40731054687492 0 233 2.8329 0.0 8.181805246746432 0.0 4.0 
276 3023106.1 84.65188805000052 77.31252483204946 145.40731054687492 0 233 2.8329 0.0 8.181805246746432 0.0 4.0 
277 3023139.4 84.65188805000052 77.31252483204946 145.40731054687492 0 233 2.8329 0.0 8.181805246746432 0.0 4.0 
278 3023172.7 84.65188805000052 77.31252483204946 145.40731054687492 0 233 2.8329 0.0 8.181805246746432 0.0 4.0 
279 3023206.1 84.61720936773632 77.31252483204946 145.40731054687492 0 233 2.8329 0.0 8.181805246746432 0.0 4.0 
280 3023239.4 84.61720936773632 77.31861054794962 145.40731054687492 0 233 2.8329 0.0 8.181805246746432 0.0 4.0 
281 3023272.8 84.61720936773632 77.31861054794962 145.40731054687492 0 233 2.8329 0.0 8.181805246746432 0.0 4.0 
282 3023306.1 84.61720936773632 77.31861054794962 145.40731054687492 0 233 2.8329 0.0 8.181805246746432 0.0 4.0 
283 3023339.4 84.59087147909321 77.31861054794962 145.40731054687492 0 233 2.8329 0.0 8.181805246746432 0.0 4.0 
284 3023372.8 84.59087147909321 77.32200200537608 145.40731054687492 0 233 2.8329 0.0 8.181805246746432 0.0 4.0 
285 3023406.1 84.59087147909321 77.32200200537608 145.40731054687492 0 233 2.8329 0.0 8.181805246746432 0.0 4.0 
286 3023439.4 84.59087147909321 77.32200200537608 145.40731054687492 0 233 2.8329 0.0 8.181805246746432 0.0 4.0 
287 3023472.8 84.563307808417 77.32200200537608 145.40731054687492 0 233 2.8329 0.0 8.181805246746432 0.0 4.0 
288 3023506.1 84.563307808417 77.31811014939987 145.40731054687492 0 233 2.8329 0.0 8.181805246746432 0.0 4.0 
289 3023539.4 84.563307808417 77.31811014939987 145.40731054687492 0 233 2.8329 0.0 8.181805246746432 0.0 4.0 
290 3023572.8 84.563307808417 77.31811014939987 145.40731054687492 0 233 2.8329 0.0 8.181805246746432 0.0 4.0 
291 3023606.1 84.5322173038345 77.31811014939987 145.40731054687492 0 233 2.8329 0.0 8.181805246746432 0.0 4.0 
292 3023639.5 84.5322173038345 77.30718614996564 145.40731054687492 0 233 2.8329 0.0 8.181805246746432 0.0 4.0 
293 3023672.8 84.5322173038345 77.30718614996564 145.40731054687492 0 233 2.8329 0.0 8.181805246746432 0.0 4.0 
294 3023706.1 84.5322173038345 77.30718614996564 145.40731054687492 0 233 2.8329 0.0 8.181805246746432 0.0 4.0 
295 3023739.5 84.50732607587044 77.30718614996564 145.40731054687492 0 233 2.8329 0.0 8.181805246746432 0.0 4.0 
296 3023772.8 84.50732607587044 77.30215197703146 145.40731054687492 0 233 2.8329 0.0 8.181805246746432 0.0 4.0 
297 3023806.1 84.50732607587044 77.30215197703146 145.40731054687492 0 233 2.8329 0.0 8.181805246746432 0.0 4.0 
298 3023839.5 84.50732607587044 77.30215197703146 145.40731054687492 0 233 2.8329 0.0 8.181805246746432 0.0 4.0 
299 3023872.8 84.49482951160772 77.30215197703146 145.40731054687492 0 233 2.8329 0.0 8.181805246746432 0.0 4.0 
300 3023906.1 84.49482951160772 77.30725412565384 145.40731054687492 0 233 2.8329 0.0 8.181805246746432 0.0 4.0 
301 3023939.5 84.49482951160772 77.30725412565384 145.40731054687492 0 233 2.8329 0.0 8.181805246746432 0.0 4.0 
302 3023972.8 84.49482951160772 77.30725412565384 145.40731054687492 0 233 2.8329 0.0 8.181805246746432 0.0 4.0 
303 3024006.1 84.48651707115863 77.30725412565384 145.40731054687492 0 233 2.8329 0.0 8.181805246746432 0.0 4.0 
304 3024039.5 84.48651707115863 77.316441832567 145.40731054687492 0 233 2.8329 0.0 8.181805246746432 0.0 4.0 
305 3024072.8 84.48651707115863 77.316441832567 145.40731054687492 0 233 2.8329 0.0 8.181805246746432 0.0 4.0 
306 3024106.2 84.50371200377216 77.316441832567 145.40731054687492 0 233 2.8329 0.0 8.181805246746432 0.0 4.0 
307 3024139.5 84.50371200377216 77.31307249294673 145.40731054687492 0 233 2.8329 0.0 8.181805246746432 0.0 4.0 
308 3024172.8 84.50371200377216 77.31307249294673 145.40731054687492 0 233 2.8329 0.0 8.181805246746432 0.0 4.0 
309 3024206.2 84.50371200377216 77.31307249294673 145.40731054687492 0 233 2.8329 0.0 8.181805246746432 0.0 4.0 
310 3024239.5 84.55681580852969 77.31307249294673 145.40731054687492 0 233 2.8329 0.0 8.181805246746432 0.0 4.0 
311 3024272.8 84.55681580852969 77.31307249294673 145.40731054687492 0 233 2.8329 0.0 8.181805246746432 0.0 4.0 
312 3024306.2 84.55681580852969 77.31307249294673 145.40731054687492 0 233 2.8329 0.0 8.181805246746432 0.0 4.0 
313 3024339.5 84.55681580852969 77.31307249294673 145.40731054687492 0 233 2.8329 0.0 8.181805246746432 0.0 4.0 
314 3024372.8 84.60779178172932 77.31307249294673 145.40731054687492 0 233 2.8329 0.0 8.181805246746432 0.0 4.0 
315 3024406.2 84.60779178172932 77.32030419361932 145.40731054687492 0 233 2.8329 0.0 8.181805246746432 0.0 4.0 
316 3024439.5 84.60779178172932 77.32030419361932 145.40731054687492 0 233 2.8329 0.0 8.181805246746432 0.0 4.0 
317 3024472.9 84.60779178172932 77.32030419361932 145.40731054687492 0 233 2.8329 0.0 8.181805246746432 0.0 4.0 
318 3024506.2 84.64993063492052 77.32030419361932 145.40731054687492 0 233 2.8329 0.0 8.181805246746432 0.0 4.0 
319 3024539.5 84.64993063492052 77.31748193206496 145.40731054687492 0 233 2.8329 0.0 8.181805246746432 0.0 4.0 
320 3024572.9 84.64993063492052 77.31748193206496 145.40731054687492 0 233 2.8329 0.0 8.181805246746432 0.0 4.0 
321 3024606.2 84.64993063492052 77.31748193206496 145.40731054687492 0 233 2.8329 0.0 8.181805246746432 0.0 4.0 
322 3024639.5 84.66944343458586 77.31748193206496 145.40731054687492 0 233 2.8329 0.0 8.181805246746432 0.0 4.0 
323 3024672.9 84.66944343458586 77.30738229237213 145.40731054687492 0 233 2.8329 0.0 8.181805246746432 0.0 4.0 
324 3024706.2 84.66944343458586 77.30738229237213 145.40731054687492 0 233 2.8329 0.0 8.181805246746432 0.0 4.0 
325 3024739.5 84.66944343458586 77.30738229237213 145.40731054687492 0 233 2.8329 0.0 8.181805246746432 0.0 4.0 
326 3024772.9 84.68105148225368 77.30738229237213 145.40731054687492 0 233 2.8329 0.0 8.181805246746432 0.0 4.0 
327 3024806.2 84.68105148225368 77.29845437077442 145.40731054687492 0 233 2.8329 0.0 8.181805246746432 0.0 4.0 
328 3024839.5 84.68105148225368 77.29845437077442 145.40731054687492 0 233 2.8329 0.0 8.181805246746432 0.0 4.0 
329 3024872.9 84.68105148225368 77.29845437077442 145.40731054687492 0 233 2.8329 0.0 8.181805246746432 0.0 4.0 
330 3024906.2 84.68995972222537 77.29845437077442 145.40731054687492 0 233 2.8329 0.0 8.181805246746432 0.0 4.0 
331 3024939.6 84.68995972222537 77.29013990216237 145.40731054687492 0 233 2.8329 0.0 8.181805246746432 0.0 4.0 
332 3024972.9 84.68995972222537 77.29013990216237 145.40731054687492 0 233 2.8329 0.0 8.181805246746432 0.0 4.0 
333 3025006.2 84.6941327948758 77.29013990216237 145.40731054687492 0 233 2.8329 0.0 8.181805246746432 0.0 4.0 
334 3025039.6 84.6941327948758 77.28209876845517 145.40731054687492 0 233 2.8329 0.0 8.181805246746432 0.0 4.0 
335 3025072.9 84.6941327948758 77.28209876845517 145.40731054687492 0 233 2.8329 0.0 8.181805246746432 0.0 4.0 
336 3025106.2 84.6941327948758 77.28209876845517 145.40731054687492 0 233 2.8329 0.0 8.181805246746432 0.0 4.0 
337 3025139.6 84.70412061739228 77.28209876845517 145.40731054687492 0 233 2.8329 0.0 8.181805246746432 0.0 4.0 
338 3025172.9 84.70412061739228 77.25311579670014 145.40731054687492 0 233 2.8329 0.0 8.181805246746432 0.0 4.0 
339 3025206.2 84.70412061739228 77.25311579670014 145.40731054687492 0 233 2.8329 0.0 8.181805246746432 0.0 4.0 
340 3025239.6 84.70412061739228 77.25311579670014 145.40731054687492 0 233 2.8329 0.0 8.181805246746432 0.0 4.0 
341 3025272.9 84.70971400001002 77.25311579670014 145.40731054687492 0 233 2.8329 0.0 8.181805246746432 0.0 4.0 
342 3025306.3 84.70971400001002 77.2284086123771 145.40731054687492 0 233 2.8329 0.0 8.181805246746432 0.0 4.0 
343 3025339.6 84.70971400001002 77.2284086123771 145.40731054687492 0 233 2.8329 0.0 8.181805246746432 0.0 4.0 
344 3025372.9 84.70971400001002 77.2284086123771 145.40731054687492 0 233 2.8329 0.0 8.181805246746432 0.0 4.0 
345 3025406.3 84.7146097732233 77.2284086123771 145.40731054687492 0 233 2.8329 0.0 8.181805246746432 0.0 4.0 
346 3025439.6 84.7146097732233 77.2146431118363 145.40731054687492 0 233 2.8329 0.0 8.181805246746432 0.0 4.0 
347 3025472.9 84.7146097732233 77.2146431118363 145.40731054687492 0 233 2.8329 0.0 8.181805246746432 0.0 4.0 
348 3025506.3 84.7146097732233 77.2146431118363 145.40731054687492 0 233 2.8329 0.0 8.181805246746432 0.0 4.0 
349 3025539.6 84.7146097732233 77.20234740703994 145.40731054687492 0 233 2.8329 0.0 8.181805246746432 0.0 4.0 
350 3025572.9 84.7146097732233 77.20234740703994 145.40731054687492 0 233 2.8329 0.0 8.181805246746432 0.0 4.0 
351 3025606.3 84.7146097732233 77.20234740703994 145.40731054687492 0 233 2.8329 0.0 8.181805246746432 0.0 4.0 
352 3025639.6 84.70620381815428 77.20234740703994 145.40731054687492 0 233 2.8329 0.0 8.181805246746432 0.0 4.0 
353 3025672.9 84.70620381815428 77.17599794233098 145.40731054687492 0 233 2.8329 0.0 8.181805246746432 0.0 4.0 
354 3025706.3 84.70620381815428 77.17599794233098 145.40731054687492 0 233 2.8329 0.0 8.181805246746432 0.0 4.0 
355 3025739.6 84.70620381815428 77.17599794233098 145.40731054687492 0 233 2.8329 0.0 8.181805246746432 0.0 4.0 
356 3025773.0 84.69490126611313 77.17599794233098 145.40731054687492 0 233 2.8329 0.0 8.181805246746432 0.0 4.0 
357 3025806.3 84.69490126611313 77.14458023836335 145.40731054687492 0 233 2.8329 0.0 8.181805246746432 0.0 4.0 
358 3025839.6 84.69490126611313 77.14458023836335 145.40731054687492 0 233 2.8329 0.0 8.181805246746432 0.0 4.0 
359 3025873.0 84.69490126611313 77.14458023836335 145.40731054687492 0 233 2.8329 0.0 8.181805246746432 0.0 4.0 
360 3025906.3 84.69283395321521 77.14458023836335 145.40731054687492 0 233 2.8329 0.0 8.181805246746432 0.0 4.0 
361 3025939.6 84.69283395321521 77.1178905910787 145.40731054687492 0 233 2.8329 0.0 8.181805246746432 0.0 4.0 
362 3025973.0 84.69283395321521 77.1178905910787 145.40731054687492 0 233 2.8329 0.0 8.181805246746432 0.0 4.0 
363 3026006.3 84.69283395321521 77.1178905910787 145.40731054687492 0 233 2.8329 0.0 8.181805246746432 0.0 4.0 
364 3026039.6 84.6968170704416 77.1178905910787 145.40731054687492 0 233 2.8329 0.0 8.181805246746432 0.0 4.0 
365 3026073.0 84.6968170704416 77.08492872503483 145.40731054687492 0 233 2.8329 0.0 8.181805246746432 0.0 4.0 
366 3026106.3 84.6968170704416 77.08492872503483 145.40731054687492 0 233 2.8329 0.0 8.181805246746432 0.0 4.0 
367 3026139.7 84.6968170704416 77.08492872503483 145.40731054687492 0 233 2.8329 0.0 8.181805246746432 0.0 4.0 
368 3026173.0 84.70274127850753 77.08492872503483 145.40731054687492 0 233 2.8329 0.0 8.181805246746432 0.0 4.0 
369 3026206.3 84.70274127850753 77.07395049507112 145.40731054687492 0 233 2.8329 0.0 8.181805246746432 0.0 4.0 
370 3026239.7 84.70274127850753 77.07395049507112 145.40731054687492 0 233 2.8329 0.0 8.181805246746432 0.0 4.0 
371 3026273.0 84.70274127850753 77.07395049507112 145.40731054687492 0 233 2.8329 0.0 8.181805246746432 0.0 4.0 
372 3026306.3 84.70702320062523 77.07395049507112 145.40731054687492 0 233 2.8329 0.0 8.181805246746432 0.0 4.0 
373 3026339.7 84.70702320062523 77.0713089858837 145.40731054687492 0 233 2.8329 0.0 8.181805246746432 0.0 4.0 
374 3026373.0 84.70702320062523 77.0713089858837 145.40731054687492 0 233 2.8329 0.0 8.181805246746432 0.0 4.0 
375 3026406.3 84.71272271613178 77.0713089858837 145.40731054687492 0 233 2.8329 0.0 8.181805246746432 0.0 4.0 
376 3026439.7 84.71272271613178 77.08287858613335 145.40731054687492 0 233 2.8329 0.0 8.181805246746432 0.0 4.0 
377 3026473.0 84.71272271613178 77.08287858613335 145.40731054687492 0 233 2.8329 0.0 8.181805246746432 0.0 4.0 
378 3026506.3 84.71272271613178 77.08287858613335 145.40731054687492 0 233 2.8329 0.0 8.181805246746432 0.0 4.0 
379 3026539.7 84.72279650475082 77.08287858613335 145.40731054687492 0 233 2.8329 0.0 8.181805246746432 0.0 4.0 
380 3026573.0 84.72279650475082 77.11766218096504 145.40731054687492 0 233 2.8329 0.0 8.181805246746432 0.0 4.0 
381 3026606.4 84.72279650475082 77.11766218096504 145.40731054687492 0 233 2.8329 0.0 8.181805246746432 0.0 4.0 
382 3026639.7 84.72279650475082 77.11766218096504 145.40731054687492 0 233 2.8329 0.0 8.181805246746432 0.0 4.0 
383 3026673.0 84.74160282895727 77.11766218096504 145.40731054687492 0 233 2.8329 0.0 8.181805246746432 0.0 4.0 
384 3026706.4 84.74160282895727 77.15043816419097 145.40731054687492 0 233 2.8329 0.0 8.181805246746432 0.0 4.0 
385 3026739.7 84.74160282895727 77.15043816419097 145.40731054687492 0 233 2.8329 0.0 8.181805246746432 0.0 4.0 
386 3026773.0 84.74160282895727 77.15043816419097 145.40731054687492 0 233 2.8329 0.0 8.181805246746432 0.0 4.0 
387 3026806.4 84.75880474435036 77.15043816419097 145.40731054687492 0 233 2.8329 0.0 8.181805246746432 0.0 4.0 
388 3026839.7 84.75880474435036 77.1693407632878 145.40731054687492 0 233 2.8329 0.0 8.181805246746432 0.0 4.0 
389 3026873.0 84.75880474435036 77.1693407632878 145.40731054687492 0 233 2.8329 0.0 8.181805246746432 0.0 4.0 
390 3026906.4 84.75880474435036 77.1693407632878 145.40731054687492 0 233 2.8329 0.0 8.181805246746432 0.0 4.0 
391 3026939.7 84.77297926863845 77.1693407632878 145.40731054687492 0 233 2.8329 0.0 8.181805246746432 0.0 4.0 
392 3026973.1 84.77297926863845 77.18426412628338 145.40731054687492 0 233 2.8329 0.0 8.181805246746432 0.0 4.0 
393 3027006.4 84.77297926863845 77.18426412628338 145.40731054687492 0 233 2.8329 0.0 8.181805246746432 0.0 4.0 
394 3027039.7 84.77297926863845 77.18426412628338 145.40731054687492 0 233 2.8329 0.0 8.181805246746432 0.0 4.0 
395 3027073.1 84.78682261796253 77.18426412628338 145.40731054687492 0 233 2.8329 0.0 8.181805246746432 0.0 4.0 
396 3027106.4 84.78682261796253 77.19876532723913 145.40731054687492 0 233 2.8329 0.0 8.181805246746432 0.0 4.0 
397 3027139.7 84.78682261796253 77.19876532723913 145.40731054687492 0 233 2.8329 0.0 8.181805246746432 0.0 4.0 
398 3027173.1 84.78682261796253 77.19876532723913 145.40731054687492 0 233 2.8329 0.0 8.181805246746432 0.0 4.0 
399 3027206.4 84.79545884404347 77.19876532723913 145.40731054687492 0 233 2.8329 0.0 8.181805246746432 0.0 4.0 
400 3027239.7 84.79545884404347 77.21174038648597 145.40731054687492 0 233 2.8329 0.0 8.181805246746432 0.0 4.0 
401 3027273.1 84.79545884404347 77.21174038648597 145.40731054687492 0 233 2.8329 0.0 8.181805246746432 0.0 4.0 
402 3027306.4 84.79545884404347 77.21174038648597 145.40731054687492 0 233 2.8329 0.0 8.181805246746432 0.0 4.0 
403 3027339.7 84.80947722134553 77.21174038648597 145.40731054687492 0 233 2.8329 0.0 8.181805246746432 0.0 4.0 
404 3027373.1 84.80947722134553 77.22371391839393 145.40731054687492 0 233 2.8329 0.0 8.181805246746432 0.0 4.0 
405 3027406.4 84.80947722134553 77.22371391839393 145.40731054687492 0 233 2.8329 0.0 8.181805246746432 0.0 4.0 
406 3027439.8 84.80947722134553 77.22371391839393 145.40731054687492 0 233 2.8329 0.0 8.181805246746432 0.0 4.0 
407 3027473.1 84.82446776836669 77.22371391839393 145.40731054687492 0 233 2.8329 0.0 8.181805246746432 0.0 4.0 
408 3027506.4 84.82446776836669 77.23212837189676 145.40731054687492 0 233 2.8329 0.0 8.181805246746432 0.0 4.0 
409 3027539.8 84.82446776836669 77.23212837189676 145.40731054687492 0 233 2.8329 0.0 8.181805246746432 0.0 4.0 
410 3027573.1 84.82446776836669 77.23212837189676 145.40731054687492 0 233 2.8329 0.0 8.181805246746432 0.0 4.0 
411 3027606.4 84.84035042426976 77.23212837189676 145.40731054687492 0 233 2.8329 0.0 8.181805246746432 0.0 4.0 
412 3027639.8 84.84035042426976 77.24657278251588 145.40731054687492 0 233 2.8329 0.0 8.181805246746432 0.0 4.0 
413 3027673.1 84.84035042426976 77.24657278251588 145.40731054687492 0 233 2.8329 0.0 8.181805246746432 0.0 4.0 
414 3027706.4 84.84035042426976 77.24657278251588 145.40731054687492 0 233 2.8329 0.0 8.181805246746432 0.0 4.0 
415 3027739.8 84.85122169486128 77.24657278251588 145.40731054687492 0 233 2.8329 0.0 8.181805246746432 0.0 4.0 
416 3027773.1 84.85122169486128 77.26169084785614 145.40731054687492 0 233 2.8329 0.0 8.181805246746432 0.0 4.0 
417 3027806.5 84.85122169486128 77.26169084785614 145.40731054687492 0 233 2.8329 0.0 8.181805246746432 0.0 4.0 
418 3027839.8 84.85122169486128 77.26169084785614 145.40731054687492 0 233 2.8329 0.0 8.181805246746432 0.0 4.0 
419 3027873.1 84.86020561831864 77.26169084785614 145.40731054687492 0 233 2.8329 0.0 8.181805246746432 0.0 4.0 
420 3027906.5 84.86020561831864 77.27647789848666 145.40731054687492 0 233 2.8329 0.0 8.181805246746432 0.0 4.0 
421 3027939.8 84.86020561831864 77.27647789848666 145.40731054687492 0 233 2.8329 0.0 8.181805246746432 0.0 4.0 
422 3027973.1 84.86020561831864 77.27647789848666 145.40731054687492 0 233 2.8329 0.0 8.181805246746432 0.0 4.0 
423 3028006.5 84.86564968729513 77.27647789848666 145.40731054687492 0 233 2.8329 0.0 8.181805246746432 0.0 4.0 
424 3028039.8 84.86564968729513 77.28850048084269 145.40731054687492 0 233 2.8329 0.0 8.181805246746432 0.0 4.0 
425 3028073.1 84.86564968729513 77.28850048084269 145.40731054687492 0 233 2.8329 0.0 8.181805246746432 0.0 4.0 
426 3028106.5 84.86564968729513 77.28850048084269 145.40731054687492 0 233 2.8329 0.0 8.181805246746432 0.0 4.0 
427 3028139.8 84.87058694977051 77.28850048084269 145.40731054687492 0 233 2.8329 0.0 8.181805246746432 0.0 4.0 
428 3028173.1 84.87058694977051 77.30300261442648 145.40731054687492 0 233 2.8329 0.0 8.181805246746432 0.0 4.0 
429 3028206.5 84.87058694977051 77.30300261442648 145.40731054687492 0 233 2.8329 0.0 8.181805246746432 0.0 4.0 
430 3028239.8 84.87058694977051 77.30300261442648 145.40731054687492 0 233 2.8329 0.0 8.181805246746432 0.0 4.0 
431 3028273.2 84.87180114668436 77.30300261442648 145.40731054687492 0 233 2.8329 0.0 8.181805246746432 0.0 4.0 
432 3028306.5 84.87180114668436 77.32757564536651 145.40731054687492 0 233 2.8329 0.0 8.181805246746432 0.0 4.0 
433 3028339.8 84.87180114668436 77.32757564536651 145.40731054687492 0 233 2.8329 0.0 8.181805246746432 0.0 4.0 
434 3028373.2 84.87180114668436 77.32757564536651 145.40731054687492 0 233 2.8329 0.0 8.181805246746432 0.0 4.0 
435 3028406.5 84.86638360041914 77.32757564536651 145.40731054687492 0 233 2.8329 0.0 8.181805246746432 0.0 4.0 
436 3028439.8 84.86638360041914 77.3563539668498 145.40731054687492 0 233 2.8329 0.0 8.181805246746432 0.0 4.0 
437 3028473.2 84.86638360041914 77.3563539668498 145.40731054687492 0 233 2.8329 0.0 8.181805246746432 0.0 4.0 
438 3028506.5 84.86638360041914 77.3563539668498 145.40731054687492 0 233 2.8329 0.0 8.181805246746432 0.0 4.0 
439 3028539.8 84.85511442469746 77.3563539668498 145.40731054687492 0 233 2.8329 0.0 8.181805246746432 0.0 4.0 
440 3028573.2 84.85511442469746 77.3797265232505 145.40731054687492 0 233 2.8329 0.0 8.181805246746432 0.0 4.0 
441 3028606.5 84.85511442469746 77.3797265232505 145.40731054687492 0 233 2.8329 0.0 8.181805246746432 0.0 4.0 
442 3028639.9 84.85511442469746 77.3797265232505 145.40731054687492 0 233 2.8329 0.0 8.181805246746432 0.0 4.0 
443 3028673.2 84.84229063292162 77.3797265232505 145.40731054687492 0 233 2.8329 0.0 8.181805246746432 0.0 4.0 
444 3028706.5 84.84229063292162 77.40348559778616 145.40731054687492 0 233 2.8329 0.0 8.181805246746432 0.0 4.0 
445 3028739.9 84.84229063292162 77.40348559778616 145.40731054687492 0 233 2.8329 0.0 8.181805246746432 0.0 4.0 
446 3028773.2 84.84229063292162 77.40348559778616 145.40731054687492 0 233 2.8329 0.0 8.181805246746432 0.0 4.0 
447 3028806.5 84.83010488853886 77.40348559778616 145.40731054687492 0 233 2.8329 0.0 8.181805246746432 0.0 4.0 
448 3028839.9 84.83010488853886 77.42812718839589 145.40731054687492 0 233 2.8329 0.0 8.181805246746432 0.0 4.0 
449 3028873.2 84.83010488853886 77.42812718839589 145.40731054687492 0 233 2.8329 0.0 8.181805246746432 0.0 4.0 
450 3028906.5 84.83010488853886 77.42812718839589 145.40731054687492 0 233 2.8329 0.0 8.181805246746432 0.0 4.0 
451 3028939.9 84.82639460313251 77.42812718839589 145.40731054687492 0 233 2.8329 0.0 8.181805246746432 0.0 4.0 
452 3028973.2 84.82639460313251 77.44022140681709 145.40731054687492 0 233 2.8329 0.0 8.181805246746432 0.0 4.0 
453 3029006.5 84.82639460313251 77.44022140681709 145.40731054687492 0 233 2.8329 0.0 8.181805246746432 0.0 4.0 
454 3029039.9 84.82639460313251 77.44022140681709 145.40731054687492 0 233 2.8329 0.0 8.181805246746432 0.0 4.0 
455 3029073.2 84.82536911855865 77.44022140681709 145.40731054687492 0 233 2.8329 0.0 8.181805246746432 0.0 4.0 
456 3029106.6 84.82536911855865 77.44817941647204 145.40731054687492 0 233 2.8329 0.0 8.181805246746432 0.0 4.0 
457 3029139.9 84.82536911855865 77.44817941647204 145.40731054687492 0 233 2.8329 0.0 8.181805246746432 0.0 4.0 
458 3029173.2 84.82536911855865 77.44817941647204 145.40731054687492 0 233 2.8329 0.0 8.181805246746432 0.0 4.0 
459 3029206.6 84.81922498821477 77.45741558612053 145.40731054687492 0 233 2.8329 0.0 8.181805246746432 0.0 4.0 
460 3029239.9 84.81922498821477 77.45741558612053 145.40731054687492 0 233 2.8329 0.0 8.181805246746432 0.0 4.0 
461 3029273.2 84.81922498821477 77.45741558612053 145.40731054687492 0 233 2.8329 0.0 8.181805246746432 0.0 4.0 
462 3029306.6 84.80679154480424 77.45741558612053 145.40731054687492 0 233 2.8329 0.0 8.181805246746432 0.0 4.0 
463 3029339.9 84.80679154480424 77.4720288346382 145.40731054687492 0 233 2.8329 0.0 8.181805246746432 0.0 4.0 
464 3029373.2 84.80679154480424 77.4720288346382 145.40731054687492 0 233 2.8329 0.0 8.181805246746432 0.0 4.0 
465 3029406.6 84.80679154480424 77.4720288346382 145.40731054687492 0 233 2.8329 0.0 8.181805246746432 0.0 4.0 
466 3029439.9 84.7892473228311 77.4720288346382 145.40731054687492 0 233 2.8329 0.0 8.181805246746432 0.0 4.0 
467 3029473.3 84.7892473228311 77.48839652383711 145.40731054687492 0 233 2.8329 0.0 8.181805246746432 0.0 4.0 
468 3029506.6 84.7892473228311 77.48839652383711 145.40731054687492 0 233 2.8329 0.0 8.181805246746432 0.0 4.0 
469 3029539.9 84.7892473228311 77.48839652383711 145.40731054687492 0 233 2.8329 0.0 8.181805246746432 0.0 4.0 
470 3029573.3 84.7892473228311 77.48839652383711 145.40731054687492 0 233 2.8329 0.0 8.181805246746432 0.0 4.0 
471 3029606.6 84.76815397989189 77.50403042525849 145.40731054687492 0 233 2.8329 0.0 8.181805246746432 0.0 4.0 
472 3029639.9 84.76815397989189 77.50403042525849 145.40731054687492 0 233 2.8329 0.0 8.181805246746432 0.0 4.0 
473 3029673.3 84.76815397989189 77.50403042525849 145.40731054687492 0 233 2.8329 0.0 8.181805246746432 0.0 4.0 
474 3029706.6 84.74708023331605 77.50403042525849 145.40731054687492 0 233 2.8329 0.0 8.181805246746432 0.0 4.0 
475 3029739.9 84.74708023331605 77.51883813040669 145.40731054687492 0 233 2.8329 0.0 8.181805246746432 0.0 4.0 
476 3029773.3 84.74708023331605 77.51883813040669 145.40731054687492 0 233 2.8329 0.0 8.181805246746432 0.0 4.0 
477 3029806.6 84.74708023331605 77.51883813040669 145.40731054687492 0 233 2.8329 0.0 8.181805246746432 0.0 4.0 
478 3029839.9 84.72897825115764 77.51883813040669 145.40731054687492 0 233 2.8329 0.0 8.181805246746432 0.0 4.0 
479 3029873.3 84.72897825115764 77.53160168962968 145.40731054687492 0 233 2.8329 0.0 8.181805246746432 0.0 4.0 
480 3029906.6 84.72897825115764 77.53160168962968 145.40731054687492 0 233 2.8329 0.0 8.181805246746432 0.0 4.0 
481 3029940.0 84.72897825115764 77.53160168962968 145.40731054687492 0 233 2.8329 0.0 8.181805246746432 0.0 4.0 
482 3029973.3 84.71786042140643 77.53160168962968 145.40731054687492 0 233 2.8329 0.0 8.181805246746432 0.0 4.0 
483 3030006.6 84.71786042140643 77.54705127712423 145.40731054687492 0 233 2.8329 0.0 8.181805246746432 0.0 4.0 
484 3030040.0 84.71786042140643 77.54705127712423 145.40731054687492 0 233 2.8329 0.0 8.181805246746432 0.0 4.0 
485 3030073.3 84.71786042140643 77.54705127712423 145.40731054687492 0 233 2.8329 0.0 8.181805246746432 0.0 4.0 
486 3030106.6 84.71221184646008 77.54705127712423 145.40731054687492 0 233 2.8329 0.0 8.181805246746432 0.0 4.0 
487 3030140.0 84.71221184646008 77.56116313089365 145.40731054687492 0 233 2.8329 0.0 8.181805246746432 0.0 4.0 
488 3030173.3 84.71221184646008 77.56116313089365 145.40731054687492 0 233 2.8329 0.0 8.181805246746432 0.0 4.0 
489 3030206.6 84.71221184646008 77.56116313089365 145.40731054687492 0 233 2.8329 0.0 8.181805246746432 0.0 4.0 
490 3030240.0 84.70665913904142 77.56116313089365 145.40731054687492 0 233 2.8329 0.0 8.181805246746432 0.0 4.0 
491 3030273.3 84.70665913904142 77.58198772478977 145.40731054687492 0 233 2.8329 0.0 8.181805246746432 0.0 4.0 
492 3030306.7 84.70665913904142 77.58198772478977 145.40731054687492 0 233 2.8329 0.0 8.181805246746432 0.0 4.0 
493 3030340.0 84.70665913904142 77.58198772478977 145.40731054687492 0 233 2.8329 0.0 8.181805246746432 0.0 4.0 
494 3030373.3 84.70509882653403 77.58198772478977 145.40731054687492 0 233 2.8329 0.0 8.181805246746432 0.0 4.0 
495 3030406.7 84.70509882653403 77.60539649310212 145.40731054687492 0 233 2.8329 0.0 8.181805246746432 0.0 4.0 
496 3030440.0 84.70509882653403 77.60539649310212 145.40731054687492 0 233 2.8329 0.0 8.181805246746432 0.0 4.0 
497 3030473.3 84.70509882653403 77.60539649310212 145.40731054687492 0 233 2.8329 0.0 8.181805246746432 0.0 4.0 
498 3030506.7 84.70366368515116 77.60539649310212 145.40731054687492 0 233 2.8329 0.0 8.181805246746432 0.0 4.0 
499 3030540.0 84.70366368515116 77.62123331600982 145.40731054687492 0 233 2.8329 0.0 8.181805246746432 0.0 4.0 
500 3030573.3 84.70366368515116 77.62123331600982 145.40731054687492 0 233 2.8329 0.0 8.181805246746432 0.0 4.0 
501 3030606.7 84.70366368515116 77.62123331600982 145.40731054687492 0 233 2.8329 0.0 8.181805246746432 0.0 4.0 
502 3030640.0 84.70366368515116 77.63995721682757 145.40731054687492 0 233 2.8329 0.0 8.181805246746432 0.0 4.0 
503 3030673.3 84.70366368515116 77.63995721682757 145.40731054687492 0 233 2.8329 0.0 8.181805246746432 0.0 4.0 
504 3030706.7 84.70366368515116 77.63995721682757 145.40731054687492 0 233 2.8329 0.0 8.181805246746432 0.0 4.0 
505 3030740.0 84.70366368515116 77.65564102727804 145.40731054687492 0 233 2.8329 0.0 8.181805246746432 0.0 4.0 
506 3030773.4 84.70366368515116 77.65564102727804 145.40731054687492 0 233 2.8329 0.0 8.181805246746432 0.0 4.0 
507 3030806.7 84.70366368515116 77.65564102727804 145.40731054687492 0 233 2.8329 0.0 8.181805246746432 0.0 4.0 
508 3030840.0 84.70584744708155 77.65564102727804 145.40731054687492 0 233 2.8329 0.0 8.181805246746432 0.0 4.0 
509 3030873.4 84.70584744708155 77.66439146472545 145.40731054687492 0 233 2.8329 0.0 8.181805246746432 0.0 4.0 
510 3030906.7 84.70584744708155 77.66439146472545 145.40731054687492 0 233 2.8329 0.0 8.181805246746432 0.0 4.0 
511 3030940.0 84.70584744708155 77.66439146472545 145.40731054687492 0 233 2.8329 0.0 8.181805246746432 0.0 4.0 
512 3030973.4 84.71562196657652 77.66439146472545 145.40731054687492 0 233 2.8329 0.0 8.181805246746432 0.0 4.0 
513 3031006.7 84.71562196657652 77.67832216207562 145.40731054687492 0 233 2.8329 0.0 8.181805246746432 0.0 4.0 
514 3031040.0 84.71562196657652 77.67832216207562 145.40731054687492 0 233 2.8329 0.0 8.181805246746432 0.0 4.0 
515 3031073.4 84.71562196657652 77.67832216207562 145.40731054687492 0 233 2.8329 0.0 8.181805246746432 0.0 4.0 
516 3031106.7 84.72961214913786 77.67832216207562 145.40731054687492 0 233 2.8329 0.0 8.181805246746432 0.0 4.0 
517 3031140.1 84.72961214913786 77.69396640523156 145.40731054687492 0 233 2.8329 0.0 8.181805246746432 0.0 4.0 
518 3031173.4 84.72961214913786 77.69396640523156 145.40731054687492 0 233 2.8329 0.0 8.181805246746432 0.0 4.0 
519 3031206.7 84.72961214913786 77.69396640523156 145.40731054687492 0 233 2.8329 0.0 8.181805246746432 0.0 4.0 
520 3031240.1 84.74144435227953 77.69396640523156 145.40731054687492 0 233 2.8329 0.0 8.181805246746432 0.0 4.0 
521 3031273.4 84.74144435227953 77.70640530801239 145.40731054687492 0 233 2.8329 0.0 8.181805246746432 0.0 4.0 
522 3031306.7 84.74144435227953 77.70640530801239 145.40731054687492 0 233 2.8329 0.0 8.181805246746432 0.0 4.0 
523 3031340.1 84.74144435227953 77.70640530801239 145.40731054687492 0 233 2.8329 0.0 8.181805246746432 0.0 4.0 
524 3031373.4 84.74751962336917 77.70640530801239 145.40731054687492 0 233 2.8329 0.0 8.181805246746432 0.0 4.0 
525 3031406.7 84.74751962336917 77.71861288149435 145.40731054687492 0 233 2.8329 0.0 8.181805246746432 0.0 4.0 
526 3031440.1 84.74751962336917 77.71861288149435 145.40731054687492 0 233 2.8329 0.0 8.181805246746432 0.0 4.0 
527 3031473.4 84.74751962336917 77.71861288149435 145.40731054687492 0 233 2.8329 0.0 8.181805246746432 0.0 4.0 
528 3031506.7 84.75022759537286 77.71861288149435 145.40731054687492 0 233 2.8329 0.0 8.181805246746432 0.0 4.0 
529 3031540.1 84.75022759537286 77.733652834157 145.40731054687492 0 233 2.8329 0.0 8.181805246746432 0.0 4.0 
530 3031573.4 84.75022759537286 77.733652834157 145.40731054687492 0 233 2.8329 0.0 8.181805246746432 0.0 4.0 
531 3031606.8 84.75022759537286 77.733652834157 145.40731054687492 0 233 2.8329 0.0 8.181805246746432 0.0 4.0 
532 3031640.1 84.75438117171586 77.733652834157 145.40731054687492 0 233 2.8329 0.0 8.181805246746432 0.0 4.0 
533 3031673.4 84.75438117171586 77.74784752347314 145.40731054687492 0 233 2.8329 0.0 8.181805246746432 0.0 4.0 
534 3031706.8 84.75438117171586 77.74784752347314 145.40731054687492 0 233 2.8329 0.0 8.181805246746432 0.0 4.0 
535 3031740.1 84.75438117171586 77.74784752347314 145.40731054687492 0 233 2.8329 0.0 8.181805246746432 0.0 4.0 
536 3031773.4 84.75438117171586 77.76082739601222 145.40731054687492 0 233 2.8329 0.0 8.181805246746432 0.0 4.0 
537 3031806.8 84.75438117171586 77.76082739601222 145.40731054687492 0 233 2.8329 0.0 8.181805246746432 0.0 4.0 
538 3031840.1 84.75438117171586 77.76082739601222 145.40731054687492 0 233 2.8329 0.0 8.181805246746432 0.0 4.0 
539 3031873.4 84.75186373037248 77.76082739601222 145.40731054687492 0 233 2.8329 0.0 8.181805246746432 0.0 4.0 
540 3031906.8 84.75186373037248 77.77143017389452 145.40731054687492 0 233 2.8329 0.0 8.181805246746432 0.0 4.0 
541 3031940.1 84.75186373037248 77.77143017389452 145.40731054687492 0 233 2.8329 0.0 8.181805246746432 0.0 4.0 
542 3031973.5 84.75377378391185 77.77143017389452 145.40731054687492 0 233 2.8329 0.0 8.181805246746432 0.0 4.0 
543 3032006.8 84.75377378391185 77.7765589343829 145.40731054687492 0 233 2.8329 0.0 8.181805246746432 0.0 4.0 
544 3032040.1 84.75377378391185 77.7765589343829 145.40731054687492 0 233 2.8329 0.0 8.181805246746432 0.0 4.0 
545 3032073.5 84.75377378391185 77.7765589343829 145.40731054687492 0 233 2.8329 0.0 8.181805246746432 0.0 4.0 
546 3032106.8 84.74906836137725 77.7765589343829 145.40731054687492 0 233 2.8329 0.0 8.181805246746432 0.0 4.0 
547 3032140.1 84.74906836137725 77.79615757683835 145.40731054687492 0 233 2.8329 0.0 8.181805246746432 0.0 4.0 
548 3032173.5 84.74906836137725 77.79615757683835 145.40731054687492 0 233 2.8329 0.0 8.181805246746432 0.0 4.0 
549 3032206.8 84.74906836137725 77.79615757683835 145.40731054687492 0 233 2.8329 0.0 8.181805246746432 0.0 4.0 
550 3032240.1 84.72875694634465 77.79615757683835 145.40731054687492 0 233 2.8329 0.0 8.181805246746432 0.0 4.0 
551 3032273.5 84.72875694634465 77.81523725662842 145.40731054687492 0 233 2.8329 0.0 8.181805246746432 0.0 4.0 
552 3032306.8 84.72875694634465 77.81523725662842 145.40731054687492 0 233 2.8329 0.0 8.181805246746432 0.0 4.0 
553 3032340.1 84.72875694634465 77.81523725662842 145.40731054687492 0 233 2.8329 0.0 8.181805246746432 0.0 4.0 
554 3032373.5 84.70490780588054 77.81523725662842 145.40731054687492 0 233 2.8329 0.0 8.181805246746432 0.0 4.0 
555 3032406.8 84.70490780588054 77.8304111787103 145.40731054687492 0 233 2.8329 0.0 8.181805246746432 0.0 4.0 
556 3032440.2 84.70490780588054 77.8304111787103 145.40731054687492 0 233 2.8329 0.0 8.181805246746432 0.0 4.0 
557 3032473.5 84.70490780588054 77.8304111787103 145.40731054687492 0 233 2.8329 0.0 8.181805246746432 0.0 4.0 
558 3032506.8 84.68608401118824 77.8304111787103 145.40731054687492 0 233 2.8329 0.0 8.181805246746432 0.0 4.0 
559 3032540.2 84.68608401118824 77.83598041331564 145.40731054687492 0 233 2.8329 0.0 8.181805246746432 0.0 4.0 
560 3032573.5 84.68608401118824 77.83598041331564 145.40731054687492 0 233 2.8329 0.0 8.181805246746432 0.0 4.0 
561 3032606.8 84.68608401118824 77.83598041331564 145.40731054687492 0 233 2.8329 0.0 8.181805246746432 0.0 4.0 
562 3032640.2 84.66228819157004 77.83598041331564 145.40731054687492 0 233 2.8329 0.0 8.181805246746432 0.0 4.0 
563 3032673.5 84.66228819157004 77.83777586258746 145.40731054687492 0 233 2.8329 0.0 8.181805246746432 0.0 4.0 
564 3032706.8 84.66228819157004 77.83777586258746 145.40731054687492 0 233 2.8329 0.0 8.181805246746432 0.0 4.0 
565 3032740.2 84.66228819157004 77.83777586258746 145.40731054687492 0 233 2.8329 0.0 8.181805246746432 0.0 4.0 
566 3032773.5 84.63064561728083 77.83777586258746 145.40731054687492 0 233 2.8329 0.0 8.181805246746432 0.0 4.0 
567 3032806.9 84.63064561728083 77.83567183940448 145.40731054687492 0 233 2.8329 0.0 8.181805246746432 0.0 4.0 
568 3032840.2 84.63064561728083 77.83567183940448 145.40731054687492 0 233 2.8329 0.0 8.181805246746432 0.0 4.0 
569 3032873.5 84.63064561728083 77.83567183940448 145.40731054687492 0 233 2.8329 0.0 8.181805246746432 0.0 4.0 
570 3032906.9 84.59995139749181 77.83567183940448 145.40731054687492 0 233 2.8329 0.0 8.181805246746432 0.0 4.0 
571 3032940.2 84.59995139749181 77.83289477737283 145.40731054687492 0 233 2.8329 0.0 8.181805246746432 0.0 4.0 
572 3032973.5 84.59995139749181 77.83289477737283 145.40731054687492 0 233 2.8329 0.0 8.181805246746432 0.0 4.0 
573 3033006.9 84.59995139749181 77.83289477737283 145.40731054687492 0 233 2.8329 0.0 8.181805246746432 0.0 4.0 
574 3033040.2 84.58607827863648 77.83289477737283 145.40731054687492 0 233 2.8329 0.0 8.181805246746432 0.0 4.0 
575 3033073.5 84.58607827863648 77.83726200269287 145.40731054687492 0 233 2.8329 0.0 8.181805246746432 0.0 4.0 
576 3033106.9 84.58607827863648 77.83726200269287 145.40731054687492 0 233 2.8329 0.0 8.181805246746432 0.0 4.0 
577 3033140.2 84.58607827863648 77.83726200269287 145.40731054687492 0 233 2.8329 0.0 8.181805246746432 0.0 4.0 
578 3033173.5 84.58147917930684 77.83726200269287 145.40731054687492 0 233 2.8329 0.0 8.181805246746432 0.0 4.0 
579 3033206.9 84.58147917930684 77.84999340601699 145.40731054687492 0 233 2.8329 0.0 8.181805246746432 0.0 4.0 
580 3033240.2 84.58147917930684 77.84999340601699 145.40731054687492 0 233 2.8329 0.0 8.181805246746432 0.0 4.0 
581 3033273.6 84.58147917930684 77.84999340601699 145.40731054687492 0 233 2.8329 0.0 8.181805246746432 0.0 4.0 
582 3033306.9 84.58297747994153 77.84999340601699 145.40731054687492 0 233 2.8329 0.0 8.181805246746432 0.0 4.0 
583 3033340.2 84.58297747994153 77.84999340601699 145.40731054687492 0 233 2.8329 0.0 8.181805246746432 0.0 4.0 
584 3033373.6 84.58297747994153 77.84999340601699 145.40731054687492 0 233 2.8329 0.0 8.181805246746432 0.0 4.0 
585 3033406.9 84.6113787373084 77.84999340601699 145.40731054687492 0 233 2.8329 0.0 8.181805246746432 0.0 4.0 
586 3033440.2 84.6113787373084 77.84453092702374 145.40731054687492 0 233 2.8329 0.0 8.181805246746432 0.0 4.0 
587 3033473.6 84.6113787373084 77.84453092702374 145.40731054687492 0 233 2.8329 0.0 8.181805246746432 0.0 4.0 
588 3033506.9 84.6113787373084 77.84453092702374 145.40731054687492 0 233 2.8329 0.0 8.181805246746432 0.0 4.0 
589 3033540.2 84.66816176978487 77.84453092702374 145.40731054687492 0 233 2.8329 0.0 8.181805246746432 0.0 4.0 
590 3033573.6 84.66816176978487 77.8404763323618 145.40731054687492 0 233 2.8329 0.0 8.181805246746432 0.0 4.0 
591 3033606.9 84.66816176978487 77.8404763323618 145.40731054687492 0 233 2.8329 0.0 8.181805246746432 0.0 4.0 
592 3033640.3 84.66816176978487 77.8404763323618 145.40731054687492 0 233 2.8329 0.0 8.181805246746432 0.0 4.0 
593 3033673.6 84.66816176978487 77.8404763323618 145.40731054687492 0 233 2.8329 0.0 8.181805246746432 0.0 4.0 
594 3033706.9 84.7181322454761 77.8404763323618 145.40731054687492 0 233 2.8329 0.0 8.181805246746432 0.0 4.0 
595 3033740.3 84.7181322454761 77.83283170205348 145.40731054687492 0 233 2.8329 0.0 8.181805246746432 0.0 4.0 
596 3033773.6 84.7181322454761 77.83283170205348 145.40731054687492 0 233 2.8329 0.0 8.181805246746432 0.0 4.0 
597 3033806.9 84.7181322454761 77.83283170205348 145.40731054687492 0 233 2.8329 0.0 8.181805246746432 0.0 4.0 
598 3033840.3 84.75563022718914 77.83283170205348 145.40731054687492 0 233 2.8329 0.0 8.181805246746432 0.0 4.0 
599 3033873.6 84.75563022718914 77.8125701721239 145.40731054687492 0 233 2.8329 0.0 8.181805246746432 0.0 4.0 
600 3033906.9 84.75563022718914 77.8125701721239 145.40731054687492 0 233 2.8329 0.0 8.181805246746432 0.0 4.0 
601 3033940.3 84.75563022718914 77.8125701721239 145.40731054687492 0 233 2.8329 0.0 8.181805246746432 0.0 4.0 
602 3033973.6 84.77679520217471 77.8125701721239 145.40731054687492 0 233 2.8329 0.0 8.181805246746432 0.0 4.0 
603 3034006.9 84.77679520217471 77.78243169803346 145.40731054687492 0 233 2.8329 0.0 8.181805246746432 0.0 4.0 
604 3034040.3 84.77679520217471 77.78243169803346 145.40731054687492 0 233 2.8329 0.0 8.181805246746432 0.0 4.0 
605 3034073.6 84.77679520217471 77.78243169803346 145.40731054687492 0 233 2.8329 0.0 8.181805246746432 0.0 4.0 
606 3034107.0 84.78508272497359 77.78243169803346 145.40731054687492 0 233 2.8329 0.0 8.181805246746432 0.0 4.0 
607 3034140.3 84.78508272497359 77.75203808926464 145.40731054687492 0 233 2.8329 0.0 8.181805246746432 0.0 4.0 
608 3034173.6 84.78508272497359 77.75203808926464 145.40731054687492 0 233 2.8329 0.0 8.181805246746432 0.0 4.0 
609 3034207.0 84.78508272497359 77.75203808926464 145.40731054687492 0 233 2.8329 0.0 8.181805246746432 0.0 4.0 
610 3034240.3 84.78508272497359 77.72397033459904 145.40731054687492 0 233 2.8329 0.0 8.181805246746432 0.0 4.0 
611 3034273.6 84.78508272497359 77.72397033459904 145.40731054687492 0 233 2.8329 0.0 8.181805246746432 0.0 4.0 
612 3034307.0 84.78508272497359 77.72397033459904 145.40731054687492 0 233 2.8329 0.0 8.181805246746432 0.0 4.0 
613 3034340.3 84.77759708235905 77.72397033459904 145.40731054687492 0 233 2.8329 0.0 8.181805246746432 0.0 4.0 
614 3034373.6 84.77759708235905 77.70567398695746 145.40731054687492 0 233 2.8329 0.0 8.181805246746432 0.0 4.0 
615 3034407.0 84.77759708235905 77.70567398695746 145.40731054687492 0 233 2.8329 0.0 8.181805246746432 0.0 4.0 
616 3034440.3 84.77759708235905 77.70567398695746 145.40731054687492 0 233 2.8329 0.0 8.181805246746432 0.0 4.0 
617 3034473.7 84.74580841569404 77.70567398695746 145.40731054687492 0 233 2.8329 0.0 8.181805246746432 0.0 4.0 
618 3034507.0 84.74580841569404 77.68401277325013 145.40731054687492 0 233 2.8329 0.0 8.181805246746432 0.0 4.0 
619 3034540.3 84.74580841569404 77.68401277325013 145.40731054687492 0 233 2.8329 0.0 8.181805246746432 0.0 4.0 
620 3034573.7 84.74580841569404 77.68401277325013 145.40731054687492 0 233 2.8329 0.0 8.181805246746432 0.0 4.0 
621 3034607.0 84.70674730038822 77.68401277325013 145.40731054687492 0 233 2.8329 0.0 8.181805246746432 0.0 4.0 
622 3034640.3 84.70674730038822 77.65523890280801 145.40731054687492 0 233 2.8329 0.0 8.181805246746432 0.0 4.0 
623 3034673.7 84.70674730038822 77.65523890280801 145.40731054687492 0 233 2.8329 0.0 8.181805246746432 0.0 4.0 
624 3034707.0 84.70674730038822 77.65523890280801 145.40731054687492 0 233 2.8329 0.0 8.181805246746432 0.0 4.0 
625 3034740.3 84.6832600729222 77.65523890280801 145.40731054687492 0 233 2.8329 0.0 8.181805246746432 0.0 4.0 
626 3034773.7 84.6832600729222 77.62460461309253 145.40731054687492 0 233 2.8329 0.0 8.181805246746432 0.0 4.0 
627 3034807.0 84.6832600729222 77.62460461309253 145.40731054687492 0 233 2.8329 0.0 8.181805246746432 0.0 4.0 
628 3034840.3 84.6832600729222 77.62460461309253 145.40731054687492 0 233 2.8329 0.0 8.181805246746432 0.0 4.0 
629 3034873.7 84.6708244139459 77.62460461309253 145.40731054687492 0 233 2.8329 0.0 8.181805246746432 0.0 4.0 
630 3034907.0 84.6708244139459 77.58787971677687 145.40731054687492 0 233 2.8329 0.0 8.181805246746432 0.0 4.0 
631 3034940.4 84.6708244139459 77.58787971677687 145.40731054687492 0 233 2.8329 0.0 8.181805246746432 0.0 4.0 
632 3034973.7 84.6708244139459 77.58787971677687 145.40731054687492 0 233 2.8329 0.0 8.181805246746432 0.0 4.0 
633 3035007.0 84.67345733244008 77.58787971677687 145.40731054687492 0 233 2.8329 0.0 8.181805246746432 0.0 4.0 
634 3035040.4 84.67345733244008 77.55865160933848 145.40731054687492 0 233 2.8329 0.0 8.181805246746432 0.0 4.0 
635 3035073.7 84.67345733244008 77.55865160933848 145.40731054687492 0 233 2.8329 0.0 8.181805246746432 0.0 4.0 
636 3035107.0 84.67345733244008 77.55865160933848 145.40731054687492 0 233 2.8329 0.0 8.181805246746432 0.0 4.0 
637 3035140.4 84.68984658190385 77.55865160933848 145.40731054687492 0 233 2.8329 0.0 8.181805246746432 0.0 4.0 
638 3035173.7 84.68984658190385 77.53370151789923 145.40731054687492 0 233 2.8329 0.0 8.181805246746432 0.0 4.0 
639 3035207.0 84.68984658190385 77.53370151789923 145.40731054687492 0 233 2.8329 0.0 8.181805246746432 0.0 4.0 
640 3035240.4 84.68984658190385 77.53370151789923 145.40731054687492 0 233 2.8329 0.0 8.181805246746432 0.0 4.0 
641 3035273.7 84.72002553573093 77.53370151789923 145.40731054687492 0 233 2.8329 0.0 8.181805246746432 0.0 4.0 
642 3035307.1 84.72002553573093 77.51167243811855 145.40731054687492 0 233 2.8329 0.0 8.181805246746432 0.0 4.0 
643 3035340.4 84.72002553573093 77.51167243811855 145.40731054687492 0 233 2.8329 0.0 8.181805246746432 0.0 4.0 
644 3035373.7 84.72002553573093 77.51167243811855 145.40731054687492 0 233 2.8329 0.0 8.181805246746432 0.0 4.0 
645 3035407.1 84.75853727841638 77.51167243811855 145.40731054687492 0 233 2.8329 0.0 8.181805246746432 0.0 4.0 
646 3035440.4 84.75853727841638 77.49785679793285 145.40731054687492 0 233 2.8329 0.0 8.181805246746432 0.0 4.0 
647 3035473.7 84.75853727841638 77.49785679793285 145.40731054687492 0 233 2.8329 0.0 8.181805246746432 0.0 4.0 
648 3035507.1 84.75853727841638 77.49785679793285 145.40731054687492 0 233 2.8329 0.0 8.181805246746432 0.0 4.0 
649 3035540.4 84.80285371216912 77.49785679793285 145.40731054687492 0 233 2.8329 0.0 8.181805246746432 0.0 4.0 
650 3035573.7 84.80285371216912 77.48419941909228 145.40731054687492 0 233 2.8329 0.0 8.181805246746432 0.0 4.0 
651 3035607.1 84.80285371216912 77.48419941909228 145.40731054687492 0 233 2.8329 0.0 8.181805246746432 0.0 4.0 
652 3035640.4 84.80285371216912 77.48419941909228 145.40731054687492 0 233 2.8329 0.0 8.181805246746432 0.0 4.0 
653 3035673.7 84.83085024573886 77.48419941909228 145.40731054687492 0 233 2.8329 0.0 8.181805246746432 0.0 4.0 
654 3035707.1 84.83085024573886 77.46642275612706 145.40731054687492 0 233 2.8329 0.0 8.181805246746432 0.0 4.0 
655 3035740.4 84.83085024573886 77.46642275612706 145.40731054687492 0 233 2.8329 0.0 8.181805246746432 0.0 4.0 
656 3035773.8 84.83085024573886 77.46642275612706 145.40731054687492 0 233 2.8329 0.0 8.181805246746432 0.0 4.0 
657 3035807.1 84.84651237052736 77.46642275612706 145.40731054687492 0 233 2.8329 0.0 8.181805246746432 0.0 4.0 
658 3035840.4 84.84651237052736 77.44617583335756 145.40731054687492 0 233 2.8329 0.0 8.181805246746432 0.0 4.0 
659 3035873.8 84.84651237052736 77.44617583335756 145.40731054687492 0 233 2.8329 0.0 8.181805246746432 0.0 4.0 
660 3035907.1 84.84651237052736 77.44617583335756 145.40731054687492 0 233 2.8329 0.0 8.181805246746432 0.0 4.0 
661 3035940.4 84.85878969909245 77.44617583335756 145.40731054687492 0 233 2.8329 0.0 8.181805246746432 0.0 4.0 
662 3035973.8 84.85878969909245 77.42177564657797 145.40731054687492 0 233 2.8329 0.0 8.181805246746432 0.0 4.0 
663 3036007.1 84.85878969909245 77.42177564657797 145.40731054687492 0 233 2.8329 0.0 8.181805246746432 0.0 4.0 
664 3036040.4 84.85878969909245 77.42177564657797 145.40731054687492 0 233 2.8329 0.0 8.181805246746432 0.0 4.0 
665 3036073.8 84.86596012103068 77.42177564657797 145.40731054687492 0 233 2.8329 0.0 8.181805246746432 0.0 4.0 
666 3036107.1 84.86596012103068 77.39723901325232 145.40731054687492 0 233 2.8329 0.0 8.181805246746432 0.0 4.0 
667 3036140.5 84.86596012103068 77.39723901325232 145.40731054687492 0 233 2.8329 0.0 8.181805246746432 0.0 4.0 
668 3036173.8 84.86596012103068 77.39723901325232 145.40731054687492 0 233 2.8329 0.0 8.181805246746432 0.0 4.0 
669 3036207.1 84.87082035299902 77.39723901325232 145.40731054687492 0 233 2.8329 0.0 8.181805246746432 0.0 4.0 
670 3036240.5 84.87082035299902 77.37351790884127 145.40731054687492 0 233 2.8329 0.0 8.181805246746432 0.0 4.0 
671 3036273.8 84.87082035299902 77.37351790884127 145.40731054687492 0 233 2.8329 0.0 8.181805246746432 0.0 4.0 
672 3036307.1 84.87082035299902 77.37351790884127 145.40731054687492 0 233 2.8329 0.0 8.181805246746432 0.0 4.0 
673 3036340.5 84.87261243283326 77.37351790884127 145.40731054687492 0 233 2.8329 0.0 8.181805246746432 0.0 4.0 
674 3036373.8 84.87261243283326 77.34326053806097 145.40731054687492 0 233 2.8329 0.0 8.181805246746432 0.0 4.0 
675 3036407.1 84.87261243283326 77.34326053806097 145.40731054687492 0 233 2.8329 0.0 8.181805246746432 0.0 4.0 
676 3036440.5 84.87261243283326 77.34326053806097 145.40731054687492 0 233 2.8329 0.0 8.181805246746432 0.0 4.0 
677 3036473.8 84.86949406735228 77.34326053806097 145.40731054687492 0 233 2.8329 0.0 8.181805246746432 0.0 4.0 
678 3036507.1 84.86949406735228 77.32053545105613 145.40731054687492 0 233 2.8329 0.0 8.181805246746432 0.0 4.0 
679 3036540.5 84.86949406735228 77.32053545105613 145.40731054687492 0 233 2.8329 0.0 8.181805246746432 0.0 4.0 
680 3036573.8 84.86949406735228 77.32053545105613 145.40731054687492 0 233 2.8329 0.0 8.181805246746432 0.0 4.0 
681 3036607.2 84.85899212410757 77.32053545105613 145.40731054687492 0 233 2.8329 0.0 8.181805246746432 0.0 4.0 
682 3036640.5 84.85899212410757 77.29557855750444 145.40731054687492 0 233 2.8329 0.0 8.181805246746432 0.0 4.0 
683 3036673.8 84.85899212410757 77.29557855750444 145.40731054687492 0 233 2.8329 0.0 8.181805246746432 0.0 4.0 
684 3036707.2 84.85899212410757 77.29557855750444 145.40731054687492 0 233 2.8329 0.0 8.181805246746432 0.0 4.0 
685 3036740.5 84.84966650709492 77.29557855750444 145.40731054687492 0 233 2.8329 0.0 8.181805246746432 0.0 4.0 
686 3036773.8 84.84966650709492 77.2803832641895 145.40731054687492 0 233 2.8329 0.0 8.181805246746432 0.0 4.0 
687 3036807.2 84.84966650709492 77.2803832641895 145.40731054687492 0 233 2.8329 0.0 8.181805246746432 0.0 4.0 
688 3036840.5 84.84966650709492 77.2803832641895 145.40731054687492 0 233 2.8329 0.0 8.181805246746432 0.0 4.0 
689 3036873.8 84.83573086690625 77.2803832641895 145.40731054687492 0 233 2.8329 0.0 8.181805246746432 0.0 4.0 
690 3036907.2 84.83573086690625 77.26590067996827 145.40731054687492 0 233 2.8329 0.0 8.181805246746432 0.0 4.0 
691 3036940.5 84.83573086690625 77.26590067996827 145.40731054687492 0 233 2.8329 0.0 8.181805246746432 0.0 4.0 
692 3036973.9 84.83573086690625 77.26590067996827 145.40731054687492 0 233 2.8329 0.0 8.181805246746432 0.0 4.0 
693 3037007.2 84.81848610907987 77.26590067996827 145.40731054687492 0 233 2.8329 0.0 8.181805246746432 0.0 4.0 
694 3037040.5 84.81848610907987 77.24758443281706 145.40731054687492 0 233 2.8329 0.0 8.181805246746432 0.0 4.0 
695 3037073.9 84.81848610907987 77.24758443281706 145.40731054687492 0 233 2.8329 0.0 8.181805246746432 0.0 4.0 
696 3037107.2 84.81848610907987 77.24758443281706 145.40731054687492 0 233 2.8329 0.0 8.181805246746432 0.0 4.0 
697 3037140.5 84.79326270680426 77.24758443281706 145.40731054687492 0 233 2.8329 0.0 8.181805246746432 0.0 4.0 
698 3037173.9 84.79326270680426 77.22811013927017 145.40731054687492 0 233 2.8329 0.0 8.181805246746432 0.0 4.0 
699 3037207.2 84.79326270680426 77.22811013927017 145.40731054687492 0 233 2.8329 0.0 8.181805246746432 0.0 4.0 
700 3037240.5 84.79326270680426 77.22811013927017 145.40731054687492 0 233 2.8329 0.0 8.181805246746432 0.0 4.0 
701 3037273.9 84.76093172714127 77.22811013927017 145.40731054687492 0 233 2.8329 0.0 8.181805246746432 0.0 4.0 
702 3037307.2 84.76093172714127 77.20572791460857 145.40731054687492 0 233 2.8329 0.0 8.181805246746432 0.0 4.0 
703 3037340.5 84.76093172714127 77.20572791460857 145.40731054687492 0 233 2.8329 0.0 8.181805246746432 0.0 4.0 
704 3037373.9 84.76093172714127 77.20572791460857 145.40731054687492 0 233 2.8329 0.0 8.181805246746432 0.0 4.0 
705 3037407.2 84.73098428314772 77.20572791460857 145.40731054687492 0 233 2.8329 0.0 8.181805246746432 0.0 4.0 
706 3037440.6 84.73098428314772 77.17253150231163 145.40731054687492 0 233 2.8329 0.0 8.181805246746432 0.0 4.0 
707 3037473.9 84.73098428314772 77.17253150231163 145.40731054687492 0 233 2.8329 0.0 8.181805246746432 0.0 4.0 
708 3037507.2 84.73098428314772 77.17253150231163 145.40731054687492 0 233 2.8329 0.0 8.181805246746432 0.0 4.0 
709 3037540.6 84.71800149415279 77.17253150231163 145.40731054687492 0 233 2.8329 0.0 8.181805246746432 0.0 4.0 
710 3037573.9 84.71800149415279 77.13938189962614 145.40731054687492 0 233 2.8329 0.0 8.181805246746432 0.0 4.0 
711 3037607.2 84.71800149415279 77.13938189962614 145.40731054687492 0 233 2.8329 0.0 8.181805246746432 0.0 4.0 
712 3037640.6 84.71800149415279 77.13938189962614 145.40731054687492 0 233 2.8329 0.0 8.181805246746432 0.0 4.0 
713 3037673.9 84.71468474081277 77.13938189962614 145.40731054687492 0 233 2.8329 0.0 8.181805246746432 0.0 4.0 
714 3037707.2 84.71468474081277 77.10107428636705 145.40731054687492 0 233 2.8329 0.0 8.181805246746432 0.0 4.0 
715 3037740.6 84.71468474081277 77.10107428636705 145.40731054687492 0 233 2.8329 0.0 8.181805246746432 0.0 4.0 
716 3037773.9 84.71468474081277 77.10107428636705 145.40731054687492 0 233 2.8329 0.0 8.181805246746432 0.0 4.0 
717 3037807.3 84.72432496011376 77.10107428636705 145.40731054687492 0 233 2.8329 0.0 8.181805246746432 0.0 4.0 
718 3037840.6 84.72432496011376 77.06634781136358 145.40731054687492 0 233 2.8329 0.0 8.181805246746432 0.0 4.0 
719 3037873.9 84.72432496011376 77.06634781136358 145.40731054687492 0 233 2.8329 0.0 8.181805246746432 0.0 4.0 
720 3037907.3 84.72432496011376 77.06634781136358 145.40731054687492 0 233 2.8329 0.0 8.181805246746432 0.0 4.0 
721 3037940.6 84.75308192542073 77.06634781136358 145.40731054687492 0 233 2.8329 0.0 8.181805246746432 0.0 4.0 
722 3037973.9 84.75308192542073 77.029797308278 145.40731054687492 0 233 2.8329 0.0 8.181805246746432 0.0 4.0 
723 3038007.3 84.75308192542073 77.029797308278 145.40731054687492 0 233 2.8329 0.0 8.181805246746432 0.0 4.0 
724 3038040.6 84.75308192542073 77.029797308278 145.40731054687492 0 233 2.8329 0.0 8.181805246746432 0.0 4.0 
725 3038073.9 84.78400162637519 77.029797308278 145.40731054687492 0 233 2.8329 0.0 8.181805246746432 0.0 4.0 
726 3038107.3 84.78400162637519 77.00517017756432 145.40731054687492 0 233 2.8329 0.0 8.181805246746432 0.0 4.0 
727 3038140.6 84.78400162637519 77.00517017756432 145.40731054687492 0 233 2.8329 0.0 8.181805246746432 0.0 4.0 
728 3038173.9 84.78400162637519 77.00517017756432 145.40731054687492 0 233 2.8329 0.0 8.181805246746432 0.0 4.0 
729 3038207.3 84.81465519081338 77.00517017756432 145.40731054687492 0 233 2.8329 0.0 8.181805246746432 0.0 4.0 
730 3038240.6 84.81465519081338 76.98488928543763 145.40731054687492 0 233 2.8329 0.0 8.181805246746432 0.0 4.0 
731 3038274.0 84.81465519081338 76.98488928543763 145.40731054687492 0 233 2.8329 0.0 8.181805246746432 0.0 4.0 
732 3038307.3 84.81465519081338 76.98488928543763 145.40731054687492 0 233 2.8329 0.0 8.181805246746432 0.0 4.0 
733 3038340.6 84.84219564119583 76.98488928543763 145.40731054687492 0 233 2.8329 0.0 8.181805246746432 0.0 4.0 
734 3038374.0 84.84219564119583 76.97353859393718 145.40731054687492 0 233 2.8329 0.0 8.181805246746432 0.0 4.0 
735 3038407.3 84.84219564119583 76.97353859393718 145.40731054687492 0 233 2.8329 0.0 8.181805246746432 0.0 4.0 
736 3038440.6 84.84219564119583 76.97353859393718 145.40731054687492 0 233 2.8329 0.0 8.181805246746432 0.0 4.0 
737 3038474.0 84.87815596638859 76.97353859393718 145.40731054687492 0 233 2.8329 0.0 8.181805246746432 0.0 4.0 
738 3038507.3 84.87815596638859 76.9820577844183 145.40731054687492 0 233 2.8329 0.0 8.181805246746432 0.0 4.0 
739 3038540.6 84.87815596638859 76.9820577844183 145.40731054687492 0 233 2.8329 0.0 8.181805246746432 0.0 4.0 
740 3038574.0 84.87815596638859 76.9820577844183 145.40731054687492 0 233 2.8329 0.0 8.181805246746432 0.0 4.0 
741 3038607.3 84.9063409139216 76.9820577844183 145.40731054687492 0 233 2.8329 0.0 8.181805246746432 0.0 4.0 
742 3038640.7 84.9063409139216 76.98892564485526 145.40731054687492 0 233 2.8329 0.0 8.181805246746432 0.0 4.0 
743 3038674.0 84.9063409139216 76.98892564485526 145.40731054687492 0 233 2.8329 0.0 8.181805246746432 0.0 4.0 
744 3038707.3 84.9063409139216 76.98892564485526 145.40731054687492 0 233 2.8329 0.0 8.181805246746432 0.0 4.0 
745 3038740.7 84.90289702302438 76.98892564485526 145.40731054687492 0 233 2.8329 0.0 8.181805246746432 0.0 4.0 
746 3038774.0 84.90289702302438 76.97529987691506 145.40731054687492 0 233 2.8329 0.0 8.181805246746432 0.0 4.0 
747 3038807.3 84.90289702302438 76.97529987691506 145.40731054687492 0 233 2.8329 0.0 8.181805246746432 0.0 4.0 
748 3038840.7 84.90289702302438 76.97529987691506 145.40731054687492 0 233 2.8329 0.0 8.181805246746432 0.0 4.0 
749 3038874.0 84.88448571658974 76.97529987691506 145.40731054687492 0 233 2.8329 0.0 8.181805246746432 0.0 4.0 
750 3038907.3 84.88448571658974 76.95151766567102 145.40731054687492 0 233 2.8329 0.0 8.181805246746432 0.0 4.0 
751 3038940.7 84.88448571658974 76.95151766567102 145.40731054687492 0 233 2.8329 0.0 8.181805246746432 0.0 4.0 
752 3038974.0 84.88448571658974 76.95151766567102 145.40731054687492 0 233 2.8329 0.0 8.181805246746432 0.0 4.0 
753 3039007.3 84.86591206640404 76.95151766567102 145.40731054687492 0 233 2.8329 0.0 8.181805246746432 0.0 4.0 
754 3039040.7 84.86591206640404 76.93466699817336 145.40731054687492 0 233 2.8329 0.0 8.181805246746432 0.0 4.0 
755 3039074.0 84.86591206640404 76.93466699817336 145.40731054687492 0 233 2.8329 0.0 8.181805246746432 0.0 4.0 
756 3039107.4 84.86591206640404 76.93466699817336 145.40731054687492 0 233 2.8329 0.0 8.181805246746432 0.0 4.0 
757 3039140.7 84.85223413790614 76.93466699817336 145.40731054687492 0 233 2.8329 0.0 8.181805246746432 0.0 4.0 
758 3039174.0 84.85223413790614 76.91089713096252 145.40731054687492 0 233 2.8329 0.0 8.181805246746432 0.0 4.0 
759 3039207.4 84.85223413790614 76.91089713096252 145.40731054687492 0 233 2.8329 0.0 8.181805246746432 0.0 4.0 
760 3039240.7 84.85223413790614 76.91089713096252 145.40731054687492 0 233 2.8329 0.0 8.181805246746432 0.0 4.0 
761 3039274.0 84.84871708396109 76.91089713096252 145.40731054687492 0 233 2.8329 0.0 8.181805246746432 0.0 4.0 
762 3039307.4 84.84871708396109 76.88687029805509 145.40731054687492 0 233 2.8329 0.0 8.181805246746432 0.0 4.0 
763 3039340.7 84.84871708396109 76.88687029805509 145.40731054687492 0 233 2.8329 0.0 8.181805246746432 0.0 4.0 
764 3039374.0 84.84871708396109 76.88687029805509 145.40731054687492 0 233 2.8329 0.0 8.181805246746432 0.0 4.0 
765 3039407.4 84.85549080716822 76.88687029805509 145.40731054687492 0 233 2.8329 0.0 8.181805246746432 0.0 4.0 
766 3039440.7 84.85549080716822 76.86693805274247 145.40731054687492 0 233 2.8329 0.0 8.181805246746432 0.0 4.0 
767 3039474.1 84.85549080716822 76.86693805274247 145.40731054687492 0 233 2.8329 0.0 8.181805246746432 0.0 4.0 
768 3039507.4 84.85549080716822 76.86693805274247 145.40731054687492 0 233 2.8329 0.0 8.181805246746432 0.0 4.0 
769 3039540.7 84.88000424880012 76.86693805274247 145.40731054687492 0 233 2.8329 0.0 8.181805246746432 0.0 4.0 
770 3039574.1 84.88000424880012 76.84797481042435 145.40731054687492 0 233 2.8329 0.0 8.181805246746432 0.0 4.0 
771 3039607.4 84.88000424880012 76.84797481042435 145.40731054687492 0 233 2.8329 0.0 8.181805246746432 0.0 4.0 
772 3039640.7 84.88000424880012 76.84797481042435 145.40731054687492 0 233 2.8329 0.0 8.181805246746432 0.0 4.0 
773 3039674.1 84.88838615398203 76.84797481042435 145.40731054687492 0 233 2.8329 0.0 8.181805246746432 0.0 4.0 
774 3039707.4 84.88838615398203 76.83630757357115 145.40731054687492 0 233 2.8329 0.0 8.181805246746432 0.0 4.0 
775 3039740.7 84.88838615398203 76.83630757357115 145.40731054687492 0 233 2.8329 0.0 8.181805246746432 0.0 4.0 
776 3039774.1 84.88838615398203 76.83630757357115 145.40731054687492 0 233 2.8329 0.0 8.181805246746432 0.0 4.0 
777 3039807.4 84.88472017373272 76.83630757357115 145.40731054687492 0 233 2.8329 0.0 8.181805246746432 0.0 4.0 
778 3039840.7 84.88472017373272 76.82055818188798 145.40731054687492 0 233 2.8329 0.0 8.181805246746432 0.0 4.0 
779 3039874.1 84.88472017373272 76.82055818188798 145.40731054687492 0 233 2.8329 0.0 8.181805246746432 0.0 4.0 
780 3039907.4 84.88472017373272 76.82055818188798 145.40731054687492 0 233 2.8329 0.0 8.181805246746432 0.0 4.0 
781 3039940.8 84.87508084851288 76.82055818188798 145.40731054687492 0 233 2.8329 0.0 8.181805246746432 0.0 4.0 
782 3039974.1 84.87508084851288 76.79768251188803 145.40731054687492 0 233 2.8329 0.0 8.181805246746432 0.0 4.0 
783 3040007.4 84.87508084851288 76.79768251188803 145.40731054687492 0 233 2.8329 0.0 8.181805246746432 0.0 4.0 
784 3040040.8 84.87508084851288 76.79768251188803 145.40731054687492 0 233 2.8329 0.0 8.181805246746432 0.0 4.0 
785 3040074.1 84.87696480056329 76.79768251188803 145.40731054687492 0 233 2.8329 0.0 8.181805246746432 0.0 4.0 
786 3040107.4 84.87696480056329 76.77967561693639 145.40731054687492 0 233 2.8329 0.0 8.181805246746432 0.0 4.0 
787 3040140.8 84.87696480056329 76.77967561693639 145.40731054687492 0 233 2.8329 0.0 8.181805246746432 0.0 4.0 
788 3040174.1 84.87696480056329 76.77967561693639 145.40731054687492 0 233 2.8329 0.0 8.181805246746432 0.0 4.0 
789 3040207.4 84.8867558814977 76.77967561693639 145.40731054687492 0 233 2.8329 0.0 8.181805246746432 0.0 4.0 
790 3040240.8 84.8867558814977 76.76521864471388 145.40731054687492 0 233 2.8329 0.0 8.181805246746432 0.0 4.0 
791 3040274.1 84.8867558814977 76.76521864471388 145.40731054687492 0 233 2.8329 0.0 8.181805246746432 0.0 4.0 
792 3040307.5 84.8867558814977 76.76521864471388 145.40731054687492 0 233 2.8329 0.0 8.181805246746432 0.0 4.0 
793 3040340.8 84.90060367456259 76.76521864471388 145.40731054687492 0 233 2.8329 0.0 8.181805246746432 0.0 4.0 
794 3040374.1 84.90060367456259 76.76312019495691 145.40731054687492 0 233 2.8329 0.0 8.181805246746432 0.0 4.0 
795 3040407.5 84.90060367456259 76.76312019495691 145.40731054687492 0 233 2.8329 0.0 8.181805246746432 0.0 4.0 
796 3040440.8 84.90060367456259 76.76312019495691 145.40731054687492 0 233 2.8329 0.0 8.181805246746432 0.0 4.0 
797 3040474.1 84.91199378258622 76.76312019495691 145.40731054687492 0 233 2.8329 0.0 8.181805246746432 0.0 4.0 
798 3040507.5 84.91199378258622 76.75979340464306 145.40731054687492 0 233 2.8329 0.0 8.181805246746432 0.0 4.0 
799 3040540.8 84.91199378258622 76.75979340464306 145.40731054687492 0 233 2.8329 0.0 8.181805246746432 0.0 4.0 
800 3040574.1 84.91199378258622 76.75979340464306 145.40731054687492 0 233 2.8329 0.0 8.181805246746432 0.0 4.0 
801 3040607.5 84.92368071932385 76.75979340464306 145.40731054687492 0 233 2.8329 0.0 8.181805246746432 0.0 4.0 
802 3040640.8 84.92368071932385 76.75705967706857 145.40731054687492 0 233 2.8329 0.0 8.181805246746432 0.0 4.0 
803 3040674.1 84.92368071932385 76.75705967706857 145.40731054687492 0 233 2.8329 0.0 8.181805246746432 0.0 4.0 
804 3040707.5 84.93797735938148 76.75705967706857 145.40731054687492 0 233 2.8329 0.0 8.181805246746432 0.0 4.0 
805 3040740.8 84.93797735938148 76.7542700514405 145.40731054687492 0 233 2.8329 0.0 8.181805246746432 0.0 4.0 
806 3040774.2 84.93797735938148 76.7542700514405 145.40731054687492 0 233 2.8329 0.0 8.181805246746432 0.0 4.0 
807 3040807.5 84.93797735938148 76.7542700514405 145.40731054687492 0 233 2.8329 0.0 8.181805246746432 0.0 4.0 
808 3040840.8 84.94437540627257 76.7542700514405 145.40731054687492 0 233 2.8329 0.0 8.181805246746432 0.0 4.0 
809 3040874.2 84.94437540627257 76.72905126308477 145.40731054687492 0 233 2.8329 0.0 8.181805246746432 0.0 4.0 
810 3040907.5 84.94437540627257 76.72905126308477 145.40731054687492 0 233 2.8329 0.0 8.181805246746432 0.0 4.0 
811 3040940.8 84.94437540627257 76.72905126308477 145.40731054687492 0 233 2.8329 0.0 8.181805246746432 0.0 4.0 
812 3040974.2 84.95163824788528 76.72905126308477 145.40731054687492 0 233 2.8329 0.0 8.181805246746432 0.0 4.0 
813 3041007.5 84.95163824788528 76.72151782955355 145.40731054687492 0 233 2.8329 0.0 8.181805246746432 0.0 4.0 
814 3041040.8 84.95163824788528 76.72151782955355 145.40731054687492 0 233 2.8329 0.0 8.181805246746432 0.0 4.0 
815 3041074.2 84.94669367003219 76.72151782955355 145.40731054687492 0 233 2.8329 0.0 8.181805246746432 0.0 4.0 
816 3041107.5 84.94669367003219 76.7268446456929 145.40731054687492 0 233 2.8329 0.0 8.181805246746432 0.0 4.0 
817 3041140.9 84.94669367003219 76.7268446456929 145.40731054687492 0 233 2.8329 0.0 8.181805246746432 0.0 4.0 
818 3041174.2 84.94669367003219 76.7268446456929 145.40731054687492 0 233 2.8329 0.0 8.181805246746432 0.0 4.0 
819 3041207.5 84.94335420770537 76.7268446456929 145.40731054687492 0 233 2.8329 0.0 8.181805246746432 0.0 4.0 
820 3041240.9 84.94335420770537 76.72435075081296 145.40731054687492 0 233 2.8329 0.0 8.181805246746432 0.0 4.0 
821 3041274.2 84.94335420770537 76.72435075081296 145.40731054687492 0 233 2.8329 0.0 8.181805246746432 0.0 4.0 
822 3041307.5 84.93769217317966 76.72435075081296 145.40731054687492 0 233 2.8329 0.0 8.181805246746432 0.0 4.0 
823 3041340.9 84.93769217317966 76.70790536268372 145.40731054687492 0 233 2.8329 0.0 8.181805246746432 0.0 4.0 
824 3041374.2 84.93769217317966 76.70790536268372 145.40731054687492 0 233 2.8329 0.0 8.181805246746432 0.0 4.0 
825 3041407.5 84.93769217317966 76.70790536268372 145.40731054687492 0 233 2.8329 0.0 8.181805246746432 0.0 4.0 
826 3041440.9 84.9290966131959 76.70790536268372 145.40731054687492 0 233 2.8329 0.0 8.181805246746432 0.0 4.0 
827 3041474.2 84.9290966131959 76.67002244999867 145.40731054687492 0 233 2.8329 0.0 8.181805246746432 0.0 4.0 
828 3041507.5 84.9290966131959 76.67002244999867 145.40731054687492 0 233 2.8329 0.0 8.181805246746432 0.0 4.0 
829 3041540.9 84.9290966131959 76.67002244999867 145.40731054687492 0 233 2.8329 0.0 8.181805246746432 0.0 4.0 
830 3041574.2 84.91109382601589 76.67002244999867 145.40731054687492 0 233 2.8329 0.0 8.181805246746432 0.0 4.0 
831 3041607.6 84.91109382601589 76.66111228764288 145.40731054687492 0 233 2.8329 0.0 8.181805246746432 0.0 4.0 
832 3041640.9 84.91109382601589 76.66111228764288 145.40731054687492 0 233 2.8329 0.0 8.181805246746432 0.0 4.0 
833 3041674.2 84.91109382601589 76.66111228764288 145.40731054687492 0 233 2.8329 0.0 8.181805246746432 0.0 4.0 
834 3041707.6 84.84433833858864 76.66111228764288 145.40731054687492 0 233 2.8329 0.0 8.181805246746432 0.0 4.0 
835 3041740.9 84.84433833858864 76.65361242324653 145.40731054687492 0 233 2.8329 0.0 8.181805246746432 0.0 4.0 
836 3041774.2 84.84433833858864 76.65361242324653 145.40731054687492 0 233 2.8329 0.0 8.181805246746432 0.0 4.0 
837 3041807.6 84.84433833858864 76.65361242324653 145.40731054687492 0 233 2.8329 0.0 8.181805246746432 0.0 4.0 
838 3041840.9 84.80686207168908 76.65361242324653 145.40731054687492 0 233 2.8329 0.0 8.181805246746432 0.0 4.0 
839 3041874.2 84.80686207168908 76.62990164677993 145.40731054687492 0 233 2.8329 0.0 8.181805246746432 0.0 4.0 
840 3041907.6 84.80686207168908 76.62990164677993 145.40731054687492 0 233 2.8329 0.0 8.181805246746432 0.0 4.0 
841 3041940.9 84.80686207168908 76.62990164677993 145.40731054687492 0 233 2.8329 0.0 8.181805246746432 0.0 4.0 
842 3041974.3 84.80686207168908 76.63928262422877 145.40731054687492 0 233 2.8329 0.0 8.181805246746432 0.0 4.0 
843 3042007.6 84.80686207168908 76.63928262422877 145.40731054687492 0 233 2.8329 0.0 8.181805246746432 0.0 4.0 
844 3042040.9 84.80686207168908 76.63928262422877 145.40731054687492 0 233 2.8329 0.0 8.181805246746432 0.0 4.0 
845 3042074.3 84.81353461100694 76.63928262422877 145.40731054687492 0 233 2.8329 0.0 8.181805246746432 0.0 4.0 
846 3042107.6 84.81353461100694 76.64816841495706 145.40731054687492 0 233 2.8329 0.0 8.181805246746432 0.0 4.0 
847 3042140.9 84.81353461100694 76.64816841495706 145.40731054687492 0 233 2.8329 0.0 8.181805246746432 0.0 4.0 
848 3042174.3 84.81353461100694 76.64816841495706 145.40731054687492 0 233 2.8329 0.0 8.181805246746432 0.0 4.0 
849 3042207.6 84.81353461100694 76.64816841495706 145.40731054687492 0 233 2.8329 0.0 8.181805246746432 0.0 4.0 
850 3042240.9 84.80300679499297 76.64816841495706 145.40731054687492 0 233 2.8329 0.0 8.181805246746432 0.0 4.0 
851 3042274.3 84.80300679499297 76.63945642160692 145.40731054687492 0 233 2.8329 0.0 8.181805246746432 0.0 4.0 
852 3042307.6 84.80300679499297 76.63945642160692 145.40731054687492 0 233 2.8329 0.0 8.181805246746432 0.0 4.0 
853 3042340.9 84.80300679499297 76.63945642160692 145.40731054687492 0 233 2.8329 0.0 8.181805246746432 0.0 4.0 
854 3042374.3 84.77242625760984 76.63945642160692 145.40731054687492 0 233 2.8329 0.0 8.181805246746432 0.0 4.0 
855 3042407.6 84.77242625760984 76.60472185569313 145.40731054687492 0 233 2.8329 0.0 8.181805246746432 0.0 4.0 
856 3042441.0 84.77242625760984 76.60472185569313 145.40731054687492 0 233 2.8329 0.0 8.181805246746432 0.0 4.0 
857 3042474.3 84.77242625760984 76.60472185569313 145.40731054687492 0 233 2.8329 0.0 8.181805246746432 0.0 4.0 
858 3042507.6 84.73350649605095 76.60472185569313 145.40731054687492 0 233 2.8329 0.0 8.181805246746432 0.0 4.0 
859 3042541.0 84.73350649605095 76.58168328492732 145.40731054687492 0 233 2.8329 0.0 8.181805246746432 0.0 4.0 
860 3042574.3 84.73350649605095 76.58168328492732 145.40731054687492 0 233 2.8329 0.0 8.181805246746432 0.0 4.0 
861 3042607.6 84.73350649605095 76.58168328492732 145.40731054687492 0 233 2.8329 0.0 8.181805246746432 0.0 4.0 
862 3042641.0 84.6976107623754 76.58168328492732 145.40731054687492 0 233 2.8329 0.0 8.181805246746432 0.0 4.0 
863 3042674.3 84.6976107623754 76.56291316954997 145.40731054687492 0 233 2.8329 0.0 8.181805246746432 0.0 4.0 
864 3042707.6 84.6976107623754 76.56291316954997 145.40731054687492 0 233 2.8329 0.0 8.181805246746432 0.0 4.0 
865 3042741.0 84.6976107623754 76.56291316954997 145.40731054687492 0 233 2.8329 0.0 8.181805246746432 0.0 4.0 
866 3042774.3 84.66474324465952 76.56291316954997 145.40731054687492 0 233 2.8329 0.0 8.181805246746432 0.0 4.0 
867 3042807.7 84.66474324465952 76.54841217375368 145.40731054687492 0 233 2.8329 0.0 8.181805246746432 0.0 4.0 
868 3042841.0 84.66474324465952 76.54841217375368 145.40731054687492 0 233 2.8329 0.0 8.181805246746432 0.0 4.0 
869 3042874.3 84.66474324465952 76.54841217375368 145.40731054687492 0 233 2.8329 0.0 8.181805246746432 0.0 4.0 
870 3042907.7 84.63250005310427 76.54841217375368 145.40731054687492 0 233 2.8329 0.0 8.181805246746432 0.0 4.0 
871 3042941.0 84.63250005310427 76.53127949645537 145.40731054687492 0 233 2.8329 0.0 8.181805246746432 0.0 4.0 
872 3042974.3 84.63250005310427 76.53127949645537 145.40731054687492 0 233 2.8329 0.0 8.181805246746432 0.0 4.0 
873 3043007.7 84.63250005310427 76.53127949645537 145.40731054687492 0 233 2.8329 0.0 8.181805246746432 0.0 4.0 
874 3043041.0 84.60605343528779 76.53127949645537 145.40731054687492 0 233 2.8329 0.0 8.181805246746432 0.0 4.0 
875 3043074.3 84.60605343528779 76.51421386894201 145.40731054687492 0 233 2.8329 0.0 8.181805246746432 0.0 4.0 
876 3043107.7 84.60605343528779 76.51421386894201 145.40731054687492 0 233 2.8329 0.0 8.181805246746432 0.0 4.0 
877 3043141.0 84.60605343528779 76.51421386894201 145.40731054687492 0 233 2.8329 0.0 8.181805246746432 0.0 4.0 
878 3043174.3 84.58224991688971 76.51421386894201 145.40731054687492 0 233 2.8329 0.0 8.181805246746432 0.0 4.0 
879 3043207.7 84.58224991688971 76.48823044855912 145.40731054687492 0 233 2.8329 0.0 8.181805246746432 0.0 4.0 
880 3043241.0 84.58224991688971 76.48823044855912 145.40731054687492 0 233 2.8329 0.0 8.181805246746432 0.0 4.0 
881 3043274.4 84.58224991688971 76.48823044855912 145.40731054687492 0 233 2.8329 0.0 8.181805246746432 0.0 4.0 
882 3043307.7 84.57018063582386 76.48823044855912 145.40731054687492 0 233 2.8329 0.0 8.181805246746432 0.0 4.0 
883 3043341.0 84.57018063582386 76.45738612178604 145.40731054687492 0 233 2.8329 0.0 8.181805246746432 0.0 4.0 
884 3043374.4 84.57018063582386 76.45738612178604 145.40731054687492 0 233 2.8329 0.0 8.181805246746432 0.0 4.0 
885 3043407.7 84.57018063582386 76.45738612178604 145.40731054687492 0 233 2.8329 0.0 8.181805246746432 0.0 4.0 
886 3043441.0 84.57018063582386 76.4195743165202 145.40731054687492 0 233 2.8329 0.0 8.181805246746432 0.0 4.0 
887 3043474.4 84.57018063582386 76.4195743165202 145.40731054687492 0 233 2.8329 0.0 8.181805246746432 0.0 4.0 
888 3043507.7 84.57018063582386 76.4195743165202 145.40731054687492 0 233 2.8329 0.0 8.181805246746432 0.0 4.0 
889 3043541.0 84.57018063582386 76.4195743165202 145.40731054687492 0 233 2.8329 0.0 8.181805246746432 0.0 4.0 
890 3043574.4 84.58349970799998 76.4195743165202 145.40731054687492 0 233 2.8329 0.0 8.181805246746432 0.0 4.0 
891 3043607.7 84.58349970799998 76.38344278132391 145.40731054687492 0 233 2.8329 0.0 8.181805246746432 0.0 4.0 
892 3043641.1 84.58349970799998 76.38344278132391 145.40731054687492 0 233 2.8329 0.0 8.181805246746432 0.0 4.0 
893 3043674.4 84.58349970799998 76.38344278132391 145.40731054687492 0 233 2.8329 0.0 8.181805246746432 0.0 4.0 
894 3043707.7 84.61801509823859 76.38344278132391 145.40731054687492 0 233 2.8329 0.0 8.181805246746432 0.0 4.0 
895 3043741.1 84.61801509823859 76.35876182965188 145.40731054687492 0 233 2.8329 0.0 8.181805246746432 0.0 4.0 
896 3043774.4 84.61801509823859 76.35876182965188 145.40731054687492 0 233 2.8329 0.0 8.181805246746432 0.0 4.0 
897 3043807.7 84.61801509823859 76.35876182965188 145.40731054687492 0 233 2.8329 0.0 8.181805246746432 0.0 4.0 
898 3043841.1 84.67800666648762 76.35876182965188 145.40731054687492 0 233 2.8329 0.0 8.181805246746432 0.0 4.0 
899 3043874.4 84.67800666648762 76.34282759639102 145.40731054687492 0 233 2.8329 0.0 8.181805246746432 0.0 4.0 
900 3043907.7 84.67800666648762 76.34282759639102 145.40731054687492 0 233 2.8329 0.0 8.181805246746432 0.0 4.0 
901 3043941.1 84.67800666648762 76.34282759639102 145.40731054687492 0 233 2.8329 0.0 8.181805246746432 0.0 4.0 
902 3043974.4 84.67800666648762 76.34282759639102 145.40731054687492 0 233 2.8329 0.0 8.181805246746432 0.0 4.0 
903 3044007.7 84.75336826080927 76.34282759639102 145.40731054687492 0 233 2.8329 0.0 8.181805246746432 0.0 4.0 
904 3044041.1 84.75336826080927 76.30962685044742 145.40731054687492 0 233 2.8329 0.0 8.181805246746432 0.0 4.0 
905 3044074.4 84.75336826080927 76.30962685044742 145.40731054687492 0 233 2.8329 0.0 8.181805246746432 0.0 4.0 
906 3044107.8 84.75336826080927 76.30962685044742 145.40731054687492 0 233 2.8329 0.0 8.181805246746432 0.0 4.0 
907 3044141.1 84.75336826080927 76.30962685044742 145.40731054687492 0 233 2.8329 0.0 8.181805246746432 0.0 4.0 
908 3044174.4 84.77927074880503 76.23904548283248 145.40731054687492 0 233 2.8329 0.0 8.181805246746432 0.0 4.0 
909 3044207.8 84.77927074880503 76.23904548283248 145.40731054687492 0 233 2.8329 0.0 8.181805246746432 0.0 4.0 
910 3044241.1 84.77927074880503 76.23904548283248 145.40731054687492 0 233 2.8329 0.0 8.181805246746432 0.0 4.0 
911 3044274.4 84.77927074880503 76.23904548283248 145.40731054687492 0 233 2.8329 0.0 8.181805246746432 0.0 4.0 
912 3044307.8 84.76530235924898 76.23904548283248 145.40731054687492 0 233 2.8329 0.0 8.181805246746432 0.0 4.0 
913 3044341.1 84.76530235924898 76.19731913550213 145.40731054687492 0 233 2.8329 0.0 8.181805246746432 0.0 4.0 
914 3044374.4 84.76530235924898 76.19731913550213 145.40731054687492 0 233 2.8329 0.0 8.181805246746432 0.0 4.0 
915 3044407.8 84.76530235924898 76.19731913550213 145.40731054687492 0 233 2.8329 0.0 8.181805246746432 0.0 4.0 
916 3044441.1 84.72098897863049 76.19731913550213 145.40731054687492 0 233 2.8329 0.0 8.181805246746432 0.0 4.0 
917 3044474.5 84.72098897863049 76.15780322430939 145.40731054687492 0 233 2.8329 0.0 8.181805246746432 0.0 4.0 
918 3044507.8 84.72098897863049 76.15780322430939 145.40731054687492 0 233 2.8329 0.0 8.181805246746432 0.0 4.0 
919 3044541.1 84.72098897863049 76.15780322430939 145.40731054687492 0 233 2.8329 0.0 8.181805246746432 0.0 4.0 
920 3044574.5 84.66992190181655 76.15780322430939 145.40731054687492 0 233 2.8329 0.0 8.181805246746432 0.0 4.0 
921 3044607.8 84.66992190181655 76.14030966734562 145.40731054687492 0 233 2.8329 0.0 8.181805246746432 0.0 4.0 
922 3044641.1 84.66992190181655 76.14030966734562 145.40731054687492 0 233 2.8329 0.0 8.181805246746432 0.0 4.0 
923 3044674.5 84.66992190181655 76.14030966734562 145.40731054687492 0 233 2.8329 0.0 8.181805246746432 0.0 4.0 
924 3044707.8 84.61695220347362 76.14030966734562 145.40731054687492 0 233 2.8329 0.0 8.181805246746432 0.0 4.0 
925 3044741.1 84.61695220347362 76.13206732601537 145.40731054687492 0 233 2.8329 0.0 8.181805246746432 0.0 4.0 
926 3044774.5 84.61695220347362 76.13206732601537 145.40731054687492 0 233 2.8329 0.0 8.181805246746432 0.0 4.0 
927 3044807.8 84.61695220347362 76.13206732601537 145.40731054687492 0 233 2.8329 0.0 8.181805246746432 0.0 4.0 
928 3044841.1 84.56883610734842 76.13206732601537 145.40731054687492 0 233 2.8329 0.0 8.181805246746432 0.0 4.0 
929 3044874.5 84.56883610734842 76.11636593691924 145.40731054687492 0 233 2.8329 0.0 8.181805246746432 0.0 4.0 
930 3044907.8 84.56883610734842 76.11636593691924 145.40731054687492 0 233 2.8329 0.0 8.181805246746432 0.0 4.0 
931 3044941.2 84.56883610734842 76.11636593691924 145.40731054687492 0 233 2.8329 0.0 8.181805246746432 0.0 4.0 
932 3044974.5 84.52887983042994 76.11636593691924 145.40731054687492 0 233 2.8329 0.0 8.181805246746432 0.0 4.0 
933 3045007.8 84.52887983042994 76.08314996738734 145.40731054687492 0 233 2.8329 0.0 8.181805246746432 0.0 4.0 
934 3045041.2 84.52887983042994 76.08314996738734 145.40731054687492 0 233 2.8329 0.0 8.181805246746432 0.0 4.0 
935 3045074.5 84.52887983042994 76.08314996738734 145.40731054687492 0 233 2.8329 0.0 8.181805246746432 0.0 4.0 
936 3045107.8 84.51439973894989 76.08314996738734 145.40731054687492 0 233 2.8329 0.0 8.181805246746432 0.0 4.0 
937 3045141.2 84.51439973894989 76.03277179934483 145.40731054687492 0 233 2.8329 0.0 8.181805246746432 0.0 4.0 
938 3045174.5 84.51439973894989 76.03277179934483 145.40731054687492 0 233 2.8329 0.0 8.181805246746432 0.0 4.0 
939 3045207.8 84.51439973894989 76.03277179934483 145.40731054687492 0 233 2.8329 0.0 8.181805246746432 0.0 4.0 
940 3045241.2 84.52215224861467 76.03277179934483 145.40731054687492 0 233 2.8329 0.0 8.181805246746432 0.0 4.0 
941 3045274.5 84.52215224861467 75.98326915947894 145.40731054687492 0 233 2.8329 0.0 8.181805246746432 0.0 4.0 
942 3045307.9 84.52215224861467 75.98326915947894 145.40731054687492 0 233 2.8329 0.0 8.181805246746432 0.0 4.0 
943 3045341.2 84.52215224861467 75.98326915947894 145.40731054687492 0 233 2.8329 0.0 8.181805246746432 0.0 4.0 
944 3045374.5 84.55223838514864 75.98326915947894 145.40731054687492 0 233 2.8329 0.0 8.181805246746432 0.0 4.0 
945 3045407.9 84.55223838514864 75.94416827276017 145.40731054687492 0 233 2.8329 0.0 8.181805246746432 0.0 4.0 
946 3045441.2 84.55223838514864 75.94416827276017 145.40731054687492 0 233 2.8329 0.0 8.181805246746432 0.0 4.0 
947 3045474.5 84.55223838514864 75.94416827276017 145.40731054687492 0 233 2.8329 0.0 8.181805246746432 0.0 4.0 
948 3045507.9 84.60125161820498 75.94416827276017 145.40731054687492 0 233 2.8329 0.0 8.181805246746432 0.0 4.0 
949 3045541.2 84.60125161820498 75.9153494400818 145.40731054687492 0 233 2.8329 0.0 8.181805246746432 0.0 4.0 
950 3045574.5 84.60125161820498 75.9153494400818 145.40731054687492 0 233 2.8329 0.0 8.181805246746432 0.0 4.0 
951 3045607.9 84.60125161820498 75.9153494400818 145.40731054687492 0 233 2.8329 0.0 8.181805246746432 0.0 4.0 
952 3045641.2 84.64236830867536 75.9153494400818 145.40731054687492 0 233 2.8329 0.0 8.181805246746432 0.0 4.0 
953 3045674.5 84.64236830867536 75.88900340072365 145.40731054687492 0 233 2.8329 0.0 8.181805246746432 0.0 4.0 
954 3045707.9 84.64236830867536 75.88900340072365 145.40731054687492 0 233 2.8329 0.0 8.181805246746432 0.0 4.0 
955 3045741.2 84.64236830867536 75.88900340072365 145.40731054687492 0 233 2.8329 0.0 8.181805246746432 0.0 4.0 
956 3045774.6 84.67211784762677 75.88900340072365 145.40731054687492 0 233 2.8329 0.0 8.181805246746432 0.0 4.0 
957 3045807.9 84.67211784762677 75.85567064582042 145.40731054687492 0 233 2.8329 0.0 8.181805246746432 0.0 4.0 
958 3045841.2 84.67211784762677 75.85567064582042 145.40731054687492 0 233 2.8329 0.0 8.181805246746432 0.0 4.0 
959 3045874.6 84.67211784762677 75.85567064582042 145.40731054687492 0 233 2.8329 0.0 8.181805246746432 0.0 4.0 
960 3045907.9 84.69053643595967 75.85567064582042 145.40731054687492 0 233 2.8329 0.0 8.181805246746432 0.0 4.0 
961 3045941.2 84.69053643595967 75.8218379075463 145.40731054687492 0 233 2.8329 0.0 8.181805246746432 0.0 4.0 
962 3045974.6 84.69053643595967 75.8218379075463 145.40731054687492 0 233 2.8329 0.0 8.181805246746432 0.0 4.0 
963 3046007.9 84.69053643595967 75.8218379075463 145.40731054687492 0 233 2.8329 0.0 8.181805246746432 0.0 4.0 
964 3046041.2 84.69638722470614 75.8218379075463 145.40731054687492 0 233 2.8329 0.0 8.181805246746432 0.0 4.0 
965 3046074.6 84.69638722470614 75.78387427133009 145.40731054687492 0 233 2.8329 0.0 8.181805246746432 0.0 4.0 
966 3046107.9 84.69638722470614 75.78387427133009 145.40731054687492 0 233 2.8329 0.0 8.181805246746432 0.0 4.0 
967 3046141.3 84.69638722470614 75.78387427133009 145.40731054687492 0 233 2.8329 0.0 8.181805246746432 0.0 4.0 
968 3046174.6 84.69165123683437 75.78387427133009 145.40731054687492 0 233 2.8329 0.0 8.181805246746432 0.0 4.0 
969 3046207.9 84.69165123683437 75.7523822331543 145.40731054687492 0 233 2.8329 0.0 8.181805246746432 0.0 4.0 
970 3046241.3 84.69165123683437 75.7523822331543 145.40731054687492 0 233 2.8329 0.0 8.181805246746432 0.0 4.0 
971 3046274.6 84.69165123683437 75.7523822331543 145.40731054687492 0 233 2.8329 0.0 8.181805246746432 0.0 4.0 
972 3046307.9 84.66833225453476 75.7523822331543 145.40731054687492 0 233 2.8329 0.0 8.181805246746432 0.0 4.0 
973 3046341.3 84.66833225453476 75.72013961634467 145.40731054687492 0 233 2.8329 0.0 8.181805246746432 0.0 4.0 
974 3046374.6 84.66833225453476 75.72013961634467 145.40731054687492 0 233 2.8329 0.0 8.181805246746432 0.0 4.0 
975 3046407.9 84.66833225453476 75.72013961634467 145.40731054687492 0 233 2.8329 0.0 8.181805246746432 0.0 4.0 
976 3046441.3 84.6409508826037 75.72013961634467 145.40731054687492 0 233 2.8329 0.0 8.181805246746432 0.0 4.0 
977 3046474.6 84.6409508826037 75.69645501291157 145.40731054687492 0 233 2.8329 0.0 8.181805246746432 0.0 4.0 
978 3046507.9 84.6409508826037 75.69645501291157 145.40731054687492 0 233 2.8329 0.0 8.181805246746432 0.0 4.0 
979 3046541.3 84.6409508826037 75.69645501291157 145.40731054687492 0 233 2.8329 0.0 8.181805246746432 0.0 4.0 
980 3046574.6 84.61328866264509 75.69645501291157 145.40731054687492 0 233 2.8329 0.0 8.181805246746432 0.0 4.0 
981 3046608.0 84.61328866264509 75.68257971340768 145.40731054687492 0 233 2.8329 0.0 8.181805246746432 0.0 4.0 
982 3046641.3 84.61328866264509 75.68257971340768 145.40731054687492 0 233 2.8329 0.0 8.181805246746432 0.0 4.0 
983 3046674.6 84.61328866264509 75.68257971340768 145.40731054687492 0 233 2.8329 0.0 8.181805246746432 0.0 4.0 
984 3046708.0 84.57514985735341 75.68257971340768 145.40731054687492 0 233 2.8329 0.0 8.181805246746432 0.0 4.0 
985 3046741.3 84.57514985735341 75.67364869479081 145.40731054687492 0 233 2.8329 0.0 8.181805246746432 0.0 4.0 
986 3046774.6 84.57514985735341 75.67364869479081 145.40731054687492 0 233 2.8329 0.0 8.181805246746432 0.0 4.0 
987 3046808.0 84.57514985735341 75.67364869479081 145.40731054687492 0 233 2.8329 0.0 8.181805246746432 0.0 4.0 
988 3046841.3 84.5412629235474 75.67364869479081 145.40731054687492 0 233 2.8329 0.0 8.181805246746432 0.0 4.0 
989 3046874.6 84.5412629235474 75.66460876215623 145.40731054687492 0 233 2.8329 0.0 8.181805246746432 0.0 4.0 
990 3046908.0 84.5412629235474 75.66460876215623 145.40731054687492 0 233 2.8329 0.0 8.181805246746432 0.0 4.0 
991 3046941.3 84.5412629235474 75.66460876215623 145.40731054687492 0 233 2.8329 0.0 8.181805246746432 0.0 4.0 
992 3046974.7 84.50596919044983 75.66460876215623 145.40731054687492 0 233 2.8329 0.0 8.181805246746432 0.0 4.0 
993 3047008.0 84.50596919044983 75.65963502449372 145.40731054687492 0 233 2.8329 0.0 8.181805246746432 0.0 4.0 
994 3047041.3 84.50596919044983 75.65963502449372 145.40731054687492 0 233 2.8329 0.0 8.181805246746432 0.0 4.0 
995 3047074.7 84.50596919044983 75.65963502449372 145.40731054687492 0 233 2.8329 0.0 8.181805246746432 0.0 4.0 
996 3047108.0 84.47409485776238 75.65963502449372 145.40731054687492 0 233 2.8329 0.0 8.181805246746432 0.0 4.0 
997 3047141.3 84.47409485776238 75.64073362798014 145.40731054687492 0 233 2.8329 0.0 8.181805246746432 0.0 4.0 
998 3047174.7 84.47409485776238 75.64073362798014 145.40731054687492 0 233 2.8329 0.0 8.181805246746432 0.0 4.0 
999 3047208.0 84.47409485776238 75.64073362798014 145.40731054687492 0 233 2.8329 0.0 8.181805246746432 0.0 4.0 
1000 3047241.3 84.45036589986414 75.64073362798014 145.40731054687492 0 233 2.8329 0.0 8.181805246746432 0.0 4.0 
1001 3047274.7 84.45036589986414 75.61642176746922 145.40731054687492 0 233 2.8329 0.0 8.181805246746432 0.0 4.0 
1002 3047308.0 84.45036589986414 75.61642176746922 145.40731054687492 0 233 2.8329 0.0 8.181805246746432 0.0 4.0 
1003 3047341.3 84.45036589986414 75.61642176746922 145.40731054687492 0 233 2.8329 0.0 8.181805246746432 0.0 4.0 
1004 3047374.7 84.4394820112495 75.61642176746922 145.40731054687492 0 233 2.8329 0.0 8.181805246746432 0.0 4.0 
1005 3047408.0 84.4394820112495 75.57932334479348 145.40731054687492 0 233 2.8329 0.0 8.181805246746432 0.0 4.0 
1006 3047441.4 84.4394820112495 75.57932334479348 145.40731054687492 0 233 2.8329 0.0 8.181805246746432 0.0 4.0 
1007 3047474.7 84.4394820112495 75.57932334479348 145.40731054687492 0 233 2.8329 0.0 8.181805246746432 0.0 4.0 
1008 3047508.0 84.44897400511776 75.57932334479348 145.40731054687492 0 233 2.8329 0.0 8.181805246746432 0.0 4.0 
1009 3047541.4 84.44897400511776 75.53897697842424 145.40731054687492 0 233 2.8329 0.0 8.181805246746432 0.0 4.0 
1010 3047574.7 84.44897400511776 75.53897697842424 145.40731054687492 0 233 2.8329 0.0 8.181805246746432 0.0 4.0 
1011 3047608.0 84.44897400511776 75.53897697842424 145.40731054687492 0 233 2.8329 0.0 8.181805246746432 0.0 4.0 
1012 3047641.4 84.47605349534795 75.53897697842424 145.40731054687492 0 233 2.8329 0.0 8.181805246746432 0.0 4.0 
1013 3047674.7 84.47605349534795 75.50068272116773 145.40731054687492 0 233 2.8329 0.0 8.181805246746432 0.0 4.0 
1014 3047708.0 84.47605349534795 75.50068272116773 145.40731054687492 0 233 2.8329 0.0 8.181805246746432 0.0 4.0 
1015 3047741.4 84.47605349534795 75.50068272116773 145.40731054687492 0 233 2.8329 0.0 8.181805246746432 0.0 4.0 
1016 3047774.7 84.50420876231134 75.50068272116773 145.40731054687492 0 233 2.8329 0.0 8.181805246746432 0.0 4.0 
1017 3047808.1 84.50420876231134 75.4749863748096 145.40731054687492 0 233 2.8329 0.0 8.181805246746432 0.0 4.0 
1018 3047841.4 84.50420876231134 75.4749863748096 145.40731054687492 0 233 2.8329 0.0 8.181805246746432 0.0 4.0 
1019 3047874.7 84.50420876231134 75.4749863748096 145.40731054687492 0 233 2.8329 0.0 8.181805246746432 0.0 4.0 
1020 3047908.1 84.5361816510417 75.4749863748096 145.40731054687492 0 233 2.8329 0.0 8.181805246746432 0.0 4.0 
1021 3047941.4 84.5361816510417 75.45398548942481 145.40731054687492 0 233 2.8329 0.0 8.181805246746432 0.0 4.0 
1022 3047974.7 84.5361816510417 75.45398548942481 145.40731054687492 0 233 2.8329 0.0 8.181805246746432 0.0 4.0 
1023 3048008.1 84.5361816510417 75.45398548942481 145.40731054687492 0 233 2.8329 0.0 8.181805246746432 0.0 4.0 
1024 3048041.4 84.5698500539862 75.45398548942481 145.40731054687492 0 233 2.8329 0.0 8.181805246746432 0.0 4.0 
1025 3048074.7 84.5698500539862 75.4323618910456 145.40731054687492 0 233 2.8329 0.0 8.181805246746432 0.0 4.0 
1026 3048108.1 84.5698500539862 75.4323618910456 145.40731054687492 0 233 2.8329 0.0 8.181805246746432 0.0 4.0 
1027 3048141.4 84.5698500539862 75.4323618910456 145.40731054687492 0 233 2.8329 0.0 8.181805246746432 0.0 4.0 
1028 3048174.7 84.5902029994975 75.4323618910456 145.40731054687492 0 233 2.8329 0.0 8.181805246746432 0.0 4.0 
1029 3048208.1 84.5902029994975 75.40968265733528 145.40731054687492 0 233 2.8329 0.0 8.181805246746432 0.0 4.0 
1030 3048241.4 84.5902029994975 75.40968265733528 145.40731054687492 0 233 2.8329 0.0 8.181805246746432 0.0 4.0 
1031 3048274.8 84.5902029994975 75.40968265733528 145.40731054687492 0 233 2.8329 0.0 8.181805246746432 0.0 4.0 
1032 3048308.1 84.60702964218194 75.40968265733528 145.40731054687492 0 233 2.8329 0.0 8.181805246746432 0.0 4.0 
1033 3048341.4 84.60702964218194 75.38797928328299 145.40731054687492 0 233 2.8329 0.0 8.181805246746432 0.0 4.0 
1034 3048374.8 84.60702964218194 75.38797928328299 145.40731054687492 0 233 2.8329 0.0 8.181805246746432 0.0 4.0 
1035 3048408.1 84.60702964218194 75.38797928328299 145.40731054687492 0 233 2.8329 0.0 8.181805246746432 0.0 4.0 
1036 3048441.4 84.61929322429197 75.38797928328299 145.40731054687492 0 233 2.8329 0.0 8.181805246746432 0.0 4.0 
1037 3048474.8 84.61929322429197 75.36030896586252 145.40731054687492 0 233 2.8329 0.0 8.181805246746432 0.0 4.0 
1038 3048508.1 84.61929322429197 75.36030896586252 145.40731054687492 0 233 2.8329 0.0 8.181805246746432 0.0 4.0 
1039 3048541.4 84.61929322429197 75.36030896586252 145.40731054687492 0 233 2.8329 0.0 8.181805246746432 0.0 4.0 
1040 3048574.8 84.62321740185767 75.36030896586252 145.40731054687492 0 233 2.8329 0.0 8.181805246746432 0.0 4.0 
1041 3048608.1 84.62321740185767 75.33069497505429 145.40731054687492 0 233 2.8329 0.0 8.181805246746432 0.0 4.0 
1042 3048641.5 84.62321740185767 75.33069497505429 145.40731054687492 0 233 2.8329 0.0 8.181805246746432 0.0 4.0 
1043 3048674.8 84.62321740185767 75.33069497505429 145.40731054687492 0 233 2.8329 0.0 8.181805246746432 0.0 4.0 
1044 3048708.1 84.62105187095608 75.33069497505429 145.40731054687492 0 233 2.8329 0.0 8.181805246746432 0.0 4.0 
1045 3048741.5 84.62105187095608 75.30565662739782 145.40731054687492 0 233 2.8329 0.0 8.181805246746432 0.0 4.0 
1046 3048774.8 84.62105187095608 75.30565662739782 145.40731054687492 0 233 2.8329 0.0 8.181805246746432 0.0 4.0 
1047 3048808.1 84.62105187095608 75.30565662739782 145.40731054687492 0 233 2.8329 0.0 8.181805246746432 0.0 4.0 
1048 3048841.5 84.60972386746401 75.30565662739782 145.40731054687492 0 233 2.8329 0.0 8.181805246746432 0.0 4.0 
1049 3048874.8 84.60972386746401 75.28179525541094 145.40731054687492 0 233 2.8329 0.0 8.181805246746432 0.0 4.0 
1050 3048908.1 84.60972386746401 75.28179525541094 145.40731054687492 0 233 2.8329 0.0 8.181805246746432 0.0 4.0 
1051 3048941.5 84.60972386746401 75.28179525541094 145.40731054687492 0 233 2.8329 0.0 8.181805246746432 0.0 4.0 
1052 3048974.8 84.58733256089018 75.28179525541094 145.40731054687492 0 233 2.8329 0.0 8.181805246746432 0.0 4.0 
1053 3049008.1 84.58733256089018 75.25291916801282 145.40731054687492 0 233 2.8329 0.0 8.181805246746432 0.0 4.0 
1054 3049041.5 84.58733256089018 75.25291916801282 145.40731054687492 0 233 2.8329 0.0 8.181805246746432 0.0 4.0 
1055 3049074.8 84.58733256089018 75.25291916801282 145.40731054687492 0 233 2.8329 0.0 8.181805246746432 0.0 4.0 
1056 3049108.2 84.570811403747 75.25291916801282 145.40731054687492 0 233 2.8329 0.0 8.181805246746432 0.0 4.0 
1057 3049141.5 84.570811403747 75.23369256298041 145.40731054687492 0 233 2.8329 0.0 8.181805246746432 0.0 4.0 
1058 3049174.8 84.570811403747 75.23369256298041 145.40731054687492 0 233 2.8329 0.0 8.181805246746432 0.0 4.0 
1059 3049208.2 84.570811403747 75.23369256298041 145.40731054687492 0 233 2.8329 0.0 8.181805246746432 0.0 4.0 
1060 3049241.5 84.56071901131529 75.23369256298041 145.40731054687492 0 233 2.8329 0.0 8.181805246746432 0.0 4.0 
1061 3049274.8 84.56071901131529 75.21759408923897 145.40731054687492 0 233 2.8329 0.0 8.181805246746432 0.0 4.0 
1062 3049308.2 84.56071901131529 75.21759408923897 145.40731054687492 0 233 2.8329 0.0 8.181805246746432 0.0 4.0 
1063 3049341.5 84.56071901131529 75.21759408923897 145.40731054687492 0 233 2.8329 0.0 8.181805246746432 0.0 4.0 
1064 3049374.8 84.54835881458104 75.21759408923897 145.40731054687492 0 233 2.8329 0.0 8.181805246746432 0.0 4.0 
1065 3049408.2 84.54835881458104 75.20496398894255 145.40731054687492 0 233 2.8329 0.0 8.181805246746432 0.0 4.0 
1066 3049441.5 84.54835881458104 75.20496398894255 145.40731054687492 0 233 2.8329 0.0 8.181805246746432 0.0 4.0 
1067 3049474.9 84.54835881458104 75.20496398894255 145.40731054687492 0 233 2.8329 0.0 8.181805246746432 0.0 4.0 
1068 3049508.2 84.53343804782749 75.18605928337786 145.40731054687492 0 233 2.8329 0.0 8.181805246746432 0.0 4.0 
1069 3049541.5 84.53343804782749 75.18605928337786 145.40731054687492 0 233 2.8329 0.0 8.181805246746432 0.0 4.0 
1070 3049574.9 84.53343804782749 75.18605928337786 145.40731054687492 0 233 2.8329 0.0 8.181805246746432 0.0 4.0 
1071 3049608.2 84.53343804782749 75.18605928337786 145.40731054687492 0 233 2.8329 0.0 8.181805246746432 0.0 4.0 
1072 3049641.5 84.52016263909395 75.18605928337786 145.40731054687492 0 233 2.8329 0.0 8.181805246746432 0.0 4.0 
1073 3049674.9 84.52016263909395 75.17504865713398 145.40731054687492 0 233 2.8329 0.0 8.181805246746432 0.0 4.0 
1074 3049708.2 84.52016263909395 75.17504865713398 145.40731054687492 0 233 2.8329 0.0 8.181805246746432 0.0 4.0 
1075 3049741.5 84.52016263909395 75.17504865713398 145.40731054687492 0 233 2.8329 0.0 8.181805246746432 0.0 4.0 
1076 3049774.9 84.50665643114235 75.17504865713398 145.40731054687492 0 233 2.8329 0.0 8.181805246746432 0.0 4.0 
1077 3049808.2 84.50665643114235 75.16158690326269 145.40731054687492 0 233 2.8329 0.0 8.181805246746432 0.0 4.0 
1078 3049841.5 84.50665643114235 75.16158690326269 145.40731054687492 0 233 2.8329 0.0 8.181805246746432 0.0 4.0 
1079 3049874.9 84.50665643114235 75.16158690326269 145.40731054687492 0 233 2.8329 0.0 8.181805246746432 0.0 4.0 
1080 3049908.2 84.50665643114235 75.16158690326269 145.40731054687492 0 233 2.8329 0.0 8.181805246746432 0.0 4.0 
1081 3049941.6 84.49741457106069 75.13823888044757 145.40731054687492 0 233 2.8329 0.0 8.181805246746432 0.0 4.0 
1082 3049974.9 84.49741457106069 75.13823888044757 145.40731054687492 0 233 2.8329 0.0 8.181805246746432 0.0 4.0 
1083 3050008.2 84.49741457106069 75.13823888044757 145.40731054687492 0 233 2.8329 0.0 8.181805246746432 0.0 4.0 
1084 3050041.6 84.50063725247584 75.13823888044757 145.40731054687492 0 233 2.8329 0.0 8.181805246746432 0.0 4.0 
1085 3050074.9 84.50063725247584 75.11321661621115 145.40731054687492 0 233 2.8329 0.0 8.181805246746432 0.0 4.0 
1086 3050108.2 84.50063725247584 75.11321661621115 145.40731054687492 0 233 2.8329 0.0 8.181805246746432 0.0 4.0 
1087 3050141.6 84.50063725247584 75.11321661621115 145.40731054687492 0 233 2.8329 0.0 8.181805246746432 0.0 4.0 
1088 3050174.9 84.51872903735423 75.11321661621115 145.40731054687492 0 233 2.8329 0.0 8.181805246746432 0.0 4.0 
1089 3050208.2 84.51872903735423 75.08428478400488 145.40731054687492 0 233 2.8329 0.0 8.181805246746432 0.0 4.0 
1090 3050241.6 84.51872903735423 75.08428478400488 145.40731054687492 0 233 2.8329 0.0 8.181805246746432 0.0 4.0 
1091 3050274.9 84.51872903735423 75.08428478400488 145.40731054687492 0 233 2.8329 0.0 8.181805246746432 0.0 4.0 
1092 3050308.3 84.53691068178378 75.08428478400488 145.40731054687492 0 233 2.8329 0.0 8.181805246746432 0.0 4.0 
1093 3050341.6 84.53691068178378 75.06819230672299 145.40731054687492 0 233 2.8329 0.0 8.181805246746432 0.0 4.0 
1094 3050374.9 84.53691068178378 75.06819230672299 145.40731054687492 0 233 2.8329 0.0 8.181805246746432 0.0 4.0 
1095 3050408.3 84.53691068178378 75.06819230672299 145.40731054687492 0 233 2.8329 0.0 8.181805246746432 0.0 4.0 
1096 3050441.6 84.5639890063465 75.06819230672299 145.40731054687492 0 233 2.8329 0.0 8.181805246746432 0.0 4.0 
1097 3050474.9 84.5639890063465 75.04777304151483 145.40731054687492 0 233 2.8329 0.0 8.181805246746432 0.0 4.0 
1098 3050508.3 84.5639890063465 75.04777304151483 145.40731054687492 0 233 2.8329 0.0 8.181805246746432 0.0 4.0 
1099 3050541.6 84.5639890063465 75.04777304151483 145.40731054687492 0 233 2.8329 0.0 8.181805246746432 0.0 4.0 
1100 3050574.9 84.58153890578248 75.04777304151483 145.40731054687492 0 233 2.8329 0.0 8.181805246746432 0.0 4.0 
1101 3050608.3 84.58153890578248 75.03622310712831 145.40731054687492 0 233 2.8329 0.0 8.181805246746432 0.0 4.0 
1102 3050641.6 84.58153890578248 75.03622310712831 145.40731054687492 0 233 2.8329 0.0 8.181805246746432 0.0 4.0 
1103 3050674.9 84.58153890578248 75.03622310712831 145.40731054687492 0 233 2.8329 0.0 8.181805246746432 0.0 4.0 
1104 3050708.3 84.58153890578248 75.03622310712831 145.40731054687492 0 233 2.8329 0.0 8.181805246746432 0.0 4.0 
1105 3050741.6 84.60686149302613 75.0228669075112 145.40731054687492 0 233 2.8329 0.0 8.181805246746432 0.0 4.0 
1106 3050775.0 84.60686149302613 75.0228669075112 145.40731054687492 0 233 2.8329 0.0 8.181805246746432 0.0 4.0 
1107 3050808.3 84.60686149302613 75.0228669075112 145.40731054687492 0 233 2.8329 0.0 8.181805246746432 0.0 4.0 
1108 3050841.6 84.63440511130867 75.0228669075112 145.40731054687492 0 233 2.8329 0.0 8.181805246746432 0.0 4.0 
1109 3050875.0 84.63440511130867 75.01326976920285 145.40731054687492 0 233 2.8329 0.0 8.181805246746432 0.0 4.0 
1110 3050908.3 84.63440511130867 75.01326976920285 145.40731054687492 0 233 2.8329 0.0 8.181805246746432 0.0 4.0 
1111 3050941.6 84.63440511130867 75.01326976920285 145.40731054687492 0 233 2.8329 0.0 8.181805246746432 0.0 4.0 
1112 3050975.0 84.64784893418097 75.01326976920285 145.40731054687492 0 233 2.8329 0.0 8.181805246746432 0.0 4.0 
1113 3051008.3 84.64784893418097 75.00354268929922 145.40731054687492 0 233 2.8329 0.0 8.181805246746432 0.0 4.0 
1114 3051041.6 84.64784893418097 75.00354268929922 145.40731054687492 0 233 2.8329 0.0 8.181805246746432 0.0 4.0 
1115 3051075.0 84.64784893418097 75.00354268929922 145.40731054687492 0 233 2.8329 0.0 8.181805246746432 0.0 4.0 
1116 3051108.3 84.65899140787978 75.00354268929922 145.40731054687492 0 233 2.8329 0.0 8.181805246746432 0.0 4.0 
1117 3051141.7 84.65899140787978 74.999712632866 145.40731054687492 0 233 2.8329 0.0 8.181805246746432 0.0 4.0 
1118 3051175.0 84.65899140787978 74.999712632866 145.40731054687492 0 233 2.8329 0.0 8.181805246746432 0.0 4.0 
1119 3051208.3 84.65899140787978 74.999712632866 145.40731054687492 0 233 2.8329 0.0 8.181805246746432 0.0 4.0 
1120 3051241.7 84.67527979849936 74.999712632866 145.40731054687492 0 233 2.8329 0.0 8.181805246746432 0.0 4.0 
1121 3051275.0 84.67527979849936 74.99324195538144 145.40731054687492 0 233 2.8329 0.0 8.181805246746432 0.0 4.0 
1122 3051308.3 84.67527979849936 74.99324195538144 145.40731054687492 0 233 2.8329 0.0 8.181805246746432 0.0 4.0 
1123 3051341.7 84.67527979849936 74.99324195538144 145.40731054687492 0 233 2.8329 0.0 8.181805246746432 0.0 4.0 
1124 3051375.0 84.69204839424305 74.99324195538144 145.40731054687492 0 233 2.8329 0.0 8.181805246746432 0.0 4.0 
1125 3051408.3 84.69204839424305 74.99464803260904 145.40731054687492 0 233 2.8329 0.0 8.181805246746432 0.0 4.0 
1126 3051441.7 84.69204839424305 74.99464803260904 145.40731054687492 0 233 2.8329 0.0 8.181805246746432 0.0 4.0 
1127 3051475.0 84.69204839424305 74.99464803260904 145.40731054687492 0 233 2.8329 0.0 8.181805246746432 0.0 4.0 
1128 3051508.3 84.70898220006971 74.99464803260904 145.40731054687492 0 233 2.8329 0.0 8.181805246746432 0.0 4.0 
1129 3051541.7 84.70898220006971 74.99129783888391 145.40731054687492 0 233 2.8329 0.0 8.181805246746432 0.0 4.0 
1130 3051575.0 84.70898220006971 74.99129783888391 145.40731054687492 0 233 2.8329 0.0 8.181805246746432 0.0 4.0 
1131 3051608.4 84.70898220006971 74.99129783888391 145.40731054687492 0 233 2.8329 0.0 8.181805246746432 0.0 4.0 
1132 3051641.7 84.716985600938 74.99129783888391 145.40731054687492 0 233 2.8329 0.0 8.181805246746432 0.0 4.0 
1133 3051675.0 84.716985600938 74.97302900672675 145.40731054687492 0 233 2.8329 0.0 8.181805246746432 0.0 4.0 
1134 3051708.4 84.716985600938 74.97302900672675 145.40731054687492 0 233 2.8329 0.0 8.181805246746432 0.0 4.0 
1135 3051741.7 84.716985600938 74.97302900672675 145.40731054687492 0 233 2.8329 0.0 8.181805246746432 0.0 4.0 
1136 3051775.0 84.7232077020563 74.97302900672675 145.40731054687492 0 233 2.8329 0.0 8.181805246746432 0.0 4.0 
1137 3051808.4 84.7232077020563 74.95492822949076 145.40731054687492 0 233 2.8329 0.0 8.181805246746432 0.0 4.0 
1138 3051841.7 84.7232077020563 74.95492822949076 145.40731054687492 0 233 2.8329 0.0 8.181805246746432 0.0 4.0 
1139 3051875.0 84.7232077020563 74.95492822949076 145.40731054687492 0 233 2.8329 0.0 8.181805246746432 0.0 4.0 
1140 3051908.4 84.72628213971818 74.95492822949076 145.40731054687492 0 233 2.8329 0.0 8.181805246746432 0.0 4.0 
1141 3051941.7 84.72628213971818 74.93329296084623 145.40731054687492 0 233 2.8329 0.0 8.181805246746432 0.0 4.0 
1142 3051975.1 84.72628213971818 74.93329296084623 145.40731054687492 0 233 2.8329 0.0 8.181805246746432 0.0 4.0 
1143 3052008.4 84.72628213971818 74.93329296084623 145.40731054687492 0 233 2.8329 0.0 8.181805246746432 0.0 4.0 
1144 3052041.7 84.72628213971818 74.90783566333398 145.40731054687492 0 233 2.8329 0.0 8.181805246746432 0.0 4.0 
1145 3052075.1 84.72628213971818 74.90783566333398 145.40731054687492 0 233 2.8329 0.0 8.181805246746432 0.0 4.0 
1146 3052108.4 84.72628213971818 74.90783566333398 145.40731054687492 0 233 2.8329 0.0 8.181805246746432 0.0 4.0 
1147 3052141.7 84.72628213971818 74.90783566333398 145.40731054687492 0 233 2.8329 0.0 8.181805246746432 0.0 4.0 
1148 3052175.1 84.72152247875171 74.90783566333398 145.40731054687492 0 233 2.8329 0.0 8.181805246746432 0.0 4.0 
1149 3052208.4 84.72152247875171 74.88650691646131 145.40731054687492 0 233 2.8329 0.0 8.181805246746432 0.0 4.0 
1150 3052241.7 84.72152247875171 74.88650691646131 145.40731054687492 0 233 2.8329 0.0 8.181805246746432 0.0 4.0 
1151 3052275.1 84.72152247875171 74.88650691646131 145.40731054687492 0 233 2.8329 0.0 8.181805246746432 0.0 4.0 
1152 3052308.4 84.70799457200467 74.88650691646131 145.40731054687492 0 233 2.8329 0.0 8.181805246746432 0.0 4.0 
1153 3052341.7 84.70799457200467 74.86717250688802 145.40731054687492 0 233 2.8329 0.0 8.181805246746432 0.0 4.0 
1154 3052375.1 84.70799457200467 74.86717250688802 145.40731054687492 0 233 2.8329 0.0 8.181805246746432 0.0 4.0 
1155 3052408.4 84.70799457200467 74.86717250688802 145.40731054687492 0 233 2.8329 0.0 8.181805246746432 0.0 4.0 
1156 3052441.8 84.70366743424053 74.86717250688802 145.40731054687492 0 233 2.8329 0.0 8.181805246746432 0.0 4.0 
1157 3052475.1 84.70366743424053 74.84846632761689 145.40731054687492 0 233 2.8329 0.0 8.181805246746432 0.0 4.0 
1158 3052508.4 84.70366743424053 74.84846632761689 145.40731054687492 0 233 2.8329 0.0 8.181805246746432 0.0 4.0 
1159 3052541.8 84.70366743424053 74.84846632761689 145.40731054687492 0 233 2.8329 0.0 8.181805246746432 0.0 4.0 
1160 3052575.1 84.70366743424053 74.83691726258975 145.40731054687492 0 233 2.8329 0.0 8.181805246746432 0.0 4.0 
1161 3052608.4 84.70366743424053 74.83691726258975 145.40731054687492 0 233 2.8329 0.0 8.181805246746432 0.0 4.0 
1162 3052641.8 84.70366743424053 74.83691726258975 145.40731054687492 0 233 2.8329 0.0 8.181805246746432 0.0 4.0 
1163 3052675.1 84.70366743424053 74.83691726258975 145.40731054687492 0 233 2.8329 0.0 8.181805246746432 0.0 4.0 
1164 3052708.4 84.70240717644242 74.8249287705657 145.40731054687492 0 233 2.8329 0.0 8.181805246746432 0.0 4.0 
1165 3052741.8 84.70240717644242 74.8249287705657 145.40731054687492 0 233 2.8329 0.0 8.181805246746432 0.0 4.0 
1166 3052775.1 84.70240717644242 74.8249287705657 145.40731054687492 0 233 2.8329 0.0 8.181805246746432 0.0 4.0 
1167 3052808.5 84.70400391323255 74.8249287705657 145.40731054687492 0 233 2.8329 0.0 8.181805246746432 0.0 4.0 
1168 3052841.8 84.70400391323255 74.81291249962679 145.40731054687492 0 233 2.8329 0.0 8.181805246746432 0.0 4.0 
1169 3052875.1 84.70400391323255 74.81291249962679 145.40731054687492 0 233 2.8329 0.0 8.181805246746432 0.0 4.0 
1170 3052908.5 84.70400391323255 74.81291249962679 145.40731054687492 0 233 2.8329 0.0 8.181805246746432 0.0 4.0 
1171 3052941.8 84.70722845206397 74.81291249962679 145.40731054687492 0 233 2.8329 0.0 8.181805246746432 0.0 4.0 
1172 3052975.1 84.70722845206397 74.80526294173484 145.40731054687492 0 233 2.8329 0.0 8.181805246746432 0.0 4.0 
1173 3053008.5 84.70722845206397 74.80526294173484 145.40731054687492 0 233 2.8329 0.0 8.181805246746432 0.0 4.0 
1174 3053041.8 84.70986899880609 74.80526294173484 145.40731054687492 0 233 2.8329 0.0 8.181805246746432 0.0 4.0 
1175 3053075.1 84.70986899880609 74.7984203117806 145.40731054687492 0 233 2.8329 0.0 8.181805246746432 0.0 4.0 
1176 3053108.5 84.70986899880609 74.7984203117806 145.40731054687492 0 233 2.8329 0.0 8.181805246746432 0.0 4.0 
1177 3053141.8 84.71566225239555 74.7984203117806 145.40731054687492 0 233 2.8329 0.0 8.181805246746432 0.0 4.0 
1178 3053175.1 84.71566225239555 74.78480502016829 145.40731054687492 0 233 2.8329 0.0 8.181805246746432 0.0 4.0 
1179 3053208.5 84.71566225239555 74.78480502016829 145.40731054687492 0 233 2.8329 0.0 8.181805246746432 0.0 4.0 
1180 3053241.8 84.71566225239555 74.78480502016829 145.40731054687492 0 233 2.8329 0.0 8.181805246746432 0.0 4.0 
1181 3053275.2 84.72411519622398 74.78480502016829 145.40731054687492 0 233 2.8329 0.0 8.181805246746432 0.0 4.0 
1182 3053308.5 84.72411519622398 74.7701098170537 145.40731054687492 0 233 2.8329 0.0 8.181805246746432 0.0 4.0 
1183 3053341.8 84.72411519622398 74.7701098170537 145.40731054687492 0 233 2.8329 0.0 8.181805246746432 0.0 4.0 
1184 3053375.2 84.72411519622398 74.7701098170537 145.40731054687492 0 233 2.8329 0.0 8.181805246746432 0.0 4.0 
1185 3053408.5 84.73481127965266 74.7701098170537 145.40731054687492 0 233 2.8329 0.0 8.181805246746432 0.0 4.0 
1186 3053441.8 84.73481127965266 74.76095516056085 145.40731054687492 0 233 2.8329 0.0 8.181805246746432 0.0 4.0 
1187 3053475.2 84.73481127965266 74.76095516056085 145.40731054687492 0 233 2.8329 0.0 8.181805246746432 0.0 4.0 
1188 3053508.5 84.75076421622842 74.76095516056085 145.40731054687492 0 233 2.8329 0.0 8.181805246746432 0.0 4.0 
1189 3053541.8 84.75076421622842 74.75321139170116 145.40731054687492 0 233 2.8329 0.0 8.181805246746432 0.0 4.0 
1190 3053575.2 84.75076421622842 74.75321139170116 145.40731054687492 0 233 2.8329 0.0 8.181805246746432 0.0 4.0 
1191 3053608.5 84.75076421622842 74.75321139170116 145.40731054687492 0 233 2.8329 0.0 8.181805246746432 0.0 4.0 
1192 3053641.9 84.76766950828976 74.75321139170116 145.40731054687492 0 233 2.8329 0.0 8.181805246746432 0.0 4.0 
1193 3053675.2 84.76766950828976 74.74585237923621 145.40731054687492 0 233 2.8329 0.0 8.181805246746432 0.0 4.0 
1194 3053708.5 84.76766950828976 74.74585237923621 145.40731054687492 0 233 2.8329 0.0 8.181805246746432 0.0 4.0 
1195 3053741.9 84.76766950828976 74.74585237923621 145.40731054687492 0 233 2.8329 0.0 8.181805246746432 0.0 4.0 
1196 3053775.2 84.78594873351602 74.74585237923621 145.40731054687492 0 233 2.8329 0.0 8.181805246746432 0.0 4.0 
1197 3053808.5 84.78594873351602 74.7417244806994 145.40731054687492 0 233 2.8329 0.0 8.181805246746432 0.0 4.0 
1198 3053841.9 84.78594873351602 74.7417244806994 145.40731054687492 0 233 2.8329 0.0 8.181805246746432 0.0 4.0 
1199 3053875.2 84.78594873351602 74.7417244806994 145.40731054687492 0 233 2.8329 0.0 8.181805246746432 0.0 4.0 
1200 3053908.5 84.80813262654219 74.7417244806994 145.40731054687492 0 233 2.8329 0.0 8.181805246746432 0.0 4.0 
1201 3053941.9 84.80813262654219 74.74401507115049 145.40731054687492 0 233 2.8329 0.0 8.181805246746432 0.0 4.0 
1202 3053975.2 84.80813262654219 74.74401507115049 145.40731054687492 0 233 2.8329 0.0 8.181805246746432 0.0 4.0 
1203 3054008.5 84.80813262654219 74.74401507115049 145.40731054687492 0 233 2.8329 0.0 8.181805246746432 0.0 4.0 
1204 3054041.9 84.83463820250903 74.74401507115049 145.40731054687492 0 233 2.8329 0.0 8.181805246746432 0.0 4.0 
1205 3054075.2 84.83463820250903 74.74945340147315 145.40731054687492 0 233 2.8329 0.0 8.181805246746432 0.0 4.0 
1206 3054108.6 84.83463820250903 74.74945340147315 145.40731054687492 0 233 2.8329 0.0 8.181805246746432 0.0 4.0 
1207 3054141.9 84.83463820250903 74.74945340147315 145.40731054687492 0 233 2.8329 0.0 8.181805246746432 0.0 4.0 
1208 3054175.2 84.85265808871321 74.74945340147315 145.40731054687492 0 233 2.8329 0.0 8.181805246746432 0.0 4.0 
1209 3054208.6 84.85265808871321 74.74945340147315 145.40731054687492 0 233 2.8329 0.0 8.181805246746432 0.0 4.0 
1210 3054241.9 84.85265808871321 74.74945340147315 145.40731054687492 0 233 2.8329 0.0 8.181805246746432 0.0 4.0 
1211 3054275.2 84.86850630965856 74.74945340147315 145.40731054687492 0 233 2.8329 0.0 8.181805246746432 0.0 4.0 
1212 3054308.6 84.86850630965856 74.74452369790558 145.40731054687492 0 233 2.8329 0.0 8.181805246746432 0.0 4.0 
1213 3054341.9 84.86850630965856 74.74452369790558 145.40731054687492 0 233 2.8329 0.0 8.181805246746432 0.0 4.0 
1214 3054375.2 84.86850630965856 74.74452369790558 145.40731054687492 0 233 2.8329 0.0 8.181805246746432 0.0 4.0 
1215 3054408.6 84.87994721223106 74.74452369790558 145.40731054687492 0 233 2.8329 0.0 8.181805246746432 0.0 4.0 
1216 3054441.9 84.87994721223106 74.73157066753481 145.40731054687492 0 233 2.8329 0.0 8.181805246746432 0.0 4.0 
1217 3054475.3 84.87994721223106 74.73157066753481 145.40731054687492 0 233 2.8329 0.0 8.181805246746432 0.0 4.0 
1218 3054508.6 84.87994721223106 74.73157066753481 145.40731054687492 0 233 2.8329 0.0 8.181805246746432 0.0 4.0 
1219 3054541.9 84.88982608824173 74.73157066753481 145.40731054687492 0 233 2.8329 0.0 8.181805246746432 0.0 4.0 
1220 3054575.3 84.88982608824173 74.71823755868138 145.40731054687492 0 233 2.8329 0.0 8.181805246746432 0.0 4.0 
1221 3054608.6 84.88982608824173 74.71823755868138 145.40731054687492 0 233 2.8329 0.0 8.181805246746432 0.0 4.0 
1222 3054641.9 84.88982608824173 74.71823755868138 145.40731054687492 0 233 2.8329 0.0 8.181805246746432 0.0 4.0 
1223 3054675.3 84.89755134275194 74.71823755868138 145.40731054687492 0 233 2.8329 0.0 8.181805246746432 0.0 4.0 
1224 3054708.6 84.89755134275194 74.701888118427 145.40731054687492 0 233 2.8329 0.0 8.181805246746432 0.0 4.0 
1225 3054741.9 84.89755134275194 74.701888118427 145.40731054687492 0 233 2.8329 0.0 8.181805246746432 0.0 4.0 
1226 3054775.3 84.89755134275194 74.701888118427 145.40731054687492 0 233 2.8329 0.0 8.181805246746432 0.0 4.0 
1227 3054808.6 84.90346730547849 74.701888118427 145.40731054687492 0 233 2.8329 0.0 8.181805246746432 0.0 4.0 
1228 3054841.9 84.90346730547849 74.68705891719065 145.40731054687492 0 233 2.8329 0.0 8.181805246746432 0.0 4.0 
1229 3054875.3 84.90346730547849 74.68705891719065 145.40731054687492 0 233 2.8329 0.0 8.181805246746432 0.0 4.0 
1230 3054908.6 84.90346730547849 74.68705891719065 145.40731054687492 0 233 2.8329 0.0 8.181805246746432 0.0 4.0 
1231 3054942.0 84.90346730547849 74.67240827639904 145.40731054687492 0 233 2.8329 0.0 8.181805246746432 0.0 4.0 
1232 3054975.3 84.90346730547849 74.67240827639904 145.40731054687492 0 233 2.8329 0.0 8.181805246746432 0.0 4.0 
1233 3055008.6 84.90346730547849 74.67240827639904 145.40731054687492 0 233 2.8329 0.0 8.181805246746432 0.0 4.0 
1234 3055042.0 84.90244092137935 74.65721067277109 145.40731054687492 0 233 2.8329 0.0 8.181805246746432 0.0 4.0 
1235 3055075.3 84.90244092137935 74.65721067277109 145.40731054687492 0 233 2.8329 0.0 8.181805246746432 0.0 4.0 
1236 3055108.6 84.90244092137935 74.65721067277109 145.40731054687492 0 233 2.8329 0.0 8.181805246746432 0.0 4.0 
1237 3055142.0 84.90244092137935 74.65721067277109 145.40731054687492 0 233 2.8329 0.0 8.181805246746432 0.0 4.0 
1238 3055175.3 84.89862093619728 74.65721067277109 145.40731054687492 0 233 2.8329 0.0 8.181805246746432 0.0 4.0 
1239 3055208.6 84.89862093619728 74.6366799355353 145.40731054687492 0 233 2.8329 0.0 8.181805246746432 0.0 4.0 
1240 3055242.0 84.89862093619728 74.6366799355353 145.40731054687492 0 233 2.8329 0.0 8.181805246746432 0.0 4.0 
1241 3055275.3 84.89862093619728 74.6366799355353 145.40731054687492 0 233 2.8329 0.0 8.181805246746432 0.0 4.0 
1242 3055308.7 84.89999369598196 74.6366799355353 145.40731054687492 0 233 2.8329 0.0 8.181805246746432 0.0 4.0 
1243 3055342.0 84.89999369598196 74.62486072716455 145.40731054687492 0 233 2.8329 0.0 8.181805246746432 0.0 4.0 
1244 3055375.3 84.89999369598196 74.62486072716455 145.40731054687492 0 233 2.8329 0.0 8.181805246746432 0.0 4.0 
1245 3055408.7 84.89999369598196 74.62486072716455 145.40731054687492 0 233 2.8329 0.0 8.181805246746432 0.0 4.0 
1246 3055442.0 84.89999369598196 74.63170176283185 145.40731054687492 0 233 2.8329 0.0 8.181805246746432 0.0 4.0 
1247 3055475.3 84.89999369598196 74.63170176283185 145.40731054687492 0 233 2.8329 0.0 8.181805246746432 0.0 4.0 
1248 3055508.7 84.89999369598196 74.63170176283185 145.40731054687492 0 233 2.8329 0.0 8.181805246746432 0.0 4.0 
1249 3055542.0 84.90869528685292 74.63170176283185 145.40731054687492 0 233 2.8329 0.0 8.181805246746432 0.0 4.0 
1250 3055575.3 84.90869528685292 74.6616977974333 145.40731054687492 0 233 2.8329 0.0 8.181805246746432 0.0 4.0 
1251 3055608.7 84.90869528685292 74.6616977974333 145.40731054687492 0 233 2.8329 0.0 8.181805246746432 0.0 4.0 
1252 3055642.0 84.90869528685292 74.6616977974333 145.40731054687492 0 233 2.8329 0.0 8.181805246746432 0.0 4.0 
1253 3055675.3 84.91786510868916 74.6616977974333 145.40731054687492 0 233 2.8329 0.0 8.181805246746432 0.0 4.0 
1254 3055708.7 84.91786510868916 74.69219191230994 145.40731054687492 0 233 2.8329 0.0 8.181805246746432 0.0 4.0 
1255 3055742.0 84.91786510868916 74.69219191230994 145.40731054687492 0 233 2.8329 0.0 8.181805246746432 0.0 4.0 
1256 3055775.4 84.91786510868916 74.69219191230994 145.40731054687492 0 233 2.8329 0.0 8.181805246746432 0.0 4.0 
1257 3055808.7 84.92029849239482 74.69219191230994 145.40731054687492 0 233 2.8329 0.0 8.181805246746432 0.0 4.0 
1258 3055842.0 84.92029849239482 74.71361924539221 145.40731054687492 0 233 2.8329 0.0 8.181805246746432 0.0 4.0 
1259 3055875.4 84.92029849239482 74.71361924539221 145.40731054687492 0 233 2.8329 0.0 8.181805246746432 0.0 4.0 
1260 3055908.7 84.92029849239482 74.71361924539221 145.40731054687492 0 233 2.8329 0.0 8.181805246746432 0.0 4.0 
1261 3055942.0 84.90485787395028 74.71361924539221 145.40731054687492 0 233 2.8329 0.0 8.181805246746432 0.0 4.0 
1262 3055975.4 84.90485787395028 74.7306069558987 145.40731054687492 0 233 2.8329 0.0 8.181805246746432 0.0 4.0 
1263 3056008.7 84.90485787395028 74.7306069558987 145.40731054687492 0 233 2.8329 0.0 8.181805246746432 0.0 4.0 
1264 3056042.0 84.90485787395028 74.7306069558987 145.40731054687492 0 233 2.8329 0.0 8.181805246746432 0.0 4.0 
1265 3056075.4 84.87644970282805 74.7306069558987 145.40731054687492 0 233 2.8329 0.0 8.181805246746432 0.0 4.0 
1266 3056108.7 84.87644970282805 74.74151305039203 145.40731054687492 0 233 2.8329 0.0 8.181805246746432 0.0 4.0 
1267 3056142.1 84.87644970282805 74.74151305039203 145.40731054687492 0 233 2.8329 0.0 8.181805246746432 0.0 4.0 
1268 3056175.4 84.87644970282805 74.74151305039203 145.40731054687492 0 233 2.8329 0.0 8.181805246746432 0.0 4.0 
1269 3056208.7 84.87644970282805 74.74151305039203 145.40731054687492 0 233 2.8329 0.0 8.181805246746432 0.0 4.0 
1270 3056242.1 84.84512943210406 74.74151305039203 145.40731054687492 0 233 2.8329 0.0 8.181805246746432 0.0 4.0 
1271 3056275.4 84.84512943210406 74.74151305039203 145.40731054687492 0 233 2.8329 0.0 8.181805246746432 0.0 4.0 
1272 3056308.7 84.84512943210406 74.74151305039203 145.40731054687492 0 233 2.8329 0.0 8.181805246746432 0.0 4.0 
1273 3056342.1 84.80221051892853 74.74151305039203 145.40731054687492 0 233 2.8329 0.0 8.181805246746432 0.0 4.0 
1274 3056375.4 84.80221051892853 74.73116921730755 145.40731054687492 0 233 2.8329 0.0 8.181805246746432 0.0 4.0 
1275 3056408.7 84.80221051892853 74.73116921730755 145.40731054687492 0 233 2.8329 0.0 8.181805246746432 0.0 4.0 
1276 3056442.1 84.80221051892853 74.73116921730755 145.40731054687492 0 233 2.8329 0.0 8.181805246746432 0.0 4.0 
1277 3056475.4 84.7742164289873 74.73116921730755 145.40731054687492 0 233 2.8329 0.0 8.181805246746432 0.0 4.0 
1278 3056508.7 84.7742164289873 74.72358810622487 145.40731054687492 0 233 2.8329 0.0 8.181805246746432 0.0 4.0 
1279 3056542.1 84.7742164289873 74.72358810622487 145.40731054687492 0 233 2.8329 0.0 8.181805246746432 0.0 4.0 
1280 3056575.4 84.7742164289873 74.72358810622487 145.40731054687492 0 233 2.8329 0.0 8.181805246746432 0.0 4.0 
1281 3056608.8 84.7742164289873 74.72358810622487 145.40731054687492 0 233 2.8329 0.0 8.181805246746432 0.0 4.0 
1282 3056642.1 84.73682423609309 74.73446733305467 145.40731054687492 0 233 2.8329 0.0 8.181805246746432 0.0 4.0 
1283 3056675.4 84.73682423609309 74.73446733305467 145.40731054687492 0 233 2.8329 0.0 8.181805246746432 0.0 4.0 
1284 3056708.8 84.73682423609309 74.73446733305467 145.40731054687492 0 233 2.8329 0.0 8.181805246746432 0.0 4.0 
1285 3056742.1 84.71495132179527 74.73446733305467 145.40731054687492 0 233 2.8329 0.0 8.181805246746432 0.0 4.0 
1286 3056775.4 84.71495132179527 74.74828063696478 145.40731054687492 0 233 2.8329 0.0 8.181805246746432 0.0 4.0 
1287 3056808.8 84.71495132179527 74.74828063696478 145.40731054687492 0 233 2.8329 0.0 8.181805246746432 0.0 4.0 
1288 3056842.1 84.71495132179527 74.74828063696478 145.40731054687492 0 233 2.8329 0.0 8.181805246746432 0.0 4.0 
1289 3056875.4 84.7002609960167 74.74828063696478 145.40731054687492 0 233 2.8329 0.0 8.181805246746432 0.0 4.0 
1290 3056908.8 84.7002609960167 74.74965082840964 145.40731054687492 0 233 2.8329 0.0 8.181805246746432 0.0 4.0 
1291 3056942.1 84.7002609960167 74.74965082840964 145.40731054687492 0 233 2.8329 0.0 8.181805246746432 0.0 4.0 
1292 3056975.5 84.7002609960167 74.74965082840964 145.40731054687492 0 233 2.8329 0.0 8.181805246746432 0.0 4.0 
1293 3057008.8 84.69201446370442 74.73677466500114 145.40731054687492 0 233 2.8329 0.0 8.181805246746432 0.0 4.0 
1294 3057042.1 84.69201446370442 74.73677466500114 145.40731054687492 0 233 2.8329 0.0 8.181805246746432 0.0 4.0 
1295 3057075.5 84.69201446370442 74.73677466500114 145.40731054687492 0 233 2.8329 0.0 8.181805246746432 0.0 4.0 
1296 3057108.8 84.6866636094035 74.73677466500114 145.40731054687492 0 233 2.8329 0.0 8.181805246746432 0.0 4.0 
1297 3057142.1 84.6866636094035 74.73533105009756 145.40731054687492 0 233 2.8329 0.0 8.181805246746432 0.0 4.0 
1298 3057175.5 84.6866636094035 74.73533105009756 145.40731054687492 0 233 2.8329 0.0 8.181805246746432 0.0 4.0 
1299 3057208.8 84.68071506525402 74.73533105009756 145.40731054687492 0 233 2.8329 0.0 8.181805246746432 0.0 4.0 
1300 3057242.1 84.68071506525402 74.75745530063259 145.40731054687492 0 233 2.8329 0.0 8.181805246746432 0.0 4.0 
1301 3057275.5 84.68071506525402 74.75745530063259 145.40731054687492 0 233 2.8329 0.0 8.181805246746432 0.0 4.0 
1302 3057308.8 84.68071506525402 74.75745530063259 145.40731054687492 0 233 2.8329 0.0 8.181805246746432 0.0 4.0 
1303 3057342.1 84.68071506525402 74.79128209785993 145.40731054687492 0 233 2.8329 0.0 8.181805246746432 0.0 4.0 
1304 3057375.5 84.68071506525402 74.79128209785993 145.40731054687492 0 233 2.8329 0.0 8.181805246746432 0.0 4.0 
1305 3057408.8 84.68071506525402 74.79128209785993 145.40731054687492 0 233 2.8329 0.0 8.181805246746432 0.0 4.0 
1306 3057442.2 84.68071506525402 74.79128209785993 145.40731054687492 0 233 2.8329 0.0 8.181805246746432 0.0 4.0 
1307 3057475.5 84.68357997309873 74.79128209785993 145.40731054687492 0 233 2.8329 0.0 8.181805246746432 0.0 4.0 
1308 3057508.8 84.68357997309873 74.81260862217954 145.40731054687492 0 233 2.8329 0.0 8.181805246746432 0.0 4.0 
1309 3057542.2 84.68357997309873 74.81260862217954 145.40731054687492 0 233 2.8329 0.0 8.181805246746432 0.0 4.0 
1310 3057575.5 84.68357997309873 74.81260862217954 145.40731054687492 0 233 2.8329 0.0 8.181805246746432 0.0 4.0 
1311 3057608.8 84.69566517895561 74.81260862217954 145.40731054687492 0 233 2.8329 0.0 8.181805246746432 0.0 4.0 
1312 3057642.2 84.69566517895561 74.83060213427675 145.40731054687492 0 233 2.8329 0.0 8.181805246746432 0.0 4.0 
1313 3057675.5 84.69566517895561 74.83060213427675 145.40731054687492 0 233 2.8329 0.0 8.181805246746432 0.0 4.0 
1314 3057708.8 84.69566517895561 74.83060213427675 145.40731054687492 0 233 2.8329 0.0 8.181805246746432 0.0 4.0 
1315 3057742.2 84.71250386595582 74.83060213427675 145.40731054687492 0 233 2.8329 0.0 8.181805246746432 0.0 4.0 
1316 3057775.5 84.71250386595582 74.85682980743958 145.40731054687492 0 233 2.8329 0.0 8.181805246746432 0.0 4.0 
1317 3057808.9 84.71250386595582 74.85682980743958 145.40731054687492 0 233 2.8329 0.0 8.181805246746432 0.0 4.0 
1318 3057842.2 84.71250386595582 74.85682980743958 145.40731054687492 0 233 2.8329 0.0 8.181805246746432 0.0 4.0 
1319 3057875.5 84.71861462810949 74.85682980743958 145.40731054687492 0 233 2.8329 0.0 8.181805246746432 0.0 4.0 
1320 3057908.9 84.71861462810949 74.87317311938666 145.40731054687492 0 233 2.8329 0.0 8.181805246746432 0.0 4.0 
1321 3057942.2 84.71861462810949 74.87317311938666 145.40731054687492 0 233 2.8329 0.0 8.181805246746432 0.0 4.0 
1322 3057975.5 84.71861462810949 74.87317311938666 145.40731054687492 0 233 2.8329 0.0 8.181805246746432 0.0 4.0 
1323 3058008.9 84.71234760039876 74.87317311938666 145.40731054687492 0 233 2.8329 0.0 8.181805246746432 0.0 4.0 
1324 3058042.2 84.71234760039876 74.87507825952777 145.40731054687492 0 233 2.8329 0.0 8.181805246746432 0.0 4.0 
1325 3058075.5 84.71234760039876 74.87507825952777 145.40731054687492 0 233 2.8329 0.0 8.181805246746432 0.0 4.0 
1326 3058108.9 84.71234760039876 74.86356848075901 145.40731054687492 0 233 2.8329 0.0 8.181805246746432 0.0 4.0 
1327 3058142.2 84.71234760039876 74.86356848075901 145.40731054687492 0 233 2.8329 0.0 8.181805246746432 0.0 4.0 
1328 3058175.5 84.71234760039876 74.86356848075901 145.40731054687492 0 233 2.8329 0.0 8.181805246746432 0.0 4.0 
1329 3058208.9 84.7425500570197 74.86356848075901 145.40731054687492 0 233 2.8329 0.0 8.181805246746432 0.0 4.0 
1330 3058242.2 84.7425500570197 74.8517917190437 145.40731054687492 0 233 2.8329 0.0 8.181805246746432 0.0 4.0 
1331 3058275.6 84.7425500570197 74.8517917190437 145.40731054687492 0 233 2.8329 0.0 8.181805246746432 0.0 4.0 
1332 3058308.9 84.7425500570197 74.8517917190437 145.40731054687492 0 233 2.8329 0.0 8.181805246746432 0.0 4.0 
1333 3058342.2 84.76982329364449 74.8517917190437 145.40731054687492 0 233 2.8329 0.0 8.181805246746432 0.0 4.0 
1334 3058375.6 84.76982329364449 74.87116234885598 145.40731054687492 0 233 2.8329 0.0 8.181805246746432 0.0 4.0 
1335 3058408.9 84.76982329364449 74.87116234885598 145.40731054687492 0 233 2.8329 0.0 8.181805246746432 0.0 4.0 
1336 3058442.2 84.76982329364449 74.87116234885598 145.40731054687492 0 233 2.8329 0.0 8.181805246746432 0.0 4.0 
1337 3058475.6 84.77246684199177 74.87116234885598 145.40731054687492 0 233 2.8329 0.0 8.181805246746432 0.0 4.0 
1338 3058508.9 84.77246684199177 74.8788641668055 145.40731054687492 0 233 2.8329 0.0 8.181805246746432 0.0 4.0 
1339 3058542.2 84.77246684199177 74.8788641668055 145.40731054687492 0 233 2.8329 0.0 8.181805246746432 0.0 4.0 
1340 3058575.6 84.77246684199177 74.8788641668055 145.40731054687492 0 233 2.8329 0.0 8.181805246746432 0.0 4.0 
1341 3058608.9 84.76577971174488 74.89413913173938 145.40731054687492 0 233 2.8329 0.0 8.181805246746432 0.0 4.0 
1342 3058642.3 84.76577971174488 74.89413913173938 145.40731054687492 0 233 2.8329 0.0 8.181805246746432 0.0 4.0 
1343 3058675.6 84.76577971174488 74.89413913173938 145.40731054687492 0 233 2.8329 0.0 8.181805246746432 0.0 4.0 
1344 3058708.9 84.75637781111386 74.89413913173938 145.40731054687492 0 233 2.8329 0.0 8.181805246746432 0.0 4.0 
1345 3058742.3 84.75637781111386 74.92598838139514 145.40731054687492 0 233 2.8329 0.0 8.181805246746432 0.0 4.0 
1346 3058775.6 84.75637781111386 74.92598838139514 145.40731054687492 0 233 2.8329 0.0 8.181805246746432 0.0 4.0 
1347 3058808.9 84.75637781111386 74.92598838139514 145.40731054687492 0 233 2.8329 0.0 8.181805246746432 0.0 4.0 
1348 3058842.3 84.7426866029993 74.92598838139514 145.40731054687492 0 233 2.8329 0.0 8.181805246746432 0.0 4.0 
1349 3058875.6 84.7426866029993 74.9560434987858 145.40731054687492 0 233 2.8329 0.0 8.181805246746432 0.0 4.0 
1350 3058908.9 84.7426866029993 74.9560434987858 145.40731054687492 0 233 2.8329 0.0 8.181805246746432 0.0 4.0 
1351 3058942.3 84.7426866029993 74.9560434987858 145.40731054687492 0 233 2.8329 0.0 8.181805246746432 0.0 4.0 
1352 3058975.6 84.72135914248018 74.9560434987858 145.40731054687492 0 233 2.8329 0.0 8.181805246746432 0.0 4.0 
1353 3059008.9 84.72135914248018 74.98871578948844 145.40731054687492 0 233 2.8329 0.0 8.181805246746432 0.0 4.0 
1354 3059042.3 84.72135914248018 74.98871578948844 145.40731054687492 0 233 2.8329 0.0 8.181805246746432 0.0 4.0 
1355 3059075.6 84.72135914248018 74.98871578948844 145.40731054687492 0 233 2.8329 0.0 8.181805246746432 0.0 4.0 
1356 3059109.0 84.69517403248739 74.98871578948844 145.40731054687492 0 233 2.8329 0.0 8.181805246746432 0.0 4.0 
1357 3059142.3 84.69517403248739 75.01502275869521 145.40731054687492 0 233 2.8329 0.0 8.181805246746432 0.0 4.0 
1358 3059175.6 84.69517403248739 75.01502275869521 145.40731054687492 0 233 2.8329 0.0 8.181805246746432 0.0 4.0 
1359 3059209.0 84.69517403248739 75.01502275869521 145.40731054687492 0 233 2.8329 0.0 8.181805246746432 0.0 4.0 
1360 3059242.3 84.66771468626953 75.01502275869521 145.40731054687492 0 233 2.8329 0.0 8.181805246746432 0.0 4.0 
1361 3059275.6 84.66771468626953 75.03897227482933 145.40731054687492 0 233 2.8329 0.0 8.181805246746432 0.0 4.0 
1362 3059309.0 84.66771468626953 75.03897227482933 145.40731054687492 0 233 2.8329 0.0 8.181805246746432 0.0 4.0 
1363 3059342.3 84.66771468626953 75.03897227482933 145.40731054687492 0 233 2.8329 0.0 8.181805246746432 0.0 4.0 
1364 3059375.6 84.63610875508448 75.03897227482933 145.40731054687492 0 233 2.8329 0.0 8.181805246746432 0.0 4.0 
1365 3059409.0 84.63610875508448 75.0469047448521 145.40731054687492 0 233 2.8329 0.0 8.181805246746432 0.0 4.0 
1366 3059442.3 84.63610875508448 75.0469047448521 145.40731054687492 0 233 2.8329 0.0 8.181805246746432 0.0 4.0 
1367 3059475.7 84.63610875508448 75.0469047448521 145.40731054687492 0 233 2.8329 0.0 8.181805246746432 0.0 4.0 
1368 3059509.0 84.62221702095526 75.0469047448521 145.40731054687492 0 233 2.8329 0.0 8.181805246746432 0.0 4.0 
1369 3059542.3 84.62221702095526 75.04519668314427 145.40731054687492 0 233 2.8329 0.0 8.181805246746432 0.0 4.0 
1370 3059575.7 84.62221702095526 75.04519668314427 145.40731054687492 0 233 2.8329 0.0 8.181805246746432 0.0 4.0 
1371 3059609.0 84.62221702095526 75.04519668314427 145.40731054687492 0 233 2.8329 0.0 8.181805246746432 0.0 4.0 
1372 3059642.3 84.58714073726216 75.04519668314427 145.40731054687492 0 233 2.8329 0.0 8.181805246746432 0.0 4.0 
1373 3059675.7 84.58714073726216 75.04132277469083 145.40731054687492 0 233 2.8329 0.0 8.181805246746432 0.0 4.0 
1374 3059709.0 84.58714073726216 75.04132277469083 145.40731054687492 0 233 2.8329 0.0 8.181805246746432 0.0 4.0 
1375 3059742.3 84.58714073726216 75.04132277469083 145.40731054687492 0 233 2.8329 0.0 8.181805246746432 0.0 4.0 
1376 3059775.7 84.55681269423803 75.04132277469083 145.40731054687492 0 233 2.8329 0.0 8.181805246746432 0.0 4.0 
1377 3059809.0 84.55681269423803 75.04517182355549 145.40731054687492 0 233 2.8329 0.0 8.181805246746432 0.0 4.0 
1378 3059842.3 84.55681269423803 75.04517182355549 145.40731054687492 0 233 2.8329 0.0 8.181805246746432 0.0 4.0 
1379 3059875.7 84.55681269423803 75.04517182355549 145.40731054687492 0 233 2.8329 0.0 8.181805246746432 0.0 4.0 
1380 3059909.0 84.53431005693555 75.04517182355549 145.40731054687492 0 233 2.8329 0.0 8.181805246746432 0.0 4.0 
1381 3059942.4 84.53431005693555 75.06253420219917 145.40731054687492 0 233 2.8329 0.0 8.181805246746432 0.0 4.0 
1382 3059975.7 84.53431005693555 75.06253420219917 145.40731054687492 0 233 2.8329 0.0 8.181805246746432 0.0 4.0 
1383 3060009.0 84.53431005693555 75.06253420219917 145.40731054687492 0 233 2.8329 0.0 8.181805246746432 0.0 4.0 
1384 3060042.4 84.51390413924501 75.06253420219917 145.40731054687492 0 233 2.8329 0.0 8.181805246746432 0.0 4.0 
1385 3060075.7 84.51390413924501 75.0855764826228 145.40731054687492 0 233 2.8329 0.0 8.181805246746432 0.0 4.0 
1386 3060109.0 84.51390413924501 75.0855764826228 145.40731054687492 0 233 2.8329 0.0 8.181805246746432 0.0 4.0 
1387 3060142.4 84.51390413924501 75.0855764826228 145.40731054687492 0 233 2.8329 0.0 8.181805246746432 0.0 4.0 
1388 3060175.7 84.49799864021676 75.0855764826228 145.40731054687492 0 233 2.8329 0.0 8.181805246746432 0.0 4.0 
1389 3060209.0 84.49799864021676 75.10678565810633 145.40731054687492 0 233 2.8329 0.0 8.181805246746432 0.0 4.0 
1390 3060242.4 84.49799864021676 75.10678565810633 145.40731054687492 0 233 2.8329 0.0 8.181805246746432 0.0 4.0 
1391 3060275.7 84.49799864021676 75.10678565810633 145.40731054687492 0 233 2.8329 0.0 8.181805246746432 0.0 4.0 
1392 3060309.1 84.48449821105025 75.10678565810633 145.40731054687492 0 233 2.8329 0.0 8.181805246746432 0.0 4.0 
1393 3060342.4 84.48449821105025 75.13562937853834 145.40731054687492 0 233 2.8329 0.0 8.181805246746432 0.0 4.0 
1394 3060375.7 84.48449821105025 75.13562937853834 145.40731054687492 0 233 2.8329 0.0 8.181805246746432 0.0 4.0 
1395 3060409.1 84.48449821105025 75.13562937853834 145.40731054687492 0 233 2.8329 0.0 8.181805246746432 0.0 4.0 
1396 3060442.4 84.47703650032575 75.13562937853834 145.40731054687492 0 233 2.8329 0.0 8.181805246746432 0.0 4.0 
1397 3060475.7 84.47703650032575 75.1557942812464 145.40731054687492 0 233 2.8329 0.0 8.181805246746432 0.0 4.0 
1398 3060509.1 84.47703650032575 75.1557942812464 145.40731054687492 0 233 2.8329 0.0 8.181805246746432 0.0 4.0 
1399 3060542.4 84.47703650032575 75.1557942812464 145.40731054687492 0 233 2.8329 0.0 8.181805246746432 0.0 4.0 
1400 3060575.7 84.47703650032575 75.18067327929013 145.40731054687492 0 233 2.8329 0.0 8.181805246746432 0.0 4.0 
1401 3060609.1 84.47703650032575 75.18067327929013 145.40731054687492 0 233 2.8329 0.0 8.181805246746432 0.0 4.0 
1402 3060642.4 84.47703650032575 75.18067327929013 145.40731054687492 0 233 2.8329 0.0 8.181805246746432 0.0 4.0 
1403 3060675.7 84.47703650032575 75.18067327929013 145.40731054687492 0 233 2.8329 0.0 8.181805246746432 0.0 4.0 
1404 3060709.1 84.47703650032575 75.19786295549899 145.40731054687492 0 233 2.8329 0.0 8.181805246746432 0.0 4.0 
1405 3060742.4 84.47703650032575 75.19786295549899 145.40731054687492 0 233 2.8329 0.0 8.181805246746432 0.0 4.0 
1406 3060775.8 84.47703650032575 75.19786295549899 145.40731054687492 0 233 2.8329 0.0 8.181805246746432 0.0 4.0 
1407 3060809.1 84.47703650032575 75.20655985528815 145.40731054687492 0 233 2.8329 0.0 8.181805246746432 0.0 4.0 
1408 3060842.4 84.47703650032575 75.20655985528815 145.40731054687492 0 233 2.8329 0.0 8.181805246746432 0.0 4.0 
1409 3060875.8 84.47703650032575 75.20655985528815 145.40731054687492 0 233 2.8329 0.0 8.181805246746432 0.0 4.0 
1410 3060909.1 84.47703650032575 75.2182061806061 145.40731054687492 0 233 2.8329 0.0 8.181805246746432 0.0 4.0 
1411 3060942.4 84.47703650032575 75.2182061806061 145.40731054687492 0 233 2.8329 0.0 8.181805246746432 0.0 4.0 
1412 3060975.8 84.47703650032575 75.2182061806061 145.40731054687492 0 233 2.8329 0.0 8.181805246746432 0.0 4.0 
1413 3061009.1 84.48353685856586 75.2182061806061 145.40731054687492 0 233 2.8329 0.0 8.181805246746432 0.0 4.0 
1414 3061042.4 84.48353685856586 75.22771578495762 145.40731054687492 0 233 2.8329 0.0 8.181805246746432 0.0 4.0 
1415 3061075.8 84.48353685856586 75.22771578495762 145.40731054687492 0 233 2.8329 0.0 8.181805246746432 0.0 4.0 
1416 3061109.1 84.48353685856586 75.22771578495762 145.40731054687492 0 233 2.8329 0.0 8.181805246746432 0.0 4.0 
1417 3061142.5 84.49919944702758 75.22771578495762 145.40731054687492 0 233 2.8329 0.0 8.181805246746432 0.0 4.0 
1418 3061175.8 84.49919944702758 75.24468861923248 145.40731054687492 0 233 2.8329 0.0 8.181805246746432 0.0 4.0 
1419 3061209.1 84.49919944702758 75.24468861923248 145.40731054687492 0 233 2.8329 0.0 8.181805246746432 0.0 4.0 
1420 3061242.5 84.49919944702758 75.24468861923248 145.40731054687492 0 233 2.8329 0.0 8.181805246746432 0.0 4.0 
1421 3061275.8 84.51815409283209 75.24468861923248 145.40731054687492 0 233 2.8329 0.0 8.181805246746432 0.0 4.0 
1422 3061309.1 84.51815409283209 75.25537745705158 145.40731054687492 0 233 2.8329 0.0 8.181805246746432 0.0 4.0 
1423 3061342.5 84.51815409283209 75.25537745705158 145.40731054687492 0 233 2.8329 0.0 8.181805246746432 0.0 4.0 
1424 3061375.8 84.51815409283209 75.25537745705158 145.40731054687492 0 233 2.8329 0.0 8.181805246746432 0.0 4.0 
1425 3061409.1 84.53704022029655 75.25537745705158 145.40731054687492 0 233 2.8329 0.0 8.181805246746432 0.0 4.0 
1426 3061442.5 84.53704022029655 75.26860897791467 145.40731054687492 0 233 2.8329 0.0 8.181805246746432 0.0 4.0 
1427 3061475.8 84.53704022029655 75.26860897791467 145.40731054687492 0 233 2.8329 0.0 8.181805246746432 0.0 4.0 
1428 3061509.1 84.53704022029655 75.26860897791467 145.40731054687492 0 233 2.8329 0.0 8.181805246746432 0.0 4.0 
1429 3061542.5 84.55525541664602 75.26870800781246 145.35621289062493 0 233 2.8329 0.0 8.181805246746432 0.0 4.0 
1430 3061575.8 84.55525541664602 75.27871885836788 145.35621289062493 0 233 2.8329 0.0 8.181805246746432 0.0 4.0 
1431 3061609.2 84.55525541664602 75.27871885836788 145.35621289062493 0 233 2.8329 0.0 8.181805246746432 0.0 4.0 
1432 3061642.5 84.55525541664602 75.27871885836788 145.35621289062493 0 233 2.8329 0.0 8.181805246746432 0.0 4.0 
1433 3061675.8 84.58333445037407 75.27871885836788 145.35621289062493 0 233 2.8329 0.0 8.181805246746432 0.0 4.0 
1434 3061709.2 84.58333445037407 75.29553380300382 145.35621289062493 0 233 2.8329 0.0 8.181805246746432 0.0 4.0 
1435 3061742.5 84.58333445037407 75.29553380300382 145.35621289062493 0 233 2.8329 0.0 8.181805246746432 0.0 4.0 
1436 3061775.8 84.58333445037407 75.29553380300382 145.35621289062493 0 233 2.8329 0.0 8.181805246746432 0.0 4.0 
1437 3061809.2 84.61056286349293 75.29553380300382 145.35621289062493 0 233 2.8329 0.0 8.181805246746432 0.0 4.0 
1438 3061842.5 84.61056286349293 75.3173785997787 145.35621289062493 0 233 2.8329 0.0 8.181805246746432 0.0 4.0 
1439 3061875.8 84.61056286349293 75.3173785997787 145.35621289062493 0 233 2.8329 0.0 8.181805246746432 0.0 4.0 
1440 3061909.2 84.61056286349293 75.3173785997787 145.35621289062493 0 233 2.8329 0.0 8.181805246746432 0.0 4.0 
1441 3061942.5 84.63159960631313 75.3173785997787 145.35621289062493 0 233 2.8329 0.0 8.181805246746432 0.0 4.0 
1442 3061975.9 84.63159960631313 75.34661762556888 145.35621289062493 0 233 2.8329 0.0 8.181805246746432 0.0 4.0 
1443 3062009.2 84.63159960631313 75.34661762556888 145.35621289062493 0 233 2.8329 0.0 8.181805246746432 0.0 4.0 
1444 3062042.5 84.63159960631313 75.34661762556888 145.35621289062493 0 233 2.8329 0.0 8.181805246746432 0.0 4.0 
1445 3062075.9 84.64160459513234 75.34661762556888 145.35621289062493 0 233 2.8329 0.0 8.181805246746432 0.0 4.0 
1446 3062109.2 84.64160459513234 75.38305514384979 145.35621289062493 0 233 2.8329 0.0 8.181805246746432 0.0 4.0 
1447 3062142.5 84.64160459513234 75.38305514384979 145.35621289062493 0 233 2.8329 0.0 8.181805246746432 0.0 4.0 
1448 3062175.9 84.64160459513234 75.38305514384979 145.35621289062493 0 233 2.8329 0.0 8.181805246746432 0.0 4.0 
1449 3062209.2 84.64374315837627 75.38305514384979 145.35621289062493 0 233 2.8329 0.0 8.181805246746432 0.0 4.0 
1450 3062242.5 84.64374315837627 75.40168615353706 145.35621289062493 0 233 2.8329 0.0 8.181805246746432 0.0 4.0 
1451 3062275.9 84.64374315837627 75.40168615353706 145.35621289062493 0 233 2.8329 0.0 8.181805246746432 0.0 4.0 
1452 3062309.2 84.64374315837627 75.40168615353706 145.35621289062493 0 233 2.8329 0.0 8.181805246746432 0.0 4.0 
1453 3062342.5 84.6468123305552 75.40168615353706 145.35621289062493 0 233 2.8329 0.0 8.181805246746432 0.0 4.0 
1454 3062375.9 84.6468123305552 75.41440889656853 145.35621289062493 0 233 2.8329 0.0 8.181805246746432 0.0 4.0 
1455 3062409.2 84.6468123305552 75.41440889656853 145.35621289062493 0 233 2.8329 0.0 8.181805246746432 0.0 4.0 
1456 3062442.6 84.64686425781245 75.41455957031246 145.4140078124999 0 233 2.8329 0.0 8.181805246746432 0.0 4.0 
1457 3062475.9 84.65545555903434 75.41455957031246 145.4140078124999 0 233 2.8329 0.0 8.181805246746432 0.0 4.0 
1458 3062509.2 84.65545555903434 75.43231949214443 145.4140078124999 0 233 2.8329 0.0 8.181805246746432 0.0 4.0 
1459 3062542.6 84.65545555903434 75.43231949214443 145.4140078124999 0 233 2.8329 0.0 8.181805246746432 0.0 4.0 
1460 3062575.9 84.65545555903434 75.43231949214443 145.4140078124999 0 233 2.8329 0.0 8.181805246746432 0.0 4.0 
1461 3062609.2 84.66796063269727 75.43231949214443 145.4140078124999 0 233 2.8329 0.0 8.181805246746432 0.0 4.0 
1462 3062642.6 84.66796063269727 75.45302465197103 145.4140078124999 0 233 2.8329 0.0 8.181805246746432 0.0 4.0 
1463 3062675.9 84.66796063269727 75.45302465197103 145.4140078124999 0 233 2.8329 0.0 8.181805246746432 0.0 4.0 
1464 3062709.2 84.66796063269727 75.45302465197103 145.4140078124999 0 233 2.8329 0.0 8.181805246746432 0.0 4.0 
1465 3062742.6 84.68340176484038 75.45302465197103 145.4140078124999 0 233 2.8329 0.0 8.181805246746432 0.0 4.0 
1466 3062775.9 84.68340176484038 75.4769694174785 145.4140078124999 0 233 2.8329 0.0 8.181805246746432 0.0 4.0 
1467 3062809.3 84.68340176484038 75.4769694174785 145.4140078124999 0 233 2.8329 0.0 8.181805246746432 0.0 4.0 
1468 3062842.6 84.68340176484038 75.4769694174785 145.4140078124999 0 233 2.8329 0.0 8.181805246746432 0.0 4.0 
1469 3062875.9 84.69138641839372 75.4769694174785 145.4140078124999 0 233 2.8329 0.0 8.181805246746432 0.0 4.0 
1470 3062909.3 84.69138641839372 75.49490921996305 145.4140078124999 0 233 2.8329 0.0 8.181805246746432 0.0 4.0 
1471 3062942.6 84.69138641839372 75.49490921996305 145.4140078124999 0 233 2.8329 0.0 8.181805246746432 0.0 4.0 
1472 3062975.9 84.69138641839372 75.49490921996305 145.4140078124999 0 233 2.8329 0.0 8.181805246746432 0.0 4.0 
1473 3063009.3 84.69720602926702 75.49490921996305 145.4140078124999 0 233 2.8329 0.0 8.181805246746432 0.0 4.0 
1474 3063042.6 84.69720602926702 75.51491438067094 145.4140078124999 0 233 2.8329 0.0 8.181805246746432 0.0 4.0 
1475 3063075.9 84.69720602926702 75.51491438067094 145.4140078124999 0 233 2.8329 0.0 8.181805246746432 0.0 4.0 
1476 3063109.3 84.69720602926702 75.51491438067094 145.4140078124999 0 233 2.8329 0.0 8.181805246746432 0.0 4.0 
1477 3063142.6 84.69955344464175 75.51491438067094 145.4140078124999 0 233 2.8329 0.0 8.181805246746432 0.0 4.0 
1478 3063175.9 84.69955344464175 75.53320659008232 145.4140078124999 0 233 2.8329 0.0 8.181805246746432 0.0 4.0 
1479 3063209.3 84.69955344464175 75.53320659008232 145.4140078124999 0 233 2.8329 0.0 8.181805246746432 0.0 4.0 
1480 3063242.6 84.69955344464175 75.53320659008232 145.4140078124999 0 233 2.8329 0.0 8.181805246746432 0.0 4.0 
1481 3063276.0 84.69955344464175 75.55284638759028 145.4140078124999 0 233 2.8329 0.0 8.181805246746432 0.0 4.0 
1482 3063309.3 84.69955344464175 75.55284638759028 145.4140078124999 0 233 2.8329 0.0 8.181805246746432 0.0 4.0 
1483 3063342.6 84.69955344464175 75.55284638759028 145.4140078124999 0 233 2.8329 0.0 8.181805246746432 0.0 4.0 
1484 3063376.0 84.69955344464175 75.55284638759028 145.4140078124999 0 233 2.8329 0.0 8.181805246746432 0.0 4.0 
1485 3063409.3 84.69478424757088 75.55284638759028 145.4140078124999 0 233 2.8329 0.0 8.181805246746432 0.0 4.0 
1486 3063442.6 84.69478424757088 75.57760054248196 145.4140078124999 0 233 2.8329 0.0 8.181805246746432 0.0 4.0 
1487 3063476.0 84.69478424757088 75.57760054248196 145.4140078124999 0 233 2.8329 0.0 8.181805246746432 0.0 4.0 
1488 3063509.3 84.69478424757088 75.57760054248196 145.4140078124999 0 233 2.8329 0.0 8.181805246746432 0.0 4.0 
1489 3063542.6 84.6817189856525 75.57760054248196 145.4140078124999 0 233 2.8329 0.0 8.181805246746432 0.0 4.0 
1490 3063576.0 84.6817189856525 75.60007052212718 145.4140078124999 0 233 2.8329 0.0 8.181805246746432 0.0 4.0 
1491 3063609.3 84.6817189856525 75.60007052212718 145.4140078124999 0 233 2.8329 0.0 8.181805246746432 0.0 4.0 
1492 3063642.7 84.6817189856525 75.60007052212718 145.4140078124999 0 233 2.8329 0.0 8.181805246746432 0.0 4.0 
1493 3063676.0 84.66562320026027 75.60007052212718 145.4140078124999 0 233 2.8329 0.0 8.181805246746432 0.0 4.0 
1494 3063709.3 84.66562320026027 75.62456081500187 145.4140078124999 0 233 2.8329 0.0 8.181805246746432 0.0 4.0 
1495 3063742.7 84.66562320026027 75.62456081500187 145.4140078124999 0 233 2.8329 0.0 8.181805246746432 0.0 4.0 
1496 3063776.0 84.66562320026027 75.62456081500187 145.4140078124999 0 233 2.8329 0.0 8.181805246746432 0.0 4.0 
1497 3063809.3 84.6527459403955 75.62456081500187 145.4140078124999 0 233 2.8329 0.0 8.181805246746432 0.0 4.0 
1498 3063842.7 84.6527459403955 75.64303673547512 145.4140078124999 0 233 2.8329 0.0 8.181805246746432 0.0 4.0 
1499 3063876.0 84.6527459403955 75.64303673547512 145.4140078124999 0 233 2.8329 0.0 8.181805246746432 0.0 4.0 
1500 3063909.3 84.6527459403955 75.64303673547512 145.4140078124999 0 233 2.8329 0.0 8.181805246746432 0.0 4.0 
1501 3063942.7 84.64285543908359 75.64303673547512 145.4140078124999 0 233 2.8329 0.0 8.181805246746432 0.0 4.0 
1502 3063976.0 84.64285543908359 75.65702967206028 145.4140078124999 0 233 2.8329 0.0 8.181805246746432 0.0 4.0 
1503 3064009.3 84.64285543908359 75.65702967206028 145.4140078124999 0 233 2.8329 0.0 8.181805246746432 0.0 4.0 
1504 3064042.7 84.64285543908359 75.65702967206028 145.4140078124999 0 233 2.8329 0.0 8.181805246746432 0.0 4.0 
1505 3064076.0 84.63697546637044 75.65702967206028 145.4140078124999 0 233 2.8329 0.0 8.181805246746432 0.0 4.0 
1506 3064109.4 84.63697546637044 75.67279590925736 145.4140078124999 0 233 2.8329 0.0 8.181805246746432 0.0 4.0 
1507 3064142.7 84.63697546637044 75.67279590925736 145.4140078124999 0 233 2.8329 0.0 8.181805246746432 0.0 4.0 
1508 3064176.0 84.63697546637044 75.67279590925736 145.4140078124999 0 233 2.8329 0.0 8.181805246746432 0.0 4.0 
1509 3064209.4 84.63827419583473 75.67279590925736 145.4140078124999 0 233 2.8329 0.0 8.181805246746432 0.0 4.0 
1510 3064242.7 84.63827419583473 75.68138060686009 145.4140078124999 0 233 2.8329 0.0 8.181805246746432 0.0 4.0 
1511 3064276.0 84.63827419583473 75.68138060686009 145.4140078124999 0 233 2.8329 0.0 8.181805246746432 0.0 4.0 
1512 3064309.4 84.6422436259825 75.68138060686009 145.4140078124999 0 233 2.8329 0.0 8.181805246746432 0.0 4.0 
1513 3064342.7 84.6422436259825 75.68919047200926 145.4140078124999 0 233 2.8329 0.0 8.181805246746432 0.0 4.0 
1514 3064376.0 84.6422436259825 75.68919047200926 145.4140078124999 0 233 2.8329 0.0 8.181805246746432 0.0 4.0 
1515 3064409.4 84.64506250582775 75.68919047200926 145.4140078124999 0 233 2.8329 0.0 8.181805246746432 0.0 4.0 
1516 3064442.7 84.64506250582775 75.70226666490662 145.4140078124999 0 233 2.8329 0.0 8.181805246746432 0.0 4.0 
1517 3064476.1 84.64506250582775 75.70226666490662 145.4140078124999 0 233 2.8329 0.0 8.181805246746432 0.0 4.0 
1518 3064509.4 84.64506250582775 75.70226666490662 145.4140078124999 0 233 2.8329 0.0 8.181805246746432 0.0 4.0 
1519 3064542.7 84.65848889077813 75.70226666490662 145.4140078124999 0 233 2.8329 0.0 8.181805246746432 0.0 4.0 
1520 3064576.1 84.65848889077813 75.71396706700617 145.4140078124999 0 233 2.8329 0.0 8.181805246746432 0.0 4.0 
1521 3064609.4 84.65848889077813 75.71396706700617 145.4140078124999 0 233 2.8329 0.0 8.181805246746432 0.0 4.0 
1522 3064642.7 84.65848889077813 75.71396706700617 145.4140078124999 0 233 2.8329 0.0 8.181805246746432 0.0 4.0 
1523 3064676.1 84.6669930558484 75.71396706700617 145.4140078124999 0 233 2.8329 0.0 8.181805246746432 0.0 4.0 
1524 3064709.4 84.6669930558484 75.7248827318701 145.4140078124999 0 233 2.8329 0.0 8.181805246746432 0.0 4.0 
1525 3064742.7 84.6669930558484 75.7248827318701 145.4140078124999 0 233 2.8329 0.0 8.181805246746432 0.0 4.0 
1526 3064776.1 84.67073625433387 75.7248827318701 145.4140078124999 0 233 2.8329 0.0 8.181805246746432 0.0 4.0 
1527 3064809.4 84.67073625433387 75.73185107706645 145.4140078124999 0 233 2.8329 0.0 8.181805246746432 0.0 4.0 
1528 3064842.7 84.67073625433387 75.73185107706645 145.4140078124999 0 233 2.8329 0.0 8.181805246746432 0.0 4.0 
1529 3064876.1 84.67073625433387 75.73185107706645 145.4140078124999 0 233 2.8329 0.0 8.181805246746432 0.0 4.0 
1530 3064909.4 84.67594663089719 75.73185107706645 145.4140078124999 0 233 2.8329 0.0 8.181805246746432 0.0 4.0 
1531 3064942.8 84.67594663089719 75.73689654360155 145.4140078124999 0 233 2.8329 0.0 8.181805246746432 0.0 4.0 
1532 3064976.1 84.67594663089719 75.73689654360155 145.4140078124999 0 233 2.8329 0.0 8.181805246746432 0.0 4.0 
1533 3065009.4 84.67721983775795 75.73689654360155 145.4140078124999 0 233 2.8329 0.0 8.181805246746432 0.0 4.0 
1534 3065042.8 84.67721983775795 75.74398966091938 145.4140078124999 0 233 2.8329 0.0 8.181805246746432 0.0 4.0 
1535 3065076.1 84.67721983775795 75.74398966091938 145.4140078124999 0 233 2.8329 0.0 8.181805246746432 0.0 4.0 
1536 3065109.4 84.68179423024571 75.74398966091938 145.4140078124999 0 233 2.8329 0.0 8.181805246746432 0.0 4.0 
1537 3065142.8 84.68179423024571 75.74847045218671 145.4140078124999 0 233 2.8329 0.0 8.181805246746432 0.0 4.0 
1538 3065176.1 84.68179423024571 75.74847045218671 145.4140078124999 0 233 2.8329 0.0 8.181805246746432 0.0 4.0 
1539 3065209.4 84.68599737800669 75.74847045218671 145.4140078124999 0 233 2.8329 0.0 8.181805246746432 0.0 4.0 
1540 3065242.8 84.68599737800669 75.75567588356303 145.4140078124999 0 233 2.8329 0.0 8.181805246746432 0.0 4.0 
1541 3065276.1 84.68599737800669 75.75567588356303 145.4140078124999 0 233 2.8329 0.0 8.181805246746432 0.0 4.0 
1542 3065309.5 84.68599737800669 75.75567588356303 145.4140078124999 0 233 2.8329 0.0 8.181805246746432 0.0 4.0 
1543 3065342.8 84.69495968290194 75.75567588356303 145.4140078124999 0 233 2.8329 0.0 8.181805246746432 0.0 4.0 
1544 3065376.1 84.69495968290194 75.77010293865396 145.4140078124999 0 233 2.8329 0.0 8.181805246746432 0.0 4.0 
1545 3065409.5 84.69495968290194 75.77010293865396 145.4140078124999 0 233 2.8329 0.0 8.181805246746432 0.0 4.0 
1546 3065442.8 84.69495968290194 75.77010293865396 145.4140078124999 0 233 2.8329 0.0 8.181805246746432 0.0 4.0 
1547 3065476.1 84.7057252927461 75.77010293865396 145.4140078124999 0 233 2.8329 0.0 8.181805246746432 0.0 4.0 
1548 3065509.5 84.7057252927461 75.79018914847165 145.4140078124999 0 233 2.8329 0.0 8.181805246746432 0.0 4.0 
1549 3065542.8 84.7057252927461 75.79018914847165 145.4140078124999 0 233 2.8329 0.0 8.181805246746432 0.0 4.0 
1550 3065576.1 84.7057252927461 75.79018914847165 145.4140078124999 0 233 2.8329 0.0 8.181805246746432 0.0 4.0 
1551 3065609.5 84.71928228943337 75.79018914847165 145.4140078124999 0 233 2.8329 0.0 8.181805246746432 0.0 4.0 
1552 3065642.8 84.71928228943337 75.80420369755197 145.4140078124999 0 233 2.8329 0.0 8.181805246746432 0.0 4.0 
1553 3065676.1 84.71928228943337 75.80420369755197 145.4140078124999 0 233 2.8329 0.0 8.181805246746432 0.0 4.0 
1554 3065709.5 84.71928228943337 75.80420369755197 145.4140078124999 0 233 2.8329 0.0 8.181805246746432 0.0 4.0 
1555 3065742.8 84.72575856044966 75.80420369755197 145.4140078124999 0 233 2.8329 0.0 8.181805246746432 0.0 4.0 
1556 3065776.2 84.72575856044966 75.81429520736813 145.4140078124999 0 233 2.8329 0.0 8.181805246746432 0.0 4.0 
1557 3065809.5 84.72575856044966 75.81429520736813 145.4140078124999 0 233 2.8329 0.0 8.181805246746432 0.0 4.0 
1558 3065842.8 84.72575856044966 75.81429520736813 145.4140078124999 0 233 2.8329 0.0 8.181805246746432 0.0 4.0 
1559 3065876.2 84.73015183170558 75.81429520736813 145.4140078124999 0 233 2.8329 0.0 8.181805246746432 0.0 4.0 
1560 3065909.5 84.73015183170558 75.8244448605788 145.4140078124999 0 233 2.8329 0.0 8.181805246746432 0.0 4.0 
1561 3065942.8 84.73015183170558 75.8244448605788 145.4140078124999 0 233 2.8329 0.0 8.181805246746432 0.0 4.0 
1562 3065976.2 84.73237766338957 75.8244448605788 145.4140078124999 0 233 2.8329 0.0 8.181805246746432 0.0 4.0 
1563 3066009.5 84.73237766338957 75.83086270023642 145.4140078124999 0 233 2.8329 0.0 8.181805246746432 0.0 4.0 
1564 3066042.8 84.73237766338957 75.83086270023642 145.4140078124999 0 233 2.8329 0.0 8.181805246746432 0.0 4.0 
1565 3066076.2 84.73237766338957 75.83086270023642 145.4140078124999 0 233 2.8329 0.0 8.181805246746432 0.0 4.0 
1566 3066109.5 84.7342477355947 75.83086270023642 145.4140078124999 0 233 2.8329 0.0 8.181805246746432 0.0 4.0 
1567 3066142.9 84.7342477355947 75.8373140345507 145.4140078124999 0 233 2.8329 0.0 8.181805246746432 0.0 4.0 
1568 3066176.2 84.7342477355947 75.8373140345507 145.4140078124999 0 233 2.8329 0.0 8.181805246746432 0.0 4.0 
1569 3066209.5 84.73211178970348 75.8373140345507 145.4140078124999 0 233 2.8329 0.0 8.181805246746432 0.0 4.0 
1570 3066242.9 84.73211178970348 75.84534152094226 145.4140078124999 0 233 2.8329 0.0 8.181805246746432 0.0 4.0 
1571 3066276.2 84.73211178970348 75.84534152094226 145.4140078124999 0 233 2.8329 0.0 8.181805246746432 0.0 4.0 
1572 3066309.5 84.72775071537916 75.84534152094226 145.4140078124999 0 233 2.8329 0.0 8.181805246746432 0.0 4.0 
1573 3066342.9 84.72775071537916 75.85830289571217 145.4140078124999 0 233 2.8329 0.0 8.181805246746432 0.0 4.0 
1574 3066376.2 84.72775071537916 75.85830289571217 145.4140078124999 0 233 2.8329 0.0 8.181805246746432 0.0 4.0 
1575 3066409.5 84.72551146706255 75.85830289571217 145.4140078124999 0 233 2.8329 0.0 8.181805246746432 0.0 4.0 
1576 3066442.9 84.72551146706255 75.86769200357074 145.4140078124999 0 233 2.8329 0.0 8.181805246746432 0.0 4.0 
1577 3066476.2 84.72551146706255 75.86769200357074 145.4140078124999 0 233 2.8329 0.0 8.181805246746432 0.0 4.0 
1578 3066509.5 84.72551146706255 75.86769200357074 145.4140078124999 0 233 2.8329 0.0 8.181805246746432 0.0 4.0 
1579 3066542.9 84.72551146706255 75.8842758873999 145.4140078124999 0 233 2.8329 0.0 8.181805246746432 0.0 4.0 
1580 3066576.2 84.72551146706255 75.8842758873999 145.4140078124999 0 233 2.8329 0.0 8.181805246746432 0.0 4.0 
1581 3066609.6 84.72551146706255 75.8842758873999 145.4140078124999 0 233 2.8329 0.0 8.181805246746432 0.0 4.0 
1582 3066642.9 84.72439071248787 75.8842758873999 145.4140078124999 0 233 2.8329 0.0 8.181805246746432 0.0 4.0 
1583 3066676.2 84.72439071248787 75.88954170643406 145.4140078124999 0 233 2.8329 0.0 8.181805246746432 0.0 4.0 
1584 3066709.6 84.72439071248787 75.88954170643406 145.4140078124999 0 233 2.8329 0.0 8.181805246746432 0.0 4.0 
1585 3066742.9 84.72149152900924 75.88954170643406 145.4140078124999 0 233 2.8329 0.0 8.181805246746432 0.0 4.0 
1586 3066776.2 84.72149152900924 75.8968729278607 145.4140078124999 0 233 2.8329 0.0 8.181805246746432 0.0 4.0 
1587 3066809.6 84.72149152900924 75.8968729278607 145.4140078124999 0 233 2.8329 0.0 8.181805246746432 0.0 4.0 
1588 3066842.9 84.72149152900924 75.8968729278607 145.4140078124999 0 233 2.8329 0.0 8.181805246746432 0.0 4.0 
1589 3066876.2 84.72149152900924 75.90549351261129 145.4140078124999 0 233 2.8329 0.0 8.181805246746432 0.0 4.0 
1590 3066909.6 84.72149152900924 75.90549351261129 145.4140078124999 0 233 2.8329 0.0 8.181805246746432 0.0 4.0 
1591 3066942.9 84.72149152900924 75.90549351261129 145.4140078124999 0 233 2.8329 0.0 8.181805246746432 0.0 4.0 
1592 3066976.3 84.72149152900924 75.9113829206043 145.4140078124999 0 233 2.8329 0.0 8.181805246746432 0.0 4.0 
1593 3067009.6 84.72149152900924 75.9113829206043 145.4140078124999 0 233 2.8329 0.0 8.181805246746432 0.0 4.0 
1594 3067042.9 84.72149152900924 75.9113829206043 145.4140078124999 0 233 2.8329 0.0 8.181805246746432 0.0 4.0 
1595 3067076.3 84.72738715299725 75.9113829206043 145.4140078124999 0 233 2.8329 0.0 8.181805246746432 0.0 4.0 
1596 3067109.6 84.72738715299725 75.91751019106452 145.4140078124999 0 233 2.8329 0.0 8.181805246746432 0.0 4.0 
1597 3067142.9 84.72738715299725 75.91751019106452 145.4140078124999 0 233 2.8329 0.0 8.181805246746432 0.0 4.0 
1598 3067176.3 84.73590248978003 75.91751019106452 145.4140078124999 0 233 2.8329 0.0 8.181805246746432 0.0 4.0 
1599 3067209.6 84.73590248978003 75.92024167021053 145.4140078124999 0 233 2.8329 0.0 8.181805246746432 0.0 4.0 
1600 3067242.9 84.73590248978003 75.92024167021053 145.4140078124999 0 233 2.8329 0.0 8.181805246746432 0.0 4.0 
1601 3067276.3 84.73590248978003 75.92024167021053 145.4140078124999 0 233 2.8329 0.0 8.181805246746432 0.0 4.0 
1602 3067309.6 84.74348196656659 75.92024167021053 145.4140078124999 0 233 2.8329 0.0 8.181805246746432 0.0 4.0 
1603 3067342.9 84.74348196656659 75.92345210256946 145.4140078124999 0 233 2.8329 0.0 8.181805246746432 0.0 4.0 
1604 3067376.3 84.74348196656659 75.92345210256946 145.4140078124999 0 233 2.8329 0.0 8.181805246746432 0.0 4.0 
1605 3067409.6 84.74858859690299 75.92345210256946 145.4140078124999 0 233 2.8329 0.0 8.181805246746432 0.0 4.0 
1606 3067443.0 84.74858859690299 75.92345210256946 145.4140078124999 0 233 2.8329 0.0 8.181805246746432 0.0 4.0 
1607 3067476.3 84.74858859690299 75.92345210256946 145.4140078124999 0 233 2.8329 0.0 8.181805246746432 0.0 4.0 
1608 3067509.6 84.74858859690299 75.92345210256946 145.4140078124999 0 233 2.8329 0.0 8.181805246746432 0.0 4.0 
1609 3067543.0 84.74858859690299 75.92483594528993 145.4140078124999 0 233 2.8329 0.0 8.181805246746432 0.0 4.0 
1610 3067576.3 84.74858859690299 75.92483594528993 145.4140078124999 0 233 2.8329 0.0 8.181805246746432 0.0 4.0 
1611 3067609.6 84.74352331475178 75.92483594528993 145.4140078124999 0 233 2.8329 0.0 8.181805246746432 0.0 4.0 
1612 3067643.0 84.74352331475178 75.93112043268928 145.4140078124999 0 233 2.8329 0.0 8.181805246746432 0.0 4.0 
1613 3067676.3 84.74352331475178 75.93112043268928 145.4140078124999 0 233 2.8329 0.0 8.181805246746432 0.0 4.0 
1614 3067709.6 84.74352331475178 75.93112043268928 145.4140078124999 0 233 2.8329 0.0 8.181805246746432 0.0 4.0 
1615 3067743.0 84.73792419088737 75.93112043268928 145.4140078124999 0 233 2.8329 0.0 8.181805246746432 0.0 4.0 
1616 3067776.3 84.73792419088737 75.93424564874557 145.4140078124999 0 233 2.8329 0.0 8.181805246746432 0.0 4.0 
1617 3067809.7 84.73792419088737 75.93424564874557 145.4140078124999 0 233 2.8329 0.0 8.181805246746432 0.0 4.0 
1618 3067843.0 84.73792419088737 75.9364114086619 145.4140078124999 0 233 2.8329 0.0 8.181805246746432 0.0 4.0 
1619 3067876.3 84.73792419088737 75.9364114086619 145.4140078124999 0 233 2.8329 0.0 8.181805246746432 0.0 4.0 
1620 3067909.7 84.73792419088737 75.9364114086619 145.4140078124999 0 233 2.8329 0.0 8.181805246746432 0.0 4.0 
1621 3067943.0 84.74139390117163 75.9364114086619 145.4140078124999 0 233 2.8329 0.0 8.181805246746432 0.0 4.0 
1622 3067976.3 84.74139390117163 75.9364114086619 145.4140078124999 0 233 2.8329 0.0 8.181805246746432 0.0 4.0 
1623 3068009.7 84.74139390117163 75.9364114086619 145.4140078124999 0 233 2.8329 0.0 8.181805246746432 0.0 4.0 
1624 3068043.0 84.748734461591 75.9364114086619 145.4140078124999 0 233 2.8329 0.0 8.181805246746432 0.0 4.0 
1625 3068076.3 84.748734461591 75.93935139790467 145.4140078124999 0 233 2.8329 0.0 8.181805246746432 0.0 4.0 
1626 3068109.7 84.748734461591 75.93935139790467 145.4140078124999 0 233 2.8329 0.0 8.181805246746432 0.0 4.0 
1627 3068143.0 84.748734461591 75.93935139790467 145.4140078124999 0 233 2.8329 0.0 8.181805246746432 0.0 4.0 
1628 3068176.3 84.7542652044649 75.93935139790467 145.4140078124999 0 233 2.8329 0.0 8.181805246746432 0.0 4.0 
1629 3068209.7 84.7542652044649 75.94078216797848 145.4140078124999 0 233 2.8329 0.0 8.181805246746432 0.0 4.0 
1630 3068243.0 84.7542652044649 75.94078216797848 145.4140078124999 0 233 2.8329 0.0 8.181805246746432 0.0 4.0 
1631 3068276.4 84.72971619717387 75.94078216797848 145.4140078124999 0 233 2.8329 0.0 8.181805246746432 0.0 4.0 
1632 3068309.7 84.72971619717387 75.93416486600252 145.4140078124999 0 233 2.8329 0.0 8.181805246746432 0.0 4.0 
1633 3068343.0 84.72971619717387 75.93416486600252 145.4140078124999 0 233 2.8329 0.0 8.181805246746432 0.0 4.0 
1634 3068376.4 84.72971619717387 75.93416486600252 145.4140078124999 0 233 2.8329 0.0 8.181805246746432 0.0 4.0 
1635 3068409.7 84.72299096252772 75.93416486600252 145.4140078124999 0 233 2.8329 0.0 8.181805246746432 0.0 4.0 
1636 3068443.0 84.72299096252772 75.91416181280196 145.4140078124999 0 233 2.8329 0.0 8.181805246746432 0.0 4.0 
1637 3068476.4 84.72299096252772 75.91416181280196 145.4140078124999 0 233 2.8329 0.0 8.181805246746432 0.0 4.0 
1638 3068509.7 84.72299096252772 75.91416181280196 145.4140078124999 0 233 2.8329 0.0 8.181805246746432 0.0 4.0 
1639 3068543.0 84.72299096252772 75.92362433658225 145.4140078124999 0 233 2.8329 0.0 8.181805246746432 0.0 4.0 
1640 3068576.4 84.72299096252772 75.92362433658225 145.4140078124999 0 233 2.8329 0.0 8.181805246746432 0.0 4.0 
1641 3068609.7 84.72299096252772 75.92362433658225 145.4140078124999 0 233 2.8329 0.0 8.181805246746432 0.0 4.0 
1642 3068643.1 84.71888047514129 75.92362433658225 145.4140078124999 0 233 2.8329 0.0 8.181805246746432 0.0 4.0 
1643 3068676.4 84.71888047514129 75.93065950653003 145.4140078124999 0 233 2.8329 0.0 8.181805246746432 0.0 4.0 
1644 3068709.7 84.71888047514129 75.93065950653003 145.4140078124999 0 233 2.8329 0.0 8.181805246746432 0.0 4.0 
1645 3068743.1 84.72172993039318 75.93065950653003 145.4140078124999 0 233 2.8329 0.0 8.181805246746432 0.0 4.0 
1646 3068776.4 84.72172993039318 75.93298743317084 145.4140078124999 0 233 2.8329 0.0 8.181805246746432 0.0 4.0 
1647 3068809.7 84.72172993039318 75.93298743317084 145.4140078124999 0 233 2.8329 0.0 8.181805246746432 0.0 4.0 
1648 3068843.1 84.7346858265172 75.93298743317084 145.4140078124999 0 233 2.8329 0.0 8.181805246746432 0.0 4.0 
1649 3068876.4 84.7346858265172 75.92521527647527 145.4140078124999 0 233 2.8329 0.0 8.181805246746432 0.0 4.0 
1650 3068909.7 84.7346858265172 75.92521527647527 145.4140078124999 0 233 2.8329 0.0 8.181805246746432 0.0 4.0 
1651 3068943.1 84.7346858265172 75.92521527647527 145.4140078124999 0 233 2.8329 0.0 8.181805246746432 0.0 4.0 
1652 3068976.4 84.74262494631147 75.92521527647527 145.4140078124999 0 233 2.8329 0.0 8.181805246746432 0.0 4.0 
1653 3069009.7 84.74262494631147 75.90936566920993 145.4140078124999 0 233 2.8329 0.0 8.181805246746432 0.0 4.0 
1654 3069043.1 84.74262494631147 75.90936566920993 145.4140078124999 0 233 2.8329 0.0 8.181805246746432 0.0 4.0 
1655 3069076.4 84.74262494631147 75.90936566920993 145.4140078124999 0 233 2.8329 0.0 8.181805246746432 0.0 4.0 
1656 3069109.8 84.73426858376409 75.90936566920993 145.4140078124999 0 233 2.8329 0.0 8.181805246746432 0.0 4.0 
1657 3069143.1 84.73426858376409 75.88197029871098 145.4140078124999 0 233 2.8329 0.0 8.181805246746432 0.0 4.0 
1658 3069176.4 84.73426858376409 75.88197029871098 145.4140078124999 0 233 2.8329 0.0 8.181805246746432 0.0 4.0 
1659 3069209.8 84.73426858376409 75.88197029871098 145.4140078124999 0 233 2.8329 0.0 8.181805246746432 0.0 4.0 
1660 3069243.1 84.71906229788873 75.88197029871098 145.4140078124999 0 233 2.8329 0.0 8.181805246746432 0.0 4.0 
1661 3069276.4 84.71906229788873 75.84332885267251 145.4140078124999 0 233 2.8329 0.0 8.181805246746432 0.0 4.0 
1662 3069309.8 84.71906229788873 75.84332885267251 145.4140078124999 0 233 2.8329 0.0 8.181805246746432 0.0 4.0 
1663 3069343.1 84.71906229788873 75.84332885267251 145.4140078124999 0 233 2.8329 0.0 8.181805246746432 0.0 4.0 
1664 3069376.4 84.71226486954177 75.84332885267251 145.4140078124999 0 233 2.8329 0.0 8.181805246746432 0.0 4.0 
1665 3069409.8 84.71226486954177 75.8040785534748 145.4140078124999 0 233 2.8329 0.0 8.181805246746432 0.0 4.0 
1666 3069443.1 84.71226486954177 75.8040785534748 145.4140078124999 0 233 2.8329 0.0 8.181805246746432 0.0 4.0 
1667 3069476.5 84.71226486954177 75.8040785534748 145.4140078124999 0 233 2.8329 0.0 8.181805246746432 0.0 4.0 
1668 3069509.8 84.71871119483797 75.8040785534748 145.4140078124999 0 233 2.8329 0.0 8.181805246746432 0.0 4.0 
1669 3069543.1 84.71871119483797 75.7874326636417 145.4140078124999 0 233 2.8329 0.0 8.181805246746432 0.0 4.0 
1670 3069576.5 84.71871119483797 75.7874326636417 145.4140078124999 0 233 2.8329 0.0 8.181805246746432 0.0 4.0 
1671 3069609.8 84.71871119483797 75.7874326636417 145.4140078124999 0 233 2.8329 0.0 8.181805246746432 0.0 4.0 
1672 3069643.1 84.73833852000689 75.7874326636417 145.4140078124999 0 233 2.8329 0.0 8.181805246746432 0.0 4.0 
1673 3069676.5 84.73833852000689 75.79141730056271 145.4140078124999 0 233 2.8329 0.0 8.181805246746432 0.0 4.0 
1674 3069709.8 84.73833852000689 75.79141730056271 145.4140078124999 0 233 2.8329 0.0 8.181805246746432 0.0 4.0 
1675 3069743.1 84.73833852000689 75.79141730056271 145.4140078124999 0 233 2.8329 0.0 8.181805246746432 0.0 4.0 
1676 3069776.5 84.81883097595271 75.79141730056271 145.4140078124999 0 233 2.8329 0.0 8.181805246746432 0.0 4.0 
1677 3069809.8 84.81883097595271 75.79865996388722 145.4140078124999 0 233 2.8329 0.0 8.181805246746432 0.0 4.0 
1678 3069843.1 84.81883097595271 75.79865996388722 145.4140078124999 0 233 2.8329 0.0 8.181805246746432 0.0 4.0 
1679 3069876.5 84.81883097595271 75.79865996388722 145.4140078124999 0 233 2.8329 0.0 8.181805246746432 0.0 4.0 
1680 3069909.8 84.81883097595271 75.79865996388722 145.4140078124999 0 233 2.8329 0.0 8.181805246746432 0.0 4.0 
1681 3069943.2 84.84944241014348 75.79865996388722 145.4140078124999 0 233 2.8329 0.0 8.181805246746432 0.0 4.0 
1682 3069976.5 84.84944241014348 75.79520706937362 145.4140078124999 0 233 2.8329 0.0 8.181805246746432 0.0 4.0 
1683 3070009.8 84.84944241014348 75.79520706937362 145.4140078124999 0 233 2.8329 0.0 8.181805246746432 0.0 4.0 
1684 3070043.2 84.84944241014348 75.79520706937362 145.4140078124999 0 233 2.8329 0.0 8.181805246746432 0.0 4.0 
1685 3070076.5 84.88429238537496 75.79520706937362 145.4140078124999 0 233 2.8329 0.0 8.181805246746432 0.0 4.0 
1686 3070109.8 84.88429238537496 75.78431756373024 145.4140078124999 0 233 2.8329 0.0 8.181805246746432 0.0 4.0 
1687 3070143.2 84.88429238537496 75.78431756373024 145.4140078124999 0 233 2.8329 0.0 8.181805246746432 0.0 4.0 
1688 3070176.5 84.88429238537496 75.78431756373024 145.4140078124999 0 233 2.8329 0.0 8.181805246746432 0.0 4.0 
1689 3070209.8 84.92063490074959 75.78431756373024 145.4140078124999 0 233 2.8329 0.0 8.181805246746432 0.0 4.0 
1690 3070243.2 84.92063490074959 75.77682152877311 145.4140078124999 0 233 2.8329 0.0 8.181805246746432 0.0 4.0 
1691 3070276.5 84.92063490074959 75.77682152877311 145.4140078124999 0 233 2.8329 0.0 8.181805246746432 0.0 4.0 
1692 3070309.9 84.92063490074959 75.77682152877311 145.4140078124999 0 233 2.8329 0.0 8.181805246746432 0.0 4.0 
1693 3070343.2 84.94747300897374 75.77682152877311 145.4140078124999 0 233 2.8329 0.0 8.181805246746432 0.0 4.0 
1694 3070376.5 84.94747300897374 75.76680936072215 145.4140078124999 0 233 2.8329 0.0 8.181805246746432 0.0 4.0 
1695 3070409.9 84.94747300897374 75.76680936072215 145.4140078124999 0 233 2.8329 0.0 8.181805246746432 0.0 4.0 
1696 3070443.2 84.94747300897374 75.76680936072215 145.4140078124999 0 233 2.8329 0.0 8.181805246746432 0.0 4.0 
1697 3070476.5 84.96868921267394 75.76680936072215 145.4140078124999 0 233 2.8329 0.0 8.181805246746432 0.0 4.0 
1698 3070509.9 84.96868921267394 75.75366028841447 145.4140078124999 0 233 2.8329 0.0 8.181805246746432 0.0 4.0 
1699 3070543.2 84.96868921267394 75.75366028841447 145.4140078124999 0 233 2.8329 0.0 8.181805246746432 0.0 4.0 
1700 3070576.5 84.96868921267394 75.75366028841447 145.4140078124999 0 233 2.8329 0.0 8.181805246746432 0.0 4.0 
1701 3070609.9 84.99252196131835 75.75366028841447 145.4140078124999 0 233 2.8329 0.0 8.181805246746432 0.0 4.0 
1702 3070643.2 84.99252196131835 75.73126090506645 145.4140078124999 0 233 2.8329 0.0 8.181805246746432 0.0 4.0 
1703 3070676.5 84.99252196131835 75.73126090506645 145.4140078124999 0 233 2.8329 0.0 8.181805246746432 0.0 4.0 
1704 3070709.9 84.99252196131835 75.73126090506645 145.4140078124999 0 233 2.8329 0.0 8.181805246746432 0.0 4.0 
1705 3070743.2 85.01573203220548 75.73126090506645 145.4140078124999 0 233 2.8329 0.0 8.181805246746432 0.0 4.0 
1706 3070776.6 85.01573203220548 75.70790595521603 145.4140078124999 0 233 2.8329 0.0 8.181805246746432 0.0 4.0 
1707 3070809.9 85.01573203220548 75.70790595521603 145.4140078124999 0 233 2.8329 0.0 8.181805246746432 0.0 4.0 
1708 3070843.2 85.01573203220548 75.70790595521603 145.4140078124999 0 233 2.8329 0.0 8.181805246746432 0.0 4.0 
1709 3070876.6 85.04148348307717 75.70790595521603 145.4140078124999 0 233 2.8329 0.0 8.181805246746432 0.0 4.0 
1710 3070909.9 85.04148348307717 75.68656355972576 145.4140078124999 0 233 2.8329 0.0 8.181805246746432 0.0 4.0 
1711 3070943.2 85.04148348307717 75.68656355972576 145.4140078124999 0 233 2.8329 0.0 8.181805246746432 0.0 4.0 
1712 3070976.6 85.04148348307717 75.68656355972576 145.4140078124999 0 233 2.8329 0.0 8.181805246746432 0.0 4.0 
1713 3071009.9 85.06771494198698 75.68656355972576 145.4140078124999 0 233 2.8329 0.0 8.181805246746432 0.0 4.0 
1714 3071043.2 85.06771494198698 75.66809339037262 145.4140078124999 0 233 2.8329 0.0 8.181805246746432 0.0 4.0 
1715 3071076.6 85.06771494198698 75.66809339037262 145.4140078124999 0 233 2.8329 0.0 8.181805246746432 0.0 4.0 
1716 3071109.9 85.06771494198698 75.66809339037262 145.4140078124999 0 233 2.8329 0.0 8.181805246746432 0.0 4.0 
1717 3071143.3 85.09231164900595 75.66809339037262 145.4140078124999 0 233 2.8329 0.0 8.181805246746432 0.0 4.0 
1718 3071176.6 85.09231164900595 75.65423089975788 145.4140078124999 0 233 2.8329 0.0 8.181805246746432 0.0 4.0 
1719 3071209.9 85.09231164900595 75.65423089975788 145.4140078124999 0 233 2.8329 0.0 8.181805246746432 0.0 4.0 
1720 3071243.3 85.09231164900595 75.65423089975788 145.4140078124999 0 233 2.8329 0.0 8.181805246746432 0.0 4.0 
1721 3071276.6 85.11481739276375 75.65423089975788 145.4140078124999 0 233 2.8329 0.0 8.181805246746432 0.0 4.0 
1722 3071309.9 85.11481739276375 75.64432414616107 145.4140078124999 0 233 2.8329 0.0 8.181805246746432 0.0 4.0 
1723 3071343.3 85.11481739276375 75.64432414616107 145.4140078124999 0 233 2.8329 0.0 8.181805246746432 0.0 4.0 
1724 3071376.6 85.11481739276375 75.64432414616107 145.4140078124999 0 233 2.8329 0.0 8.181805246746432 0.0 4.0 
1725 3071409.9 85.14262489818788 75.64432414616107 145.4140078124999 0 233 2.8329 0.0 8.181805246746432 0.0 4.0 
1726 3071443.3 85.14262489818788 75.63835168019833 145.4140078124999 0 233 2.8329 0.0 8.181805246746432 0.0 4.0 
1727 3071476.6 85.14262489818788 75.63835168019833 145.4140078124999 0 233 2.8329 0.0 8.181805246746432 0.0 4.0 
1728 3071509.9 85.14262489818788 75.63835168019833 145.4140078124999 0 233 2.8329 0.0 8.181805246746432 0.0 4.0 
1729 3071543.3 85.17179200143808 75.63835168019833 145.4140078124999 0 233 2.8329 0.0 8.181805246746432 0.0 4.0 
1730 3071576.6 85.17179200143808 75.64192301918305 145.4140078124999 0 233 2.8329 0.0 8.181805246746432 0.0 4.0 
1731 3071610.0 85.17179200143808 75.64192301918305 145.4140078124999 0 233 2.8329 0.0 8.181805246746432 0.0 4.0 
1732 3071643.3 85.17179200143808 75.64192301918305 145.4140078124999 0 233 2.8329 0.0 8.181805246746432 0.0 4.0 
1733 3071676.6 85.1955259626397 75.64192301918305 145.4140078124999 0 233 2.8329 0.0 8.181805246746432 0.0 4.0 
1734 3071710.0 85.1955259626397 75.65209664898109 145.4140078124999 0 233 2.8329 0.0 8.181805246746432 0.0 4.0 
1735 3071743.3 85.1955259626397 75.65209664898109 145.4140078124999 0 233 2.8329 0.0 8.181805246746432 0.0 4.0 
1736 3071776.6 85.1955259626397 75.65209664898109 145.4140078124999 0 233 2.8329 0.0 8.181805246746432 0.0 4.0 
1737 3071810.0 85.21452097128594 75.65209664898109 145.4140078124999 0 233 2.8329 0.0 8.181805246746432 0.0 4.0 
1738 3071843.3 85.21452097128594 75.67042348265906 145.4140078124999 0 233 2.8329 0.0 8.181805246746432 0.0 4.0 
1739 3071876.6 85.21452097128594 75.67042348265906 145.4140078124999 0 233 2.8329 0.0 8.181805246746432 0.0 4.0 
1740 3071910.0 85.21452097128594 75.67042348265906 145.4140078124999 0 233 2.8329 0.0 8.181805246746432 0.0 4.0 
1741 3071943.3 85.23911832381138 75.67042348265906 145.4140078124999 0 233 2.8329 0.0 8.181805246746432 0.0 4.0 
1742 3071976.7 85.23911832381138 75.70481794822155 145.4140078124999 0 233 2.8329 0.0 8.181805246746432 0.0 4.0 
1743 3072010.0 85.23911832381138 75.70481794822155 145.4140078124999 0 233 2.8329 0.0 8.181805246746432 0.0 4.0 
1744 3072043.3 85.23911832381138 75.70481794822155 145.4140078124999 0 233 2.8329 0.0 8.181805246746432 0.0 4.0 
1745 3072076.7 85.25993299241914 75.70481794822155 145.4140078124999 0 233 2.8329 0.0 8.181805246746432 0.0 4.0 
1746 3072110.0 85.25993299241914 75.73447626635692 145.4140078124999 0 233 2.8329 0.0 8.181805246746432 0.0 4.0 
1747 3072143.3 85.25993299241914 75.73447626635692 145.4140078124999 0 233 2.8329 0.0 8.181805246746432 0.0 4.0 
1748 3072176.7 85.25993299241914 75.73447626635692 145.4140078124999 0 233 2.8329 0.0 8.181805246746432 0.0 4.0 
1749 3072210.0 85.28469831327024 75.73447626635692 145.4140078124999 0 233 2.8329 0.0 8.181805246746432 0.0 4.0 
1750 3072243.3 85.28469831327024 75.7554764660825 145.4140078124999 0 233 2.8329 0.0 8.181805246746432 0.0 4.0 
1751 3072276.7 85.28469831327024 75.7554764660825 145.4140078124999 0 233 2.8329 0.0 8.181805246746432 0.0 4.0 
1752 3072310.0 85.28469831327024 75.7554764660825 145.4140078124999 0 233 2.8329 0.0 8.181805246746432 0.0 4.0 
1753 3072343.3 85.30221594917207 75.7554764660825 145.4140078124999 0 233 2.8329 0.0 8.181805246746432 0.0 4.0 
1754 3072376.7 85.30221594917207 75.7697622890573 145.4140078124999 0 233 2.8329 0.0 8.181805246746432 0.0 4.0 
1755 3072410.0 85.30221594917207 75.7697622890573 145.4140078124999 0 233 2.8329 0.0 8.181805246746432 0.0 4.0 
1756 3072443.4 85.30221594917207 75.7697622890573 145.4140078124999 0 233 2.8329 0.0 8.181805246746432 0.0 4.0 
1757 3072476.7 85.32420637201976 75.7697622890573 145.4140078124999 0 233 2.8329 0.0 8.181805246746432 0.0 4.0 
1758 3072510.0 85.32420637201976 75.77937148657149 145.4140078124999 0 233 2.8329 0.0 8.181805246746432 0.0 4.0 
1759 3072543.4 85.32420637201976 75.77937148657149 145.4140078124999 0 233 2.8329 0.0 8.181805246746432 0.0 4.0 
1760 3072576.7 85.32420637201976 75.77937148657149 145.4140078124999 0 233 2.8329 0.0 8.181805246746432 0.0 4.0 
1761 3072610.0 85.35077881485824 75.77937148657149 145.4140078124999 0 233 2.8329 0.0 8.181805246746432 0.0 4.0 
1762 3072643.4 85.35077881485824 75.78381330443877 145.4140078124999 0 233 2.8329 0.0 8.181805246746432 0.0 4.0 
1763 3072676.7 85.35077881485824 75.78381330443877 145.4140078124999 0 233 2.8329 0.0 8.181805246746432 0.0 4.0 
1764 3072710.0 85.35077881485824 75.78381330443877 145.4140078124999 0 233 2.8329 0.0 8.181805246746432 0.0 4.0 
1765 3072743.4 85.37402935596765 75.78381330443877 145.4140078124999 0 233 2.8329 0.0 8.181805246746432 0.0 4.0 
1766 3072776.7 85.37402935596765 75.78590926531058 145.4140078124999 0 233 2.8329 0.0 8.181805246746432 0.0 4.0 
1767 3072810.1 85.37402935596765 75.78590926531058 145.4140078124999 0 233 2.8329 0.0 8.181805246746432 0.0 4.0 
1768 3072843.4 85.37402935596765 75.78590926531058 145.4140078124999 0 233 2.8329 0.0 8.181805246746432 0.0 4.0 
1769 3072876.7 85.3930854957659 75.78590926531058 145.4140078124999 0 233 2.8329 0.0 8.181805246746432 0.0 4.0 
1770 3072910.1 85.3930854957659 75.78590926531058 145.4140078124999 0 233 2.8329 0.0 8.181805246746432 0.0 4.0 
1771 3072943.4 85.3930854957659 75.78590926531058 145.4140078124999 0 233 2.8329 0.0 8.181805246746432 0.0 4.0 
1772 3072976.7 85.3930854957659 75.78590926531058 145.4140078124999 0 233 2.8329 0.0 8.181805246746432 0.0 4.0 
1773 3073010.1 85.41510547927525 75.78590926531058 145.4140078124999 0 233 2.8329 0.0 8.181805246746432 0.0 4.0 
1774 3073043.4 85.41510547927525 75.78590926531058 145.4140078124999 0 233 2.8329 0.0 8.181805246746432 0.0 4.0 
1775 3073076.7 85.41510547927525 75.78590926531058 145.4140078124999 0 233 2.8329 0.0 8.181805246746432 0.0 4.0 
1776 3073110.1 85.42868708398804 75.78590926531058 145.4140078124999 0 233 2.8329 0.0 8.181805246746432 0.0 4.0 
1777 3073143.4 85.42868708398804 75.78590926531058 145.4140078124999 0 233 2.8329 0.0 8.181805246746432 0.0 4.0 
1778 3073176.7 85.42868708398804 75.78590926531058 145.4140078124999 0 233 2.8329 0.0 8.181805246746432 0.0 4.0 
1779 3073210.1 85.44495636013647 75.78590926531058 145.4140078124999 0 233 2.8329 0.0 8.181805246746432 0.0 4.0 
1780 3073243.4 85.44495636013647 75.77892449545135 145.4140078124999 0 233 2.8329 0.0 8.181805246746432 0.0 4.0 
1781 3073276.8 85.44495636013647 75.77892449545135 145.4140078124999 0 233 2.8329 0.0 8.181805246746432 0.0 4.0 
1782 3073310.1 85.44495636013647 75.77892449545135 145.4140078124999 0 233 2.8329 0.0 8.181805246746432 0.0 4.0 
1783 3073343.4 85.46204629049456 75.77892449545135 145.4140078124999 0 233 2.8329 0.0 8.181805246746432 0.0 4.0 
1784 3073376.8 85.46204629049456 75.76630218890884 145.4140078124999 0 233 2.8329 0.0 8.181805246746432 0.0 4.0 
1785 3073410.1 85.46204629049456 75.76630218890884 145.4140078124999 0 233 2.8329 0.0 8.181805246746432 0.0 4.0 
1786 3073443.4 85.46204629049456 75.76630218890884 145.4140078124999 0 233 2.8329 0.0 8.181805246746432 0.0 4.0 
1787 3073476.8 85.4773020229915 75.76630218890884 145.4140078124999 0 233 2.8329 0.0 8.181805246746432 0.0 4.0 
1788 3073510.1 85.4773020229915 75.7553598973467 145.4140078124999 0 233 2.8329 0.0 8.181805246746432 0.0 4.0 
1789 3073543.4 85.4773020229915 75.7553598973467 145.4140078124999 0 233 2.8329 0.0 8.181805246746432 0.0 4.0 
1790 3073576.8 85.4773020229915 75.7553598973467 145.4140078124999 0 233 2.8329 0.0 8.181805246746432 0.0 4.0 
1791 3073610.1 85.49584850240119 75.7553598973467 145.4140078124999 0 233 2.8329 0.0 8.181805246746432 0.0 4.0 
1792 3073643.5 85.49584850240119 75.74183956275924 145.4140078124999 0 233 2.8329 0.0 8.181805246746432 0.0 4.0 
1793 3073676.8 85.49584850240119 75.74183956275924 145.4140078124999 0 233 2.8329 0.0 8.181805246746432 0.0 4.0 
1794 3073710.1 85.49584850240119 75.74183956275924 145.4140078124999 0 233 2.8329 0.0 8.181805246746432 0.0 4.0 
1795 3073743.5 85.50843129438748 75.74183956275924 145.4140078124999 0 233 2.8329 0.0 8.181805246746432 0.0 4.0 
1796 3073776.8 85.50843129438748 75.73431962554992 145.4140078124999 0 233 2.8329 0.0 8.181805246746432 0.0 4.0 
1797 3073810.1 85.50843129438748 75.73431962554992 145.4140078124999 0 233 2.8329 0.0 8.181805246746432 0.0 4.0 
1798 3073843.5 85.50843129438748 75.73431962554992 145.4140078124999 0 233 2.8329 0.0 8.181805246746432 0.0 4.0 
1799 3073876.8 85.52649830070237 75.73431962554992 145.4140078124999 0 233 2.8329 0.0 8.181805246746432 0.0 4.0 
1800 3073910.1 85.52649830070237 75.72376914214107 145.4140078124999 0 233 2.8329 0.0 8.181805246746432 0.0 4.0 
1801 3073943.5 85.52649830070237 75.72376914214107 145.4140078124999 0 233 2.8329 0.0 8.181805246746432 0.0 4.0 
1802 3073976.8 85.52649830070237 75.72376914214107 145.4140078124999 0 233 2.8329 0.0 8.181805246746432 0.0 4.0 
1803 3074010.1 85.54325319965952 75.72376914214107 145.4140078124999 0 233 2.8329 0.0 8.181805246746432 0.0 4.0 
1804 3074043.5 85.54325319965952 75.71270494728223 145.4140078124999 0 233 2.8329 0.0 8.181805246746432 0.0 4.0 
1805 3074076.8 85.54325319965952 75.71270494728223 145.4140078124999 0 233 2.8329 0.0 8.181805246746432 0.0 4.0 
1806 3074110.2 85.54325319965952 75.71270494728223 145.4140078124999 0 233 2.8329 0.0 8.181805246746432 0.0 4.0 
1807 3074143.5 85.56037556441423 75.71270494728223 145.4140078124999 0 233 2.8329 0.0 8.181805246746432 0.0 4.0 
1808 3074176.8 85.56037556441423 75.70021331561848 145.4140078124999 0 233 2.8329 0.0 8.181805246746432 0.0 4.0 
1809 3074210.2 85.56037556441423 75.70021331561848 145.4140078124999 0 233 2.8329 0.0 8.181805246746432 0.0 4.0 
1810 3074243.5 85.56037556441423 75.70021331561848 145.4140078124999 0 233 2.8329 0.0 8.181805246746432 0.0 4.0 
1811 3074276.8 85.58207050899482 75.70021331561848 145.4140078124999 0 233 2.8329 0.0 8.181805246746432 0.0 4.0 
1812 3074310.2 85.58207050899482 75.6943475521087 145.4140078124999 0 233 2.8329 0.0 8.181805246746432 0.0 4.0 
1813 3074343.5 85.58207050899482 75.6943475521087 145.4140078124999 0 233 2.8329 0.0 8.181805246746432 0.0 4.0 
1814 3074376.8 85.58207050899482 75.6943475521087 145.4140078124999 0 233 2.8329 0.0 8.181805246746432 0.0 4.0 
1815 3074410.2 85.59848668940943 75.6943475521087 145.4140078124999 0 233 2.8329 0.0 8.181805246746432 0.0 4.0 
1816 3074443.5 85.59848668940943 75.6943475521087 145.4140078124999 0 233 2.8329 0.0 8.181805246746432 0.0 4.0 
1817 3074476.9 85.59848668940943 75.6943475521087 145.4140078124999 0 233 2.8329 0.0 8.181805246746432 0.0 4.0 
1818 3074510.2 85.59848668940943 75.6943475521087 145.4140078124999 0 233 2.8329 0.0 8.181805246746432 0.0 4.0 
1819 3074543.5 85.61632741854613 75.6943475521087 145.4140078124999 0 233 2.8329 0.0 8.181805246746432 0.0 4.0 
1820 3074576.9 85.61632741854613 75.69874723289215 145.4140078124999 0 233 2.8329 0.0 8.181805246746432 0.0 4.0 
1821 3074610.2 85.61632741854613 75.69874723289215 145.4140078124999 0 233 2.8329 0.0 8.181805246746432 0.0 4.0 
1822 3074643.5 85.61632741854613 75.69874723289215 145.4140078124999 0 233 2.8329 0.0 8.181805246746432 0.0 4.0 
1823 3074676.9 85.63355872291794 75.69874723289215 145.4140078124999 0 233 2.8329 0.0 8.181805246746432 0.0 4.0 
1824 3074710.2 85.63355872291794 75.7142528335013 145.4140078124999 0 233 2.8329 0.0 8.181805246746432 0.0 4.0 
1825 3074743.5 85.63355872291794 75.7142528335013 145.4140078124999 0 233 2.8329 0.0 8.181805246746432 0.0 4.0 
1826 3074776.9 85.63355872291794 75.7142528335013 145.4140078124999 0 233 2.8329 0.0 8.181805246746432 0.0 4.0 
1827 3074810.2 85.65875674540092 75.7142528335013 145.4140078124999 0 233 2.8329 0.0 8.181805246746432 0.0 4.0 
1828 3074843.5 85.65875674540092 75.73788302150828 145.4140078124999 0 233 2.8329 0.0 8.181805246746432 0.0 4.0 
1829 3074876.9 85.65875674540092 75.73788302150828 145.4140078124999 0 233 2.8329 0.0 8.181805246746432 0.0 4.0 
1830 3074910.2 85.65875674540092 75.73788302150828 145.4140078124999 0 233 2.8329 0.0 8.181805246746432 0.0 4.0 
1831 3074943.6 85.66925834389362 75.73788302150828 145.4140078124999 0 233 2.8329 0.0 8.181805246746432 0.0 4.0 
1832 3074976.9 85.66925834389362 75.75168964825636 145.4140078124999 0 233 2.8329 0.0 8.181805246746432 0.0 4.0 
1833 3075010.2 85.66925834389362 75.75168964825636 145.4140078124999 0 233 2.8329 0.0 8.181805246746432 0.0 4.0 
1834 3075043.6 85.66925834389362 75.75168964825636 145.4140078124999 0 233 2.8329 0.0 8.181805246746432 0.0 4.0 
1835 3075076.9 85.67758163270011 75.75168964825636 145.4140078124999 0 233 2.8329 0.0 8.181805246746432 0.0 4.0 
1836 3075110.2 85.67758163270011 75.76978700434535 145.4140078124999 0 233 2.8329 0.0 8.181805246746432 0.0 4.0 
1837 3075143.6 85.67758163270011 75.76978700434535 145.4140078124999 0 233 2.8329 0.0 8.181805246746432 0.0 4.0 
1838 3075176.9 85.67758163270011 75.76978700434535 145.4140078124999 0 233 2.8329 0.0 8.181805246746432 0.0 4.0 
1839 3075210.2 85.68574290815232 75.76978700434535 145.4140078124999 0 233 2.8329 0.0 8.181805246746432 0.0 4.0 
1840 3075243.6 85.68574290815232 75.7902075007997 145.4140078124999 0 233 2.8329 0.0 8.181805246746432 0.0 4.0 
1841 3075276.9 85.68574290815232 75.7902075007997 145.4140078124999 0 233 2.8329 0.0 8.181805246746432 0.0 4.0 
1842 3075310.3 85.68574290815232 75.7902075007997 145.4140078124999 0 233 2.8329 0.0 8.181805246746432 0.0 4.0 
1843 3075343.6 85.69278616225522 75.7902075007997 145.4140078124999 0 233 2.8329 0.0 8.181805246746432 0.0 4.0 
1844 3075376.9 85.69278616225522 75.81929643074893 145.4140078124999 0 233 2.8329 0.0 8.181805246746432 0.0 4.0 
1845 3075410.3 85.69278616225522 75.81929643074893 145.4140078124999 0 233 2.8329 0.0 8.181805246746432 0.0 4.0 
1846 3075443.6 85.69278616225522 75.81929643074893 145.4140078124999 0 233 2.8329 0.0 8.181805246746432 0.0 4.0 
1847 3075476.9 85.70322640685355 75.81929643074893 145.4140078124999 0 233 2.8329 0.0 8.181805246746432 0.0 4.0 
1848 3075510.3 85.70322640685355 75.83815386472038 145.4140078124999 0 233 2.8329 0.0 8.181805246746432 0.0 4.0 
1849 3075543.6 85.70322640685355 75.83815386472038 145.4140078124999 0 233 2.8329 0.0 8.181805246746432 0.0 4.0 
1850 3075576.9 85.70322640685355 75.83815386472038 145.4140078124999 0 233 2.8329 0.0 8.181805246746432 0.0 4.0 
1851 3075610.3 85.71240535725943 75.83815386472038 145.4140078124999 0 233 2.8329 0.0 8.181805246746432 0.0 4.0 
1852 3075643.6 85.71240535725943 75.85561091949883 145.4140078124999 0 233 2.8329 0.0 8.181805246746432 0.0 4.0 
1853 3075676.9 85.71240535725943 75.85561091949883 145.4140078124999 0 233 2.8329 0.0 8.181805246746432 0.0 4.0 
1854 3075710.3 85.71240535725943 75.85561091949883 145.4140078124999 0 233 2.8329 0.0 8.181805246746432 0.0 4.0 
1855 3075743.6 85.73021217422769 75.85561091949883 145.4140078124999 0 233 2.8329 0.0 8.181805246746432 0.0 4.0 
1856 3075777.0 85.73021217422769 75.86951867548312 145.4140078124999 0 233 2.8329 0.0 8.181805246746432 0.0 4.0 
1857 3075810.3 85.73021217422769 75.86951867548312 145.4140078124999 0 233 2.8329 0.0 8.181805246746432 0.0 4.0 
1858 3075843.6 85.73021217422769 75.86951867548312 145.4140078124999 0 233 2.8329 0.0 8.181805246746432 0.0 4.0 
1859 3075877.0 85.74512141343375 75.86951867548312 145.4140078124999 0 233 2.8329 0.0 8.181805246746432 0.0 4.0 
1860 3075910.3 85.74512141343375 75.8822737710106 145.4140078124999 0 233 2.8329 0.0 8.181805246746432 0.0 4.0 
1861 3075943.6 85.74512141343375 75.8822737710106 145.4140078124999 0 233 2.8329 0.0 8.181805246746432 0.0 4.0 
1862 3075977.0 85.74512141343375 75.8822737710106 145.4140078124999 0 233 2.8329 0.0 8.181805246746432 0.0 4.0 
1863 3076010.3 85.76110096841406 75.8822737710106 145.4140078124999 0 233 2.8329 0.0 8.181805246746432 0.0 4.0 
1864 3076043.6 85.76110096841406 75.88930509898103 145.4140078124999 0 233 2.8329 0.0 8.181805246746432 0.0 4.0 
1865 3076077.0 85.76110096841406 75.88930509898103 145.4140078124999 0 233 2.8329 0.0 8.181805246746432 0.0 4.0 
1866 3076110.3 85.76110096841406 75.88930509898103 145.4140078124999 0 233 2.8329 0.0 8.181805246746432 0.0 4.0 
1867 3076143.7 85.77658701936186 75.88930509898103 145.4140078124999 0 233 2.8329 0.0 8.181805246746432 0.0 4.0 
1868 3076177.0 85.77658701936186 75.89514988716722 145.4140078124999 0 233 2.8329 0.0 8.181805246746432 0.0 4.0 
1869 3076210.3 85.77658701936186 75.89514988716722 145.4140078124999 0 233 2.8329 0.0 8.181805246746432 0.0 4.0 
1870 3076243.7 85.77658701936186 75.89514988716722 145.4140078124999 0 233 2.8329 0.0 8.181805246746432 0.0 4.0 
1871 3076277.0 85.79397134637436 75.89514988716722 145.4140078124999 0 233 2.8329 0.0 8.181805246746432 0.0 4.0 
1872 3076310.3 85.79397134637436 75.90252542703449 145.4140078124999 0 233 2.8329 0.0 8.181805246746432 0.0 4.0 
1873 3076343.7 85.79397134637436 75.90252542703449 145.4140078124999 0 233 2.8329 0.0 8.181805246746432 0.0 4.0 
1874 3076377.0 85.79397134637436 75.90252542703449 145.4140078124999 0 233 2.8329 0.0 8.181805246746432 0.0 4.0 
1875 3076410.3 85.81244754087517 75.90252542703449 145.4140078124999 0 233 2.8329 0.0 8.181805246746432 0.0 4.0 
1876 3076443.7 85.81244754087517 75.90711386103942 145.4140078124999 0 233 2.8329 0.0 8.181805246746432 0.0 4.0 
1877 3076477.0 85.81244754087517 75.90711386103942 145.4140078124999 0 233 2.8329 0.0 8.181805246746432 0.0 4.0 
1878 3076510.3 85.81244754087517 75.90711386103942 145.4140078124999 0 233 2.8329 0.0 8.181805246746432 0.0 4.0 
1879 3076543.7 85.82530126824297 75.90711386103942 145.4140078124999 0 233 2.8329 0.0 8.181805246746432 0.0 4.0 
1880 3076577.0 85.82530126824297 75.90811996149816 145.4140078124999 0 233 2.8329 0.0 8.181805246746432 0.0 4.0 
1881 3076610.4 85.82530126824297 75.90811996149816 145.4140078124999 0 233 2.8329 0.0 8.181805246746432 0.0 4.0 
1882 3076643.7 85.82530126824297 75.90811996149816 145.4140078124999 0 233 2.8329 0.0 8.181805246746432 0.0 4.0 
1883 3076677.0 85.84712576764626 75.90811996149816 145.4140078124999 0 233 2.8329 0.0 8.181805246746432 0.0 4.0 
1884 3076710.4 85.84712576764626 75.90923910094963 145.4140078124999 0 233 2.8329 0.0 8.181805246746432 0.0 4.0 
1885 3076743.7 85.84712576764626 75.90923910094963 145.4140078124999 0 233 2.8329 0.0 8.181805246746432 0.0 4.0 
1886 3076777.0 85.84712576764626 75.90923910094963 145.4140078124999 0 233 2.8329 0.0 8.181805246746432 0.0 4.0 
1887 3076810.4 85.86263112049912 75.90923910094963 145.4140078124999 0 233 2.8329 0.0 8.181805246746432 0.0 4.0 
1888 3076843.7 85.86263112049912 75.90804271209437 145.4140078124999 0 233 2.8329 0.0 8.181805246746432 0.0 4.0 
1889 3076877.0 85.86263112049912 75.90804271209437 145.4140078124999 0 233 2.8329 0.0 8.181805246746432 0.0 4.0 
1890 3076910.4 85.86263112049912 75.90804271209437 145.4140078124999 0 233 2.8329 0.0 8.181805246746432 0.0 4.0 
1891 3076943.7 85.88098313107976 75.90804271209437 145.4140078124999 0 233 2.8329 0.0 8.181805246746432 0.0 4.0 
1892 3076977.1 85.88098313107976 75.90490922033095 145.4140078124999 0 233 2.8329 0.0 8.181805246746432 0.0 4.0 
1893 3077010.4 85.88098313107976 75.90490922033095 145.4140078124999 0 233 2.8329 0.0 8.181805246746432 0.0 4.0 
1894 3077043.7 85.88098313107976 75.90490922033095 145.4140078124999 0 233 2.8329 0.0 8.181805246746432 0.0 4.0 
1895 3077077.1 85.89560601975182 75.90490922033095 145.4140078124999 0 233 2.8329 0.0 8.181805246746432 0.0 4.0 
1896 3077110.4 85.89560601975182 75.89956108214162 145.4140078124999 0 233 2.8329 0.0 8.181805246746432 0.0 4.0 
1897 3077143.7 85.89560601975182 75.89956108214162 145.4140078124999 0 233 2.8329 0.0 8.181805246746432 0.0 4.0 
1898 3077177.1 85.89560601975182 75.89956108214162 145.4140078124999 0 233 2.8329 0.0 8.181805246746432 0.0 4.0 
1899 3077210.4 85.91172766591814 75.89956108214162 145.4140078124999 0 233 2.8329 0.0 8.181805246746432 0.0 4.0 
1900 3077243.7 85.91172766591814 75.89956108214162 145.4140078124999 0 233 2.8329 0.0 8.181805246746432 0.0 4.0 
1901 3077277.1 85.91172766591814 75.89956108214162 145.4140078124999 0 233 2.8329 0.0 8.181805246746432 0.0 4.0 
1902 3077310.4 85.92720465453219 75.89956108214162 145.4140078124999 0 233 2.8329 0.0 8.181805246746432 0.0 4.0 
1903 3077343.7 85.92720465453219 75.90550465960052 145.4140078124999 0 233 2.8329 0.0 8.181805246746432 0.0 4.0 
1904 3077377.1 85.92720465453219 75.90550465960052 145.4140078124999 0 233 2.8329 0.0 8.181805246746432 0.0 4.0 
1905 3077410.4 85.92720465453219 75.90550465960052 145.4140078124999 0 233 2.8329 0.0 8.181805246746432 0.0 4.0 
1906 3077443.8 85.936857438823 75.90550465960052 145.4140078124999 0 233 2.8329 0.0 8.181805246746432 0.0 4.0 
1907 3077477.1 85.936857438823 75.92634469941372 145.4140078124999 0 233 2.8329 0.0 8.181805246746432 0.0 4.0 
1908 3077510.4 85.936857438823 75.92634469941372 145.4140078124999 0 233 2.8329 0.0 8.181805246746432 0.0 4.0 
1909 3077543.8 85.936857438823 75.92634469941372 145.4140078124999 0 233 2.8329 0.0 8.181805246746432 0.0 4.0 
1910 3077577.1 85.94571063533864 75.92634469941372 145.4140078124999 0 233 2.8329 0.0 8.181805246746432 0.0 4.0 
1911 3077610.4 85.94571063533864 75.94710995307737 145.4140078124999 0 233 2.8329 0.0 8.181805246746432 0.0 4.0 
1912 3077643.8 85.94571063533864 75.94710995307737 145.4140078124999 0 233 2.8329 0.0 8.181805246746432 0.0 4.0 
1913 3077677.1 85.94571063533864 75.94710995307737 145.4140078124999 0 233 2.8329 0.0 8.181805246746432 0.0 4.0 
1914 3077710.4 85.95278395796868 75.94710995307737 145.4140078124999 0 233 2.8329 0.0 8.181805246746432 0.0 4.0 
1915 3077743.8 85.95278395796868 75.95841390613512 145.4140078124999 0 233 2.8329 0.0 8.181805246746432 0.0 4.0 
1916 3077777.1 85.95278395796868 75.95841390613512 145.4140078124999 0 233 2.8329 0.0 8.181805246746432 0.0 4.0 
1917 3077810.5 85.95278395796868 75.95841390613512 145.4140078124999 0 233 2.8329 0.0 8.181805246746432 0.0 4.0 
1918 3077843.8 85.95895587046711 75.95841390613512 145.4140078124999 0 233 2.8329 0.0 8.181805246746432 0.0 4.0 
1919 3077877.1 85.95895587046711 75.98480369361599 145.4140078124999 0 233 2.8329 0.0 8.181805246746432 0.0 4.0 
1920 3077910.5 85.95895587046711 75.98480369361599 145.4140078124999 0 233 2.8329 0.0 8.181805246746432 0.0 4.0 
1921 3077943.8 85.95895587046711 75.98480369361599 145.4140078124999 0 233 2.8329 0.0 8.181805246746432 0.0 4.0 
1922 3077977.1 85.96452481818197 75.98480369361599 145.4140078124999 0 233 2.8329 0.0 8.181805246746432 0.0 4.0 
1923 3078010.5 85.96452481818197 76.0014966685319 145.4140078124999 0 233 2.8329 0.0 8.181805246746432 0.0 4.0 
1924 3078043.8 85.96452481818197 76.0014966685319 145.4140078124999 0 233 2.8329 0.0 8.181805246746432 0.0 4.0 
1925 3078077.1 85.96452481818197 76.0014966685319 145.4140078124999 0 233 2.8329 0.0 8.181805246746432 0.0 4.0 
1926 3078110.5 85.96635779139348 76.0014966685319 145.4140078124999 0 233 2.8329 0.0 8.181805246746432 0.0 4.0 
1927 3078143.8 85.96635779139348 76.02154271120156 145.4140078124999 0 233 2.8329 0.0 8.181805246746432 0.0 4.0 
1928 3078177.1 85.96635779139348 76.02154271120156 145.4140078124999 0 233 2.8329 0.0 8.181805246746432 0.0 4.0 
1929 3078210.5 85.96635779139348 76.02154271120156 145.4140078124999 0 233 2.8329 0.0 8.181805246746432 0.0 4.0 
1930 3078243.8 85.96635779139348 76.03420732510988 145.4140078124999 0 233 2.8329 0.0 8.181805246746432 0.0 4.0 
1931 3078277.2 85.96635779139348 76.03420732510988 145.4140078124999 0 233 2.8329 0.0 8.181805246746432 0.0 4.0 
1932 3078310.5 85.96635779139348 76.03420732510988 145.4140078124999 0 233 2.8329 0.0 8.181805246746432 0.0 4.0 
1933 3078343.8 85.96635779139348 76.05059174683801 145.4140078124999 0 233 2.8329 0.0 8.181805246746432 0.0 4.0 
1934 3078377.2 85.96635779139348 76.05059174683801 145.4140078124999 0 233 2.8329 0.0 8.181805246746432 0.0 4.0 
1935 3078410.5 85.96635779139348 76.05059174683801 145.4140078124999 0 233 2.8329 0.0 8.181805246746432 0.0 4.0 
1936 3078443.8 85.96635779139348 76.05059174683801 145.4140078124999 0 233 2.8329 0.0 8.181805246746432 0.0 4.0 
1937 3078477.2 85.96391910910717 76.05059174683801 145.4140078124999 0 233 2.8329 0.0 8.181805246746432 0.0 4.0 
1938 3078510.5 85.96391910910717 76.06375072103913 145.4140078124999 0 233 2.8329 0.0 8.181805246746432 0.0 4.0 
1939 3078543.8 85.96391910910717 76.06375072103913 145.4140078124999 0 233 2.8329 0.0 8.181805246746432 0.0 4.0 
1940 3078577.2 85.96391910910717 76.06375072103913 145.4140078124999 0 233 2.8329 0.0 8.181805246746432 0.0 4.0 
1941 3078610.5 85.95773022400198 76.06375072103913 145.4140078124999 0 233 2.8329 0.0 8.181805246746432 0.0 4.0 
1942 3078643.9 85.95773022400198 76.08369959238907 145.4140078124999 0 233 2.8329 0.0 8.181805246746432 0.0 4.0 
1943 3078677.2 85.95773022400198 76.08369959238907 145.4140078124999 0 233 2.8329 0.0 8.181805246746432 0.0 4.0 
1944 3078710.5 85.95773022400198 76.08369959238907 145.4140078124999 0 233 2.8329 0.0 8.181805246746432 0.0 4.0 
1945 3078743.9 85.95381727422082 76.08369959238907 145.4140078124999 0 233 2.8329 0.0 8.181805246746432 0.0 4.0 
1946 3078777.2 85.95381727422082 76.09695786110706 145.4140078124999 0 233 2.8329 0.0 8.181805246746432 0.0 4.0 
1947 3078810.5 85.95381727422082 76.09695786110706 145.4140078124999 0 233 2.8329 0.0 8.181805246746432 0.0 4.0 
1948 3078843.9 85.95381727422082 76.09695786110706 145.4140078124999 0 233 2.8329 0.0 8.181805246746432 0.0 4.0 
1949 3078877.2 85.95197761823852 76.09695786110706 145.4140078124999 0 233 2.8329 0.0 8.181805246746432 0.0 4.0 
1950 3078910.5 85.95197761823852 76.11059792847007 145.4140078124999 0 233 2.8329 0.0 8.181805246746432 0.0 4.0 
1951 3078943.9 85.95197761823852 76.11059792847007 145.4140078124999 0 233 2.8329 0.0 8.181805246746432 0.0 4.0 
1952 3078977.2 85.95197761823852 76.11059792847007 145.4140078124999 0 233 2.8329 0.0 8.181805246746432 0.0 4.0 
1953 3079010.5 85.94973035053198 76.11059792847007 145.4140078124999 0 233 2.8329 0.0 8.181805246746432 0.0 4.0 
1954 3079043.9 85.94973035053198 76.12329764698481 145.4140078124999 0 233 2.8329 0.0 8.181805246746432 0.0 4.0 
1955 3079077.2 85.94973035053198 76.12329764698481 145.4140078124999 0 233 2.8329 0.0 8.181805246746432 0.0 4.0 
1956 3079110.6 85.94973035053198 76.12329764698481 145.4140078124999 0 233 2.8329 0.0 8.181805246746432 0.0 4.0 
1957 3079143.9 85.94973035053198 76.13949573343659 145.4140078124999 0 233 2.8329 0.0 8.181805246746432 0.0 4.0 
1958 3079177.2 85.94973035053198 76.13949573343659 145.4140078124999 0 233 2.8329 0.0 8.181805246746432 0.0 4.0 
1959 3079210.6 85.94973035053198 76.13949573343659 145.4140078124999 0 233 2.8329 0.0 8.181805246746432 0.0 4.0 
1960 3079243.9 85.95679150501446 76.13949573343659 145.4140078124999 0 233 2.8329 0.0 8.181805246746432 0.0 4.0 
1961 3079277.2 85.95679150501446 76.1498656750291 145.4140078124999 0 233 2.8329 0.0 8.181805246746432 0.0 4.0 
1962 3079310.6 85.95679150501446 76.1498656750291 145.4140078124999 0 233 2.8329 0.0 8.181805246746432 0.0 4.0 
1963 3079343.9 85.95679150501446 76.1498656750291 145.4140078124999 0 233 2.8329 0.0 8.181805246746432 0.0 4.0 
1964 3079377.2 85.98191491577359 76.1498656750291 145.4140078124999 0 233 2.8329 0.0 8.181805246746432 0.0 4.0 
1965 3079410.6 85.98191491577359 76.16377639468249 145.4140078124999 0 233 2.8329 0.0 8.181805246746432 0.0 4.0 
1966 3079443.9 85.98191491577359 76.16377639468249 145.4140078124999 0 233 2.8329 0.0 8.181805246746432 0.0 4.0 
1967 3079477.3 85.98191491577359 76.16377639468249 145.4140078124999 0 233 2.8329 0.0 8.181805246746432 0.0 4.0 
1968 3079510.6 85.99942530388478 76.16377639468249 145.4140078124999 0 233 2.8329 0.0 8.181805246746432 0.0 4.0 
1969 3079543.9 85.99942530388478 76.17651716554406 145.4140078124999 0 233 2.8329 0.0 8.181805246746432 0.0 4.0 
1970 3079577.3 85.99942530388478 76.17651716554406 145.4140078124999 0 233 2.8329 0.0 8.181805246746432 0.0 4.0 
1971 3079610.6 85.99942530388478 76.17651716554406 145.4140078124999 0 233 2.8329 0.0 8.181805246746432 0.0 4.0 
1972 3079643.9 86.01727611456405 76.17651716554406 145.4140078124999 0 233 2.8329 0.0 8.181805246746432 0.0 4.0 
1973 3079677.3 86.01727611456405 76.18770884487468 145.4140078124999 0 233 2.8329 0.0 8.181805246746432 0.0 4.0 
1974 3079710.6 86.01727611456405 76.18770884487468 145.4140078124999 0 233 2.8329 0.0 8.181805246746432 0.0 4.0 
1975 3079743.9 86.01727611456405 76.18770884487468 145.4140078124999 0 233 2.8329 0.0 8.181805246746432 0.0 4.0 
1976 3079777.3 86.03793381286218 76.18770884487468 145.4140078124999 0 233 2.8329 0.0 8.181805246746432 0.0 4.0 
1977 3079810.6 86.03793381286218 76.19084245587227 145.4140078124999 0 233 2.8329 0.0 8.181805246746432 0.0 4.0 
1978 3079843.9 86.03793381286218 76.19084245587227 145.4140078124999 0 233 2.8329 0.0 8.181805246746432 0.0 4.0 
1979 3079877.3 86.03793381286218 76.19084245587227 145.4140078124999 0 233 2.8329 0.0 8.181805246746432 0.0 4.0 
1980 3079910.6 86.07030742906045 76.19084245587227 145.4140078124999 0 233 2.8329 0.0 8.181805246746432 0.0 4.0 
1981 3079944.0 86.07030742906045 76.18687499864636 145.4140078124999 0 233 2.8329 0.0 8.181805246746432 0.0 4.0 
1982 3079977.3 86.07030742906045 76.18687499864636 145.4140078124999 0 233 2.8329 0.0 8.181805246746432 0.0 4.0 
1983 3080010.6 86.07030742906045 76.18687499864636 145.4140078124999 0 233 2.8329 0.0 8.181805246746432 0.0 4.0 
1984 3080044.0 86.10105311051149 76.18687499864636 145.4140078124999 0 233 2.8329 0.0 8.181805246746432 0.0 4.0 
1985 3080077.3 86.10105311051149 76.18274896752015 145.4140078124999 0 233 2.8329 0.0 8.181805246746432 0.0 4.0 
1986 3080110.6 86.10105311051149 76.18274896752015 145.4140078124999 0 233 2.8329 0.0 8.181805246746432 0.0 4.0 
1987 3080144.0 86.10105311051149 76.18274896752015 145.4140078124999 0 233 2.8329 0.0 8.181805246746432 0.0 4.0 
1988 3080177.3 86.11616938350812 76.18274896752015 145.4140078124999 0 233 2.8329 0.0 8.181805246746432 0.0 4.0 
1989 3080210.6 86.11616938350812 76.18150305040304 145.4140078124999 0 233 2.8329 0.0 8.181805246746432 0.0 4.0 
1990 3080244.0 86.11616938350812 76.18150305040304 145.4140078124999 0 233 2.8329 0.0 8.181805246746432 0.0 4.0 
1991 3080277.3 86.11616938350812 76.18150305040304 145.4140078124999 0 233 2.8329 0.0 8.181805246746432 0.0 4.0 
1992 3080310.7 86.14040752362138 76.18150305040304 145.4140078124999 0 233 2.8329 0.0 8.181805246746432 0.0 4.0 
1993 3080344.0 86.14040752362138 76.17599332648074 145.4140078124999 0 233 2.8329 0.0 8.181805246746432 0.0 4.0 
1994 3080377.3 86.14040752362138 76.17599332648074 145.4140078124999 0 233 2.8329 0.0 8.181805246746432 0.0 4.0 
1995 3080410.7 86.14040752362138 76.17599332648074 145.4140078124999 0 233 2.8329 0.0 8.181805246746432 0.0 4.0 
1996 3080444.0 86.15767369905919 76.17599332648074 145.4140078124999 0 233 2.8329 0.0 8.181805246746432 0.0 4.0 
1997 3080477.3 86.15767369905919 76.16992218760994 145.4140078124999 0 233 2.8329 0.0 8.181805246746432 0.0 4.0 
1998 3080510.7 86.15767369905919 76.16992218760994 145.4140078124999 0 233 2.8329 0.0 8.181805246746432 0.0 4.0 
1999 3080544.0 86.15767369905919 76.16992218760994 145.4140078124999 0 233 2.8329 0.0 8.181805246746432 0.0 4.0 
2000 3080577.3 86.18375090083639 76.16992218760994 145.4140078124999 0 233 2.8329 0.0 8.181805246746432 0.0 4.0 
2001 3080610.7 86.18375090083639 76.16838263155653 145.4140078124999 0 233 2.8329 0.0 8.181805246746432 0.0 4.0 
2002 3080644.0 86.18375090083639 76.16838263155653 145.4140078124999 0 233 2.8329 0.0 8.181805246746432 0.0 4.0 
2003 3080677.3 86.18375090083639 76.16838263155653 145.4140078124999 0 233 2.8329 0.0 8.181805246746432 0.0 4.0 
2004 3080710.7 86.20495430560419 76.16838263155653 145.4140078124999 0 233 2.8329 0.0 8.181805246746432 0.0 4.0 
2005 3080744.0 86.20495430560419 76.17903960296455 145.4140078124999 0 233 2.8329 0.0 8.181805246746432 0.0 4.0 
2006 3080777.4 86.20495430560419 76.17903960296455 145.4140078124999 0 233 2.8329 0.0 8.181805246746432 0.0 4.0 
2007 3080810.7 86.20495430560419 76.17903960296455 145.4140078124999 0 233 2.8329 0.0 8.181805246746432 0.0 4.0 
2008 3080844.0 86.216295155076 76.17903960296455 145.4140078124999 0 233 2.8329 0.0 8.181805246746432 0.0 4.0 
2009 3080877.4 86.216295155076 76.20571004739911 145.4140078124999 0 233 2.8329 0.0 8.181805246746432 0.0 4.0 
2010 3080910.7 86.216295155076 76.20571004739911 145.4140078124999 0 233 2.8329 0.0 8.181805246746432 0.0 4.0 
2011 3080944.0 86.216295155076 76.20571004739911 145.4140078124999 0 233 2.8329 0.0 8.181805246746432 0.0 4.0 
2012 3080977.4 86.22410885342573 76.20571004739911 145.4140078124999 0 233 2.8329 0.0 8.181805246746432 0.0 4.0 
2013 3081010.7 86.22410885342573 76.23412033878702 145.4140078124999 0 233 2.8329 0.0 8.181805246746432 0.0 4.0 
2014 3081044.0 86.22410885342573 76.23412033878702 145.4140078124999 0 233 2.8329 0.0 8.181805246746432 0.0 4.0 
2015 3081077.4 86.22410885342573 76.23412033878702 145.4140078124999 0 233 2.8329 0.0 8.181805246746432 0.0 4.0 
2016 3081110.7 86.22410885342573 76.26212118584043 145.4140078124999 0 233 2.8329 0.0 8.181805246746432 0.0 4.0 
2017 3081144.1 86.22410885342573 76.26212118584043 145.4140078124999 0 233 2.8329 0.0 8.181805246746432 0.0 4.0 
2018 3081177.4 86.22410885342573 76.26212118584043 145.4140078124999 0 233 2.8329 0.0 8.181805246746432 0.0 4.0 
2019 3081210.7 86.22410885342573 76.26212118584043 145.4140078124999 0 233 2.8329 0.0 8.181805246746432 0.0 4.0 
2020 3081244.1 86.22023480647621 76.26212118584043 145.4140078124999 0 233 2.8329 0.0 8.181805246746432 0.0 4.0 
2021 3081277.4 86.22023480647621 76.29576244813455 145.4140078124999 0 233 2.8329 0.0 8.181805246746432 0.0 4.0 
2022 3081310.7 86.22023480647621 76.29576244813455 145.4140078124999 0 233 2.8329 0.0 8.181805246746432 0.0 4.0 
2023 3081344.1 86.22023480647621 76.29576244813455 145.4140078124999 0 233 2.8329 0.0 8.181805246746432 0.0 4.0 
2024 3081377.4 86.21561838617475 76.29576244813455 145.4140078124999 0 233 2.8329 0.0 8.181805246746432 0.0 4.0 
2025 3081410.7 86.21561838617475 76.31612234945197 145.4140078124999 0 233 2.8329 0.0 8.181805246746432 0.0 4.0 
2026 3081444.1 86.21561838617475 76.31612234945197 145.4140078124999 0 233 2.8329 0.0 8.181805246746432 0.0 4.0 
2027 3081477.4 86.21561838617475 76.31612234945197 145.4140078124999 0 233 2.8329 0.0 8.181805246746432 0.0 4.0 
2028 3081510.7 86.20975077961666 76.31612234945197 145.4140078124999 0 233 2.8329 0.0 8.181805246746432 0.0 4.0 
2029 3081544.1 86.20975077961666 76.34201938542226 145.4140078124999 0 233 2.8329 0.0 8.181805246746432 0.0 4.0 
2030 3081577.4 86.20975077961666 76.34201938542226 145.4140078124999 0 233 2.8329 0.0 8.181805246746432 0.0 4.0 
2031 3081610.8 86.20975077961666 76.34201938542226 145.4140078124999 0 233 2.8329 0.0 8.181805246746432 0.0 4.0 
2032 3081644.1 86.21247441941081 76.34201938542226 145.4140078124999 0 233 2.8329 0.0 8.181805246746432 0.0 4.0 
2033 3081677.4 86.21247441941081 76.36605650002483 145.4140078124999 0 233 2.8329 0.0 8.181805246746432 0.0 4.0 
2034 3081710.8 86.21247441941081 76.36605650002483 145.4140078124999 0 233 2.8329 0.0 8.181805246746432 0.0 4.0 
2035 3081744.1 86.21247441941081 76.36605650002483 145.4140078124999 0 233 2.8329 0.0 8.181805246746432 0.0 4.0 
2036 3081777.4 86.22280087328888 76.36605650002483 145.4140078124999 0 233 2.8329 0.0 8.181805246746432 0.0 4.0 
2037 3081810.8 86.22280087328888 76.38208115030439 145.4140078124999 0 233 2.8329 0.0 8.181805246746432 0.0 4.0 
2038 3081844.1 86.22280087328888 76.38208115030439 145.4140078124999 0 233 2.8329 0.0 8.181805246746432 0.0 4.0 
2039 3081877.4 86.22280087328888 76.38208115030439 145.4140078124999 0 233 2.8329 0.0 8.181805246746432 0.0 4.0 
2040 3081910.8 86.24020960014856 76.38208115030439 145.4140078124999 0 233 2.8329 0.0 8.181805246746432 0.0 4.0 
2041 3081944.1 86.24020960014856 76.39840191768286 145.4140078124999 0 233 2.8329 0.0 8.181805246746432 0.0 4.0 
2042 3081977.5 86.24020960014856 76.39840191768286 145.4140078124999 0 233 2.8329 0.0 8.181805246746432 0.0 4.0 
2043 3082010.8 86.24020960014856 76.39840191768286 145.4140078124999 0 233 2.8329 0.0 8.181805246746432 0.0 4.0 
2044 3082044.1 86.25568985584452 76.39840191768286 145.4140078124999 0 233 2.8329 0.0 8.181805246746432 0.0 4.0 
2045 3082077.5 86.25568985584452 76.40789554790717 145.4140078124999 0 233 2.8329 0.0 8.181805246746432 0.0 4.0 
2046 3082110.8 86.25568985584452 76.40789554790717 145.4140078124999 0 233 2.8329 0.0 8.181805246746432 0.0 4.0 
2047 3082144.1 86.25568985584452 76.40789554790717 145.4140078124999 0 233 2.8329 0.0 8.181805246746432 0.0 4.0 
2048 3082177.5 86.28256306481212 76.40789554790717 145.4140078124999 0 233 2.8329 0.0 8.181805246746432 0.0 4.0 
2049 3082210.8 86.28256306481212 76.41547778044804 145.4140078124999 0 233 2.8329 0.0 8.181805246746432 0.0 4.0 
2050 3082244.1 86.28256306481212 76.41547778044804 145.4140078124999 0 233 2.8329 0.0 8.181805246746432 0.0 4.0 
2051 3082277.5 86.28256306481212 76.41547778044804 145.4140078124999 0 233 2.8329 0.0 8.181805246746432 0.0 4.0 
2052 3082310.8 86.3049979853226 76.41547778044804 145.4140078124999 0 233 2.8329 0.0 8.181805246746432 0.0 4.0 
2053 3082344.1 86.3049979853226 76.41995717843793 145.4140078124999 0 233 2.8329 0.0 8.181805246746432 0.0 4.0 
2054 3082377.5 86.3049979853226 76.41995717843793 145.4140078124999 0 233 2.8329 0.0 8.181805246746432 0.0 4.0 
2055 3082410.8 86.3049979853226 76.41995717843793 145.4140078124999 0 233 2.8329 0.0 8.181805246746432 0.0 4.0 
2056 3082444.2 86.32773607435264 76.41995717843793 145.4140078124999 0 233 2.8329 0.0 8.181805246746432 0.0 4.0 
2057 3082477.5 86.32773607435264 76.41995717843793 145.4140078124999 0 233 2.8329 0.0 8.181805246746432 0.0 4.0 
2058 3082510.8 86.32773607435264 76.41995717843793 145.4140078124999 0 233 2.8329 0.0 8.181805246746432 0.0 4.0 
2059 3082544.2 86.32773607435264 76.41995717843793 145.4140078124999 0 233 2.8329 0.0 8.181805246746432 0.0 4.0 
2060 3082577.5 86.34855082207211 76.41995717843793 145.4140078124999 0 233 2.8329 0.0 8.181805246746432 0.0 4.0 
2061 3082610.8 86.34855082207211 76.41571160327709 145.4140078124999 0 233 2.8329 0.0 8.181805246746432 0.0 4.0 
2062 3082644.2 86.34855082207211 76.41571160327709 145.4140078124999 0 233 2.8329 0.0 8.181805246746432 0.0 4.0 
2063 3082677.5 86.34855082207211 76.41571160327709 145.4140078124999 0 233 2.8329 0.0 8.181805246746432 0.0 4.0 
2064 3082710.8 86.36605654010462 76.41571160327709 145.4140078124999 0 233 2.8329 0.0 8.181805246746432 0.0 4.0 
2065 3082744.2 86.36605654010462 76.40863235453376 145.4140078124999 0 233 2.8329 0.0 8.181805246746432 0.0 4.0 
2066 3082777.5 86.36605654010462 76.40863235453376 145.4140078124999 0 233 2.8329 0.0 8.181805246746432 0.0 4.0 
2067 3082810.9 86.36605654010462 76.40863235453376 145.4140078124999 0 233 2.8329 0.0 8.181805246746432 0.0 4.0 
2068 3082844.2 86.38780198630523 76.40863235453376 145.4140078124999 0 233 2.8329 0.0 8.181805246746432 0.0 4.0 
2069 3082877.5 86.38780198630523 76.40198734968236 145.4140078124999 0 233 2.8329 0.0 8.181805246746432 0.0 4.0 
2070 3082910.9 86.38780198630523 76.40198734968236 145.4140078124999 0 233 2.8329 0.0 8.181805246746432 0.0 4.0 
2071 3082944.2 86.38780198630523 76.40198734968236 145.4140078124999 0 233 2.8329 0.0 8.181805246746432 0.0 4.0 
2072 3082977.5 86.40516829479581 76.40198734968236 145.4140078124999 0 233 2.8329 0.0 8.181805246746432 0.0 4.0 
2073 3083010.9 86.40516829479581 76.39797250098817 145.4140078124999 0 233 2.8329 0.0 8.181805246746432 0.0 4.0 
2074 3083044.2 86.40516829479581 76.39797250098817 145.4140078124999 0 233 2.8329 0.0 8.181805246746432 0.0 4.0 
2075 3083077.5 86.40516829479581 76.39797250098817 145.4140078124999 0 233 2.8329 0.0 8.181805246746432 0.0 4.0 
2076 3083110.9 86.42089157757252 76.39797250098817 145.4140078124999 0 233 2.8329 0.0 8.181805246746432 0.0 4.0 
2077 3083144.2 86.42089157757252 76.39444177830552 145.4140078124999 0 233 2.8329 0.0 8.181805246746432 0.0 4.0 
2078 3083177.5 86.42089157757252 76.39444177830552 145.4140078124999 0 233 2.8329 0.0 8.181805246746432 0.0 4.0 
2079 3083210.9 86.42089157757252 76.39444177830552 145.4140078124999 0 233 2.8329 0.0 8.181805246746432 0.0 4.0 
2080 3083244.2 86.44100156687101 76.39444177830552 145.4140078124999 0 233 2.8329 0.0 8.181805246746432 0.0 4.0 
2081 3083277.6 86.44100156687101 76.39248987877211 145.4140078124999 0 233 2.8329 0.0 8.181805246746432 0.0 4.0 
2082 3083310.9 86.44100156687101 76.39248987877211 145.4140078124999 0 233 2.8329 0.0 8.181805246746432 0.0 4.0 
2083 3083344.2 86.44100156687101 76.39248987877211 145.4140078124999 0 233 2.8329 0.0 8.181805246746432 0.0 4.0 
2084 3083377.6 86.4599143475865 76.39248987877211 145.4140078124999 0 233 2.8329 0.0 8.181805246746432 0.0 4.0 
2085 3083410.9 86.4599143475865 76.39522871286852 145.4140078124999 0 233 2.8329 0.0 8.181805246746432 0.0 4.0 
2086 3083444.2 86.4599143475865 76.39522871286852 145.4140078124999 0 233 2.8329 0.0 8.181805246746432 0.0 4.0 
2087 3083477.6 86.4599143475865 76.39522871286852 145.4140078124999 0 233 2.8329 0.0 8.181805246746432 0.0 4.0 
2088 3083510.9 86.47337443567493 76.39522871286852 145.4140078124999 0 233 2.8329 0.0 8.181805246746432 0.0 4.0 
2089 3083544.2 86.47337443567493 76.40627199364731 145.4140078124999 0 233 2.8329 0.0 8.181805246746432 0.0 4.0 
2090 3083577.6 86.47337443567493 76.40627199364731 145.4140078124999 0 233 2.8329 0.0 8.181805246746432 0.0 4.0 
2091 3083610.9 86.47337443567493 76.40627199364731 145.4140078124999 0 233 2.8329 0.0 8.181805246746432 0.0 4.0 
2092 3083644.3 86.48195908271138 76.40627199364731 145.4140078124999 0 233 2.8329 0.0 8.181805246746432 0.0 4.0 
2093 3083677.6 86.48195908271138 76.42891656955065 145.4140078124999 0 233 2.8329 0.0 8.181805246746432 0.0 4.0 
2094 3083710.9 86.48195908271138 76.42891656955065 145.4140078124999 0 233 2.8329 0.0 8.181805246746432 0.0 4.0 
2095 3083744.3 86.48195908271138 76.42891656955065 145.4140078124999 0 233 2.8329 0.0 8.181805246746432 0.0 4.0 
2096 3083777.6 86.48861772399113 76.42891656955065 145.4140078124999 0 233 2.8329 0.0 8.181805246746432 0.0 4.0 
2097 3083810.9 86.48861772399113 76.45683047567246 145.4140078124999 0 233 2.8329 0.0 8.181805246746432 0.0 4.0 
2098 3083844.3 86.48861772399113 76.45683047567246 145.4140078124999 0 233 2.8329 0.0 8.181805246746432 0.0 4.0 
2099 3083877.6 86.48861772399113 76.45683047567246 145.4140078124999 0 233 2.8329 0.0 8.181805246746432 0.0 4.0 
2100 3083910.9 86.49547412686306 76.45683047567246 145.4140078124999 0 233 2.8329 0.0 8.181805246746432 0.0 4.0 
2101 3083944.3 86.49547412686306 76.49092007452818 145.4140078124999 0 233 2.8329 0.0 8.181805246746432 0.0 4.0 
2102 3083977.6 86.49547412686306 76.49092007452818 145.4140078124999 0 233 2.8329 0.0 8.181805246746432 0.0 4.0 
2103 3084010.9 86.49547412686306 76.49092007452818 145.4140078124999 0 233 2.8329 0.0 8.181805246746432 0.0 4.0 
2104 3084044.3 86.50104113509597 76.49092007452818 145.4140078124999 0 233 2.8329 0.0 8.181805246746432 0.0 4.0 
2105 3084077.6 86.50104113509597 76.51322546251593 145.4140078124999 0 233 2.8329 0.0 8.181805246746432 0.0 4.0 
2106 3084111.0 86.50104113509597 76.51322546251593 145.4140078124999 0 233 2.8329 0.0 8.181805246746432 0.0 4.0 
2107 3084144.3 86.50104113509597 76.51322546251593 145.4140078124999 0 233 2.8329 0.0 8.181805246746432 0.0 4.0 
2108 3084177.6 86.50395917146045 76.51322546251593 145.4140078124999 0 233 2.8329 0.0 8.181805246746432 0.0 4.0 
2109 3084211.0 86.50395917146045 76.52880549430313 145.4140078124999 0 233 2.8329 0.0 8.181805246746432 0.0 4.0 
2110 3084244.3 86.50395917146045 76.52880549430313 145.4140078124999 0 233 2.8329 0.0 8.181805246746432 0.0 4.0 
2111 3084277.6 86.50395917146045 76.52880549430313 145.4140078124999 0 233 2.8329 0.0 8.181805246746432 0.0 4.0 
2112 3084311.0 86.50186541674651 76.52880549430313 145.4140078124999 0 233 2.8329 0.0 8.181805246746432 0.0 4.0 
2113 3084344.3 86.50186541674651 76.55152762835111 145.4140078124999 0 233 2.8329 0.0 8.181805246746432 0.0 4.0 
2114 3084377.6 86.50186541674651 76.55152762835111 145.4140078124999 0 233 2.8329 0.0 8.181805246746432 0.0 4.0 
2115 3084411.0 86.50186541674651 76.55152762835111 145.4140078124999 0 233 2.8329 0.0 8.181805246746432 0.0 4.0 
2116 3084444.3 86.49956689406653 76.55152762835111 145.4140078124999 0 233 2.8329 0.0 8.181805246746432 0.0 4.0 
2117 3084477.7 86.49956689406653 76.56931861513492 145.4140078124999 0 233 2.8329 0.0 8.181805246746432 0.0 4.0 
2118 3084511.0 86.49956689406653 76.56931861513492 145.4140078124999 0 233 2.8329 0.0 8.181805246746432 0.0 4.0 
2119 3084544.3 86.49956689406653 76.56931861513492 145.4140078124999 0 233 2.8329 0.0 8.181805246746432 0.0 4.0 
2120 3084577.7 86.49457069898854 76.56931861513492 145.4140078124999 0 233 2.8329 0.0 8.181805246746432 0.0 4.0 
2121 3084611.0 86.49457069898854 76.58619240384478 145.4140078124999 0 233 2.8329 0.0 8.181805246746432 0.0 4.0 
2122 3084644.3 86.49457069898854 76.58619240384478 145.4140078124999 0 233 2.8329 0.0 8.181805246746432 0.0 4.0 
2123 3084677.7 86.49457069898854 76.58619240384478 145.4140078124999 0 233 2.8329 0.0 8.181805246746432 0.0 4.0 
2124 3084711.0 86.48924887219405 76.58619240384478 145.4140078124999 0 233 2.8329 0.0 8.181805246746432 0.0 4.0 
2125 3084744.3 86.48924887219405 76.60509165777947 145.4140078124999 0 233 2.8329 0.0 8.181805246746432 0.0 4.0 
2126 3084777.7 86.48924887219405 76.60509165777947 145.4140078124999 0 233 2.8329 0.0 8.181805246746432 0.0 4.0 
2127 3084811.0 86.48924887219405 76.60509165777947 145.4140078124999 0 233 2.8329 0.0 8.181805246746432 0.0 4.0 
2128 3084844.3 86.4841080594029 76.60509165777947 145.4140078124999 0 233 2.8329 0.0 8.181805246746432 0.0 4.0 
2129 3084877.7 86.4841080594029 76.62034064217161 145.4140078124999 0 233 2.8329 0.0 8.181805246746432 0.0 4.0 
2130 3084911.0 86.4841080594029 76.62034064217161 145.4140078124999 0 233 2.8329 0.0 8.181805246746432 0.0 4.0 
2131 3084944.4 86.4841080594029 76.62034064217161 145.4140078124999 0 233 2.8329 0.0 8.181805246746432 0.0 4.0 
2132 3084977.7 86.48075773089023 76.62034064217161 145.4140078124999 0 233 2.8329 0.0 8.181805246746432 0.0 4.0 
2133 3085011.0 86.48075773089023 76.63845962352957 145.4140078124999 0 233 2.8329 0.0 8.181805246746432 0.0 4.0 
2134 3085044.4 86.48075773089023 76.63845962352957 145.4140078124999 0 233 2.8329 0.0 8.181805246746432 0.0 4.0 
2135 3085077.7 86.48075773089023 76.63845962352957 145.4140078124999 0 233 2.8329 0.0 8.181805246746432 0.0 4.0 
2136 3085111.0 86.48220158478392 76.63845962352957 145.4140078124999 0 233 2.8329 0.0 8.181805246746432 0.0 4.0 
2137 3085144.4 86.48220158478392 76.65598947164395 145.4140078124999 0 233 2.8329 0.0 8.181805246746432 0.0 4.0 
2138 3085177.7 86.48220158478392 76.65598947164395 145.4140078124999 0 233 2.8329 0.0 8.181805246746432 0.0 4.0 
2139 3085211.0 86.48220158478392 76.65598947164395 145.4140078124999 0 233 2.8329 0.0 8.181805246746432 0.0 4.0 
2140 3085244.4 86.49318289739551 76.65598947164395 145.4140078124999 0 233 2.8329 0.0 8.181805246746432 0.0 4.0 
2141 3085277.7 86.49318289739551 76.67049767226956 145.4140078124999 0 233 2.8329 0.0 8.181805246746432 0.0 4.0 
2142 3085311.1 86.49318289739551 76.67049767226956 145.4140078124999 0 233 2.8329 0.0 8.181805246746432 0.0 4.0 
2143 3085344.4 86.49318289739551 76.67049767226956 145.4140078124999 0 233 2.8329 0.0 8.181805246746432 0.0 4.0 
2144 3085377.7 86.50909492543532 76.67049767226956 145.4140078124999 0 233 2.8329 0.0 8.181805246746432 0.0 4.0 
2145 3085411.1 86.50909492543532 76.68237073377352 145.4140078124999 0 233 2.8329 0.0 8.181805246746432 0.0 4.0 
2146 3085444.4 86.50909492543532 76.68237073377352 145.4140078124999 0 233 2.8329 0.0 8.181805246746432 0.0 4.0 
2147 3085477.7 86.50909492543532 76.68237073377352 145.4140078124999 0 233 2.8329 0.0 8.181805246746432 0.0 4.0 
2148 3085511.1 86.52784473287956 76.68237073377352 145.4140078124999 0 233 2.8329 0.0 8.181805246746432 0.0 4.0 
2149 3085544.4 86.52784473287956 76.69450649077822 145.4140078124999 0 233 2.8329 0.0 8.181805246746432 0.0 4.0 
2150 3085577.7 86.52784473287956 76.69450649077822 145.4140078124999 0 233 2.8329 0.0 8.181805246746432 0.0 4.0 
2151 3085611.1 86.52784473287956 76.69450649077822 145.4140078124999 0 233 2.8329 0.0 8.181805246746432 0.0 4.0 
2152 3085644.4 86.54000919116925 76.69450649077822 145.4140078124999 0 233 2.8329 0.0 8.181805246746432 0.0 4.0 
2153 3085677.7 86.54000919116925 76.70426208815911 145.4140078124999 0 233 2.8329 0.0 8.181805246746432 0.0 4.0 
2154 3085711.1 86.54000919116925 76.70426208815911 145.4140078124999 0 233 2.8329 0.0 8.181805246746432 0.0 4.0 
2155 3085744.4 86.54000919116925 76.70426208815911 145.4140078124999 0 233 2.8329 0.0 8.181805246746432 0.0 4.0 
2156 3085777.8 86.5555301722558 76.70426208815911 145.4140078124999 0 233 2.8329 0.0 8.181805246746432 0.0 4.0 
2157 3085811.1 86.5555301722558 76.7125147359645 145.4140078124999 0 233 2.8329 0.0 8.181805246746432 0.0 4.0 
2158 3085844.4 86.5555301722558 76.7125147359645 145.4140078124999 0 233 2.8329 0.0 8.181805246746432 0.0 4.0 
2159 3085877.8 86.5555301722558 76.7125147359645 145.4140078124999 0 233 2.8329 0.0 8.181805246746432 0.0 4.0 
2160 3085911.1 86.56816445023098 76.7125147359645 145.4140078124999 0 233 2.8329 0.0 8.181805246746432 0.0 4.0 
2161 3085944.4 86.56816445023098 76.71815787627673 145.4140078124999 0 233 2.8329 0.0 8.181805246746432 0.0 4.0 
2162 3085977.8 86.56816445023098 76.71815787627673 145.4140078124999 0 233 2.8329 0.0 8.181805246746432 0.0 4.0 
2163 3086011.1 86.57906491214406 76.71815787627673 145.4140078124999 0 233 2.8329 0.0 8.181805246746432 0.0 4.0 
2164 3086044.4 86.57906491214406 76.72137000395395 145.4140078124999 0 233 2.8329 0.0 8.181805246746432 0.0 4.0 
2165 3086077.8 86.57906491214406 76.72137000395395 145.4140078124999 0 233 2.8329 0.0 8.181805246746432 0.0 4.0 
2166 3086111.1 86.57906491214406 76.72137000395395 145.4140078124999 0 233 2.8329 0.0 8.181805246746432 0.0 4.0 
2167 3086144.5 86.59541965126336 76.72137000395395 145.4140078124999 0 233 2.8329 0.0 8.181805246746432 0.0 4.0 
2168 3086177.8 86.59541965126336 76.72137000395395 145.4140078124999 0 233 2.8329 0.0 8.181805246746432 0.0 4.0 
2169 3086211.1 86.59541965126336 76.72137000395395 145.4140078124999 0 233 2.8329 0.0 8.181805246746432 0.0 4.0 
2170 3086244.5 86.60962740152907 76.72137000395395 145.4140078124999 0 233 2.8329 0.0 8.181805246746432 0.0 4.0 
2171 3086277.8 86.60962740152907 76.72288029208215 145.4140078124999 0 233 2.8329 0.0 8.181805246746432 0.0 4.0 
2172 3086311.1 86.60962740152907 76.72288029208215 145.4140078124999 0 233 2.8329 0.0 8.181805246746432 0.0 4.0 
2173 3086344.5 86.60962740152907 76.72288029208215 145.4140078124999 0 233 2.8329 0.0 8.181805246746432 0.0 4.0 
2174 3086377.8 86.62219908431459 76.72288029208215 145.4140078124999 0 233 2.8329 0.0 8.181805246746432 0.0 4.0 
2175 3086411.1 86.62219908431459 76.72872451284755 145.4140078124999 0 233 2.8329 0.0 8.181805246746432 0.0 4.0 
2176 3086444.5 86.62219908431459 76.72872451284755 145.4140078124999 0 233 2.8329 0.0 8.181805246746432 0.0 4.0 
2177 3086477.8 86.62219908431459 76.72872451284755 145.4140078124999 0 233 2.8329 0.0 8.181805246746432 0.0 4.0 
2178 3086511.1 86.63277907304776 76.72872451284755 145.4140078124999 0 233 2.8329 0.0 8.181805246746432 0.0 4.0 
2179 3086544.5 86.63277907304776 76.73182389578999 145.4140078124999 0 233 2.8329 0.0 8.181805246746432 0.0 4.0 
2180 3086577.8 86.63277907304776 76.73182389578999 145.4140078124999 0 233 2.8329 0.0 8.181805246746432 0.0 4.0 
2181 3086611.2 86.63277907304776 76.73182389578999 145.4140078124999 0 233 2.8329 0.0 8.181805246746432 0.0 4.0 
2182 3086644.5 86.64577147078185 76.73182389578999 145.4140078124999 0 233 2.8329 0.0 8.181805246746432 0.0 4.0 
2183 3086677.8 86.64577147078185 76.7302512444292 145.4140078124999 0 233 2.8329 0.0 8.181805246746432 0.0 4.0 
2184 3086711.2 86.64577147078185 76.7302512444292 145.4140078124999 0 233 2.8329 0.0 8.181805246746432 0.0 4.0 
2185 3086744.5 86.64577147078185 76.7302512444292 145.4140078124999 0 233 2.8329 0.0 8.181805246746432 0.0 4.0 
2186 3086777.8 86.65260935941524 76.7302512444292 145.4140078124999 0 233 2.8329 0.0 8.181805246746432 0.0 4.0 
2187 3086811.2 86.65260935941524 76.7302512444292 145.4140078124999 0 233 2.8329 0.0 8.181805246746432 0.0 4.0 
2188 3086844.5 86.65260935941524 76.7302512444292 145.4140078124999 0 233 2.8329 0.0 8.181805246746432 0.0 4.0 
2189 3086877.8 86.65907805141741 76.7302512444292 145.4140078124999 0 233 2.8329 0.0 8.181805246746432 0.0 4.0 
2190 3086911.2 86.65907805141741 76.7290988579077 145.4140078124999 0 233 2.8329 0.0 8.181805246746432 0.0 4.0 
2191 3086944.5 86.65907805141741 76.7290988579077 145.4140078124999 0 233 2.8329 0.0 8.181805246746432 0.0 4.0 
2192 3086977.9 86.66566070460765 76.7290988579077 145.4140078124999 0 233 2.8329 0.0 8.181805246746432 0.0 4.0 
2193 3087011.2 86.66566070460765 76.7290988579077 145.4140078124999 0 233 2.8329 0.0 8.181805246746432 0.0 4.0 
2194 3087044.5 86.66566070460765 76.7290988579077 145.4140078124999 0 233 2.8329 0.0 8.181805246746432 0.0 4.0 
2195 3087077.9 86.6764354711432 76.7290988579077 145.4140078124999 0 233 2.8329 0.0 8.181805246746432 0.0 4.0 
2196 3087111.2 86.6764354711432 76.73223252747457 145.4140078124999 0 233 2.8329 0.0 8.181805246746432 0.0 4.0 
2197 3087144.5 86.6764354711432 76.73223252747457 145.4140078124999 0 233 2.8329 0.0 8.181805246746432 0.0 4.0 
2198 3087177.9 86.6858037902036 76.73223252747457 145.4140078124999 0 233 2.8329 0.0 8.181805246746432 0.0 4.0 
2199 3087211.2 86.6858037902036 76.74239354625816 145.4140078124999 0 233 2.8329 0.0 8.181805246746432 0.0 4.0 
2200 3087244.5 86.6858037902036 76.74239354625816 145.4140078124999 0 233 2.8329 0.0 8.181805246746432 0.0 4.0 
2201 3087277.9 86.6858037902036 76.74239354625816 145.4140078124999 0 233 2.8329 0.0 8.181805246746432 0.0 4.0 
2202 3087311.2 86.69115557901031 76.74239354625816 145.4140078124999 0 233 2.8329 0.0 8.181805246746432 0.0 4.0 
2203 3087344.5 86.69115557901031 76.74696874510134 145.4140078124999 0 233 2.8329 0.0 8.181805246746432 0.0 4.0 
2204 3087377.9 86.69115557901031 76.74696874510134 145.4140078124999 0 233 2.8329 0.0 8.181805246746432 0.0 4.0 
2205 3087411.2 86.69115557901031 76.74798870676644 145.4140078124999 0 233 2.8329 0.0 8.181805246746432 0.0 4.0 
2206 3087444.6 86.69115557901031 76.74798870676644 145.4140078124999 0 233 2.8329 0.0 8.181805246746432 0.0 4.0 
2207 3087477.9 86.69115557901031 76.74798870676644 145.4140078124999 0 233 2.8329 0.0 8.181805246746432 0.0 4.0 
2208 3087511.2 86.67088619235153 76.74798870676644 145.4140078124999 0 233 2.8329 0.0 8.181805246746432 0.0 4.0 
2209 3087544.6 86.67088619235153 76.74200068608924 145.4140078124999 0 233 2.8329 0.0 8.181805246746432 0.0 4.0 
2210 3087577.9 86.67088619235153 76.74200068608924 145.4140078124999 0 233 2.8329 0.0 8.181805246746432 0.0 4.0 
2211 3087611.2 86.67088619235153 76.74200068608924 145.4140078124999 0 233 2.8329 0.0 8.181805246746432 0.0 4.0 
2212 3087644.6 86.63329030486403 76.74200068608924 145.4140078124999 0 233 2.8329 0.0 8.181805246746432 0.0 4.0 
2213 3087677.9 86.63329030486403 76.7354117501496 145.4140078124999 0 233 2.8329 0.0 8.181805246746432 0.0 4.0 
2214 3087711.2 86.63329030486403 76.7354117501496 145.4140078124999 0 233 2.8329 0.0 8.181805246746432 0.0 4.0 
2215 3087744.6 86.63329030486403 76.7354117501496 145.4140078124999 0 233 2.8329 0.0 8.181805246746432 0.0 4.0 
2216 3087777.9 86.57949521709683 76.7354117501496 145.4140078124999 0 233 2.8329 0.0 8.181805246746432 0.0 4.0 
2217 3087811.3 86.57949521709683 76.73282339593511 145.4140078124999 0 233 2.8329 0.0 8.181805246746432 0.0 4.0 
2218 3087844.6 86.57949521709683 76.73282339593511 145.4140078124999 0 233 2.8329 0.0 8.181805246746432 0.0 4.0 
2219 3087877.9 86.57949521709683 76.73282339593511 145.4140078124999 0 233 2.8329 0.0 8.181805246746432 0.0 4.0 
2220 3087911.3 86.53284660759532 76.73282339593511 145.4140078124999 0 233 2.8329 0.0 8.181805246746432 0.0 4.0 
2221 3087944.6 86.53284660759532 76.72162941172095 145.4140078124999 0 233 2.8329 0.0 8.181805246746432 0.0 4.0 
2222 3087977.9 86.53284660759532 76.72162941172095 145.4140078124999 0 233 2.8329 0.0 8.181805246746432 0.0 4.0 
2223 3088011.3 86.53284660759532 76.72162941172095 145.4140078124999 0 233 2.8329 0.0 8.181805246746432 0.0 4.0 
2224 3088044.6 86.50339116920794 76.72162941172095 145.4140078124999 0 233 2.8329 0.0 8.181805246746432 0.0 4.0 
2225 3088077.9 86.50339116920794 76.70573373234926 145.4140078124999 0 233 2.8329 0.0 8.181805246746432 0.0 4.0 
2226 3088111.3 86.50339116920794 76.70573373234926 145.4140078124999 0 233 2.8329 0.0 8.181805246746432 0.0 4.0 
2227 3088144.6 86.50339116920794 76.70573373234926 145.4140078124999 0 233 2.8329 0.0 8.181805246746432 0.0 4.0 
2228 3088177.9 86.49338262239657 76.70573373234926 145.4140078124999 0 233 2.8329 0.0 8.181805246746432 0.0 4.0 
2229 3088211.3 86.49338262239657 76.69091551487159 145.4140078124999 0 233 2.8329 0.0 8.181805246746432 0.0 4.0 
2230 3088244.6 86.49338262239657 76.69091551487159 145.4140078124999 0 233 2.8329 0.0 8.181805246746432 0.0 4.0 
2231 3088278.0 86.49338262239657 76.69091551487159 145.4140078124999 0 233 2.8329 0.0 8.181805246746432 0.0 4.0 
2232 3088311.3 86.4908306571764 76.69091551487159 145.4140078124999 0 233 2.8329 0.0 8.181805246746432 0.0 4.0 
2233 3088344.6 86.4908306571764 76.68152907925968 145.4140078124999 0 233 2.8329 0.0 8.181805246746432 0.0 4.0 
2234 3088378.0 86.4908306571764 76.68152907925968 145.4140078124999 0 233 2.8329 0.0 8.181805246746432 0.0 4.0 
2235 3088411.3 86.4908306571764 76.68152907925968 145.4140078124999 0 233 2.8329 0.0 8.181805246746432 0.0 4.0 
2236 3088444.6 86.50272627514518 76.68152907925968 145.4140078124999 0 233 2.8329 0.0 8.181805246746432 0.0 4.0 
2237 3088478.0 86.50272627514518 76.68152907925968 145.4140078124999 0 233 2.8329 0.0 8.181805246746432 0.0 4.0 
2238 3088511.3 86.50272627514518 76.68152907925968 145.4140078124999 0 233 2.8329 0.0 8.181805246746432 0.0 4.0 
2239 3088544.6 86.5297972378025 76.68152907925968 145.4140078124999 0 233 2.8329 0.0 8.181805246746432 0.0 4.0 
2240 3088578.0 86.5297972378025 76.68152907925968 145.4140078124999 0 233 2.8329 0.0 8.181805246746432 0.0 4.0 
2241 3088611.3 86.5297972378025 76.68152907925968 145.4140078124999 0 233 2.8329 0.0 8.181805246746432 0.0 4.0 
2242 3088644.7 86.5297972378025 76.68152907925968 145.4140078124999 0 233 2.8329 0.0 8.181805246746432 0.0 4.0 
2243 3088678.0 86.5297972378025 76.68152907925968 145.4140078124999 0 233 2.8329 0.0 8.181805246746432 0.0 4.0 
2244 3088711.3 86.5695068968698 76.68783194675868 145.4140078124999 0 233 2.8329 0.0 8.181805246746432 0.0 4.0 
2245 3088744.7 86.5695068968698 76.68783194675868 145.4140078124999 0 233 2.8329 0.0 8.181805246746432 0.0 4.0 
2246 3088778.0 86.5695068968698 76.68783194675868 145.4140078124999 0 233 2.8329 0.0 8.181805246746432 0.0 4.0 
2247 3088811.3 86.53711009885323 76.68783194675868 145.4140078124999 0 233 2.8329 0.0 8.181805246746432 0.0 4.0 
2248 3088844.7 86.53711009885323 76.68783194675868 145.4140078124999 0 233 2.8329 0.0 8.181805246746432 0.0 4.0 
2249 3088878.0 86.53711009885323 76.68783194675868 145.4140078124999 0 233 2.8329 0.0 8.181805246746432 0.0 4.0 
2250 3088911.3 86.53711009885323 76.68783194675868 145.4140078124999 0 233 2.8329 0.0 8.181805246746432 0.0 4.0 
2251 3088944.7 86.48648618923532 76.68783194675868 145.4140078124999 0 233 2.8329 0.0 8.181805246746432 0.0 4.0 
2252 3088978.0 86.48648618923532 76.64914442560584 145.4140078124999 0 233 2.8329 0.0 8.181805246746432 0.0 4.0 
2253 3089011.3 86.48648618923532 76.64914442560584 145.4140078124999 0 233 2.8329 0.0 8.181805246746432 0.0 4.0 
2254 3089044.7 86.48648618923532 76.64914442560584 145.4140078124999 0 233 2.8329 0.0 8.181805246746432 0.0 4.0 
2255 3089078.0 86.46757818931052 76.64914442560584 145.4140078124999 0 233 2.8329 0.0 8.181805246746432 0.0 4.0 
2256 3089111.4 86.46757818931052 76.6223871191377 145.4140078124999 0 233 2.8329 0.0 8.181805246746432 0.0 4.0 
2257 3089144.7 86.46757818931052 76.6223871191377 145.4140078124999 0 233 2.8329 0.0 8.181805246746432 0.0 4.0 
2258 3089178.0 86.46757818931052 76.6223871191377 145.4140078124999 0 233 2.8329 0.0 8.181805246746432 0.0 4.0 
2259 3089211.4 86.47386889168885 76.6223871191377 145.4140078124999 0 233 2.8329 0.0 8.181805246746432 0.0 4.0 
2260 3089244.7 86.47386889168885 76.5986836964113 145.4140078124999 0 233 2.8329 0.0 8.181805246746432 0.0 4.0 
2261 3089278.0 86.47386889168885 76.5986836964113 145.4140078124999 0 233 2.8329 0.0 8.181805246746432 0.0 4.0 
2262 3089311.4 86.47386889168885 76.5986836964113 145.4140078124999 0 233 2.8329 0.0 8.181805246746432 0.0 4.0 
2263 3089344.7 86.4906943861772 76.5986836964113 145.4140078124999 0 233 2.8329 0.0 8.181805246746432 0.0 4.0 
2264 3089378.0 86.4906943861772 76.5828838354372 145.4140078124999 0 233 2.8329 0.0 8.181805246746432 0.0 4.0 
2265 3089411.4 86.4906943861772 76.5828838354372 145.4140078124999 0 233 2.8329 0.0 8.181805246746432 0.0 4.0 
2266 3089444.7 86.49096874999995 76.58310839843746 145.35956152343743 0 233 2.8329 0.0 8.181805246746432 0.0 4.0 
2267 3089478.1 86.50409897390632 76.58310839843746 145.35956152343743 0 233 2.8329 0.0 8.181805246746432 0.0 4.0 
2268 3089511.4 86.50409897390632 76.56828577914777 145.35956152343743 0 233 2.8329 0.0 8.181805246746432 0.0 4.0 
2269 3089544.7 86.50409897390632 76.56828577914777 145.35956152343743 0 233 2.8329 0.0 8.181805246746432 0.0 4.0 
2270 3089578.1 86.50409897390632 76.56828577914777 145.35956152343743 0 233 2.8329 0.0 8.181805246746432 0.0 4.0 
2271 3089611.4 86.50409897390632 76.56828577914777 145.35956152343743 0 233 2.8329 0.0 8.181805246746432 0.0 4.0 
2272 3089644.7 86.50409897390632 76.56828577914777 145.35956152343743 0 233 2.8329 0.0 8.181805246746432 0.0 4.0 
2273 3089678.1 86.50138567751466 76.56828577914777 145.35956152343743 0 233 2.8329 0.0 8.181805246746432 0.0 4.0 
2274 3089711.4 86.50138567751466 76.57272330356587 145.35956152343743 0 233 2.8329 0.0 8.181805246746432 0.0 4.0 
2275 3089744.7 86.50138567751466 76.57272330356587 145.35956152343743 0 233 2.8329 0.0 8.181805246746432 0.0 4.0 
2276 3089778.1 86.49525127059806 76.57272330356587 145.35956152343743 0 233 2.8329 0.0 8.181805246746432 0.0 4.0 
2277 3089811.4 86.49525127059806 76.58492617278499 145.35956152343743 0 233 2.8329 0.0 8.181805246746432 0.0 4.0 
2278 3089844.7 86.49525127059806 76.58492617278499 145.35956152343743 0 233 2.8329 0.0 8.181805246746432 0.0 4.0 
2279 3089878.1 86.49525127059806 76.58492617278499 145.35956152343743 0 233 2.8329 0.0 8.181805246746432 0.0 4.0 
2280 3089911.4 86.4840065799969 76.58492617278499 145.35956152343743 0 233 2.8329 0.0 8.181805246746432 0.0 4.0 
2281 3089944.8 86.4840065799969 76.60529767842515 145.35956152343743 0 233 2.8329 0.0 8.181805246746432 0.0 4.0 
2282 3089978.1 86.4840065799969 76.60529767842515 145.35956152343743 0 233 2.8329 0.0 8.181805246746432 0.0 4.0 
2283 3090011.4 86.48402343749996 76.60518457031246 145.43459570312493 0 233 2.8329 0.0 8.181805246746432 0.0 4.0 
2284 3090044.8 86.47366213974557 76.60518457031246 145.43459570312493 0 233 2.8329 0.0 8.181805246746432 0.0 4.0 
2285 3090078.1 86.47366213974557 76.61801230014652 145.43459570312493 0 233 2.8329 0.0 8.181805246746432 0.0 4.0 
2286 3090111.4 86.47366213974557 76.61801230014652 145.43459570312493 0 233 2.8329 0.0 8.181805246746432 0.0 4.0 
2287 3090144.8 86.47366213974557 76.61801230014652 145.43459570312493 0 233 2.8329 0.0 8.181805246746432 0.0 4.0 
2288 3090178.1 86.46830728852159 76.61801230014652 145.43459570312493 0 233 2.8329 0.0 8.181805246746432 0.0 4.0 
2289 3090211.4 86.46830728852159 76.62563538648001 145.43459570312493 0 233 2.8329 0.0 8.181805246746432 0.0 4.0 
2290 3090244.8 86.46830728852159 76.62563538648001 145.43459570312493 0 233 2.8329 0.0 8.181805246746432 0.0 4.0 
2291 3090278.1 86.46419673204439 76.62563538648001 145.43459570312493 0 233 2.8329 0.0 8.181805246746432 0.0 4.0 
2292 3090311.5 86.46419673204439 76.63316403806996 145.43459570312493 0 233 2.8329 0.0 8.181805246746432 0.0 4.0 
2293 3090344.8 86.46419673204439 76.63316403806996 145.43459570312493 0 233 2.8329 0.0 8.181805246746432 0.0 4.0 
2294 3090378.1 86.4627184742121 76.63316403806996 145.43459570312493 0 233 2.8329 0.0 8.181805246746432 0.0 4.0 
2295 3090411.5 86.4627184742121 76.63692978938275 145.43459570312493 0 233 2.8329 0.0 8.181805246746432 0.0 4.0 
2296 3090444.8 86.4627184742121 76.63692978938275 145.43459570312493 0 233 2.8329 0.0 8.181805246746432 0.0 4.0 
2297 3090478.1 86.46048075268885 76.63692978938275 145.43459570312493 0 233 2.8329 0.0 8.181805246746432 0.0 4.0 
2298 3090511.5 86.46048075268885 76.6406598096224 145.43459570312493 0 233 2.8329 0.0 8.181805246746432 0.0 4.0 
2299 3090544.8 86.46048075268885 76.6406598096224 145.43459570312493 0 233 2.8329 0.0 8.181805246746432 0.0 4.0 
2300 3090578.1 86.45836145518851 76.6406598096224 145.43459570312493 0 233 2.8329 0.0 8.181805246746432 0.0 4.0 
2301 3090611.5 86.45836145518851 76.64445744718081 145.43459570312493 0 233 2.8329 0.0 8.181805246746432 0.0 4.0 
2302 3090644.8 86.45836145518851 76.64445744718081 145.43459570312493 0 233 2.8329 0.0 8.181805246746432 0.0 4.0 
2303 3090678.1 86.45836145518851 76.64599774992479 145.43459570312493 0 233 2.8329 0.0 8.181805246746432 0.0 4.0 
2304 3090711.5 86.45836145518851 76.64599774992479 145.43459570312493 0 233 2.8329 0.0 8.181805246746432 0.0 4.0 
2305 3090744.8 86.45836145518851 76.64599774992479 145.43459570312493 0 233 2.8329 0.0 8.181805246746432 0.0 4.0 
2306 3090778.2 86.45836145518851 76.64836886237825 145.43459570312493 0 233 2.8329 0.0 8.181805246746432 0.0 4.0 
2307 3090811.5 86.45836145518851 76.64836886237825 145.43459570312493 0 233 2.8329 0.0 8.181805246746432 0.0 4.0 
2308 3090844.8 86.45836145518851 76.64836886237825 145.43459570312493 0 233 2.8329 0.0 8.181805246746432 0.0 4.0 
2309 3090878.2 86.45674218711983 76.64836886237825 145.43459570312493 0 233 2.8329 0.0 8.181805246746432 0.0 4.0 
2310 3090911.5 86.45674218711983 76.65171633058338 145.43459570312493 0 233 2.8329 0.0 8.181805246746432 0.0 4.0 
2311 3090944.8 86.45674218711983 76.65171633058338 145.43459570312493 0 233 2.8329 0.0 8.181805246746432 0.0 4.0 
2312 3090978.2 86.45919392123069 76.65171633058338 145.43459570312493 0 233 2.8329 0.0 8.181805246746432 0.0 4.0 
2313 3091011.5 86.45919392123069 76.64933574663495 145.43459570312493 0 233 2.8329 0.0 8.181805246746432 0.0 4.0 
2314 3091044.8 86.45919392123069 76.64933574663495 145.43459570312493 0 233 2.8329 0.0 8.181805246746432 0.0 4.0 
2315 3091078.2 86.46353688625162 76.64921289062495 145.5403876953124 0 233 2.8329 0.0 8.181805246746432 0.0 4.0 
2316 3091111.5 86.46353688625162 76.64537677795641 145.5403876953124 0 233 2.8329 0.0 8.181805246746432 0.0 4.0 
2317 3091144.9 86.46353688625162 76.64537677795641 145.5403876953124 0 233 2.8329 0.0 8.181805246746432 0.0 4.0 
2318 3091178.2 86.46669226855424 76.64537677795641 145.5403876953124 0 233 2.8329 0.0 8.181805246746432 0.0 4.0 
2319 3091211.5 86.46669226855424 76.64350078801041 145.5403876953124 0 233 2.8329 0.0 8.181805246746432 0.0 4.0 
2320 3091244.9 86.46669226855424 76.64350078801041 145.5403876953124 0 233 2.8329 0.0 8.181805246746432 0.0 4.0 
2321 3091278.2 86.46669226855424 76.6424834284653 145.5403876953124 0 233 2.8329 0.0 8.181805246746432 0.0 4.0 
2322 3091311.5 86.46669226855424 76.6424834284653 145.5403876953124 0 233 2.8329 0.0 8.181805246746432 0.0 4.0 
2323 3091344.9 86.46669226855424 76.6424834284653 145.5403876953124 0 233 2.8329 0.0 8.181805246746432 0.0 4.0 
2324 3091378.2 86.46780823841235 76.6424834284653 145.5403876953124 0 233 2.8329 0.0 8.181805246746432 0.0 4.0 
2325 3091411.5 86.46780823841235 76.64108915545697 145.5403876953124 0 233 2.8329 0.0 8.181805246746432 0.0 4.0 
2326 3091444.9 86.46780823841235 76.64108915545697 145.5403876953124 0 233 2.8329 0.0 8.181805246746432 0.0 4.0 
2327 3091478.2 86.46884924672894 76.64108915545697 145.5403876953124 0 233 2.8329 0.0 8.181805246746432 0.0 4.0 
2328 3091511.5 86.46884924672894 76.64108915545697 145.5403876953124 0 233 2.8329 0.0 8.181805246746432 0.0 4.0 
2329 3091544.9 86.46884924672894 76.64108915545697 145.5403876953124 0 233 2.8329 0.0 8.181805246746432 0.0 4.0 
2330 3091578.2 86.46884924672894 76.64108915545697 145.5403876953124 0 233 2.8329 0.0 8.181805246746432 0.0 4.0 
2331 3091611.6 86.46876855468744 76.64217782645518 145.4813525390624 0 233 2.8329 0.0 8.181805246746432 0.0 4.0 
2332 3091644.9 86.46876855468744 76.64217782645518 145.4813525390624 0 233 2.8329 0.0 8.181805246746432 0.0 4.0 
2333 3091678.2 86.46640670201758 76.64217782645518 145.4813525390624 0 233 2.8329 0.0 8.181805246746432 0.0 4.0 
2334 3091711.6 86.46640670201758 76.64609592634851 145.4813525390624 0 233 2.8329 0.0 8.181805246746432 0.0 4.0 
2335 3091744.9 86.46442773437496 76.64611230468746 145.42318554687492 0 233 2.8329 0.0 8.181805246746432 0.0 4.0 
2336 3091778.2 86.45696712746297 76.64611230468746 145.42318554687492 0 233 2.8329 0.0 8.181805246746432 0.0 4.0 
2337 3091811.6 86.45696712746297 76.65883505818384 145.42318554687492 0 233 2.8329 0.0 8.181805246746432 0.0 4.0 
2338 3091844.9 86.45696712746297 76.65883505818384 145.42318554687492 0 233 2.8329 0.0 8.181805246746432 0.0 4.0 
2339 3091878.2 86.45696712746297 76.65883505818384 145.42318554687492 0 233 2.8329 0.0 8.181805246746432 0.0 4.0 
2340 3091911.6 86.45090834701772 76.65883505818384 145.42318554687492 0 233 2.8329 0.0 8.181805246746432 0.0 4.0 
2341 3091944.9 86.45090834701772 76.67184554013093 145.42318554687492 0 233 2.8329 0.0 8.181805246746432 0.0 4.0 
2342 3091978.3 86.45090834701772 76.67184554013093 145.42318554687492 0 233 2.8329 0.0 8.181805246746432 0.0 4.0 
2343 3092011.6 86.45090834701772 76.67184554013093 145.42318554687492 0 233 2.8329 0.0 8.181805246746432 0.0 4.0 
2344 3092044.9 86.44904149797289 76.67184554013093 145.42318554687492 0 233 2.8329 0.0 8.181805246746432 0.0 4.0 
2345 3092078.3 86.44904149797289 76.69136336809977 145.42318554687492 0 233 2.8329 0.0 8.181805246746432 0.0 4.0 
2346 3092111.6 86.44904149797289 76.69136336809977 145.42318554687492 0 233 2.8329 0.0 8.181805246746432 0.0 4.0 
2347 3092144.9 86.44904149797289 76.69136336809977 145.42318554687492 0 233 2.8329 0.0 8.181805246746432 0.0 4.0 
2348 3092178.3 86.44665080687277 76.69136336809977 145.42318554687492 0 233 2.8329 0.0 8.181805246746432 0.0 4.0 
2349 3092211.6 86.44665080687277 76.70626045550874 145.42318554687492 0 233 2.8329 0.0 8.181805246746432 0.0 4.0 
2350 3092244.9 86.44665080687277 76.70626045550874 145.42318554687492 0 233 2.8329 0.0 8.181805246746432 0.0 4.0 
2351 3092278.3 86.44665080687277 76.70626045550874 145.42318554687492 0 233 2.8329 0.0 8.181805246746432 0.0 4.0 
2352 3092311.6 86.44816421041136 76.70626045550874 145.42318554687492 0 233 2.8329 0.0 8.181805246746432 0.0 4.0 
2353 3092344.9 86.44816421041136 76.73665029009373 145.42318554687492 0 233 2.8329 0.0 8.181805246746432 0.0 4.0 
2354 3092378.3 86.44816421041136 76.73665029009373 145.42318554687492 0 233 2.8329 0.0 8.181805246746432 0.0 4.0 
2355 3092411.6 86.44816421041136 76.73665029009373 145.42318554687492 0 233 2.8329 0.0 8.181805246746432 0.0 4.0 
2356 3092445.0 86.45979790788822 76.73665029009373 145.42318554687492 0 233 2.8329 0.0 8.181805246746432 0.0 4.0 
2357 3092478.3 86.45979790788822 76.7605687165863 145.42318554687492 0 233 2.8329 0.0 8.181805246746432 0.0 4.0 
2358 3092511.6 86.45979790788822 76.7605687165863 145.42318554687492 0 233 2.8329 0.0 8.181805246746432 0.0 4.0 
2359 3092545.0 86.45979790788822 76.7605687165863 145.42318554687492 0 233 2.8329 0.0 8.181805246746432 0.0 4.0 
2360 3092578.3 86.4817397294006 76.7605687165863 145.42318554687492 0 233 2.8329 0.0 8.181805246746432 0.0 4.0 
2361 3092611.6 86.4817397294006 76.78510825113105 145.42318554687492 0 233 2.8329 0.0 8.181805246746432 0.0 4.0 
2362 3092645.0 86.4817397294006 76.78510825113105 145.42318554687492 0 233 2.8329 0.0 8.181805246746432 0.0 4.0 
2363 3092678.3 86.4817397294006 76.78510825113105 145.42318554687492 0 233 2.8329 0.0 8.181805246746432 0.0 4.0 
2364 3092711.6 86.49761562630489 76.78510825113105 145.42318554687492 0 233 2.8329 0.0 8.181805246746432 0.0 4.0 
2365 3092745.0 86.49761562630489 76.80177215342822 145.42318554687492 0 233 2.8329 0.0 8.181805246746432 0.0 4.0 
2366 3092778.3 86.49761562630489 76.80177215342822 145.42318554687492 0 233 2.8329 0.0 8.181805246746432 0.0 4.0 
2367 3092811.7 86.49761562630489 76.80177215342822 145.42318554687492 0 233 2.8329 0.0 8.181805246746432 0.0 4.0 
2368 3092845.0 86.51214450701181 76.80177215342822 145.42318554687492 0 233 2.8329 0.0 8.181805246746432 0.0 4.0 
2369 3092878.3 86.51214450701181 76.81701237212194 145.42318554687492 0 233 2.8329 0.0 8.181805246746432 0.0 4.0 
2370 3092911.7 86.51214450701181 76.81701237212194 145.42318554687492 0 233 2.8329 0.0 8.181805246746432 0.0 4.0 
2371 3092945.0 86.51214450701181 76.81701237212194 145.42318554687492 0 233 2.8329 0.0 8.181805246746432 0.0 4.0 
2372 3092978.3 86.52744605758281 76.81701237212194 145.42318554687492 0 233 2.8329 0.0 8.181805246746432 0.0 4.0 
2373 3093011.7 86.52744605758281 76.8307164675226 145.42318554687492 0 233 2.8329 0.0 8.181805246746432 0.0 4.0 
2374 3093045.0 86.52744605758281 76.8307164675226 145.42318554687492 0 233 2.8329 0.0 8.181805246746432 0.0 4.0 
2375 3093078.3 86.52744605758281 76.8307164675226 145.42318554687492 0 233 2.8329 0.0 8.181805246746432 0.0 4.0 
2376 3093111.7 86.54315836195414 76.8307164675226 145.42318554687492 0 233 2.8329 0.0 8.181805246746432 0.0 4.0 
2377 3093145.0 86.54315836195414 76.84121300582927 145.42318554687492 0 233 2.8329 0.0 8.181805246746432 0.0 4.0 
2378 3093178.3 86.54315836195414 76.84121300582927 145.42318554687492 0 233 2.8329 0.0 8.181805246746432 0.0 4.0 
2379 3093211.7 86.54315836195414 76.84121300582927 145.42318554687492 0 233 2.8329 0.0 8.181805246746432 0.0 4.0 
2380 3093245.0 86.56676632809716 76.84121300582927 145.42318554687492 0 233 2.8329 0.0 8.181805246746432 0.0 4.0 
2381 3093278.4 86.56676632809716 76.84736507685817 145.42318554687492 0 233 2.8329 0.0 8.181805246746432 0.0 4.0 
2382 3093311.7 86.56676632809716 76.84736507685817 145.42318554687492 0 233 2.8329 0.0 8.181805246746432 0.0 4.0 
2383 3093345.0 86.56676632809716 76.84736507685817 145.42318554687492 0 233 2.8329 0.0 8.181805246746432 0.0 4.0 
2384 3093378.4 86.58794779900468 76.84736507685817 145.42318554687492 0 233 2.8329 0.0 8.181805246746432 0.0 4.0 
2385 3093411.7 86.58794779900468 76.85308387221755 145.42318554687492 0 233 2.8329 0.0 8.181805246746432 0.0 4.0 
2386 3093445.0 86.58794779900468 76.85308387221755 145.42318554687492 0 233 2.8329 0.0 8.181805246746432 0.0 4.0 
2387 3093478.4 86.58794779900468 76.85308387221755 145.42318554687492 0 233 2.8329 0.0 8.181805246746432 0.0 4.0 
2388 3093511.7 86.60770015601001 76.85308387221755 145.42318554687492 0 233 2.8329 0.0 8.181805246746432 0.0 4.0 
2389 3093545.0 86.60770015601001 76.8608441068495 145.42318554687492 0 233 2.8329 0.0 8.181805246746432 0.0 4.0 
2390 3093578.4 86.60770015601001 76.8608441068495 145.42318554687492 0 233 2.8329 0.0 8.181805246746432 0.0 4.0 
2391 3093611.7 86.60770015601001 76.8608441068495 145.42318554687492 0 233 2.8329 0.0 8.181805246746432 0.0 4.0 
2392 3093645.1 86.6310237614561 76.8608441068495 145.42318554687492 0 233 2.8329 0.0 8.181805246746432 0.0 4.0 
2393 3093678.4 86.6310237614561 76.86270420981165 145.42318554687492 0 233 2.8329 0.0 8.181805246746432 0.0 4.0 
2394 3093711.7 86.6310237614561 76.86270420981165 145.42318554687492 0 233 2.8329 0.0 8.181805246746432 0.0 4.0 
2395 3093745.1 86.6310237614561 76.86270420981165 145.42318554687492 0 233 2.8329 0.0 8.181805246746432 0.0 4.0 
2396 3093778.4 86.65601552722309 76.86270420981165 145.42318554687492 0 233 2.8329 0.0 8.181805246746432 0.0 4.0 
2397 3093811.7 86.65601552722309 76.86497776732998 145.42318554687492 0 233 2.8329 0.0 8.181805246746432 0.0 4.0 
2398 3093845.1 86.65601552722309 76.86497776732998 145.42318554687492 0 233 2.8329 0.0 8.181805246746432 0.0 4.0 
2399 3093878.4 86.65601552722309 76.86497776732998 145.42318554687492 0 233 2.8329 0.0 8.181805246746432 0.0 4.0 
2400 3093911.7 86.68014871408378 76.86497776732998 145.42318554687492 0 233 2.8329 0.0 8.181805246746432 0.0 4.0 
2401 3093945.1 86.68014871408378 76.87605566337756 145.42318554687492 0 233 2.8329 0.0 8.181805246746432 0.0 4.0 
2402 3093978.4 86.68014871408378 76.87605566337756 145.42318554687492 0 233 2.8329 0.0 8.181805246746432 0.0 4.0 
2403 3094011.7 86.68014871408378 76.87605566337756 145.42318554687492 0 233 2.8329 0.0 8.181805246746432 0.0 4.0 
2404 3094045.1 86.69907498685696 76.87605566337756 145.42318554687492 0 233 2.8329 0.0 8.181805246746432 0.0 4.0 
2405 3094078.4 86.69907498685696 76.886243360894 145.42318554687492 0 233 2.8329 0.0 8.181805246746432 0.0 4.0 
2406 3094111.8 86.69907498685696 76.886243360894 145.42318554687492 0 233 2.8329 0.0 8.181805246746432 0.0 4.0 
2407 3094145.1 86.69907498685696 76.886243360894 145.42318554687492 0 233 2.8329 0.0 8.181805246746432 0.0 4.0 
2408 3094178.4 86.71752112486372 76.886243360894 145.42318554687492 0 233 2.8329 0.0 8.181805246746432 0.0 4.0 
2409 3094211.8 86.71752112486372 76.89786780086514 145.42318554687492 0 233 2.8329 0.0 8.181805246746432 0.0 4.0 
2410 3094245.1 86.71752112486372 76.89786780086514 145.42318554687492 0 233 2.8329 0.0 8.181805246746432 0.0 4.0 
2411 3094278.4 86.71752112486372 76.89786780086514 145.42318554687492 0 233 2.8329 0.0 8.181805246746432 0.0 4.0 
2412 3094311.8 86.73198848008498 76.89786780086514 145.42318554687492 0 233 2.8329 0.0 8.181805246746432 0.0 4.0 
2413 3094345.1 86.73198848008498 76.90991195396776 145.42318554687492 0 233 2.8329 0.0 8.181805246746432 0.0 4.0 
2414 3094378.4 86.73198848008498 76.90991195396776 145.42318554687492 0 233 2.8329 0.0 8.181805246746432 0.0 4.0 
2415 3094411.8 86.73198848008498 76.90991195396776 145.42318554687492 0 233 2.8329 0.0 8.181805246746432 0.0 4.0 
2416 3094445.1 86.7456162407287 76.90991195396776 145.42318554687492 0 233 2.8329 0.0 8.181805246746432 0.0 4.0 
2417 3094478.5 86.7456162407287 76.92645302769641 145.42318554687492 0 233 2.8329 0.0 8.181805246746432 0.0 4.0 
2418 3094511.8 86.7456162407287 76.92645302769641 145.42318554687492 0 233 2.8329 0.0 8.181805246746432 0.0 4.0 
2419 3094545.1 86.7456162407287 76.92645302769641 145.42318554687492 0 233 2.8329 0.0 8.181805246746432 0.0 4.0 
2420 3094578.5 86.7456162407287 76.92645302769641 145.42318554687492 0 233 2.8329 0.0 8.181805246746432 0.0 4.0 
2421 3094611.8 86.75488682769497 76.94837802510165 145.42318554687492 0 233 2.8329 0.0 8.181805246746432 0.0 4.0 
2422 3094645.1 86.75488682769497 76.94837802510165 145.42318554687492 0 233 2.8329 0.0 8.181805246746432 0.0 4.0 
2423 3094678.5 86.75488682769497 76.94837802510165 145.42318554687492 0 233 2.8329 0.0 8.181805246746432 0.0 4.0 
2424 3094711.8 86.75793089145006 76.94837802510165 145.42318554687492 0 233 2.8329 0.0 8.181805246746432 0.0 4.0 
2425 3094745.1 86.75793089145006 76.97694531841246 145.42318554687492 0 233 2.8329 0.0 8.181805246746432 0.0 4.0 
2426 3094778.5 86.75793089145006 76.97694531841246 145.42318554687492 0 233 2.8329 0.0 8.181805246746432 0.0 4.0 
2427 3094811.8 86.75793089145006 76.97694531841246 145.42318554687492 0 233 2.8329 0.0 8.181805246746432 0.0 4.0 
2428 3094845.1 86.75793089145006 77.00548688326137 145.42318554687492 0 233 2.8329 0.0 8.181805246746432 0.0 4.0 
2429 3094878.5 86.75793089145006 77.00548688326137 145.42318554687492 0 233 2.8329 0.0 8.181805246746432 0.0 4.0 
2430 3094911.8 86.75793089145006 77.00548688326137 145.42318554687492 0 233 2.8329 0.0 8.181805246746432 0.0 4.0 
2431 3094945.2 86.75793089145006 77.00548688326137 145.42318554687492 0 233 2.8329 0.0 8.181805246746432 0.0 4.0 
2432 3094978.5 86.75793089145006 77.02594134433092 145.42318554687492 0 233 2.8329 0.0 8.181805246746432 0.0 4.0 
2433 3095011.8 86.75793089145006 77.02594134433092 145.42318554687492 0 233 2.8329 0.0 8.181805246746432 0.0 4.0 
2434 3095045.2 86.75793089145006 77.02594134433092 145.42318554687492 0 233 2.8329 0.0 8.181805246746432 0.0 4.0 
2435 3095078.5 86.7527282884775 77.02594134433092 145.42318554687492 0 233 2.8329 0.0 8.181805246746432 0.0 4.0 
2436 3095111.8 86.7527282884775 77.03980791917266 145.42318554687492 0 233 2.8329 0.0 8.181805246746432 0.0 4.0 
2437 3095145.2 86.7527282884775 77.03980791917266 145.42318554687492 0 233 2.8329 0.0 8.181805246746432 0.0 4.0 
2438 3095178.5 86.7527282884775 77.03980791917266 145.42318554687492 0 233 2.8329 0.0 8.181805246746432 0.0 4.0 
2439 3095211.8 86.73542444065484 77.03980791917266 145.42318554687492 0 233 2.8329 0.0 8.181805246746432 0.0 4.0 
2440 3095245.2 86.73542444065484 77.06527394275354 145.42318554687492 0 233 2.8329 0.0 8.181805246746432 0.0 4.0 
2441 3095278.5 86.73542444065484 77.06527394275354 145.42318554687492 0 233 2.8329 0.0 8.181805246746432 0.0 4.0 
2442 3095311.9 86.73542444065484 77.06527394275354 145.42318554687492 0 233 2.8329 0.0 8.181805246746432 0.0 4.0 
2443 3095345.2 86.71960987934617 77.06527394275354 145.42318554687492 0 233 2.8329 0.0 8.181805246746432 0.0 4.0 
2444 3095378.5 86.71960987934617 77.09086147876938 145.42318554687492 0 233 2.8329 0.0 8.181805246746432 0.0 4.0 
2445 3095411.9 86.71960987934617 77.09086147876938 145.42318554687492 0 233 2.8329 0.0 8.181805246746432 0.0 4.0 
2446 3095445.2 86.71960987934617 77.09086147876938 145.42318554687492 0 233 2.8329 0.0 8.181805246746432 0.0 4.0 
2447 3095618.4 86.70876578994705 77.11512548145967 145.42318554687492 0 233 2.8329 0.0 8.181805246746432 0.0 4.0 
2448 3095685.1 86.69792170054794 77.13938948414996 145.42318554687492 0 233 2.8329 0.0 8.181805246746432 0.0 4.0 
2449 3095751.8 86.69792170054794 77.13938948414996 145.42318554687492 0 233 2.8329 0.0 8.181805246746432 0.0 4.0 
2450 3095785.1 86.6892841553764 77.13938948414996 145.42318554687492 0 233 2.8329 0.0 8.181805246746432 0.0 4.0 
2451 3095851.8 86.6892841553764 77.16329118443622 145.42318554687492 0 233 2.8329 0.0 8.181805246746432 0.0 4.0 
2452 3095918.4 86.68293825538346 77.16329118443622 145.42318554687492 0 233 2.8329 0.0 8.181805246746432 0.0 4.0 
2453 3095951.8 86.68293825538346 77.1832155419343 145.42318554687492 0 233 2.8329 0.0 8.181805246746432 0.0 4.0 
