# Recording
duration 75.006
nframes 2250
# Camera
framerate 29.997600191984642
imageToStage -0.993727445602417,-0.06086360290646553,0.06086360290646553,-0.993727445602417
rotation -3.080421285766743
imagenormaldir +Z
pixelsize 0.9955896
# Dual color
dualcolormode False
mainside Right
viewmode Splitted
recordingmode Original
translation_x 0.0
translation_y 0.0
rotation 0.0
# Tracking
roi_x 400
roi_y 400
capture_radius 400
min_step 1
threshold 30
binning 4
dark_bg True
mode CMS
area 400
# Frame Time X Y Z minBrightness maxBrightness meanBrightness medianBrightness skewness percentile_5 percentile_95
0 3315675.0 87.9689618870377 75.76645469248568 145.4244257812499 0 233 2.8329 0.0 8.181805246746432 0.0 4.0 
1 3315708.3 87.9689618870377 75.76310562664506 145.4244257812499 0 233 2.8329 0.0 8.181805246746432 0.0 4.0 
2 3315741.6 87.9689618870377 75.76310562664506 145.4244257812499 0 233 2.8329 0.0 8.181805246746432 0.0 4.0 
3 3315775.0 87.9689618870377 75.76310562664506 145.4244257812499 0 233 2.8329 0.0 8.181805246746432 0.0 4.0 
4 3315808.3 87.97689475955116 75.76310562664506 145.4244257812499 0 233 2.8329 0.0 8.181805246746432 0.0 4.0 
5 3315841.7 87.97689475955116 75.75909609959827 145.4244257812499 0 233 2.8329 0.0 8.181805246746432 0.0 4.0 
6 3315875.0 87.97689475955116 75.75909609959827 145.4244257812499 0 233 2.8329 0.0 8.181805246746432 0.0 4.0 
7 3315908.3 87.97689475955116 75.75909609959827 145.4244257812499 0 233 2.8329 0.0 8.181805246746432 0.0 4.0 
8 3315941.7 87.98479539893832 75.75909609959827 145.4244257812499 0 233 2.8329 0.0 8.181805246746432 0.0 4.0 
9 3315975.0 87.98479539893832 75.75512767193497 145.4244257812499 0 233 2.8329 0.0 8.181805246746432 0.0 4.0 
10 3316008.3 87.98479539893832 75.75512767193497 145.4244257812499 0 233 2.8329 0.0 8.181805246746432 0.0 4.0 
11 3316041.7 87.98479539893832 75.75512767193497 145.4244257812499 0 233 2.8329 0.0 8.181805246746432 0.0 4.0 
12 3316075.0 87.98479539893832 75.75325405348535 145.4244257812499 0 233 2.8329 0.0 8.181805246746432 0.0 4.0 
13 3316108.3 87.98479539893832 75.75325405348535 145.4244257812499 0 233 2.8329 0.0 8.181805246746432 0.0 4.0 
14 3316141.7 87.99228730300868 75.75102505919628 145.4244257812499 0 233 2.8329 0.0 8.181805246746432 0.0 4.0 
15 3316175.0 87.99228730300868 75.75102505919628 145.4244257812499 0 233 2.8329 0.0 8.181805246746432 0.0 4.0 
16 3316208.3 87.99228730300868 75.75102505919628 145.4244257812499 0 233 2.8329 0.0 8.181805246746432 0.0 4.0 
17 3316241.7 87.99228730300868 75.75102505919628 145.4244257812499 0 233 2.8329 0.0 8.181805246746432 0.0 4.0 
18 3316275.0 87.99346377629833 75.75102505919628 145.4244257812499 0 233 2.8329 0.0 8.181805246746432 0.0 4.0 
19 3316308.4 87.99346377629833 75.75102505919628 145.4244257812499 0 233 2.8329 0.0 8.181805246746432 0.0 4.0 
20 3316341.7 87.99346377629833 75.75102505919628 145.4244257812499 0 233 2.8329 0.0 8.181805246746432 0.0 4.0 
21 3316375.0 87.99346377629833 75.75288304826603 145.4244257812499 0 233 2.8329 0.0 8.181805246746432 0.0 4.0 
22 3316408.4 87.99346377629833 75.75288304826603 145.4244257812499 0 233 2.8329 0.0 8.181805246746432 0.0 4.0 
23 3316441.7 87.99346377629833 75.75288304826603 145.4244257812499 0 233 2.8329 0.0 8.181805246746432 0.0 4.0 
24 3316475.0 87.99016173831396 75.75738591285713 145.4244257812499 0 233 2.8329 0.0 8.181805246746432 0.0 4.0 
25 3316508.4 87.99016173831396 75.75738591285713 145.4244257812499 0 233 2.8329 0.0 8.181805246746432 0.0 4.0 
26 3316541.7 87.99016173831396 75.75738591285713 145.4244257812499 0 233 2.8329 0.0 8.181805246746432 0.0 4.0 
27 3316575.0 87.99016173831396 75.75738591285713 145.4244257812499 0 233 2.8329 0.0 8.181805246746432 0.0 4.0 
28 3316608.4 87.97230087343212 75.75738591285713 145.4244257812499 0 233 2.8329 0.0 8.181805246746432 0.0 4.0 
29 3316641.7 87.97230087343212 75.77087931206646 145.4244257812499 0 233 2.8329 0.0 8.181805246746432 0.0 4.0 
30 3316675.1 87.97230087343212 75.77087931206646 145.4244257812499 0 233 2.8329 0.0 8.181805246746432 0.0 4.0 
31 3316708.4 87.97230087343212 75.77087931206646 145.4244257812499 0 233 2.8329 0.0 8.181805246746432 0.0 4.0 
32 3316741.7 87.94451103679376 75.77087931206646 145.4244257812499 0 233 2.8329 0.0 8.181805246746432 0.0 4.0 
33 3316775.1 87.94451103679376 75.79450347039639 145.4244257812499 0 233 2.8329 0.0 8.181805246746432 0.0 4.0 
34 3316808.4 87.94451103679376 75.79450347039639 145.4244257812499 0 233 2.8329 0.0 8.181805246746432 0.0 4.0 
35 3316841.7 87.94451103679376 75.79450347039639 145.4244257812499 0 233 2.8329 0.0 8.181805246746432 0.0 4.0 
36 3316875.1 87.91635549320245 75.82035181855285 145.4244257812499 0 233 2.8329 0.0 8.181805246746432 0.0 4.0 
37 3316908.4 87.91635549320245 75.82035181855285 145.4244257812499 0 233 2.8329 0.0 8.181805246746432 0.0 4.0 
38 3316941.7 87.91635549320245 75.82035181855285 145.4244257812499 0 233 2.8329 0.0 8.181805246746432 0.0 4.0 
39 3316975.1 87.91635549320245 75.82035181855285 145.4244257812499 0 233 2.8329 0.0 8.181805246746432 0.0 4.0 
40 3317008.4 87.8988261856264 75.82035181855285 145.4244257812499 0 233 2.8329 0.0 8.181805246746432 0.0 4.0 
41 3317041.7 87.8988261856264 75.83482410180416 145.4244257812499 0 233 2.8329 0.0 8.181805246746432 0.0 4.0 
42 3317075.1 87.8988261856264 75.83482410180416 145.4244257812499 0 233 2.8329 0.0 8.181805246746432 0.0 4.0 
43 3317108.4 87.8988261856264 75.83482410180416 145.4244257812499 0 233 2.8329 0.0 8.181805246746432 0.0 4.0 
44 3317141.8 87.87459379946996 75.83482410180416 145.4244257812499 0 233 2.8329 0.0 8.181805246746432 0.0 4.0 
45 3317175.1 87.87459379946996 75.85359997273027 145.4244257812499 0 233 2.8329 0.0 8.181805246746432 0.0 4.0 
46 3317208.4 87.87459379946996 75.85359997273027 145.4244257812499 0 233 2.8329 0.0 8.181805246746432 0.0 4.0 
47 3317241.8 87.87459379946996 75.85359997273027 145.4244257812499 0 233 2.8329 0.0 8.181805246746432 0.0 4.0 
48 3317275.1 87.84223332382604 75.87056647765054 145.4244257812499 0 233 2.8329 0.0 8.181805246746432 0.0 4.0 
49 3317308.4 87.84223332382604 75.87056647765054 145.4244257812499 0 233 2.8329 0.0 8.181805246746432 0.0 4.0 
50 3317341.8 87.84223332382604 75.87056647765054 145.4244257812499 0 233 2.8329 0.0 8.181805246746432 0.0 4.0 
51 3317375.1 87.84223332382604 75.87056647765054 145.4244257812499 0 233 2.8329 0.0 8.181805246746432 0.0 4.0 
52 3317408.4 87.84223332382604 75.87056647765054 145.4244257812499 0 233 2.8329 0.0 8.181805246746432 0.0 4.0 
53 3317441.8 87.77043979491968 75.87377829057714 145.4244257812499 0 233 2.8329 0.0 8.181805246746432 0.0 4.0 
54 3317475.1 87.77043979491968 75.87377829057714 145.4244257812499 0 233 2.8329 0.0 8.181805246746432 0.0 4.0 
55 3317508.5 87.77043979491968 75.87377829057714 145.4244257812499 0 233 2.8329 0.0 8.181805246746432 0.0 4.0 
56 3317541.8 87.77043979491968 75.87377829057714 145.4244257812499 0 233 2.8329 0.0 8.181805246746432 0.0 4.0 
57 3317575.1 87.77043979491968 75.87377829057714 145.4244257812499 0 233 2.8329 0.0 8.181805246746432 0.0 4.0 
58 3317608.5 87.7102664508606 75.87377829057714 145.4244257812499 0 233 2.8329 0.0 8.181805246746432 0.0 4.0 
59 3317641.8 87.7102664508606 75.81427489070632 145.4244257812499 0 233 2.8329 0.0 8.181805246746432 0.0 4.0 
60 3317675.1 87.7102664508606 75.81427489070632 145.4244257812499 0 233 2.8329 0.0 8.181805246746432 0.0 4.0 
61 3317708.5 87.7102664508606 75.81427489070632 145.4244257812499 0 233 2.8329 0.0 8.181805246746432 0.0 4.0 
62 3317741.8 87.7102664508606 75.81427489070632 145.4244257812499 0 233 2.8329 0.0 8.181805246746432 0.0 4.0 
63 3317775.1 87.71011914062495 75.7501729004532 145.38349804687493 0 233 2.8329 0.0 8.181805246746432 0.0 4.0 
64 3317808.5 87.71011914062495 75.7501729004532 145.38349804687493 0 233 2.8329 0.0 8.181805246746432 0.0 4.0 
65 3317841.8 87.71011914062495 75.7501729004532 145.38349804687493 0 233 2.8329 0.0 8.181805246746432 0.0 4.0 
66 3317875.1 87.71011914062495 75.7501729004532 145.38349804687493 0 233 2.8329 0.0 8.181805246746432 0.0 4.0 
67 3317908.5 87.71011914062495 75.7501729004532 145.38349804687493 0 233 2.8329 0.0 8.181805246746432 0.0 4.0 
68 3317941.8 87.6665639702174 75.7501729004532 145.38349804687493 0 233 2.8329 0.0 8.181805246746432 0.0 4.0 
69 3317975.2 87.6665639702174 75.71800861895183 145.38349804687493 0 233 2.8329 0.0 8.181805246746432 0.0 4.0 
70 3318008.5 87.6665639702174 75.71800861895183 145.38349804687493 0 233 2.8329 0.0 8.181805246746432 0.0 4.0 
71 3318041.8 87.6665639702174 75.71800861895183 145.38349804687493 0 233 2.8329 0.0 8.181805246746432 0.0 4.0 
72 3318075.2 87.6665639702174 75.71800861895183 145.38349804687493 0 233 2.8329 0.0 8.181805246746432 0.0 4.0 
73 3318108.5 87.62037310780644 75.71519652749487 145.38349804687493 0 233 2.8329 0.0 8.181805246746432 0.0 4.0 
74 3318141.8 87.62037310780644 75.71519652749487 145.38349804687493 0 233 2.8329 0.0 8.181805246746432 0.0 4.0 
75 3318175.2 87.62037310780644 75.71519652749487 145.38349804687493 0 233 2.8329 0.0 8.181805246746432 0.0 4.0 
76 3318208.5 87.62037310780644 75.71519652749487 145.38349804687493 0 233 2.8329 0.0 8.181805246746432 0.0 4.0 
77 3318241.8 87.62037310780644 75.71519652749487 145.38349804687493 0 233 2.8329 0.0 8.181805246746432 0.0 4.0 
78 3318275.2 87.57879273178943 75.71519652749487 145.38349804687493 0 233 2.8329 0.0 8.181805246746432 0.0 4.0 
79 3318308.5 87.57879273178943 75.73344381068061 145.38349804687493 0 233 2.8329 0.0 8.181805246746432 0.0 4.0 
80 3318341.9 87.57879273178943 75.73344381068061 145.38349804687493 0 233 2.8329 0.0 8.181805246746432 0.0 4.0 
81 3318375.2 87.57879273178943 75.73344381068061 145.38349804687493 0 233 2.8329 0.0 8.181805246746432 0.0 4.0 
82 3318408.5 87.55211328124996 75.73342382812497 145.44724609374992 0 233 2.8329 0.0 8.181805246746432 0.0 4.0 
83 3318441.9 87.52378901890336 75.73342382812497 145.44724609374992 0 233 2.8329 0.0 8.181805246746432 0.0 4.0 
84 3318475.2 87.52378901890336 75.77777716703226 145.44724609374992 0 233 2.8329 0.0 8.181805246746432 0.0 4.0 
85 3318508.5 87.52378901890336 75.77777716703226 145.44724609374992 0 233 2.8329 0.0 8.181805246746432 0.0 4.0 
86 3318541.9 87.52378901890336 75.77777716703226 145.44724609374992 0 233 2.8329 0.0 8.181805246746432 0.0 4.0 
87 3318575.2 87.47749335763102 75.77777716703226 145.44724609374992 0 233 2.8329 0.0 8.181805246746432 0.0 4.0 
88 3318608.5 87.47749335763102 75.82042445978769 145.44724609374992 0 233 2.8329 0.0 8.181805246746432 0.0 4.0 
89 3318641.9 87.47749335763102 75.82042445978769 145.44724609374992 0 233 2.8329 0.0 8.181805246746432 0.0 4.0 
90 3318675.2 87.47749335763102 75.82042445978769 145.44724609374992 0 233 2.8329 0.0 8.181805246746432 0.0 4.0 
91 3318708.5 87.47749335763102 75.82042445978769 145.44724609374992 0 233 2.8329 0.0 8.181805246746432 0.0 4.0 
92 3318741.9 87.43879715090672 75.82902387421649 145.44724609374992 0 233 2.8329 0.0 8.181805246746432 0.0 4.0 
93 3318775.2 87.43879715090672 75.82902387421649 145.44724609374992 0 233 2.8329 0.0 8.181805246746432 0.0 4.0 
94 3318808.6 87.43879715090672 75.82902387421649 145.44724609374992 0 233 2.8329 0.0 8.181805246746432 0.0 4.0 
95 3318841.9 87.43879715090672 75.82902387421649 145.44724609374992 0 233 2.8329 0.0 8.181805246746432 0.0 4.0 
96 3318875.2 87.38861993652442 75.82902387421649 145.44724609374992 0 233 2.8329 0.0 8.181805246746432 0.0 4.0 
97 3318908.6 87.38861993652442 75.82312944823823 145.44724609374992 0 233 2.8329 0.0 8.181805246746432 0.0 4.0 
98 3318941.9 87.38861993652442 75.82312944823823 145.44724609374992 0 233 2.8329 0.0 8.181805246746432 0.0 4.0 
99 3318975.2 87.38861993652442 75.82312944823823 145.44724609374992 0 233 2.8329 0.0 8.181805246746432 0.0 4.0 
100 3319008.6 87.38861993652442 75.82312944823823 145.44724609374992 0 233 2.8329 0.0 8.181805246746432 0.0 4.0 
101 3319041.9 87.35949456957894 75.82312944823823 145.44724609374992 0 233 2.8329 0.0 8.181805246746432 0.0 4.0 
102 3319075.2 87.35949456957894 75.80106717397004 145.44724609374992 0 233 2.8329 0.0 8.181805246746432 0.0 4.0 
103 3319108.6 87.35949456957894 75.80106717397004 145.44724609374992 0 233 2.8329 0.0 8.181805246746432 0.0 4.0 
104 3319141.9 87.35949456957894 75.80106717397004 145.44724609374992 0 233 2.8329 0.0 8.181805246746432 0.0 4.0 
105 3319175.3 87.35949456957894 75.80106717397004 145.44724609374992 0 233 2.8329 0.0 8.181805246746432 0.0 4.0 
106 3319208.6 87.3312819029688 75.80106717397004 145.44724609374992 0 233 2.8329 0.0 8.181805246746432 0.0 4.0 
107 3319241.9 87.3312819029688 75.77405545228146 145.44724609374992 0 233 2.8329 0.0 8.181805246746432 0.0 4.0 
108 3319275.3 87.3312819029688 75.77405545228146 145.44724609374992 0 233 2.8329 0.0 8.181805246746432 0.0 4.0 
109 3319308.6 87.3312819029688 75.77405545228146 145.44724609374992 0 233 2.8329 0.0 8.181805246746432 0.0 4.0 
110 3319341.9 87.31383345697901 75.77405545228146 145.44724609374992 0 233 2.8329 0.0 8.181805246746432 0.0 4.0 
111 3319375.3 87.31383345697901 75.75553773777163 145.44724609374992 0 233 2.8329 0.0 8.181805246746432 0.0 4.0 
112 3319408.6 87.31383345697901 75.75553773777163 145.44724609374992 0 233 2.8329 0.0 8.181805246746432 0.0 4.0 
113 3319441.9 87.3068930224434 75.75553773777163 145.44724609374992 0 233 2.8329 0.0 8.181805246746432 0.0 4.0 
114 3319475.3 87.3068930224434 75.74270586615086 145.44724609374992 0 233 2.8329 0.0 8.181805246746432 0.0 4.0 
115 3319508.6 87.3068930224434 75.74270586615086 145.44724609374992 0 233 2.8329 0.0 8.181805246746432 0.0 4.0 
116 3319541.9 87.3068930224434 75.74270586615086 145.44724609374992 0 233 2.8329 0.0 8.181805246746432 0.0 4.0 
117 3319575.3 87.28562608506965 75.74270586615086 145.44724609374992 0 233 2.8329 0.0 8.181805246746432 0.0 4.0 
118 3319608.6 87.28562608506965 75.70843194032508 145.44724609374992 0 233 2.8329 0.0 8.181805246746432 0.0 4.0 
119 3319642.0 87.28562608506965 75.70843194032508 145.44724609374992 0 233 2.8329 0.0 8.181805246746432 0.0 4.0 
120 3319675.3 87.28562608506965 75.70843194032508 145.44724609374992 0 233 2.8329 0.0 8.181805246746432 0.0 4.0 
121 3319708.6 87.28562608506965 75.70843194032508 145.44724609374992 0 233 2.8329 0.0 8.181805246746432 0.0 4.0 
122 3319742.0 87.20753886558279 75.70843194032508 145.44724609374992 0 233 2.8329 0.0 8.181805246746432 0.0 4.0 
123 3319775.3 87.20753886558279 75.67274079458042 145.44724609374992 0 233 2.8329 0.0 8.181805246746432 0.0 4.0 
124 3319808.6 87.20753886558279 75.67274079458042 145.44724609374992 0 233 2.8329 0.0 8.181805246746432 0.0 4.0 
125 3319842.0 87.20753886558279 75.67274079458042 145.44724609374992 0 233 2.8329 0.0 8.181805246746432 0.0 4.0 
126 3319875.3 87.20753886558279 75.67274079458042 145.44724609374992 0 233 2.8329 0.0 8.181805246746432 0.0 4.0 
127 3319908.6 87.13693305718006 75.69855053563329 145.44724609374992 0 233 2.8329 0.0 8.181805246746432 0.0 4.0 
128 3319942.0 87.13693305718006 75.69855053563329 145.44724609374992 0 233 2.8329 0.0 8.181805246746432 0.0 4.0 
129 3319975.3 87.13693305718006 75.69855053563329 145.44724609374992 0 233 2.8329 0.0 8.181805246746432 0.0 4.0 
130 3320008.7 87.13693305718006 75.69855053563329 145.44724609374992 0 233 2.8329 0.0 8.181805246746432 0.0 4.0 
131 3320042.0 87.13693305718006 75.69855053563329 145.44724609374992 0 233 2.8329 0.0 8.181805246746432 0.0 4.0 
132 3320075.3 87.10024082472822 75.69855053563329 145.44724609374992 0 233 2.8329 0.0 8.181805246746432 0.0 4.0 
133 3320108.7 87.10024082472822 75.74921843640709 145.44724609374992 0 233 2.8329 0.0 8.181805246746432 0.0 4.0 
134 3320142.0 87.10024082472822 75.74921843640709 145.44724609374992 0 233 2.8329 0.0 8.181805246746432 0.0 4.0 
135 3320175.3 87.10024082472822 75.74921843640709 145.44724609374992 0 233 2.8329 0.0 8.181805246746432 0.0 4.0 
136 3320208.7 87.10024082472822 75.74921843640709 145.44724609374992 0 233 2.8329 0.0 8.181805246746432 0.0 4.0 
137 3320242.0 87.08275246542023 75.74921843640709 145.44724609374992 0 233 2.8329 0.0 8.181805246746432 0.0 4.0 
138 3320275.3 87.08275246542023 75.79716228160802 145.44724609374992 0 233 2.8329 0.0 8.181805246746432 0.0 4.0 
139 3320308.7 87.08275246542023 75.79716228160802 145.44724609374992 0 233 2.8329 0.0 8.181805246746432 0.0 4.0 
140 3320342.0 87.08275246542023 75.79716228160802 145.44724609374992 0 233 2.8329 0.0 8.181805246746432 0.0 4.0 
141 3320375.3 87.08275246542023 75.79716228160802 145.44724609374992 0 233 2.8329 0.0 8.181805246746432 0.0 4.0 
142 3320408.7 87.0494999168362 75.79716228160802 145.44724609374992 0 233 2.8329 0.0 8.181805246746432 0.0 4.0 
143 3320442.0 87.0494999168362 75.85899200829273 145.44724609374992 0 233 2.8329 0.0 8.181805246746432 0.0 4.0 
144 3320475.4 87.0494999168362 75.85899200829273 145.44724609374992 0 233 2.8329 0.0 8.181805246746432 0.0 4.0 
145 3320508.7 87.0494999168362 75.85899200829273 145.44724609374992 0 233 2.8329 0.0 8.181805246746432 0.0 4.0 
146 3320542.0 87.0494999168362 75.85899200829273 145.44724609374992 0 233 2.8329 0.0 8.181805246746432 0.0 4.0 
147 3320575.4 86.99503952566049 75.85899200829273 145.44724609374992 0 233 2.8329 0.0 8.181805246746432 0.0 4.0 
148 3320608.7 86.99503952566049 75.88566384254335 145.44724609374992 0 233 2.8329 0.0 8.181805246746432 0.0 4.0 
149 3320642.0 86.99503952566049 75.88566384254335 145.44724609374992 0 233 2.8329 0.0 8.181805246746432 0.0 4.0 
150 3320675.4 86.99503952566049 75.88566384254335 145.44724609374992 0 233 2.8329 0.0 8.181805246746432 0.0 4.0 
151 3320708.7 86.99503952566049 75.88566384254335 145.44724609374992 0 233 2.8329 0.0 8.181805246746432 0.0 4.0 
152 3320742.0 86.94556406209489 75.88566384254335 145.44724609374992 0 233 2.8329 0.0 8.181805246746432 0.0 4.0 
153 3320775.4 86.94556406209489 75.87008623096135 145.44724609374992 0 233 2.8329 0.0 8.181805246746432 0.0 4.0 
154 3320808.7 86.94556406209489 75.87008623096135 145.44724609374992 0 233 2.8329 0.0 8.181805246746432 0.0 4.0 
155 3320842.1 86.94556406209489 75.87008623096135 145.44724609374992 0 233 2.8329 0.0 8.181805246746432 0.0 4.0 
156 3320875.4 86.94556406209489 75.87008623096135 145.44724609374992 0 233 2.8329 0.0 8.181805246746432 0.0 4.0 
157 3320908.7 86.91230013331209 75.87008623096135 145.44724609374992 0 233 2.8329 0.0 8.181805246746432 0.0 4.0 
158 3320942.1 86.91230013331209 75.83827186901824 145.44724609374992 0 233 2.8329 0.0 8.181805246746432 0.0 4.0 
159 3320975.4 86.91230013331209 75.83827186901824 145.44724609374992 0 233 2.8329 0.0 8.181805246746432 0.0 4.0 
160 3321008.7 86.91230013331209 75.83827186901824 145.44724609374992 0 233 2.8329 0.0 8.181805246746432 0.0 4.0 
161 3321042.1 86.91230013331209 75.83827186901824 145.44724609374992 0 233 2.8329 0.0 8.181805246746432 0.0 4.0 
162 3321075.4 86.89368772700576 75.81999924351048 145.44724609374992 0 233 2.8329 0.0 8.181805246746432 0.0 4.0 
163 3321108.7 86.89368772700576 75.81999924351048 145.44724609374992 0 233 2.8329 0.0 8.181805246746432 0.0 4.0 
164 3321142.1 86.89368772700576 75.81999924351048 145.44724609374992 0 233 2.8329 0.0 8.181805246746432 0.0 4.0 
165 3321175.4 86.89368772700576 75.81999924351048 145.44724609374992 0 233 2.8329 0.0 8.181805246746432 0.0 4.0 
166 3321208.7 86.88929271624293 75.81999924351048 145.44724609374992 0 233 2.8329 0.0 8.181805246746432 0.0 4.0 
167 3321242.1 86.88929271624293 75.79822122861488 145.44724609374992 0 233 2.8329 0.0 8.181805246746432 0.0 4.0 
168 3321275.4 86.88929271624293 75.79822122861488 145.44724609374992 0 233 2.8329 0.0 8.181805246746432 0.0 4.0 
169 3321308.8 86.88929271624293 75.79822122861488 145.44724609374992 0 233 2.8329 0.0 8.181805246746432 0.0 4.0 
170 3321342.1 86.88929271624293 75.79822122861488 145.44724609374992 0 233 2.8329 0.0 8.181805246746432 0.0 4.0 
171 3321375.4 86.88466944700491 75.79822122861488 145.44724609374992 0 233 2.8329 0.0 8.181805246746432 0.0 4.0 
172 3321408.8 86.88466944700491 75.77117852398 145.44724609374992 0 233 2.8329 0.0 8.181805246746432 0.0 4.0 
173 3321442.1 86.88466944700491 75.77117852398 145.44724609374992 0 233 2.8329 0.0 8.181805246746432 0.0 4.0 
174 3321475.4 86.88466944700491 75.77117852398 145.44724609374992 0 233 2.8329 0.0 8.181805246746432 0.0 4.0 
175 3321508.8 86.88466944700491 75.77117852398 145.44724609374992 0 233 2.8329 0.0 8.181805246746432 0.0 4.0 
176 3321542.1 86.87238933120831 75.77117852398 145.44724609374992 0 233 2.8329 0.0 8.181805246746432 0.0 4.0 
177 3321575.4 86.87238933120831 75.76361534849391 145.44724609374992 0 233 2.8329 0.0 8.181805246746432 0.0 4.0 
178 3321608.8 86.87238933120831 75.76361534849391 145.44724609374992 0 233 2.8329 0.0 8.181805246746432 0.0 4.0 
179 3321642.1 86.85426111210388 75.76361534849391 145.44724609374992 0 233 2.8329 0.0 8.181805246746432 0.0 4.0 
180 3321675.5 86.85426111210388 75.7652129141778 145.44724609374992 0 233 2.8329 0.0 8.181805246746432 0.0 4.0 
181 3321708.8 86.85426111210388 75.7652129141778 145.44724609374992 0 233 2.8329 0.0 8.181805246746432 0.0 4.0 
182 3321742.1 86.84258110351593 75.7652129141778 145.44724609374992 0 233 2.8329 0.0 8.181805246746432 0.0 4.0 
183 3321775.5 86.84258110351593 75.76890303154426 145.44724609374992 0 233 2.8329 0.0 8.181805246746432 0.0 4.0 
184 3321808.8 86.84258110351593 75.76890303154426 145.44724609374992 0 233 2.8329 0.0 8.181805246746432 0.0 4.0 
185 3321842.1 86.84258110351593 75.76890303154426 145.44724609374992 0 233 2.8329 0.0 8.181805246746432 0.0 4.0 
186 3321875.5 86.81945787577745 75.76890303154426 145.44724609374992 0 233 2.8329 0.0 8.181805246746432 0.0 4.0 
187 3321908.8 86.81945787577745 75.77098546824429 145.44724609374992 0 233 2.8329 0.0 8.181805246746432 0.0 4.0 
188 3321942.1 86.81945787577745 75.77098546824429 145.44724609374992 0 233 2.8329 0.0 8.181805246746432 0.0 4.0 
189 3321975.5 86.81945787577745 75.77098546824429 145.44724609374992 0 233 2.8329 0.0 8.181805246746432 0.0 4.0 
190 3322008.8 86.79472608642963 75.77098546824429 145.44724609374992 0 233 2.8329 0.0 8.181805246746432 0.0 4.0 
191 3322042.1 86.79472608642963 75.76629309871957 145.44724609374992 0 233 2.8329 0.0 8.181805246746432 0.0 4.0 
192 3322075.5 86.79472608642963 75.76629309871957 145.44724609374992 0 233 2.8329 0.0 8.181805246746432 0.0 4.0 
193 3322108.8 86.79472608642963 75.76629309871957 145.44724609374992 0 233 2.8329 0.0 8.181805246746432 0.0 4.0 
194 3322142.2 86.79472608642963 75.76629309871957 145.44724609374992 0 233 2.8329 0.0 8.181805246746432 0.0 4.0 
195 3322175.5 86.76414008946334 75.76629309871957 145.44724609374992 0 233 2.8329 0.0 8.181805246746432 0.0 4.0 
196 3322208.8 86.76414008946334 75.74188814289502 145.44724609374992 0 233 2.8329 0.0 8.181805246746432 0.0 4.0 
197 3322242.2 86.76414008946334 75.74188814289502 145.44724609374992 0 233 2.8329 0.0 8.181805246746432 0.0 4.0 
198 3322275.5 86.76414008946334 75.74188814289502 145.44724609374992 0 233 2.8329 0.0 8.181805246746432 0.0 4.0 
199 3322308.8 86.76414008946334 75.74188814289502 145.44724609374992 0 233 2.8329 0.0 8.181805246746432 0.0 4.0 
200 3322342.2 86.74906523095552 75.74188814289502 145.44724609374992 0 233 2.8329 0.0 8.181805246746432 0.0 4.0 
201 3322375.5 86.74906523095552 75.71530476247003 145.44724609374992 0 233 2.8329 0.0 8.181805246746432 0.0 4.0 
202 3322408.8 86.74906523095552 75.71530476247003 145.44724609374992 0 233 2.8329 0.0 8.181805246746432 0.0 4.0 
203 3322442.2 86.74906523095552 75.71530476247003 145.44724609374992 0 233 2.8329 0.0 8.181805246746432 0.0 4.0 
204 3322475.5 86.74906523095552 75.71530476247003 145.44724609374992 0 233 2.8329 0.0 8.181805246746432 0.0 4.0 
205 3322508.9 86.74389191417626 75.71530476247003 145.44724609374992 0 233 2.8329 0.0 8.181805246746432 0.0 4.0 
206 3322542.2 86.74389191417626 75.67807910048263 145.44724609374992 0 233 2.8329 0.0 8.181805246746432 0.0 4.0 
207 3322575.5 86.74389191417626 75.67807910048263 145.44724609374992 0 233 2.8329 0.0 8.181805246746432 0.0 4.0 
208 3322608.9 86.74389191417626 75.67807910048263 145.44724609374992 0 233 2.8329 0.0 8.181805246746432 0.0 4.0 
209 3322642.2 86.73367511507185 75.67807910048263 145.44724609374992 0 233 2.8329 0.0 8.181805246746432 0.0 4.0 
210 3322675.5 86.73367511507185 75.67327632732656 145.44724609374992 0 233 2.8329 0.0 8.181805246746432 0.0 4.0 
211 3322708.9 86.73367511507185 75.67327632732656 145.44724609374992 0 233 2.8329 0.0 8.181805246746432 0.0 4.0 
212 3322742.2 86.73367511507185 75.67327632732656 145.44724609374992 0 233 2.8329 0.0 8.181805246746432 0.0 4.0 
213 3322775.5 86.72432250075518 75.67327632732656 145.44724609374992 0 233 2.8329 0.0 8.181805246746432 0.0 4.0 
214 3322808.9 86.72432250075518 75.67327632732656 145.44724609374992 0 233 2.8329 0.0 8.181805246746432 0.0 4.0 
215 3322842.2 86.72432250075518 75.67327632732656 145.44724609374992 0 233 2.8329 0.0 8.181805246746432 0.0 4.0 
216 3322875.5 86.72432250075518 75.67327632732656 145.44724609374992 0 233 2.8329 0.0 8.181805246746432 0.0 4.0 
217 3322908.9 86.70634679632361 75.67327632732656 145.44724609374992 0 233 2.8329 0.0 8.181805246746432 0.0 4.0 
218 3322942.2 86.70634679632361 75.67505594179084 145.44724609374992 0 233 2.8329 0.0 8.181805246746432 0.0 4.0 
219 3322975.6 86.70634679632361 75.67505594179084 145.44724609374992 0 233 2.8329 0.0 8.181805246746432 0.0 4.0 
220 3323008.9 86.70634679632361 75.67505594179084 145.44724609374992 0 233 2.8329 0.0 8.181805246746432 0.0 4.0 
221 3323042.2 86.64886884784536 75.67505594179084 145.44724609374992 0 233 2.8329 0.0 8.181805246746432 0.0 4.0 
222 3323075.6 86.64886884784536 75.667404840393 145.44724609374992 0 233 2.8329 0.0 8.181805246746432 0.0 4.0 
223 3323108.9 86.64886884784536 75.667404840393 145.44724609374992 0 233 2.8329 0.0 8.181805246746432 0.0 4.0 
224 3323142.2 86.64886884784536 75.667404840393 145.44724609374992 0 233 2.8329 0.0 8.181805246746432 0.0 4.0 
225 3323175.6 86.64886884784536 75.667404840393 145.44724609374992 0 233 2.8329 0.0 8.181805246746432 0.0 4.0 
226 3323208.9 86.60502924784973 75.667404840393 145.44724609374992 0 233 2.8329 0.0 8.181805246746432 0.0 4.0 
227 3323242.2 86.60502924784973 75.66356042346308 145.44724609374992 0 233 2.8329 0.0 8.181805246746432 0.0 4.0 
228 3323275.6 86.60502924784973 75.66356042346308 145.44724609374992 0 233 2.8329 0.0 8.181805246746432 0.0 4.0 
229 3323308.9 86.60502924784973 75.66356042346308 145.44724609374992 0 233 2.8329 0.0 8.181805246746432 0.0 4.0 
230 3323342.3 86.60502924784973 75.66356042346308 145.44724609374992 0 233 2.8329 0.0 8.181805246746432 0.0 4.0 
231 3323375.6 86.5598583595508 75.66356042346308 145.44724609374992 0 233 2.8329 0.0 8.181805246746432 0.0 4.0 
232 3323408.9 86.5598583595508 75.66588012847728 145.44724609374992 0 233 2.8329 0.0 8.181805246746432 0.0 4.0 
233 3323442.3 86.5598583595508 75.66588012847728 145.44724609374992 0 233 2.8329 0.0 8.181805246746432 0.0 4.0 
234 3323475.6 86.5598583595508 75.66588012847728 145.44724609374992 0 233 2.8329 0.0 8.181805246746432 0.0 4.0 
235 3323508.9 86.5598583595508 75.66588012847728 145.44724609374992 0 233 2.8329 0.0 8.181805246746432 0.0 4.0 
236 3323542.3 86.53709599371695 75.66826512246219 145.44724609374992 0 233 2.8329 0.0 8.181805246746432 0.0 4.0 
237 3323575.6 86.53709599371695 75.66826512246219 145.44724609374992 0 233 2.8329 0.0 8.181805246746432 0.0 4.0 
238 3323608.9 86.53709599371695 75.66826512246219 145.44724609374992 0 233 2.8329 0.0 8.181805246746432 0.0 4.0 
239 3323642.3 86.52525548971016 75.66826512246219 145.44724609374992 0 233 2.8329 0.0 8.181805246746432 0.0 4.0 
240 3323675.6 86.52525548971016 75.6640632150148 145.44724609374992 0 233 2.8329 0.0 8.181805246746432 0.0 4.0 
241 3323708.9 86.52525548971016 75.6640632150148 145.44724609374992 0 233 2.8329 0.0 8.181805246746432 0.0 4.0 
242 3323742.3 86.52525548971016 75.65556044526367 145.44724609374992 0 233 2.8329 0.0 8.181805246746432 0.0 4.0 
243 3323775.6 86.52525548971016 75.65556044526367 145.44724609374992 0 233 2.8329 0.0 8.181805246746432 0.0 4.0 
244 3323809.0 86.52525548971016 75.65556044526367 145.44724609374992 0 233 2.8329 0.0 8.181805246746432 0.0 4.0 
245 3323842.3 86.52659831544987 75.65556044526367 145.44724609374992 0 233 2.8329 0.0 8.181805246746432 0.0 4.0 
246 3323875.6 86.52659831544987 75.63770126929349 145.44724609374992 0 233 2.8329 0.0 8.181805246746432 0.0 4.0 
247 3323909.0 86.52659831544987 75.63770126929349 145.44724609374992 0 233 2.8329 0.0 8.181805246746432 0.0 4.0 
248 3323942.3 86.52659831544987 75.63770126929349 145.44724609374992 0 233 2.8329 0.0 8.181805246746432 0.0 4.0 
249 3323975.6 86.49813073034032 75.63770126929349 145.44724609374992 0 233 2.8329 0.0 8.181805246746432 0.0 4.0 
250 3324009.0 86.49813073034032 75.64003244824555 145.44724609374992 0 233 2.8329 0.0 8.181805246746432 0.0 4.0 
251 3324042.3 86.49813073034032 75.64003244824555 145.44724609374992 0 233 2.8329 0.0 8.181805246746432 0.0 4.0 
252 3324075.6 86.49813073034032 75.64003244824555 145.44724609374992 0 233 2.8329 0.0 8.181805246746432 0.0 4.0 
253 3324109.0 86.49813073034032 75.64003244824555 145.44724609374992 0 233 2.8329 0.0 8.181805246746432 0.0 4.0 
254 3324142.3 86.4854238768973 75.64003244824555 145.44724609374992 0 233 2.8329 0.0 8.181805246746432 0.0 4.0 
255 3324175.7 86.4854238768973 75.6578855730506 145.44724609374992 0 233 2.8329 0.0 8.181805246746432 0.0 4.0 
256 3324209.0 86.4854238768973 75.6578855730506 145.44724609374992 0 233 2.8329 0.0 8.181805246746432 0.0 4.0 
257 3324242.3 86.4854238768973 75.6578855730506 145.44724609374992 0 233 2.8329 0.0 8.181805246746432 0.0 4.0 
258 3324275.7 86.46304835675987 75.68835898924927 145.44724609374992 0 233 2.8329 0.0 8.181805246746432 0.0 4.0 
259 3324309.0 86.46304835675987 75.68835898924927 145.44724609374992 0 233 2.8329 0.0 8.181805246746432 0.0 4.0 
260 3324342.3 86.46304835675987 75.68835898924927 145.44724609374992 0 233 2.8329 0.0 8.181805246746432 0.0 4.0 
261 3324375.7 86.46304835675987 75.68835898924927 145.44724609374992 0 233 2.8329 0.0 8.181805246746432 0.0 4.0 
262 3324409.0 86.44597986628645 75.68835898924927 145.44724609374992 0 233 2.8329 0.0 8.181805246746432 0.0 4.0 
263 3324442.3 86.44597986628645 75.72819811309029 145.44724609374992 0 233 2.8329 0.0 8.181805246746432 0.0 4.0 
264 3324475.7 86.44597986628645 75.72819811309029 145.44724609374992 0 233 2.8329 0.0 8.181805246746432 0.0 4.0 
265 3324509.0 86.44597986628645 75.72819811309029 145.44724609374992 0 233 2.8329 0.0 8.181805246746432 0.0 4.0 
266 3324542.3 86.44597986628645 75.72819811309029 145.44724609374992 0 233 2.8329 0.0 8.181805246746432 0.0 4.0 
267 3324575.7 86.43849948913586 75.72819811309029 145.44724609374992 0 233 2.8329 0.0 8.181805246746432 0.0 4.0 
268 3324609.0 86.43849948913586 75.78131949373349 145.44724609374992 0 233 2.8329 0.0 8.181805246746432 0.0 4.0 
269 3324642.4 86.43849948913586 75.78131949373349 145.44724609374992 0 233 2.8329 0.0 8.181805246746432 0.0 4.0 
270 3324675.7 86.43849948913586 75.78131949373349 145.44724609374992 0 233 2.8329 0.0 8.181805246746432 0.0 4.0 
271 3324709.0 86.43849948913586 75.78131949373349 145.44724609374992 0 233 2.8329 0.0 8.181805246746432 0.0 4.0 
272 3324742.4 86.44503798072216 75.78131949373349 145.44724609374992 0 233 2.8329 0.0 8.181805246746432 0.0 4.0 
273 3324775.7 86.44503798072216 75.80491640948537 145.44724609374992 0 233 2.8329 0.0 8.181805246746432 0.0 4.0 
274 3324809.0 86.44503798072216 75.80491640948537 145.44724609374992 0 233 2.8329 0.0 8.181805246746432 0.0 4.0 
275 3324842.4 86.44503798072216 75.80491640948537 145.44724609374992 0 233 2.8329 0.0 8.181805246746432 0.0 4.0 
276 3324875.7 86.44503798072216 75.80491640948537 145.44724609374992 0 233 2.8329 0.0 8.181805246746432 0.0 4.0 
277 3324909.0 86.44503798072216 75.83407307678007 145.44724609374992 0 233 2.8329 0.0 8.181805246746432 0.0 4.0 
278 3324942.4 86.44503798072216 75.83407307678007 145.44724609374992 0 233 2.8329 0.0 8.181805246746432 0.0 4.0 
279 3324975.7 86.44503798072216 75.83407307678007 145.44724609374992 0 233 2.8329 0.0 8.181805246746432 0.0 4.0 
280 3325009.1 86.44503798072216 75.83407307678007 145.44724609374992 0 233 2.8329 0.0 8.181805246746432 0.0 4.0 
281 3325042.4 86.41100458845035 75.86135398934034 145.44724609374992 0 233 2.8329 0.0 8.181805246746432 0.0 4.0 
282 3325075.7 86.41100458845035 75.86135398934034 145.44724609374992 0 233 2.8329 0.0 8.181805246746432 0.0 4.0 
283 3325109.1 86.41100458845035 75.86135398934034 145.44724609374992 0 233 2.8329 0.0 8.181805246746432 0.0 4.0 
284 3325142.4 86.41100458845035 75.86135398934034 145.44724609374992 0 233 2.8329 0.0 8.181805246746432 0.0 4.0 
285 3325175.7 86.41100458845035 75.86135398934034 145.44724609374992 0 233 2.8329 0.0 8.181805246746432 0.0 4.0 
286 3325209.1 86.35006240857867 75.86135398934034 145.44724609374992 0 233 2.8329 0.0 8.181805246746432 0.0 4.0 
287 3325242.4 86.35006240857867 75.87846648922488 145.44724609374992 0 233 2.8329 0.0 8.181805246746432 0.0 4.0 
288 3325275.7 86.35006240857867 75.87846648922488 145.44724609374992 0 233 2.8329 0.0 8.181805246746432 0.0 4.0 
289 3325309.1 86.35006240857867 75.87846648922488 145.44724609374992 0 233 2.8329 0.0 8.181805246746432 0.0 4.0 
290 3325342.4 86.35006240857867 75.87846648922488 145.44724609374992 0 233 2.8329 0.0 8.181805246746432 0.0 4.0 
291 3325375.7 86.29315103260312 75.87846648922488 145.44724609374992 0 233 2.8329 0.0 8.181805246746432 0.0 4.0 
292 3325409.1 86.29315103260312 75.86487191674787 145.44724609374992 0 233 2.8329 0.0 8.181805246746432 0.0 4.0 
293 3325442.4 86.29315103260312 75.86487191674787 145.44724609374992 0 233 2.8329 0.0 8.181805246746432 0.0 4.0 
294 3325475.8 86.29315103260312 75.86487191674787 145.44724609374992 0 233 2.8329 0.0 8.181805246746432 0.0 4.0 
295 3325509.1 86.29315103260312 75.86487191674787 145.44724609374992 0 233 2.8329 0.0 8.181805246746432 0.0 4.0 
296 3325542.4 86.24374680152023 75.86487191674787 145.44724609374992 0 233 2.8329 0.0 8.181805246746432 0.0 4.0 
297 3325575.8 86.24374680152023 75.82769376819276 145.44724609374992 0 233 2.8329 0.0 8.181805246746432 0.0 4.0 
298 3325609.1 86.24374680152023 75.82769376819276 145.44724609374992 0 233 2.8329 0.0 8.181805246746432 0.0 4.0 
299 3325642.4 86.24374680152023 75.82769376819276 145.44724609374992 0 233 2.8329 0.0 8.181805246746432 0.0 4.0 
300 3325675.8 86.24374680152023 75.82769376819276 145.44724609374992 0 233 2.8329 0.0 8.181805246746432 0.0 4.0 
301 3325709.1 86.20081661078466 75.82769376819276 145.44724609374992 0 233 2.8329 0.0 8.181805246746432 0.0 4.0 
302 3325742.4 86.20081661078466 75.79438515070895 145.44724609374992 0 233 2.8329 0.0 8.181805246746432 0.0 4.0 
303 3325775.8 86.20081661078466 75.79438515070895 145.44724609374992 0 233 2.8329 0.0 8.181805246746432 0.0 4.0 
304 3325809.1 86.20081661078466 75.79438515070895 145.44724609374992 0 233 2.8329 0.0 8.181805246746432 0.0 4.0 
305 3325842.5 86.20081661078466 75.79438515070895 145.44724609374992 0 233 2.8329 0.0 8.181805246746432 0.0 4.0 
306 3325875.8 86.16986288407105 75.77425905711686 145.44724609374992 0 233 2.8329 0.0 8.181805246746432 0.0 4.0 
307 3325909.1 86.16986288407105 75.77425905711686 145.44724609374992 0 233 2.8329 0.0 8.181805246746432 0.0 4.0 
308 3325942.5 86.16986288407105 75.77425905711686 145.44724609374992 0 233 2.8329 0.0 8.181805246746432 0.0 4.0 
309 3325975.8 86.16986288407105 75.77425905711686 145.44724609374992 0 233 2.8329 0.0 8.181805246746432 0.0 4.0 
310 3326009.1 86.15081453643046 75.77425905711686 145.44724609374992 0 233 2.8329 0.0 8.181805246746432 0.0 4.0 
311 3326042.5 86.15081453643046 75.76761122611855 145.44724609374992 0 233 2.8329 0.0 8.181805246746432 0.0 4.0 
312 3326075.8 86.15081453643046 75.76761122611855 145.44724609374992 0 233 2.8329 0.0 8.181805246746432 0.0 4.0 
313 3326109.1 86.15081453643046 75.76761122611855 145.44724609374992 0 233 2.8329 0.0 8.181805246746432 0.0 4.0 
314 3326142.5 86.13559350263402 75.76761122611855 145.44724609374992 0 233 2.8329 0.0 8.181805246746432 0.0 4.0 
315 3326175.8 86.13559350263402 75.76114263316575 145.44724609374992 0 233 2.8329 0.0 8.181805246746432 0.0 4.0 
316 3326209.1 86.13559350263402 75.76114263316575 145.44724609374992 0 233 2.8329 0.0 8.181805246746432 0.0 4.0 
317 3326242.5 86.13559350263402 75.76114263316575 145.44724609374992 0 233 2.8329 0.0 8.181805246746432 0.0 4.0 
318 3326275.8 86.13308936014155 75.76114263316575 145.44724609374992 0 233 2.8329 0.0 8.181805246746432 0.0 4.0 
319 3326309.2 86.13308936014155 75.76114263316575 145.44724609374992 0 233 2.8329 0.0 8.181805246746432 0.0 4.0 
320 3326342.5 86.13308936014155 75.76114263316575 145.44724609374992 0 233 2.8329 0.0 8.181805246746432 0.0 4.0 
321 3326375.8 86.1301683685213 75.76114263316575 145.44724609374992 0 233 2.8329 0.0 8.181805246746432 0.0 4.0 
322 3326409.2 86.1301683685213 75.76114263316575 145.44724609374992 0 233 2.8329 0.0 8.181805246746432 0.0 4.0 
323 3326442.5 86.1301683685213 75.76114263316575 145.44724609374992 0 233 2.8329 0.0 8.181805246746432 0.0 4.0 
324 3326475.8 86.12534660984626 75.76114263316575 145.44724609374992 0 233 2.8329 0.0 8.181805246746432 0.0 4.0 
325 3326509.2 86.12534660984626 75.76293013537482 145.44724609374992 0 233 2.8329 0.0 8.181805246746432 0.0 4.0 
326 3326542.5 86.12534660984626 75.76293013537482 145.44724609374992 0 233 2.8329 0.0 8.181805246746432 0.0 4.0 
327 3326575.8 86.12534660984626 75.76293013537482 145.44724609374992 0 233 2.8329 0.0 8.181805246746432 0.0 4.0 
328 3326609.2 86.11583160025192 75.76529032879701 145.44724609374992 0 233 2.8329 0.0 8.181805246746432 0.0 4.0 
329 3326642.5 86.11583160025192 75.76529032879701 145.44724609374992 0 233 2.8329 0.0 8.181805246746432 0.0 4.0 
330 3326675.9 86.11583160025192 75.76529032879701 145.44724609374992 0 233 2.8329 0.0 8.181805246746432 0.0 4.0 
331 3326709.2 86.11583160025192 75.76529032879701 145.44724609374992 0 233 2.8329 0.0 8.181805246746432 0.0 4.0 
332 3326742.5 86.10204078025875 75.76529032879701 145.44724609374992 0 233 2.8329 0.0 8.181805246746432 0.0 4.0 
333 3326775.9 86.10204078025875 75.77066415863413 145.44724609374992 0 233 2.8329 0.0 8.181805246746432 0.0 4.0 
334 3326809.2 86.10204078025875 75.77066415863413 145.44724609374992 0 233 2.8329 0.0 8.181805246746432 0.0 4.0 
335 3326842.5 86.10204078025875 75.77066415863413 145.44724609374992 0 233 2.8329 0.0 8.181805246746432 0.0 4.0 
336 3326875.9 86.08296305992134 75.77066415863413 145.44724609374992 0 233 2.8329 0.0 8.181805246746432 0.0 4.0 
337 3326909.2 86.08296305992134 75.77986240973424 145.44724609374992 0 233 2.8329 0.0 8.181805246746432 0.0 4.0 
338 3326942.5 86.08296305992134 75.77986240973424 145.44724609374992 0 233 2.8329 0.0 8.181805246746432 0.0 4.0 
339 3326975.9 86.08296305992134 75.77986240973424 145.44724609374992 0 233 2.8329 0.0 8.181805246746432 0.0 4.0 
340 3327009.2 86.06520661439895 75.79459346582776 145.44724609374992 0 233 2.8329 0.0 8.181805246746432 0.0 4.0 
341 3327042.5 86.06520661439895 75.79459346582776 145.44724609374992 0 233 2.8329 0.0 8.181805246746432 0.0 4.0 
342 3327075.9 86.06520661439895 75.79459346582776 145.44724609374992 0 233 2.8329 0.0 8.181805246746432 0.0 4.0 
343 3327109.2 86.0489391553705 75.81084711568153 145.44724609374992 0 233 2.8329 0.0 8.181805246746432 0.0 4.0 
344 3327142.6 86.0489391553705 75.81084711568153 145.44724609374992 0 233 2.8329 0.0 8.181805246746432 0.0 4.0 
345 3327175.9 86.0489391553705 75.81084711568153 145.44724609374992 0 233 2.8329 0.0 8.181805246746432 0.0 4.0 
346 3327209.2 86.0489391553705 75.81084711568153 145.44724609374992 0 233 2.8329 0.0 8.181805246746432 0.0 4.0 
347 3327242.6 86.04004106948632 75.81084711568153 145.44724609374992 0 233 2.8329 0.0 8.181805246746432 0.0 4.0 
348 3327275.9 86.04004106948632 75.82090629183654 145.44724609374992 0 233 2.8329 0.0 8.181805246746432 0.0 4.0 
349 3327309.2 86.04004106948632 75.82090629183654 145.44724609374992 0 233 2.8329 0.0 8.181805246746432 0.0 4.0 
350 3327342.6 86.04004106948632 75.82090629183654 145.44724609374992 0 233 2.8329 0.0 8.181805246746432 0.0 4.0 
351 3327375.9 86.03512506584882 75.82090629183654 145.44724609374992 0 233 2.8329 0.0 8.181805246746432 0.0 4.0 
352 3327409.2 86.03512506584882 75.83074150345733 145.44724609374992 0 233 2.8329 0.0 8.181805246746432 0.0 4.0 
353 3327442.6 86.03512506584882 75.83074150345733 145.44724609374992 0 233 2.8329 0.0 8.181805246746432 0.0 4.0 
354 3327475.9 86.03512506584882 75.83074150345733 145.44724609374992 0 233 2.8329 0.0 8.181805246746432 0.0 4.0 
355 3327509.3 86.02985269961957 75.83074150345733 145.44724609374992 0 233 2.8329 0.0 8.181805246746432 0.0 4.0 
356 3327542.6 86.02985269961957 75.8385120897405 145.44724609374992 0 233 2.8329 0.0 8.181805246746432 0.0 4.0 
357 3327575.9 86.02985269961957 75.8385120897405 145.44724609374992 0 233 2.8329 0.0 8.181805246746432 0.0 4.0 
358 3327609.3 86.02445717112127 75.84534026210022 145.44724609374992 0 233 2.8329 0.0 8.181805246746432 0.0 4.0 
359 3327642.6 86.02445717112127 75.84534026210022 145.44724609374992 0 233 2.8329 0.0 8.181805246746432 0.0 4.0 
360 3327675.9 86.02445717112127 75.84534026210022 145.44724609374992 0 233 2.8329 0.0 8.181805246746432 0.0 4.0 
361 3327709.3 86.0202977051912 75.84534026210022 145.44724609374992 0 233 2.8329 0.0 8.181805246746432 0.0 4.0 
362 3327742.6 86.0202977051912 75.84974713878839 145.44724609374992 0 233 2.8329 0.0 8.181805246746432 0.0 4.0 
363 3327775.9 86.0202977051912 75.84974713878839 145.44724609374992 0 233 2.8329 0.0 8.181805246746432 0.0 4.0 
364 3327809.3 86.01496282962044 75.84974713878839 145.44724609374992 0 233 2.8329 0.0 8.181805246746432 0.0 4.0 
365 3327842.6 86.01496282962044 75.85745033278481 145.44724609374992 0 233 2.8329 0.0 8.181805246746432 0.0 4.0 
366 3327875.9 86.01496282962044 75.85745033278481 145.44724609374992 0 233 2.8329 0.0 8.181805246746432 0.0 4.0 
367 3327909.3 86.01496282962044 75.85745033278481 145.44724609374992 0 233 2.8329 0.0 8.181805246746432 0.0 4.0 
368 3327942.6 86.00636683492618 75.85745033278481 145.44724609374992 0 233 2.8329 0.0 8.181805246746432 0.0 4.0 
369 3327976.0 86.00636683492618 75.86648893614048 145.44724609374992 0 233 2.8329 0.0 8.181805246746432 0.0 4.0 
370 3328009.3 86.00636683492618 75.86648893614048 145.44724609374992 0 233 2.8329 0.0 8.181805246746432 0.0 4.0 
371 3328042.6 85.99646296855599 75.882789751273 145.44724609374992 0 233 2.8329 0.0 8.181805246746432 0.0 4.0 
372 3328076.0 85.99646296855599 75.882789751273 145.44724609374992 0 233 2.8329 0.0 8.181805246746432 0.0 4.0 
373 3328109.3 85.99646296855599 75.882789751273 145.44724609374992 0 233 2.8329 0.0 8.181805246746432 0.0 4.0 
374 3328142.6 85.99201428813113 75.882789751273 145.44724609374992 0 233 2.8329 0.0 8.181805246746432 0.0 4.0 
375 3328176.0 85.99201428813113 75.89563269305496 145.44724609374992 0 233 2.8329 0.0 8.181805246746432 0.0 4.0 
376 3328209.3 85.99201428813113 75.89563269305496 145.44724609374992 0 233 2.8329 0.0 8.181805246746432 0.0 4.0 
377 3328242.6 85.98187300486808 75.89563269305496 145.44724609374992 0 233 2.8329 0.0 8.181805246746432 0.0 4.0 
378 3328276.0 85.98187300486808 75.9168034722631 145.44724609374992 0 233 2.8329 0.0 8.181805246746432 0.0 4.0 
379 3328309.3 85.98187300486808 75.9168034722631 145.44724609374992 0 233 2.8329 0.0 8.181805246746432 0.0 4.0 
380 3328342.7 85.98187300486808 75.9168034722631 145.44724609374992 0 233 2.8329 0.0 8.181805246746432 0.0 4.0 
381 3328376.0 85.96719924075974 75.93144800787813 145.44724609374992 0 233 2.8329 0.0 8.181805246746432 0.0 4.0 
382 3328409.3 85.96719924075974 75.93144800787813 145.44724609374992 0 233 2.8329 0.0 8.181805246746432 0.0 4.0 
383 3328442.7 85.96719924075974 75.93144800787813 145.44724609374992 0 233 2.8329 0.0 8.181805246746432 0.0 4.0 
384 3328476.0 85.939732184082 75.94578148067005 145.44724609374992 0 233 2.8329 0.0 8.181805246746432 0.0 4.0 
385 3328509.3 85.939732184082 75.94578148067005 145.44724609374992 0 233 2.8329 0.0 8.181805246746432 0.0 4.0 
386 3328542.7 85.939732184082 75.94578148067005 145.44724609374992 0 233 2.8329 0.0 8.181805246746432 0.0 4.0 
387 3328576.0 85.939732184082 75.94578148067005 145.44724609374992 0 233 2.8329 0.0 8.181805246746432 0.0 4.0 
388 3328609.3 85.91721837000195 75.94578148067005 145.44724609374992 0 233 2.8329 0.0 8.181805246746432 0.0 4.0 
389 3328642.7 85.91721837000195 75.94939042672253 145.44724609374992 0 233 2.8329 0.0 8.181805246746432 0.0 4.0 
390 3328676.0 85.91721837000195 75.94939042672253 145.44724609374992 0 233 2.8329 0.0 8.181805246746432 0.0 4.0 
391 3328709.3 85.90490464948945 75.94939042672253 145.44724609374992 0 233 2.8329 0.0 8.181805246746432 0.0 4.0 
392 3328742.7 85.90490464948945 75.94939042672253 145.44724609374992 0 233 2.8329 0.0 8.181805246746432 0.0 4.0 
393 3328776.0 85.90490464948945 75.94939042672253 145.44724609374992 0 233 2.8329 0.0 8.181805246746432 0.0 4.0 
394 3328809.4 85.88306686859751 75.94335884271295 145.44724609374992 0 233 2.8329 0.0 8.181805246746432 0.0 4.0 
395 3328842.7 85.88306686859751 75.94335884271295 145.44724609374992 0 233 2.8329 0.0 8.181805246746432 0.0 4.0 
396 3328876.0 85.88306686859751 75.94335884271295 145.44724609374992 0 233 2.8329 0.0 8.181805246746432 0.0 4.0 
397 3328909.4 85.88306686859751 75.94335884271295 145.44724609374992 0 233 2.8329 0.0 8.181805246746432 0.0 4.0 
398 3328942.7 85.85307528400598 75.94335884271295 145.44724609374992 0 233 2.8329 0.0 8.181805246746432 0.0 4.0 
399 3328976.0 85.85307528400598 75.92340642119942 145.44724609374992 0 233 2.8329 0.0 8.181805246746432 0.0 4.0 
400 3329009.4 85.85307528400598 75.92340642119942 145.44724609374992 0 233 2.8329 0.0 8.181805246746432 0.0 4.0 
401 3329042.7 85.85307528400598 75.92340642119942 145.44724609374992 0 233 2.8329 0.0 8.181805246746432 0.0 4.0 
402 3329076.0 85.83017309971493 75.92340642119942 145.44724609374992 0 233 2.8329 0.0 8.181805246746432 0.0 4.0 
403 3329109.4 85.83017309971493 75.89790978560475 145.44724609374992 0 233 2.8329 0.0 8.181805246746432 0.0 4.0 
404 3329142.7 85.83017309971493 75.89790978560475 145.44724609374992 0 233 2.8329 0.0 8.181805246746432 0.0 4.0 
405 3329176.1 85.81861651555245 75.87826275214567 145.44724609374992 0 233 2.8329 0.0 8.181805246746432 0.0 4.0 
406 3329209.4 85.81861651555245 75.87826275214567 145.44724609374992 0 233 2.8329 0.0 8.181805246746432 0.0 4.0 
407 3329242.7 85.81861651555245 75.87826275214567 145.44724609374992 0 233 2.8329 0.0 8.181805246746432 0.0 4.0 
408 3329276.1 85.81861651555245 75.87826275214567 145.44724609374992 0 233 2.8329 0.0 8.181805246746432 0.0 4.0 
409 3329309.4 85.80684447679653 75.8558336755921 145.44724609374992 0 233 2.8329 0.0 8.181805246746432 0.0 4.0 
410 3329342.7 85.80684447679653 75.8558336755921 145.44724609374992 0 233 2.8329 0.0 8.181805246746432 0.0 4.0 
411 3329376.1 85.80684447679653 75.8558336755921 145.44724609374992 0 233 2.8329 0.0 8.181805246746432 0.0 4.0 
412 3329409.4 85.80684447679653 75.8558336755921 145.44724609374992 0 233 2.8329 0.0 8.181805246746432 0.0 4.0 
413 3329442.7 85.79240430778493 75.8558336755921 145.44724609374992 0 233 2.8329 0.0 8.181805246746432 0.0 4.0 
414 3329476.1 85.79240430778493 75.83247331537062 145.44724609374992 0 233 2.8329 0.0 8.181805246746432 0.0 4.0 
415 3329509.4 85.79240430778493 75.83247331537062 145.44724609374992 0 233 2.8329 0.0 8.181805246746432 0.0 4.0 
416 3329542.7 85.77284039995888 75.83247331537062 145.44724609374992 0 233 2.8329 0.0 8.181805246746432 0.0 4.0 
417 3329576.1 85.77284039995888 75.80613241833024 145.44724609374992 0 233 2.8329 0.0 8.181805246746432 0.0 4.0 
418 3329609.4 85.77284039995888 75.80613241833024 145.44724609374992 0 233 2.8329 0.0 8.181805246746432 0.0 4.0 
419 3329642.8 85.76125159984905 75.80613241833024 145.44724609374992 0 233 2.8329 0.0 8.181805246746432 0.0 4.0 
420 3329676.1 85.76125159984905 75.79176397892881 145.44724609374992 0 233 2.8329 0.0 8.181805246746432 0.0 4.0 
421 3329709.4 85.76125159984905 75.79176397892881 145.44724609374992 0 233 2.8329 0.0 8.181805246746432 0.0 4.0 
422 3329742.8 85.73803163284275 75.79176397892881 145.44724609374992 0 233 2.8329 0.0 8.181805246746432 0.0 4.0 
423 3329776.1 85.73803163284275 75.77949656841922 145.44724609374992 0 233 2.8329 0.0 8.181805246746432 0.0 4.0 
424 3329809.4 85.73803163284275 75.77949656841922 145.44724609374992 0 233 2.8329 0.0 8.181805246746432 0.0 4.0 
425 3329842.8 85.73803163284275 75.77949656841922 145.44724609374992 0 233 2.8329 0.0 8.181805246746432 0.0 4.0 
426 3329876.1 85.73803163284275 75.77949656841922 145.44724609374992 0 233 2.8329 0.0 8.181805246746432 0.0 4.0 
427 3329909.4 85.71870886739303 75.77949656841922 145.44724609374992 0 233 2.8329 0.0 8.181805246746432 0.0 4.0 
428 3329942.8 85.71870886739303 75.7717169967714 145.44724609374992 0 233 2.8329 0.0 8.181805246746432 0.0 4.0 
429 3329976.1 85.71870886739303 75.7717169967714 145.44724609374992 0 233 2.8329 0.0 8.181805246746432 0.0 4.0 
430 3330009.5 85.71870886739303 75.7717169967714 145.44724609374992 0 233 2.8329 0.0 8.181805246746432 0.0 4.0 
431 3330042.8 85.68706659872737 75.7717169967714 145.44724609374992 0 233 2.8329 0.0 8.181805246746432 0.0 4.0 
432 3330076.1 85.68706659872737 75.77335746961504 145.44724609374992 0 233 2.8329 0.0 8.181805246746432 0.0 4.0 
433 3330109.5 85.68706659872737 75.77335746961504 145.44724609374992 0 233 2.8329 0.0 8.181805246746432 0.0 4.0 
434 3330142.8 85.68706659872737 75.77335746961504 145.44724609374992 0 233 2.8329 0.0 8.181805246746432 0.0 4.0 
435 3330176.1 85.64861151208149 75.77335746961504 145.44724609374992 0 233 2.8329 0.0 8.181805246746432 0.0 4.0 
436 3330209.5 85.64861151208149 75.78697410383674 145.44724609374992 0 233 2.8329 0.0 8.181805246746432 0.0 4.0 
437 3330242.8 85.64861151208149 75.78697410383674 145.44724609374992 0 233 2.8329 0.0 8.181805246746432 0.0 4.0 
438 3330276.1 85.64861151208149 75.78697410383674 145.44724609374992 0 233 2.8329 0.0 8.181805246746432 0.0 4.0 
439 3330309.5 85.62813558733026 75.78697410383674 145.44724609374992 0 233 2.8329 0.0 8.181805246746432 0.0 4.0 
440 3330342.8 85.62813558733026 75.80775463531097 145.44724609374992 0 233 2.8329 0.0 8.181805246746432 0.0 4.0 
441 3330376.1 85.62813558733026 75.80775463531097 145.44724609374992 0 233 2.8329 0.0 8.181805246746432 0.0 4.0 
442 3330409.5 85.62813558733026 75.80775463531097 145.44724609374992 0 233 2.8329 0.0 8.181805246746432 0.0 4.0 
443 3330442.8 85.60822421434963 75.82860789502182 145.44724609374992 0 233 2.8329 0.0 8.181805246746432 0.0 4.0 
444 3330476.2 85.60822421434963 75.82860789502182 145.44724609374992 0 233 2.8329 0.0 8.181805246746432 0.0 4.0 
445 3330509.5 85.60822421434963 75.82860789502182 145.44724609374992 0 233 2.8329 0.0 8.181805246746432 0.0 4.0 
446 3330542.8 85.60822421434963 75.82860789502182 145.44724609374992 0 233 2.8329 0.0 8.181805246746432 0.0 4.0 
447 3330576.2 85.58552304241337 75.82860789502182 145.44724609374992 0 233 2.8329 0.0 8.181805246746432 0.0 4.0 
448 3330609.5 85.58552304241337 75.84254702646743 145.44724609374992 0 233 2.8329 0.0 8.181805246746432 0.0 4.0 
449 3330642.8 85.58552304241337 75.84254702646743 145.44724609374992 0 233 2.8329 0.0 8.181805246746432 0.0 4.0 
450 3330676.2 85.56120101534155 75.84254702646743 145.44724609374992 0 233 2.8329 0.0 8.181805246746432 0.0 4.0 
451 3330709.5 85.56120101534155 75.85091362405487 145.44724609374992 0 233 2.8329 0.0 8.181805246746432 0.0 4.0 
452 3330742.8 85.56120101534155 75.85091362405487 145.44724609374992 0 233 2.8329 0.0 8.181805246746432 0.0 4.0 
453 3330776.2 85.54842309920463 75.85588284079188 145.44724609374992 0 233 2.8329 0.0 8.181805246746432 0.0 4.0 
454 3330809.5 85.54842309920463 75.85588284079188 145.44724609374992 0 233 2.8329 0.0 8.181805246746432 0.0 4.0 
455 3330842.9 85.54842309920463 75.85588284079188 145.44724609374992 0 233 2.8329 0.0 8.181805246746432 0.0 4.0 
456 3330876.2 85.53853334650788 75.85588284079188 145.44724609374992 0 233 2.8329 0.0 8.181805246746432 0.0 4.0 
457 3330909.5 85.53853334650788 75.85588284079188 145.44724609374992 0 233 2.8329 0.0 8.181805246746432 0.0 4.0 
458 3330942.9 85.53853334650788 75.85588284079188 145.44724609374992 0 233 2.8329 0.0 8.181805246746432 0.0 4.0 
459 3330976.2 85.53853334650788 75.85588284079188 145.44724609374992 0 233 2.8329 0.0 8.181805246746432 0.0 4.0 
460 3331009.5 85.52128782603538 75.85588284079188 145.44724609374992 0 233 2.8329 0.0 8.181805246746432 0.0 4.0 
461 3331042.9 85.52128782603538 75.84953403488304 145.44724609374992 0 233 2.8329 0.0 8.181805246746432 0.0 4.0 
462 3331076.2 85.52128782603538 75.84953403488304 145.44724609374992 0 233 2.8329 0.0 8.181805246746432 0.0 4.0 
463 3331109.5 85.52128782603538 75.84953403488304 145.44724609374992 0 233 2.8329 0.0 8.181805246746432 0.0 4.0 
464 3331142.9 85.51258035544902 75.8394415366751 145.44724609374992 0 233 2.8329 0.0 8.181805246746432 0.0 4.0 
465 3331176.2 85.51258035544902 75.8394415366751 145.44724609374992 0 233 2.8329 0.0 8.181805246746432 0.0 4.0 
466 3331209.5 85.51258035544902 75.8394415366751 145.44724609374992 0 233 2.8329 0.0 8.181805246746432 0.0 4.0 
467 3331242.9 85.51258035544902 75.8394415366751 145.44724609374992 0 233 2.8329 0.0 8.181805246746432 0.0 4.0 
468 3331276.2 85.5018950938364 75.8394415366751 145.44724609374992 0 233 2.8329 0.0 8.181805246746432 0.0 4.0 
469 3331309.6 85.5018950938364 75.82789790088734 145.44724609374992 0 233 2.8329 0.0 8.181805246746432 0.0 4.0 
470 3331342.9 85.5018950938364 75.82789790088734 145.44724609374992 0 233 2.8329 0.0 8.181805246746432 0.0 4.0 
471 3331376.2 85.49911351956712 75.82789790088734 145.44724609374992 0 233 2.8329 0.0 8.181805246746432 0.0 4.0 
472 3331409.6 85.49911351956712 75.82338119507776 145.44724609374992 0 233 2.8329 0.0 8.181805246746432 0.0 4.0 
473 3331442.9 85.49911351956712 75.82338119507776 145.44724609374992 0 233 2.8329 0.0 8.181805246746432 0.0 4.0 
474 3331476.2 85.50325305912372 75.82338119507776 145.44724609374992 0 233 2.8329 0.0 8.181805246746432 0.0 4.0 
475 3331509.6 85.50325305912372 75.82338119507776 145.44724609374992 0 233 2.8329 0.0 8.181805246746432 0.0 4.0 
476 3331542.9 85.50325305912372 75.82338119507776 145.44724609374992 0 233 2.8329 0.0 8.181805246746432 0.0 4.0 
477 3331576.2 85.50619047841896 75.81963695171817 145.44724609374992 0 233 2.8329 0.0 8.181805246746432 0.0 4.0 
478 3331609.6 85.50619047841896 75.81963695171817 145.44724609374992 0 233 2.8329 0.0 8.181805246746432 0.0 4.0 
479 3331642.9 85.50619047841896 75.81963695171817 145.44724609374992 0 233 2.8329 0.0 8.181805246746432 0.0 4.0 
480 3331676.3 85.49781796219443 75.80579298954851 145.44724609374992 0 233 2.8329 0.0 8.181805246746432 0.0 4.0 
481 3331709.6 85.49781796219443 75.80579298954851 145.44724609374992 0 233 2.8329 0.0 8.181805246746432 0.0 4.0 
482 3331742.9 85.49816113281246 75.80560546874997 145.41586816406243 0 233 2.8329 0.0 8.181805246746432 0.0 4.0 
483 3331776.3 85.48727218383661 75.79531159282557 145.41586816406243 0 233 2.8329 0.0 8.181805246746432 0.0 4.0 
484 3331809.6 85.48727218383661 75.79531159282557 145.41586816406243 0 233 2.8329 0.0 8.181805246746432 0.0 4.0 
485 3331842.9 85.48727218383661 75.79531159282557 145.41586816406243 0 233 2.8329 0.0 8.181805246746432 0.0 4.0 
486 3331876.3 85.48097433473474 75.77697115157991 145.41586816406243 0 233 2.8329 0.0 8.181805246746432 0.0 4.0 
487 3331909.6 85.48097433473474 75.77697115157991 145.41586816406243 0 233 2.8329 0.0 8.181805246746432 0.0 4.0 
488 3331942.9 85.48097433473474 75.77697115157991 145.41586816406243 0 233 2.8329 0.0 8.181805246746432 0.0 4.0 
489 3331976.3 85.47861570687468 75.77697115157991 145.41586816406243 0 233 2.8329 0.0 8.181805246746432 0.0 4.0 
490 3332009.6 85.47861570687468 75.75623847293338 145.41586816406243 0 233 2.8329 0.0 8.181805246746432 0.0 4.0 
491 3332042.9 85.47861570687468 75.75623847293338 145.41586816406243 0 233 2.8329 0.0 8.181805246746432 0.0 4.0 
492 3332076.3 85.47861570687468 75.75623847293338 145.41586816406243 0 233 2.8329 0.0 8.181805246746432 0.0 4.0 
493 3332109.6 85.47575218520417 75.75623847293338 145.41586816406243 0 233 2.8329 0.0 8.181805246746432 0.0 4.0 
494 3332143.0 85.47575218520417 75.73252218909595 145.41586816406243 0 233 2.8329 0.0 8.181805246746432 0.0 4.0 
495 3332176.3 85.47575218520417 75.73252218909595 145.41586816406243 0 233 2.8329 0.0 8.181805246746432 0.0 4.0 
496 3332209.6 85.47575218520417 75.73252218909595 145.41586816406243 0 233 2.8329 0.0 8.181805246746432 0.0 4.0 
497 3332243.0 85.47256103201987 75.71087445141104 145.41586816406243 0 233 2.8329 0.0 8.181805246746432 0.0 4.0 
498 3332276.3 85.47256103201987 75.71087445141104 145.41586816406243 0 233 2.8329 0.0 8.181805246746432 0.0 4.0 
499 3332309.6 85.47256103201987 75.71087445141104 145.41586816406243 0 233 2.8329 0.0 8.181805246746432 0.0 4.0 
500 3332343.0 85.47256103201987 75.71087445141104 145.41586816406243 0 233 2.8329 0.0 8.181805246746432 0.0 4.0 
501 3332376.3 85.47256103201987 75.68487598101919 145.41586816406243 0 233 2.8329 0.0 8.181805246746432 0.0 4.0 
502 3332409.6 85.47256103201987 75.68487598101919 145.41586816406243 0 233 2.8329 0.0 8.181805246746432 0.0 4.0 
503 3332443.0 85.47256103201987 75.68487598101919 145.41586816406243 0 233 2.8329 0.0 8.181805246746432 0.0 4.0 
504 3332476.3 85.47036131868464 75.68487598101919 145.41586816406243 0 233 2.8329 0.0 8.181805246746432 0.0 4.0 
505 3332509.7 85.47036131868464 75.67083272459848 145.41586816406243 0 233 2.8329 0.0 8.181805246746432 0.0 4.0 
506 3332543.0 85.47036131868464 75.67083272459848 145.41586816406243 0 233 2.8329 0.0 8.181805246746432 0.0 4.0 
507 3332576.3 85.47036131868464 75.67083272459848 145.41586816406243 0 233 2.8329 0.0 8.181805246746432 0.0 4.0 
508 3332609.7 85.46356618721182 75.64552428005939 145.41586816406243 0 233 2.8329 0.0 8.181805246746432 0.0 4.0 
509 3332643.0 85.46356618721182 75.64552428005939 145.41586816406243 0 233 2.8329 0.0 8.181805246746432 0.0 4.0 
510 3332676.3 85.46356618721182 75.64552428005939 145.41586816406243 0 233 2.8329 0.0 8.181805246746432 0.0 4.0 
511 3332709.7 85.45753594746454 75.64552428005939 145.41586816406243 0 233 2.8329 0.0 8.181805246746432 0.0 4.0 
512 3332743.0 85.45753594746454 75.62961454077414 145.41586816406243 0 233 2.8329 0.0 8.181805246746432 0.0 4.0 
513 3332776.3 85.45753594746454 75.62961454077414 145.41586816406243 0 233 2.8329 0.0 8.181805246746432 0.0 4.0 
514 3332809.7 85.45753594746454 75.62961454077414 145.41586816406243 0 233 2.8329 0.0 8.181805246746432 0.0 4.0 
515 3332843.0 85.45258071655846 75.62961454077414 145.41586816406243 0 233 2.8329 0.0 8.181805246746432 0.0 4.0 
516 3332876.3 85.45258071655846 75.62053343348337 145.41586816406243 0 233 2.8329 0.0 8.181805246746432 0.0 4.0 
517 3332909.7 85.45258071655846 75.62053343348337 145.41586816406243 0 233 2.8329 0.0 8.181805246746432 0.0 4.0 
518 3332943.0 85.45258071655846 75.62053343348337 145.41586816406243 0 233 2.8329 0.0 8.181805246746432 0.0 4.0 
519 3332976.4 85.44556943220579 75.60598194925873 145.41586816406243 0 233 2.8329 0.0 8.181805246746432 0.0 4.0 
520 3333009.7 85.44556943220579 75.60598194925873 145.41586816406243 0 233 2.8329 0.0 8.181805246746432 0.0 4.0 
521 3333043.0 85.44556943220579 75.60598194925873 145.41586816406243 0 233 2.8329 0.0 8.181805246746432 0.0 4.0 
522 3333076.4 85.44556943220579 75.60598194925873 145.41586816406243 0 233 2.8329 0.0 8.181805246746432 0.0 4.0 
523 3333109.7 85.42987783432383 75.59412249136876 145.41586816406243 0 233 2.8329 0.0 8.181805246746432 0.0 4.0 
524 3333143.0 85.42987783432383 75.59412249136876 145.41586816406243 0 233 2.8329 0.0 8.181805246746432 0.0 4.0 
525 3333176.4 85.42987783432383 75.59412249136876 145.41586816406243 0 233 2.8329 0.0 8.181805246746432 0.0 4.0 
526 3333209.7 85.42987783432383 75.59412249136876 145.41586816406243 0 233 2.8329 0.0 8.181805246746432 0.0 4.0 
527 3333243.0 85.40428891821635 75.59412249136876 145.41586816406243 0 233 2.8329 0.0 8.181805246746432 0.0 4.0 
528 3333276.4 85.40428891821635 75.58359183313229 145.41586816406243 0 233 2.8329 0.0 8.181805246746432 0.0 4.0 
529 3333309.7 85.40428891821635 75.58359183313229 145.41586816406243 0 233 2.8329 0.0 8.181805246746432 0.0 4.0 
530 3333343.1 85.38131196827987 75.5769271874952 145.41586816406243 0 233 2.8329 0.0 8.181805246746432 0.0 4.0 
531 3333376.4 85.38131196827987 75.5769271874952 145.41586816406243 0 233 2.8329 0.0 8.181805246746432 0.0 4.0 
532 3333409.7 85.38131196827987 75.5769271874952 145.41586816406243 0 233 2.8329 0.0 8.181805246746432 0.0 4.0 
533 3333443.1 85.38131196827987 75.5769271874952 145.41586816406243 0 233 2.8329 0.0 8.181805246746432 0.0 4.0 
534 3333476.4 85.36285585675374 75.5769271874952 145.41586816406243 0 233 2.8329 0.0 8.181805246746432 0.0 4.0 
535 3333509.7 85.36285585675374 75.5756051247357 145.41586816406243 0 233 2.8329 0.0 8.181805246746432 0.0 4.0 
536 3333543.1 85.36285585675374 75.5756051247357 145.41586816406243 0 233 2.8329 0.0 8.181805246746432 0.0 4.0 
537 3333576.4 85.33731548118054 75.5756051247357 145.41586816406243 0 233 2.8329 0.0 8.181805246746432 0.0 4.0 
538 3333609.7 85.33731548118054 75.5800497287555 145.41586816406243 0 233 2.8329 0.0 8.181805246746432 0.0 4.0 
539 3333643.1 85.33731548118054 75.5800497287555 145.41586816406243 0 233 2.8329 0.0 8.181805246746432 0.0 4.0 
540 3333676.4 85.33731548118054 75.5800497287555 145.41586816406243 0 233 2.8329 0.0 8.181805246746432 0.0 4.0 
541 3333709.7 85.32419509713672 75.5800497287555 145.41586816406243 0 233 2.8329 0.0 8.181805246746432 0.0 4.0 
542 3333743.1 85.32419509713672 75.58526421507106 145.41586816406243 0 233 2.8329 0.0 8.181805246746432 0.0 4.0 
543 3333776.4 85.32419509713672 75.58526421507106 145.41586816406243 0 233 2.8329 0.0 8.181805246746432 0.0 4.0 
544 3333809.8 85.30371742429817 75.58322665386152 145.41586816406243 0 233 2.8329 0.0 8.181805246746432 0.0 4.0 
545 3333843.1 85.30371742429817 75.58322665386152 145.41586816406243 0 233 2.8329 0.0 8.181805246746432 0.0 4.0 
546 3333876.4 85.30371742429817 75.58322665386152 145.41586816406243 0 233 2.8329 0.0 8.181805246746432 0.0 4.0 
547 3333909.8 85.29458928654972 75.58322665386152 145.41586816406243 0 233 2.8329 0.0 8.181805246746432 0.0 4.0 
548 3333943.1 85.29458928654972 75.5791845677222 145.41586816406243 0 233 2.8329 0.0 8.181805246746432 0.0 4.0 
549 3333976.4 85.29458928654972 75.5791845677222 145.41586816406243 0 233 2.8329 0.0 8.181805246746432 0.0 4.0 
550 3334009.8 85.28066038443417 75.5791845677222 145.41586816406243 0 233 2.8329 0.0 8.181805246746432 0.0 4.0 
551 3334043.1 85.28066038443417 75.57072304336279 145.41586816406243 0 233 2.8329 0.0 8.181805246746432 0.0 4.0 
552 3334076.4 85.28066038443417 75.57072304336279 145.41586816406243 0 233 2.8329 0.0 8.181805246746432 0.0 4.0 
553 3334109.8 85.28066038443417 75.57072304336279 145.41586816406243 0 233 2.8329 0.0 8.181805246746432 0.0 4.0 
554 3334143.1 85.26777121737454 75.55462840006132 145.41586816406243 0 233 2.8329 0.0 8.181805246746432 0.0 4.0 
555 3334176.5 85.26777121737454 75.55462840006132 145.41586816406243 0 233 2.8329 0.0 8.181805246746432 0.0 4.0 
556 3334209.8 85.26777121737454 75.55462840006132 145.41586816406243 0 233 2.8329 0.0 8.181805246746432 0.0 4.0 
557 3334243.1 85.26777121737454 75.55462840006132 145.41586816406243 0 233 2.8329 0.0 8.181805246746432 0.0 4.0 
558 3334276.5 85.25820463811297 75.55462840006132 145.41586816406243 0 233 2.8329 0.0 8.181805246746432 0.0 4.0 
559 3334309.8 85.25820463811297 75.53038553824918 145.41586816406243 0 233 2.8329 0.0 8.181805246746432 0.0 4.0 
560 3334343.1 85.25820463811297 75.53038553824918 145.41586816406243 0 233 2.8329 0.0 8.181805246746432 0.0 4.0 
561 3334376.5 85.25820463811297 75.53038553824918 145.41586816406243 0 233 2.8329 0.0 8.181805246746432 0.0 4.0 
562 3334409.8 85.25051334033164 75.53038553824918 145.41586816406243 0 233 2.8329 0.0 8.181805246746432 0.0 4.0 
563 3334443.1 85.25051334033164 75.49726512171097 145.41586816406243 0 233 2.8329 0.0 8.181805246746432 0.0 4.0 
564 3334476.5 85.25051334033164 75.49726512171097 145.41586816406243 0 233 2.8329 0.0 8.181805246746432 0.0 4.0 
565 3334509.8 85.25051334033164 75.49726512171097 145.41586816406243 0 233 2.8329 0.0 8.181805246746432 0.0 4.0 
566 3334543.1 85.24758456107939 75.47874972376182 145.41586816406243 0 233 2.8329 0.0 8.181805246746432 0.0 4.0 
567 3334576.5 85.24758456107939 75.47874972376182 145.41586816406243 0 233 2.8329 0.0 8.181805246746432 0.0 4.0 
568 3334609.8 85.24758456107939 75.47874972376182 145.41586816406243 0 233 2.8329 0.0 8.181805246746432 0.0 4.0 
569 3334643.2 85.24758456107939 75.47874972376182 145.41586816406243 0 233 2.8329 0.0 8.181805246746432 0.0 4.0 
570 3334676.5 85.24758456107939 75.46842323796113 145.41586816406243 0 233 2.8329 0.0 8.181805246746432 0.0 4.0 
571 3334709.8 85.24758456107939 75.46842323796113 145.41586816406243 0 233 2.8329 0.0 8.181805246746432 0.0 4.0 
572 3334743.2 85.24758456107939 75.459174678664 145.41586816406243 0 233 2.8329 0.0 8.181805246746432 0.0 4.0 
573 3334776.5 85.24758456107939 75.459174678664 145.41586816406243 0 233 2.8329 0.0 8.181805246746432 0.0 4.0 
574 3334809.8 85.24758456107939 75.459174678664 145.41586816406243 0 233 2.8329 0.0 8.181805246746432 0.0 4.0 
575 3334843.2 85.24758456107939 75.459174678664 145.41586816406243 0 233 2.8329 0.0 8.181805246746432 0.0 4.0 
576 3334876.5 85.24977443556068 75.459174678664 145.41586816406243 0 233 2.8329 0.0 8.181805246746432 0.0 4.0 
577 3334909.8 85.24977443556068 75.44864074344474 145.41586816406243 0 233 2.8329 0.0 8.181805246746432 0.0 4.0 
578 3334943.2 85.24977443556068 75.44864074344474 145.41586816406243 0 233 2.8329 0.0 8.181805246746432 0.0 4.0 
579 3334976.5 85.24977443556068 75.44864074344474 145.41586816406243 0 233 2.8329 0.0 8.181805246746432 0.0 4.0 
580 3335009.9 85.25494248937666 75.44864074344474 145.41586816406243 0 233 2.8329 0.0 8.181805246746432 0.0 4.0 
581 3335043.2 85.25494248937666 75.43248917878034 145.41586816406243 0 233 2.8329 0.0 8.181805246746432 0.0 4.0 
582 3335076.5 85.25494248937666 75.43248917878034 145.41586816406243 0 233 2.8329 0.0 8.181805246746432 0.0 4.0 
583 3335109.9 85.26416088831982 75.41658090586634 145.41586816406243 0 233 2.8329 0.0 8.181805246746432 0.0 4.0 
584 3335143.2 85.26416088831982 75.41658090586634 145.41586816406243 0 233 2.8329 0.0 8.181805246746432 0.0 4.0 
585 3335176.5 85.26416088831982 75.41658090586634 145.41586816406243 0 233 2.8329 0.0 8.181805246746432 0.0 4.0 
586 3335209.9 85.27207489029786 75.41658090586634 145.41586816406243 0 233 2.8329 0.0 8.181805246746432 0.0 4.0 
587 3335243.2 85.27207489029786 75.4104594090434 145.41586816406243 0 233 2.8329 0.0 8.181805246746432 0.0 4.0 
588 3335276.5 85.27207489029786 75.4104594090434 145.41586816406243 0 233 2.8329 0.0 8.181805246746432 0.0 4.0 
589 3335309.9 85.27207489029786 75.4104594090434 145.41586816406243 0 233 2.8329 0.0 8.181805246746432 0.0 4.0 
590 3335343.2 85.28723426308447 75.3863372745353 145.41586816406243 0 233 2.8329 0.0 8.181805246746432 0.0 4.0 
591 3335376.5 85.28723426308447 75.3863372745353 145.41586816406243 0 233 2.8329 0.0 8.181805246746432 0.0 4.0 
592 3335409.9 85.28723426308447 75.3863372745353 145.41586816406243 0 233 2.8329 0.0 8.181805246746432 0.0 4.0 
593 3335443.2 85.2951170463541 75.3863372745353 145.41586816406243 0 233 2.8329 0.0 8.181805246746432 0.0 4.0 
594 3335476.6 85.2951170463541 75.37396014692904 145.41586816406243 0 233 2.8329 0.0 8.181805246746432 0.0 4.0 
595 3335509.9 85.2951170463541 75.37396014692904 145.41586816406243 0 233 2.8329 0.0 8.181805246746432 0.0 4.0 
596 3335543.2 85.2951170463541 75.37396014692904 145.41586816406243 0 233 2.8329 0.0 8.181805246746432 0.0 4.0 
597 3335576.6 85.2951170463541 75.35666691410917 145.41586816406243 0 233 2.8329 0.0 8.181805246746432 0.0 4.0 
598 3335609.9 85.2951170463541 75.35666691410917 145.41586816406243 0 233 2.8329 0.0 8.181805246746432 0.0 4.0 
599 3335643.2 85.2951170463541 75.35666691410917 145.41586816406243 0 233 2.8329 0.0 8.181805246746432 0.0 4.0 
600 3335676.6 85.2951170463541 75.35666691410917 145.41586816406243 0 233 2.8329 0.0 8.181805246746432 0.0 4.0 
601 3335709.9 85.28937777695323 75.35666691410917 145.41586816406243 0 233 2.8329 0.0 8.181805246746432 0.0 4.0 
602 3335743.2 85.28937777695323 75.33784647521749 145.41586816406243 0 233 2.8329 0.0 8.181805246746432 0.0 4.0 
603 3335776.6 85.28937777695323 75.33784647521749 145.41586816406243 0 233 2.8329 0.0 8.181805246746432 0.0 4.0 
604 3335809.9 85.28937777695323 75.33784647521749 145.41586816406243 0 233 2.8329 0.0 8.181805246746432 0.0 4.0 
605 3335843.3 85.27335872795729 75.31536027383153 145.41586816406243 0 233 2.8329 0.0 8.181805246746432 0.0 4.0 
606 3335876.6 85.27335872795729 75.31536027383153 145.41586816406243 0 233 2.8329 0.0 8.181805246746432 0.0 4.0 
607 3335909.9 85.27335872795729 75.31536027383153 145.41586816406243 0 233 2.8329 0.0 8.181805246746432 0.0 4.0 
608 3335943.3 85.25822958919322 75.31536027383153 145.41586816406243 0 233 2.8329 0.0 8.181805246746432 0.0 4.0 
609 3335976.6 85.25822958919322 75.30427150212562 145.41586816406243 0 233 2.8329 0.0 8.181805246746432 0.0 4.0 
610 3336009.9 85.25822958919322 75.30427150212562 145.41586816406243 0 233 2.8329 0.0 8.181805246746432 0.0 4.0 
611 3336043.3 85.25822958919322 75.30427150212562 145.41586816406243 0 233 2.8329 0.0 8.181805246746432 0.0 4.0 
612 3336076.6 85.23678178167694 75.30427150212562 145.41586816406243 0 233 2.8329 0.0 8.181805246746432 0.0 4.0 
613 3336109.9 85.23678178167694 75.29403378652354 145.41586816406243 0 233 2.8329 0.0 8.181805246746432 0.0 4.0 
614 3336143.3 85.23678178167694 75.29403378652354 145.41586816406243 0 233 2.8329 0.0 8.181805246746432 0.0 4.0 
615 3336176.6 85.23678178167694 75.29403378652354 145.41586816406243 0 233 2.8329 0.0 8.181805246746432 0.0 4.0 
616 3336209.9 85.20241779130824 75.28518512567311 145.41586816406243 0 233 2.8329 0.0 8.181805246746432 0.0 4.0 
617 3336243.3 85.20241779130824 75.28518512567311 145.41586816406243 0 233 2.8329 0.0 8.181805246746432 0.0 4.0 
618 3336276.6 85.20241779130824 75.28518512567311 145.41586816406243 0 233 2.8329 0.0 8.181805246746432 0.0 4.0 
619 3336310.0 85.20241779130824 75.28518512567311 145.41586816406243 0 233 2.8329 0.0 8.181805246746432 0.0 4.0 
620 3336343.3 85.17477539970466 75.28518512567311 145.41586816406243 0 233 2.8329 0.0 8.181805246746432 0.0 4.0 
621 3336376.6 85.17477539970466 75.27667821421127 145.41586816406243 0 233 2.8329 0.0 8.181805246746432 0.0 4.0 
622 3336410.0 85.17477539970466 75.27667821421127 145.41586816406243 0 233 2.8329 0.0 8.181805246746432 0.0 4.0 
623 3336443.3 85.17477539970466 75.27667821421127 145.41586816406243 0 233 2.8329 0.0 8.181805246746432 0.0 4.0 
624 3336476.6 85.15753505276537 75.27667821421127 145.41586816406243 0 233 2.8329 0.0 8.181805246746432 0.0 4.0 
625 3336510.0 85.15753505276537 75.27037348713658 145.41586816406243 0 233 2.8329 0.0 8.181805246746432 0.0 4.0 
626 3336543.3 85.15753505276537 75.27037348713658 145.41586816406243 0 233 2.8329 0.0 8.181805246746432 0.0 4.0 
627 3336576.6 85.14926495721164 75.27037348713658 145.41586816406243 0 233 2.8329 0.0 8.181805246746432 0.0 4.0 
628 3336610.0 85.14926495721164 75.26915877176191 145.41586816406243 0 233 2.8329 0.0 8.181805246746432 0.0 4.0 
629 3336643.3 85.14926495721164 75.26915877176191 145.41586816406243 0 233 2.8329 0.0 8.181805246746432 0.0 4.0 
630 3336676.7 85.14926495721164 75.26915877176191 145.41586816406243 0 233 2.8329 0.0 8.181805246746432 0.0 4.0 
631 3336710.0 85.12820337413223 75.26915877176191 145.41586816406243 0 233 2.8329 0.0 8.181805246746432 0.0 4.0 
632 3336743.3 85.12820337413223 75.27044223835111 145.41586816406243 0 233 2.8329 0.0 8.181805246746432 0.0 4.0 
633 3336776.7 85.12820337413223 75.27044223835111 145.41586816406243 0 233 2.8329 0.0 8.181805246746432 0.0 4.0 
634 3336810.0 85.10605852842257 75.27044223835111 145.41586816406243 0 233 2.8329 0.0 8.181805246746432 0.0 4.0 
635 3336843.3 85.10605852842257 75.26849860229721 145.41586816406243 0 233 2.8329 0.0 8.181805246746432 0.0 4.0 
636 3336876.7 85.10605852842257 75.26849860229721 145.41586816406243 0 233 2.8329 0.0 8.181805246746432 0.0 4.0 
637 3336910.0 85.08697921102811 75.25703026356632 145.41586816406243 0 233 2.8329 0.0 8.181805246746432 0.0 4.0 
638 3336943.3 85.08697921102811 75.25703026356632 145.41586816406243 0 233 2.8329 0.0 8.181805246746432 0.0 4.0 
639 3336976.7 85.08697921102811 75.25703026356632 145.41586816406243 0 233 2.8329 0.0 8.181805246746432 0.0 4.0 
640 3337010.0 85.08697921102811 75.25703026356632 145.41586816406243 0 233 2.8329 0.0 8.181805246746432 0.0 4.0 
641 3337043.3 85.07589704768073 75.25703026356632 145.41586816406243 0 233 2.8329 0.0 8.181805246746432 0.0 4.0 
642 3337076.7 85.07589704768073 75.2493173501616 145.41586816406243 0 233 2.8329 0.0 8.181805246746432 0.0 4.0 
643 3337110.0 85.07589704768073 75.2493173501616 145.41586816406243 0 233 2.8329 0.0 8.181805246746432 0.0 4.0 
644 3337143.4 85.05808224882625 75.2493173501616 145.41586816406243 0 233 2.8329 0.0 8.181805246746432 0.0 4.0 
645 3337176.7 85.05808224882625 75.23044398793631 145.41586816406243 0 233 2.8329 0.0 8.181805246746432 0.0 4.0 
646 3337210.0 85.05808224882625 75.23044398793631 145.41586816406243 0 233 2.8329 0.0 8.181805246746432 0.0 4.0 
647 3337243.4 85.05808224882625 75.23044398793631 145.41586816406243 0 233 2.8329 0.0 8.181805246746432 0.0 4.0 
648 3337276.7 85.0522844383461 75.21316622511175 145.41586816406243 0 233 2.8329 0.0 8.181805246746432 0.0 4.0 
649 3337310.0 85.0522844383461 75.21316622511175 145.41586816406243 0 233 2.8329 0.0 8.181805246746432 0.0 4.0 
650 3337343.4 85.0522844383461 75.21316622511175 145.41586816406243 0 233 2.8329 0.0 8.181805246746432 0.0 4.0 
651 3337376.7 85.04957192865068 75.18286050923265 145.41586816406243 0 233 2.8329 0.0 8.181805246746432 0.0 4.0 
652 3337410.0 85.04957192865068 75.18286050923265 145.41586816406243 0 233 2.8329 0.0 8.181805246746432 0.0 4.0 
653 3337443.4 85.04957192865068 75.18286050923265 145.41586816406243 0 233 2.8329 0.0 8.181805246746432 0.0 4.0 
654 3337476.7 85.04957192865068 75.16297175717114 145.41586816406243 0 233 2.8329 0.0 8.181805246746432 0.0 4.0 
655 3337510.1 85.04957192865068 75.16297175717114 145.41586816406243 0 233 2.8329 0.0 8.181805246746432 0.0 4.0 
656 3337543.4 85.04957192865068 75.16297175717114 145.41586816406243 0 233 2.8329 0.0 8.181805246746432 0.0 4.0 
657 3337576.7 85.05280953195499 75.14873594154271 145.41586816406243 0 233 2.8329 0.0 8.181805246746432 0.0 4.0 
658 3337610.1 85.05280953195499 75.14873594154271 145.41586816406243 0 233 2.8329 0.0 8.181805246746432 0.0 4.0 
659 3337643.4 85.05280953195499 75.14873594154271 145.41586816406243 0 233 2.8329 0.0 8.181805246746432 0.0 4.0 
660 3337676.7 85.05280953195499 75.14873594154271 145.41586816406243 0 233 2.8329 0.0 8.181805246746432 0.0 4.0 
661 3337710.1 85.06179098758696 75.14873594154271 145.41586816406243 0 233 2.8329 0.0 8.181805246746432 0.0 4.0 
662 3337743.4 85.06179098758696 75.12239728960031 145.41586816406243 0 233 2.8329 0.0 8.181805246746432 0.0 4.0 
663 3337776.7 85.06179098758696 75.12239728960031 145.41586816406243 0 233 2.8329 0.0 8.181805246746432 0.0 4.0 
664 3337810.1 85.06179098758696 75.12239728960031 145.41586816406243 0 233 2.8329 0.0 8.181805246746432 0.0 4.0 
665 3337843.4 85.07007800280809 75.12239728960031 145.41586816406243 0 233 2.8329 0.0 8.181805246746432 0.0 4.0 
666 3337876.7 85.07007800280809 75.10772650581092 145.41586816406243 0 233 2.8329 0.0 8.181805246746432 0.0 4.0 
667 3337910.1 85.07007800280809 75.10772650581092 145.41586816406243 0 233 2.8329 0.0 8.181805246746432 0.0 4.0 
668 3337943.4 85.07835899624628 75.10772650581092 145.41586816406243 0 233 2.8329 0.0 8.181805246746432 0.0 4.0 
669 3337976.8 85.07835899624628 75.09237283718964 145.41586816406243 0 233 2.8329 0.0 8.181805246746432 0.0 4.0 
670 3338010.1 85.07835899624628 75.09237283718964 145.41586816406243 0 233 2.8329 0.0 8.181805246746432 0.0 4.0 
671 3338043.4 85.07835899624628 75.09237283718964 145.41586816406243 0 233 2.8329 0.0 8.181805246746432 0.0 4.0 
672 3338076.8 85.08911583561594 75.06759199038221 145.41586816406243 0 233 2.8329 0.0 8.181805246746432 0.0 4.0 
673 3338110.1 85.08911583561594 75.06759199038221 145.41586816406243 0 233 2.8329 0.0 8.181805246746432 0.0 4.0 
674 3338143.4 85.08911583561594 75.06759199038221 145.41586816406243 0 233 2.8329 0.0 8.181805246746432 0.0 4.0 
675 3338176.8 85.09639187266121 75.06759199038221 145.41586816406243 0 233 2.8329 0.0 8.181805246746432 0.0 4.0 
676 3338210.1 85.09639187266121 75.05061022437788 145.41586816406243 0 233 2.8329 0.0 8.181805246746432 0.0 4.0 
677 3338243.4 85.09639187266121 75.05061022437788 145.41586816406243 0 233 2.8329 0.0 8.181805246746432 0.0 4.0 
678 3338276.8 85.099209667395 75.05061022437788 145.41586816406243 0 233 2.8329 0.0 8.181805246746432 0.0 4.0 
679 3338310.1 85.099209667395 75.04528622646738 145.41586816406243 0 233 2.8329 0.0 8.181805246746432 0.0 4.0 
680 3338343.5 85.099209667395 75.04528622646738 145.41586816406243 0 233 2.8329 0.0 8.181805246746432 0.0 4.0 
681 3338376.8 85.099209667395 75.04528622646738 145.41586816406243 0 233 2.8329 0.0 8.181805246746432 0.0 4.0 
682 3338410.1 85.09816321268765 75.01798223481694 145.41586816406243 0 233 2.8329 0.0 8.181805246746432 0.0 4.0 
683 3338443.5 85.09816321268765 75.01798223481694 145.41586816406243 0 233 2.8329 0.0 8.181805246746432 0.0 4.0 
684 3338476.8 85.09816321268765 75.01798223481694 145.41586816406243 0 233 2.8329 0.0 8.181805246746432 0.0 4.0 
685 3338510.1 85.09816321268765 75.01798223481694 145.41586816406243 0 233 2.8329 0.0 8.181805246746432 0.0 4.0 
686 3338543.5 85.08644418854017 75.01798223481694 145.41586816406243 0 233 2.8329 0.0 8.181805246746432 0.0 4.0 
687 3338576.8 85.08644418854017 74.99559992336695 145.41586816406243 0 233 2.8329 0.0 8.181805246746432 0.0 4.0 
688 3338610.1 85.08644418854017 74.99559992336695 145.41586816406243 0 233 2.8329 0.0 8.181805246746432 0.0 4.0 
689 3338643.5 85.08644418854017 74.99559992336695 145.41586816406243 0 233 2.8329 0.0 8.181805246746432 0.0 4.0 
690 3338676.8 85.07021113033501 74.99559992336695 145.41586816406243 0 233 2.8329 0.0 8.181805246746432 0.0 4.0 
691 3338710.1 85.07021113033501 74.98224692770947 145.41586816406243 0 233 2.8329 0.0 8.181805246746432 0.0 4.0 
692 3338743.5 85.07021113033501 74.98224692770947 145.41586816406243 0 233 2.8329 0.0 8.181805246746432 0.0 4.0 
693 3338776.8 85.07021113033501 74.98224692770947 145.41586816406243 0 233 2.8329 0.0 8.181805246746432 0.0 4.0 
694 3338810.2 85.04942641286081 74.96788396267102 145.41586816406243 0 233 2.8329 0.0 8.181805246746432 0.0 4.0 
695 3338843.5 85.04942641286081 74.96788396267102 145.41586816406243 0 233 2.8329 0.0 8.181805246746432 0.0 4.0 
696 3338876.8 85.04942641286081 74.96788396267102 145.41586816406243 0 233 2.8329 0.0 8.181805246746432 0.0 4.0 
697 3338910.2 85.04942641286081 74.96788396267102 145.41586816406243 0 233 2.8329 0.0 8.181805246746432 0.0 4.0 
698 3338943.5 85.01929610838175 74.96788396267102 145.41586816406243 0 233 2.8329 0.0 8.181805246746432 0.0 4.0 
699 3338976.8 85.01929610838175 74.9546575093827 145.41586816406243 0 233 2.8329 0.0 8.181805246746432 0.0 4.0 
700 3339010.2 85.01929610838175 74.9546575093827 145.41586816406243 0 233 2.8329 0.0 8.181805246746432 0.0 4.0 
701 3339043.5 85.01929610838175 74.9546575093827 145.41586816406243 0 233 2.8329 0.0 8.181805246746432 0.0 4.0 
702 3339076.8 85.01929610838175 74.9546575093827 145.41586816406243 0 233 2.8329 0.0 8.181805246746432 0.0 4.0 
703 3339110.2 84.99787491019737 74.9546575093827 145.41586816406243 0 233 2.8329 0.0 8.181805246746432 0.0 4.0 
704 3339143.5 84.99787491019737 74.93787307077964 145.41586816406243 0 233 2.8329 0.0 8.181805246746432 0.0 4.0 
705 3339176.9 84.99787491019737 74.93787307077964 145.41586816406243 0 233 2.8329 0.0 8.181805246746432 0.0 4.0 
706 3339210.2 84.99787491019737 74.93787307077964 145.41586816406243 0 233 2.8329 0.0 8.181805246746432 0.0 4.0 
707 3339243.5 84.98993654104967 74.93787307077964 145.41586816406243 0 233 2.8329 0.0 8.181805246746432 0.0 4.0 
708 3339276.9 84.98993654104967 74.92597928762629 145.41586816406243 0 233 2.8329 0.0 8.181805246746432 0.0 4.0 
709 3339310.2 84.98993654104967 74.92597928762629 145.41586816406243 0 233 2.8329 0.0 8.181805246746432 0.0 4.0 
710 3339343.5 84.98993654104967 74.92597928762629 145.41586816406243 0 233 2.8329 0.0 8.181805246746432 0.0 4.0 
711 3339376.9 84.97591444376076 74.92597928762629 145.41586816406243 0 233 2.8329 0.0 8.181805246746432 0.0 4.0 
712 3339410.2 84.97591444376076 74.91924194805813 145.41586816406243 0 233 2.8329 0.0 8.181805246746432 0.0 4.0 
713 3339443.5 84.97591444376076 74.91924194805813 145.41586816406243 0 233 2.8329 0.0 8.181805246746432 0.0 4.0 
714 3339476.9 84.96507684010328 74.91924194805813 145.41586816406243 0 233 2.8329 0.0 8.181805246746432 0.0 4.0 
715 3339510.2 84.96507684010328 74.9100333812276 145.41586816406243 0 233 2.8329 0.0 8.181805246746432 0.0 4.0 
716 3339543.5 84.96507684010328 74.9100333812276 145.41586816406243 0 233 2.8329 0.0 8.181805246746432 0.0 4.0 
717 3339576.9 84.96507684010328 74.9100333812276 145.41586816406243 0 233 2.8329 0.0 8.181805246746432 0.0 4.0 
718 3339610.2 84.95768401988039 74.90733356255502 145.41586816406243 0 233 2.8329 0.0 8.181805246746432 0.0 4.0 
719 3339643.6 84.95768401988039 74.90733356255502 145.41586816406243 0 233 2.8329 0.0 8.181805246746432 0.0 4.0 
720 3339676.9 84.95768401988039 74.90733356255502 145.41586816406243 0 233 2.8329 0.0 8.181805246746432 0.0 4.0 
721 3339710.2 84.94674681803227 74.90733356255502 145.41586816406243 0 233 2.8329 0.0 8.181805246746432 0.0 4.0 
722 3339743.6 84.94674681803227 74.90402689836856 145.41586816406243 0 233 2.8329 0.0 8.181805246746432 0.0 4.0 
723 3339776.9 84.94674681803227 74.90402689836856 145.41586816406243 0 233 2.8329 0.0 8.181805246746432 0.0 4.0 
724 3339810.2 84.94674681803227 74.90402689836856 145.41586816406243 0 233 2.8329 0.0 8.181805246746432 0.0 4.0 
725 3339843.6 84.92673063706809 74.90402689836856 145.41586816406243 0 233 2.8329 0.0 8.181805246746432 0.0 4.0 
726 3339876.9 84.92673063706809 74.8889958139516 145.41586816406243 0 233 2.8329 0.0 8.181805246746432 0.0 4.0 
727 3339910.2 84.92673063706809 74.8889958139516 145.41586816406243 0 233 2.8329 0.0 8.181805246746432 0.0 4.0 
728 3339943.6 84.9187223497544 74.87674250109275 145.41586816406243 0 233 2.8329 0.0 8.181805246746432 0.0 4.0 
729 3339976.9 84.9187223497544 74.87674250109275 145.41586816406243 0 233 2.8329 0.0 8.181805246746432 0.0 4.0 
730 3340010.3 84.9187223497544 74.87674250109275 145.41586816406243 0 233 2.8329 0.0 8.181805246746432 0.0 4.0 
731 3340043.6 84.9187223497544 74.87674250109275 145.41586816406243 0 233 2.8329 0.0 8.181805246746432 0.0 4.0 
732 3340076.9 84.91407292920788 74.87674250109275 145.41586816406243 0 233 2.8329 0.0 8.181805246746432 0.0 4.0 
733 3340110.3 84.91407292920788 74.865012020488 145.41586816406243 0 233 2.8329 0.0 8.181805246746432 0.0 4.0 
734 3340143.6 84.91407292920788 74.865012020488 145.41586816406243 0 233 2.8329 0.0 8.181805246746432 0.0 4.0 
735 3340176.9 84.91307251230026 74.865012020488 145.41586816406243 0 233 2.8329 0.0 8.181805246746432 0.0 4.0 
736 3340210.3 84.91307251230026 74.84265653579013 145.41586816406243 0 233 2.8329 0.0 8.181805246746432 0.0 4.0 
737 3340243.6 84.91307251230026 74.84265653579013 145.41586816406243 0 233 2.8329 0.0 8.181805246746432 0.0 4.0 
738 3340276.9 84.91307251230026 74.84265653579013 145.41586816406243 0 233 2.8329 0.0 8.181805246746432 0.0 4.0 
739 3340310.3 84.92202189816737 74.84265653579013 145.41586816406243 0 233 2.8329 0.0 8.181805246746432 0.0 4.0 
740 3340343.6 84.92202189816737 74.82239882774167 145.41586816406243 0 233 2.8329 0.0 8.181805246746432 0.0 4.0 
741 3340376.9 84.92202189816737 74.82239882774167 145.41586816406243 0 233 2.8329 0.0 8.181805246746432 0.0 4.0 
742 3340410.3 84.93743687435904 74.82239882774167 145.41586816406243 0 233 2.8329 0.0 8.181805246746432 0.0 4.0 
743 3340443.6 84.93743687435904 74.80710442103401 145.41586816406243 0 233 2.8329 0.0 8.181805246746432 0.0 4.0 
744 3340477.0 84.93743687435904 74.80710442103401 145.41586816406243 0 233 2.8329 0.0 8.181805246746432 0.0 4.0 
745 3340510.3 84.9555877818724 74.80710442103401 145.41586816406243 0 233 2.8329 0.0 8.181805246746432 0.0 4.0 
746 3340543.6 84.9555877818724 74.78825522400963 145.41586816406243 0 233 2.8329 0.0 8.181805246746432 0.0 4.0 
747 3340577.0 84.9555877818724 74.78825522400963 145.41586816406243 0 233 2.8329 0.0 8.181805246746432 0.0 4.0 
748 3340610.3 84.9555877818724 74.78825522400963 145.41586816406243 0 233 2.8329 0.0 8.181805246746432 0.0 4.0 
749 3340643.6 84.96547224475955 74.78825522400963 145.41586816406243 0 233 2.8329 0.0 8.181805246746432 0.0 4.0 
750 3340677.0 84.96547224475955 74.77585441268229 145.41586816406243 0 233 2.8329 0.0 8.181805246746432 0.0 4.0 
751 3340710.3 84.96547224475955 74.77585441268229 145.41586816406243 0 233 2.8329 0.0 8.181805246746432 0.0 4.0 
752 3340743.6 84.97717043783182 74.76072016267305 145.41586816406243 0 233 2.8329 0.0 8.181805246746432 0.0 4.0 
753 3340777.0 84.97717043783182 74.76072016267305 145.41586816406243 0 233 2.8329 0.0 8.181805246746432 0.0 4.0 
754 3340810.3 84.97717043783182 74.76072016267305 145.41586816406243 0 233 2.8329 0.0 8.181805246746432 0.0 4.0 
755 3340843.7 84.97717043783182 74.76072016267305 145.41586816406243 0 233 2.8329 0.0 8.181805246746432 0.0 4.0 
756 3340877.0 84.98907874280697 74.74814965262338 145.41586816406243 0 233 2.8329 0.0 8.181805246746432 0.0 4.0 
757 3340910.3 84.98907874280697 74.74814965262338 145.41586816406243 0 233 2.8329 0.0 8.181805246746432 0.0 4.0 
758 3340943.7 84.98907874280697 74.74814965262338 145.41586816406243 0 233 2.8329 0.0 8.181805246746432 0.0 4.0 
759 3340977.0 84.98907874280697 74.74814965262338 145.41586816406243 0 233 2.8329 0.0 8.181805246746432 0.0 4.0 
760 3341010.3 85.00274798085435 74.74814965262338 145.41586816406243 0 233 2.8329 0.0 8.181805246746432 0.0 4.0 
761 3341043.7 85.00274798085435 74.72729006914156 145.41586816406243 0 233 2.8329 0.0 8.181805246746432 0.0 4.0 
762 3341077.0 85.00274798085435 74.72729006914156 145.41586816406243 0 233 2.8329 0.0 8.181805246746432 0.0 4.0 
763 3341110.3 85.00274798085435 74.72729006914156 145.41586816406243 0 233 2.8329 0.0 8.181805246746432 0.0 4.0 
764 3341143.7 85.00786338014669 74.71613935968801 145.41586816406243 0 233 2.8329 0.0 8.181805246746432 0.0 4.0 
765 3341177.0 85.00786338014669 74.71613935968801 145.41586816406243 0 233 2.8329 0.0 8.181805246746432 0.0 4.0 
766 3341210.3 85.00786338014669 74.71613935968801 145.41586816406243 0 233 2.8329 0.0 8.181805246746432 0.0 4.0 
767 3341243.7 85.01079697495292 74.69716388696551 145.41586816406243 0 233 2.8329 0.0 8.181805246746432 0.0 4.0 
768 3341277.0 85.01079697495292 74.69716388696551 145.41586816406243 0 233 2.8329 0.0 8.181805246746432 0.0 4.0 
769 3341310.4 85.01079697495292 74.69716388696551 145.41586816406243 0 233 2.8329 0.0 8.181805246746432 0.0 4.0 
770 3341343.7 85.01079697495292 74.69716388696551 145.41586816406243 0 233 2.8329 0.0 8.181805246746432 0.0 4.0 
771 3341377.0 85.0085754373487 74.69716388696551 145.41586816406243 0 233 2.8329 0.0 8.181805246746432 0.0 4.0 
772 3341410.4 85.0085754373487 74.67036092843635 145.41586816406243 0 233 2.8329 0.0 8.181805246746432 0.0 4.0 
773 3341443.7 85.0085754373487 74.67036092843635 145.41586816406243 0 233 2.8329 0.0 8.181805246746432 0.0 4.0 
774 3341477.0 85.0085754373487 74.67036092843635 145.41586816406243 0 233 2.8329 0.0 8.181805246746432 0.0 4.0 
775 3341510.4 85.0085754373487 74.67036092843635 145.41586816406243 0 233 2.8329 0.0 8.181805246746432 0.0 4.0 
776 3341543.7 84.99870775280688 74.65022633510455 145.41586816406243 0 233 2.8329 0.0 8.181805246746432 0.0 4.0 
777 3341577.0 84.99870775280688 74.65022633510455 145.41586816406243 0 233 2.8329 0.0 8.181805246746432 0.0 4.0 
778 3341610.4 84.99870775280688 74.65022633510455 145.41586816406243 0 233 2.8329 0.0 8.181805246746432 0.0 4.0 
779 3341643.7 84.99314777891338 74.63258250234917 145.41586816406243 0 233 2.8329 0.0 8.181805246746432 0.0 4.0 
780 3341677.1 84.99314777891338 74.63258250234917 145.41586816406243 0 233 2.8329 0.0 8.181805246746432 0.0 4.0 
781 3341710.4 84.99314777891338 74.63258250234917 145.41586816406243 0 233 2.8329 0.0 8.181805246746432 0.0 4.0 
782 3341743.7 84.98901935358136 74.63258250234917 145.41586816406243 0 233 2.8329 0.0 8.181805246746432 0.0 4.0 
783 3341777.1 84.98901935358136 74.6255217760655 145.41586816406243 0 233 2.8329 0.0 8.181805246746432 0.0 4.0 
784 3341810.4 84.98901935358136 74.6255217760655 145.41586816406243 0 233 2.8329 0.0 8.181805246746432 0.0 4.0 
785 3341843.7 84.98278115538457 74.6255217760655 145.41586816406243 0 233 2.8329 0.0 8.181805246746432 0.0 4.0 
786 3341877.1 84.98278115538457 74.6141978075207 145.41586816406243 0 233 2.8329 0.0 8.181805246746432 0.0 4.0 
787 3341910.4 84.98278115538457 74.6141978075207 145.41586816406243 0 233 2.8329 0.0 8.181805246746432 0.0 4.0 
788 3341943.7 84.98278115538457 74.6141978075207 145.41586816406243 0 233 2.8329 0.0 8.181805246746432 0.0 4.0 
789 3341977.1 84.97342821467706 74.60340833857438 145.41586816406243 0 233 2.8329 0.0 8.181805246746432 0.0 4.0 
790 3342010.4 84.97342821467706 74.60340833857438 145.41586816406243 0 233 2.8329 0.0 8.181805246746432 0.0 4.0 
791 3342043.7 84.97342821467706 74.60340833857438 145.41586816406243 0 233 2.8329 0.0 8.181805246746432 0.0 4.0 
792 3342077.1 84.95889763583209 74.60340833857438 145.41586816406243 0 233 2.8329 0.0 8.181805246746432 0.0 4.0 
793 3342110.4 84.95889763583209 74.59189141962086 145.41586816406243 0 233 2.8329 0.0 8.181805246746432 0.0 4.0 
794 3342143.8 84.95889763583209 74.59189141962086 145.41586816406243 0 233 2.8329 0.0 8.181805246746432 0.0 4.0 
795 3342177.1 84.94584827327621 74.59189141962086 145.41586816406243 0 233 2.8329 0.0 8.181805246746432 0.0 4.0 
796 3342210.4 84.94584827327621 74.58564481034841 145.41586816406243 0 233 2.8329 0.0 8.181805246746432 0.0 4.0 
797 3342243.8 84.94584827327621 74.58564481034841 145.41586816406243 0 233 2.8329 0.0 8.181805246746432 0.0 4.0 
798 3342277.1 84.92701261052594 74.58564481034841 145.41586816406243 0 233 2.8329 0.0 8.181805246746432 0.0 4.0 
799 3342310.4 84.92701261052594 74.58017508700776 145.41586816406243 0 233 2.8329 0.0 8.181805246746432 0.0 4.0 
800 3342343.8 84.92701261052594 74.58017508700776 145.41586816406243 0 233 2.8329 0.0 8.181805246746432 0.0 4.0 
801 3342377.1 84.92701261052594 74.58017508700776 145.41586816406243 0 233 2.8329 0.0 8.181805246746432 0.0 4.0 
802 3342410.4 84.90880458262346 74.58017508700776 145.41586816406243 0 233 2.8329 0.0 8.181805246746432 0.0 4.0 
803 3342443.8 84.90880458262346 74.57731303388823 145.41586816406243 0 233 2.8329 0.0 8.181805246746432 0.0 4.0 
804 3342477.1 84.90880458262346 74.57731303388823 145.41586816406243 0 233 2.8329 0.0 8.181805246746432 0.0 4.0 
805 3342510.5 84.90880458262346 74.57731303388823 145.41586816406243 0 233 2.8329 0.0 8.181805246746432 0.0 4.0 
806 3342543.8 84.88045849472273 74.57731303388823 145.41586816406243 0 233 2.8329 0.0 8.181805246746432 0.0 4.0 
807 3342577.1 84.88045849472273 74.57445905591122 145.41586816406243 0 233 2.8329 0.0 8.181805246746432 0.0 4.0 
808 3342610.5 84.88045849472273 74.57445905591122 145.41586816406243 0 233 2.8329 0.0 8.181805246746432 0.0 4.0 
809 3342643.8 84.88045849472273 74.57445905591122 145.41586816406243 0 233 2.8329 0.0 8.181805246746432 0.0 4.0 
810 3342677.1 84.84926119372936 74.57445905591122 145.41586816406243 0 233 2.8329 0.0 8.181805246746432 0.0 4.0 
811 3342710.5 84.84926119372936 74.56455476378588 145.41586816406243 0 233 2.8329 0.0 8.181805246746432 0.0 4.0 
812 3342743.8 84.84926119372936 74.56455476378588 145.41586816406243 0 233 2.8329 0.0 8.181805246746432 0.0 4.0 
813 3342777.1 84.84926119372936 74.56455476378588 145.41586816406243 0 233 2.8329 0.0 8.181805246746432 0.0 4.0 
814 3342810.5 84.82792036637017 74.5569061782128 145.41586816406243 0 233 2.8329 0.0 8.181805246746432 0.0 4.0 
815 3342843.8 84.82792036637017 74.5569061782128 145.41586816406243 0 233 2.8329 0.0 8.181805246746432 0.0 4.0 
816 3342877.1 84.82792036637017 74.5569061782128 145.41586816406243 0 233 2.8329 0.0 8.181805246746432 0.0 4.0 
817 3342910.5 84.81071685849432 74.5569061782128 145.41586816406243 0 233 2.8329 0.0 8.181805246746432 0.0 4.0 
818 3342943.8 84.81071685849432 74.54753149881776 145.41586816406243 0 233 2.8329 0.0 8.181805246746432 0.0 4.0 
819 3342977.2 84.81071685849432 74.54753149881776 145.41586816406243 0 233 2.8329 0.0 8.181805246746432 0.0 4.0 
820 3343010.5 84.80120916144662 74.54753149881776 145.41586816406243 0 233 2.8329 0.0 8.181805246746432 0.0 4.0 
821 3343043.8 84.80120916144662 74.53870043248598 145.41586816406243 0 233 2.8329 0.0 8.181805246746432 0.0 4.0 
822 3343077.2 84.80120916144662 74.53870043248598 145.41586816406243 0 233 2.8329 0.0 8.181805246746432 0.0 4.0 
823 3343110.5 84.78730995599908 74.52854657267652 145.41586816406243 0 233 2.8329 0.0 8.181805246746432 0.0 4.0 
824 3343143.8 84.78730995599908 74.52854657267652 145.41586816406243 0 233 2.8329 0.0 8.181805246746432 0.0 4.0 
825 3343177.2 84.78730995599908 74.52854657267652 145.41586816406243 0 233 2.8329 0.0 8.181805246746432 0.0 4.0 
826 3343210.5 84.78730995599908 74.52854657267652 145.41586816406243 0 233 2.8329 0.0 8.181805246746432 0.0 4.0 
827 3343243.8 84.77950687662273 74.52854657267652 145.41586816406243 0 233 2.8329 0.0 8.181805246746432 0.0 4.0 
828 3343277.2 84.77950687662273 74.51886689415787 145.41586816406243 0 233 2.8329 0.0 8.181805246746432 0.0 4.0 
829 3343310.5 84.77950687662273 74.51886689415787 145.41586816406243 0 233 2.8329 0.0 8.181805246746432 0.0 4.0 
830 3343343.9 84.77950687662273 74.51886689415787 145.41586816406243 0 233 2.8329 0.0 8.181805246746432 0.0 4.0 
831 3343377.2 84.77082278297465 74.51886689415787 145.41586816406243 0 233 2.8329 0.0 8.181805246746432 0.0 4.0 
832 3343410.5 84.77082278297465 74.49757077716781 145.41586816406243 0 233 2.8329 0.0 8.181805246746432 0.0 4.0 
833 3343443.9 84.77082278297465 74.49757077716781 145.41586816406243 0 233 2.8329 0.0 8.181805246746432 0.0 4.0 
834 3343477.2 84.77082278297465 74.49757077716781 145.41586816406243 0 233 2.8329 0.0 8.181805246746432 0.0 4.0 
835 3343510.5 84.76711086571501 74.468547136459 145.41586816406243 0 233 2.8329 0.0 8.181805246746432 0.0 4.0 
836 3343543.9 84.76711086571501 74.468547136459 145.41586816406243 0 233 2.8329 0.0 8.181805246746432 0.0 4.0 
837 3343577.2 84.76711086571501 74.468547136459 145.41586816406243 0 233 2.8329 0.0 8.181805246746432 0.0 4.0 
838 3343610.5 84.76576989339995 74.468547136459 145.41586816406243 0 233 2.8329 0.0 8.181805246746432 0.0 4.0 
839 3343643.9 84.76576989339995 74.46130742427601 145.41586816406243 0 233 2.8329 0.0 8.181805246746432 0.0 4.0 
840 3343677.2 84.76576989339995 74.46130742427601 145.41586816406243 0 233 2.8329 0.0 8.181805246746432 0.0 4.0 
841 3343710.5 84.76576989339995 74.44457435291598 145.41586816406243 0 233 2.8329 0.0 8.181805246746432 0.0 4.0 
842 3343743.9 84.76576989339995 74.44457435291598 145.41586816406243 0 233 2.8329 0.0 8.181805246746432 0.0 4.0 
843 3343777.2 84.76576989339995 74.44457435291598 145.41586816406243 0 233 2.8329 0.0 8.181805246746432 0.0 4.0 
844 3343810.6 84.76987003041981 74.44457435291598 145.41586816406243 0 233 2.8329 0.0 8.181805246746432 0.0 4.0 
845 3343843.9 84.76987003041981 74.43423207041239 145.41586816406243 0 233 2.8329 0.0 8.181805246746432 0.0 4.0 
846 3343877.2 84.76987003041981 74.43423207041239 145.41586816406243 0 233 2.8329 0.0 8.181805246746432 0.0 4.0 
847 3343910.6 84.77843681372697 74.43423207041239 145.41586816406243 0 233 2.8329 0.0 8.181805246746432 0.0 4.0 
848 3343943.9 84.77843681372697 74.42130277998578 145.41586816406243 0 233 2.8329 0.0 8.181805246746432 0.0 4.0 
849 3343977.2 84.77843681372697 74.42130277998578 145.41586816406243 0 233 2.8329 0.0 8.181805246746432 0.0 4.0 
850 3344010.6 84.77843681372697 74.42130277998578 145.41586816406243 0 233 2.8329 0.0 8.181805246746432 0.0 4.0 
851 3344043.9 84.78547164187994 74.41165384008401 145.41586816406243 0 233 2.8329 0.0 8.181805246746432 0.0 4.0 
852 3344077.2 84.78547164187994 74.41165384008401 145.41586816406243 0 233 2.8329 0.0 8.181805246746432 0.0 4.0 
853 3344110.6 84.78547164187994 74.41165384008401 145.41586816406243 0 233 2.8329 0.0 8.181805246746432 0.0 4.0 
854 3344143.9 84.78547164187994 74.41165384008401 145.41586816406243 0 233 2.8329 0.0 8.181805246746432 0.0 4.0 
855 3344177.3 84.79081799396685 74.41165384008401 145.41586816406243 0 233 2.8329 0.0 8.181805246746432 0.0 4.0 
856 3344210.6 84.79081799396685 74.39899109655208 145.41586816406243 0 233 2.8329 0.0 8.181805246746432 0.0 4.0 
857 3344243.9 84.79081799396685 74.39899109655208 145.41586816406243 0 233 2.8329 0.0 8.181805246746432 0.0 4.0 
858 3344277.3 84.79081799396685 74.39899109655208 145.41586816406243 0 233 2.8329 0.0 8.181805246746432 0.0 4.0 
859 3344310.6 84.79081799396685 74.39503271743153 145.41586816406243 0 233 2.8329 0.0 8.181805246746432 0.0 4.0 
860 3344343.9 84.79081799396685 74.39503271743153 145.41586816406243 0 233 2.8329 0.0 8.181805246746432 0.0 4.0 
861 3344377.3 84.79081799396685 74.39503271743153 145.41586816406243 0 233 2.8329 0.0 8.181805246746432 0.0 4.0 
862 3344410.6 84.79208851070642 74.39503271743153 145.41586816406243 0 233 2.8329 0.0 8.181805246746432 0.0 4.0 
863 3344443.9 84.79208851070642 74.39704588368356 145.41586816406243 0 233 2.8329 0.0 8.181805246746432 0.0 4.0 
864 3344477.3 84.79208851070642 74.39704588368356 145.41586816406243 0 233 2.8329 0.0 8.181805246746432 0.0 4.0 
865 3344510.6 84.79208851070642 74.40017728367367 145.41586816406243 0 233 2.8329 0.0 8.181805246746432 0.0 4.0 
866 3344543.9 84.79208851070642 74.40017728367367 145.41586816406243 0 233 2.8329 0.0 8.181805246746432 0.0 4.0 
867 3344577.3 84.79018127154819 74.40017728367367 145.41586816406243 0 233 2.8329 0.0 8.181805246746432 0.0 4.0 
868 3344610.6 84.79018127154819 74.40541038227748 145.41586816406243 0 233 2.8329 0.0 8.181805246746432 0.0 4.0 
869 3344644.0 84.79018127154819 74.40541038227748 145.41586816406243 0 233 2.8329 0.0 8.181805246746432 0.0 4.0 
870 3344677.3 84.78360238721778 74.42525811513158 145.41586816406243 0 233 2.8329 0.0 8.181805246746432 0.0 4.0 
871 3344710.6 84.78360238721778 74.42525811513158 145.41586816406243 0 233 2.8329 0.0 8.181805246746432 0.0 4.0 
872 3344744.0 84.78360238721778 74.42525811513158 145.41586816406243 0 233 2.8329 0.0 8.181805246746432 0.0 4.0 
873 3344777.3 84.78360238721778 74.42525811513158 145.41586816406243 0 233 2.8329 0.0 8.181805246746432 0.0 4.0 
874 3344810.6 84.7746901329725 74.46144398477549 145.41586816406243 0 233 2.8329 0.0 8.181805246746432 0.0 4.0 
875 3344844.0 84.7746901329725 74.46144398477549 145.41586816406243 0 233 2.8329 0.0 8.181805246746432 0.0 4.0 
876 3344877.3 84.7746901329725 74.46144398477549 145.41586816406243 0 233 2.8329 0.0 8.181805246746432 0.0 4.0 
877 3344910.6 84.7746901329725 74.46144398477549 145.41586816406243 0 233 2.8329 0.0 8.181805246746432 0.0 4.0 
878 3344944.0 84.7746901329725 74.51281759917809 145.41586816406243 0 233 2.8329 0.0 8.181805246746432 0.0 4.0 
879 3344977.3 84.7746901329725 74.51281759917809 145.41586816406243 0 233 2.8329 0.0 8.181805246746432 0.0 4.0 
880 3345010.7 84.7746901329725 74.51281759917809 145.41586816406243 0 233 2.8329 0.0 8.181805246746432 0.0 4.0 
881 3345044.0 84.7746901329725 74.51281759917809 145.41586816406243 0 233 2.8329 0.0 8.181805246746432 0.0 4.0 
882 3345077.3 84.79520485829696 74.51281759917809 145.41586816406243 0 233 2.8329 0.0 8.181805246746432 0.0 4.0 
883 3345110.7 84.79520485829696 74.54817397847641 145.41586816406243 0 233 2.8329 0.0 8.181805246746432 0.0 4.0 
884 3345144.0 84.79520485829696 74.54817397847641 145.41586816406243 0 233 2.8329 0.0 8.181805246746432 0.0 4.0 
885 3345177.3 84.79520485829696 74.54817397847641 145.41586816406243 0 233 2.8329 0.0 8.181805246746432 0.0 4.0 
886 3345210.7 84.8327478138205 74.57300892096889 145.41586816406243 0 233 2.8329 0.0 8.181805246746432 0.0 4.0 
887 3345244.0 84.8327478138205 74.57300892096889 145.41586816406243 0 233 2.8329 0.0 8.181805246746432 0.0 4.0 
888 3345277.3 84.8327478138205 74.57300892096889 145.41586816406243 0 233 2.8329 0.0 8.181805246746432 0.0 4.0 
889 3345310.7 84.85278493594757 74.57300892096889 145.41586816406243 0 233 2.8329 0.0 8.181805246746432 0.0 4.0 
890 3345344.0 84.85278493594757 74.58033880737935 145.41586816406243 0 233 2.8329 0.0 8.181805246746432 0.0 4.0 
891 3345377.3 84.85278493594757 74.58033880737935 145.41586816406243 0 233 2.8329 0.0 8.181805246746432 0.0 4.0 
892 3345410.7 84.86391013241519 74.58033880737935 145.41586816406243 0 233 2.8329 0.0 8.181805246746432 0.0 4.0 
893 3345444.0 84.86391013241519 74.58489844239696 145.41586816406243 0 233 2.8329 0.0 8.181805246746432 0.0 4.0 
894 3345477.4 84.86391013241519 74.58489844239696 145.41586816406243 0 233 2.8329 0.0 8.181805246746432 0.0 4.0 
895 3345510.7 84.86391013241519 74.58489844239696 145.41586816406243 0 233 2.8329 0.0 8.181805246746432 0.0 4.0 
896 3345544.0 84.86391013241519 74.58489844239696 145.41586816406243 0 233 2.8329 0.0 8.181805246746432 0.0 4.0 
897 3345577.4 84.85943759359891 74.58489844239696 145.41586816406243 0 233 2.8329 0.0 8.181805246746432 0.0 4.0 
898 3345610.7 84.85943759359891 74.58489844239696 145.41586816406243 0 233 2.8329 0.0 8.181805246746432 0.0 4.0 
899 3345644.0 84.85943759359891 74.58489844239696 145.41586816406243 0 233 2.8329 0.0 8.181805246746432 0.0 4.0 
900 3345677.4 84.84518500766949 74.58489844239696 145.41586816406243 0 233 2.8329 0.0 8.181805246746432 0.0 4.0 
901 3345710.7 84.84518500766949 74.5803956885184 145.41586816406243 0 233 2.8329 0.0 8.181805246746432 0.0 4.0 
902 3345744.0 84.84518500766949 74.5803956885184 145.41586816406243 0 233 2.8329 0.0 8.181805246746432 0.0 4.0 
903 3345777.4 84.83795740883376 74.5803956885184 145.41586816406243 0 233 2.8329 0.0 8.181805246746432 0.0 4.0 
904 3345810.7 84.83795740883376 74.57161040906809 145.41586816406243 0 233 2.8329 0.0 8.181805246746432 0.0 4.0 
905 3345844.1 84.83795740883376 74.57161040906809 145.41586816406243 0 233 2.8329 0.0 8.181805246746432 0.0 4.0 
906 3345877.4 84.83795740883376 74.57161040906809 145.41586816406243 0 233 2.8329 0.0 8.181805246746432 0.0 4.0 
907 3345910.7 84.82412193785508 74.56122766633625 145.41586816406243 0 233 2.8329 0.0 8.181805246746432 0.0 4.0 
908 3345944.1 84.82412193785508 74.56122766633625 145.41586816406243 0 233 2.8329 0.0 8.181805246746432 0.0 4.0 
909 3345977.4 84.82412193785508 74.56122766633625 145.41586816406243 0 233 2.8329 0.0 8.181805246746432 0.0 4.0 
910 3346010.7 84.80953748173293 74.56122766633625 145.41586816406243 0 233 2.8329 0.0 8.181805246746432 0.0 4.0 
911 3346044.1 84.80953748173293 74.55277129157147 145.41586816406243 0 233 2.8329 0.0 8.181805246746432 0.0 4.0 
912 3346077.4 84.80953748173293 74.55277129157147 145.41586816406243 0 233 2.8329 0.0 8.181805246746432 0.0 4.0 
913 3346110.7 84.79831988184614 74.55277129157147 145.41586816406243 0 233 2.8329 0.0 8.181805246746432 0.0 4.0 
914 3346144.1 84.79831988184614 74.54366907842805 145.41586816406243 0 233 2.8329 0.0 8.181805246746432 0.0 4.0 
915 3346177.4 84.79831988184614 74.54366907842805 145.41586816406243 0 233 2.8329 0.0 8.181805246746432 0.0 4.0 
916 3346210.7 84.7873744994109 74.54366907842805 145.41586816406243 0 233 2.8329 0.0 8.181805246746432 0.0 4.0 
917 3346244.1 84.7873744994109 74.53007464763186 145.41586816406243 0 233 2.8329 0.0 8.181805246746432 0.0 4.0 
918 3346277.4 84.7873744994109 74.53007464763186 145.41586816406243 0 233 2.8329 0.0 8.181805246746432 0.0 4.0 
919 3346310.8 84.7873744994109 74.53007464763186 145.41586816406243 0 233 2.8329 0.0 8.181805246746432 0.0 4.0 
920 3346344.1 84.77540764655687 74.53007464763186 145.41586816406243 0 233 2.8329 0.0 8.181805246746432 0.0 4.0 
921 3346377.4 84.77540764655687 74.51281958508308 145.41586816406243 0 233 2.8329 0.0 8.181805246746432 0.0 4.0 
922 3346410.8 84.77540764655687 74.51281958508308 145.41586816406243 0 233 2.8329 0.0 8.181805246746432 0.0 4.0 
923 3346444.1 84.77540764655687 74.51281958508308 145.41586816406243 0 233 2.8329 0.0 8.181805246746432 0.0 4.0 
924 3346477.4 84.76485990581745 74.51281958508308 145.41586816406243 0 233 2.8329 0.0 8.181805246746432 0.0 4.0 
925 3346510.8 84.76485990581745 74.48460943399107 145.41586816406243 0 233 2.8329 0.0 8.181805246746432 0.0 4.0 
926 3346544.1 84.76485990581745 74.48460943399107 145.41586816406243 0 233 2.8329 0.0 8.181805246746432 0.0 4.0 
927 3346577.4 84.76485990581745 74.48460943399107 145.41586816406243 0 233 2.8329 0.0 8.181805246746432 0.0 4.0 
928 3346610.8 84.76485990581745 74.48460943399107 145.41586816406243 0 233 2.8329 0.0 8.181805246746432 0.0 4.0 
929 3346644.1 84.76199038608232 74.45969705092185 145.41586816406243 0 233 2.8329 0.0 8.181805246746432 0.0 4.0 
930 3346677.5 84.76199038608232 74.45969705092185 145.41586816406243 0 233 2.8329 0.0 8.181805246746432 0.0 4.0 
931 3346710.8 84.76199038608232 74.45969705092185 145.41586816406243 0 233 2.8329 0.0 8.181805246746432 0.0 4.0 
932 3346744.1 84.76199038608232 74.45969705092185 145.41586816406243 0 233 2.8329 0.0 8.181805246746432 0.0 4.0 
933 3346777.5 84.76678014117176 74.43028648599697 145.41586816406243 0 233 2.8329 0.0 8.181805246746432 0.0 4.0 
934 3346810.8 84.76678014117176 74.43028648599697 145.41586816406243 0 233 2.8329 0.0 8.181805246746432 0.0 4.0 
935 3346844.1 84.76678014117176 74.43028648599697 145.41586816406243 0 233 2.8329 0.0 8.181805246746432 0.0 4.0 
936 3346877.5 84.76678014117176 74.43028648599697 145.41586816406243 0 233 2.8329 0.0 8.181805246746432 0.0 4.0 
937 3346910.8 84.78353303486709 74.43028648599697 145.41586816406243 0 233 2.8329 0.0 8.181805246746432 0.0 4.0 
938 3346944.1 84.78353303486709 74.40058430680409 145.41586816406243 0 233 2.8329 0.0 8.181805246746432 0.0 4.0 
939 3346977.5 84.78353303486709 74.40058430680409 145.41586816406243 0 233 2.8329 0.0 8.181805246746432 0.0 4.0 
940 3347010.8 84.78353303486709 74.40058430680409 145.41586816406243 0 233 2.8329 0.0 8.181805246746432 0.0 4.0 
941 3347044.1 84.80109169615731 74.37574826879069 145.41586816406243 0 233 2.8329 0.0 8.181805246746432 0.0 4.0 
942 3347077.5 84.80109169615731 74.37574826879069 145.41586816406243 0 233 2.8329 0.0 8.181805246746432 0.0 4.0 
943 3347110.8 84.80109169615731 74.37574826879069 145.41586816406243 0 233 2.8329 0.0 8.181805246746432 0.0 4.0 
944 3347144.2 84.80956972159643 74.37574826879069 145.41586816406243 0 233 2.8329 0.0 8.181805246746432 0.0 4.0 
945 3347177.5 84.80956972159643 74.3626264307719 145.41586816406243 0 233 2.8329 0.0 8.181805246746432 0.0 4.0 
946 3347210.8 84.80956972159643 74.3626264307719 145.41586816406243 0 233 2.8329 0.0 8.181805246746432 0.0 4.0 
947 3347244.2 84.81994523215342 74.3626264307719 145.41586816406243 0 233 2.8329 0.0 8.181805246746432 0.0 4.0 
948 3347277.5 84.81994523215342 74.34792122784434 145.41586816406243 0 233 2.8329 0.0 8.181805246746432 0.0 4.0 
949 3347310.8 84.81994523215342 74.34792122784434 145.41586816406243 0 233 2.8329 0.0 8.181805246746432 0.0 4.0 
950 3347344.2 84.81994523215342 74.34792122784434 145.41586816406243 0 233 2.8329 0.0 8.181805246746432 0.0 4.0 
951 3347377.5 84.83059991816147 74.34792122784434 145.41586816406243 0 233 2.8329 0.0 8.181805246746432 0.0 4.0 
952 3347410.8 84.83059991816147 74.3362800956479 145.41586816406243 0 233 2.8329 0.0 8.181805246746432 0.0 4.0 
953 3347444.2 84.83059991816147 74.3362800956479 145.41586816406243 0 233 2.8329 0.0 8.181805246746432 0.0 4.0 
954 3347477.5 84.83059991816147 74.3362800956479 145.41586816406243 0 233 2.8329 0.0 8.181805246746432 0.0 4.0 
955 3347510.9 84.8441241794712 74.3362800956479 145.41586816406243 0 233 2.8329 0.0 8.181805246746432 0.0 4.0 
956 3347544.2 84.8441241794712 74.32051210220264 145.41586816406243 0 233 2.8329 0.0 8.181805246746432 0.0 4.0 
957 3347577.5 84.8441241794712 74.32051210220264 145.41586816406243 0 233 2.8329 0.0 8.181805246746432 0.0 4.0 
958 3347610.9 84.85568871366628 74.32051210220264 145.41586816406243 0 233 2.8329 0.0 8.181805246746432 0.0 4.0 
959 3347644.2 84.85568871366628 74.30408614555614 145.41586816406243 0 233 2.8329 0.0 8.181805246746432 0.0 4.0 
960 3347677.5 84.85568871366628 74.30408614555614 145.41586816406243 0 233 2.8329 0.0 8.181805246746432 0.0 4.0 
961 3347710.9 84.8644821970978 74.28163539872965 145.41586816406243 0 233 2.8329 0.0 8.181805246746432 0.0 4.0 
962 3347744.2 84.8644821970978 74.28163539872965 145.41586816406243 0 233 2.8329 0.0 8.181805246746432 0.0 4.0 
963 3347777.5 84.8644821970978 74.28163539872965 145.41586816406243 0 233 2.8329 0.0 8.181805246746432 0.0 4.0 
964 3347810.9 84.8644821970978 74.28163539872965 145.41586816406243 0 233 2.8329 0.0 8.181805246746432 0.0 4.0 
965 3347844.2 84.86855284889845 74.28163539872965 145.41586816406243 0 233 2.8329 0.0 8.181805246746432 0.0 4.0 
966 3347877.5 84.86855284889845 74.2696103572583 145.41586816406243 0 233 2.8329 0.0 8.181805246746432 0.0 4.0 
967 3347910.9 84.86855284889845 74.2696103572583 145.41586816406243 0 233 2.8329 0.0 8.181805246746432 0.0 4.0 
968 3347944.2 84.8698341850196 74.2696103572583 145.41586816406243 0 233 2.8329 0.0 8.181805246746432 0.0 4.0 
969 3347977.6 84.8698341850196 74.24663871831208 145.41586816406243 0 233 2.8329 0.0 8.181805246746432 0.0 4.0 
970 3348010.9 84.8698341850196 74.24663871831208 145.41586816406243 0 233 2.8329 0.0 8.181805246746432 0.0 4.0 
971 3348044.2 84.8676015657765 74.24663871831208 145.41586816406243 0 233 2.8329 0.0 8.181805246746432 0.0 4.0 
972 3348077.6 84.8676015657765 74.23307688173674 145.41586816406243 0 233 2.8329 0.0 8.181805246746432 0.0 4.0 
973 3348110.9 84.8676015657765 74.23307688173674 145.41586816406243 0 233 2.8329 0.0 8.181805246746432 0.0 4.0 
974 3348144.2 84.8676015657765 74.23307688173674 145.41586816406243 0 233 2.8329 0.0 8.181805246746432 0.0 4.0 
975 3348177.6 84.86018987291331 74.21452968479488 145.41586816406243 0 233 2.8329 0.0 8.181805246746432 0.0 4.0 
976 3348210.9 84.86018987291331 74.21452968479488 145.41586816406243 0 233 2.8329 0.0 8.181805246746432 0.0 4.0 
977 3348244.2 84.86018987291331 74.21452968479488 145.41586816406243 0 233 2.8329 0.0 8.181805246746432 0.0 4.0 
978 3348277.6 84.86018987291331 74.21452968479488 145.41586816406243 0 233 2.8329 0.0 8.181805246746432 0.0 4.0 
979 3348310.9 84.84844990213296 74.21452968479488 145.41586816406243 0 233 2.8329 0.0 8.181805246746432 0.0 4.0 
980 3348344.3 84.84844990213296 74.18832500935132 145.41586816406243 0 233 2.8329 0.0 8.181805246746432 0.0 4.0 
981 3348377.6 84.84844990213296 74.18832500935132 145.41586816406243 0 233 2.8329 0.0 8.181805246746432 0.0 4.0 
982 3348410.9 84.8405018626569 74.17702191666692 145.41586816406243 0 233 2.8329 0.0 8.181805246746432 0.0 4.0 
983 3348444.3 84.8405018626569 74.17702191666692 145.41586816406243 0 233 2.8329 0.0 8.181805246746432 0.0 4.0 
984 3348477.6 84.8405018626569 74.17702191666692 145.41586816406243 0 233 2.8329 0.0 8.181805246746432 0.0 4.0 
985 3348510.9 84.8405018626569 74.17702191666692 145.41586816406243 0 233 2.8329 0.0 8.181805246746432 0.0 4.0 
986 3348544.3 84.82735802174652 74.17702191666692 145.41586816406243 0 233 2.8329 0.0 8.181805246746432 0.0 4.0 
987 3348577.6 84.82735802174652 74.16362569711909 145.41586816406243 0 233 2.8329 0.0 8.181805246746432 0.0 4.0 
988 3348610.9 84.82735802174652 74.16362569711909 145.41586816406243 0 233 2.8329 0.0 8.181805246746432 0.0 4.0 
989 3348644.3 84.82735802174652 74.16362569711909 145.41586816406243 0 233 2.8329 0.0 8.181805246746432 0.0 4.0 
990 3348677.6 84.80935320777132 74.16362569711909 145.41586816406243 0 233 2.8329 0.0 8.181805246746432 0.0 4.0 
991 3348710.9 84.80935320777132 74.14842532089897 145.41586816406243 0 233 2.8329 0.0 8.181805246746432 0.0 4.0 
992 3348744.3 84.80935320777132 74.14842532089897 145.41586816406243 0 233 2.8329 0.0 8.181805246746432 0.0 4.0 
993 3348777.6 84.80935320777132 74.14842532089897 145.41586816406243 0 233 2.8329 0.0 8.181805246746432 0.0 4.0 
994 3348811.0 84.7844623417576 74.13362628471442 145.41586816406243 0 233 2.8329 0.0 8.181805246746432 0.0 4.0 
995 3348844.3 84.7844623417576 74.13362628471442 145.41586816406243 0 233 2.8329 0.0 8.181805246746432 0.0 4.0 
996 3348877.6 84.7844623417576 74.13362628471442 145.41586816406243 0 233 2.8329 0.0 8.181805246746432 0.0 4.0 
997 3348911.0 84.7670996963129 74.12579265409883 145.41586816406243 0 233 2.8329 0.0 8.181805246746432 0.0 4.0 
998 3348944.3 84.7670996963129 74.12579265409883 145.41586816406243 0 233 2.8329 0.0 8.181805246746432 0.0 4.0 
999 3348977.6 84.7670996963129 74.12579265409883 145.41586816406243 0 233 2.8329 0.0 8.181805246746432 0.0 4.0 
1000 3349011.0 84.7670996963129 74.12579265409883 145.41586816406243 0 233 2.8329 0.0 8.181805246746432 0.0 4.0 
1001 3349044.3 84.75898759663733 74.12579265409883 145.41586816406243 0 233 2.8329 0.0 8.181805246746432 0.0 4.0 
1002 3349077.6 84.75898759663733 74.1191514633987 145.41586816406243 0 233 2.8329 0.0 8.181805246746432 0.0 4.0 
1003 3349111.0 84.75898759663733 74.1191514633987 145.41586816406243 0 233 2.8329 0.0 8.181805246746432 0.0 4.0 
1004 3349144.3 84.74697370607055 74.1191514633987 145.41586816406243 0 233 2.8329 0.0 8.181805246746432 0.0 4.0 
1005 3349177.7 84.74697370607055 74.1085298329987 145.41586816406243 0 233 2.8329 0.0 8.181805246746432 0.0 4.0 
1006 3349211.0 84.74697370607055 74.1085298329987 145.41586816406243 0 233 2.8329 0.0 8.181805246746432 0.0 4.0 
1007 3349244.3 84.74697370607055 74.1085298329987 145.41586816406243 0 233 2.8329 0.0 8.181805246746432 0.0 4.0 
1008 3349277.7 84.73335330506116 74.10512754906775 145.41586816406243 0 233 2.8329 0.0 8.181805246746432 0.0 4.0 
1009 3349311.0 84.73335330506116 74.10512754906775 145.41586816406243 0 233 2.8329 0.0 8.181805246746432 0.0 4.0 
1010 3349344.3 84.73335330506116 74.10512754906775 145.41586816406243 0 233 2.8329 0.0 8.181805246746432 0.0 4.0 
1011 3349377.7 84.71623674172112 74.10512754906775 145.41586816406243 0 233 2.8329 0.0 8.181805246746432 0.0 4.0 
1012 3349411.0 84.71623674172112 74.10121628648234 145.41586816406243 0 233 2.8329 0.0 8.181805246746432 0.0 4.0 
1013 3349444.3 84.71623674172112 74.10121628648234 145.41586816406243 0 233 2.8329 0.0 8.181805246746432 0.0 4.0 
1014 3349477.7 84.69918286565378 74.10121628648234 145.41586816406243 0 233 2.8329 0.0 8.181805246746432 0.0 4.0 
1015 3349511.0 84.69918286565378 74.09938129486734 145.41586816406243 0 233 2.8329 0.0 8.181805246746432 0.0 4.0 
1016 3349544.3 84.69883007812496 74.09991113281247 145.36501855468742 0 233 2.8329 0.0 8.181805246746432 0.0 4.0 
1017 3349577.7 84.6824869837588 74.09991113281247 145.36501855468742 0 233 2.8329 0.0 8.181805246746432 0.0 4.0 
1018 3349611.0 84.6824869837588 74.09991113281247 145.36501855468742 0 233 2.8329 0.0 8.181805246746432 0.0 4.0 
1019 3349644.4 84.6824869837588 74.09991113281247 145.36501855468742 0 233 2.8329 0.0 8.181805246746432 0.0 4.0 
1020 3349677.7 84.66155934112092 74.09991113281247 145.36501855468742 0 233 2.8329 0.0 8.181805246746432 0.0 4.0 
1021 3349711.0 84.66155934112092 74.09736452153804 145.36501855468742 0 233 2.8329 0.0 8.181805246746432 0.0 4.0 
1022 3349744.4 84.66155934112092 74.09736452153804 145.36501855468742 0 233 2.8329 0.0 8.181805246746432 0.0 4.0 
1023 3349777.7 84.6495847362334 74.09736452153804 145.36501855468742 0 233 2.8329 0.0 8.181805246746432 0.0 4.0 
1024 3349811.0 84.6495847362334 74.09260183276685 145.36501855468742 0 233 2.8329 0.0 8.181805246746432 0.0 4.0 
1025 3349844.4 84.6495847362334 74.09260183276685 145.36501855468742 0 233 2.8329 0.0 8.181805246746432 0.0 4.0 
1026 3349877.7 84.64163262493479 74.09260183276685 145.36501855468742 0 233 2.8329 0.0 8.181805246746432 0.0 4.0 
1027 3349911.0 84.64163262493479 74.08563774268842 145.36501855468742 0 233 2.8329 0.0 8.181805246746432 0.0 4.0 
1028 3349944.4 84.64163262493479 74.08563774268842 145.36501855468742 0 233 2.8329 0.0 8.181805246746432 0.0 4.0 
1029 3349977.7 84.64163262493479 74.08563774268842 145.36501855468742 0 233 2.8329 0.0 8.181805246746432 0.0 4.0 
1030 3350011.1 84.6288178353192 74.07030460979082 145.36501855468742 0 233 2.8329 0.0 8.181805246746432 0.0 4.0 
1031 3350044.4 84.6288178353192 74.07030460979082 145.36501855468742 0 233 2.8329 0.0 8.181805246746432 0.0 4.0 
1032 3350077.7 84.6288178353192 74.07030460979082 145.36501855468742 0 233 2.8329 0.0 8.181805246746432 0.0 4.0 
1033 3350111.1 84.62290731066524 74.07030460979082 145.36501855468742 0 233 2.8329 0.0 8.181805246746432 0.0 4.0 
1034 3350144.4 84.62290731066524 74.06392441910016 145.36501855468742 0 233 2.8329 0.0 8.181805246746432 0.0 4.0 
1035 3350177.7 84.62290731066524 74.06392441910016 145.36501855468742 0 233 2.8329 0.0 8.181805246746432 0.0 4.0 
1036 3350211.1 84.62290731066524 74.06392441910016 145.36501855468742 0 233 2.8329 0.0 8.181805246746432 0.0 4.0 
1037 3350244.4 84.61860482001731 74.04696377910811 145.36501855468742 0 233 2.8329 0.0 8.181805246746432 0.0 4.0 
1038 3350277.7 84.61860482001731 74.04696377910811 145.36501855468742 0 233 2.8329 0.0 8.181805246746432 0.0 4.0 
1039 3350311.1 84.61860482001731 74.04696377910811 145.36501855468742 0 233 2.8329 0.0 8.181805246746432 0.0 4.0 
1040 3350344.4 84.61860482001731 74.04696377910811 145.36501855468742 0 233 2.8329 0.0 8.181805246746432 0.0 4.0 
1041 3350377.7 84.62043876033309 74.02339700762055 145.36501855468742 0 233 2.8329 0.0 8.181805246746432 0.0 4.0 
1042 3350411.1 84.62043876033309 74.02339700762055 145.36501855468742 0 233 2.8329 0.0 8.181805246746432 0.0 4.0 
1043 3350444.4 84.62043876033309 74.02339700762055 145.36501855468742 0 233 2.8329 0.0 8.181805246746432 0.0 4.0 
1044 3350477.8 84.62683250021155 74.02339700762055 145.36501855468742 0 233 2.8329 0.0 8.181805246746432 0.0 4.0 
1045 3350511.1 84.62683250021155 74.00641100759123 145.36501855468742 0 233 2.8329 0.0 8.181805246746432 0.0 4.0 
1046 3350544.4 84.62683250021155 74.00641100759123 145.36501855468742 0 233 2.8329 0.0 8.181805246746432 0.0 4.0 
1047 3350577.8 84.62683250021155 74.00641100759123 145.36501855468742 0 233 2.8329 0.0 8.181805246746432 0.0 4.0 
1048 3350611.1 84.64077306239808 74.00641100759123 145.36501855468742 0 233 2.8329 0.0 8.181805246746432 0.0 4.0 
1049 3350644.4 84.64077306239808 73.97902411205433 145.36501855468742 0 233 2.8329 0.0 8.181805246746432 0.0 4.0 
1050 3350677.8 84.64077306239808 73.97902411205433 145.36501855468742 0 233 2.8329 0.0 8.181805246746432 0.0 4.0 
1051 3350711.1 84.65208770919207 73.97902411205433 145.36501855468742 0 233 2.8329 0.0 8.181805246746432 0.0 4.0 
1052 3350744.4 84.65208770919207 73.96538301725036 145.36501855468742 0 233 2.8329 0.0 8.181805246746432 0.0 4.0 
1053 3350777.8 84.65208770919207 73.96538301725036 145.36501855468742 0 233 2.8329 0.0 8.181805246746432 0.0 4.0 
1054 3350811.1 84.65208770919207 73.96538301725036 145.36501855468742 0 233 2.8329 0.0 8.181805246746432 0.0 4.0 
1055 3350844.5 84.67129475624195 73.96538301725036 145.36501855468742 0 233 2.8329 0.0 8.181805246746432 0.0 4.0 
1056 3350877.8 84.67129475624195 73.94363866500491 145.36501855468742 0 233 2.8329 0.0 8.181805246746432 0.0 4.0 
1057 3350911.1 84.67129475624195 73.94363866500491 145.36501855468742 0 233 2.8329 0.0 8.181805246746432 0.0 4.0 
1058 3350944.5 84.67129475624195 73.94363866500491 145.36501855468742 0 233 2.8329 0.0 8.181805246746432 0.0 4.0 
1059 3350977.8 84.69125534996017 73.94363866500491 145.36501855468742 0 233 2.8329 0.0 8.181805246746432 0.0 4.0 
1060 3351011.1 84.69125534996017 73.9244690285043 145.36501855468742 0 233 2.8329 0.0 8.181805246746432 0.0 4.0 
1061 3351044.5 84.69125534996017 73.9244690285043 145.36501855468742 0 233 2.8329 0.0 8.181805246746432 0.0 4.0 
1062 3351077.8 84.69125534996017 73.9244690285043 145.36501855468742 0 233 2.8329 0.0 8.181805246746432 0.0 4.0 
1063 3351111.1 84.71223924134607 73.90623254367516 145.36501855468742 0 233 2.8329 0.0 8.181805246746432 0.0 4.0 
1064 3351144.5 84.71223924134607 73.90623254367516 145.36501855468742 0 233 2.8329 0.0 8.181805246746432 0.0 4.0 
1065 3351177.8 84.71223924134607 73.90623254367516 145.36501855468742 0 233 2.8329 0.0 8.181805246746432 0.0 4.0 
1066 3351211.1 84.73330420047205 73.90623254367516 145.36501855468742 0 233 2.8329 0.0 8.181805246746432 0.0 4.0 
1067 3351244.5 84.73330420047205 73.88624652130179 145.36501855468742 0 233 2.8329 0.0 8.181805246746432 0.0 4.0 
1068 3351277.8 84.73330420047205 73.88624652130179 145.36501855468742 0 233 2.8329 0.0 8.181805246746432 0.0 4.0 
1069 3351311.2 84.73330420047205 73.88624652130179 145.36501855468742 0 233 2.8329 0.0 8.181805246746432 0.0 4.0 
1070 3351344.5 84.74606737243332 73.88624652130179 145.36501855468742 0 233 2.8329 0.0 8.181805246746432 0.0 4.0 
1071 3351377.8 84.74606737243332 73.8746121987612 145.36501855468742 0 233 2.8329 0.0 8.181805246746432 0.0 4.0 
1072 3351411.2 84.74606737243332 73.8746121987612 145.36501855468742 0 233 2.8329 0.0 8.181805246746432 0.0 4.0 
1073 3351444.5 84.75719875087235 73.85550017462971 145.36501855468742 0 233 2.8329 0.0 8.181805246746432 0.0 4.0 
1074 3351477.8 84.75719875087235 73.85550017462971 145.36501855468742 0 233 2.8329 0.0 8.181805246746432 0.0 4.0 
1075 3351511.2 84.75719875087235 73.85550017462971 145.36501855468742 0 233 2.8329 0.0 8.181805246746432 0.0 4.0 
1076 3351544.5 84.75719875087235 73.85550017462971 145.36501855468742 0 233 2.8329 0.0 8.181805246746432 0.0 4.0 
1077 3351577.8 84.76575993090788 73.85550017462971 145.36501855468742 0 233 2.8329 0.0 8.181805246746432 0.0 4.0 
1078 3351611.2 84.76575993090788 73.83516671091935 145.36501855468742 0 233 2.8329 0.0 8.181805246746432 0.0 4.0 
1079 3351644.5 84.76575993090788 73.83516671091935 145.36501855468742 0 233 2.8329 0.0 8.181805246746432 0.0 4.0 
1080 3351677.9 84.76575993090788 73.83516671091935 145.36501855468742 0 233 2.8329 0.0 8.181805246746432 0.0 4.0 
1081 3351711.2 84.77124919836619 73.83516671091935 145.36501855468742 0 233 2.8329 0.0 8.181805246746432 0.0 4.0 
1082 3351744.5 84.77124919836619 73.81044911471581 145.36501855468742 0 233 2.8329 0.0 8.181805246746432 0.0 4.0 
1083 3351777.9 84.77124919836619 73.81044911471581 145.36501855468742 0 233 2.8329 0.0 8.181805246746432 0.0 4.0 
1084 3351811.2 84.77417299662547 73.79179609806626 145.36501855468742 0 233 2.8329 0.0 8.181805246746432 0.0 4.0 
1085 3351844.5 84.77417299662547 73.79179609806626 145.36501855468742 0 233 2.8329 0.0 8.181805246746432 0.0 4.0 
1086 3351877.9 84.77417299662547 73.79179609806626 145.36501855468742 0 233 2.8329 0.0 8.181805246746432 0.0 4.0 
1087 3351911.2 84.77417299662547 73.77472120060726 145.36501855468742 0 233 2.8329 0.0 8.181805246746432 0.0 4.0 
1088 3351944.5 84.77417299662547 73.77472120060726 145.36501855468742 0 233 2.8329 0.0 8.181805246746432 0.0 4.0 
1089 3351977.9 84.77417299662547 73.77472120060726 145.36501855468742 0 233 2.8329 0.0 8.181805246746432 0.0 4.0 
1090 3352011.2 84.77097060894867 73.77472120060726 145.36501855468742 0 233 2.8329 0.0 8.181805246746432 0.0 4.0 
1091 3352044.5 84.77097060894867 73.75721063492423 145.36501855468742 0 233 2.8329 0.0 8.181805246746432 0.0 4.0 
1092 3352077.9 84.77097060894867 73.75721063492423 145.36501855468742 0 233 2.8329 0.0 8.181805246746432 0.0 4.0 
1093 3352111.2 84.76310156713147 73.75721063492423 145.36501855468742 0 233 2.8329 0.0 8.181805246746432 0.0 4.0 
1094 3352144.6 84.76310156713147 73.74291802989978 145.36501855468742 0 233 2.8329 0.0 8.181805246746432 0.0 4.0 
1095 3352177.9 84.76310156713147 73.74291802989978 145.36501855468742 0 233 2.8329 0.0 8.181805246746432 0.0 4.0 
1096 3352211.2 84.75632130441294 73.73059400792489 145.36501855468742 0 233 2.8329 0.0 8.181805246746432 0.0 4.0 
1097 3352244.6 84.75632130441294 73.73059400792489 145.36501855468742 0 233 2.8329 0.0 8.181805246746432 0.0 4.0 
1098 3352277.9 84.75632130441294 73.73059400792489 145.36501855468742 0 233 2.8329 0.0 8.181805246746432 0.0 4.0 
1099 3352311.2 84.75632130441294 73.73059400792489 145.36501855468742 0 233 2.8329 0.0 8.181805246746432 0.0 4.0 
1100 3352344.6 84.74181511912411 73.73059400792489 145.36501855468742 0 233 2.8329 0.0 8.181805246746432 0.0 4.0 
1101 3352377.9 84.74181511912411 73.71287625292346 145.36501855468742 0 233 2.8329 0.0 8.181805246746432 0.0 4.0 
1102 3352411.2 84.74181511912411 73.71287625292346 145.36501855468742 0 233 2.8329 0.0 8.181805246746432 0.0 4.0 
1103 3352444.6 84.73087524878086 73.71287625292346 145.36501855468742 0 233 2.8329 0.0 8.181805246746432 0.0 4.0 
1104 3352477.9 84.73087524878086 73.69341269121597 145.36501855468742 0 233 2.8329 0.0 8.181805246746432 0.0 4.0 
1105 3352511.3 84.73087524878086 73.69341269121597 145.36501855468742 0 233 2.8329 0.0 8.181805246746432 0.0 4.0 
1106 3352544.6 84.72356515163844 73.69341269121597 145.36501855468742 0 233 2.8329 0.0 8.181805246746432 0.0 4.0 
1107 3352577.9 84.72356515163844 73.68698991618842 145.36501855468742 0 233 2.8329 0.0 8.181805246746432 0.0 4.0 
1108 3352611.3 84.72356515163844 73.68698991618842 145.36501855468742 0 233 2.8329 0.0 8.181805246746432 0.0 4.0 
1109 3352644.6 84.703410423064 73.67922940466157 145.36501855468742 0 233 2.8329 0.0 8.181805246746432 0.0 4.0 
1110 3352677.9 84.703410423064 73.67922940466157 145.36501855468742 0 233 2.8329 0.0 8.181805246746432 0.0 4.0 
1111 3352711.3 84.703410423064 73.67922940466157 145.36501855468742 0 233 2.8329 0.0 8.181805246746432 0.0 4.0 
1112 3352744.6 84.703410423064 73.67922940466157 145.36501855468742 0 233 2.8329 0.0 8.181805246746432 0.0 4.0 
1113 3352777.9 84.68057072827166 73.67922940466157 145.36501855468742 0 233 2.8329 0.0 8.181805246746432 0.0 4.0 
1114 3352811.3 84.68057072827166 73.67434328922671 145.36501855468742 0 233 2.8329 0.0 8.181805246746432 0.0 4.0 
1115 3352844.6 84.68057072827166 73.67434328922671 145.36501855468742 0 233 2.8329 0.0 8.181805246746432 0.0 4.0 
1116 3352877.9 84.68057072827166 73.67434328922671 145.36501855468742 0 233 2.8329 0.0 8.181805246746432 0.0 4.0 
1117 3352911.3 84.68057072827166 73.67434328922671 145.36501855468742 0 233 2.8329 0.0 8.181805246746432 0.0 4.0 
1118 3352944.6 84.6539485363087 73.67434328922671 145.36501855468742 0 233 2.8329 0.0 8.181805246746432 0.0 4.0 
1119 3352978.0 84.6539485363087 73.64945326574029 145.36501855468742 0 233 2.8329 0.0 8.181805246746432 0.0 4.0 
1120 3353011.3 84.6539485363087 73.64945326574029 145.36501855468742 0 233 2.8329 0.0 8.181805246746432 0.0 4.0 
1121 3353044.6 84.64140351864569 73.63702034902352 145.36501855468742 0 233 2.8329 0.0 8.181805246746432 0.0 4.0 
1122 3353078.0 84.64140351864569 73.63702034902352 145.36501855468742 0 233 2.8329 0.0 8.181805246746432 0.0 4.0 
1123 3353111.3 84.64140351864569 73.63702034902352 145.36501855468742 0 233 2.8329 0.0 8.181805246746432 0.0 4.0 
1124 3353144.6 84.6337628296502 73.6240974881396 145.36501855468742 0 233 2.8329 0.0 8.181805246746432 0.0 4.0 
1125 3353178.0 84.6337628296502 73.6240974881396 145.36501855468742 0 233 2.8329 0.0 8.181805246746432 0.0 4.0 
1126 3353211.3 84.6337628296502 73.6240974881396 145.36501855468742 0 233 2.8329 0.0 8.181805246746432 0.0 4.0 
1127 3353244.6 84.6337628296502 73.6137867083799 145.36501855468742 0 233 2.8329 0.0 8.181805246746432 0.0 4.0 
1128 3353278.0 84.6337628296502 73.6137867083799 145.36501855468742 0 233 2.8329 0.0 8.181805246746432 0.0 4.0 
1129 3353311.3 84.6337628296502 73.6137867083799 145.36501855468742 0 233 2.8329 0.0 8.181805246746432 0.0 4.0 
1130 3353344.7 84.63615645196947 73.6137867083799 145.36501855468742 0 233 2.8329 0.0 8.181805246746432 0.0 4.0 
1131 3353378.0 84.63615645196947 73.59926349902081 145.36501855468742 0 233 2.8329 0.0 8.181805246746432 0.0 4.0 
1132 3353411.3 84.63615645196947 73.59926349902081 145.36501855468742 0 233 2.8329 0.0 8.181805246746432 0.0 4.0 
1133 3353444.7 84.63615645196947 73.59926349902081 145.36501855468742 0 233 2.8329 0.0 8.181805246746432 0.0 4.0 
1134 3353478.0 84.64408411883824 73.57678182659254 145.36501855468742 0 233 2.8329 0.0 8.181805246746432 0.0 4.0 
1135 3353511.3 84.64408411883824 73.57678182659254 145.36501855468742 0 233 2.8329 0.0 8.181805246746432 0.0 4.0 
1136 3353544.7 84.64408411883824 73.57678182659254 145.36501855468742 0 233 2.8329 0.0 8.181805246746432 0.0 4.0 
1137 3353578.0 84.64408411883824 73.57678182659254 145.36501855468742 0 233 2.8329 0.0 8.181805246746432 0.0 4.0 
1138 3353611.3 84.65556591939855 73.57678182659254 145.36501855468742 0 233 2.8329 0.0 8.181805246746432 0.0 4.0 
1139 3353644.7 84.65556591939855 73.56287418474656 145.36501855468742 0 233 2.8329 0.0 8.181805246746432 0.0 4.0 
1140 3353678.0 84.65556591939855 73.56287418474656 145.36501855468742 0 233 2.8329 0.0 8.181805246746432 0.0 4.0 
1141 3353711.3 84.67501846634593 73.56287418474656 145.36501855468742 0 233 2.8329 0.0 8.181805246746432 0.0 4.0 
1142 3353744.7 84.67501846634593 73.54384980330839 145.36501855468742 0 233 2.8329 0.0 8.181805246746432 0.0 4.0 
1143 3353778.0 84.67501846634593 73.54384980330839 145.36501855468742 0 233 2.8329 0.0 8.181805246746432 0.0 4.0 
1144 3353811.4 84.67501846634593 73.54384980330839 145.36501855468742 0 233 2.8329 0.0 8.181805246746432 0.0 4.0 
1145 3353844.7 84.68826135848695 73.54384980330839 145.36501855468742 0 233 2.8329 0.0 8.181805246746432 0.0 4.0 
1146 3353878.0 84.68826135848695 73.53239131385475 145.36501855468742 0 233 2.8329 0.0 8.181805246746432 0.0 4.0 
1147 3353911.4 84.68826135848695 73.53239131385475 145.36501855468742 0 233 2.8329 0.0 8.181805246746432 0.0 4.0 
1148 3353944.7 84.68826135848695 73.53239131385475 145.36501855468742 0 233 2.8329 0.0 8.181805246746432 0.0 4.0 
1149 3353978.0 84.70637288313242 73.53239131385475 145.36501855468742 0 233 2.8329 0.0 8.181805246746432 0.0 4.0 
1150 3354011.4 84.70637288313242 73.51590443332627 145.36501855468742 0 233 2.8329 0.0 8.181805246746432 0.0 4.0 
1151 3354044.7 84.70637288313242 73.51590443332627 145.36501855468742 0 233 2.8329 0.0 8.181805246746432 0.0 4.0 
1152 3354078.0 84.70637288313242 73.51590443332627 145.36501855468742 0 233 2.8329 0.0 8.181805246746432 0.0 4.0 
1153 3354111.4 84.72537413934481 73.51590443332627 145.36501855468742 0 233 2.8329 0.0 8.181805246746432 0.0 4.0 
1154 3354144.7 84.72537413934481 73.5006857767266 145.36501855468742 0 233 2.8329 0.0 8.181805246746432 0.0 4.0 
1155 3354178.1 84.72537413934481 73.5006857767266 145.36501855468742 0 233 2.8329 0.0 8.181805246746432 0.0 4.0 
1156 3354211.4 84.7463382484651 73.48873732710051 145.36501855468742 0 233 2.8329 0.0 8.181805246746432 0.0 4.0 
1157 3354244.7 84.7463382484651 73.48873732710051 145.36501855468742 0 233 2.8329 0.0 8.181805246746432 0.0 4.0 
1158 3354278.1 84.7463382484651 73.48873732710051 145.36501855468742 0 233 2.8329 0.0 8.181805246746432 0.0 4.0 
1159 3354311.4 84.75839394017514 73.48873732710051 145.36501855468742 0 233 2.8329 0.0 8.181805246746432 0.0 4.0 
1160 3354344.7 84.75839394017514 73.48365415562029 145.36501855468742 0 233 2.8329 0.0 8.181805246746432 0.0 4.0 
1161 3354378.1 84.75839394017514 73.48365415562029 145.36501855468742 0 233 2.8329 0.0 8.181805246746432 0.0 4.0 
1162 3354411.4 84.75839394017514 73.48365415562029 145.36501855468742 0 233 2.8329 0.0 8.181805246746432 0.0 4.0 
1163 3354444.7 84.77828539299156 73.48365415562029 145.36501855468742 0 233 2.8329 0.0 8.181805246746432 0.0 4.0 
1164 3354478.1 84.77828539299156 73.47493272364689 145.36501855468742 0 233 2.8329 0.0 8.181805246746432 0.0 4.0 
1165 3354511.4 84.77828539299156 73.47493272364689 145.36501855468742 0 233 2.8329 0.0 8.181805246746432 0.0 4.0 
1166 3354544.7 84.77828539299156 73.47493272364689 145.36501855468742 0 233 2.8329 0.0 8.181805246746432 0.0 4.0 
1167 3354578.1 84.80055595754472 73.46544686441989 145.36501855468742 0 233 2.8329 0.0 8.181805246746432 0.0 4.0 
1168 3354611.4 84.80055595754472 73.46544686441989 145.36501855468742 0 233 2.8329 0.0 8.181805246746432 0.0 4.0 
1169 3354644.8 84.80055595754472 73.46544686441989 145.36501855468742 0 233 2.8329 0.0 8.181805246746432 0.0 4.0 
1170 3354678.1 84.80055595754472 73.46544686441989 145.36501855468742 0 233 2.8329 0.0 8.181805246746432 0.0 4.0 
1171 3354711.4 84.81616033973215 73.46544686441989 145.36501855468742 0 233 2.8329 0.0 8.181805246746432 0.0 4.0 
1172 3354744.8 84.81616033973215 73.45878378691154 145.36501855468742 0 233 2.8329 0.0 8.181805246746432 0.0 4.0 
1173 3354778.1 84.81616033973215 73.45878378691154 145.36501855468742 0 233 2.8329 0.0 8.181805246746432 0.0 4.0 
1174 3354811.4 84.81616033973215 73.45878378691154 145.36501855468742 0 233 2.8329 0.0 8.181805246746432 0.0 4.0 
1175 3354844.8 84.8360848852253 73.45878378691154 145.36501855468742 0 233 2.8329 0.0 8.181805246746432 0.0 4.0 
1176 3354878.1 84.8360848852253 73.44804276911682 145.36501855468742 0 233 2.8329 0.0 8.181805246746432 0.0 4.0 
1177 3354911.4 84.8360848852253 73.44804276911682 145.36501855468742 0 233 2.8329 0.0 8.181805246746432 0.0 4.0 
1178 3354944.8 84.8360848852253 73.44804276911682 145.36501855468742 0 233 2.8329 0.0 8.181805246746432 0.0 4.0 
1179 3354978.1 84.85389535171271 73.43455009804534 145.36501855468742 0 233 2.8329 0.0 8.181805246746432 0.0 4.0 
1180 3355011.5 84.85389535171271 73.43455009804534 145.36501855468742 0 233 2.8329 0.0 8.181805246746432 0.0 4.0 
1181 3355044.8 84.85389535171271 73.43455009804534 145.36501855468742 0 233 2.8329 0.0 8.181805246746432 0.0 4.0 
1182 3355078.1 84.86708934183746 73.42242591821768 145.36501855468742 0 233 2.8329 0.0 8.181805246746432 0.0 4.0 
1183 3355111.5 84.86708934183746 73.42242591821768 145.36501855468742 0 233 2.8329 0.0 8.181805246746432 0.0 4.0 
1184 3355144.8 84.86708934183746 73.42242591821768 145.36501855468742 0 233 2.8329 0.0 8.181805246746432 0.0 4.0 
1185 3355178.1 84.87395112421048 73.42242591821768 145.36501855468742 0 233 2.8329 0.0 8.181805246746432 0.0 4.0 
1186 3355211.5 84.87395112421048 73.41480297271755 145.36501855468742 0 233 2.8329 0.0 8.181805246746432 0.0 4.0 
1187 3355244.8 84.87395112421048 73.41480297271755 145.36501855468742 0 233 2.8329 0.0 8.181805246746432 0.0 4.0 
1188 3355278.1 84.87395112421048 73.41480297271755 145.36501855468742 0 233 2.8329 0.0 8.181805246746432 0.0 4.0 
1189 3355311.5 84.88426748365141 73.41480297271755 145.36501855468742 0 233 2.8329 0.0 8.181805246746432 0.0 4.0 
1190 3355344.8 84.88426748365141 73.39201162590587 145.36501855468742 0 233 2.8329 0.0 8.181805246746432 0.0 4.0 
1191 3355378.1 84.88426748365141 73.39201162590587 145.36501855468742 0 233 2.8329 0.0 8.181805246746432 0.0 4.0 
1192 3355411.5 84.88426748365141 73.39201162590587 145.36501855468742 0 233 2.8329 0.0 8.181805246746432 0.0 4.0 
1193 3355444.8 84.88810818257497 73.36888741950834 145.36501855468742 0 233 2.8329 0.0 8.181805246746432 0.0 4.0 
1194 3355478.2 84.88810818257497 73.36888741950834 145.36501855468742 0 233 2.8329 0.0 8.181805246746432 0.0 4.0 
1195 3355511.5 84.88810818257497 73.36888741950834 145.36501855468742 0 233 2.8329 0.0 8.181805246746432 0.0 4.0 
1196 3355544.8 84.89787457122218 73.36888741950834 145.36501855468742 0 233 2.8329 0.0 8.181805246746432 0.0 4.0 
1197 3355578.2 84.89787457122218 73.35313831315317 145.36501855468742 0 233 2.8329 0.0 8.181805246746432 0.0 4.0 
1198 3355611.5 84.89787457122218 73.35313831315317 145.36501855468742 0 233 2.8329 0.0 8.181805246746432 0.0 4.0 
1199 3355644.8 84.89787457122218 73.35313831315317 145.36501855468742 0 233 2.8329 0.0 8.181805246746432 0.0 4.0 
1200 3355678.2 84.89912177822505 73.35313831315317 145.36501855468742 0 233 2.8329 0.0 8.181805246746432 0.0 4.0 
1201 3355711.5 84.89912177822505 73.34513877587685 145.36501855468742 0 233 2.8329 0.0 8.181805246746432 0.0 4.0 
1202 3355744.8 84.89912177822505 73.34513877587685 145.36501855468742 0 233 2.8329 0.0 8.181805246746432 0.0 4.0 
1203 3355778.2 84.89912177822505 73.34513877587685 145.36501855468742 0 233 2.8329 0.0 8.181805246746432 0.0 4.0 
1204 3355811.5 84.89912177822505 73.32124984056051 145.36501855468742 0 233 2.8329 0.0 8.181805246746432 0.0 4.0 
1205 3355844.9 84.89912177822505 73.32124984056051 145.36501855468742 0 233 2.8329 0.0 8.181805246746432 0.0 4.0 
1206 3355878.2 84.89912177822505 73.32124984056051 145.36501855468742 0 233 2.8329 0.0 8.181805246746432 0.0 4.0 
1207 3355911.5 84.89912177822505 73.32124984056051 145.36501855468742 0 233 2.8329 0.0 8.181805246746432 0.0 4.0 
1208 3355944.9 84.89757326700428 73.32124984056051 145.36501855468742 0 233 2.8329 0.0 8.181805246746432 0.0 4.0 
1209 3355978.2 84.89757326700428 73.29989282193978 145.36501855468742 0 233 2.8329 0.0 8.181805246746432 0.0 4.0 
1210 3356011.5 84.89757326700428 73.29989282193978 145.36501855468742 0 233 2.8329 0.0 8.181805246746432 0.0 4.0 
1211 3356044.9 84.89757326700428 73.29989282193978 145.36501855468742 0 233 2.8329 0.0 8.181805246746432 0.0 4.0 
1212 3356078.2 84.88958576833289 73.29989282193978 145.36501855468742 0 233 2.8329 0.0 8.181805246746432 0.0 4.0 
1213 3356111.5 84.88958576833289 73.28179425257426 145.36501855468742 0 233 2.8329 0.0 8.181805246746432 0.0 4.0 
1214 3356144.9 84.88958576833289 73.28179425257426 145.36501855468742 0 233 2.8329 0.0 8.181805246746432 0.0 4.0 
1215 3356178.2 84.87492003064297 73.25412281564323 145.36501855468742 0 233 2.8329 0.0 8.181805246746432 0.0 4.0 
1216 3356211.5 84.87492003064297 73.25412281564323 145.36501855468742 0 233 2.8329 0.0 8.181805246746432 0.0 4.0 
1217 3356244.9 84.87492003064297 73.25412281564323 145.36501855468742 0 233 2.8329 0.0 8.181805246746432 0.0 4.0 
1218 3356278.2 84.8704270319307 73.25412281564323 145.36501855468742 0 233 2.8329 0.0 8.181805246746432 0.0 4.0 
1219 3356311.6 84.8704270319307 73.24269351798975 145.36501855468742 0 233 2.8329 0.0 8.181805246746432 0.0 4.0 
1220 3356344.9 84.8704270319307 73.24269351798975 145.36501855468742 0 233 2.8329 0.0 8.181805246746432 0.0 4.0 
1221 3356378.2 84.8704270319307 73.24269351798975 145.36501855468742 0 233 2.8329 0.0 8.181805246746432 0.0 4.0 
1222 3356411.6 84.86624551072646 73.24269351798975 145.36501855468742 0 233 2.8329 0.0 8.181805246746432 0.0 4.0 
1223 3356444.9 84.86624551072646 73.23143533114195 145.36501855468742 0 233 2.8329 0.0 8.181805246746432 0.0 4.0 
1224 3356478.2 84.86624551072646 73.23143533114195 145.36501855468742 0 233 2.8329 0.0 8.181805246746432 0.0 4.0 
1225 3356511.6 84.85813108608207 73.23143533114195 145.36501855468742 0 233 2.8329 0.0 8.181805246746432 0.0 4.0 
1226 3356544.9 84.85813108608207 73.21904882750528 145.36501855468742 0 233 2.8329 0.0 8.181805246746432 0.0 4.0 
1227 3356578.2 84.85813108608207 73.21904882750528 145.36501855468742 0 233 2.8329 0.0 8.181805246746432 0.0 4.0 
1228 3356611.6 84.85813108608207 73.21904882750528 145.36501855468742 0 233 2.8329 0.0 8.181805246746432 0.0 4.0 
1229 3356644.9 84.85161925046513 73.21499441471013 145.36501855468742 0 233 2.8329 0.0 8.181805246746432 0.0 4.0 
1230 3356678.3 84.85161925046513 73.21499441471013 145.36501855468742 0 233 2.8329 0.0 8.181805246746432 0.0 4.0 
1231 3356711.6 84.85161925046513 73.21499441471013 145.36501855468742 0 233 2.8329 0.0 8.181805246746432 0.0 4.0 
1232 3356744.9 84.8437969344347 73.21499441471013 145.36501855468742 0 233 2.8329 0.0 8.181805246746432 0.0 4.0 
1233 3356778.3 84.8437969344347 73.19671755651598 145.36501855468742 0 233 2.8329 0.0 8.181805246746432 0.0 4.0 
1234 3356811.6 84.8437969344347 73.19671755651598 145.36501855468742 0 233 2.8329 0.0 8.181805246746432 0.0 4.0 
1235 3356844.9 84.8437969344347 73.18451636194925 145.36501855468742 0 233 2.8329 0.0 8.181805246746432 0.0 4.0 
1236 3356878.3 84.8437969344347 73.18451636194925 145.36501855468742 0 233 2.8329 0.0 8.181805246746432 0.0 4.0 
1237 3356911.6 84.8437969344347 73.18451636194925 145.36501855468742 0 233 2.8329 0.0 8.181805246746432 0.0 4.0 
1238 3356944.9 84.8437969344347 73.18451636194925 145.36501855468742 0 233 2.8329 0.0 8.181805246746432 0.0 4.0 
1239 3356978.3 84.85344741313133 73.17221930778224 145.36501855468742 0 233 2.8329 0.0 8.181805246746432 0.0 4.0 
1240 3357011.6 84.85344741313133 73.17221930778224 145.36501855468742 0 233 2.8329 0.0 8.181805246746432 0.0 4.0 
1241 3357044.9 84.85344741313133 73.17221930778224 145.36501855468742 0 233 2.8329 0.0 8.181805246746432 0.0 4.0 
1242 3357078.3 84.85344741313133 73.17221930778224 145.36501855468742 0 233 2.8329 0.0 8.181805246746432 0.0 4.0 
1243 3357111.6 84.87589494986085 73.17221930778224 145.36501855468742 0 233 2.8329 0.0 8.181805246746432 0.0 4.0 
1244 3357145.0 84.87589494986085 73.15734665429265 145.36501855468742 0 233 2.8329 0.0 8.181805246746432 0.0 4.0 
1245 3357178.3 84.87589494986085 73.15734665429265 145.36501855468742 0 233 2.8329 0.0 8.181805246746432 0.0 4.0 
1246 3357211.6 84.87589494986085 73.15734665429265 145.36501855468742 0 233 2.8329 0.0 8.181805246746432 0.0 4.0 
1247 3357245.0 84.90270826018083 73.15734665429265 145.36501855468742 0 233 2.8329 0.0 8.181805246746432 0.0 4.0 
1248 3357278.3 84.90270826018083 73.1433648227566 145.36501855468742 0 233 2.8329 0.0 8.181805246746432 0.0 4.0 
1249 3357311.6 84.90270826018083 73.1433648227566 145.36501855468742 0 233 2.8329 0.0 8.181805246746432 0.0 4.0 
1250 3357345.0 84.91968696429991 73.13522257597943 145.36501855468742 0 233 2.8329 0.0 8.181805246746432 0.0 4.0 
1251 3357378.3 84.91968696429991 73.13522257597943 145.36501855468742 0 233 2.8329 0.0 8.181805246746432 0.0 4.0 
1252 3357411.6 84.91968696429991 73.13522257597943 145.36501855468742 0 233 2.8329 0.0 8.181805246746432 0.0 4.0 
1253 3357445.0 84.930049652999 73.13522257597943 145.36501855468742 0 233 2.8329 0.0 8.181805246746432 0.0 4.0 
1254 3357478.3 84.930049652999 73.13151550887619 145.36501855468742 0 233 2.8329 0.0 8.181805246746432 0.0 4.0 
1255 3357511.7 84.930049652999 73.13151550887619 145.36501855468742 0 233 2.8329 0.0 8.181805246746432 0.0 4.0 
1256 3357545.0 84.930049652999 73.13151550887619 145.36501855468742 0 233 2.8329 0.0 8.181805246746432 0.0 4.0 
1257 3357578.3 84.94718424899041 73.13151550887619 145.36501855468742 0 233 2.8329 0.0 8.181805246746432 0.0 4.0 
1258 3357611.7 84.94718424899041 73.12701687670894 145.36501855468742 0 233 2.8329 0.0 8.181805246746432 0.0 4.0 
1259 3357645.0 84.94718424899041 73.12701687670894 145.36501855468742 0 233 2.8329 0.0 8.181805246746432 0.0 4.0 
1260 3357678.3 84.94718424899041 73.12701687670894 145.36501855468742 0 233 2.8329 0.0 8.181805246746432 0.0 4.0 
1261 3357711.7 84.97324197688563 73.1204033966994 145.36501855468742 0 233 2.8329 0.0 8.181805246746432 0.0 4.0 
1262 3357745.0 84.97324197688563 73.1204033966994 145.36501855468742 0 233 2.8329 0.0 8.181805246746432 0.0 4.0 
1263 3357778.3 84.97324197688563 73.1204033966994 145.36501855468742 0 233 2.8329 0.0 8.181805246746432 0.0 4.0 
1264 3357811.7 84.98457718703428 73.11874168365493 145.36501855468742 0 233 2.8329 0.0 8.181805246746432 0.0 4.0 
1265 3357845.0 84.98457718703428 73.11874168365493 145.36501855468742 0 233 2.8329 0.0 8.181805246746432 0.0 4.0 
1266 3357878.3 84.98457718703428 73.11874168365493 145.36501855468742 0 233 2.8329 0.0 8.181805246746432 0.0 4.0 
1267 3357911.7 84.99711474129226 73.11874168365493 145.36501855468742 0 233 2.8329 0.0 8.181805246746432 0.0 4.0 
1268 3357945.0 84.99711474129226 73.11425286045586 145.36501855468742 0 233 2.8329 0.0 8.181805246746432 0.0 4.0 
1269 3357978.4 84.99711474129226 73.11425286045586 145.36501855468742 0 233 2.8329 0.0 8.181805246746432 0.0 4.0 
1270 3358011.7 84.99711474129226 73.11425286045586 145.36501855468742 0 233 2.8329 0.0 8.181805246746432 0.0 4.0 
1271 3358045.0 85.01753622401299 73.11425286045586 145.36501855468742 0 233 2.8329 0.0 8.181805246746432 0.0 4.0 
1272 3358078.4 85.01753622401299 73.10387715260472 145.36501855468742 0 233 2.8329 0.0 8.181805246746432 0.0 4.0 
1273 3358111.7 85.01753622401299 73.10387715260472 145.36501855468742 0 233 2.8329 0.0 8.181805246746432 0.0 4.0 
1274 3358145.0 85.02445609895763 73.10387715260472 145.36501855468742 0 233 2.8329 0.0 8.181805246746432 0.0 4.0 
1275 3358178.4 85.02445609895763 73.09603828124189 145.36501855468742 0 233 2.8329 0.0 8.181805246746432 0.0 4.0 
1276 3358211.7 85.02445609895763 73.09603828124189 145.36501855468742 0 233 2.8329 0.0 8.181805246746432 0.0 4.0 
1277 3358245.0 85.03726916437161 73.09603828124189 145.36501855468742 0 233 2.8329 0.0 8.181805246746432 0.0 4.0 
1278 3358278.4 85.03726916437161 73.08160716569982 145.36501855468742 0 233 2.8329 0.0 8.181805246746432 0.0 4.0 
1279 3358311.7 85.03726916437161 73.08160716569982 145.36501855468742 0 233 2.8329 0.0 8.181805246746432 0.0 4.0 
1280 3358345.1 85.03726916437161 73.08160716569982 145.36501855468742 0 233 2.8329 0.0 8.181805246746432 0.0 4.0 
1281 3358378.4 85.04403833578422 73.08160716569982 145.36501855468742 0 233 2.8329 0.0 8.181805246746432 0.0 4.0 
1282 3358411.7 85.04403833578422 73.06971925000455 145.36501855468742 0 233 2.8329 0.0 8.181805246746432 0.0 4.0 
1283 3358445.1 85.04403833578422 73.06971925000455 145.36501855468742 0 233 2.8329 0.0 8.181805246746432 0.0 4.0 
1284 3358478.4 85.05076138053774 73.05111858936183 145.36501855468742 0 233 2.8329 0.0 8.181805246746432 0.0 4.0 
1285 3358511.7 85.05076138053774 73.05111858936183 145.36501855468742 0 233 2.8329 0.0 8.181805246746432 0.0 4.0 
1286 3358545.1 85.05076138053774 73.05111858936183 145.36501855468742 0 233 2.8329 0.0 8.181805246746432 0.0 4.0 
1287 3358578.4 85.05076138053774 73.05111858936183 145.36501855468742 0 233 2.8329 0.0 8.181805246746432 0.0 4.0 
1288 3358611.7 85.0520532558836 73.03359112343009 145.36501855468742 0 233 2.8329 0.0 8.181805246746432 0.0 4.0 
1289 3358645.1 85.0520532558836 73.03359112343009 145.36501855468742 0 233 2.8329 0.0 8.181805246746432 0.0 4.0 
1290 3358678.4 85.0520532558836 73.03359112343009 145.36501855468742 0 233 2.8329 0.0 8.181805246746432 0.0 4.0 
1291 3358711.7 85.0520532558836 73.02273685381986 145.36501855468742 0 233 2.8329 0.0 8.181805246746432 0.0 4.0 
1292 3358745.1 85.0520532558836 73.02273685381986 145.36501855468742 0 233 2.8329 0.0 8.181805246746432 0.0 4.0 
1293 3358778.4 85.0520532558836 73.02273685381986 145.36501855468742 0 233 2.8329 0.0 8.181805246746432 0.0 4.0 
1294 3358811.8 85.0520532558836 73.02273685381986 145.36501855468742 0 233 2.8329 0.0 8.181805246746432 0.0 4.0 
1295 3358845.1 85.05448489110967 73.00334156995818 145.36501855468742 0 233 2.8329 0.0 8.181805246746432 0.0 4.0 
1296 3358878.4 85.05448489110967 73.00334156995818 145.36501855468742 0 233 2.8329 0.0 8.181805246746432 0.0 4.0 
1297 3358911.8 85.05448489110967 73.00334156995818 145.36501855468742 0 233 2.8329 0.0 8.181805246746432 0.0 4.0 
1298 3358945.1 85.05448489110967 72.99163661167687 145.36501855468742 0 233 2.8329 0.0 8.181805246746432 0.0 4.0 
1299 3358978.4 85.05448489110967 72.99163661167687 145.36501855468742 0 233 2.8329 0.0 8.181805246746432 0.0 4.0 
1300 3359011.8 85.05448489110967 72.99163661167687 145.36501855468742 0 233 2.8329 0.0 8.181805246746432 0.0 4.0 
1301 3359045.1 85.05098792459792 72.99163661167687 145.36501855468742 0 233 2.8329 0.0 8.181805246746432 0.0 4.0 
1302 3359078.4 85.05098792459792 72.97900144620608 145.36501855468742 0 233 2.8329 0.0 8.181805246746432 0.0 4.0 
1303 3359111.8 85.05098792459792 72.97900144620608 145.36501855468742 0 233 2.8329 0.0 8.181805246746432 0.0 4.0 
1304 3359145.1 85.05098792459792 72.97900144620608 145.36501855468742 0 233 2.8329 0.0 8.181805246746432 0.0 4.0 
1305 3359178.5 85.04342989419763 72.97900144620608 145.36501855468742 0 233 2.8329 0.0 8.181805246746432 0.0 4.0 
1306 3359211.8 85.04342989419763 72.9698553662479 145.36501855468742 0 233 2.8329 0.0 8.181805246746432 0.0 4.0 
1307 3359245.1 85.04342989419763 72.9698553662479 145.36501855468742 0 233 2.8329 0.0 8.181805246746432 0.0 4.0 
1308 3359278.5 85.04342989419763 72.9698553662479 145.36501855468742 0 233 2.8329 0.0 8.181805246746432 0.0 4.0 
1309 3359311.8 85.03263696338335 72.95739335225248 145.36501855468742 0 233 2.8329 0.0 8.181805246746432 0.0 4.0 
1310 3359345.1 85.03263696338335 72.95739335225248 145.36501855468742 0 233 2.8329 0.0 8.181805246746432 0.0 4.0 
1311 3359378.5 85.03263696338335 72.95739335225248 145.36501855468742 0 233 2.8329 0.0 8.181805246746432 0.0 4.0 
1312 3359411.8 85.03263696338335 72.95739335225248 145.36501855468742 0 233 2.8329 0.0 8.181805246746432 0.0 4.0 
1313 3359445.1 85.03263696338335 72.94173519124213 145.36501855468742 0 233 2.8329 0.0 8.181805246746432 0.0 4.0 
1314 3359478.5 85.03263696338335 72.94173519124213 145.36501855468742 0 233 2.8329 0.0 8.181805246746432 0.0 4.0 
1315 3359511.8 85.03263696338335 72.94173519124213 145.36501855468742 0 233 2.8329 0.0 8.181805246746432 0.0 4.0 
1316 3359545.1 85.03749913580798 72.94173519124213 145.36501855468742 0 233 2.8329 0.0 8.181805246746432 0.0 4.0 
1317 3359578.5 85.03749913580798 72.9457212719324 145.36501855468742 0 233 2.8329 0.0 8.181805246746432 0.0 4.0 
1318 3359611.8 85.03749913580798 72.9457212719324 145.36501855468742 0 233 2.8329 0.0 8.181805246746432 0.0 4.0 
1319 3359645.2 85.03749913580798 72.9457212719324 145.36501855468742 0 233 2.8329 0.0 8.181805246746432 0.0 4.0 
1320 3359678.5 85.05389025484239 72.96955474828549 145.36501855468742 0 233 2.8329 0.0 8.181805246746432 0.0 4.0 
1321 3359711.8 85.05389025484239 72.96955474828549 145.36501855468742 0 233 2.8329 0.0 8.181805246746432 0.0 4.0 
1322 3359745.2 85.05389025484239 72.96955474828549 145.36501855468742 0 233 2.8329 0.0 8.181805246746432 0.0 4.0 
1323 3359778.5 85.05389025484239 72.96955474828549 145.36501855468742 0 233 2.8329 0.0 8.181805246746432 0.0 4.0 
1324 3359811.8 85.07079678981917 72.96955474828549 145.36501855468742 0 233 2.8329 0.0 8.181805246746432 0.0 4.0 
1325 3359845.2 85.07079678981917 73.00532625622304 145.36501855468742 0 233 2.8329 0.0 8.181805246746432 0.0 4.0 
1326 3359878.5 85.07079678981917 73.00532625622304 145.36501855468742 0 233 2.8329 0.0 8.181805246746432 0.0 4.0 
1327 3359911.8 85.07079678981917 73.00532625622304 145.36501855468742 0 233 2.8329 0.0 8.181805246746432 0.0 4.0 
1328 3359945.2 85.07079678981917 73.00532625622304 145.36501855468742 0 233 2.8329 0.0 8.181805246746432 0.0 4.0 
1329 3359978.5 85.074283616093 73.00532625622304 145.36501855468742 0 233 2.8329 0.0 8.181805246746432 0.0 4.0 
1330 3360011.9 85.074283616093 73.04912565082 145.36501855468742 0 233 2.8329 0.0 8.181805246746432 0.0 4.0 
1331 3360045.2 85.074283616093 73.04912565082 145.36501855468742 0 233 2.8329 0.0 8.181805246746432 0.0 4.0 
1332 3360078.5 85.074283616093 73.04912565082 145.36501855468742 0 233 2.8329 0.0 8.181805246746432 0.0 4.0 
1333 3360111.9 85.074283616093 73.07994345580988 145.36501855468742 0 233 2.8329 0.0 8.181805246746432 0.0 4.0 
1334 3360145.2 85.074283616093 73.07994345580988 145.36501855468742 0 233 2.8329 0.0 8.181805246746432 0.0 4.0 
1335 3360178.5 85.074283616093 73.07994345580988 145.36501855468742 0 233 2.8329 0.0 8.181805246746432 0.0 4.0 
1336 3360211.9 85.074283616093 73.07994345580988 145.36501855468742 0 233 2.8329 0.0 8.181805246746432 0.0 4.0 
1337 3360245.2 85.05975414277013 73.07994345580988 145.36501855468742 0 233 2.8329 0.0 8.181805246746432 0.0 4.0 
1338 3360278.5 85.05975414277013 73.10638400839142 145.36501855468742 0 233 2.8329 0.0 8.181805246746432 0.0 4.0 
1339 3360311.9 85.05975414277013 73.10638400839142 145.36501855468742 0 233 2.8329 0.0 8.181805246746432 0.0 4.0 
1340 3360345.2 85.05975414277013 73.10638400839142 145.36501855468742 0 233 2.8329 0.0 8.181805246746432 0.0 4.0 
1341 3360378.5 85.04787921264517 73.10638400839142 145.36501855468742 0 233 2.8329 0.0 8.181805246746432 0.0 4.0 
1342 3360411.9 85.04787921264517 73.11098864741163 145.36501855468742 0 233 2.8329 0.0 8.181805246746432 0.0 4.0 
1343 3360445.2 85.04787921264517 73.11098864741163 145.36501855468742 0 233 2.8329 0.0 8.181805246746432 0.0 4.0 
1344 3360478.6 85.04916712367637 73.10579349274535 145.36501855468742 0 233 2.8329 0.0 8.181805246746432 0.0 4.0 
1345 3360511.9 85.04916712367637 73.10579349274535 145.36501855468742 0 233 2.8329 0.0 8.181805246746432 0.0 4.0 
1346 3360545.2 85.04916712367637 73.10579349274535 145.36501855468742 0 233 2.8329 0.0 8.181805246746432 0.0 4.0 
1347 3360578.6 85.051064782878 73.08729056162363 145.36501855468742 0 233 2.8329 0.0 8.181805246746432 0.0 4.0 
1348 3360611.9 85.051064782878 73.08729056162363 145.36501855468742 0 233 2.8329 0.0 8.181805246746432 0.0 4.0 
1349 3360645.2 85.051064782878 73.08729056162363 145.36501855468742 0 233 2.8329 0.0 8.181805246746432 0.0 4.0 
1350 3360678.6 85.051064782878 73.08729056162363 145.36501855468742 0 233 2.8329 0.0 8.181805246746432 0.0 4.0 
1351 3360711.9 85.04043660776885 73.08729056162363 145.36501855468742 0 233 2.8329 0.0 8.181805246746432 0.0 4.0 
1352 3360745.2 85.04043660776885 73.05197327904521 145.36501855468742 0 233 2.8329 0.0 8.181805246746432 0.0 4.0 
1353 3360778.6 85.04043660776885 73.05197327904521 145.36501855468742 0 233 2.8329 0.0 8.181805246746432 0.0 4.0 
1354 3360811.9 85.04043660776885 73.05197327904521 145.36501855468742 0 233 2.8329 0.0 8.181805246746432 0.0 4.0 
1355 3360845.3 85.02344525475877 73.02452524111622 145.36501855468742 0 233 2.8329 0.0 8.181805246746432 0.0 4.0 
1356 3360878.6 85.02344525475877 73.02452524111622 145.36501855468742 0 233 2.8329 0.0 8.181805246746432 0.0 4.0 
1357 3360911.9 85.02344525475877 73.02452524111622 145.36501855468742 0 233 2.8329 0.0 8.181805246746432 0.0 4.0 
1358 3360945.3 85.02344525475877 73.02452524111622 145.36501855468742 0 233 2.8329 0.0 8.181805246746432 0.0 4.0 
1359 3360978.6 85.00347652077573 72.99926334840622 145.36501855468742 0 233 2.8329 0.0 8.181805246746432 0.0 4.0 
1360 3361011.9 85.00347652077573 72.99926334840622 145.36501855468742 0 233 2.8329 0.0 8.181805246746432 0.0 4.0 
1361 3361045.3 85.00347652077573 72.99926334840622 145.36501855468742 0 233 2.8329 0.0 8.181805246746432 0.0 4.0 
1362 3361078.6 84.99352265728098 72.99926334840622 145.36501855468742 0 233 2.8329 0.0 8.181805246746432 0.0 4.0 
1363 3361111.9 84.99352265728098 72.9829127373926 145.36501855468742 0 233 2.8329 0.0 8.181805246746432 0.0 4.0 
1364 3361145.3 84.99352265728098 72.9829127373926 145.36501855468742 0 233 2.8329 0.0 8.181805246746432 0.0 4.0 
1365 3361178.6 84.99352265728098 72.9829127373926 145.36501855468742 0 233 2.8329 0.0 8.181805246746432 0.0 4.0 
1366 3361211.9 85.00950851139862 72.95813019210392 145.36501855468742 0 233 2.8329 0.0 8.181805246746432 0.0 4.0 
1367 3361245.3 85.00950851139862 72.95813019210392 145.36501855468742 0 233 2.8329 0.0 8.181805246746432 0.0 4.0 
1368 3361278.6 85.00950851139862 72.95813019210392 145.36501855468742 0 233 2.8329 0.0 8.181805246746432 0.0 4.0 
1369 3361312.0 85.02108505565181 72.9534164462176 145.36501855468742 0 233 2.8329 0.0 8.181805246746432 0.0 4.0 
1370 3361345.3 85.02108505565181 72.9534164462176 145.36501855468742 0 233 2.8329 0.0 8.181805246746432 0.0 4.0 
1371 3361378.6 85.02108505565181 72.9534164462176 145.36501855468742 0 233 2.8329 0.0 8.181805246746432 0.0 4.0 
1372 3361412.0 85.02108505565181 72.9534164462176 145.36501855468742 0 233 2.8329 0.0 8.181805246746432 0.0 4.0 
1373 3361445.3 85.02985014473116 72.9534164462176 145.36501855468742 0 233 2.8329 0.0 8.181805246746432 0.0 4.0 
1374 3361478.6 85.02985014473116 72.96060207482338 145.36501855468742 0 233 2.8329 0.0 8.181805246746432 0.0 4.0 
1375 3361512.0 85.02985014473116 72.96060207482338 145.36501855468742 0 233 2.8329 0.0 8.181805246746432 0.0 4.0 
1376 3361545.3 85.03915600377685 72.96060207482338 145.36501855468742 0 233 2.8329 0.0 8.181805246746432 0.0 4.0 
1377 3361578.6 85.03915600377685 72.97802231451573 145.36501855468742 0 233 2.8329 0.0 8.181805246746432 0.0 4.0 
1378 3361612.0 85.03915600377685 72.97802231451573 145.36501855468742 0 233 2.8329 0.0 8.181805246746432 0.0 4.0 
1379 3361645.3 85.03915600377685 72.97802231451573 145.36501855468742 0 233 2.8329 0.0 8.181805246746432 0.0 4.0 
1380 3361678.7 85.04285223731476 72.97802231451573 145.36501855468742 0 233 2.8329 0.0 8.181805246746432 0.0 4.0 
1381 3361712.0 85.04285223731476 72.99101681069844 145.36501855468742 0 233 2.8329 0.0 8.181805246746432 0.0 4.0 
1382 3361745.3 85.04285223731476 72.99101681069844 145.36501855468742 0 233 2.8329 0.0 8.181805246746432 0.0 4.0 
1383 3361778.7 85.04285223731476 72.99101681069844 145.36501855468742 0 233 2.8329 0.0 8.181805246746432 0.0 4.0 
1384 3361812.0 85.04877643444031 73.02307859519432 145.36501855468742 0 233 2.8329 0.0 8.181805246746432 0.0 4.0 
1385 3361845.3 85.04877643444031 73.02307859519432 145.36501855468742 0 233 2.8329 0.0 8.181805246746432 0.0 4.0 
1386 3361878.7 85.04877643444031 73.02307859519432 145.36501855468742 0 233 2.8329 0.0 8.181805246746432 0.0 4.0 
1387 3361912.0 85.04877643444031 73.02307859519432 145.36501855468742 0 233 2.8329 0.0 8.181805246746432 0.0 4.0 
1388 3361945.3 85.04771772204118 73.02307859519432 145.36501855468742 0 233 2.8329 0.0 8.181805246746432 0.0 4.0 
1389 3361978.7 85.04771772204118 73.06138422166684 145.36501855468742 0 233 2.8329 0.0 8.181805246746432 0.0 4.0 
1390 3362012.0 85.04771772204118 73.06138422166684 145.36501855468742 0 233 2.8329 0.0 8.181805246746432 0.0 4.0 
1391 3362045.3 85.04771772204118 73.06138422166684 145.36501855468742 0 233 2.8329 0.0 8.181805246746432 0.0 4.0 
1392 3362078.7 85.04771772204118 73.06138422166684 145.36501855468742 0 233 2.8329 0.0 8.181805246746432 0.0 4.0 
1393 3362112.0 85.03843582307407 73.06138422166684 145.36501855468742 0 233 2.8329 0.0 8.181805246746432 0.0 4.0 
1394 3362145.4 85.03843582307407 73.10322495234702 145.36501855468742 0 233 2.8329 0.0 8.181805246746432 0.0 4.0 
1395 3362178.7 85.03843582307407 73.10322495234702 145.36501855468742 0 233 2.8329 0.0 8.181805246746432 0.0 4.0 
1396 3362212.0 85.03843582307407 73.10322495234702 145.36501855468742 0 233 2.8329 0.0 8.181805246746432 0.0 4.0 
1397 3362245.4 85.03843582307407 73.10322495234702 145.36501855468742 0 233 2.8329 0.0 8.181805246746432 0.0 4.0 
1398 3362278.7 85.0153894098227 73.10322495234702 145.36501855468742 0 233 2.8329 0.0 8.181805246746432 0.0 4.0 
1399 3362312.0 85.0153894098227 73.12705163135762 145.36501855468742 0 233 2.8329 0.0 8.181805246746432 0.0 4.0 
1400 3362345.4 85.0153894098227 73.12705163135762 145.36501855468742 0 233 2.8329 0.0 8.181805246746432 0.0 4.0 
1401 3362378.7 84.99524692386986 73.13831600797297 145.36501855468742 0 233 2.8329 0.0 8.181805246746432 0.0 4.0 
1402 3362412.0 84.99524692386986 73.13831600797297 145.36501855468742 0 233 2.8329 0.0 8.181805246746432 0.0 4.0 
1403 3362445.4 84.99524692386986 73.13831600797297 145.36501855468742 0 233 2.8329 0.0 8.181805246746432 0.0 4.0 
1404 3362478.7 84.99524692386986 73.13831600797297 145.36501855468742 0 233 2.8329 0.0 8.181805246746432 0.0 4.0 
1405 3362512.1 84.97377838789436 73.14292715802648 145.36501855468742 0 233 2.8329 0.0 8.181805246746432 0.0 4.0 
1406 3362545.4 84.97377838789436 73.14292715802648 145.36501855468742 0 233 2.8329 0.0 8.181805246746432 0.0 4.0 
1407 3362578.7 84.97377838789436 73.14292715802648 145.36501855468742 0 233 2.8329 0.0 8.181805246746432 0.0 4.0 
1408 3362612.1 84.94439660038891 73.14292715802648 145.36501855468742 0 233 2.8329 0.0 8.181805246746432 0.0 4.0 
1409 3362645.4 84.94439660038891 73.14018315917079 145.36501855468742 0 233 2.8329 0.0 8.181805246746432 0.0 4.0 
1410 3362678.7 84.94439660038891 73.14018315917079 145.36501855468742 0 233 2.8329 0.0 8.181805246746432 0.0 4.0 
1411 3362712.1 84.94439660038891 73.14018315917079 145.36501855468742 0 233 2.8329 0.0 8.181805246746432 0.0 4.0 
1412 3362745.4 84.94439660038891 73.14018315917079 145.36501855468742 0 233 2.8329 0.0 8.181805246746432 0.0 4.0 
1413 3362778.7 84.90704999638652 73.13821276200102 145.36501855468742 0 233 2.8329 0.0 8.181805246746432 0.0 4.0 
1414 3362812.1 84.90704999638652 73.13821276200102 145.36501855468742 0 233 2.8329 0.0 8.181805246746432 0.0 4.0 
1415 3362845.4 84.90704999638652 73.13821276200102 145.36501855468742 0 233 2.8329 0.0 8.181805246746432 0.0 4.0 
1416 3362878.7 84.90704999638652 73.13821276200102 145.36501855468742 0 233 2.8329 0.0 8.181805246746432 0.0 4.0 
1417 3362912.1 84.90704999638652 73.13821276200102 145.36501855468742 0 233 2.8329 0.0 8.181805246746432 0.0 4.0 
1418 3362945.4 84.86580703945528 73.15064384466545 145.36501855468742 0 233 2.8329 0.0 8.181805246746432 0.0 4.0 
1419 3362978.8 84.86580703945528 73.15064384466545 145.36501855468742 0 233 2.8329 0.0 8.181805246746432 0.0 4.0 
1420 3363012.1 84.86580703945528 73.15064384466545 145.36501855468742 0 233 2.8329 0.0 8.181805246746432 0.0 4.0 
1421 3363045.4 84.86580703945528 73.15064384466545 145.36501855468742 0 233 2.8329 0.0 8.181805246746432 0.0 4.0 
1422 3363078.8 84.84386898331816 73.15064384466545 145.36501855468742 0 233 2.8329 0.0 8.181805246746432 0.0 4.0 
1423 3363112.1 84.84386898331816 73.17035714606654 145.36501855468742 0 233 2.8329 0.0 8.181805246746432 0.0 4.0 
1424 3363145.4 84.84386898331816 73.17035714606654 145.36501855468742 0 233 2.8329 0.0 8.181805246746432 0.0 4.0 
1425 3363178.8 84.84386898331816 73.17035714606654 145.36501855468742 0 233 2.8329 0.0 8.181805246746432 0.0 4.0 
1426 3363212.1 84.84687967064792 73.16922180639129 145.36501855468742 0 233 2.8329 0.0 8.181805246746432 0.0 4.0 
1427 3363245.4 84.84687967064792 73.16922180639129 145.36501855468742 0 233 2.8329 0.0 8.181805246746432 0.0 4.0 
1428 3363278.8 84.85478296480217 73.16922180639129 145.36501855468742 0 233 2.8329 0.0 8.181805246746432 0.0 4.0 
1429 3363312.1 84.85478296480217 73.16137858396024 145.36501855468742 0 233 2.8329 0.0 8.181805246746432 0.0 4.0 
1430 3363345.5 84.85478296480217 73.16137858396024 145.36501855468742 0 233 2.8329 0.0 8.181805246746432 0.0 4.0 
1431 3363378.8 84.86632756625758 73.16137858396024 145.36501855468742 0 233 2.8329 0.0 8.181805246746432 0.0 4.0 
1432 3363412.1 84.86632756625758 73.13821913262726 145.36501855468742 0 233 2.8329 0.0 8.181805246746432 0.0 4.0 
1433 3363445.5 84.86632756625758 73.13821913262726 145.36501855468742 0 233 2.8329 0.0 8.181805246746432 0.0 4.0 
1434 3363478.8 84.86632756625758 73.13821913262726 145.36501855468742 0 233 2.8329 0.0 8.181805246746432 0.0 4.0 
1435 3363512.1 84.86632756625758 73.13821913262726 145.36501855468742 0 233 2.8329 0.0 8.181805246746432 0.0 4.0 
1436 3363545.5 84.86807751040452 73.13821913262726 145.36501855468742 0 233 2.8329 0.0 8.181805246746432 0.0 4.0 
1437 3363578.8 84.86807751040452 73.12135051983465 145.36501855468742 0 233 2.8329 0.0 8.181805246746432 0.0 4.0 
1438 3363612.1 84.86807751040452 73.12135051983465 145.36501855468742 0 233 2.8329 0.0 8.181805246746432 0.0 4.0 
1439 3363645.5 84.86807751040452 73.12135051983465 145.36501855468742 0 233 2.8329 0.0 8.181805246746432 0.0 4.0 
1440 3363678.8 84.86422970338013 73.1046401763011 145.36501855468742 0 233 2.8329 0.0 8.181805246746432 0.0 4.0 
1441 3363712.1 84.86422970338013 73.1046401763011 145.36501855468742 0 233 2.8329 0.0 8.181805246746432 0.0 4.0 
1442 3363745.5 84.86422970338013 73.1046401763011 145.36501855468742 0 233 2.8329 0.0 8.181805246746432 0.0 4.0 
1443 3363778.8 84.86422970338013 73.1046401763011 145.36501855468742 0 233 2.8329 0.0 8.181805246746432 0.0 4.0 
1444 3363812.2 84.8525832066969 73.1046401763011 145.36501855468742 0 233 2.8329 0.0 8.181805246746432 0.0 4.0 
1445 3363845.5 84.8525832066969 73.09007715740411 145.36501855468742 0 233 2.8329 0.0 8.181805246746432 0.0 4.0 
1446 3363878.8 84.8525832066969 73.09007715740411 145.36501855468742 0 233 2.8329 0.0 8.181805246746432 0.0 4.0 
1447 3363912.2 84.83885439396113 73.09007715740411 145.36501855468742 0 233 2.8329 0.0 8.181805246746432 0.0 4.0 
1448 3363945.5 84.83885439396113 73.07468185975814 145.36501855468742 0 233 2.8329 0.0 8.181805246746432 0.0 4.0 
1449 3363978.8 84.83885439396113 73.07468185975814 145.36501855468742 0 233 2.8329 0.0 8.181805246746432 0.0 4.0 
1450 3364012.2 84.82950785378826 73.07468185975814 145.36501855468742 0 233 2.8329 0.0 8.181805246746432 0.0 4.0 
1451 3364045.5 84.82950785378826 73.06509196459793 145.36501855468742 0 233 2.8329 0.0 8.181805246746432 0.0 4.0 
1452 3364078.8 84.82950785378826 73.06509196459793 145.36501855468742 0 233 2.8329 0.0 8.181805246746432 0.0 4.0 
1453 3364112.2 84.82950785378826 73.06509196459793 145.36501855468742 0 233 2.8329 0.0 8.181805246746432 0.0 4.0 
1454 3364145.5 84.81518066453914 73.06509196459793 145.36501855468742 0 233 2.8329 0.0 8.181805246746432 0.0 4.0 
1455 3364178.9 84.81518066453914 73.05483794994781 145.36501855468742 0 233 2.8329 0.0 8.181805246746432 0.0 4.0 
1456 3364212.2 84.81518066453914 73.05483794994781 145.36501855468742 0 233 2.8329 0.0 8.181805246746432 0.0 4.0 
1457 3364245.5 84.80341435841832 73.05483794994781 145.36501855468742 0 233 2.8329 0.0 8.181805246746432 0.0 4.0 
1458 3364278.9 84.80341435841832 73.0441279190605 145.36501855468742 0 233 2.8329 0.0 8.181805246746432 0.0 4.0 
1459 3364312.2 84.80341435841832 73.0441279190605 145.36501855468742 0 233 2.8329 0.0 8.181805246746432 0.0 4.0 
1460 3364345.5 84.80341435841832 73.0441279190605 145.36501855468742 0 233 2.8329 0.0 8.181805246746432 0.0 4.0 
1461 3364378.9 84.79352430625855 73.03348222005576 145.36501855468742 0 233 2.8329 0.0 8.181805246746432 0.0 4.0 
1462 3364412.2 84.79352430625855 73.03348222005576 145.36501855468742 0 233 2.8329 0.0 8.181805246746432 0.0 4.0 
1463 3364445.5 84.79352430625855 73.03348222005576 145.36501855468742 0 233 2.8329 0.0 8.181805246746432 0.0 4.0 
1464 3364478.9 84.78786786264737 73.03348222005576 145.36501855468742 0 233 2.8329 0.0 8.181805246746432 0.0 4.0 
1465 3364512.2 84.78786786264737 73.02786585554075 145.36501855468742 0 233 2.8329 0.0 8.181805246746432 0.0 4.0 
1466 3364545.5 84.78786786264737 73.02786585554075 145.36501855468742 0 233 2.8329 0.0 8.181805246746432 0.0 4.0 
1467 3364578.9 84.78786786264737 73.02786585554075 145.36501855468742 0 233 2.8329 0.0 8.181805246746432 0.0 4.0 
1468 3364612.2 84.77774711334645 73.02786585554075 145.36501855468742 0 233 2.8329 0.0 8.181805246746432 0.0 4.0 
1469 3364645.6 84.77774711334645 73.01939139752058 145.36501855468742 0 233 2.8329 0.0 8.181805246746432 0.0 4.0 
1470 3364678.9 84.77774711334645 73.01939139752058 145.36501855468742 0 233 2.8329 0.0 8.181805246746432 0.0 4.0 
1471 3364712.2 84.77774711334645 73.01939139752058 145.36501855468742 0 233 2.8329 0.0 8.181805246746432 0.0 4.0 
1472 3364745.6 84.7663972877235 73.01106297591238 145.36501855468742 0 233 2.8329 0.0 8.181805246746432 0.0 4.0 
1473 3364778.9 84.7663972877235 73.01106297591238 145.36501855468742 0 233 2.8329 0.0 8.181805246746432 0.0 4.0 
1474 3364812.2 84.7663972877235 73.01106297591238 145.36501855468742 0 233 2.8329 0.0 8.181805246746432 0.0 4.0 
1475 3364845.6 84.76078661061521 73.01106297591238 145.36501855468742 0 233 2.8329 0.0 8.181805246746432 0.0 4.0 
1476 3364878.9 84.76078661061521 73.00513451915491 145.36501855468742 0 233 2.8329 0.0 8.181805246746432 0.0 4.0 
1477 3364912.2 84.76078661061521 73.00513451915491 145.36501855468742 0 233 2.8329 0.0 8.181805246746432 0.0 4.0 
1478 3364945.6 84.76078661061521 73.00513451915491 145.36501855468742 0 233 2.8329 0.0 8.181805246746432 0.0 4.0 
1479 3364978.9 84.76078661061521 73.00244433722078 145.36501855468742 0 233 2.8329 0.0 8.181805246746432 0.0 4.0 
1480 3365012.3 84.76078661061521 73.00244433722078 145.36501855468742 0 233 2.8329 0.0 8.181805246746432 0.0 4.0 
1481 3365045.6 84.76078661061521 73.00050075482615 145.36501855468742 0 233 2.8329 0.0 8.181805246746432 0.0 4.0 
1482 3365078.9 84.76078661061521 73.00050075482615 145.36501855468742 0 233 2.8329 0.0 8.181805246746432 0.0 4.0 
1483 3365112.3 84.76078661061521 73.00218171862177 145.36501855468742 0 233 2.8329 0.0 8.181805246746432 0.0 4.0 
1484 3365145.6 84.76078661061521 73.00218171862177 145.36501855468742 0 233 2.8329 0.0 8.181805246746432 0.0 4.0 
1485 3365178.9 84.76078661061521 73.00218171862177 145.36501855468742 0 233 2.8329 0.0 8.181805246746432 0.0 4.0 
1486 3365212.3 84.75857560859563 73.00218171862177 145.36501855468742 0 233 2.8329 0.0 8.181805246746432 0.0 4.0 
1487 3365245.6 84.75857560859563 73.00218171862177 145.36501855468742 0 233 2.8329 0.0 8.181805246746432 0.0 4.0 
1488 3365278.9 84.75857560859563 73.00218171862177 145.36501855468742 0 233 2.8329 0.0 8.181805246746432 0.0 4.0 
1489 3365312.3 84.75691863977967 73.00218171862177 145.36501855468742 0 233 2.8329 0.0 8.181805246746432 0.0 4.0 
1490 3365345.6 84.75691863977967 72.98839569950702 145.36501855468742 0 233 2.8329 0.0 8.181805246746432 0.0 4.0 
1491 3365378.9 84.75691863977967 72.98839569950702 145.36501855468742 0 233 2.8329 0.0 8.181805246746432 0.0 4.0 
1492 3365412.3 84.75691863977967 72.98839569950702 145.36501855468742 0 233 2.8329 0.0 8.181805246746432 0.0 4.0 
1493 3365445.6 84.75691863977967 72.96142256713826 145.36501855468742 0 233 2.8329 0.0 8.181805246746432 0.0 4.0 
1494 3365479.0 84.75691863977967 72.96142256713826 145.36501855468742 0 233 2.8329 0.0 8.181805246746432 0.0 4.0 
1495 3365512.3 84.75691863977967 72.96142256713826 145.36501855468742 0 233 2.8329 0.0 8.181805246746432 0.0 4.0 
1496 3365545.6 84.75691863977967 72.96142256713826 145.36501855468742 0 233 2.8329 0.0 8.181805246746432 0.0 4.0 
1497 3365579.0 84.75691863977967 72.94334857388012 145.36501855468742 0 233 2.8329 0.0 8.181805246746432 0.0 4.0 
1498 3365612.3 84.75691863977967 72.94334857388012 145.36501855468742 0 233 2.8329 0.0 8.181805246746432 0.0 4.0 
1499 3365645.6 84.75691863977967 72.94334857388012 145.36501855468742 0 233 2.8329 0.0 8.181805246746432 0.0 4.0 
1500 3365679.0 84.75691863977967 72.94334857388012 145.36501855468742 0 233 2.8329 0.0 8.181805246746432 0.0 4.0 
1501 3365712.3 84.7591335541726 72.93324591969952 145.36501855468742 0 233 2.8329 0.0 8.181805246746432 0.0 4.0 
1502 3365745.6 84.7591335541726 72.93324591969952 145.36501855468742 0 233 2.8329 0.0 8.181805246746432 0.0 4.0 
1503 3365779.0 84.7591335541726 72.93324591969952 145.36501855468742 0 233 2.8329 0.0 8.181805246746432 0.0 4.0 
1504 3365812.3 84.7591335541726 72.93324591969952 145.36501855468742 0 233 2.8329 0.0 8.181805246746432 0.0 4.0 
1505 3365845.7 84.76717083013493 72.93324591969952 145.36501855468742 0 233 2.8329 0.0 8.181805246746432 0.0 4.0 
1506 3365879.0 84.76717083013493 72.92289057128498 145.36501855468742 0 233 2.8329 0.0 8.181805246746432 0.0 4.0 
1507 3365912.3 84.76717083013493 72.92289057128498 145.36501855468742 0 233 2.8329 0.0 8.181805246746432 0.0 4.0 
1508 3365945.7 84.77590886541174 72.91598895709863 145.36501855468742 0 233 2.8329 0.0 8.181805246746432 0.0 4.0 
1509 3365979.0 84.77590886541174 72.91598895709863 145.36501855468742 0 233 2.8329 0.0 8.181805246746432 0.0 4.0 
1510 3366012.3 84.77590886541174 72.91598895709863 145.36501855468742 0 233 2.8329 0.0 8.181805246746432 0.0 4.0 
1511 3366045.7 84.77590886541174 72.91598895709863 145.36501855468742 0 233 2.8329 0.0 8.181805246746432 0.0 4.0 
1512 3366079.0 84.79123626653413 72.90663542701878 145.36501855468742 0 233 2.8329 0.0 8.181805246746432 0.0 4.0 
1513 3366112.3 84.79123626653413 72.90663542701878 145.36501855468742 0 233 2.8329 0.0 8.181805246746432 0.0 4.0 
1514 3366145.7 84.79123626653413 72.90663542701878 145.36501855468742 0 233 2.8329 0.0 8.181805246746432 0.0 4.0 
1515 3366179.0 84.80444805530355 72.90663542701878 145.36501855468742 0 233 2.8329 0.0 8.181805246746432 0.0 4.0 
1516 3366212.3 84.80444805530355 72.89595787513406 145.36501855468742 0 233 2.8329 0.0 8.181805246746432 0.0 4.0 
1517 3366245.7 84.80444805530355 72.89595787513406 145.36501855468742 0 233 2.8329 0.0 8.181805246746432 0.0 4.0 
1518 3366279.0 84.8143314264266 72.89595787513406 145.36501855468742 0 233 2.8329 0.0 8.181805246746432 0.0 4.0 
1519 3366312.4 84.8143314264266 72.88584737918654 145.36501855468742 0 233 2.8329 0.0 8.181805246746432 0.0 4.0 
1520 3366345.7 84.8143314264266 72.88584737918654 145.36501855468742 0 233 2.8329 0.0 8.181805246746432 0.0 4.0 
1521 3366379.0 84.82189256221099 72.88584737918654 145.36501855468742 0 233 2.8329 0.0 8.181805246746432 0.0 4.0 
1522 3366412.4 84.82189256221099 72.87927288416647 145.36501855468742 0 233 2.8329 0.0 8.181805246746432 0.0 4.0 
1523 3366445.7 84.82189256221099 72.87927288416647 145.36501855468742 0 233 2.8329 0.0 8.181805246746432 0.0 4.0 
1524 3366479.0 84.82189256221099 72.87927288416647 145.36501855468742 0 233 2.8329 0.0 8.181805246746432 0.0 4.0 
1525 3366512.4 84.82875863008417 72.87927288416647 145.36501855468742 0 233 2.8329 0.0 8.181805246746432 0.0 4.0 
1526 3366545.7 84.82875863008417 72.87287122892648 145.36501855468742 0 233 2.8329 0.0 8.181805246746432 0.0 4.0 
1527 3366579.0 84.82875863008417 72.87287122892648 145.36501855468742 0 233 2.8329 0.0 8.181805246746432 0.0 4.0 
1528 3366612.4 84.82875863008417 72.87287122892648 145.36501855468742 0 233 2.8329 0.0 8.181805246746432 0.0 4.0 
1529 3366645.7 84.84252368738875 72.87287122892648 145.36501855468742 0 233 2.8329 0.0 8.181805246746432 0.0 4.0 
1530 3366679.1 84.84252368738875 72.86209031376345 145.36501855468742 0 233 2.8329 0.0 8.181805246746432 0.0 4.0 
1531 3366712.4 84.84252368738875 72.86209031376345 145.36501855468742 0 233 2.8329 0.0 8.181805246746432 0.0 4.0 
1532 3366745.7 84.84252368738875 72.86209031376345 145.36501855468742 0 233 2.8329 0.0 8.181805246746432 0.0 4.0 
1533 3366779.1 84.85795524971226 72.8465441183588 145.36501855468742 0 233 2.8329 0.0 8.181805246746432 0.0 4.0 
1534 3366812.4 84.85795524971226 72.8465441183588 145.36501855468742 0 233 2.8329 0.0 8.181805246746432 0.0 4.0 
1535 3366845.7 84.85795524971226 72.8465441183588 145.36501855468742 0 233 2.8329 0.0 8.181805246746432 0.0 4.0 
1536 3366879.1 84.86840864998987 72.83433804775225 145.36501855468742 0 233 2.8329 0.0 8.181805246746432 0.0 4.0 
1537 3366912.4 84.86840864998987 72.83433804775225 145.36501855468742 0 233 2.8329 0.0 8.181805246746432 0.0 4.0 
1538 3366945.7 84.86840864998987 72.83433804775225 145.36501855468742 0 233 2.8329 0.0 8.181805246746432 0.0 4.0 
1539 3366979.1 84.87233131794818 72.83433804775225 145.36501855468742 0 233 2.8329 0.0 8.181805246746432 0.0 4.0 
1540 3367012.4 84.87233131794818 72.83056288636135 145.36501855468742 0 233 2.8329 0.0 8.181805246746432 0.0 4.0 
1541 3367045.7 84.87233131794818 72.83056288636135 145.36501855468742 0 233 2.8329 0.0 8.181805246746432 0.0 4.0 
1542 3367079.1 84.8767108460115 72.83056288636135 145.36501855468742 0 233 2.8329 0.0 8.181805246746432 0.0 4.0 
1543 3367112.4 84.8767108460115 72.81516917688714 145.36501855468742 0 233 2.8329 0.0 8.181805246746432 0.0 4.0 
1544 3367145.8 84.8767108460115 72.81516917688714 145.36501855468742 0 233 2.8329 0.0 8.181805246746432 0.0 4.0 
1545 3367179.1 84.87949906321616 72.80359891669247 145.36501855468742 0 233 2.8329 0.0 8.181805246746432 0.0 4.0 
1546 3367212.4 84.87949906321616 72.80359891669247 145.36501855468742 0 233 2.8329 0.0 8.181805246746432 0.0 4.0 
1547 3367245.8 84.87949906321616 72.80359891669247 145.36501855468742 0 233 2.8329 0.0 8.181805246746432 0.0 4.0 
1548 3367279.1 84.87949906321616 72.80359891669247 145.36501855468742 0 233 2.8329 0.0 8.181805246746432 0.0 4.0 
1549 3367312.4 84.88143795144457 72.80359891669247 145.36501855468742 0 233 2.8329 0.0 8.181805246746432 0.0 4.0 
1550 3367345.8 84.88143795144457 72.79301467703927 145.36501855468742 0 233 2.8329 0.0 8.181805246746432 0.0 4.0 
1551 3367379.1 84.88143795144457 72.79301467703927 145.36501855468742 0 233 2.8329 0.0 8.181805246746432 0.0 4.0 
1552 3367412.4 84.87849265643223 72.79301467703927 145.36501855468742 0 233 2.8329 0.0 8.181805246746432 0.0 4.0 
1553 3367445.8 84.87849265643223 72.77922646146153 145.36501855468742 0 233 2.8329 0.0 8.181805246746432 0.0 4.0 
1554 3367479.1 84.87849265643223 72.77922646146153 145.36501855468742 0 233 2.8329 0.0 8.181805246746432 0.0 4.0 
1555 3367512.5 84.87085923163919 72.77922646146153 145.36501855468742 0 233 2.8329 0.0 8.181805246746432 0.0 4.0 
1556 3367545.8 84.87085923163919 72.76946918216439 145.36501855468742 0 233 2.8329 0.0 8.181805246746432 0.0 4.0 
1557 3367579.1 84.87085923163919 72.76946918216439 145.36501855468742 0 233 2.8329 0.0 8.181805246746432 0.0 4.0 
1558 3367612.5 84.86505098965168 72.76946918216439 145.36501855468742 0 233 2.8329 0.0 8.181805246746432 0.0 4.0 
1559 3367645.8 84.86505098965168 72.76056375542655 145.36501855468742 0 233 2.8329 0.0 8.181805246746432 0.0 4.0 
1560 3367679.1 84.86505098965168 72.76056375542655 145.36501855468742 0 233 2.8329 0.0 8.181805246746432 0.0 4.0 
1561 3367712.5 84.85521393671658 72.75037698572501 145.36501855468742 0 233 2.8329 0.0 8.181805246746432 0.0 4.0 
1562 3367745.8 84.85521393671658 72.75037698572501 145.36501855468742 0 233 2.8329 0.0 8.181805246746432 0.0 4.0 
1563 3367779.1 84.85521393671658 72.75037698572501 145.36501855468742 0 233 2.8329 0.0 8.181805246746432 0.0 4.0 
1564 3367812.5 84.85521393671658 72.75037698572501 145.36501855468742 0 233 2.8329 0.0 8.181805246746432 0.0 4.0 
1565 3367845.8 84.84936139301912 72.73192425373722 145.36501855468742 0 233 2.8329 0.0 8.181805246746432 0.0 4.0 
1566 3367879.1 84.84936139301912 72.73192425373722 145.36501855468742 0 233 2.8329 0.0 8.181805246746432 0.0 4.0 
1567 3367912.5 84.84936139301912 72.73192425373722 145.36501855468742 0 233 2.8329 0.0 8.181805246746432 0.0 4.0 
1568 3367945.8 84.84936139301912 72.73192425373722 145.36501855468742 0 233 2.8329 0.0 8.181805246746432 0.0 4.0 
1569 3367979.2 84.84476196888869 72.73192425373722 145.36501855468742 0 233 2.8329 0.0 8.181805246746432 0.0 4.0 
1570 3368012.5 84.84476196888869 72.72690450959823 145.36501855468742 0 233 2.8329 0.0 8.181805246746432 0.0 4.0 
1571 3368045.8 84.84476196888869 72.72690450959823 145.36501855468742 0 233 2.8329 0.0 8.181805246746432 0.0 4.0 
1572 3368079.2 84.84476196888869 72.72690450959823 145.36501855468742 0 233 2.8329 0.0 8.181805246746432 0.0 4.0 
1573 3368112.5 84.82918940682393 72.71779955355642 145.36501855468742 0 233 2.8329 0.0 8.181805246746432 0.0 4.0 
1574 3368145.8 84.82918940682393 72.71779955355642 145.36501855468742 0 233 2.8329 0.0 8.181805246746432 0.0 4.0 
1575 3368179.2 84.82918940682393 72.71779955355642 145.36501855468742 0 233 2.8329 0.0 8.181805246746432 0.0 4.0 
1576 3368212.5 84.81353158369078 72.71323478915296 145.36501855468742 0 233 2.8329 0.0 8.181805246746432 0.0 4.0 
1577 3368245.8 84.81353158369078 72.71323478915296 145.36501855468742 0 233 2.8329 0.0 8.181805246746432 0.0 4.0 
1578 3368279.2 84.81353158369078 72.71323478915296 145.36501855468742 0 233 2.8329 0.0 8.181805246746432 0.0 4.0 
1579 3368312.5 84.80045861893936 72.71323478915296 145.36501855468742 0 233 2.8329 0.0 8.181805246746432 0.0 4.0 
1580 3368345.9 84.80045861893936 72.71065890867327 145.36501855468742 0 233 2.8329 0.0 8.181805246746432 0.0 4.0 
1581 3368379.2 84.80045861893936 72.71065890867327 145.36501855468742 0 233 2.8329 0.0 8.181805246746432 0.0 4.0 
1582 3368412.5 84.80045861893936 72.71065890867327 145.36501855468742 0 233 2.8329 0.0 8.181805246746432 0.0 4.0 
1583 3368445.9 84.78069383746616 72.71065890867327 145.36501855468742 0 233 2.8329 0.0 8.181805246746432 0.0 4.0 
1584 3368479.2 84.78069383746616 72.69885168937908 145.36501855468742 0 233 2.8329 0.0 8.181805246746432 0.0 4.0 
1585 3368512.5 84.78069383746616 72.69885168937908 145.36501855468742 0 233 2.8329 0.0 8.181805246746432 0.0 4.0 
1586 3368545.9 84.78069383746616 72.69885168937908 145.36501855468742 0 233 2.8329 0.0 8.181805246746432 0.0 4.0 
1587 3368579.2 84.76818164978911 72.69885168937908 145.36501855468742 0 233 2.8329 0.0 8.181805246746432 0.0 4.0 
1588 3368612.5 84.76818164978911 72.68798617088181 145.36501855468742 0 233 2.8329 0.0 8.181805246746432 0.0 4.0 
1589 3368645.9 84.76818164978911 72.68798617088181 145.36501855468742 0 233 2.8329 0.0 8.181805246746432 0.0 4.0 
1590 3368679.2 84.75508736158898 72.68798617088181 145.36501855468742 0 233 2.8329 0.0 8.181805246746432 0.0 4.0 
1591 3368712.5 84.75508736158898 72.67718518720282 145.36501855468742 0 233 2.8329 0.0 8.181805246746432 0.0 4.0 
1592 3368745.9 84.75508736158898 72.67718518720282 145.36501855468742 0 233 2.8329 0.0 8.181805246746432 0.0 4.0 
1593 3368779.2 84.7454061218961 72.67718518720282 145.36501855468742 0 233 2.8329 0.0 8.181805246746432 0.0 4.0 
1594 3368812.6 84.7454061218961 72.66633064500107 145.36501855468742 0 233 2.8329 0.0 8.181805246746432 0.0 4.0 
1595 3368845.9 84.7454061218961 72.66633064500107 145.36501855468742 0 233 2.8329 0.0 8.181805246746432 0.0 4.0 
1596 3368879.2 84.74126520956985 72.65142853750567 145.36501855468742 0 233 2.8329 0.0 8.181805246746432 0.0 4.0 
1597 3368912.6 84.74126520956985 72.65142853750567 145.36501855468742 0 233 2.8329 0.0 8.181805246746432 0.0 4.0 
1598 3368945.9 84.74126520956985 72.65142853750567 145.36501855468742 0 233 2.8329 0.0 8.181805246746432 0.0 4.0 
1599 3368979.2 84.74126520956985 72.65142853750567 145.36501855468742 0 233 2.8329 0.0 8.181805246746432 0.0 4.0 
1600 3369012.6 84.73988424246998 72.65142853750567 145.36501855468742 0 233 2.8329 0.0 8.181805246746432 0.0 4.0 
1601 3369045.9 84.73988424246998 72.64215793880071 145.36501855468742 0 233 2.8329 0.0 8.181805246746432 0.0 4.0 
1602 3369079.2 84.73988424246998 72.64215793880071 145.36501855468742 0 233 2.8329 0.0 8.181805246746432 0.0 4.0 
1603 3369112.6 84.73988424246998 72.64215793880071 145.36501855468742 0 233 2.8329 0.0 8.181805246746432 0.0 4.0 
1604 3369145.9 84.74274562260844 72.64215793880071 145.36501855468742 0 233 2.8329 0.0 8.181805246746432 0.0 4.0 
1605 3369179.3 84.74274562260844 72.62997077823252 145.36501855468742 0 233 2.8329 0.0 8.181805246746432 0.0 4.0 
1606 3369212.6 84.74274562260844 72.62997077823252 145.36501855468742 0 233 2.8329 0.0 8.181805246746432 0.0 4.0 
1607 3369245.9 84.74274562260844 72.62997077823252 145.36501855468742 0 233 2.8329 0.0 8.181805246746432 0.0 4.0 
1608 3369279.3 84.75918308818089 72.6128127131451 145.36501855468742 0 233 2.8329 0.0 8.181805246746432 0.0 4.0 
1609 3369312.6 84.75918308818089 72.6128127131451 145.36501855468742 0 233 2.8329 0.0 8.181805246746432 0.0 4.0 
1610 3369345.9 84.75918308818089 72.6128127131451 145.36501855468742 0 233 2.8329 0.0 8.181805246746432 0.0 4.0 
1611 3369379.3 84.75918308818089 72.6128127131451 145.36501855468742 0 233 2.8329 0.0 8.181805246746432 0.0 4.0 
1612 3369412.6 84.77815577117777 72.6128127131451 145.36501855468742 0 233 2.8329 0.0 8.181805246746432 0.0 4.0 
1613 3369445.9 84.77815577117777 72.59446213689648 145.36501855468742 0 233 2.8329 0.0 8.181805246746432 0.0 4.0 
1614 3369479.3 84.77815577117777 72.59446213689648 145.36501855468742 0 233 2.8329 0.0 8.181805246746432 0.0 4.0 
1615 3369512.6 84.78957293503821 72.59446213689648 145.36501855468742 0 233 2.8329 0.0 8.181805246746432 0.0 4.0 
1616 3369545.9 84.78957293503821 72.58078313188864 145.36501855468742 0 233 2.8329 0.0 8.181805246746432 0.0 4.0 
1617 3369579.3 84.78957293503821 72.58078313188864 145.36501855468742 0 233 2.8329 0.0 8.181805246746432 0.0 4.0 
1618 3369612.6 84.78957293503821 72.58078313188864 145.36501855468742 0 233 2.8329 0.0 8.181805246746432 0.0 4.0 
1619 3369646.0 84.79761463575655 72.57328273203932 145.36501855468742 0 233 2.8329 0.0 8.181805246746432 0.0 4.0 
1620 3369679.3 84.79761463575655 72.57328273203932 145.36501855468742 0 233 2.8329 0.0 8.181805246746432 0.0 4.0 
1621 3369712.6 84.79761463575655 72.57328273203932 145.36501855468742 0 233 2.8329 0.0 8.181805246746432 0.0 4.0 
1622 3369746.0 84.80989466935392 72.56340087485555 145.36501855468742 0 233 2.8329 0.0 8.181805246746432 0.0 4.0 
1623 3369779.3 84.80989466935392 72.56340087485555 145.36501855468742 0 233 2.8329 0.0 8.181805246746432 0.0 4.0 
1624 3369812.6 84.80989466935392 72.56340087485555 145.36501855468742 0 233 2.8329 0.0 8.181805246746432 0.0 4.0 
1625 3369846.0 84.80989466935392 72.56340087485555 145.36501855468742 0 233 2.8329 0.0 8.181805246746432 0.0 4.0 
1626 3369879.3 84.82027465223823 72.56340087485555 145.36501855468742 0 233 2.8329 0.0 8.181805246746432 0.0 4.0 
1627 3369912.6 84.82027465223823 72.557457237283 145.36501855468742 0 233 2.8329 0.0 8.181805246746432 0.0 4.0 
1628 3369946.0 84.82027465223823 72.557457237283 145.36501855468742 0 233 2.8329 0.0 8.181805246746432 0.0 4.0 
1629 3369979.3 84.82027465223823 72.557457237283 145.36501855468742 0 233 2.8329 0.0 8.181805246746432 0.0 4.0 
1630 3370012.7 84.83221470639687 72.557457237283 145.36501855468742 0 233 2.8329 0.0 8.181805246746432 0.0 4.0 
1631 3370046.0 84.83221470639687 72.54946518042186 145.36501855468742 0 233 2.8329 0.0 8.181805246746432 0.0 4.0 
1632 3370079.3 84.83221470639687 72.54946518042186 145.36501855468742 0 233 2.8329 0.0 8.181805246746432 0.0 4.0 
1633 3370112.7 84.83221470639687 72.54946518042186 145.36501855468742 0 233 2.8329 0.0 8.181805246746432 0.0 4.0 
1634 3370146.0 84.85894592014343 72.53393543779181 145.36501855468742 0 233 2.8329 0.0 8.181805246746432 0.0 4.0 
1635 3370179.3 84.85894592014343 72.53393543779181 145.36501855468742 0 233 2.8329 0.0 8.181805246746432 0.0 4.0 
1636 3370212.7 84.85894592014343 72.53393543779181 145.36501855468742 0 233 2.8329 0.0 8.181805246746432 0.0 4.0 
1637 3370246.0 84.85894592014343 72.53393543779181 145.36501855468742 0 233 2.8329 0.0 8.181805246746432 0.0 4.0 
1638 3370279.3 84.87430863436012 72.53393543779181 145.36501855468742 0 233 2.8329 0.0 8.181805246746432 0.0 4.0 
1639 3370312.7 84.87430863436012 72.5214124043749 145.36501855468742 0 233 2.8329 0.0 8.181805246746432 0.0 4.0 
1640 3370346.0 84.87430863436012 72.5214124043749 145.36501855468742 0 233 2.8329 0.0 8.181805246746432 0.0 4.0 
1641 3370379.3 84.87430863436012 72.5214124043749 145.36501855468742 0 233 2.8329 0.0 8.181805246746432 0.0 4.0 
1642 3370412.7 84.88677935680285 72.5214124043749 145.36501855468742 0 233 2.8329 0.0 8.181805246746432 0.0 4.0 
1643 3370446.0 84.88677935680285 72.50697439617191 145.36501855468742 0 233 2.8329 0.0 8.181805246746432 0.0 4.0 
1644 3370479.4 84.88677935680285 72.50697439617191 145.36501855468742 0 233 2.8329 0.0 8.181805246746432 0.0 4.0 
1645 3370512.7 84.89252551863068 72.49899975706965 145.36501855468742 0 233 2.8329 0.0 8.181805246746432 0.0 4.0 
1646 3370546.0 84.89252551863068 72.49899975706965 145.36501855468742 0 233 2.8329 0.0 8.181805246746432 0.0 4.0 
1647 3370579.4 84.89252551863068 72.49899975706965 145.36501855468742 0 233 2.8329 0.0 8.181805246746432 0.0 4.0 
1648 3370612.7 84.89252551863068 72.49899975706965 145.36501855468742 0 233 2.8329 0.0 8.181805246746432 0.0 4.0 
1649 3370646.0 84.89775808599164 72.49899975706965 145.36501855468742 0 233 2.8329 0.0 8.181805246746432 0.0 4.0 
1650 3370679.4 84.89775808599164 72.49899975706965 145.36501855468742 0 233 2.8329 0.0 8.181805246746432 0.0 4.0 
1651 3370712.7 84.89775808599164 72.49899975706965 145.36501855468742 0 233 2.8329 0.0 8.181805246746432 0.0 4.0 
1652 3370746.0 84.9028375895856 72.49899975706965 145.36501855468742 0 233 2.8329 0.0 8.181805246746432 0.0 4.0 
1653 3370779.4 84.9028375895856 72.49345835634493 145.36501855468742 0 233 2.8329 0.0 8.181805246746432 0.0 4.0 
1654 3370812.7 84.9028375895856 72.49345835634493 145.36501855468742 0 233 2.8329 0.0 8.181805246746432 0.0 4.0 
1655 3370846.1 84.9028375895856 72.49345835634493 145.36501855468742 0 233 2.8329 0.0 8.181805246746432 0.0 4.0 
1656 3370879.4 84.90864373467666 72.47929070855511 145.36501855468742 0 233 2.8329 0.0 8.181805246746432 0.0 4.0 
1657 3370912.7 84.90864373467666 72.47929070855511 145.36501855468742 0 233 2.8329 0.0 8.181805246746432 0.0 4.0 
1658 3370946.1 84.90864373467666 72.47929070855511 145.36501855468742 0 233 2.8329 0.0 8.181805246746432 0.0 4.0 
1659 3370979.4 84.91296891913343 72.47929070855511 145.36501855468742 0 233 2.8329 0.0 8.181805246746432 0.0 4.0 
1660 3371012.7 84.91296891913343 72.4708158340934 145.36501855468742 0 233 2.8329 0.0 8.181805246746432 0.0 4.0 
1661 3371046.1 84.91296891913343 72.4708158340934 145.36501855468742 0 233 2.8329 0.0 8.181805246746432 0.0 4.0 
1662 3371079.4 84.91296891913343 72.4708158340934 145.36501855468742 0 233 2.8329 0.0 8.181805246746432 0.0 4.0 
1663 3371112.7 84.91582819034093 72.4708158340934 145.36501855468742 0 233 2.8329 0.0 8.181805246746432 0.0 4.0 
1664 3371146.1 84.91582819034093 72.47481554274923 145.36501855468742 0 233 2.8329 0.0 8.181805246746432 0.0 4.0 
1665 3371179.4 84.91582819034093 72.47481554274923 145.36501855468742 0 233 2.8329 0.0 8.181805246746432 0.0 4.0 
1666 3371212.7 84.91582819034093 72.47481554274923 145.36501855468742 0 233 2.8329 0.0 8.181805246746432 0.0 4.0 
1667 3371246.1 84.9031186325684 72.49972048644997 145.36501855468742 0 233 2.8329 0.0 8.181805246746432 0.0 4.0 
1668 3371279.4 84.9031186325684 72.49972048644997 145.36501855468742 0 233 2.8329 0.0 8.181805246746432 0.0 4.0 
1669 3371312.8 84.9031186325684 72.49972048644997 145.36501855468742 0 233 2.8329 0.0 8.181805246746432 0.0 4.0 
1670 3371346.1 84.87471780533112 72.52823038485167 145.36501855468742 0 233 2.8329 0.0 8.181805246746432 0.0 4.0 
1671 3371379.4 84.87471780533112 72.52823038485167 145.36501855468742 0 233 2.8329 0.0 8.181805246746432 0.0 4.0 
1672 3371412.8 84.87471780533112 72.52823038485167 145.36501855468742 0 233 2.8329 0.0 8.181805246746432 0.0 4.0 
1673 3371446.1 84.835908790434 72.52823038485167 145.36501855468742 0 233 2.8329 0.0 8.181805246746432 0.0 4.0 
1674 3371479.4 84.835908790434 72.54413241146031 145.36501855468742 0 233 2.8329 0.0 8.181805246746432 0.0 4.0 
1675 3371512.8 84.835908790434 72.54413241146031 145.36501855468742 0 233 2.8329 0.0 8.181805246746432 0.0 4.0 
1676 3371546.1 84.835908790434 72.54413241146031 145.36501855468742 0 233 2.8329 0.0 8.181805246746432 0.0 4.0 
1677 3371579.4 84.835908790434 72.54413241146031 145.36501855468742 0 233 2.8329 0.0 8.181805246746432 0.0 4.0 
1678 3371612.8 84.78995691911169 72.54413241146031 145.36501855468742 0 233 2.8329 0.0 8.181805246746432 0.0 4.0 
1679 3371646.1 84.78995691911169 72.56890689961787 145.36501855468742 0 233 2.8329 0.0 8.181805246746432 0.0 4.0 
1680 3371679.5 84.78995691911169 72.56890689961787 145.36501855468742 0 233 2.8329 0.0 8.181805246746432 0.0 4.0 
1681 3371712.8 84.78995691911169 72.56890689961787 145.36501855468742 0 233 2.8329 0.0 8.181805246746432 0.0 4.0 
1682 3371746.1 84.78995691911169 72.56890689961787 145.36501855468742 0 233 2.8329 0.0 8.181805246746432 0.0 4.0 
1683 3371779.5 84.75700178600708 72.56890689961787 145.36501855468742 0 233 2.8329 0.0 8.181805246746432 0.0 4.0 
1684 3371812.8 84.75700178600708 72.60267368086153 145.36501855468742 0 233 2.8329 0.0 8.181805246746432 0.0 4.0 
1685 3371846.1 84.75700178600708 72.60267368086153 145.36501855468742 0 233 2.8329 0.0 8.181805246746432 0.0 4.0 
1686 3371879.5 84.75700178600708 72.60267368086153 145.36501855468742 0 233 2.8329 0.0 8.181805246746432 0.0 4.0 
1687 3371912.8 84.75700178600708 72.60267368086153 145.36501855468742 0 233 2.8329 0.0 8.181805246746432 0.0 4.0 
1688 3371946.1 84.7372735476117 72.60267368086153 145.36501855468742 0 233 2.8329 0.0 8.181805246746432 0.0 4.0 
1689 3371979.5 84.7372735476117 72.64472894718125 145.36501855468742 0 233 2.8329 0.0 8.181805246746432 0.0 4.0 
1690 3372012.8 84.7372735476117 72.64472894718125 145.36501855468742 0 233 2.8329 0.0 8.181805246746432 0.0 4.0 
1691 3372046.1 84.7372735476117 72.64472894718125 145.36501855468742 0 233 2.8329 0.0 8.181805246746432 0.0 4.0 
1692 3372079.5 84.74364878355425 72.68483091500124 145.36501855468742 0 233 2.8329 0.0 8.181805246746432 0.0 4.0 
1693 3372112.8 84.74364878355425 72.68483091500124 145.36501855468742 0 233 2.8329 0.0 8.181805246746432 0.0 4.0 
1694 3372146.2 84.74364878355425 72.68483091500124 145.36501855468742 0 233 2.8329 0.0 8.181805246746432 0.0 4.0 
1695 3372179.5 84.74364878355425 72.68483091500124 145.36501855468742 0 233 2.8329 0.0 8.181805246746432 0.0 4.0 
1696 3372212.8 84.74364878355425 72.68483091500124 145.36501855468742 0 233 2.8329 0.0 8.181805246746432 0.0 4.0 
1697 3372246.2 84.75965284619038 72.68483091500124 145.36501855468742 0 233 2.8329 0.0 8.181805246746432 0.0 4.0 
1698 3372279.5 84.75965284619038 72.70846921146457 145.36501855468742 0 233 2.8329 0.0 8.181805246746432 0.0 4.0 
1699 3372312.8 84.75965284619038 72.70846921146457 145.36501855468742 0 233 2.8329 0.0 8.181805246746432 0.0 4.0 
1700 3372346.2 84.78247642100679 72.70846921146457 145.36501855468742 0 233 2.8329 0.0 8.181805246746432 0.0 4.0 
1701 3372379.5 84.78247642100679 72.72355910379486 145.36501855468742 0 233 2.8329 0.0 8.181805246746432 0.0 4.0 
1702 3372412.8 84.78247642100679 72.72355910379486 145.36501855468742 0 233 2.8329 0.0 8.181805246746432 0.0 4.0 
1703 3372446.2 84.78978066607074 72.72884853280009 145.36501855468742 0 233 2.8329 0.0 8.181805246746432 0.0 4.0 
1704 3372479.5 84.78978066607074 72.72884853280009 145.36501855468742 0 233 2.8329 0.0 8.181805246746432 0.0 4.0 
1705 3372512.9 84.78978066607074 72.72884853280009 145.36501855468742 0 233 2.8329 0.0 8.181805246746432 0.0 4.0 
1706 3372546.2 84.78978066607074 72.73265544324582 145.36501855468742 0 233 2.8329 0.0 8.181805246746432 0.0 4.0 
1707 3372579.5 84.78978066607074 72.73265544324582 145.36501855468742 0 233 2.8329 0.0 8.181805246746432 0.0 4.0 
1708 3372612.9 84.78699482981506 72.73265544324582 145.36501855468742 0 233 2.8329 0.0 8.181805246746432 0.0 4.0 
1709 3372646.2 84.78699482981506 72.73265544324582 145.36501855468742 0 233 2.8329 0.0 8.181805246746432 0.0 4.0 
1710 3372679.5 84.78699482981506 72.73265544324582 145.36501855468742 0 233 2.8329 0.0 8.181805246746432 0.0 4.0 
1711 3372712.9 84.78030460481347 72.73265544324582 145.36501855468742 0 233 2.8329 0.0 8.181805246746432 0.0 4.0 
1712 3372746.2 84.78030460481347 72.73265544324582 145.36501855468742 0 233 2.8329 0.0 8.181805246746432 0.0 4.0 
1713 3372779.5 84.77063775035852 72.73265544324582 145.36501855468742 0 233 2.8329 0.0 8.181805246746432 0.0 4.0 
1714 3372812.9 84.77063775035852 72.73265544324582 145.36501855468742 0 233 2.8329 0.0 8.181805246746432 0.0 4.0 
1715 3372846.2 84.76061135654446 72.73129809675956 145.36501855468742 0 233 2.8329 0.0 8.181805246746432 0.0 4.0 
1716 3372879.5 84.76061135654446 72.73129809675956 145.36501855468742 0 233 2.8329 0.0 8.181805246746432 0.0 4.0 
1717 3372912.9 84.76061135654446 72.73129809675956 145.36501855468742 0 233 2.8329 0.0 8.181805246746432 0.0 4.0 
1718 3372946.2 84.76061135654446 72.73129809675956 145.36501855468742 0 233 2.8329 0.0 8.181805246746432 0.0 4.0 
1719 3372979.6 84.7440765109593 72.73129809675956 145.36501855468742 0 233 2.8329 0.0 8.181805246746432 0.0 4.0 
1720 3373012.9 84.7440765109593 72.73129809675956 145.36501855468742 0 233 2.8329 0.0 8.181805246746432 0.0 4.0 
1721 3373046.2 84.7440765109593 72.73129809675956 145.36501855468742 0 233 2.8329 0.0 8.181805246746432 0.0 4.0 
1722 3373079.6 84.72368622489242 72.73129809675956 145.36501855468742 0 233 2.8329 0.0 8.181805246746432 0.0 4.0 
1723 3373112.9 84.72368622489242 72.73697328370949 145.36501855468742 0 233 2.8329 0.0 8.181805246746432 0.0 4.0 
1724 3373146.2 84.72368622489242 72.73697328370949 145.36501855468742 0 233 2.8329 0.0 8.181805246746432 0.0 4.0 
1725 3373179.6 84.72368622489242 72.73697328370949 145.36501855468742 0 233 2.8329 0.0 8.181805246746432 0.0 4.0 
1726 3373212.9 84.69089249687688 72.75709055587316 145.36501855468742 0 233 2.8329 0.0 8.181805246746432 0.0 4.0 
1727 3373246.2 84.69089249687688 72.75709055587316 145.36501855468742 0 233 2.8329 0.0 8.181805246746432 0.0 4.0 
1728 3373279.6 84.69089249687688 72.75709055587316 145.36501855468742 0 233 2.8329 0.0 8.181805246746432 0.0 4.0 
1729 3373312.9 84.67813630033876 72.75709055587316 145.36501855468742 0 233 2.8329 0.0 8.181805246746432 0.0 4.0 
1730 3373346.3 84.67813630033876 72.76346776819209 145.36501855468742 0 233 2.8329 0.0 8.181805246746432 0.0 4.0 
1731 3373379.6 84.67813630033876 72.76346776819209 145.36501855468742 0 233 2.8329 0.0 8.181805246746432 0.0 4.0 
1732 3373412.9 84.67813630033876 72.76346776819209 145.36501855468742 0 233 2.8329 0.0 8.181805246746432 0.0 4.0 
1733 3373446.3 84.66662407473484 72.76346776819209 145.36501855468742 0 233 2.8329 0.0 8.181805246746432 0.0 4.0 
1734 3373479.6 84.66662407473484 72.76621592990988 145.36501855468742 0 233 2.8329 0.0 8.181805246746432 0.0 4.0 
1735 3373512.9 84.66662407473484 72.76621592990988 145.36501855468742 0 233 2.8329 0.0 8.181805246746432 0.0 4.0 
1736 3373546.3 84.65538674833064 72.76621592990988 145.36501855468742 0 233 2.8329 0.0 8.181805246746432 0.0 4.0 
1737 3373579.6 84.65538674833064 72.7639922957393 145.36501855468742 0 233 2.8329 0.0 8.181805246746432 0.0 4.0 
1738 3373612.9 84.65538674833064 72.7639922957393 145.36501855468742 0 233 2.8329 0.0 8.181805246746432 0.0 4.0 
1739 3373646.3 84.65538674833064 72.7639922957393 145.36501855468742 0 233 2.8329 0.0 8.181805246746432 0.0 4.0 
1740 3373679.6 84.62911805198735 72.75413046027855 145.36501855468742 0 233 2.8329 0.0 8.181805246746432 0.0 4.0 
1741 3373712.9 84.62911805198735 72.75413046027855 145.36501855468742 0 233 2.8329 0.0 8.181805246746432 0.0 4.0 
1742 3373746.3 84.62911805198735 72.75413046027855 145.36501855468742 0 233 2.8329 0.0 8.181805246746432 0.0 4.0 
1743 3373779.6 84.61830985460983 72.75413046027855 145.36501855468742 0 233 2.8329 0.0 8.181805246746432 0.0 4.0 
1744 3373813.0 84.61830985460983 72.7484812672819 145.36501855468742 0 233 2.8329 0.0 8.181805246746432 0.0 4.0 
1745 3373846.3 84.61830985460983 72.7484812672819 145.36501855468742 0 233 2.8329 0.0 8.181805246746432 0.0 4.0 
1746 3373879.6 84.60705670557105 72.7484812672819 145.36501855468742 0 233 2.8329 0.0 8.181805246746432 0.0 4.0 
1747 3373913.0 84.60705670557105 72.74076735552653 145.36501855468742 0 233 2.8329 0.0 8.181805246746432 0.0 4.0 
1748 3373946.3 84.60705670557105 72.74076735552653 145.36501855468742 0 233 2.8329 0.0 8.181805246746432 0.0 4.0 
1749 3373979.6 84.60705670557105 72.74076735552653 145.36501855468742 0 233 2.8329 0.0 8.181805246746432 0.0 4.0 
1750 3374013.0 84.59608692913696 72.74076735552653 145.36501855468742 0 233 2.8329 0.0 8.181805246746432 0.0 4.0 
1751 3374046.3 84.59608692913696 72.7302660553063 145.36501855468742 0 233 2.8329 0.0 8.181805246746432 0.0 4.0 
1752 3374079.6 84.59608692913696 72.7302660553063 145.36501855468742 0 233 2.8329 0.0 8.181805246746432 0.0 4.0 
1753 3374113.0 84.58166949149694 72.7302660553063 145.36501855468742 0 233 2.8329 0.0 8.181805246746432 0.0 4.0 
1754 3374146.3 84.58166949149694 72.71360777082499 145.36501855468742 0 233 2.8329 0.0 8.181805246746432 0.0 4.0 
1755 3374179.7 84.58166949149694 72.71360777082499 145.36501855468742 0 233 2.8329 0.0 8.181805246746432 0.0 4.0 
1756 3374213.0 84.58166949149694 72.71360777082499 145.36501855468742 0 233 2.8329 0.0 8.181805246746432 0.0 4.0 
1757 3374246.3 84.57457647131945 72.71360777082499 145.36501855468742 0 233 2.8329 0.0 8.181805246746432 0.0 4.0 
1758 3374279.7 84.57457647131945 72.70294732039883 145.36501855468742 0 233 2.8329 0.0 8.181805246746432 0.0 4.0 
1759 3374313.0 84.57457647131945 72.70294732039883 145.36501855468742 0 233 2.8329 0.0 8.181805246746432 0.0 4.0 
1760 3374346.3 84.57457647131945 72.70294732039883 145.36501855468742 0 233 2.8329 0.0 8.181805246746432 0.0 4.0 
1761 3374379.7 84.56355317115012 72.68274482884885 145.36501855468742 0 233 2.8329 0.0 8.181805246746432 0.0 4.0 
1762 3374413.0 84.56355317115012 72.68274482884885 145.36501855468742 0 233 2.8329 0.0 8.181805246746432 0.0 4.0 
1763 3374446.3 84.56355317115012 72.68274482884885 145.36501855468742 0 233 2.8329 0.0 8.181805246746432 0.0 4.0 
1764 3374479.7 84.55542197870177 72.68274482884885 145.36501855468742 0 233 2.8329 0.0 8.181805246746432 0.0 4.0 
1765 3374513.0 84.55542197870177 72.6675658257164 145.36501855468742 0 233 2.8329 0.0 8.181805246746432 0.0 4.0 
1766 3374546.3 84.55542197870177 72.6675658257164 145.36501855468742 0 233 2.8329 0.0 8.181805246746432 0.0 4.0 
1767 3374579.7 84.55542197870177 72.6675658257164 145.36501855468742 0 233 2.8329 0.0 8.181805246746432 0.0 4.0 
1768 3374613.0 84.5536798814026 72.6675658257164 145.36501855468742 0 233 2.8329 0.0 8.181805246746432 0.0 4.0 
1769 3374646.4 84.5536798814026 72.66490550421585 145.36501855468742 0 233 2.8329 0.0 8.181805246746432 0.0 4.0 
1770 3374679.7 84.5536798814026 72.66490550421585 145.36501855468742 0 233 2.8329 0.0 8.181805246746432 0.0 4.0 
1771 3374713.0 84.5536798814026 72.66490550421585 145.36501855468742 0 233 2.8329 0.0 8.181805246746432 0.0 4.0 
1772 3374746.4 84.55478103181805 72.66490550421585 145.36501855468742 0 233 2.8329 0.0 8.181805246746432 0.0 4.0 
1773 3374779.7 84.55478103181805 72.65521305980485 145.36501855468742 0 233 2.8329 0.0 8.181805246746432 0.0 4.0 
1774 3374813.0 84.55478103181805 72.65521305980485 145.36501855468742 0 233 2.8329 0.0 8.181805246746432 0.0 4.0 
1775 3374846.4 84.55741696412463 72.65521305980485 145.36501855468742 0 233 2.8329 0.0 8.181805246746432 0.0 4.0 
1776 3374879.7 84.55741696412463 72.63712908632552 145.36501855468742 0 233 2.8329 0.0 8.181805246746432 0.0 4.0 
1777 3374913.0 84.55741696412463 72.63712908632552 145.36501855468742 0 233 2.8329 0.0 8.181805246746432 0.0 4.0 
1778 3374946.4 84.55741696412463 72.63712908632552 145.36501855468742 0 233 2.8329 0.0 8.181805246746432 0.0 4.0 
1779 3374979.7 84.5630291961394 72.63712908632552 145.36501855468742 0 233 2.8329 0.0 8.181805246746432 0.0 4.0 
1780 3375013.1 84.5630291961394 72.6099106521891 145.36501855468742 0 233 2.8329 0.0 8.181805246746432 0.0 4.0 
1781 3375046.4 84.5630291961394 72.6099106521891 145.36501855468742 0 233 2.8329 0.0 8.181805246746432 0.0 4.0 
1782 3375079.7 84.5630291961394 72.6099106521891 145.36501855468742 0 233 2.8329 0.0 8.181805246746432 0.0 4.0 
1783 3375113.1 84.57299636482459 72.6099106521891 145.36501855468742 0 233 2.8329 0.0 8.181805246746432 0.0 4.0 
1784 3375146.4 84.57299636482459 72.58913069097518 145.36501855468742 0 233 2.8329 0.0 8.181805246746432 0.0 4.0 
1785 3375179.7 84.57299636482459 72.58913069097518 145.36501855468742 0 233 2.8329 0.0 8.181805246746432 0.0 4.0 
1786 3375213.1 84.58157266537046 72.57030123358368 145.36501855468742 0 233 2.8329 0.0 8.181805246746432 0.0 4.0 
1787 3375246.4 84.58157266537046 72.57030123358368 145.36501855468742 0 233 2.8329 0.0 8.181805246746432 0.0 4.0 
1788 3375279.7 84.58157266537046 72.57030123358368 145.36501855468742 0 233 2.8329 0.0 8.181805246746432 0.0 4.0 
1789 3375313.1 84.58157266537046 72.57030123358368 145.36501855468742 0 233 2.8329 0.0 8.181805246746432 0.0 4.0 
1790 3375346.4 84.58516595933656 72.56235174330901 145.36501855468742 0 233 2.8329 0.0 8.181805246746432 0.0 4.0 
1791 3375379.7 84.58516595933656 72.56235174330901 145.36501855468742 0 233 2.8329 0.0 8.181805246746432 0.0 4.0 
1792 3375413.1 84.58516595933656 72.56235174330901 145.36501855468742 0 233 2.8329 0.0 8.181805246746432 0.0 4.0 
1793 3375446.4 84.58516595933656 72.56235174330901 145.36501855468742 0 233 2.8329 0.0 8.181805246746432 0.0 4.0 
1794 3375479.8 84.58678448831978 72.56235174330901 145.36501855468742 0 233 2.8329 0.0 8.181805246746432 0.0 4.0 
1795 3375513.1 84.58678448831978 72.55125383938193 145.36501855468742 0 233 2.8329 0.0 8.181805246746432 0.0 4.0 
1796 3375546.4 84.58678448831978 72.55125383938193 145.36501855468742 0 233 2.8329 0.0 8.181805246746432 0.0 4.0 
1797 3375579.8 84.58678448831978 72.54554986196754 145.36501855468742 0 233 2.8329 0.0 8.181805246746432 0.0 4.0 
1798 3375613.1 84.58678448831978 72.54554986196754 145.36501855468742 0 233 2.8329 0.0 8.181805246746432 0.0 4.0 
1799 3375646.4 84.58678448831978 72.54554986196754 145.36501855468742 0 233 2.8329 0.0 8.181805246746432 0.0 4.0 
1800 3375679.8 84.58395633481136 72.54554986196754 145.36501855468742 0 233 2.8329 0.0 8.181805246746432 0.0 4.0 
1801 3375713.1 84.58395633481136 72.54092260663323 145.36501855468742 0 233 2.8329 0.0 8.181805246746432 0.0 4.0 
1802 3375746.4 84.58395633481136 72.54092260663323 145.36501855468742 0 233 2.8329 0.0 8.181805246746432 0.0 4.0 
1803 3375779.8 84.57872487229301 72.54092260663323 145.36501855468742 0 233 2.8329 0.0 8.181805246746432 0.0 4.0 
1804 3375813.1 84.57872487229301 72.54282360497953 145.36501855468742 0 233 2.8329 0.0 8.181805246746432 0.0 4.0 
1805 3375846.5 84.57872487229301 72.54282360497953 145.36501855468742 0 233 2.8329 0.0 8.181805246746432 0.0 4.0 
1806 3375879.8 84.57623066298272 72.54282360497953 145.36501855468742 0 233 2.8329 0.0 8.181805246746432 0.0 4.0 
1807 3375913.1 84.57623066298272 72.54917891618312 145.36501855468742 0 233 2.8329 0.0 8.181805246746432 0.0 4.0 
1808 3375946.5 84.57623066298272 72.54917891618312 145.36501855468742 0 233 2.8329 0.0 8.181805246746432 0.0 4.0 
1809 3375979.8 84.57135806770481 72.56824480171659 145.36501855468742 0 233 2.8329 0.0 8.181805246746432 0.0 4.0 
1810 3376013.1 84.57135806770481 72.56824480171659 145.36501855468742 0 233 2.8329 0.0 8.181805246746432 0.0 4.0 
1811 3376046.5 84.57135806770481 72.56824480171659 145.36501855468742 0 233 2.8329 0.0 8.181805246746432 0.0 4.0 
1812 3376079.8 84.57135806770481 72.56824480171659 145.36501855468742 0 233 2.8329 0.0 8.181805246746432 0.0 4.0 
1813 3376113.1 84.56105020075532 72.6155713130061 145.36501855468742 0 233 2.8329 0.0 8.181805246746432 0.0 4.0 
1814 3376146.5 84.56105020075532 72.6155713130061 145.36501855468742 0 233 2.8329 0.0 8.181805246746432 0.0 4.0 
1815 3376179.8 84.56105020075532 72.6155713130061 145.36501855468742 0 233 2.8329 0.0 8.181805246746432 0.0 4.0 
1816 3376213.1 84.56105020075532 72.6155713130061 145.36501855468742 0 233 2.8329 0.0 8.181805246746432 0.0 4.0 
1817 3376246.5 84.56105020075532 72.66905893112282 145.36501855468742 0 233 2.8329 0.0 8.181805246746432 0.0 4.0 
1818 3376279.8 84.56105020075532 72.66905893112282 145.36501855468742 0 233 2.8329 0.0 8.181805246746432 0.0 4.0 
1819 3376313.2 84.56105020075532 72.66905893112282 145.36501855468742 0 233 2.8329 0.0 8.181805246746432 0.0 4.0 
1820 3376346.5 84.56105020075532 72.66905893112282 145.36501855468742 0 233 2.8329 0.0 8.181805246746432 0.0 4.0 
1821 3376379.8 84.58009233570814 72.70334745037188 145.36501855468742 0 233 2.8329 0.0 8.181805246746432 0.0 4.0 
1822 3376413.2 84.58009233570814 72.70334745037188 145.36501855468742 0 233 2.8329 0.0 8.181805246746432 0.0 4.0 
1823 3376446.5 84.58009233570814 72.70334745037188 145.36501855468742 0 233 2.8329 0.0 8.181805246746432 0.0 4.0 
1824 3376479.8 84.60422216151089 72.70334745037188 145.36501855468742 0 233 2.8329 0.0 8.181805246746432 0.0 4.0 
1825 3376513.2 84.60422216151089 72.71942334632686 145.36501855468742 0 233 2.8329 0.0 8.181805246746432 0.0 4.0 
1826 3376546.5 84.60422216151089 72.71942334632686 145.36501855468742 0 233 2.8329 0.0 8.181805246746432 0.0 4.0 
1827 3376579.8 84.60422216151089 72.71942334632686 145.36501855468742 0 233 2.8329 0.0 8.181805246746432 0.0 4.0 
1828 3376613.2 84.65162651726915 72.71942334632686 145.36501855468742 0 233 2.8329 0.0 8.181805246746432 0.0 4.0 
1829 3376646.5 84.65162651726915 72.73977509170645 145.36501855468742 0 233 2.8329 0.0 8.181805246746432 0.0 4.0 
1830 3376679.9 84.65162651726915 72.73977509170645 145.36501855468742 0 233 2.8329 0.0 8.181805246746432 0.0 4.0 
1831 3376713.2 84.65162651726915 72.73977509170645 145.36501855468742 0 233 2.8329 0.0 8.181805246746432 0.0 4.0 
1832 3376746.5 84.6765952860052 72.73977509170645 145.36501855468742 0 233 2.8329 0.0 8.181805246746432 0.0 4.0 
1833 3376779.9 84.6765952860052 72.74627113660023 145.36501855468742 0 233 2.8329 0.0 8.181805246746432 0.0 4.0 
1834 3376813.2 84.6765952860052 72.74627113660023 145.36501855468742 0 233 2.8329 0.0 8.181805246746432 0.0 4.0 
1835 3376846.5 84.6765952860052 72.74627113660023 145.36501855468742 0 233 2.8329 0.0 8.181805246746432 0.0 4.0 
1836 3376879.9 84.71349124824039 72.74733497127238 145.36501855468742 0 233 2.8329 0.0 8.181805246746432 0.0 4.0 
1837 3376913.2 84.71349124824039 72.74733497127238 145.36501855468742 0 233 2.8329 0.0 8.181805246746432 0.0 4.0 
1838 3376946.5 84.71349124824039 72.74733497127238 145.36501855468742 0 233 2.8329 0.0 8.181805246746432 0.0 4.0 
1839 3376979.9 84.73475842387481 72.74733497127238 145.36501855468742 0 233 2.8329 0.0 8.181805246746432 0.0 4.0 
1840 3377013.2 84.73475842387481 72.74434060709861 145.36501855468742 0 233 2.8329 0.0 8.181805246746432 0.0 4.0 
1841 3377046.5 84.73475842387481 72.74434060709861 145.36501855468742 0 233 2.8329 0.0 8.181805246746432 0.0 4.0 
1842 3377079.9 84.77403423757924 72.74434060709861 145.36501855468742 0 233 2.8329 0.0 8.181805246746432 0.0 4.0 
1843 3377113.2 84.77403423757924 72.73151529704995 145.36501855468742 0 233 2.8329 0.0 8.181805246746432 0.0 4.0 
1844 3377146.6 84.77403423757924 72.73151529704995 145.36501855468742 0 233 2.8329 0.0 8.181805246746432 0.0 4.0 
1845 3377179.9 84.77403423757924 72.73151529704995 145.36501855468742 0 233 2.8329 0.0 8.181805246746432 0.0 4.0 
1846 3377213.2 84.80703747543824 72.73151529704995 145.36501855468742 0 233 2.8329 0.0 8.181805246746432 0.0 4.0 
1847 3377246.6 84.80703747543824 72.72892766674276 145.36501855468742 0 233 2.8329 0.0 8.181805246746432 0.0 4.0 
1848 3377279.9 84.80703747543824 72.72892766674276 145.36501855468742 0 233 2.8329 0.0 8.181805246746432 0.0 4.0 
1849 3377313.2 84.80703747543824 72.72892766674276 145.36501855468742 0 233 2.8329 0.0 8.181805246746432 0.0 4.0 
1850 3377346.6 84.80703747543824 72.72892766674276 145.36501855468742 0 233 2.8329 0.0 8.181805246746432 0.0 4.0 
1851 3377379.9 84.85104246260248 72.72892766674276 145.36501855468742 0 233 2.8329 0.0 8.181805246746432 0.0 4.0 
1852 3377413.2 84.85104246260248 72.74766889262357 145.36501855468742 0 233 2.8329 0.0 8.181805246746432 0.0 4.0 
1853 3377446.6 84.85104246260248 72.74766889262357 145.36501855468742 0 233 2.8329 0.0 8.181805246746432 0.0 4.0 
1854 3377479.9 84.85104246260248 72.74766889262357 145.36501855468742 0 233 2.8329 0.0 8.181805246746432 0.0 4.0 
1855 3377513.3 84.87943976905959 72.78144699106649 145.36501855468742 0 233 2.8329 0.0 8.181805246746432 0.0 4.0 
1856 3377546.6 84.87943976905959 72.78144699106649 145.36501855468742 0 233 2.8329 0.0 8.181805246746432 0.0 4.0 
1857 3377579.9 84.87943976905959 72.78144699106649 145.36501855468742 0 233 2.8329 0.0 8.181805246746432 0.0 4.0 
1858 3377613.3 84.87943976905959 72.78144699106649 145.36501855468742 0 233 2.8329 0.0 8.181805246746432 0.0 4.0 
1859 3377646.6 84.8951753996223 72.82106243521318 145.36501855468742 0 233 2.8329 0.0 8.181805246746432 0.0 4.0 
1860 3377679.9 84.8951753996223 72.82106243521318 145.36501855468742 0 233 2.8329 0.0 8.181805246746432 0.0 4.0 
1861 3377713.3 84.8951753996223 72.82106243521318 145.36501855468742 0 233 2.8329 0.0 8.181805246746432 0.0 4.0 
1862 3377746.6 84.9025774920389 72.82106243521318 145.36501855468742 0 233 2.8329 0.0 8.181805246746432 0.0 4.0 
1863 3377779.9 84.9025774920389 72.83538902392978 145.36501855468742 0 233 2.8329 0.0 8.181805246746432 0.0 4.0 
1864 3377813.3 84.9025774920389 72.83538902392978 145.36501855468742 0 233 2.8329 0.0 8.181805246746432 0.0 4.0 
1865 3377846.6 84.9036943895688 72.83538902392978 145.36501855468742 0 233 2.8329 0.0 8.181805246746432 0.0 4.0 
1866 3377879.9 84.9036943895688 72.84726623535765 145.36501855468742 0 233 2.8329 0.0 8.181805246746432 0.0 4.0 
1867 3377913.3 84.9036943895688 72.84726623535765 145.36501855468742 0 233 2.8329 0.0 8.181805246746432 0.0 4.0 
1868 3377946.6 84.9036943895688 72.84726623535765 145.36501855468742 0 233 2.8329 0.0 8.181805246746432 0.0 4.0 
1869 3377980.0 84.90567550806668 72.86151711748172 145.36501855468742 0 233 2.8329 0.0 8.181805246746432 0.0 4.0 
1870 3378013.3 84.90567550806668 72.86151711748172 145.36501855468742 0 233 2.8329 0.0 8.181805246746432 0.0 4.0 
1871 3378046.6 84.90567550806668 72.86151711748172 145.36501855468742 0 233 2.8329 0.0 8.181805246746432 0.0 4.0 
1872 3378080.0 84.90567550806668 72.86151711748172 145.36501855468742 0 233 2.8329 0.0 8.181805246746432 0.0 4.0 
1873 3378113.3 84.90374135934373 72.86151711748172 145.36501855468742 0 233 2.8329 0.0 8.181805246746432 0.0 4.0 
1874 3378146.6 84.90374135934373 72.87095832945428 145.36501855468742 0 233 2.8329 0.0 8.181805246746432 0.0 4.0 
1875 3378180.0 84.90374135934373 72.87095832945428 145.36501855468742 0 233 2.8329 0.0 8.181805246746432 0.0 4.0 
1876 3378213.3 84.90374135934373 72.87095832945428 145.36501855468742 0 233 2.8329 0.0 8.181805246746432 0.0 4.0 
1877 3378246.6 84.91053889805586 72.87095832945428 145.36501855468742 0 233 2.8329 0.0 8.181805246746432 0.0 4.0 
1878 3378280.0 84.91053889805586 72.87227857196878 145.36501855468742 0 233 2.8329 0.0 8.181805246746432 0.0 4.0 
1879 3378313.3 84.91053889805586 72.87227857196878 145.36501855468742 0 233 2.8329 0.0 8.181805246746432 0.0 4.0 
1880 3378346.7 84.91698113753945 72.87227857196878 145.36501855468742 0 233 2.8329 0.0 8.181805246746432 0.0 4.0 
1881 3378380.0 84.91698113753945 72.87227857196878 145.36501855468742 0 233 2.8329 0.0 8.181805246746432 0.0 4.0 
1882 3378413.3 84.91698113753945 72.87227857196878 145.36501855468742 0 233 2.8329 0.0 8.181805246746432 0.0 4.0 
1883 3378446.7 84.91698113753945 72.87227857196878 145.36501855468742 0 233 2.8329 0.0 8.181805246746432 0.0 4.0 
1884 3378480.0 84.92901137302457 72.88222635163905 145.36501855468742 0 233 2.8329 0.0 8.181805246746432 0.0 4.0 
1885 3378513.3 84.92901137302457 72.88222635163905 145.36501855468742 0 233 2.8329 0.0 8.181805246746432 0.0 4.0 
1886 3378546.7 84.92901137302457 72.88222635163905 145.36501855468742 0 233 2.8329 0.0 8.181805246746432 0.0 4.0 
1887 3378580.0 84.93987759785945 72.88222635163905 145.36501855468742 0 233 2.8329 0.0 8.181805246746432 0.0 4.0 
1888 3378613.3 84.93987759785945 72.87809079923392 145.36501855468742 0 233 2.8329 0.0 8.181805246746432 0.0 4.0 
1889 3378646.7 84.93987759785945 72.87809079923392 145.36501855468742 0 233 2.8329 0.0 8.181805246746432 0.0 4.0 
1890 3378680.0 84.93987759785945 72.87809079923392 145.36501855468742 0 233 2.8329 0.0 8.181805246746432 0.0 4.0 
1891 3378713.3 84.93473304883385 72.83858253912774 145.36501855468742 0 233 2.8329 0.0 8.181805246746432 0.0 4.0 
1892 3378746.7 84.93473304883385 72.83858253912774 145.36501855468742 0 233 2.8329 0.0 8.181805246746432 0.0 4.0 
1893 3378780.0 84.93473304883385 72.83858253912774 145.36501855468742 0 233 2.8329 0.0 8.181805246746432 0.0 4.0 
1894 3378813.4 84.93473304883385 72.83858253912774 145.36501855468742 0 233 2.8329 0.0 8.181805246746432 0.0 4.0 
1895 3378846.7 84.92209757142089 72.83858253912774 145.36501855468742 0 233 2.8329 0.0 8.181805246746432 0.0 4.0 
1896 3378880.0 84.92209757142089 72.83234355673206 145.36501855468742 0 233 2.8329 0.0 8.181805246746432 0.0 4.0 
1897 3378913.4 84.92209757142089 72.83234355673206 145.36501855468742 0 233 2.8329 0.0 8.181805246746432 0.0 4.0 
1898 3378946.7 84.92050763504366 72.83234355673206 145.36501855468742 0 233 2.8329 0.0 8.181805246746432 0.0 4.0 
1899 3378980.0 84.92050763504366 72.82474024449682 145.36501855468742 0 233 2.8329 0.0 8.181805246746432 0.0 4.0 
1900 3379013.4 84.92050763504366 72.82474024449682 145.36501855468742 0 233 2.8329 0.0 8.181805246746432 0.0 4.0 
1901 3379046.7 84.92436447722326 72.82474024449682 145.36501855468742 0 233 2.8329 0.0 8.181805246746432 0.0 4.0 
1902 3379080.0 84.92436447722326 72.8207114161168 145.36501855468742 0 233 2.8329 0.0 8.181805246746432 0.0 4.0 
1903 3379113.4 84.92436447722326 72.8207114161168 145.36501855468742 0 233 2.8329 0.0 8.181805246746432 0.0 4.0 
1904 3379146.7 84.92436447722326 72.8207114161168 145.36501855468742 0 233 2.8329 0.0 8.181805246746432 0.0 4.0 
1905 3379180.1 84.93034537692564 72.8207114161168 145.36501855468742 0 233 2.8329 0.0 8.181805246746432 0.0 4.0 
1906 3379213.4 84.93034537692564 72.8207114161168 145.36501855468742 0 233 2.8329 0.0 8.181805246746432 0.0 4.0 
1907 3379246.7 84.93034537692564 72.8207114161168 145.36501855468742 0 233 2.8329 0.0 8.181805246746432 0.0 4.0 
1908 3379280.1 84.93317058965876 72.8207114161168 145.36501855468742 0 233 2.8329 0.0 8.181805246746432 0.0 4.0 
1909 3379313.4 84.93317058965876 72.8178115823163 145.36501855468742 0 233 2.8329 0.0 8.181805246746432 0.0 4.0 
1910 3379346.7 84.93317058965876 72.8178115823163 145.36501855468742 0 233 2.8329 0.0 8.181805246746432 0.0 4.0 
1911 3379380.1 84.93317058965876 72.8178115823163 145.36501855468742 0 233 2.8329 0.0 8.181805246746432 0.0 4.0 
1912 3379413.4 84.93317058965876 72.80628772674625 145.36501855468742 0 233 2.8329 0.0 8.181805246746432 0.0 4.0 
1913 3379446.7 84.93317058965876 72.80628772674625 145.36501855468742 0 233 2.8329 0.0 8.181805246746432 0.0 4.0 
1914 3379480.1 84.93317058965876 72.80628772674625 145.36501855468742 0 233 2.8329 0.0 8.181805246746432 0.0 4.0 
1915 3379513.4 84.92607805139346 72.78187709088381 145.36501855468742 0 233 2.8329 0.0 8.181805246746432 0.0 4.0 
1916 3379546.7 84.92607805139346 72.78187709088381 145.36501855468742 0 233 2.8329 0.0 8.181805246746432 0.0 4.0 
1917 3379580.1 84.92607805139346 72.78187709088381 145.36501855468742 0 233 2.8329 0.0 8.181805246746432 0.0 4.0 
1918 3379613.4 84.92607805139346 72.78187709088381 145.36501855468742 0 233 2.8329 0.0 8.181805246746432 0.0 4.0 
1919 3379646.8 84.91895657321561 72.78187709088381 145.36501855468742 0 233 2.8329 0.0 8.181805246746432 0.0 4.0 
1920 3379680.1 84.91895657321561 72.76331728537055 145.36501855468742 0 233 2.8329 0.0 8.181805246746432 0.0 4.0 
1921 3379713.4 84.91895657321561 72.76331728537055 145.36501855468742 0 233 2.8329 0.0 8.181805246746432 0.0 4.0 
1922 3379746.8 84.91895657321561 72.76331728537055 145.36501855468742 0 233 2.8329 0.0 8.181805246746432 0.0 4.0 
1923 3379780.1 84.91335580331942 72.76331728537055 145.36501855468742 0 233 2.8329 0.0 8.181805246746432 0.0 4.0 
1924 3379813.4 84.91335580331942 72.75146146341758 145.36501855468742 0 233 2.8329 0.0 8.181805246746432 0.0 4.0 
1925 3379846.8 84.91335580331942 72.75146146341758 145.36501855468742 0 233 2.8329 0.0 8.181805246746432 0.0 4.0 
1926 3379880.1 84.91335580331942 72.75146146341758 145.36501855468742 0 233 2.8329 0.0 8.181805246746432 0.0 4.0 
1927 3379913.4 84.91921346120475 72.74518809718992 145.36501855468742 0 233 2.8329 0.0 8.181805246746432 0.0 4.0 
1928 3379946.8 84.91921346120475 72.74518809718992 145.36501855468742 0 233 2.8329 0.0 8.181805246746432 0.0 4.0 
1929 3379980.1 84.91921346120475 72.74518809718992 145.36501855468742 0 233 2.8329 0.0 8.181805246746432 0.0 4.0 
1930 3380013.5 84.92591596681171 72.7428056031733 145.36501855468742 0 233 2.8329 0.0 8.181805246746432 0.0 4.0 
1931 3380046.8 84.92591596681171 72.7428056031733 145.36501855468742 0 233 2.8329 0.0 8.181805246746432 0.0 4.0 
1932 3380080.1 84.92591596681171 72.7428056031733 145.36501855468742 0 233 2.8329 0.0 8.181805246746432 0.0 4.0 
1933 3380113.5 84.92591596681171 72.7428056031733 145.36501855468742 0 233 2.8329 0.0 8.181805246746432 0.0 4.0 
1934 3380146.8 84.92850619377877 72.7428056031733 145.36501855468742 0 233 2.8329 0.0 8.181805246746432 0.0 4.0 
1935 3380180.1 84.92850619377877 72.74381452136039 145.36501855468742 0 233 2.8329 0.0 8.181805246746432 0.0 4.0 
1936 3380213.5 84.92850619377877 72.74381452136039 145.36501855468742 0 233 2.8329 0.0 8.181805246746432 0.0 4.0 
1937 3380246.8 84.92954684218546 72.74381452136039 145.36501855468742 0 233 2.8329 0.0 8.181805246746432 0.0 4.0 
1938 3380280.1 84.92954684218546 72.74259624918625 145.36501855468742 0 233 2.8329 0.0 8.181805246746432 0.0 4.0 
1939 3380313.5 84.92954684218546 72.74259624918625 145.36501855468742 0 233 2.8329 0.0 8.181805246746432 0.0 4.0 
1940 3380346.8 84.92696771903215 72.74259624918625 145.36501855468742 0 233 2.8329 0.0 8.181805246746432 0.0 4.0 
1941 3380380.1 84.92696771903215 72.74259624918625 145.36501855468742 0 233 2.8329 0.0 8.181805246746432 0.0 4.0 
1942 3380413.5 84.92696771903215 72.74259624918625 145.36501855468742 0 233 2.8329 0.0 8.181805246746432 0.0 4.0 
1943 3380446.8 84.92155707817352 72.74259624918625 145.36501855468742 0 233 2.8329 0.0 8.181805246746432 0.0 4.0 
1944 3380480.2 84.92155707817352 72.73846750525041 145.36501855468742 0 233 2.8329 0.0 8.181805246746432 0.0 4.0 
1945 3380513.5 84.92155707817352 72.73846750525041 145.36501855468742 0 233 2.8329 0.0 8.181805246746432 0.0 4.0 
1946 3380546.8 84.92155707817352 72.73846750525041 145.36501855468742 0 233 2.8329 0.0 8.181805246746432 0.0 4.0 
1947 3380580.2 84.92155707817352 72.72472426466331 145.36501855468742 0 233 2.8329 0.0 8.181805246746432 0.0 4.0 
1948 3380613.5 84.92155707817352 72.72472426466331 145.36501855468742 0 233 2.8329 0.0 8.181805246746432 0.0 4.0 
1949 3380646.8 84.92155707817352 72.72472426466331 145.36501855468742 0 233 2.8329 0.0 8.181805246746432 0.0 4.0 
1950 3380680.2 84.92155707817352 72.72472426466331 145.36501855468742 0 233 2.8329 0.0 8.181805246746432 0.0 4.0 
1951 3380713.5 84.9228562542307 72.70310278370054 145.36501855468742 0 233 2.8329 0.0 8.181805246746432 0.0 4.0 
1952 3380746.8 84.9228562542307 72.70310278370054 145.36501855468742 0 233 2.8329 0.0 8.181805246746432 0.0 4.0 
1953 3380780.2 84.9228562542307 72.70310278370054 145.36501855468742 0 233 2.8329 0.0 8.181805246746432 0.0 4.0 
1954 3380813.5 84.9228562542307 72.70310278370054 145.36501855468742 0 233 2.8329 0.0 8.181805246746432 0.0 4.0 
1955 3380846.9 84.93029433684154 72.68785133467769 145.36501855468742 0 233 2.8329 0.0 8.181805246746432 0.0 4.0 
1956 3380880.2 84.93029433684154 72.68785133467769 145.36501855468742 0 233 2.8329 0.0 8.181805246746432 0.0 4.0 
1957 3380913.5 84.93029433684154 72.68785133467769 145.36501855468742 0 233 2.8329 0.0 8.181805246746432 0.0 4.0 
1958 3380946.9 84.93867042850245 72.68785133467769 145.36501855468742 0 233 2.8329 0.0 8.181805246746432 0.0 4.0 
1959 3380980.2 84.93867042850245 72.67789503800813 145.36501855468742 0 233 2.8329 0.0 8.181805246746432 0.0 4.0 
1960 3381013.5 84.93867042850245 72.67789503800813 145.36501855468742 0 233 2.8329 0.0 8.181805246746432 0.0 4.0 
1961 3381046.9 84.95040317249341 72.66531846297367 145.36501855468742 0 233 2.8329 0.0 8.181805246746432 0.0 4.0 
1962 3381080.2 84.95040317249341 72.66531846297367 145.36501855468742 0 233 2.8329 0.0 8.181805246746432 0.0 4.0 
1963 3381113.5 84.95040317249341 72.66531846297367 145.36501855468742 0 233 2.8329 0.0 8.181805246746432 0.0 4.0 
1964 3381146.9 84.95634901917435 72.66531846297367 145.36501855468742 0 233 2.8329 0.0 8.181805246746432 0.0 4.0 
1965 3381180.2 84.95634901917435 72.6598625902966 145.36501855468742 0 233 2.8329 0.0 8.181805246746432 0.0 4.0 
1966 3381213.5 84.95634901917435 72.6598625902966 145.36501855468742 0 233 2.8329 0.0 8.181805246746432 0.0 4.0 
1967 3381246.9 84.95634901917435 72.6598625902966 145.36501855468742 0 233 2.8329 0.0 8.181805246746432 0.0 4.0 
1968 3381280.2 84.96629785045546 72.6598625902966 145.36501855468742 0 233 2.8329 0.0 8.181805246746432 0.0 4.0 
1969 3381313.6 84.96629785045546 72.65121625623291 145.36501855468742 0 233 2.8329 0.0 8.181805246746432 0.0 4.0 
1970 3381346.9 84.96629785045546 72.65121625623291 145.36501855468742 0 233 2.8329 0.0 8.181805246746432 0.0 4.0 
1971 3381380.2 84.96629785045546 72.65121625623291 145.36501855468742 0 233 2.8329 0.0 8.181805246746432 0.0 4.0 
1972 3381413.6 84.9767860183045 72.65121625623291 145.36501855468742 0 233 2.8329 0.0 8.181805246746432 0.0 4.0 
1973 3381446.9 84.9767860183045 72.64517682698619 145.36501855468742 0 233 2.8329 0.0 8.181805246746432 0.0 4.0 
1974 3381480.2 84.9767860183045 72.64517682698619 145.36501855468742 0 233 2.8329 0.0 8.181805246746432 0.0 4.0 
1975 3381513.6 84.9767860183045 72.64517682698619 145.36501855468742 0 233 2.8329 0.0 8.181805246746432 0.0 4.0 
1976 3381546.9 84.99704319783709 72.64160061477747 145.36501855468742 0 233 2.8329 0.0 8.181805246746432 0.0 4.0 
1977 3381580.2 84.99704319783709 72.64160061477747 145.36501855468742 0 233 2.8329 0.0 8.181805246746432 0.0 4.0 
1978 3381613.6 84.99704319783709 72.64160061477747 145.36501855468742 0 233 2.8329 0.0 8.181805246746432 0.0 4.0 
1979 3381646.9 84.99704319783709 72.64160061477747 145.36501855468742 0 233 2.8329 0.0 8.181805246746432 0.0 4.0 
1980 3381680.3 85.01396892602673 72.64160061477747 145.36501855468742 0 233 2.8329 0.0 8.181805246746432 0.0 4.0 
1981 3381713.6 85.01396892602673 72.64318060258496 145.36501855468742 0 233 2.8329 0.0 8.181805246746432 0.0 4.0 
1982 3381746.9 85.01396892602673 72.64318060258496 145.36501855468742 0 233 2.8329 0.0 8.181805246746432 0.0 4.0 
1983 3381780.3 85.01396892602673 72.64318060258496 145.36501855468742 0 233 2.8329 0.0 8.181805246746432 0.0 4.0 
1984 3381813.6 85.03958299228222 72.64318060258496 145.36501855468742 0 233 2.8329 0.0 8.181805246746432 0.0 4.0 
1985 3381846.9 85.03958299228222 72.65335584668448 145.36501855468742 0 233 2.8329 0.0 8.181805246746432 0.0 4.0 
1986 3381880.3 85.03958299228222 72.65335584668448 145.36501855468742 0 233 2.8329 0.0 8.181805246746432 0.0 4.0 
1987 3381913.6 85.03958299228222 72.65335584668448 145.36501855468742 0 233 2.8329 0.0 8.181805246746432 0.0 4.0 
1988 3381946.9 85.05991948318747 72.66395650647064 145.36501855468742 0 233 2.8329 0.0 8.181805246746432 0.0 4.0 
1989 3381980.3 85.05991948318747 72.66395650647064 145.36501855468742 0 233 2.8329 0.0 8.181805246746432 0.0 4.0 
1990 3382013.6 85.05991948318747 72.66395650647064 145.36501855468742 0 233 2.8329 0.0 8.181805246746432 0.0 4.0 
1991 3382046.9 85.06701310046473 72.66395650647064 145.36501855468742 0 233 2.8329 0.0 8.181805246746432 0.0 4.0 
1992 3382080.3 85.06701310046473 72.66864977577758 145.36501855468742 0 233 2.8329 0.0 8.181805246746432 0.0 4.0 
1993 3382113.6 85.06701310046473 72.66864977577758 145.36501855468742 0 233 2.8329 0.0 8.181805246746432 0.0 4.0 
1994 3382147.0 85.08146463380358 72.66864977577758 145.36501855468742 0 233 2.8329 0.0 8.181805246746432 0.0 4.0 
1995 3382180.3 85.08146463380358 72.6736100322786 145.36501855468742 0 233 2.8329 0.0 8.181805246746432 0.0 4.0 
1996 3382213.6 85.08146463380358 72.6736100322786 145.36501855468742 0 233 2.8329 0.0 8.181805246746432 0.0 4.0 
1997 3382247.0 85.08146463380358 72.6736100322786 145.36501855468742 0 233 2.8329 0.0 8.181805246746432 0.0 4.0 
1998 3382280.3 85.09321522509394 72.6736100322786 145.36501855468742 0 233 2.8329 0.0 8.181805246746432 0.0 4.0 
1999 3382313.6 85.09321522509394 72.6736100322786 145.36501855468742 0 233 2.8329 0.0 8.181805246746432 0.0 4.0 
2000 3382347.0 85.09321522509394 72.6736100322786 145.36501855468742 0 233 2.8329 0.0 8.181805246746432 0.0 4.0 
2001 3382380.3 85.10273978417422 72.6736100322786 145.36501855468742 0 233 2.8329 0.0 8.181805246746432 0.0 4.0 
2002 3382413.6 85.10273978417422 72.6705113523266 145.36501855468742 0 233 2.8329 0.0 8.181805246746432 0.0 4.0 
2003 3382447.0 85.10273978417422 72.6705113523266 145.36501855468742 0 233 2.8329 0.0 8.181805246746432 0.0 4.0 
2004 3382480.3 85.10273978417422 72.6705113523266 145.36501855468742 0 233 2.8329 0.0 8.181805246746432 0.0 4.0 
2005 3382513.7 85.1183037768565 72.6705113523266 145.36501855468742 0 233 2.8329 0.0 8.181805246746432 0.0 4.0 
2006 3382547.0 85.1183037768565 72.65904644895247 145.36501855468742 0 233 2.8329 0.0 8.181805246746432 0.0 4.0 
2007 3382580.3 85.1183037768565 72.65904644895247 145.36501855468742 0 233 2.8329 0.0 8.181805246746432 0.0 4.0 
2008 3382613.7 85.1183037768565 72.65904644895247 145.36501855468742 0 233 2.8329 0.0 8.181805246746432 0.0 4.0 
2009 3382647.0 85.13397693857678 72.64122581527943 145.36501855468742 0 233 2.8329 0.0 8.181805246746432 0.0 4.0 
2010 3382680.3 85.13397693857678 72.64122581527943 145.36501855468742 0 233 2.8329 0.0 8.181805246746432 0.0 4.0 
2011 3382713.7 85.13397693857678 72.64122581527943 145.36501855468742 0 233 2.8329 0.0 8.181805246746432 0.0 4.0 
2012 3382747.0 85.13872418710704 72.62817443585513 145.36501855468742 0 233 2.8329 0.0 8.181805246746432 0.0 4.0 
2013 3382780.3 85.13872418710704 72.62817443585513 145.36501855468742 0 233 2.8329 0.0 8.181805246746432 0.0 4.0 
2014 3382813.7 85.13872418710704 72.62817443585513 145.36501855468742 0 233 2.8329 0.0 8.181805246746432 0.0 4.0 
2015 3382847.0 85.13872418710704 72.62817443585513 145.36501855468742 0 233 2.8329 0.0 8.181805246746432 0.0 4.0 
2016 3382880.3 85.14682181695633 72.62817443585513 145.36501855468742 0 233 2.8329 0.0 8.181805246746432 0.0 4.0 
2017 3382913.7 85.14682181695633 72.60608373668408 145.36501855468742 0 233 2.8329 0.0 8.181805246746432 0.0 4.0 
2018 3382947.0 85.14682181695633 72.60608373668408 145.36501855468742 0 233 2.8329 0.0 8.181805246746432 0.0 4.0 
2019 3382980.4 85.14682181695633 72.60608373668408 145.36501855468742 0 233 2.8329 0.0 8.181805246746432 0.0 4.0 
2020 3383013.7 85.14976512803787 72.58706614929548 145.36501855468742 0 233 2.8329 0.0 8.181805246746432 0.0 4.0 
2021 3383047.0 85.14976512803787 72.58706614929548 145.36501855468742 0 233 2.8329 0.0 8.181805246746432 0.0 4.0 
2022 3383080.4 85.14976512803787 72.58706614929548 145.36501855468742 0 233 2.8329 0.0 8.181805246746432 0.0 4.0 
2023 3383113.7 85.14976512803787 72.58706614929548 145.36501855468742 0 233 2.8329 0.0 8.181805246746432 0.0 4.0 
2024 3383147.0 85.14976512803787 72.57306265201278 145.36501855468742 0 233 2.8329 0.0 8.181805246746432 0.0 4.0 
2025 3383180.4 85.14976512803787 72.57306265201278 145.36501855468742 0 233 2.8329 0.0 8.181805246746432 0.0 4.0 
2026 3383213.7 85.14976512803787 72.57306265201278 145.36501855468742 0 233 2.8329 0.0 8.181805246746432 0.0 4.0 
2027 3383247.0 85.14450234322119 72.57306265201278 145.36501855468742 0 233 2.8329 0.0 8.181805246746432 0.0 4.0 
2028 3383280.4 85.14450234322119 72.55389186131102 145.36501855468742 0 233 2.8329 0.0 8.181805246746432 0.0 4.0 
2029 3383313.7 85.14450234322119 72.55389186131102 145.36501855468742 0 233 2.8329 0.0 8.181805246746432 0.0 4.0 
2030 3383347.1 85.14450234322119 72.55389186131102 145.36501855468742 0 233 2.8329 0.0 8.181805246746432 0.0 4.0 
2031 3383380.4 85.13434074524956 72.55389186131102 145.36501855468742 0 233 2.8329 0.0 8.181805246746432 0.0 4.0 
2032 3383413.7 85.13434074524956 72.52852542344714 145.36501855468742 0 233 2.8329 0.0 8.181805246746432 0.0 4.0 
2033 3383447.1 85.13434074524956 72.52852542344714 145.36501855468742 0 233 2.8329 0.0 8.181805246746432 0.0 4.0 
2034 3383480.4 85.12932896171755 72.5159336842184 145.36501855468742 0 233 2.8329 0.0 8.181805246746432 0.0 4.0 
2035 3383513.7 85.12932896171755 72.5159336842184 145.36501855468742 0 233 2.8329 0.0 8.181805246746432 0.0 4.0 
2036 3383547.1 85.12932896171755 72.5159336842184 145.36501855468742 0 233 2.8329 0.0 8.181805246746432 0.0 4.0 
2037 3383580.4 85.12932896171755 72.5159336842184 145.36501855468742 0 233 2.8329 0.0 8.181805246746432 0.0 4.0 
2038 3383613.7 85.12268489961633 72.5159336842184 145.36501855468742 0 233 2.8329 0.0 8.181805246746432 0.0 4.0 
2039 3383647.1 85.12268489961633 72.50223902934299 145.36501855468742 0 233 2.8329 0.0 8.181805246746432 0.0 4.0 
2040 3383680.4 85.12268489961633 72.50223902934299 145.36501855468742 0 233 2.8329 0.0 8.181805246746432 0.0 4.0 
2041 3383713.7 85.11015497432948 72.50223902934299 145.36501855468742 0 233 2.8329 0.0 8.181805246746432 0.0 4.0 
2042 3383747.1 85.11015497432948 72.47993455329147 145.36501855468742 0 233 2.8329 0.0 8.181805246746432 0.0 4.0 
2043 3383780.4 85.11015497432948 72.47993455329147 145.36501855468742 0 233 2.8329 0.0 8.181805246746432 0.0 4.0 
2044 3383813.8 85.09984924482445 72.46694402077122 145.36501855468742 0 233 2.8329 0.0 8.181805246746432 0.0 4.0 
2045 3383847.1 85.09984924482445 72.46694402077122 145.36501855468742 0 233 2.8329 0.0 8.181805246746432 0.0 4.0 
2046 3383880.4 85.09984924482445 72.46694402077122 145.36501855468742 0 233 2.8329 0.0 8.181805246746432 0.0 4.0 
2047 3383913.8 85.09984924482445 72.46694402077122 145.36501855468742 0 233 2.8329 0.0 8.181805246746432 0.0 4.0 
2048 3383947.1 85.08264936356376 72.44525549666093 145.36501855468742 0 233 2.8329 0.0 8.181805246746432 0.0 4.0 
2049 3383980.4 85.08264936356376 72.44525549666093 145.36501855468742 0 233 2.8329 0.0 8.181805246746432 0.0 4.0 
2050 3384013.8 85.08264936356376 72.44525549666093 145.36501855468742 0 233 2.8329 0.0 8.181805246746432 0.0 4.0 
2051 3384047.1 85.0712070065622 72.44525549666093 145.36501855468742 0 233 2.8329 0.0 8.181805246746432 0.0 4.0 
2052 3384080.4 85.0712070065622 72.42490948305117 145.36501855468742 0 233 2.8329 0.0 8.181805246746432 0.0 4.0 
2053 3384113.8 85.0712070065622 72.42490948305117 145.36501855468742 0 233 2.8329 0.0 8.181805246746432 0.0 4.0 
2054 3384147.1 85.06862173306213 72.42490948305117 145.36501855468742 0 233 2.8329 0.0 8.181805246746432 0.0 4.0 
2055 3384180.5 85.06862173306213 72.40955103601162 145.36501855468742 0 233 2.8329 0.0 8.181805246746432 0.0 4.0 
2056 3384213.8 85.06862173306213 72.40955103601162 145.36501855468742 0 233 2.8329 0.0 8.181805246746432 0.0 4.0 
2057 3384247.1 85.07527469894342 72.38672490326947 145.36501855468742 0 233 2.8329 0.0 8.181805246746432 0.0 4.0 
2058 3384280.5 85.07527469894342 72.38672490326947 145.36501855468742 0 233 2.8329 0.0 8.181805246746432 0.0 4.0 
2059 3384313.8 85.07527469894342 72.38672490326947 145.36501855468742 0 233 2.8329 0.0 8.181805246746432 0.0 4.0 
2060 3384347.1 85.07527469894342 72.38672490326947 145.36501855468742 0 233 2.8329 0.0 8.181805246746432 0.0 4.0 
2061 3384380.5 85.088107114775 72.38672490326947 145.36501855468742 0 233 2.8329 0.0 8.181805246746432 0.0 4.0 
2062 3384413.8 85.088107114775 72.3689162602903 145.36501855468742 0 233 2.8329 0.0 8.181805246746432 0.0 4.0 
2063 3384447.1 85.088107114775 72.3689162602903 145.36501855468742 0 233 2.8329 0.0 8.181805246746432 0.0 4.0 
2064 3384480.5 85.088107114775 72.3689162602903 145.36501855468742 0 233 2.8329 0.0 8.181805246746432 0.0 4.0 
2065 3384513.8 85.10999394562627 72.3689162602903 145.36501855468742 0 233 2.8329 0.0 8.181805246746432 0.0 4.0 
2066 3384547.1 85.10999394562627 72.34988753476556 145.36501855468742 0 233 2.8329 0.0 8.181805246746432 0.0 4.0 
2067 3384580.5 85.10999394562627 72.34988753476556 145.36501855468742 0 233 2.8329 0.0 8.181805246746432 0.0 4.0 
2068 3384613.8 85.13719614399734 72.33545852513811 145.36501855468742 0 233 2.8329 0.0 8.181805246746432 0.0 4.0 
2069 3384647.2 85.13719614399734 72.33545852513811 145.36501855468742 0 233 2.8329 0.0 8.181805246746432 0.0 4.0 
2070 3384680.5 85.13719614399734 72.33545852513811 145.36501855468742 0 233 2.8329 0.0 8.181805246746432 0.0 4.0 
2071 3384713.8 85.16514369327753 72.32637235559581 145.36501855468742 0 233 2.8329 0.0 8.181805246746432 0.0 4.0 
2072 3384747.2 85.16514369327753 72.32637235559581 145.36501855468742 0 233 2.8329 0.0 8.181805246746432 0.0 4.0 
2073 3384780.5 85.16514369327753 72.32637235559581 145.36501855468742 0 233 2.8329 0.0 8.181805246746432 0.0 4.0 
2074 3384813.8 85.16514369327753 72.32637235559581 145.36501855468742 0 233 2.8329 0.0 8.181805246746432 0.0 4.0 
2075 3384847.2 85.18713050132814 72.32637235559581 145.36501855468742 0 233 2.8329 0.0 8.181805246746432 0.0 4.0 
2076 3384880.5 85.18713050132814 72.32280046981371 145.36501855468742 0 233 2.8329 0.0 8.181805246746432 0.0 4.0 
2077 3384913.8 85.18713050132814 72.32280046981371 145.36501855468742 0 233 2.8329 0.0 8.181805246746432 0.0 4.0 
2078 3384947.2 85.18713050132814 72.32280046981371 145.36501855468742 0 233 2.8329 0.0 8.181805246746432 0.0 4.0 
2079 3384980.5 85.21250061774562 72.32280046981371 145.36501855468742 0 233 2.8329 0.0 8.181805246746432 0.0 4.0 
2080 3385013.9 85.21250061774562 72.32280046981371 145.36501855468742 0 233 2.8329 0.0 8.181805246746432 0.0 4.0 
2081 3385047.2 85.21250061774562 72.32280046981371 145.36501855468742 0 233 2.8329 0.0 8.181805246746432 0.0 4.0 
2082 3385080.5 85.21250061774562 72.32280046981371 145.36501855468742 0 233 2.8329 0.0 8.181805246746432 0.0 4.0 
2083 3385113.9 85.24638891437618 72.3277368480036 145.36501855468742 0 233 2.8329 0.0 8.181805246746432 0.0 4.0 
2084 3385147.2 85.24638891437618 72.3277368480036 145.36501855468742 0 233 2.8329 0.0 8.181805246746432 0.0 4.0 
2085 3385180.5 85.24638891437618 72.3277368480036 145.36501855468742 0 233 2.8329 0.0 8.181805246746432 0.0 4.0 
2086 3385213.9 85.26915502427538 72.3277368480036 145.36501855468742 0 233 2.8329 0.0 8.181805246746432 0.0 4.0 
2087 3385247.2 85.26915502427538 72.33807913027529 145.36501855468742 0 233 2.8329 0.0 8.181805246746432 0.0 4.0 
2088 3385280.5 85.26915502427538 72.33807913027529 145.36501855468742 0 233 2.8329 0.0 8.181805246746432 0.0 4.0 
2089 3385313.9 85.28182254432183 72.33807913027529 145.36501855468742 0 233 2.8329 0.0 8.181805246746432 0.0 4.0 
2090 3385347.2 85.28182254432183 72.34461676315082 145.36501855468742 0 233 2.8329 0.0 8.181805246746432 0.0 4.0 
2091 3385380.5 85.28182254432183 72.34461676315082 145.36501855468742 0 233 2.8329 0.0 8.181805246746432 0.0 4.0 
2092 3385413.9 85.28182254432183 72.34461676315082 145.36501855468742 0 233 2.8329 0.0 8.181805246746432 0.0 4.0 
2093 3385447.2 85.31019423843804 72.3429657950228 145.36501855468742 0 233 2.8329 0.0 8.181805246746432 0.0 4.0 
2094 3385480.6 85.31019423843804 72.3429657950228 145.36501855468742 0 233 2.8329 0.0 8.181805246746432 0.0 4.0 
2095 3385513.9 85.31019423843804 72.3429657950228 145.36501855468742 0 233 2.8329 0.0 8.181805246746432 0.0 4.0 
2096 3385547.2 85.3372495516588 72.3429657950228 145.36501855468742 0 233 2.8329 0.0 8.181805246746432 0.0 4.0 
2097 3385580.6 85.3372495516588 72.33250992636567 145.36501855468742 0 233 2.8329 0.0 8.181805246746432 0.0 4.0 
2098 3385613.9 85.3372495516588 72.33250992636567 145.36501855468742 0 233 2.8329 0.0 8.181805246746432 0.0 4.0 
2099 3385647.2 85.3372495516588 72.33250992636567 145.36501855468742 0 233 2.8329 0.0 8.181805246746432 0.0 4.0 
2100 3385680.6 85.35982821176951 72.33250992636567 145.36501855468742 0 233 2.8329 0.0 8.181805246746432 0.0 4.0 
2101 3385713.9 85.35982821176951 72.31551695238541 145.36501855468742 0 233 2.8329 0.0 8.181805246746432 0.0 4.0 
2102 3385747.2 85.35982821176951 72.31551695238541 145.36501855468742 0 233 2.8329 0.0 8.181805246746432 0.0 4.0 
2103 3385780.6 85.36882688126919 72.3037290175408 145.36501855468742 0 233 2.8329 0.0 8.181805246746432 0.0 4.0 
2104 3385813.9 85.36882688126919 72.3037290175408 145.36501855468742 0 233 2.8329 0.0 8.181805246746432 0.0 4.0 
2105 3385847.3 85.36882688126919 72.3037290175408 145.36501855468742 0 233 2.8329 0.0 8.181805246746432 0.0 4.0 
2106 3385880.6 85.36882688126919 72.3037290175408 145.36501855468742 0 233 2.8329 0.0 8.181805246746432 0.0 4.0 
2107 3385913.9 85.38889619902527 72.2873596820757 145.36501855468742 0 233 2.8329 0.0 8.181805246746432 0.0 4.0 
2108 3385947.3 85.38889619902527 72.2873596820757 145.36501855468742 0 233 2.8329 0.0 8.181805246746432 0.0 4.0 
2109 3385980.6 85.38889619902527 72.2873596820757 145.36501855468742 0 233 2.8329 0.0 8.181805246746432 0.0 4.0 
2110 3386013.9 85.38889619902527 72.2873596820757 145.36501855468742 0 233 2.8329 0.0 8.181805246746432 0.0 4.0 
2111 3386047.3 85.40663772827176 72.2873596820757 145.36501855468742 0 233 2.8329 0.0 8.181805246746432 0.0 4.0 
2112 3386080.6 85.40663772827176 72.2694707471907 145.36501855468742 0 233 2.8329 0.0 8.181805246746432 0.0 4.0 
2113 3386113.9 85.40663772827176 72.2694707471907 145.36501855468742 0 233 2.8329 0.0 8.181805246746432 0.0 4.0 
2114 3386147.3 85.41185016245822 72.2694707471907 145.36501855468742 0 233 2.8329 0.0 8.181805246746432 0.0 4.0 
2115 3386180.6 85.41185016245822 72.261737279212 145.36501855468742 0 233 2.8329 0.0 8.181805246746432 0.0 4.0 
2116 3386213.9 85.41185016245822 72.261737279212 145.36501855468742 0 233 2.8329 0.0 8.181805246746432 0.0 4.0 
2117 3386247.3 85.41633783351318 72.261737279212 145.36501855468742 0 233 2.8329 0.0 8.181805246746432 0.0 4.0 
2118 3386280.6 85.41633783351318 72.25453068779746 145.36501855468742 0 233 2.8329 0.0 8.181805246746432 0.0 4.0 
2119 3386314.0 85.41633783351318 72.25453068779746 145.36501855468742 0 233 2.8329 0.0 8.181805246746432 0.0 4.0 
2120 3386347.3 85.42562801872467 72.25453068779746 145.36501855468742 0 233 2.8329 0.0 8.181805246746432 0.0 4.0 
2121 3386380.6 85.42562801872467 72.23561841256384 145.36501855468742 0 233 2.8329 0.0 8.181805246746432 0.0 4.0 
2122 3386414.0 85.42562801872467 72.23561841256384 145.36501855468742 0 233 2.8329 0.0 8.181805246746432 0.0 4.0 
2123 3386447.3 85.42562801872467 72.23561841256384 145.36501855468742 0 233 2.8329 0.0 8.181805246746432 0.0 4.0 
2124 3386480.6 85.42821628753721 72.23561841256384 145.36501855468742 0 233 2.8329 0.0 8.181805246746432 0.0 4.0 
2125 3386514.0 85.42821628753721 72.22668631793975 145.36501855468742 0 233 2.8329 0.0 8.181805246746432 0.0 4.0 
2126 3386547.3 85.42821628753721 72.22668631793975 145.36501855468742 0 233 2.8329 0.0 8.181805246746432 0.0 4.0 
2127 3386580.6 85.42821628753721 72.21291854800305 145.36501855468742 0 233 2.8329 0.0 8.181805246746432 0.0 4.0 
2128 3386614.0 85.42821628753721 72.21291854800305 145.36501855468742 0 233 2.8329 0.0 8.181805246746432 0.0 4.0 
2129 3386647.3 85.42821628753721 72.21291854800305 145.36501855468742 0 233 2.8329 0.0 8.181805246746432 0.0 4.0 
2130 3386680.7 85.42821628753721 72.21291854800305 145.36501855468742 0 233 2.8329 0.0 8.181805246746432 0.0 4.0 
2131 3386714.0 85.42477448362843 72.21291854800305 145.36501855468742 0 233 2.8329 0.0 8.181805246746432 0.0 4.0 
2132 3386747.3 85.42477448362843 72.19900524920062 145.36501855468742 0 233 2.8329 0.0 8.181805246746432 0.0 4.0 
2133 3386780.7 85.42477448362843 72.19900524920062 145.36501855468742 0 233 2.8329 0.0 8.181805246746432 0.0 4.0 
2134 3386814.0 85.42269471981349 72.19900524920062 145.36501855468742 0 233 2.8329 0.0 8.181805246746432 0.0 4.0 
2135 3386847.3 85.42269471981349 72.16992020286281 145.36501855468742 0 233 2.8329 0.0 8.181805246746432 0.0 4.0 
2136 3386880.7 85.42269471981349 72.16992020286281 145.36501855468742 0 233 2.8329 0.0 8.181805246746432 0.0 4.0 
2137 3386914.0 85.42269471981349 72.16992020286281 145.36501855468742 0 233 2.8329 0.0 8.181805246746432 0.0 4.0 
2138 3386947.3 85.42269471981349 72.15434600908313 145.36501855468742 0 233 2.8329 0.0 8.181805246746432 0.0 4.0 
2139 3386980.7 85.42269471981349 72.15434600908313 145.36501855468742 0 233 2.8329 0.0 8.181805246746432 0.0 4.0 
2140 3387014.0 85.42269471981349 72.15434600908313 145.36501855468742 0 233 2.8329 0.0 8.181805246746432 0.0 4.0 
2141 3387047.3 85.42398195551799 72.14030690907863 145.36501855468742 0 233 2.8329 0.0 8.181805246746432 0.0 4.0 
2142 3387080.7 85.42398195551799 72.14030690907863 145.36501855468742 0 233 2.8329 0.0 8.181805246746432 0.0 4.0 
2143 3387114.0 85.42398195551799 72.14030690907863 145.36501855468742 0 233 2.8329 0.0 8.181805246746432 0.0 4.0 
2144 3387147.4 85.42398195551799 72.14030690907863 145.36501855468742 0 233 2.8329 0.0 8.181805246746432 0.0 4.0 
2145 3387180.7 85.42398195551799 72.12436725487159 145.36501855468742 0 233 2.8329 0.0 8.181805246746432 0.0 4.0 
2146 3387214.0 85.42398195551799 72.12436725487159 145.36501855468742 0 233 2.8329 0.0 8.181805246746432 0.0 4.0 
2147 3387247.4 85.42398195551799 72.12436725487159 145.36501855468742 0 233 2.8329 0.0 8.181805246746432 0.0 4.0 
2148 3387280.7 85.42398195551799 72.12436725487159 145.36501855468742 0 233 2.8329 0.0 8.181805246746432 0.0 4.0 
2149 3387314.0 85.42715189126244 72.12436725487159 145.36501855468742 0 233 2.8329 0.0 8.181805246746432 0.0 4.0 
2150 3387347.4 85.42715189126244 72.10338829349483 145.36501855468742 0 233 2.8329 0.0 8.181805246746432 0.0 4.0 
2151 3387380.7 85.42715189126244 72.10338829349483 145.36501855468742 0 233 2.8329 0.0 8.181805246746432 0.0 4.0 
2152 3387414.0 85.43612570769528 72.10338829349483 145.36501855468742 0 233 2.8329 0.0 8.181805246746432 0.0 4.0 
2153 3387447.4 85.43612570769528 72.08091812212838 145.36501855468742 0 233 2.8329 0.0 8.181805246746432 0.0 4.0 
2154 3387480.7 85.43612570769528 72.08091812212838 145.36501855468742 0 233 2.8329 0.0 8.181805246746432 0.0 4.0 
2155 3387514.1 85.43612570769528 72.08091812212838 145.36501855468742 0 233 2.8329 0.0 8.181805246746432 0.0 4.0 
2156 3387547.4 85.44610297138642 72.08091812212838 145.36501855468742 0 233 2.8329 0.0 8.181805246746432 0.0 4.0 
2157 3387580.7 85.44610297138642 72.06884005180598 145.36501855468742 0 233 2.8329 0.0 8.181805246746432 0.0 4.0 
2158 3387614.1 85.44610297138642 72.06884005180598 145.36501855468742 0 233 2.8329 0.0 8.181805246746432 0.0 4.0 
2159 3387647.4 85.44610297138642 72.06884005180598 145.36501855468742 0 233 2.8329 0.0 8.181805246746432 0.0 4.0 
2160 3387680.7 85.47362752702146 72.04928301103978 145.36501855468742 0 233 2.8329 0.0 8.181805246746432 0.0 4.0 
2161 3387714.1 85.47362752702146 72.04928301103978 145.36501855468742 0 233 2.8329 0.0 8.181805246746432 0.0 4.0 
2162 3387747.4 85.47362752702146 72.04928301103978 145.36501855468742 0 233 2.8329 0.0 8.181805246746432 0.0 4.0 
2163 3387780.7 85.48239692599802 72.04928301103978 145.36501855468742 0 233 2.8329 0.0 8.181805246746432 0.0 4.0 
2164 3387814.1 85.48239692599802 72.04474851315172 145.36501855468742 0 233 2.8329 0.0 8.181805246746432 0.0 4.0 
2165 3387847.4 85.48239692599802 72.04474851315172 145.36501855468742 0 233 2.8329 0.0 8.181805246746432 0.0 4.0 
2166 3387880.7 85.48239692599802 72.04474851315172 145.36501855468742 0 233 2.8329 0.0 8.181805246746432 0.0 4.0 
2167 3387914.1 85.50541510278524 72.04474851315172 145.36501855468742 0 233 2.8329 0.0 8.181805246746432 0.0 4.0 
2168 3387947.4 85.50541510278524 72.0428133507827 145.36501855468742 0 233 2.8329 0.0 8.181805246746432 0.0 4.0 
2169 3387980.8 85.50541510278524 72.0428133507827 145.36501855468742 0 233 2.8329 0.0 8.181805246746432 0.0 4.0 
2170 3388014.1 85.50541510278524 72.0428133507827 145.36501855468742 0 233 2.8329 0.0 8.181805246746432 0.0 4.0 
2171 3388047.4 85.53467375281532 72.04453026180205 145.36501855468742 0 233 2.8329 0.0 8.181805246746432 0.0 4.0 
2172 3388080.8 85.53467375281532 72.04453026180205 145.36501855468742 0 233 2.8329 0.0 8.181805246746432 0.0 4.0 
2173 3388114.1 85.53467375281532 72.04453026180205 145.36501855468742 0 233 2.8329 0.0 8.181805246746432 0.0 4.0 
2174 3388147.4 85.55989174319171 72.04453026180205 145.36501855468742 0 233 2.8329 0.0 8.181805246746432 0.0 4.0 
2175 3388180.8 85.55989174319171 72.05166574020005 145.36501855468742 0 233 2.8329 0.0 8.181805246746432 0.0 4.0 
2176 3388214.1 85.55989174319171 72.05166574020005 145.36501855468742 0 233 2.8329 0.0 8.181805246746432 0.0 4.0 
2177 3388247.4 85.55989174319171 72.05166574020005 145.36501855468742 0 233 2.8329 0.0 8.181805246746432 0.0 4.0 
2178 3388280.8 85.58368982767098 72.05166574020005 145.36501855468742 0 233 2.8329 0.0 8.181805246746432 0.0 4.0 
2179 3388314.1 85.58368982767098 72.05920120225403 145.36501855468742 0 233 2.8329 0.0 8.181805246746432 0.0 4.0 
2180 3388347.5 85.58368982767098 72.05920120225403 145.36501855468742 0 233 2.8329 0.0 8.181805246746432 0.0 4.0 
2181 3388380.8 85.58368982767098 72.05920120225403 145.36501855468742 0 233 2.8329 0.0 8.181805246746432 0.0 4.0 
2182 3388414.1 85.59831167395434 72.05920120225403 145.36501855468742 0 233 2.8329 0.0 8.181805246746432 0.0 4.0 
2183 3388447.5 85.59831167395434 72.06339762786081 145.36501855468742 0 233 2.8329 0.0 8.181805246746432 0.0 4.0 
2184 3388480.8 85.59831167395434 72.06339762786081 145.36501855468742 0 233 2.8329 0.0 8.181805246746432 0.0 4.0 
2185 3388514.1 85.59831167395434 72.06339762786081 145.36501855468742 0 233 2.8329 0.0 8.181805246746432 0.0 4.0 
2186 3388547.5 85.6187159628572 72.06339762786081 145.36501855468742 0 233 2.8329 0.0 8.181805246746432 0.0 4.0 
2187 3388580.8 85.6187159628572 72.06917870577529 145.36501855468742 0 233 2.8329 0.0 8.181805246746432 0.0 4.0 
2188 3388614.1 85.6187159628572 72.06917870577529 145.36501855468742 0 233 2.8329 0.0 8.181805246746432 0.0 4.0 
2189 3388647.5 85.6187159628572 72.06917870577529 145.36501855468742 0 233 2.8329 0.0 8.181805246746432 0.0 4.0 
2190 3388680.8 85.6445766238491 72.06917870577529 145.36501855468742 0 233 2.8329 0.0 8.181805246746432 0.0 4.0 
2191 3388714.1 85.6445766238491 72.07505911995065 145.36501855468742 0 233 2.8329 0.0 8.181805246746432 0.0 4.0 
2192 3388747.5 85.6445766238491 72.07505911995065 145.36501855468742 0 233 2.8329 0.0 8.181805246746432 0.0 4.0 
2193 3388780.8 85.6550271136253 72.07505911995065 145.36501855468742 0 233 2.8329 0.0 8.181805246746432 0.0 4.0 
2194 3388814.2 85.6550271136253 72.07505911995065 145.36501855468742 0 233 2.8329 0.0 8.181805246746432 0.0 4.0 
2195 3388847.5 85.67035281715998 72.07364634425116 145.36501855468742 0 233 2.8329 0.0 8.181805246746432 0.0 4.0 
2196 3388880.8 85.67035281715998 72.07364634425116 145.36501855468742 0 233 2.8329 0.0 8.181805246746432 0.0 4.0 
2197 3388914.2 85.67035281715998 72.07364634425116 145.36501855468742 0 233 2.8329 0.0 8.181805246746432 0.0 4.0 
2198 3388947.5 85.67035281715998 72.07364634425116 145.36501855468742 0 233 2.8329 0.0 8.181805246746432 0.0 4.0 
2199 3388980.8 85.68764491798439 72.07364634425116 145.36501855468742 0 233 2.8329 0.0 8.181805246746432 0.0 4.0 
2200 3389014.2 85.68764491798439 72.06680836396987 145.36501855468742 0 233 2.8329 0.0 8.181805246746432 0.0 4.0 
2201 3389047.5 85.68764491798439 72.06680836396987 145.36501855468742 0 233 2.8329 0.0 8.181805246746432 0.0 4.0 
2202 3389080.8 85.68764491798439 72.06680836396987 145.36501855468742 0 233 2.8329 0.0 8.181805246746432 0.0 4.0 
2203 3389114.2 85.70880697510992 72.06680836396987 145.36501855468742 0 233 2.8329 0.0 8.181805246746432 0.0 4.0 
2204 3389147.5 85.70880697510992 72.05180712833454 145.36501855468742 0 233 2.8329 0.0 8.181805246746432 0.0 4.0 
2205 3389180.9 85.70880697510992 72.05180712833454 145.36501855468742 0 233 2.8329 0.0 8.181805246746432 0.0 4.0 
2206 3389214.2 85.70880697510992 72.05180712833454 145.36501855468742 0 233 2.8329 0.0 8.181805246746432 0.0 4.0 
2207 3389247.5 85.72521250287268 72.05180712833454 145.36501855468742 0 233 2.8329 0.0 8.181805246746432 0.0 4.0 
2208 3389280.9 85.72521250287268 72.03852176651434 145.36501855468742 0 233 2.8329 0.0 8.181805246746432 0.0 4.0 
2209 3389314.2 85.72521250287268 72.03852176651434 145.36501855468742 0 233 2.8329 0.0 8.181805246746432 0.0 4.0 
2210 3389347.5 85.73973120930432 72.03852176651434 145.36501855468742 0 233 2.8329 0.0 8.181805246746432 0.0 4.0 
2211 3389380.9 85.73973120930432 72.03036936819203 145.36501855468742 0 233 2.8329 0.0 8.181805246746432 0.0 4.0 
2212 3389414.2 85.73973120930432 72.03036936819203 145.36501855468742 0 233 2.8329 0.0 8.181805246746432 0.0 4.0 
2213 3389447.5 85.73973120930432 72.03036936819203 145.36501855468742 0 233 2.8329 0.0 8.181805246746432 0.0 4.0 
2214 3389480.9 85.7472933450667 72.03036936819203 145.36501855468742 0 233 2.8329 0.0 8.181805246746432 0.0 4.0 
2215 3389514.2 85.7472933450667 72.02590982111148 145.36501855468742 0 233 2.8329 0.0 8.181805246746432 0.0 4.0 
2216 3389547.5 85.7472933450667 72.02590982111148 145.36501855468742 0 233 2.8329 0.0 8.181805246746432 0.0 4.0 
2217 3389580.9 85.7472933450667 72.02590982111148 145.36501855468742 0 233 2.8329 0.0 8.181805246746432 0.0 4.0 
2218 3389614.2 85.75904432884704 72.01871757388628 145.36501855468742 0 233 2.8329 0.0 8.181805246746432 0.0 4.0 
2219 3389647.6 85.75904432884704 72.01871757388628 145.36501855468742 0 233 2.8329 0.0 8.181805246746432 0.0 4.0 
2220 3389680.9 85.75904432884704 72.01871757388628 145.36501855468742 0 233 2.8329 0.0 8.181805246746432 0.0 4.0 
2221 3389714.2 85.75904432884704 72.01871757388628 145.36501855468742 0 233 2.8329 0.0 8.181805246746432 0.0 4.0 
2222 3389747.6 85.77053186987168 72.00768693667035 145.36501855468742 0 233 2.8329 0.0 8.181805246746432 0.0 4.0 
2223 3389780.9 85.77053186987168 72.00768693667035 145.36501855468742 0 233 2.8329 0.0 8.181805246746432 0.0 4.0 
2224 3389814.2 85.77053186987168 72.00768693667035 145.36501855468742 0 233 2.8329 0.0 8.181805246746432 0.0 4.0 
2225 3389847.6 85.77053186987168 72.00768693667035 145.36501855468742 0 233 2.8329 0.0 8.181805246746432 0.0 4.0 
2226 3389880.9 85.78085342019673 72.00768693667035 145.36501855468742 0 233 2.8329 0.0 8.181805246746432 0.0 4.0 
2227 3389914.2 85.78085342019673 71.99139434427795 145.36501855468742 0 233 2.8329 0.0 8.181805246746432 0.0 4.0 
2228 3389947.6 85.78085342019673 71.99139434427795 145.36501855468742 0 233 2.8329 0.0 8.181805246746432 0.0 4.0 
2229 3389980.9 85.78085342019673 71.99139434427795 145.36501855468742 0 233 2.8329 0.0 8.181805246746432 0.0 4.0 
2230 3390014.3 85.78691851434931 71.9810559913766 145.36501855468742 0 233 2.8329 0.0 8.181805246746432 0.0 4.0 
2231 3390047.6 85.78691851434931 71.9810559913766 145.36501855468742 0 233 2.8329 0.0 8.181805246746432 0.0 4.0 
2232 3390080.9 85.78691851434931 71.9810559913766 145.36501855468742 0 233 2.8329 0.0 8.181805246746432 0.0 4.0 
2233 3390114.3 85.78691851434931 71.9810559913766 145.36501855468742 0 233 2.8329 0.0 8.181805246746432 0.0 4.0 
2234 3390147.6 85.79712905924225 71.9810559913766 145.36501855468742 0 233 2.8329 0.0 8.181805246746432 0.0 4.0 
2235 3390180.9 85.79712905924225 71.96941406432616 145.36501855468742 0 233 2.8329 0.0 8.181805246746432 0.0 4.0 
2236 3390214.3 85.79712905924225 71.96941406432616 145.36501855468742 0 233 2.8329 0.0 8.181805246746432 0.0 4.0 
2237 3390247.6 85.80308066160873 71.96941406432616 145.36501855468742 0 233 2.8329 0.0 8.181805246746432 0.0 4.0 
2238 3390280.9 85.80308066160873 71.96096303002474 145.36501855468742 0 233 2.8329 0.0 8.181805246746432 0.0 4.0 
2239 3390314.3 85.80308066160873 71.96096303002474 145.36501855468742 0 233 2.8329 0.0 8.181805246746432 0.0 4.0 
2240 3390347.6 85.81360954603205 71.95292717963505 145.36501855468742 0 233 2.8329 0.0 8.181805246746432 0.0 4.0 
2241 3390380.9 85.81360954603205 71.95292717963505 145.36501855468742 0 233 2.8329 0.0 8.181805246746432 0.0 4.0 
2242 3390414.3 85.81360954603205 71.95292717963505 145.36501855468742 0 233 2.8329 0.0 8.181805246746432 0.0 4.0 
2243 3390447.6 85.81818436515633 71.95292717963505 145.36501855468742 0 233 2.8329 0.0 8.181805246746432 0.0 4.0 
2244 3390481.0 85.81818436515633 71.949327150061 145.36501855468742 0 233 2.8329 0.0 8.181805246746432 0.0 4.0 
2245 3390514.3 85.81818436515633 71.949327150061 145.36501855468742 0 233 2.8329 0.0 8.181805246746432 0.0 4.0 
2246 3390547.6 85.82192711868123 71.949327150061 145.36501855468742 0 233 2.8329 0.0 8.181805246746432 0.0 4.0 
2247 3390581.0 85.82192711868123 71.94404770172954 145.36501855468742 0 233 2.8329 0.0 8.181805246746432 0.0 4.0 
2248 3390614.3 85.82192711868123 71.94404770172954 145.36501855468742 0 233 2.8329 0.0 8.181805246746432 0.0 4.0 
2249 3390647.6 85.82671012896137 71.9378186780675 145.36501855468742 0 233 2.8329 0.0 8.181805246746432 0.0 4.0 
