# Recording
duration 75.006
nframes 2250
# Camera
framerate 29.997600191984642
imageToStage -0.993727445602417,-0.06086360290646553,0.06086360290646553,-0.993727445602417
rotation -3.080421285766743
imagenormaldir +Z
pixelsize 0.9955896
# Dual color
dualcolormode False
mainside Right
viewmode Splitted
recordingmode Original
translation_x 0.0
translation_y 0.0
rotation 0.0
# Tracking
roi_x 400
roi_y 400
capture_radius 400
min_step 1
threshold 30
binning 4
dark_bg True
mode CMS
area 400
# Frame Time X Y Z minBrightness maxBrightness meanBrightness medianBrightness skewness percentile_5 percentile_95
0 10402154.6 93.26704128197743 80.28532088471498 144.11622656249992 0 233 2.8329 0.0 8.181805246746432 0.0 4.0 
1 10402187.9 93.26704128197743 80.28532088471498 144.11622656249992 0 233 2.8329 0.0 8.181805246746432 0.0 4.0 
2 10402221.2 93.26548475724637 80.28532088471498 144.11622656249992 0 233 2.8329 0.0 8.181805246746432 0.0 4.0 
3 10402254.6 93.26548475724637 80.28532088471498 144.11622656249992 0 233 2.8329 0.0 8.181805246746432 0.0 4.0 
4 10402287.9 93.26548475724637 80.28532088471498 144.11622656249992 0 233 2.8329 0.0 8.181805246746432 0.0 4.0 
5 10402321.2 93.26314414953632 80.28532088471498 144.11622656249992 0 233 2.8329 0.0 8.181805246746432 0.0 4.0 
6 10402354.6 93.26314414953632 80.28701661921701 144.11622656249992 0 233 2.8329 0.0 8.181805246746432 0.0 4.0 
7 10402387.9 93.26314414953632 80.28701661921701 144.11622656249992 0 233 2.8329 0.0 8.181805246746432 0.0 4.0 
8 10402421.3 93.26314414953632 80.28701661921701 144.11622656249992 0 233 2.8329 0.0 8.181805246746432 0.0 4.0 
9 10402454.6 93.26140684946472 80.2890226266727 144.11622656249992 0 233 2.8329 0.0 8.181805246746432 0.0 4.0 
10 10402487.9 93.26140684946472 80.2890226266727 144.11622656249992 0 233 2.8329 0.0 8.181805246746432 0.0 4.0 
11 10402521.3 93.26140684946472 80.2890226266727 144.11622656249992 0 233 2.8329 0.0 8.181805246746432 0.0 4.0 
12 10402554.6 93.26001434848058 80.2890226266727 144.11622656249992 0 233 2.8329 0.0 8.181805246746432 0.0 4.0 
13 10402587.9 93.26001434848058 80.2890226266727 144.11622656249992 0 233 2.8329 0.0 8.181805246746432 0.0 4.0 
14 10402621.3 93.26460742571705 80.2890226266727 144.11622656249992 0 233 2.8329 0.0 8.181805246746432 0.0 4.0 
15 10402654.6 93.26460742571705 80.28735030191379 144.11622656249992 0 233 2.8329 0.0 8.181805246746432 0.0 4.0 
16 10402687.9 93.26460742571705 80.28735030191379 144.11622656249992 0 233 2.8329 0.0 8.181805246746432 0.0 4.0 
17 10402721.3 93.2701722319225 80.28735030191379 144.11622656249992 0 233 2.8329 0.0 8.181805246746432 0.0 4.0 
18 10402754.6 93.2701722319225 80.28410118725296 144.11622656249992 0 233 2.8329 0.0 8.181805246746432 0.0 4.0 
19 10402787.9 93.2701722319225 80.28410118725296 144.11622656249992 0 233 2.8329 0.0 8.181805246746432 0.0 4.0 
20 10402821.3 93.2701722319225 80.28410118725296 144.11622656249992 0 233 2.8329 0.0 8.181805246746432 0.0 4.0 
21 10402854.6 93.28036017986929 80.28410118725296 144.11622656249992 0 233 2.8329 0.0 8.181805246746432 0.0 4.0 
22 10402888.0 93.28036017986929 80.27578254357941 144.11622656249992 0 233 2.8329 0.0 8.181805246746432 0.0 4.0 
23 10402921.3 93.28036017986929 80.27578254357941 144.11622656249992 0 233 2.8329 0.0 8.181805246746432 0.0 4.0 
24 10402954.6 93.29703775232964 80.27578254357941 144.11622656249992 0 233 2.8329 0.0 8.181805246746432 0.0 4.0 
25 10402988.0 93.29703775232964 80.26579604142798 144.11622656249992 0 233 2.8329 0.0 8.181805246746432 0.0 4.0 
26 10403021.3 93.29703775232964 80.26579604142798 144.11622656249992 0 233 2.8329 0.0 8.181805246746432 0.0 4.0 
27 10403054.6 93.29703775232964 80.26579604142798 144.11622656249992 0 233 2.8329 0.0 8.181805246746432 0.0 4.0 
28 10403088.0 93.32115828008226 80.26579604142798 144.11622656249992 0 233 2.8329 0.0 8.181805246746432 0.0 4.0 
29 10403121.3 93.32115828008226 80.25333914883078 144.11622656249992 0 233 2.8329 0.0 8.181805246746432 0.0 4.0 
30 10403154.6 93.32115828008226 80.25333914883078 144.11622656249992 0 233 2.8329 0.0 8.181805246746432 0.0 4.0 
31 10403188.0 93.32115828008226 80.25333914883078 144.11622656249992 0 233 2.8329 0.0 8.181805246746432 0.0 4.0 
32 10403221.3 93.36632618259752 80.22721735678665 144.11622656249992 0 233 2.8329 0.0 8.181805246746432 0.0 4.0 
33 10403254.7 93.36632618259752 80.22721735678665 144.11622656249992 0 233 2.8329 0.0 8.181805246746432 0.0 4.0 
34 10403288.0 93.36632618259752 80.22721735678665 144.11622656249992 0 233 2.8329 0.0 8.181805246746432 0.0 4.0 
35 10403321.3 93.36632618259752 80.22721735678665 144.11622656249992 0 233 2.8329 0.0 8.181805246746432 0.0 4.0 
36 10403354.7 93.36632618259752 80.22721735678665 144.11622656249992 0 233 2.8329 0.0 8.181805246746432 0.0 4.0 
37 10403388.0 93.40337789467048 80.22721735678665 144.11622656249992 0 233 2.8329 0.0 8.181805246746432 0.0 4.0 
38 10403421.3 93.40337789467048 80.1865898698262 144.11622656249992 0 233 2.8329 0.0 8.181805246746432 0.0 4.0 
39 10403454.7 93.40337789467048 80.1865898698262 144.11622656249992 0 233 2.8329 0.0 8.181805246746432 0.0 4.0 
40 10403488.0 93.40337789467048 80.1865898698262 144.11622656249992 0 233 2.8329 0.0 8.181805246746432 0.0 4.0 
41 10403521.3 93.40337789467048 80.1865898698262 144.11622656249992 0 233 2.8329 0.0 8.181805246746432 0.0 4.0 
42 10403554.7 93.41817110728377 80.16033792080769 144.11622656249992 0 233 2.8329 0.0 8.181805246746432 0.0 4.0 
43 10403588.0 93.41817110728377 80.16033792080769 144.11622656249992 0 233 2.8329 0.0 8.181805246746432 0.0 4.0 
44 10403621.3 93.41817110728377 80.16033792080769 144.11622656249992 0 233 2.8329 0.0 8.181805246746432 0.0 4.0 
45 10403654.7 93.41961950908832 80.15423976246605 144.11622656249992 0 233 2.8329 0.0 8.181805246746432 0.0 4.0 
46 10403688.0 93.41961950908832 80.15423976246605 144.11622656249992 0 233 2.8329 0.0 8.181805246746432 0.0 4.0 
47 10403721.4 93.41961950908832 80.15423976246605 144.11622656249992 0 233 2.8329 0.0 8.181805246746432 0.0 4.0 
48 10403754.7 93.41747893107677 80.15423976246605 144.11622656249992 0 233 2.8329 0.0 8.181805246746432 0.0 4.0 
49 10403788.0 93.41747893107677 80.15748522466704 144.11622656249992 0 233 2.8329 0.0 8.181805246746432 0.0 4.0 
50 10403821.4 93.41747893107677 80.15748522466704 144.11622656249992 0 233 2.8329 0.0 8.181805246746432 0.0 4.0 
51 10403854.7 93.41747893107677 80.15748522466704 144.11622656249992 0 233 2.8329 0.0 8.181805246746432 0.0 4.0 
52 10403888.0 93.41398163787238 80.15748522466704 144.11622656249992 0 233 2.8329 0.0 8.181805246746432 0.0 4.0 
53 10403921.4 93.41398163787238 80.16476040314589 144.11622656249992 0 233 2.8329 0.0 8.181805246746432 0.0 4.0 
54 10403954.7 93.41398163787238 80.16476040314589 144.11622656249992 0 233 2.8329 0.0 8.181805246746432 0.0 4.0 
55 10403988.0 93.41398163787238 80.16476040314589 144.11622656249992 0 233 2.8329 0.0 8.181805246746432 0.0 4.0 
56 10404021.4 93.4084878080091 80.17310330701667 144.11622656249992 0 233 2.8329 0.0 8.181805246746432 0.0 4.0 
57 10404054.7 93.4084878080091 80.17310330701667 144.11622656249992 0 233 2.8329 0.0 8.181805246746432 0.0 4.0 
58 10404088.1 93.4084878080091 80.17310330701667 144.11622656249992 0 233 2.8329 0.0 8.181805246746432 0.0 4.0 
59 10404121.4 93.4084878080091 80.17310330701667 144.11622656249992 0 233 2.8329 0.0 8.181805246746432 0.0 4.0 
60 10404154.7 93.40491275212123 80.17310330701667 144.11622656249992 0 233 2.8329 0.0 8.181805246746432 0.0 4.0 
61 10404188.1 93.40491275212123 80.1771609625124 144.11622656249992 0 233 2.8329 0.0 8.181805246746432 0.0 4.0 
62 10404221.4 93.40491275212123 80.1771609625124 144.11622656249992 0 233 2.8329 0.0 8.181805246746432 0.0 4.0 
63 10404254.7 93.40491275212123 80.1771609625124 144.11622656249992 0 233 2.8329 0.0 8.181805246746432 0.0 4.0 
64 10404288.1 93.40083884491352 80.1771609625124 144.11622656249992 0 233 2.8329 0.0 8.181805246746432 0.0 4.0 
65 10404321.4 93.40083884491352 80.18177412217253 144.11622656249992 0 233 2.8329 0.0 8.181805246746432 0.0 4.0 
66 10404354.7 93.40083884491352 80.18177412217253 144.11622656249992 0 233 2.8329 0.0 8.181805246746432 0.0 4.0 
67 10404388.1 93.40083884491352 80.18177412217253 144.11622656249992 0 233 2.8329 0.0 8.181805246746432 0.0 4.0 
68 10404421.4 93.3983328456532 80.18336176953835 144.11622656249992 0 233 2.8329 0.0 8.181805246746432 0.0 4.0 
69 10404454.7 93.3983328456532 80.18336176953835 144.11622656249992 0 233 2.8329 0.0 8.181805246746432 0.0 4.0 
70 10404488.1 93.3983328456532 80.18336176953835 144.11622656249992 0 233 2.8329 0.0 8.181805246746432 0.0 4.0 
71 10404521.4 93.39575858632803 80.18689487004663 144.11622656249992 0 233 2.8329 0.0 8.181805246746432 0.0 4.0 
72 10404554.8 93.39575858632803 80.18689487004663 144.11622656249992 0 233 2.8329 0.0 8.181805246746432 0.0 4.0 
73 10404588.1 93.39575858632803 80.18689487004663 144.11622656249992 0 233 2.8329 0.0 8.181805246746432 0.0 4.0 
74 10404621.4 93.39575858632803 80.18955422138123 144.11622656249992 0 233 2.8329 0.0 8.181805246746432 0.0 4.0 
75 10404654.8 93.39575858632803 80.18955422138123 144.11622656249992 0 233 2.8329 0.0 8.181805246746432 0.0 4.0 
76 10404688.1 93.39575858632803 80.1909776309901 144.11622656249992 0 233 2.8329 0.0 8.181805246746432 0.0 4.0 
77 10404721.4 93.39575858632803 80.1909776309901 144.11622656249992 0 233 2.8329 0.0 8.181805246746432 0.0 4.0 
78 10404754.8 93.39575858632803 80.1909776309901 144.11622656249992 0 233 2.8329 0.0 8.181805246746432 0.0 4.0 
79 10404788.1 93.39575858632803 80.1909776309901 144.11622656249992 0 233 2.8329 0.0 8.181805246746432 0.0 4.0 
80 10404821.4 93.3940354788513 80.1909776309901 144.11622656249992 0 233 2.8329 0.0 8.181805246746432 0.0 4.0 
81 10404854.8 93.3940354788513 80.1909776309901 144.11622656249992 0 233 2.8329 0.0 8.181805246746432 0.0 4.0 
82 10404888.1 93.3940354788513 80.1909776309901 144.11622656249992 0 233 2.8329 0.0 8.181805246746432 0.0 4.0 
83 10404921.5 93.3940354788513 80.1909776309901 144.11622656249992 0 233 2.8329 0.0 8.181805246746432 0.0 4.0 
84 10404954.8 93.3940354788513 80.1909776309901 144.11622656249992 0 233 2.8329 0.0 8.181805246746432 0.0 4.0 
85 10404988.1 93.3940354788513 80.1909776309901 144.11622656249992 0 233 2.8329 0.0 8.181805246746432 0.0 4.0 
86 10405021.5 93.3940354788513 80.1923194827954 144.11622656249992 0 233 2.8329 0.0 8.181805246746432 0.0 4.0 
87 10405054.8 93.3940354788513 80.1923194827954 144.11622656249992 0 233 2.8329 0.0 8.181805246746432 0.0 4.0 
88 10405088.1 93.3940354788513 80.1923194827954 144.11622656249992 0 233 2.8329 0.0 8.181805246746432 0.0 4.0 
89 10405121.5 93.3940354788513 80.19119182149842 144.11622656249992 0 233 2.8329 0.0 8.181805246746432 0.0 4.0 
90 10405154.8 93.3940354788513 80.19119182149842 144.11622656249992 0 233 2.8329 0.0 8.181805246746432 0.0 4.0 
91 10405188.1 93.3940354788513 80.19119182149842 144.11622656249992 0 233 2.8329 0.0 8.181805246746432 0.0 4.0 
92 10405221.5 93.39203766809895 80.19119182149842 144.11622656249992 0 233 2.8329 0.0 8.181805246746432 0.0 4.0 
93 10405254.8 93.39203766809895 80.19119182149842 144.11622656249992 0 233 2.8329 0.0 8.181805246746432 0.0 4.0 
94 10405288.1 93.39203766809895 80.19119182149842 144.11622656249992 0 233 2.8329 0.0 8.181805246746432 0.0 4.0 
95 10405321.5 93.39203766809895 80.19119182149842 144.11622656249992 0 233 2.8329 0.0 8.181805246746432 0.0 4.0 
96 10405354.8 93.39203766809895 80.19119182149842 144.11622656249992 0 233 2.8329 0.0 8.181805246746432 0.0 4.0 
97 10405388.2 93.39203766809895 80.1888094540329 144.11622656249992 0 233 2.8329 0.0 8.181805246746432 0.0 4.0 
98 10405421.5 93.39203766809895 80.1888094540329 144.11622656249992 0 233 2.8329 0.0 8.181805246746432 0.0 4.0 
99 10405454.8 93.39076379998905 80.1888094540329 144.11622656249992 0 233 2.8329 0.0 8.181805246746432 0.0 4.0 
100 10405488.2 93.39076379998905 80.18723731672594 144.11622656249992 0 233 2.8329 0.0 8.181805246746432 0.0 4.0 
101 10405521.5 93.39076379998905 80.18435503273 144.11622656249992 0 233 2.8329 0.0 8.181805246746432 0.0 4.0 
102 10405554.8 93.39076379998905 80.18435503273 144.11622656249992 0 233 2.8329 0.0 8.181805246746432 0.0 4.0 
103 10405588.2 93.39076379998905 80.18435503273 144.11622656249992 0 233 2.8329 0.0 8.181805246746432 0.0 4.0 
104 10405621.5 93.39475033857812 80.18435503273 144.11622656249992 0 233 2.8329 0.0 8.181805246746432 0.0 4.0 
105 10405654.8 93.39475033857812 80.1772011590794 144.11622656249992 0 233 2.8329 0.0 8.181805246746432 0.0 4.0 
106 10405688.2 93.39475033857812 80.1772011590794 144.11622656249992 0 233 2.8329 0.0 8.181805246746432 0.0 4.0 
107 10405721.5 93.39806748051716 80.1772011590794 144.11622656249992 0 233 2.8329 0.0 8.181805246746432 0.0 4.0 
108 10405754.9 93.39806748051716 80.17488826608941 144.11622656249992 0 233 2.8329 0.0 8.181805246746432 0.0 4.0 
109 10405788.2 93.39806748051716 80.17488826608941 144.11622656249992 0 233 2.8329 0.0 8.181805246746432 0.0 4.0 
110 10405821.5 93.39806748051716 80.17488826608941 144.11622656249992 0 233 2.8329 0.0 8.181805246746432 0.0 4.0 
111 10405854.9 93.39563028937665 80.17488826608941 144.11622656249992 0 233 2.8329 0.0 8.181805246746432 0.0 4.0 
112 10405888.2 93.39563028937665 80.17777538120978 144.11622656249992 0 233 2.8329 0.0 8.181805246746432 0.0 4.0 
113 10405921.5 93.39563028937665 80.17777538120978 144.11622656249992 0 233 2.8329 0.0 8.181805246746432 0.0 4.0 
114 10405954.9 93.39345867851506 80.18103173214602 144.11622656249992 0 233 2.8329 0.0 8.181805246746432 0.0 4.0 
115 10405988.2 93.39345867851506 80.18103173214602 144.11622656249992 0 233 2.8329 0.0 8.181805246746432 0.0 4.0 
116 10406021.5 93.39345867851506 80.18103173214602 144.11622656249992 0 233 2.8329 0.0 8.181805246746432 0.0 4.0 
117 10406054.9 93.39345867851506 80.18103173214602 144.11622656249992 0 233 2.8329 0.0 8.181805246746432 0.0 4.0 
118 10406088.2 93.39517580604664 80.18103173214602 144.11622656249992 0 233 2.8329 0.0 8.181805246746432 0.0 4.0 
119 10406121.5 93.39517580604664 80.17881859439892 144.11622656249992 0 233 2.8329 0.0 8.181805246746432 0.0 4.0 
120 10406154.9 93.39517580604664 80.17881859439892 144.11622656249992 0 233 2.8329 0.0 8.181805246746432 0.0 4.0 
121 10406188.2 93.39517580604664 80.17881859439892 144.11622656249992 0 233 2.8329 0.0 8.181805246746432 0.0 4.0 
122 10406221.6 93.40740675771136 80.17881859439892 144.11622656249992 0 233 2.8329 0.0 8.181805246746432 0.0 4.0 
123 10406254.9 93.40740675771136 80.15885171806622 144.11622656249992 0 233 2.8329 0.0 8.181805246746432 0.0 4.0 
124 10406288.2 93.40740675771136 80.15885171806622 144.11622656249992 0 233 2.8329 0.0 8.181805246746432 0.0 4.0 
125 10406321.6 93.40740675771136 80.15885171806622 144.11622656249992 0 233 2.8329 0.0 8.181805246746432 0.0 4.0 
126 10406354.9 93.42100629971546 80.12076039921487 144.11622656249992 0 233 2.8329 0.0 8.181805246746432 0.0 4.0 
127 10406388.2 93.42100629971546 80.12076039921487 144.11622656249992 0 233 2.8329 0.0 8.181805246746432 0.0 4.0 
128 10406421.6 93.42100629971546 80.12076039921487 144.11622656249992 0 233 2.8329 0.0 8.181805246746432 0.0 4.0 
129 10406454.9 93.42100629971546 80.12076039921487 144.11622656249992 0 233 2.8329 0.0 8.181805246746432 0.0 4.0 
130 10406488.2 93.42656522545256 80.12076039921487 144.11622656249992 0 233 2.8329 0.0 8.181805246746432 0.0 4.0 
131 10406521.6 93.42656522545256 80.10367244516702 144.11622656249992 0 233 2.8329 0.0 8.181805246746432 0.0 4.0 
132 10406554.9 93.42656522545256 80.10367244516702 144.11622656249992 0 233 2.8329 0.0 8.181805246746432 0.0 4.0 
133 10406588.3 93.42656522545256 80.10367244516702 144.11622656249992 0 233 2.8329 0.0 8.181805246746432 0.0 4.0 
134 10406621.6 93.42656522545256 80.10027773882784 144.11622656249992 0 233 2.8329 0.0 8.181805246746432 0.0 4.0 
135 10406654.9 93.42656522545256 80.10027773882784 144.11622656249992 0 233 2.8329 0.0 8.181805246746432 0.0 4.0 
136 10406688.3 93.42527993277288 80.10027773882784 144.11622656249992 0 233 2.8329 0.0 8.181805246746432 0.0 4.0 
137 10406721.6 93.42527993277288 80.10027773882784 144.11622656249992 0 233 2.8329 0.0 8.181805246746432 0.0 4.0 
138 10406754.9 93.42359700338916 80.09741474385515 144.11622656249992 0 233 2.8329 0.0 8.181805246746432 0.0 4.0 
139 10406788.3 93.42359700338916 80.09741474385515 144.11622656249992 0 233 2.8329 0.0 8.181805246746432 0.0 4.0 
140 10406821.6 93.42359700338916 80.09741474385515 144.11622656249992 0 233 2.8329 0.0 8.181805246746432 0.0 4.0 
141 10406854.9 93.42150533993518 80.09166545520858 144.11622656249992 0 233 2.8329 0.0 8.181805246746432 0.0 4.0 
142 10406888.3 93.42150533993518 80.09166545520858 144.11622656249992 0 233 2.8329 0.0 8.181805246746432 0.0 4.0 
143 10406921.6 93.42150533993518 80.09166545520858 144.11622656249992 0 233 2.8329 0.0 8.181805246746432 0.0 4.0 
144 10406954.9 93.4192909403985 80.09166545520858 144.11622656249992 0 233 2.8329 0.0 8.181805246746432 0.0 4.0 
145 10406988.3 93.4192909403985 80.09016823744902 144.11622656249992 0 233 2.8329 0.0 8.181805246746432 0.0 4.0 
146 10407021.6 93.4192909403985 80.09016823744902 144.11622656249992 0 233 2.8329 0.0 8.181805246746432 0.0 4.0 
147 10407055.0 93.4192909403985 80.09016823744902 144.11622656249992 0 233 2.8329 0.0 8.181805246746432 0.0 4.0 
148 10407088.3 93.4170245455372 80.09147683950864 144.11622656249992 0 233 2.8329 0.0 8.181805246746432 0.0 4.0 
149 10407121.6 93.4170245455372 80.09147683950864 144.11622656249992 0 233 2.8329 0.0 8.181805246746432 0.0 4.0 
150 10407155.0 93.4170245455372 80.09147683950864 144.11622656249992 0 233 2.8329 0.0 8.181805246746432 0.0 4.0 
151 10407188.3 93.41504494158013 80.09147683950864 144.11622656249992 0 233 2.8329 0.0 8.181805246746432 0.0 4.0 
152 10407221.6 93.41504494158013 80.09344686144051 144.11622656249992 0 233 2.8329 0.0 8.181805246746432 0.0 4.0 
153 10407255.0 93.41504494158013 80.09344686144051 144.11622656249992 0 233 2.8329 0.0 8.181805246746432 0.0 4.0 
154 10407288.3 93.41504494158013 80.09344686144051 144.11622656249992 0 233 2.8329 0.0 8.181805246746432 0.0 4.0 
155 10407321.6 93.41504494158013 80.0954253490165 144.11622656249992 0 233 2.8329 0.0 8.181805246746432 0.0 4.0 
156 10407355.0 93.41504494158013 80.0954253490165 144.11622656249992 0 233 2.8329 0.0 8.181805246746432 0.0 4.0 
157 10407388.3 93.41504494158013 80.09664683801196 144.11622656249992 0 233 2.8329 0.0 8.181805246746432 0.0 4.0 
158 10407421.7 93.41504494158013 80.09664683801196 144.11622656249992 0 233 2.8329 0.0 8.181805246746432 0.0 4.0 
159 10407455.0 93.41504494158013 80.09664683801196 144.11622656249992 0 233 2.8329 0.0 8.181805246746432 0.0 4.0 
160 10407488.3 93.41504494158013 80.09561233395863 144.11622656249992 0 233 2.8329 0.0 8.181805246746432 0.0 4.0 
161 10407521.7 93.41504494158013 80.09561233395863 144.11622656249992 0 233 2.8329 0.0 8.181805246746432 0.0 4.0 
162 10407555.0 93.41504494158013 80.09561233395863 144.11622656249992 0 233 2.8329 0.0 8.181805246746432 0.0 4.0 
163 10407588.3 93.41504494158013 80.09561233395863 144.11622656249992 0 233 2.8329 0.0 8.181805246746432 0.0 4.0 
164 10407621.7 93.41368408586871 80.09561233395863 144.11622656249992 0 233 2.8329 0.0 8.181805246746432 0.0 4.0 
165 10407655.0 93.41368408586871 80.09561233395863 144.11622656249992 0 233 2.8329 0.0 8.181805246746432 0.0 4.0 
166 10407688.3 93.41368408586871 80.09561233395863 144.11622656249992 0 233 2.8329 0.0 8.181805246746432 0.0 4.0 
167 10407721.7 93.41368408586871 80.09561233395863 144.11622656249992 0 233 2.8329 0.0 8.181805246746432 0.0 4.0 
168 10407755.0 93.41260162983869 80.09561233395863 144.11622656249992 0 233 2.8329 0.0 8.181805246746432 0.0 4.0 
169 10407788.3 93.41260162983869 80.09819734569602 144.11622656249992 0 233 2.8329 0.0 8.181805246746432 0.0 4.0 
170 10407821.7 93.41260162983869 80.09819734569602 144.11622656249992 0 233 2.8329 0.0 8.181805246746432 0.0 4.0 
171 10407855.0 93.41260162983869 80.09819734569602 144.11622656249992 0 233 2.8329 0.0 8.181805246746432 0.0 4.0 
172 10407888.4 93.41143159676672 80.10205790222442 144.11622656249992 0 233 2.8329 0.0 8.181805246746432 0.0 4.0 
173 10407921.7 93.41143159676672 80.10205790222442 144.11622656249992 0 233 2.8329 0.0 8.181805246746432 0.0 4.0 
174 10407955.0 93.41143159676672 80.10205790222442 144.11622656249992 0 233 2.8329 0.0 8.181805246746432 0.0 4.0 
175 10407988.4 93.41143159676672 80.10205790222442 144.11622656249992 0 233 2.8329 0.0 8.181805246746432 0.0 4.0 
176 10408021.7 93.41143159676672 80.10533059526347 144.11622656249992 0 233 2.8329 0.0 8.181805246746432 0.0 4.0 
177 10408055.0 93.41143159676672 80.10533059526347 144.11622656249992 0 233 2.8329 0.0 8.181805246746432 0.0 4.0 
178 10408088.4 93.41143159676672 80.10533059526347 144.11622656249992 0 233 2.8329 0.0 8.181805246746432 0.0 4.0 
179 10408121.7 93.4133593715304 80.10533059526347 144.11622656249992 0 233 2.8329 0.0 8.181805246746432 0.0 4.0 
180 10408155.0 93.4133593715304 80.11129060393195 144.11622656249992 0 233 2.8329 0.0 8.181805246746432 0.0 4.0 
181 10408188.4 93.4133593715304 80.11129060393195 144.11622656249992 0 233 2.8329 0.0 8.181805246746432 0.0 4.0 
182 10408221.7 93.4133593715304 80.11129060393195 144.11622656249992 0 233 2.8329 0.0 8.181805246746432 0.0 4.0 
183 10408255.1 93.4133593715304 80.11906772128772 144.11622656249992 0 233 2.8329 0.0 8.181805246746432 0.0 4.0 
184 10408288.4 93.4133593715304 80.11906772128772 144.11622656249992 0 233 2.8329 0.0 8.181805246746432 0.0 4.0 
185 10408321.7 93.4133593715304 80.12434378567977 144.11622656249992 0 233 2.8329 0.0 8.181805246746432 0.0 4.0 
186 10408355.1 93.4133593715304 80.12434378567977 144.11622656249992 0 233 2.8329 0.0 8.181805246746432 0.0 4.0 
187 10408388.4 93.4133593715304 80.12434378567977 144.11622656249992 0 233 2.8329 0.0 8.181805246746432 0.0 4.0 
188 10408421.7 93.41512411335687 80.12781108436688 144.11622656249992 0 233 2.8329 0.0 8.181805246746432 0.0 4.0 
189 10408455.1 93.41512411335687 80.12781108436688 144.11622656249992 0 233 2.8329 0.0 8.181805246746432 0.0 4.0 
190 10408488.4 93.41708812373876 80.12781108436688 144.11622656249992 0 233 2.8329 0.0 8.181805246746432 0.0 4.0 
191 10408521.7 93.41708812373876 80.13217643630449 144.11622656249992 0 233 2.8329 0.0 8.181805246746432 0.0 4.0 
192 10408555.1 93.41708812373876 80.13217643630449 144.11622656249992 0 233 2.8329 0.0 8.181805246746432 0.0 4.0 
193 10408588.4 93.41708812373876 80.13217643630449 144.11622656249992 0 233 2.8329 0.0 8.181805246746432 0.0 4.0 
194 10408621.7 93.42030008432344 80.13217643630449 144.11622656249992 0 233 2.8329 0.0 8.181805246746432 0.0 4.0 
195 10408655.1 93.42030008432344 80.14213440531502 144.11622656249992 0 233 2.8329 0.0 8.181805246746432 0.0 4.0 
196 10408688.4 93.42030008432344 80.14213440531502 144.11622656249992 0 233 2.8329 0.0 8.181805246746432 0.0 4.0 
197 10408721.8 93.42166943056894 80.15046973407574 144.11622656249992 0 233 2.8329 0.0 8.181805246746432 0.0 4.0 
198 10408755.1 93.42166943056894 80.15046973407574 144.11622656249992 0 233 2.8329 0.0 8.181805246746432 0.0 4.0 
199 10408788.4 93.42166943056894 80.15046973407574 144.11622656249992 0 233 2.8329 0.0 8.181805246746432 0.0 4.0 
200 10408821.8 93.42166943056894 80.15540112014946 144.11622656249992 0 233 2.8329 0.0 8.181805246746432 0.0 4.0 
201 10408855.1 93.42166943056894 80.15540112014946 144.11622656249992 0 233 2.8329 0.0 8.181805246746432 0.0 4.0 
202 10408888.4 93.42166943056894 80.15540112014946 144.11622656249992 0 233 2.8329 0.0 8.181805246746432 0.0 4.0 
203 10408921.8 93.42325849648084 80.15540112014946 144.11622656249992 0 233 2.8329 0.0 8.181805246746432 0.0 4.0 
204 10408955.1 93.42325849648084 80.15948392934382 144.11622656249992 0 233 2.8329 0.0 8.181805246746432 0.0 4.0 
205 10408988.4 93.42325849648084 80.15948392934382 144.11622656249992 0 233 2.8329 0.0 8.181805246746432 0.0 4.0 
206 10409021.8 93.42325849648084 80.15948392934382 144.11622656249992 0 233 2.8329 0.0 8.181805246746432 0.0 4.0 
207 10409055.1 93.42325849648084 80.16571593038759 144.11622656249992 0 233 2.8329 0.0 8.181805246746432 0.0 4.0 
208 10409088.5 93.42325849648084 80.16571593038759 144.11622656249992 0 233 2.8329 0.0 8.181805246746432 0.0 4.0 
209 10409121.8 93.42325849648084 80.16571593038759 144.11622656249992 0 233 2.8329 0.0 8.181805246746432 0.0 4.0 
210 10409155.1 93.42325849648084 80.1730860126027 144.11622656249992 0 233 2.8329 0.0 8.181805246746432 0.0 4.0 
211 10409188.5 93.42325849648084 80.1730860126027 144.11622656249992 0 233 2.8329 0.0 8.181805246746432 0.0 4.0 
212 10409221.8 93.42325849648084 80.1730860126027 144.11622656249992 0 233 2.8329 0.0 8.181805246746432 0.0 4.0 
213 10409255.1 93.42513891956321 80.1730860126027 144.11622656249992 0 233 2.8329 0.0 8.181805246746432 0.0 4.0 
214 10409288.5 93.42513891956321 80.1822283610648 144.11622656249992 0 233 2.8329 0.0 8.181805246746432 0.0 4.0 
215 10409321.8 93.42513891956321 80.1822283610648 144.11622656249992 0 233 2.8329 0.0 8.181805246746432 0.0 4.0 
216 10409355.1 93.42513891956321 80.1822283610648 144.11622656249992 0 233 2.8329 0.0 8.181805246746432 0.0 4.0 
217 10409388.5 93.42635152619704 80.1822283610648 144.11622656249992 0 233 2.8329 0.0 8.181805246746432 0.0 4.0 
218 10409421.8 93.42635152619704 80.19138643561203 144.11622656249992 0 233 2.8329 0.0 8.181805246746432 0.0 4.0 
219 10409455.1 93.42635152619704 80.19138643561203 144.11622656249992 0 233 2.8329 0.0 8.181805246746432 0.0 4.0 
220 10409488.5 93.42635152619704 80.19272704346987 144.11622656249992 0 233 2.8329 0.0 8.181805246746432 0.0 4.0 
221 10409521.8 93.42635152619704 80.19272704346987 144.11622656249992 0 233 2.8329 0.0 8.181805246746432 0.0 4.0 
222 10409555.2 93.42635152619704 80.19272704346987 144.11622656249992 0 233 2.8329 0.0 8.181805246746432 0.0 4.0 
223 10409588.5 93.42635152619704 80.19434635340801 144.11622656249992 0 233 2.8329 0.0 8.181805246746432 0.0 4.0 
224 10409621.8 93.42635152619704 80.19434635340801 144.11622656249992 0 233 2.8329 0.0 8.181805246746432 0.0 4.0 
225 10409655.2 93.42449231151049 80.19434635340801 144.11622656249992 0 233 2.8329 0.0 8.181805246746432 0.0 4.0 
226 10409688.5 93.42449231151049 80.19621289747674 144.11622656249992 0 233 2.8329 0.0 8.181805246746432 0.0 4.0 
227 10409721.8 93.42449231151049 80.19621289747674 144.11622656249992 0 233 2.8329 0.0 8.181805246746432 0.0 4.0 
228 10409755.2 93.42200976147426 80.19621289747674 144.11622656249992 0 233 2.8329 0.0 8.181805246746432 0.0 4.0 
229 10409788.5 93.42200976147426 80.19934812911116 144.11622656249992 0 233 2.8329 0.0 8.181805246746432 0.0 4.0 
230 10409821.8 93.42200976147426 80.19934812911116 144.11622656249992 0 233 2.8329 0.0 8.181805246746432 0.0 4.0 
231 10409855.2 93.42200976147426 80.204550347117 144.11622656249992 0 233 2.8329 0.0 8.181805246746432 0.0 4.0 
232 10409888.5 93.42200976147426 80.204550347117 144.11622656249992 0 233 2.8329 0.0 8.181805246746432 0.0 4.0 
233 10409921.9 93.42321044809638 80.20764234264907 144.11622656249992 0 233 2.8329 0.0 8.181805246746432 0.0 4.0 
234 10409955.2 93.42321044809638 80.20764234264907 144.11622656249992 0 233 2.8329 0.0 8.181805246746432 0.0 4.0 
235 10409988.5 93.42321044809638 80.20764234264907 144.11622656249992 0 233 2.8329 0.0 8.181805246746432 0.0 4.0 
236 10410021.9 93.42434762347808 80.20764234264907 144.11622656249992 0 233 2.8329 0.0 8.181805246746432 0.0 4.0 
237 10410055.2 93.42434762347808 80.20764234264907 144.11622656249992 0 233 2.8329 0.0 8.181805246746432 0.0 4.0 
238 10410088.5 93.42434762347808 80.20764234264907 144.11622656249992 0 233 2.8329 0.0 8.181805246746432 0.0 4.0 
239 10410121.9 93.4276552983338 80.20764234264907 144.11622656249992 0 233 2.8329 0.0 8.181805246746432 0.0 4.0 
240 10410155.2 93.4276552983338 80.21075093330202 144.11622656249992 0 233 2.8329 0.0 8.181805246746432 0.0 4.0 
241 10410188.5 93.4276552983338 80.21075093330202 144.11622656249992 0 233 2.8329 0.0 8.181805246746432 0.0 4.0 
242 10410221.9 93.4276552983338 80.21075093330202 144.11622656249992 0 233 2.8329 0.0 8.181805246746432 0.0 4.0 
243 10410255.2 93.4253925292129 80.21236218846697 144.11622656249992 0 233 2.8329 0.0 8.181805246746432 0.0 4.0 
244 10410288.5 93.4253925292129 80.21236218846697 144.11622656249992 0 233 2.8329 0.0 8.181805246746432 0.0 4.0 
245 10410321.9 93.4253925292129 80.21236218846697 144.11622656249992 0 233 2.8329 0.0 8.181805246746432 0.0 4.0 
246 10410355.2 93.42065723096056 80.21543195150615 144.11622656249992 0 233 2.8329 0.0 8.181805246746432 0.0 4.0 
247 10410388.6 93.42065723096056 80.21543195150615 144.11622656249992 0 233 2.8329 0.0 8.181805246746432 0.0 4.0 
248 10410421.9 93.41250528181676 80.21543195150615 144.11622656249992 0 233 2.8329 0.0 8.181805246746432 0.0 4.0 
249 10410455.2 93.41250528181676 80.21543195150615 144.11622656249992 0 233 2.8329 0.0 8.181805246746432 0.0 4.0 
250 10410488.6 93.41250528181676 80.21543195150615 144.11622656249992 0 233 2.8329 0.0 8.181805246746432 0.0 4.0 
251 10410521.9 93.4072623292199 80.21543195150615 144.11622656249992 0 233 2.8329 0.0 8.181805246746432 0.0 4.0 
252 10410555.2 93.4072623292199 80.21810215001915 144.11622656249992 0 233 2.8329 0.0 8.181805246746432 0.0 4.0 
253 10410588.6 93.4072623292199 80.21810215001915 144.11622656249992 0 233 2.8329 0.0 8.181805246746432 0.0 4.0 
254 10410621.9 93.4072623292199 80.21810215001915 144.11622656249992 0 233 2.8329 0.0 8.181805246746432 0.0 4.0 
255 10410655.2 93.40580057021837 80.2126303285466 144.11622656249992 0 233 2.8329 0.0 8.181805246746432 0.0 4.0 
256 10410688.6 93.40580057021837 80.2126303285466 144.11622656249992 0 233 2.8329 0.0 8.181805246746432 0.0 4.0 
257 10410721.9 93.40580057021837 80.2126303285466 144.11622656249992 0 233 2.8329 0.0 8.181805246746432 0.0 4.0 
258 10410755.3 93.41007538755474 80.19094110118888 144.11622656249992 0 233 2.8329 0.0 8.181805246746432 0.0 4.0 
259 10410788.6 93.41007538755474 80.19094110118888 144.11622656249992 0 233 2.8329 0.0 8.181805246746432 0.0 4.0 
260 10410821.9 93.41007538755474 80.19094110118888 144.11622656249992 0 233 2.8329 0.0 8.181805246746432 0.0 4.0 
261 10410855.3 93.41007538755474 80.19094110118888 144.11622656249992 0 233 2.8329 0.0 8.181805246746432 0.0 4.0 
262 10410888.6 93.41400035952405 80.19094110118888 144.11622656249992 0 233 2.8329 0.0 8.181805246746432 0.0 4.0 
263 10410921.9 93.41400035952405 80.18002683045577 144.11622656249992 0 233 2.8329 0.0 8.181805246746432 0.0 4.0 
264 10410955.3 93.41400035952405 80.18002683045577 144.11622656249992 0 233 2.8329 0.0 8.181805246746432 0.0 4.0 
265 10410988.6 93.41400035952405 80.18002683045577 144.11622656249992 0 233 2.8329 0.0 8.181805246746432 0.0 4.0 
266 10411021.9 93.41722452576056 80.16509607590156 144.11622656249992 0 233 2.8329 0.0 8.181805246746432 0.0 4.0 
267 10411055.3 93.41722452576056 80.16509607590156 144.11622656249992 0 233 2.8329 0.0 8.181805246746432 0.0 4.0 
268 10411088.6 93.41722452576056 80.16509607590156 144.11622656249992 0 233 2.8329 0.0 8.181805246746432 0.0 4.0 
269 10411121.9 93.41722452576056 80.16509607590156 144.11622656249992 0 233 2.8329 0.0 8.181805246746432 0.0 4.0 
270 10411155.3 93.42142430000374 80.16509607590156 144.11622656249992 0 233 2.8329 0.0 8.181805246746432 0.0 4.0 
271 10411188.6 93.42142430000374 80.14305008044721 144.11622656249992 0 233 2.8329 0.0 8.181805246746432 0.0 4.0 
272 10411222.0 93.42142430000374 80.14305008044721 144.11622656249992 0 233 2.8329 0.0 8.181805246746432 0.0 4.0 
273 10411255.3 93.42142430000374 80.14305008044721 144.11622656249992 0 233 2.8329 0.0 8.181805246746432 0.0 4.0 
274 10411288.6 93.42142430000374 80.14305008044721 144.11622656249992 0 233 2.8329 0.0 8.181805246746432 0.0 4.0 
275 10411322.0 93.42330911045363 80.14305008044721 144.11622656249992 0 233 2.8329 0.0 8.181805246746432 0.0 4.0 
276 10411355.3 93.42330911045363 80.12158328815144 144.11622656249992 0 233 2.8329 0.0 8.181805246746432 0.0 4.0 
277 10411388.6 93.42330911045363 80.12158328815144 144.11622656249992 0 233 2.8329 0.0 8.181805246746432 0.0 4.0 
278 10411422.0 93.42613149234964 80.09951249601734 144.11622656249992 0 233 2.8329 0.0 8.181805246746432 0.0 4.0 
279 10411455.3 93.42613149234964 80.09951249601734 144.11622656249992 0 233 2.8329 0.0 8.181805246746432 0.0 4.0 
280 10411488.6 93.42613149234964 80.09951249601734 144.11622656249992 0 233 2.8329 0.0 8.181805246746432 0.0 4.0 
281 10411522.0 93.42613149234964 80.09110679752847 144.11622656249992 0 233 2.8329 0.0 8.181805246746432 0.0 4.0 
282 10411555.3 93.42613149234964 80.09110679752847 144.11622656249992 0 233 2.8329 0.0 8.181805246746432 0.0 4.0 
283 10411588.7 93.42613149234964 80.09110679752847 144.11622656249992 0 233 2.8329 0.0 8.181805246746432 0.0 4.0 
284 10411622.0 93.42613149234964 80.08803826140493 144.11622656249992 0 233 2.8329 0.0 8.181805246746432 0.0 4.0 
285 10411655.3 93.42613149234964 80.08803826140493 144.11622656249992 0 233 2.8329 0.0 8.181805246746432 0.0 4.0 
286 10411688.7 93.4250183753291 80.08803826140493 144.11622656249992 0 233 2.8329 0.0 8.181805246746432 0.0 4.0 
287 10411722.0 93.4250183753291 80.08461346214146 144.11622656249992 0 233 2.8329 0.0 8.181805246746432 0.0 4.0 
288 10411755.3 93.4250183753291 80.08461346214146 144.11622656249992 0 233 2.8329 0.0 8.181805246746432 0.0 4.0 
289 10411788.7 93.42267253024153 80.08461346214146 144.11622656249992 0 233 2.8329 0.0 8.181805246746432 0.0 4.0 
290 10411822.0 93.42267253024153 80.0833973133788 144.11622656249992 0 233 2.8329 0.0 8.181805246746432 0.0 4.0 
291 10411855.3 93.42267253024153 80.0833973133788 144.11622656249992 0 233 2.8329 0.0 8.181805246746432 0.0 4.0 
292 10411888.7 93.42063775760903 80.07954810913182 144.11622656249992 0 233 2.8329 0.0 8.181805246746432 0.0 4.0 
293 10411922.0 93.42063775760903 80.07954810913182 144.11622656249992 0 233 2.8329 0.0 8.181805246746432 0.0 4.0 
294 10411955.3 93.42063775760903 80.07954810913182 144.11622656249992 0 233 2.8329 0.0 8.181805246746432 0.0 4.0 
295 10411988.7 93.42063775760903 80.07725286469767 144.11622656249992 0 233 2.8329 0.0 8.181805246746432 0.0 4.0 
296 10412022.0 93.42063775760903 80.07725286469767 144.11622656249992 0 233 2.8329 0.0 8.181805246746432 0.0 4.0 
297 10412055.4 93.41866156091703 80.07725286469767 144.11622656249992 0 233 2.8329 0.0 8.181805246746432 0.0 4.0 
298 10412088.7 93.41866156091703 80.06269022785189 144.11622656249992 0 233 2.8329 0.0 8.181805246746432 0.0 4.0 
299 10412122.0 93.41866156091703 80.06269022785189 144.11622656249992 0 233 2.8329 0.0 8.181805246746432 0.0 4.0 
300 10412155.4 93.41866156091703 80.06269022785189 144.11622656249992 0 233 2.8329 0.0 8.181805246746432 0.0 4.0 
301 10412188.7 93.41685190547614 80.06269022785189 144.11622656249992 0 233 2.8329 0.0 8.181805246746432 0.0 4.0 
302 10412222.0 93.41685190547614 80.05198562500875 144.11622656249992 0 233 2.8329 0.0 8.181805246746432 0.0 4.0 
303 10412255.4 93.41685190547614 80.05198562500875 144.11622656249992 0 233 2.8329 0.0 8.181805246746432 0.0 4.0 
304 10412288.7 93.4140534004248 80.03803292557754 144.11622656249992 0 233 2.8329 0.0 8.181805246746432 0.0 4.0 
305 10412322.0 93.4140534004248 80.03803292557754 144.11622656249992 0 233 2.8329 0.0 8.181805246746432 0.0 4.0 
306 10412355.4 93.4140534004248 80.03803292557754 144.11622656249992 0 233 2.8329 0.0 8.181805246746432 0.0 4.0 
307 10412388.7 93.4140534004248 80.03803292557754 144.11622656249992 0 233 2.8329 0.0 8.181805246746432 0.0 4.0 
308 10412422.1 93.41135423202121 80.03803292557754 144.11622656249992 0 233 2.8329 0.0 8.181805246746432 0.0 4.0 
309 10412455.4 93.41135423202121 80.02926619316516 144.11622656249992 0 233 2.8329 0.0 8.181805246746432 0.0 4.0 
310 10412488.7 93.41135423202121 80.02926619316516 144.11622656249992 0 233 2.8329 0.0 8.181805246746432 0.0 4.0 
311 10412522.1 93.41135423202121 80.02926619316516 144.11622656249992 0 233 2.8329 0.0 8.181805246746432 0.0 4.0 
312 10412555.4 93.40851241503623 80.02926619316516 144.11622656249992 0 233 2.8329 0.0 8.181805246746432 0.0 4.0 
313 10412588.7 93.40851241503623 80.01934272216208 144.11622656249992 0 233 2.8329 0.0 8.181805246746432 0.0 4.0 
314 10412622.1 93.40851241503623 80.01934272216208 144.11622656249992 0 233 2.8329 0.0 8.181805246746432 0.0 4.0 
315 10412655.4 93.40394994776487 80.00712587575822 144.11622656249992 0 233 2.8329 0.0 8.181805246746432 0.0 4.0 
316 10412688.7 93.40394994776487 80.00712587575822 144.11622656249992 0 233 2.8329 0.0 8.181805246746432 0.0 4.0 
317 10412722.1 93.40394994776487 80.00712587575822 144.11622656249992 0 233 2.8329 0.0 8.181805246746432 0.0 4.0 
318 10412755.4 93.40394994776487 80.00712587575822 144.11622656249992 0 233 2.8329 0.0 8.181805246746432 0.0 4.0 
319 10412788.7 93.40158542060496 80.00712587575822 144.11622656249992 0 233 2.8329 0.0 8.181805246746432 0.0 4.0 
320 10412822.1 93.40158542060496 80.00237922255532 144.11622656249992 0 233 2.8329 0.0 8.181805246746432 0.0 4.0 
321 10412855.4 93.40158542060496 80.00237922255532 144.11622656249992 0 233 2.8329 0.0 8.181805246746432 0.0 4.0 
322 10412888.8 93.40158542060496 80.00237922255532 144.11622656249992 0 233 2.8329 0.0 8.181805246746432 0.0 4.0 
323 10412922.1 93.39829351307498 80.00237922255532 144.11622656249992 0 233 2.8329 0.0 8.181805246746432 0.0 4.0 
324 10412955.4 93.39829351307498 79.99392342252206 144.11622656249992 0 233 2.8329 0.0 8.181805246746432 0.0 4.0 
325 10412988.8 93.39829351307498 79.99392342252206 144.11622656249992 0 233 2.8329 0.0 8.181805246746432 0.0 4.0 
326 10413022.1 93.39829351307498 79.99392342252206 144.11622656249992 0 233 2.8329 0.0 8.181805246746432 0.0 4.0 
327 10413055.4 93.39330761291384 79.99392342252206 144.11622656249992 0 233 2.8329 0.0 8.181805246746432 0.0 4.0 
328 10413088.8 93.39330761291384 79.98304010821342 144.11622656249992 0 233 2.8329 0.0 8.181805246746432 0.0 4.0 
329 10413122.1 93.39330761291384 79.98304010821342 144.11622656249992 0 233 2.8329 0.0 8.181805246746432 0.0 4.0 
330 10413155.4 93.39330761291384 79.98304010821342 144.11622656249992 0 233 2.8329 0.0 8.181805246746432 0.0 4.0 
331 10413188.8 93.38646672775572 79.98304010821342 144.11622656249992 0 233 2.8329 0.0 8.181805246746432 0.0 4.0 
332 10413222.1 93.38646672775572 79.96715287301998 144.11622656249992 0 233 2.8329 0.0 8.181805246746432 0.0 4.0 
333 10413255.5 93.38646672775572 79.96715287301998 144.11622656249992 0 233 2.8329 0.0 8.181805246746432 0.0 4.0 
334 10413288.8 93.38646672775572 79.96715287301998 144.11622656249992 0 233 2.8329 0.0 8.181805246746432 0.0 4.0 
335 10413322.1 93.38278689875364 79.96715287301998 144.11622656249992 0 233 2.8329 0.0 8.181805246746432 0.0 4.0 
336 10413355.5 93.38278689875364 79.95991367631204 144.11622656249992 0 233 2.8329 0.0 8.181805246746432 0.0 4.0 
337 10413388.8 93.38278689875364 79.95991367631204 144.11622656249992 0 233 2.8329 0.0 8.181805246746432 0.0 4.0 
338 10413422.1 93.38278689875364 79.95991367631204 144.11622656249992 0 233 2.8329 0.0 8.181805246746432 0.0 4.0 
339 10413455.5 93.38278689875364 79.95800489197903 144.11622656249992 0 233 2.8329 0.0 8.181805246746432 0.0 4.0 
340 10413488.8 93.38278689875364 79.95800489197903 144.11622656249992 0 233 2.8329 0.0 8.181805246746432 0.0 4.0 
341 10413522.1 93.38506042136153 79.95800489197903 144.11622656249992 0 233 2.8329 0.0 8.181805246746432 0.0 4.0 
342 10413555.5 93.38506042136153 79.9600298639123 144.11622656249992 0 233 2.8329 0.0 8.181805246746432 0.0 4.0 
343 10413588.8 93.38506042136153 79.9600298639123 144.11622656249992 0 233 2.8329 0.0 8.181805246746432 0.0 4.0 
344 10413622.1 93.38749009237749 79.9600298639123 144.11622656249992 0 233 2.8329 0.0 8.181805246746432 0.0 4.0 
345 10413655.5 93.38749009237749 79.96426916814102 144.11622656249992 0 233 2.8329 0.0 8.181805246746432 0.0 4.0 
346 10413688.8 93.38749009237749 79.96426916814102 144.11622656249992 0 233 2.8329 0.0 8.181805246746432 0.0 4.0 
347 10413722.2 93.38749009237749 79.96426916814102 144.11622656249992 0 233 2.8329 0.0 8.181805246746432 0.0 4.0 
348 10413755.5 93.38952777434638 79.96426916814102 144.11622656249992 0 233 2.8329 0.0 8.181805246746432 0.0 4.0 
349 10413788.8 93.38952777434638 79.98723065251342 144.11622656249992 0 233 2.8329 0.0 8.181805246746432 0.0 4.0 
350 10413822.2 93.38952777434638 79.98723065251342 144.11622656249992 0 233 2.8329 0.0 8.181805246746432 0.0 4.0 
351 10413855.5 93.38952777434638 79.98723065251342 144.11622656249992 0 233 2.8329 0.0 8.181805246746432 0.0 4.0 
352 10413888.8 93.38487343460311 79.98723065251342 144.11622656249992 0 233 2.8329 0.0 8.181805246746432 0.0 4.0 
353 10413922.2 93.38487343460311 80.0207020806401 144.11622656249992 0 233 2.8329 0.0 8.181805246746432 0.0 4.0 
354 10413955.5 93.38487343460311 80.0207020806401 144.11622656249992 0 233 2.8329 0.0 8.181805246746432 0.0 4.0 
355 10413988.8 93.38487343460311 80.0207020806401 144.11622656249992 0 233 2.8329 0.0 8.181805246746432 0.0 4.0 
356 10414022.2 93.38487343460311 80.0207020806401 144.11622656249992 0 233 2.8329 0.0 8.181805246746432 0.0 4.0 
357 10414055.5 93.36137840410261 80.0207020806401 144.11622656249992 0 233 2.8329 0.0 8.181805246746432 0.0 4.0 
358 10414088.9 93.36137840410261 80.05305260117035 144.11622656249992 0 233 2.8329 0.0 8.181805246746432 0.0 4.0 
359 10414122.2 93.36137840410261 80.05305260117035 144.11622656249992 0 233 2.8329 0.0 8.181805246746432 0.0 4.0 
360 10414155.5 93.36137840410261 80.05305260117035 144.11622656249992 0 233 2.8329 0.0 8.181805246746432 0.0 4.0 
361 10414188.9 93.33710778982301 80.06802173129553 144.11622656249992 0 233 2.8329 0.0 8.181805246746432 0.0 4.0 
362 10414222.2 93.33710778982301 80.06802173129553 144.11622656249992 0 233 2.8329 0.0 8.181805246746432 0.0 4.0 
363 10414255.5 93.33710778982301 80.06802173129553 144.11622656249992 0 233 2.8329 0.0 8.181805246746432 0.0 4.0 
364 10414288.9 93.33710778982301 80.06802173129553 144.11622656249992 0 233 2.8329 0.0 8.181805246746432 0.0 4.0 
365 10414322.2 93.31435184692215 80.07532980498256 144.11622656249992 0 233 2.8329 0.0 8.181805246746432 0.0 4.0 
366 10414355.5 93.31435184692215 80.07532980498256 144.11622656249992 0 233 2.8329 0.0 8.181805246746432 0.0 4.0 
367 10414388.9 93.31435184692215 80.07532980498256 144.11622656249992 0 233 2.8329 0.0 8.181805246746432 0.0 4.0 
368 10414422.2 93.29854321100098 80.07532980498256 144.11622656249992 0 233 2.8329 0.0 8.181805246746432 0.0 4.0 
369 10414455.5 93.29854321100098 80.077900797421 144.11622656249992 0 233 2.8329 0.0 8.181805246746432 0.0 4.0 
370 10414488.9 93.29854321100098 80.077900797421 144.11622656249992 0 233 2.8329 0.0 8.181805246746432 0.0 4.0 
371 10414522.2 93.29854321100098 80.077900797421 144.11622656249992 0 233 2.8329 0.0 8.181805246746432 0.0 4.0 
372 10414555.6 93.28196088139048 80.0804868098007 144.11622656249992 0 233 2.8329 0.0 8.181805246746432 0.0 4.0 
373 10414588.9 93.28196088139048 80.0804868098007 144.11622656249992 0 233 2.8329 0.0 8.181805246746432 0.0 4.0 
374 10414622.2 93.28196088139048 80.0804868098007 144.11622656249992 0 233 2.8329 0.0 8.181805246746432 0.0 4.0 
375 10414655.6 93.26114558656725 80.07861069022884 144.11622656249992 0 233 2.8329 0.0 8.181805246746432 0.0 4.0 
376 10414688.9 93.26114558656725 80.07861069022884 144.11622656249992 0 233 2.8329 0.0 8.181805246746432 0.0 4.0 
377 10414722.2 93.26114558656725 80.07861069022884 144.11622656249992 0 233 2.8329 0.0 8.181805246746432 0.0 4.0 
378 10414755.6 93.26114558656725 80.07861069022884 144.11622656249992 0 233 2.8329 0.0 8.181805246746432 0.0 4.0 
379 10414788.9 93.23489721560689 80.07861069022884 144.11622656249992 0 233 2.8329 0.0 8.181805246746432 0.0 4.0 
380 10414822.2 93.23489721560689 80.0696637123602 144.11622656249992 0 233 2.8329 0.0 8.181805246746432 0.0 4.0 
381 10414855.6 93.23489721560689 80.0696637123602 144.11622656249992 0 233 2.8329 0.0 8.181805246746432 0.0 4.0 
382 10414888.9 93.23489721560689 80.0696637123602 144.11622656249992 0 233 2.8329 0.0 8.181805246746432 0.0 4.0 
383 10414922.3 93.23489721560689 80.0696637123602 144.11622656249992 0 233 2.8329 0.0 8.181805246746432 0.0 4.0 
384 10414955.6 93.20388100215166 80.05073778411933 144.11622656249992 0 233 2.8329 0.0 8.181805246746432 0.0 4.0 
385 10414988.9 93.20388100215166 80.05073778411933 144.11622656249992 0 233 2.8329 0.0 8.181805246746432 0.0 4.0 
386 10415022.3 93.20388100215166 80.05073778411933 144.11622656249992 0 233 2.8329 0.0 8.181805246746432 0.0 4.0 
387 10415055.6 93.18522492176118 80.05073778411933 144.11622656249992 0 233 2.8329 0.0 8.181805246746432 0.0 4.0 
388 10415088.9 93.18522492176118 80.03969788085233 144.11622656249992 0 233 2.8329 0.0 8.181805246746432 0.0 4.0 
389 10415122.3 93.18522492176118 80.03969788085233 144.11622656249992 0 233 2.8329 0.0 8.181805246746432 0.0 4.0 
390 10415155.6 93.18522492176118 80.03969788085233 144.11622656249992 0 233 2.8329 0.0 8.181805246746432 0.0 4.0 
391 10415188.9 93.18522492176118 80.03969788085233 144.11622656249992 0 233 2.8329 0.0 8.181805246746432 0.0 4.0 
392 10415222.3 93.17860395292885 80.03969788085233 144.11622656249992 0 233 2.8329 0.0 8.181805246746432 0.0 4.0 
393 10415255.6 93.17860395292885 80.03502946940924 144.11622656249992 0 233 2.8329 0.0 8.181805246746432 0.0 4.0 
394 10415288.9 93.17860395292885 80.03502946940924 144.11622656249992 0 233 2.8329 0.0 8.181805246746432 0.0 4.0 
395 10415322.3 93.1757257270651 80.03502946940924 144.11622656249992 0 233 2.8329 0.0 8.181805246746432 0.0 4.0 
396 10415355.6 93.1757257270651 80.03283634813201 144.11622656249992 0 233 2.8329 0.0 8.181805246746432 0.0 4.0 
397 10415389.0 93.1757257270651 80.03283634813201 144.11622656249992 0 233 2.8329 0.0 8.181805246746432 0.0 4.0 
398 10415422.3 93.17131661922755 80.03158960482372 144.11622656249992 0 233 2.8329 0.0 8.181805246746432 0.0 4.0 
399 10415455.6 93.17131661922755 80.03158960482372 144.11622656249992 0 233 2.8329 0.0 8.181805246746432 0.0 4.0 
400 10415489.0 93.17131661922755 80.03158960482372 144.11622656249992 0 233 2.8329 0.0 8.181805246746432 0.0 4.0 
401 10415522.3 93.16637276262222 80.03158960482372 144.11622656249992 0 233 2.8329 0.0 8.181805246746432 0.0 4.0 
402 10415555.6 93.16637276262222 80.03158960482372 144.11622656249992 0 233 2.8329 0.0 8.181805246746432 0.0 4.0 
403 10415589.0 93.1632083551661 80.03158960482372 144.11622656249992 0 233 2.8329 0.0 8.181805246746432 0.0 4.0 
404 10415622.3 93.1632083551661 80.03158960482372 144.11622656249992 0 233 2.8329 0.0 8.181805246746432 0.0 4.0 
405 10415655.6 93.15908975241337 80.03158960482372 144.11622656249992 0 233 2.8329 0.0 8.181805246746432 0.0 4.0 
406 10415689.0 93.15908975241337 80.02925348172629 144.11622656249992 0 233 2.8329 0.0 8.181805246746432 0.0 4.0 
407 10415722.3 93.15908975241337 80.02925348172629 144.11622656249992 0 233 2.8329 0.0 8.181805246746432 0.0 4.0 
408 10415755.7 93.15908975241337 80.02925348172629 144.11622656249992 0 233 2.8329 0.0 8.181805246746432 0.0 4.0 
409 10415789.0 93.14338041804353 80.01996567482865 144.11622656249992 0 233 2.8329 0.0 8.181805246746432 0.0 4.0 
410 10415822.3 93.14338041804353 80.01996567482865 144.11622656249992 0 233 2.8329 0.0 8.181805246746432 0.0 4.0 
411 10415855.7 93.14338041804353 80.01996567482865 144.11622656249992 0 233 2.8329 0.0 8.181805246746432 0.0 4.0 
412 10415889.0 93.14338041804353 80.01996567482865 144.11622656249992 0 233 2.8329 0.0 8.181805246746432 0.0 4.0 
413 10415922.3 93.13062077853529 80.01996567482865 144.11622656249992 0 233 2.8329 0.0 8.181805246746432 0.0 4.0 
414 10415955.7 93.13062077853529 80.0116919526959 144.11622656249992 0 233 2.8329 0.0 8.181805246746432 0.0 4.0 
415 10415989.0 93.13062077853529 80.0116919526959 144.11622656249992 0 233 2.8329 0.0 8.181805246746432 0.0 4.0 
416 10416022.3 93.13062077853529 80.0116919526959 144.11622656249992 0 233 2.8329 0.0 8.181805246746432 0.0 4.0 
417 10416055.7 93.11829107353054 80.0116919526959 144.11622656249992 0 233 2.8329 0.0 8.181805246746432 0.0 4.0 
418 10416089.0 93.11829107353054 80.00393324789509 144.11622656249992 0 233 2.8329 0.0 8.181805246746432 0.0 4.0 
419 10416122.3 93.11829107353054 80.00393324789509 144.11622656249992 0 233 2.8329 0.0 8.181805246746432 0.0 4.0 
420 10416155.7 93.11829107353054 80.00393324789509 144.11622656249992 0 233 2.8329 0.0 8.181805246746432 0.0 4.0 
421 10416189.0 93.10634890718339 79.99776713528466 144.11622656249992 0 233 2.8329 0.0 8.181805246746432 0.0 4.0 
422 10416222.4 93.10634890718339 79.99776713528466 144.11622656249992 0 233 2.8329 0.0 8.181805246746432 0.0 4.0 
423 10416255.7 93.10634890718339 79.99776713528466 144.11622656249992 0 233 2.8329 0.0 8.181805246746432 0.0 4.0 
424 10416289.0 93.09470909220877 79.99776713528466 144.11622656249992 0 233 2.8329 0.0 8.181805246746432 0.0 4.0 
425 10416322.4 93.09470909220877 79.99318770849436 144.11622656249992 0 233 2.8329 0.0 8.181805246746432 0.0 4.0 
426 10416355.7 93.09470909220877 79.99318770849436 144.11622656249992 0 233 2.8329 0.0 8.181805246746432 0.0 4.0 
427 10416389.0 93.09470909220877 79.99318770849436 144.11622656249992 0 233 2.8329 0.0 8.181805246746432 0.0 4.0 
428 10416422.4 93.08963918898559 79.99318770849436 144.11622656249992 0 233 2.8329 0.0 8.181805246746432 0.0 4.0 
429 10416455.7 93.08963918898559 79.99043329032452 144.11622656249992 0 233 2.8329 0.0 8.181805246746432 0.0 4.0 
430 10416489.0 93.08963918898559 79.99043329032452 144.11622656249992 0 233 2.8329 0.0 8.181805246746432 0.0 4.0 
431 10416522.4 93.08963918898559 79.99043329032452 144.11622656249992 0 233 2.8329 0.0 8.181805246746432 0.0 4.0 
432 10416555.7 93.08181058918849 79.98863670242281 144.11622656249992 0 233 2.8329 0.0 8.181805246746432 0.0 4.0 
433 10416589.1 93.08181058918849 79.98863670242281 144.11622656249992 0 233 2.8329 0.0 8.181805246746432 0.0 4.0 
434 10416622.4 93.08181058918849 79.98863670242281 144.11622656249992 0 233 2.8329 0.0 8.181805246746432 0.0 4.0 
435 10416655.7 93.08181058918849 79.98863670242281 144.11622656249992 0 233 2.8329 0.0 8.181805246746432 0.0 4.0 
436 10416689.1 93.07166508203689 79.98863670242281 144.11622656249992 0 233 2.8329 0.0 8.181805246746432 0.0 4.0 
437 10416722.4 93.07166508203689 79.98742435053492 144.11622656249992 0 233 2.8329 0.0 8.181805246746432 0.0 4.0 
438 10416755.7 93.07166508203689 79.98742435053492 144.11622656249992 0 233 2.8329 0.0 8.181805246746432 0.0 4.0 
439 10416789.1 93.06445271653295 79.98742435053492 144.11622656249992 0 233 2.8329 0.0 8.181805246746432 0.0 4.0 
440 10416822.4 93.06445271653295 79.98742435053492 144.11622656249992 0 233 2.8329 0.0 8.181805246746432 0.0 4.0 
441 10416855.7 93.06445271653295 79.98742435053492 144.11622656249992 0 233 2.8329 0.0 8.181805246746432 0.0 4.0 
442 10416889.1 93.05968328612947 79.98742435053492 144.11622656249992 0 233 2.8329 0.0 8.181805246746432 0.0 4.0 
443 10416922.4 93.05968328612947 79.98742435053492 144.11622656249992 0 233 2.8329 0.0 8.181805246746432 0.0 4.0 
444 10416955.7 93.05359712840477 79.98742435053492 144.11622656249992 0 233 2.8329 0.0 8.181805246746432 0.0 4.0 
445 10416989.1 93.05359712840477 79.98742435053492 144.11622656249992 0 233 2.8329 0.0 8.181805246746432 0.0 4.0 
446 10417022.4 93.05359712840477 79.98742435053492 144.11622656249992 0 233 2.8329 0.0 8.181805246746432 0.0 4.0 
447 10417055.8 93.05203852839057 79.98742435053492 144.11622656249992 0 233 2.8329 0.0 8.181805246746432 0.0 4.0 
448 10417089.1 93.05203852839057 79.98742435053492 144.11622656249992 0 233 2.8329 0.0 8.181805246746432 0.0 4.0 
449 10417122.4 93.05203852839057 79.98742435053492 144.11622656249992 0 233 2.8329 0.0 8.181805246746432 0.0 4.0 
450 10417155.8 93.05203852839057 79.98742435053492 144.11622656249992 0 233 2.8329 0.0 8.181805246746432 0.0 4.0 
451 10417189.1 93.05203852839057 79.98742435053492 144.11622656249992 0 233 2.8329 0.0 8.181805246746432 0.0 4.0 
452 10417222.4 93.05203852839057 79.98742435053492 144.11622656249992 0 233 2.8329 0.0 8.181805246746432 0.0 4.0 
453 10417255.8 93.05203852839057 79.98742435053492 144.11622656249992 0 233 2.8329 0.0 8.181805246746432 0.0 4.0 
454 10417289.1 93.05439119843899 79.98903551679432 144.11622656249992 0 233 2.8329 0.0 8.181805246746432 0.0 4.0 
455 10417322.4 93.05439119843899 79.98903551679432 144.11622656249992 0 233 2.8329 0.0 8.181805246746432 0.0 4.0 
456 10417355.8 93.05439119843899 79.98903551679432 144.11622656249992 0 233 2.8329 0.0 8.181805246746432 0.0 4.0 
457 10417389.1 93.06182066064831 79.9910838956939 144.11622656249992 0 233 2.8329 0.0 8.181805246746432 0.0 4.0 
458 10417422.5 93.06182066064831 79.9910838956939 144.11622656249992 0 233 2.8329 0.0 8.181805246746432 0.0 4.0 
459 10417455.8 93.06182066064831 79.9910838956939 144.11622656249992 0 233 2.8329 0.0 8.181805246746432 0.0 4.0 
460 10417489.1 93.06847690818103 79.9910838956939 144.11622656249992 0 233 2.8329 0.0 8.181805246746432 0.0 4.0 
461 10417522.5 93.06847690818103 79.99359185358517 144.11622656249992 0 233 2.8329 0.0 8.181805246746432 0.0 4.0 
462 10417555.8 93.06847690818103 79.99359185358517 144.11622656249992 0 233 2.8329 0.0 8.181805246746432 0.0 4.0 
463 10417589.1 93.06847690818103 79.99359185358517 144.11622656249992 0 233 2.8329 0.0 8.181805246746432 0.0 4.0 
464 10417622.5 93.07126581331885 79.9977278085373 144.11622656249992 0 233 2.8329 0.0 8.181805246746432 0.0 4.0 
465 10417655.8 93.07126581331885 79.9977278085373 144.11622656249992 0 233 2.8329 0.0 8.181805246746432 0.0 4.0 
466 10417689.1 93.07126581331885 79.9977278085373 144.11622656249992 0 233 2.8329 0.0 8.181805246746432 0.0 4.0 
467 10417722.5 93.06949762370272 80.00110050508826 144.11622656249992 0 233 2.8329 0.0 8.181805246746432 0.0 4.0 
468 10417755.8 93.06949762370272 80.00110050508826 144.11622656249992 0 233 2.8329 0.0 8.181805246746432 0.0 4.0 
469 10417789.1 93.06949762370272 80.00110050508826 144.11622656249992 0 233 2.8329 0.0 8.181805246746432 0.0 4.0 
470 10417822.5 93.06444721091164 80.00110050508826 144.11622656249992 0 233 2.8329 0.0 8.181805246746432 0.0 4.0 
471 10417855.8 93.06444721091164 80.0027105671803 144.11622656249992 0 233 2.8329 0.0 8.181805246746432 0.0 4.0 
472 10417889.2 93.06444721091164 80.0027105671803 144.11622656249992 0 233 2.8329 0.0 8.181805246746432 0.0 4.0 
473 10417922.5 93.06010401533675 80.0027105671803 144.11622656249992 0 233 2.8329 0.0 8.181805246746432 0.0 4.0 
474 10417955.8 93.06010401533675 80.0027105671803 144.11622656249992 0 233 2.8329 0.0 8.181805246746432 0.0 4.0 
475 10417989.2 93.06010401533675 80.0027105671803 144.11622656249992 0 233 2.8329 0.0 8.181805246746432 0.0 4.0 
476 10418022.5 93.05884236429078 80.00397200318302 144.11622656249992 0 233 2.8329 0.0 8.181805246746432 0.0 4.0 
477 10418055.8 93.05884236429078 80.00397200318302 144.11622656249992 0 233 2.8329 0.0 8.181805246746432 0.0 4.0 
478 10418089.2 93.05884236429078 80.00397200318302 144.11622656249992 0 233 2.8329 0.0 8.181805246746432 0.0 4.0 
479 10418122.5 93.06147993632345 80.00397200318302 144.11622656249992 0 233 2.8329 0.0 8.181805246746432 0.0 4.0 
480 10418155.8 93.06147993632345 80.00397200318302 144.11622656249992 0 233 2.8329 0.0 8.181805246746432 0.0 4.0 
481 10418189.2 93.07359384297507 80.00397200318302 144.11622656249992 0 233 2.8329 0.0 8.181805246746432 0.0 4.0 
482 10418222.5 93.07359384297507 80.00397200318302 144.11622656249992 0 233 2.8329 0.0 8.181805246746432 0.0 4.0 
483 10418255.9 93.07359384297507 80.00397200318302 144.11622656249992 0 233 2.8329 0.0 8.181805246746432 0.0 4.0 
484 10418289.2 93.11120255682208 80.00397200318302 144.11622656249992 0 233 2.8329 0.0 8.181805246746432 0.0 4.0 
485 10418322.5 93.11120255682208 80.01350288769461 144.11622656249992 0 233 2.8329 0.0 8.181805246746432 0.0 4.0 
486 10418355.9 93.11120255682208 80.01350288769461 144.11622656249992 0 233 2.8329 0.0 8.181805246746432 0.0 4.0 
487 10418389.2 93.11120255682208 80.01350288769461 144.11622656249992 0 233 2.8329 0.0 8.181805246746432 0.0 4.0 
488 10418422.5 93.11120255682208 80.01350288769461 144.11622656249992 0 233 2.8329 0.0 8.181805246746432 0.0 4.0 
489 10418455.9 93.13664309355816 80.02387867707185 144.11622656249992 0 233 2.8329 0.0 8.181805246746432 0.0 4.0 
490 10418489.2 93.13664309355816 80.02387867707185 144.11622656249992 0 233 2.8329 0.0 8.181805246746432 0.0 4.0 
491 10418522.5 93.13664309355816 80.02387867707185 144.11622656249992 0 233 2.8329 0.0 8.181805246746432 0.0 4.0 
492 10418555.9 93.13785078869586 80.02387867707185 144.11622656249992 0 233 2.8329 0.0 8.181805246746432 0.0 4.0 
493 10418589.2 93.13785078869586 80.02387867707185 144.11622656249992 0 233 2.8329 0.0 8.181805246746432 0.0 4.0 
494 10418622.5 93.13785078869586 80.02387867707185 144.11622656249992 0 233 2.8329 0.0 8.181805246746432 0.0 4.0 
495 10418655.9 93.14230155194038 80.02387867707185 144.11622656249992 0 233 2.8329 0.0 8.181805246746432 0.0 4.0 
496 10418689.2 93.14230155194038 80.02862481334854 144.11622656249992 0 233 2.8329 0.0 8.181805246746432 0.0 4.0 
497 10418722.6 93.14230155194038 80.02862481334854 144.11622656249992 0 233 2.8329 0.0 8.181805246746432 0.0 4.0 
498 10418755.9 93.14230155194038 80.02862481334854 144.11622656249992 0 233 2.8329 0.0 8.181805246746432 0.0 4.0 
499 10418789.2 93.15515355640497 80.03902375988093 144.11622656249992 0 233 2.8329 0.0 8.181805246746432 0.0 4.0 
500 10418822.6 93.15515355640497 80.03902375988093 144.11622656249992 0 233 2.8329 0.0 8.181805246746432 0.0 4.0 
501 10418855.9 93.15515355640497 80.03902375988093 144.11622656249992 0 233 2.8329 0.0 8.181805246746432 0.0 4.0 
502 10418889.2 93.17867595800143 80.05654145341606 144.11622656249992 0 233 2.8329 0.0 8.181805246746432 0.0 4.0 
503 10418922.6 93.17867595800143 80.05654145341606 144.11622656249992 0 233 2.8329 0.0 8.181805246746432 0.0 4.0 
504 10418955.9 93.17867595800143 80.05654145341606 144.11622656249992 0 233 2.8329 0.0 8.181805246746432 0.0 4.0 
505 10418989.2 93.17867595800143 80.05654145341606 144.11622656249992 0 233 2.8329 0.0 8.181805246746432 0.0 4.0 
506 10419022.6 93.18707805349231 80.05654145341606 144.11622656249992 0 233 2.8329 0.0 8.181805246746432 0.0 4.0 
507 10419055.9 93.18707805349231 80.06136222489945 144.11622656249992 0 233 2.8329 0.0 8.181805246746432 0.0 4.0 
508 10419089.3 93.18707805349231 80.06136222489945 144.11622656249992 0 233 2.8329 0.0 8.181805246746432 0.0 4.0 
509 10419122.6 93.18707805349231 80.06136222489945 144.11622656249992 0 233 2.8329 0.0 8.181805246746432 0.0 4.0 
510 10419155.9 93.19435711290063 80.06136222489945 144.11622656249992 0 233 2.8329 0.0 8.181805246746432 0.0 4.0 
511 10419189.3 93.19435711290063 80.06615216352128 144.11622656249992 0 233 2.8329 0.0 8.181805246746432 0.0 4.0 
512 10419222.6 93.19435711290063 80.06615216352128 144.11622656249992 0 233 2.8329 0.0 8.181805246746432 0.0 4.0 
513 10419255.9 93.19435711290063 80.06615216352128 144.11622656249992 0 233 2.8329 0.0 8.181805246746432 0.0 4.0 
514 10419289.3 93.19549576197406 80.06615216352128 144.11622656249992 0 233 2.8329 0.0 8.181805246746432 0.0 4.0 
515 10419322.6 93.19549576197406 80.06717174987058 144.11622656249992 0 233 2.8329 0.0 8.181805246746432 0.0 4.0 
516 10419355.9 93.19549576197406 80.06717174987058 144.11622656249992 0 233 2.8329 0.0 8.181805246746432 0.0 4.0 
517 10419389.3 93.19549576197406 80.06717174987058 144.11622656249992 0 233 2.8329 0.0 8.181805246746432 0.0 4.0 
518 10419422.6 93.19701207579463 80.06717174987058 144.11622656249992 0 233 2.8329 0.0 8.181805246746432 0.0 4.0 
519 10419455.9 93.19701207579463 80.06717174987058 144.11622656249992 0 233 2.8329 0.0 8.181805246746432 0.0 4.0 
520 10419489.3 93.19701207579463 80.06717174987058 144.11622656249992 0 233 2.8329 0.0 8.181805246746432 0.0 4.0 
521 10419522.6 93.19701207579463 80.06717174987058 144.11622656249992 0 233 2.8329 0.0 8.181805246746432 0.0 4.0 
522 10419556.0 93.19701207579463 80.06717174987058 144.11622656249992 0 233 2.8329 0.0 8.181805246746432 0.0 4.0 
523 10419589.3 93.18917691519965 80.06159921327719 144.11622656249992 0 233 2.8329 0.0 8.181805246746432 0.0 4.0 
524 10419622.6 93.18917691519965 80.06159921327719 144.11622656249992 0 233 2.8329 0.0 8.181805246746432 0.0 4.0 
525 10419656.0 93.18917691519965 80.06159921327719 144.11622656249992 0 233 2.8329 0.0 8.181805246746432 0.0 4.0 
526 10419689.3 93.17919201500996 80.05367522366456 144.11622656249992 0 233 2.8329 0.0 8.181805246746432 0.0 4.0 
527 10419722.6 93.17919201500996 80.05367522366456 144.11622656249992 0 233 2.8329 0.0 8.181805246746432 0.0 4.0 
528 10419756.0 93.17919201500996 80.05367522366456 144.11622656249992 0 233 2.8329 0.0 8.181805246746432 0.0 4.0 
529 10419789.3 93.16949510431809 80.05367522366456 144.11622656249992 0 233 2.8329 0.0 8.181805246746432 0.0 4.0 
530 10419822.6 93.16949510431809 80.04571311768481 144.11622656249992 0 233 2.8329 0.0 8.181805246746432 0.0 4.0 
531 10419856.0 93.16949510431809 80.04571311768481 144.11622656249992 0 233 2.8329 0.0 8.181805246746432 0.0 4.0 
532 10419889.3 93.16949510431809 80.04571311768481 144.11622656249992 0 233 2.8329 0.0 8.181805246746432 0.0 4.0 
533 10419922.7 93.1506257616441 80.04571311768481 144.11622656249992 0 233 2.8329 0.0 8.181805246746432 0.0 4.0 
534 10419956.0 93.1506257616441 80.03259623823536 144.11622656249992 0 233 2.8329 0.0 8.181805246746432 0.0 4.0 
535 10419989.3 93.1506257616441 80.03259623823536 144.11622656249992 0 233 2.8329 0.0 8.181805246746432 0.0 4.0 
536 10420022.7 93.1506257616441 80.03259623823536 144.11622656249992 0 233 2.8329 0.0 8.181805246746432 0.0 4.0 
537 10420056.0 93.12750924990931 80.01845935208033 144.11622656249992 0 233 2.8329 0.0 8.181805246746432 0.0 4.0 
538 10420089.3 93.12750924990931 80.01845935208033 144.11622656249992 0 233 2.8329 0.0 8.181805246746432 0.0 4.0 
539 10420122.7 93.12750924990931 80.01845935208033 144.11622656249992 0 233 2.8329 0.0 8.181805246746432 0.0 4.0 
540 10420156.0 93.12750924990931 80.01845935208033 144.11622656249992 0 233 2.8329 0.0 8.181805246746432 0.0 4.0 
541 10420189.3 93.11048473133914 80.01845935208033 144.11622656249992 0 233 2.8329 0.0 8.181805246746432 0.0 4.0 
542 10420222.7 93.11048473133914 80.00954718770794 144.11622656249992 0 233 2.8329 0.0 8.181805246746432 0.0 4.0 
543 10420256.0 93.11048473133914 80.00954718770794 144.11622656249992 0 233 2.8329 0.0 8.181805246746432 0.0 4.0 
544 10420289.3 93.11048473133914 80.00954718770794 144.11622656249992 0 233 2.8329 0.0 8.181805246746432 0.0 4.0 
545 10420322.7 93.08215434428708 80.00954718770794 144.11622656249992 0 233 2.8329 0.0 8.181805246746432 0.0 4.0 
546 10420356.0 93.08215434428708 79.99986628131204 144.11622656249992 0 233 2.8329 0.0 8.181805246746432 0.0 4.0 
547 10420389.4 93.08215434428708 79.99986628131204 144.11622656249992 0 233 2.8329 0.0 8.181805246746432 0.0 4.0 
548 10420422.7 93.05708357222042 79.9939049229886 144.11622656249992 0 233 2.8329 0.0 8.181805246746432 0.0 4.0 
549 10420456.0 93.05708357222042 79.9939049229886 144.11622656249992 0 233 2.8329 0.0 8.181805246746432 0.0 4.0 
550 10420489.4 93.05708357222042 79.9939049229886 144.11622656249992 0 233 2.8329 0.0 8.181805246746432 0.0 4.0 
551 10420522.7 93.04354529809319 79.99277096794064 144.11622656249992 0 233 2.8329 0.0 8.181805246746432 0.0 4.0 
552 10420556.0 93.04354529809319 79.99277096794064 144.11622656249992 0 233 2.8329 0.0 8.181805246746432 0.0 4.0 
553 10420589.4 93.04354529809319 79.99277096794064 144.11622656249992 0 233 2.8329 0.0 8.181805246746432 0.0 4.0 
554 10420622.7 93.0344130623269 79.99277096794064 144.11622656249992 0 233 2.8329 0.0 8.181805246746432 0.0 4.0 
555 10420656.0 93.0344130623269 79.99277096794064 144.11622656249992 0 233 2.8329 0.0 8.181805246746432 0.0 4.0 
556 10420689.4 93.0344130623269 79.99277096794064 144.11622656249992 0 233 2.8329 0.0 8.181805246746432 0.0 4.0 
557 10420722.7 93.0344130623269 79.99277096794064 144.11622656249992 0 233 2.8329 0.0 8.181805246746432 0.0 4.0 
558 10420756.1 93.01856996397952 79.99277096794064 144.11622656249992 0 233 2.8329 0.0 8.181805246746432 0.0 4.0 
559 10420789.4 93.01856996397952 79.99455695887416 144.11622656249992 0 233 2.8329 0.0 8.181805246746432 0.0 4.0 
560 10420822.7 93.01856996397952 79.99455695887416 144.11622656249992 0 233 2.8329 0.0 8.181805246746432 0.0 4.0 
561 10420856.1 93.01856996397952 79.99455695887416 144.11622656249992 0 233 2.8329 0.0 8.181805246746432 0.0 4.0 
562 10420889.4 92.99662965764804 79.99455695887416 144.11622656249992 0 233 2.8329 0.0 8.181805246746432 0.0 4.0 
563 10420922.7 92.99662965764804 80.00420965270351 144.11622656249992 0 233 2.8329 0.0 8.181805246746432 0.0 4.0 
564 10420956.1 92.99662965764804 80.00420965270351 144.11622656249992 0 233 2.8329 0.0 8.181805246746432 0.0 4.0 
565 10420989.4 92.99662965764804 80.00420965270351 144.11622656249992 0 233 2.8329 0.0 8.181805246746432 0.0 4.0 
566 10421022.7 92.99662965764804 80.00420965270351 144.11622656249992 0 233 2.8329 0.0 8.181805246746432 0.0 4.0 
567 10421056.1 92.97451846702387 80.00420965270351 144.11622656249992 0 233 2.8329 0.0 8.181805246746432 0.0 4.0 
568 10421089.4 92.97451846702387 80.0188290400478 144.11622656249992 0 233 2.8329 0.0 8.181805246746432 0.0 4.0 
569 10421122.7 92.97451846702387 80.0188290400478 144.11622656249992 0 233 2.8329 0.0 8.181805246746432 0.0 4.0 
570 10421156.1 92.97451846702387 80.0188290400478 144.11622656249992 0 233 2.8329 0.0 8.181805246746432 0.0 4.0 
571 10421189.4 92.96402903101685 80.02791936330523 144.11622656249992 0 233 2.8329 0.0 8.181805246746432 0.0 4.0 
572 10421222.8 92.96402903101685 80.02791936330523 144.11622656249992 0 233 2.8329 0.0 8.181805246746432 0.0 4.0 
573 10421256.1 92.96402903101685 80.02791936330523 144.11622656249992 0 233 2.8329 0.0 8.181805246746432 0.0 4.0 
574 10421289.4 92.95184803338634 80.03400612744613 144.11622656249992 0 233 2.8329 0.0 8.181805246746432 0.0 4.0 
575 10421322.8 92.95184803338634 80.03400612744613 144.11622656249992 0 233 2.8329 0.0 8.181805246746432 0.0 4.0 
576 10421356.1 92.95184803338634 80.03400612744613 144.11622656249992 0 233 2.8329 0.0 8.181805246746432 0.0 4.0 
577 10421389.4 92.94340956740712 80.03400612744613 144.11622656249992 0 233 2.8329 0.0 8.181805246746432 0.0 4.0 
578 10421422.8 92.94340956740712 80.03665043812016 144.11622656249992 0 233 2.8329 0.0 8.181805246746432 0.0 4.0 
579 10421456.1 92.94340956740712 80.03665043812016 144.11622656249992 0 233 2.8329 0.0 8.181805246746432 0.0 4.0 
580 10421489.4 92.94340956740712 80.03665043812016 144.11622656249992 0 233 2.8329 0.0 8.181805246746432 0.0 4.0 
581 10421522.8 92.93211378410726 80.03665043812016 144.11622656249992 0 233 2.8329 0.0 8.181805246746432 0.0 4.0 
582 10421556.1 92.93211378410726 80.04394709864818 144.11622656249992 0 233 2.8329 0.0 8.181805246746432 0.0 4.0 
583 10421589.5 92.93211378410726 80.04394709864818 144.11622656249992 0 233 2.8329 0.0 8.181805246746432 0.0 4.0 
584 10421622.8 92.93211378410726 80.04394709864818 144.11622656249992 0 233 2.8329 0.0 8.181805246746432 0.0 4.0 
585 10421656.1 92.92313531910757 80.04394709864818 144.11622656249992 0 233 2.8329 0.0 8.181805246746432 0.0 4.0 
586 10421689.5 92.92313531910757 80.05061783301993 144.11622656249992 0 233 2.8329 0.0 8.181805246746432 0.0 4.0 
587 10421722.8 92.92313531910757 80.05061783301993 144.11622656249992 0 233 2.8329 0.0 8.181805246746432 0.0 4.0 
588 10421756.1 92.92313531910757 80.05061783301993 144.11622656249992 0 233 2.8329 0.0 8.181805246746432 0.0 4.0 
589 10421789.5 92.91582413926567 80.05061783301993 144.11622656249992 0 233 2.8329 0.0 8.181805246746432 0.0 4.0 
590 10421822.8 92.91582413926567 80.05506227928639 144.11622656249992 0 233 2.8329 0.0 8.181805246746432 0.0 4.0 
591 10421856.1 92.91582413926567 80.05506227928639 144.11622656249992 0 233 2.8329 0.0 8.181805246746432 0.0 4.0 
592 10421889.5 92.91582413926567 80.05506227928639 144.11622656249992 0 233 2.8329 0.0 8.181805246746432 0.0 4.0 
593 10421922.8 92.90497325349172 80.05506227928639 144.11622656249992 0 233 2.8329 0.0 8.181805246746432 0.0 4.0 
594 10421956.1 92.90497325349172 80.06042702696547 144.11622656249992 0 233 2.8329 0.0 8.181805246746432 0.0 4.0 
595 10421989.5 92.90497325349172 80.06042702696547 144.11622656249992 0 233 2.8329 0.0 8.181805246746432 0.0 4.0 
596 10422022.8 92.90497325349172 80.06042702696547 144.11622656249992 0 233 2.8329 0.0 8.181805246746432 0.0 4.0 
597 10422056.2 92.89821374757562 80.06558134938544 144.11622656249992 0 233 2.8329 0.0 8.181805246746432 0.0 4.0 
598 10422089.5 92.89821374757562 80.06558134938544 144.11622656249992 0 233 2.8329 0.0 8.181805246746432 0.0 4.0 
599 10422122.8 92.89821374757562 80.06558134938544 144.11622656249992 0 233 2.8329 0.0 8.181805246746432 0.0 4.0 
600 10422156.2 92.89122884998031 80.06558134938544 144.11622656249992 0 233 2.8329 0.0 8.181805246746432 0.0 4.0 
601 10422189.5 92.89122884998031 80.06896149820398 144.11622656249992 0 233 2.8329 0.0 8.181805246746432 0.0 4.0 
602 10422222.8 92.89122884998031 80.06896149820398 144.11622656249992 0 233 2.8329 0.0 8.181805246746432 0.0 4.0 
603 10422256.2 92.89122884998031 80.06896149820398 144.11622656249992 0 233 2.8329 0.0 8.181805246746432 0.0 4.0 
604 10422289.5 92.88678834568981 80.06896149820398 144.11622656249992 0 233 2.8329 0.0 8.181805246746432 0.0 4.0 
605 10422322.8 92.88678834568981 80.07403938978663 144.11622656249992 0 233 2.8329 0.0 8.181805246746432 0.0 4.0 
606 10422356.2 92.88678834568981 80.07403938978663 144.11622656249992 0 233 2.8329 0.0 8.181805246746432 0.0 4.0 
607 10422389.5 92.88678834568981 80.07403938978663 144.11622656249992 0 233 2.8329 0.0 8.181805246746432 0.0 4.0 
608 10422422.9 92.88460389799805 80.07403938978663 144.11622656249992 0 233 2.8329 0.0 8.181805246746432 0.0 4.0 
609 10422456.2 92.88460389799805 80.07403938978663 144.11622656249992 0 233 2.8329 0.0 8.181805246746432 0.0 4.0 
610 10422489.5 92.88460389799805 80.07403938978663 144.11622656249992 0 233 2.8329 0.0 8.181805246746432 0.0 4.0 
611 10422522.9 92.88098803372468 80.07403938978663 144.11622656249992 0 233 2.8329 0.0 8.181805246746432 0.0 4.0 
612 10422556.2 92.88098803372468 80.0727783675282 144.11622656249992 0 233 2.8329 0.0 8.181805246746432 0.0 4.0 
613 10422589.5 92.88098803372468 80.0727783675282 144.11622656249992 0 233 2.8329 0.0 8.181805246746432 0.0 4.0 
614 10422622.9 92.88098803372468 80.0727783675282 144.11622656249992 0 233 2.8329 0.0 8.181805246746432 0.0 4.0 
615 10422656.2 92.87532676710812 80.0727783675282 144.11622656249992 0 233 2.8329 0.0 8.181805246746432 0.0 4.0 
616 10422689.5 92.87532676710812 80.06965033632927 144.11622656249992 0 233 2.8329 0.0 8.181805246746432 0.0 4.0 
617 10422722.9 92.87532676710812 80.06965033632927 144.11622656249992 0 233 2.8329 0.0 8.181805246746432 0.0 4.0 
618 10422756.2 92.87532676710812 80.06965033632927 144.11622656249992 0 233 2.8329 0.0 8.181805246746432 0.0 4.0 
619 10422789.5 92.87079605014891 80.06965033632927 144.11622656249992 0 233 2.8329 0.0 8.181805246746432 0.0 4.0 
620 10422822.9 92.87079605014891 80.06515465270914 144.11622656249992 0 233 2.8329 0.0 8.181805246746432 0.0 4.0 
621 10422856.2 92.87079605014891 80.06515465270914 144.11622656249992 0 233 2.8329 0.0 8.181805246746432 0.0 4.0 
622 10422889.6 92.87079605014891 80.06515465270914 144.11622656249992 0 233 2.8329 0.0 8.181805246746432 0.0 4.0 
623 10422922.9 92.86388113893143 80.06005774944421 144.11622656249992 0 233 2.8329 0.0 8.181805246746432 0.0 4.0 
624 10422956.2 92.86388113893143 80.06005774944421 144.11622656249992 0 233 2.8329 0.0 8.181805246746432 0.0 4.0 
625 10422989.6 92.86388113893143 80.06005774944421 144.11622656249992 0 233 2.8329 0.0 8.181805246746432 0.0 4.0 
626 10423022.9 92.86388113893143 80.06005774944421 144.11622656249992 0 233 2.8329 0.0 8.181805246746432 0.0 4.0 
627 10423056.2 92.85346689464495 80.06005774944421 144.11622656249992 0 233 2.8329 0.0 8.181805246746432 0.0 4.0 
628 10423089.6 92.85346689464495 80.06005774944421 144.11622656249992 0 233 2.8329 0.0 8.181805246746432 0.0 4.0 
629 10423122.9 92.85346689464495 80.06005774944421 144.11622656249992 0 233 2.8329 0.0 8.181805246746432 0.0 4.0 
630 10423156.2 92.84997117869099 80.06005774944421 144.11622656249992 0 233 2.8329 0.0 8.181805246746432 0.0 4.0 
631 10423189.6 92.84997117869099 80.06005774944421 144.11622656249992 0 233 2.8329 0.0 8.181805246746432 0.0 4.0 
632 10423222.9 92.84997117869099 80.06005774944421 144.11622656249992 0 233 2.8329 0.0 8.181805246746432 0.0 4.0 
633 10423256.3 92.85280958335147 80.06005774944421 144.11622656249992 0 233 2.8329 0.0 8.181805246746432 0.0 4.0 
634 10423289.6 92.85280958335147 80.06005774944421 144.11622656249992 0 233 2.8329 0.0 8.181805246746432 0.0 4.0 
635 10423322.9 92.87877006474105 80.06005774944421 144.11622656249992 0 233 2.8329 0.0 8.181805246746432 0.0 4.0 
636 10423356.3 92.87877006474105 80.05694239317063 144.11622656249992 0 233 2.8329 0.0 8.181805246746432 0.0 4.0 
637 10423389.6 92.87877006474105 80.05694239317063 144.11622656249992 0 233 2.8329 0.0 8.181805246746432 0.0 4.0 
638 10423422.9 92.87877006474105 80.05694239317063 144.11622656249992 0 233 2.8329 0.0 8.181805246746432 0.0 4.0 
639 10423456.3 92.87877006474105 80.05694239317063 144.11622656249992 0 233 2.8329 0.0 8.181805246746432 0.0 4.0 
640 10423489.6 92.9147519712684 80.05694239317063 144.11622656249992 0 233 2.8329 0.0 8.181805246746432 0.0 4.0 
641 10423522.9 92.9147519712684 80.0446248493096 144.11622656249992 0 233 2.8329 0.0 8.181805246746432 0.0 4.0 
642 10423556.3 92.9147519712684 80.0446248493096 144.11622656249992 0 233 2.8329 0.0 8.181805246746432 0.0 4.0 
643 10423589.6 92.9147519712684 80.0446248493096 144.11622656249992 0 233 2.8329 0.0 8.181805246746432 0.0 4.0 
644 10423622.9 92.9147519712684 80.0446248493096 144.11622656249992 0 233 2.8329 0.0 8.181805246746432 0.0 4.0 
645 10423656.3 92.95542597669457 80.0446248493096 144.11622656249992 0 233 2.8329 0.0 8.181805246746432 0.0 4.0 
646 10423689.6 92.95542597669457 80.02240582508519 144.11622656249992 0 233 2.8329 0.0 8.181805246746432 0.0 4.0 
647 10423723.0 92.95542597669457 80.02240582508519 144.11622656249992 0 233 2.8329 0.0 8.181805246746432 0.0 4.0 
648 10423756.3 92.95542597669457 80.02240582508519 144.11622656249992 0 233 2.8329 0.0 8.181805246746432 0.0 4.0 
649 10423789.6 92.95542597669457 80.02240582508519 144.11622656249992 0 233 2.8329 0.0 8.181805246746432 0.0 4.0 
650 10423823.0 92.99937899602989 80.02240582508519 144.11622656249992 0 233 2.8329 0.0 8.181805246746432 0.0 4.0 
651 10423856.3 92.99937899602989 80.0042375299299 144.11622656249992 0 233 2.8329 0.0 8.181805246746432 0.0 4.0 
652 10423889.6 92.99937899602989 80.0042375299299 144.11622656249992 0 233 2.8329 0.0 8.181805246746432 0.0 4.0 
653 10423923.0 92.99937899602989 80.0042375299299 144.11622656249992 0 233 2.8329 0.0 8.181805246746432 0.0 4.0 
654 10423956.3 93.01858297883167 79.99696057063687 144.11622656249992 0 233 2.8329 0.0 8.181805246746432 0.0 4.0 
655 10423989.6 93.01858297883167 79.99696057063687 144.11622656249992 0 233 2.8329 0.0 8.181805246746432 0.0 4.0 
656 10424023.0 93.01858297883167 79.99696057063687 144.11622656249992 0 233 2.8329 0.0 8.181805246746432 0.0 4.0 
657 10424056.3 93.01858297883167 79.99696057063687 144.11622656249992 0 233 2.8329 0.0 8.181805246746432 0.0 4.0 
658 10424089.7 93.0229759804696 79.99696057063687 144.11622656249992 0 233 2.8329 0.0 8.181805246746432 0.0 4.0 
659 10424123.0 93.0229759804696 79.99798513693868 144.11622656249992 0 233 2.8329 0.0 8.181805246746432 0.0 4.0 
660 10424156.3 93.0229759804696 79.99798513693868 144.11622656249992 0 233 2.8329 0.0 8.181805246746432 0.0 4.0 
661 10424189.7 93.0229759804696 79.99798513693868 144.11622656249992 0 233 2.8329 0.0 8.181805246746432 0.0 4.0 
662 10424223.0 93.0229759804696 80.00159917532149 144.11622656249992 0 233 2.8329 0.0 8.181805246746432 0.0 4.0 
663 10424256.3 93.0229759804696 80.00159917532149 144.11622656249992 0 233 2.8329 0.0 8.181805246746432 0.0 4.0 
664 10424289.7 93.0229759804696 80.00159917532149 144.11622656249992 0 233 2.8329 0.0 8.181805246746432 0.0 4.0 
665 10424323.0 93.0179097017385 80.00708387424264 144.11622656249992 0 233 2.8329 0.0 8.181805246746432 0.0 4.0 
666 10424356.3 93.0179097017385 80.00708387424264 144.11622656249992 0 233 2.8329 0.0 8.181805246746432 0.0 4.0 
667 10424389.7 93.0179097017385 80.00708387424264 144.11622656249992 0 233 2.8329 0.0 8.181805246746432 0.0 4.0 
668 10424423.0 93.0179097017385 80.00708387424264 144.11622656249992 0 233 2.8329 0.0 8.181805246746432 0.0 4.0 
669 10424456.3 93.0105887009724 80.01028648818286 144.11622656249992 0 233 2.8329 0.0 8.181805246746432 0.0 4.0 
670 10424489.7 93.0105887009724 80.01028648818286 144.11622656249992 0 233 2.8329 0.0 8.181805246746432 0.0 4.0 
671 10424523.0 93.0105887009724 80.01028648818286 144.11622656249992 0 233 2.8329 0.0 8.181805246746432 0.0 4.0 
672 10424556.4 93.0105887009724 80.01028648818286 144.11622656249992 0 233 2.8329 0.0 8.181805246746432 0.0 4.0 
673 10424589.7 93.00598812009747 80.01028648818286 144.11622656249992 0 233 2.8329 0.0 8.181805246746432 0.0 4.0 
674 10424623.0 93.00598812009747 80.01225728771117 144.11622656249992 0 233 2.8329 0.0 8.181805246746432 0.0 4.0 
675 10424656.4 93.00598812009747 80.01225728771117 144.11622656249992 0 233 2.8329 0.0 8.181805246746432 0.0 4.0 
676 10424689.7 93.00598812009747 80.01225728771117 144.11622656249992 0 233 2.8329 0.0 8.181805246746432 0.0 4.0 
677 10424723.0 92.99952257400463 80.01598277270101 144.11622656249992 0 233 2.8329 0.0 8.181805246746432 0.0 4.0 
678 10424756.4 92.99952257400463 80.01598277270101 144.11622656249992 0 233 2.8329 0.0 8.181805246746432 0.0 4.0 
679 10424789.7 92.99952257400463 80.01598277270101 144.11622656249992 0 233 2.8329 0.0 8.181805246746432 0.0 4.0 
680 10424823.0 92.99952257400463 80.01598277270101 144.11622656249992 0 233 2.8329 0.0 8.181805246746432 0.0 4.0 
681 10424856.4 92.99842817599614 80.01770758817007 144.11622656249992 0 233 2.8329 0.0 8.181805246746432 0.0 4.0 
682 10424889.7 92.99842817599614 80.01770758817007 144.11622656249992 0 233 2.8329 0.0 8.181805246746432 0.0 4.0 
683 10424923.1 92.99035459323864 80.01770758817007 144.11622656249992 0 233 2.8329 0.0 8.181805246746432 0.0 4.0 
684 10424956.4 92.99035459323864 80.02190959939655 144.11622656249992 0 233 2.8329 0.0 8.181805246746432 0.0 4.0 
685 10424989.7 92.99035459323864 80.02190959939655 144.11622656249992 0 233 2.8329 0.0 8.181805246746432 0.0 4.0 
686 10425023.1 92.99035459323864 80.02190959939655 144.11622656249992 0 233 2.8329 0.0 8.181805246746432 0.0 4.0 
687 10425056.4 92.97805720179322 80.02190959939655 144.11622656249992 0 233 2.8329 0.0 8.181805246746432 0.0 4.0 
688 10425089.7 92.97805720179322 80.0291397692181 144.11622656249992 0 233 2.8329 0.0 8.181805246746432 0.0 4.0 
689 10425123.1 92.97805720179322 80.0291397692181 144.11622656249992 0 233 2.8329 0.0 8.181805246746432 0.0 4.0 
690 10425156.4 92.97805720179322 80.0291397692181 144.11622656249992 0 233 2.8329 0.0 8.181805246746432 0.0 4.0 
691 10425189.7 92.96350869479616 80.03844905039207 144.11622656249992 0 233 2.8329 0.0 8.181805246746432 0.0 4.0 
692 10425223.1 92.96350869479616 80.03844905039207 144.11622656249992 0 233 2.8329 0.0 8.181805246746432 0.0 4.0 
693 10425256.4 92.96350869479616 80.03844905039207 144.11622656249992 0 233 2.8329 0.0 8.181805246746432 0.0 4.0 
694 10425289.7 92.96350869479616 80.03844905039207 144.11622656249992 0 233 2.8329 0.0 8.181805246746432 0.0 4.0 
695 10425323.1 92.94558209252948 80.03844905039207 144.11622656249992 0 233 2.8329 0.0 8.181805246746432 0.0 4.0 
696 10425356.4 92.94558209252948 80.04827866480129 144.11622656249992 0 233 2.8329 0.0 8.181805246746432 0.0 4.0 
697 10425389.8 92.94558209252948 80.04827866480129 144.11622656249992 0 233 2.8329 0.0 8.181805246746432 0.0 4.0 
698 10425423.1 92.94558209252948 80.04827866480129 144.11622656249992 0 233 2.8329 0.0 8.181805246746432 0.0 4.0 
699 10425456.4 92.93613188157225 80.04827866480129 144.11622656249992 0 233 2.8329 0.0 8.181805246746432 0.0 4.0 
700 10425489.8 92.93613188157225 80.05425463430275 144.11622656249992 0 233 2.8329 0.0 8.181805246746432 0.0 4.0 
701 10425523.1 92.93613188157225 80.05425463430275 144.11622656249992 0 233 2.8329 0.0 8.181805246746432 0.0 4.0 
702 10425556.4 92.93613188157225 80.05425463430275 144.11622656249992 0 233 2.8329 0.0 8.181805246746432 0.0 4.0 
703 10425589.8 92.93127774491073 80.05599122041389 144.11622656249992 0 233 2.8329 0.0 8.181805246746432 0.0 4.0 
704 10425623.1 92.93127774491073 80.05599122041389 144.11622656249992 0 233 2.8329 0.0 8.181805246746432 0.0 4.0 
705 10425656.4 92.93127774491073 80.05599122041389 144.11622656249992 0 233 2.8329 0.0 8.181805246746432 0.0 4.0 
706 10425689.8 92.9282994862995 80.05599122041389 144.11622656249992 0 233 2.8329 0.0 8.181805246746432 0.0 4.0 
707 10425723.1 92.9282994862995 80.0581518905568 144.11622656249992 0 233 2.8329 0.0 8.181805246746432 0.0 4.0 
708 10425756.5 92.9282994862995 80.0581518905568 144.11622656249992 0 233 2.8329 0.0 8.181805246746432 0.0 4.0 
709 10425789.8 92.9282994862995 80.0581518905568 144.11622656249992 0 233 2.8329 0.0 8.181805246746432 0.0 4.0 
710 10425823.1 92.92452481304359 80.0581518905568 144.11622656249992 0 233 2.8329 0.0 8.181805246746432 0.0 4.0 
711 10425856.5 92.92452481304359 80.06142946036398 144.11622656249992 0 233 2.8329 0.0 8.181805246746432 0.0 4.0 
712 10425889.8 92.92452481304359 80.06142946036398 144.11622656249992 0 233 2.8329 0.0 8.181805246746432 0.0 4.0 
713 10425923.1 92.92323392715083 80.06142946036398 144.11622656249992 0 233 2.8329 0.0 8.181805246746432 0.0 4.0 
714 10425956.5 92.92323392715083 80.06142946036398 144.11622656249992 0 233 2.8329 0.0 8.181805246746432 0.0 4.0 
715 10425989.8 92.92323392715083 80.06142946036398 144.11622656249992 0 233 2.8329 0.0 8.181805246746432 0.0 4.0 
716 10426023.1 92.92220768955728 80.06142946036398 144.11622656249992 0 233 2.8329 0.0 8.181805246746432 0.0 4.0 
717 10426056.5 92.92220768955728 80.06261799079995 144.11622656249992 0 233 2.8329 0.0 8.181805246746432 0.0 4.0 
718 10426089.8 92.92220768955728 80.06261799079995 144.11622656249992 0 233 2.8329 0.0 8.181805246746432 0.0 4.0 
719 10426123.1 92.92220768955728 80.06261799079995 144.11622656249992 0 233 2.8329 0.0 8.181805246746432 0.0 4.0 
720 10426156.5 92.91886911106262 80.06261799079995 144.11622656249992 0 233 2.8329 0.0 8.181805246746432 0.0 4.0 
721 10426189.8 92.91886911106262 80.0661999610119 144.11622656249992 0 233 2.8329 0.0 8.181805246746432 0.0 4.0 
722 10426223.2 92.91886911106262 80.0661999610119 144.11622656249992 0 233 2.8329 0.0 8.181805246746432 0.0 4.0 
723 10426256.5 92.91886911106262 80.0661999610119 144.11622656249992 0 233 2.8329 0.0 8.181805246746432 0.0 4.0 
724 10426289.8 92.91316796654769 80.07389131375203 144.11622656249992 0 233 2.8329 0.0 8.181805246746432 0.0 4.0 
725 10426323.2 92.91316796654769 80.07389131375203 144.11622656249992 0 233 2.8329 0.0 8.181805246746432 0.0 4.0 
726 10426356.5 92.91316796654769 80.07389131375203 144.11622656249992 0 233 2.8329 0.0 8.181805246746432 0.0 4.0 
727 10426389.8 92.90945968808161 80.07642868325593 144.11622656249992 0 233 2.8329 0.0 8.181805246746432 0.0 4.0 
728 10426423.2 92.90945968808161 80.07642868325593 144.11622656249992 0 233 2.8329 0.0 8.181805246746432 0.0 4.0 
729 10426456.5 92.90945968808161 80.07642868325593 144.11622656249992 0 233 2.8329 0.0 8.181805246746432 0.0 4.0 
730 10426489.8 92.90708494616396 80.07642868325593 144.11622656249992 0 233 2.8329 0.0 8.181805246746432 0.0 4.0 
731 10426523.2 92.90708494616396 80.07784546367105 144.11622656249992 0 233 2.8329 0.0 8.181805246746432 0.0 4.0 
732 10426556.5 92.90708494616396 80.07784546367105 144.11622656249992 0 233 2.8329 0.0 8.181805246746432 0.0 4.0 
733 10426589.9 92.90708494616396 80.07784546367105 144.11622656249992 0 233 2.8329 0.0 8.181805246746432 0.0 4.0 
734 10426623.2 92.90708494616396 80.07784546367105 144.11622656249992 0 233 2.8329 0.0 8.181805246746432 0.0 4.0 
735 10426656.5 92.90708494616396 80.07784546367105 144.11622656249992 0 233 2.8329 0.0 8.181805246746432 0.0 4.0 
736 10426689.9 92.90559221114735 80.07784546367105 144.11622656249992 0 233 2.8329 0.0 8.181805246746432 0.0 4.0 
737 10426723.2 92.90559221114735 80.07784546367105 144.11622656249992 0 233 2.8329 0.0 8.181805246746432 0.0 4.0 
738 10426756.5 92.90559221114735 80.07784546367105 144.11622656249992 0 233 2.8329 0.0 8.181805246746432 0.0 4.0 
739 10426789.9 92.90347766294084 80.07784546367105 144.11622656249992 0 233 2.8329 0.0 8.181805246746432 0.0 4.0 
740 10426823.2 92.90347766294084 80.08183989714715 144.11622656249992 0 233 2.8329 0.0 8.181805246746432 0.0 4.0 
741 10426856.5 92.90347766294084 80.08183989714715 144.11622656249992 0 233 2.8329 0.0 8.181805246746432 0.0 4.0 
742 10426889.9 92.90347766294084 80.08183989714715 144.11622656249992 0 233 2.8329 0.0 8.181805246746432 0.0 4.0 
743 10426923.2 92.90054399272447 80.08709951374881 144.11622656249992 0 233 2.8329 0.0 8.181805246746432 0.0 4.0 
744 10426956.5 92.90054399272447 80.08709951374881 144.11622656249992 0 233 2.8329 0.0 8.181805246746432 0.0 4.0 
745 10426989.9 92.90054399272447 80.08709951374881 144.11622656249992 0 233 2.8329 0.0 8.181805246746432 0.0 4.0 
746 10427023.2 92.90054399272447 80.08709951374881 144.11622656249992 0 233 2.8329 0.0 8.181805246746432 0.0 4.0 
747 10427056.6 92.8966864978889 80.08709951374881 144.11622656249992 0 233 2.8329 0.0 8.181805246746432 0.0 4.0 
748 10427089.9 92.8966864978889 80.08709951374881 144.11622656249992 0 233 2.8329 0.0 8.181805246746432 0.0 4.0 
749 10427123.2 92.8966864978889 80.08709951374881 144.11622656249992 0 233 2.8329 0.0 8.181805246746432 0.0 4.0 
750 10427156.6 92.89378037134604 80.08709951374881 144.11622656249992 0 233 2.8329 0.0 8.181805246746432 0.0 4.0 
751 10427189.9 92.89378037134604 80.08825614285334 144.11622656249992 0 233 2.8329 0.0 8.181805246746432 0.0 4.0 
752 10427223.2 92.89378037134604 80.08825614285334 144.11622656249992 0 233 2.8329 0.0 8.181805246746432 0.0 4.0 
753 10427256.6 92.89378037134604 80.08825614285334 144.11622656249992 0 233 2.8329 0.0 8.181805246746432 0.0 4.0 
754 10427289.9 92.89378037134604 80.08717871036819 144.11622656249992 0 233 2.8329 0.0 8.181805246746432 0.0 4.0 
755 10427323.2 92.89378037134604 80.08717871036819 144.11622656249992 0 233 2.8329 0.0 8.181805246746432 0.0 4.0 
756 10427356.6 92.89378037134604 80.08717871036819 144.11622656249992 0 233 2.8329 0.0 8.181805246746432 0.0 4.0 
757 10427389.9 92.89277786161469 80.08717871036819 144.11622656249992 0 233 2.8329 0.0 8.181805246746432 0.0 4.0 
758 10427423.3 92.89277786161469 80.08717871036819 144.11622656249992 0 233 2.8329 0.0 8.181805246746432 0.0 4.0 
759 10427456.6 92.89277786161469 80.08717871036819 144.11622656249992 0 233 2.8329 0.0 8.181805246746432 0.0 4.0 
760 10427489.9 92.89277786161469 80.08717871036819 144.11622656249992 0 233 2.8329 0.0 8.181805246746432 0.0 4.0 
761 10427523.3 92.89277786161469 80.08717871036819 144.11622656249992 0 233 2.8329 0.0 8.181805246746432 0.0 4.0 
762 10427556.6 92.89381602580698 80.08717871036819 144.11622656249992 0 233 2.8329 0.0 8.181805246746432 0.0 4.0 
763 10427589.9 92.89381602580698 80.08717871036819 144.11622656249992 0 233 2.8329 0.0 8.181805246746432 0.0 4.0 
764 10427623.3 92.89381602580698 80.08717871036819 144.11622656249992 0 233 2.8329 0.0 8.181805246746432 0.0 4.0 
765 10427656.6 92.89381602580698 80.08717871036819 144.11622656249992 0 233 2.8329 0.0 8.181805246746432 0.0 4.0 
766 10427689.9 92.89381602580698 80.08717871036819 144.11622656249992 0 233 2.8329 0.0 8.181805246746432 0.0 4.0 
767 10427723.3 92.8924948479715 80.08717871036819 144.11622656249992 0 233 2.8329 0.0 8.181805246746432 0.0 4.0 
768 10427756.6 92.8924948479715 80.08717871036819 144.11622656249992 0 233 2.8329 0.0 8.181805246746432 0.0 4.0 
769 10427789.9 92.8924948479715 80.08717871036819 144.11622656249992 0 233 2.8329 0.0 8.181805246746432 0.0 4.0 
770 10427823.3 92.8924948479715 80.08588850781047 144.11622656249992 0 233 2.8329 0.0 8.181805246746432 0.0 4.0 
771 10427856.6 92.8924948479715 80.08588850781047 144.11622656249992 0 233 2.8329 0.0 8.181805246746432 0.0 4.0 
772 10427890.0 92.8924948479715 80.08588850781047 144.11622656249992 0 233 2.8329 0.0 8.181805246746432 0.0 4.0 
773 10427923.3 92.88713852347618 80.08588850781047 144.11622656249992 0 233 2.8329 0.0 8.181805246746432 0.0 4.0 
774 10427956.6 92.88713852347618 80.09044863075752 144.11622656249992 0 233 2.8329 0.0 8.181805246746432 0.0 4.0 
775 10427990.0 92.88713852347618 80.09044863075752 144.11622656249992 0 233 2.8329 0.0 8.181805246746432 0.0 4.0 
776 10428023.3 92.88713852347618 80.09044863075752 144.11622656249992 0 233 2.8329 0.0 8.181805246746432 0.0 4.0 
777 10428056.6 92.88042668207187 80.10097313295813 144.11622656249992 0 233 2.8329 0.0 8.181805246746432 0.0 4.0 
778 10428090.0 92.88042668207187 80.10097313295813 144.11622656249992 0 233 2.8329 0.0 8.181805246746432 0.0 4.0 
779 10428123.3 92.88042668207187 80.10097313295813 144.11622656249992 0 233 2.8329 0.0 8.181805246746432 0.0 4.0 
780 10428156.6 92.8707015151607 80.11417858196039 144.11622656249992 0 233 2.8329 0.0 8.181805246746432 0.0 4.0 
781 10428190.0 92.8707015151607 80.11417858196039 144.11622656249992 0 233 2.8329 0.0 8.181805246746432 0.0 4.0 
782 10428223.3 92.8707015151607 80.11417858196039 144.11622656249992 0 233 2.8329 0.0 8.181805246746432 0.0 4.0 
783 10428256.7 92.8707015151607 80.11417858196039 144.11622656249992 0 233 2.8329 0.0 8.181805246746432 0.0 4.0 
784 10428290.0 92.86704118587011 80.11417858196039 144.11622656249992 0 233 2.8329 0.0 8.181805246746432 0.0 4.0 
785 10428323.3 92.86704118587011 80.11955823031457 144.11622656249992 0 233 2.8329 0.0 8.181805246746432 0.0 4.0 
786 10428356.7 92.86704118587011 80.11955823031457 144.11622656249992 0 233 2.8329 0.0 8.181805246746432 0.0 4.0 
787 10428390.0 92.86704118587011 80.11955823031457 144.11622656249992 0 233 2.8329 0.0 8.181805246746432 0.0 4.0 
788 10428423.3 92.86704118587011 80.11955823031457 144.11622656249992 0 233 2.8329 0.0 8.181805246746432 0.0 4.0 
789 10428456.7 92.86519315571974 80.11955823031457 144.11622656249992 0 233 2.8329 0.0 8.181805246746432 0.0 4.0 
790 10428490.0 92.86519315571974 80.11955823031457 144.11622656249992 0 233 2.8329 0.0 8.181805246746432 0.0 4.0 
791 10428523.3 92.86519315571974 80.11955823031457 144.11622656249992 0 233 2.8329 0.0 8.181805246746432 0.0 4.0 
792 10428556.7 92.86288849336398 80.11955823031457 144.11622656249992 0 233 2.8329 0.0 8.181805246746432 0.0 4.0 
793 10428590.0 92.86288849336398 80.11955823031457 144.11622656249992 0 233 2.8329 0.0 8.181805246746432 0.0 4.0 
794 10428623.3 92.86288849336398 80.11955823031457 144.11622656249992 0 233 2.8329 0.0 8.181805246746432 0.0 4.0 
795 10428656.7 92.86288849336398 80.11955823031457 144.11622656249992 0 233 2.8329 0.0 8.181805246746432 0.0 4.0 
796 10428690.0 92.86288849336398 80.11955823031457 144.11622656249992 0 233 2.8329 0.0 8.181805246746432 0.0 4.0 
797 10428723.4 92.85950347456415 80.11955823031457 144.11622656249992 0 233 2.8329 0.0 8.181805246746432 0.0 4.0 
798 10428756.7 92.85950347456415 80.12306483012462 144.11622656249992 0 233 2.8329 0.0 8.181805246746432 0.0 4.0 
799 10428790.0 92.85950347456415 80.12306483012462 144.11622656249992 0 233 2.8329 0.0 8.181805246746432 0.0 4.0 
800 10428823.4 92.85944824218745 80.12236523437497 144.05136230468744 0 233 2.8329 0.0 8.181805246746432 0.0 4.0 
801 10428856.7 92.84861035693953 80.12236523437497 144.05136230468744 0 233 2.8329 0.0 8.181805246746432 0.0 4.0 
802 10428890.0 92.84861035693953 80.12766922996008 144.05136230468744 0 233 2.8329 0.0 8.181805246746432 0.0 4.0 
803 10428923.4 92.84861035693953 80.12766922996008 144.05136230468744 0 233 2.8329 0.0 8.181805246746432 0.0 4.0 
804 10428956.7 92.84861035693953 80.12766922996008 144.05136230468744 0 233 2.8329 0.0 8.181805246746432 0.0 4.0 
805 10428990.0 92.84325793588934 80.12766922996008 144.05136230468744 0 233 2.8329 0.0 8.181805246746432 0.0 4.0 
806 10429023.4 92.84325793588934 80.13056800225665 144.05136230468744 0 233 2.8329 0.0 8.181805246746432 0.0 4.0 
807 10429056.7 92.84325793588934 80.13056800225665 144.05136230468744 0 233 2.8329 0.0 8.181805246746432 0.0 4.0 
808 10429090.1 92.84325793588934 80.13056800225665 144.05136230468744 0 233 2.8329 0.0 8.181805246746432 0.0 4.0 
809 10429123.4 92.83809330122844 80.13455277695806 144.05136230468744 0 233 2.8329 0.0 8.181805246746432 0.0 4.0 
810 10429156.7 92.83809330122844 80.13455277695806 144.05136230468744 0 233 2.8329 0.0 8.181805246746432 0.0 4.0 
811 10429190.1 92.83809330122844 80.13455277695806 144.05136230468744 0 233 2.8329 0.0 8.181805246746432 0.0 4.0 
812 10429223.4 92.83809330122844 80.13455277695806 144.05136230468744 0 233 2.8329 0.0 8.181805246746432 0.0 4.0 
813 10429256.7 92.834917172024 80.13455277695806 144.05136230468744 0 233 2.8329 0.0 8.181805246746432 0.0 4.0 
814 10429290.1 92.834917172024 80.13666474599387 144.05136230468744 0 233 2.8329 0.0 8.181805246746432 0.0 4.0 
815 10429323.4 92.834917172024 80.13666474599387 144.05136230468744 0 233 2.8329 0.0 8.181805246746432 0.0 4.0 
816 10429356.7 92.834917172024 80.13666474599387 144.05136230468744 0 233 2.8329 0.0 8.181805246746432 0.0 4.0 
817 10429390.1 92.82954569081862 80.13666474599387 144.05136230468744 0 233 2.8329 0.0 8.181805246746432 0.0 4.0 
818 10429423.4 92.82954569081862 80.13993122675153 144.05136230468744 0 233 2.8329 0.0 8.181805246746432 0.0 4.0 
819 10429456.7 92.82955859374997 80.13985253906246 144.10469238281243 0 233 2.8329 0.0 8.181805246746432 0.0 4.0 
820 10429490.1 92.82955859374997 80.13985253906246 144.10469238281243 0 233 2.8329 0.0 8.181805246746432 0.0 4.0 
821 10429523.4 92.82064252314949 80.13985253906246 144.10469238281243 0 233 2.8329 0.0 8.181805246746432 0.0 4.0 
822 10429556.8 92.82064252314949 80.14505471078651 144.10469238281243 0 233 2.8329 0.0 8.181805246746432 0.0 4.0 
823 10429590.1 92.82064252314949 80.14505471078651 144.10469238281243 0 233 2.8329 0.0 8.181805246746432 0.0 4.0 
824 10429623.4 92.81045082392758 80.14505471078651 144.10469238281243 0 233 2.8329 0.0 8.181805246746432 0.0 4.0 
825 10429656.8 92.81045082392758 80.14945623436425 144.10469238281243 0 233 2.8329 0.0 8.181805246746432 0.0 4.0 
826 10429690.1 92.81045082392758 80.14945623436425 144.10469238281243 0 233 2.8329 0.0 8.181805246746432 0.0 4.0 
827 10429723.4 92.81045082392758 80.14945623436425 144.10469238281243 0 233 2.8329 0.0 8.181805246746432 0.0 4.0 
828 10429756.8 92.79694495892043 80.15249273834486 144.10469238281243 0 233 2.8329 0.0 8.181805246746432 0.0 4.0 
829 10429790.1 92.79694495892043 80.15249273834486 144.10469238281243 0 233 2.8329 0.0 8.181805246746432 0.0 4.0 
830 10429823.4 92.79694495892043 80.15249273834486 144.10469238281243 0 233 2.8329 0.0 8.181805246746432 0.0 4.0 
831 10429856.8 92.79694495892043 80.15249273834486 144.10469238281243 0 233 2.8329 0.0 8.181805246746432 0.0 4.0 
832 10429890.1 92.78317602191782 80.15473611960867 144.10469238281243 0 233 2.8329 0.0 8.181805246746432 0.0 4.0 
833 10429923.5 92.78317602191782 80.15473611960867 144.10469238281243 0 233 2.8329 0.0 8.181805246746432 0.0 4.0 
834 10429956.8 92.78317602191782 80.15473611960867 144.10469238281243 0 233 2.8329 0.0 8.181805246746432 0.0 4.0 
835 10429990.1 92.78317602191782 80.15473611960867 144.10469238281243 0 233 2.8329 0.0 8.181805246746432 0.0 4.0 
836 10430023.5 92.77518826303877 80.15473611960867 144.10469238281243 0 233 2.8329 0.0 8.181805246746432 0.0 4.0 
837 10430056.8 92.77518826303877 80.15473611960867 144.10469238281243 0 233 2.8329 0.0 8.181805246746432 0.0 4.0 
838 10430090.1 92.77518826303877 80.15473611960867 144.10469238281243 0 233 2.8329 0.0 8.181805246746432 0.0 4.0 
839 10430123.5 92.76382416595932 80.15473611960867 144.10469238281243 0 233 2.8329 0.0 8.181805246746432 0.0 4.0 
840 10430156.8 92.76382416595932 80.15473611960867 144.10469238281243 0 233 2.8329 0.0 8.181805246746432 0.0 4.0 
841 10430190.1 92.75222281812691 80.15473611960867 144.10469238281243 0 233 2.8329 0.0 8.181805246746432 0.0 4.0 
842 10430223.5 92.75222281812691 80.15473611960867 144.10469238281243 0 233 2.8329 0.0 8.181805246746432 0.0 4.0 
843 10430256.8 92.74737944887937 80.15343228578055 144.10469238281243 0 233 2.8329 0.0 8.181805246746432 0.0 4.0 
844 10430290.1 92.74737944887937 80.15343228578055 144.10469238281243 0 233 2.8329 0.0 8.181805246746432 0.0 4.0 
845 10430323.5 92.74737944887937 80.15343228578055 144.10469238281243 0 233 2.8329 0.0 8.181805246746432 0.0 4.0 
846 10430356.8 92.74068386785817 80.15343228578055 144.10469238281243 0 233 2.8329 0.0 8.181805246746432 0.0 4.0 
847 10430390.2 92.74068386785817 80.14936127054074 144.10469238281243 0 233 2.8329 0.0 8.181805246746432 0.0 4.0 
848 10430423.5 92.74068386785817 80.14936127054074 144.10469238281243 0 233 2.8329 0.0 8.181805246746432 0.0 4.0 
849 10430456.8 92.74068386785817 80.14936127054074 144.10469238281243 0 233 2.8329 0.0 8.181805246746432 0.0 4.0 
850 10430490.2 92.72706290615653 80.14936127054074 144.10469238281243 0 233 2.8329 0.0 8.181805246746432 0.0 4.0 
851 10430523.5 92.72706290615653 80.13988791485103 144.10469238281243 0 233 2.8329 0.0 8.181805246746432 0.0 4.0 
852 10430556.8 92.72706290615653 80.13988791485103 144.10469238281243 0 233 2.8329 0.0 8.181805246746432 0.0 4.0 
853 10430590.2 92.72706290615653 80.13988791485103 144.10469238281243 0 233 2.8329 0.0 8.181805246746432 0.0 4.0 
854 10430623.5 92.71523567525988 80.13148481347258 144.10469238281243 0 233 2.8329 0.0 8.181805246746432 0.0 4.0 
855 10430656.8 92.71523567525988 80.13148481347258 144.10469238281243 0 233 2.8329 0.0 8.181805246746432 0.0 4.0 
856 10430690.2 92.71523567525988 80.13148481347258 144.10469238281243 0 233 2.8329 0.0 8.181805246746432 0.0 4.0 
857 10430723.5 92.71523567525988 80.13148481347258 144.10469238281243 0 233 2.8329 0.0 8.181805246746432 0.0 4.0 
858 10430756.9 92.70031717662715 80.13148481347258 144.10469238281243 0 233 2.8329 0.0 8.181805246746432 0.0 4.0 
859 10430790.2 92.70031717662715 80.12131717561492 144.10469238281243 0 233 2.8329 0.0 8.181805246746432 0.0 4.0 
860 10430823.5 92.70031717662715 80.12131717561492 144.10469238281243 0 233 2.8329 0.0 8.181805246746432 0.0 4.0 
861 10430856.9 92.70031717662715 80.12131717561492 144.10469238281243 0 233 2.8329 0.0 8.181805246746432 0.0 4.0 
862 10430890.2 92.69029758242723 80.12131717561492 144.10469238281243 0 233 2.8329 0.0 8.181805246746432 0.0 4.0 
863 10430923.5 92.69029758242723 80.11272816401586 144.10469238281243 0 233 2.8329 0.0 8.181805246746432 0.0 4.0 
864 10430956.9 92.69029758242723 80.11272816401586 144.10469238281243 0 233 2.8329 0.0 8.181805246746432 0.0 4.0 
865 10430990.2 92.69029758242723 80.11272816401586 144.10469238281243 0 233 2.8329 0.0 8.181805246746432 0.0 4.0 
866 10431023.5 92.68433963269135 80.10766479907674 144.10469238281243 0 233 2.8329 0.0 8.181805246746432 0.0 4.0 
867 10431056.9 92.68433963269135 80.10766479907674 144.10469238281243 0 233 2.8329 0.0 8.181805246746432 0.0 4.0 
868 10431090.2 92.68433963269135 80.10766479907674 144.10469238281243 0 233 2.8329 0.0 8.181805246746432 0.0 4.0 
869 10431123.5 92.67896327830167 80.10766479907674 144.10469238281243 0 233 2.8329 0.0 8.181805246746432 0.0 4.0 
870 10431156.9 92.67896327830167 80.10573736950572 144.10469238281243 0 233 2.8329 0.0 8.181805246746432 0.0 4.0 
871 10431190.2 92.67896327830167 80.10573736950572 144.10469238281243 0 233 2.8329 0.0 8.181805246746432 0.0 4.0 
872 10431223.6 92.67896327830167 80.10573736950572 144.10469238281243 0 233 2.8329 0.0 8.181805246746432 0.0 4.0 
873 10431256.9 92.67640509434646 80.10573736950572 144.10469238281243 0 233 2.8329 0.0 8.181805246746432 0.0 4.0 
874 10431290.2 92.67640509434646 80.10236646711552 144.10469238281243 0 233 2.8329 0.0 8.181805246746432 0.0 4.0 
875 10431323.6 92.67640509434646 80.10236646711552 144.10469238281243 0 233 2.8329 0.0 8.181805246746432 0.0 4.0 
876 10431356.9 92.67640509434646 80.10236646711552 144.10469238281243 0 233 2.8329 0.0 8.181805246746432 0.0 4.0 
877 10431390.2 92.66873546863756 80.09130930912767 144.10469238281243 0 233 2.8329 0.0 8.181805246746432 0.0 4.0 
878 10431423.6 92.66873546863756 80.09130930912767 144.10469238281243 0 233 2.8329 0.0 8.181805246746432 0.0 4.0 
879 10431456.9 92.66873546863756 80.09130930912767 144.10469238281243 0 233 2.8329 0.0 8.181805246746432 0.0 4.0 
880 10431490.2 92.66134669673352 80.09130930912767 144.10469238281243 0 233 2.8329 0.0 8.181805246746432 0.0 4.0 
881 10431523.6 92.66134669673352 80.08000164888644 144.10469238281243 0 233 2.8329 0.0 8.181805246746432 0.0 4.0 
882 10431556.9 92.66134669673352 80.08000164888644 144.10469238281243 0 233 2.8329 0.0 8.181805246746432 0.0 4.0 
883 10431590.3 92.66134669673352 80.08000164888644 144.10469238281243 0 233 2.8329 0.0 8.181805246746432 0.0 4.0 
884 10431623.6 92.6572802861882 80.08000164888644 144.10469238281243 0 233 2.8329 0.0 8.181805246746432 0.0 4.0 
885 10431656.9 92.6572802861882 80.07373143811225 144.10469238281243 0 233 2.8329 0.0 8.181805246746432 0.0 4.0 
886 10431690.3 92.6572802861882 80.07373143811225 144.10469238281243 0 233 2.8329 0.0 8.181805246746432 0.0 4.0 
887 10431723.6 92.6572802861882 80.07373143811225 144.10469238281243 0 233 2.8329 0.0 8.181805246746432 0.0 4.0 
888 10431756.9 92.6559426080639 80.07245577294383 144.10469238281243 0 233 2.8329 0.0 8.181805246746432 0.0 4.0 
889 10431790.3 92.6559426080639 80.07245577294383 144.10469238281243 0 233 2.8329 0.0 8.181805246746432 0.0 4.0 
890 10431823.6 92.6559426080639 80.07245577294383 144.10469238281243 0 233 2.8329 0.0 8.181805246746432 0.0 4.0 
891 10431856.9 92.6559426080639 80.07245577294383 144.10469238281243 0 233 2.8329 0.0 8.181805246746432 0.0 4.0 
892 10431890.3 92.6559426080639 80.07245577294383 144.10469238281243 0 233 2.8329 0.0 8.181805246746432 0.0 4.0 
893 10431923.6 92.6559426080639 80.07245577294383 144.10469238281243 0 233 2.8329 0.0 8.181805246746432 0.0 4.0 
894 10431956.9 92.6559426080639 80.07245577294383 144.10469238281243 0 233 2.8329 0.0 8.181805246746432 0.0 4.0 
895 10431990.3 92.6559426080639 80.07245577294383 144.10469238281243 0 233 2.8329 0.0 8.181805246746432 0.0 4.0 
896 10432023.6 92.65380678149356 80.07245577294383 144.10469238281243 0 233 2.8329 0.0 8.181805246746432 0.0 4.0 
897 10432057.0 92.65380678149356 80.07245577294383 144.10469238281243 0 233 2.8329 0.0 8.181805246746432 0.0 4.0 
898 10432090.3 92.65380678149356 80.07245577294383 144.10469238281243 0 233 2.8329 0.0 8.181805246746432 0.0 4.0 
899 10432123.6 92.65380678149356 80.0743184655098 144.10469238281243 0 233 2.8329 0.0 8.181805246746432 0.0 4.0 
900 10432157.0 92.65380678149356 80.0743184655098 144.10469238281243 0 233 2.8329 0.0 8.181805246746432 0.0 4.0 
901 10432190.3 92.65380678149356 80.0743184655098 144.10469238281243 0 233 2.8329 0.0 8.181805246746432 0.0 4.0 
902 10432223.6 92.6569195075385 80.07924210439757 144.10469238281243 0 233 2.8329 0.0 8.181805246746432 0.0 4.0 
903 10432257.0 92.6569195075385 80.07924210439757 144.10469238281243 0 233 2.8329 0.0 8.181805246746432 0.0 4.0 
904 10432290.3 92.66263378311875 80.07924210439757 144.10469238281243 0 233 2.8329 0.0 8.181805246746432 0.0 4.0 
905 10432323.6 92.66263378311875 80.08467343229987 144.10469238281243 0 233 2.8329 0.0 8.181805246746432 0.0 4.0 
906 10432357.0 92.66263378311875 80.08467343229987 144.10469238281243 0 233 2.8329 0.0 8.181805246746432 0.0 4.0 
907 10432390.3 92.67045248017938 80.08467343229987 144.10469238281243 0 233 2.8329 0.0 8.181805246746432 0.0 4.0 
908 10432423.7 92.67045248017938 80.09080135451572 144.10469238281243 0 233 2.8329 0.0 8.181805246746432 0.0 4.0 
909 10432457.0 92.67045248017938 80.09080135451572 144.10469238281243 0 233 2.8329 0.0 8.181805246746432 0.0 4.0 
910 10432490.3 92.67045248017938 80.09080135451572 144.10469238281243 0 233 2.8329 0.0 8.181805246746432 0.0 4.0 
911 10432523.7 92.67772231874088 80.09080135451572 144.10469238281243 0 233 2.8329 0.0 8.181805246746432 0.0 4.0 
912 10432557.0 92.67772231874088 80.0946055254758 144.10469238281243 0 233 2.8329 0.0 8.181805246746432 0.0 4.0 
913 10432590.3 92.67772231874088 80.0946055254758 144.10469238281243 0 233 2.8329 0.0 8.181805246746432 0.0 4.0 
914 10432623.7 92.67772231874088 80.0946055254758 144.10469238281243 0 233 2.8329 0.0 8.181805246746432 0.0 4.0 
915 10432657.0 92.6896731123391 80.10448303291687 144.10469238281243 0 233 2.8329 0.0 8.181805246746432 0.0 4.0 
916 10432690.3 92.6896731123391 80.10448303291687 144.10469238281243 0 233 2.8329 0.0 8.181805246746432 0.0 4.0 
917 10432723.7 92.6896731123391 80.10448303291687 144.10469238281243 0 233 2.8329 0.0 8.181805246746432 0.0 4.0 
918 10432757.0 92.6896731123391 80.10448303291687 144.10469238281243 0 233 2.8329 0.0 8.181805246746432 0.0 4.0 
919 10432790.3 92.72337234800861 80.10448303291687 144.10469238281243 0 233 2.8329 0.0 8.181805246746432 0.0 4.0 
920 10432823.7 92.72337234800861 80.13049901391794 144.10469238281243 0 233 2.8329 0.0 8.181805246746432 0.0 4.0 
921 10432857.0 92.72337234800861 80.13049901391794 144.10469238281243 0 233 2.8329 0.0 8.181805246746432 0.0 4.0 
922 10432890.4 92.72337234800861 80.13049901391794 144.10469238281243 0 233 2.8329 0.0 8.181805246746432 0.0 4.0 
923 10432923.7 92.76921774413302 80.14844931367645 144.10469238281243 0 233 2.8329 0.0 8.181805246746432 0.0 4.0 
924 10432957.0 92.76921774413302 80.14844931367645 144.10469238281243 0 233 2.8329 0.0 8.181805246746432 0.0 4.0 
925 10432990.4 92.76921774413302 80.14844931367645 144.10469238281243 0 233 2.8329 0.0 8.181805246746432 0.0 4.0 
926 10433023.7 92.76921774413302 80.14844931367645 144.10469238281243 0 233 2.8329 0.0 8.181805246746432 0.0 4.0 
927 10433057.0 92.78776795641012 80.14844931367645 144.10469238281243 0 233 2.8329 0.0 8.181805246746432 0.0 4.0 
928 10433090.4 92.78776795641012 80.14844931367645 144.10469238281243 0 233 2.8329 0.0 8.181805246746432 0.0 4.0 
929 10433123.7 92.80074997149617 80.14844931367645 144.10469238281243 0 233 2.8329 0.0 8.181805246746432 0.0 4.0 
930 10433157.0 92.80074997149617 80.14844931367645 144.10469238281243 0 233 2.8329 0.0 8.181805246746432 0.0 4.0 
931 10433190.4 92.80074997149617 80.14844931367645 144.10469238281243 0 233 2.8329 0.0 8.181805246746432 0.0 4.0 
932 10433223.7 92.81021906792915 80.14844931367645 144.10469238281243 0 233 2.8329 0.0 8.181805246746432 0.0 4.0 
933 10433257.1 92.81021906792915 80.14646035984423 144.10469238281243 0 233 2.8329 0.0 8.181805246746432 0.0 4.0 
934 10433290.4 92.81021906792915 80.14646035984423 144.10469238281243 0 233 2.8329 0.0 8.181805246746432 0.0 4.0 
935 10433323.7 92.81021906792915 80.14646035984423 144.10469238281243 0 233 2.8329 0.0 8.181805246746432 0.0 4.0 
936 10433357.1 92.82696444077307 80.14646035984423 144.10469238281243 0 233 2.8329 0.0 8.181805246746432 0.0 4.0 
937 10433390.4 92.82696444077307 80.13964699561723 144.10469238281243 0 233 2.8329 0.0 8.181805246746432 0.0 4.0 
938 10433423.7 92.82696444077307 80.13964699561723 144.10469238281243 0 233 2.8329 0.0 8.181805246746432 0.0 4.0 
939 10433457.1 92.82696444077307 80.13964699561723 144.10469238281243 0 233 2.8329 0.0 8.181805246746432 0.0 4.0 
940 10433490.4 92.84038986704132 80.13964699561723 144.10469238281243 0 233 2.8329 0.0 8.181805246746432 0.0 4.0 
941 10433523.7 92.84038986704132 80.13108103351789 144.10469238281243 0 233 2.8329 0.0 8.181805246746432 0.0 4.0 
942 10433557.1 92.84038986704132 80.13108103351789 144.10469238281243 0 233 2.8329 0.0 8.181805246746432 0.0 4.0 
943 10433590.4 92.85335647382298 80.13108103351789 144.10469238281243 0 233 2.8329 0.0 8.181805246746432 0.0 4.0 
944 10433623.7 92.85335647382298 80.12315245626777 144.10469238281243 0 233 2.8329 0.0 8.181805246746432 0.0 4.0 
945 10433657.1 92.85335647382298 80.12315245626777 144.10469238281243 0 233 2.8329 0.0 8.181805246746432 0.0 4.0 
946 10433690.4 92.85335647382298 80.12315245626777 144.10469238281243 0 233 2.8329 0.0 8.181805246746432 0.0 4.0 
947 10433723.8 92.86632224736513 80.11458004517678 144.10469238281243 0 233 2.8329 0.0 8.181805246746432 0.0 4.0 
948 10433757.1 92.86632224736513 80.11458004517678 144.10469238281243 0 233 2.8329 0.0 8.181805246746432 0.0 4.0 
949 10433790.4 92.86632224736513 80.11458004517678 144.10469238281243 0 233 2.8329 0.0 8.181805246746432 0.0 4.0 
950 10433823.8 92.87294124908712 80.11458004517678 144.10469238281243 0 233 2.8329 0.0 8.181805246746432 0.0 4.0 
951 10433857.1 92.87294124908712 80.10821013344447 144.10469238281243 0 233 2.8329 0.0 8.181805246746432 0.0 4.0 
952 10433890.4 92.87294124908712 80.10821013344447 144.10469238281243 0 233 2.8329 0.0 8.181805246746432 0.0 4.0 
953 10433923.8 92.87294124908712 80.10821013344447 144.10469238281243 0 233 2.8329 0.0 8.181805246746432 0.0 4.0 
954 10433957.1 92.8861529236636 80.10821013344447 144.10469238281243 0 233 2.8329 0.0 8.181805246746432 0.0 4.0 
955 10433990.4 92.8861529236636 80.09609067297994 144.10469238281243 0 233 2.8329 0.0 8.181805246746432 0.0 4.0 
956 10434023.8 92.8861529236636 80.09609067297994 144.10469238281243 0 233 2.8329 0.0 8.181805246746432 0.0 4.0 
957 10434057.1 92.8861529236636 80.09609067297994 144.10469238281243 0 233 2.8329 0.0 8.181805246746432 0.0 4.0 
958 10434090.5 92.89546824679029 80.0868324980534 144.10469238281243 0 233 2.8329 0.0 8.181805246746432 0.0 4.0 
959 10434123.8 92.89546824679029 80.0868324980534 144.10469238281243 0 233 2.8329 0.0 8.181805246746432 0.0 4.0 
960 10434157.1 92.89546824679029 80.0868324980534 144.10469238281243 0 233 2.8329 0.0 8.181805246746432 0.0 4.0 
961 10434190.5 92.89546824679029 80.08526692433061 144.10469238281243 0 233 2.8329 0.0 8.181805246746432 0.0 4.0 
962 10434223.8 92.89546824679029 80.08526692433061 144.10469238281243 0 233 2.8329 0.0 8.181805246746432 0.0 4.0 
963 10434257.1 92.89546824679029 80.08526692433061 144.10469238281243 0 233 2.8329 0.0 8.181805246746432 0.0 4.0 
964 10434290.5 92.89724698525241 80.08526692433061 144.10469238281243 0 233 2.8329 0.0 8.181805246746432 0.0 4.0 
965 10434323.8 92.89724698525241 80.08367477577555 144.10469238281243 0 233 2.8329 0.0 8.181805246746432 0.0 4.0 
966 10434357.1 92.89724698525241 80.08367477577555 144.10469238281243 0 233 2.8329 0.0 8.181805246746432 0.0 4.0 
967 10434390.5 92.89526197532574 80.08367477577555 144.10469238281243 0 233 2.8329 0.0 8.181805246746432 0.0 4.0 
968 10434423.8 92.89526197532574 80.08673026684531 144.10469238281243 0 233 2.8329 0.0 8.181805246746432 0.0 4.0 
969 10434457.1 92.89526197532574 80.08673026684531 144.10469238281243 0 233 2.8329 0.0 8.181805246746432 0.0 4.0 
970 10434490.5 92.89526197532574 80.08983402491114 144.10469238281243 0 233 2.8329 0.0 8.181805246746432 0.0 4.0 
971 10434523.8 92.89526197532574 80.08983402491114 144.10469238281243 0 233 2.8329 0.0 8.181805246746432 0.0 4.0 
972 10434557.2 92.89526197532574 80.08983402491114 144.10469238281243 0 233 2.8329 0.0 8.181805246746432 0.0 4.0 
973 10434590.5 92.89274304207652 80.08983402491114 144.10469238281243 0 233 2.8329 0.0 8.181805246746432 0.0 4.0 
974 10434623.8 92.89274304207652 80.09430669829318 144.10469238281243 0 233 2.8329 0.0 8.181805246746432 0.0 4.0 
975 10434657.2 92.89274304207652 80.09430669829318 144.10469238281243 0 233 2.8329 0.0 8.181805246746432 0.0 4.0 
976 10434690.5 92.89274304207652 80.09430669829318 144.10469238281243 0 233 2.8329 0.0 8.181805246746432 0.0 4.0 
977 10434723.8 92.89080997361083 80.09430669829318 144.10469238281243 0 233 2.8329 0.0 8.181805246746432 0.0 4.0 
978 10434757.2 92.89080997361083 80.09430669829318 144.10469238281243 0 233 2.8329 0.0 8.181805246746432 0.0 4.0 
979 10434790.5 92.88897046338529 80.09430669829318 144.10469238281243 0 233 2.8329 0.0 8.181805246746432 0.0 4.0 
980 10434823.8 92.88897046338529 80.09559119970339 144.10469238281243 0 233 2.8329 0.0 8.181805246746432 0.0 4.0 
981 10434857.2 92.88897046338529 80.09559119970339 144.10469238281243 0 233 2.8329 0.0 8.181805246746432 0.0 4.0 
982 10434890.5 92.89206643805831 80.09294576247827 144.10469238281243 0 233 2.8329 0.0 8.181805246746432 0.0 4.0 
983 10434923.9 92.89206643805831 80.09294576247827 144.10469238281243 0 233 2.8329 0.0 8.181805246746432 0.0 4.0 
984 10434957.2 92.89475242585266 80.09294576247827 144.10469238281243 0 233 2.8329 0.0 8.181805246746432 0.0 4.0 
985 10434990.5 92.89475242585266 80.09043768125005 144.10469238281243 0 233 2.8329 0.0 8.181805246746432 0.0 4.0 
986 10435023.9 92.89475242585266 80.09043768125005 144.10469238281243 0 233 2.8329 0.0 8.181805246746432 0.0 4.0 
987 10435057.2 92.88919052078982 80.09043768125005 144.10469238281243 0 233 2.8329 0.0 8.181805246746432 0.0 4.0 
988 10435090.5 92.88919052078982 80.09043768125005 144.10469238281243 0 233 2.8329 0.0 8.181805246746432 0.0 4.0 
989 10435123.9 92.88551504076383 80.09043768125005 144.10469238281243 0 233 2.8329 0.0 8.181805246746432 0.0 4.0 
990 10435157.2 92.88551504076383 80.09043768125005 144.10469238281243 0 233 2.8329 0.0 8.181805246746432 0.0 4.0 
991 10435190.5 92.88153865401424 80.09043768125005 144.10469238281243 0 233 2.8329 0.0 8.181805246746432 0.0 4.0 
992 10435223.9 92.88153865401424 80.09354917343897 144.10469238281243 0 233 2.8329 0.0 8.181805246746432 0.0 4.0 
993 10435257.2 92.88153865401424 80.09354917343897 144.10469238281243 0 233 2.8329 0.0 8.181805246746432 0.0 4.0 
994 10435290.5 92.88153865401424 80.09510495284873 144.10469238281243 0 233 2.8329 0.0 8.181805246746432 0.0 4.0 
995 10435323.9 92.88153865401424 80.09510495284873 144.10469238281243 0 233 2.8329 0.0 8.181805246746432 0.0 4.0 
996 10435357.2 92.88153865401424 80.09510495284873 144.10469238281243 0 233 2.8329 0.0 8.181805246746432 0.0 4.0 
997 10435390.6 92.88342528077166 80.09510495284873 144.10469238281243 0 233 2.8329 0.0 8.181805246746432 0.0 4.0 
998 10435423.9 92.88342528077166 80.09510495284873 144.10469238281243 0 233 2.8329 0.0 8.181805246746432 0.0 4.0 
999 10435457.2 92.88342528077166 80.09510495284873 144.10469238281243 0 233 2.8329 0.0 8.181805246746432 0.0 4.0 
1000 10435490.6 92.8889932448101 80.09510495284873 144.10469238281243 0 233 2.8329 0.0 8.181805246746432 0.0 4.0 
1001 10435523.9 92.8889932448101 80.09363685936603 144.10469238281243 0 233 2.8329 0.0 8.181805246746432 0.0 4.0 
1002 10435557.2 92.8889932448101 80.09363685936603 144.10469238281243 0 233 2.8329 0.0 8.181805246746432 0.0 4.0 
1003 10435590.6 92.8889932448101 80.09363685936603 144.10469238281243 0 233 2.8329 0.0 8.181805246746432 0.0 4.0 
1004 10435623.9 92.8889932448101 80.09363685936603 144.10469238281243 0 233 2.8329 0.0 8.181805246746432 0.0 4.0 
1005 10435657.2 92.89224458585855 80.09363685936603 144.10469238281243 0 233 2.8329 0.0 8.181805246746432 0.0 4.0 
1006 10435690.6 92.89224458585855 80.09363685936603 144.10469238281243 0 233 2.8329 0.0 8.181805246746432 0.0 4.0 
1007 10435723.9 92.89224458585855 80.09363685936603 144.10469238281243 0 233 2.8329 0.0 8.181805246746432 0.0 4.0 
1008 10435757.3 92.88997553364203 80.09363685936603 144.10469238281243 0 233 2.8329 0.0 8.181805246746432 0.0 4.0 
1009 10435790.6 92.88997553364203 80.09363685936603 144.10469238281243 0 233 2.8329 0.0 8.181805246746432 0.0 4.0 
1010 10435823.9 92.88997553364203 80.09363685936603 144.10469238281243 0 233 2.8329 0.0 8.181805246746432 0.0 4.0 
1011 10435857.3 92.88021292120007 80.09363685936603 144.10469238281243 0 233 2.8329 0.0 8.181805246746432 0.0 4.0 
1012 10435890.6 92.88021292120007 80.0969804808826 144.10469238281243 0 233 2.8329 0.0 8.181805246746432 0.0 4.0 
1013 10435923.9 92.88021292120007 80.0969804808826 144.10469238281243 0 233 2.8329 0.0 8.181805246746432 0.0 4.0 
1014 10435957.3 92.88021292120007 80.0969804808826 144.10469238281243 0 233 2.8329 0.0 8.181805246746432 0.0 4.0 
1015 10435990.6 92.87479726762496 80.0969804808826 144.10469238281243 0 233 2.8329 0.0 8.181805246746432 0.0 4.0 
1016 10436023.9 92.87479726762496 80.10156846666058 144.10469238281243 0 233 2.8329 0.0 8.181805246746432 0.0 4.0 
1017 10436057.3 92.87479726762496 80.10156846666058 144.10469238281243 0 233 2.8329 0.0 8.181805246746432 0.0 4.0 
1018 10436090.6 92.87479726762496 80.10156846666058 144.10469238281243 0 233 2.8329 0.0 8.181805246746432 0.0 4.0 
1019 10436123.9 92.87036039207676 80.10418813470231 144.10469238281243 0 233 2.8329 0.0 8.181805246746432 0.0 4.0 
1020 10436157.3 92.87036039207676 80.10418813470231 144.10469238281243 0 233 2.8329 0.0 8.181805246746432 0.0 4.0 
1021 10436190.6 92.87036039207676 80.10418813470231 144.10469238281243 0 233 2.8329 0.0 8.181805246746432 0.0 4.0 
1022 10436224.0 92.86565088880354 80.10418813470231 144.10469238281243 0 233 2.8329 0.0 8.181805246746432 0.0 4.0 
1023 10436257.3 92.86565088880354 80.10905206393453 144.10469238281243 0 233 2.8329 0.0 8.181805246746432 0.0 4.0 
1024 10436290.6 92.86565088880354 80.10905206393453 144.10469238281243 0 233 2.8329 0.0 8.181805246746432 0.0 4.0 
1025 10436324.0 92.8597821192007 80.10905206393453 144.10469238281243 0 233 2.8329 0.0 8.181805246746432 0.0 4.0 
1026 10436357.3 92.8597821192007 80.116094285776 144.10469238281243 0 233 2.8329 0.0 8.181805246746432 0.0 4.0 
1027 10436390.6 92.8597821192007 80.116094285776 144.10469238281243 0 233 2.8329 0.0 8.181805246746432 0.0 4.0 
1028 10436424.0 92.85629473612367 80.119076772306 144.10469238281243 0 233 2.8329 0.0 8.181805246746432 0.0 4.0 
1029 10436457.3 92.85629473612367 80.119076772306 144.10469238281243 0 233 2.8329 0.0 8.181805246746432 0.0 4.0 
1030 10436490.6 92.85629473612367 80.119076772306 144.10469238281243 0 233 2.8329 0.0 8.181805246746432 0.0 4.0 
1031 10436524.0 92.85629473612367 80.119076772306 144.10469238281243 0 233 2.8329 0.0 8.181805246746432 0.0 4.0 
1032 10436557.3 92.85378678770648 80.119076772306 144.10469238281243 0 233 2.8329 0.0 8.181805246746432 0.0 4.0 
1033 10436590.7 92.85378678770648 80.119076772306 144.10469238281243 0 233 2.8329 0.0 8.181805246746432 0.0 4.0 
1034 10436624.0 92.85378678770648 80.119076772306 144.10469238281243 0 233 2.8329 0.0 8.181805246746432 0.0 4.0 
1035 10436657.3 92.85378678770648 80.1202154204194 144.10469238281243 0 233 2.8329 0.0 8.181805246746432 0.0 4.0 
1036 10436690.7 92.85378678770648 80.1202154204194 144.10469238281243 0 233 2.8329 0.0 8.181805246746432 0.0 4.0 
1037 10436724.0 92.85378678770648 80.1202154204194 144.10469238281243 0 233 2.8329 0.0 8.181805246746432 0.0 4.0 
1038 10436757.3 92.85180469419697 80.1202154204194 144.10469238281243 0 233 2.8329 0.0 8.181805246746432 0.0 4.0 
1039 10436790.7 92.85180469419697 80.12155171279099 144.10469238281243 0 233 2.8329 0.0 8.181805246746432 0.0 4.0 
1040 10436824.0 92.85180469419697 80.12155171279099 144.10469238281243 0 233 2.8329 0.0 8.181805246746432 0.0 4.0 
1041 10436857.3 92.85180469419697 80.12155171279099 144.10469238281243 0 233 2.8329 0.0 8.181805246746432 0.0 4.0 
1042 10436890.7 92.8481523792384 80.12155171279099 144.10469238281243 0 233 2.8329 0.0 8.181805246746432 0.0 4.0 
1043 10436924.0 92.8481523792384 80.12352307243638 144.10469238281243 0 233 2.8329 0.0 8.181805246746432 0.0 4.0 
1044 10436957.3 92.8481523792384 80.12352307243638 144.10469238281243 0 233 2.8329 0.0 8.181805246746432 0.0 4.0 
1045 10436990.7 92.8481523792384 80.12352307243638 144.10469238281243 0 233 2.8329 0.0 8.181805246746432 0.0 4.0 
1046 10437024.0 92.84206905634488 80.12352307243638 144.10469238281243 0 233 2.8329 0.0 8.181805246746432 0.0 4.0 
1047 10437057.4 92.84206905634488 80.129475576428 144.10469238281243 0 233 2.8329 0.0 8.181805246746432 0.0 4.0 
1048 10437090.7 92.84206905634488 80.129475576428 144.10469238281243 0 233 2.8329 0.0 8.181805246746432 0.0 4.0 
1049 10437124.0 92.83189929523341 80.129475576428 144.10469238281243 0 233 2.8329 0.0 8.181805246746432 0.0 4.0 
1050 10437157.4 92.83189929523341 80.14074508593036 144.10469238281243 0 233 2.8329 0.0 8.181805246746432 0.0 4.0 
1051 10437190.7 92.83189929523341 80.14074508593036 144.10469238281243 0 233 2.8329 0.0 8.181805246746432 0.0 4.0 
1052 10437224.0 92.83189929523341 80.14074508593036 144.10469238281243 0 233 2.8329 0.0 8.181805246746432 0.0 4.0 
1053 10437257.4 92.82403139839164 80.14864107140123 144.10469238281243 0 233 2.8329 0.0 8.181805246746432 0.0 4.0 
1054 10437290.7 92.82403139839164 80.14864107140123 144.10469238281243 0 233 2.8329 0.0 8.181805246746432 0.0 4.0 
1055 10437324.0 92.82403139839164 80.14864107140123 144.10469238281243 0 233 2.8329 0.0 8.181805246746432 0.0 4.0 
1056 10437357.4 92.81511469348025 80.14864107140123 144.10469238281243 0 233 2.8329 0.0 8.181805246746432 0.0 4.0 
1057 10437390.7 92.81511469348025 80.15715954745392 144.10469238281243 0 233 2.8329 0.0 8.181805246746432 0.0 4.0 
1058 10437424.1 92.81511469348025 80.15715954745392 144.10469238281243 0 233 2.8329 0.0 8.181805246746432 0.0 4.0 
1059 10437457.4 92.80945944643418 80.15715954745392 144.10469238281243 0 233 2.8329 0.0 8.181805246746432 0.0 4.0 
1060 10437490.7 92.80945944643418 80.16477494301002 144.10469238281243 0 233 2.8329 0.0 8.181805246746432 0.0 4.0 
1061 10437524.1 92.80945944643418 80.16477494301002 144.10469238281243 0 233 2.8329 0.0 8.181805246746432 0.0 4.0 
1062 10437557.4 92.80945944643418 80.16477494301002 144.10469238281243 0 233 2.8329 0.0 8.181805246746432 0.0 4.0 
1063 10437590.7 92.80518891203882 80.16477494301002 144.10469238281243 0 233 2.8329 0.0 8.181805246746432 0.0 4.0 
1064 10437624.1 92.80518891203882 80.16713209190821 144.10469238281243 0 233 2.8329 0.0 8.181805246746432 0.0 4.0 
1065 10437657.4 92.80518891203882 80.16713209190821 144.10469238281243 0 233 2.8329 0.0 8.181805246746432 0.0 4.0 
1066 10437690.7 92.80141578967961 80.16713209190821 144.10469238281243 0 233 2.8329 0.0 8.181805246746432 0.0 4.0 
1067 10437724.1 92.80141578967961 80.16713209190821 144.10469238281243 0 233 2.8329 0.0 8.181805246746432 0.0 4.0 
1068 10437757.4 92.80141578967961 80.16713209190821 144.10469238281243 0 233 2.8329 0.0 8.181805246746432 0.0 4.0 
1069 10437790.7 92.79763855475173 80.16713209190821 144.10469238281243 0 233 2.8329 0.0 8.181805246746432 0.0 4.0 
1070 10437824.1 92.79763855475173 80.17035389761216 144.10469238281243 0 233 2.8329 0.0 8.181805246746432 0.0 4.0 
1071 10437857.4 92.79763855475173 80.17035389761216 144.10469238281243 0 233 2.8329 0.0 8.181805246746432 0.0 4.0 
1072 10437890.8 92.79590183493757 80.17035389761216 144.10469238281243 0 233 2.8329 0.0 8.181805246746432 0.0 4.0 
1073 10437924.1 92.79590183493757 80.17224675478712 144.10469238281243 0 233 2.8329 0.0 8.181805246746432 0.0 4.0 
1074 10437957.4 92.79590183493757 80.17224675478712 144.10469238281243 0 233 2.8329 0.0 8.181805246746432 0.0 4.0 
1075 10437990.8 92.79590183493757 80.17224675478712 144.10469238281243 0 233 2.8329 0.0 8.181805246746432 0.0 4.0 
1076 10438024.1 92.79111730284916 80.17379791100241 144.10469238281243 0 233 2.8329 0.0 8.181805246746432 0.0 4.0 
1077 10438057.4 92.79111730284916 80.17379791100241 144.10469238281243 0 233 2.8329 0.0 8.181805246746432 0.0 4.0 
1078 10438090.8 92.79111730284916 80.17379791100241 144.10469238281243 0 233 2.8329 0.0 8.181805246746432 0.0 4.0 
1079 10438124.1 92.79111730284916 80.17379791100241 144.10469238281243 0 233 2.8329 0.0 8.181805246746432 0.0 4.0 
1080 10438157.4 92.77976057645348 80.17379791100241 144.10469238281243 0 233 2.8329 0.0 8.181805246746432 0.0 4.0 
1081 10438190.8 92.77976057645348 80.17379791100241 144.10469238281243 0 233 2.8329 0.0 8.181805246746432 0.0 4.0 
1082 10438224.1 92.77976057645348 80.17379791100241 144.10469238281243 0 233 2.8329 0.0 8.181805246746432 0.0 4.0 
1083 10438257.5 92.77976057645348 80.17379791100241 144.10469238281243 0 233 2.8329 0.0 8.181805246746432 0.0 4.0 
1084 10438290.8 92.76541303750484 80.17379791100241 144.10469238281243 0 233 2.8329 0.0 8.181805246746432 0.0 4.0 
1085 10438324.1 92.76541303750484 80.17379791100241 144.10469238281243 0 233 2.8329 0.0 8.181805246746432 0.0 4.0 
1086 10438357.5 92.76541303750484 80.17379791100241 144.10469238281243 0 233 2.8329 0.0 8.181805246746432 0.0 4.0 
1087 10438390.8 92.7479384217591 80.17256313284254 144.10469238281243 0 233 2.8329 0.0 8.181805246746432 0.0 4.0 
1088 10438424.1 92.7479384217591 80.17256313284254 144.10469238281243 0 233 2.8329 0.0 8.181805246746432 0.0 4.0 
1089 10438457.5 92.7479384217591 80.17256313284254 144.10469238281243 0 233 2.8329 0.0 8.181805246746432 0.0 4.0 
1090 10438490.8 92.7479384217591 80.17256313284254 144.10469238281243 0 233 2.8329 0.0 8.181805246746432 0.0 4.0 
1091 10438524.1 92.73930100633338 80.17256313284254 144.10469238281243 0 233 2.8329 0.0 8.181805246746432 0.0 4.0 
1092 10438557.5 92.73930100633338 80.16976495498223 144.10469238281243 0 233 2.8329 0.0 8.181805246746432 0.0 4.0 
1093 10438590.8 92.73930100633338 80.16976495498223 144.10469238281243 0 233 2.8329 0.0 8.181805246746432 0.0 4.0 
1094 10438624.1 92.72935592156786 80.16976495498223 144.10469238281243 0 233 2.8329 0.0 8.181805246746432 0.0 4.0 
1095 10438657.5 92.72935592156786 80.1659324262301 144.10469238281243 0 233 2.8329 0.0 8.181805246746432 0.0 4.0 
1096 10438690.8 92.72935592156786 80.1659324262301 144.10469238281243 0 233 2.8329 0.0 8.181805246746432 0.0 4.0 
1097 10438724.2 92.72935592156786 80.1659324262301 144.10469238281243 0 233 2.8329 0.0 8.181805246746432 0.0 4.0 
1098 10438757.5 92.72092383004852 80.1659324262301 144.10469238281243 0 233 2.8329 0.0 8.181805246746432 0.0 4.0 
1099 10438790.8 92.72092383004852 80.16196755264909 144.10469238281243 0 233 2.8329 0.0 8.181805246746432 0.0 4.0 
1100 10438824.2 92.72092383004852 80.16196755264909 144.10469238281243 0 233 2.8329 0.0 8.181805246746432 0.0 4.0 
1101 10438857.5 92.72092383004852 80.16196755264909 144.10469238281243 0 233 2.8329 0.0 8.181805246746432 0.0 4.0 
1102 10438890.8 92.70920259905155 80.15756506043519 144.10469238281243 0 233 2.8329 0.0 8.181805246746432 0.0 4.0 
1103 10438924.2 92.70920259905155 80.15756506043519 144.10469238281243 0 233 2.8329 0.0 8.181805246746432 0.0 4.0 
1104 10438957.5 92.70920259905155 80.15756506043519 144.10469238281243 0 233 2.8329 0.0 8.181805246746432 0.0 4.0 
1105 10438990.8 92.69274810694836 80.15756506043519 144.10469238281243 0 233 2.8329 0.0 8.181805246746432 0.0 4.0 
1106 10439024.2 92.69274810694836 80.1518790738026 144.10469238281243 0 233 2.8329 0.0 8.181805246746432 0.0 4.0 
1107 10439057.5 92.69274810694836 80.1518790738026 144.10469238281243 0 233 2.8329 0.0 8.181805246746432 0.0 4.0 
1108 10439090.9 92.68815825039832 80.1518790738026 144.10469238281243 0 233 2.8329 0.0 8.181805246746432 0.0 4.0 
1109 10439124.2 92.68815825039832 80.14925384579419 144.10469238281243 0 233 2.8329 0.0 8.181805246746432 0.0 4.0 
1110 10439157.5 92.68815825039832 80.14925384579419 144.10469238281243 0 233 2.8329 0.0 8.181805246746432 0.0 4.0 
1111 10439190.9 92.68815825039832 80.14925384579419 144.10469238281243 0 233 2.8329 0.0 8.181805246746432 0.0 4.0 
1112 10439224.2 92.68079408400696 80.14491237798708 144.10469238281243 0 233 2.8329 0.0 8.181805246746432 0.0 4.0 
1113 10439257.5 92.68079408400696 80.14491237798708 144.10469238281243 0 233 2.8329 0.0 8.181805246746432 0.0 4.0 
1114 10439290.9 92.68079408400696 80.14491237798708 144.10469238281243 0 233 2.8329 0.0 8.181805246746432 0.0 4.0 
1115 10439324.2 92.68079408400696 80.14491237798708 144.10469238281243 0 233 2.8329 0.0 8.181805246746432 0.0 4.0 
1116 10439357.5 92.67156761905454 80.14491237798708 144.10469238281243 0 233 2.8329 0.0 8.181805246746432 0.0 4.0 
1117 10439390.9 92.67156761905454 80.13813713247409 144.10469238281243 0 233 2.8329 0.0 8.181805246746432 0.0 4.0 
1118 10439424.2 92.67156761905454 80.13813713247409 144.10469238281243 0 233 2.8329 0.0 8.181805246746432 0.0 4.0 
1119 10439457.5 92.66244552393057 80.13813713247409 144.10469238281243 0 233 2.8329 0.0 8.181805246746432 0.0 4.0 
1120 10439490.9 92.66244552393057 80.12994330169765 144.10469238281243 0 233 2.8329 0.0 8.181805246746432 0.0 4.0 
1121 10439524.2 92.66244552393057 80.12994330169765 144.10469238281243 0 233 2.8329 0.0 8.181805246746432 0.0 4.0 
1122 10439557.6 92.66244552393057 80.12994330169765 144.10469238281243 0 233 2.8329 0.0 8.181805246746432 0.0 4.0 
1123 10439590.9 92.65119975757308 80.11942798275236 144.10469238281243 0 233 2.8329 0.0 8.181805246746432 0.0 4.0 
1124 10439624.2 92.65119975757308 80.11942798275236 144.10469238281243 0 233 2.8329 0.0 8.181805246746432 0.0 4.0 
1125 10439657.6 92.65119975757308 80.11942798275236 144.10469238281243 0 233 2.8329 0.0 8.181805246746432 0.0 4.0 
1126 10439690.9 92.65119975757308 80.11942798275236 144.10469238281243 0 233 2.8329 0.0 8.181805246746432 0.0 4.0 
1127 10439724.2 92.63845835398594 80.10809716868775 144.10469238281243 0 233 2.8329 0.0 8.181805246746432 0.0 4.0 
1128 10439757.6 92.63845835398594 80.10809716868775 144.10469238281243 0 233 2.8329 0.0 8.181805246746432 0.0 4.0 
1129 10439790.9 92.63845835398594 80.10809716868775 144.10469238281243 0 233 2.8329 0.0 8.181805246746432 0.0 4.0 
1130 10439824.2 92.631060260428 80.10809716868775 144.10469238281243 0 233 2.8329 0.0 8.181805246746432 0.0 4.0 
1131 10439857.6 92.631060260428 80.1015460963835 144.10469238281243 0 233 2.8329 0.0 8.181805246746432 0.0 4.0 
1132 10439890.9 92.631060260428 80.1015460963835 144.10469238281243 0 233 2.8329 0.0 8.181805246746432 0.0 4.0 
1133 10439924.3 92.631060260428 80.1015460963835 144.10469238281243 0 233 2.8329 0.0 8.181805246746432 0.0 4.0 
1134 10439957.6 92.62345018262388 80.1015460963835 144.10469238281243 0 233 2.8329 0.0 8.181805246746432 0.0 4.0 
1135 10439990.9 92.62345018262388 80.09532675804287 144.10469238281243 0 233 2.8329 0.0 8.181805246746432 0.0 4.0 
1136 10440024.3 92.62345018262388 80.09532675804287 144.10469238281243 0 233 2.8329 0.0 8.181805246746432 0.0 4.0 
1137 10440057.6 92.62345018262388 80.09532675804287 144.10469238281243 0 233 2.8329 0.0 8.181805246746432 0.0 4.0 
1138 10440090.9 92.61271431679342 80.09044010257816 144.10469238281243 0 233 2.8329 0.0 8.181805246746432 0.0 4.0 
1139 10440124.3 92.61271431679342 80.09044010257816 144.10469238281243 0 233 2.8329 0.0 8.181805246746432 0.0 4.0 
1140 10440157.6 92.61271431679342 80.09044010257816 144.10469238281243 0 233 2.8329 0.0 8.181805246746432 0.0 4.0 
1141 10440190.9 92.60318695346203 80.09044010257816 144.10469238281243 0 233 2.8329 0.0 8.181805246746432 0.0 4.0 
1142 10440224.3 92.60318695346203 80.08583064209593 144.10469238281243 0 233 2.8329 0.0 8.181805246746432 0.0 4.0 
1143 10440257.6 92.60318695346203 80.08583064209593 144.10469238281243 0 233 2.8329 0.0 8.181805246746432 0.0 4.0 
1144 10440290.9 92.60318695346203 80.08583064209593 144.10469238281243 0 233 2.8329 0.0 8.181805246746432 0.0 4.0 
1145 10440324.3 92.57741521733038 80.08583064209593 144.10469238281243 0 233 2.8329 0.0 8.181805246746432 0.0 4.0 
1146 10440357.6 92.57741521733038 80.07588910120583 144.10469238281243 0 233 2.8329 0.0 8.181805246746432 0.0 4.0 
1147 10440391.0 92.57741521733038 80.07588910120583 144.10469238281243 0 233 2.8329 0.0 8.181805246746432 0.0 4.0 
1148 10440424.3 92.57741521733038 80.07588910120583 144.10469238281243 0 233 2.8329 0.0 8.181805246746432 0.0 4.0 
1149 10440457.6 92.55526149552485 80.07240585704119 144.10469238281243 0 233 2.8329 0.0 8.181805246746432 0.0 4.0 
1150 10440491.0 92.55526149552485 80.07240585704119 144.10469238281243 0 233 2.8329 0.0 8.181805246746432 0.0 4.0 
1151 10440524.3 92.55526149552485 80.07240585704119 144.10469238281243 0 233 2.8329 0.0 8.181805246746432 0.0 4.0 
1152 10440557.6 92.55526149552485 80.07240585704119 144.10469238281243 0 233 2.8329 0.0 8.181805246746432 0.0 4.0 
1153 10440591.0 92.53888146725957 80.07240585704119 144.10469238281243 0 233 2.8329 0.0 8.181805246746432 0.0 4.0 
1154 10440624.3 92.53888146725957 80.07357564170219 144.10469238281243 0 233 2.8329 0.0 8.181805246746432 0.0 4.0 
1155 10440657.6 92.53888146725957 80.07357564170219 144.10469238281243 0 233 2.8329 0.0 8.181805246746432 0.0 4.0 
1156 10440691.0 92.53888146725957 80.07357564170219 144.10469238281243 0 233 2.8329 0.0 8.181805246746432 0.0 4.0 
1157 10440724.3 92.52613480490133 80.07357564170219 144.10469238281243 0 233 2.8329 0.0 8.181805246746432 0.0 4.0 
1158 10440757.7 92.52613480490133 80.07781462870742 144.10469238281243 0 233 2.8329 0.0 8.181805246746432 0.0 4.0 
1159 10440791.0 92.52613480490133 80.07781462870742 144.10469238281243 0 233 2.8329 0.0 8.181805246746432 0.0 4.0 
1160 10440824.3 92.52613480490133 80.07781462870742 144.10469238281243 0 233 2.8329 0.0 8.181805246746432 0.0 4.0 
1161 10440857.7 92.51531717061812 80.07781462870742 144.10469238281243 0 233 2.8329 0.0 8.181805246746432 0.0 4.0 
1162 10440891.0 92.51531717061812 80.08450117190212 144.10469238281243 0 233 2.8329 0.0 8.181805246746432 0.0 4.0 
1163 10440924.3 92.51531717061812 80.08450117190212 144.10469238281243 0 233 2.8329 0.0 8.181805246746432 0.0 4.0 
1164 10440957.7 92.50823299057961 80.08450117190212 144.10469238281243 0 233 2.8329 0.0 8.181805246746432 0.0 4.0 
1165 10440991.0 92.50823299057961 80.08690730319972 144.10469238281243 0 233 2.8329 0.0 8.181805246746432 0.0 4.0 
1166 10441024.3 92.50823299057961 80.08690730319972 144.10469238281243 0 233 2.8329 0.0 8.181805246746432 0.0 4.0 
1167 10441057.7 92.50823299057961 80.08690730319972 144.10469238281243 0 233 2.8329 0.0 8.181805246746432 0.0 4.0 
1168 10441091.0 92.50823299057961 80.08690730319972 144.10469238281243 0 233 2.8329 0.0 8.181805246746432 0.0 4.0 
1169 10441124.3 92.50823299057961 80.08690730319972 144.10469238281243 0 233 2.8329 0.0 8.181805246746432 0.0 4.0 
1170 10441157.7 92.50823299057961 80.08993439113192 144.10469238281243 0 233 2.8329 0.0 8.181805246746432 0.0 4.0 
1171 10441191.0 92.50823299057961 80.08993439113192 144.10469238281243 0 233 2.8329 0.0 8.181805246746432 0.0 4.0 
1172 10441224.4 92.50705850963932 80.09285221166877 144.10469238281243 0 233 2.8329 0.0 8.181805246746432 0.0 4.0 
1173 10441257.7 92.50705850963932 80.09285221166877 144.10469238281243 0 233 2.8329 0.0 8.181805246746432 0.0 4.0 
1174 10441291.0 92.50705850963932 80.09285221166877 144.10469238281243 0 233 2.8329 0.0 8.181805246746432 0.0 4.0 
1175 10441324.4 92.5092191385647 80.09285221166877 144.10469238281243 0 233 2.8329 0.0 8.181805246746432 0.0 4.0 
1176 10441357.7 92.5092191385647 80.09285221166877 144.10469238281243 0 233 2.8329 0.0 8.181805246746432 0.0 4.0 
1177 10441391.0 92.5092191385647 80.0884130029206 144.10469238281243 0 233 2.8329 0.0 8.181805246746432 0.0 4.0 
1178 10441424.4 92.5092191385647 80.0884130029206 144.10469238281243 0 233 2.8329 0.0 8.181805246746432 0.0 4.0 
1179 10441457.7 92.5092191385647 80.0884130029206 144.10469238281243 0 233 2.8329 0.0 8.181805246746432 0.0 4.0 
1180 10441491.0 92.52049142010571 80.0884130029206 144.10469238281243 0 233 2.8329 0.0 8.181805246746432 0.0 4.0 
1181 10441524.4 92.52049142010571 80.07723816734828 144.10469238281243 0 233 2.8329 0.0 8.181805246746432 0.0 4.0 
1182 10441557.7 92.52049142010571 80.07723816734828 144.10469238281243 0 233 2.8329 0.0 8.181805246746432 0.0 4.0 
1183 10441591.1 92.52049142010571 80.07723816734828 144.10469238281243 0 233 2.8329 0.0 8.181805246746432 0.0 4.0 
1184 10441624.4 92.55674623284114 80.07723816734828 144.10469238281243 0 233 2.8329 0.0 8.181805246746432 0.0 4.0 
1185 10441657.7 92.55674623284114 80.06866065319865 144.10469238281243 0 233 2.8329 0.0 8.181805246746432 0.0 4.0 
1186 10441691.1 92.55674623284114 80.06866065319865 144.10469238281243 0 233 2.8329 0.0 8.181805246746432 0.0 4.0 
1187 10441724.4 92.55674623284114 80.06866065319865 144.10469238281243 0 233 2.8329 0.0 8.181805246746432 0.0 4.0 
1188 10441757.7 92.55674623284114 80.06866065319865 144.10469238281243 0 233 2.8329 0.0 8.181805246746432 0.0 4.0 
1189 10441791.1 92.6060542333964 80.06866065319865 144.10469238281243 0 233 2.8329 0.0 8.181805246746432 0.0 4.0 
1190 10441824.4 92.6060542333964 80.07387604687857 144.10469238281243 0 233 2.8329 0.0 8.181805246746432 0.0 4.0 
1191 10441857.7 92.6060542333964 80.07387604687857 144.10469238281243 0 233 2.8329 0.0 8.181805246746432 0.0 4.0 
1192 10441891.1 92.6060542333964 80.07387604687857 144.10469238281243 0 233 2.8329 0.0 8.181805246746432 0.0 4.0 
1193 10441924.4 92.6060542333964 80.07387604687857 144.10469238281243 0 233 2.8329 0.0 8.181805246746432 0.0 4.0 
1194 10441957.7 92.63443231843075 80.09781067352222 144.10469238281243 0 233 2.8329 0.0 8.181805246746432 0.0 4.0 
1195 10441991.1 92.63443231843075 80.09781067352222 144.10469238281243 0 233 2.8329 0.0 8.181805246746432 0.0 4.0 
1196 10442024.4 92.63443231843075 80.09781067352222 144.10469238281243 0 233 2.8329 0.0 8.181805246746432 0.0 4.0 
1197 10442057.8 92.65381125538659 80.12143453128577 144.10469238281243 0 233 2.8329 0.0 8.181805246746432 0.0 4.0 
1198 10442091.1 92.65381125538659 80.12143453128577 144.10469238281243 0 233 2.8329 0.0 8.181805246746432 0.0 4.0 
1199 10442124.4 92.65381125538659 80.12143453128577 144.10469238281243 0 233 2.8329 0.0 8.181805246746432 0.0 4.0 
1200 10442157.8 92.65381125538659 80.12143453128577 144.10469238281243 0 233 2.8329 0.0 8.181805246746432 0.0 4.0 
1201 10442191.1 92.67138279938158 80.12143453128577 144.10469238281243 0 233 2.8329 0.0 8.181805246746432 0.0 4.0 
1202 10442224.4 92.67138279938158 80.13917517084937 144.10469238281243 0 233 2.8329 0.0 8.181805246746432 0.0 4.0 
1203 10442257.8 92.67138279938158 80.13917517084937 144.10469238281243 0 233 2.8329 0.0 8.181805246746432 0.0 4.0 
1204 10442291.1 92.67138279938158 80.13917517084937 144.10469238281243 0 233 2.8329 0.0 8.181805246746432 0.0 4.0 
1205 10442324.4 92.70145591918268 80.13917517084937 144.10469238281243 0 233 2.8329 0.0 8.181805246746432 0.0 4.0 
1206 10442357.8 92.70145591918268 80.15932350134503 144.10469238281243 0 233 2.8329 0.0 8.181805246746432 0.0 4.0 
1207 10442391.1 92.70145591918268 80.15932350134503 144.10469238281243 0 233 2.8329 0.0 8.181805246746432 0.0 4.0 
1208 10442424.5 92.70145591918268 80.15932350134503 144.10469238281243 0 233 2.8329 0.0 8.181805246746432 0.0 4.0 
1209 10442457.8 92.73353496777683 80.16938854344636 144.10469238281243 0 233 2.8329 0.0 8.181805246746432 0.0 4.0 
1210 10442491.1 92.73353496777683 80.16938854344636 144.10469238281243 0 233 2.8329 0.0 8.181805246746432 0.0 4.0 
1211 10442524.5 92.73353496777683 80.16938854344636 144.10469238281243 0 233 2.8329 0.0 8.181805246746432 0.0 4.0 
1212 10442557.8 92.73353496777683 80.16938854344636 144.10469238281243 0 233 2.8329 0.0 8.181805246746432 0.0 4.0 
1213 10442591.1 92.77385612713863 80.16938854344636 144.10469238281243 0 233 2.8329 0.0 8.181805246746432 0.0 4.0 
1214 10442624.5 92.77385612713863 80.16938854344636 144.10469238281243 0 233 2.8329 0.0 8.181805246746432 0.0 4.0 
1215 10442657.8 92.77385612713863 80.16938854344636 144.10469238281243 0 233 2.8329 0.0 8.181805246746432 0.0 4.0 
1216 10442691.1 92.8066802564123 80.16938854344636 144.10469238281243 0 233 2.8329 0.0 8.181805246746432 0.0 4.0 
1217 10442724.5 92.8066802564123 80.16065630457133 144.10469238281243 0 233 2.8329 0.0 8.181805246746432 0.0 4.0 
1218 10442757.8 92.8066802564123 80.16065630457133 144.10469238281243 0 233 2.8329 0.0 8.181805246746432 0.0 4.0 
1219 10442791.1 92.8066802564123 80.16065630457133 144.10469238281243 0 233 2.8329 0.0 8.181805246746432 0.0 4.0 
1220 10442824.5 92.8066802564123 80.16065630457133 144.10469238281243 0 233 2.8329 0.0 8.181805246746432 0.0 4.0 
1221 10442857.8 92.83247423018172 80.13961607508351 144.10469238281243 0 233 2.8329 0.0 8.181805246746432 0.0 4.0 
1222 10442891.2 92.83247423018172 80.13961607508351 144.10469238281243 0 233 2.8329 0.0 8.181805246746432 0.0 4.0 
1223 10442924.5 92.83247423018172 80.13961607508351 144.10469238281243 0 233 2.8329 0.0 8.181805246746432 0.0 4.0 
1224 10442957.8 92.83247423018172 80.13961607508351 144.10469238281243 0 233 2.8329 0.0 8.181805246746432 0.0 4.0 
1225 10442991.2 92.85523014489165 80.13961607508351 144.10469238281243 0 233 2.8329 0.0 8.181805246746432 0.0 4.0 
1226 10443024.5 92.85523014489165 80.11958111869765 144.10469238281243 0 233 2.8329 0.0 8.181805246746432 0.0 4.0 
1227 10443057.8 92.85523014489165 80.11958111869765 144.10469238281243 0 233 2.8329 0.0 8.181805246746432 0.0 4.0 
1228 10443091.2 92.87052128516126 80.11958111869765 144.10469238281243 0 233 2.8329 0.0 8.181805246746432 0.0 4.0 
1229 10443124.5 92.87052128516126 80.09938240919423 144.10469238281243 0 233 2.8329 0.0 8.181805246746432 0.0 4.0 
1230 10443157.8 92.87052128516126 80.09938240919423 144.10469238281243 0 233 2.8329 0.0 8.181805246746432 0.0 4.0 
1231 10443191.2 92.87052128516126 80.09938240919423 144.10469238281243 0 233 2.8329 0.0 8.181805246746432 0.0 4.0 
1232 10443224.5 92.88576923983662 80.0831872700286 144.10469238281243 0 233 2.8329 0.0 8.181805246746432 0.0 4.0 
1233 10443257.9 92.88576923983662 80.0831872700286 144.10469238281243 0 233 2.8329 0.0 8.181805246746432 0.0 4.0 
1234 10443291.2 92.88576923983662 80.0831872700286 144.10469238281243 0 233 2.8329 0.0 8.181805246746432 0.0 4.0 
1235 10443324.5 92.89998690932228 80.0831872700286 144.10469238281243 0 233 2.8329 0.0 8.181805246746432 0.0 4.0 
1236 10443357.9 92.89998690932228 80.0657080195326 144.10469238281243 0 233 2.8329 0.0 8.181805246746432 0.0 4.0 
1237 10443391.2 92.89998690932228 80.0657080195326 144.10469238281243 0 233 2.8329 0.0 8.181805246746432 0.0 4.0 
1238 10443424.5 92.89998690932228 80.0657080195326 144.10469238281243 0 233 2.8329 0.0 8.181805246746432 0.0 4.0 
1239 10443457.9 92.9162744984783 80.0657080195326 144.10469238281243 0 233 2.8329 0.0 8.181805246746432 0.0 4.0 
1240 10443491.2 92.9162744984783 80.0473697959896 144.10469238281243 0 233 2.8329 0.0 8.181805246746432 0.0 4.0 
1241 10443524.5 92.9162744984783 80.0473697959896 144.10469238281243 0 233 2.8329 0.0 8.181805246746432 0.0 4.0 
1242 10443557.9 92.9162744984783 80.0473697959896 144.10469238281243 0 233 2.8329 0.0 8.181805246746432 0.0 4.0 
1243 10443591.2 92.93306405990542 80.03114289441179 144.10469238281243 0 233 2.8329 0.0 8.181805246746432 0.0 4.0 
1244 10443624.5 92.93306405990542 80.03114289441179 144.10469238281243 0 233 2.8329 0.0 8.181805246746432 0.0 4.0 
1245 10443657.9 92.93306405990542 80.03114289441179 144.10469238281243 0 233 2.8329 0.0 8.181805246746432 0.0 4.0 
1246 10443691.2 92.94522953251851 80.03114289441179 144.10469238281243 0 233 2.8329 0.0 8.181805246746432 0.0 4.0 
1247 10443724.6 92.94522953251851 80.02126924325007 144.10469238281243 0 233 2.8329 0.0 8.181805246746432 0.0 4.0 
1248 10443757.9 92.94522953251851 80.02126924325007 144.10469238281243 0 233 2.8329 0.0 8.181805246746432 0.0 4.0 
1249 10443791.2 92.94970790216465 80.02126924325007 144.10469238281243 0 233 2.8329 0.0 8.181805246746432 0.0 4.0 
1250 10443824.6 92.94970790216465 80.0160736850714 144.10469238281243 0 233 2.8329 0.0 8.181805246746432 0.0 4.0 
1251 10443857.9 92.94970790216465 80.0160736850714 144.10469238281243 0 233 2.8329 0.0 8.181805246746432 0.0 4.0 
1252 10443891.2 92.9579505209754 80.0160736850714 144.10469238281243 0 233 2.8329 0.0 8.181805246746432 0.0 4.0 
1253 10443924.6 92.9579505209754 80.01268389557745 144.10469238281243 0 233 2.8329 0.0 8.181805246746432 0.0 4.0 
1254 10443957.9 92.9579505209754 80.01268389557745 144.10469238281243 0 233 2.8329 0.0 8.181805246746432 0.0 4.0 
1255 10443991.2 92.9579505209754 80.01268389557745 144.10469238281243 0 233 2.8329 0.0 8.181805246746432 0.0 4.0 
1256 10444024.6 92.9637288639871 80.01031464876225 144.10469238281243 0 233 2.8329 0.0 8.181805246746432 0.0 4.0 
1257 10444057.9 92.9637288639871 80.01031464876225 144.10469238281243 0 233 2.8329 0.0 8.181805246746432 0.0 4.0 
1258 10444091.3 92.9637288639871 80.01031464876225 144.10469238281243 0 233 2.8329 0.0 8.181805246746432 0.0 4.0 
1259 10444124.6 92.9637288639871 80.01031464876225 144.10469238281243 0 233 2.8329 0.0 8.181805246746432 0.0 4.0 
1260 10444157.9 92.98002779427217 80.01031464876225 144.10469238281243 0 233 2.8329 0.0 8.181805246746432 0.0 4.0 
1261 10444191.3 92.98002779427217 80.00233778989464 144.10469238281243 0 233 2.8329 0.0 8.181805246746432 0.0 4.0 
1262 10444224.6 92.98002779427217 80.00233778989464 144.10469238281243 0 233 2.8329 0.0 8.181805246746432 0.0 4.0 
1263 10444257.9 92.99703987740402 80.00233778989464 144.10469238281243 0 233 2.8329 0.0 8.181805246746432 0.0 4.0 
1264 10444291.3 92.99703987740402 79.99357086528298 144.10469238281243 0 233 2.8329 0.0 8.181805246746432 0.0 4.0 
1265 10444324.6 92.99703987740402 79.99357086528298 144.10469238281243 0 233 2.8329 0.0 8.181805246746432 0.0 4.0 
1266 10444357.9 92.99703987740402 79.99357086528298 144.10469238281243 0 233 2.8329 0.0 8.181805246746432 0.0 4.0 
1267 10444391.3 93.0174299822264 79.99357086528298 144.10469238281243 0 233 2.8329 0.0 8.181805246746432 0.0 4.0 
1268 10444424.6 93.0174299822264 79.99143043649563 144.10469238281243 0 233 2.8329 0.0 8.181805246746432 0.0 4.0 
1269 10444457.9 93.0174299822264 79.99143043649563 144.10469238281243 0 233 2.8329 0.0 8.181805246746432 0.0 4.0 
1270 10444491.3 93.0174299822264 79.99143043649563 144.10469238281243 0 233 2.8329 0.0 8.181805246746432 0.0 4.0 
1271 10444524.6 93.0174299822264 79.99143043649563 144.10469238281243 0 233 2.8329 0.0 8.181805246746432 0.0 4.0 
1272 10444558.0 93.0354672232708 79.99143043649563 144.10469238281243 0 233 2.8329 0.0 8.181805246746432 0.0 4.0 
1273 10444591.3 93.0354672232708 79.99351016357423 144.10469238281243 0 233 2.8329 0.0 8.181805246746432 0.0 4.0 
1274 10444624.6 93.0354672232708 79.99351016357423 144.10469238281243 0 233 2.8329 0.0 8.181805246746432 0.0 4.0 
1275 10444658.0 93.0354672232708 79.99351016357423 144.10469238281243 0 233 2.8329 0.0 8.181805246746432 0.0 4.0 
1276 10444691.3 93.04472632687418 79.99839627932131 144.10469238281243 0 233 2.8329 0.0 8.181805246746432 0.0 4.0 
1277 10444724.6 93.04472632687418 79.99839627932131 144.10469238281243 0 233 2.8329 0.0 8.181805246746432 0.0 4.0 
1278 10444758.0 93.04472632687418 79.99839627932131 144.10469238281243 0 233 2.8329 0.0 8.181805246746432 0.0 4.0 
1279 10444791.3 93.05332624590604 80.00471806022767 144.10469238281243 0 233 2.8329 0.0 8.181805246746432 0.0 4.0 
1280 10444824.6 93.05332624590604 80.00471806022767 144.10469238281243 0 233 2.8329 0.0 8.181805246746432 0.0 4.0 
1281 10444858.0 93.05332624590604 80.00471806022767 144.10469238281243 0 233 2.8329 0.0 8.181805246746432 0.0 4.0 
1282 10444891.3 93.05332624590604 80.00471806022767 144.10469238281243 0 233 2.8329 0.0 8.181805246746432 0.0 4.0 
1283 10444924.7 93.06191806401293 80.00471806022767 144.10469238281243 0 233 2.8329 0.0 8.181805246746432 0.0 4.0 
1284 10444958.0 93.06191806401293 80.00854436222656 144.10469238281243 0 233 2.8329 0.0 8.181805246746432 0.0 4.0 
1285 10444991.3 93.06191806401293 80.00854436222656 144.10469238281243 0 233 2.8329 0.0 8.181805246746432 0.0 4.0 
1286 10445024.7 93.06191806401293 80.00854436222656 144.10469238281243 0 233 2.8329 0.0 8.181805246746432 0.0 4.0 
1287 10445058.0 93.08070655523947 80.00854436222656 144.10469238281243 0 233 2.8329 0.0 8.181805246746432 0.0 4.0 
1288 10445091.3 93.08070655523947 80.01540364907943 144.10469238281243 0 233 2.8329 0.0 8.181805246746432 0.0 4.0 
1289 10445124.7 93.08070655523947 80.01540364907943 144.10469238281243 0 233 2.8329 0.0 8.181805246746432 0.0 4.0 
1290 10445158.0 93.09570205436178 80.0228321436295 144.10469238281243 0 233 2.8329 0.0 8.181805246746432 0.0 4.0 
1291 10445191.3 93.09570205436178 80.0228321436295 144.10469238281243 0 233 2.8329 0.0 8.181805246746432 0.0 4.0 
1292 10445224.7 93.09570205436178 80.0228321436295 144.10469238281243 0 233 2.8329 0.0 8.181805246746432 0.0 4.0 
1293 10445258.0 93.09570205436178 80.0228321436295 144.10469238281243 0 233 2.8329 0.0 8.181805246746432 0.0 4.0 
1294 10445291.3 93.11141059940792 80.0228321436295 144.10469238281243 0 233 2.8329 0.0 8.181805246746432 0.0 4.0 
1295 10445324.7 93.11141059940792 80.03120456397296 144.10469238281243 0 233 2.8329 0.0 8.181805246746432 0.0 4.0 
1296 10445358.0 93.11141059940792 80.03120456397296 144.10469238281243 0 233 2.8329 0.0 8.181805246746432 0.0 4.0 
1297 10445391.4 93.13114982778775 80.03120456397296 144.10469238281243 0 233 2.8329 0.0 8.181805246746432 0.0 4.0 
1298 10445424.7 93.13114982778775 80.04374069246249 144.10469238281243 0 233 2.8329 0.0 8.181805246746432 0.0 4.0 
1299 10445458.0 93.13114982778775 80.04374069246249 144.10469238281243 0 233 2.8329 0.0 8.181805246746432 0.0 4.0 
1300 10445491.4 93.13114982778775 80.04374069246249 144.10469238281243 0 233 2.8329 0.0 8.181805246746432 0.0 4.0 
1301 10445524.7 93.14402393848586 80.05262242542008 144.10469238281243 0 233 2.8329 0.0 8.181805246746432 0.0 4.0 
1302 10445558.0 93.14402393848586 80.05262242542008 144.10469238281243 0 233 2.8329 0.0 8.181805246746432 0.0 4.0 
1303 10445591.4 93.14402393848586 80.05262242542008 144.10469238281243 0 233 2.8329 0.0 8.181805246746432 0.0 4.0 
1304 10445624.7 93.16481794417818 80.0636053386182 144.10469238281243 0 233 2.8329 0.0 8.181805246746432 0.0 4.0 
1305 10445658.0 93.16481794417818 80.0636053386182 144.10469238281243 0 233 2.8329 0.0 8.181805246746432 0.0 4.0 
1306 10445691.4 93.16481794417818 80.0636053386182 144.10469238281243 0 233 2.8329 0.0 8.181805246746432 0.0 4.0 
1307 10445724.7 93.16481794417818 80.0636053386182 144.10469238281243 0 233 2.8329 0.0 8.181805246746432 0.0 4.0 
1308 10445758.1 93.1766226466341 80.0636053386182 144.10469238281243 0 233 2.8329 0.0 8.181805246746432 0.0 4.0 
1309 10445791.4 93.1766226466341 80.0694231441408 144.10469238281243 0 233 2.8329 0.0 8.181805246746432 0.0 4.0 
1310 10445824.7 93.1766226466341 80.0694231441408 144.10469238281243 0 233 2.8329 0.0 8.181805246746432 0.0 4.0 
1311 10445858.1 93.1766226466341 80.0694231441408 144.10469238281243 0 233 2.8329 0.0 8.181805246746432 0.0 4.0 
1312 10445891.4 93.19611405525171 80.07955328787237 144.10469238281243 0 233 2.8329 0.0 8.181805246746432 0.0 4.0 
1313 10445924.7 93.19611405525171 80.07955328787237 144.10469238281243 0 233 2.8329 0.0 8.181805246746432 0.0 4.0 
1314 10445958.1 93.19611405525171 80.07955328787237 144.10469238281243 0 233 2.8329 0.0 8.181805246746432 0.0 4.0 
1315 10445991.4 93.19611405525171 80.07955328787237 144.10469238281243 0 233 2.8329 0.0 8.181805246746432 0.0 4.0 
1316 10446024.7 93.22002299683834 80.08882811473303 144.10469238281243 0 233 2.8329 0.0 8.181805246746432 0.0 4.0 
1317 10446058.1 93.22002299683834 80.08882811473303 144.10469238281243 0 233 2.8329 0.0 8.181805246746432 0.0 4.0 
1318 10446091.4 93.22002299683834 80.08882811473303 144.10469238281243 0 233 2.8329 0.0 8.181805246746432 0.0 4.0 
1319 10446124.7 93.2348508830947 80.08882811473303 144.10469238281243 0 233 2.8329 0.0 8.181805246746432 0.0 4.0 
1320 10446158.1 93.2348508830947 80.0917738210185 144.10469238281243 0 233 2.8329 0.0 8.181805246746432 0.0 4.0 
1321 10446191.4 93.2348508830947 80.0917738210185 144.10469238281243 0 233 2.8329 0.0 8.181805246746432 0.0 4.0 
1322 10446224.8 93.24667343115424 80.0917738210185 144.10469238281243 0 233 2.8329 0.0 8.181805246746432 0.0 4.0 
1323 10446258.1 93.24667343115424 80.09453118143715 144.10469238281243 0 233 2.8329 0.0 8.181805246746432 0.0 4.0 
1324 10446291.4 93.24667343115424 80.09453118143715 144.10469238281243 0 233 2.8329 0.0 8.181805246746432 0.0 4.0 
1325 10446324.8 93.26453008332474 80.09453118143715 144.10469238281243 0 233 2.8329 0.0 8.181805246746432 0.0 4.0 
1326 10446358.1 93.26453008332474 80.09453118143715 144.10469238281243 0 233 2.8329 0.0 8.181805246746432 0.0 4.0 
1327 10446391.4 93.26453008332474 80.09453118143715 144.10469238281243 0 233 2.8329 0.0 8.181805246746432 0.0 4.0 
1328 10446424.8 93.26453008332474 80.09453118143715 144.10469238281243 0 233 2.8329 0.0 8.181805246746432 0.0 4.0 
1329 10446458.1 93.2797165438999 80.09453118143715 144.10469238281243 0 233 2.8329 0.0 8.181805246746432 0.0 4.0 
1330 10446491.4 93.2797165438999 80.09229302621328 144.10469238281243 0 233 2.8329 0.0 8.181805246746432 0.0 4.0 
1331 10446524.8 93.2797165438999 80.09229302621328 144.10469238281243 0 233 2.8329 0.0 8.181805246746432 0.0 4.0 
1332 10446558.1 93.2797165438999 80.09229302621328 144.10469238281243 0 233 2.8329 0.0 8.181805246746432 0.0 4.0 
1333 10446591.5 93.30015026525597 80.09229302621328 144.10469238281243 0 233 2.8329 0.0 8.181805246746432 0.0 4.0 
1334 10446624.8 93.30015026525597 80.08495386279951 144.10469238281243 0 233 2.8329 0.0 8.181805246746432 0.0 4.0 
1335 10446658.1 93.30015026525597 80.08495386279951 144.10469238281243 0 233 2.8329 0.0 8.181805246746432 0.0 4.0 
1336 10446691.5 93.32322827565622 80.07226249229439 144.10469238281243 0 233 2.8329 0.0 8.181805246746432 0.0 4.0 
1337 10446724.8 93.32322827565622 80.07226249229439 144.10469238281243 0 233 2.8329 0.0 8.181805246746432 0.0 4.0 
1338 10446758.1 93.32322827565622 80.07226249229439 144.10469238281243 0 233 2.8329 0.0 8.181805246746432 0.0 4.0 
1339 10446791.5 93.32322827565622 80.07226249229439 144.10469238281243 0 233 2.8329 0.0 8.181805246746432 0.0 4.0 
1340 10446824.8 93.33993314212277 80.07226249229439 144.10469238281243 0 233 2.8329 0.0 8.181805246746432 0.0 4.0 
1341 10446858.1 93.33993314212277 80.05891213207116 144.10469238281243 0 233 2.8329 0.0 8.181805246746432 0.0 4.0 
1342 10446891.5 93.33993314212277 80.05891213207116 144.10469238281243 0 233 2.8329 0.0 8.181805246746432 0.0 4.0 
1343 10446924.8 93.33993314212277 80.05891213207116 144.10469238281243 0 233 2.8329 0.0 8.181805246746432 0.0 4.0 
1344 10446958.1 93.39526618137216 80.00690088663143 144.10469238281243 0 233 2.8329 0.0 8.181805246746432 0.0 4.0 
1345 10446991.5 93.39526618137216 80.00690088663143 144.10469238281243 0 233 2.8329 0.0 8.181805246746432 0.0 4.0 
1346 10447024.8 93.39526618137216 80.00690088663143 144.10469238281243 0 233 2.8329 0.0 8.181805246746432 0.0 4.0 
1347 10447058.2 93.39526618137216 80.00690088663143 144.10469238281243 0 233 2.8329 0.0 8.181805246746432 0.0 4.0 
1348 10447091.5 93.39526618137216 80.00690088663143 144.10469238281243 0 233 2.8329 0.0 8.181805246746432 0.0 4.0 
1349 10447124.8 93.39914811974441 80.00690088663143 144.10469238281243 0 233 2.8329 0.0 8.181805246746432 0.0 4.0 
1350 10447158.2 93.39914811974441 79.99279531468389 144.10469238281243 0 233 2.8329 0.0 8.181805246746432 0.0 4.0 
1351 10447191.5 93.39914811974441 79.99279531468389 144.10469238281243 0 233 2.8329 0.0 8.181805246746432 0.0 4.0 
1352 10447224.8 93.39914811974441 79.99279531468389 144.10469238281243 0 233 2.8329 0.0 8.181805246746432 0.0 4.0 
1353 10447258.2 93.40099839660027 79.99279531468389 144.10469238281243 0 233 2.8329 0.0 8.181805246746432 0.0 4.0 
1354 10447291.5 93.40099839660027 79.98455840409582 144.10469238281243 0 233 2.8329 0.0 8.181805246746432 0.0 4.0 
1355 10447324.8 93.40099839660027 79.98455840409582 144.10469238281243 0 233 2.8329 0.0 8.181805246746432 0.0 4.0 
1356 10447358.2 93.40231395571642 79.98455840409582 144.10469238281243 0 233 2.8329 0.0 8.181805246746432 0.0 4.0 
1357 10447391.5 93.40231395571642 79.98117088137096 144.10469238281243 0 233 2.8329 0.0 8.181805246746432 0.0 4.0 
1358 10447424.9 93.40231395571642 79.98117088137096 144.10469238281243 0 233 2.8329 0.0 8.181805246746432 0.0 4.0 
1359 10447458.2 93.40231395571642 79.98117088137096 144.10469238281243 0 233 2.8329 0.0 8.181805246746432 0.0 4.0 
1360 10447491.5 93.40231395571642 79.97907078688088 144.10469238281243 0 233 2.8329 0.0 8.181805246746432 0.0 4.0 
1361 10447524.9 93.40231395571642 79.97907078688088 144.10469238281243 0 233 2.8329 0.0 8.181805246746432 0.0 4.0 
1362 10447558.2 93.40231395571642 79.97907078688088 144.10469238281243 0 233 2.8329 0.0 8.181805246746432 0.0 4.0 
1363 10447591.5 93.40084553806629 79.97907078688088 144.10469238281243 0 233 2.8329 0.0 8.181805246746432 0.0 4.0 
1364 10447624.9 93.40084553806629 79.98222689729313 144.10469238281243 0 233 2.8329 0.0 8.181805246746432 0.0 4.0 
1365 10447658.2 93.40084553806629 79.98222689729313 144.10469238281243 0 233 2.8329 0.0 8.181805246746432 0.0 4.0 
1366 10447691.5 93.40084553806629 79.98222689729313 144.10469238281243 0 233 2.8329 0.0 8.181805246746432 0.0 4.0 
1367 10447724.9 93.39794873092089 79.9890361609159 144.10469238281243 0 233 2.8329 0.0 8.181805246746432 0.0 4.0 
1368 10447758.2 93.39794873092089 79.9890361609159 144.10469238281243 0 233 2.8329 0.0 8.181805246746432 0.0 4.0 
1369 10447791.5 93.39794873092089 79.9890361609159 144.10469238281243 0 233 2.8329 0.0 8.181805246746432 0.0 4.0 
1370 10447824.9 93.39647352970215 79.99663930743014 144.10469238281243 0 233 2.8329 0.0 8.181805246746432 0.0 4.0 
1371 10447858.2 93.39647352970215 79.99663930743014 144.10469238281243 0 233 2.8329 0.0 8.181805246746432 0.0 4.0 
1372 10447891.6 93.39647352970215 79.99663930743014 144.10469238281243 0 233 2.8329 0.0 8.181805246746432 0.0 4.0 
1373 10447924.9 93.39647352970215 79.99663930743014 144.10469238281243 0 233 2.8329 0.0 8.181805246746432 0.0 4.0 
1374 10447958.2 93.39647352970215 79.99663930743014 144.10469238281243 0 233 2.8329 0.0 8.181805246746432 0.0 4.0 
1375 10447991.6 93.39647352970215 80.00094671932904 144.10469238281243 0 233 2.8329 0.0 8.181805246746432 0.0 4.0 
1376 10448024.9 93.39647352970215 80.00094671932904 144.10469238281243 0 233 2.8329 0.0 8.181805246746432 0.0 4.0 
1377 10448058.2 93.39647352970215 80.00498361973831 144.10469238281243 0 233 2.8329 0.0 8.181805246746432 0.0 4.0 
1378 10448091.6 93.39647352970215 80.00498361973831 144.10469238281243 0 233 2.8329 0.0 8.181805246746432 0.0 4.0 
1379 10448124.9 93.39647352970215 80.00498361973831 144.10469238281243 0 233 2.8329 0.0 8.181805246746432 0.0 4.0 
1380 10448158.2 93.39831145859468 80.00498361973831 144.10469238281243 0 233 2.8329 0.0 8.181805246746432 0.0 4.0 
1381 10448191.6 93.39831145859468 80.01338639972457 144.10469238281243 0 233 2.8329 0.0 8.181805246746432 0.0 4.0 
1382 10448224.9 93.39831145859468 80.01338639972457 144.10469238281243 0 233 2.8329 0.0 8.181805246746432 0.0 4.0 
1383 10448258.3 93.40324147040907 80.01338639972457 144.10469238281243 0 233 2.8329 0.0 8.181805246746432 0.0 4.0 
1384 10448291.6 93.40324147040907 80.01943097093233 144.10469238281243 0 233 2.8329 0.0 8.181805246746432 0.0 4.0 
1385 10448324.9 93.40324147040907 80.01943097093233 144.10469238281243 0 233 2.8329 0.0 8.181805246746432 0.0 4.0 
1386 10448358.3 93.40324147040907 80.01943097093233 144.10469238281243 0 233 2.8329 0.0 8.181805246746432 0.0 4.0 
1387 10448391.6 93.391468871125 80.01943097093233 144.10469238281243 0 233 2.8329 0.0 8.181805246746432 0.0 4.0 
1388 10448424.9 93.391468871125 80.09265074505261 144.10469238281243 0 233 2.8329 0.0 8.181805246746432 0.0 4.0 
1389 10448458.3 93.391468871125 80.09265074505261 144.10469238281243 0 233 2.8329 0.0 8.181805246746432 0.0 4.0 
1390 10448491.6 93.391468871125 80.09265074505261 144.10469238281243 0 233 2.8329 0.0 8.181805246746432 0.0 4.0 
1391 10448524.9 93.39803187637433 80.10585549515912 144.10469238281243 0 233 2.8329 0.0 8.181805246746432 0.0 4.0 
1392 10448558.3 93.39803187637433 80.10585549515912 144.10469238281243 0 233 2.8329 0.0 8.181805246746432 0.0 4.0 
1393 10448591.6 93.39803187637433 80.10585549515912 144.10469238281243 0 233 2.8329 0.0 8.181805246746432 0.0 4.0 
1394 10448624.9 93.39803187637433 80.10585549515912 144.10469238281243 0 233 2.8329 0.0 8.181805246746432 0.0 4.0 
1395 10448658.3 93.4270934713622 80.10585549515912 144.10469238281243 0 233 2.8329 0.0 8.181805246746432 0.0 4.0 
1396 10448691.6 93.4270934713622 80.10998958233296 144.10469238281243 0 233 2.8329 0.0 8.181805246746432 0.0 4.0 
1397 10448725.0 93.4270934713622 80.10998958233296 144.10469238281243 0 233 2.8329 0.0 8.181805246746432 0.0 4.0 
1398 10448758.3 93.4270934713622 80.10998958233296 144.10469238281243 0 233 2.8329 0.0 8.181805246746432 0.0 4.0 
1399 10448791.6 93.4270934713622 80.10998958233296 144.10469238281243 0 233 2.8329 0.0 8.181805246746432 0.0 4.0 
1400 10448825.0 93.4270934713622 80.10998958233296 144.10469238281243 0 233 2.8329 0.0 8.181805246746432 0.0 4.0 
1401 10448858.3 93.4438239788531 80.12048008926719 144.10469238281243 0 233 2.8329 0.0 8.181805246746432 0.0 4.0 
1402 10448891.6 93.4438239788531 80.12048008926719 144.10469238281243 0 233 2.8329 0.0 8.181805246746432 0.0 4.0 
1403 10448925.0 93.4438239788531 80.12048008926719 144.10469238281243 0 233 2.8329 0.0 8.181805246746432 0.0 4.0 
1404 10448958.3 93.44966030122944 80.12945322424451 144.10469238281243 0 233 2.8329 0.0 8.181805246746432 0.0 4.0 
1405 10448991.6 93.44966030122944 80.12945322424451 144.10469238281243 0 233 2.8329 0.0 8.181805246746432 0.0 4.0 
1406 10449025.0 93.44966030122944 80.12945322424451 144.10469238281243 0 233 2.8329 0.0 8.181805246746432 0.0 4.0 
1407 10449058.3 93.45206180767781 80.12945322424451 144.10469238281243 0 233 2.8329 0.0 8.181805246746432 0.0 4.0 
1408 10449091.7 93.45206180767781 80.13292336785254 144.10469238281243 0 233 2.8329 0.0 8.181805246746432 0.0 4.0 
1409 10449125.0 93.45206180767781 80.13292336785254 144.10469238281243 0 233 2.8329 0.0 8.181805246746432 0.0 4.0 
1410 10449158.3 93.45206180767781 80.13292336785254 144.10469238281243 0 233 2.8329 0.0 8.181805246746432 0.0 4.0 
1411 10449191.7 93.4559421523417 80.13292336785254 144.10469238281243 0 233 2.8329 0.0 8.181805246746432 0.0 4.0 
1412 10449225.0 93.4559421523417 80.14044197864816 144.10469238281243 0 233 2.8329 0.0 8.181805246746432 0.0 4.0 
1413 10449258.3 93.4559421523417 80.14044197864816 144.10469238281243 0 233 2.8329 0.0 8.181805246746432 0.0 4.0 
1414 10449291.7 93.4559421523417 80.14044197864816 144.10469238281243 0 233 2.8329 0.0 8.181805246746432 0.0 4.0 
1415 10449325.0 93.46112642963254 80.14355059068781 144.10469238281243 0 233 2.8329 0.0 8.181805246746432 0.0 4.0 
1416 10449358.3 93.46112642963254 80.14355059068781 144.10469238281243 0 233 2.8329 0.0 8.181805246746432 0.0 4.0 
1417 10449391.7 93.46112642963254 80.14355059068781 144.10469238281243 0 233 2.8329 0.0 8.181805246746432 0.0 4.0 
1418 10449425.0 93.47402606214617 80.14355059068781 144.10469238281243 0 233 2.8329 0.0 8.181805246746432 0.0 4.0 
1419 10449458.3 93.47402606214617 80.14355059068781 144.10469238281243 0 233 2.8329 0.0 8.181805246746432 0.0 4.0 
1420 10449491.7 93.47402606214617 80.14355059068781 144.10469238281243 0 233 2.8329 0.0 8.181805246746432 0.0 4.0 
1421 10449525.0 93.47617393870385 80.14355059068781 144.10469238281243 0 233 2.8329 0.0 8.181805246746432 0.0 4.0 
1422 10449558.4 93.47617393870385 80.14355059068781 144.10469238281243 0 233 2.8329 0.0 8.181805246746432 0.0 4.0 
1423 10449591.7 93.47617393870385 80.14536312789095 144.10469238281243 0 233 2.8329 0.0 8.181805246746432 0.0 4.0 
1424 10449625.0 93.47617393870385 80.14536312789095 144.10469238281243 0 233 2.8329 0.0 8.181805246746432 0.0 4.0 
1425 10449658.4 93.47617393870385 80.14683176018147 144.10469238281243 0 233 2.8329 0.0 8.181805246746432 0.0 4.0 
1426 10449691.7 93.47617393870385 80.14683176018147 144.10469238281243 0 233 2.8329 0.0 8.181805246746432 0.0 4.0 
1427 10449725.0 93.47617393870385 80.14683176018147 144.10469238281243 0 233 2.8329 0.0 8.181805246746432 0.0 4.0 
1428 10449758.4 93.47885271657687 80.14683176018147 144.10469238281243 0 233 2.8329 0.0 8.181805246746432 0.0 4.0 
1429 10449791.7 93.47885271657687 80.14829667107601 144.10469238281243 0 233 2.8329 0.0 8.181805246746432 0.0 4.0 
1430 10449825.0 93.47885271657687 80.14829667107601 144.10469238281243 0 233 2.8329 0.0 8.181805246746432 0.0 4.0 
1431 10449858.4 93.48421683658896 80.14829667107601 144.10469238281243 0 233 2.8329 0.0 8.181805246746432 0.0 4.0 
1432 10449891.7 93.48421683658896 80.15388354064456 144.10469238281243 0 233 2.8329 0.0 8.181805246746432 0.0 4.0 
1433 10449925.1 93.48421683658896 80.15388354064456 144.10469238281243 0 233 2.8329 0.0 8.181805246746432 0.0 4.0 
1434 10449958.4 93.48421683658896 80.15388354064456 144.10469238281243 0 233 2.8329 0.0 8.181805246746432 0.0 4.0 
1435 10449991.7 93.49064879683564 80.15388354064456 144.10469238281243 0 233 2.8329 0.0 8.181805246746432 0.0 4.0 
1436 10450025.1 93.49064879683564 80.15992420586868 144.10469238281243 0 233 2.8329 0.0 8.181805246746432 0.0 4.0 
1437 10450058.4 93.49064879683564 80.15992420586868 144.10469238281243 0 233 2.8329 0.0 8.181805246746432 0.0 4.0 
1438 10450091.7 93.47566751324247 80.10264959332731 144.10469238281243 0 233 2.8329 0.0 8.181805246746432 0.0 4.0 
1439 10450125.1 93.47566751324247 80.10264959332731 144.10469238281243 0 233 2.8329 0.0 8.181805246746432 0.0 4.0 
1440 10450158.4 93.47566751324247 80.10264959332731 144.10469238281243 0 233 2.8329 0.0 8.181805246746432 0.0 4.0 
1441 10450191.7 93.47566751324247 80.10264959332731 144.10469238281243 0 233 2.8329 0.0 8.181805246746432 0.0 4.0 
1442 10450225.1 93.46911171212105 80.10264959332731 144.10469238281243 0 233 2.8329 0.0 8.181805246746432 0.0 4.0 
1443 10450258.4 93.46911171212105 80.08132207586642 144.10469238281243 0 233 2.8329 0.0 8.181805246746432 0.0 4.0 
1444 10450291.7 93.46911171212105 80.08132207586642 144.10469238281243 0 233 2.8329 0.0 8.181805246746432 0.0 4.0 
1445 10450325.1 93.47466807873057 80.08132207586642 144.10469238281243 0 233 2.8329 0.0 8.181805246746432 0.0 4.0 
1446 10450358.4 93.47466807873057 80.09124070689002 144.10469238281243 0 233 2.8329 0.0 8.181805246746432 0.0 4.0 
1447 10450391.8 93.47466807873057 80.09124070689002 144.10469238281243 0 233 2.8329 0.0 8.181805246746432 0.0 4.0 
1448 10450425.1 93.47466807873057 80.09124070689002 144.10469238281243 0 233 2.8329 0.0 8.181805246746432 0.0 4.0 
1449 10450458.4 93.48613723581366 80.11066357142502 144.10469238281243 0 233 2.8329 0.0 8.181805246746432 0.0 4.0 
1450 10450491.8 93.48613723581366 80.11066357142502 144.10469238281243 0 233 2.8329 0.0 8.181805246746432 0.0 4.0 
1451 10450525.1 93.48613723581366 80.11066357142502 144.10469238281243 0 233 2.8329 0.0 8.181805246746432 0.0 4.0 
1452 10450558.4 93.49651539830296 80.11066357142502 144.10469238281243 0 233 2.8329 0.0 8.181805246746432 0.0 4.0 
1453 10450591.8 93.49651539830296 80.12273439230823 144.10469238281243 0 233 2.8329 0.0 8.181805246746432 0.0 4.0 
1454 10450625.1 93.49651539830296 80.12273439230823 144.10469238281243 0 233 2.8329 0.0 8.181805246746432 0.0 4.0 
1455 10450658.4 93.49651539830296 80.12273439230823 144.10469238281243 0 233 2.8329 0.0 8.181805246746432 0.0 4.0 
1456 10450691.8 93.50185079535568 80.12273439230823 144.10469238281243 0 233 2.8329 0.0 8.181805246746432 0.0 4.0 
1457 10450725.1 93.50185079535568 80.13022068738287 144.10469238281243 0 233 2.8329 0.0 8.181805246746432 0.0 4.0 
1458 10450758.5 93.50185079535568 80.13022068738287 144.10469238281243 0 233 2.8329 0.0 8.181805246746432 0.0 4.0 
1459 10450791.8 93.50185079535568 80.13022068738287 144.10469238281243 0 233 2.8329 0.0 8.181805246746432 0.0 4.0 
1460 10450825.1 93.50868635074737 80.13717285498947 144.10469238281243 0 233 2.8329 0.0 8.181805246746432 0.0 4.0 
1461 10450858.5 93.50868635074737 80.13717285498947 144.10469238281243 0 233 2.8329 0.0 8.181805246746432 0.0 4.0 
1462 10450891.8 93.50868635074737 80.13717285498947 144.10469238281243 0 233 2.8329 0.0 8.181805246746432 0.0 4.0 
1463 10450925.1 93.50868635074737 80.13717285498947 144.10469238281243 0 233 2.8329 0.0 8.181805246746432 0.0 4.0 
1464 10450958.5 93.50868635074737 80.13830401737964 144.10469238281243 0 233 2.8329 0.0 8.181805246746432 0.0 4.0 
1465 10450991.8 93.50868635074737 80.13830401737964 144.10469238281243 0 233 2.8329 0.0 8.181805246746432 0.0 4.0 
1466 10451025.1 93.50868635074737 80.14021464142388 144.10469238281243 0 233 2.8329 0.0 8.181805246746432 0.0 4.0 
1467 10451058.5 93.50868635074737 80.14021464142388 144.10469238281243 0 233 2.8329 0.0 8.181805246746432 0.0 4.0 
1468 10451091.8 93.50868635074737 80.14021464142388 144.10469238281243 0 233 2.8329 0.0 8.181805246746432 0.0 4.0 
1469 10451125.1 93.50868635074737 80.14021464142388 144.10469238281243 0 233 2.8329 0.0 8.181805246746432 0.0 4.0 
1470 10451158.5 93.50868635074737 80.14021464142388 144.10469238281243 0 233 2.8329 0.0 8.181805246746432 0.0 4.0 
1471 10451191.8 93.50868635074737 80.13863070560416 144.10469238281243 0 233 2.8329 0.0 8.181805246746432 0.0 4.0 
1472 10451225.2 93.50868635074737 80.13863070560416 144.10469238281243 0 233 2.8329 0.0 8.181805246746432 0.0 4.0 
1473 10451258.5 93.50590460766351 80.13242113186212 144.10469238281243 0 233 2.8329 0.0 8.181805246746432 0.0 4.0 
1474 10451291.8 93.50590460766351 80.13242113186212 144.10469238281243 0 233 2.8329 0.0 8.181805246746432 0.0 4.0 
1475 10451325.2 93.50590460766351 80.13242113186212 144.10469238281243 0 233 2.8329 0.0 8.181805246746432 0.0 4.0 
1476 10451358.5 93.50590460766351 80.13242113186212 144.10469238281243 0 233 2.8329 0.0 8.181805246746432 0.0 4.0 
1477 10451391.8 93.49955994505837 80.13242113186212 144.10469238281243 0 233 2.8329 0.0 8.181805246746432 0.0 4.0 
1478 10451425.2 93.49955994505837 80.12499649050791 144.10469238281243 0 233 2.8329 0.0 8.181805246746432 0.0 4.0 
1479 10451458.5 93.49955994505837 80.12499649050791 144.10469238281243 0 233 2.8329 0.0 8.181805246746432 0.0 4.0 
1480 10451491.8 93.49955994505837 80.12499649050791 144.10469238281243 0 233 2.8329 0.0 8.181805246746432 0.0 4.0 
1481 10451525.2 93.48819982557613 80.12499649050791 144.10469238281243 0 233 2.8329 0.0 8.181805246746432 0.0 4.0 
1482 10451558.5 93.48819982557613 80.11617438681594 144.10469238281243 0 233 2.8329 0.0 8.181805246746432 0.0 4.0 
1483 10451591.9 93.48819982557613 80.11617438681594 144.10469238281243 0 233 2.8329 0.0 8.181805246746432 0.0 4.0 
1484 10451625.2 93.48819982557613 80.11617438681594 144.10469238281243 0 233 2.8329 0.0 8.181805246746432 0.0 4.0 
1485 10451658.5 93.47599706857214 80.11617438681594 144.10469238281243 0 233 2.8329 0.0 8.181805246746432 0.0 4.0 
1486 10451691.9 93.47599706857214 80.10308674177814 144.10469238281243 0 233 2.8329 0.0 8.181805246746432 0.0 4.0 
1487 10451725.2 93.47599706857214 80.10308674177814 144.10469238281243 0 233 2.8329 0.0 8.181805246746432 0.0 4.0 
1488 10451758.5 93.47599706857214 80.10308674177814 144.10469238281243 0 233 2.8329 0.0 8.181805246746432 0.0 4.0 
1489 10451791.9 93.4669895041901 80.08987316288543 144.10469238281243 0 233 2.8329 0.0 8.181805246746432 0.0 4.0 
1490 10451825.2 93.4669895041901 80.08987316288543 144.10469238281243 0 233 2.8329 0.0 8.181805246746432 0.0 4.0 
1491 10451858.5 93.4669895041901 80.08987316288543 144.10469238281243 0 233 2.8329 0.0 8.181805246746432 0.0 4.0 
1492 10451891.9 93.46454801712326 80.08987316288543 144.10469238281243 0 233 2.8329 0.0 8.181805246746432 0.0 4.0 
1493 10451925.2 93.46454801712326 80.08121075564733 144.10469238281243 0 233 2.8329 0.0 8.181805246746432 0.0 4.0 
1494 10451958.5 93.46454801712326 80.08121075564733 144.10469238281243 0 233 2.8329 0.0 8.181805246746432 0.0 4.0 
1495 10451991.9 93.47261405506576 80.08121075564733 144.10469238281243 0 233 2.8329 0.0 8.181805246746432 0.0 4.0 
1496 10452025.2 93.47261405506576 80.08338018436463 144.10469238281243 0 233 2.8329 0.0 8.181805246746432 0.0 4.0 
1497 10452058.6 93.47261405506576 80.08338018436463 144.10469238281243 0 233 2.8329 0.0 8.181805246746432 0.0 4.0 
1498 10452091.9 93.47261405506576 80.08338018436463 144.10469238281243 0 233 2.8329 0.0 8.181805246746432 0.0 4.0 
1499 10452125.2 93.47812527804936 80.08480701353959 144.10469238281243 0 233 2.8329 0.0 8.181805246746432 0.0 4.0 
1500 10452158.6 93.47812527804936 80.08480701353959 144.10469238281243 0 233 2.8329 0.0 8.181805246746432 0.0 4.0 
1501 10452191.9 93.47812527804936 80.08480701353959 144.10469238281243 0 233 2.8329 0.0 8.181805246746432 0.0 4.0 
1502 10452225.2 93.48076384512967 80.08480701353959 144.10469238281243 0 233 2.8329 0.0 8.181805246746432 0.0 4.0 
1503 10452258.6 93.48076384512967 80.08480701353959 144.10469238281243 0 233 2.8329 0.0 8.181805246746432 0.0 4.0 
1504 10452291.9 93.48076384512967 80.08480701353959 144.10469238281243 0 233 2.8329 0.0 8.181805246746432 0.0 4.0 
1505 10452325.2 93.48076384512967 80.0757757755198 144.10469238281243 0 233 2.8329 0.0 8.181805246746432 0.0 4.0 
1506 10452358.6 93.48076384512967 80.0757757755198 144.10469238281243 0 233 2.8329 0.0 8.181805246746432 0.0 4.0 
1507 10452391.9 93.48076384512967 80.0757757755198 144.10469238281243 0 233 2.8329 0.0 8.181805246746432 0.0 4.0 
1508 10452425.3 93.48224664462471 80.06835724719483 144.10469238281243 0 233 2.8329 0.0 8.181805246746432 0.0 4.0 
1509 10452458.6 93.48224664462471 80.06835724719483 144.10469238281243 0 233 2.8329 0.0 8.181805246746432 0.0 4.0 
1510 10452491.9 93.48224664462471 80.06835724719483 144.10469238281243 0 233 2.8329 0.0 8.181805246746432 0.0 4.0 
1511 10452525.3 93.48224664462471 80.06835724719483 144.10469238281243 0 233 2.8329 0.0 8.181805246746432 0.0 4.0 
1512 10452558.6 93.47607494763153 80.05436251636242 144.10469238281243 0 233 2.8329 0.0 8.181805246746432 0.0 4.0 
1513 10452591.9 93.47607494763153 80.05436251636242 144.10469238281243 0 233 2.8329 0.0 8.181805246746432 0.0 4.0 
1514 10452625.3 93.47607494763153 80.05436251636242 144.10469238281243 0 233 2.8329 0.0 8.181805246746432 0.0 4.0 
1515 10452658.6 93.47330936517623 80.05436251636242 144.10469238281243 0 233 2.8329 0.0 8.181805246746432 0.0 4.0 
1516 10452691.9 93.47330936517623 80.05261618478465 144.10469238281243 0 233 2.8329 0.0 8.181805246746432 0.0 4.0 
1517 10452725.3 93.47330936517623 80.05261618478465 144.10469238281243 0 233 2.8329 0.0 8.181805246746432 0.0 4.0 
1518 10452758.6 93.40150485699746 80.05261618478465 144.10469238281243 0 233 2.8329 0.0 8.181805246746432 0.0 4.0 
1519 10452791.9 93.40150485699746 79.9636174783296 144.10469238281243 0 233 2.8329 0.0 8.181805246746432 0.0 4.0 
1520 10452825.3 93.40150485699746 79.9636174783296 144.10469238281243 0 233 2.8329 0.0 8.181805246746432 0.0 4.0 
1521 10452858.6 93.40150485699746 79.9636174783296 144.10469238281243 0 233 2.8329 0.0 8.181805246746432 0.0 4.0 
1522 10452892.0 93.40150485699746 79.9636174783296 144.10469238281243 0 233 2.8329 0.0 8.181805246746432 0.0 4.0 
1523 10452925.3 93.376093925569 79.94446952133079 144.10469238281243 0 233 2.8329 0.0 8.181805246746432 0.0 4.0 
1524 10452958.6 93.376093925569 79.94446952133079 144.10469238281243 0 233 2.8329 0.0 8.181805246746432 0.0 4.0 
1525 10452992.0 93.376093925569 79.94446952133079 144.10469238281243 0 233 2.8329 0.0 8.181805246746432 0.0 4.0 
1526 10453025.3 93.376093925569 79.94446952133079 144.10469238281243 0 233 2.8329 0.0 8.181805246746432 0.0 4.0 
1527 10453058.6 93.36466953364275 79.94446952133079 144.10469238281243 0 233 2.8329 0.0 8.181805246746432 0.0 4.0 
1528 10453092.0 93.36466953364275 79.9310991040442 144.10469238281243 0 233 2.8329 0.0 8.181805246746432 0.0 4.0 
1529 10453125.3 93.36466953364275 79.9310991040442 144.10469238281243 0 233 2.8329 0.0 8.181805246746432 0.0 4.0 
1530 10453158.6 93.35902179732213 79.9310991040442 144.10469238281243 0 233 2.8329 0.0 8.181805246746432 0.0 4.0 
1531 10453192.0 93.35902179732213 79.91717186504596 144.10469238281243 0 233 2.8329 0.0 8.181805246746432 0.0 4.0 
1532 10453225.3 93.35902179732213 79.91717186504596 144.10469238281243 0 233 2.8329 0.0 8.181805246746432 0.0 4.0 
1533 10453258.7 93.35247046936637 79.90560365688255 144.10469238281243 0 233 2.8329 0.0 8.181805246746432 0.0 4.0 
1534 10453292.0 93.35247046936637 79.90560365688255 144.10469238281243 0 233 2.8329 0.0 8.181805246746432 0.0 4.0 
1535 10453325.3 93.35247046936637 79.90560365688255 144.10469238281243 0 233 2.8329 0.0 8.181805246746432 0.0 4.0 
1536 10453358.7 93.34822791648828 79.90560365688255 144.10469238281243 0 233 2.8329 0.0 8.181805246746432 0.0 4.0 
1537 10453392.0 93.34822791648828 79.89860861863318 144.10469238281243 0 233 2.8329 0.0 8.181805246746432 0.0 4.0 
1538 10453425.3 93.34822791648828 79.89860861863318 144.10469238281243 0 233 2.8329 0.0 8.181805246746432 0.0 4.0 
1539 10453458.7 93.34822791648828 79.89860861863318 144.10469238281243 0 233 2.8329 0.0 8.181805246746432 0.0 4.0 
1540 10453492.0 93.33948682199116 79.89860861863318 144.10469238281243 0 233 2.8329 0.0 8.181805246746432 0.0 4.0 
1541 10453525.3 93.33948682199116 79.87676076118234 144.10469238281243 0 233 2.8329 0.0 8.181805246746432 0.0 4.0 
1542 10453558.7 93.33948682199116 79.87676076118234 144.10469238281243 0 233 2.8329 0.0 8.181805246746432 0.0 4.0 
1543 10453592.0 93.33948682199116 79.87676076118234 144.10469238281243 0 233 2.8329 0.0 8.181805246746432 0.0 4.0 
1544 10453625.3 93.33402742475712 79.84659427338757 144.10469238281243 0 233 2.8329 0.0 8.181805246746432 0.0 4.0 
1545 10453658.7 93.33402742475712 79.84659427338757 144.10469238281243 0 233 2.8329 0.0 8.181805246746432 0.0 4.0 
1546 10453692.0 93.33402742475712 79.84659427338757 144.10469238281243 0 233 2.8329 0.0 8.181805246746432 0.0 4.0 
1547 10453725.4 93.33299579613481 79.84659427338757 144.10469238281243 0 233 2.8329 0.0 8.181805246746432 0.0 4.0 
1548 10453758.7 93.33299579613481 79.83073588602392 144.10469238281243 0 233 2.8329 0.0 8.181805246746432 0.0 4.0 
1549 10453792.0 93.33299579613481 79.83073588602392 144.10469238281243 0 233 2.8329 0.0 8.181805246746432 0.0 4.0 
1550 10453825.4 93.33299579613481 79.83073588602392 144.10469238281243 0 233 2.8329 0.0 8.181805246746432 0.0 4.0 
1551 10453858.7 93.34066556072085 79.83073588602392 144.10469238281243 0 233 2.8329 0.0 8.181805246746432 0.0 4.0 
1552 10453892.0 93.34066556072085 79.80730301916135 144.10469238281243 0 233 2.8329 0.0 8.181805246746432 0.0 4.0 
1553 10453925.4 93.34066556072085 79.80730301916135 144.10469238281243 0 233 2.8329 0.0 8.181805246746432 0.0 4.0 
1554 10453958.7 93.34066556072085 79.80730301916135 144.10469238281243 0 233 2.8329 0.0 8.181805246746432 0.0 4.0 
1555 10453992.0 93.352263850502 79.79439861937377 144.10469238281243 0 233 2.8329 0.0 8.181805246746432 0.0 4.0 
1556 10454025.4 93.352263850502 79.79439861937377 144.10469238281243 0 233 2.8329 0.0 8.181805246746432 0.0 4.0 
1557 10454058.7 93.352263850502 79.79439861937377 144.10469238281243 0 233 2.8329 0.0 8.181805246746432 0.0 4.0 
1558 10454092.1 93.352263850502 79.79439861937377 144.10469238281243 0 233 2.8329 0.0 8.181805246746432 0.0 4.0 
1559 10454125.4 93.37070702606592 79.77170848885298 144.10469238281243 0 233 2.8329 0.0 8.181805246746432 0.0 4.0 
1560 10454158.7 93.37070702606592 79.77170848885298 144.10469238281243 0 233 2.8329 0.0 8.181805246746432 0.0 4.0 
1561 10454192.1 93.37070702606592 79.77170848885298 144.10469238281243 0 233 2.8329 0.0 8.181805246746432 0.0 4.0 
1562 10454225.4 93.38268481685891 79.77170848885298 144.10469238281243 0 233 2.8329 0.0 8.181805246746432 0.0 4.0 
1563 10454258.7 93.38268481685891 79.76264498262493 144.10469238281243 0 233 2.8329 0.0 8.181805246746432 0.0 4.0 
1564 10454292.1 93.38268481685891 79.76264498262493 144.10469238281243 0 233 2.8329 0.0 8.181805246746432 0.0 4.0 
1565 10454325.4 93.38268481685891 79.76264498262493 144.10469238281243 0 233 2.8329 0.0 8.181805246746432 0.0 4.0 
1566 10454358.7 93.3857114284596 79.76264498262493 144.10469238281243 0 233 2.8329 0.0 8.181805246746432 0.0 4.0 
1567 10454392.1 93.3857114284596 79.75264282702739 144.10469238281243 0 233 2.8329 0.0 8.181805246746432 0.0 4.0 
1568 10454425.4 93.3857114284596 79.75264282702739 144.10469238281243 0 233 2.8329 0.0 8.181805246746432 0.0 4.0 
1569 10454458.7 93.38855114143745 79.73552304372495 144.10469238281243 0 233 2.8329 0.0 8.181805246746432 0.0 4.0 
1570 10454492.1 93.38855114143745 79.73552304372495 144.10469238281243 0 233 2.8329 0.0 8.181805246746432 0.0 4.0 
1571 10454525.4 93.38855114143745 79.73552304372495 144.10469238281243 0 233 2.8329 0.0 8.181805246746432 0.0 4.0 
1572 10454558.8 93.38855114143745 79.73552304372495 144.10469238281243 0 233 2.8329 0.0 8.181805246746432 0.0 4.0 
1573 10454592.1 93.39189323757157 79.73552304372495 144.10469238281243 0 233 2.8329 0.0 8.181805246746432 0.0 4.0 
1574 10454625.4 93.39189323757157 79.7206524678992 144.10469238281243 0 233 2.8329 0.0 8.181805246746432 0.0 4.0 
1575 10454658.8 93.39189323757157 79.7206524678992 144.10469238281243 0 233 2.8329 0.0 8.181805246746432 0.0 4.0 
1576 10454692.1 93.39189323757157 79.7206524678992 144.10469238281243 0 233 2.8329 0.0 8.181805246746432 0.0 4.0 
1577 10454725.4 93.39732160990079 79.7206524678992 144.10469238281243 0 233 2.8329 0.0 8.181805246746432 0.0 4.0 
1578 10454758.8 93.39732160990079 79.69870254655378 144.10469238281243 0 233 2.8329 0.0 8.181805246746432 0.0 4.0 
1579 10454792.1 93.39732160990079 79.69870254655378 144.10469238281243 0 233 2.8329 0.0 8.181805246746432 0.0 4.0 
1580 10454825.4 93.40063955924575 79.68130573709273 144.10469238281243 0 233 2.8329 0.0 8.181805246746432 0.0 4.0 
1581 10454858.8 93.40063955924575 79.68130573709273 144.10469238281243 0 233 2.8329 0.0 8.181805246746432 0.0 4.0 
1582 10454892.1 93.40063955924575 79.68130573709273 144.10469238281243 0 233 2.8329 0.0 8.181805246746432 0.0 4.0 
1583 10454925.5 93.40063955924575 79.68130573709273 144.10469238281243 0 233 2.8329 0.0 8.181805246746432 0.0 4.0 
1584 10454958.8 93.40262582530819 79.68130573709273 144.10469238281243 0 233 2.8329 0.0 8.181805246746432 0.0 4.0 
1585 10454992.1 93.40262582530819 79.66988777101344 144.10469238281243 0 233 2.8329 0.0 8.181805246746432 0.0 4.0 
1586 10455025.5 93.40262582530819 79.66988777101344 144.10469238281243 0 233 2.8329 0.0 8.181805246746432 0.0 4.0 
1587 10455058.8 93.40731785946352 79.66988777101344 144.10469238281243 0 233 2.8329 0.0 8.181805246746432 0.0 4.0 
1588 10455092.1 93.40731785946352 79.65105908063457 144.10469238281243 0 233 2.8329 0.0 8.181805246746432 0.0 4.0 
1589 10455125.5 93.40731785946352 79.65105908063457 144.10469238281243 0 233 2.8329 0.0 8.181805246746432 0.0 4.0 
1590 10455158.8 93.41330170223188 79.63310945050176 144.10469238281243 0 233 2.8329 0.0 8.181805246746432 0.0 4.0 
1591 10455192.1 93.41330170223188 79.63310945050176 144.10469238281243 0 233 2.8329 0.0 8.181805246746432 0.0 4.0 
1592 10455225.5 93.41330170223188 79.63310945050176 144.10469238281243 0 233 2.8329 0.0 8.181805246746432 0.0 4.0 
1593 10455258.8 93.41330170223188 79.63310945050176 144.10469238281243 0 233 2.8329 0.0 8.181805246746432 0.0 4.0 
1594 10455292.1 93.41916096759861 79.63310945050176 144.10469238281243 0 233 2.8329 0.0 8.181805246746432 0.0 4.0 
1595 10455325.5 93.41916096759861 79.6230590463969 144.10469238281243 0 233 2.8329 0.0 8.181805246746432 0.0 4.0 
1596 10455358.8 93.41916096759861 79.6230590463969 144.10469238281243 0 233 2.8329 0.0 8.181805246746432 0.0 4.0 
1597 10455392.2 93.43041931600243 79.6230590463969 144.10469238281243 0 233 2.8329 0.0 8.181805246746432 0.0 4.0 
1598 10455425.5 93.43041931600243 79.61155070437025 144.10469238281243 0 233 2.8329 0.0 8.181805246746432 0.0 4.0 
1599 10455458.8 93.43041931600243 79.61155070437025 144.10469238281243 0 233 2.8329 0.0 8.181805246746432 0.0 4.0 
1600 10455492.2 93.43041931600243 79.61155070437025 144.10469238281243 0 233 2.8329 0.0 8.181805246746432 0.0 4.0 
1601 10455525.5 93.43465918461604 79.61155070437025 144.10469238281243 0 233 2.8329 0.0 8.181805246746432 0.0 4.0 
1602 10455558.8 93.43465918461604 79.6065691237766 144.10469238281243 0 233 2.8329 0.0 8.181805246746432 0.0 4.0 
1603 10455592.2 93.43465918461604 79.6065691237766 144.10469238281243 0 233 2.8329 0.0 8.181805246746432 0.0 4.0 
1604 10455625.5 93.43465918461604 79.6065691237766 144.10469238281243 0 233 2.8329 0.0 8.181805246746432 0.0 4.0 
1605 10455658.8 93.43925380849 79.6065691237766 144.10469238281243 0 233 2.8329 0.0 8.181805246746432 0.0 4.0 
1606 10455692.2 93.43925380849 79.59842111652344 144.10469238281243 0 233 2.8329 0.0 8.181805246746432 0.0 4.0 
1607 10455725.5 93.43925380849 79.59842111652344 144.10469238281243 0 233 2.8329 0.0 8.181805246746432 0.0 4.0 
1608 10455758.9 93.43925380849 79.59842111652344 144.10469238281243 0 233 2.8329 0.0 8.181805246746432 0.0 4.0 
1609 10455792.2 93.44452690948818 79.59842111652344 144.10469238281243 0 233 2.8329 0.0 8.181805246746432 0.0 4.0 
1610 10455825.5 93.44452690948818 79.59223076721126 144.10469238281243 0 233 2.8329 0.0 8.181805246746432 0.0 4.0 
1611 10455858.9 93.44452690948818 79.59223076721126 144.10469238281243 0 233 2.8329 0.0 8.181805246746432 0.0 4.0 
1612 10455892.2 93.44452690948818 79.59223076721126 144.10469238281243 0 233 2.8329 0.0 8.181805246746432 0.0 4.0 
1613 10455925.5 93.45097110248929 79.59223076721126 144.10469238281243 0 233 2.8329 0.0 8.181805246746432 0.0 4.0 
1614 10455958.9 93.45097110248929 79.58618699503218 144.10469238281243 0 233 2.8329 0.0 8.181805246746432 0.0 4.0 
1615 10455992.2 93.45097110248929 79.58618699503218 144.10469238281243 0 233 2.8329 0.0 8.181805246746432 0.0 4.0 
1616 10456025.5 93.4547995848502 79.58618699503218 144.10469238281243 0 233 2.8329 0.0 8.181805246746432 0.0 4.0 
1617 10456058.9 93.4547995848502 79.58335205564862 144.10469238281243 0 233 2.8329 0.0 8.181805246746432 0.0 4.0 
1618 10456092.2 93.4547995848502 79.58335205564862 144.10469238281243 0 233 2.8329 0.0 8.181805246746432 0.0 4.0 
1619 10456125.5 93.4547995848502 79.58335205564862 144.10469238281243 0 233 2.8329 0.0 8.181805246746432 0.0 4.0 
1620 10456158.9 93.4547995848502 79.58104147279803 144.10469238281243 0 233 2.8329 0.0 8.181805246746432 0.0 4.0 
1621 10456192.2 93.4547995848502 79.58104147279803 144.10469238281243 0 233 2.8329 0.0 8.181805246746432 0.0 4.0 
1622 10456225.6 93.4547995848502 79.58104147279803 144.10469238281243 0 233 2.8329 0.0 8.181805246746432 0.0 4.0 
1623 10456258.9 93.45766369023953 79.58104147279803 144.10469238281243 0 233 2.8329 0.0 8.181805246746432 0.0 4.0 
1624 10456292.2 93.45766369023953 79.57758800023069 144.10469238281243 0 233 2.8329 0.0 8.181805246746432 0.0 4.0 
1625 10456325.6 93.45766369023953 79.57758800023069 144.10469238281243 0 233 2.8329 0.0 8.181805246746432 0.0 4.0 
1626 10456358.9 93.45766369023953 79.57758800023069 144.10469238281243 0 233 2.8329 0.0 8.181805246746432 0.0 4.0 
1627 10456392.2 93.46084634637836 79.57332237402645 144.10469238281243 0 233 2.8329 0.0 8.181805246746432 0.0 4.0 
1628 10456425.6 93.46084634637836 79.57332237402645 144.10469238281243 0 233 2.8329 0.0 8.181805246746432 0.0 4.0 
1629 10456458.9 93.46084634637836 79.57332237402645 144.10469238281243 0 233 2.8329 0.0 8.181805246746432 0.0 4.0 
1630 10456492.2 93.46084634637836 79.57332237402645 144.10469238281243 0 233 2.8329 0.0 8.181805246746432 0.0 4.0 
1631 10456525.6 93.46496166805537 79.57332237402645 144.10469238281243 0 233 2.8329 0.0 8.181805246746432 0.0 4.0 
1632 10456558.9 93.46496166805537 79.56621259602936 144.10469238281243 0 233 2.8329 0.0 8.181805246746432 0.0 4.0 
1633 10456592.3 93.46496166805537 79.56621259602936 144.10469238281243 0 233 2.8329 0.0 8.181805246746432 0.0 4.0 
1634 10456625.6 93.46496166805537 79.56621259602936 144.10469238281243 0 233 2.8329 0.0 8.181805246746432 0.0 4.0 
1635 10456658.9 93.47159560040524 79.56621259602936 144.10469238281243 0 233 2.8329 0.0 8.181805246746432 0.0 4.0 
1636 10456692.3 93.47159560040524 79.56308120867965 144.10469238281243 0 233 2.8329 0.0 8.181805246746432 0.0 4.0 
1637 10456725.6 93.47159560040524 79.56308120867965 144.10469238281243 0 233 2.8329 0.0 8.181805246746432 0.0 4.0 
1638 10456758.9 93.48751357888355 79.55939097306032 144.10469238281243 0 233 2.8329 0.0 8.181805246746432 0.0 4.0 
1639 10456792.3 93.48751357888355 79.55939097306032 144.10469238281243 0 233 2.8329 0.0 8.181805246746432 0.0 4.0 
1640 10456825.6 93.48751357888355 79.55939097306032 144.10469238281243 0 233 2.8329 0.0 8.181805246746432 0.0 4.0 
1641 10456858.9 93.48751357888355 79.55939097306032 144.10469238281243 0 233 2.8329 0.0 8.181805246746432 0.0 4.0 
1642 10456892.3 93.50360900103541 79.55939097306032 144.10469238281243 0 233 2.8329 0.0 8.181805246746432 0.0 4.0 
1643 10456925.6 93.50360900103541 79.55423716949562 144.10469238281243 0 233 2.8329 0.0 8.181805246746432 0.0 4.0 
1644 10456958.9 93.50360900103541 79.55423716949562 144.10469238281243 0 233 2.8329 0.0 8.181805246746432 0.0 4.0 
1645 10456992.3 93.51695280128486 79.55423716949562 144.10469238281243 0 233 2.8329 0.0 8.181805246746432 0.0 4.0 
1646 10457025.6 93.51695280128486 79.5461967294529 144.10469238281243 0 233 2.8329 0.0 8.181805246746432 0.0 4.0 
1647 10457059.0 93.51695280128486 79.5461967294529 144.10469238281243 0 233 2.8329 0.0 8.181805246746432 0.0 4.0 
1648 10457092.3 93.52668962708198 79.5461967294529 144.10469238281243 0 233 2.8329 0.0 8.181805246746432 0.0 4.0 
1649 10457125.6 93.52668962708198 79.54038094193221 144.10469238281243 0 233 2.8329 0.0 8.181805246746432 0.0 4.0 
1650 10457159.0 93.52668962708198 79.54038094193221 144.10469238281243 0 233 2.8329 0.0 8.181805246746432 0.0 4.0 
1651 10457192.3 93.52668962708198 79.54038094193221 144.10469238281243 0 233 2.8329 0.0 8.181805246746432 0.0 4.0 
1652 10457225.6 93.54014850063757 79.5301608521432 144.10469238281243 0 233 2.8329 0.0 8.181805246746432 0.0 4.0 
1653 10457259.0 93.54014850063757 79.5301608521432 144.10469238281243 0 233 2.8329 0.0 8.181805246746432 0.0 4.0 
1654 10457292.3 93.54014850063757 79.5301608521432 144.10469238281243 0 233 2.8329 0.0 8.181805246746432 0.0 4.0 
1655 10457325.6 93.55196568634203 79.5301608521432 144.10469238281243 0 233 2.8329 0.0 8.181805246746432 0.0 4.0 
1656 10457359.0 93.55196568634203 79.51653317138448 144.10469238281243 0 233 2.8329 0.0 8.181805246746432 0.0 4.0 
1657 10457392.3 93.55196568634203 79.51653317138448 144.10469238281243 0 233 2.8329 0.0 8.181805246746432 0.0 4.0 
1658 10457425.7 93.55817407030568 79.51653317138448 144.10469238281243 0 233 2.8329 0.0 8.181805246746432 0.0 4.0 
1659 10457459.0 93.55817407030568 79.50291143229761 144.10469238281243 0 233 2.8329 0.0 8.181805246746432 0.0 4.0 
1660 10457492.3 93.55817407030568 79.50291143229761 144.10469238281243 0 233 2.8329 0.0 8.181805246746432 0.0 4.0 
1661 10457525.7 93.57266256378497 79.47749675856667 144.10469238281243 0 233 2.8329 0.0 8.181805246746432 0.0 4.0 
1662 10457559.0 93.57266256378497 79.47749675856667 144.10469238281243 0 233 2.8329 0.0 8.181805246746432 0.0 4.0 
1663 10457592.3 93.57266256378497 79.47749675856667 144.10469238281243 0 233 2.8329 0.0 8.181805246746432 0.0 4.0 
1664 10457625.7 93.57266256378497 79.47749675856667 144.10469238281243 0 233 2.8329 0.0 8.181805246746432 0.0 4.0 
1665 10457659.0 93.5827809674339 79.47749675856667 144.10469238281243 0 233 2.8329 0.0 8.181805246746432 0.0 4.0 
1666 10457692.3 93.5827809674339 79.45713135301371 144.10469238281243 0 233 2.8329 0.0 8.181805246746432 0.0 4.0 
1667 10457725.7 93.5827809674339 79.45713135301371 144.10469238281243 0 233 2.8329 0.0 8.181805246746432 0.0 4.0 
1668 10457759.0 93.5827809674339 79.45713135301371 144.10469238281243 0 233 2.8329 0.0 8.181805246746432 0.0 4.0 
1669 10457792.3 93.58250488281244 79.45685546874996 144.06736132812492 0 233 2.8329 0.0 8.181805246746432 0.0 4.0 
1670 10457825.7 93.59801024428698 79.45685546874996 144.06736132812492 0 233 2.8329 0.0 8.181805246746432 0.0 4.0 
1671 10457859.0 93.59801024428698 79.42431563361835 144.06736132812492 0 233 2.8329 0.0 8.181805246746432 0.0 4.0 
1672 10457892.4 93.59801024428698 79.42431563361835 144.06736132812492 0 233 2.8329 0.0 8.181805246746432 0.0 4.0 
1673 10457925.7 93.59801024428698 79.42431563361835 144.06736132812492 0 233 2.8329 0.0 8.181805246746432 0.0 4.0 
1674 10457959.0 93.59801024428698 79.42431563361835 144.06736132812492 0 233 2.8329 0.0 8.181805246746432 0.0 4.0 
1675 10457992.4 93.60859372380347 79.42431563361835 144.06736132812492 0 233 2.8329 0.0 8.181805246746432 0.0 4.0 
1676 10458025.7 93.60859372380347 79.39049970284826 144.06736132812492 0 233 2.8329 0.0 8.181805246746432 0.0 4.0 
1677 10458059.0 93.60859372380347 79.39049970284826 144.06736132812492 0 233 2.8329 0.0 8.181805246746432 0.0 4.0 
1678 10458092.4 93.60859372380347 79.39049970284826 144.06736132812492 0 233 2.8329 0.0 8.181805246746432 0.0 4.0 
1679 10458125.7 93.60859372380347 79.39049970284826 144.06736132812492 0 233 2.8329 0.0 8.181805246746432 0.0 4.0 
1680 10458159.0 93.61645350169043 79.35639452959656 144.06736132812492 0 233 2.8329 0.0 8.181805246746432 0.0 4.0 
1681 10458192.4 93.61645350169043 79.35639452959656 144.06736132812492 0 233 2.8329 0.0 8.181805246746432 0.0 4.0 
1682 10458225.7 93.61645350169043 79.35639452959656 144.06736132812492 0 233 2.8329 0.0 8.181805246746432 0.0 4.0 
1683 10458259.1 93.61645350169043 79.35639452959656 144.06736132812492 0 233 2.8329 0.0 8.181805246746432 0.0 4.0 
1684 10458292.4 93.61645350169043 79.35639452959656 144.06736132812492 0 233 2.8329 0.0 8.181805246746432 0.0 4.0 
1685 10458325.7 93.62039234819122 79.35639648437495 144.13904687499993 0 233 2.8329 0.0 8.181805246746432 0.0 4.0 
1686 10458359.1 93.62039234819122 79.31669685167655 144.13904687499993 0 233 2.8329 0.0 8.181805246746432 0.0 4.0 
1687 10458392.4 93.62039234819122 79.31669685167655 144.13904687499993 0 233 2.8329 0.0 8.181805246746432 0.0 4.0 
1688 10458425.7 93.62039234819122 79.31669685167655 144.13904687499993 0 233 2.8329 0.0 8.181805246746432 0.0 4.0 
1689 10458459.1 93.62033203124994 79.31670898437496 144.18381933593744 0 233 2.8329 0.0 8.181805246746432 0.0 4.0 
1690 10458492.4 93.6303070847955 79.31670898437496 144.18381933593744 0 233 2.8329 0.0 8.181805246746432 0.0 4.0 
1691 10458525.7 93.6303070847955 79.28349568824842 144.18381933593744 0 233 2.8329 0.0 8.181805246746432 0.0 4.0 
1692 10458559.1 93.6303070847955 79.28349568824842 144.18381933593744 0 233 2.8329 0.0 8.181805246746432 0.0 4.0 
1693 10458592.4 93.6303070847955 79.28349568824842 144.18381933593744 0 233 2.8329 0.0 8.181805246746432 0.0 4.0 
1694 10458625.7 93.6303070847955 79.28349568824842 144.18381933593744 0 233 2.8329 0.0 8.181805246746432 0.0 4.0 
1695 10458659.1 93.659194264838 79.26443330590104 144.18381933593744 0 233 2.8329 0.0 8.181805246746432 0.0 4.0 
1696 10458692.4 93.659194264838 79.26443330590104 144.18381933593744 0 233 2.8329 0.0 8.181805246746432 0.0 4.0 
1697 10458725.8 93.659194264838 79.26443330590104 144.18381933593744 0 233 2.8329 0.0 8.181805246746432 0.0 4.0 
1698 10458759.1 93.659194264838 79.26443330590104 144.18381933593744 0 233 2.8329 0.0 8.181805246746432 0.0 4.0 
1699 10458792.4 93.66960160896244 79.25907109132743 144.18381933593744 0 233 2.8329 0.0 8.181805246746432 0.0 4.0 
1700 10458825.8 93.66960160896244 79.25907109132743 144.18381933593744 0 233 2.8329 0.0 8.181805246746432 0.0 4.0 
1701 10458859.1 93.66960160896244 79.25907109132743 144.18381933593744 0 233 2.8329 0.0 8.181805246746432 0.0 4.0 
1702 10458892.4 93.66960160896244 79.25907109132743 144.18381933593744 0 233 2.8329 0.0 8.181805246746432 0.0 4.0 
1703 10458925.8 93.70076945974218 79.25907109132743 144.18381933593744 0 233 2.8329 0.0 8.181805246746432 0.0 4.0 
1704 10458959.1 93.70076945974218 79.2570669828071 144.18381933593744 0 233 2.8329 0.0 8.181805246746432 0.0 4.0 
1705 10458992.4 93.70076945974218 79.2570669828071 144.18381933593744 0 233 2.8329 0.0 8.181805246746432 0.0 4.0 
1706 10459025.8 93.70076945974218 79.2570669828071 144.18381933593744 0 233 2.8329 0.0 8.181805246746432 0.0 4.0 
1707 10459059.1 93.70076945974218 79.2570669828071 144.18381933593744 0 233 2.8329 0.0 8.181805246746432 0.0 4.0 
1708 10459092.5 93.71631376995725 79.25302490969254 144.18381933593744 0 233 2.8329 0.0 8.181805246746432 0.0 4.0 
1709 10459125.8 93.71631376995725 79.25302490969254 144.18381933593744 0 233 2.8329 0.0 8.181805246746432 0.0 4.0 
1710 10459159.1 93.71631376995725 79.25302490969254 144.18381933593744 0 233 2.8329 0.0 8.181805246746432 0.0 4.0 
1711 10459192.5 93.71631376995725 79.25302490969254 144.18381933593744 0 233 2.8329 0.0 8.181805246746432 0.0 4.0 
1712 10459225.8 93.72920450934343 79.25302490969254 144.18381933593744 0 233 2.8329 0.0 8.181805246746432 0.0 4.0 
1713 10459259.1 93.72920450934343 79.25302490969254 144.18381933593744 0 233 2.8329 0.0 8.181805246746432 0.0 4.0 
1714 10459292.5 93.72920450934343 79.25302490969254 144.18381933593744 0 233 2.8329 0.0 8.181805246746432 0.0 4.0 
1715 10459325.8 93.73975955765704 79.25302490969254 144.18381933593744 0 233 2.8329 0.0 8.181805246746432 0.0 4.0 
1716 10459359.1 93.73975955765704 79.2546764603933 144.18381933593744 0 233 2.8329 0.0 8.181805246746432 0.0 4.0 
1717 10459392.5 93.73975955765704 79.2546764603933 144.18381933593744 0 233 2.8329 0.0 8.181805246746432 0.0 4.0 
1718 10459425.8 93.73975955765704 79.2546764603933 144.18381933593744 0 233 2.8329 0.0 8.181805246746432 0.0 4.0 
1719 10459459.1 93.75592702980418 79.26419633705122 144.18381933593744 0 233 2.8329 0.0 8.181805246746432 0.0 4.0 
1720 10459492.5 93.75592702980418 79.26419633705122 144.18381933593744 0 233 2.8329 0.0 8.181805246746432 0.0 4.0 
1721 10459525.8 93.75592702980418 79.26419633705122 144.18381933593744 0 233 2.8329 0.0 8.181805246746432 0.0 4.0 
1722 10459559.2 93.75592702980418 79.26419633705122 144.18381933593744 0 233 2.8329 0.0 8.181805246746432 0.0 4.0 
1723 10459592.5 93.7775060442343 79.28125523328133 144.18381933593744 0 233 2.8329 0.0 8.181805246746432 0.0 4.0 
1724 10459625.8 93.7775060442343 79.28125523328133 144.18381933593744 0 233 2.8329 0.0 8.181805246746432 0.0 4.0 
1725 10459659.2 93.7775060442343 79.28125523328133 144.18381933593744 0 233 2.8329 0.0 8.181805246746432 0.0 4.0 
1726 10459692.5 93.78348464171961 79.28125523328133 144.18381933593744 0 233 2.8329 0.0 8.181805246746432 0.0 4.0 
1727 10459725.8 93.78348464171961 79.28993045306262 144.18381933593744 0 233 2.8329 0.0 8.181805246746432 0.0 4.0 
1728 10459759.2 93.78348464171961 79.28993045306262 144.18381933593744 0 233 2.8329 0.0 8.181805246746432 0.0 4.0 
1729 10459792.5 93.79769400026076 79.30309265313569 144.18381933593744 0 233 2.8329 0.0 8.181805246746432 0.0 4.0 
1730 10459825.8 93.79769400026076 79.30309265313569 144.18381933593744 0 233 2.8329 0.0 8.181805246746432 0.0 4.0 
1731 10459859.2 93.79769400026076 79.30309265313569 144.18381933593744 0 233 2.8329 0.0 8.181805246746432 0.0 4.0 
1732 10459892.5 93.80543441034617 79.30309265313569 144.18381933593744 0 233 2.8329 0.0 8.181805246746432 0.0 4.0 
1733 10459925.9 93.80543441034617 79.31401143064194 144.18381933593744 0 233 2.8329 0.0 8.181805246746432 0.0 4.0 
1734 10459959.2 93.80543441034617 79.31401143064194 144.18381933593744 0 233 2.8329 0.0 8.181805246746432 0.0 4.0 
1735 10459992.5 93.80543441034617 79.31401143064194 144.18381933593744 0 233 2.8329 0.0 8.181805246746432 0.0 4.0 
1736 10460025.9 93.81950535804913 79.31401143064194 144.18381933593744 0 233 2.8329 0.0 8.181805246746432 0.0 4.0 
1737 10460059.2 93.81950535804913 79.33031401612169 144.18381933593744 0 233 2.8329 0.0 8.181805246746432 0.0 4.0 
1738 10460092.5 93.81950535804913 79.33031401612169 144.18381933593744 0 233 2.8329 0.0 8.181805246746432 0.0 4.0 
1739 10460125.9 93.81950535804913 79.33031401612169 144.18381933593744 0 233 2.8329 0.0 8.181805246746432 0.0 4.0 
1740 10460159.2 93.83445026829988 79.33031401612169 144.18381933593744 0 233 2.8329 0.0 8.181805246746432 0.0 4.0 
1741 10460192.5 93.83445026829988 79.34783700210153 144.18381933593744 0 233 2.8329 0.0 8.181805246746432 0.0 4.0 
1742 10460225.9 93.83445026829988 79.34783700210153 144.18381933593744 0 233 2.8329 0.0 8.181805246746432 0.0 4.0 
1743 10460259.2 93.84751326704794 79.35789916186138 144.18381933593744 0 233 2.8329 0.0 8.181805246746432 0.0 4.0 
1744 10460292.5 93.84751326704794 79.35789916186138 144.18381933593744 0 233 2.8329 0.0 8.181805246746432 0.0 4.0 
1745 10460325.9 93.84751326704794 79.35789916186138 144.18381933593744 0 233 2.8329 0.0 8.181805246746432 0.0 4.0 
1746 10460359.2 93.86006859757603 79.35789916186138 144.18381933593744 0 233 2.8329 0.0 8.181805246746432 0.0 4.0 
1747 10460392.6 93.86006859757603 79.36354171027742 144.18381933593744 0 233 2.8329 0.0 8.181805246746432 0.0 4.0 
1748 10460425.9 93.86006859757603 79.36354171027742 144.18381933593744 0 233 2.8329 0.0 8.181805246746432 0.0 4.0 
1749 10460459.2 93.86006859757603 79.36354171027742 144.18381933593744 0 233 2.8329 0.0 8.181805246746432 0.0 4.0 
1750 10460492.6 93.88016026754215 79.36354171027742 144.18381933593744 0 233 2.8329 0.0 8.181805246746432 0.0 4.0 
1751 10460525.9 93.88016026754215 79.37228891489502 144.18381933593744 0 233 2.8329 0.0 8.181805246746432 0.0 4.0 
1752 10460559.2 93.88016026754215 79.37228891489502 144.18381933593744 0 233 2.8329 0.0 8.181805246746432 0.0 4.0 
1753 10460592.6 93.88016026754215 79.37228891489502 144.18381933593744 0 233 2.8329 0.0 8.181805246746432 0.0 4.0 
1754 10460625.9 93.89862900126165 79.37918988519387 144.18381933593744 0 233 2.8329 0.0 8.181805246746432 0.0 4.0 
1755 10460659.2 93.89862900126165 79.37918988519387 144.18381933593744 0 233 2.8329 0.0 8.181805246746432 0.0 4.0 
1756 10460692.6 93.89862900126165 79.37918988519387 144.18381933593744 0 233 2.8329 0.0 8.181805246746432 0.0 4.0 
1757 10460725.9 93.91284265939572 79.38362018214251 144.18381933593744 0 233 2.8329 0.0 8.181805246746432 0.0 4.0 
1758 10460759.3 93.91284265939572 79.38362018214251 144.18381933593744 0 233 2.8329 0.0 8.181805246746432 0.0 4.0 
1759 10460792.6 93.91284265939572 79.38362018214251 144.18381933593744 0 233 2.8329 0.0 8.181805246746432 0.0 4.0 
1760 10460825.9 93.92418213737828 79.38362018214251 144.18381933593744 0 233 2.8329 0.0 8.181805246746432 0.0 4.0 
1761 10460859.3 93.92418213737828 79.3862389227546 144.18381933593744 0 233 2.8329 0.0 8.181805246746432 0.0 4.0 
1762 10460892.6 93.92418213737828 79.3862389227546 144.18381933593744 0 233 2.8329 0.0 8.181805246746432 0.0 4.0 
1763 10460925.9 93.94304239074185 79.3862389227546 144.18381933593744 0 233 2.8329 0.0 8.181805246746432 0.0 4.0 
1764 10460959.3 93.94304239074185 79.38761407067608 144.18381933593744 0 233 2.8329 0.0 8.181805246746432 0.0 4.0 
1765 10460992.6 93.94304239074185 79.38761407067608 144.18381933593744 0 233 2.8329 0.0 8.181805246746432 0.0 4.0 
1766 10461025.9 93.95449944167713 79.38761407067608 144.18381933593744 0 233 2.8329 0.0 8.181805246746432 0.0 4.0 
1767 10461059.3 93.95449944167713 79.38761407067608 144.18381933593744 0 233 2.8329 0.0 8.181805246746432 0.0 4.0 
1768 10461092.6 93.95420312499995 79.38752636718746 144.2527763671874 0 233 2.8329 0.0 8.181805246746432 0.0 4.0 
1769 10461125.9 93.97066902903583 79.38752636718746 144.2527763671874 0 233 2.8329 0.0 8.181805246746432 0.0 4.0 
1770 10461159.3 93.97066902903583 79.3850443776867 144.2527763671874 0 233 2.8329 0.0 8.181805246746432 0.0 4.0 
1771 10461192.6 93.97066902903583 79.3850443776867 144.2527763671874 0 233 2.8329 0.0 8.181805246746432 0.0 4.0 
1772 10461226.0 93.98002826044612 79.38061821056826 144.2527763671874 0 233 2.8329 0.0 8.181805246746432 0.0 4.0 
1773 10461259.3 93.98002826044612 79.38061821056826 144.2527763671874 0 233 2.8329 0.0 8.181805246746432 0.0 4.0 
1774 10461292.6 93.98002826044612 79.38061821056826 144.2527763671874 0 233 2.8329 0.0 8.181805246746432 0.0 4.0 
1775 10461326.0 93.98002826044612 79.38061821056826 144.2527763671874 0 233 2.8329 0.0 8.181805246746432 0.0 4.0 
1776 10461359.3 93.99806983020486 79.37284148416512 144.2527763671874 0 233 2.8329 0.0 8.181805246746432 0.0 4.0 
1777 10461392.6 93.99806983020486 79.37284148416512 144.2527763671874 0 233 2.8329 0.0 8.181805246746432 0.0 4.0 
1778 10461426.0 93.99806983020486 79.37284148416512 144.2527763671874 0 233 2.8329 0.0 8.181805246746432 0.0 4.0 
1779 10461459.3 94.0164849472281 79.37284148416512 144.2527763671874 0 233 2.8329 0.0 8.181805246746432 0.0 4.0 
1780 10461492.6 94.00443261718745 79.3633531420894 144.19746191406244 0 233 2.8329 0.0 8.181805246746432 0.0 4.0 
1781 10461526.0 94.00443261718745 79.3633531420894 144.19746191406244 0 233 2.8329 0.0 8.181805246746432 0.0 4.0 
1782 10461559.3 94.00443261718745 79.3633531420894 144.19746191406244 0 233 2.8329 0.0 8.181805246746432 0.0 4.0 
1783 10461592.7 94.02269546777413 79.35353722568551 144.19746191406244 0 233 2.8329 0.0 8.181805246746432 0.0 4.0 
1784 10461626.0 94.02269546777413 79.35353722568551 144.19746191406244 0 233 2.8329 0.0 8.181805246746432 0.0 4.0 
1785 10461659.3 94.03457031249995 79.35354394531245 144.16881249999994 0 233 2.8329 0.0 8.181805246746432 0.0 4.0 
1786 10461692.7 94.03457031249995 79.35354394531245 144.16881249999994 0 233 2.8329 0.0 8.181805246746432 0.0 4.0 
1787 10461726.0 94.04294076006835 79.35354394531245 144.16881249999994 0 233 2.8329 0.0 8.181805246746432 0.0 4.0 
1788 10461759.3 94.04294076006835 79.34844883725727 144.16881249999994 0 233 2.8329 0.0 8.181805246746432 0.0 4.0 
1789 10461792.7 94.04294076006835 79.34844883725727 144.16881249999994 0 233 2.8329 0.0 8.181805246746432 0.0 4.0 
1790 10461826.0 94.04294076006835 79.34844883725727 144.16881249999994 0 233 2.8329 0.0 8.181805246746432 0.0 4.0 
1791 10461859.3 94.05862108229476 79.34844883725727 144.16881249999994 0 233 2.8329 0.0 8.181805246746432 0.0 4.0 
1792 10461892.7 94.05862108229476 79.34213918379315 144.16881249999994 0 233 2.8329 0.0 8.181805246746432 0.0 4.0 
1793 10461926.0 94.05862108229476 79.34213918379315 144.16881249999994 0 233 2.8329 0.0 8.181805246746432 0.0 4.0 
1794 10461959.3 94.05862108229476 79.34213918379315 144.16881249999994 0 233 2.8329 0.0 8.181805246746432 0.0 4.0 
1795 10461992.7 94.06994045035178 79.34213918379315 144.16881249999994 0 233 2.8329 0.0 8.181805246746432 0.0 4.0 
1796 10462026.0 94.06994045035178 79.33395645166016 144.16881249999994 0 233 2.8329 0.0 8.181805246746432 0.0 4.0 
1797 10462059.4 94.06994045035178 79.33395645166016 144.16881249999994 0 233 2.8329 0.0 8.181805246746432 0.0 4.0 
1798 10462092.7 94.06994045035178 79.33395645166016 144.16881249999994 0 233 2.8329 0.0 8.181805246746432 0.0 4.0 
1799 10462126.0 94.08623610161052 79.33395645166016 144.16881249999994 0 233 2.8329 0.0 8.181805246746432 0.0 4.0 
1800 10462159.4 94.08623610161052 79.32070880938863 144.16881249999994 0 233 2.8329 0.0 8.181805246746432 0.0 4.0 
1801 10462192.7 94.08623610161052 79.32070880938863 144.16881249999994 0 233 2.8329 0.0 8.181805246746432 0.0 4.0 
1802 10462226.0 94.08623610161052 79.32070880938863 144.16881249999994 0 233 2.8329 0.0 8.181805246746432 0.0 4.0 
1803 10462259.4 94.10015782751529 79.32070880938863 144.16881249999994 0 233 2.8329 0.0 8.181805246746432 0.0 4.0 
1804 10462292.7 94.10015782751529 79.30541894197749 144.16881249999994 0 233 2.8329 0.0 8.181805246746432 0.0 4.0 
1805 10462326.0 94.10015782751529 79.30541894197749 144.16881249999994 0 233 2.8329 0.0 8.181805246746432 0.0 4.0 
1806 10462359.4 94.12096267855058 79.30541894197749 144.16881249999994 0 233 2.8329 0.0 8.181805246746432 0.0 4.0 
1807 10462392.7 94.12096267855058 79.29327147320033 144.16881249999994 0 233 2.8329 0.0 8.181805246746432 0.0 4.0 
1808 10462426.1 94.12096267855058 79.29327147320033 144.16881249999994 0 233 2.8329 0.0 8.181805246746432 0.0 4.0 
1809 10462459.4 94.12096267855058 79.29327147320033 144.16881249999994 0 233 2.8329 0.0 8.181805246746432 0.0 4.0 
1810 10462492.7 94.13448735209236 79.29327147320033 144.16881249999994 0 233 2.8329 0.0 8.181805246746432 0.0 4.0 
1811 10462526.1 94.13448735209236 79.28493744335671 144.16881249999994 0 233 2.8329 0.0 8.181805246746432 0.0 4.0 
1812 10462559.4 94.13448735209236 79.28493744335671 144.16881249999994 0 233 2.8329 0.0 8.181805246746432 0.0 4.0 
1813 10462592.7 94.1504850199178 79.28493744335671 144.16881249999994 0 233 2.8329 0.0 8.181805246746432 0.0 4.0 
1814 10462626.1 94.1504850199178 79.2799743847073 144.16881249999994 0 233 2.8329 0.0 8.181805246746432 0.0 4.0 
1815 10462659.4 94.1504850199178 79.2799743847073 144.16881249999994 0 233 2.8329 0.0 8.181805246746432 0.0 4.0 
1816 10462692.7 94.16738366053706 79.27783418616394 144.16881249999994 0 233 2.8329 0.0 8.181805246746432 0.0 4.0 
1817 10462726.1 94.16738366053706 79.27783418616394 144.16881249999994 0 233 2.8329 0.0 8.181805246746432 0.0 4.0 
1818 10462759.4 94.16738366053706 79.27783418616394 144.16881249999994 0 233 2.8329 0.0 8.181805246746432 0.0 4.0 
1819 10462792.7 94.17372213195061 79.27783418616394 144.16881249999994 0 233 2.8329 0.0 8.181805246746432 0.0 4.0 
1820 10462826.1 94.17372213195061 79.27666835349041 144.16881249999994 0 233 2.8329 0.0 8.181805246746432 0.0 4.0 
1821 10462859.4 94.17372213195061 79.27666835349041 144.16881249999994 0 233 2.8329 0.0 8.181805246746432 0.0 4.0 
1822 10462892.8 94.17372213195061 79.27666835349041 144.16881249999994 0 233 2.8329 0.0 8.181805246746432 0.0 4.0 
1823 10462926.1 94.19232645160623 79.27666835349041 144.16881249999994 0 233 2.8329 0.0 8.181805246746432 0.0 4.0 
1824 10462959.4 94.19232645160623 79.27970572383464 144.16881249999994 0 233 2.8329 0.0 8.181805246746432 0.0 4.0 
1825 10462992.8 94.19232645160623 79.27970572383464 144.16881249999994 0 233 2.8329 0.0 8.181805246746432 0.0 4.0 
1826 10463026.1 94.2105588673622 79.28825244803842 144.16881249999994 0 233 2.8329 0.0 8.181805246746432 0.0 4.0 
1827 10463059.4 94.2105588673622 79.28825244803842 144.16881249999994 0 233 2.8329 0.0 8.181805246746432 0.0 4.0 
1828 10463092.8 94.2105588673622 79.28825244803842 144.16881249999994 0 233 2.8329 0.0 8.181805246746432 0.0 4.0 
1829 10463126.1 94.2105588673622 79.28825244803842 144.16881249999994 0 233 2.8329 0.0 8.181805246746432 0.0 4.0 
1830 10463159.4 94.22118036310492 79.28825244803842 144.16881249999994 0 233 2.8329 0.0 8.181805246746432 0.0 4.0 
1831 10463192.8 94.22118036310492 79.29633459227571 144.16881249999994 0 233 2.8329 0.0 8.181805246746432 0.0 4.0 
1832 10463226.1 94.22118036310492 79.29633459227571 144.16881249999994 0 233 2.8329 0.0 8.181805246746432 0.0 4.0 
1833 10463259.5 94.23645527319984 79.29633459227571 144.16881249999994 0 233 2.8329 0.0 8.181805246746432 0.0 4.0 
1834 10463292.8 94.23645527319984 79.30837978169177 144.16881249999994 0 233 2.8329 0.0 8.181805246746432 0.0 4.0 
1835 10463326.1 94.23645527319984 79.30837978169177 144.16881249999994 0 233 2.8329 0.0 8.181805246746432 0.0 4.0 
1836 10463359.5 94.24427726797748 79.31881246015092 144.16881249999994 0 233 2.8329 0.0 8.181805246746432 0.0 4.0 
1837 10463392.8 94.24427726797748 79.31881246015092 144.16881249999994 0 233 2.8329 0.0 8.181805246746432 0.0 4.0 
1838 10463426.1 94.24427726797748 79.31881246015092 144.16881249999994 0 233 2.8329 0.0 8.181805246746432 0.0 4.0 
1839 10463459.5 94.25446891398684 79.33005140617182 144.16881249999994 0 233 2.8329 0.0 8.181805246746432 0.0 4.0 
1840 10463492.8 94.25446891398684 79.33005140617182 144.16881249999994 0 233 2.8329 0.0 8.181805246746432 0.0 4.0 
1841 10463526.1 94.25446891398684 79.33005140617182 144.16881249999994 0 233 2.8329 0.0 8.181805246746432 0.0 4.0 
1842 10463559.5 94.26135729834525 79.33005140617182 144.16881249999994 0 233 2.8329 0.0 8.181805246746432 0.0 4.0 
1843 10463592.8 94.26135729834525 79.33949798411129 144.16881249999994 0 233 2.8329 0.0 8.181805246746432 0.0 4.0 
1844 10463626.1 94.26135729834525 79.33949798411129 144.16881249999994 0 233 2.8329 0.0 8.181805246746432 0.0 4.0 
1845 10463659.5 94.26135729834525 79.33949798411129 144.16881249999994 0 233 2.8329 0.0 8.181805246746432 0.0 4.0 
1846 10463692.8 94.27151610258912 79.33949798411129 144.16881249999994 0 233 2.8329 0.0 8.181805246746432 0.0 4.0 
1847 10463726.2 94.27151610258912 79.35575856600654 144.16881249999994 0 233 2.8329 0.0 8.181805246746432 0.0 4.0 
1848 10463759.5 94.27151610258912 79.35575856600654 144.16881249999994 0 233 2.8329 0.0 8.181805246746432 0.0 4.0 
1849 10463792.8 94.28041412169046 79.37360437233302 144.16881249999994 0 233 2.8329 0.0 8.181805246746432 0.0 4.0 
1850 10463826.2 94.28041412169046 79.37360437233302 144.16881249999994 0 233 2.8329 0.0 8.181805246746432 0.0 4.0 
1851 10463859.5 94.28041412169046 79.37360437233302 144.16881249999994 0 233 2.8329 0.0 8.181805246746432 0.0 4.0 
1852 10463892.8 94.28041412169046 79.37360437233302 144.16881249999994 0 233 2.8329 0.0 8.181805246746432 0.0 4.0 
1853 10463926.2 94.28457021064416 79.37360437233302 144.16881249999994 0 233 2.8329 0.0 8.181805246746432 0.0 4.0 
1854 10463959.5 94.28457021064416 79.38471676919616 144.16881249999994 0 233 2.8329 0.0 8.181805246746432 0.0 4.0 
1855 10463992.8 94.28457021064416 79.38471676919616 144.16881249999994 0 233 2.8329 0.0 8.181805246746432 0.0 4.0 
1856 10464026.2 94.29095749547008 79.38471676919616 144.16881249999994 0 233 2.8329 0.0 8.181805246746432 0.0 4.0 
1857 10464059.5 94.29095749547008 79.40067026643713 144.16881249999994 0 233 2.8329 0.0 8.181805246746432 0.0 4.0 
1858 10464092.9 94.29095749547008 79.40067026643713 144.16881249999994 0 233 2.8329 0.0 8.181805246746432 0.0 4.0 
1859 10464126.2 94.29095749547008 79.40067026643713 144.16881249999994 0 233 2.8329 0.0 8.181805246746432 0.0 4.0 
1860 10464159.5 94.29533965844261 79.40067026643713 144.16881249999994 0 233 2.8329 0.0 8.181805246746432 0.0 4.0 
1861 10464192.9 94.29533965844261 79.41492596462474 144.16881249999994 0 233 2.8329 0.0 8.181805246746432 0.0 4.0 
1862 10464226.2 94.29533965844261 79.41492596462474 144.16881249999994 0 233 2.8329 0.0 8.181805246746432 0.0 4.0 
1863 10464259.5 94.29533965844261 79.41492596462474 144.16881249999994 0 233 2.8329 0.0 8.181805246746432 0.0 4.0 
1864 10464292.9 94.29873571820355 79.42686508032929 144.16881249999994 0 233 2.8329 0.0 8.181805246746432 0.0 4.0 
1865 10464326.2 94.29873571820355 79.42686508032929 144.16881249999994 0 233 2.8329 0.0 8.181805246746432 0.0 4.0 
1866 10464359.5 94.29873571820355 79.42686508032929 144.16881249999994 0 233 2.8329 0.0 8.181805246746432 0.0 4.0 
1867 10464392.9 94.29873571820355 79.42686508032929 144.16881249999994 0 233 2.8329 0.0 8.181805246746432 0.0 4.0 
1868 10464426.2 94.29873571820355 79.44467753198504 144.16881249999994 0 233 2.8329 0.0 8.181805246746432 0.0 4.0 
1869 10464459.5 94.29873571820355 79.44467753198504 144.16881249999994 0 233 2.8329 0.0 8.181805246746432 0.0 4.0 
1870 10464492.9 94.29873571820355 79.44467753198504 144.16881249999994 0 233 2.8329 0.0 8.181805246746432 0.0 4.0 
1871 10464526.2 94.29873571820355 79.44467753198504 144.16881249999994 0 233 2.8329 0.0 8.181805246746432 0.0 4.0 
1872 10464559.6 94.29873571820355 79.46215920693648 144.16881249999994 0 233 2.8329 0.0 8.181805246746432 0.0 4.0 
1873 10464592.9 94.29873571820355 79.46215920693648 144.16881249999994 0 233 2.8329 0.0 8.181805246746432 0.0 4.0 
1874 10464626.2 94.29873571820355 79.46215920693648 144.16881249999994 0 233 2.8329 0.0 8.181805246746432 0.0 4.0 
1875 10464659.6 94.29873571820355 79.46215920693648 144.16881249999994 0 233 2.8329 0.0 8.181805246746432 0.0 4.0 
1876 10464692.9 94.29873571820355 79.4804500488347 144.16881249999994 0 233 2.8329 0.0 8.181805246746432 0.0 4.0 
1877 10464726.2 94.29873571820355 79.4804500488347 144.16881249999994 0 233 2.8329 0.0 8.181805246746432 0.0 4.0 
1878 10464759.6 94.29873571820355 79.4804500488347 144.16881249999994 0 233 2.8329 0.0 8.181805246746432 0.0 4.0 
1879 10464792.9 94.29873571820355 79.4804500488347 144.16881249999994 0 233 2.8329 0.0 8.181805246746432 0.0 4.0 
1880 10464826.2 94.29873571820355 79.50029502732954 144.16881249999994 0 233 2.8329 0.0 8.181805246746432 0.0 4.0 
1881 10464859.6 94.29873571820355 79.50029502732954 144.16881249999994 0 233 2.8329 0.0 8.181805246746432 0.0 4.0 
1882 10464892.9 94.29873571820355 79.50029502732954 144.16881249999994 0 233 2.8329 0.0 8.181805246746432 0.0 4.0 
1883 10464926.3 94.29873571820355 79.50029502732954 144.16881249999994 0 233 2.8329 0.0 8.181805246746432 0.0 4.0 
1884 10464959.6 94.30409166980445 79.52164379352419 144.16881249999994 0 233 2.8329 0.0 8.181805246746432 0.0 4.0 
1885 10464992.9 94.30409166980445 79.52164379352419 144.16881249999994 0 233 2.8329 0.0 8.181805246746432 0.0 4.0 
1886 10465026.3 94.30409166980445 79.52164379352419 144.16881249999994 0 233 2.8329 0.0 8.181805246746432 0.0 4.0 
1887 10465059.6 94.30409166980445 79.52164379352419 144.16881249999994 0 233 2.8329 0.0 8.181805246746432 0.0 4.0 
1888 10465092.9 94.30813797760416 79.52164379352419 144.16881249999994 0 233 2.8329 0.0 8.181805246746432 0.0 4.0 
1889 10465126.3 94.30813797760416 79.53323196630207 144.16881249999994 0 233 2.8329 0.0 8.181805246746432 0.0 4.0 
1890 10465159.6 94.30813797760416 79.53323196630207 144.16881249999994 0 233 2.8329 0.0 8.181805246746432 0.0 4.0 
1891 10465192.9 94.30813797760416 79.54479310707615 144.16881249999994 0 233 2.8329 0.0 8.181805246746432 0.0 4.0 
1892 10465226.3 94.30813797760416 79.54479310707615 144.16881249999994 0 233 2.8329 0.0 8.181805246746432 0.0 4.0 
1893 10465259.6 94.30813797760416 79.54479310707615 144.16881249999994 0 233 2.8329 0.0 8.181805246746432 0.0 4.0 
1894 10465292.9 94.30702817484637 79.54479310707615 144.16881249999994 0 233 2.8329 0.0 8.181805246746432 0.0 4.0 
1895 10465326.3 94.30702817484637 79.54639940883872 144.16881249999994 0 233 2.8329 0.0 8.181805246746432 0.0 4.0 
1896 10465359.6 94.30702817484637 79.54639940883872 144.16881249999994 0 233 2.8329 0.0 8.181805246746432 0.0 4.0 
1897 10465393.0 94.30876685372918 79.55351119995834 144.16881249999994 0 233 2.8329 0.0 8.181805246746432 0.0 4.0 
1898 10465426.3 94.30876685372918 79.55351119995834 144.16881249999994 0 233 2.8329 0.0 8.181805246746432 0.0 4.0 
1899 10465459.6 94.30876685372918 79.55351119995834 144.16881249999994 0 233 2.8329 0.0 8.181805246746432 0.0 4.0 
1900 10465493.0 94.31090683590836 79.55351119995834 144.16881249999994 0 233 2.8329 0.0 8.181805246746432 0.0 4.0 
1901 10465526.3 94.31090683590836 79.55943510535674 144.16881249999994 0 233 2.8329 0.0 8.181805246746432 0.0 4.0 
1902 10465559.6 94.31090683590836 79.55943510535674 144.16881249999994 0 233 2.8329 0.0 8.181805246746432 0.0 4.0 
1903 10465593.0 94.31304863310855 79.55943510535674 144.16881249999994 0 233 2.8329 0.0 8.181805246746432 0.0 4.0 
1904 10465626.3 94.31304863310855 79.56848918644857 144.16881249999994 0 233 2.8329 0.0 8.181805246746432 0.0 4.0 
1905 10465659.6 94.31304863310855 79.56848918644857 144.16881249999994 0 233 2.8329 0.0 8.181805246746432 0.0 4.0 
1906 10465693.0 94.31304863310855 79.56848918644857 144.16881249999994 0 233 2.8329 0.0 8.181805246746432 0.0 4.0 
1907 10465726.3 94.31828303342937 79.57721357751228 144.16881249999994 0 233 2.8329 0.0 8.181805246746432 0.0 4.0 
1908 10465759.7 94.31828303342937 79.57721357751228 144.16881249999994 0 233 2.8329 0.0 8.181805246746432 0.0 4.0 
1909 10465793.0 94.31828303342937 79.57721357751228 144.16881249999994 0 233 2.8329 0.0 8.181805246746432 0.0 4.0 
1910 10465826.3 94.31946045123097 79.58075098346046 144.16881249999994 0 233 2.8329 0.0 8.181805246746432 0.0 4.0 
1911 10465859.7 94.31946045123097 79.58075098346046 144.16881249999994 0 233 2.8329 0.0 8.181805246746432 0.0 4.0 
1912 10465893.0 94.31946045123097 79.58075098346046 144.16881249999994 0 233 2.8329 0.0 8.181805246746432 0.0 4.0 
1913 10465926.3 94.31519075152623 79.58075098346046 144.16881249999994 0 233 2.8329 0.0 8.181805246746432 0.0 4.0 
1914 10465959.7 94.31519075152623 79.57760703997253 144.16881249999994 0 233 2.8329 0.0 8.181805246746432 0.0 4.0 
1915 10465993.0 94.31519075152623 79.57760703997253 144.16881249999994 0 233 2.8329 0.0 8.181805246746432 0.0 4.0 
1916 10466026.3 94.30257678705362 79.57760703997253 144.16881249999994 0 233 2.8329 0.0 8.181805246746432 0.0 4.0 
1917 10466059.7 94.30257678705362 79.55218077541657 144.16881249999994 0 233 2.8329 0.0 8.181805246746432 0.0 4.0 
1918 10466093.0 94.30257678705362 79.55218077541657 144.16881249999994 0 233 2.8329 0.0 8.181805246746432 0.0 4.0 
1919 10466126.3 94.30257678705362 79.55218077541657 144.16881249999994 0 233 2.8329 0.0 8.181805246746432 0.0 4.0 
1920 10466159.7 94.29667683530192 79.55218077541657 144.16881249999994 0 233 2.8329 0.0 8.181805246746432 0.0 4.0 
1921 10466193.0 94.29667683530192 79.50952512252425 144.16881249999994 0 233 2.8329 0.0 8.181805246746432 0.0 4.0 
1922 10466226.4 94.29667683530192 79.50952512252425 144.16881249999994 0 233 2.8329 0.0 8.181805246746432 0.0 4.0 
1923 10466259.7 94.29667683530192 79.50952512252425 144.16881249999994 0 233 2.8329 0.0 8.181805246746432 0.0 4.0 
1924 10466293.0 94.29667683530192 79.50952512252425 144.16881249999994 0 233 2.8329 0.0 8.181805246746432 0.0 4.0 
1925 10466326.4 94.29793508821388 79.50952512252425 144.16881249999994 0 233 2.8329 0.0 8.181805246746432 0.0 4.0 
1926 10466359.7 94.29793508821388 79.4578872958874 144.16881249999994 0 233 2.8329 0.0 8.181805246746432 0.0 4.0 
1927 10466393.0 94.29793508821388 79.4578872958874 144.16881249999994 0 233 2.8329 0.0 8.181805246746432 0.0 4.0 
1928 10466426.4 94.29793508821388 79.4578872958874 144.16881249999994 0 233 2.8329 0.0 8.181805246746432 0.0 4.0 
1929 10466459.7 94.29793508821388 79.4578872958874 144.16881249999994 0 233 2.8329 0.0 8.181805246746432 0.0 4.0 
1930 10466493.0 94.30491638676264 79.41774587107196 144.16881249999994 0 233 2.8329 0.0 8.181805246746432 0.0 4.0 
1931 10466526.4 94.30491638676264 79.41774587107196 144.16881249999994 0 233 2.8329 0.0 8.181805246746432 0.0 4.0 
1932 10466559.7 94.30491638676264 79.41774587107196 144.16881249999994 0 233 2.8329 0.0 8.181805246746432 0.0 4.0 
1933 10466593.1 94.30491638676264 79.41774587107196 144.16881249999994 0 233 2.8329 0.0 8.181805246746432 0.0 4.0 
1934 10466626.4 94.30491638676264 79.37038543440393 144.16881249999994 0 233 2.8329 0.0 8.181805246746432 0.0 4.0 
1935 10466659.7 94.30491638676264 79.37038543440393 144.16881249999994 0 233 2.8329 0.0 8.181805246746432 0.0 4.0 
1936 10466693.1 94.30491638676264 79.37038543440393 144.16881249999994 0 233 2.8329 0.0 8.181805246746432 0.0 4.0 
1937 10466726.4 94.30491638676264 79.37038543440393 144.16881249999994 0 233 2.8329 0.0 8.181805246746432 0.0 4.0 
1938 10466759.7 94.29089322473901 79.37038543440393 144.16881249999994 0 233 2.8329 0.0 8.181805246746432 0.0 4.0 
1939 10466793.1 94.29089322473901 79.33308489640854 144.16881249999994 0 233 2.8329 0.0 8.181805246746432 0.0 4.0 
1940 10466826.4 94.29089322473901 79.33308489640854 144.16881249999994 0 233 2.8329 0.0 8.181805246746432 0.0 4.0 
1941 10466859.7 94.29089322473901 79.33308489640854 144.16881249999994 0 233 2.8329 0.0 8.181805246746432 0.0 4.0 
1942 10466893.1 94.25874694456132 79.33308489640854 144.16881249999994 0 233 2.8329 0.0 8.181805246746432 0.0 4.0 
1943 10466926.4 94.25874694456132 79.30386644870389 144.16881249999994 0 233 2.8329 0.0 8.181805246746432 0.0 4.0 
1944 10466959.7 94.25874694456132 79.30386644870389 144.16881249999994 0 233 2.8329 0.0 8.181805246746432 0.0 4.0 
1945 10466993.1 94.25874694456132 79.30386644870389 144.16881249999994 0 233 2.8329 0.0 8.181805246746432 0.0 4.0 
1946 10467026.4 94.25874694456132 79.30386644870389 144.16881249999994 0 233 2.8329 0.0 8.181805246746432 0.0 4.0 
1947 10467059.8 94.23334490966711 79.30386644870389 144.16881249999994 0 233 2.8329 0.0 8.181805246746432 0.0 4.0 
1948 10467093.1 94.23334490966711 79.29336001801681 144.16881249999994 0 233 2.8329 0.0 8.181805246746432 0.0 4.0 
1949 10467126.4 94.23334490966711 79.29336001801681 144.16881249999994 0 233 2.8329 0.0 8.181805246746432 0.0 4.0 
1950 10467159.8 94.23334490966711 79.29336001801681 144.16881249999994 0 233 2.8329 0.0 8.181805246746432 0.0 4.0 
1951 10467193.1 94.22923708790853 79.29201711470546 144.16881249999994 0 233 2.8329 0.0 8.181805246746432 0.0 4.0 
1952 10467226.4 94.22923708790853 79.29201711470546 144.16881249999994 0 233 2.8329 0.0 8.181805246746432 0.0 4.0 
1953 10467259.8 94.22923708790853 79.29201711470546 144.16881249999994 0 233 2.8329 0.0 8.181805246746432 0.0 4.0 
1954 10467293.1 94.24342820304292 79.29201711470546 144.16881249999994 0 233 2.8329 0.0 8.181805246746432 0.0 4.0 
1955 10467326.4 94.24342820304292 79.29730943581764 144.16881249999994 0 233 2.8329 0.0 8.181805246746432 0.0 4.0 
1956 10467359.8 94.24342820304292 79.29730943581764 144.16881249999994 0 233 2.8329 0.0 8.181805246746432 0.0 4.0 
1957 10467393.1 94.26992670366565 79.29730943581764 144.16881249999994 0 233 2.8329 0.0 8.181805246746432 0.0 4.0 
1958 10467426.5 94.26992670366565 79.30818883492064 144.16881249999994 0 233 2.8329 0.0 8.181805246746432 0.0 4.0 
1959 10467459.8 94.26992670366565 79.30818883492064 144.16881249999994 0 233 2.8329 0.0 8.181805246746432 0.0 4.0 
1960 10467493.1 94.26992670366565 79.30818883492064 144.16881249999994 0 233 2.8329 0.0 8.181805246746432 0.0 4.0 
1961 10467526.5 94.26992670366565 79.30818883492064 144.16881249999994 0 233 2.8329 0.0 8.181805246746432 0.0 4.0 
1962 10467559.8 94.29009677369426 79.31380095021456 144.16881249999994 0 233 2.8329 0.0 8.181805246746432 0.0 4.0 
1963 10467593.1 94.29009677369426 79.31380095021456 144.16881249999994 0 233 2.8329 0.0 8.181805246746432 0.0 4.0 
1964 10467626.5 94.29009677369426 79.31380095021456 144.16881249999994 0 233 2.8329 0.0 8.181805246746432 0.0 4.0 
1965 10467659.8 94.29009677369426 79.31380095021456 144.16881249999994 0 233 2.8329 0.0 8.181805246746432 0.0 4.0 
1966 10467693.1 94.30955833443181 79.31380095021456 144.16881249999994 0 233 2.8329 0.0 8.181805246746432 0.0 4.0 
1967 10467726.5 94.30955833443181 79.3156600122212 144.16881249999994 0 233 2.8329 0.0 8.181805246746432 0.0 4.0 
1968 10467759.8 94.30955833443181 79.3156600122212 144.16881249999994 0 233 2.8329 0.0 8.181805246746432 0.0 4.0 
1969 10467793.1 94.30955833443181 79.3156600122212 144.16881249999994 0 233 2.8329 0.0 8.181805246746432 0.0 4.0 
1970 10467826.5 94.32287176664147 79.3156600122212 144.16881249999994 0 233 2.8329 0.0 8.181805246746432 0.0 4.0 
1971 10467859.8 94.32287176664147 79.3156600122212 144.16881249999994 0 233 2.8329 0.0 8.181805246746432 0.0 4.0 
1972 10467893.2 94.32287176664147 79.3156600122212 144.16881249999994 0 233 2.8329 0.0 8.181805246746432 0.0 4.0 
1973 10467926.5 94.33235557815013 79.31711170002411 144.16881249999994 0 233 2.8329 0.0 8.181805246746432 0.0 4.0 
1974 10467959.8 94.33235557815013 79.31711170002411 144.16881249999994 0 233 2.8329 0.0 8.181805246746432 0.0 4.0 
1975 10467993.2 94.33235557815013 79.31711170002411 144.16881249999994 0 233 2.8329 0.0 8.181805246746432 0.0 4.0 
1976 10468026.5 94.33923315010034 79.31711170002411 144.16881249999994 0 233 2.8329 0.0 8.181805246746432 0.0 4.0 
1977 10468059.8 94.33923315010034 79.31583600678672 144.16881249999994 0 233 2.8329 0.0 8.181805246746432 0.0 4.0 
1978 10468093.2 94.33923315010034 79.31583600678672 144.16881249999994 0 233 2.8329 0.0 8.181805246746432 0.0 4.0 
1979 10468126.5 94.34997608947317 79.31583600678672 144.16881249999994 0 233 2.8329 0.0 8.181805246746432 0.0 4.0 
1980 10468159.8 94.34997608947317 79.31127176119941 144.16881249999994 0 233 2.8329 0.0 8.181805246746432 0.0 4.0 
1981 10468193.2 94.34997608947317 79.31127176119941 144.16881249999994 0 233 2.8329 0.0 8.181805246746432 0.0 4.0 
1982 10468226.5 94.34997608947317 79.31127176119941 144.16881249999994 0 233 2.8329 0.0 8.181805246746432 0.0 4.0 
1983 10468259.9 94.35830455492395 79.31127176119941 144.16881249999994 0 233 2.8329 0.0 8.181805246746432 0.0 4.0 
1984 10468293.2 94.35830455492395 79.30557939388005 144.16881249999994 0 233 2.8329 0.0 8.181805246746432 0.0 4.0 
1985 10468326.5 94.35830455492395 79.30557939388005 144.16881249999994 0 233 2.8329 0.0 8.181805246746432 0.0 4.0 
1986 10468359.9 94.37118660297749 79.29840268719461 144.16881249999994 0 233 2.8329 0.0 8.181805246746432 0.0 4.0 
1987 10468393.2 94.37118660297749 79.29840268719461 144.16881249999994 0 233 2.8329 0.0 8.181805246746432 0.0 4.0 
1988 10468426.5 94.37118660297749 79.29840268719461 144.16881249999994 0 233 2.8329 0.0 8.181805246746432 0.0 4.0 
1989 10468459.9 94.37118660297749 79.29840268719461 144.16881249999994 0 233 2.8329 0.0 8.181805246746432 0.0 4.0 
1990 10468493.2 94.3785456220495 79.29840268719461 144.16881249999994 0 233 2.8329 0.0 8.181805246746432 0.0 4.0 
1991 10468526.5 94.3785456220495 79.29544544964806 144.16881249999994 0 233 2.8329 0.0 8.181805246746432 0.0 4.0 
1992 10468559.9 94.3785456220495 79.29544544964806 144.16881249999994 0 233 2.8329 0.0 8.181805246746432 0.0 4.0 
1993 10468593.2 94.38616772894706 79.29544544964806 144.16881249999994 0 233 2.8329 0.0 8.181805246746432 0.0 4.0 
1994 10468626.5 94.38616772894706 79.29262163649553 144.16881249999994 0 233 2.8329 0.0 8.181805246746432 0.0 4.0 
1995 10468659.9 94.38616772894706 79.29262163649553 144.16881249999994 0 233 2.8329 0.0 8.181805246746432 0.0 4.0 
1996 10468693.2 94.38616772894706 79.29262163649553 144.16881249999994 0 233 2.8329 0.0 8.181805246746432 0.0 4.0 
1997 10468726.6 94.39348580205517 79.28848998547502 144.16881249999994 0 233 2.8329 0.0 8.181805246746432 0.0 4.0 
1998 10468759.9 94.39348580205517 79.28848998547502 144.16881249999994 0 233 2.8329 0.0 8.181805246746432 0.0 4.0 
1999 10468793.2 94.39348580205517 79.28848998547502 144.16881249999994 0 233 2.8329 0.0 8.181805246746432 0.0 4.0 
2000 10468826.6 94.39348580205517 79.28848998547502 144.16881249999994 0 233 2.8329 0.0 8.181805246746432 0.0 4.0 
2001 10468859.9 94.40762173697783 79.28848998547502 144.16881249999994 0 233 2.8329 0.0 8.181805246746432 0.0 4.0 
2002 10468893.2 94.40762173697783 79.28255785845444 144.16881249999994 0 233 2.8329 0.0 8.181805246746432 0.0 4.0 
2003 10468926.6 94.40762173697783 79.28255785845444 144.16881249999994 0 233 2.8329 0.0 8.181805246746432 0.0 4.0 
2004 10468959.9 94.40762173697783 79.28255785845444 144.16881249999994 0 233 2.8329 0.0 8.181805246746432 0.0 4.0 
2005 10468993.2 94.41214254939612 79.28255785845444 144.16881249999994 0 233 2.8329 0.0 8.181805246746432 0.0 4.0 
2006 10469026.6 94.41214254939612 79.278382464213 144.16881249999994 0 233 2.8329 0.0 8.181805246746432 0.0 4.0 
2007 10469059.9 94.41214254939612 79.278382464213 144.16881249999994 0 233 2.8329 0.0 8.181805246746432 0.0 4.0 
2008 10469093.3 94.41214254939612 79.278382464213 144.16881249999994 0 233 2.8329 0.0 8.181805246746432 0.0 4.0 
2009 10469126.6 94.42430779333402 79.27211700337581 144.16881249999994 0 233 2.8329 0.0 8.181805246746432 0.0 4.0 
2010 10469159.9 94.42430779333402 79.27211700337581 144.16881249999994 0 233 2.8329 0.0 8.181805246746432 0.0 4.0 
2011 10469193.3 94.42430779333402 79.27211700337581 144.16881249999994 0 233 2.8329 0.0 8.181805246746432 0.0 4.0 
2012 10469226.6 94.42430779333402 79.27211700337581 144.16881249999994 0 233 2.8329 0.0 8.181805246746432 0.0 4.0 
2013 10469259.9 94.43349085061985 79.27211700337581 144.16881249999994 0 233 2.8329 0.0 8.181805246746432 0.0 4.0 
2014 10469293.3 94.43349085061985 79.26648446425416 144.16881249999994 0 233 2.8329 0.0 8.181805246746432 0.0 4.0 
2015 10469326.6 94.43349085061985 79.26648446425416 144.16881249999994 0 233 2.8329 0.0 8.181805246746432 0.0 4.0 
2016 10469359.9 94.43864632103273 79.26648446425416 144.16881249999994 0 233 2.8329 0.0 8.181805246746432 0.0 4.0 
2017 10469393.3 94.43864632103273 79.26228713324852 144.16881249999994 0 233 2.8329 0.0 8.181805246746432 0.0 4.0 
2018 10469426.6 94.43864632103273 79.26228713324852 144.16881249999994 0 233 2.8329 0.0 8.181805246746432 0.0 4.0 
2019 10469459.9 94.44277917533024 79.26228713324852 144.16881249999994 0 233 2.8329 0.0 8.181805246746432 0.0 4.0 
2020 10469493.3 94.44277917533024 79.26086212222849 144.16881249999994 0 233 2.8329 0.0 8.181805246746432 0.0 4.0 
2021 10469526.6 94.44277917533024 79.26086212222849 144.16881249999994 0 233 2.8329 0.0 8.181805246746432 0.0 4.0 
2022 10469560.0 94.44277917533024 79.26086212222849 144.16881249999994 0 233 2.8329 0.0 8.181805246746432 0.0 4.0 
2023 10469593.3 94.44935841566009 79.26086212222849 144.16881249999994 0 233 2.8329 0.0 8.181805246746432 0.0 4.0 
2024 10469626.6 94.44935841566009 79.26255944653879 144.16881249999994 0 233 2.8329 0.0 8.181805246746432 0.0 4.0 
2025 10469660.0 94.44935841566009 79.26255944653879 144.16881249999994 0 233 2.8329 0.0 8.181805246746432 0.0 4.0 
2026 10469693.3 94.45597820466391 79.26255944653879 144.16881249999994 0 233 2.8329 0.0 8.181805246746432 0.0 4.0 
2027 10469726.6 94.45597820466391 79.26393333604192 144.16881249999994 0 233 2.8329 0.0 8.181805246746432 0.0 4.0 
2028 10469760.0 94.45597820466391 79.26393333604192 144.16881249999994 0 233 2.8329 0.0 8.181805246746432 0.0 4.0 
2029 10469793.3 94.45597820466391 79.26393333604192 144.16881249999994 0 233 2.8329 0.0 8.181805246746432 0.0 4.0 
2030 10469826.6 94.45752246959296 79.26393333604192 144.16881249999994 0 233 2.8329 0.0 8.181805246746432 0.0 4.0 
2031 10469860.0 94.45752246959296 79.26518247527835 144.16881249999994 0 233 2.8329 0.0 8.181805246746432 0.0 4.0 
2032 10469893.3 94.45752246959296 79.26518247527835 144.16881249999994 0 233 2.8329 0.0 8.181805246746432 0.0 4.0 
2033 10469926.7 94.45752246959296 79.26518247527835 144.16881249999994 0 233 2.8329 0.0 8.181805246746432 0.0 4.0 
2034 10469960.0 94.46003798920691 79.26518247527835 144.16881249999994 0 233 2.8329 0.0 8.181805246746432 0.0 4.0 
2035 10469993.3 94.46003798920691 79.26518247527835 144.16881249999994 0 233 2.8329 0.0 8.181805246746432 0.0 4.0 
2036 10470026.7 94.46708204023771 79.26050020562863 144.16881249999994 0 233 2.8329 0.0 8.181805246746432 0.0 4.0 
2037 10470060.0 94.46708204023771 79.26050020562863 144.16881249999994 0 233 2.8329 0.0 8.181805246746432 0.0 4.0 
2038 10470093.3 94.46708204023771 79.26050020562863 144.16881249999994 0 233 2.8329 0.0 8.181805246746432 0.0 4.0 
2039 10470126.7 94.46708204023771 79.26050020562863 144.16881249999994 0 233 2.8329 0.0 8.181805246746432 0.0 4.0 
2040 10470160.0 94.4681719885646 79.26050020562863 144.16881249999994 0 233 2.8329 0.0 8.181805246746432 0.0 4.0 
2041 10470193.3 94.4681719885646 79.25344783458455 144.16881249999994 0 233 2.8329 0.0 8.181805246746432 0.0 4.0 
2042 10470226.7 94.4681719885646 79.25344783458455 144.16881249999994 0 233 2.8329 0.0 8.181805246746432 0.0 4.0 
2043 10470260.0 94.4681719885646 79.25344783458455 144.16881249999994 0 233 2.8329 0.0 8.181805246746432 0.0 4.0 
2044 10470293.3 94.4681719885646 79.25008092425828 144.16881249999994 0 233 2.8329 0.0 8.181805246746432 0.0 4.0 
2045 10470326.7 94.4681719885646 79.25008092425828 144.16881249999994 0 233 2.8329 0.0 8.181805246746432 0.0 4.0 
2046 10470360.0 94.47680713411098 79.25008092425828 144.16881249999994 0 233 2.8329 0.0 8.181805246746432 0.0 4.0 
2047 10470393.4 94.47680713411098 79.24810707860131 144.16881249999994 0 233 2.8329 0.0 8.181805246746432 0.0 4.0 
2048 10470426.7 94.47680713411098 79.24810707860131 144.16881249999994 0 233 2.8329 0.0 8.181805246746432 0.0 4.0 
2049 10470460.0 94.47895855316187 79.24810707860131 144.16881249999994 0 233 2.8329 0.0 8.181805246746432 0.0 4.0 
2050 10470493.4 94.47895855316187 79.24810707860131 144.16881249999994 0 233 2.8329 0.0 8.181805246746432 0.0 4.0 
2051 10470526.7 94.47895855316187 79.24810707860131 144.16881249999994 0 233 2.8329 0.0 8.181805246746432 0.0 4.0 
2052 10470560.0 94.48014582937091 79.24810707860131 144.16881249999994 0 233 2.8329 0.0 8.181805246746432 0.0 4.0 
2053 10470593.4 94.48014582937091 79.24810707860131 144.16881249999994 0 233 2.8329 0.0 8.181805246746432 0.0 4.0 
2054 10470626.7 94.48014582937091 79.24810707860131 144.16881249999994 0 233 2.8329 0.0 8.181805246746432 0.0 4.0 
2055 10470660.0 94.4819653782704 79.24810707860131 144.16881249999994 0 233 2.8329 0.0 8.181805246746432 0.0 4.0 
2056 10470693.4 94.4819653782704 79.24810707860131 144.16881249999994 0 233 2.8329 0.0 8.181805246746432 0.0 4.0 
2057 10470726.7 94.4831779914215 79.24810707860131 144.16881249999994 0 233 2.8329 0.0 8.181805246746432 0.0 4.0 
2058 10470760.1 94.4831779914215 79.24810707860131 144.16881249999994 0 233 2.8329 0.0 8.181805246746432 0.0 4.0 
2059 10470793.4 94.48591469529758 79.24810707860131 144.16881249999994 0 233 2.8329 0.0 8.181805246746432 0.0 4.0 
2060 10470826.7 94.48591469529758 79.24642997934403 144.16881249999994 0 233 2.8329 0.0 8.181805246746432 0.0 4.0 
2061 10470860.1 94.48591469529758 79.24642997934403 144.16881249999994 0 233 2.8329 0.0 8.181805246746432 0.0 4.0 
2062 10470893.4 94.48591469529758 79.24642997934403 144.16881249999994 0 233 2.8329 0.0 8.181805246746432 0.0 4.0 
2063 10470926.7 94.48591469529758 79.24642997934403 144.16881249999994 0 233 2.8329 0.0 8.181805246746432 0.0 4.0 
2064 10470960.1 94.48591469529758 79.24642997934403 144.16881249999994 0 233 2.8329 0.0 8.181805246746432 0.0 4.0 
2065 10470993.4 94.48591469529758 79.24642997934403 144.16881249999994 0 233 2.8329 0.0 8.181805246746432 0.0 4.0 
2066 10471026.7 94.48591469529758 79.24642997934403 144.16881249999994 0 233 2.8329 0.0 8.181805246746432 0.0 4.0 
2067 10471060.1 94.48369533211795 79.24642997934403 144.16881249999994 0 233 2.8329 0.0 8.181805246746432 0.0 4.0 
2068 10471093.4 94.48369533211795 79.24642997934403 144.16881249999994 0 233 2.8329 0.0 8.181805246746432 0.0 4.0 
2069 10471126.7 94.48160791132638 79.24642997934403 144.16881249999994 0 233 2.8329 0.0 8.181805246746432 0.0 4.0 
2070 10471160.1 94.48160791132638 79.24642997934403 144.16881249999994 0 233 2.8329 0.0 8.181805246746432 0.0 4.0 
2071 10471193.4 94.48160791132638 79.24642997934403 144.16881249999994 0 233 2.8329 0.0 8.181805246746432 0.0 4.0 
2072 10471226.8 94.4768806513894 79.24642997934403 144.16881249999994 0 233 2.8329 0.0 8.181805246746432 0.0 4.0 
2073 10471260.1 94.4768806513894 79.24763293405326 144.16881249999994 0 233 2.8329 0.0 8.181805246746432 0.0 4.0 
2074 10471293.4 94.4768806513894 79.24763293405326 144.16881249999994 0 233 2.8329 0.0 8.181805246746432 0.0 4.0 
2075 10471326.8 94.45606053444112 79.24763293405326 144.16881249999994 0 233 2.8329 0.0 8.181805246746432 0.0 4.0 
2076 10471360.1 94.45606053444112 79.26261745186001 144.16881249999994 0 233 2.8329 0.0 8.181805246746432 0.0 4.0 
2077 10471393.4 94.45606053444112 79.26261745186001 144.16881249999994 0 233 2.8329 0.0 8.181805246746432 0.0 4.0 
2078 10471426.8 94.45606053444112 79.26261745186001 144.16881249999994 0 233 2.8329 0.0 8.181805246746432 0.0 4.0 
2079 10471460.1 94.44011038580484 79.27584303955834 144.16881249999994 0 233 2.8329 0.0 8.181805246746432 0.0 4.0 
2080 10471493.4 94.44011038580484 79.27584303955834 144.16881249999994 0 233 2.8329 0.0 8.181805246746432 0.0 4.0 
2081 10471526.8 94.44011038580484 79.27584303955834 144.16881249999994 0 233 2.8329 0.0 8.181805246746432 0.0 4.0 
2082 10471560.1 94.44011038580484 79.27584303955834 144.16881249999994 0 233 2.8329 0.0 8.181805246746432 0.0 4.0 
2083 10471593.5 94.43460808679536 79.27584303955834 144.16881249999994 0 233 2.8329 0.0 8.181805246746432 0.0 4.0 
2084 10471626.8 94.43460808679536 79.280254753804 144.16881249999994 0 233 2.8329 0.0 8.181805246746432 0.0 4.0 
2085 10471660.1 94.43460808679536 79.280254753804 144.16881249999994 0 233 2.8329 0.0 8.181805246746432 0.0 4.0 
2086 10471693.5 94.43128126456496 79.280254753804 144.16881249999994 0 233 2.8329 0.0 8.181805246746432 0.0 4.0 
2087 10471726.8 94.43128126456496 79.28193041448203 144.16881249999994 0 233 2.8329 0.0 8.181805246746432 0.0 4.0 
2088 10471760.1 94.43128126456496 79.28193041448203 144.16881249999994 0 233 2.8329 0.0 8.181805246746432 0.0 4.0 
2089 10471793.5 94.43329982073901 79.28193041448203 144.16881249999994 0 233 2.8329 0.0 8.181805246746432 0.0 4.0 
2090 10471826.8 94.43329982073901 79.27657552451085 144.16881249999994 0 233 2.8329 0.0 8.181805246746432 0.0 4.0 
2091 10471860.1 94.43329982073901 79.27657552451085 144.16881249999994 0 233 2.8329 0.0 8.181805246746432 0.0 4.0 
2092 10471893.5 94.43329982073901 79.27657552451085 144.16881249999994 0 233 2.8329 0.0 8.181805246746432 0.0 4.0 
2093 10471926.8 94.43543416215478 79.2706069121907 144.16881249999994 0 233 2.8329 0.0 8.181805246746432 0.0 4.0 
2094 10471960.1 94.43543416215478 79.2706069121907 144.16881249999994 0 233 2.8329 0.0 8.181805246746432 0.0 4.0 
2095 10471993.5 94.43543416215478 79.2706069121907 144.16881249999994 0 233 2.8329 0.0 8.181805246746432 0.0 4.0 
2096 10472026.8 94.442362459775 79.2706069121907 144.16881249999994 0 233 2.8329 0.0 8.181805246746432 0.0 4.0 
2097 10472060.2 94.442362459775 79.26384345280084 144.16881249999994 0 233 2.8329 0.0 8.181805246746432 0.0 4.0 
2098 10472093.5 94.442362459775 79.26384345280084 144.16881249999994 0 233 2.8329 0.0 8.181805246746432 0.0 4.0 
2099 10472126.8 94.442362459775 79.26384345280084 144.16881249999994 0 233 2.8329 0.0 8.181805246746432 0.0 4.0 
2100 10472160.2 94.45681901931854 79.26384345280084 144.16881249999994 0 233 2.8329 0.0 8.181805246746432 0.0 4.0 
2101 10472193.5 94.45681901931854 79.25685958978436 144.16881249999994 0 233 2.8329 0.0 8.181805246746432 0.0 4.0 
2102 10472226.8 94.45681901931854 79.25685958978436 144.16881249999994 0 233 2.8329 0.0 8.181805246746432 0.0 4.0 
2103 10472260.2 94.45681901931854 79.25685958978436 144.16881249999994 0 233 2.8329 0.0 8.181805246746432 0.0 4.0 
2104 10472293.5 94.46891592879446 79.25685958978436 144.16881249999994 0 233 2.8329 0.0 8.181805246746432 0.0 4.0 
2105 10472326.8 94.46891592879446 79.25201764555517 144.16881249999994 0 233 2.8329 0.0 8.181805246746432 0.0 4.0 
2106 10472360.2 94.46891592879446 79.25201764555517 144.16881249999994 0 233 2.8329 0.0 8.181805246746432 0.0 4.0 
2107 10472393.5 94.46891592879446 79.25201764555517 144.16881249999994 0 233 2.8329 0.0 8.181805246746432 0.0 4.0 
2108 10472426.9 94.48223423576309 79.25201764555517 144.16881249999994 0 233 2.8329 0.0 8.181805246746432 0.0 4.0 
2109 10472460.2 94.48223423576309 79.24845645801463 144.16881249999994 0 233 2.8329 0.0 8.181805246746432 0.0 4.0 
2110 10472493.5 94.48223423576309 79.24845645801463 144.16881249999994 0 233 2.8329 0.0 8.181805246746432 0.0 4.0 
2111 10472526.9 94.48223423576309 79.24845645801463 144.16881249999994 0 233 2.8329 0.0 8.181805246746432 0.0 4.0 
2112 10472560.2 94.49317816322282 79.24845645801463 144.16881249999994 0 233 2.8329 0.0 8.181805246746432 0.0 4.0 
2113 10472593.5 94.49317816322282 79.24534947683964 144.16881249999994 0 233 2.8329 0.0 8.181805246746432 0.0 4.0 
2114 10472626.9 94.49317816322282 79.24534947683964 144.16881249999994 0 233 2.8329 0.0 8.181805246746432 0.0 4.0 
2115 10472660.2 94.49317816322282 79.24534947683964 144.16881249999994 0 233 2.8329 0.0 8.181805246746432 0.0 4.0 
2116 10472693.5 94.49971552817993 79.24419727678072 144.16881249999994 0 233 2.8329 0.0 8.181805246746432 0.0 4.0 
2117 10472726.9 94.49971552817993 79.24419727678072 144.16881249999994 0 233 2.8329 0.0 8.181805246746432 0.0 4.0 
2118 10472760.2 94.49971552817993 79.24419727678072 144.16881249999994 0 233 2.8329 0.0 8.181805246746432 0.0 4.0 
2119 10472793.5 94.49971552817993 79.24419727678072 144.16881249999994 0 233 2.8329 0.0 8.181805246746432 0.0 4.0 
2120 10472826.9 94.50506064262242 79.24419727678072 144.16881249999994 0 233 2.8329 0.0 8.181805246746432 0.0 4.0 
2121 10472860.2 94.50506064262242 79.24317100318608 144.16881249999994 0 233 2.8329 0.0 8.181805246746432 0.0 4.0 
2122 10472893.6 94.50506064262242 79.24317100318608 144.16881249999994 0 233 2.8329 0.0 8.181805246746432 0.0 4.0 
2123 10472926.9 94.50740214289571 79.24317100318608 144.16881249999994 0 233 2.8329 0.0 8.181805246746432 0.0 4.0 
2124 10472960.2 94.50740214289571 79.24317100318608 144.16881249999994 0 233 2.8329 0.0 8.181805246746432 0.0 4.0 
2125 10472993.6 94.50740214289571 79.24317100318608 144.16881249999994 0 233 2.8329 0.0 8.181805246746432 0.0 4.0 
2126 10473026.9 94.50740214289571 79.24317100318608 144.16881249999994 0 233 2.8329 0.0 8.181805246746432 0.0 4.0 
2127 10473060.2 94.50852808082973 79.24317100318608 144.16881249999994 0 233 2.8329 0.0 8.181805246746432 0.0 4.0 
2128 10473093.6 94.50852808082973 79.24317100318608 144.16881249999994 0 233 2.8329 0.0 8.181805246746432 0.0 4.0 
2129 10473126.9 94.50852808082973 79.24317100318608 144.16881249999994 0 233 2.8329 0.0 8.181805246746432 0.0 4.0 
2130 10473160.2 94.50852808082973 79.24215821676665 144.16881249999994 0 233 2.8329 0.0 8.181805246746432 0.0 4.0 
2131 10473193.6 94.50852808082973 79.24215821676665 144.16881249999994 0 233 2.8329 0.0 8.181805246746432 0.0 4.0 
2132 10473226.9 94.5023639013007 79.24215821676665 144.16881249999994 0 233 2.8329 0.0 8.181805246746432 0.0 4.0 
2133 10473260.3 94.5023639013007 79.24343821856895 144.16881249999994 0 233 2.8329 0.0 8.181805246746432 0.0 4.0 
2134 10473293.6 94.5023639013007 79.24343821856895 144.16881249999994 0 233 2.8329 0.0 8.181805246746432 0.0 4.0 
2135 10473326.9 94.5023639013007 79.24343821856895 144.16881249999994 0 233 2.8329 0.0 8.181805246746432 0.0 4.0 
2136 10473360.3 94.49366594691038 79.24343821856895 144.16881249999994 0 233 2.8329 0.0 8.181805246746432 0.0 4.0 
2137 10473393.6 94.49366594691038 79.24558413777793 144.16881249999994 0 233 2.8329 0.0 8.181805246746432 0.0 4.0 
2138 10473426.9 94.49366594691038 79.24558413777793 144.16881249999994 0 233 2.8329 0.0 8.181805246746432 0.0 4.0 
2139 10473460.3 94.49366594691038 79.24558413777793 144.16881249999994 0 233 2.8329 0.0 8.181805246746432 0.0 4.0 
2140 10473493.6 94.48821010722267 79.24558413777793 144.16881249999994 0 233 2.8329 0.0 8.181805246746432 0.0 4.0 
2141 10473526.9 94.48821010722267 79.24832340753801 144.16881249999994 0 233 2.8329 0.0 8.181805246746432 0.0 4.0 
2142 10473560.3 94.48821010722267 79.24832340753801 144.16881249999994 0 233 2.8329 0.0 8.181805246746432 0.0 4.0 
2143 10473593.6 94.48821010722267 79.24832340753801 144.16881249999994 0 233 2.8329 0.0 8.181805246746432 0.0 4.0 
2144 10473626.9 94.48821010722267 79.2528983137189 144.16881249999994 0 233 2.8329 0.0 8.181805246746432 0.0 4.0 
2145 10473660.3 94.48821010722267 79.2528983137189 144.16881249999994 0 233 2.8329 0.0 8.181805246746432 0.0 4.0 
2146 10473693.6 94.48821010722267 79.2528983137189 144.16881249999994 0 233 2.8329 0.0 8.181805246746432 0.0 4.0 
2147 10473727.0 94.49331873070065 79.2528983137189 144.16881249999994 0 233 2.8329 0.0 8.181805246746432 0.0 4.0 
2148 10473760.3 94.49331873070065 79.25820430447257 144.16881249999994 0 233 2.8329 0.0 8.181805246746432 0.0 4.0 
2149 10473793.6 94.49331873070065 79.25820430447257 144.16881249999994 0 233 2.8329 0.0 8.181805246746432 0.0 4.0 
2150 10473827.0 94.49331873070065 79.25820430447257 144.16881249999994 0 233 2.8329 0.0 8.181805246746432 0.0 4.0 
2151 10473860.3 94.50771501575231 79.26040267695532 144.16881249999994 0 233 2.8329 0.0 8.181805246746432 0.0 4.0 
2152 10473893.6 94.50771501575231 79.26040267695532 144.16881249999994 0 233 2.8329 0.0 8.181805246746432 0.0 4.0 
2153 10473927.0 94.50771501575231 79.26040267695532 144.16881249999994 0 233 2.8329 0.0 8.181805246746432 0.0 4.0 
2154 10473960.3 94.50590918585925 79.26040267695532 144.16881249999994 0 233 2.8329 0.0 8.181805246746432 0.0 4.0 
2155 10473993.6 94.50590918585925 79.26040267695532 144.16881249999994 0 233 2.8329 0.0 8.181805246746432 0.0 4.0 
2156 10474027.0 94.50590918585925 79.26040267695532 144.16881249999994 0 233 2.8329 0.0 8.181805246746432 0.0 4.0 
2157 10474060.3 94.49938014556238 79.26040267695532 144.16881249999994 0 233 2.8329 0.0 8.181805246746432 0.0 4.0 
2158 10474093.7 94.49938014556238 79.26040267695532 144.16881249999994 0 233 2.8329 0.0 8.181805246746432 0.0 4.0 
2159 10474127.0 94.48024282126339 79.26040267695532 144.16881249999994 0 233 2.8329 0.0 8.181805246746432 0.0 4.0 
2160 10474160.3 94.48024282126339 79.26498588818902 144.16881249999994 0 233 2.8329 0.0 8.181805246746432 0.0 4.0 
2161 10474193.7 94.48024282126339 79.26498588818902 144.16881249999994 0 233 2.8329 0.0 8.181805246746432 0.0 4.0 
2162 10474227.0 94.48024282126339 79.26498588818902 144.16881249999994 0 233 2.8329 0.0 8.181805246746432 0.0 4.0 
2163 10474260.3 94.46424120279174 79.26498588818902 144.16881249999994 0 233 2.8329 0.0 8.181805246746432 0.0 4.0 
2164 10474293.7 94.46424120279174 79.27084399130926 144.16881249999994 0 233 2.8329 0.0 8.181805246746432 0.0 4.0 
2165 10474327.0 94.46424120279174 79.27084399130926 144.16881249999994 0 233 2.8329 0.0 8.181805246746432 0.0 4.0 
2166 10474360.3 94.46424120279174 79.27084399130926 144.16881249999994 0 233 2.8329 0.0 8.181805246746432 0.0 4.0 
2167 10474393.7 94.46424120279174 79.27084399130926 144.16881249999994 0 233 2.8329 0.0 8.181805246746432 0.0 4.0 
2168 10474427.0 94.44829259837026 79.27084399130926 144.16881249999994 0 233 2.8329 0.0 8.181805246746432 0.0 4.0 
2169 10474460.3 94.44829259837026 79.27861828048863 144.16881249999994 0 233 2.8329 0.0 8.181805246746432 0.0 4.0 
2170 10474493.7 94.44829259837026 79.27861828048863 144.16881249999994 0 233 2.8329 0.0 8.181805246746432 0.0 4.0 
2171 10474527.0 94.44829259837026 79.27861828048863 144.16881249999994 0 233 2.8329 0.0 8.181805246746432 0.0 4.0 
2172 10474560.4 94.43287607198937 79.27861828048863 144.16881249999994 0 233 2.8329 0.0 8.181805246746432 0.0 4.0 
2173 10474593.7 94.43287607198937 79.28597040260323 144.16881249999994 0 233 2.8329 0.0 8.181805246746432 0.0 4.0 
2174 10474627.0 94.43287607198937 79.28597040260323 144.16881249999994 0 233 2.8329 0.0 8.181805246746432 0.0 4.0 
2175 10474660.4 94.42137305589787 79.29218406029369 144.16881249999994 0 233 2.8329 0.0 8.181805246746432 0.0 4.0 
2176 10474693.7 94.42137305589787 79.29218406029369 144.16881249999994 0 233 2.8329 0.0 8.181805246746432 0.0 4.0 
2177 10474727.0 94.42137305589787 79.29218406029369 144.16881249999994 0 233 2.8329 0.0 8.181805246746432 0.0 4.0 
2178 10474760.4 94.42137305589787 79.29218406029369 144.16881249999994 0 233 2.8329 0.0 8.181805246746432 0.0 4.0 
2179 10474793.7 94.41870061741132 79.29218406029369 144.16881249999994 0 233 2.8329 0.0 8.181805246746432 0.0 4.0 
2180 10474827.0 94.41870061741132 79.29218406029369 144.16881249999994 0 233 2.8329 0.0 8.181805246746432 0.0 4.0 
2181 10474860.4 94.41674419991928 79.29218406029369 144.16881249999994 0 233 2.8329 0.0 8.181805246746432 0.0 4.0 
2182 10474893.7 94.41674419991928 79.29319572882976 144.16881249999994 0 233 2.8329 0.0 8.181805246746432 0.0 4.0 
2183 10474927.1 94.41674419991928 79.29319572882976 144.16881249999994 0 233 2.8329 0.0 8.181805246746432 0.0 4.0 
2184 10474960.4 94.41674419991928 79.29319572882976 144.16881249999994 0 233 2.8329 0.0 8.181805246746432 0.0 4.0 
2185 10474993.7 94.41674419991928 79.29319572882976 144.16881249999994 0 233 2.8329 0.0 8.181805246746432 0.0 4.0 
2186 10475027.1 94.41674419991928 79.29319572882976 144.16881249999994 0 233 2.8329 0.0 8.181805246746432 0.0 4.0 
2187 10475060.4 94.41674419991928 79.29319572882976 144.16881249999994 0 233 2.8329 0.0 8.181805246746432 0.0 4.0 
2188 10475093.7 94.41674419991928 79.29319572882976 144.16881249999994 0 233 2.8329 0.0 8.181805246746432 0.0 4.0 
2189 10475127.1 94.4153808304859 79.29319572882976 144.16881249999994 0 233 2.8329 0.0 8.181805246746432 0.0 4.0 
2190 10475160.4 94.4153808304859 79.29319572882976 144.16881249999994 0 233 2.8329 0.0 8.181805246746432 0.0 4.0 
2191 10475193.7 94.4153808304859 79.29319572882976 144.16881249999994 0 233 2.8329 0.0 8.181805246746432 0.0 4.0 
2192 10475227.1 94.41195889809664 79.29319572882976 144.16881249999994 0 233 2.8329 0.0 8.181805246746432 0.0 4.0 
2193 10475260.4 94.41195889809664 79.29319572882976 144.16881249999994 0 233 2.8329 0.0 8.181805246746432 0.0 4.0 
2194 10475293.7 94.41195889809664 79.29319572882976 144.16881249999994 0 233 2.8329 0.0 8.181805246746432 0.0 4.0 
2195 10475327.1 94.41195889809664 79.29319572882976 144.16881249999994 0 233 2.8329 0.0 8.181805246746432 0.0 4.0 
2196 10475360.4 94.42021362229202 79.29319572882976 144.16881249999994 0 233 2.8329 0.0 8.181805246746432 0.0 4.0 
2197 10475393.8 94.42021362229202 79.28695197599693 144.16881249999994 0 233 2.8329 0.0 8.181805246746432 0.0 4.0 
2198 10475427.1 94.42021362229202 79.28695197599693 144.16881249999994 0 233 2.8329 0.0 8.181805246746432 0.0 4.0 
2199 10475460.4 94.42021362229202 79.28695197599693 144.16881249999994 0 233 2.8329 0.0 8.181805246746432 0.0 4.0 
2200 10475493.8 94.42899989477229 79.27925334369073 144.16881249999994 0 233 2.8329 0.0 8.181805246746432 0.0 4.0 
2201 10475527.1 94.42899989477229 79.27925334369073 144.16881249999994 0 233 2.8329 0.0 8.181805246746432 0.0 4.0 
2202 10475560.4 94.42899989477229 79.27925334369073 144.16881249999994 0 233 2.8329 0.0 8.181805246746432 0.0 4.0 
2203 10475593.8 94.44291329277412 79.27925334369073 144.16881249999994 0 233 2.8329 0.0 8.181805246746432 0.0 4.0 
2204 10475627.1 94.44291329277412 79.26644638489252 144.16881249999994 0 233 2.8329 0.0 8.181805246746432 0.0 4.0 
2205 10475660.4 94.44291329277412 79.26644638489252 144.16881249999994 0 233 2.8329 0.0 8.181805246746432 0.0 4.0 
2206 10475693.8 94.44291329277412 79.26644638489252 144.16881249999994 0 233 2.8329 0.0 8.181805246746432 0.0 4.0 
2207 10475727.1 94.4528209296472 79.26644638489252 144.16881249999994 0 233 2.8329 0.0 8.181805246746432 0.0 4.0 
2208 10475760.5 94.4528209296472 79.25610671004287 144.16881249999994 0 233 2.8329 0.0 8.181805246746432 0.0 4.0 
2209 10475793.8 94.4528209296472 79.25610671004287 144.16881249999994 0 233 2.8329 0.0 8.181805246746432 0.0 4.0 
2210 10475827.1 94.4528209296472 79.25610671004287 144.16881249999994 0 233 2.8329 0.0 8.181805246746432 0.0 4.0 
2211 10475860.5 94.46084086526542 79.25610671004287 144.16881249999994 0 233 2.8329 0.0 8.181805246746432 0.0 4.0 
2212 10475893.8 94.46084086526542 79.24794455531531 144.16881249999994 0 233 2.8329 0.0 8.181805246746432 0.0 4.0 
2213 10475927.1 94.46084086526542 79.24794455531531 144.16881249999994 0 233 2.8329 0.0 8.181805246746432 0.0 4.0 
2214 10475960.5 94.46084086526542 79.24794455531531 144.16881249999994 0 233 2.8329 0.0 8.181805246746432 0.0 4.0 
2215 10475993.8 94.46973384945792 79.24794455531531 144.16881249999994 0 233 2.8329 0.0 8.181805246746432 0.0 4.0 
2216 10476027.1 94.46973384945792 79.2378674028056 144.16881249999994 0 233 2.8329 0.0 8.181805246746432 0.0 4.0 
2217 10476060.5 94.46973384945792 79.2378674028056 144.16881249999994 0 233 2.8329 0.0 8.181805246746432 0.0 4.0 
2218 10476093.8 94.46973384945792 79.2378674028056 144.16881249999994 0 233 2.8329 0.0 8.181805246746432 0.0 4.0 
2219 10476127.1 94.47120527367929 79.2378674028056 144.16881249999994 0 233 2.8329 0.0 8.181805246746432 0.0 4.0 
2220 10476160.5 94.47120527367929 79.2352369733959 144.16881249999994 0 233 2.8329 0.0 8.181805246746432 0.0 4.0 
2221 10476193.8 94.47120527367929 79.2352369733959 144.16881249999994 0 233 2.8329 0.0 8.181805246746432 0.0 4.0 
2222 10476227.2 94.47319773846128 79.2352369733959 144.16881249999994 0 233 2.8329 0.0 8.181805246746432 0.0 4.0 
2223 10476260.5 94.47319773846128 79.2352369733959 144.16881249999994 0 233 2.8329 0.0 8.181805246746432 0.0 4.0 
2224 10476293.8 94.47888103067268 79.2352369733959 144.16881249999994 0 233 2.8329 0.0 8.181805246746432 0.0 4.0 
2225 10476327.2 94.47888103067268 79.2352369733959 144.16881249999994 0 233 2.8329 0.0 8.181805246746432 0.0 4.0 
2226 10476360.5 94.48390147261388 79.2352369733959 144.16881249999994 0 233 2.8329 0.0 8.181805246746432 0.0 4.0 
2227 10476393.8 94.48390147261388 79.23260150264379 144.16881249999994 0 233 2.8329 0.0 8.181805246746432 0.0 4.0 
2228 10476427.2 94.48390147261388 79.23260150264379 144.16881249999994 0 233 2.8329 0.0 8.181805246746432 0.0 4.0 
2229 10476460.5 94.48390147261388 79.23260150264379 144.16881249999994 0 233 2.8329 0.0 8.181805246746432 0.0 4.0 
2230 10476493.8 94.48390147261388 79.23260150264379 144.16881249999994 0 233 2.8329 0.0 8.181805246746432 0.0 4.0 
2231 10476527.2 94.48390147261388 79.23260150264379 144.16881249999994 0 233 2.8329 0.0 8.181805246746432 0.0 4.0 
2232 10476560.5 94.48390147261388 79.23260150264379 144.16881249999994 0 233 2.8329 0.0 8.181805246746432 0.0 4.0 
2233 10476593.9 94.48854827037877 79.22811140976691 144.16881249999994 0 233 2.8329 0.0 8.181805246746432 0.0 4.0 
2234 10476627.2 94.48854827037877 79.22811140976691 144.16881249999994 0 233 2.8329 0.0 8.181805246746432 0.0 4.0 
2235 10476660.5 94.48854827037877 79.22811140976691 144.16881249999994 0 233 2.8329 0.0 8.181805246746432 0.0 4.0 
2236 10476693.9 94.48854827037877 79.22811140976691 144.16881249999994 0 233 2.8329 0.0 8.181805246746432 0.0 4.0 
2237 10476727.2 94.49789664834438 79.22811140976691 144.16881249999994 0 233 2.8329 0.0 8.181805246746432 0.0 4.0 
2238 10476760.5 94.49789664834438 79.21949146179806 144.16881249999994 0 233 2.8329 0.0 8.181805246746432 0.0 4.0 
2239 10476793.9 94.49789664834438 79.21949146179806 144.16881249999994 0 233 2.8329 0.0 8.181805246746432 0.0 4.0 
2240 10476827.2 94.49789664834438 79.21949146179806 144.16881249999994 0 233 2.8329 0.0 8.181805246746432 0.0 4.0 
2241 10476860.5 94.50842812221732 79.2106787886929 144.16881249999994 0 233 2.8329 0.0 8.181805246746432 0.0 4.0 
2242 10476893.9 94.50842812221732 79.2106787886929 144.16881249999994 0 233 2.8329 0.0 8.181805246746432 0.0 4.0 
2243 10476927.2 94.50842812221732 79.2106787886929 144.16881249999994 0 233 2.8329 0.0 8.181805246746432 0.0 4.0 
2244 10476960.5 94.51606571468633 79.2106787886929 144.16881249999994 0 233 2.8329 0.0 8.181805246746432 0.0 4.0 
2245 10476993.9 94.51606571468633 79.20497436325374 144.16881249999994 0 233 2.8329 0.0 8.181805246746432 0.0 4.0 
2246 10477027.2 94.51606571468633 79.20497436325374 144.16881249999994 0 233 2.8329 0.0 8.181805246746432 0.0 4.0 
2247 10477060.6 94.52297634771499 79.20497436325374 144.16881249999994 0 233 2.8329 0.0 8.181805246746432 0.0 4.0 
2248 10477093.9 94.52297634771499 79.1997273729797 144.16881249999994 0 233 2.8329 0.0 8.181805246746432 0.0 4.0 
2249 10477127.2 94.52297634771499 79.1997273729797 144.16881249999994 0 233 2.8329 0.0 8.181805246746432 0.0 4.0 
