# Recording
duration 250.01999999999998
nframes 7500
# Camera
framerate 29.997600191984642
imageToStage -0.993727445602417,-0.06086360290646553,0.06086360290646553,-0.993727445602417
rotation -3.080421285766743
imagenormaldir +Z
pixelsize 0.9955896
# Dual color
dualcolormode False
mainside Right
viewmode Splitted
recordingmode Original
translation_x 0.0
translation_y 0.0
rotation 0.0
# Tracking
roi_x 400
roi_y 400
capture_radius 400
min_step 1
threshold 30
binning 4
dark_bg True
mode CMS
area 400
# Frame Time X Y Z minBrightness maxBrightness meanBrightness medianBrightness skewness percentile_5 percentile_95
0 3189301.7 85.85547610044725 78.71033438873278 145.47279492187494 0 233 2.8329 0.0 8.181805246746432 0.0 4.0 
1 3189335.0 85.85547610044725 78.71169355784028 145.47279492187494 0 233 2.8329 0.0 8.181805246746432 0.0 4.0 
2 3189368.3 85.85547610044725 78.71169355784028 145.47279492187494 0 233 2.8329 0.0 8.181805246746432 0.0 4.0 
3 3189401.7 85.85547610044725 78.71169355784028 145.47279492187494 0 233 2.8329 0.0 8.181805246746432 0.0 4.0 
4 3189435.0 85.84143577752549 78.71169355784028 145.47279492187494 0 233 2.8329 0.0 8.181805246746432 0.0 4.0 
5 3189468.3 85.84143577752549 78.7069358287691 145.47279492187494 0 233 2.8329 0.0 8.181805246746432 0.0 4.0 
6 3189501.7 85.84143577752549 78.7069358287691 145.47279492187494 0 233 2.8329 0.0 8.181805246746432 0.0 4.0 
7 3189535.0 85.84143577752549 78.7069358287691 145.47279492187494 0 233 2.8329 0.0 8.181805246746432 0.0 4.0 
8 3189568.4 85.82831462744312 78.69463427306661 145.47279492187494 0 233 2.8329 0.0 8.181805246746432 0.0 4.0 
9 3189601.7 85.82831462744312 78.69463427306661 145.47279492187494 0 233 2.8329 0.0 8.181805246746432 0.0 4.0 
10 3189635.0 85.82831462744312 78.69463427306661 145.47279492187494 0 233 2.8329 0.0 8.181805246746432 0.0 4.0 
11 3189668.4 85.82831462744312 78.69463427306661 145.47279492187494 0 233 2.8329 0.0 8.181805246746432 0.0 4.0 
12 3189701.7 85.82303558133158 78.69463427306661 145.47279492187494 0 233 2.8329 0.0 8.181805246746432 0.0 4.0 
13 3189735.0 85.82303558133158 78.68903839795344 145.47279492187494 0 233 2.8329 0.0 8.181805246746432 0.0 4.0 
14 3189768.4 85.82303558133158 78.68903839795344 145.47279492187494 0 233 2.8329 0.0 8.181805246746432 0.0 4.0 
15 3189801.7 85.82303558133158 78.68903839795344 145.47279492187494 0 233 2.8329 0.0 8.181805246746432 0.0 4.0 
16 3189835.0 85.81868436064295 78.68903839795344 145.47279492187494 0 233 2.8329 0.0 8.181805246746432 0.0 4.0 
17 3189868.4 85.81868436064295 78.68383949071783 145.47279492187494 0 233 2.8329 0.0 8.181805246746432 0.0 4.0 
18 3189901.7 85.81868436064295 78.68383949071783 145.47279492187494 0 233 2.8329 0.0 8.181805246746432 0.0 4.0 
19 3189935.1 85.81868436064295 78.68383949071783 145.47279492187494 0 233 2.8329 0.0 8.181805246746432 0.0 4.0 
20 3189968.4 85.81405397482305 78.67686588662545 145.47279492187494 0 233 2.8329 0.0 8.181805246746432 0.0 4.0 
21 3190001.7 85.81405397482305 78.67686588662545 145.47279492187494 0 233 2.8329 0.0 8.181805246746432 0.0 4.0 
22 3190035.1 85.81405397482305 78.67686588662545 145.47279492187494 0 233 2.8329 0.0 8.181805246746432 0.0 4.0 
23 3190068.4 85.81405397482305 78.67686588662545 145.47279492187494 0 233 2.8329 0.0 8.181805246746432 0.0 4.0 
24 3190101.7 85.81405397482305 78.67149375194215 145.47279492187494 0 233 2.8329 0.0 8.181805246746432 0.0 4.0 
25 3190135.1 85.81405397482305 78.67149375194215 145.47279492187494 0 233 2.8329 0.0 8.181805246746432 0.0 4.0 
26 3190168.4 85.81405397482305 78.67149375194215 145.47279492187494 0 233 2.8329 0.0 8.181805246746432 0.0 4.0 
27 3190201.7 85.81405397482305 78.66954179222684 145.47279492187494 0 233 2.8329 0.0 8.181805246746432 0.0 4.0 
28 3190235.1 85.81405397482305 78.66954179222684 145.47279492187494 0 233 2.8329 0.0 8.181805246746432 0.0 4.0 
29 3190268.4 85.81205704703414 78.66954179222684 145.47279492187494 0 233 2.8329 0.0 8.181805246746432 0.0 4.0 
30 3190301.7 85.81205704703414 78.66430231439105 145.47279492187494 0 233 2.8329 0.0 8.181805246746432 0.0 4.0 
31 3190335.1 85.81205704703414 78.66430231439105 145.47279492187494 0 233 2.8329 0.0 8.181805246746432 0.0 4.0 
32 3190368.4 85.81095312553258 78.6613963814261 145.47279492187494 0 233 2.8329 0.0 8.181805246746432 0.0 4.0 
33 3190401.8 85.81095312553258 78.6613963814261 145.47279492187494 0 233 2.8329 0.0 8.181805246746432 0.0 4.0 
34 3190435.1 85.81095312553258 78.6613963814261 145.47279492187494 0 233 2.8329 0.0 8.181805246746432 0.0 4.0 
35 3190468.4 85.80895842264857 78.6613963814261 145.47279492187494 0 233 2.8329 0.0 8.181805246746432 0.0 4.0 
36 3190501.8 85.80895842264857 78.65594908838284 145.47279492187494 0 233 2.8329 0.0 8.181805246746432 0.0 4.0 
37 3190535.1 85.80895842264857 78.65594908838284 145.47279492187494 0 233 2.8329 0.0 8.181805246746432 0.0 4.0 
38 3190568.4 85.80895842264857 78.65594908838284 145.47279492187494 0 233 2.8329 0.0 8.181805246746432 0.0 4.0 
39 3190601.8 85.80895842264857 78.64899702337304 145.47279492187494 0 233 2.8329 0.0 8.181805246746432 0.0 4.0 
40 3190635.1 85.80895842264857 78.64899702337304 145.47279492187494 0 233 2.8329 0.0 8.181805246746432 0.0 4.0 
41 3190668.4 85.80895842264857 78.64899702337304 145.47279492187494 0 233 2.8329 0.0 8.181805246746432 0.0 4.0 
42 3190701.8 85.80895842264857 78.64316692347501 145.47279492187494 0 233 2.8329 0.0 8.181805246746432 0.0 4.0 
43 3190735.1 85.80895842264857 78.64316692347501 145.47279492187494 0 233 2.8329 0.0 8.181805246746432 0.0 4.0 
44 3190768.5 85.80895842264857 78.64316692347501 145.47279492187494 0 233 2.8329 0.0 8.181805246746432 0.0 4.0 
45 3190801.8 85.80743586900492 78.64316692347501 145.47279492187494 0 233 2.8329 0.0 8.181805246746432 0.0 4.0 
46 3190835.1 85.80743586900492 78.6410599076726 145.47279492187494 0 233 2.8329 0.0 8.181805246746432 0.0 4.0 
47 3190868.5 85.80743586900492 78.6410599076726 145.47279492187494 0 233 2.8329 0.0 8.181805246746432 0.0 4.0 
48 3190901.8 85.80743586900492 78.6410599076726 145.47279492187494 0 233 2.8329 0.0 8.181805246746432 0.0 4.0 
49 3190935.1 85.80631445143658 78.6410599076726 145.47279492187494 0 233 2.8329 0.0 8.181805246746432 0.0 4.0 
50 3190968.5 85.80631445143658 78.63739298985911 145.47279492187494 0 233 2.8329 0.0 8.181805246746432 0.0 4.0 
51 3191001.8 85.80631445143658 78.63739298985911 145.47279492187494 0 233 2.8329 0.0 8.181805246746432 0.0 4.0 
52 3191035.1 85.80631445143658 78.63739298985911 145.47279492187494 0 233 2.8329 0.0 8.181805246746432 0.0 4.0 
53 3191068.5 85.8046222599124 78.63739298985911 145.47279492187494 0 233 2.8329 0.0 8.181805246746432 0.0 4.0 
54 3191101.8 85.8046222599124 78.63433022719265 145.47279492187494 0 233 2.8329 0.0 8.181805246746432 0.0 4.0 
55 3191135.1 85.8046222599124 78.63433022719265 145.47279492187494 0 233 2.8329 0.0 8.181805246746432 0.0 4.0 
56 3191168.5 85.8046222599124 78.63433022719265 145.47279492187494 0 233 2.8329 0.0 8.181805246746432 0.0 4.0 
57 3191201.8 85.8046222599124 78.63433022719265 145.47279492187494 0 233 2.8329 0.0 8.181805246746432 0.0 4.0 
58 3191235.2 85.8046222599124 78.63433022719265 145.47279492187494 0 233 2.8329 0.0 8.181805246746432 0.0 4.0 
59 3191268.5 85.8046222599124 78.63433022719265 145.47279492187494 0 233 2.8329 0.0 8.181805246746432 0.0 4.0 
60 3191301.8 85.80336470127187 78.63433022719265 145.47279492187494 0 233 2.8329 0.0 8.181805246746432 0.0 4.0 
61 3191335.2 85.80336470127187 78.63284896136028 145.47279492187494 0 233 2.8329 0.0 8.181805246746432 0.0 4.0 
62 3191368.5 85.80336470127187 78.63284896136028 145.47279492187494 0 233 2.8329 0.0 8.181805246746432 0.0 4.0 
63 3191401.8 85.80336470127187 78.63284896136028 145.47279492187494 0 233 2.8329 0.0 8.181805246746432 0.0 4.0 
64 3191435.2 85.80336470127187 78.63284896136028 145.47279492187494 0 233 2.8329 0.0 8.181805246746432 0.0 4.0 
65 3191468.5 85.80336470127187 78.63284896136028 145.47279492187494 0 233 2.8329 0.0 8.181805246746432 0.0 4.0 
66 3191501.8 85.80336470127187 78.63284896136028 145.47279492187494 0 233 2.8329 0.0 8.181805246746432 0.0 4.0 
67 3191535.2 85.80336470127187 78.63284896136028 145.47279492187494 0 233 2.8329 0.0 8.181805246746432 0.0 4.0 
68 3191568.5 85.80336470127187 78.63284896136028 145.47279492187494 0 233 2.8329 0.0 8.181805246746432 0.0 4.0 
69 3191601.9 85.80482377586598 78.63284896136028 145.47279492187494 0 233 2.8329 0.0 8.181805246746432 0.0 4.0 
70 3191635.2 85.80482377586598 78.63284896136028 145.47279492187494 0 233 2.8329 0.0 8.181805246746432 0.0 4.0 
71 3191668.5 85.80482377586598 78.63284896136028 145.47279492187494 0 233 2.8329 0.0 8.181805246746432 0.0 4.0 
72 3191701.9 85.8088712273049 78.63284896136028 145.47279492187494 0 233 2.8329 0.0 8.181805246746432 0.0 4.0 
73 3191735.2 85.8088712273049 78.62954917567058 145.47279492187494 0 233 2.8329 0.0 8.181805246746432 0.0 4.0 
74 3191768.5 85.8088712273049 78.62954917567058 145.47279492187494 0 233 2.8329 0.0 8.181805246746432 0.0 4.0 
75 3191801.9 85.8088712273049 78.62954917567058 145.47279492187494 0 233 2.8329 0.0 8.181805246746432 0.0 4.0 
76 3191835.2 85.81359291655869 78.62954917567058 145.47279492187494 0 233 2.8329 0.0 8.181805246746432 0.0 4.0 
77 3191868.5 85.81359291655869 78.62540009854014 145.47279492187494 0 233 2.8329 0.0 8.181805246746432 0.0 4.0 
78 3191901.9 85.81359291655869 78.62540009854014 145.47279492187494 0 233 2.8329 0.0 8.181805246746432 0.0 4.0 
79 3191935.2 85.81359291655869 78.62540009854014 145.47279492187494 0 233 2.8329 0.0 8.181805246746432 0.0 4.0 
80 3191968.5 85.81613221465805 78.62387284078694 145.47279492187494 0 233 2.8329 0.0 8.181805246746432 0.0 4.0 
81 3192001.9 85.81613221465805 78.62387284078694 145.47279492187494 0 233 2.8329 0.0 8.181805246746432 0.0 4.0 
82 3192035.2 85.81613221465805 78.62387284078694 145.47279492187494 0 233 2.8329 0.0 8.181805246746432 0.0 4.0 
83 3192068.6 85.81613221465805 78.62086617277107 145.47279492187494 0 233 2.8329 0.0 8.181805246746432 0.0 4.0 
84 3192101.9 85.81613221465805 78.62086617277107 145.47279492187494 0 233 2.8329 0.0 8.181805246746432 0.0 4.0 
85 3192135.2 85.81613221465805 78.62086617277107 145.47279492187494 0 233 2.8329 0.0 8.181805246746432 0.0 4.0 
86 3192168.6 85.81497038574908 78.62086617277107 145.47279492187494 0 233 2.8329 0.0 8.181805246746432 0.0 4.0 
87 3192201.9 85.81497038574908 78.61613069767827 145.47279492187494 0 233 2.8329 0.0 8.181805246746432 0.0 4.0 
88 3192235.2 85.81497038574908 78.61613069767827 145.47279492187494 0 233 2.8329 0.0 8.181805246746432 0.0 4.0 
89 3192268.6 85.81497038574908 78.61613069767827 145.47279492187494 0 233 2.8329 0.0 8.181805246746432 0.0 4.0 
90 3192301.9 85.81283165885223 78.61613069767827 145.47279492187494 0 233 2.8329 0.0 8.181805246746432 0.0 4.0 
91 3192335.2 85.81283165885223 78.61463016471448 145.47279492187494 0 233 2.8329 0.0 8.181805246746432 0.0 4.0 
92 3192368.6 85.81283165885223 78.61463016471448 145.47279492187494 0 233 2.8329 0.0 8.181805246746432 0.0 4.0 
93 3192401.9 85.81004643704946 78.61463016471448 145.47279492187494 0 233 2.8329 0.0 8.181805246746432 0.0 4.0 
94 3192435.3 85.81004643704946 78.6135368025028 145.47279492187494 0 233 2.8329 0.0 8.181805246746432 0.0 4.0 
95 3192468.6 85.81004643704946 78.6135368025028 145.47279492187494 0 233 2.8329 0.0 8.181805246746432 0.0 4.0 
96 3192501.9 85.80844047395324 78.6135368025028 145.47279492187494 0 233 2.8329 0.0 8.181805246746432 0.0 4.0 
97 3192535.3 85.80844047395324 78.6135368025028 145.47279492187494 0 233 2.8329 0.0 8.181805246746432 0.0 4.0 
98 3192568.6 85.80844047395324 78.6135368025028 145.47279492187494 0 233 2.8329 0.0 8.181805246746432 0.0 4.0 
99 3192601.9 85.80731891839189 78.6135368025028 145.47279492187494 0 233 2.8329 0.0 8.181805246746432 0.0 4.0 
100 3192635.3 85.80731891839189 78.6135368025028 145.47279492187494 0 233 2.8329 0.0 8.181805246746432 0.0 4.0 
101 3192668.6 85.80931120554928 78.6135368025028 145.47279492187494 0 233 2.8329 0.0 8.181805246746432 0.0 4.0 
102 3192701.9 85.80931120554928 78.61120636680096 145.47279492187494 0 233 2.8329 0.0 8.181805246746432 0.0 4.0 
103 3192735.3 85.80931120554928 78.61120636680096 145.47279492187494 0 233 2.8329 0.0 8.181805246746432 0.0 4.0 
104 3192768.6 85.80931120554928 78.61120636680096 145.47279492187494 0 233 2.8329 0.0 8.181805246746432 0.0 4.0 
105 3192801.9 85.81394377005572 78.59979009446018 145.47279492187494 0 233 2.8329 0.0 8.181805246746432 0.0 4.0 
106 3192835.3 85.81394377005572 78.59979009446018 145.47279492187494 0 233 2.8329 0.0 8.181805246746432 0.0 4.0 
107 3192868.6 85.81394377005572 78.59979009446018 145.47279492187494 0 233 2.8329 0.0 8.181805246746432 0.0 4.0 
108 3192902.0 85.81972151747897 78.59006881482392 145.47279492187494 0 233 2.8329 0.0 8.181805246746432 0.0 4.0 
109 3192935.3 85.81972151747897 78.59006881482392 145.47279492187494 0 233 2.8329 0.0 8.181805246746432 0.0 4.0 
110 3192968.6 85.81972151747897 78.59006881482392 145.47279492187494 0 233 2.8329 0.0 8.181805246746432 0.0 4.0 
111 3193002.0 85.81972151747897 78.59006881482392 145.47279492187494 0 233 2.8329 0.0 8.181805246746432 0.0 4.0 
112 3193035.3 85.82427847269689 78.59006881482392 145.47279492187494 0 233 2.8329 0.0 8.181805246746432 0.0 4.0 
113 3193068.6 85.82427847269689 78.57914525437548 145.47279492187494 0 233 2.8329 0.0 8.181805246746432 0.0 4.0 
114 3193102.0 85.82427847269689 78.57914525437548 145.47279492187494 0 233 2.8329 0.0 8.181805246746432 0.0 4.0 
115 3193135.3 85.82744537942787 78.56918209472077 145.47279492187494 0 233 2.8329 0.0 8.181805246746432 0.0 4.0 
116 3193168.6 85.82744537942787 78.56918209472077 145.47279492187494 0 233 2.8329 0.0 8.181805246746432 0.0 4.0 
117 3193202.0 85.82744537942787 78.56918209472077 145.47279492187494 0 233 2.8329 0.0 8.181805246746432 0.0 4.0 
118 3193235.3 85.82744537942787 78.56918209472077 145.47279492187494 0 233 2.8329 0.0 8.181805246746432 0.0 4.0 
119 3193268.7 85.83006826262181 78.56918209472077 145.47279492187494 0 233 2.8329 0.0 8.181805246746432 0.0 4.0 
120 3193302.0 85.83006826262181 78.5622115976885 145.47279492187494 0 233 2.8329 0.0 8.181805246746432 0.0 4.0 
121 3193335.3 85.83006826262181 78.5622115976885 145.47279492187494 0 233 2.8329 0.0 8.181805246746432 0.0 4.0 
122 3193368.7 85.83142076711556 78.5622115976885 145.47279492187494 0 233 2.8329 0.0 8.181805246746432 0.0 4.0 
123 3193402.0 85.83142076711556 78.5506088545868 145.47279492187494 0 233 2.8329 0.0 8.181805246746432 0.0 4.0 
124 3193435.3 85.83142076711556 78.5506088545868 145.47279492187494 0 233 2.8329 0.0 8.181805246746432 0.0 4.0 
125 3193468.7 85.83142076711556 78.5506088545868 145.47279492187494 0 233 2.8329 0.0 8.181805246746432 0.0 4.0 
126 3193502.0 85.82877112236469 78.54537557864812 145.47279492187494 0 233 2.8329 0.0 8.181805246746432 0.0 4.0 
127 3193535.3 85.82877112236469 78.54537557864812 145.47279492187494 0 233 2.8329 0.0 8.181805246746432 0.0 4.0 
128 3193568.7 85.82877112236469 78.54537557864812 145.47279492187494 0 233 2.8329 0.0 8.181805246746432 0.0 4.0 
129 3193602.0 85.82877112236469 78.54537557864812 145.47279492187494 0 233 2.8329 0.0 8.181805246746432 0.0 4.0 
130 3193635.3 85.82437007233449 78.54537557864812 145.47279492187494 0 233 2.8329 0.0 8.181805246746432 0.0 4.0 
131 3193668.7 85.82437007233449 78.53937855223906 145.47279492187494 0 233 2.8329 0.0 8.181805246746432 0.0 4.0 
132 3193702.0 85.82437007233449 78.53937855223906 145.47279492187494 0 233 2.8329 0.0 8.181805246746432 0.0 4.0 
133 3193735.4 85.81893899028982 78.53937855223906 145.47279492187494 0 233 2.8329 0.0 8.181805246746432 0.0 4.0 
134 3193768.7 85.81893899028982 78.52090203865373 145.47279492187494 0 233 2.8329 0.0 8.181805246746432 0.0 4.0 
135 3193802.0 85.81893899028982 78.52090203865373 145.47279492187494 0 233 2.8329 0.0 8.181805246746432 0.0 4.0 
136 3193835.4 85.81445061315343 78.52090203865373 145.47279492187494 0 233 2.8329 0.0 8.181805246746432 0.0 4.0 
137 3193868.7 85.81445061315343 78.51299637392304 145.47279492187494 0 233 2.8329 0.0 8.181805246746432 0.0 4.0 
138 3193902.0 85.81445061315343 78.51299637392304 145.47279492187494 0 233 2.8329 0.0 8.181805246746432 0.0 4.0 
139 3193935.4 85.81445061315343 78.51299637392304 145.47279492187494 0 233 2.8329 0.0 8.181805246746432 0.0 4.0 
140 3193968.7 85.80760279947683 78.51299637392304 145.47279492187494 0 233 2.8329 0.0 8.181805246746432 0.0 4.0 
141 3194002.0 85.80760279947683 78.50709299864654 145.47279492187494 0 233 2.8329 0.0 8.181805246746432 0.0 4.0 
142 3194035.4 85.80760279947683 78.50709299864654 145.47279492187494 0 233 2.8329 0.0 8.181805246746432 0.0 4.0 
143 3194068.7 85.80760279947683 78.50709299864654 145.47279492187494 0 233 2.8329 0.0 8.181805246746432 0.0 4.0 
144 3194102.1 85.79424429630176 78.50709299864654 145.47279492187494 0 233 2.8329 0.0 8.181805246746432 0.0 4.0 
145 3194135.4 85.79424429630176 78.49788741497242 145.47279492187494 0 233 2.8329 0.0 8.181805246746432 0.0 4.0 
146 3194168.7 85.79424429630176 78.49788741497242 145.47279492187494 0 233 2.8329 0.0 8.181805246746432 0.0 4.0 
147 3194202.1 85.78426834894853 78.49788741497242 145.47279492187494 0 233 2.8329 0.0 8.181805246746432 0.0 4.0 
148 3194235.4 85.78426834894853 78.49360010070468 145.47279492187494 0 233 2.8329 0.0 8.181805246746432 0.0 4.0 
149 3194268.7 85.78426834894853 78.49360010070468 145.47279492187494 0 233 2.8329 0.0 8.181805246746432 0.0 4.0 
150 3194302.1 85.78426834894853 78.49360010070468 145.47279492187494 0 233 2.8329 0.0 8.181805246746432 0.0 4.0 
151 3194335.4 85.77272263855676 78.49360010070468 145.47279492187494 0 233 2.8329 0.0 8.181805246746432 0.0 4.0 
152 3194368.7 85.77272263855676 78.49223795296619 145.47279492187494 0 233 2.8329 0.0 8.181805246746432 0.0 4.0 
153 3194402.1 85.77272263855676 78.49223795296619 145.47279492187494 0 233 2.8329 0.0 8.181805246746432 0.0 4.0 
154 3194435.4 85.77272263855676 78.49223795296619 145.47279492187494 0 233 2.8329 0.0 8.181805246746432 0.0 4.0 
155 3194468.7 85.77003720275803 78.49223795296619 145.47279492187494 0 233 2.8329 0.0 8.181805246746432 0.0 4.0 
156 3194502.1 85.77003720275803 78.48497771056708 145.47279492187494 0 233 2.8329 0.0 8.181805246746432 0.0 4.0 
157 3194535.4 85.77003720275803 78.48497771056708 145.47279492187494 0 233 2.8329 0.0 8.181805246746432 0.0 4.0 
158 3194568.8 85.77003720275803 78.48497771056708 145.47279492187494 0 233 2.8329 0.0 8.181805246746432 0.0 4.0 
159 3194602.1 85.76631172865216 78.47531894984176 145.47279492187494 0 233 2.8329 0.0 8.181805246746432 0.0 4.0 
160 3194635.4 85.76631172865216 78.47531894984176 145.47279492187494 0 233 2.8329 0.0 8.181805246746432 0.0 4.0 
161 3194668.8 85.76631172865216 78.47531894984176 145.47279492187494 0 233 2.8329 0.0 8.181805246746432 0.0 4.0 
162 3194702.1 85.76631172865216 78.47531894984176 145.47279492187494 0 233 2.8329 0.0 8.181805246746432 0.0 4.0 
163 3194735.4 85.75754793130919 78.47531894984176 145.47279492187494 0 233 2.8329 0.0 8.181805246746432 0.0 4.0 
164 3194768.8 85.75754793130919 78.4668749081303 145.47279492187494 0 233 2.8329 0.0 8.181805246746432 0.0 4.0 
165 3194802.1 85.75754793130919 78.4668749081303 145.47279492187494 0 233 2.8329 0.0 8.181805246746432 0.0 4.0 
166 3194835.4 85.75103572659182 78.4668749081303 145.47279492187494 0 233 2.8329 0.0 8.181805246746432 0.0 4.0 
167 3194868.8 85.75103572659182 78.46110767950127 145.47279492187494 0 233 2.8329 0.0 8.181805246746432 0.0 4.0 
168 3194902.1 85.75103572659182 78.46110767950127 145.47279492187494 0 233 2.8329 0.0 8.181805246746432 0.0 4.0 
169 3194935.5 85.7479401971362 78.45939353846939 145.47279492187494 0 233 2.8329 0.0 8.181805246746432 0.0 4.0 
170 3194968.8 85.7479401971362 78.45939353846939 145.47279492187494 0 233 2.8329 0.0 8.181805246746432 0.0 4.0 
171 3195002.1 85.7479401971362 78.45939353846939 145.47279492187494 0 233 2.8329 0.0 8.181805246746432 0.0 4.0 
172 3195035.5 85.74181732956221 78.45939353846939 145.47279492187494 0 233 2.8329 0.0 8.181805246746432 0.0 4.0 
173 3195068.8 85.74181732956221 78.4578823259255 145.47279492187494 0 233 2.8329 0.0 8.181805246746432 0.0 4.0 
174 3195102.1 85.74181732956221 78.4578823259255 145.47279492187494 0 233 2.8329 0.0 8.181805246746432 0.0 4.0 
175 3195135.5 85.74181732956221 78.4578823259255 145.47279492187494 0 233 2.8329 0.0 8.181805246746432 0.0 4.0 
176 3195168.8 85.73126887819816 78.4578823259255 145.47279492187494 0 233 2.8329 0.0 8.181805246746432 0.0 4.0 
177 3195202.1 85.73126887819816 78.45367374980931 145.47279492187494 0 233 2.8329 0.0 8.181805246746432 0.0 4.0 
178 3195235.5 85.73126887819816 78.45367374980931 145.47279492187494 0 233 2.8329 0.0 8.181805246746432 0.0 4.0 
179 3195268.8 85.73126887819816 78.45367374980931 145.47279492187494 0 233 2.8329 0.0 8.181805246746432 0.0 4.0 
180 3195302.1 85.72281893457179 78.4490916247718 145.47279492187494 0 233 2.8329 0.0 8.181805246746432 0.0 4.0 
181 3195335.5 85.72281893457179 78.4490916247718 145.47279492187494 0 233 2.8329 0.0 8.181805246746432 0.0 4.0 
182 3195368.8 85.72281893457179 78.4490916247718 145.47279492187494 0 233 2.8329 0.0 8.181805246746432 0.0 4.0 
183 3195402.2 85.72281893457179 78.4490916247718 145.47279492187494 0 233 2.8329 0.0 8.181805246746432 0.0 4.0 
184 3195435.5 85.71743428052093 78.4490916247718 145.47279492187494 0 233 2.8329 0.0 8.181805246746432 0.0 4.0 
185 3195468.8 85.71743428052093 78.4490916247718 145.47279492187494 0 233 2.8329 0.0 8.181805246746432 0.0 4.0 
186 3195502.2 85.70723481556794 78.4490916247718 145.47279492187494 0 233 2.8329 0.0 8.181805246746432 0.0 4.0 
187 3195535.5 85.70723481556794 78.45136935249784 145.47279492187494 0 233 2.8329 0.0 8.181805246746432 0.0 4.0 
188 3195568.8 85.70723481556794 78.45136935249784 145.47279492187494 0 233 2.8329 0.0 8.181805246746432 0.0 4.0 
189 3195602.2 85.70723481556794 78.45136935249784 145.47279492187494 0 233 2.8329 0.0 8.181805246746432 0.0 4.0 
190 3195635.5 85.69789151197482 78.45136935249784 145.47279492187494 0 233 2.8329 0.0 8.181805246746432 0.0 4.0 
191 3195668.8 85.69789151197482 78.45441779627049 145.47279492187494 0 233 2.8329 0.0 8.181805246746432 0.0 4.0 
192 3195702.2 85.69789151197482 78.45441779627049 145.47279492187494 0 233 2.8329 0.0 8.181805246746432 0.0 4.0 
193 3195735.5 85.69789151197482 78.45441779627049 145.47279492187494 0 233 2.8329 0.0 8.181805246746432 0.0 4.0 
194 3195768.9 85.68685756892069 78.45441779627049 145.47279492187494 0 233 2.8329 0.0 8.181805246746432 0.0 4.0 
195 3195802.2 85.68685756892069 78.45441779627049 145.47279492187494 0 233 2.8329 0.0 8.181805246746432 0.0 4.0 
196 3195835.5 85.68685756892069 78.45441779627049 145.47279492187494 0 233 2.8329 0.0 8.181805246746432 0.0 4.0 
197 3195868.9 85.68685756892069 78.45441779627049 145.47279492187494 0 233 2.8329 0.0 8.181805246746432 0.0 4.0 
198 3195902.2 85.6763830369143 78.45441779627049 145.47279492187494 0 233 2.8329 0.0 8.181805246746432 0.0 4.0 
199 3195935.5 85.6763830369143 78.4517332582956 145.47279492187494 0 233 2.8329 0.0 8.181805246746432 0.0 4.0 
200 3195968.9 85.6763830369143 78.4517332582956 145.47279492187494 0 233 2.8329 0.0 8.181805246746432 0.0 4.0 
201 3196002.2 85.67176512682013 78.4517332582956 145.47279492187494 0 233 2.8329 0.0 8.181805246746432 0.0 4.0 
202 3196035.5 85.67176512682013 78.44545473800221 145.47279492187494 0 233 2.8329 0.0 8.181805246746432 0.0 4.0 
203 3196068.9 85.67176512682013 78.44545473800221 145.47279492187494 0 233 2.8329 0.0 8.181805246746432 0.0 4.0 
204 3196102.2 85.6680075087523 78.43654972024893 145.47279492187494 0 233 2.8329 0.0 8.181805246746432 0.0 4.0 
205 3196135.5 85.6680075087523 78.43654972024893 145.47279492187494 0 233 2.8329 0.0 8.181805246746432 0.0 4.0 
206 3196168.9 85.6680075087523 78.43654972024893 145.47279492187494 0 233 2.8329 0.0 8.181805246746432 0.0 4.0 
207 3196202.2 85.66277248491602 78.43654972024893 145.47279492187494 0 233 2.8329 0.0 8.181805246746432 0.0 4.0 
208 3196235.6 85.66277248491602 78.43157587678779 145.47279492187494 0 233 2.8329 0.0 8.181805246746432 0.0 4.0 
209 3196268.9 85.66277248491602 78.43157587678779 145.47279492187494 0 233 2.8329 0.0 8.181805246746432 0.0 4.0 
210 3196302.2 85.66277248491602 78.43157587678779 145.47279492187494 0 233 2.8329 0.0 8.181805246746432 0.0 4.0 
211 3196335.6 85.65968507572555 78.43157587678779 145.47279492187494 0 233 2.8329 0.0 8.181805246746432 0.0 4.0 
212 3196368.9 85.65968507572555 78.42942535455856 145.47279492187494 0 233 2.8329 0.0 8.181805246746432 0.0 4.0 
213 3196402.2 85.65968507572555 78.42942535455856 145.47279492187494 0 233 2.8329 0.0 8.181805246746432 0.0 4.0 
214 3196435.6 85.65968507572555 78.42942535455856 145.47279492187494 0 233 2.8329 0.0 8.181805246746432 0.0 4.0 
215 3196468.9 85.65968507572555 78.4273193699433 145.47279492187494 0 233 2.8329 0.0 8.181805246746432 0.0 4.0 
216 3196502.2 85.65968507572555 78.4273193699433 145.47279492187494 0 233 2.8329 0.0 8.181805246746432 0.0 4.0 
217 3196535.6 85.6617492258537 78.42594438251353 145.47279492187494 0 233 2.8329 0.0 8.181805246746432 0.0 4.0 
218 3196568.9 85.6617492258537 78.42594438251353 145.47279492187494 0 233 2.8329 0.0 8.181805246746432 0.0 4.0 
219 3196602.3 85.6617492258537 78.42594438251353 145.47279492187494 0 233 2.8329 0.0 8.181805246746432 0.0 4.0 
220 3196635.6 85.6661810247255 78.42594438251353 145.47279492187494 0 233 2.8329 0.0 8.181805246746432 0.0 4.0 
221 3196668.9 85.6661810247255 78.42138658309574 145.47279492187494 0 233 2.8329 0.0 8.181805246746432 0.0 4.0 
222 3196702.3 85.6661810247255 78.42138658309574 145.47279492187494 0 233 2.8329 0.0 8.181805246746432 0.0 4.0 
223 3196735.6 85.6834007157579 78.42138658309574 145.47279492187494 0 233 2.8329 0.0 8.181805246746432 0.0 4.0 
224 3196768.9 85.6834007157579 78.419112602865 145.47279492187494 0 233 2.8329 0.0 8.181805246746432 0.0 4.0 
225 3196802.3 85.6834007157579 78.419112602865 145.47279492187494 0 233 2.8329 0.0 8.181805246746432 0.0 4.0 
226 3196835.6 85.71706069772713 78.419112602865 145.47279492187494 0 233 2.8329 0.0 8.181805246746432 0.0 4.0 
227 3196868.9 85.71706069772713 78.42692196734556 145.47279492187494 0 233 2.8329 0.0 8.181805246746432 0.0 4.0 
228 3196902.3 85.71706069772713 78.42692196734556 145.47279492187494 0 233 2.8329 0.0 8.181805246746432 0.0 4.0 
229 3196935.6 85.71706069772713 78.42692196734556 145.47279492187494 0 233 2.8329 0.0 8.181805246746432 0.0 4.0 
230 3196968.9 85.74194800562388 78.44012299301089 145.47279492187494 0 233 2.8329 0.0 8.181805246746432 0.0 4.0 
231 3197002.3 85.74194800562388 78.44012299301089 145.47279492187494 0 233 2.8329 0.0 8.181805246746432 0.0 4.0 
232 3197035.6 85.74194800562388 78.44012299301089 145.47279492187494 0 233 2.8329 0.0 8.181805246746432 0.0 4.0 
233 3197069.0 85.75985233117771 78.45276992686311 145.47279492187494 0 233 2.8329 0.0 8.181805246746432 0.0 4.0 
234 3197102.3 85.75985233117771 78.45276992686311 145.47279492187494 0 233 2.8329 0.0 8.181805246746432 0.0 4.0 
235 3197135.6 85.75985233117771 78.45276992686311 145.47279492187494 0 233 2.8329 0.0 8.181805246746432 0.0 4.0 
236 3197169.0 85.76603973423728 78.45276992686311 145.47279492187494 0 233 2.8329 0.0 8.181805246746432 0.0 4.0 
237 3197202.3 85.76603973423728 78.45833856306926 145.47279492187494 0 233 2.8329 0.0 8.181805246746432 0.0 4.0 
238 3197235.6 85.76603973423728 78.45833856306926 145.47279492187494 0 233 2.8329 0.0 8.181805246746432 0.0 4.0 
239 3197269.0 85.76603973423728 78.45833856306926 145.47279492187494 0 233 2.8329 0.0 8.181805246746432 0.0 4.0 
240 3197302.3 85.77374395018361 78.46902897021492 145.47279492187494 0 233 2.8329 0.0 8.181805246746432 0.0 4.0 
241 3197335.6 85.77374395018361 78.46902897021492 145.47279492187494 0 233 2.8329 0.0 8.181805246746432 0.0 4.0 
242 3197369.0 85.77374395018361 78.46902897021492 145.47279492187494 0 233 2.8329 0.0 8.181805246746432 0.0 4.0 
243 3197402.3 85.77814821658927 78.46902897021492 145.47279492187494 0 233 2.8329 0.0 8.181805246746432 0.0 4.0 
244 3197435.7 85.77814821658927 78.47486506946085 145.47279492187494 0 233 2.8329 0.0 8.181805246746432 0.0 4.0 
245 3197469.0 85.77814821658927 78.47486506946085 145.47279492187494 0 233 2.8329 0.0 8.181805246746432 0.0 4.0 
246 3197502.3 85.77814821658927 78.47486506946085 145.47279492187494 0 233 2.8329 0.0 8.181805246746432 0.0 4.0 
247 3197535.7 85.78093348954974 78.47486506946085 145.47279492187494 0 233 2.8329 0.0 8.181805246746432 0.0 4.0 
248 3197569.0 85.78093348954974 78.48038662204462 145.47279492187494 0 233 2.8329 0.0 8.181805246746432 0.0 4.0 
249 3197602.3 85.78093348954974 78.48038662204462 145.47279492187494 0 233 2.8329 0.0 8.181805246746432 0.0 4.0 
250 3197635.7 85.78093348954974 78.48038662204462 145.47279492187494 0 233 2.8329 0.0 8.181805246746432 0.0 4.0 
251 3197669.0 85.78817854780304 78.50006768094784 145.47279492187494 0 233 2.8329 0.0 8.181805246746432 0.0 4.0 
252 3197702.3 85.78817854780304 78.50006768094784 145.47279492187494 0 233 2.8329 0.0 8.181805246746432 0.0 4.0 
253 3197735.7 85.78817854780304 78.50006768094784 145.47279492187494 0 233 2.8329 0.0 8.181805246746432 0.0 4.0 
254 3197769.0 85.79089097199008 78.51184194372327 145.47279492187494 0 233 2.8329 0.0 8.181805246746432 0.0 4.0 
255 3197802.3 85.79089097199008 78.51184194372327 145.47279492187494 0 233 2.8329 0.0 8.181805246746432 0.0 4.0 
256 3197835.7 85.79089097199008 78.51184194372327 145.47279492187494 0 233 2.8329 0.0 8.181805246746432 0.0 4.0 
257 3197869.0 85.79089097199008 78.51184194372327 145.47279492187494 0 233 2.8329 0.0 8.181805246746432 0.0 4.0 
258 3197902.4 85.79442665988088 78.51184194372327 145.47279492187494 0 233 2.8329 0.0 8.181805246746432 0.0 4.0 
259 3197935.7 85.79442665988088 78.51944232687029 145.47279492187494 0 233 2.8329 0.0 8.181805246746432 0.0 4.0 
260 3197969.0 85.79442665988088 78.51944232687029 145.47279492187494 0 233 2.8329 0.0 8.181805246746432 0.0 4.0 
261 3198002.4 85.79765486739481 78.51944232687029 145.47279492187494 0 233 2.8329 0.0 8.181805246746432 0.0 4.0 
262 3198035.7 85.79765486739481 78.52072153999109 145.47279492187494 0 233 2.8329 0.0 8.181805246746432 0.0 4.0 
263 3198069.0 85.79765486739481 78.52072153999109 145.47279492187494 0 233 2.8329 0.0 8.181805246746432 0.0 4.0 
264 3198102.4 85.79765486739481 78.51747275448726 145.47279492187494 0 233 2.8329 0.0 8.181805246746432 0.0 4.0 
265 3198135.7 85.79765486739481 78.51747275448726 145.47279492187494 0 233 2.8329 0.0 8.181805246746432 0.0 4.0 
266 3198169.0 85.79765486739481 78.51747275448726 145.47279492187494 0 233 2.8329 0.0 8.181805246746432 0.0 4.0 
267 3198202.4 85.78580794831575 78.51747275448726 145.47279492187494 0 233 2.8329 0.0 8.181805246746432 0.0 4.0 
268 3198235.7 85.78580794831575 78.51023268521901 145.47279492187494 0 233 2.8329 0.0 8.181805246746432 0.0 4.0 
269 3198269.1 85.78580794831575 78.51023268521901 145.47279492187494 0 233 2.8329 0.0 8.181805246746432 0.0 4.0 
270 3198302.4 85.78580794831575 78.51023268521901 145.47279492187494 0 233 2.8329 0.0 8.181805246746432 0.0 4.0 
271 3198335.7 85.75901921093993 78.51023268521901 145.47279492187494 0 233 2.8329 0.0 8.181805246746432 0.0 4.0 
272 3198369.1 85.75901921093993 78.52154531199231 145.47279492187494 0 233 2.8329 0.0 8.181805246746432 0.0 4.0 
273 3198402.4 85.75901921093993 78.52154531199231 145.47279492187494 0 233 2.8329 0.0 8.181805246746432 0.0 4.0 
274 3198435.7 85.75901921093993 78.52154531199231 145.47279492187494 0 233 2.8329 0.0 8.181805246746432 0.0 4.0 
275 3198469.1 85.74525723423598 78.5337428182703 145.47279492187494 0 233 2.8329 0.0 8.181805246746432 0.0 4.0 
276 3198502.4 85.74525723423598 78.5337428182703 145.47279492187494 0 233 2.8329 0.0 8.181805246746432 0.0 4.0 
277 3198535.7 85.74525723423598 78.5337428182703 145.47279492187494 0 233 2.8329 0.0 8.181805246746432 0.0 4.0 
278 3198569.1 85.74525723423598 78.5337428182703 145.47279492187494 0 233 2.8329 0.0 8.181805246746432 0.0 4.0 
279 3198602.4 85.73506455559085 78.5337428182703 145.47279492187494 0 233 2.8329 0.0 8.181805246746432 0.0 4.0 
280 3198635.7 85.73506455559085 78.52327240831353 145.47279492187494 0 233 2.8329 0.0 8.181805246746432 0.0 4.0 
281 3198669.1 85.73506455559085 78.52327240831353 145.47279492187494 0 233 2.8329 0.0 8.181805246746432 0.0 4.0 
282 3198702.4 85.73506455559085 78.52327240831353 145.47279492187494 0 233 2.8329 0.0 8.181805246746432 0.0 4.0 
283 3198735.8 85.74190222260617 78.52327240831353 145.47279492187494 0 233 2.8329 0.0 8.181805246746432 0.0 4.0 
284 3198769.1 85.74190222260617 78.51505972056599 145.47279492187494 0 233 2.8329 0.0 8.181805246746432 0.0 4.0 
285 3198802.4 85.74190222260617 78.51505972056599 145.47279492187494 0 233 2.8329 0.0 8.181805246746432 0.0 4.0 
286 3198835.8 85.76342617962074 78.52229411185284 145.47279492187494 0 233 2.8329 0.0 8.181805246746432 0.0 4.0 
287 3198869.1 85.76342617962074 78.52229411185284 145.47279492187494 0 233 2.8329 0.0 8.181805246746432 0.0 4.0 
288 3198902.4 85.76342617962074 78.52229411185284 145.47279492187494 0 233 2.8329 0.0 8.181805246746432 0.0 4.0 
289 3198935.8 85.77135707383387 78.52229411185284 145.47279492187494 0 233 2.8329 0.0 8.181805246746432 0.0 4.0 
290 3198969.1 85.77135707383387 78.5365810520478 145.47279492187494 0 233 2.8329 0.0 8.181805246746432 0.0 4.0 
291 3199002.4 85.77135707383387 78.5365810520478 145.47279492187494 0 233 2.8329 0.0 8.181805246746432 0.0 4.0 
292 3199035.8 85.77135707383387 78.5365810520478 145.47279492187494 0 233 2.8329 0.0 8.181805246746432 0.0 4.0 
293 3199069.1 85.77637336233923 78.5365810520478 145.47279492187494 0 233 2.8329 0.0 8.181805246746432 0.0 4.0 
294 3199102.5 85.77637336233923 78.5650473809879 145.47279492187494 0 233 2.8329 0.0 8.181805246746432 0.0 4.0 
295 3199135.8 85.77637336233923 78.5650473809879 145.47279492187494 0 233 2.8329 0.0 8.181805246746432 0.0 4.0 
296 3199169.1 85.77637336233923 78.5650473809879 145.47279492187494 0 233 2.8329 0.0 8.181805246746432 0.0 4.0 
297 3199202.5 85.77637336233923 78.5650473809879 145.47279492187494 0 233 2.8329 0.0 8.181805246746432 0.0 4.0 
298 3199235.8 85.78945096715096 78.60051953519807 145.47279492187494 0 233 2.8329 0.0 8.181805246746432 0.0 4.0 
299 3199269.1 85.78945096715096 78.60051953519807 145.47279492187494 0 233 2.8329 0.0 8.181805246746432 0.0 4.0 
300 3199302.5 85.78945096715096 78.60051953519807 145.47279492187494 0 233 2.8329 0.0 8.181805246746432 0.0 4.0 
301 3199335.8 85.78945096715096 78.60051953519807 145.47279492187494 0 233 2.8329 0.0 8.181805246746432 0.0 4.0 
302 3199369.1 85.78945096715096 78.60051953519807 145.47279492187494 0 233 2.8329 0.0 8.181805246746432 0.0 4.0 
303 3199402.5 85.8026643252543 78.60051953519807 145.47279492187494 0 233 2.8329 0.0 8.181805246746432 0.0 4.0 
304 3199435.8 85.8026643252543 78.62046619731875 145.47279492187494 0 233 2.8329 0.0 8.181805246746432 0.0 4.0 
305 3199469.1 85.8026643252543 78.62046619731875 145.47279492187494 0 233 2.8329 0.0 8.181805246746432 0.0 4.0 
306 3199502.5 85.8026643252543 78.62046619731875 145.47279492187494 0 233 2.8329 0.0 8.181805246746432 0.0 4.0 
307 3199535.8 85.81642418907528 78.62046619731875 145.47279492187494 0 233 2.8329 0.0 8.181805246746432 0.0 4.0 
308 3199569.2 85.81642418907528 78.63748411845451 145.47279492187494 0 233 2.8329 0.0 8.181805246746432 0.0 4.0 
309 3199602.5 85.81642418907528 78.63748411845451 145.47279492187494 0 233 2.8329 0.0 8.181805246746432 0.0 4.0 
310 3199635.8 85.81642418907528 78.63748411845451 145.47279492187494 0 233 2.8329 0.0 8.181805246746432 0.0 4.0 
311 3199669.2 85.83424834164376 78.65734309271375 145.47279492187494 0 233 2.8329 0.0 8.181805246746432 0.0 4.0 
312 3199702.5 85.83424834164376 78.65734309271375 145.47279492187494 0 233 2.8329 0.0 8.181805246746432 0.0 4.0 
313 3199735.8 85.83424834164376 78.65734309271375 145.47279492187494 0 233 2.8329 0.0 8.181805246746432 0.0 4.0 
314 3199769.2 85.84368872506292 78.65734309271375 145.47279492187494 0 233 2.8329 0.0 8.181805246746432 0.0 4.0 
315 3199802.5 85.84368872506292 78.66481345385861 145.47279492187494 0 233 2.8329 0.0 8.181805246746432 0.0 4.0 
316 3199835.8 85.84368872506292 78.66481345385861 145.47279492187494 0 233 2.8329 0.0 8.181805246746432 0.0 4.0 
317 3199869.2 85.84368872506292 78.66481345385861 145.47279492187494 0 233 2.8329 0.0 8.181805246746432 0.0 4.0 
318 3199902.5 85.85799389619575 78.66481345385861 145.47279492187494 0 233 2.8329 0.0 8.181805246746432 0.0 4.0 
319 3199935.9 85.85799389619575 78.67381612083756 145.47279492187494 0 233 2.8329 0.0 8.181805246746432 0.0 4.0 
320 3199969.2 85.85799389619575 78.67381612083756 145.47279492187494 0 233 2.8329 0.0 8.181805246746432 0.0 4.0 
321 3200002.5 85.85799389619575 78.67381612083756 145.47279492187494 0 233 2.8329 0.0 8.181805246746432 0.0 4.0 
322 3200035.9 85.88696885693831 78.6837104718453 145.47279492187494 0 233 2.8329 0.0 8.181805246746432 0.0 4.0 
323 3200069.2 85.88696885693831 78.6837104718453 145.47279492187494 0 233 2.8329 0.0 8.181805246746432 0.0 4.0 
324 3200102.5 85.88696885693831 78.6837104718453 145.47279492187494 0 233 2.8329 0.0 8.181805246746432 0.0 4.0 
325 3200135.9 85.90541632546494 78.6837104718453 145.47279492187494 0 233 2.8329 0.0 8.181805246746432 0.0 4.0 
326 3200169.2 85.90541632546494 78.68841131771632 145.47279492187494 0 233 2.8329 0.0 8.181805246746432 0.0 4.0 
327 3200202.5 85.90541632546494 78.68841131771632 145.47279492187494 0 233 2.8329 0.0 8.181805246746432 0.0 4.0 
328 3200235.9 85.90541632546494 78.68841131771632 145.47279492187494 0 233 2.8329 0.0 8.181805246746432 0.0 4.0 
329 3200269.2 85.93834852594411 78.68841131771632 145.47279492187494 0 233 2.8329 0.0 8.181805246746432 0.0 4.0 
330 3200302.5 85.93834852594411 78.70625681918551 145.47279492187494 0 233 2.8329 0.0 8.181805246746432 0.0 4.0 
331 3200335.9 85.93834852594411 78.70625681918551 145.47279492187494 0 233 2.8329 0.0 8.181805246746432 0.0 4.0 
332 3200369.2 85.93834852594411 78.70625681918551 145.47279492187494 0 233 2.8329 0.0 8.181805246746432 0.0 4.0 
333 3200402.6 85.9584207781395 78.70625681918551 145.47279492187494 0 233 2.8329 0.0 8.181805246746432 0.0 4.0 
334 3200435.9 85.9584207781395 78.7235215213361 145.47279492187494 0 233 2.8329 0.0 8.181805246746432 0.0 4.0 
335 3200469.2 85.9584207781395 78.7235215213361 145.47279492187494 0 233 2.8329 0.0 8.181805246746432 0.0 4.0 
336 3200502.6 85.96970484213577 78.73564104070267 145.47279492187494 0 233 2.8329 0.0 8.181805246746432 0.0 4.0 
337 3200535.9 85.96970484213577 78.73564104070267 145.47279492187494 0 233 2.8329 0.0 8.181805246746432 0.0 4.0 
338 3200569.2 85.96970484213577 78.73564104070267 145.47279492187494 0 233 2.8329 0.0 8.181805246746432 0.0 4.0 
339 3200602.6 85.97506983566815 78.74332301723759 145.47279492187494 0 233 2.8329 0.0 8.181805246746432 0.0 4.0 
340 3200635.9 85.97506983566815 78.74332301723759 145.47279492187494 0 233 2.8329 0.0 8.181805246746432 0.0 4.0 
341 3200669.2 85.97506983566815 78.74332301723759 145.47279492187494 0 233 2.8329 0.0 8.181805246746432 0.0 4.0 
342 3200702.6 85.97506983566815 78.74332301723759 145.47279492187494 0 233 2.8329 0.0 8.181805246746432 0.0 4.0 
343 3200735.9 85.98214477808773 78.74332301723759 145.47279492187494 0 233 2.8329 0.0 8.181805246746432 0.0 4.0 
344 3200769.3 85.98214477808773 78.75481893520796 145.47279492187494 0 233 2.8329 0.0 8.181805246746432 0.0 4.0 
345 3200802.6 85.98214477808773 78.75481893520796 145.47279492187494 0 233 2.8329 0.0 8.181805246746432 0.0 4.0 
346 3200835.9 85.98214477808773 78.75481893520796 145.47279492187494 0 233 2.8329 0.0 8.181805246746432 0.0 4.0 
347 3200869.3 85.98741166016646 78.76973640599603 145.47279492187494 0 233 2.8329 0.0 8.181805246746432 0.0 4.0 
348 3200902.6 85.98741166016646 78.76973640599603 145.47279492187494 0 233 2.8329 0.0 8.181805246746432 0.0 4.0 
349 3200935.9 85.98741166016646 78.76973640599603 145.47279492187494 0 233 2.8329 0.0 8.181805246746432 0.0 4.0 
350 3200969.3 85.98741166016646 78.77148016275751 145.47279492187494 0 233 2.8329 0.0 8.181805246746432 0.0 4.0 
351 3201002.6 85.98741166016646 78.77148016275751 145.47279492187494 0 233 2.8329 0.0 8.181805246746432 0.0 4.0 
352 3201035.9 85.98741166016646 78.77148016275751 145.47279492187494 0 233 2.8329 0.0 8.181805246746432 0.0 4.0 
353 3201069.3 85.98974838699593 78.77148016275751 145.47279492187494 0 233 2.8329 0.0 8.181805246746432 0.0 4.0 
354 3201102.6 85.98974838699593 78.77510187434903 145.47279492187494 0 233 2.8329 0.0 8.181805246746432 0.0 4.0 
355 3201135.9 85.98974838699593 78.77510187434903 145.47279492187494 0 233 2.8329 0.0 8.181805246746432 0.0 4.0 
356 3201169.3 85.98974838699593 78.77510187434903 145.47279492187494 0 233 2.8329 0.0 8.181805246746432 0.0 4.0 
357 3201202.6 85.99446362305827 78.78296679419708 145.47279492187494 0 233 2.8329 0.0 8.181805246746432 0.0 4.0 
358 3201236.0 85.99446362305827 78.78296679419708 145.47279492187494 0 233 2.8329 0.0 8.181805246746432 0.0 4.0 
359 3201269.3 85.99446362305827 78.78296679419708 145.47279492187494 0 233 2.8329 0.0 8.181805246746432 0.0 4.0 
360 3201302.6 85.99858144288622 78.78296679419708 145.47279492187494 0 233 2.8329 0.0 8.181805246746432 0.0 4.0 
361 3201336.0 85.99858144288622 78.7917135258039 145.47279492187494 0 233 2.8329 0.0 8.181805246746432 0.0 4.0 
362 3201369.3 85.99858144288622 78.7917135258039 145.47279492187494 0 233 2.8329 0.0 8.181805246746432 0.0 4.0 
363 3201402.6 85.99858144288622 78.7917135258039 145.47279492187494 0 233 2.8329 0.0 8.181805246746432 0.0 4.0 
364 3201436.0 86.0044864087666 78.7917135258039 145.47279492187494 0 233 2.8329 0.0 8.181805246746432 0.0 4.0 
365 3201469.3 86.0044864087666 78.80012778915581 145.47279492187494 0 233 2.8329 0.0 8.181805246746432 0.0 4.0 
366 3201502.6 86.0044864087666 78.80012778915581 145.47279492187494 0 233 2.8329 0.0 8.181805246746432 0.0 4.0 
367 3201536.0 86.0044864087666 78.80012778915581 145.47279492187494 0 233 2.8329 0.0 8.181805246746432 0.0 4.0 
368 3201569.3 86.01215013850987 78.80012778915581 145.47279492187494 0 233 2.8329 0.0 8.181805246746432 0.0 4.0 
369 3201602.7 86.01215013850987 78.80906135804162 145.47279492187494 0 233 2.8329 0.0 8.181805246746432 0.0 4.0 
370 3201636.0 86.01215013850987 78.80906135804162 145.47279492187494 0 233 2.8329 0.0 8.181805246746432 0.0 4.0 
371 3201669.3 86.01215013850987 78.80906135804162 145.47279492187494 0 233 2.8329 0.0 8.181805246746432 0.0 4.0 
372 3201702.7 86.01839446007958 78.80906135804162 145.47279492187494 0 233 2.8329 0.0 8.181805246746432 0.0 4.0 
373 3201736.0 86.01839446007958 78.79836865453429 145.47279492187494 0 233 2.8329 0.0 8.181805246746432 0.0 4.0 
374 3201769.3 86.01839446007958 78.79836865453429 145.47279492187494 0 233 2.8329 0.0 8.181805246746432 0.0 4.0 
375 3201802.7 86.01839446007958 78.79836865453429 145.47279492187494 0 233 2.8329 0.0 8.181805246746432 0.0 4.0 
376 3201836.0 85.9874596711769 78.79836865453429 145.47279492187494 0 233 2.8329 0.0 8.181805246746432 0.0 4.0 
377 3201869.3 85.9874596711769 78.76591347810236 145.47279492187494 0 233 2.8329 0.0 8.181805246746432 0.0 4.0 
378 3201902.7 85.9874596711769 78.76591347810236 145.47279492187494 0 233 2.8329 0.0 8.181805246746432 0.0 4.0 
379 3201936.0 85.9874596711769 78.76591347810236 145.47279492187494 0 233 2.8329 0.0 8.181805246746432 0.0 4.0 
380 3201969.3 85.9430189955649 78.76591347810236 145.47279492187494 0 233 2.8329 0.0 8.181805246746432 0.0 4.0 
381 3202002.7 85.9430189955649 78.76421254632082 145.47279492187494 0 233 2.8329 0.0 8.181805246746432 0.0 4.0 
382 3202036.0 85.9430189955649 78.76421254632082 145.47279492187494 0 233 2.8329 0.0 8.181805246746432 0.0 4.0 
383 3202069.4 85.9430189955649 78.76421254632082 145.47279492187494 0 233 2.8329 0.0 8.181805246746432 0.0 4.0 
384 3202102.7 85.91764431944459 78.76421254632082 145.47279492187494 0 233 2.8329 0.0 8.181805246746432 0.0 4.0 
385 3202136.0 85.91764431944459 78.76421254632082 145.47279492187494 0 233 2.8329 0.0 8.181805246746432 0.0 4.0 
386 3202169.4 85.91764431944459 78.76421254632082 145.47279492187494 0 233 2.8329 0.0 8.181805246746432 0.0 4.0 
387 3202202.7 85.90519523695583 78.76421254632082 145.47279492187494 0 233 2.8329 0.0 8.181805246746432 0.0 4.0 
388 3202236.0 85.90519523695583 78.76421254632082 145.47279492187494 0 233 2.8329 0.0 8.181805246746432 0.0 4.0 
389 3202269.4 85.90519523695583 78.76421254632082 145.47279492187494 0 233 2.8329 0.0 8.181805246746432 0.0 4.0 
390 3202302.7 85.90519523695583 78.76421254632082 145.47279492187494 0 233 2.8329 0.0 8.181805246746432 0.0 4.0 
391 3202336.0 85.88796889828514 78.76421254632082 145.47279492187494 0 233 2.8329 0.0 8.181805246746432 0.0 4.0 
392 3202369.4 85.88796889828514 78.76696422742478 145.47279492187494 0 233 2.8329 0.0 8.181805246746432 0.0 4.0 
393 3202402.7 85.88796889828514 78.76696422742478 145.47279492187494 0 233 2.8329 0.0 8.181805246746432 0.0 4.0 
394 3202436.1 85.88796889828514 78.76696422742478 145.47279492187494 0 233 2.8329 0.0 8.181805246746432 0.0 4.0 
395 3202469.4 85.8726218061 78.76696422742478 145.47279492187494 0 233 2.8329 0.0 8.181805246746432 0.0 4.0 
396 3202502.7 85.8726218061 78.76696422742478 145.47279492187494 0 233 2.8329 0.0 8.181805246746432 0.0 4.0 
397 3202536.1 85.86102975747562 78.76696422742478 145.47279492187494 0 233 2.8329 0.0 8.181805246746432 0.0 4.0 
398 3202569.4 85.86102975747562 78.76373535874214 145.47279492187494 0 233 2.8329 0.0 8.181805246746432 0.0 4.0 
399 3202602.7 85.86102975747562 78.76373535874214 145.47279492187494 0 233 2.8329 0.0 8.181805246746432 0.0 4.0 
400 3202636.1 85.86102975747562 78.76373535874214 145.47279492187494 0 233 2.8329 0.0 8.181805246746432 0.0 4.0 
401 3202669.4 85.87682085033539 78.76373535874214 145.47279492187494 0 233 2.8329 0.0 8.181805246746432 0.0 4.0 
402 3202702.7 85.87682085033539 78.74844716250074 145.47279492187494 0 233 2.8329 0.0 8.181805246746432 0.0 4.0 
403 3202736.1 85.87682085033539 78.74844716250074 145.47279492187494 0 233 2.8329 0.0 8.181805246746432 0.0 4.0 
404 3202769.4 85.9215392199698 78.74161797756351 145.47279492187494 0 233 2.8329 0.0 8.181805246746432 0.0 4.0 
405 3202802.7 85.9215392199698 78.74161797756351 145.47279492187494 0 233 2.8329 0.0 8.181805246746432 0.0 4.0 
406 3202836.1 85.9215392199698 78.74161797756351 145.47279492187494 0 233 2.8329 0.0 8.181805246746432 0.0 4.0 
407 3202869.4 85.9215392199698 78.74161797756351 145.47279492187494 0 233 2.8329 0.0 8.181805246746432 0.0 4.0 
408 3202902.8 85.96005181858095 78.75407157801088 145.47279492187494 0 233 2.8329 0.0 8.181805246746432 0.0 4.0 
409 3202936.1 85.96005181858095 78.75407157801088 145.47279492187494 0 233 2.8329 0.0 8.181805246746432 0.0 4.0 
410 3202969.4 85.96005181858095 78.75407157801088 145.47279492187494 0 233 2.8329 0.0 8.181805246746432 0.0 4.0 
411 3203002.8 85.98165209061872 78.75407157801088 145.47279492187494 0 233 2.8329 0.0 8.181805246746432 0.0 4.0 
412 3203036.1 85.98165209061872 78.77547849757579 145.47279492187494 0 233 2.8329 0.0 8.181805246746432 0.0 4.0 
413 3203069.4 85.98165209061872 78.77547849757579 145.47279492187494 0 233 2.8329 0.0 8.181805246746432 0.0 4.0 
414 3203102.8 85.98165209061872 78.77547849757579 145.47279492187494 0 233 2.8329 0.0 8.181805246746432 0.0 4.0 
415 3203136.1 85.99481175876858 78.77547849757579 145.47279492187494 0 233 2.8329 0.0 8.181805246746432 0.0 4.0 
416 3203169.4 85.99481175876858 78.80386495104449 145.47279492187494 0 233 2.8329 0.0 8.181805246746432 0.0 4.0 
417 3203202.8 85.99481175876858 78.80386495104449 145.47279492187494 0 233 2.8329 0.0 8.181805246746432 0.0 4.0 
418 3203236.1 86.00135676148153 78.82426658687007 145.47279492187494 0 233 2.8329 0.0 8.181805246746432 0.0 4.0 
419 3203269.5 86.00135676148153 78.82426658687007 145.47279492187494 0 233 2.8329 0.0 8.181805246746432 0.0 4.0 
420 3203302.8 86.00135676148153 78.82426658687007 145.47279492187494 0 233 2.8329 0.0 8.181805246746432 0.0 4.0 
421 3203336.1 86.00135676148153 78.82426658687007 145.47279492187494 0 233 2.8329 0.0 8.181805246746432 0.0 4.0 
422 3203369.5 86.00135676148153 78.83859284762397 145.47279492187494 0 233 2.8329 0.0 8.181805246746432 0.0 4.0 
423 3203402.8 86.00135676148153 78.83859284762397 145.47279492187494 0 233 2.8329 0.0 8.181805246746432 0.0 4.0 
424 3203436.1 86.00135676148153 78.83859284762397 145.47279492187494 0 233 2.8329 0.0 8.181805246746432 0.0 4.0 
425 3203469.5 86.00026687971986 78.83859284762397 145.47279492187494 0 233 2.8329 0.0 8.181805246746432 0.0 4.0 
426 3203502.8 86.00026687971986 78.84811594999395 145.47279492187494 0 233 2.8329 0.0 8.181805246746432 0.0 4.0 
427 3203536.1 86.00026687971986 78.84811594999395 145.47279492187494 0 233 2.8329 0.0 8.181805246746432 0.0 4.0 
428 3203569.5 86.00026687971986 78.84811594999395 145.47279492187494 0 233 2.8329 0.0 8.181805246746432 0.0 4.0 
429 3203602.8 85.99680154833509 78.86402810066272 145.47279492187494 0 233 2.8329 0.0 8.181805246746432 0.0 4.0 
430 3203636.1 85.99680154833509 78.86402810066272 145.47279492187494 0 233 2.8329 0.0 8.181805246746432 0.0 4.0 
431 3203669.5 85.99680154833509 78.86402810066272 145.47279492187494 0 233 2.8329 0.0 8.181805246746432 0.0 4.0 
432 3203702.8 85.9930010657079 78.86402810066272 145.47279492187494 0 233 2.8329 0.0 8.181805246746432 0.0 4.0 
433 3203736.2 85.9930010657079 78.87274594180647 145.47279492187494 0 233 2.8329 0.0 8.181805246746432 0.0 4.0 
434 3203769.5 85.9930010657079 78.87274594180647 145.47279492187494 0 233 2.8329 0.0 8.181805246746432 0.0 4.0 
435 3203802.8 85.9930010657079 78.87274594180647 145.47279492187494 0 233 2.8329 0.0 8.181805246746432 0.0 4.0 
436 3203836.2 85.9930010657079 78.87274594180647 145.47279492187494 0 233 2.8329 0.0 8.181805246746432 0.0 4.0 
437 3203869.5 85.9930010657079 78.87274594180647 145.47279492187494 0 233 2.8329 0.0 8.181805246746432 0.0 4.0 
438 3203902.8 85.99590656425349 78.87274594180647 145.47279492187494 0 233 2.8329 0.0 8.181805246746432 0.0 4.0 
439 3203936.2 85.99590656425349 78.87097980535692 145.47279492187494 0 233 2.8329 0.0 8.181805246746432 0.0 4.0 
440 3203969.5 85.99590656425349 78.87097980535692 145.47279492187494 0 233 2.8329 0.0 8.181805246746432 0.0 4.0 
441 3204002.8 85.99590656425349 78.87097980535692 145.47279492187494 0 233 2.8329 0.0 8.181805246746432 0.0 4.0 
442 3204036.2 86.01452112761719 78.87097980535692 145.47279492187494 0 233 2.8329 0.0 8.181805246746432 0.0 4.0 
443 3204069.5 86.01452112761719 78.85725812545552 145.47279492187494 0 233 2.8329 0.0 8.181805246746432 0.0 4.0 
444 3204102.9 86.01452112761719 78.85725812545552 145.47279492187494 0 233 2.8329 0.0 8.181805246746432 0.0 4.0 
445 3204136.2 86.03389552201793 78.84320267941804 145.47279492187494 0 233 2.8329 0.0 8.181805246746432 0.0 4.0 
446 3204169.5 86.03389552201793 78.84320267941804 145.47279492187494 0 233 2.8329 0.0 8.181805246746432 0.0 4.0 
447 3204202.9 86.03389552201793 78.84320267941804 145.47279492187494 0 233 2.8329 0.0 8.181805246746432 0.0 4.0 
448 3204236.2 86.03389552201793 78.84320267941804 145.47279492187494 0 233 2.8329 0.0 8.181805246746432 0.0 4.0 
449 3204269.5 86.05849276585285 78.83932484416255 145.47279492187494 0 233 2.8329 0.0 8.181805246746432 0.0 4.0 
450 3204302.9 86.05849276585285 78.83932484416255 145.47279492187494 0 233 2.8329 0.0 8.181805246746432 0.0 4.0 
451 3204336.2 86.05849276585285 78.83932484416255 145.47279492187494 0 233 2.8329 0.0 8.181805246746432 0.0 4.0 
452 3204369.5 86.07381551973785 78.83932484416255 145.47279492187494 0 233 2.8329 0.0 8.181805246746432 0.0 4.0 
453 3204402.9 86.07381551973785 78.83932484416255 145.47279492187494 0 233 2.8329 0.0 8.181805246746432 0.0 4.0 
454 3204436.2 86.07381551973785 78.83932484416255 145.47279492187494 0 233 2.8329 0.0 8.181805246746432 0.0 4.0 
455 3204469.5 86.08111435819343 78.83932484416255 145.47279492187494 0 233 2.8329 0.0 8.181805246746432 0.0 4.0 
456 3204502.9 86.08111435819343 78.83725343290718 145.47279492187494 0 233 2.8329 0.0 8.181805246746432 0.0 4.0 
457 3204536.2 86.08111435819343 78.83725343290718 145.47279492187494 0 233 2.8329 0.0 8.181805246746432 0.0 4.0 
458 3204569.6 86.08111435819343 78.83725343290718 145.47279492187494 0 233 2.8329 0.0 8.181805246746432 0.0 4.0 
459 3204602.9 86.08817764401674 78.83445347945438 145.47279492187494 0 233 2.8329 0.0 8.181805246746432 0.0 4.0 
460 3204636.2 86.08817764401674 78.83445347945438 145.47279492187494 0 233 2.8329 0.0 8.181805246746432 0.0 4.0 
461 3204669.6 86.08817764401674 78.83445347945438 145.47279492187494 0 233 2.8329 0.0 8.181805246746432 0.0 4.0 
462 3204702.9 86.08817764401674 78.83445347945438 145.47279492187494 0 233 2.8329 0.0 8.181805246746432 0.0 4.0 
463 3204736.2 86.10543332087354 78.83445347945438 145.47279492187494 0 233 2.8329 0.0 8.181805246746432 0.0 4.0 
464 3204769.6 86.10543332087354 78.83134075278083 145.47279492187494 0 233 2.8329 0.0 8.181805246746432 0.0 4.0 
465 3204802.9 86.10543332087354 78.83134075278083 145.47279492187494 0 233 2.8329 0.0 8.181805246746432 0.0 4.0 
466 3204836.2 86.11150537853473 78.83134075278083 145.47279492187494 0 233 2.8329 0.0 8.181805246746432 0.0 4.0 
467 3204869.6 86.11150537853473 78.83134075278083 145.47279492187494 0 233 2.8329 0.0 8.181805246746432 0.0 4.0 
468 3204902.9 86.11150537853473 78.83134075278083 145.47279492187494 0 233 2.8329 0.0 8.181805246746432 0.0 4.0 
469 3204936.3 86.12642135866612 78.8329528484612 145.47279492187494 0 233 2.8329 0.0 8.181805246746432 0.0 4.0 
470 3204969.6 86.12642135866612 78.8329528484612 145.47279492187494 0 233 2.8329 0.0 8.181805246746432 0.0 4.0 
471 3205002.9 86.12642135866612 78.8329528484612 145.47279492187494 0 233 2.8329 0.0 8.181805246746432 0.0 4.0 
472 3205036.3 86.12642135866612 78.8329528484612 145.47279492187494 0 233 2.8329 0.0 8.181805246746432 0.0 4.0 
473 3205069.6 86.15148550690469 78.84289432720641 145.47279492187494 0 233 2.8329 0.0 8.181805246746432 0.0 4.0 
474 3205102.9 86.15148550690469 78.84289432720641 145.47279492187494 0 233 2.8329 0.0 8.181805246746432 0.0 4.0 
475 3205136.3 86.15148550690469 78.84289432720641 145.47279492187494 0 233 2.8329 0.0 8.181805246746432 0.0 4.0 
476 3205169.6 86.15148550690469 78.84289432720641 145.47279492187494 0 233 2.8329 0.0 8.181805246746432 0.0 4.0 
477 3205202.9 86.16861329036591 78.84289432720641 145.47279492187494 0 233 2.8329 0.0 8.181805246746432 0.0 4.0 
478 3205236.3 86.16861329036591 78.85838974546499 145.47279492187494 0 233 2.8329 0.0 8.181805246746432 0.0 4.0 
479 3205269.6 86.16861329036591 78.85838974546499 145.47279492187494 0 233 2.8329 0.0 8.181805246746432 0.0 4.0 
480 3205302.9 86.1629422408843 78.86325680357652 145.47279492187494 0 233 2.8329 0.0 8.181805246746432 0.0 4.0 
481 3205336.3 86.1629422408843 78.86325680357652 145.47279492187494 0 233 2.8329 0.0 8.181805246746432 0.0 4.0 
482 3205369.6 86.1629422408843 78.86325680357652 145.47279492187494 0 233 2.8329 0.0 8.181805246746432 0.0 4.0 
483 3205403.0 86.1629422408843 78.86325680357652 145.47279492187494 0 233 2.8329 0.0 8.181805246746432 0.0 4.0 
484 3205436.3 86.16408662256741 78.86325680357652 145.47279492187494 0 233 2.8329 0.0 8.181805246746432 0.0 4.0 
485 3205469.6 86.16408662256741 78.8620609859384 145.47279492187494 0 233 2.8329 0.0 8.181805246746432 0.0 4.0 
486 3205503.0 86.16408662256741 78.8620609859384 145.47279492187494 0 233 2.8329 0.0 8.181805246746432 0.0 4.0 
487 3205536.3 86.16408662256741 78.8620609859384 145.47279492187494 0 233 2.8329 0.0 8.181805246746432 0.0 4.0 
488 3205569.6 86.17644431892391 78.8620609859384 145.47279492187494 0 233 2.8329 0.0 8.181805246746432 0.0 4.0 
489 3205603.0 86.17644431892391 78.8571202261756 145.47279492187494 0 233 2.8329 0.0 8.181805246746432 0.0 4.0 
490 3205636.3 86.17644431892391 78.8571202261756 145.47279492187494 0 233 2.8329 0.0 8.181805246746432 0.0 4.0 
491 3205669.6 86.17644431892391 78.8571202261756 145.47279492187494 0 233 2.8329 0.0 8.181805246746432 0.0 4.0 
492 3205703.0 86.1903139997727 78.85976278944617 145.47279492187494 0 233 2.8329 0.0 8.181805246746432 0.0 4.0 
493 3205736.3 86.1903139997727 78.85976278944617 145.47279492187494 0 233 2.8329 0.0 8.181805246746432 0.0 4.0 
494 3205769.7 86.1903139997727 78.85976278944617 145.47279492187494 0 233 2.8329 0.0 8.181805246746432 0.0 4.0 
495 3205803.0 86.2003351332091 78.85976278944617 145.47279492187494 0 233 2.8329 0.0 8.181805246746432 0.0 4.0 
496 3205836.3 86.2003351332091 78.86407545034832 145.47279492187494 0 233 2.8329 0.0 8.181805246746432 0.0 4.0 
497 3205869.7 86.2003351332091 78.86407545034832 145.47279492187494 0 233 2.8329 0.0 8.181805246746432 0.0 4.0 
498 3205903.0 86.2003351332091 78.86407545034832 145.47279492187494 0 233 2.8329 0.0 8.181805246746432 0.0 4.0 
499 3205936.3 86.2003351332091 78.86883485915212 145.47279492187494 0 233 2.8329 0.0 8.181805246746432 0.0 4.0 
500 3205969.7 86.2003351332091 78.86883485915212 145.47279492187494 0 233 2.8329 0.0 8.181805246746432 0.0 4.0 
501 3206003.0 86.2003351332091 78.86883485915212 145.47279492187494 0 233 2.8329 0.0 8.181805246746432 0.0 4.0 
502 3206036.3 86.2003351332091 78.88557900305278 145.47279492187494 0 233 2.8329 0.0 8.181805246746432 0.0 4.0 
503 3206069.7 86.2003351332091 78.88557900305278 145.47279492187494 0 233 2.8329 0.0 8.181805246746432 0.0 4.0 
504 3206103.0 86.2003351332091 78.88557900305278 145.47279492187494 0 233 2.8329 0.0 8.181805246746432 0.0 4.0 
505 3206136.3 86.2003351332091 78.88557900305278 145.47279492187494 0 233 2.8329 0.0 8.181805246746432 0.0 4.0 
506 3206169.7 86.19697448302473 78.88557900305278 145.47279492187494 0 233 2.8329 0.0 8.181805246746432 0.0 4.0 
507 3206203.0 86.19697448302473 78.91434277372696 145.47279492187494 0 233 2.8329 0.0 8.181805246746432 0.0 4.0 
508 3206236.4 86.19697448302473 78.91434277372696 145.47279492187494 0 233 2.8329 0.0 8.181805246746432 0.0 4.0 
509 3206269.7 86.19697448302473 78.91434277372696 145.47279492187494 0 233 2.8329 0.0 8.181805246746432 0.0 4.0 
510 3206303.0 86.19697448302473 78.91434277372696 145.47279492187494 0 233 2.8329 0.0 8.181805246746432 0.0 4.0 
511 3206336.4 86.20132095105544 78.91434277372696 145.47279492187494 0 233 2.8329 0.0 8.181805246746432 0.0 4.0 
512 3206369.7 86.20132095105544 78.95363593216345 145.47279492187494 0 233 2.8329 0.0 8.181805246746432 0.0 4.0 
513 3206403.0 86.20132095105544 78.95363593216345 145.47279492187494 0 233 2.8329 0.0 8.181805246746432 0.0 4.0 
514 3206436.4 86.20132095105544 78.95363593216345 145.47279492187494 0 233 2.8329 0.0 8.181805246746432 0.0 4.0 
515 3206469.7 86.20132095105544 78.95363593216345 145.47279492187494 0 233 2.8329 0.0 8.181805246746432 0.0 4.0 
516 3206503.0 86.23287903916939 78.98940439568146 145.47279492187494 0 233 2.8329 0.0 8.181805246746432 0.0 4.0 
517 3206536.4 86.23287903916939 78.98940439568146 145.47279492187494 0 233 2.8329 0.0 8.181805246746432 0.0 4.0 
518 3206569.7 86.23287903916939 78.98940439568146 145.47279492187494 0 233 2.8329 0.0 8.181805246746432 0.0 4.0 
519 3206603.1 86.23287903916939 78.98940439568146 145.47279492187494 0 233 2.8329 0.0 8.181805246746432 0.0 4.0 
520 3206636.4 86.25285766312382 79.01002577969282 145.47279492187494 0 233 2.8329 0.0 8.181805246746432 0.0 4.0 
521 3206669.7 86.25285766312382 79.01002577969282 145.47279492187494 0 233 2.8329 0.0 8.181805246746432 0.0 4.0 
522 3206703.1 86.25285766312382 79.01002577969282 145.47279492187494 0 233 2.8329 0.0 8.181805246746432 0.0 4.0 
523 3206736.4 86.26278866813547 79.01002577969282 145.47279492187494 0 233 2.8329 0.0 8.181805246746432 0.0 4.0 
524 3206769.7 86.26278866813547 79.01976971707883 145.47279492187494 0 233 2.8329 0.0 8.181805246746432 0.0 4.0 
525 3206803.1 86.26278866813547 79.01976971707883 145.47279492187494 0 233 2.8329 0.0 8.181805246746432 0.0 4.0 
526 3206836.4 86.26278866813547 79.01976971707883 145.47279492187494 0 233 2.8329 0.0 8.181805246746432 0.0 4.0 
527 3206869.7 86.28581177347243 79.05169511523683 145.47279492187494 0 233 2.8329 0.0 8.181805246746432 0.0 4.0 
528 3206903.1 86.28581177347243 79.05169511523683 145.47279492187494 0 233 2.8329 0.0 8.181805246746432 0.0 4.0 
529 3206936.4 86.28581177347243 79.05169511523683 145.47279492187494 0 233 2.8329 0.0 8.181805246746432 0.0 4.0 
530 3206969.7 86.28581177347243 79.05169511523683 145.47279492187494 0 233 2.8329 0.0 8.181805246746432 0.0 4.0 
531 3207003.1 86.30398088526759 79.05169511523683 145.47279492187494 0 233 2.8329 0.0 8.181805246746432 0.0 4.0 
532 3207036.4 86.30398088526759 79.0732585262694 145.47279492187494 0 233 2.8329 0.0 8.181805246746432 0.0 4.0 
533 3207069.8 86.30398088526759 79.0732585262694 145.47279492187494 0 233 2.8329 0.0 8.181805246746432 0.0 4.0 
534 3207103.1 86.30398088526759 79.0732585262694 145.47279492187494 0 233 2.8329 0.0 8.181805246746432 0.0 4.0 
535 3207136.4 86.30398088526759 79.0732585262694 145.47279492187494 0 233 2.8329 0.0 8.181805246746432 0.0 4.0 
536 3207169.8 86.32604071420035 79.0732585262694 145.47279492187494 0 233 2.8329 0.0 8.181805246746432 0.0 4.0 
537 3207203.1 86.32604071420035 79.0913744732322 145.47279492187494 0 233 2.8329 0.0 8.181805246746432 0.0 4.0 
538 3207236.4 86.32604071420035 79.0913744732322 145.47279492187494 0 233 2.8329 0.0 8.181805246746432 0.0 4.0 
539 3207269.8 86.32604071420035 79.0913744732322 145.47279492187494 0 233 2.8329 0.0 8.181805246746432 0.0 4.0 
540 3207303.1 86.35658122442213 79.0913744732322 145.47279492187494 0 233 2.8329 0.0 8.181805246746432 0.0 4.0 
541 3207336.4 86.35658122442213 79.11060466307819 145.47279492187494 0 233 2.8329 0.0 8.181805246746432 0.0 4.0 
542 3207369.8 86.35658122442213 79.11060466307819 145.47279492187494 0 233 2.8329 0.0 8.181805246746432 0.0 4.0 
543 3207403.1 86.35658122442213 79.11060466307819 145.47279492187494 0 233 2.8329 0.0 8.181805246746432 0.0 4.0 
544 3207436.5 86.38748792126869 79.11060466307819 145.47279492187494 0 233 2.8329 0.0 8.181805246746432 0.0 4.0 
545 3207469.8 86.38748792126869 79.1263879108122 145.47279492187494 0 233 2.8329 0.0 8.181805246746432 0.0 4.0 
546 3207503.1 86.38748792126869 79.1263879108122 145.47279492187494 0 233 2.8329 0.0 8.181805246746432 0.0 4.0 
547 3207536.5 86.38748792126869 79.1263879108122 145.47279492187494 0 233 2.8329 0.0 8.181805246746432 0.0 4.0 
548 3207569.8 86.41858467378171 79.1263879108122 145.47279492187494 0 233 2.8329 0.0 8.181805246746432 0.0 4.0 
549 3207603.1 86.41858467378171 79.1445813401985 145.47279492187494 0 233 2.8329 0.0 8.181805246746432 0.0 4.0 
550 3207636.5 86.41858467378171 79.1445813401985 145.47279492187494 0 233 2.8329 0.0 8.181805246746432 0.0 4.0 
551 3207669.8 86.41858467378171 79.1445813401985 145.47279492187494 0 233 2.8329 0.0 8.181805246746432 0.0 4.0 
552 3207703.1 86.41858467378171 79.1445813401985 145.47279492187494 0 233 2.8329 0.0 8.181805246746432 0.0 4.0 
553 3207736.5 86.4447543600386 79.1445813401985 145.47279492187494 0 233 2.8329 0.0 8.181805246746432 0.0 4.0 
554 3207769.8 86.4447543600386 79.16144939071106 145.47279492187494 0 233 2.8329 0.0 8.181805246746432 0.0 4.0 
555 3207803.1 86.4447543600386 79.16144939071106 145.47279492187494 0 233 2.8329 0.0 8.181805246746432 0.0 4.0 
556 3207836.5 86.4447543600386 79.16144939071106 145.47279492187494 0 233 2.8329 0.0 8.181805246746432 0.0 4.0 
557 3207869.8 86.4447543600386 79.16144939071106 145.47279492187494 0 233 2.8329 0.0 8.181805246746432 0.0 4.0 
558 3207903.2 86.47503529290577 79.16144939071106 145.47279492187494 0 233 2.8329 0.0 8.181805246746432 0.0 4.0 
559 3207936.5 86.47503529290577 79.19032375961953 145.47279492187494 0 233 2.8329 0.0 8.181805246746432 0.0 4.0 
560 3207969.8 86.47503529290577 79.19032375961953 145.47279492187494 0 233 2.8329 0.0 8.181805246746432 0.0 4.0 
561 3208003.2 86.47503529290577 79.19032375961953 145.47279492187494 0 233 2.8329 0.0 8.181805246746432 0.0 4.0 
562 3208036.5 86.48888221970668 79.19032375961953 145.47279492187494 0 233 2.8329 0.0 8.181805246746432 0.0 4.0 
563 3208069.8 86.48888221970668 79.22476744480755 145.47279492187494 0 233 2.8329 0.0 8.181805246746432 0.0 4.0 
564 3208103.2 86.48888221970668 79.22476744480755 145.47279492187494 0 233 2.8329 0.0 8.181805246746432 0.0 4.0 
565 3208136.5 86.48888221970668 79.22476744480755 145.47279492187494 0 233 2.8329 0.0 8.181805246746432 0.0 4.0 
566 3208169.8 86.48888221970668 79.22476744480755 145.47279492187494 0 233 2.8329 0.0 8.181805246746432 0.0 4.0 
567 3208203.2 86.48746398436829 79.22476744480755 145.47279492187494 0 233 2.8329 0.0 8.181805246746432 0.0 4.0 
568 3208236.5 86.48746398436829 79.2519142491505 145.47279492187494 0 233 2.8329 0.0 8.181805246746432 0.0 4.0 
569 3208269.9 86.48746398436829 79.2519142491505 145.47279492187494 0 233 2.8329 0.0 8.181805246746432 0.0 4.0 
570 3208303.2 86.48746398436829 79.2519142491505 145.47279492187494 0 233 2.8329 0.0 8.181805246746432 0.0 4.0 
571 3208336.5 86.48746398436829 79.2519142491505 145.47279492187494 0 233 2.8329 0.0 8.181805246746432 0.0 4.0 
572 3208369.9 86.46982485659365 79.2519142491505 145.47279492187494 0 233 2.8329 0.0 8.181805246746432 0.0 4.0 
573 3208403.2 86.46982485659365 79.28929995767179 145.47279492187494 0 233 2.8329 0.0 8.181805246746432 0.0 4.0 
574 3208436.5 86.46982485659365 79.28929995767179 145.47279492187494 0 233 2.8329 0.0 8.181805246746432 0.0 4.0 
575 3208469.9 86.46982485659365 79.28929995767179 145.47279492187494 0 233 2.8329 0.0 8.181805246746432 0.0 4.0 
576 3208503.2 86.44307783211774 79.32025763694408 145.47279492187494 0 233 2.8329 0.0 8.181805246746432 0.0 4.0 
577 3208536.5 86.44307783211774 79.32025763694408 145.47279492187494 0 233 2.8329 0.0 8.181805246746432 0.0 4.0 
578 3208569.9 86.44307783211774 79.32025763694408 145.47279492187494 0 233 2.8329 0.0 8.181805246746432 0.0 4.0 
579 3208603.2 86.44307783211774 79.32025763694408 145.47279492187494 0 233 2.8329 0.0 8.181805246746432 0.0 4.0 
580 3208636.5 86.4312960584968 79.32025763694408 145.47279492187494 0 233 2.8329 0.0 8.181805246746432 0.0 4.0 
581 3208669.9 86.4312960584968 79.34128871949778 145.47279492187494 0 233 2.8329 0.0 8.181805246746432 0.0 4.0 
582 3208703.2 86.4312960584968 79.34128871949778 145.47279492187494 0 233 2.8329 0.0 8.181805246746432 0.0 4.0 
583 3208736.6 86.4312960584968 79.34128871949778 145.47279492187494 0 233 2.8329 0.0 8.181805246746432 0.0 4.0 
584 3208769.9 86.42347631519176 79.34128871949778 145.47279492187494 0 233 2.8329 0.0 8.181805246746432 0.0 4.0 
585 3208803.2 86.42347631519176 79.36164382551372 145.47279492187494 0 233 2.8329 0.0 8.181805246746432 0.0 4.0 
586 3208836.6 86.42347631519176 79.36164382551372 145.47279492187494 0 233 2.8329 0.0 8.181805246746432 0.0 4.0 
587 3208869.9 86.41337319250961 79.38378497434637 145.47279492187494 0 233 2.8329 0.0 8.181805246746432 0.0 4.0 
588 3208903.2 86.41337319250961 79.38378497434637 145.47279492187494 0 233 2.8329 0.0 8.181805246746432 0.0 4.0 
589 3208936.6 86.41337319250961 79.38378497434637 145.47279492187494 0 233 2.8329 0.0 8.181805246746432 0.0 4.0 
590 3208969.9 86.40545185791379 79.39641120620134 145.47279492187494 0 233 2.8329 0.0 8.181805246746432 0.0 4.0 
591 3209003.2 86.40545185791379 79.39641120620134 145.47279492187494 0 233 2.8329 0.0 8.181805246746432 0.0 4.0 
592 3209036.6 86.40545185791379 79.39641120620134 145.47279492187494 0 233 2.8329 0.0 8.181805246746432 0.0 4.0 
593 3209069.9 86.40269743038127 79.39641120620134 145.47279492187494 0 233 2.8329 0.0 8.181805246746432 0.0 4.0 
594 3209103.3 86.40269743038127 79.40315265158738 145.47279492187494 0 233 2.8329 0.0 8.181805246746432 0.0 4.0 
595 3209136.6 86.40269743038127 79.40315265158738 145.47279492187494 0 233 2.8329 0.0 8.181805246746432 0.0 4.0 
596 3209169.9 86.40269743038127 79.40315265158738 145.47279492187494 0 233 2.8329 0.0 8.181805246746432 0.0 4.0 
597 3209203.3 86.40499163693347 79.40315265158738 145.47279492187494 0 233 2.8329 0.0 8.181805246746432 0.0 4.0 
598 3209236.6 86.40499163693347 79.43094088230002 145.47279492187494 0 233 2.8329 0.0 8.181805246746432 0.0 4.0 
599 3209269.9 86.40499163693347 79.43094088230002 145.47279492187494 0 233 2.8329 0.0 8.181805246746432 0.0 4.0 
600 3209303.3 86.40981235940866 79.4463952968856 145.47279492187494 0 233 2.8329 0.0 8.181805246746432 0.0 4.0 
601 3209336.6 86.40981235940866 79.4463952968856 145.47279492187494 0 233 2.8329 0.0 8.181805246746432 0.0 4.0 
602 3209369.9 86.40981235940866 79.4463952968856 145.47279492187494 0 233 2.8329 0.0 8.181805246746432 0.0 4.0 
603 3209403.3 86.40981235940866 79.4463952968856 145.47279492187494 0 233 2.8329 0.0 8.181805246746432 0.0 4.0 
604 3209436.6 86.42079135665513 79.4463952968856 145.47279492187494 0 233 2.8329 0.0 8.181805246746432 0.0 4.0 
605 3209469.9 86.42079135665513 79.46898351305708 145.47279492187494 0 233 2.8329 0.0 8.181805246746432 0.0 4.0 
606 3209503.3 86.42079135665513 79.46898351305708 145.47279492187494 0 233 2.8329 0.0 8.181805246746432 0.0 4.0 
607 3209536.6 86.42079135665513 79.46898351305708 145.47279492187494 0 233 2.8329 0.0 8.181805246746432 0.0 4.0 
608 3209570.0 86.43774401576232 79.46898351305708 145.47279492187494 0 233 2.8329 0.0 8.181805246746432 0.0 4.0 
609 3209603.3 86.43774401576232 79.49421152070525 145.47279492187494 0 233 2.8329 0.0 8.181805246746432 0.0 4.0 
610 3209636.6 86.43774401576232 79.49421152070525 145.47279492187494 0 233 2.8329 0.0 8.181805246746432 0.0 4.0 
611 3209670.0 86.45013275775713 79.49421152070525 145.47279492187494 0 233 2.8329 0.0 8.181805246746432 0.0 4.0 
612 3209703.3 86.45013275775713 79.50688893433255 145.47279492187494 0 233 2.8329 0.0 8.181805246746432 0.0 4.0 
613 3209736.6 86.45013275775713 79.50688893433255 145.47279492187494 0 233 2.8329 0.0 8.181805246746432 0.0 4.0 
614 3209770.0 86.45013275775713 79.50688893433255 145.47279492187494 0 233 2.8329 0.0 8.181805246746432 0.0 4.0 
615 3209803.3 86.4794882400316 79.5235852284598 145.47279492187494 0 233 2.8329 0.0 8.181805246746432 0.0 4.0 
616 3209836.6 86.4794882400316 79.5235852284598 145.47279492187494 0 233 2.8329 0.0 8.181805246746432 0.0 4.0 
617 3209870.0 86.4794882400316 79.5235852284598 145.47279492187494 0 233 2.8329 0.0 8.181805246746432 0.0 4.0 
618 3209903.3 86.49270719100507 79.5235852284598 145.47279492187494 0 233 2.8329 0.0 8.181805246746432 0.0 4.0 
619 3209936.7 86.49270719100507 79.5300349524329 145.47279492187494 0 233 2.8329 0.0 8.181805246746432 0.0 4.0 
620 3209970.0 86.49270719100507 79.5300349524329 145.47279492187494 0 233 2.8329 0.0 8.181805246746432 0.0 4.0 
621 3210003.3 86.49270719100507 79.5300349524329 145.47279492187494 0 233 2.8329 0.0 8.181805246746432 0.0 4.0 
622 3210036.7 86.50952490726075 79.5448056519725 145.47279492187494 0 233 2.8329 0.0 8.181805246746432 0.0 4.0 
623 3210070.0 86.50952490726075 79.5448056519725 145.47279492187494 0 233 2.8329 0.0 8.181805246746432 0.0 4.0 
624 3210103.3 86.50952490726075 79.5448056519725 145.47279492187494 0 233 2.8329 0.0 8.181805246746432 0.0 4.0 
625 3210136.7 86.50952490726075 79.5448056519725 145.47279492187494 0 233 2.8329 0.0 8.181805246746432 0.0 4.0 
626 3210170.0 86.52334984879501 79.5448056519725 145.47279492187494 0 233 2.8329 0.0 8.181805246746432 0.0 4.0 
627 3210203.3 86.52334984879501 79.55374608974111 145.47279492187494 0 233 2.8329 0.0 8.181805246746432 0.0 4.0 
628 3210236.7 86.52334984879501 79.55374608974111 145.47279492187494 0 233 2.8329 0.0 8.181805246746432 0.0 4.0 
629 3210270.0 86.54301109808866 79.55374608974111 145.47279492187494 0 233 2.8329 0.0 8.181805246746432 0.0 4.0 
630 3210303.3 86.54301109808866 79.56374887441017 145.47279492187494 0 233 2.8329 0.0 8.181805246746432 0.0 4.0 
631 3210336.7 86.54301109808866 79.56374887441017 145.47279492187494 0 233 2.8329 0.0 8.181805246746432 0.0 4.0 
632 3210370.0 86.55442702044476 79.56374887441017 145.47279492187494 0 233 2.8329 0.0 8.181805246746432 0.0 4.0 
633 3210403.4 86.55442702044476 79.56784384317922 145.47279492187494 0 233 2.8329 0.0 8.181805246746432 0.0 4.0 
634 3210436.7 86.55442702044476 79.56784384317922 145.47279492187494 0 233 2.8329 0.0 8.181805246746432 0.0 4.0 
635 3210470.0 86.55442702044476 79.56784384317922 145.47279492187494 0 233 2.8329 0.0 8.181805246746432 0.0 4.0 
636 3210503.4 86.57415240214719 79.57776697210569 145.47279492187494 0 233 2.8329 0.0 8.181805246746432 0.0 4.0 
637 3210536.7 86.57415240214719 79.57776697210569 145.47279492187494 0 233 2.8329 0.0 8.181805246746432 0.0 4.0 
638 3210570.0 86.57415240214719 79.57776697210569 145.47279492187494 0 233 2.8329 0.0 8.181805246746432 0.0 4.0 
639 3210603.4 86.57415240214719 79.57776697210569 145.47279492187494 0 233 2.8329 0.0 8.181805246746432 0.0 4.0 
640 3210636.7 86.59480739254859 79.57776697210569 145.47279492187494 0 233 2.8329 0.0 8.181805246746432 0.0 4.0 
641 3210670.0 86.59480739254859 79.59174824784144 145.47279492187494 0 233 2.8329 0.0 8.181805246746432 0.0 4.0 
642 3210703.4 86.59480739254859 79.59174824784144 145.47279492187494 0 233 2.8329 0.0 8.181805246746432 0.0 4.0 
643 3210736.7 86.59480739254859 79.59174824784144 145.47279492187494 0 233 2.8329 0.0 8.181805246746432 0.0 4.0 
644 3210770.1 86.61559415751027 79.59174824784144 145.47279492187494 0 233 2.8329 0.0 8.181805246746432 0.0 4.0 
645 3210803.4 86.61559415751027 79.61250785483077 145.47279492187494 0 233 2.8329 0.0 8.181805246746432 0.0 4.0 
646 3210836.7 86.61559415751027 79.61250785483077 145.47279492187494 0 233 2.8329 0.0 8.181805246746432 0.0 4.0 
647 3210870.1 86.62329281437724 79.6192037572915 145.47279492187494 0 233 2.8329 0.0 8.181805246746432 0.0 4.0 
648 3210903.4 86.62329281437724 79.6192037572915 145.47279492187494 0 233 2.8329 0.0 8.181805246746432 0.0 4.0 
649 3210936.7 86.62329281437724 79.6192037572915 145.47279492187494 0 233 2.8329 0.0 8.181805246746432 0.0 4.0 
650 3210970.1 86.63057706814394 79.6192037572915 145.47279492187494 0 233 2.8329 0.0 8.181805246746432 0.0 4.0 
651 3211003.4 86.63057706814394 79.6286778816847 145.47279492187494 0 233 2.8329 0.0 8.181805246746432 0.0 4.0 
652 3211036.7 86.63057706814394 79.6286778816847 145.47279492187494 0 233 2.8329 0.0 8.181805246746432 0.0 4.0 
653 3211070.1 86.63057706814394 79.6286778816847 145.47279492187494 0 233 2.8329 0.0 8.181805246746432 0.0 4.0 
654 3211103.4 86.63639567794851 79.6286778816847 145.47279492187494 0 233 2.8329 0.0 8.181805246746432 0.0 4.0 
655 3211136.7 86.63639567794851 79.65714083551755 145.47279492187494 0 233 2.8329 0.0 8.181805246746432 0.0 4.0 
656 3211170.1 86.63639567794851 79.65714083551755 145.47279492187494 0 233 2.8329 0.0 8.181805246746432 0.0 4.0 
657 3211203.4 86.63639567794851 79.65714083551755 145.47279492187494 0 233 2.8329 0.0 8.181805246746432 0.0 4.0 
658 3211236.8 86.6385009215357 79.68226607535945 145.47279492187494 0 233 2.8329 0.0 8.181805246746432 0.0 4.0 
659 3211270.1 86.6385009215357 79.68226607535945 145.47279492187494 0 233 2.8329 0.0 8.181805246746432 0.0 4.0 
660 3211303.4 86.6385009215357 79.68226607535945 145.47279492187494 0 233 2.8329 0.0 8.181805246746432 0.0 4.0 
661 3211336.8 86.64222645808157 79.69057637099517 145.47279492187494 0 233 2.8329 0.0 8.181805246746432 0.0 4.0 
662 3211370.1 86.64222645808157 79.69057637099517 145.47279492187494 0 233 2.8329 0.0 8.181805246746432 0.0 4.0 
663 3211403.4 86.64222645808157 79.69057637099517 145.47279492187494 0 233 2.8329 0.0 8.181805246746432 0.0 4.0 
664 3211436.8 86.64408112899193 79.69057637099517 145.47279492187494 0 233 2.8329 0.0 8.181805246746432 0.0 4.0 
665 3211470.1 86.64408112899193 79.69057637099517 145.47279492187494 0 233 2.8329 0.0 8.181805246746432 0.0 4.0 
666 3211503.4 86.64408112899193 79.69057637099517 145.47279492187494 0 233 2.8329 0.0 8.181805246746432 0.0 4.0 
667 3211536.8 86.64408112899193 79.69167720272343 145.47279492187494 0 233 2.8329 0.0 8.181805246746432 0.0 4.0 
668 3211570.1 86.64408112899193 79.69167720272343 145.47279492187494 0 233 2.8329 0.0 8.181805246746432 0.0 4.0 
669 3211603.5 86.64408112899193 79.69167720272343 145.47279492187494 0 233 2.8329 0.0 8.181805246746432 0.0 4.0 
670 3211636.8 86.64267313082358 79.69167720272343 145.47279492187494 0 233 2.8329 0.0 8.181805246746432 0.0 4.0 
671 3211670.1 86.64267313082358 79.69167720272343 145.47279492187494 0 233 2.8329 0.0 8.181805246746432 0.0 4.0 
672 3211703.5 86.63631583104046 79.6963098191674 145.47279492187494 0 233 2.8329 0.0 8.181805246746432 0.0 4.0 
673 3211736.8 86.63631583104046 79.6963098191674 145.47279492187494 0 233 2.8329 0.0 8.181805246746432 0.0 4.0 
674 3211770.1 86.63631583104046 79.6963098191674 145.47279492187494 0 233 2.8329 0.0 8.181805246746432 0.0 4.0 
675 3211803.5 86.6306081642338 79.6963098191674 145.47279492187494 0 233 2.8329 0.0 8.181805246746432 0.0 4.0 
676 3211836.8 86.6306081642338 79.70402474685899 145.47279492187494 0 233 2.8329 0.0 8.181805246746432 0.0 4.0 
677 3211870.1 86.6306081642338 79.70402474685899 145.47279492187494 0 233 2.8329 0.0 8.181805246746432 0.0 4.0 
678 3211903.5 86.6306081642338 79.70402474685899 145.47279492187494 0 233 2.8329 0.0 8.181805246746432 0.0 4.0 
679 3211936.8 86.62094371843979 79.70402474685899 145.47279492187494 0 233 2.8329 0.0 8.181805246746432 0.0 4.0 
680 3211970.1 86.62094371843979 79.72129573708979 145.47279492187494 0 233 2.8329 0.0 8.181805246746432 0.0 4.0 
681 3212003.5 86.62094371843979 79.72129573708979 145.47279492187494 0 233 2.8329 0.0 8.181805246746432 0.0 4.0 
682 3212036.8 86.62094371843979 79.72129573708979 145.47279492187494 0 233 2.8329 0.0 8.181805246746432 0.0 4.0 
683 3212070.2 86.60488664656161 79.74361070917173 145.47279492187494 0 233 2.8329 0.0 8.181805246746432 0.0 4.0 
684 3212103.5 86.60488664656161 79.74361070917173 145.47279492187494 0 233 2.8329 0.0 8.181805246746432 0.0 4.0 
685 3212136.8 86.60488664656161 79.74361070917173 145.47279492187494 0 233 2.8329 0.0 8.181805246746432 0.0 4.0 
686 3212170.2 86.60488664656161 79.74361070917173 145.47279492187494 0 233 2.8329 0.0 8.181805246746432 0.0 4.0 
687 3212203.5 86.59278769114856 79.74361070917173 145.47279492187494 0 233 2.8329 0.0 8.181805246746432 0.0 4.0 
688 3212236.8 86.59278769114856 79.76094504313981 145.47279492187494 0 233 2.8329 0.0 8.181805246746432 0.0 4.0 
689 3212270.2 86.59278769114856 79.76094504313981 145.47279492187494 0 233 2.8329 0.0 8.181805246746432 0.0 4.0 
690 3212303.5 86.5862808177701 79.76094504313981 145.47279492187494 0 233 2.8329 0.0 8.181805246746432 0.0 4.0 
691 3212336.8 86.5862808177701 79.77282531715136 145.47279492187494 0 233 2.8329 0.0 8.181805246746432 0.0 4.0 
692 3212370.2 86.5862808177701 79.77282531715136 145.47279492187494 0 233 2.8329 0.0 8.181805246746432 0.0 4.0 
693 3212403.5 86.5862808177701 79.77282531715136 145.47279492187494 0 233 2.8329 0.0 8.181805246746432 0.0 4.0 
694 3212436.9 86.58143076581624 79.78283974057182 145.47279492187494 0 233 2.8329 0.0 8.181805246746432 0.0 4.0 
695 3212470.2 86.58143076581624 79.78283974057182 145.47279492187494 0 233 2.8329 0.0 8.181805246746432 0.0 4.0 
696 3212503.5 86.58143076581624 79.78283974057182 145.47279492187494 0 233 2.8329 0.0 8.181805246746432 0.0 4.0 
697 3212536.9 86.57581633378508 79.80019984792222 145.47279492187494 0 233 2.8329 0.0 8.181805246746432 0.0 4.0 
698 3212570.2 86.57581633378508 79.80019984792222 145.47279492187494 0 233 2.8329 0.0 8.181805246746432 0.0 4.0 
699 3212603.5 86.57581633378508 79.80019984792222 145.47279492187494 0 233 2.8329 0.0 8.181805246746432 0.0 4.0 
700 3212636.9 86.57581633378508 79.80019984792222 145.47279492187494 0 233 2.8329 0.0 8.181805246746432 0.0 4.0 
701 3212670.2 86.57225128114727 79.80019984792222 145.47279492187494 0 233 2.8329 0.0 8.181805246746432 0.0 4.0 
702 3212703.5 86.57225128114727 79.80976914814534 145.47279492187494 0 233 2.8329 0.0 8.181805246746432 0.0 4.0 
703 3212736.9 86.57225128114727 79.80976914814534 145.47279492187494 0 233 2.8329 0.0 8.181805246746432 0.0 4.0 
704 3212770.2 86.57043789142334 79.82582624232836 145.47279492187494 0 233 2.8329 0.0 8.181805246746432 0.0 4.0 
705 3212803.5 86.57043789142334 79.82582624232836 145.47279492187494 0 233 2.8329 0.0 8.181805246746432 0.0 4.0 
706 3212836.9 86.57043789142334 79.82582624232836 145.47279492187494 0 233 2.8329 0.0 8.181805246746432 0.0 4.0 
707 3212870.2 86.57043789142334 79.82582624232836 145.47279492187494 0 233 2.8329 0.0 8.181805246746432 0.0 4.0 
708 3212903.6 86.57145492243211 79.82582624232836 145.47279492187494 0 233 2.8329 0.0 8.181805246746432 0.0 4.0 
709 3212936.9 86.57145492243211 79.83669811897656 145.47279492187494 0 233 2.8329 0.0 8.181805246746432 0.0 4.0 
710 3212970.2 86.57145492243211 79.83669811897656 145.47279492187494 0 233 2.8329 0.0 8.181805246746432 0.0 4.0 
711 3213003.6 86.57145492243211 79.83669811897656 145.47279492187494 0 233 2.8329 0.0 8.181805246746432 0.0 4.0 
712 3213036.9 86.57998009569768 79.83669811897656 145.47279492187494 0 233 2.8329 0.0 8.181805246746432 0.0 4.0 
713 3213070.2 86.57998009569768 79.85533083398194 145.47279492187494 0 233 2.8329 0.0 8.181805246746432 0.0 4.0 
714 3213103.6 86.57998009569768 79.85533083398194 145.47279492187494 0 233 2.8329 0.0 8.181805246746432 0.0 4.0 
715 3213136.9 86.57998009569768 79.85533083398194 145.47279492187494 0 233 2.8329 0.0 8.181805246746432 0.0 4.0 
716 3213170.2 86.59184590022778 79.87226518237236 145.47279492187494 0 233 2.8329 0.0 8.181805246746432 0.0 4.0 
717 3213203.6 86.59184590022778 79.87226518237236 145.47279492187494 0 233 2.8329 0.0 8.181805246746432 0.0 4.0 
718 3213236.9 86.59184590022778 79.87226518237236 145.47279492187494 0 233 2.8329 0.0 8.181805246746432 0.0 4.0 
719 3213270.3 86.59184590022778 79.87226518237236 145.47279492187494 0 233 2.8329 0.0 8.181805246746432 0.0 4.0 
720 3213303.6 86.59635311068797 79.88168817435309 145.47279492187494 0 233 2.8329 0.0 8.181805246746432 0.0 4.0 
721 3213336.9 86.59635311068797 79.88168817435309 145.47279492187494 0 233 2.8329 0.0 8.181805246746432 0.0 4.0 
722 3213370.3 86.59635311068797 79.88168817435309 145.47279492187494 0 233 2.8329 0.0 8.181805246746432 0.0 4.0 
723 3213403.6 86.59873741276867 79.88168817435309 145.47279492187494 0 233 2.8329 0.0 8.181805246746432 0.0 4.0 
724 3213436.9 86.59873741276867 79.88339279876827 145.47279492187494 0 233 2.8329 0.0 8.181805246746432 0.0 4.0 
725 3213470.3 86.59873741276867 79.88339279876827 145.47279492187494 0 233 2.8329 0.0 8.181805246746432 0.0 4.0 
726 3213503.6 86.60145657338349 79.88339279876827 145.47279492187494 0 233 2.8329 0.0 8.181805246746432 0.0 4.0 
727 3213536.9 86.60145657338349 79.88582219732305 145.47279492187494 0 233 2.8329 0.0 8.181805246746432 0.0 4.0 
728 3213570.3 86.60145657338349 79.88582219732305 145.47279492187494 0 233 2.8329 0.0 8.181805246746432 0.0 4.0 
729 3213603.6 86.60145657338349 79.88582219732305 145.47279492187494 0 233 2.8329 0.0 8.181805246746432 0.0 4.0 
730 3213636.9 86.60617199551862 79.88582219732305 145.47279492187494 0 233 2.8329 0.0 8.181805246746432 0.0 4.0 
731 3213670.3 86.60617199551862 79.89068196884061 145.47279492187494 0 233 2.8329 0.0 8.181805246746432 0.0 4.0 
732 3213703.6 86.60617199551862 79.89068196884061 145.47279492187494 0 233 2.8329 0.0 8.181805246746432 0.0 4.0 
733 3213737.0 86.60617199551862 79.89068196884061 145.47279492187494 0 233 2.8329 0.0 8.181805246746432 0.0 4.0 
734 3213770.3 86.60899511449965 79.89068196884061 145.47279492187494 0 233 2.8329 0.0 8.181805246746432 0.0 4.0 
735 3213803.6 86.60899511449965 79.89458590618054 145.47279492187494 0 233 2.8329 0.0 8.181805246746432 0.0 4.0 
736 3213837.0 86.60899511449965 79.89458590618054 145.47279492187494 0 233 2.8329 0.0 8.181805246746432 0.0 4.0 
737 3213870.3 86.60899511449965 79.89458590618054 145.47279492187494 0 233 2.8329 0.0 8.181805246746432 0.0 4.0 
738 3213903.6 86.6154720112048 79.89964973181952 145.47279492187494 0 233 2.8329 0.0 8.181805246746432 0.0 4.0 
739 3213937.0 86.6154720112048 79.89964973181952 145.47279492187494 0 233 2.8329 0.0 8.181805246746432 0.0 4.0 
740 3213970.3 86.6154720112048 79.89964973181952 145.47279492187494 0 233 2.8329 0.0 8.181805246746432 0.0 4.0 
741 3214003.6 86.62454821761737 79.90541381670468 145.47279492187494 0 233 2.8329 0.0 8.181805246746432 0.0 4.0 
742 3214037.0 86.62454821761737 79.90541381670468 145.47279492187494 0 233 2.8329 0.0 8.181805246746432 0.0 4.0 
743 3214070.3 86.62454821761737 79.90541381670468 145.47279492187494 0 233 2.8329 0.0 8.181805246746432 0.0 4.0 
744 3214103.7 86.62454821761737 79.90541381670468 145.47279492187494 0 233 2.8329 0.0 8.181805246746432 0.0 4.0 
745 3214137.0 86.62662738586462 79.90541381670468 145.47279492187494 0 233 2.8329 0.0 8.181805246746432 0.0 4.0 
746 3214170.3 86.62662738586462 79.90912528392977 145.47279492187494 0 233 2.8329 0.0 8.181805246746432 0.0 4.0 
747 3214203.7 86.62662738586462 79.90912528392977 145.47279492187494 0 233 2.8329 0.0 8.181805246746432 0.0 4.0 
748 3214237.0 86.62960585896417 79.90912528392977 145.47279492187494 0 233 2.8329 0.0 8.181805246746432 0.0 4.0 
749 3214270.3 86.62960585896417 79.91475729306353 145.47279492187494 0 233 2.8329 0.0 8.181805246746432 0.0 4.0 
750 3214303.7 86.62960585896417 79.91475729306353 145.47279492187494 0 233 2.8329 0.0 8.181805246746432 0.0 4.0 
751 3214337.0 86.62960585896417 79.91475729306353 145.47279492187494 0 233 2.8329 0.0 8.181805246746432 0.0 4.0 
752 3214370.3 86.62960585896417 79.91475729306353 145.47279492187494 0 233 2.8329 0.0 8.181805246746432 0.0 4.0 
753 3214403.7 86.62960585896417 79.91475729306353 145.47279492187494 0 233 2.8329 0.0 8.181805246746432 0.0 4.0 
754 3214437.0 86.62960585896417 79.91475729306353 145.47279492187494 0 233 2.8329 0.0 8.181805246746432 0.0 4.0 
755 3214470.3 86.62509503699523 79.91968017762353 145.47279492187494 0 233 2.8329 0.0 8.181805246746432 0.0 4.0 
756 3214503.7 86.62509503699523 79.91968017762353 145.47279492187494 0 233 2.8329 0.0 8.181805246746432 0.0 4.0 
757 3214537.0 86.62509503699523 79.91968017762353 145.47279492187494 0 233 2.8329 0.0 8.181805246746432 0.0 4.0 
758 3214570.4 86.61661166073155 79.91968017762353 145.47279492187494 0 233 2.8329 0.0 8.181805246746432 0.0 4.0 
759 3214603.7 86.61661166073155 79.91828704251935 145.47279492187494 0 233 2.8329 0.0 8.181805246746432 0.0 4.0 
760 3214637.0 86.61661166073155 79.91828704251935 145.47279492187494 0 233 2.8329 0.0 8.181805246746432 0.0 4.0 
761 3214670.4 86.61274914015408 79.91828704251935 145.47279492187494 0 233 2.8329 0.0 8.181805246746432 0.0 4.0 
762 3214703.7 86.61274914015408 79.91665216643955 145.47279492187494 0 233 2.8329 0.0 8.181805246746432 0.0 4.0 
763 3214737.0 86.61274914015408 79.91665216643955 145.47279492187494 0 233 2.8329 0.0 8.181805246746432 0.0 4.0 
764 3214770.4 86.61274914015408 79.91665216643955 145.47279492187494 0 233 2.8329 0.0 8.181805246746432 0.0 4.0 
765 3214803.7 86.59933860911799 79.89368620619115 145.47279492187494 0 233 2.8329 0.0 8.181805246746432 0.0 4.0 
766 3214837.0 86.59933860911799 79.89368620619115 145.47279492187494 0 233 2.8329 0.0 8.181805246746432 0.0 4.0 
767 3214870.4 86.59933860911799 79.89368620619115 145.47279492187494 0 233 2.8329 0.0 8.181805246746432 0.0 4.0 
768 3214903.7 86.59205970073722 79.89368620619115 145.47279492187494 0 233 2.8329 0.0 8.181805246746432 0.0 4.0 
769 3214937.1 86.59205970073722 79.86374532496856 145.47279492187494 0 233 2.8329 0.0 8.181805246746432 0.0 4.0 
770 3214970.4 86.59205970073722 79.86374532496856 145.47279492187494 0 233 2.8329 0.0 8.181805246746432 0.0 4.0 
771 3215003.7 86.59205970073722 79.86374532496856 145.47279492187494 0 233 2.8329 0.0 8.181805246746432 0.0 4.0 
772 3215037.1 86.58912711461176 79.86374532496856 145.47279492187494 0 233 2.8329 0.0 8.181805246746432 0.0 4.0 
773 3215070.4 86.58912711461176 79.847542603766 145.47279492187494 0 233 2.8329 0.0 8.181805246746432 0.0 4.0 
774 3215103.7 86.58912711461176 79.847542603766 145.47279492187494 0 233 2.8329 0.0 8.181805246746432 0.0 4.0 
775 3215137.1 86.58912711461176 79.82887329111932 145.47279492187494 0 233 2.8329 0.0 8.181805246746432 0.0 4.0 
776 3215170.4 86.58912711461176 79.82887329111932 145.47279492187494 0 233 2.8329 0.0 8.181805246746432 0.0 4.0 
777 3215203.7 86.58912711461176 79.82887329111932 145.47279492187494 0 233 2.8329 0.0 8.181805246746432 0.0 4.0 
778 3215237.1 86.59020976140626 79.82887329111932 145.47279492187494 0 233 2.8329 0.0 8.181805246746432 0.0 4.0 
779 3215270.4 86.59020976140626 79.81253104565549 145.47279492187494 0 233 2.8329 0.0 8.181805246746432 0.0 4.0 
780 3215303.7 86.59020976140626 79.81253104565549 145.47279492187494 0 233 2.8329 0.0 8.181805246746432 0.0 4.0 
781 3215337.1 86.59020976140626 79.81253104565549 145.47279492187494 0 233 2.8329 0.0 8.181805246746432 0.0 4.0 
782 3215370.4 86.59767624708581 79.81253104565549 145.47279492187494 0 233 2.8329 0.0 8.181805246746432 0.0 4.0 
783 3215403.8 86.59767624708581 79.78309759053741 145.47279492187494 0 233 2.8329 0.0 8.181805246746432 0.0 4.0 
784 3215437.1 86.59767624708581 79.78309759053741 145.47279492187494 0 233 2.8329 0.0 8.181805246746432 0.0 4.0 
785 3215470.4 86.59767624708581 79.78309759053741 145.47279492187494 0 233 2.8329 0.0 8.181805246746432 0.0 4.0 
786 3215503.8 86.60616642398017 79.78309759053741 145.47279492187494 0 233 2.8329 0.0 8.181805246746432 0.0 4.0 
787 3215537.1 86.60616642398017 79.76711055334555 145.47279492187494 0 233 2.8329 0.0 8.181805246746432 0.0 4.0 
788 3215570.4 86.60616642398017 79.76711055334555 145.47279492187494 0 233 2.8329 0.0 8.181805246746432 0.0 4.0 
789 3215603.8 86.60616642398017 79.76711055334555 145.47279492187494 0 233 2.8329 0.0 8.181805246746432 0.0 4.0 
790 3215637.1 86.6151194384278 79.76711055334555 145.47279492187494 0 233 2.8329 0.0 8.181805246746432 0.0 4.0 
791 3215670.4 86.6151194384278 79.75249727171122 145.47279492187494 0 233 2.8329 0.0 8.181805246746432 0.0 4.0 
792 3215703.8 86.6151194384278 79.75249727171122 145.47279492187494 0 233 2.8329 0.0 8.181805246746432 0.0 4.0 
793 3215737.1 86.61784783452606 79.75249727171122 145.47279492187494 0 233 2.8329 0.0 8.181805246746432 0.0 4.0 
794 3215770.5 86.61784783452606 79.7461903874104 145.47279492187494 0 233 2.8329 0.0 8.181805246746432 0.0 4.0 
795 3215803.8 86.61784783452606 79.7461903874104 145.47279492187494 0 233 2.8329 0.0 8.181805246746432 0.0 4.0 
796 3215837.1 86.61916857258878 79.7461903874104 145.47279492187494 0 233 2.8329 0.0 8.181805246746432 0.0 4.0 
797 3215870.5 86.61916857258878 79.74106550760044 145.47279492187494 0 233 2.8329 0.0 8.181805246746432 0.0 4.0 
798 3215903.8 86.61916857258878 79.74106550760044 145.47279492187494 0 233 2.8329 0.0 8.181805246746432 0.0 4.0 
799 3215937.1 86.61916857258878 79.74106550760044 145.47279492187494 0 233 2.8329 0.0 8.181805246746432 0.0 4.0 
800 3215970.5 86.61658062000967 79.74106550760044 145.47279492187494 0 233 2.8329 0.0 8.181805246746432 0.0 4.0 
801 3216003.8 86.61658062000967 79.74106550760044 145.47279492187494 0 233 2.8329 0.0 8.181805246746432 0.0 4.0 
802 3216037.1 86.61409783558652 79.74106550760044 145.47279492187494 0 233 2.8329 0.0 8.181805246746432 0.0 4.0 
803 3216070.5 86.61409783558652 79.7435038744632 145.47279492187494 0 233 2.8329 0.0 8.181805246746432 0.0 4.0 
804 3216103.8 86.61409783558652 79.7435038744632 145.47279492187494 0 233 2.8329 0.0 8.181805246746432 0.0 4.0 
805 3216137.1 86.61409783558652 79.7435038744632 145.47279492187494 0 233 2.8329 0.0 8.181805246746432 0.0 4.0 
806 3216170.5 86.61721241387679 79.7435038744632 145.47279492187494 0 233 2.8329 0.0 8.181805246746432 0.0 4.0 
807 3216203.8 86.61721241387679 79.76233349971054 145.47279492187494 0 233 2.8329 0.0 8.181805246746432 0.0 4.0 
808 3216237.2 86.61721241387679 79.76233349971054 145.47279492187494 0 233 2.8329 0.0 8.181805246746432 0.0 4.0 
809 3216270.5 86.62502178068308 79.76233349971054 145.47279492187494 0 233 2.8329 0.0 8.181805246746432 0.0 4.0 
810 3216303.8 86.62502178068308 79.77986658875379 145.47279492187494 0 233 2.8329 0.0 8.181805246746432 0.0 4.0 
811 3216337.2 86.62502178068308 79.77986658875379 145.47279492187494 0 233 2.8329 0.0 8.181805246746432 0.0 4.0 
812 3216370.5 86.62718557680307 79.7852384125118 145.47279492187494 0 233 2.8329 0.0 8.181805246746432 0.0 4.0 
813 3216403.8 86.62718557680307 79.7852384125118 145.47279492187494 0 233 2.8329 0.0 8.181805246746432 0.0 4.0 
814 3216437.2 86.62718557680307 79.7852384125118 145.47279492187494 0 233 2.8329 0.0 8.181805246746432 0.0 4.0 
815 3216470.5 86.62718557680307 79.78863160133442 145.47279492187494 0 233 2.8329 0.0 8.181805246746432 0.0 4.0 
816 3216503.8 86.62718557680307 79.78863160133442 145.47279492187494 0 233 2.8329 0.0 8.181805246746432 0.0 4.0 
817 3216537.2 86.62718557680307 79.78863160133442 145.47279492187494 0 233 2.8329 0.0 8.181805246746432 0.0 4.0 
818 3216570.5 86.6237681694313 79.78863160133442 145.47279492187494 0 233 2.8329 0.0 8.181805246746432 0.0 4.0 
819 3216603.9 86.6237681694313 79.79030809697802 145.47279492187494 0 233 2.8329 0.0 8.181805246746432 0.0 4.0 
820 3216637.2 86.6237681694313 79.79030809697802 145.47279492187494 0 233 2.8329 0.0 8.181805246746432 0.0 4.0 
821 3216670.5 86.6237681694313 79.79030809697802 145.47279492187494 0 233 2.8329 0.0 8.181805246746432 0.0 4.0 
822 3216703.9 86.60850586311463 79.7925286984365 145.47279492187494 0 233 2.8329 0.0 8.181805246746432 0.0 4.0 
823 3216737.2 86.60850586311463 79.7925286984365 145.47279492187494 0 233 2.8329 0.0 8.181805246746432 0.0 4.0 
824 3216770.5 86.60850586311463 79.7925286984365 145.47279492187494 0 233 2.8329 0.0 8.181805246746432 0.0 4.0 
825 3216803.9 86.60850586311463 79.7925286984365 145.47279492187494 0 233 2.8329 0.0 8.181805246746432 0.0 4.0 
826 3216837.2 86.58739032646572 79.79900077793104 145.47279492187494 0 233 2.8329 0.0 8.181805246746432 0.0 4.0 
827 3216870.5 86.58739032646572 79.79900077793104 145.47279492187494 0 233 2.8329 0.0 8.181805246746432 0.0 4.0 
828 3216903.9 86.58739032646572 79.79900077793104 145.47279492187494 0 233 2.8329 0.0 8.181805246746432 0.0 4.0 
829 3216937.2 86.58739032646572 79.79900077793104 145.47279492187494 0 233 2.8329 0.0 8.181805246746432 0.0 4.0 
830 3216970.5 86.56418113695199 79.79900077793104 145.47279492187494 0 233 2.8329 0.0 8.181805246746432 0.0 4.0 
831 3217003.9 86.56418113695199 79.8072555779697 145.47279492187494 0 233 2.8329 0.0 8.181805246746432 0.0 4.0 
832 3217037.2 86.56418113695199 79.8072555779697 145.47279492187494 0 233 2.8329 0.0 8.181805246746432 0.0 4.0 
833 3217070.6 86.54576248761394 79.8072555779697 145.47279492187494 0 233 2.8329 0.0 8.181805246746432 0.0 4.0 
834 3217103.9 86.54576248761394 79.8072555779697 145.47279492187494 0 233 2.8329 0.0 8.181805246746432 0.0 4.0 
835 3217137.2 86.54576248761394 79.8072555779697 145.47279492187494 0 233 2.8329 0.0 8.181805246746432 0.0 4.0 
836 3217170.6 86.54576248761394 79.8072555779697 145.47279492187494 0 233 2.8329 0.0 8.181805246746432 0.0 4.0 
837 3217203.9 86.52381313316238 79.80423754252773 145.47279492187494 0 233 2.8329 0.0 8.181805246746432 0.0 4.0 
838 3217237.2 86.52381313316238 79.80423754252773 145.47279492187494 0 233 2.8329 0.0 8.181805246746432 0.0 4.0 
839 3217270.6 86.52381313316238 79.80423754252773 145.47279492187494 0 233 2.8329 0.0 8.181805246746432 0.0 4.0 
840 3217303.9 86.52381313316238 79.80423754252773 145.47279492187494 0 233 2.8329 0.0 8.181805246746432 0.0 4.0 
841 3217337.2 86.48870190119062 79.80423754252773 145.47279492187494 0 233 2.8329 0.0 8.181805246746432 0.0 4.0 
842 3217370.6 86.48870190119062 79.8003398067937 145.47279492187494 0 233 2.8329 0.0 8.181805246746432 0.0 4.0 
843 3217403.9 86.48870190119062 79.8003398067937 145.47279492187494 0 233 2.8329 0.0 8.181805246746432 0.0 4.0 
844 3217437.3 86.48870190119062 79.8003398067937 145.47279492187494 0 233 2.8329 0.0 8.181805246746432 0.0 4.0 
845 3217470.6 86.4608145658725 79.8003398067937 145.47279492187494 0 233 2.8329 0.0 8.181805246746432 0.0 4.0 
846 3217503.9 86.4608145658725 79.80575354147565 145.47279492187494 0 233 2.8329 0.0 8.181805246746432 0.0 4.0 
847 3217537.3 86.4608145658725 79.80575354147565 145.47279492187494 0 233 2.8329 0.0 8.181805246746432 0.0 4.0 
848 3217570.6 86.44768028671008 79.80575354147565 145.47279492187494 0 233 2.8329 0.0 8.181805246746432 0.0 4.0 
849 3217603.9 86.44768028671008 79.81393076265505 145.47279492187494 0 233 2.8329 0.0 8.181805246746432 0.0 4.0 
850 3217637.3 86.44768028671008 79.81393076265505 145.47279492187494 0 233 2.8329 0.0 8.181805246746432 0.0 4.0 
851 3217670.6 86.44768028671008 79.81393076265505 145.47279492187494 0 233 2.8329 0.0 8.181805246746432 0.0 4.0 
852 3217703.9 86.43498584914447 79.81393076265505 145.47279492187494 0 233 2.8329 0.0 8.181805246746432 0.0 4.0 
853 3217737.3 86.43498584914447 79.82394887490494 145.47279492187494 0 233 2.8329 0.0 8.181805246746432 0.0 4.0 
854 3217770.6 86.43498584914447 79.82394887490494 145.47279492187494 0 233 2.8329 0.0 8.181805246746432 0.0 4.0 
855 3217803.9 86.42242479761427 79.82394887490494 145.47279492187494 0 233 2.8329 0.0 8.181805246746432 0.0 4.0 
856 3217837.3 86.42242479761427 79.8299197060623 145.47279492187494 0 233 2.8329 0.0 8.181805246746432 0.0 4.0 
857 3217870.6 86.42242479761427 79.8299197060623 145.47279492187494 0 233 2.8329 0.0 8.181805246746432 0.0 4.0 
858 3217904.0 86.41520445092495 79.8299197060623 145.47279492187494 0 233 2.8329 0.0 8.181805246746432 0.0 4.0 
859 3217937.3 86.41520445092495 79.83333921435049 145.47279492187494 0 233 2.8329 0.0 8.181805246746432 0.0 4.0 
860 3217970.6 86.41520445092495 79.83333921435049 145.47279492187494 0 233 2.8329 0.0 8.181805246746432 0.0 4.0 
861 3218004.0 86.41116092033376 79.83333921435049 145.47279492187494 0 233 2.8329 0.0 8.181805246746432 0.0 4.0 
862 3218037.3 86.41116092033376 79.83643674365264 145.47279492187494 0 233 2.8329 0.0 8.181805246746432 0.0 4.0 
863 3218070.6 86.41116092033376 79.83643674365264 145.47279492187494 0 233 2.8329 0.0 8.181805246746432 0.0 4.0 
864 3218104.0 86.40379465444167 79.83643674365264 145.47279492187494 0 233 2.8329 0.0 8.181805246746432 0.0 4.0 
865 3218137.3 86.40379465444167 79.84343968879818 145.47279492187494 0 233 2.8329 0.0 8.181805246746432 0.0 4.0 
866 3218170.6 86.40379465444167 79.84343968879818 145.47279492187494 0 233 2.8329 0.0 8.181805246746432 0.0 4.0 
867 3218204.0 86.40379465444167 79.84343968879818 145.47279492187494 0 233 2.8329 0.0 8.181805246746432 0.0 4.0 
868 3218237.3 86.39820735227663 79.84343968879818 145.47279492187494 0 233 2.8329 0.0 8.181805246746432 0.0 4.0 
869 3218270.7 86.39820735227663 79.84776474428264 145.47279492187494 0 233 2.8329 0.0 8.181805246746432 0.0 4.0 
870 3218304.0 86.39820735227663 79.84776474428264 145.47279492187494 0 233 2.8329 0.0 8.181805246746432 0.0 4.0 
871 3218337.3 86.39133321819484 79.84776474428264 145.47279492187494 0 233 2.8329 0.0 8.181805246746432 0.0 4.0 
872 3218370.7 86.39133321819484 79.85363430637452 145.47279492187494 0 233 2.8329 0.0 8.181805246746432 0.0 4.0 
873 3218404.0 86.39133321819484 79.85363430637452 145.47279492187494 0 233 2.8329 0.0 8.181805246746432 0.0 4.0 
874 3218437.3 86.39133321819484 79.85363430637452 145.47279492187494 0 233 2.8329 0.0 8.181805246746432 0.0 4.0 
875 3218470.7 86.3831666361712 79.85363430637452 145.47279492187494 0 233 2.8329 0.0 8.181805246746432 0.0 4.0 
876 3218504.0 86.3831666361712 79.86465905603913 145.47279492187494 0 233 2.8329 0.0 8.181805246746432 0.0 4.0 
877 3218537.3 86.3831666361712 79.86465905603913 145.47279492187494 0 233 2.8329 0.0 8.181805246746432 0.0 4.0 
878 3218570.7 86.3831666361712 79.86465905603913 145.47279492187494 0 233 2.8329 0.0 8.181805246746432 0.0 4.0 
879 3218604.0 86.38055963016592 79.86465905603913 145.47279492187494 0 233 2.8329 0.0 8.181805246746432 0.0 4.0 
880 3218637.3 86.38055963016592 79.87388227235208 145.47279492187494 0 233 2.8329 0.0 8.181805246746432 0.0 4.0 
881 3218670.7 86.38055963016592 79.87388227235208 145.47279492187494 0 233 2.8329 0.0 8.181805246746432 0.0 4.0 
882 3218704.0 86.38055963016592 79.87388227235208 145.47279492187494 0 233 2.8329 0.0 8.181805246746432 0.0 4.0 
883 3218737.4 86.37930016492187 79.87717528745453 145.47279492187494 0 233 2.8329 0.0 8.181805246746432 0.0 4.0 
884 3218770.7 86.37930016492187 79.87717528745453 145.47279492187494 0 233 2.8329 0.0 8.181805246746432 0.0 4.0 
885 3218804.0 86.37930016492187 79.87717528745453 145.47279492187494 0 233 2.8329 0.0 8.181805246746432 0.0 4.0 
886 3218837.4 86.3767555413682 79.87717528745453 145.47279492187494 0 233 2.8329 0.0 8.181805246746432 0.0 4.0 
887 3218870.7 86.3767555413682 79.88936541906558 145.47279492187494 0 233 2.8329 0.0 8.181805246746432 0.0 4.0 
888 3218904.0 86.3767555413682 79.88936541906558 145.47279492187494 0 233 2.8329 0.0 8.181805246746432 0.0 4.0 
889 3218937.4 86.3767555413682 79.88936541906558 145.47279492187494 0 233 2.8329 0.0 8.181805246746432 0.0 4.0 
890 3218970.7 86.37329445730843 79.88936541906558 145.47279492187494 0 233 2.8329 0.0 8.181805246746432 0.0 4.0 
891 3219004.0 86.37329445730843 79.90529410498618 145.47279492187494 0 233 2.8329 0.0 8.181805246746432 0.0 4.0 
892 3219037.4 86.37329445730843 79.90529410498618 145.47279492187494 0 233 2.8329 0.0 8.181805246746432 0.0 4.0 
893 3219070.7 86.37329445730843 79.90529410498618 145.47279492187494 0 233 2.8329 0.0 8.181805246746432 0.0 4.0 
894 3219104.1 86.36989662629043 79.92624564476034 145.47279492187494 0 233 2.8329 0.0 8.181805246746432 0.0 4.0 
895 3219137.4 86.36989662629043 79.92624564476034 145.47279492187494 0 233 2.8329 0.0 8.181805246746432 0.0 4.0 
896 3219170.7 86.36989662629043 79.92624564476034 145.47279492187494 0 233 2.8329 0.0 8.181805246746432 0.0 4.0 
897 3219204.1 86.36989662629043 79.92624564476034 145.47279492187494 0 233 2.8329 0.0 8.181805246746432 0.0 4.0 
898 3219237.4 86.36775034453736 79.93627185540625 145.47279492187494 0 233 2.8329 0.0 8.181805246746432 0.0 4.0 
899 3219270.7 86.36775034453736 79.93627185540625 145.47279492187494 0 233 2.8329 0.0 8.181805246746432 0.0 4.0 
900 3219304.1 86.36775034453736 79.93627185540625 145.47279492187494 0 233 2.8329 0.0 8.181805246746432 0.0 4.0 
901 3219337.4 86.36775034453736 79.93627185540625 145.47279492187494 0 233 2.8329 0.0 8.181805246746432 0.0 4.0 
902 3219370.7 86.36520271153168 79.93627185540625 145.47279492187494 0 233 2.8329 0.0 8.181805246746432 0.0 4.0 
903 3219404.1 86.36520271153168 79.95159575210593 145.47279492187494 0 233 2.8329 0.0 8.181805246746432 0.0 4.0 
904 3219437.4 86.36520271153168 79.95159575210593 145.47279492187494 0 233 2.8329 0.0 8.181805246746432 0.0 4.0 
905 3219470.7 86.3668341623329 79.96587283535263 145.47279492187494 0 233 2.8329 0.0 8.181805246746432 0.0 4.0 
906 3219504.1 86.3668341623329 79.96587283535263 145.47279492187494 0 233 2.8329 0.0 8.181805246746432 0.0 4.0 
907 3219537.4 86.3668341623329 79.96587283535263 145.47279492187494 0 233 2.8329 0.0 8.181805246746432 0.0 4.0 
908 3219570.8 86.3668341623329 79.97259062001454 145.47279492187494 0 233 2.8329 0.0 8.181805246746432 0.0 4.0 
909 3219604.1 86.3668341623329 79.97259062001454 145.47279492187494 0 233 2.8329 0.0 8.181805246746432 0.0 4.0 
910 3219637.4 86.3668341623329 79.97259062001454 145.47279492187494 0 233 2.8329 0.0 8.181805246746432 0.0 4.0 
911 3219670.8 86.3668341623329 79.97259062001454 145.47279492187494 0 233 2.8329 0.0 8.181805246746432 0.0 4.0 
912 3219704.1 86.37124000157425 79.97259062001454 145.47279492187494 0 233 2.8329 0.0 8.181805246746432 0.0 4.0 
913 3219737.4 86.37124000157425 79.98478280507733 145.47279492187494 0 233 2.8329 0.0 8.181805246746432 0.0 4.0 
914 3219770.8 86.37124000157425 79.98478280507733 145.47279492187494 0 233 2.8329 0.0 8.181805246746432 0.0 4.0 
915 3219804.1 86.37124000157425 79.98478280507733 145.47279492187494 0 233 2.8329 0.0 8.181805246746432 0.0 4.0 
916 3219837.4 86.37628454164991 79.98478280507733 145.47279492187494 0 233 2.8329 0.0 8.181805246746432 0.0 4.0 
917 3219870.8 86.37628454164991 80.00222120171927 145.47279492187494 0 233 2.8329 0.0 8.181805246746432 0.0 4.0 
918 3219904.1 86.37628454164991 80.00222120171927 145.47279492187494 0 233 2.8329 0.0 8.181805246746432 0.0 4.0 
919 3219937.5 86.38138994347993 80.00989460484757 145.47279492187494 0 233 2.8329 0.0 8.181805246746432 0.0 4.0 
920 3219970.8 86.38138994347993 80.00989460484757 145.47279492187494 0 233 2.8329 0.0 8.181805246746432 0.0 4.0 
921 3220004.1 86.38138994347993 80.00989460484757 145.47279492187494 0 233 2.8329 0.0 8.181805246746432 0.0 4.0 
922 3220037.5 86.38138994347993 80.00989460484757 145.47279492187494 0 233 2.8329 0.0 8.181805246746432 0.0 4.0 
923 3220070.8 86.38814936918887 80.00989460484757 145.47279492187494 0 233 2.8329 0.0 8.181805246746432 0.0 4.0 
924 3220104.1 86.38814936918887 80.02396384797268 145.47279492187494 0 233 2.8329 0.0 8.181805246746432 0.0 4.0 
925 3220137.5 86.38814936918887 80.02396384797268 145.47279492187494 0 233 2.8329 0.0 8.181805246746432 0.0 4.0 
926 3220170.8 86.39269167844327 80.02396384797268 145.47279492187494 0 233 2.8329 0.0 8.181805246746432 0.0 4.0 
927 3220204.1 86.39269167844327 80.03374692890011 145.47279492187494 0 233 2.8329 0.0 8.181805246746432 0.0 4.0 
928 3220237.5 86.39269167844327 80.03374692890011 145.47279492187494 0 233 2.8329 0.0 8.181805246746432 0.0 4.0 
929 3220270.8 86.39269167844327 80.04781902694278 145.47279492187494 0 233 2.8329 0.0 8.181805246746432 0.0 4.0 
930 3220304.1 86.39269167844327 80.04781902694278 145.47279492187494 0 233 2.8329 0.0 8.181805246746432 0.0 4.0 
931 3220337.5 86.39269167844327 80.04781902694278 145.47279492187494 0 233 2.8329 0.0 8.181805246746432 0.0 4.0 
932 3220370.8 86.39153152546693 80.05099327771576 145.47279492187494 0 233 2.8329 0.0 8.181805246746432 0.0 4.0 
933 3220404.2 86.39153152546693 80.05099327771576 145.47279492187494 0 233 2.8329 0.0 8.181805246746432 0.0 4.0 
934 3220437.5 86.38954839722616 80.05570418700042 145.47279492187494 0 233 2.8329 0.0 8.181805246746432 0.0 4.0 
935 3220470.8 86.38954839722616 80.05570418700042 145.47279492187494 0 233 2.8329 0.0 8.181805246746432 0.0 4.0 
936 3220504.2 86.38954839722616 80.05570418700042 145.47279492187494 0 233 2.8329 0.0 8.181805246746432 0.0 4.0 
937 3220537.5 86.38623422091426 80.05570418700042 145.47279492187494 0 233 2.8329 0.0 8.181805246746432 0.0 4.0 
938 3220570.8 86.38623422091426 80.05751537765377 145.47279492187494 0 233 2.8329 0.0 8.181805246746432 0.0 4.0 
939 3220604.2 86.38623422091426 80.05751537765377 145.47279492187494 0 233 2.8329 0.0 8.181805246746432 0.0 4.0 
940 3220637.5 86.38320024226368 80.06019406691442 145.47279492187494 0 233 2.8329 0.0 8.181805246746432 0.0 4.0 
941 3220670.8 86.38320024226368 80.06019406691442 145.47279492187494 0 233 2.8329 0.0 8.181805246746432 0.0 4.0 
942 3220704.2 86.38320024226368 80.06019406691442 145.47279492187494 0 233 2.8329 0.0 8.181805246746432 0.0 4.0 
943 3220737.5 86.3819310197558 80.06019406691442 145.47279492187494 0 233 2.8329 0.0 8.181805246746432 0.0 4.0 
944 3220770.9 86.3819310197558 80.06019406691442 145.47279492187494 0 233 2.8329 0.0 8.181805246746432 0.0 4.0 
945 3220804.2 86.3819310197558 80.06019406691442 145.47279492187494 0 233 2.8329 0.0 8.181805246746432 0.0 4.0 
946 3220837.5 86.3800931932333 80.06019406691442 145.47279492187494 0 233 2.8329 0.0 8.181805246746432 0.0 4.0 
947 3220870.9 86.3800931932333 80.06266098344467 145.47279492187494 0 233 2.8329 0.0 8.181805246746432 0.0 4.0 
948 3220904.2 86.3800931932333 80.06266098344467 145.47279492187494 0 233 2.8329 0.0 8.181805246746432 0.0 4.0 
949 3220937.5 86.3800931932333 80.06266098344467 145.47279492187494 0 233 2.8329 0.0 8.181805246746432 0.0 4.0 
950 3220970.9 86.3775793386314 80.06266098344467 145.47279492187494 0 233 2.8329 0.0 8.181805246746432 0.0 4.0 
951 3221004.2 86.3775793386314 80.06266098344467 145.47279492187494 0 233 2.8329 0.0 8.181805246746432 0.0 4.0 
952 3221037.5 86.3775793386314 80.06266098344467 145.47279492187494 0 233 2.8329 0.0 8.181805246746432 0.0 4.0 
953 3221070.9 86.37588276070291 80.06266098344467 145.47279492187494 0 233 2.8329 0.0 8.181805246746432 0.0 4.0 
954 3221104.2 86.37588276070291 80.06450778484835 145.47279492187494 0 233 2.8329 0.0 8.181805246746432 0.0 4.0 
955 3221137.5 86.37588276070291 80.06450778484835 145.47279492187494 0 233 2.8329 0.0 8.181805246746432 0.0 4.0 
956 3221170.9 86.37588276070291 80.06450778484835 145.47279492187494 0 233 2.8329 0.0 8.181805246746432 0.0 4.0 
957 3221204.2 86.37286114591664 80.06450778484835 145.47279492187494 0 233 2.8329 0.0 8.181805246746432 0.0 4.0 
958 3221237.6 86.37286114591664 80.06576625562727 145.47279492187494 0 233 2.8329 0.0 8.181805246746432 0.0 4.0 
959 3221270.9 86.37286114591664 80.06576625562727 145.47279492187494 0 233 2.8329 0.0 8.181805246746432 0.0 4.0 
960 3221304.2 86.37286114591664 80.06576625562727 145.47279492187494 0 233 2.8329 0.0 8.181805246746432 0.0 4.0 
961 3221337.6 86.36900542692926 80.06576625562727 145.47279492187494 0 233 2.8329 0.0 8.181805246746432 0.0 4.0 
962 3221370.9 86.36900542692926 80.07094393107269 145.47279492187494 0 233 2.8329 0.0 8.181805246746432 0.0 4.0 
963 3221404.2 86.36900542692926 80.07094393107269 145.47279492187494 0 233 2.8329 0.0 8.181805246746432 0.0 4.0 
964 3221437.6 86.36900542692926 80.07094393107269 145.47279492187494 0 233 2.8329 0.0 8.181805246746432 0.0 4.0 
965 3221470.9 86.36445438246285 80.08370365042295 145.47279492187494 0 233 2.8329 0.0 8.181805246746432 0.0 4.0 
966 3221504.2 86.36445438246285 80.08370365042295 145.47279492187494 0 233 2.8329 0.0 8.181805246746432 0.0 4.0 
967 3221537.6 86.36445438246285 80.08370365042295 145.47279492187494 0 233 2.8329 0.0 8.181805246746432 0.0 4.0 
968 3221570.9 86.36139562724979 80.08370365042295 145.47279492187494 0 233 2.8329 0.0 8.181805246746432 0.0 4.0 
969 3221604.3 86.36139562724979 80.09201137926226 145.47279492187494 0 233 2.8329 0.0 8.181805246746432 0.0 4.0 
970 3221637.6 86.36139562724979 80.09201137926226 145.47279492187494 0 233 2.8329 0.0 8.181805246746432 0.0 4.0 
971 3221670.9 86.35852826400468 80.09201137926226 145.47279492187494 0 233 2.8329 0.0 8.181805246746432 0.0 4.0 
972 3221704.3 86.35852826400468 80.09800810972962 145.47279492187494 0 233 2.8329 0.0 8.181805246746432 0.0 4.0 
973 3221737.6 86.35852826400468 80.09800810972962 145.47279492187494 0 233 2.8329 0.0 8.181805246746432 0.0 4.0 
974 3221770.9 86.35852826400468 80.09800810972962 145.47279492187494 0 233 2.8329 0.0 8.181805246746432 0.0 4.0 
975 3221804.3 86.36321119245619 80.09800810972962 145.47279492187494 0 233 2.8329 0.0 8.181805246746432 0.0 4.0 
976 3221837.6 86.36321119245619 80.05679712856397 145.47279492187494 0 233 2.8329 0.0 8.181805246746432 0.0 4.0 
977 3221870.9 86.36321119245619 80.05679712856397 145.47279492187494 0 233 2.8329 0.0 8.181805246746432 0.0 4.0 
978 3221904.3 86.36321119245619 80.05679712856397 145.47279492187494 0 233 2.8329 0.0 8.181805246746432 0.0 4.0 
979 3221937.6 86.36321119245619 80.05679712856397 145.47279492187494 0 233 2.8329 0.0 8.181805246746432 0.0 4.0 
980 3221970.9 86.37222982020643 80.05679712856397 145.47279492187494 0 233 2.8329 0.0 8.181805246746432 0.0 4.0 
981 3222004.3 86.37222982020643 80.01120264812582 145.47279492187494 0 233 2.8329 0.0 8.181805246746432 0.0 4.0 
982 3222037.6 86.37222982020643 80.01120264812582 145.47279492187494 0 233 2.8329 0.0 8.181805246746432 0.0 4.0 
983 3222071.0 86.37222982020643 80.01120264812582 145.47279492187494 0 233 2.8329 0.0 8.181805246746432 0.0 4.0 
984 3222104.3 86.37222982020643 80.01120264812582 145.47279492187494 0 233 2.8329 0.0 8.181805246746432 0.0 4.0 
985 3222137.6 86.37693762716674 80.01120264812582 145.47279492187494 0 233 2.8329 0.0 8.181805246746432 0.0 4.0 
986 3222171.0 86.37693762716674 80.01573106335763 145.47279492187494 0 233 2.8329 0.0 8.181805246746432 0.0 4.0 
987 3222204.3 86.37693762716674 80.01573106335763 145.47279492187494 0 233 2.8329 0.0 8.181805246746432 0.0 4.0 
988 3222237.6 86.3818983177769 80.07341307284733 145.47279492187494 0 233 2.8329 0.0 8.181805246746432 0.0 4.0 
989 3222271.0 86.3818983177769 80.07341307284733 145.47279492187494 0 233 2.8329 0.0 8.181805246746432 0.0 4.0 
990 3222304.3 86.3818983177769 80.07341307284733 145.47279492187494 0 233 2.8329 0.0 8.181805246746432 0.0 4.0 
991 3222337.6 86.3818983177769 80.07341307284733 145.47279492187494 0 233 2.8329 0.0 8.181805246746432 0.0 4.0 
992 3222371.0 86.37998139924699 80.12680028762016 145.47279492187494 0 233 2.8329 0.0 8.181805246746432 0.0 4.0 
993 3222404.3 86.37998139924699 80.12680028762016 145.47279492187494 0 233 2.8329 0.0 8.181805246746432 0.0 4.0 
994 3222437.7 86.37998139924699 80.12680028762016 145.47279492187494 0 233 2.8329 0.0 8.181805246746432 0.0 4.0 
995 3222471.0 86.37998139924699 80.12680028762016 145.47279492187494 0 233 2.8329 0.0 8.181805246746432 0.0 4.0 
996 3222504.3 86.37998139924699 80.12680028762016 145.47279492187494 0 233 2.8329 0.0 8.181805246746432 0.0 4.0 
997 3222537.7 86.37252303115325 80.14813920451179 145.47279492187494 0 233 2.8329 0.0 8.181805246746432 0.0 4.0 
998 3222571.0 86.37252303115325 80.14813920451179 145.47279492187494 0 233 2.8329 0.0 8.181805246746432 0.0 4.0 
999 3222604.3 86.37252303115325 80.14813920451179 145.47279492187494 0 233 2.8329 0.0 8.181805246746432 0.0 4.0 
1000 3222637.7 86.37252303115325 80.14813920451179 145.47279492187494 0 233 2.8329 0.0 8.181805246746432 0.0 4.0 
1001 3222671.0 86.35729505677203 80.1639657039672 145.47279492187494 0 233 2.8329 0.0 8.181805246746432 0.0 4.0 
1002 3222704.3 86.35729505677203 80.1639657039672 145.47279492187494 0 233 2.8329 0.0 8.181805246746432 0.0 4.0 
1003 3222737.7 86.35729505677203 80.1639657039672 145.47279492187494 0 233 2.8329 0.0 8.181805246746432 0.0 4.0 
1004 3222771.0 86.3417086423017 80.1639657039672 145.47279492187494 0 233 2.8329 0.0 8.181805246746432 0.0 4.0 
1005 3222804.3 86.3417086423017 80.17471353386911 145.47279492187494 0 233 2.8329 0.0 8.181805246746432 0.0 4.0 
1006 3222837.7 86.3417086423017 80.17471353386911 145.47279492187494 0 233 2.8329 0.0 8.181805246746432 0.0 4.0 
1007 3222871.0 86.32865289471317 80.17471353386911 145.47279492187494 0 233 2.8329 0.0 8.181805246746432 0.0 4.0 
1008 3222904.4 86.32865289471317 80.18135540710091 145.47279492187494 0 233 2.8329 0.0 8.181805246746432 0.0 4.0 
1009 3222937.7 86.32865289471317 80.18135540710091 145.47279492187494 0 233 2.8329 0.0 8.181805246746432 0.0 4.0 
1010 3222971.0 86.32167710868009 80.18135540710091 145.47279492187494 0 233 2.8329 0.0 8.181805246746432 0.0 4.0 
1011 3223004.4 86.32167710868009 80.18572990504761 145.47279492187494 0 233 2.8329 0.0 8.181805246746432 0.0 4.0 
1012 3223037.7 86.32167710868009 80.18572990504761 145.47279492187494 0 233 2.8329 0.0 8.181805246746432 0.0 4.0 
1013 3223071.0 86.32167710868009 80.18572990504761 145.47279492187494 0 233 2.8329 0.0 8.181805246746432 0.0 4.0 
1014 3223104.4 86.31323805314481 80.19259719375243 145.47279492187494 0 233 2.8329 0.0 8.181805246746432 0.0 4.0 
1015 3223137.7 86.31323805314481 80.19259719375243 145.47279492187494 0 233 2.8329 0.0 8.181805246746432 0.0 4.0 
1016 3223171.0 86.31323805314481 80.19259719375243 145.47279492187494 0 233 2.8329 0.0 8.181805246746432 0.0 4.0 
1017 3223204.4 86.31323805314481 80.19259719375243 145.47279492187494 0 233 2.8329 0.0 8.181805246746432 0.0 4.0 
1018 3223237.7 86.30770352975152 80.19259719375243 145.47279492187494 0 233 2.8329 0.0 8.181805246746432 0.0 4.0 
1019 3223271.1 86.30770352975152 80.20116414178776 145.47279492187494 0 233 2.8329 0.0 8.181805246746432 0.0 4.0 
1020 3223304.4 86.30770352975152 80.20116414178776 145.47279492187494 0 233 2.8329 0.0 8.181805246746432 0.0 4.0 
1021 3223337.7 86.31096102156593 80.20116414178776 145.47279492187494 0 233 2.8329 0.0 8.181805246746432 0.0 4.0 
1022 3223371.1 86.31096102156593 80.2135980356425 145.47279492187494 0 233 2.8329 0.0 8.181805246746432 0.0 4.0 
1023 3223404.4 86.31096102156593 80.2135980356425 145.47279492187494 0 233 2.8329 0.0 8.181805246746432 0.0 4.0 
1024 3223437.7 86.31643869647124 80.2135980356425 145.47279492187494 0 233 2.8329 0.0 8.181805246746432 0.0 4.0 
1025 3223471.1 86.31643869647124 80.21564670142372 145.47279492187494 0 233 2.8329 0.0 8.181805246746432 0.0 4.0 
1026 3223504.4 86.31643869647124 80.21564670142372 145.47279492187494 0 233 2.8329 0.0 8.181805246746432 0.0 4.0 
1027 3223537.7 86.31643869647124 80.21564670142372 145.47279492187494 0 233 2.8329 0.0 8.181805246746432 0.0 4.0 
1028 3223571.1 86.32197763240916 80.21909689965412 145.47279492187494 0 233 2.8329 0.0 8.181805246746432 0.0 4.0 
1029 3223604.4 86.32197763240916 80.21909689965412 145.47279492187494 0 233 2.8329 0.0 8.181805246746432 0.0 4.0 
1030 3223637.7 86.32197763240916 80.21909689965412 145.47279492187494 0 233 2.8329 0.0 8.181805246746432 0.0 4.0 
1031 3223671.1 86.32408366211719 80.21909689965412 145.47279492187494 0 233 2.8329 0.0 8.181805246746432 0.0 4.0 
1032 3223704.4 86.32408366211719 80.2230364374614 145.47279492187494 0 233 2.8329 0.0 8.181805246746432 0.0 4.0 
1033 3223737.8 86.32408366211719 80.2230364374614 145.47279492187494 0 233 2.8329 0.0 8.181805246746432 0.0 4.0 
1034 3223771.1 86.32408366211719 80.2230364374614 145.47279492187494 0 233 2.8329 0.0 8.181805246746432 0.0 4.0 
1035 3223804.4 86.3267162183 80.22870695611886 145.47279492187494 0 233 2.8329 0.0 8.181805246746432 0.0 4.0 
1036 3223837.8 86.3267162183 80.22870695611886 145.47279492187494 0 233 2.8329 0.0 8.181805246746432 0.0 4.0 
1037 3223871.1 86.3267162183 80.22870695611886 145.47279492187494 0 233 2.8329 0.0 8.181805246746432 0.0 4.0 
1038 3223904.4 86.329106400348 80.22870695611886 145.47279492187494 0 233 2.8329 0.0 8.181805246746432 0.0 4.0 
1039 3223937.8 86.329106400348 80.23277269032513 145.47279492187494 0 233 2.8329 0.0 8.181805246746432 0.0 4.0 
1040 3223971.1 86.329106400348 80.23277269032513 145.47279492187494 0 233 2.8329 0.0 8.181805246746432 0.0 4.0 
1041 3224004.4 86.329106400348 80.23277269032513 145.47279492187494 0 233 2.8329 0.0 8.181805246746432 0.0 4.0 
1042 3224037.8 86.33416183056823 80.24322385603082 145.47279492187494 0 233 2.8329 0.0 8.181805246746432 0.0 4.0 
1043 3224071.1 86.33416183056823 80.24322385603082 145.47279492187494 0 233 2.8329 0.0 8.181805246746432 0.0 4.0 
1044 3224104.5 86.33416183056823 80.24322385603082 145.47279492187494 0 233 2.8329 0.0 8.181805246746432 0.0 4.0 
1045 3224137.8 86.33416183056823 80.24322385603082 145.47279492187494 0 233 2.8329 0.0 8.181805246746432 0.0 4.0 
1046 3224171.1 86.34063756689508 80.24322385603082 145.47279492187494 0 233 2.8329 0.0 8.181805246746432 0.0 4.0 
1047 3224204.5 86.34063756689508 80.25220300022697 145.47279492187494 0 233 2.8329 0.0 8.181805246746432 0.0 4.0 
1048 3224237.8 86.34189257812496 80.25010937499997 145.4347197265624 0 233 2.8329 0.0 8.181805246746432 0.0 4.0 
1049 3224271.1 86.34851279427944 80.25668380537601 145.4347197265624 0 233 2.8329 0.0 8.181805246746432 0.0 4.0 
1050 3224304.5 86.34851279427944 80.25668380537601 145.4347197265624 0 233 2.8329 0.0 8.181805246746432 0.0 4.0 
1051 3224337.8 86.34851279427944 80.25668380537601 145.4347197265624 0 233 2.8329 0.0 8.181805246746432 0.0 4.0 
1052 3224371.1 86.34851279427944 80.25668380537601 145.4347197265624 0 233 2.8329 0.0 8.181805246746432 0.0 4.0 
1053 3224404.5 86.356399275 80.26221249345572 145.4347197265624 0 233 2.8329 0.0 8.181805246746432 0.0 4.0 
1054 3224437.8 86.356399275 80.26221249345572 145.4347197265624 0 233 2.8329 0.0 8.181805246746432 0.0 4.0 
1055 3224471.1 86.356399275 80.26221249345572 145.4347197265624 0 233 2.8329 0.0 8.181805246746432 0.0 4.0 
1056 3224504.5 86.356399275 80.26221249345572 145.4347197265624 0 233 2.8329 0.0 8.181805246746432 0.0 4.0 
1057 3224537.8 86.35947154830846 80.26221249345572 145.4347197265624 0 233 2.8329 0.0 8.181805246746432 0.0 4.0 
1058 3224571.2 86.35947154830846 80.27192876691772 145.4347197265624 0 233 2.8329 0.0 8.181805246746432 0.0 4.0 
1059 3224604.5 86.35947154830846 80.27192876691772 145.4347197265624 0 233 2.8329 0.0 8.181805246746432 0.0 4.0 
1060 3224637.8 86.35432151509278 80.2815022078475 145.4347197265624 0 233 2.8329 0.0 8.181805246746432 0.0 4.0 
1061 3224671.2 86.35432151509278 80.2815022078475 145.4347197265624 0 233 2.8329 0.0 8.181805246746432 0.0 4.0 
1062 3224704.5 86.35432151509278 80.2815022078475 145.4347197265624 0 233 2.8329 0.0 8.181805246746432 0.0 4.0 
1063 3224737.8 86.35429492187495 80.28359570312496 145.50268457031243 0 233 2.8329 0.0 8.181805246746432 0.0 4.0 
1064 3224771.2 86.34306362889797 80.28359570312496 145.50268457031243 0 233 2.8329 0.0 8.181805246746432 0.0 4.0 
1065 3224804.5 86.34306362889797 80.28559506380195 145.50268457031243 0 233 2.8329 0.0 8.181805246746432 0.0 4.0 
1066 3224837.8 86.34306362889797 80.28559506380195 145.50268457031243 0 233 2.8329 0.0 8.181805246746432 0.0 4.0 
1067 3224871.2 86.33241273086558 80.28046928007996 145.50268457031243 0 233 2.8329 0.0 8.181805246746432 0.0 4.0 
1068 3224904.5 86.33241273086558 80.28046928007996 145.50268457031243 0 233 2.8329 0.0 8.181805246746432 0.0 4.0 
1069 3224937.9 86.33241273086558 80.28046928007996 145.50268457031243 0 233 2.8329 0.0 8.181805246746432 0.0 4.0 
1070 3224971.2 86.33241273086558 80.28046928007996 145.50268457031243 0 233 2.8329 0.0 8.181805246746432 0.0 4.0 
1071 3225004.5 86.33241273086558 80.25535820228457 145.50268457031243 0 233 2.8329 0.0 8.181805246746432 0.0 4.0 
1072 3225037.9 86.33241273086558 80.25535820228457 145.50268457031243 0 233 2.8329 0.0 8.181805246746432 0.0 4.0 
1073 3225071.2 86.33241273086558 80.25535820228457 145.50268457031243 0 233 2.8329 0.0 8.181805246746432 0.0 4.0 
1074 3225104.5 86.33241273086558 80.25535820228457 145.50268457031243 0 233 2.8329 0.0 8.181805246746432 0.0 4.0 
1075 3225137.9 86.33995306590732 80.25535820228457 145.50268457031243 0 233 2.8329 0.0 8.181805246746432 0.0 4.0 
1076 3225171.2 86.33995306590732 80.22794941607354 145.50268457031243 0 233 2.8329 0.0 8.181805246746432 0.0 4.0 
1077 3225204.5 86.33990820312495 80.22803320312495 145.55539453124993 0 233 2.8329 0.0 8.181805246746432 0.0 4.0 
1078 3225237.9 86.33990820312495 80.22803320312495 145.55539453124993 0 233 2.8329 0.0 8.181805246746432 0.0 4.0 
1079 3225271.2 86.33990820312495 80.22803320312495 145.55539453124993 0 233 2.8329 0.0 8.181805246746432 0.0 4.0 
1080 3225304.5 86.35626795673087 80.22803320312495 145.55539453124993 0 233 2.8329 0.0 8.181805246746432 0.0 4.0 
1081 3225337.9 86.35626795673087 80.20697923205144 145.55539453124993 0 233 2.8329 0.0 8.181805246746432 0.0 4.0 
1082 3225371.2 86.35626795673087 80.20697923205144 145.55539453124993 0 233 2.8329 0.0 8.181805246746432 0.0 4.0 
1083 3225404.6 86.35626795673087 80.20697923205144 145.55539453124993 0 233 2.8329 0.0 8.181805246746432 0.0 4.0 
1084 3225437.9 86.36887817870473 80.20697923205144 145.55539453124993 0 233 2.8329 0.0 8.181805246746432 0.0 4.0 
1085 3225471.2 86.36887817870473 80.19013510566337 145.55539453124993 0 233 2.8329 0.0 8.181805246746432 0.0 4.0 
1086 3225504.6 86.36887817870473 80.19013510566337 145.55539453124993 0 233 2.8329 0.0 8.181805246746432 0.0 4.0 
1087 3225537.9 86.37913957453051 80.17037342807136 145.55539453124993 0 233 2.8329 0.0 8.181805246746432 0.0 4.0 
1088 3225571.2 86.37913957453051 80.17037342807136 145.55539453124993 0 233 2.8329 0.0 8.181805246746432 0.0 4.0 
1089 3225604.6 86.37913957453051 80.17037342807136 145.55539453124993 0 233 2.8329 0.0 8.181805246746432 0.0 4.0 
1090 3225637.9 86.38329967470419 80.17037342807136 145.55539453124993 0 233 2.8329 0.0 8.181805246746432 0.0 4.0 
1091 3225671.2 86.38329967470419 80.15808765162154 145.55539453124993 0 233 2.8329 0.0 8.181805246746432 0.0 4.0 
1092 3225704.6 86.38329967470419 80.15808765162154 145.55539453124993 0 233 2.8329 0.0 8.181805246746432 0.0 4.0 
1093 3225737.9 86.38329967470419 80.15808765162154 145.55539453124993 0 233 2.8329 0.0 8.181805246746432 0.0 4.0 
1094 3225771.3 86.38877922101709 80.15808765162154 145.55539453124993 0 233 2.8329 0.0 8.181805246746432 0.0 4.0 
1095 3225804.6 86.38877922101709 80.13393532733402 145.55539453124993 0 233 2.8329 0.0 8.181805246746432 0.0 4.0 
1096 3225837.9 86.38877922101709 80.13393532733402 145.55539453124993 0 233 2.8329 0.0 8.181805246746432 0.0 4.0 
1097 3225871.3 86.38877922101709 80.13393532733402 145.55539453124993 0 233 2.8329 0.0 8.181805246746432 0.0 4.0 
1098 3225904.6 86.39159568146857 80.11543795574012 145.55539453124993 0 233 2.8329 0.0 8.181805246746432 0.0 4.0 
1099 3225937.9 86.39159568146857 80.11543795574012 145.55539453124993 0 233 2.8329 0.0 8.181805246746432 0.0 4.0 
1100 3225971.3 86.39159568146857 80.11543795574012 145.55539453124993 0 233 2.8329 0.0 8.181805246746432 0.0 4.0 
1101 3226004.6 86.39159568146857 80.11543795574012 145.55539453124993 0 233 2.8329 0.0 8.181805246746432 0.0 4.0 
1102 3226037.9 86.39401886520207 80.11543795574012 145.55539453124993 0 233 2.8329 0.0 8.181805246746432 0.0 4.0 
1103 3226071.3 86.39401886520207 80.10829806737192 145.55539453124993 0 233 2.8329 0.0 8.181805246746432 0.0 4.0 
1104 3226104.6 86.39401886520207 80.10829806737192 145.55539453124993 0 233 2.8329 0.0 8.181805246746432 0.0 4.0 
1105 3226137.9 86.39401886520207 80.09738116388984 145.55539453124993 0 233 2.8329 0.0 8.181805246746432 0.0 4.0 
1106 3226171.3 86.39401886520207 80.09738116388984 145.55539453124993 0 233 2.8329 0.0 8.181805246746432 0.0 4.0 
1107 3226204.6 86.39401886520207 80.09738116388984 145.55539453124993 0 233 2.8329 0.0 8.181805246746432 0.0 4.0 
1108 3226238.0 86.39401886520207 80.09247329699247 145.55539453124993 0 233 2.8329 0.0 8.181805246746432 0.0 4.0 
1109 3226271.3 86.39401886520207 80.09247329699247 145.55539453124993 0 233 2.8329 0.0 8.181805246746432 0.0 4.0 
1110 3226304.6 86.39189180077561 80.08592398729886 145.55539453124993 0 233 2.8329 0.0 8.181805246746432 0.0 4.0 
1111 3226338.0 86.39189180077561 80.08592398729886 145.55539453124993 0 233 2.8329 0.0 8.181805246746432 0.0 4.0 
1112 3226371.3 86.39189180077561 80.08592398729886 145.55539453124993 0 233 2.8329 0.0 8.181805246746432 0.0 4.0 
1113 3226404.6 86.39189180077561 80.08592398729886 145.55539453124993 0 233 2.8329 0.0 8.181805246746432 0.0 4.0 
1114 3226438.0 86.39038291549748 80.08592398729886 145.55539453124993 0 233 2.8329 0.0 8.181805246746432 0.0 4.0 
1115 3226471.3 86.39038291549748 80.0829636932927 145.55539453124993 0 233 2.8329 0.0 8.181805246746432 0.0 4.0 
1116 3226504.6 86.39038291549748 80.0829636932927 145.55539453124993 0 233 2.8329 0.0 8.181805246746432 0.0 4.0 
1117 3226538.0 86.39038291549748 80.0829636932927 145.55539453124993 0 233 2.8329 0.0 8.181805246746432 0.0 4.0 
1118 3226571.3 86.39038291549748 80.0795591061117 145.55539453124993 0 233 2.8329 0.0 8.181805246746432 0.0 4.0 
1119 3226604.7 86.39038291549748 80.0795591061117 145.55539453124993 0 233 2.8329 0.0 8.181805246746432 0.0 4.0 
1120 3226638.0 86.39038291549748 80.0795591061117 145.55539453124993 0 233 2.8329 0.0 8.181805246746432 0.0 4.0 
1121 3226671.3 86.39163099486643 80.07826529742698 145.55539453124993 0 233 2.8329 0.0 8.181805246746432 0.0 4.0 
1122 3226704.7 86.39163099486643 80.07826529742698 145.55539453124993 0 233 2.8329 0.0 8.181805246746432 0.0 4.0 
1123 3226738.0 86.39615618126047 80.08656388370616 145.55539453124993 0 233 2.8329 0.0 8.181805246746432 0.0 4.0 
1124 3226771.3 86.39615618126047 80.08656388370616 145.55539453124993 0 233 2.8329 0.0 8.181805246746432 0.0 4.0 
1125 3226804.7 86.39615618126047 80.08656388370616 145.55539453124993 0 233 2.8329 0.0 8.181805246746432 0.0 4.0 
1126 3226838.0 86.39814288904228 80.09763350819131 145.55539453124993 0 233 2.8329 0.0 8.181805246746432 0.0 4.0 
1127 3226871.3 86.39814288904228 80.09763350819131 145.55539453124993 0 233 2.8329 0.0 8.181805246746432 0.0 4.0 
1128 3226904.7 86.39814288904228 80.09763350819131 145.55539453124993 0 233 2.8329 0.0 8.181805246746432 0.0 4.0 
1129 3226938.0 86.39961849967082 80.09763350819131 145.55539453124993 0 233 2.8329 0.0 8.181805246746432 0.0 4.0 
1130 3226971.3 86.39961849967082 80.10486562500307 145.55539453124993 0 233 2.8329 0.0 8.181805246746432 0.0 4.0 
1131 3227004.7 86.39961849967082 80.10486562500307 145.55539453124993 0 233 2.8329 0.0 8.181805246746432 0.0 4.0 
1132 3227038.0 86.39961849967082 80.10486562500307 145.55539453124993 0 233 2.8329 0.0 8.181805246746432 0.0 4.0 
1133 3227071.4 86.4115581603175 80.1189503485698 145.55539453124993 0 233 2.8329 0.0 8.181805246746432 0.0 4.0 
1134 3227104.7 86.4115581603175 80.1189503485698 145.55539453124993 0 233 2.8329 0.0 8.181805246746432 0.0 4.0 
1135 3227138.0 86.4115581603175 80.1189503485698 145.55539453124993 0 233 2.8329 0.0 8.181805246746432 0.0 4.0 
1136 3227171.4 86.4115581603175 80.1189503485698 145.55539453124993 0 233 2.8329 0.0 8.181805246746432 0.0 4.0 
1137 3227204.7 86.4206053971262 80.11346066924125 145.55539453124993 0 233 2.8329 0.0 8.181805246746432 0.0 4.0 
1138 3227238.0 86.4206053971262 80.11346066924125 145.55539453124993 0 233 2.8329 0.0 8.181805246746432 0.0 4.0 
1139 3227271.4 86.4206053971262 80.11346066924125 145.55539453124993 0 233 2.8329 0.0 8.181805246746432 0.0 4.0 
1140 3227304.7 86.4206053971262 80.11346066924125 145.55539453124993 0 233 2.8329 0.0 8.181805246746432 0.0 4.0 
1141 3227338.0 86.42716231217773 80.11346066924125 145.55539453124993 0 233 2.8329 0.0 8.181805246746432 0.0 4.0 
1142 3227371.4 86.42716231217773 80.10528345600913 145.55539453124993 0 233 2.8329 0.0 8.181805246746432 0.0 4.0 
1143 3227404.7 86.42716231217773 80.10528345600913 145.55539453124993 0 233 2.8329 0.0 8.181805246746432 0.0 4.0 
1144 3227438.1 86.43248544751286 80.10528345600913 145.55539453124993 0 233 2.8329 0.0 8.181805246746432 0.0 4.0 
1145 3227471.4 86.43248544751286 80.11052217587002 145.55539453124993 0 233 2.8329 0.0 8.181805246746432 0.0 4.0 
1146 3227504.7 86.43248544751286 80.11052217587002 145.55539453124993 0 233 2.8329 0.0 8.181805246746432 0.0 4.0 
1147 3227538.1 86.43248544751286 80.11052217587002 145.55539453124993 0 233 2.8329 0.0 8.181805246746432 0.0 4.0 
1148 3227571.4 86.43248544751286 80.12050893427983 145.55539453124993 0 233 2.8329 0.0 8.181805246746432 0.0 4.0 
1149 3227604.7 86.43248544751286 80.12050893427983 145.55539453124993 0 233 2.8329 0.0 8.181805246746432 0.0 4.0 
1150 3227638.1 86.43248544751286 80.12393036759589 145.55539453124993 0 233 2.8329 0.0 8.181805246746432 0.0 4.0 
1151 3227671.4 86.43248544751286 80.12393036759589 145.55539453124993 0 233 2.8329 0.0 8.181805246746432 0.0 4.0 
1152 3227704.7 86.43248544751286 80.12393036759589 145.55539453124993 0 233 2.8329 0.0 8.181805246746432 0.0 4.0 
1153 3227738.1 86.4253669326829 80.12393036759589 145.55539453124993 0 233 2.8329 0.0 8.181805246746432 0.0 4.0 
1154 3227771.4 86.4253669326829 80.10905037627224 145.55539453124993 0 233 2.8329 0.0 8.181805246746432 0.0 4.0 
1155 3227804.7 86.4253669326829 80.10905037627224 145.55539453124993 0 233 2.8329 0.0 8.181805246746432 0.0 4.0 
1156 3227838.1 86.4253669326829 80.10905037627224 145.55539453124993 0 233 2.8329 0.0 8.181805246746432 0.0 4.0 
1157 3227871.4 86.40648661471151 80.07146447503378 145.55539453124993 0 233 2.8329 0.0 8.181805246746432 0.0 4.0 
1158 3227904.8 86.40648661471151 80.07146447503378 145.55539453124993 0 233 2.8329 0.0 8.181805246746432 0.0 4.0 
1159 3227938.1 86.40648661471151 80.07146447503378 145.55539453124993 0 233 2.8329 0.0 8.181805246746432 0.0 4.0 
1160 3227971.4 86.40648661471151 80.07146447503378 145.55539453124993 0 233 2.8329 0.0 8.181805246746432 0.0 4.0 
1161 3228004.8 86.3914180418468 80.04346295613756 145.55539453124993 0 233 2.8329 0.0 8.181805246746432 0.0 4.0 
1162 3228038.1 86.3914180418468 80.04346295613756 145.55539453124993 0 233 2.8329 0.0 8.181805246746432 0.0 4.0 
1163 3228071.4 86.3914180418468 80.04346295613756 145.55539453124993 0 233 2.8329 0.0 8.181805246746432 0.0 4.0 
1164 3228104.8 86.38237695260258 80.04346295613756 145.55539453124993 0 233 2.8329 0.0 8.181805246746432 0.0 4.0 
1165 3228138.1 86.38237695260258 80.0310242093523 145.55539453124993 0 233 2.8329 0.0 8.181805246746432 0.0 4.0 
1166 3228171.4 86.38237695260258 80.0310242093523 145.55539453124993 0 233 2.8329 0.0 8.181805246746432 0.0 4.0 
1167 3228204.8 86.3702945176521 80.0310242093523 145.55539453124993 0 233 2.8329 0.0 8.181805246746432 0.0 4.0 
1168 3228238.1 86.3702945176521 80.00687373108816 145.55539453124993 0 233 2.8329 0.0 8.181805246746432 0.0 4.0 
1169 3228271.5 86.3702945176521 80.00687373108816 145.55539453124993 0 233 2.8329 0.0 8.181805246746432 0.0 4.0 
1170 3228304.8 86.3702945176521 80.00687373108816 145.55539453124993 0 233 2.8329 0.0 8.181805246746432 0.0 4.0 
1171 3228338.1 86.36177570241884 80.00687373108816 145.55539453124993 0 233 2.8329 0.0 8.181805246746432 0.0 4.0 
1172 3228371.5 86.36177570241884 79.9874531593971 145.55539453124993 0 233 2.8329 0.0 8.181805246746432 0.0 4.0 
1173 3228404.8 86.36177570241884 79.9874531593971 145.55539453124993 0 233 2.8329 0.0 8.181805246746432 0.0 4.0 
1174 3228438.1 86.36177570241884 79.9874531593971 145.55539453124993 0 233 2.8329 0.0 8.181805246746432 0.0 4.0 
1175 3228471.5 86.36177570241884 79.9874531593971 145.55539453124993 0 233 2.8329 0.0 8.181805246746432 0.0 4.0 
1176 3228504.8 86.36177570241884 79.95436421031361 145.55539453124993 0 233 2.8329 0.0 8.181805246746432 0.0 4.0 
1177 3228538.1 86.36177570241884 79.95436421031361 145.55539453124993 0 233 2.8329 0.0 8.181805246746432 0.0 4.0 
1178 3228571.5 86.36177570241884 79.95436421031361 145.55539453124993 0 233 2.8329 0.0 8.181805246746432 0.0 4.0 
1179 3228604.8 86.36177570241884 79.95436421031361 145.55539453124993 0 233 2.8329 0.0 8.181805246746432 0.0 4.0 
1180 3228638.1 86.36341504825809 79.95436421031361 145.55539453124993 0 233 2.8329 0.0 8.181805246746432 0.0 4.0 
1181 3228671.5 86.36341504825809 79.93647271618408 145.55539453124993 0 233 2.8329 0.0 8.181805246746432 0.0 4.0 
1182 3228704.8 86.36341504825809 79.93647271618408 145.55539453124993 0 233 2.8329 0.0 8.181805246746432 0.0 4.0 
1183 3228738.2 86.36341504825809 79.93647271618408 145.55539453124993 0 233 2.8329 0.0 8.181805246746432 0.0 4.0 
1184 3228771.5 86.36686101884847 79.91946379179318 145.55539453124993 0 233 2.8329 0.0 8.181805246746432 0.0 4.0 
1185 3228804.8 86.36686101884847 79.91946379179318 145.55539453124993 0 233 2.8329 0.0 8.181805246746432 0.0 4.0 
1186 3228838.2 86.36686101884847 79.91946379179318 145.55539453124993 0 233 2.8329 0.0 8.181805246746432 0.0 4.0 
1187 3228871.5 86.37298126900419 79.91946379179318 145.55539453124993 0 233 2.8329 0.0 8.181805246746432 0.0 4.0 
1188 3228904.8 86.37298126900419 79.91258559572815 145.55539453124993 0 233 2.8329 0.0 8.181805246746432 0.0 4.0 
1189 3228938.2 86.37298126900419 79.91258559572815 145.55539453124993 0 233 2.8329 0.0 8.181805246746432 0.0 4.0 
1190 3228971.5 86.37298126900419 79.91258559572815 145.55539453124993 0 233 2.8329 0.0 8.181805246746432 0.0 4.0 
1191 3229004.8 86.37854983353964 79.91258559572815 145.55539453124993 0 233 2.8329 0.0 8.181805246746432 0.0 4.0 
1192 3229038.2 86.37854983353964 79.8978626212186 145.55539453124993 0 233 2.8329 0.0 8.181805246746432 0.0 4.0 
1193 3229071.5 86.37854983353964 79.8978626212186 145.55539453124993 0 233 2.8329 0.0 8.181805246746432 0.0 4.0 
1194 3229104.9 86.37854983353964 79.88638834923782 145.55539453124993 0 233 2.8329 0.0 8.181805246746432 0.0 4.0 
1195 3229138.2 86.37854983353964 79.88638834923782 145.55539453124993 0 233 2.8329 0.0 8.181805246746432 0.0 4.0 
1196 3229171.5 86.37854983353964 79.88638834923782 145.55539453124993 0 233 2.8329 0.0 8.181805246746432 0.0 4.0 
1197 3229204.9 86.38192786363938 79.88638834923782 145.55539453124993 0 233 2.8329 0.0 8.181805246746432 0.0 4.0 
1198 3229238.2 86.38192786363938 79.88302955838732 145.55539453124993 0 233 2.8329 0.0 8.181805246746432 0.0 4.0 
1199 3229271.5 86.38192786363938 79.88302955838732 145.55539453124993 0 233 2.8329 0.0 8.181805246746432 0.0 4.0 
1200 3229304.9 86.37624817536825 79.88302955838732 145.55539453124993 0 233 2.8329 0.0 8.181805246746432 0.0 4.0 
1201 3229338.2 86.37624817536825 79.88922010549562 145.55539453124993 0 233 2.8329 0.0 8.181805246746432 0.0 4.0 
1202 3229371.5 86.37624817536825 79.88922010549562 145.55539453124993 0 233 2.8329 0.0 8.181805246746432 0.0 4.0 
1203 3229404.9 86.37205124206125 79.88922010549562 145.55539453124993 0 233 2.8329 0.0 8.181805246746432 0.0 4.0 
1204 3229438.2 86.37205124206125 79.90429387428473 145.55539453124993 0 233 2.8329 0.0 8.181805246746432 0.0 4.0 
1205 3229471.5 86.37205124206125 79.90429387428473 145.55539453124993 0 233 2.8329 0.0 8.181805246746432 0.0 4.0 
1206 3229504.9 86.37205124206125 79.90429387428473 145.55539453124993 0 233 2.8329 0.0 8.181805246746432 0.0 4.0 
1207 3229538.2 86.38829640472925 79.90429387428473 145.55539453124993 0 233 2.8329 0.0 8.181805246746432 0.0 4.0 
1208 3229571.6 86.38829640472925 79.94441304773568 145.55539453124993 0 233 2.8329 0.0 8.181805246746432 0.0 4.0 
1209 3229604.9 86.38829640472925 79.94441304773568 145.55539453124993 0 233 2.8329 0.0 8.181805246746432 0.0 4.0 
1210 3229638.2 86.38829640472925 79.94441304773568 145.55539453124993 0 233 2.8329 0.0 8.181805246746432 0.0 4.0 
1211 3229671.6 86.42193421689147 79.94441304773568 145.55539453124993 0 233 2.8329 0.0 8.181805246746432 0.0 4.0 
1212 3229704.9 86.42193421689147 79.96610701734237 145.55539453124993 0 233 2.8329 0.0 8.181805246746432 0.0 4.0 
1213 3229738.2 86.42193421689147 79.96610701734237 145.55539453124993 0 233 2.8329 0.0 8.181805246746432 0.0 4.0 
1214 3229771.6 86.42193421689147 79.96610701734237 145.55539453124993 0 233 2.8329 0.0 8.181805246746432 0.0 4.0 
1215 3229804.9 86.43494634670135 79.96355797475734 145.55539453124993 0 233 2.8329 0.0 8.181805246746432 0.0 4.0 
1216 3229838.2 86.43494634670135 79.96355797475734 145.55539453124993 0 233 2.8329 0.0 8.181805246746432 0.0 4.0 
1217 3229871.6 86.43494634670135 79.96355797475734 145.55539453124993 0 233 2.8329 0.0 8.181805246746432 0.0 4.0 
1218 3229904.9 86.43494634670135 79.96355797475734 145.55539453124993 0 233 2.8329 0.0 8.181805246746432 0.0 4.0 
1219 3229938.3 86.43796202476904 79.96630977928905 145.55539453124993 0 233 2.8329 0.0 8.181805246746432 0.0 4.0 
1220 3229971.6 86.43796202476904 79.96630977928905 145.55539453124993 0 233 2.8329 0.0 8.181805246746432 0.0 4.0 
1221 3230004.9 86.43296395234344 79.96630977928905 145.55539453124993 0 233 2.8329 0.0 8.181805246746432 0.0 4.0 
1222 3230038.3 86.43296395234344 79.9731987703502 145.55539453124993 0 233 2.8329 0.0 8.181805246746432 0.0 4.0 
1223 3230071.6 86.43296395234344 79.9731987703502 145.55539453124993 0 233 2.8329 0.0 8.181805246746432 0.0 4.0 
1224 3230104.9 86.42142842319151 79.9731987703502 145.55539453124993 0 233 2.8329 0.0 8.181805246746432 0.0 4.0 
1225 3230138.3 86.42142842319151 79.96965912747933 145.55539453124993 0 233 2.8329 0.0 8.181805246746432 0.0 4.0 
1226 3230171.6 86.42142842319151 79.96965912747933 145.55539453124993 0 233 2.8329 0.0 8.181805246746432 0.0 4.0 
1227 3230204.9 86.42142842319151 79.96965912747933 145.55539453124993 0 233 2.8329 0.0 8.181805246746432 0.0 4.0 
1228 3230238.3 86.41083226688467 79.95322629724593 145.55539453124993 0 233 2.8329 0.0 8.181805246746432 0.0 4.0 
1229 3230271.6 86.41083226688467 79.95322629724593 145.55539453124993 0 233 2.8329 0.0 8.181805246746432 0.0 4.0 
1230 3230304.9 86.41083226688467 79.95322629724593 145.55539453124993 0 233 2.8329 0.0 8.181805246746432 0.0 4.0 
1231 3230338.3 86.41083226688467 79.95322629724593 145.55539453124993 0 233 2.8329 0.0 8.181805246746432 0.0 4.0 
1232 3230371.6 86.40335262807977 79.92487565253064 145.55539453124993 0 233 2.8329 0.0 8.181805246746432 0.0 4.0 
1233 3230405.0 86.40335262807977 79.92487565253064 145.55539453124993 0 233 2.8329 0.0 8.181805246746432 0.0 4.0 
1234 3230438.3 86.40335262807977 79.92487565253064 145.55539453124993 0 233 2.8329 0.0 8.181805246746432 0.0 4.0 
1235 3230471.6 86.4020520585402 79.92487565253064 145.55539453124993 0 233 2.8329 0.0 8.181805246746432 0.0 4.0 
1236 3230505.0 86.4020520585402 79.91187508093762 145.55539453124993 0 233 2.8329 0.0 8.181805246746432 0.0 4.0 
1237 3230538.3 86.4020520585402 79.91187508093762 145.55539453124993 0 233 2.8329 0.0 8.181805246746432 0.0 4.0 
1238 3230571.6 86.40305657634161 79.91187508093762 145.55539453124993 0 233 2.8329 0.0 8.181805246746432 0.0 4.0 
1239 3230605.0 86.40305657634161 79.90246915933302 145.55539453124993 0 233 2.8329 0.0 8.181805246746432 0.0 4.0 
1240 3230638.3 86.40305657634161 79.90246915933302 145.55539453124993 0 233 2.8329 0.0 8.181805246746432 0.0 4.0 
1241 3230671.6 86.40305657634161 79.90246915933302 145.55539453124993 0 233 2.8329 0.0 8.181805246746432 0.0 4.0 
1242 3230705.0 86.40580175002177 79.89597553645159 145.55539453124993 0 233 2.8329 0.0 8.181805246746432 0.0 4.0 
1243 3230738.3 86.40580175002177 79.89597553645159 145.55539453124993 0 233 2.8329 0.0 8.181805246746432 0.0 4.0 
1244 3230771.7 86.40580175002177 79.89597553645159 145.55539453124993 0 233 2.8329 0.0 8.181805246746432 0.0 4.0 
1245 3230805.0 86.40580175002177 79.89597553645159 145.55539453124993 0 233 2.8329 0.0 8.181805246746432 0.0 4.0 
1246 3230838.3 86.41228166288556 79.89597553645159 145.55539453124993 0 233 2.8329 0.0 8.181805246746432 0.0 4.0 
1247 3230871.7 86.41228166288556 79.88291588055178 145.55539453124993 0 233 2.8329 0.0 8.181805246746432 0.0 4.0 
1248 3230905.0 86.41228166288556 79.88291588055178 145.55539453124993 0 233 2.8329 0.0 8.181805246746432 0.0 4.0 
1249 3230938.3 86.41228166288556 79.88291588055178 145.55539453124993 0 233 2.8329 0.0 8.181805246746432 0.0 4.0 
1250 3230971.7 86.42581556798503 79.88291588055178 145.55539453124993 0 233 2.8329 0.0 8.181805246746432 0.0 4.0 
1251 3231005.0 86.42581556798503 79.8633521480375 145.55539453124993 0 233 2.8329 0.0 8.181805246746432 0.0 4.0 
1252 3231038.3 86.42581556798503 79.8633521480375 145.55539453124993 0 233 2.8329 0.0 8.181805246746432 0.0 4.0 
1253 3231071.7 86.432233902307 79.8552985833053 145.55539453124993 0 233 2.8329 0.0 8.181805246746432 0.0 4.0 
1254 3231105.0 86.432233902307 79.8552985833053 145.55539453124993 0 233 2.8329 0.0 8.181805246746432 0.0 4.0 
1255 3231138.3 86.432233902307 79.8552985833053 145.55539453124993 0 233 2.8329 0.0 8.181805246746432 0.0 4.0 
1256 3231171.7 86.43702845656864 79.8552985833053 145.55539453124993 0 233 2.8329 0.0 8.181805246746432 0.0 4.0 
1257 3231205.0 86.43702845656864 79.85161941687221 145.55539453124993 0 233 2.8329 0.0 8.181805246746432 0.0 4.0 
1258 3231238.4 86.43702845656864 79.85161941687221 145.55539453124993 0 233 2.8329 0.0 8.181805246746432 0.0 4.0 
1259 3231271.7 86.43702845656864 79.85161941687221 145.55539453124993 0 233 2.8329 0.0 8.181805246746432 0.0 4.0 
1260 3231305.0 86.44575907040173 79.85161941687221 145.55539453124993 0 233 2.8329 0.0 8.181805246746432 0.0 4.0 
1261 3231338.4 86.44575907040173 79.84183586289798 145.55539453124993 0 233 2.8329 0.0 8.181805246746432 0.0 4.0 
1262 3231371.7 86.44575907040173 79.84183586289798 145.55539453124993 0 233 2.8329 0.0 8.181805246746432 0.0 4.0 
1263 3231405.0 86.44575907040173 79.84183586289798 145.55539453124993 0 233 2.8329 0.0 8.181805246746432 0.0 4.0 
1264 3231438.4 86.45694980945844 79.83303214653182 145.55539453124993 0 233 2.8329 0.0 8.181805246746432 0.0 4.0 
1265 3231471.7 86.45694980945844 79.83303214653182 145.55539453124993 0 233 2.8329 0.0 8.181805246746432 0.0 4.0 
1266 3231505.0 86.45694980945844 79.83303214653182 145.55539453124993 0 233 2.8329 0.0 8.181805246746432 0.0 4.0 
1267 3231538.4 86.46398143299913 79.8296060592386 145.55539453124993 0 233 2.8329 0.0 8.181805246746432 0.0 4.0 
1268 3231571.7 86.46398143299913 79.8296060592386 145.55539453124993 0 233 2.8329 0.0 8.181805246746432 0.0 4.0 
1269 3231605.1 86.46398143299913 79.8296060592386 145.55539453124993 0 233 2.8329 0.0 8.181805246746432 0.0 4.0 
1270 3231638.4 86.46987181257585 79.8296060592386 145.55539453124993 0 233 2.8329 0.0 8.181805246746432 0.0 4.0 
1271 3231671.7 86.46987181257585 79.8261672499304 145.55539453124993 0 233 2.8329 0.0 8.181805246746432 0.0 4.0 
1272 3231705.1 86.46987181257585 79.8261672499304 145.55539453124993 0 233 2.8329 0.0 8.181805246746432 0.0 4.0 
1273 3231738.4 86.46987181257585 79.8261672499304 145.55539453124993 0 233 2.8329 0.0 8.181805246746432 0.0 4.0 
1274 3231771.7 86.474858492671 79.81922016134754 145.55539453124993 0 233 2.8329 0.0 8.181805246746432 0.0 4.0 
1275 3231805.1 86.474858492671 79.81922016134754 145.55539453124993 0 233 2.8329 0.0 8.181805246746432 0.0 4.0 
1276 3231838.4 86.474858492671 79.81922016134754 145.55539453124993 0 233 2.8329 0.0 8.181805246746432 0.0 4.0 
1277 3231871.7 86.474858492671 79.81922016134754 145.55539453124993 0 233 2.8329 0.0 8.181805246746432 0.0 4.0 
1278 3231905.1 86.48528247662112 79.80933348166623 145.55539453124993 0 233 2.8329 0.0 8.181805246746432 0.0 4.0 
1279 3231938.4 86.48528247662112 79.80933348166623 145.55539453124993 0 233 2.8329 0.0 8.181805246746432 0.0 4.0 
1280 3231971.7 86.48528247662112 79.80933348166623 145.55539453124993 0 233 2.8329 0.0 8.181805246746432 0.0 4.0 
1281 3232005.1 86.49186354019413 79.80933348166623 145.55539453124993 0 233 2.8329 0.0 8.181805246746432 0.0 4.0 
1282 3232038.4 86.49186354019413 79.80718964659047 145.55539453124993 0 233 2.8329 0.0 8.181805246746432 0.0 4.0 
1283 3232071.8 86.49186354019413 79.80718964659047 145.55539453124993 0 233 2.8329 0.0 8.181805246746432 0.0 4.0 
1284 3232105.1 86.49186354019413 79.80718964659047 145.55539453124993 0 233 2.8329 0.0 8.181805246746432 0.0 4.0 
1285 3232138.4 86.5106423491163 79.80718964659047 145.55539453124993 0 233 2.8329 0.0 8.181805246746432 0.0 4.0 
1286 3232171.8 86.5106423491163 79.8009913897063 145.55539453124993 0 233 2.8329 0.0 8.181805246746432 0.0 4.0 
1287 3232205.1 86.5106423491163 79.8009913897063 145.55539453124993 0 233 2.8329 0.0 8.181805246746432 0.0 4.0 
1288 3232238.4 86.5106423491163 79.8009913897063 145.55539453124993 0 233 2.8329 0.0 8.181805246746432 0.0 4.0 
1289 3232271.8 86.53501812541086 79.79157651632607 145.55539453124993 0 233 2.8329 0.0 8.181805246746432 0.0 4.0 
1290 3232305.1 86.53501812541086 79.79157651632607 145.55539453124993 0 233 2.8329 0.0 8.181805246746432 0.0 4.0 
1291 3232338.4 86.53501812541086 79.79157651632607 145.55539453124993 0 233 2.8329 0.0 8.181805246746432 0.0 4.0 
1292 3232371.8 86.54962935285674 79.7857977500953 145.55539453124993 0 233 2.8329 0.0 8.181805246746432 0.0 4.0 
1293 3232405.1 86.54962935285674 79.7857977500953 145.55539453124993 0 233 2.8329 0.0 8.181805246746432 0.0 4.0 
1294 3232438.5 86.54962935285674 79.7857977500953 145.55539453124993 0 233 2.8329 0.0 8.181805246746432 0.0 4.0 
1295 3232471.8 86.54962935285674 79.7857977500953 145.55539453124993 0 233 2.8329 0.0 8.181805246746432 0.0 4.0 
1296 3232505.1 86.57247701934527 79.7857977500953 145.55539453124993 0 233 2.8329 0.0 8.181805246746432 0.0 4.0 
1297 3232538.5 86.57247701934527 79.77561947574542 145.55539453124993 0 233 2.8329 0.0 8.181805246746432 0.0 4.0 
1298 3232571.8 86.57247701934527 79.77561947574542 145.55539453124993 0 233 2.8329 0.0 8.181805246746432 0.0 4.0 
1299 3232605.1 86.59419874066282 79.75987842673604 145.55539453124993 0 233 2.8329 0.0 8.181805246746432 0.0 4.0 
1300 3232638.5 86.59419874066282 79.75987842673604 145.55539453124993 0 233 2.8329 0.0 8.181805246746432 0.0 4.0 
1301 3232671.8 86.59419874066282 79.75987842673604 145.55539453124993 0 233 2.8329 0.0 8.181805246746432 0.0 4.0 
1302 3232705.1 86.60113695327232 79.751106597147 145.55539453124993 0 233 2.8329 0.0 8.181805246746432 0.0 4.0 
1303 3232738.5 86.60113695327232 79.751106597147 145.55539453124993 0 233 2.8329 0.0 8.181805246746432 0.0 4.0 
1304 3232771.8 86.60113695327232 79.751106597147 145.55539453124993 0 233 2.8329 0.0 8.181805246746432 0.0 4.0 
1305 3232805.1 86.60113695327232 79.751106597147 145.55539453124993 0 233 2.8329 0.0 8.181805246746432 0.0 4.0 
1306 3232838.5 86.61827638838173 79.751106597147 145.55539453124993 0 233 2.8329 0.0 8.181805246746432 0.0 4.0 
1307 3232871.8 86.61827638838173 79.73036979781563 145.55539453124993 0 233 2.8329 0.0 8.181805246746432 0.0 4.0 
1308 3232905.2 86.61827638838173 79.73036979781563 145.55539453124993 0 233 2.8329 0.0 8.181805246746432 0.0 4.0 
1309 3232938.5 86.62433620667937 79.73036979781563 145.55539453124993 0 233 2.8329 0.0 8.181805246746432 0.0 4.0 
1310 3232971.8 86.62433620667937 79.71749938902357 145.55539453124993 0 233 2.8329 0.0 8.181805246746432 0.0 4.0 
1311 3233005.2 86.62433620667937 79.71749938902357 145.55539453124993 0 233 2.8329 0.0 8.181805246746432 0.0 4.0 
1312 3233038.5 86.62849013177835 79.71749938902357 145.55539453124993 0 233 2.8329 0.0 8.181805246746432 0.0 4.0 
1313 3233071.8 86.62849013177835 79.70551929719456 145.55539453124993 0 233 2.8329 0.0 8.181805246746432 0.0 4.0 
1314 3233105.2 86.62849013177835 79.70551929719456 145.55539453124993 0 233 2.8329 0.0 8.181805246746432 0.0 4.0 
1315 3233138.5 86.63280190620073 79.70551929719456 145.55539453124993 0 233 2.8329 0.0 8.181805246746432 0.0 4.0 
1316 3233171.8 86.63280190620073 79.68754412421852 145.55539453124993 0 233 2.8329 0.0 8.181805246746432 0.0 4.0 
1317 3233205.2 86.63280190620073 79.68754412421852 145.55539453124993 0 233 2.8329 0.0 8.181805246746432 0.0 4.0 
1318 3233238.5 86.63280190620073 79.68754412421852 145.55539453124993 0 233 2.8329 0.0 8.181805246746432 0.0 4.0 
1319 3233271.9 86.63280190620073 79.67434140464908 145.55539453124993 0 233 2.8329 0.0 8.181805246746432 0.0 4.0 
1320 3233305.2 86.63280190620073 79.67434140464908 145.55539453124993 0 233 2.8329 0.0 8.181805246746432 0.0 4.0 
1321 3233338.5 86.63280190620073 79.67434140464908 145.55539453124993 0 233 2.8329 0.0 8.181805246746432 0.0 4.0 
1322 3233371.9 86.63280190620073 79.67434140464908 145.55539453124993 0 233 2.8329 0.0 8.181805246746432 0.0 4.0 
1323 3233405.2 86.63280190620073 79.65749394240791 145.55539453124993 0 233 2.8329 0.0 8.181805246746432 0.0 4.0 
1324 3233438.5 86.63280190620073 79.65749394240791 145.55539453124993 0 233 2.8329 0.0 8.181805246746432 0.0 4.0 
1325 3233471.9 86.63280190620073 79.65749394240791 145.55539453124993 0 233 2.8329 0.0 8.181805246746432 0.0 4.0 
1326 3233505.2 86.63280190620073 79.65749394240791 145.55539453124993 0 233 2.8329 0.0 8.181805246746432 0.0 4.0 
1327 3233538.5 86.61985794930392 79.61475364486552 145.55539453124993 0 233 2.8329 0.0 8.181805246746432 0.0 4.0 
1328 3233571.9 86.61985794930392 79.61475364486552 145.55539453124993 0 233 2.8329 0.0 8.181805246746432 0.0 4.0 
1329 3233605.2 86.61985794930392 79.61475364486552 145.55539453124993 0 233 2.8329 0.0 8.181805246746432 0.0 4.0 
1330 3233638.5 86.61985794930392 79.61475364486552 145.55539453124993 0 233 2.8329 0.0 8.181805246746432 0.0 4.0 
1331 3233671.9 86.59570889208777 79.61475364486552 145.55539453124993 0 233 2.8329 0.0 8.181805246746432 0.0 4.0 
1332 3233705.2 86.59570889208777 79.58157447751077 145.55539453124993 0 233 2.8329 0.0 8.181805246746432 0.0 4.0 
1333 3233738.6 86.59570889208777 79.58157447751077 145.55539453124993 0 233 2.8329 0.0 8.181805246746432 0.0 4.0 
1334 3233771.9 86.59570889208777 79.58157447751077 145.55539453124993 0 233 2.8329 0.0 8.181805246746432 0.0 4.0 
1335 3233805.2 86.57672859377554 79.56528867136068 145.55539453124993 0 233 2.8329 0.0 8.181805246746432 0.0 4.0 
1336 3233838.6 86.57672859377554 79.56528867136068 145.55539453124993 0 233 2.8329 0.0 8.181805246746432 0.0 4.0 
1337 3233871.9 86.57672859377554 79.56528867136068 145.55539453124993 0 233 2.8329 0.0 8.181805246746432 0.0 4.0 
1338 3233905.2 86.56859395569211 79.56528867136068 145.55539453124993 0 233 2.8329 0.0 8.181805246746432 0.0 4.0 
1339 3233938.6 86.56859395569211 79.56043151540771 145.55539453124993 0 233 2.8329 0.0 8.181805246746432 0.0 4.0 
1340 3233971.9 86.56859395569211 79.56043151540771 145.55539453124993 0 233 2.8329 0.0 8.181805246746432 0.0 4.0 
1341 3234005.2 86.56859395569211 79.56043151540771 145.55539453124993 0 233 2.8329 0.0 8.181805246746432 0.0 4.0 
1342 3234038.6 86.55893412414612 79.55288882283904 145.55539453124993 0 233 2.8329 0.0 8.181805246746432 0.0 4.0 
1343 3234071.9 86.55893412414612 79.55288882283904 145.55539453124993 0 233 2.8329 0.0 8.181805246746432 0.0 4.0 
1344 3234105.3 86.55893412414612 79.55288882283904 145.55539453124993 0 233 2.8329 0.0 8.181805246746432 0.0 4.0 
1345 3234138.6 86.55893412414612 79.55288882283904 145.55539453124993 0 233 2.8329 0.0 8.181805246746432 0.0 4.0 
1346 3234171.9 86.54223122926177 79.55288882283904 145.55539453124993 0 233 2.8329 0.0 8.181805246746432 0.0 4.0 
1347 3234205.3 86.54223122926177 79.54180155843794 145.55539453124993 0 233 2.8329 0.0 8.181805246746432 0.0 4.0 
1348 3234238.6 86.54223122926177 79.54180155843794 145.55539453124993 0 233 2.8329 0.0 8.181805246746432 0.0 4.0 
1349 3234271.9 86.54223122926177 79.54180155843794 145.55539453124993 0 233 2.8329 0.0 8.181805246746432 0.0 4.0 
1350 3234305.3 86.52845157794434 79.54180155843794 145.55539453124993 0 233 2.8329 0.0 8.181805246746432 0.0 4.0 
1351 3234338.6 86.52845157794434 79.53335450691135 145.55539453124993 0 233 2.8329 0.0 8.181805246746432 0.0 4.0 
1352 3234371.9 86.52845157794434 79.53335450691135 145.55539453124993 0 233 2.8329 0.0 8.181805246746432 0.0 4.0 
1353 3234405.3 86.51786791455037 79.52812038424122 145.55539453124993 0 233 2.8329 0.0 8.181805246746432 0.0 4.0 
1354 3234438.6 86.51786791455037 79.52812038424122 145.55539453124993 0 233 2.8329 0.0 8.181805246746432 0.0 4.0 
1355 3234471.9 86.51786791455037 79.52812038424122 145.55539453124993 0 233 2.8329 0.0 8.181805246746432 0.0 4.0 
1356 3234505.3 86.51281860473543 79.52812038424122 145.55539453124993 0 233 2.8329 0.0 8.181805246746432 0.0 4.0 
1357 3234538.6 86.51281860473543 79.52628127821303 145.55539453124993 0 233 2.8329 0.0 8.181805246746432 0.0 4.0 
1358 3234572.0 86.51281860473543 79.52628127821303 145.55539453124993 0 233 2.8329 0.0 8.181805246746432 0.0 4.0 
1359 3234605.3 86.50157079884424 79.52628127821303 145.55539453124993 0 233 2.8329 0.0 8.181805246746432 0.0 4.0 
1360 3234638.6 86.50157079884424 79.520079785299 145.55539453124993 0 233 2.8329 0.0 8.181805246746432 0.0 4.0 
1361 3234672.0 86.50157079884424 79.520079785299 145.55539453124993 0 233 2.8329 0.0 8.181805246746432 0.0 4.0 
1362 3234705.3 86.50157079884424 79.520079785299 145.55539453124993 0 233 2.8329 0.0 8.181805246746432 0.0 4.0 
1363 3234738.6 86.49633339381327 79.517332404658 145.55539453124993 0 233 2.8329 0.0 8.181805246746432 0.0 4.0 
1364 3234772.0 86.49633339381327 79.517332404658 145.55539453124993 0 233 2.8329 0.0 8.181805246746432 0.0 4.0 
1365 3234805.3 86.49633339381327 79.517332404658 145.55539453124993 0 233 2.8329 0.0 8.181805246746432 0.0 4.0 
1366 3234838.6 86.49633339381327 79.51491858655018 145.55539453124993 0 233 2.8329 0.0 8.181805246746432 0.0 4.0 
1367 3234872.0 86.49633339381327 79.51491858655018 145.55539453124993 0 233 2.8329 0.0 8.181805246746432 0.0 4.0 
1368 3234905.3 86.50086063205387 79.51491858655018 145.55539453124993 0 233 2.8329 0.0 8.181805246746432 0.0 4.0 
1369 3234938.7 86.50086063205387 79.51491858655018 145.55539453124993 0 233 2.8329 0.0 8.181805246746432 0.0 4.0 
1370 3234972.0 86.51016430334955 79.51491858655018 145.55539453124993 0 233 2.8329 0.0 8.181805246746432 0.0 4.0 
1371 3235005.3 86.51016430334955 79.51491858655018 145.55539453124993 0 233 2.8329 0.0 8.181805246746432 0.0 4.0 
1372 3235038.7 86.51016430334955 79.51491858655018 145.55539453124993 0 233 2.8329 0.0 8.181805246746432 0.0 4.0 
1373 3235072.0 86.51016430334955 79.51491858655018 145.55539453124993 0 233 2.8329 0.0 8.181805246746432 0.0 4.0 
1374 3235105.3 86.52635562680622 79.50898299547127 145.55539453124993 0 233 2.8329 0.0 8.181805246746432 0.0 4.0 
1375 3235138.7 86.52635562680622 79.50898299547127 145.55539453124993 0 233 2.8329 0.0 8.181805246746432 0.0 4.0 
1376 3235172.0 86.52635562680622 79.50898299547127 145.55539453124993 0 233 2.8329 0.0 8.181805246746432 0.0 4.0 
1377 3235205.3 86.54665157203792 79.50898299547127 145.55539453124993 0 233 2.8329 0.0 8.181805246746432 0.0 4.0 
1378 3235238.7 86.54665157203792 79.49857942834035 145.55539453124993 0 233 2.8329 0.0 8.181805246746432 0.0 4.0 
1379 3235272.0 86.54665157203792 79.49857942834035 145.55539453124993 0 233 2.8329 0.0 8.181805246746432 0.0 4.0 
1380 3235305.3 86.54665157203792 79.49857942834035 145.55539453124993 0 233 2.8329 0.0 8.181805246746432 0.0 4.0 
1381 3235338.7 86.55680657604968 79.49857942834035 145.55539453124993 0 233 2.8329 0.0 8.181805246746432 0.0 4.0 
1382 3235372.0 86.55680657604968 79.49541262979267 145.55539453124993 0 233 2.8329 0.0 8.181805246746432 0.0 4.0 
1383 3235405.4 86.55680657604968 79.49541262979267 145.55539453124993 0 233 2.8329 0.0 8.181805246746432 0.0 4.0 
1384 3235438.7 86.55680657604968 79.49541262979267 145.55539453124993 0 233 2.8329 0.0 8.181805246746432 0.0 4.0 
1385 3235472.0 86.5651738150397 79.49541262979267 145.55539453124993 0 233 2.8329 0.0 8.181805246746432 0.0 4.0 
1386 3235505.4 86.5651738150397 79.4919903811684 145.55539453124993 0 233 2.8329 0.0 8.181805246746432 0.0 4.0 
1387 3235538.7 86.5651738150397 79.4919903811684 145.55539453124993 0 233 2.8329 0.0 8.181805246746432 0.0 4.0 
1388 3235572.0 86.57386122324495 79.48723558308374 145.55539453124993 0 233 2.8329 0.0 8.181805246746432 0.0 4.0 
1389 3235605.4 86.57386122324495 79.48723558308374 145.55539453124993 0 233 2.8329 0.0 8.181805246746432 0.0 4.0 
1390 3235638.7 86.57386122324495 79.48723558308374 145.55539453124993 0 233 2.8329 0.0 8.181805246746432 0.0 4.0 
1391 3235672.0 86.57386122324495 79.48723558308374 145.55539453124993 0 233 2.8329 0.0 8.181805246746432 0.0 4.0 
1392 3235705.4 86.58403168291332 79.48723558308374 145.55539453124993 0 233 2.8329 0.0 8.181805246746432 0.0 4.0 
1393 3235738.7 86.58403168291332 79.47970954510424 145.55539453124993 0 233 2.8329 0.0 8.181805246746432 0.0 4.0 
1394 3235772.1 86.58403168291332 79.47970954510424 145.55539453124993 0 233 2.8329 0.0 8.181805246746432 0.0 4.0 
1395 3235805.4 86.58403168291332 79.47970954510424 145.55539453124993 0 233 2.8329 0.0 8.181805246746432 0.0 4.0 
1396 3235838.7 86.59525825889791 79.47970954510424 145.55539453124993 0 233 2.8329 0.0 8.181805246746432 0.0 4.0 
1397 3235872.1 86.59525825889791 79.46445280224634 145.55539453124993 0 233 2.8329 0.0 8.181805246746432 0.0 4.0 
1398 3235905.4 86.59525825889791 79.46445280224634 145.55539453124993 0 233 2.8329 0.0 8.181805246746432 0.0 4.0 
1399 3235938.7 86.6050618603698 79.44492232114698 145.55539453124993 0 233 2.8329 0.0 8.181805246746432 0.0 4.0 
1400 3235972.1 86.6050618603698 79.44492232114698 145.55539453124993 0 233 2.8329 0.0 8.181805246746432 0.0 4.0 
1401 3236005.4 86.6050618603698 79.44492232114698 145.55539453124993 0 233 2.8329 0.0 8.181805246746432 0.0 4.0 
1402 3236038.7 86.6050618603698 79.44492232114698 145.55539453124993 0 233 2.8329 0.0 8.181805246746432 0.0 4.0 
1403 3236072.1 86.61319234913293 79.44492232114698 145.55539453124993 0 233 2.8329 0.0 8.181805246746432 0.0 4.0 
1404 3236105.4 86.61319234913293 79.43640514595513 145.55539453124993 0 233 2.8329 0.0 8.181805246746432 0.0 4.0 
1405 3236138.7 86.61319234913293 79.43640514595513 145.55539453124993 0 233 2.8329 0.0 8.181805246746432 0.0 4.0 
1406 3236172.1 86.61319234913293 79.43640514595513 145.55539453124993 0 233 2.8329 0.0 8.181805246746432 0.0 4.0 
1407 3236205.4 86.63002788784269 79.43640514595513 145.55539453124993 0 233 2.8329 0.0 8.181805246746432 0.0 4.0 
1408 3236238.8 86.63002788784269 79.42056186666785 145.55539453124993 0 233 2.8329 0.0 8.181805246746432 0.0 4.0 
1409 3236272.1 86.63002788784269 79.42056186666785 145.55539453124993 0 233 2.8329 0.0 8.181805246746432 0.0 4.0 
1410 3236305.4 86.64362594893123 79.41449688619673 145.55539453124993 0 233 2.8329 0.0 8.181805246746432 0.0 4.0 
1411 3236338.8 86.64362594893123 79.41449688619673 145.55539453124993 0 233 2.8329 0.0 8.181805246746432 0.0 4.0 
1412 3236372.1 86.64362594893123 79.41449688619673 145.55539453124993 0 233 2.8329 0.0 8.181805246746432 0.0 4.0 
1413 3236405.4 86.64362594893123 79.41449688619673 145.55539453124993 0 233 2.8329 0.0 8.181805246746432 0.0 4.0 
1414 3236438.8 86.66546473833256 79.41449688619673 145.55539453124993 0 233 2.8329 0.0 8.181805246746432 0.0 4.0 
1415 3236472.1 86.66546473833256 79.41449688619673 145.55539453124993 0 233 2.8329 0.0 8.181805246746432 0.0 4.0 
1416 3236505.4 86.66546473833256 79.41449688619673 145.55539453124993 0 233 2.8329 0.0 8.181805246746432 0.0 4.0 
1417 3236538.8 86.68264072004138 79.41449688619673 145.55539453124993 0 233 2.8329 0.0 8.181805246746432 0.0 4.0 
1418 3236572.1 86.68264072004138 79.42909320736942 145.55539453124993 0 233 2.8329 0.0 8.181805246746432 0.0 4.0 
1419 3236605.5 86.68264072004138 79.42909320736942 145.55539453124993 0 233 2.8329 0.0 8.181805246746432 0.0 4.0 
1420 3236638.8 86.68264072004138 79.42909320736942 145.55539453124993 0 233 2.8329 0.0 8.181805246746432 0.0 4.0 
1421 3236672.1 86.69249814374689 79.43877395779342 145.55539453124993 0 233 2.8329 0.0 8.181805246746432 0.0 4.0 
1422 3236705.5 86.69249814374689 79.43877395779342 145.55539453124993 0 233 2.8329 0.0 8.181805246746432 0.0 4.0 
1423 3236738.8 86.69249814374689 79.43877395779342 145.55539453124993 0 233 2.8329 0.0 8.181805246746432 0.0 4.0 
1424 3236772.1 86.69249814374689 79.43877395779342 145.55539453124993 0 233 2.8329 0.0 8.181805246746432 0.0 4.0 
1425 3236805.5 86.70141803750005 79.43707552365356 145.55539453124993 0 233 2.8329 0.0 8.181805246746432 0.0 4.0 
1426 3236838.8 86.70141803750005 79.43707552365356 145.55539453124993 0 233 2.8329 0.0 8.181805246746432 0.0 4.0 
1427 3236872.1 86.70141803750005 79.43707552365356 145.55539453124993 0 233 2.8329 0.0 8.181805246746432 0.0 4.0 
1428 3236905.5 86.70141803750005 79.43707552365356 145.55539453124993 0 233 2.8329 0.0 8.181805246746432 0.0 4.0 
1429 3236938.8 86.69029685439969 79.43707552365356 145.55539453124993 0 233 2.8329 0.0 8.181805246746432 0.0 4.0 
1430 3236972.1 86.69029685439969 79.43707552365356 145.55539453124993 0 233 2.8329 0.0 8.181805246746432 0.0 4.0 
1431 3237005.5 86.69029685439969 79.43707552365356 145.55539453124993 0 233 2.8329 0.0 8.181805246746432 0.0 4.0 
1432 3237038.8 86.65531920903115 79.43707552365356 145.55539453124993 0 233 2.8329 0.0 8.181805246746432 0.0 4.0 
1433 3237072.2 86.65531920903115 79.44523459318121 145.55539453124993 0 233 2.8329 0.0 8.181805246746432 0.0 4.0 
1434 3237105.5 86.65531920903115 79.44523459318121 145.55539453124993 0 233 2.8329 0.0 8.181805246746432 0.0 4.0 
1435 3237138.8 86.65531920903115 79.44523459318121 145.55539453124993 0 233 2.8329 0.0 8.181805246746432 0.0 4.0 
1436 3237172.2 86.65531920903115 79.44523459318121 145.55539453124993 0 233 2.8329 0.0 8.181805246746432 0.0 4.0 
1437 3237205.5 86.62252718272914 79.46205993079707 145.55539453124993 0 233 2.8329 0.0 8.181805246746432 0.0 4.0 
1438 3237238.8 86.62252718272914 79.46205993079707 145.55539453124993 0 233 2.8329 0.0 8.181805246746432 0.0 4.0 
1439 3237272.2 86.62252718272914 79.46205993079707 145.55539453124993 0 233 2.8329 0.0 8.181805246746432 0.0 4.0 
1440 3237305.5 86.60160449417103 79.46205993079707 145.55539453124993 0 233 2.8329 0.0 8.181805246746432 0.0 4.0 
1441 3237338.8 86.60160449417103 79.47592653739171 145.55539453124993 0 233 2.8329 0.0 8.181805246746432 0.0 4.0 
1442 3237372.2 86.60160449417103 79.47592653739171 145.55539453124993 0 233 2.8329 0.0 8.181805246746432 0.0 4.0 
1443 3237405.5 86.58819561717404 79.47592653739171 145.55539453124993 0 233 2.8329 0.0 8.181805246746432 0.0 4.0 
1444 3237438.9 86.58819561717404 79.48797525449503 145.55539453124993 0 233 2.8329 0.0 8.181805246746432 0.0 4.0 
1445 3237472.2 86.58819561717404 79.48797525449503 145.55539453124993 0 233 2.8329 0.0 8.181805246746432 0.0 4.0 
1446 3237505.5 86.58819561717404 79.48797525449503 145.55539453124993 0 233 2.8329 0.0 8.181805246746432 0.0 4.0 
1447 3237538.9 86.5678762540241 79.48797525449503 145.55539453124993 0 233 2.8329 0.0 8.181805246746432 0.0 4.0 
1448 3237572.2 86.5678762540241 79.50108948739454 145.55539453124993 0 233 2.8329 0.0 8.181805246746432 0.0 4.0 
1449 3237605.5 86.5678762540241 79.50108948739454 145.55539453124993 0 233 2.8329 0.0 8.181805246746432 0.0 4.0 
1450 3237638.9 86.5678762540241 79.50108948739454 145.55539453124993 0 233 2.8329 0.0 8.181805246746432 0.0 4.0 
1451 3237672.2 86.53324784656031 79.50108948739454 145.55539453124993 0 233 2.8329 0.0 8.181805246746432 0.0 4.0 
1452 3237705.5 86.53324784656031 79.51358872011728 145.55539453124993 0 233 2.8329 0.0 8.181805246746432 0.0 4.0 
1453 3237738.9 86.53324784656031 79.51358872011728 145.55539453124993 0 233 2.8329 0.0 8.181805246746432 0.0 4.0 
1454 3237772.2 86.53324784656031 79.51358872011728 145.55539453124993 0 233 2.8329 0.0 8.181805246746432 0.0 4.0 
1455 3237805.5 86.5097342281597 79.51358872011728 145.55539453124993 0 233 2.8329 0.0 8.181805246746432 0.0 4.0 
1456 3237838.9 86.5097342281597 79.5170877269626 145.55539453124993 0 233 2.8329 0.0 8.181805246746432 0.0 4.0 
1457 3237872.2 86.5097342281597 79.5170877269626 145.55539453124993 0 233 2.8329 0.0 8.181805246746432 0.0 4.0 
1458 3237905.6 86.48873308214269 79.5170877269626 145.55539453124993 0 233 2.8329 0.0 8.181805246746432 0.0 4.0 
1459 3237938.9 86.48873308214269 79.5170877269626 145.55539453124993 0 233 2.8329 0.0 8.181805246746432 0.0 4.0 
1460 3237972.2 86.48873308214269 79.5170877269626 145.55539453124993 0 233 2.8329 0.0 8.181805246746432 0.0 4.0 
1461 3238005.6 86.48873308214269 79.5170877269626 145.55539453124993 0 233 2.8329 0.0 8.181805246746432 0.0 4.0 
1462 3238038.9 86.46003092190612 79.51156470729363 145.55539453124993 0 233 2.8329 0.0 8.181805246746432 0.0 4.0 
1463 3238072.2 86.46003092190612 79.51156470729363 145.55539453124993 0 233 2.8329 0.0 8.181805246746432 0.0 4.0 
1464 3238105.6 86.46003092190612 79.51156470729363 145.55539453124993 0 233 2.8329 0.0 8.181805246746432 0.0 4.0 
1465 3238138.9 86.46003092190612 79.51156470729363 145.55539453124993 0 233 2.8329 0.0 8.181805246746432 0.0 4.0 
1466 3238172.2 86.4380331003344 79.51156470729363 145.55539453124993 0 233 2.8329 0.0 8.181805246746432 0.0 4.0 
1467 3238205.6 86.4380331003344 79.49649116188797 145.55539453124993 0 233 2.8329 0.0 8.181805246746432 0.0 4.0 
1468 3238238.9 86.4380331003344 79.49649116188797 145.55539453124993 0 233 2.8329 0.0 8.181805246746432 0.0 4.0 
1469 3238272.3 86.4278765413958 79.48595920396224 145.55539453124993 0 233 2.8329 0.0 8.181805246746432 0.0 4.0 
1470 3238305.6 86.4278765413958 79.48595920396224 145.55539453124993 0 233 2.8329 0.0 8.181805246746432 0.0 4.0 
1471 3238338.9 86.4278765413958 79.48595920396224 145.55539453124993 0 233 2.8329 0.0 8.181805246746432 0.0 4.0 
1472 3238372.3 86.41146547060954 79.48595920396224 145.55539453124993 0 233 2.8329 0.0 8.181805246746432 0.0 4.0 
1473 3238405.6 86.41146547060954 79.46692352151801 145.55539453124993 0 233 2.8329 0.0 8.181805246746432 0.0 4.0 
1474 3238438.9 86.41146547060954 79.46692352151801 145.55539453124993 0 233 2.8329 0.0 8.181805246746432 0.0 4.0 
1475 3238472.3 86.41146547060954 79.46692352151801 145.55539453124993 0 233 2.8329 0.0 8.181805246746432 0.0 4.0 
1476 3238505.6 86.41146547060954 79.46692352151801 145.55539453124993 0 233 2.8329 0.0 8.181805246746432 0.0 4.0 
1477 3238538.9 86.39940836224773 79.46692352151801 145.55539453124993 0 233 2.8329 0.0 8.181805246746432 0.0 4.0 
1478 3238572.3 86.39940836224773 79.44716793741006 145.55539453124993 0 233 2.8329 0.0 8.181805246746432 0.0 4.0 
1479 3238605.6 86.39940836224773 79.44716793741006 145.55539453124993 0 233 2.8329 0.0 8.181805246746432 0.0 4.0 
1480 3238638.9 86.3913526749603 79.42622136795421 145.55539453124993 0 233 2.8329 0.0 8.181805246746432 0.0 4.0 
1481 3238672.3 86.3913526749603 79.42622136795421 145.55539453124993 0 233 2.8329 0.0 8.181805246746432 0.0 4.0 
1482 3238705.6 86.3913526749603 79.42622136795421 145.55539453124993 0 233 2.8329 0.0 8.181805246746432 0.0 4.0 
1483 3238739.0 86.38615164504664 79.41497008367104 145.55539453124993 0 233 2.8329 0.0 8.181805246746432 0.0 4.0 
1484 3238772.3 86.38615164504664 79.41497008367104 145.55539453124993 0 233 2.8329 0.0 8.181805246746432 0.0 4.0 
1485 3238805.6 86.38615164504664 79.41497008367104 145.55539453124993 0 233 2.8329 0.0 8.181805246746432 0.0 4.0 
1486 3238839.0 86.38431481586791 79.41497008367104 145.55539453124993 0 233 2.8329 0.0 8.181805246746432 0.0 4.0 
1487 3238872.3 86.38431481586791 79.407241173748 145.55539453124993 0 233 2.8329 0.0 8.181805246746432 0.0 4.0 
1488 3238905.6 86.38431481586791 79.407241173748 145.55539453124993 0 233 2.8329 0.0 8.181805246746432 0.0 4.0 
1489 3238939.0 86.38431481586791 79.407241173748 145.55539453124993 0 233 2.8329 0.0 8.181805246746432 0.0 4.0 
1490 3238972.3 86.3815626075752 79.407241173748 145.55539453124993 0 233 2.8329 0.0 8.181805246746432 0.0 4.0 
1491 3239005.6 86.3815626075752 79.38981708385217 145.55539453124993 0 233 2.8329 0.0 8.181805246746432 0.0 4.0 
1492 3239039.0 86.3815626075752 79.38981708385217 145.55539453124993 0 233 2.8329 0.0 8.181805246746432 0.0 4.0 
1493 3239072.3 86.3815626075752 79.38981708385217 145.55539453124993 0 233 2.8329 0.0 8.181805246746432 0.0 4.0 
1494 3239105.7 86.3738102901414 79.36920467001468 145.55539453124993 0 233 2.8329 0.0 8.181805246746432 0.0 4.0 
1495 3239139.0 86.3738102901414 79.36920467001468 145.55539453124993 0 233 2.8329 0.0 8.181805246746432 0.0 4.0 
1496 3239172.3 86.3738102901414 79.36920467001468 145.55539453124993 0 233 2.8329 0.0 8.181805246746432 0.0 4.0 
1497 3239205.7 86.3738102901414 79.36920467001468 145.55539453124993 0 233 2.8329 0.0 8.181805246746432 0.0 4.0 
1498 3239239.0 86.36232000867417 79.36920467001468 145.55539453124993 0 233 2.8329 0.0 8.181805246746432 0.0 4.0 
1499 3239272.3 86.36232000867417 79.36187002238155 145.55539453124993 0 233 2.8329 0.0 8.181805246746432 0.0 4.0 
1500 3239305.7 86.36232000867417 79.36187002238155 145.55539453124993 0 233 2.8329 0.0 8.181805246746432 0.0 4.0 
1501 3239339.0 86.34957843957733 79.36187002238155 145.55539453124993 0 233 2.8329 0.0 8.181805246746432 0.0 4.0 
1502 3239372.3 86.34957843957733 79.35768349543712 145.55539453124993 0 233 2.8329 0.0 8.181805246746432 0.0 4.0 
1503 3239405.7 86.34957843957733 79.35768349543712 145.55539453124993 0 233 2.8329 0.0 8.181805246746432 0.0 4.0 
1504 3239439.0 86.34957843957733 79.35768349543712 145.55539453124993 0 233 2.8329 0.0 8.181805246746432 0.0 4.0 
1505 3239472.3 86.34957843957733 79.3664940421682 145.55539453124993 0 233 2.8329 0.0 8.181805246746432 0.0 4.0 
1506 3239505.7 86.34957843957733 79.3664940421682 145.55539453124993 0 233 2.8329 0.0 8.181805246746432 0.0 4.0 
1507 3239539.0 86.34957843957733 79.3664940421682 145.55539453124993 0 233 2.8329 0.0 8.181805246746432 0.0 4.0 
1508 3239572.4 86.35600683233005 79.3664940421682 145.55539453124993 0 233 2.8329 0.0 8.181805246746432 0.0 4.0 
1509 3239605.7 86.35600683233005 79.3833431891349 145.55539453124993 0 233 2.8329 0.0 8.181805246746432 0.0 4.0 
1510 3239639.0 86.35600683233005 79.3833431891349 145.55539453124993 0 233 2.8329 0.0 8.181805246746432 0.0 4.0 
1511 3239672.4 86.35600683233005 79.3833431891349 145.55539453124993 0 233 2.8329 0.0 8.181805246746432 0.0 4.0 
1512 3239705.7 86.38319133495241 79.3833431891349 145.55539453124993 0 233 2.8329 0.0 8.181805246746432 0.0 4.0 
1513 3239739.0 86.38319133495241 79.39507734689037 145.55539453124993 0 233 2.8329 0.0 8.181805246746432 0.0 4.0 
1514 3239772.4 86.38319133495241 79.39507734689037 145.55539453124993 0 233 2.8329 0.0 8.181805246746432 0.0 4.0 
1515 3239805.7 86.38319133495241 79.39507734689037 145.55539453124993 0 233 2.8329 0.0 8.181805246746432 0.0 4.0 
1516 3239839.0 86.40303594283841 79.32347897565612 145.55539453124993 0 233 2.8329 0.0 8.181805246746432 0.0 4.0 
1517 3239872.4 86.40303594283841 79.32347897565612 145.55539453124993 0 233 2.8329 0.0 8.181805246746432 0.0 4.0 
1518 3239905.7 86.40303594283841 79.32347897565612 145.55539453124993 0 233 2.8329 0.0 8.181805246746432 0.0 4.0 
1519 3239939.1 86.40303594283841 79.32347897565612 145.55539453124993 0 233 2.8329 0.0 8.181805246746432 0.0 4.0 
1520 3239972.4 86.41541654104319 79.32347897565612 145.55539453124993 0 233 2.8329 0.0 8.181805246746432 0.0 4.0 
1521 3240005.7 86.41541654104319 79.27092369388926 145.55539453124993 0 233 2.8329 0.0 8.181805246746432 0.0 4.0 
1522 3240039.1 86.41541654104319 79.27092369388926 145.55539453124993 0 233 2.8329 0.0 8.181805246746432 0.0 4.0 
1523 3240072.4 86.41541654104319 79.27092369388926 145.55539453124993 0 233 2.8329 0.0 8.181805246746432 0.0 4.0 
1524 3240105.7 86.42353180172407 79.27092369388926 145.55539453124993 0 233 2.8329 0.0 8.181805246746432 0.0 4.0 
1525 3240139.1 86.42353180172407 79.26053319402023 145.55539453124993 0 233 2.8329 0.0 8.181805246746432 0.0 4.0 
1526 3240172.4 86.42353180172407 79.26053319402023 145.55539453124993 0 233 2.8329 0.0 8.181805246746432 0.0 4.0 
1527 3240205.7 86.44273945090904 79.25812245897362 145.55539453124993 0 233 2.8329 0.0 8.181805246746432 0.0 4.0 
1528 3240239.1 86.44273945090904 79.25812245897362 145.55539453124993 0 233 2.8329 0.0 8.181805246746432 0.0 4.0 
1529 3240272.4 86.44273945090904 79.25812245897362 145.55539453124993 0 233 2.8329 0.0 8.181805246746432 0.0 4.0 
1530 3240305.7 86.46282644552075 79.25812245897362 145.55539453124993 0 233 2.8329 0.0 8.181805246746432 0.0 4.0 
1531 3240339.1 86.46282644552075 79.25687268084883 145.55539453124993 0 233 2.8329 0.0 8.181805246746432 0.0 4.0 
1532 3240372.4 86.46282644552075 79.25687268084883 145.55539453124993 0 233 2.8329 0.0 8.181805246746432 0.0 4.0 
1533 3240405.8 86.46282644552075 79.25687268084883 145.55539453124993 0 233 2.8329 0.0 8.181805246746432 0.0 4.0 
1534 3240439.1 86.50313407667292 79.25687268084883 145.55539453124993 0 233 2.8329 0.0 8.181805246746432 0.0 4.0 
1535 3240472.4 86.50313407667292 79.24683165524705 145.55539453124993 0 233 2.8329 0.0 8.181805246746432 0.0 4.0 
1536 3240505.8 86.50313407667292 79.24683165524705 145.55539453124993 0 233 2.8329 0.0 8.181805246746432 0.0 4.0 
1537 3240539.1 86.50313407667292 79.24683165524705 145.55539453124993 0 233 2.8329 0.0 8.181805246746432 0.0 4.0 
1538 3240572.4 86.53271803515464 79.24683165524705 145.55539453124993 0 233 2.8329 0.0 8.181805246746432 0.0 4.0 
1539 3240605.8 86.53271803515464 79.2309997447511 145.55539453124993 0 233 2.8329 0.0 8.181805246746432 0.0 4.0 
1540 3240639.1 86.53271803515464 79.2309997447511 145.55539453124993 0 233 2.8329 0.0 8.181805246746432 0.0 4.0 
1541 3240672.4 86.55108255051672 79.2309997447511 145.55539453124993 0 233 2.8329 0.0 8.181805246746432 0.0 4.0 
1542 3240705.8 86.55108255051672 79.2107973514723 145.55539453124993 0 233 2.8329 0.0 8.181805246746432 0.0 4.0 
1543 3240739.1 86.55108255051672 79.2107973514723 145.55539453124993 0 233 2.8329 0.0 8.181805246746432 0.0 4.0 
1544 3240772.5 86.55108255051672 79.2107973514723 145.55539453124993 0 233 2.8329 0.0 8.181805246746432 0.0 4.0 
1545 3240805.8 86.55108255051672 79.2107973514723 145.55539453124993 0 233 2.8329 0.0 8.181805246746432 0.0 4.0 
1546 3240839.1 86.56385624115576 79.2107973514723 145.55539453124993 0 233 2.8329 0.0 8.181805246746432 0.0 4.0 
1547 3240872.5 86.56385624115576 79.19456235185332 145.55539453124993 0 233 2.8329 0.0 8.181805246746432 0.0 4.0 
1548 3240905.8 86.56385624115576 79.19456235185332 145.55539453124993 0 233 2.8329 0.0 8.181805246746432 0.0 4.0 
1549 3240939.1 86.57283051290285 79.19456235185332 145.55539453124993 0 233 2.8329 0.0 8.181805246746432 0.0 4.0 
1550 3240972.5 86.57283051290285 79.1743628300402 145.55539453124993 0 233 2.8329 0.0 8.181805246746432 0.0 4.0 
1551 3241005.8 86.57283051290285 79.1743628300402 145.55539453124993 0 233 2.8329 0.0 8.181805246746432 0.0 4.0 
1552 3241039.1 86.5752430244064 79.15998058595143 145.55539453124993 0 233 2.8329 0.0 8.181805246746432 0.0 4.0 
1553 3241072.5 86.5752430244064 79.15998058595143 145.55539453124993 0 233 2.8329 0.0 8.181805246746432 0.0 4.0 
1554 3241105.8 86.5752430244064 79.15998058595143 145.55539453124993 0 233 2.8329 0.0 8.181805246746432 0.0 4.0 
1555 3241139.1 86.57717721339439 79.15998058595143 145.55539453124993 0 233 2.8329 0.0 8.181805246746432 0.0 4.0 
1556 3241172.5 86.57717721339439 79.153085659856 145.55539453124993 0 233 2.8329 0.0 8.181805246746432 0.0 4.0 
1557 3241205.8 86.57717721339439 79.153085659856 145.55539453124993 0 233 2.8329 0.0 8.181805246746432 0.0 4.0 
1558 3241239.2 86.57717721339439 79.153085659856 145.55539453124993 0 233 2.8329 0.0 8.181805246746432 0.0 4.0 
1559 3241272.5 86.57848960949242 79.153085659856 145.55539453124993 0 233 2.8329 0.0 8.181805246746432 0.0 4.0 
1560 3241305.8 86.57848960949242 79.13364177711182 145.55539453124993 0 233 2.8329 0.0 8.181805246746432 0.0 4.0 
1561 3241339.2 86.57848960949242 79.13364177711182 145.55539453124993 0 233 2.8329 0.0 8.181805246746432 0.0 4.0 
1562 3241372.5 86.57727717388006 79.13364177711182 145.55539453124993 0 233 2.8329 0.0 8.181805246746432 0.0 4.0 
1563 3241405.8 86.57727717388006 79.11410469458775 145.55539453124993 0 233 2.8329 0.0 8.181805246746432 0.0 4.0 
1564 3241439.2 86.57727717388006 79.11410469458775 145.55539453124993 0 233 2.8329 0.0 8.181805246746432 0.0 4.0 
1565 3241472.5 86.57727717388006 79.11410469458775 145.55539453124993 0 233 2.8329 0.0 8.181805246746432 0.0 4.0 
1566 3241505.8 86.57302785332037 79.11410469458775 145.55539453124993 0 233 2.8329 0.0 8.181805246746432 0.0 4.0 
1567 3241539.2 86.57302785332037 79.09729649179141 145.55539453124993 0 233 2.8329 0.0 8.181805246746432 0.0 4.0 
1568 3241572.5 86.57302785332037 79.09729649179141 145.55539453124993 0 233 2.8329 0.0 8.181805246746432 0.0 4.0 
1569 3241605.9 86.57302785332037 79.09729649179141 145.55539453124993 0 233 2.8329 0.0 8.181805246746432 0.0 4.0 
1570 3241639.2 86.56739999348682 79.09729649179141 145.55539453124993 0 233 2.8329 0.0 8.181805246746432 0.0 4.0 
1571 3241672.5 86.56739999348682 79.08766102998464 145.55539453124993 0 233 2.8329 0.0 8.181805246746432 0.0 4.0 
1572 3241705.9 86.56739999348682 79.08766102998464 145.55539453124993 0 233 2.8329 0.0 8.181805246746432 0.0 4.0 
1573 3241739.2 86.56739999348682 79.08766102998464 145.55539453124993 0 233 2.8329 0.0 8.181805246746432 0.0 4.0 
1574 3241772.5 86.56348120383379 79.08766102998464 145.55539453124993 0 233 2.8329 0.0 8.181805246746432 0.0 4.0 
1575 3241805.9 86.56348120383379 79.07696861061937 145.55539453124993 0 233 2.8329 0.0 8.181805246746432 0.0 4.0 
1576 3241839.2 86.56348120383379 79.07696861061937 145.55539453124993 0 233 2.8329 0.0 8.181805246746432 0.0 4.0 
1577 3241872.5 86.55953070170654 79.06780599245643 145.55539453124993 0 233 2.8329 0.0 8.181805246746432 0.0 4.0 
1578 3241905.9 86.55953070170654 79.06780599245643 145.55539453124993 0 233 2.8329 0.0 8.181805246746432 0.0 4.0 
1579 3241939.2 86.55953070170654 79.06780599245643 145.55539453124993 0 233 2.8329 0.0 8.181805246746432 0.0 4.0 
1580 3241972.5 86.55725558640583 79.06780599245643 145.55539453124993 0 233 2.8329 0.0 8.181805246746432 0.0 4.0 
1581 3242005.9 86.55725558640583 79.06344561934905 145.55539453124993 0 233 2.8329 0.0 8.181805246746432 0.0 4.0 
1582 3242039.2 86.55725558640583 79.06344561934905 145.55539453124993 0 233 2.8329 0.0 8.181805246746432 0.0 4.0 
1583 3242072.6 86.55725558640583 79.06344561934905 145.55539453124993 0 233 2.8329 0.0 8.181805246746432 0.0 4.0 
1584 3242105.9 86.55915812640619 79.06344561934905 145.55539453124993 0 233 2.8329 0.0 8.181805246746432 0.0 4.0 
1585 3242139.2 86.55915812640619 79.05871898381702 145.55539453124993 0 233 2.8329 0.0 8.181805246746432 0.0 4.0 
1586 3242172.6 86.55915812640619 79.05871898381702 145.55539453124993 0 233 2.8329 0.0 8.181805246746432 0.0 4.0 
1587 3242205.9 86.56591239324493 79.05674010632856 145.55539453124993 0 233 2.8329 0.0 8.181805246746432 0.0 4.0 
1588 3242239.2 86.56591239324493 79.05674010632856 145.55539453124993 0 233 2.8329 0.0 8.181805246746432 0.0 4.0 
1589 3242272.6 86.56591239324493 79.05674010632856 145.55539453124993 0 233 2.8329 0.0 8.181805246746432 0.0 4.0 
1590 3242305.9 86.56591239324493 79.05674010632856 145.55539453124993 0 233 2.8329 0.0 8.181805246746432 0.0 4.0 
1591 3242339.2 86.58166212159702 79.06044090086996 145.55539453124993 0 233 2.8329 0.0 8.181805246746432 0.0 4.0 
1592 3242372.6 86.58166212159702 79.06044090086996 145.55539453124993 0 233 2.8329 0.0 8.181805246746432 0.0 4.0 
1593 3242405.9 86.58166212159702 79.06044090086996 145.55539453124993 0 233 2.8329 0.0 8.181805246746432 0.0 4.0 
1594 3242439.3 86.5939014218456 79.06044090086996 145.55539453124993 0 233 2.8329 0.0 8.181805246746432 0.0 4.0 
1595 3242472.6 86.5939014218456 79.06665369267499 145.55539453124993 0 233 2.8329 0.0 8.181805246746432 0.0 4.0 
1596 3242505.9 86.5939014218456 79.06665369267499 145.55539453124993 0 233 2.8329 0.0 8.181805246746432 0.0 4.0 
1597 3242539.3 86.5939014218456 79.06665369267499 145.55539453124993 0 233 2.8329 0.0 8.181805246746432 0.0 4.0 
1598 3242572.6 86.60663683124687 79.07151111622603 145.55539453124993 0 233 2.8329 0.0 8.181805246746432 0.0 4.0 
1599 3242605.9 86.60663683124687 79.07151111622603 145.55539453124993 0 233 2.8329 0.0 8.181805246746432 0.0 4.0 
1600 3242639.3 86.60663683124687 79.07151111622603 145.55539453124993 0 233 2.8329 0.0 8.181805246746432 0.0 4.0 
1601 3242672.6 86.60663683124687 79.07151111622603 145.55539453124993 0 233 2.8329 0.0 8.181805246746432 0.0 4.0 
1602 3242705.9 86.6220070532219 79.06850814583659 145.55539453124993 0 233 2.8329 0.0 8.181805246746432 0.0 4.0 
1603 3242739.3 86.6220070532219 79.06850814583659 145.55539453124993 0 233 2.8329 0.0 8.181805246746432 0.0 4.0 
1604 3242772.6 86.6220070532219 79.06850814583659 145.55539453124993 0 233 2.8329 0.0 8.181805246746432 0.0 4.0 
1605 3242805.9 86.6342997609009 79.06850814583659 145.55539453124993 0 233 2.8329 0.0 8.181805246746432 0.0 4.0 
1606 3242839.3 86.6342997609009 79.05980790933548 145.55539453124993 0 233 2.8329 0.0 8.181805246746432 0.0 4.0 
1607 3242872.6 86.6342997609009 79.05980790933548 145.55539453124993 0 233 2.8329 0.0 8.181805246746432 0.0 4.0 
1608 3242906.0 86.6388078092678 79.05980790933548 145.55539453124993 0 233 2.8329 0.0 8.181805246746432 0.0 4.0 
1609 3242939.3 86.6388078092678 79.05272003440562 145.55539453124993 0 233 2.8329 0.0 8.181805246746432 0.0 4.0 
1610 3242972.6 86.6388078092678 79.05272003440562 145.55539453124993 0 233 2.8329 0.0 8.181805246746432 0.0 4.0 
1611 3243006.0 86.6388078092678 79.05272003440562 145.55539453124993 0 233 2.8329 0.0 8.181805246746432 0.0 4.0 
1612 3243039.3 86.65670556147218 79.04617987890549 145.55539453124993 0 233 2.8329 0.0 8.181805246746432 0.0 4.0 
1613 3243072.6 86.65670556147218 79.04617987890549 145.55539453124993 0 233 2.8329 0.0 8.181805246746432 0.0 4.0 
1614 3243106.0 86.65670556147218 79.04617987890549 145.55539453124993 0 233 2.8329 0.0 8.181805246746432 0.0 4.0 
1615 3243139.3 86.66579557457415 79.04617987890549 145.55539453124993 0 233 2.8329 0.0 8.181805246746432 0.0 4.0 
1616 3243172.6 86.66579557457415 79.04617987890549 145.55539453124993 0 233 2.8329 0.0 8.181805246746432 0.0 4.0 
1617 3243206.0 86.66579557457415 79.04617987890549 145.55539453124993 0 233 2.8329 0.0 8.181805246746432 0.0 4.0 
1618 3243239.3 86.66901099683292 79.04617987890549 145.55539453124993 0 233 2.8329 0.0 8.181805246746432 0.0 4.0 
1619 3243272.7 86.66901099683292 79.0445031724312 145.55539453124993 0 233 2.8329 0.0 8.181805246746432 0.0 4.0 
1620 3243306.0 86.66901099683292 79.0445031724312 145.55539453124993 0 233 2.8329 0.0 8.181805246746432 0.0 4.0 
1621 3243339.3 86.66901099683292 79.0445031724312 145.55539453124993 0 233 2.8329 0.0 8.181805246746432 0.0 4.0 
1622 3243372.7 86.68427474561055 79.03471778541181 145.55539453124993 0 233 2.8329 0.0 8.181805246746432 0.0 4.0 
1623 3243406.0 86.68427474561055 79.03471778541181 145.55539453124993 0 233 2.8329 0.0 8.181805246746432 0.0 4.0 
1624 3243439.3 86.68427474561055 79.03471778541181 145.55539453124993 0 233 2.8329 0.0 8.181805246746432 0.0 4.0 
1625 3243472.7 86.68427474561055 79.03471778541181 145.55539453124993 0 233 2.8329 0.0 8.181805246746432 0.0 4.0 
1626 3243506.0 86.69954739251314 79.02726827643426 145.55539453124993 0 233 2.8329 0.0 8.181805246746432 0.0 4.0 
1627 3243539.3 86.69954739251314 79.02726827643426 145.55539453124993 0 233 2.8329 0.0 8.181805246746432 0.0 4.0 
1628 3243572.7 86.69954739251314 79.02726827643426 145.55539453124993 0 233 2.8329 0.0 8.181805246746432 0.0 4.0 
1629 3243606.0 86.69954739251314 79.02726827643426 145.55539453124993 0 233 2.8329 0.0 8.181805246746432 0.0 4.0 
1630 3243639.3 86.71090696771402 79.02726827643426 145.55539453124993 0 233 2.8329 0.0 8.181805246746432 0.0 4.0 
1631 3243672.7 86.71090696771402 79.02916939356162 145.55539453124993 0 233 2.8329 0.0 8.181805246746432 0.0 4.0 
1632 3243706.0 86.71090696771402 79.02916939356162 145.55539453124993 0 233 2.8329 0.0 8.181805246746432 0.0 4.0 
1633 3243739.4 86.73125412015068 79.02916939356162 145.55539453124993 0 233 2.8329 0.0 8.181805246746432 0.0 4.0 
1634 3243772.7 86.73125412015068 79.06784551581991 145.55539453124993 0 233 2.8329 0.0 8.181805246746432 0.0 4.0 
1635 3243806.0 86.73125412015068 79.06784551581991 145.55539453124993 0 233 2.8329 0.0 8.181805246746432 0.0 4.0 
1636 3243839.4 86.73125412015068 79.06784551581991 145.55539453124993 0 233 2.8329 0.0 8.181805246746432 0.0 4.0 
1637 3243872.7 86.73125412015068 79.06784551581991 145.55539453124993 0 233 2.8329 0.0 8.181805246746432 0.0 4.0 
1638 3243906.0 86.73923768578797 79.08079408031873 145.55539453124993 0 233 2.8329 0.0 8.181805246746432 0.0 4.0 
1639 3243939.4 86.73923768578797 79.08079408031873 145.55539453124993 0 233 2.8329 0.0 8.181805246746432 0.0 4.0 
1640 3243972.7 86.73923768578797 79.08079408031873 145.55539453124993 0 233 2.8329 0.0 8.181805246746432 0.0 4.0 
1641 3244006.0 86.71692494735154 79.07575522050779 145.55539453124993 0 233 2.8329 0.0 8.181805246746432 0.0 4.0 
1642 3244039.4 86.71692494735154 79.07575522050779 145.55539453124993 0 233 2.8329 0.0 8.181805246746432 0.0 4.0 
1643 3244072.7 86.71692494735154 79.07575522050779 145.55539453124993 0 233 2.8329 0.0 8.181805246746432 0.0 4.0 
1644 3244106.1 86.71692494735154 79.07575522050779 145.55539453124993 0 233 2.8329 0.0 8.181805246746432 0.0 4.0 
1645 3244139.4 86.69650970816072 79.07012143803188 145.55539453124993 0 233 2.8329 0.0 8.181805246746432 0.0 4.0 
1646 3244172.7 86.69650970816072 79.07012143803188 145.55539453124993 0 233 2.8329 0.0 8.181805246746432 0.0 4.0 
1647 3244206.1 86.69650970816072 79.07012143803188 145.55539453124993 0 233 2.8329 0.0 8.181805246746432 0.0 4.0 
1648 3244239.4 86.66895945603666 79.07012143803188 145.55539453124993 0 233 2.8329 0.0 8.181805246746432 0.0 4.0 
1649 3244272.7 86.66895945603666 79.06638197257845 145.55539453124993 0 233 2.8329 0.0 8.181805246746432 0.0 4.0 
1650 3244306.1 86.66895945603666 79.06638197257845 145.55539453124993 0 233 2.8329 0.0 8.181805246746432 0.0 4.0 
1651 3244339.4 86.66895945603666 79.06638197257845 145.55539453124993 0 233 2.8329 0.0 8.181805246746432 0.0 4.0 
1652 3244372.7 86.65126086585653 79.06638197257845 145.55539453124993 0 233 2.8329 0.0 8.181805246746432 0.0 4.0 
1653 3244406.1 86.65126086585653 79.06297138244493 145.55539453124993 0 233 2.8329 0.0 8.181805246746432 0.0 4.0 
1654 3244439.4 86.65126086585653 79.06297138244493 145.55539453124993 0 233 2.8329 0.0 8.181805246746432 0.0 4.0 
1655 3244472.7 86.63843289890823 79.06297138244493 145.55539453124993 0 233 2.8329 0.0 8.181805246746432 0.0 4.0 
1656 3244506.1 86.63843289890823 79.06297138244493 145.55539453124993 0 233 2.8329 0.0 8.181805246746432 0.0 4.0 
1657 3244539.4 86.63306090791167 79.06297138244493 145.55539453124993 0 233 2.8329 0.0 8.181805246746432 0.0 4.0 
1658 3244572.8 86.63306090791167 79.06427714153574 145.55539453124993 0 233 2.8329 0.0 8.181805246746432 0.0 4.0 
1659 3244606.1 86.63306090791167 79.06427714153574 145.55539453124993 0 233 2.8329 0.0 8.181805246746432 0.0 4.0 
1660 3244639.4 86.63306090791167 79.06427714153574 145.55539453124993 0 233 2.8329 0.0 8.181805246746432 0.0 4.0 
1661 3244672.8 86.63504786550453 79.06427714153574 145.55539453124993 0 233 2.8329 0.0 8.181805246746432 0.0 4.0 
1662 3244706.1 86.63504786550453 79.07306196070293 145.55539453124993 0 233 2.8329 0.0 8.181805246746432 0.0 4.0 
1663 3244739.4 86.63504786550453 79.07306196070293 145.55539453124993 0 233 2.8329 0.0 8.181805246746432 0.0 4.0 
1664 3244772.8 86.65000248181809 79.07306196070293 145.55539453124993 0 233 2.8329 0.0 8.181805246746432 0.0 4.0 
1665 3244806.1 86.65000248181809 79.10247394641249 145.55539453124993 0 233 2.8329 0.0 8.181805246746432 0.0 4.0 
1666 3244839.4 86.65000248181809 79.10247394641249 145.55539453124993 0 233 2.8329 0.0 8.181805246746432 0.0 4.0 
1667 3244872.8 86.66184267087519 79.10247394641249 145.55539453124993 0 233 2.8329 0.0 8.181805246746432 0.0 4.0 
1668 3244906.1 86.66184267087519 79.12893446330604 145.55539453124993 0 233 2.8329 0.0 8.181805246746432 0.0 4.0 
1669 3244939.5 86.66184267087519 79.12893446330604 145.55539453124993 0 233 2.8329 0.0 8.181805246746432 0.0 4.0 
1670 3244972.8 86.66184267087519 79.12893446330604 145.55539453124993 0 233 2.8329 0.0 8.181805246746432 0.0 4.0 
1671 3245006.1 86.66184267087519 79.12893446330604 145.55539453124993 0 233 2.8329 0.0 8.181805246746432 0.0 4.0 
1672 3245039.5 86.67452355635041 79.12893446330604 145.55539453124993 0 233 2.8329 0.0 8.181805246746432 0.0 4.0 
1673 3245072.8 86.67452355635041 79.16562016974139 145.55539453124993 0 233 2.8329 0.0 8.181805246746432 0.0 4.0 
1674 3245106.1 86.67452355635041 79.16562016974139 145.55539453124993 0 233 2.8329 0.0 8.181805246746432 0.0 4.0 
1675 3245139.5 86.67452355635041 79.16562016974139 145.55539453124993 0 233 2.8329 0.0 8.181805246746432 0.0 4.0 
1676 3245172.8 86.67452355635041 79.16562016974139 145.55539453124993 0 233 2.8329 0.0 8.181805246746432 0.0 4.0 
1677 3245206.1 86.67452355635041 79.20278677963012 145.55539453124993 0 233 2.8329 0.0 8.181805246746432 0.0 4.0 
1678 3245239.5 86.67452355635041 79.20278677963012 145.55539453124993 0 233 2.8329 0.0 8.181805246746432 0.0 4.0 
1679 3245272.8 86.67452355635041 79.20278677963012 145.55539453124993 0 233 2.8329 0.0 8.181805246746432 0.0 4.0 
1680 3245306.1 86.66576307770093 79.23155531168537 145.55539453124993 0 233 2.8329 0.0 8.181805246746432 0.0 4.0 
1681 3245339.5 86.66576307770093 79.23155531168537 145.55539453124993 0 233 2.8329 0.0 8.181805246746432 0.0 4.0 
1682 3245372.8 86.66576307770093 79.23155531168537 145.55539453124993 0 233 2.8329 0.0 8.181805246746432 0.0 4.0 
1683 3245406.2 86.66576307770093 79.23155531168537 145.55539453124993 0 233 2.8329 0.0 8.181805246746432 0.0 4.0 
1684 3245439.5 86.65007951293451 79.23155531168537 145.55539453124993 0 233 2.8329 0.0 8.181805246746432 0.0 4.0 
1685 3245472.8 86.65007951293451 79.25311213507247 145.55539453124993 0 233 2.8329 0.0 8.181805246746432 0.0 4.0 
1686 3245506.2 86.65007951293451 79.25311213507247 145.55539453124993 0 233 2.8329 0.0 8.181805246746432 0.0 4.0 
1687 3245539.5 86.65007951293451 79.25311213507247 145.55539453124993 0 233 2.8329 0.0 8.181805246746432 0.0 4.0 
1688 3245572.8 86.64047137802604 79.25311213507247 145.55539453124993 0 233 2.8329 0.0 8.181805246746432 0.0 4.0 
1689 3245606.2 86.64047137802604 79.26926475489608 145.55539453124993 0 233 2.8329 0.0 8.181805246746432 0.0 4.0 
1690 3245639.5 86.64047137802604 79.26926475489608 145.55539453124993 0 233 2.8329 0.0 8.181805246746432 0.0 4.0 
1691 3245672.8 86.64047137802604 79.26926475489608 145.55539453124993 0 233 2.8329 0.0 8.181805246746432 0.0 4.0 
1692 3245706.2 86.63092401978606 79.2856692884982 145.55539453124993 0 233 2.8329 0.0 8.181805246746432 0.0 4.0 
1693 3245739.5 86.63092401978606 79.2856692884982 145.55539453124993 0 233 2.8329 0.0 8.181805246746432 0.0 4.0 
1694 3245772.9 86.63092401978606 79.2856692884982 145.55539453124993 0 233 2.8329 0.0 8.181805246746432 0.0 4.0 
1695 3245806.2 86.61814114177197 79.2856692884982 145.55539453124993 0 233 2.8329 0.0 8.181805246746432 0.0 4.0 
1696 3245839.5 86.61814114177197 79.30398116673639 145.55539453124993 0 233 2.8329 0.0 8.181805246746432 0.0 4.0 
1697 3245872.9 86.61814114177197 79.30398116673639 145.55539453124993 0 233 2.8329 0.0 8.181805246746432 0.0 4.0 
1698 3245906.2 86.6073746927748 79.30398116673639 145.55539453124993 0 233 2.8329 0.0 8.181805246746432 0.0 4.0 
1699 3245939.5 86.6073746927748 79.315598139265 145.55539453124993 0 233 2.8329 0.0 8.181805246746432 0.0 4.0 
1700 3245972.9 86.6073746927748 79.315598139265 145.55539453124993 0 233 2.8329 0.0 8.181805246746432 0.0 4.0 
1701 3246006.2 86.6073746927748 79.315598139265 145.55539453124993 0 233 2.8329 0.0 8.181805246746432 0.0 4.0 
1702 3246039.5 86.59614074882977 79.32915155709114 145.55539453124993 0 233 2.8329 0.0 8.181805246746432 0.0 4.0 
1703 3246072.9 86.59614074882977 79.32915155709114 145.55539453124993 0 233 2.8329 0.0 8.181805246746432 0.0 4.0 
1704 3246106.2 86.59614074882977 79.32915155709114 145.55539453124993 0 233 2.8329 0.0 8.181805246746432 0.0 4.0 
1705 3246139.5 86.59614074882977 79.32915155709114 145.55539453124993 0 233 2.8329 0.0 8.181805246746432 0.0 4.0 
1706 3246172.9 86.581146997987 79.32915155709114 145.55539453124993 0 233 2.8329 0.0 8.181805246746432 0.0 4.0 
1707 3246206.2 86.581146997987 79.34695995114458 145.55539453124993 0 233 2.8329 0.0 8.181805246746432 0.0 4.0 
1708 3246239.6 86.581146997987 79.34695995114458 145.55539453124993 0 233 2.8329 0.0 8.181805246746432 0.0 4.0 
1709 3246272.9 86.581146997987 79.34695995114458 145.55539453124993 0 233 2.8329 0.0 8.181805246746432 0.0 4.0 
1710 3246306.2 86.57032721066878 79.34695995114458 145.55539453124993 0 233 2.8329 0.0 8.181805246746432 0.0 4.0 
1711 3246339.6 86.57032721066878 79.35864587521691 145.55539453124993 0 233 2.8329 0.0 8.181805246746432 0.0 4.0 
1712 3246372.9 86.57032721066878 79.35864587521691 145.55539453124993 0 233 2.8329 0.0 8.181805246746432 0.0 4.0 
1713 3246406.2 86.57032721066878 79.35864587521691 145.55539453124993 0 233 2.8329 0.0 8.181805246746432 0.0 4.0 
1714 3246439.6 86.56527731655585 79.35864587521691 145.55539453124993 0 233 2.8329 0.0 8.181805246746432 0.0 4.0 
1715 3246472.9 86.56527731655585 79.36560296605255 145.55539453124993 0 233 2.8329 0.0 8.181805246746432 0.0 4.0 
1716 3246506.2 86.56527731655585 79.36560296605255 145.55539453124993 0 233 2.8329 0.0 8.181805246746432 0.0 4.0 
1717 3246539.6 86.56527731655585 79.36560296605255 145.55539453124993 0 233 2.8329 0.0 8.181805246746432 0.0 4.0 
1718 3246572.9 86.559392153563 79.36560296605255 145.55539453124993 0 233 2.8329 0.0 8.181805246746432 0.0 4.0 
1719 3246606.3 86.559392153563 79.37789848670721 145.55539453124993 0 233 2.8329 0.0 8.181805246746432 0.0 4.0 
1720 3246639.6 86.559392153563 79.37789848670721 145.55539453124993 0 233 2.8329 0.0 8.181805246746432 0.0 4.0 
1721 3246672.9 86.559392153563 79.37789848670721 145.55539453124993 0 233 2.8329 0.0 8.181805246746432 0.0 4.0 
1722 3246706.3 86.55295064618483 79.37789848670721 145.55539453124993 0 233 2.8329 0.0 8.181805246746432 0.0 4.0 
1723 3246739.6 86.55295064618483 79.3915160938156 145.55539453124993 0 233 2.8329 0.0 8.181805246746432 0.0 4.0 
1724 3246772.9 86.55295064618483 79.3915160938156 145.55539453124993 0 233 2.8329 0.0 8.181805246746432 0.0 4.0 
1725 3246806.3 86.55295064618483 79.3915160938156 145.55539453124993 0 233 2.8329 0.0 8.181805246746432 0.0 4.0 
1726 3246839.6 86.5466887000543 79.40855493386977 145.55539453124993 0 233 2.8329 0.0 8.181805246746432 0.0 4.0 
1727 3246872.9 86.5466887000543 79.40855493386977 145.55539453124993 0 233 2.8329 0.0 8.181805246746432 0.0 4.0 
1728 3246906.3 86.5466887000543 79.40855493386977 145.55539453124993 0 233 2.8329 0.0 8.181805246746432 0.0 4.0 
1729 3246939.6 86.5466887000543 79.40855493386977 145.55539453124993 0 233 2.8329 0.0 8.181805246746432 0.0 4.0 
1730 3246972.9 86.54361660919946 79.40855493386977 145.55539453124993 0 233 2.8329 0.0 8.181805246746432 0.0 4.0 
1731 3247006.3 86.54361660919946 79.42861711947694 145.55539453124993 0 233 2.8329 0.0 8.181805246746432 0.0 4.0 
1732 3247039.6 86.54361660919946 79.42861711947694 145.55539453124993 0 233 2.8329 0.0 8.181805246746432 0.0 4.0 
1733 3247073.0 86.54361660919946 79.44811121292979 145.55539453124993 0 233 2.8329 0.0 8.181805246746432 0.0 4.0 
1734 3247106.3 86.54361660919946 79.44811121292979 145.55539453124993 0 233 2.8329 0.0 8.181805246746432 0.0 4.0 
1735 3247139.6 86.54361660919946 79.44811121292979 145.55539453124993 0 233 2.8329 0.0 8.181805246746432 0.0 4.0 
1736 3247173.0 86.54503770453213 79.45416103508816 145.55539453124993 0 233 2.8329 0.0 8.181805246746432 0.0 4.0 
1737 3247206.3 86.54503770453213 79.45416103508816 145.55539453124993 0 233 2.8329 0.0 8.181805246746432 0.0 4.0 
1738 3247239.6 86.54503770453213 79.45416103508816 145.55539453124993 0 233 2.8329 0.0 8.181805246746432 0.0 4.0 
1739 3247273.0 86.54503770453213 79.45416103508816 145.55539453124993 0 233 2.8329 0.0 8.181805246746432 0.0 4.0 
1740 3247306.3 86.54840466094946 79.47087557174757 145.55539453124993 0 233 2.8329 0.0 8.181805246746432 0.0 4.0 
1741 3247339.6 86.54840466094946 79.47087557174757 145.55539453124993 0 233 2.8329 0.0 8.181805246746432 0.0 4.0 
1742 3247373.0 86.54840466094946 79.47087557174757 145.55539453124993 0 233 2.8329 0.0 8.181805246746432 0.0 4.0 
1743 3247406.3 86.54840466094946 79.47087557174757 145.55539453124993 0 233 2.8329 0.0 8.181805246746432 0.0 4.0 
1744 3247439.7 86.55918555577968 79.47087557174757 145.55539453124993 0 233 2.8329 0.0 8.181805246746432 0.0 4.0 
1745 3247473.0 86.55918555577968 79.48742358800615 145.55539453124993 0 233 2.8329 0.0 8.181805246746432 0.0 4.0 
1746 3247506.3 86.55918555577968 79.48742358800615 145.55539453124993 0 233 2.8329 0.0 8.181805246746432 0.0 4.0 
1747 3247539.7 86.55930566406246 79.51160104078431 145.5235205078124 0 233 2.8329 0.0 8.181805246746432 0.0 4.0 
1748 3247573.0 86.55930566406246 79.51160104078431 145.5235205078124 0 233 2.8329 0.0 8.181805246746432 0.0 4.0 
1749 3247606.3 86.55930566406246 79.51160104078431 145.5235205078124 0 233 2.8329 0.0 8.181805246746432 0.0 4.0 
1750 3247639.7 86.56392435599172 79.51160104078431 145.5235205078124 0 233 2.8329 0.0 8.181805246746432 0.0 4.0 
1751 3247673.0 86.56392435599172 79.51642367154616 145.5235205078124 0 233 2.8329 0.0 8.181805246746432 0.0 4.0 
1752 3247706.3 86.56392435599172 79.51642367154616 145.5235205078124 0 233 2.8329 0.0 8.181805246746432 0.0 4.0 
1753 3247739.7 86.56392435599172 79.51642367154616 145.5235205078124 0 233 2.8329 0.0 8.181805246746432 0.0 4.0 
1754 3247773.0 86.57304674659015 79.52440969813829 145.5235205078124 0 233 2.8329 0.0 8.181805246746432 0.0 4.0 
1755 3247806.3 86.57304674659015 79.52440969813829 145.5235205078124 0 233 2.8329 0.0 8.181805246746432 0.0 4.0 
1756 3247839.7 86.57304674659015 79.52440969813829 145.5235205078124 0 233 2.8329 0.0 8.181805246746432 0.0 4.0 
1757 3247873.0 86.57036703060163 79.52639110620487 145.5235205078124 0 233 2.8329 0.0 8.181805246746432 0.0 4.0 
1758 3247906.4 86.57036703060163 79.52639110620487 145.5235205078124 0 233 2.8329 0.0 8.181805246746432 0.0 4.0 
1759 3247939.7 86.56737885521862 79.52639110620487 145.5235205078124 0 233 2.8329 0.0 8.181805246746432 0.0 4.0 
1760 3247973.0 86.56737885521862 79.53069072550086 145.5235205078124 0 233 2.8329 0.0 8.181805246746432 0.0 4.0 
1761 3248006.4 86.56737885521862 79.53069072550086 145.5235205078124 0 233 2.8329 0.0 8.181805246746432 0.0 4.0 
1762 3248039.7 86.56737885521862 79.53069072550086 145.5235205078124 0 233 2.8329 0.0 8.181805246746432 0.0 4.0 
1763 3248073.0 86.56737885521862 79.5357227980333 145.5235205078124 0 233 2.8329 0.0 8.181805246746432 0.0 4.0 
1764 3248106.4 86.56737885521862 79.5357227980333 145.5235205078124 0 233 2.8329 0.0 8.181805246746432 0.0 4.0 
1765 3248139.7 86.56521693099725 79.5357227980333 145.5235205078124 0 233 2.8329 0.0 8.181805246746432 0.0 4.0 
1766 3248173.0 86.56521693099725 79.53747307658811 145.5235205078124 0 233 2.8329 0.0 8.181805246746432 0.0 4.0 
1767 3248206.4 86.56521693099725 79.53747307658811 145.5235205078124 0 233 2.8329 0.0 8.181805246746432 0.0 4.0 
1768 3248239.7 86.56521693099725 79.5364558974858 145.5235205078124 0 233 2.8329 0.0 8.181805246746432 0.0 4.0 
1769 3248273.1 86.56521693099725 79.5364558974858 145.5235205078124 0 233 2.8329 0.0 8.181805246746432 0.0 4.0 
1770 3248306.4 86.56521693099725 79.5364558974858 145.5235205078124 0 233 2.8329 0.0 8.181805246746432 0.0 4.0 
1771 3248339.7 86.56521693099725 79.53923437192141 145.5235205078124 0 233 2.8329 0.0 8.181805246746432 0.0 4.0 
1772 3248373.1 86.56521693099725 79.53923437192141 145.5235205078124 0 233 2.8329 0.0 8.181805246746432 0.0 4.0 
1773 3248406.4 86.56521693099725 79.53923437192141 145.5235205078124 0 233 2.8329 0.0 8.181805246746432 0.0 4.0 
1774 3248439.7 86.56700325409268 79.53923437192141 145.5235205078124 0 233 2.8329 0.0 8.181805246746432 0.0 4.0 
1775 3248473.1 86.56700325409268 79.54253456537595 145.5235205078124 0 233 2.8329 0.0 8.181805246746432 0.0 4.0 
1776 3248506.4 86.56700325409268 79.54253456537595 145.5235205078124 0 233 2.8329 0.0 8.181805246746432 0.0 4.0 
1777 3248539.7 86.56700325409268 79.54253456537595 145.5235205078124 0 233 2.8329 0.0 8.181805246746432 0.0 4.0 
1778 3248573.1 86.56700325409268 79.54632808590209 145.5235205078124 0 233 2.8329 0.0 8.181805246746432 0.0 4.0 
1779 3248606.4 86.56700325409268 79.54632808590209 145.5235205078124 0 233 2.8329 0.0 8.181805246746432 0.0 4.0 
1780 3248639.7 86.56700325409268 79.54632808590209 145.5235205078124 0 233 2.8329 0.0 8.181805246746432 0.0 4.0 
1781 3248673.1 86.5684914390867 79.54632808590209 145.5235205078124 0 233 2.8329 0.0 8.181805246746432 0.0 4.0 
1782 3248706.4 86.5684914390867 79.547802287282 145.5235205078124 0 233 2.8329 0.0 8.181805246746432 0.0 4.0 
1783 3248739.8 86.5684914390867 79.547802287282 145.5235205078124 0 233 2.8329 0.0 8.181805246746432 0.0 4.0 
1784 3248773.1 86.5684914390867 79.547802287282 145.5235205078124 0 233 2.8329 0.0 8.181805246746432 0.0 4.0 
1785 3248806.4 86.57214548077896 79.547802287282 145.5235205078124 0 233 2.8329 0.0 8.181805246746432 0.0 4.0 
1786 3248839.8 86.57214548077896 79.54980254085717 145.5235205078124 0 233 2.8329 0.0 8.181805246746432 0.0 4.0 
1787 3248873.1 86.57214548077896 79.54980254085717 145.5235205078124 0 233 2.8329 0.0 8.181805246746432 0.0 4.0 
1788 3248906.4 86.57588574934309 79.54980254085717 145.5235205078124 0 233 2.8329 0.0 8.181805246746432 0.0 4.0 
1789 3248939.8 86.57588574934309 79.55461111025724 145.5235205078124 0 233 2.8329 0.0 8.181805246746432 0.0 4.0 
1790 3248973.1 86.57588574934309 79.55461111025724 145.5235205078124 0 233 2.8329 0.0 8.181805246746432 0.0 4.0 
1791 3249006.4 86.57588574934309 79.55461111025724 145.5235205078124 0 233 2.8329 0.0 8.181805246746432 0.0 4.0 
1792 3249039.8 86.58114350906678 79.56402753187442 145.5235205078124 0 233 2.8329 0.0 8.181805246746432 0.0 4.0 
1793 3249073.1 86.58114350906678 79.56402753187442 145.5235205078124 0 233 2.8329 0.0 8.181805246746432 0.0 4.0 
1794 3249106.5 86.58114350906678 79.56402753187442 145.5235205078124 0 233 2.8329 0.0 8.181805246746432 0.0 4.0 
1795 3249139.8 86.58114350906678 79.56402753187442 145.5235205078124 0 233 2.8329 0.0 8.181805246746432 0.0 4.0 
1796 3249173.1 86.58721162568906 79.56402753187442 145.5235205078124 0 233 2.8329 0.0 8.181805246746432 0.0 4.0 
1797 3249206.5 86.58721162568906 79.57393035933103 145.5235205078124 0 233 2.8329 0.0 8.181805246746432 0.0 4.0 
1798 3249239.8 86.58721162568906 79.57393035933103 145.5235205078124 0 233 2.8329 0.0 8.181805246746432 0.0 4.0 
1799 3249273.1 86.59204668137538 79.57393035933103 145.5235205078124 0 233 2.8329 0.0 8.181805246746432 0.0 4.0 
1800 3249306.5 86.59204668137538 79.58271089058182 145.5235205078124 0 233 2.8329 0.0 8.181805246746432 0.0 4.0 
1801 3249339.8 86.59204668137538 79.58271089058182 145.5235205078124 0 233 2.8329 0.0 8.181805246746432 0.0 4.0 
1802 3249373.1 86.59823259963729 79.59018341421266 145.5235205078124 0 233 2.8329 0.0 8.181805246746432 0.0 4.0 
1803 3249406.5 86.59823259963729 79.59018341421266 145.5235205078124 0 233 2.8329 0.0 8.181805246746432 0.0 4.0 
1804 3249439.8 86.59823259963729 79.59018341421266 145.5235205078124 0 233 2.8329 0.0 8.181805246746432 0.0 4.0 
1805 3249473.1 86.59823259963729 79.59018341421266 145.5235205078124 0 233 2.8329 0.0 8.181805246746432 0.0 4.0 
1806 3249506.5 86.60315176511874 79.59018341421266 145.5235205078124 0 233 2.8329 0.0 8.181805246746432 0.0 4.0 
1807 3249539.8 86.60315176511874 79.59478410504803 145.5235205078124 0 233 2.8329 0.0 8.181805246746432 0.0 4.0 
1808 3249573.2 86.60315176511874 79.59478410504803 145.5235205078124 0 233 2.8329 0.0 8.181805246746432 0.0 4.0 
1809 3249606.5 86.60315176511874 79.59478410504803 145.5235205078124 0 233 2.8329 0.0 8.181805246746432 0.0 4.0 
1810 3249639.8 86.61861762234321 79.59478410504803 145.5235205078124 0 233 2.8329 0.0 8.181805246746432 0.0 4.0 
1811 3249673.2 86.61861762234321 79.6037104977797 145.5235205078124 0 233 2.8329 0.0 8.181805246746432 0.0 4.0 
1812 3249706.5 86.61861762234321 79.6037104977797 145.5235205078124 0 233 2.8329 0.0 8.181805246746432 0.0 4.0 
1813 3249739.8 86.61861762234321 79.6037104977797 145.5235205078124 0 233 2.8329 0.0 8.181805246746432 0.0 4.0 
1814 3249773.2 86.63671638715451 79.61005366397163 145.5235205078124 0 233 2.8329 0.0 8.181805246746432 0.0 4.0 
1815 3249806.5 86.63671638715451 79.61005366397163 145.5235205078124 0 233 2.8329 0.0 8.181805246746432 0.0 4.0 
1816 3249839.8 86.63671638715451 79.61005366397163 145.5235205078124 0 233 2.8329 0.0 8.181805246746432 0.0 4.0 
1817 3249873.2 86.646633599099 79.61244590304088 145.5235205078124 0 233 2.8329 0.0 8.181805246746432 0.0 4.0 
1818 3249906.5 86.646633599099 79.61244590304088 145.5235205078124 0 233 2.8329 0.0 8.181805246746432 0.0 4.0 
1819 3249939.9 86.646633599099 79.61244590304088 145.5235205078124 0 233 2.8329 0.0 8.181805246746432 0.0 4.0 
1820 3249973.2 86.65567009740121 79.61244590304088 145.5235205078124 0 233 2.8329 0.0 8.181805246746432 0.0 4.0 
1821 3250006.5 86.65567009740121 79.61244590304088 145.5235205078124 0 233 2.8329 0.0 8.181805246746432 0.0 4.0 
1822 3250039.9 86.65567009740121 79.61244590304088 145.5235205078124 0 233 2.8329 0.0 8.181805246746432 0.0 4.0 
1823 3250073.2 86.65567009740121 79.61244590304088 145.5235205078124 0 233 2.8329 0.0 8.181805246746432 0.0 4.0 
1824 3250106.5 86.6769187023657 79.61244590304088 145.5235205078124 0 233 2.8329 0.0 8.181805246746432 0.0 4.0 
1825 3250139.9 86.6769187023657 79.61632215651375 145.5235205078124 0 233 2.8329 0.0 8.181805246746432 0.0 4.0 
1826 3250173.2 86.6769187023657 79.61632215651375 145.5235205078124 0 233 2.8329 0.0 8.181805246746432 0.0 4.0 
1827 3250206.5 86.6888546639193 79.61632215651375 145.5235205078124 0 233 2.8329 0.0 8.181805246746432 0.0 4.0 
1828 3250239.9 86.6888546639193 79.61632215651375 145.5235205078124 0 233 2.8329 0.0 8.181805246746432 0.0 4.0 
1829 3250273.2 86.6888546639193 79.61632215651375 145.5235205078124 0 233 2.8329 0.0 8.181805246746432 0.0 4.0 
1830 3250306.5 86.6888546639193 79.61632215651375 145.5235205078124 0 233 2.8329 0.0 8.181805246746432 0.0 4.0 
1831 3250339.9 86.71063680791433 79.61632215651375 145.5235205078124 0 233 2.8329 0.0 8.181805246746432 0.0 4.0 
1832 3250373.2 86.71063680791433 79.60533252833828 145.5235205078124 0 233 2.8329 0.0 8.181805246746432 0.0 4.0 
1833 3250406.6 86.71063680791433 79.60533252833828 145.5235205078124 0 233 2.8329 0.0 8.181805246746432 0.0 4.0 
1834 3250439.9 86.71063680791433 79.60533252833828 145.5235205078124 0 233 2.8329 0.0 8.181805246746432 0.0 4.0 
1835 3250473.2 86.72918009139119 79.60533252833828 145.5235205078124 0 233 2.8329 0.0 8.181805246746432 0.0 4.0 
1836 3250506.6 86.72918009139119 79.58419217865911 145.5235205078124 0 233 2.8329 0.0 8.181805246746432 0.0 4.0 
1837 3250539.9 86.72918009139119 79.58419217865911 145.5235205078124 0 233 2.8329 0.0 8.181805246746432 0.0 4.0 
1838 3250573.2 86.72918009139119 79.58419217865911 145.5235205078124 0 233 2.8329 0.0 8.181805246746432 0.0 4.0 
1839 3250606.6 86.75753666221107 79.56507421403232 145.5235205078124 0 233 2.8329 0.0 8.181805246746432 0.0 4.0 
1840 3250639.9 86.75753666221107 79.56507421403232 145.5235205078124 0 233 2.8329 0.0 8.181805246746432 0.0 4.0 
1841 3250673.2 86.75753666221107 79.56507421403232 145.5235205078124 0 233 2.8329 0.0 8.181805246746432 0.0 4.0 
1842 3250706.6 86.75753666221107 79.56507421403232 145.5235205078124 0 233 2.8329 0.0 8.181805246746432 0.0 4.0 
1843 3250739.9 86.78278544382474 79.56507421403232 145.5235205078124 0 233 2.8329 0.0 8.181805246746432 0.0 4.0 
1844 3250773.3 86.78278544382474 79.56171299140294 145.5235205078124 0 233 2.8329 0.0 8.181805246746432 0.0 4.0 
1845 3250806.6 86.78278544382474 79.56171299140294 145.5235205078124 0 233 2.8329 0.0 8.181805246746432 0.0 4.0 
1846 3250839.9 86.78278544382474 79.56171299140294 145.5235205078124 0 233 2.8329 0.0 8.181805246746432 0.0 4.0 
1847 3250873.3 86.78278544382474 79.56171299140294 145.5235205078124 0 233 2.8329 0.0 8.181805246746432 0.0 4.0 
1848 3250906.6 86.79816489122103 79.56171299140294 145.5235205078124 0 233 2.8329 0.0 8.181805246746432 0.0 4.0 
1849 3250939.9 86.79816489122103 79.56171299140294 145.5235205078124 0 233 2.8329 0.0 8.181805246746432 0.0 4.0 
1850 3250973.3 86.79816489122103 79.56171299140294 145.5235205078124 0 233 2.8329 0.0 8.181805246746432 0.0 4.0 
1851 3251006.6 86.81206325060283 79.56323591865149 145.5235205078124 0 233 2.8329 0.0 8.181805246746432 0.0 4.0 
1852 3251039.9 86.81206325060283 79.56323591865149 145.5235205078124 0 233 2.8329 0.0 8.181805246746432 0.0 4.0 
1853 3251073.3 86.81206325060283 79.56323591865149 145.5235205078124 0 233 2.8329 0.0 8.181805246746432 0.0 4.0 
1854 3251106.6 86.81206325060283 79.56323591865149 145.5235205078124 0 233 2.8329 0.0 8.181805246746432 0.0 4.0 
1855 3251139.9 86.82298901893833 79.56323591865149 145.5235205078124 0 233 2.8329 0.0 8.181805246746432 0.0 4.0 
1856 3251173.3 86.82298901893833 79.56565348406139 145.5235205078124 0 233 2.8329 0.0 8.181805246746432 0.0 4.0 
1857 3251206.6 86.82298901893833 79.56565348406139 145.5235205078124 0 233 2.8329 0.0 8.181805246746432 0.0 4.0 
1858 3251240.0 86.83777327010489 79.56565348406139 145.5235205078124 0 233 2.8329 0.0 8.181805246746432 0.0 4.0 
1859 3251273.3 86.83777327010489 79.5702506973021 145.5235205078124 0 233 2.8329 0.0 8.181805246746432 0.0 4.0 
1860 3251306.6 86.83777327010489 79.5702506973021 145.5235205078124 0 233 2.8329 0.0 8.181805246746432 0.0 4.0 
1861 3251340.0 86.83777327010489 79.5702506973021 145.5235205078124 0 233 2.8329 0.0 8.181805246746432 0.0 4.0 
1862 3251373.3 86.84768015943527 79.57348492209454 145.5235205078124 0 233 2.8329 0.0 8.181805246746432 0.0 4.0 
1863 3251406.6 86.84768015943527 79.57348492209454 145.5235205078124 0 233 2.8329 0.0 8.181805246746432 0.0 4.0 
1864 3251440.0 86.84768015943527 79.57348492209454 145.5235205078124 0 233 2.8329 0.0 8.181805246746432 0.0 4.0 
1865 3251473.3 86.84768015943527 79.57348492209454 145.5235205078124 0 233 2.8329 0.0 8.181805246746432 0.0 4.0 
1866 3251506.6 86.86077673950453 79.57807305541807 145.5235205078124 0 233 2.8329 0.0 8.181805246746432 0.0 4.0 
1867 3251540.0 86.86077673950453 79.57807305541807 145.5235205078124 0 233 2.8329 0.0 8.181805246746432 0.0 4.0 
1868 3251573.3 86.86077673950453 79.57807305541807 145.5235205078124 0 233 2.8329 0.0 8.181805246746432 0.0 4.0 
1869 3251606.7 86.86077673950453 79.57807305541807 145.5235205078124 0 233 2.8329 0.0 8.181805246746432 0.0 4.0 
1870 3251640.0 86.87411068035492 79.57807305541807 145.5235205078124 0 233 2.8329 0.0 8.181805246746432 0.0 4.0 
1871 3251673.3 86.87411068035492 79.58329609018699 145.5235205078124 0 233 2.8329 0.0 8.181805246746432 0.0 4.0 
1872 3251706.7 86.87411068035492 79.58329609018699 145.5235205078124 0 233 2.8329 0.0 8.181805246746432 0.0 4.0 
1873 3251740.0 86.87411068035492 79.58329609018699 145.5235205078124 0 233 2.8329 0.0 8.181805246746432 0.0 4.0 
1874 3251773.3 86.88640919480531 79.58329609018699 145.5235205078124 0 233 2.8329 0.0 8.181805246746432 0.0 4.0 
1875 3251806.7 86.88640919480531 79.59130590145038 145.5235205078124 0 233 2.8329 0.0 8.181805246746432 0.0 4.0 
1876 3251840.0 86.88640919480531 79.59130590145038 145.5235205078124 0 233 2.8329 0.0 8.181805246746432 0.0 4.0 
1877 3251873.3 86.90016177567719 79.59130590145038 145.5235205078124 0 233 2.8329 0.0 8.181805246746432 0.0 4.0 
1878 3251906.7 86.90016177567719 79.60176663624911 145.5235205078124 0 233 2.8329 0.0 8.181805246746432 0.0 4.0 
1879 3251940.0 86.90016177567719 79.60176663624911 145.5235205078124 0 233 2.8329 0.0 8.181805246746432 0.0 4.0 
1880 3251973.3 86.9081965741676 79.60176663624911 145.5235205078124 0 233 2.8329 0.0 8.181805246746432 0.0 4.0 
1881 3252006.7 86.9081965741676 79.60962283358126 145.5235205078124 0 233 2.8329 0.0 8.181805246746432 0.0 4.0 
1882 3252040.0 86.9081965741676 79.60962283358126 145.5235205078124 0 233 2.8329 0.0 8.181805246746432 0.0 4.0 
1883 3252073.4 86.91767581685164 79.60962283358126 145.5235205078124 0 233 2.8329 0.0 8.181805246746432 0.0 4.0 
1884 3252106.7 86.91767581685164 79.61945331718556 145.5235205078124 0 233 2.8329 0.0 8.181805246746432 0.0 4.0 
1885 3252140.0 86.91767581685164 79.61945331718556 145.5235205078124 0 233 2.8329 0.0 8.181805246746432 0.0 4.0 
1886 3252173.4 86.91767581685164 79.61945331718556 145.5235205078124 0 233 2.8329 0.0 8.181805246746432 0.0 4.0 
1887 3252206.7 86.92543970055702 79.62869659083968 145.5235205078124 0 233 2.8329 0.0 8.181805246746432 0.0 4.0 
1888 3252240.0 86.92543970055702 79.62869659083968 145.5235205078124 0 233 2.8329 0.0 8.181805246746432 0.0 4.0 
1889 3252273.4 86.92543970055702 79.62869659083968 145.5235205078124 0 233 2.8329 0.0 8.181805246746432 0.0 4.0 
1890 3252306.7 86.92543970055702 79.62869659083968 145.5235205078124 0 233 2.8329 0.0 8.181805246746432 0.0 4.0 
1891 3252340.0 86.93580863347077 79.62869659083968 145.5235205078124 0 233 2.8329 0.0 8.181805246746432 0.0 4.0 
1892 3252373.4 86.93580863347077 79.64306549077686 145.5235205078124 0 233 2.8329 0.0 8.181805246746432 0.0 4.0 
1893 3252406.7 86.93580863347077 79.64306549077686 145.5235205078124 0 233 2.8329 0.0 8.181805246746432 0.0 4.0 
1894 3252440.1 86.9408967322402 79.64306549077686 145.5235205078124 0 233 2.8329 0.0 8.181805246746432 0.0 4.0 
1895 3252473.4 86.9408967322402 79.65394774209098 145.5235205078124 0 233 2.8329 0.0 8.181805246746432 0.0 4.0 
1896 3252506.7 86.9408967322402 79.65394774209098 145.5235205078124 0 233 2.8329 0.0 8.181805246746432 0.0 4.0 
1897 3252540.1 86.9408967322402 79.65394774209098 145.5235205078124 0 233 2.8329 0.0 8.181805246746432 0.0 4.0 
1898 3252573.4 86.94754276410049 79.67727224118154 145.5235205078124 0 233 2.8329 0.0 8.181805246746432 0.0 4.0 
1899 3252606.7 86.94754276410049 79.67727224118154 145.5235205078124 0 233 2.8329 0.0 8.181805246746432 0.0 4.0 
1900 3252640.1 86.94754276410049 79.67727224118154 145.5235205078124 0 233 2.8329 0.0 8.181805246746432 0.0 4.0 
1901 3252673.4 86.95111001301306 79.67727224118154 145.5235205078124 0 233 2.8329 0.0 8.181805246746432 0.0 4.0 
1902 3252706.7 86.95111001301306 79.68602156465906 145.5235205078124 0 233 2.8329 0.0 8.181805246746432 0.0 4.0 
1903 3252740.1 86.95111001301306 79.68602156465906 145.5235205078124 0 233 2.8329 0.0 8.181805246746432 0.0 4.0 
1904 3252773.4 86.95111001301306 79.68602156465906 145.5235205078124 0 233 2.8329 0.0 8.181805246746432 0.0 4.0 
1905 3252806.7 86.95318247916684 79.68602156465906 145.5235205078124 0 233 2.8329 0.0 8.181805246746432 0.0 4.0 
1906 3252840.1 86.95318247916684 79.69933093906968 145.5235205078124 0 233 2.8329 0.0 8.181805246746432 0.0 4.0 
1907 3252873.4 86.95318247916684 79.69933093906968 145.5235205078124 0 233 2.8329 0.0 8.181805246746432 0.0 4.0 
1908 3252906.8 86.95318247916684 79.69933093906968 145.5235205078124 0 233 2.8329 0.0 8.181805246746432 0.0 4.0 
1909 3252940.1 86.95695429679039 79.72660227631482 145.5235205078124 0 233 2.8329 0.0 8.181805246746432 0.0 4.0 
1910 3252973.4 86.95695429679039 79.72660227631482 145.5235205078124 0 233 2.8329 0.0 8.181805246746432 0.0 4.0 
1911 3253006.8 86.95695429679039 79.72660227631482 145.5235205078124 0 233 2.8329 0.0 8.181805246746432 0.0 4.0 
1912 3253040.1 86.95878130865829 79.72660227631482 145.5235205078124 0 233 2.8329 0.0 8.181805246746432 0.0 4.0 
1913 3253073.4 86.95878130865829 79.73623296162485 145.5235205078124 0 233 2.8329 0.0 8.181805246746432 0.0 4.0 
1914 3253106.8 86.95878130865829 79.73623296162485 145.5235205078124 0 233 2.8329 0.0 8.181805246746432 0.0 4.0 
1915 3253140.1 86.95878130865829 79.73623296162485 145.5235205078124 0 233 2.8329 0.0 8.181805246746432 0.0 4.0 
1916 3253173.4 86.96022116968588 79.73623296162485 145.5235205078124 0 233 2.8329 0.0 8.181805246746432 0.0 4.0 
1917 3253206.8 86.96022116968588 79.74942755182695 145.5235205078124 0 233 2.8329 0.0 8.181805246746432 0.0 4.0 
1918 3253240.1 86.96022116968588 79.74942755182695 145.5235205078124 0 233 2.8329 0.0 8.181805246746432 0.0 4.0 
1919 3253273.5 86.95629181325944 79.74942755182695 145.5235205078124 0 233 2.8329 0.0 8.181805246746432 0.0 4.0 
1920 3253306.8 86.95629181325944 79.76909997616922 145.5235205078124 0 233 2.8329 0.0 8.181805246746432 0.0 4.0 
1921 3253340.1 86.95629181325944 79.76909997616922 145.5235205078124 0 233 2.8329 0.0 8.181805246746432 0.0 4.0 
1922 3253373.5 86.95629181325944 79.76909997616922 145.5235205078124 0 233 2.8329 0.0 8.181805246746432 0.0 4.0 
1923 3253406.8 86.95239244198126 79.76909997616922 145.5235205078124 0 233 2.8329 0.0 8.181805246746432 0.0 4.0 
1924 3253440.1 86.95239244198126 79.77942627553568 145.5235205078124 0 233 2.8329 0.0 8.181805246746432 0.0 4.0 
1925 3253473.5 86.95239244198126 79.77942627553568 145.5235205078124 0 233 2.8329 0.0 8.181805246746432 0.0 4.0 
1926 3253506.8 86.95239244198126 79.77942627553568 145.5235205078124 0 233 2.8329 0.0 8.181805246746432 0.0 4.0 
1927 3253540.1 86.94845550721854 79.77942627553568 145.5235205078124 0 233 2.8329 0.0 8.181805246746432 0.0 4.0 
1928 3253573.5 86.94845550721854 79.79880529980483 145.5235205078124 0 233 2.8329 0.0 8.181805246746432 0.0 4.0 
1929 3253606.8 86.94845550721854 79.79880529980483 145.5235205078124 0 233 2.8329 0.0 8.181805246746432 0.0 4.0 
1930 3253640.1 86.94845550721854 79.79880529980483 145.5235205078124 0 233 2.8329 0.0 8.181805246746432 0.0 4.0 
1931 3253673.5 86.94661860828501 79.80821146028944 145.5235205078124 0 233 2.8329 0.0 8.181805246746432 0.0 4.0 
1932 3253706.8 86.94661860828501 79.80821146028944 145.5235205078124 0 233 2.8329 0.0 8.181805246746432 0.0 4.0 
1933 3253740.2 86.94661860828501 79.80821146028944 145.5235205078124 0 233 2.8329 0.0 8.181805246746432 0.0 4.0 
1934 3253773.5 86.95148959097759 79.80821146028944 145.5235205078124 0 233 2.8329 0.0 8.181805246746432 0.0 4.0 
1935 3253806.8 86.95148959097759 79.82652711238556 145.5235205078124 0 233 2.8329 0.0 8.181805246746432 0.0 4.0 
1936 3253840.2 86.95148959097759 79.82652711238556 145.5235205078124 0 233 2.8329 0.0 8.181805246746432 0.0 4.0 
1937 3253873.5 86.95148959097759 79.82652711238556 145.5235205078124 0 233 2.8329 0.0 8.181805246746432 0.0 4.0 
1938 3253906.8 86.95539917061606 79.82652711238556 145.5235205078124 0 233 2.8329 0.0 8.181805246746432 0.0 4.0 
1939 3253940.2 86.95539917061606 79.83721374321814 145.5235205078124 0 233 2.8329 0.0 8.181805246746432 0.0 4.0 
1940 3253973.5 86.95539917061606 79.83721374321814 145.5235205078124 0 233 2.8329 0.0 8.181805246746432 0.0 4.0 
1941 3254006.8 86.95749168437197 79.83721374321814 145.5235205078124 0 233 2.8329 0.0 8.181805246746432 0.0 4.0 
1942 3254040.2 86.95749168437197 79.84156076186196 145.5235205078124 0 233 2.8329 0.0 8.181805246746432 0.0 4.0 
1943 3254073.5 86.95749168437197 79.84156076186196 145.5235205078124 0 233 2.8329 0.0 8.181805246746432 0.0 4.0 
1944 3254106.9 86.95749168437197 79.84156076186196 145.5235205078124 0 233 2.8329 0.0 8.181805246746432 0.0 4.0 
1945 3254140.2 86.95910321394965 79.84948644655302 145.5235205078124 0 233 2.8329 0.0 8.181805246746432 0.0 4.0 
1946 3254173.5 86.95910321394965 79.84948644655302 145.5235205078124 0 233 2.8329 0.0 8.181805246746432 0.0 4.0 
1947 3254206.9 86.95910321394965 79.84948644655302 145.5235205078124 0 233 2.8329 0.0 8.181805246746432 0.0 4.0 
1948 3254240.2 86.96069940215267 79.84948644655302 145.5235205078124 0 233 2.8329 0.0 8.181805246746432 0.0 4.0 
1949 3254273.5 86.96069940215267 79.85463035642856 145.5235205078124 0 233 2.8329 0.0 8.181805246746432 0.0 4.0 
1950 3254306.9 86.96069940215267 79.85463035642856 145.5235205078124 0 233 2.8329 0.0 8.181805246746432 0.0 4.0 
1951 3254340.2 86.96069940215267 79.85463035642856 145.5235205078124 0 233 2.8329 0.0 8.181805246746432 0.0 4.0 
1952 3254373.5 86.96630551335674 79.85463035642856 145.5235205078124 0 233 2.8329 0.0 8.181805246746432 0.0 4.0 
1953 3254406.9 86.96630551335674 79.87384809774886 145.5235205078124 0 233 2.8329 0.0 8.181805246746432 0.0 4.0 
1954 3254440.2 86.96630551335674 79.87384809774886 145.5235205078124 0 233 2.8329 0.0 8.181805246746432 0.0 4.0 
1955 3254473.5 86.96950001093666 79.88004354373211 145.5235205078124 0 233 2.8329 0.0 8.181805246746432 0.0 4.0 
1956 3254506.9 86.96950001093666 79.88004354373211 145.5235205078124 0 233 2.8329 0.0 8.181805246746432 0.0 4.0 
1957 3254540.2 86.96950001093666 79.88004354373211 145.5235205078124 0 233 2.8329 0.0 8.181805246746432 0.0 4.0 
1958 3254573.6 86.96950001093666 79.88004354373211 145.5235205078124 0 233 2.8329 0.0 8.181805246746432 0.0 4.0 
1959 3254606.9 86.97190157836391 79.88922581104102 145.5235205078124 0 233 2.8329 0.0 8.181805246746432 0.0 4.0 
1960 3254640.2 86.97190157836391 79.88922581104102 145.5235205078124 0 233 2.8329 0.0 8.181805246746432 0.0 4.0 
1961 3254673.6 86.97190157836391 79.88922581104102 145.5235205078124 0 233 2.8329 0.0 8.181805246746432 0.0 4.0 
1962 3254706.9 86.97190157836391 79.88922581104102 145.5235205078124 0 233 2.8329 0.0 8.181805246746432 0.0 4.0 
1963 3254740.2 86.9692605356976 79.88922581104102 145.5235205078124 0 233 2.8329 0.0 8.181805246746432 0.0 4.0 
1964 3254773.6 86.9692605356976 79.89240466496243 145.5235205078124 0 233 2.8329 0.0 8.181805246746432 0.0 4.0 
1965 3254806.9 86.9692605356976 79.89240466496243 145.5235205078124 0 233 2.8329 0.0 8.181805246746432 0.0 4.0 
1966 3254840.2 86.96663334551701 79.89686456966926 145.5235205078124 0 233 2.8329 0.0 8.181805246746432 0.0 4.0 
1967 3254873.6 86.96663334551701 79.89686456966926 145.5235205078124 0 233 2.8329 0.0 8.181805246746432 0.0 4.0 
1968 3254906.9 86.96663334551701 79.89686456966926 145.5235205078124 0 233 2.8329 0.0 8.181805246746432 0.0 4.0 
1969 3254940.3 86.96663334551701 79.89686456966926 145.5235205078124 0 233 2.8329 0.0 8.181805246746432 0.0 4.0 
1970 3254973.6 86.96220518494387 79.89686456966926 145.5235205078124 0 233 2.8329 0.0 8.181805246746432 0.0 4.0 
1971 3255006.9 86.96220518494387 79.90052642747317 145.5235205078124 0 233 2.8329 0.0 8.181805246746432 0.0 4.0 
1972 3255040.3 86.96220518494387 79.90052642747317 145.5235205078124 0 233 2.8329 0.0 8.181805246746432 0.0 4.0 
1973 3255073.6 86.96220518494387 79.90052642747317 145.5235205078124 0 233 2.8329 0.0 8.181805246746432 0.0 4.0 
1974 3255106.9 86.96066144785958 79.90052642747317 145.5235205078124 0 233 2.8329 0.0 8.181805246746432 0.0 4.0 
1975 3255140.3 86.96066144785958 79.91014684773774 145.5235205078124 0 233 2.8329 0.0 8.181805246746432 0.0 4.0 
1976 3255173.6 86.96066144785958 79.91014684773774 145.5235205078124 0 233 2.8329 0.0 8.181805246746432 0.0 4.0 
1977 3255206.9 86.96066144785958 79.91014684773774 145.5235205078124 0 233 2.8329 0.0 8.181805246746432 0.0 4.0 
1978 3255240.3 86.96066144785958 79.91867263034227 145.5235205078124 0 233 2.8329 0.0 8.181805246746432 0.0 4.0 
1979 3255273.6 86.96066144785958 79.91867263034227 145.5235205078124 0 233 2.8329 0.0 8.181805246746432 0.0 4.0 
1980 3255306.9 86.96066144785958 79.91867263034227 145.5235205078124 0 233 2.8329 0.0 8.181805246746432 0.0 4.0 
1981 3255340.3 86.95784329565225 79.92214919105521 145.5235205078124 0 233 2.8329 0.0 8.181805246746432 0.0 4.0 
1982 3255373.6 86.95784329565225 79.92214919105521 145.5235205078124 0 233 2.8329 0.0 8.181805246746432 0.0 4.0 
1983 3255407.0 86.95784329565225 79.92214919105521 145.5235205078124 0 233 2.8329 0.0 8.181805246746432 0.0 4.0 
1984 3255440.3 86.95044373206252 79.92214919105521 145.5235205078124 0 233 2.8329 0.0 8.181805246746432 0.0 4.0 
1985 3255473.6 86.95044373206252 79.92773110416748 145.5235205078124 0 233 2.8329 0.0 8.181805246746432 0.0 4.0 
1986 3255507.0 86.95044373206252 79.92773110416748 145.5235205078124 0 233 2.8329 0.0 8.181805246746432 0.0 4.0 
1987 3255540.3 86.95044373206252 79.92773110416748 145.5235205078124 0 233 2.8329 0.0 8.181805246746432 0.0 4.0 
1988 3255573.6 86.93471196400981 79.92773110416748 145.5235205078124 0 233 2.8329 0.0 8.181805246746432 0.0 4.0 
1989 3255607.0 86.93471196400981 79.94331953514828 145.5235205078124 0 233 2.8329 0.0 8.181805246746432 0.0 4.0 
1990 3255640.3 86.93471196400981 79.94331953514828 145.5235205078124 0 233 2.8329 0.0 8.181805246746432 0.0 4.0 
1991 3255673.6 86.92721204725258 79.96592205645454 145.5235205078124 0 233 2.8329 0.0 8.181805246746432 0.0 4.0 
1992 3255707.0 86.92721204725258 79.96592205645454 145.5235205078124 0 233 2.8329 0.0 8.181805246746432 0.0 4.0 
1993 3255740.3 86.92721204725258 79.96592205645454 145.5235205078124 0 233 2.8329 0.0 8.181805246746432 0.0 4.0 
1994 3255773.7 86.92721204725258 79.96592205645454 145.5235205078124 0 233 2.8329 0.0 8.181805246746432 0.0 4.0 
1995 3255807.0 86.93215854750147 79.97167183382848 145.5235205078124 0 233 2.8329 0.0 8.181805246746432 0.0 4.0 
1996 3255840.3 86.93215854750147 79.97167183382848 145.5235205078124 0 233 2.8329 0.0 8.181805246746432 0.0 4.0 
1997 3255873.7 86.93215854750147 79.97167183382848 145.5235205078124 0 233 2.8329 0.0 8.181805246746432 0.0 4.0 
1998 3255907.0 86.93711542174105 79.97167183382848 145.5235205078124 0 233 2.8329 0.0 8.181805246746432 0.0 4.0 
1999 3255940.3 86.93711542174105 79.98346763544058 145.5235205078124 0 233 2.8329 0.0 8.181805246746432 0.0 4.0 
2000 3255973.7 86.93711542174105 79.98346763544058 145.5235205078124 0 233 2.8329 0.0 8.181805246746432 0.0 4.0 
2001 3256007.0 86.93711542174105 79.98346763544058 145.5235205078124 0 233 2.8329 0.0 8.181805246746432 0.0 4.0 
2002 3256040.3 86.93711542174105 79.990573116753 145.5235205078124 0 233 2.8329 0.0 8.181805246746432 0.0 4.0 
2003 3256073.7 86.93711542174105 79.990573116753 145.5235205078124 0 233 2.8329 0.0 8.181805246746432 0.0 4.0 
2004 3256107.0 86.93711542174105 79.990573116753 145.5235205078124 0 233 2.8329 0.0 8.181805246746432 0.0 4.0 
2005 3256140.3 86.93711542174105 79.990573116753 145.5235205078124 0 233 2.8329 0.0 8.181805246746432 0.0 4.0 
2006 3256173.7 86.93711542174105 79.990573116753 145.5235205078124 0 233 2.8329 0.0 8.181805246746432 0.0 4.0 
2007 3256207.0 86.93711542174105 79.990573116753 145.5235205078124 0 233 2.8329 0.0 8.181805246746432 0.0 4.0 
2008 3256240.4 86.93711542174105 79.98937977582771 145.5235205078124 0 233 2.8329 0.0 8.181805246746432 0.0 4.0 
2009 3256273.7 86.93711542174105 79.98937977582771 145.5235205078124 0 233 2.8329 0.0 8.181805246746432 0.0 4.0 
2010 3256307.0 86.93711542174105 79.98937977582771 145.5235205078124 0 233 2.8329 0.0 8.181805246746432 0.0 4.0 
2011 3256340.4 86.93339132007684 79.98937977582771 145.5235205078124 0 233 2.8329 0.0 8.181805246746432 0.0 4.0 
2012 3256373.7 86.93339132007684 79.99148900105043 145.5235205078124 0 233 2.8329 0.0 8.181805246746432 0.0 4.0 
2013 3256407.0 86.93339132007684 79.99148900105043 145.5235205078124 0 233 2.8329 0.0 8.181805246746432 0.0 4.0 
2014 3256440.4 86.93108850559713 79.99265404677564 145.5235205078124 0 233 2.8329 0.0 8.181805246746432 0.0 4.0 
2015 3256473.7 86.93108850559713 79.99265404677564 145.5235205078124 0 233 2.8329 0.0 8.181805246746432 0.0 4.0 
2016 3256507.0 86.93108850559713 79.99265404677564 145.5235205078124 0 233 2.8329 0.0 8.181805246746432 0.0 4.0 
2017 3256540.4 86.92920528679969 79.99265404677564 145.5235205078124 0 233 2.8329 0.0 8.181805246746432 0.0 4.0 
2018 3256573.7 86.92920528679969 79.99265404677564 145.5235205078124 0 233 2.8329 0.0 8.181805246746432 0.0 4.0 
2019 3256607.1 86.92920528679969 79.99265404677564 145.5235205078124 0 233 2.8329 0.0 8.181805246746432 0.0 4.0 
2020 3256640.4 86.92817757604546 79.99265404677564 145.5235205078124 0 233 2.8329 0.0 8.181805246746432 0.0 4.0 
2021 3256673.7 86.92817757604546 79.99528852800404 145.5235205078124 0 233 2.8329 0.0 8.181805246746432 0.0 4.0 
2022 3256707.1 86.92817757604546 79.99528852800404 145.5235205078124 0 233 2.8329 0.0 8.181805246746432 0.0 4.0 
2023 3256740.4 86.92817757604546 79.99528852800404 145.5235205078124 0 233 2.8329 0.0 8.181805246746432 0.0 4.0 
2024 3256773.7 86.92817757604546 79.99528852800404 145.5235205078124 0 233 2.8329 0.0 8.181805246746432 0.0 4.0 
2025 3256807.1 86.92817757604546 79.99528852800404 145.5235205078124 0 233 2.8329 0.0 8.181805246746432 0.0 4.0 
2026 3256840.4 86.92817757604546 79.99280421104342 145.5235205078124 0 233 2.8329 0.0 8.181805246746432 0.0 4.0 
2027 3256873.7 86.92817757604546 79.99280421104342 145.5235205078124 0 233 2.8329 0.0 8.181805246746432 0.0 4.0 
2028 3256907.1 86.92817757604546 79.99074432361262 145.5235205078124 0 233 2.8329 0.0 8.181805246746432 0.0 4.0 
2029 3256940.4 86.92817757604546 79.99074432361262 145.5235205078124 0 233 2.8329 0.0 8.181805246746432 0.0 4.0 
2030 3256973.7 86.92817757604546 79.99074432361262 145.5235205078124 0 233 2.8329 0.0 8.181805246746432 0.0 4.0 
2031 3257007.1 86.93047201728021 79.99074432361262 145.5235205078124 0 233 2.8329 0.0 8.181805246746432 0.0 4.0 
2032 3257040.4 86.93047201728021 79.98116535149008 145.5235205078124 0 233 2.8329 0.0 8.181805246746432 0.0 4.0 
2033 3257073.8 86.93047201728021 79.98116535149008 145.5235205078124 0 233 2.8329 0.0 8.181805246746432 0.0 4.0 
2034 3257107.1 86.93047201728021 79.98116535149008 145.5235205078124 0 233 2.8329 0.0 8.181805246746432 0.0 4.0 
2035 3257140.4 86.93487222998365 79.98116535149008 145.5235205078124 0 233 2.8329 0.0 8.181805246746432 0.0 4.0 
2036 3257173.8 86.93487222998365 79.97502760809839 145.5235205078124 0 233 2.8329 0.0 8.181805246746432 0.0 4.0 
2037 3257207.1 86.93487222998365 79.97502760809839 145.5235205078124 0 233 2.8329 0.0 8.181805246746432 0.0 4.0 
2038 3257240.4 86.93487222998365 79.97502760809839 145.5235205078124 0 233 2.8329 0.0 8.181805246746432 0.0 4.0 
2039 3257273.8 86.93751887031115 79.97038965370194 145.5235205078124 0 233 2.8329 0.0 8.181805246746432 0.0 4.0 
2040 3257307.1 86.93751887031115 79.97038965370194 145.5235205078124 0 233 2.8329 0.0 8.181805246746432 0.0 4.0 
2041 3257340.4 86.93751887031115 79.97038965370194 145.5235205078124 0 233 2.8329 0.0 8.181805246746432 0.0 4.0 
2042 3257373.8 86.93751887031115 79.97038965370194 145.5235205078124 0 233 2.8329 0.0 8.181805246746432 0.0 4.0 
2043 3257407.1 86.9409522402318 79.97038965370194 145.5235205078124 0 233 2.8329 0.0 8.181805246746432 0.0 4.0 
2044 3257440.5 86.9409522402318 79.97817260299506 145.5235205078124 0 233 2.8329 0.0 8.181805246746432 0.0 4.0 
2045 3257473.8 86.9409522402318 79.97817260299506 145.5235205078124 0 233 2.8329 0.0 8.181805246746432 0.0 4.0 
2046 3257507.1 86.946314546772 79.97817260299506 145.5235205078124 0 233 2.8329 0.0 8.181805246746432 0.0 4.0 
2047 3257540.5 86.946314546772 79.99690665088471 145.5235205078124 0 233 2.8329 0.0 8.181805246746432 0.0 4.0 
2048 3257573.8 86.946314546772 79.99690665088471 145.5235205078124 0 233 2.8329 0.0 8.181805246746432 0.0 4.0 
2049 3257607.1 86.946314546772 79.99690665088471 145.5235205078124 0 233 2.8329 0.0 8.181805246746432 0.0 4.0 
2050 3257640.5 86.95402156591877 80.01412924592857 145.5235205078124 0 233 2.8329 0.0 8.181805246746432 0.0 4.0 
2051 3257673.8 86.95402156591877 80.01412924592857 145.5235205078124 0 233 2.8329 0.0 8.181805246746432 0.0 4.0 
2052 3257707.1 86.95402156591877 80.01412924592857 145.5235205078124 0 233 2.8329 0.0 8.181805246746432 0.0 4.0 
2053 3257740.5 86.95712081266727 80.01412924592857 145.5235205078124 0 233 2.8329 0.0 8.181805246746432 0.0 4.0 
2054 3257773.8 86.95712081266727 80.02044456658645 145.5235205078124 0 233 2.8329 0.0 8.181805246746432 0.0 4.0 
2055 3257807.1 86.95712081266727 80.02044456658645 145.5235205078124 0 233 2.8329 0.0 8.181805246746432 0.0 4.0 
2056 3257840.5 86.95712081266727 80.02044456658645 145.5235205078124 0 233 2.8329 0.0 8.181805246746432 0.0 4.0 
2057 3257873.8 86.96026644883798 80.02044456658645 145.5235205078124 0 233 2.8329 0.0 8.181805246746432 0.0 4.0 
2058 3257907.2 86.96026644883798 80.02934602008663 145.5235205078124 0 233 2.8329 0.0 8.181805246746432 0.0 4.0 
2059 3257940.5 86.96026644883798 80.02934602008663 145.5235205078124 0 233 2.8329 0.0 8.181805246746432 0.0 4.0 
2060 3257973.8 86.96026644883798 80.02934602008663 145.5235205078124 0 233 2.8329 0.0 8.181805246746432 0.0 4.0 
2061 3258007.2 86.96467829176326 80.03817735106428 145.5235205078124 0 233 2.8329 0.0 8.181805246746432 0.0 4.0 
2062 3258040.5 86.96467829176326 80.03817735106428 145.5235205078124 0 233 2.8329 0.0 8.181805246746432 0.0 4.0 
2063 3258073.8 86.96467829176326 80.03817735106428 145.5235205078124 0 233 2.8329 0.0 8.181805246746432 0.0 4.0 
2064 3258107.2 86.9731108974577 80.0496589360032 145.5235205078124 0 233 2.8329 0.0 8.181805246746432 0.0 4.0 
2065 3258140.5 86.9731108974577 80.0496589360032 145.5235205078124 0 233 2.8329 0.0 8.181805246746432 0.0 4.0 
2066 3258173.8 86.9731108974577 80.0496589360032 145.5235205078124 0 233 2.8329 0.0 8.181805246746432 0.0 4.0 
2067 3258207.2 86.98242791878121 80.0496589360032 145.5235205078124 0 233 2.8329 0.0 8.181805246746432 0.0 4.0 
2068 3258240.5 86.98242791878121 80.05638351704528 145.5235205078124 0 233 2.8329 0.0 8.181805246746432 0.0 4.0 
2069 3258273.9 86.98242791878121 80.05638351704528 145.5235205078124 0 233 2.8329 0.0 8.181805246746432 0.0 4.0 
2070 3258307.2 86.99626331487543 80.05638351704528 145.5235205078124 0 233 2.8329 0.0 8.181805246746432 0.0 4.0 
2071 3258340.5 86.99626331487543 80.06645324855104 145.5235205078124 0 233 2.8329 0.0 8.181805246746432 0.0 4.0 
2072 3258373.9 86.99626331487543 80.06645324855104 145.5235205078124 0 233 2.8329 0.0 8.181805246746432 0.0 4.0 
2073 3258407.2 86.99626331487543 80.06645324855104 145.5235205078124 0 233 2.8329 0.0 8.181805246746432 0.0 4.0 
2074 3258440.5 87.01552473898718 80.07549190347481 145.5235205078124 0 233 2.8329 0.0 8.181805246746432 0.0 4.0 
2075 3258473.9 87.01552473898718 80.07549190347481 145.5235205078124 0 233 2.8329 0.0 8.181805246746432 0.0 4.0 
2076 3258507.2 87.01552473898718 80.07549190347481 145.5235205078124 0 233 2.8329 0.0 8.181805246746432 0.0 4.0 
2077 3258540.5 87.01552473898718 80.07549190347481 145.5235205078124 0 233 2.8329 0.0 8.181805246746432 0.0 4.0 
2078 3258573.9 87.02001702204045 80.07549190347481 145.5235205078124 0 233 2.8329 0.0 8.181805246746432 0.0 4.0 
2079 3258607.2 87.02001702204045 80.0782387196283 145.5235205078124 0 233 2.8329 0.0 8.181805246746432 0.0 4.0 
2080 3258640.5 87.02001702204045 80.0782387196283 145.5235205078124 0 233 2.8329 0.0 8.181805246746432 0.0 4.0 
2081 3258673.9 87.02001702204045 80.0782387196283 145.5235205078124 0 233 2.8329 0.0 8.181805246746432 0.0 4.0 
2082 3258707.2 87.02310303536083 80.0782387196283 145.5235205078124 0 233 2.8329 0.0 8.181805246746432 0.0 4.0 
2083 3258740.6 87.02310303536083 80.08515023674178 145.5235205078124 0 233 2.8329 0.0 8.181805246746432 0.0 4.0 
2084 3258773.9 87.02310303536083 80.08515023674178 145.5235205078124 0 233 2.8329 0.0 8.181805246746432 0.0 4.0 
2085 3258807.2 87.02310303536083 80.08515023674178 145.5235205078124 0 233 2.8329 0.0 8.181805246746432 0.0 4.0 
2086 3258840.6 87.02510288760809 80.09395215819181 145.5235205078124 0 233 2.8329 0.0 8.181805246746432 0.0 4.0 
2087 3258873.9 87.02510288760809 80.09395215819181 145.5235205078124 0 233 2.8329 0.0 8.181805246746432 0.0 4.0 
2088 3258907.2 87.02510288760809 80.09395215819181 145.5235205078124 0 233 2.8329 0.0 8.181805246746432 0.0 4.0 
2089 3258940.6 87.02646537276662 80.09395215819181 145.5235205078124 0 233 2.8329 0.0 8.181805246746432 0.0 4.0 
2090 3258973.9 87.02646537276662 80.09395215819181 145.5235205078124 0 233 2.8329 0.0 8.181805246746432 0.0 4.0 
2091 3259007.2 87.02646537276662 80.09395215819181 145.5235205078124 0 233 2.8329 0.0 8.181805246746432 0.0 4.0 
2092 3259040.6 87.02922802723057 80.09395215819181 145.5235205078124 0 233 2.8329 0.0 8.181805246746432 0.0 4.0 
2093 3259073.9 87.02922802723057 80.09874387988916 145.5235205078124 0 233 2.8329 0.0 8.181805246746432 0.0 4.0 
2094 3259107.3 87.02922802723057 80.09874387988916 145.5235205078124 0 233 2.8329 0.0 8.181805246746432 0.0 4.0 
2095 3259140.6 87.02922802723057 80.09874387988916 145.5235205078124 0 233 2.8329 0.0 8.181805246746432 0.0 4.0 
2096 3259173.9 87.0367880053242 80.09874387988916 145.5235205078124 0 233 2.8329 0.0 8.181805246746432 0.0 4.0 
2097 3259207.3 87.0367880053242 80.11041868822744 145.5235205078124 0 233 2.8329 0.0 8.181805246746432 0.0 4.0 
2098 3259240.6 87.0367880053242 80.11041868822744 145.5235205078124 0 233 2.8329 0.0 8.181805246746432 0.0 4.0 
2099 3259273.9 87.04328414652642 80.11784146846416 145.5235205078124 0 233 2.8329 0.0 8.181805246746432 0.0 4.0 
2100 3259307.3 87.04328414652642 80.11784146846416 145.5235205078124 0 233 2.8329 0.0 8.181805246746432 0.0 4.0 
2101 3259340.6 87.04328414652642 80.11784146846416 145.5235205078124 0 233 2.8329 0.0 8.181805246746432 0.0 4.0 
2102 3259373.9 87.04328414652642 80.11895124737116 145.5235205078124 0 233 2.8329 0.0 8.181805246746432 0.0 4.0 
2103 3259407.3 87.04328414652642 80.11895124737116 145.5235205078124 0 233 2.8329 0.0 8.181805246746432 0.0 4.0 
2104 3259440.6 87.03984351387206 80.11895124737116 145.5235205078124 0 233 2.8329 0.0 8.181805246746432 0.0 4.0 
2105 3259473.9 87.03984351387206 80.13070176795736 145.5235205078124 0 233 2.8329 0.0 8.181805246746432 0.0 4.0 
2106 3259507.3 87.03984351387206 80.13070176795736 145.5235205078124 0 233 2.8329 0.0 8.181805246746432 0.0 4.0 
2107 3259540.6 87.03379984564152 80.13070176795736 145.5235205078124 0 233 2.8329 0.0 8.181805246746432 0.0 4.0 
2108 3259574.0 87.03379984564152 80.13545373245967 145.5235205078124 0 233 2.8329 0.0 8.181805246746432 0.0 4.0 
2109 3259607.3 87.03379984564152 80.13545373245967 145.5235205078124 0 233 2.8329 0.0 8.181805246746432 0.0 4.0 
2110 3259640.6 87.03379984564152 80.13545373245967 145.5235205078124 0 233 2.8329 0.0 8.181805246746432 0.0 4.0 
2111 3259674.0 87.03863632130336 80.13545373245967 145.5235205078124 0 233 2.8329 0.0 8.181805246746432 0.0 4.0 
2112 3259707.3 87.03863632130336 80.1427514913923 145.5235205078124 0 233 2.8329 0.0 8.181805246746432 0.0 4.0 
2113 3259740.6 87.03863632130336 80.1427514913923 145.5235205078124 0 233 2.8329 0.0 8.181805246746432 0.0 4.0 
2114 3259774.0 87.04649318934185 80.1427514913923 145.5235205078124 0 233 2.8329 0.0 8.181805246746432 0.0 4.0 
2115 3259807.3 87.04649318934185 80.1474651252269 145.5235205078124 0 233 2.8329 0.0 8.181805246746432 0.0 4.0 
2116 3259840.6 87.04649318934185 80.1474651252269 145.5235205078124 0 233 2.8329 0.0 8.181805246746432 0.0 4.0 
2117 3259874.0 87.04649318934185 80.1474651252269 145.5235205078124 0 233 2.8329 0.0 8.181805246746432 0.0 4.0 
2118 3259907.3 87.05392846893056 80.1474651252269 145.5235205078124 0 233 2.8329 0.0 8.181805246746432 0.0 4.0 
2119 3259940.7 87.05392846893056 80.14405651766475 145.5235205078124 0 233 2.8329 0.0 8.181805246746432 0.0 4.0 
2120 3259974.0 87.05392846893056 80.14405651766475 145.5235205078124 0 233 2.8329 0.0 8.181805246746432 0.0 4.0 
2121 3260007.3 87.05781603718839 80.14513615171606 145.5235205078124 0 233 2.8329 0.0 8.181805246746432 0.0 4.0 
2122 3260040.7 87.05781603718839 80.14513615171606 145.5235205078124 0 233 2.8329 0.0 8.181805246746432 0.0 4.0 
2123 3260074.0 87.05781603718839 80.14513615171606 145.5235205078124 0 233 2.8329 0.0 8.181805246746432 0.0 4.0 
2124 3260107.3 87.05781603718839 80.14513615171606 145.5235205078124 0 233 2.8329 0.0 8.181805246746432 0.0 4.0 
2125 3260140.7 87.05932879765746 80.14513615171606 145.5235205078124 0 233 2.8329 0.0 8.181805246746432 0.0 4.0 
2126 3260174.0 87.05932879765746 80.14856921257889 145.5235205078124 0 233 2.8329 0.0 8.181805246746432 0.0 4.0 
2127 3260207.3 87.05932879765746 80.14856921257889 145.5235205078124 0 233 2.8329 0.0 8.181805246746432 0.0 4.0 
2128 3260240.7 87.05932879765746 80.14856921257889 145.5235205078124 0 233 2.8329 0.0 8.181805246746432 0.0 4.0 
2129 3260274.0 87.05932879765746 80.15289034725704 145.5235205078124 0 233 2.8329 0.0 8.181805246746432 0.0 4.0 
2130 3260307.3 87.05932879765746 80.15289034725704 145.5235205078124 0 233 2.8329 0.0 8.181805246746432 0.0 4.0 
2131 3260340.7 87.05932879765746 80.15497437870371 145.5235205078124 0 233 2.8329 0.0 8.181805246746432 0.0 4.0 
2132 3260374.0 87.05932879765746 80.15497437870371 145.5235205078124 0 233 2.8329 0.0 8.181805246746432 0.0 4.0 
2133 3260407.4 87.05932879765746 80.15497437870371 145.5235205078124 0 233 2.8329 0.0 8.181805246746432 0.0 4.0 
2134 3260440.7 87.06121022212906 80.15497437870371 145.5235205078124 0 233 2.8329 0.0 8.181805246746432 0.0 4.0 
2135 3260474.0 87.06121022212906 80.15497437870371 145.5235205078124 0 233 2.8329 0.0 8.181805246746432 0.0 4.0 
2136 3260507.4 87.06121022212906 80.15497437870371 145.5235205078124 0 233 2.8329 0.0 8.181805246746432 0.0 4.0 
2137 3260540.7 87.06121022212906 80.15497437870371 145.5235205078124 0 233 2.8329 0.0 8.181805246746432 0.0 4.0 
2138 3260574.0 87.06240573676517 80.15497437870371 145.5235205078124 0 233 2.8329 0.0 8.181805246746432 0.0 4.0 
2139 3260607.4 87.06240573676517 80.1534253673388 145.5235205078124 0 233 2.8329 0.0 8.181805246746432 0.0 4.0 
2140 3260640.7 87.06240573676517 80.1534253673388 145.5235205078124 0 233 2.8329 0.0 8.181805246746432 0.0 4.0 
2141 3260674.0 87.06240573676517 80.1534253673388 145.5235205078124 0 233 2.8329 0.0 8.181805246746432 0.0 4.0 
2142 3260707.4 87.06240573676517 80.15137951784268 145.5235205078124 0 233 2.8329 0.0 8.181805246746432 0.0 4.0 
2143 3260740.7 87.06240573676517 80.15137951784268 145.5235205078124 0 233 2.8329 0.0 8.181805246746432 0.0 4.0 
2144 3260774.1 87.06240573676517 80.15137951784268 145.5235205078124 0 233 2.8329 0.0 8.181805246746432 0.0 4.0 
2145 3260807.4 87.06240573676517 80.14785935305616 145.5235205078124 0 233 2.8329 0.0 8.181805246746432 0.0 4.0 
2146 3260840.7 87.06240573676517 80.14785935305616 145.5235205078124 0 233 2.8329 0.0 8.181805246746432 0.0 4.0 
2147 3260874.1 87.06240573676517 80.14785935305616 145.5235205078124 0 233 2.8329 0.0 8.181805246746432 0.0 4.0 
2148 3260907.4 87.06140200100516 80.14785935305616 145.5235205078124 0 233 2.8329 0.0 8.181805246746432 0.0 4.0 
2149 3260940.7 87.06140200100516 80.14619265866716 145.5235205078124 0 233 2.8329 0.0 8.181805246746432 0.0 4.0 
2150 3260974.1 87.06140200100516 80.14619265866716 145.5235205078124 0 233 2.8329 0.0 8.181805246746432 0.0 4.0 
2151 3261007.4 87.06140200100516 80.14619265866716 145.5235205078124 0 233 2.8329 0.0 8.181805246746432 0.0 4.0 
2152 3261040.7 87.06140200100516 80.14619265866716 145.5235205078124 0 233 2.8329 0.0 8.181805246746432 0.0 4.0 
2153 3261074.1 87.06140200100516 80.14619265866716 145.5235205078124 0 233 2.8329 0.0 8.181805246746432 0.0 4.0 
2154 3261107.4 87.06140200100516 80.14619265866716 145.5235205078124 0 233 2.8329 0.0 8.181805246746432 0.0 4.0 
2155 3261140.7 87.06140200100516 80.14734193984103 145.5235205078124 0 233 2.8329 0.0 8.181805246746432 0.0 4.0 
2156 3261174.1 87.06140200100516 80.14734193984103 145.5235205078124 0 233 2.8329 0.0 8.181805246746432 0.0 4.0 
2157 3261207.4 87.0597512401482 80.14621540810667 145.5235205078124 0 233 2.8329 0.0 8.181805246746432 0.0 4.0 
2158 3261240.8 87.0597512401482 80.14621540810667 145.5235205078124 0 233 2.8329 0.0 8.181805246746432 0.0 4.0 
2159 3261274.1 87.0597512401482 80.14621540810667 145.5235205078124 0 233 2.8329 0.0 8.181805246746432 0.0 4.0 
2160 3261307.4 87.05807788214949 80.14407059814914 145.5235205078124 0 233 2.8329 0.0 8.181805246746432 0.0 4.0 
2161 3261340.8 87.05807788214949 80.14407059814914 145.5235205078124 0 233 2.8329 0.0 8.181805246746432 0.0 4.0 
2162 3261374.1 87.05807788214949 80.14407059814914 145.5235205078124 0 233 2.8329 0.0 8.181805246746432 0.0 4.0 
2163 3261407.4 87.05691488741043 80.14407059814914 145.5235205078124 0 233 2.8329 0.0 8.181805246746432 0.0 4.0 
2164 3261440.8 87.05691488741043 80.14152232614161 145.5235205078124 0 233 2.8329 0.0 8.181805246746432 0.0 4.0 
2165 3261474.1 87.05691488741043 80.14152232614161 145.5235205078124 0 233 2.8329 0.0 8.181805246746432 0.0 4.0 
2166 3261507.4 87.05691488741043 80.14152232614161 145.5235205078124 0 233 2.8329 0.0 8.181805246746432 0.0 4.0 
2167 3261540.8 87.05691488741043 80.14152232614161 145.5235205078124 0 233 2.8329 0.0 8.181805246746432 0.0 4.0 
2168 3261574.1 87.05691488741043 80.14152232614161 145.5235205078124 0 233 2.8329 0.0 8.181805246746432 0.0 4.0 
2169 3261607.5 87.05691488741043 80.14152232614161 145.5235205078124 0 233 2.8329 0.0 8.181805246746432 0.0 4.0 
2170 3261640.8 87.05691488741043 80.14152232614161 145.5235205078124 0 233 2.8329 0.0 8.181805246746432 0.0 4.0 
2171 3261674.1 87.05691488741043 80.14152232614161 145.5235205078124 0 233 2.8329 0.0 8.181805246746432 0.0 4.0 
2172 3261707.5 87.0588611002872 80.14152232614161 145.5235205078124 0 233 2.8329 0.0 8.181805246746432 0.0 4.0 
2173 3261740.8 87.0588611002872 80.14285268945042 145.5235205078124 0 233 2.8329 0.0 8.181805246746432 0.0 4.0 
2174 3261774.1 87.0588611002872 80.14285268945042 145.5235205078124 0 233 2.8329 0.0 8.181805246746432 0.0 4.0 
2175 3261807.5 87.06071913981769 80.14285268945042 145.5235205078124 0 233 2.8329 0.0 8.181805246746432 0.0 4.0 
2176 3261840.8 87.06071913981769 80.14285268945042 145.5235205078124 0 233 2.8329 0.0 8.181805246746432 0.0 4.0 
2177 3261874.1 87.06071913981769 80.14285268945042 145.5235205078124 0 233 2.8329 0.0 8.181805246746432 0.0 4.0 
2178 3261907.5 87.06238489942517 80.14285268945042 145.5235205078124 0 233 2.8329 0.0 8.181805246746432 0.0 4.0 
2179 3261940.8 87.06238489942517 80.1445805831897 145.5235205078124 0 233 2.8329 0.0 8.181805246746432 0.0 4.0 
2180 3261974.1 87.06417600707263 80.14678401979148 145.5235205078124 0 233 2.8329 0.0 8.181805246746432 0.0 4.0 
2181 3262007.5 87.06417600707263 80.14678401979148 145.5235205078124 0 233 2.8329 0.0 8.181805246746432 0.0 4.0 
2182 3262040.8 87.06417600707263 80.14678401979148 145.5235205078124 0 233 2.8329 0.0 8.181805246746432 0.0 4.0 
2183 3262074.2 87.06417600707263 80.14678401979148 145.5235205078124 0 233 2.8329 0.0 8.181805246746432 0.0 4.0 
2184 3262107.5 87.06417600707263 80.14813244728512 145.5235205078124 0 233 2.8329 0.0 8.181805246746432 0.0 4.0 
2185 3262140.8 87.06417600707263 80.14813244728512 145.5235205078124 0 233 2.8329 0.0 8.181805246746432 0.0 4.0 
2186 3262174.2 87.06417600707263 80.14813244728512 145.5235205078124 0 233 2.8329 0.0 8.181805246746432 0.0 4.0 
2187 3262207.5 87.06417600707263 80.14813244728512 145.5235205078124 0 233 2.8329 0.0 8.181805246746432 0.0 4.0 
2188 3262240.8 87.06417600707263 80.14692245465977 145.5235205078124 0 233 2.8329 0.0 8.181805246746432 0.0 4.0 
2189 3262274.2 87.06417600707263 80.14692245465977 145.5235205078124 0 233 2.8329 0.0 8.181805246746432 0.0 4.0 
2190 3262307.5 87.06417600707263 80.14692245465977 145.5235205078124 0 233 2.8329 0.0 8.181805246746432 0.0 4.0 
2191 3262340.8 87.06417600707263 80.14692245465977 145.5235205078124 0 233 2.8329 0.0 8.181805246746432 0.0 4.0 
2192 3262374.2 87.06417600707263 80.14692245465977 145.5235205078124 0 233 2.8329 0.0 8.181805246746432 0.0 4.0 
2193 3262407.5 87.06139175388283 80.14227259735563 145.5235205078124 0 233 2.8329 0.0 8.181805246746432 0.0 4.0 
2194 3262440.9 87.06139175388283 80.14227259735563 145.5235205078124 0 233 2.8329 0.0 8.181805246746432 0.0 4.0 
2195 3262474.2 87.06139175388283 80.14227259735563 145.5235205078124 0 233 2.8329 0.0 8.181805246746432 0.0 4.0 
2196 3262507.5 87.05642405230661 80.14227259735563 145.5235205078124 0 233 2.8329 0.0 8.181805246746432 0.0 4.0 
2197 3262540.9 87.05642405230661 80.13267109601436 145.5235205078124 0 233 2.8329 0.0 8.181805246746432 0.0 4.0 
2198 3262574.2 87.05642405230661 80.13267109601436 145.5235205078124 0 233 2.8329 0.0 8.181805246746432 0.0 4.0 
2199 3262607.5 87.05182137539111 80.13267109601436 145.5235205078124 0 233 2.8329 0.0 8.181805246746432 0.0 4.0 
2200 3262640.9 87.05182137539111 80.12278444724552 145.5235205078124 0 233 2.8329 0.0 8.181805246746432 0.0 4.0 
2201 3262674.2 87.05182137539111 80.12278444724552 145.5235205078124 0 233 2.8329 0.0 8.181805246746432 0.0 4.0 
2202 3262707.5 87.05182137539111 80.12278444724552 145.5235205078124 0 233 2.8329 0.0 8.181805246746432 0.0 4.0 
2203 3262740.9 87.0474250418043 80.1176786378587 145.5235205078124 0 233 2.8329 0.0 8.181805246746432 0.0 4.0 
2204 3262774.2 87.0474250418043 80.1176786378587 145.5235205078124 0 233 2.8329 0.0 8.181805246746432 0.0 4.0 
2205 3262807.5 87.0474250418043 80.1176786378587 145.5235205078124 0 233 2.8329 0.0 8.181805246746432 0.0 4.0 
2206 3262840.9 87.0335521216838 80.09571318546914 145.5235205078124 0 233 2.8329 0.0 8.181805246746432 0.0 4.0 
2207 3262874.2 87.0335521216838 80.09571318546914 145.5235205078124 0 233 2.8329 0.0 8.181805246746432 0.0 4.0 
2208 3262907.6 87.0335521216838 80.09571318546914 145.5235205078124 0 233 2.8329 0.0 8.181805246746432 0.0 4.0 
2209 3262940.9 87.0335521216838 80.09571318546914 145.5235205078124 0 233 2.8329 0.0 8.181805246746432 0.0 4.0 
2210 3262974.2 87.01717684842463 80.09571318546914 145.5235205078124 0 233 2.8329 0.0 8.181805246746432 0.0 4.0 
2211 3263007.6 87.01717684842463 80.07520710057794 145.5235205078124 0 233 2.8329 0.0 8.181805246746432 0.0 4.0 
2212 3263040.9 87.01717684842463 80.07520710057794 145.5235205078124 0 233 2.8329 0.0 8.181805246746432 0.0 4.0 
2213 3263074.2 86.99678708485347 80.07520710057794 145.5235205078124 0 233 2.8329 0.0 8.181805246746432 0.0 4.0 
2214 3263107.6 86.99678708485347 80.05347171056552 145.5235205078124 0 233 2.8329 0.0 8.181805246746432 0.0 4.0 
2215 3263140.9 86.99678708485347 80.05347171056552 145.5235205078124 0 233 2.8329 0.0 8.181805246746432 0.0 4.0 
2216 3263174.2 86.9845267687226 80.04139721755044 145.5235205078124 0 233 2.8329 0.0 8.181805246746432 0.0 4.0 
2217 3263207.6 86.9845267687226 80.04139721755044 145.5235205078124 0 233 2.8329 0.0 8.181805246746432 0.0 4.0 
2218 3263240.9 86.9845267687226 80.04139721755044 145.5235205078124 0 233 2.8329 0.0 8.181805246746432 0.0 4.0 
2219 3263274.3 86.9845267687226 80.04139721755044 145.5235205078124 0 233 2.8329 0.0 8.181805246746432 0.0 4.0 
2220 3263307.6 86.96909716592631 80.04139721755044 145.5235205078124 0 233 2.8329 0.0 8.181805246746432 0.0 4.0 
2221 3263340.9 86.96909716592631 80.02498133470655 145.5235205078124 0 233 2.8329 0.0 8.181805246746432 0.0 4.0 
2222 3263374.3 86.96909716592631 80.02498133470655 145.5235205078124 0 233 2.8329 0.0 8.181805246746432 0.0 4.0 
2223 3263407.6 86.96909716592631 80.02498133470655 145.5235205078124 0 233 2.8329 0.0 8.181805246746432 0.0 4.0 
2224 3263440.9 86.95495639839851 80.02498133470655 145.5235205078124 0 233 2.8329 0.0 8.181805246746432 0.0 4.0 
2225 3263474.3 86.95495639839851 80.00570024502889 145.5235205078124 0 233 2.8329 0.0 8.181805246746432 0.0 4.0 
2226 3263507.6 86.95495639839851 80.00570024502889 145.5235205078124 0 233 2.8329 0.0 8.181805246746432 0.0 4.0 
2227 3263540.9 86.95495639839851 80.00570024502889 145.5235205078124 0 233 2.8329 0.0 8.181805246746432 0.0 4.0 
2228 3263574.3 86.94428959067113 79.99072426523297 145.5235205078124 0 233 2.8329 0.0 8.181805246746432 0.0 4.0 
2229 3263607.6 86.94428959067113 79.99072426523297 145.5235205078124 0 233 2.8329 0.0 8.181805246746432 0.0 4.0 
2230 3263640.9 86.94428959067113 79.99072426523297 145.5235205078124 0 233 2.8329 0.0 8.181805246746432 0.0 4.0 
2231 3263674.3 86.94428959067113 79.99072426523297 145.5235205078124 0 233 2.8329 0.0 8.181805246746432 0.0 4.0 
2232 3263707.6 86.93863351618191 79.99072426523297 145.5235205078124 0 233 2.8329 0.0 8.181805246746432 0.0 4.0 
2233 3263741.0 86.93863351618191 79.98230384655507 145.5235205078124 0 233 2.8329 0.0 8.181805246746432 0.0 4.0 
2234 3263774.3 86.93863351618191 79.98230384655507 145.5235205078124 0 233 2.8329 0.0 8.181805246746432 0.0 4.0 
2235 3263807.6 86.93731203601315 79.98230384655507 145.5235205078124 0 233 2.8329 0.0 8.181805246746432 0.0 4.0 
2236 3263841.0 86.93731203601315 79.9799501941645 145.5235205078124 0 233 2.8329 0.0 8.181805246746432 0.0 4.0 
2237 3263874.3 86.93731203601315 79.9799501941645 145.5235205078124 0 233 2.8329 0.0 8.181805246746432 0.0 4.0 
2238 3263907.6 86.94304324995667 79.98670885073571 145.5235205078124 0 233 2.8329 0.0 8.181805246746432 0.0 4.0 
2239 3263941.0 86.94304324995667 79.98670885073571 145.5235205078124 0 233 2.8329 0.0 8.181805246746432 0.0 4.0 
2240 3263974.3 86.94304324995667 79.98670885073571 145.5235205078124 0 233 2.8329 0.0 8.181805246746432 0.0 4.0 
2241 3264007.6 86.94304324995667 79.98670885073571 145.5235205078124 0 233 2.8329 0.0 8.181805246746432 0.0 4.0 
2242 3264041.0 86.95870629008273 79.98670885073571 145.5235205078124 0 233 2.8329 0.0 8.181805246746432 0.0 4.0 
2243 3264074.3 86.95870629008273 79.99917719535628 145.5235205078124 0 233 2.8329 0.0 8.181805246746432 0.0 4.0 
2244 3264107.7 86.95870629008273 79.99917719535628 145.5235205078124 0 233 2.8329 0.0 8.181805246746432 0.0 4.0 
2245 3264141.0 86.9693541057741 79.99917719535628 145.5235205078124 0 233 2.8329 0.0 8.181805246746432 0.0 4.0 
2246 3264174.3 86.9693541057741 80.01034077933365 145.5235205078124 0 233 2.8329 0.0 8.181805246746432 0.0 4.0 
2247 3264207.7 86.9693541057741 80.01034077933365 145.5235205078124 0 233 2.8329 0.0 8.181805246746432 0.0 4.0 
2248 3264241.0 86.9693541057741 80.01034077933365 145.5235205078124 0 233 2.8329 0.0 8.181805246746432 0.0 4.0 
2249 3264274.3 86.97043474024358 80.01468548474955 145.5235205078124 0 233 2.8329 0.0 8.181805246746432 0.0 4.0 
2250 3264307.7 86.97043474024358 80.01468548474955 145.5235205078124 0 233 2.8329 0.0 8.181805246746432 0.0 4.0 
2251 3264341.0 86.97043474024358 80.01468548474955 145.5235205078124 0 233 2.8329 0.0 8.181805246746432 0.0 4.0 
2252 3264374.3 86.97251262289652 80.01468548474955 145.5235205078124 0 233 2.8329 0.0 8.181805246746432 0.0 4.0 
2253 3264407.7 86.97251262289652 80.02113780824678 145.5235205078124 0 233 2.8329 0.0 8.181805246746432 0.0 4.0 
2254 3264441.0 86.97251262289652 80.02113780824678 145.5235205078124 0 233 2.8329 0.0 8.181805246746432 0.0 4.0 
2255 3264474.3 86.97251262289652 80.02113780824678 145.5235205078124 0 233 2.8329 0.0 8.181805246746432 0.0 4.0 
2256 3264507.7 86.97251262289652 80.02913815330989 145.5235205078124 0 233 2.8329 0.0 8.181805246746432 0.0 4.0 
2257 3264541.0 86.97251262289652 80.02913815330989 145.5235205078124 0 233 2.8329 0.0 8.181805246746432 0.0 4.0 
2258 3264574.4 86.97251262289652 80.02913815330989 145.5235205078124 0 233 2.8329 0.0 8.181805246746432 0.0 4.0 
2259 3264607.7 86.97133574862094 80.0310998028588 145.5235205078124 0 233 2.8329 0.0 8.181805246746432 0.0 4.0 
2260 3264641.0 86.97133574862094 80.0310998028588 145.5235205078124 0 233 2.8329 0.0 8.181805246746432 0.0 4.0 
2261 3264674.4 86.97133574862094 80.0310998028588 145.5235205078124 0 233 2.8329 0.0 8.181805246746432 0.0 4.0 
2262 3264707.7 86.96683907676014 80.0310998028588 145.5235205078124 0 233 2.8329 0.0 8.181805246746432 0.0 4.0 
2263 3264741.0 86.96683907676014 80.04410498720068 145.5235205078124 0 233 2.8329 0.0 8.181805246746432 0.0 4.0 
2264 3264774.4 86.96683907676014 80.04410498720068 145.5235205078124 0 233 2.8329 0.0 8.181805246746432 0.0 4.0 
2265 3264807.7 86.96683907676014 80.04410498720068 145.5235205078124 0 233 2.8329 0.0 8.181805246746432 0.0 4.0 
2266 3264841.0 86.96209521580785 80.04410498720068 145.5235205078124 0 233 2.8329 0.0 8.181805246746432 0.0 4.0 
2267 3264874.4 86.96209521580785 80.03741335172226 145.5235205078124 0 233 2.8329 0.0 8.181805246746432 0.0 4.0 
2268 3264907.7 86.96209521580785 80.03741335172226 145.5235205078124 0 233 2.8329 0.0 8.181805246746432 0.0 4.0 
2269 3264941.1 86.96209521580785 80.03741335172226 145.5235205078124 0 233 2.8329 0.0 8.181805246746432 0.0 4.0 
2270 3264974.4 86.96209521580785 80.03509524725985 145.5235205078124 0 233 2.8329 0.0 8.181805246746432 0.0 4.0 
2271 3265007.7 86.96209521580785 80.03509524725985 145.5235205078124 0 233 2.8329 0.0 8.181805246746432 0.0 4.0 
2272 3265041.1 86.96209521580785 80.03509524725985 145.5235205078124 0 233 2.8329 0.0 8.181805246746432 0.0 4.0 
2273 3265074.4 86.96209521580785 80.03509524725985 145.5235205078124 0 233 2.8329 0.0 8.181805246746432 0.0 4.0 
2274 3265107.7 86.96209521580785 80.03509524725985 145.5235205078124 0 233 2.8329 0.0 8.181805246746432 0.0 4.0 
2275 3265141.1 86.96209521580785 80.03509524725985 145.5235205078124 0 233 2.8329 0.0 8.181805246746432 0.0 4.0 
2276 3265174.4 86.96209521580785 80.03509524725985 145.5235205078124 0 233 2.8329 0.0 8.181805246746432 0.0 4.0 
2277 3265207.7 86.96209521580785 80.03509524725985 145.5235205078124 0 233 2.8329 0.0 8.181805246746432 0.0 4.0 
2278 3265241.1 86.96209521580785 80.03509524725985 145.5235205078124 0 233 2.8329 0.0 8.181805246746432 0.0 4.0 
2279 3265274.4 86.96209521580785 80.03509524725985 145.5235205078124 0 233 2.8329 0.0 8.181805246746432 0.0 4.0 
2280 3265307.7 86.96209521580785 80.03689028718291 145.5235205078124 0 233 2.8329 0.0 8.181805246746432 0.0 4.0 
2281 3265341.1 86.96209521580785 80.03689028718291 145.5235205078124 0 233 2.8329 0.0 8.181805246746432 0.0 4.0 
2282 3265374.4 86.96209521580785 80.03689028718291 145.5235205078124 0 233 2.8329 0.0 8.181805246746432 0.0 4.0 
2283 3265407.8 86.96103694819031 80.03817258581836 145.5235205078124 0 233 2.8329 0.0 8.181805246746432 0.0 4.0 
2284 3265441.1 86.96103694819031 80.03817258581836 145.5235205078124 0 233 2.8329 0.0 8.181805246746432 0.0 4.0 
2285 3265474.4 86.96103694819031 80.03817258581836 145.5235205078124 0 233 2.8329 0.0 8.181805246746432 0.0 4.0 
2286 3265507.8 86.96253569027536 80.03817258581836 145.5235205078124 0 233 2.8329 0.0 8.181805246746432 0.0 4.0 
2287 3265541.1 86.96253569027536 80.04217311729192 145.5235205078124 0 233 2.8329 0.0 8.181805246746432 0.0 4.0 
2288 3265574.4 86.96253569027536 80.04217311729192 145.5235205078124 0 233 2.8329 0.0 8.181805246746432 0.0 4.0 
2289 3265607.8 86.96865550949988 80.04217311729192 145.5235205078124 0 233 2.8329 0.0 8.181805246746432 0.0 4.0 
2290 3265641.1 86.96865550949988 80.04994850213137 145.5235205078124 0 233 2.8329 0.0 8.181805246746432 0.0 4.0 
2291 3265674.4 86.96865550949988 80.04994850213137 145.5235205078124 0 233 2.8329 0.0 8.181805246746432 0.0 4.0 
2292 3265707.8 86.97709635229252 80.04994850213137 145.5235205078124 0 233 2.8329 0.0 8.181805246746432 0.0 4.0 
2293 3265741.1 86.97709635229252 80.05771418524127 145.5235205078124 0 233 2.8329 0.0 8.181805246746432 0.0 4.0 
2294 3265774.5 86.97709635229252 80.05771418524127 145.5235205078124 0 233 2.8329 0.0 8.181805246746432 0.0 4.0 
2295 3265807.8 86.98264288653739 80.0612480847675 145.5235205078124 0 233 2.8329 0.0 8.181805246746432 0.0 4.0 
2296 3265841.1 86.98264288653739 80.0612480847675 145.5235205078124 0 233 2.8329 0.0 8.181805246746432 0.0 4.0 
2297 3265874.5 86.98264288653739 80.0612480847675 145.5235205078124 0 233 2.8329 0.0 8.181805246746432 0.0 4.0 
2298 3265907.8 86.98264288653739 80.0612480847675 145.5235205078124 0 233 2.8329 0.0 8.181805246746432 0.0 4.0 
2299 3265941.1 86.9934822993062 80.0612480847675 145.5235205078124 0 233 2.8329 0.0 8.181805246746432 0.0 4.0 
2300 3265974.5 86.9934822993062 80.07156175373537 145.5235205078124 0 233 2.8329 0.0 8.181805246746432 0.0 4.0 
2301 3266007.8 86.9934822993062 80.07156175373537 145.5235205078124 0 233 2.8329 0.0 8.181805246746432 0.0 4.0 
2302 3266041.1 86.99977121054792 80.07156175373537 145.5235205078124 0 233 2.8329 0.0 8.181805246746432 0.0 4.0 
2303 3266074.5 86.99977121054792 80.08440635680361 145.5235205078124 0 233 2.8329 0.0 8.181805246746432 0.0 4.0 
2304 3266107.8 86.99977121054792 80.08440635680361 145.5235205078124 0 233 2.8329 0.0 8.181805246746432 0.0 4.0 
2305 3266141.1 86.99977121054792 80.08440635680361 145.5235205078124 0 233 2.8329 0.0 8.181805246746432 0.0 4.0 
2306 3266174.5 87.00133804349896 80.09007681204633 145.5235205078124 0 233 2.8329 0.0 8.181805246746432 0.0 4.0 
2307 3266207.8 87.00133804349896 80.09007681204633 145.5235205078124 0 233 2.8329 0.0 8.181805246746432 0.0 4.0 
2308 3266241.2 87.00133804349896 80.09007681204633 145.5235205078124 0 233 2.8329 0.0 8.181805246746432 0.0 4.0 
2309 3266274.5 87.00262842361728 80.09470253894212 145.5235205078124 0 233 2.8329 0.0 8.181805246746432 0.0 4.0 
2310 3266307.8 87.00262842361728 80.09470253894212 145.5235205078124 0 233 2.8329 0.0 8.181805246746432 0.0 4.0 
2311 3266341.2 87.00262842361728 80.09470253894212 145.5235205078124 0 233 2.8329 0.0 8.181805246746432 0.0 4.0 
2312 3266374.5 87.00262842361728 80.09470253894212 145.5235205078124 0 233 2.8329 0.0 8.181805246746432 0.0 4.0 
2313 3266407.8 87.00262842361728 80.09790231176851 145.5235205078124 0 233 2.8329 0.0 8.181805246746432 0.0 4.0 
2314 3266441.2 87.00262842361728 80.09790231176851 145.5235205078124 0 233 2.8329 0.0 8.181805246746432 0.0 4.0 
2315 3266474.5 87.00262842361728 80.09790231176851 145.5235205078124 0 233 2.8329 0.0 8.181805246746432 0.0 4.0 
2316 3266507.8 87.00004437230524 80.09790231176851 145.5235205078124 0 233 2.8329 0.0 8.181805246746432 0.0 4.0 
2317 3266541.2 87.00004437230524 80.1057506940122 145.5235205078124 0 233 2.8329 0.0 8.181805246746432 0.0 4.0 
2318 3266574.5 87.00004437230524 80.1057506940122 145.5235205078124 0 233 2.8329 0.0 8.181805246746432 0.0 4.0 
2319 3266607.9 87.00004437230524 80.1057506940122 145.5235205078124 0 233 2.8329 0.0 8.181805246746432 0.0 4.0 
2320 3266641.2 87.00757237707845 80.1057506940122 145.5235205078124 0 233 2.8329 0.0 8.181805246746432 0.0 4.0 
2321 3266674.5 87.00757237707845 80.11734677125565 145.5235205078124 0 233 2.8329 0.0 8.181805246746432 0.0 4.0 
2322 3266707.9 87.00757237707845 80.11734677125565 145.5235205078124 0 233 2.8329 0.0 8.181805246746432 0.0 4.0 
2323 3266741.2 87.02201147863003 80.11734677125565 145.5235205078124 0 233 2.8329 0.0 8.181805246746432 0.0 4.0 
2324 3266774.5 87.02201147863003 80.12840653857813 145.5235205078124 0 233 2.8329 0.0 8.181805246746432 0.0 4.0 
2325 3266807.9 87.02201147863003 80.12840653857813 145.5235205078124 0 233 2.8329 0.0 8.181805246746432 0.0 4.0 
2326 3266841.2 87.03872411568013 80.12840653857813 145.5235205078124 0 233 2.8329 0.0 8.181805246746432 0.0 4.0 
2327 3266874.5 87.03872411568013 80.12059801873836 145.5235205078124 0 233 2.8329 0.0 8.181805246746432 0.0 4.0 
2328 3266907.9 87.03872411568013 80.12059801873836 145.5235205078124 0 233 2.8329 0.0 8.181805246746432 0.0 4.0 
2329 3266941.2 87.03872411568013 80.12059801873836 145.5235205078124 0 233 2.8329 0.0 8.181805246746432 0.0 4.0 
2330 3266974.5 87.04841259975757 80.12059801873836 145.5235205078124 0 233 2.8329 0.0 8.181805246746432 0.0 4.0 
2331 3267007.9 87.04841259975757 80.11912060144435 145.5235205078124 0 233 2.8329 0.0 8.181805246746432 0.0 4.0 
2332 3267041.2 87.04841259975757 80.11912060144435 145.5235205078124 0 233 2.8329 0.0 8.181805246746432 0.0 4.0 
2333 3267074.6 87.05491545226596 80.11912060144435 145.5235205078124 0 233 2.8329 0.0 8.181805246746432 0.0 4.0 
2334 3267107.9 87.05491545226596 80.1250241458192 145.5235205078124 0 233 2.8329 0.0 8.181805246746432 0.0 4.0 
2335 3267141.2 87.05491545226596 80.1250241458192 145.5235205078124 0 233 2.8329 0.0 8.181805246746432 0.0 4.0 
2336 3267174.6 87.05491545226596 80.1250241458192 145.5235205078124 0 233 2.8329 0.0 8.181805246746432 0.0 4.0 
2337 3267207.9 87.05491545226596 80.13439313346419 145.5235205078124 0 233 2.8329 0.0 8.181805246746432 0.0 4.0 
2338 3267241.2 87.05491545226596 80.13439313346419 145.5235205078124 0 233 2.8329 0.0 8.181805246746432 0.0 4.0 
2339 3267274.6 87.05491545226596 80.13439313346419 145.5235205078124 0 233 2.8329 0.0 8.181805246746432 0.0 4.0 
2340 3267307.9 87.05491545226596 80.13439313346419 145.5235205078124 0 233 2.8329 0.0 8.181805246746432 0.0 4.0 
2341 3267341.2 87.05157433592755 80.13327238374737 145.5235205078124 0 233 2.8329 0.0 8.181805246746432 0.0 4.0 
2342 3267374.6 87.05157433592755 80.13327238374737 145.5235205078124 0 233 2.8329 0.0 8.181805246746432 0.0 4.0 
2343 3267407.9 87.05157433592755 80.13327238374737 145.5235205078124 0 233 2.8329 0.0 8.181805246746432 0.0 4.0 
2344 3267441.3 87.05157433592755 80.13327238374737 145.5235205078124 0 233 2.8329 0.0 8.181805246746432 0.0 4.0 
2345 3267474.6 87.03873661784567 80.11587140306264 145.5235205078124 0 233 2.8329 0.0 8.181805246746432 0.0 4.0 
2346 3267507.9 87.03873661784567 80.11587140306264 145.5235205078124 0 233 2.8329 0.0 8.181805246746432 0.0 4.0 
2347 3267541.3 87.03873661784567 80.11587140306264 145.5235205078124 0 233 2.8329 0.0 8.181805246746432 0.0 4.0 
2348 3267574.6 87.03873661784567 80.11587140306264 145.5235205078124 0 233 2.8329 0.0 8.181805246746432 0.0 4.0 
2349 3267607.9 87.02699156707612 80.11587140306264 145.5235205078124 0 233 2.8329 0.0 8.181805246746432 0.0 4.0 
2350 3267641.3 87.02699156707612 80.09595628926158 145.5235205078124 0 233 2.8329 0.0 8.181805246746432 0.0 4.0 
2351 3267674.6 87.02699156707612 80.09595628926158 145.5235205078124 0 233 2.8329 0.0 8.181805246746432 0.0 4.0 
2352 3267707.9 87.01722935850401 80.07885199786291 145.5235205078124 0 233 2.8329 0.0 8.181805246746432 0.0 4.0 
2353 3267741.3 87.01722935850401 80.07885199786291 145.5235205078124 0 233 2.8329 0.0 8.181805246746432 0.0 4.0 
2354 3267774.6 87.01722935850401 80.07885199786291 145.5235205078124 0 233 2.8329 0.0 8.181805246746432 0.0 4.0 
2355 3267807.9 87.01722935850401 80.07885199786291 145.5235205078124 0 233 2.8329 0.0 8.181805246746432 0.0 4.0 
2356 3267841.3 87.00839018506815 80.07885199786291 145.5235205078124 0 233 2.8329 0.0 8.181805246746432 0.0 4.0 
2357 3267874.6 87.00839018506815 80.06481831788919 145.5235205078124 0 233 2.8329 0.0 8.181805246746432 0.0 4.0 
2358 3267908.0 87.00839018506815 80.06481831788919 145.5235205078124 0 233 2.8329 0.0 8.181805246746432 0.0 4.0 
2359 3267941.3 87.00839018506815 80.06481831788919 145.5235205078124 0 233 2.8329 0.0 8.181805246746432 0.0 4.0 
2360 3267974.6 86.997571343375 80.06481831788919 145.5235205078124 0 233 2.8329 0.0 8.181805246746432 0.0 4.0 
2361 3268008.0 86.997571343375 80.05074216440715 145.5235205078124 0 233 2.8329 0.0 8.181805246746432 0.0 4.0 
2362 3268041.3 86.997571343375 80.05074216440715 145.5235205078124 0 233 2.8329 0.0 8.181805246746432 0.0 4.0 
2363 3268074.6 86.997571343375 80.05074216440715 145.5235205078124 0 233 2.8329 0.0 8.181805246746432 0.0 4.0 
2364 3268108.0 86.97946390111201 80.03268368900873 145.5235205078124 0 233 2.8329 0.0 8.181805246746432 0.0 4.0 
2365 3268141.3 86.97946390111201 80.03268368900873 145.5235205078124 0 233 2.8329 0.0 8.181805246746432 0.0 4.0 
2366 3268174.6 86.97946390111201 80.03268368900873 145.5235205078124 0 233 2.8329 0.0 8.181805246746432 0.0 4.0 
2367 3268208.0 86.97946390111201 80.03268368900873 145.5235205078124 0 233 2.8329 0.0 8.181805246746432 0.0 4.0 
2368 3268241.3 86.9605452357836 80.01429905568045 145.5235205078124 0 233 2.8329 0.0 8.181805246746432 0.0 4.0 
2369 3268274.7 86.9605452357836 80.01429905568045 145.5235205078124 0 233 2.8329 0.0 8.181805246746432 0.0 4.0 
2370 3268308.0 86.9605452357836 80.01429905568045 145.5235205078124 0 233 2.8329 0.0 8.181805246746432 0.0 4.0 
2371 3268341.3 86.94892928774192 80.01429905568045 145.5235205078124 0 233 2.8329 0.0 8.181805246746432 0.0 4.0 
2372 3268374.7 86.94892928774192 79.99848234725641 145.5235205078124 0 233 2.8329 0.0 8.181805246746432 0.0 4.0 
2373 3268408.0 86.94892928774192 79.99848234725641 145.5235205078124 0 233 2.8329 0.0 8.181805246746432 0.0 4.0 
2374 3268441.3 86.94892928774192 79.99848234725641 145.5235205078124 0 233 2.8329 0.0 8.181805246746432 0.0 4.0 
2375 3268474.7 86.94257181574703 79.99848234725641 145.5235205078124 0 233 2.8329 0.0 8.181805246746432 0.0 4.0 
2376 3268508.0 86.94257181574703 79.98718518041281 145.5235205078124 0 233 2.8329 0.0 8.181805246746432 0.0 4.0 
2377 3268541.3 86.94257181574703 79.98718518041281 145.5235205078124 0 233 2.8329 0.0 8.181805246746432 0.0 4.0 
2378 3268574.7 86.94257181574703 79.98718518041281 145.5235205078124 0 233 2.8329 0.0 8.181805246746432 0.0 4.0 
2379 3268608.0 86.93794654630993 79.9751561302081 145.5235205078124 0 233 2.8329 0.0 8.181805246746432 0.0 4.0 
2380 3268641.3 86.93794654630993 79.9751561302081 145.5235205078124 0 233 2.8329 0.0 8.181805246746432 0.0 4.0 
2381 3268674.7 86.93794654630993 79.9751561302081 145.5235205078124 0 233 2.8329 0.0 8.181805246746432 0.0 4.0 
2382 3268708.0 86.93794654630993 79.9751561302081 145.5235205078124 0 233 2.8329 0.0 8.181805246746432 0.0 4.0 
2383 3268741.4 86.94230597401645 79.9751561302081 145.5235205078124 0 233 2.8329 0.0 8.181805246746432 0.0 4.0 
2384 3268774.7 86.94230597401645 79.97112219911892 145.5235205078124 0 233 2.8329 0.0 8.181805246746432 0.0 4.0 
2385 3268808.0 86.94230597401645 79.97112219911892 145.5235205078124 0 233 2.8329 0.0 8.181805246746432 0.0 4.0 
2386 3268841.4 86.95803171620348 79.97112219911892 145.5235205078124 0 233 2.8329 0.0 8.181805246746432 0.0 4.0 
2387 3268874.7 86.95803171620348 79.97112219911892 145.5235205078124 0 233 2.8329 0.0 8.181805246746432 0.0 4.0 
2388 3268908.0 86.95803171620348 79.97112219911892 145.5235205078124 0 233 2.8329 0.0 8.181805246746432 0.0 4.0 
2389 3268941.4 86.9719633279407 79.97499499828841 145.5235205078124 0 233 2.8329 0.0 8.181805246746432 0.0 4.0 
2390 3268974.7 86.9719633279407 79.97499499828841 145.5235205078124 0 233 2.8329 0.0 8.181805246746432 0.0 4.0 
2391 3269008.0 86.9719633279407 79.97499499828841 145.5235205078124 0 233 2.8329 0.0 8.181805246746432 0.0 4.0 
2392 3269041.4 86.9719633279407 79.97499499828841 145.5235205078124 0 233 2.8329 0.0 8.181805246746432 0.0 4.0 
2393 3269074.7 86.95159072516986 79.96346311906413 145.5235205078124 0 233 2.8329 0.0 8.181805246746432 0.0 4.0 
2394 3269108.1 86.95159072516986 79.96346311906413 145.5235205078124 0 233 2.8329 0.0 8.181805246746432 0.0 4.0 
2395 3269141.4 86.95159072516986 79.96346311906413 145.5235205078124 0 233 2.8329 0.0 8.181805246746432 0.0 4.0 
2396 3269174.7 86.95159072516986 79.96346311906413 145.5235205078124 0 233 2.8329 0.0 8.181805246746432 0.0 4.0 
2397 3269208.1 86.93118584306424 79.96346311906413 145.5235205078124 0 233 2.8329 0.0 8.181805246746432 0.0 4.0 
2398 3269241.4 86.93118584306424 79.92562948716379 145.5235205078124 0 233 2.8329 0.0 8.181805246746432 0.0 4.0 
2399 3269274.7 86.93118584306424 79.92562948716379 145.5235205078124 0 233 2.8329 0.0 8.181805246746432 0.0 4.0 
2400 3269308.1 86.93118584306424 79.92562948716379 145.5235205078124 0 233 2.8329 0.0 8.181805246746432 0.0 4.0 
2401 3269341.4 86.93118584306424 79.92562948716379 145.5235205078124 0 233 2.8329 0.0 8.181805246746432 0.0 4.0 
2402 3269374.7 86.92352008531834 79.92562948716379 145.5235205078124 0 233 2.8329 0.0 8.181805246746432 0.0 4.0 
2403 3269408.1 86.92352008531834 79.89975140326878 145.5235205078124 0 233 2.8329 0.0 8.181805246746432 0.0 4.0 
2404 3269441.4 86.92352008531834 79.89975140326878 145.5235205078124 0 233 2.8329 0.0 8.181805246746432 0.0 4.0 
2405 3269474.7 86.92352008531834 79.89975140326878 145.5235205078124 0 233 2.8329 0.0 8.181805246746432 0.0 4.0 
2406 3269508.1 86.92352008531834 79.89975140326878 145.5235205078124 0 233 2.8329 0.0 8.181805246746432 0.0 4.0 
2407 3269541.4 86.92251347193249 79.89975140326878 145.5235205078124 0 233 2.8329 0.0 8.181805246746432 0.0 4.0 
2408 3269574.8 86.92251347193249 79.88114489445562 145.5235205078124 0 233 2.8329 0.0 8.181805246746432 0.0 4.0 
2409 3269608.1 86.92251347193249 79.88114489445562 145.5235205078124 0 233 2.8329 0.0 8.181805246746432 0.0 4.0 
2410 3269641.4 86.92251347193249 79.88114489445562 145.5235205078124 0 233 2.8329 0.0 8.181805246746432 0.0 4.0 
2411 3269674.8 86.92251347193249 79.86401467577753 145.5235205078124 0 233 2.8329 0.0 8.181805246746432 0.0 4.0 
2412 3269708.1 86.92251347193249 79.86401467577753 145.5235205078124 0 233 2.8329 0.0 8.181805246746432 0.0 4.0 
2413 3269741.4 86.92251347193249 79.86401467577753 145.5235205078124 0 233 2.8329 0.0 8.181805246746432 0.0 4.0 
2414 3269774.8 86.92251347193249 79.86401467577753 145.5235205078124 0 233 2.8329 0.0 8.181805246746432 0.0 4.0 
2415 3269808.1 86.92364164702612 79.8544651776114 145.5235205078124 0 233 2.8329 0.0 8.181805246746432 0.0 4.0 
2416 3269841.4 86.92364164702612 79.8544651776114 145.5235205078124 0 233 2.8329 0.0 8.181805246746432 0.0 4.0 
2417 3269874.8 86.92364164702612 79.8544651776114 145.5235205078124 0 233 2.8329 0.0 8.181805246746432 0.0 4.0 
2418 3269908.1 86.92364164702612 79.8544651776114 145.5235205078124 0 233 2.8329 0.0 8.181805246746432 0.0 4.0 
2419 3269941.5 86.92702067240411 79.8544651776114 145.5235205078124 0 233 2.8329 0.0 8.181805246746432 0.0 4.0 
2420 3269974.8 86.92702067240411 79.84595105554263 145.5235205078124 0 233 2.8329 0.0 8.181805246746432 0.0 4.0 
2421 3270008.1 86.92702067240411 79.84595105554263 145.5235205078124 0 233 2.8329 0.0 8.181805246746432 0.0 4.0 
2422 3270041.5 86.92702067240411 79.84595105554263 145.5235205078124 0 233 2.8329 0.0 8.181805246746432 0.0 4.0 
2423 3270074.8 86.93174787138923 79.83356195975607 145.5235205078124 0 233 2.8329 0.0 8.181805246746432 0.0 4.0 
2424 3270108.1 86.93174787138923 79.83356195975607 145.5235205078124 0 233 2.8329 0.0 8.181805246746432 0.0 4.0 
2425 3270141.5 86.93174787138923 79.83356195975607 145.5235205078124 0 233 2.8329 0.0 8.181805246746432 0.0 4.0 
2426 3270174.8 86.93598521916887 79.83356195975607 145.5235205078124 0 233 2.8329 0.0 8.181805246746432 0.0 4.0 
2427 3270208.1 86.93598521916887 79.8242438728829 145.5235205078124 0 233 2.8329 0.0 8.181805246746432 0.0 4.0 
2428 3270241.5 86.93598521916887 79.8242438728829 145.5235205078124 0 233 2.8329 0.0 8.181805246746432 0.0 4.0 
2429 3270274.8 86.93954024703687 79.8242438728829 145.5235205078124 0 233 2.8329 0.0 8.181805246746432 0.0 4.0 
2430 3270308.1 86.93954024703687 79.81535410207036 145.5235205078124 0 233 2.8329 0.0 8.181805246746432 0.0 4.0 
2431 3270341.5 86.93954024703687 79.81535410207036 145.5235205078124 0 233 2.8329 0.0 8.181805246746432 0.0 4.0 
2432 3270374.8 86.93954024703687 79.81535410207036 145.5235205078124 0 233 2.8329 0.0 8.181805246746432 0.0 4.0 
2433 3270408.2 86.94557482404726 79.81535410207036 145.5235205078124 0 233 2.8329 0.0 8.181805246746432 0.0 4.0 
2434 3270441.5 86.94557482404726 79.80402174316885 145.5235205078124 0 233 2.8329 0.0 8.181805246746432 0.0 4.0 
2435 3270474.8 86.94557482404726 79.80402174316885 145.5235205078124 0 233 2.8329 0.0 8.181805246746432 0.0 4.0 
2436 3270508.2 86.94557482404726 79.80402174316885 145.5235205078124 0 233 2.8329 0.0 8.181805246746432 0.0 4.0 
2437 3270541.5 86.95089712779652 79.79204295383433 145.5235205078124 0 233 2.8329 0.0 8.181805246746432 0.0 4.0 
2438 3270574.8 86.95089712779652 79.79204295383433 145.5235205078124 0 233 2.8329 0.0 8.181805246746432 0.0 4.0 
2439 3270608.2 86.95089712779652 79.79204295383433 145.5235205078124 0 233 2.8329 0.0 8.181805246746432 0.0 4.0 
2440 3270641.5 86.95089712779652 79.79204295383433 145.5235205078124 0 233 2.8329 0.0 8.181805246746432 0.0 4.0 
2441 3270674.8 86.95609888163445 79.79204295383433 145.5235205078124 0 233 2.8329 0.0 8.181805246746432 0.0 4.0 
2442 3270708.2 86.95609888163445 79.77138007156422 145.5235205078124 0 233 2.8329 0.0 8.181805246746432 0.0 4.0 
2443 3270741.5 86.95609888163445 79.77138007156422 145.5235205078124 0 233 2.8329 0.0 8.181805246746432 0.0 4.0 
2444 3270774.9 86.95881607791807 79.77138007156422 145.5235205078124 0 233 2.8329 0.0 8.181805246746432 0.0 4.0 
2445 3270808.2 86.95881607791807 79.75638661246495 145.5235205078124 0 233 2.8329 0.0 8.181805246746432 0.0 4.0 
2446 3270841.5 86.95881607791807 79.75638661246495 145.5235205078124 0 233 2.8329 0.0 8.181805246746432 0.0 4.0 
2447 3270874.9 86.95881607791807 79.75638661246495 145.5235205078124 0 233 2.8329 0.0 8.181805246746432 0.0 4.0 
2448 3270908.2 86.96193995485055 79.73521517985395 145.5235205078124 0 233 2.8329 0.0 8.181805246746432 0.0 4.0 
2449 3270941.5 86.96193995485055 79.73521517985395 145.5235205078124 0 233 2.8329 0.0 8.181805246746432 0.0 4.0 
2450 3270974.9 86.96193995485055 79.73521517985395 145.5235205078124 0 233 2.8329 0.0 8.181805246746432 0.0 4.0 
2451 3271008.2 86.96193995485055 79.72121611409179 145.5235205078124 0 233 2.8329 0.0 8.181805246746432 0.0 4.0 
2452 3271041.5 86.96193995485055 79.72121611409179 145.5235205078124 0 233 2.8329 0.0 8.181805246746432 0.0 4.0 
2453 3271074.9 86.96193995485055 79.72121611409179 145.5235205078124 0 233 2.8329 0.0 8.181805246746432 0.0 4.0 
2454 3271108.2 86.96193995485055 79.72121611409179 145.5235205078124 0 233 2.8329 0.0 8.181805246746432 0.0 4.0 
2455 3271141.5 86.9601728507043 79.72121611409179 145.5235205078124 0 233 2.8329 0.0 8.181805246746432 0.0 4.0 
2456 3271174.9 86.9601728507043 79.71004772596422 145.5235205078124 0 233 2.8329 0.0 8.181805246746432 0.0 4.0 
2457 3271208.2 86.9601728507043 79.71004772596422 145.5235205078124 0 233 2.8329 0.0 8.181805246746432 0.0 4.0 
2458 3271241.6 86.95551573710809 79.71004772596422 145.5235205078124 0 233 2.8329 0.0 8.181805246746432 0.0 4.0 
2459 3271274.9 86.95551573710809 79.697521285168 145.5235205078124 0 233 2.8329 0.0 8.181805246746432 0.0 4.0 
2460 3271308.2 86.95551573710809 79.697521285168 145.5235205078124 0 233 2.8329 0.0 8.181805246746432 0.0 4.0 
2461 3271341.6 86.95551573710809 79.697521285168 145.5235205078124 0 233 2.8329 0.0 8.181805246746432 0.0 4.0 
2462 3271374.9 86.95417704404639 79.69532760156821 145.5235205078124 0 233 2.8329 0.0 8.181805246746432 0.0 4.0 
2463 3271408.2 86.95417704404639 79.69532760156821 145.5235205078124 0 233 2.8329 0.0 8.181805246746432 0.0 4.0 
2464 3271441.6 86.95749519089617 79.70141341203623 145.5235205078124 0 233 2.8329 0.0 8.181805246746432 0.0 4.0 
2465 3271474.9 86.95749519089617 79.70141341203623 145.5235205078124 0 233 2.8329 0.0 8.181805246746432 0.0 4.0 
2466 3271508.2 86.96254441356294 79.70141341203623 145.5235205078124 0 233 2.8329 0.0 8.181805246746432 0.0 4.0 
2467 3271541.6 86.96254441356294 79.71052437246799 145.5235205078124 0 233 2.8329 0.0 8.181805246746432 0.0 4.0 
2468 3271574.9 86.96254441356294 79.71052437246799 145.5235205078124 0 233 2.8329 0.0 8.181805246746432 0.0 4.0 
2469 3271608.3 86.96254441356294 79.71052437246799 145.5235205078124 0 233 2.8329 0.0 8.181805246746432 0.0 4.0 
2470 3271641.6 86.97931235361932 79.71052437246799 145.5235205078124 0 233 2.8329 0.0 8.181805246746432 0.0 4.0 
2471 3271674.9 86.97931235361932 79.72852244353415 145.5235205078124 0 233 2.8329 0.0 8.181805246746432 0.0 4.0 
2472 3271708.3 86.97931235361932 79.72852244353415 145.5235205078124 0 233 2.8329 0.0 8.181805246746432 0.0 4.0 
2473 3271741.6 86.97931235361932 79.72852244353415 145.5235205078124 0 233 2.8329 0.0 8.181805246746432 0.0 4.0 
2474 3271774.9 87.00791667865596 79.74477802560746 145.5235205078124 0 233 2.8329 0.0 8.181805246746432 0.0 4.0 
2475 3271808.3 87.00791667865596 79.74477802560746 145.5235205078124 0 233 2.8329 0.0 8.181805246746432 0.0 4.0 
2476 3271841.6 87.00791667865596 79.74477802560746 145.5235205078124 0 233 2.8329 0.0 8.181805246746432 0.0 4.0 
2477 3271874.9 87.0224215188682 79.74477802560746 145.5235205078124 0 233 2.8329 0.0 8.181805246746432 0.0 4.0 
2478 3271908.3 87.0224215188682 79.74933172067665 145.5235205078124 0 233 2.8329 0.0 8.181805246746432 0.0 4.0 
2479 3271941.6 87.0224215188682 79.74933172067665 145.5235205078124 0 233 2.8329 0.0 8.181805246746432 0.0 4.0 
2480 3271974.9 87.0224215188682 79.74933172067665 145.5235205078124 0 233 2.8329 0.0 8.181805246746432 0.0 4.0 
2481 3272008.3 87.0348481785702 79.74933172067665 145.5235205078124 0 233 2.8329 0.0 8.181805246746432 0.0 4.0 
2482 3272041.6 87.0348481785702 79.7513368910926 145.5235205078124 0 233 2.8329 0.0 8.181805246746432 0.0 4.0 
2483 3272075.0 87.0348481785702 79.7513368910926 145.5235205078124 0 233 2.8329 0.0 8.181805246746432 0.0 4.0 
2484 3272108.3 87.0488507046291 79.74988333789352 145.5235205078124 0 233 2.8329 0.0 8.181805246746432 0.0 4.0 
2485 3272141.6 87.0488507046291 79.74988333789352 145.5235205078124 0 233 2.8329 0.0 8.181805246746432 0.0 4.0 
2486 3272175.0 87.0488507046291 79.74988333789352 145.5235205078124 0 233 2.8329 0.0 8.181805246746432 0.0 4.0 
2487 3272208.3 87.05878569975393 79.74988333789352 145.5235205078124 0 233 2.8329 0.0 8.181805246746432 0.0 4.0 
2488 3272241.6 87.05878569975393 79.74744128410384 145.5235205078124 0 233 2.8329 0.0 8.181805246746432 0.0 4.0 
2489 3272275.0 87.05878569975393 79.74744128410384 145.5235205078124 0 233 2.8329 0.0 8.181805246746432 0.0 4.0 
2490 3272308.3 87.05878569975393 79.74744128410384 145.5235205078124 0 233 2.8329 0.0 8.181805246746432 0.0 4.0 
2491 3272341.6 87.07363254331105 79.74744128410384 145.5235205078124 0 233 2.8329 0.0 8.181805246746432 0.0 4.0 
2492 3272375.0 87.07363254331105 79.74208087606422 145.5235205078124 0 233 2.8329 0.0 8.181805246746432 0.0 4.0 
2493 3272408.3 87.07363254331105 79.74208087606422 145.5235205078124 0 233 2.8329 0.0 8.181805246746432 0.0 4.0 
2494 3272441.7 87.07363254331105 79.74208087606422 145.5235205078124 0 233 2.8329 0.0 8.181805246746432 0.0 4.0 
2495 3272475.0 87.0920280544629 79.74208087606422 145.5235205078124 0 233 2.8329 0.0 8.181805246746432 0.0 4.0 
2496 3272508.3 87.0920280544629 79.73274315455517 145.5235205078124 0 233 2.8329 0.0 8.181805246746432 0.0 4.0 
2497 3272541.7 87.0920280544629 79.73274315455517 145.5235205078124 0 233 2.8329 0.0 8.181805246746432 0.0 4.0 
2498 3272575.0 87.0920280544629 79.73274315455517 145.5235205078124 0 233 2.8329 0.0 8.181805246746432 0.0 4.0 
2499 3272608.3 87.0920280544629 79.73274315455517 145.5235205078124 0 233 2.8329 0.0 8.181805246746432 0.0 4.0 
2500 3272641.7 87.10802309923193 79.73274315455517 145.5235205078124 0 233 2.8329 0.0 8.181805246746432 0.0 4.0 
2501 3272675.0 87.10802309923193 79.72114491526511 145.5235205078124 0 233 2.8329 0.0 8.181805246746432 0.0 4.0 
2502 3272708.3 87.10802309923193 79.72114491526511 145.5235205078124 0 233 2.8329 0.0 8.181805246746432 0.0 4.0 
2503 3272741.7 87.10802309923193 79.72114491526511 145.5235205078124 0 233 2.8329 0.0 8.181805246746432 0.0 4.0 
2504 3272775.0 87.11634939999647 79.72114491526511 145.5235205078124 0 233 2.8329 0.0 8.181805246746432 0.0 4.0 
2505 3272808.3 87.11634939999647 79.71074237835933 145.5235205078124 0 233 2.8329 0.0 8.181805246746432 0.0 4.0 
2506 3272841.7 87.11634939999647 79.71074237835933 145.5235205078124 0 233 2.8329 0.0 8.181805246746432 0.0 4.0 
2507 3272875.0 87.11634939999647 79.71074237835933 145.5235205078124 0 233 2.8329 0.0 8.181805246746432 0.0 4.0 
2508 3272908.4 87.12717621846444 79.6967823152804 145.5235205078124 0 233 2.8329 0.0 8.181805246746432 0.0 4.0 
2509 3272941.7 87.12717621846444 79.6967823152804 145.5235205078124 0 233 2.8329 0.0 8.181805246746432 0.0 4.0 
2510 3272975.0 87.12717621846444 79.6967823152804 145.5235205078124 0 233 2.8329 0.0 8.181805246746432 0.0 4.0 
2511 3273008.4 87.12717621846444 79.6967823152804 145.5235205078124 0 233 2.8329 0.0 8.181805246746432 0.0 4.0 
2512 3273041.7 87.13736853931816 79.6967823152804 145.5235205078124 0 233 2.8329 0.0 8.181805246746432 0.0 4.0 
2513 3273075.0 87.13736853931816 79.68219781558543 145.5235205078124 0 233 2.8329 0.0 8.181805246746432 0.0 4.0 
2514 3273108.4 87.13736853931816 79.68219781558543 145.5235205078124 0 233 2.8329 0.0 8.181805246746432 0.0 4.0 
2515 3273141.7 87.13736853931816 79.68219781558543 145.5235205078124 0 233 2.8329 0.0 8.181805246746432 0.0 4.0 
2516 3273175.0 87.14677772830537 79.68219781558543 145.5235205078124 0 233 2.8329 0.0 8.181805246746432 0.0 4.0 
2517 3273208.4 87.14677772830537 79.6681829721886 145.5235205078124 0 233 2.8329 0.0 8.181805246746432 0.0 4.0 
2518 3273241.7 87.14677772830537 79.6681829721886 145.5235205078124 0 233 2.8329 0.0 8.181805246746432 0.0 4.0 
2519 3273275.1 87.14677772830537 79.6681829721886 145.5235205078124 0 233 2.8329 0.0 8.181805246746432 0.0 4.0 
2520 3273308.4 87.15654150038013 79.6681829721886 145.5235205078124 0 233 2.8329 0.0 8.181805246746432 0.0 4.0 
2521 3273341.7 87.15654150038013 79.65614556628205 145.5235205078124 0 233 2.8329 0.0 8.181805246746432 0.0 4.0 
2522 3273375.1 87.15654150038013 79.65614556628205 145.5235205078124 0 233 2.8329 0.0 8.181805246746432 0.0 4.0 
2523 3273408.4 87.15654150038013 79.65614556628205 145.5235205078124 0 233 2.8329 0.0 8.181805246746432 0.0 4.0 
2524 3273441.7 87.16774849638193 79.6443717330758 145.5235205078124 0 233 2.8329 0.0 8.181805246746432 0.0 4.0 
2525 3273475.1 87.16774849638193 79.6443717330758 145.5235205078124 0 233 2.8329 0.0 8.181805246746432 0.0 4.0 
2526 3273508.4 87.16774849638193 79.6443717330758 145.5235205078124 0 233 2.8329 0.0 8.181805246746432 0.0 4.0 
2527 3273541.7 87.17467406555818 79.6395213498399 145.5235205078124 0 233 2.8329 0.0 8.181805246746432 0.0 4.0 
2528 3273575.1 87.17467406555818 79.6395213498399 145.5235205078124 0 233 2.8329 0.0 8.181805246746432 0.0 4.0 
2529 3273608.4 87.17467406555818 79.6395213498399 145.5235205078124 0 233 2.8329 0.0 8.181805246746432 0.0 4.0 
2530 3273641.7 87.17467406555818 79.6395213498399 145.5235205078124 0 233 2.8329 0.0 8.181805246746432 0.0 4.0 
2531 3273675.1 87.17467406555818 79.6395213498399 145.5235205078124 0 233 2.8329 0.0 8.181805246746432 0.0 4.0 
2532 3273708.4 87.1768784284035 79.6395213498399 145.5235205078124 0 233 2.8329 0.0 8.181805246746432 0.0 4.0 
2533 3273741.8 87.1768784284035 79.63630950270412 145.5235205078124 0 233 2.8329 0.0 8.181805246746432 0.0 4.0 
2534 3273775.1 87.1768784284035 79.63630950270412 145.5235205078124 0 233 2.8329 0.0 8.181805246746432 0.0 4.0 
2535 3273808.4 87.1768784284035 79.63630950270412 145.5235205078124 0 233 2.8329 0.0 8.181805246746432 0.0 4.0 
2536 3273841.8 87.18117334343395 79.63630950270412 145.5235205078124 0 233 2.8329 0.0 8.181805246746432 0.0 4.0 
2537 3273875.1 87.18117334343395 79.62640811747316 145.5235205078124 0 233 2.8329 0.0 8.181805246746432 0.0 4.0 
2538 3273908.4 87.18117334343395 79.62640811747316 145.5235205078124 0 233 2.8329 0.0 8.181805246746432 0.0 4.0 
2539 3273941.8 87.18646449260591 79.62640811747316 145.5235205078124 0 233 2.8329 0.0 8.181805246746432 0.0 4.0 
2540 3273975.1 87.18646449260591 79.61114430837131 145.5235205078124 0 233 2.8329 0.0 8.181805246746432 0.0 4.0 
2541 3274008.4 87.18646449260591 79.61114430837131 145.5235205078124 0 233 2.8329 0.0 8.181805246746432 0.0 4.0 
2542 3274041.8 87.18646449260591 79.61114430837131 145.5235205078124 0 233 2.8329 0.0 8.181805246746432 0.0 4.0 
2543 3274075.1 87.19394014264195 79.60837740397025 145.5235205078124 0 233 2.8329 0.0 8.181805246746432 0.0 4.0 
2544 3274108.5 87.19394014264195 79.60837740397025 145.5235205078124 0 233 2.8329 0.0 8.181805246746432 0.0 4.0 
2545 3274141.8 87.19394014264195 79.60837740397025 145.5235205078124 0 233 2.8329 0.0 8.181805246746432 0.0 4.0 
2546 3274175.1 87.19394014264195 79.60837740397025 145.5235205078124 0 233 2.8329 0.0 8.181805246746432 0.0 4.0 
2547 3274208.5 87.20586315697818 79.60837740397025 145.5235205078124 0 233 2.8329 0.0 8.181805246746432 0.0 4.0 
2548 3274241.8 87.20586315697818 79.60132233314948 145.5235205078124 0 233 2.8329 0.0 8.181805246746432 0.0 4.0 
2549 3274275.1 87.20586315697818 79.60132233314948 145.5235205078124 0 233 2.8329 0.0 8.181805246746432 0.0 4.0 
2550 3274308.5 87.20586315697818 79.60132233314948 145.5235205078124 0 233 2.8329 0.0 8.181805246746432 0.0 4.0 
2551 3274341.8 87.21143722834796 79.60132233314948 145.5235205078124 0 233 2.8329 0.0 8.181805246746432 0.0 4.0 
2552 3274375.1 87.21143722834796 79.59324287746647 145.5235205078124 0 233 2.8329 0.0 8.181805246746432 0.0 4.0 
2553 3274408.5 87.21143722834796 79.59324287746647 145.5235205078124 0 233 2.8329 0.0 8.181805246746432 0.0 4.0 
2554 3274441.8 87.21857244976788 79.59029172730281 145.5235205078124 0 233 2.8329 0.0 8.181805246746432 0.0 4.0 
2555 3274475.1 87.21857244976788 79.59029172730281 145.5235205078124 0 233 2.8329 0.0 8.181805246746432 0.0 4.0 
2556 3274508.5 87.21857244976788 79.59029172730281 145.5235205078124 0 233 2.8329 0.0 8.181805246746432 0.0 4.0 
2557 3274541.8 87.22073456990188 79.59029172730281 145.5235205078124 0 233 2.8329 0.0 8.181805246746432 0.0 4.0 
2558 3274575.2 87.22073456990188 79.59029172730281 145.5235205078124 0 233 2.8329 0.0 8.181805246746432 0.0 4.0 
2559 3274608.5 87.22215138870598 79.59029172730281 145.5235205078124 0 233 2.8329 0.0 8.181805246746432 0.0 4.0 
2560 3274641.8 87.22215138870598 79.59029172730281 145.5235205078124 0 233 2.8329 0.0 8.181805246746432 0.0 4.0 
2561 3274675.2 87.22215138870598 79.59029172730281 145.5235205078124 0 233 2.8329 0.0 8.181805246746432 0.0 4.0 
2562 3274708.5 87.22215138870598 79.59029172730281 145.5235205078124 0 233 2.8329 0.0 8.181805246746432 0.0 4.0 
2563 3274741.8 87.2260444657909 79.59029172730281 145.5235205078124 0 233 2.8329 0.0 8.181805246746432 0.0 4.0 
2564 3274775.2 87.2260444657909 79.5856509826608 145.5235205078124 0 233 2.8329 0.0 8.181805246746432 0.0 4.0 
2565 3274808.5 87.2260444657909 79.5856509826608 145.5235205078124 0 233 2.8329 0.0 8.181805246746432 0.0 4.0 
2566 3274841.8 87.23002229449112 79.5856509826608 145.5235205078124 0 233 2.8329 0.0 8.181805246746432 0.0 4.0 
2567 3274875.2 87.23002229449112 79.58225146660595 145.5235205078124 0 233 2.8329 0.0 8.181805246746432 0.0 4.0 
2568 3274908.5 87.23002229449112 79.58225146660595 145.5235205078124 0 233 2.8329 0.0 8.181805246746432 0.0 4.0 
2569 3274941.9 87.23002229449112 79.58225146660595 145.5235205078124 0 233 2.8329 0.0 8.181805246746432 0.0 4.0 
2570 3274975.2 87.24825122796668 79.58225146660595 145.5235205078124 0 233 2.8329 0.0 8.181805246746432 0.0 4.0 
2571 3275008.5 87.24825122796668 79.58001614620076 145.5235205078124 0 233 2.8329 0.0 8.181805246746432 0.0 4.0 
2572 3275041.9 87.24825122796668 79.58001614620076 145.5235205078124 0 233 2.8329 0.0 8.181805246746432 0.0 4.0 
2573 3275075.2 87.24825122796668 79.58001614620076 145.5235205078124 0 233 2.8329 0.0 8.181805246746432 0.0 4.0 
2574 3275108.5 87.26821050170452 79.58001614620076 145.5235205078124 0 233 2.8329 0.0 8.181805246746432 0.0 4.0 
2575 3275141.9 87.26821050170452 79.57794362001677 145.5235205078124 0 233 2.8329 0.0 8.181805246746432 0.0 4.0 
2576 3275175.2 87.26821050170452 79.57794362001677 145.5235205078124 0 233 2.8329 0.0 8.181805246746432 0.0 4.0 
2577 3275208.5 87.27664493233922 79.57541518470383 145.5235205078124 0 233 2.8329 0.0 8.181805246746432 0.0 4.0 
2578 3275241.9 87.27664493233922 79.57541518470383 145.5235205078124 0 233 2.8329 0.0 8.181805246746432 0.0 4.0 
2579 3275275.2 87.27664493233922 79.57541518470383 145.5235205078124 0 233 2.8329 0.0 8.181805246746432 0.0 4.0 
2580 3275308.5 87.27664493233922 79.57541518470383 145.5235205078124 0 233 2.8329 0.0 8.181805246746432 0.0 4.0 
2581 3275341.9 87.2808561055228 79.57541518470383 145.5235205078124 0 233 2.8329 0.0 8.181805246746432 0.0 4.0 
2582 3275375.2 87.2808561055228 79.57324154231095 145.5235205078124 0 233 2.8329 0.0 8.181805246746432 0.0 4.0 
2583 3275408.6 87.2808561055228 79.57324154231095 145.5235205078124 0 233 2.8329 0.0 8.181805246746432 0.0 4.0 
2584 3275441.9 87.2808561055228 79.57324154231095 145.5235205078124 0 233 2.8329 0.0 8.181805246746432 0.0 4.0 
2585 3275475.2 87.28769477356877 79.57324154231095 145.5235205078124 0 233 2.8329 0.0 8.181805246746432 0.0 4.0 
2586 3275508.6 87.28769477356877 79.5710799234526 145.5235205078124 0 233 2.8329 0.0 8.181805246746432 0.0 4.0 
2587 3275541.9 87.28769477356877 79.5710799234526 145.5235205078124 0 233 2.8329 0.0 8.181805246746432 0.0 4.0 
2588 3275575.2 87.28769477356877 79.5710799234526 145.5235205078124 0 233 2.8329 0.0 8.181805246746432 0.0 4.0 
2589 3275608.6 87.29480662640138 79.56959831779278 145.5235205078124 0 233 2.8329 0.0 8.181805246746432 0.0 4.0 
2590 3275641.9 87.29480662640138 79.56959831779278 145.5235205078124 0 233 2.8329 0.0 8.181805246746432 0.0 4.0 
2591 3275675.2 87.29480662640138 79.56959831779278 145.5235205078124 0 233 2.8329 0.0 8.181805246746432 0.0 4.0 
2592 3275708.6 87.29480662640138 79.56959831779278 145.5235205078124 0 233 2.8329 0.0 8.181805246746432 0.0 4.0 
2593 3275741.9 87.30340266438932 79.56959831779278 145.5235205078124 0 233 2.8329 0.0 8.181805246746432 0.0 4.0 
2594 3275775.3 87.30340266438932 79.57337663620382 145.5235205078124 0 233 2.8329 0.0 8.181805246746432 0.0 4.0 
2595 3275808.6 87.30340266438932 79.57337663620382 145.5235205078124 0 233 2.8329 0.0 8.181805246746432 0.0 4.0 
2596 3275841.9 87.30340266438932 79.57337663620382 145.5235205078124 0 233 2.8329 0.0 8.181805246746432 0.0 4.0 
2597 3275875.3 87.3170409429545 79.57337663620382 145.5235205078124 0 233 2.8329 0.0 8.181805246746432 0.0 4.0 
2598 3275908.6 87.3170409429545 79.58293207827249 145.5235205078124 0 233 2.8329 0.0 8.181805246746432 0.0 4.0 
2599 3275941.9 87.3170409429545 79.58293207827249 145.5235205078124 0 233 2.8329 0.0 8.181805246746432 0.0 4.0 
2600 3275975.3 87.3170409429545 79.58293207827249 145.5235205078124 0 233 2.8329 0.0 8.181805246746432 0.0 4.0 
2601 3276008.6 87.32466744985 79.58764215133661 145.5235205078124 0 233 2.8329 0.0 8.181805246746432 0.0 4.0 
2602 3276041.9 87.32466744985 79.58764215133661 145.5235205078124 0 233 2.8329 0.0 8.181805246746432 0.0 4.0 
2603 3276075.3 87.32466744985 79.58764215133661 145.5235205078124 0 233 2.8329 0.0 8.181805246746432 0.0 4.0 
2604 3276108.6 87.32466744985 79.58764215133661 145.5235205078124 0 233 2.8329 0.0 8.181805246746432 0.0 4.0 
2605 3276141.9 87.32900591179155 79.58764215133661 145.5235205078124 0 233 2.8329 0.0 8.181805246746432 0.0 4.0 
2606 3276175.3 87.32900591179155 79.58764215133661 145.5235205078124 0 233 2.8329 0.0 8.181805246746432 0.0 4.0 
2607 3276208.6 87.32900591179155 79.58764215133661 145.5235205078124 0 233 2.8329 0.0 8.181805246746432 0.0 4.0 
2608 3276242.0 87.33274437485207 79.58764215133661 145.5235205078124 0 233 2.8329 0.0 8.181805246746432 0.0 4.0 
2609 3276275.3 87.33274437485207 79.58577165248005 145.5235205078124 0 233 2.8329 0.0 8.181805246746432 0.0 4.0 
2610 3276308.6 87.33274437485207 79.58577165248005 145.5235205078124 0 233 2.8329 0.0 8.181805246746432 0.0 4.0 
2611 3276342.0 87.33616562062753 79.58577165248005 145.5235205078124 0 233 2.8329 0.0 8.181805246746432 0.0 4.0 
2612 3276375.3 87.33616562062753 79.58334554163615 145.5235205078124 0 233 2.8329 0.0 8.181805246746432 0.0 4.0 
2613 3276408.6 87.33616562062753 79.58334554163615 145.5235205078124 0 233 2.8329 0.0 8.181805246746432 0.0 4.0 
2614 3276442.0 87.34048951002043 79.58334554163615 145.5235205078124 0 233 2.8329 0.0 8.181805246746432 0.0 4.0 
2615 3276475.3 87.34048951002043 79.58334554163615 145.5235205078124 0 233 2.8329 0.0 8.181805246746432 0.0 4.0 
2616 3276508.6 87.34976566083161 79.58334554163615 145.5235205078124 0 233 2.8329 0.0 8.181805246746432 0.0 4.0 
2617 3276542.0 87.34976566083161 79.58847498300689 145.5235205078124 0 233 2.8329 0.0 8.181805246746432 0.0 4.0 
2618 3276575.3 87.34976566083161 79.58847498300689 145.5235205078124 0 233 2.8329 0.0 8.181805246746432 0.0 4.0 
2619 3276608.7 87.34976566083161 79.58847498300689 145.5235205078124 0 233 2.8329 0.0 8.181805246746432 0.0 4.0 
2620 3276642.0 87.35854502496507 79.58847498300689 145.5235205078124 0 233 2.8329 0.0 8.181805246746432 0.0 4.0 
2621 3276675.3 87.35854502496507 79.59537004073549 145.5235205078124 0 233 2.8329 0.0 8.181805246746432 0.0 4.0 
2622 3276708.7 87.35854502496507 79.59537004073549 145.5235205078124 0 233 2.8329 0.0 8.181805246746432 0.0 4.0 
2623 3276742.0 87.35854502496507 79.59537004073549 145.5235205078124 0 233 2.8329 0.0 8.181805246746432 0.0 4.0 
2624 3276775.3 87.36916361919364 79.60212934262799 145.5235205078124 0 233 2.8329 0.0 8.181805246746432 0.0 4.0 
2625 3276808.7 87.36916361919364 79.60212934262799 145.5235205078124 0 233 2.8329 0.0 8.181805246746432 0.0 4.0 
2626 3276842.0 87.36916361919364 79.60212934262799 145.5235205078124 0 233 2.8329 0.0 8.181805246746432 0.0 4.0 
2627 3276875.3 87.36916361919364 79.60212934262799 145.5235205078124 0 233 2.8329 0.0 8.181805246746432 0.0 4.0 
2628 3276908.7 87.38271997623994 79.60212934262799 145.5235205078124 0 233 2.8329 0.0 8.181805246746432 0.0 4.0 
2629 3276942.0 87.38271997623994 79.60787567354807 145.5235205078124 0 233 2.8329 0.0 8.181805246746432 0.0 4.0 
2630 3276975.3 87.38271997623994 79.60787567354807 145.5235205078124 0 233 2.8329 0.0 8.181805246746432 0.0 4.0 
2631 3277008.7 87.38958745582052 79.60787567354807 145.5235205078124 0 233 2.8329 0.0 8.181805246746432 0.0 4.0 
2632 3277042.0 87.38958745582052 79.61276167504742 145.5235205078124 0 233 2.8329 0.0 8.181805246746432 0.0 4.0 
2633 3277075.4 87.38958745582052 79.61276167504742 145.5235205078124 0 233 2.8329 0.0 8.181805246746432 0.0 4.0 
2634 3277108.7 87.38958745582052 79.61276167504742 145.5235205078124 0 233 2.8329 0.0 8.181805246746432 0.0 4.0 
2635 3277142.0 87.40031284589189 79.61718272246195 145.5235205078124 0 233 2.8329 0.0 8.181805246746432 0.0 4.0 
2636 3277175.4 87.40031284589189 79.61718272246195 145.5235205078124 0 233 2.8329 0.0 8.181805246746432 0.0 4.0 
2637 3277208.7 87.40031284589189 79.61718272246195 145.5235205078124 0 233 2.8329 0.0 8.181805246746432 0.0 4.0 
2638 3277242.0 87.40031284589189 79.61718272246195 145.5235205078124 0 233 2.8329 0.0 8.181805246746432 0.0 4.0 
2639 3277275.4 87.41382948187501 79.62819754159774 145.5235205078124 0 233 2.8329 0.0 8.181805246746432 0.0 4.0 
2640 3277308.7 87.41382948187501 79.62819754159774 145.5235205078124 0 233 2.8329 0.0 8.181805246746432 0.0 4.0 
2641 3277342.0 87.41382948187501 79.62819754159774 145.5235205078124 0 233 2.8329 0.0 8.181805246746432 0.0 4.0 
2642 3277375.4 87.41382948187501 79.62819754159774 145.5235205078124 0 233 2.8329 0.0 8.181805246746432 0.0 4.0 
2643 3277408.7 87.42403547222072 79.62819754159774 145.5235205078124 0 233 2.8329 0.0 8.181805246746432 0.0 4.0 
2644 3277442.1 87.42403547222072 79.64114792070217 145.5235205078124 0 233 2.8329 0.0 8.181805246746432 0.0 4.0 
2645 3277475.4 87.42403547222072 79.64114792070217 145.5235205078124 0 233 2.8329 0.0 8.181805246746432 0.0 4.0 
2646 3277508.7 87.43194549198101 79.64114792070217 145.5235205078124 0 233 2.8329 0.0 8.181805246746432 0.0 4.0 
2647 3277542.1 87.43194549198101 79.65154802333674 145.5235205078124 0 233 2.8329 0.0 8.181805246746432 0.0 4.0 
2648 3277575.4 87.43194549198101 79.65154802333674 145.5235205078124 0 233 2.8329 0.0 8.181805246746432 0.0 4.0 
2649 3277608.7 87.4377562548153 79.65912800461561 145.5235205078124 0 233 2.8329 0.0 8.181805246746432 0.0 4.0 
2650 3277642.1 87.4377562548153 79.65912800461561 145.5235205078124 0 233 2.8329 0.0 8.181805246746432 0.0 4.0 
