# Recording
duration 75.006
nframes 2250
# Camera
framerate 29.997600191984642
imageToStage -0.993727445602417,-0.06086360290646553,0.06086360290646553,-0.993727445602417
rotation -3.080421285766743
imagenormaldir +Z
pixelsize 0.9955896
# Dual color
dualcolormode False
mainside Right
viewmode Splitted
recordingmode Original
translation_x 0.0
translation_y 0.0
rotation 0.0
# Tracking
roi_x 400
roi_y 400
capture_radius 400
min_step 1
threshold 30
binning 4
dark_bg True
mode CMS
area 400
# Frame Time X Y Z minBrightness maxBrightness meanBrightness medianBrightness skewness percentile_5 percentile_95
0 8482887.8 95.26460729214992 81.36840189721406 144.2009345703124 0 233 2.8329 0.0 8.181805246746432 0.0 4.0 
1 8482921.1 95.26460729214992 81.36840189721406 144.2009345703124 0 233 2.8329 0.0 8.181805246746432 0.0 4.0 
2 8482954.4 95.26713348119034 81.38588082418916 144.2009345703124 0 233 2.8329 0.0 8.181805246746432 0.0 4.0 
3 8482987.8 95.26713348119034 81.38588082418916 144.2009345703124 0 233 2.8329 0.0 8.181805246746432 0.0 4.0 
4 8483021.1 95.26713348119034 81.38588082418916 144.2009345703124 0 233 2.8329 0.0 8.181805246746432 0.0 4.0 
5 8483054.5 95.26713348119034 81.38588082418916 144.2009345703124 0 233 2.8329 0.0 8.181805246746432 0.0 4.0 
6 8483087.8 95.26844981956164 81.38588082418916 144.2009345703124 0 233 2.8329 0.0 8.181805246746432 0.0 4.0 
7 8483121.1 95.26844981956164 81.39667184868264 144.2009345703124 0 233 2.8329 0.0 8.181805246746432 0.0 4.0 
8 8483154.5 95.26844981956164 81.39667184868264 144.2009345703124 0 233 2.8329 0.0 8.181805246746432 0.0 4.0 
9 8483187.8 95.2668429508023 81.41323692519187 144.2009345703124 0 233 2.8329 0.0 8.181805246746432 0.0 4.0 
10 8483221.1 95.2668429508023 81.41323692519187 144.2009345703124 0 233 2.8329 0.0 8.181805246746432 0.0 4.0 
11 8483254.5 95.2668429508023 81.41323692519187 144.2009345703124 0 233 2.8329 0.0 8.181805246746432 0.0 4.0 
12 8483287.8 95.26443945420117 81.41323692519187 144.2009345703124 0 233 2.8329 0.0 8.181805246746432 0.0 4.0 
13 8483321.1 95.26443945420117 81.42090247793828 144.2009345703124 0 233 2.8329 0.0 8.181805246746432 0.0 4.0 
14 8483354.5 95.26443945420117 81.42090247793828 144.2009345703124 0 233 2.8329 0.0 8.181805246746432 0.0 4.0 
15 8483387.8 95.25797907561278 81.42090247793828 144.2009345703124 0 233 2.8329 0.0 8.181805246746432 0.0 4.0 
16 8483421.1 95.25797907561278 81.43459992679362 144.2009345703124 0 233 2.8329 0.0 8.181805246746432 0.0 4.0 
17 8483454.5 95.25797907561278 81.43459992679362 144.2009345703124 0 233 2.8329 0.0 8.181805246746432 0.0 4.0 
18 8483487.8 95.25366846998506 81.43459992679362 144.2009345703124 0 233 2.8329 0.0 8.181805246746432 0.0 4.0 
19 8483521.2 95.25366846998506 81.44239089227324 144.2009345703124 0 233 2.8329 0.0 8.181805246746432 0.0 4.0 
20 8483554.5 95.25366846998506 81.44239089227324 144.2009345703124 0 233 2.8329 0.0 8.181805246746432 0.0 4.0 
21 8483587.8 95.25366846998506 81.44239089227324 144.2009345703124 0 233 2.8329 0.0 8.181805246746432 0.0 4.0 
22 8483621.2 95.24888231861901 81.44239089227324 144.2009345703124 0 233 2.8329 0.0 8.181805246746432 0.0 4.0 
23 8483654.5 95.24888231861901 81.45539295353693 144.2009345703124 0 233 2.8329 0.0 8.181805246746432 0.0 4.0 
24 8483687.8 95.24888231861901 81.45539295353693 144.2009345703124 0 233 2.8329 0.0 8.181805246746432 0.0 4.0 
25 8483721.2 95.24527808955138 81.45539295353693 144.2009345703124 0 233 2.8329 0.0 8.181805246746432 0.0 4.0 
26 8483754.5 95.24527808955138 81.4638753123634 144.2009345703124 0 233 2.8329 0.0 8.181805246746432 0.0 4.0 
27 8483787.8 95.24527808955138 81.4638753123634 144.2009345703124 0 233 2.8329 0.0 8.181805246746432 0.0 4.0 
28 8483821.2 95.24527808955138 81.4638753123634 144.2009345703124 0 233 2.8329 0.0 8.181805246746432 0.0 4.0 
29 8483854.5 95.2405708043008 81.4638753123634 144.2009345703124 0 233 2.8329 0.0 8.181805246746432 0.0 4.0 
30 8483887.9 95.2405708043008 81.47387528004151 144.2009345703124 0 233 2.8329 0.0 8.181805246746432 0.0 4.0 
31 8483921.2 95.2405708043008 81.47387528004151 144.2009345703124 0 233 2.8329 0.0 8.181805246746432 0.0 4.0 
32 8483954.5 95.2405708043008 81.47387528004151 144.2009345703124 0 233 2.8329 0.0 8.181805246746432 0.0 4.0 
33 8483987.9 95.22524772011803 81.49214758755602 144.2009345703124 0 233 2.8329 0.0 8.181805246746432 0.0 4.0 
34 8484021.2 95.22524772011803 81.49214758755602 144.2009345703124 0 233 2.8329 0.0 8.181805246746432 0.0 4.0 
35 8484054.5 95.22524772011803 81.49214758755602 144.2009345703124 0 233 2.8329 0.0 8.181805246746432 0.0 4.0 
36 8484087.9 95.22524772011803 81.49214758755602 144.2009345703124 0 233 2.8329 0.0 8.181805246746432 0.0 4.0 
37 8484121.2 95.21202116853877 81.49214758755602 144.2009345703124 0 233 2.8329 0.0 8.181805246746432 0.0 4.0 
38 8484154.5 95.21202116853877 81.50229970400997 144.2009345703124 0 233 2.8329 0.0 8.181805246746432 0.0 4.0 
39 8484187.9 95.21202116853877 81.50229970400997 144.2009345703124 0 233 2.8329 0.0 8.181805246746432 0.0 4.0 
40 8484221.2 95.21202116853877 81.50229970400997 144.2009345703124 0 233 2.8329 0.0 8.181805246746432 0.0 4.0 
41 8484254.5 95.20207632535626 81.50229970400997 144.2009345703124 0 233 2.8329 0.0 8.181805246746432 0.0 4.0 
42 8484287.9 95.20207632535626 81.51933090612398 144.2009345703124 0 233 2.8329 0.0 8.181805246746432 0.0 4.0 
43 8484321.2 95.20207632535626 81.51933090612398 144.2009345703124 0 233 2.8329 0.0 8.181805246746432 0.0 4.0 
44 8484354.6 95.20207632535626 81.51933090612398 144.2009345703124 0 233 2.8329 0.0 8.181805246746432 0.0 4.0 
45 8484387.9 95.19321079966495 81.5322386840899 144.2009345703124 0 233 2.8329 0.0 8.181805246746432 0.0 4.0 
46 8484421.2 95.19321079966495 81.5322386840899 144.2009345703124 0 233 2.8329 0.0 8.181805246746432 0.0 4.0 
47 8484454.6 95.19321079966495 81.5322386840899 144.2009345703124 0 233 2.8329 0.0 8.181805246746432 0.0 4.0 
48 8484487.9 95.187551270505 81.5322386840899 144.2009345703124 0 233 2.8329 0.0 8.181805246746432 0.0 4.0 
49 8484521.2 95.187551270505 81.53885612596062 144.2009345703124 0 233 2.8329 0.0 8.181805246746432 0.0 4.0 
50 8484554.6 95.187551270505 81.53885612596062 144.2009345703124 0 233 2.8329 0.0 8.181805246746432 0.0 4.0 
51 8484587.9 95.187551270505 81.53885612596062 144.2009345703124 0 233 2.8329 0.0 8.181805246746432 0.0 4.0 
52 8484621.2 95.18441279481563 81.53885612596062 144.2009345703124 0 233 2.8329 0.0 8.181805246746432 0.0 4.0 
53 8484654.6 95.18441279481563 81.54801398249317 144.2009345703124 0 233 2.8329 0.0 8.181805246746432 0.0 4.0 
54 8484687.9 95.18441279481563 81.54801398249317 144.2009345703124 0 233 2.8329 0.0 8.181805246746432 0.0 4.0 
55 8484721.3 95.18441279481563 81.54801398249317 144.2009345703124 0 233 2.8329 0.0 8.181805246746432 0.0 4.0 
56 8484754.6 95.18097898477282 81.55885900803581 144.2009345703124 0 233 2.8329 0.0 8.181805246746432 0.0 4.0 
57 8484787.9 95.18097898477282 81.55885900803581 144.2009345703124 0 233 2.8329 0.0 8.181805246746432 0.0 4.0 
58 8484821.3 95.18097898477282 81.55885900803581 144.2009345703124 0 233 2.8329 0.0 8.181805246746432 0.0 4.0 
59 8484854.6 95.18097898477282 81.55885900803581 144.2009345703124 0 233 2.8329 0.0 8.181805246746432 0.0 4.0 
60 8484887.9 95.17801435106692 81.55885900803581 144.2009345703124 0 233 2.8329 0.0 8.181805246746432 0.0 4.0 
61 8484921.3 95.17801435106692 81.56922474749307 144.2009345703124 0 233 2.8329 0.0 8.181805246746432 0.0 4.0 
62 8484954.6 95.17801435106692 81.56922474749307 144.2009345703124 0 233 2.8329 0.0 8.181805246746432 0.0 4.0 
63 8484987.9 95.17801435106692 81.56922474749307 144.2009345703124 0 233 2.8329 0.0 8.181805246746432 0.0 4.0 
64 8485021.3 95.17529856396894 81.56922474749307 144.2009345703124 0 233 2.8329 0.0 8.181805246746432 0.0 4.0 
65 8485054.6 95.17529856396894 81.57995512957021 144.2009345703124 0 233 2.8329 0.0 8.181805246746432 0.0 4.0 
66 8485087.9 95.17529856396894 81.57995512957021 144.2009345703124 0 233 2.8329 0.0 8.181805246746432 0.0 4.0 
67 8485121.3 95.17529856396894 81.57995512957021 144.2009345703124 0 233 2.8329 0.0 8.181805246746432 0.0 4.0 
68 8485154.6 95.17529856396894 81.59180352739398 144.2009345703124 0 233 2.8329 0.0 8.181805246746432 0.0 4.0 
69 8485188.0 95.17529856396894 81.59180352739398 144.2009345703124 0 233 2.8329 0.0 8.181805246746432 0.0 4.0 
70 8485221.3 95.17529856396894 81.59180352739398 144.2009345703124 0 233 2.8329 0.0 8.181805246746432 0.0 4.0 
71 8485254.6 95.17529856396894 81.59595806324471 144.2009345703124 0 233 2.8329 0.0 8.181805246746432 0.0 4.0 
72 8485288.0 95.17529856396894 81.59595806324471 144.2009345703124 0 233 2.8329 0.0 8.181805246746432 0.0 4.0 
73 8485321.3 95.17529856396894 81.59595806324471 144.2009345703124 0 233 2.8329 0.0 8.181805246746432 0.0 4.0 
74 8485354.6 95.17736354764448 81.59595806324471 144.2009345703124 0 233 2.8329 0.0 8.181805246746432 0.0 4.0 
75 8485388.0 95.17736354764448 81.61125291750452 144.2009345703124 0 233 2.8329 0.0 8.181805246746432 0.0 4.0 
76 8485421.3 95.17736354764448 81.61125291750452 144.2009345703124 0 233 2.8329 0.0 8.181805246746432 0.0 4.0 
77 8485454.6 95.17736354764448 81.61125291750452 144.2009345703124 0 233 2.8329 0.0 8.181805246746432 0.0 4.0 
78 8485488.0 95.18488568949414 81.61125291750452 144.2009345703124 0 233 2.8329 0.0 8.181805246746432 0.0 4.0 
79 8485521.3 95.18488568949414 81.63056398174999 144.2009345703124 0 233 2.8329 0.0 8.181805246746432 0.0 4.0 
80 8485554.7 95.18488568949414 81.63056398174999 144.2009345703124 0 233 2.8329 0.0 8.181805246746432 0.0 4.0 
81 8485588.0 95.19456440636714 81.6418515245666 144.2009345703124 0 233 2.8329 0.0 8.181805246746432 0.0 4.0 
82 8485621.3 95.19456440636714 81.6418515245666 144.2009345703124 0 233 2.8329 0.0 8.181805246746432 0.0 4.0 
83 8485654.7 95.19456440636714 81.6418515245666 144.2009345703124 0 233 2.8329 0.0 8.181805246746432 0.0 4.0 
84 8485688.0 95.2026179738642 81.6512445431037 144.2009345703124 0 233 2.8329 0.0 8.181805246746432 0.0 4.0 
85 8485721.3 95.2026179738642 81.6512445431037 144.2009345703124 0 233 2.8329 0.0 8.181805246746432 0.0 4.0 
86 8485754.7 95.2026179738642 81.6512445431037 144.2009345703124 0 233 2.8329 0.0 8.181805246746432 0.0 4.0 
87 8485788.0 95.2026179738642 81.6512445431037 144.2009345703124 0 233 2.8329 0.0 8.181805246746432 0.0 4.0 
88 8485821.3 95.21354351464178 81.6512445431037 144.2009345703124 0 233 2.8329 0.0 8.181805246746432 0.0 4.0 
89 8485854.7 95.21354351464178 81.6698490399721 144.2009345703124 0 233 2.8329 0.0 8.181805246746432 0.0 4.0 
90 8485888.0 95.21354351464178 81.6698490399721 144.2009345703124 0 233 2.8329 0.0 8.181805246746432 0.0 4.0 
91 8485921.3 95.21954059219053 81.67951828337536 144.2009345703124 0 233 2.8329 0.0 8.181805246746432 0.0 4.0 
92 8485954.7 95.21954059219053 81.67951828337536 144.2009345703124 0 233 2.8329 0.0 8.181805246746432 0.0 4.0 
93 8485988.0 95.21954059219053 81.67951828337536 144.2009345703124 0 233 2.8329 0.0 8.181805246746432 0.0 4.0 
94 8486021.4 95.21954059219053 81.67951828337536 144.2009345703124 0 233 2.8329 0.0 8.181805246746432 0.0 4.0 
95 8486054.7 95.2254840775254 81.67951828337536 144.2009345703124 0 233 2.8329 0.0 8.181805246746432 0.0 4.0 
96 8486088.0 95.2254840775254 81.68890544179163 144.2009345703124 0 233 2.8329 0.0 8.181805246746432 0.0 4.0 
97 8486121.4 95.2254840775254 81.68890544179163 144.2009345703124 0 233 2.8329 0.0 8.181805246746432 0.0 4.0 
98 8486154.7 95.22906752937591 81.68890544179163 144.2009345703124 0 233 2.8329 0.0 8.181805246746432 0.0 4.0 
99 8486188.0 95.22906752937591 81.69508152025503 144.2009345703124 0 233 2.8329 0.0 8.181805246746432 0.0 4.0 
100 8486221.4 95.22906752937591 81.69508152025503 144.2009345703124 0 233 2.8329 0.0 8.181805246746432 0.0 4.0 
101 8486254.7 95.23234866475448 81.69508152025503 144.2009345703124 0 233 2.8329 0.0 8.181805246746432 0.0 4.0 
102 8486288.0 95.23234866475448 81.70081607891179 144.2009345703124 0 233 2.8329 0.0 8.181805246746432 0.0 4.0 
103 8486321.4 95.23234866475448 81.70081607891179 144.2009345703124 0 233 2.8329 0.0 8.181805246746432 0.0 4.0 
104 8486354.7 95.2363567151648 81.70742507927694 144.2009345703124 0 233 2.8329 0.0 8.181805246746432 0.0 4.0 
105 8486388.1 95.2363567151648 81.70742507927694 144.2009345703124 0 233 2.8329 0.0 8.181805246746432 0.0 4.0 
106 8486421.4 95.2363567151648 81.70742507927694 144.2009345703124 0 233 2.8329 0.0 8.181805246746432 0.0 4.0 
107 8486454.7 95.2363567151648 81.70742507927694 144.2009345703124 0 233 2.8329 0.0 8.181805246746432 0.0 4.0 
108 8486488.1 95.23847576786389 81.70742507927694 144.2009345703124 0 233 2.8329 0.0 8.181805246746432 0.0 4.0 
109 8486521.4 95.23847576786389 81.71052968718831 144.2009345703124 0 233 2.8329 0.0 8.181805246746432 0.0 4.0 
110 8486554.7 95.23847576786389 81.71052968718831 144.2009345703124 0 233 2.8329 0.0 8.181805246746432 0.0 4.0 
111 8486588.1 95.23847576786389 81.7127987281356 144.2009345703124 0 233 2.8329 0.0 8.181805246746432 0.0 4.0 
112 8486621.4 95.23847576786389 81.7127987281356 144.2009345703124 0 233 2.8329 0.0 8.181805246746432 0.0 4.0 
113 8486654.7 95.23847576786389 81.7127987281356 144.2009345703124 0 233 2.8329 0.0 8.181805246746432 0.0 4.0 
114 8486688.1 95.23847576786389 81.7127987281356 144.2009345703124 0 233 2.8329 0.0 8.181805246746432 0.0 4.0 
115 8486721.4 95.23847576786389 81.7127987281356 144.2009345703124 0 233 2.8329 0.0 8.181805246746432 0.0 4.0 
116 8486754.7 95.23847576786389 81.7127987281356 144.2009345703124 0 233 2.8329 0.0 8.181805246746432 0.0 4.0 
117 8486788.1 95.23847576786389 81.7127987281356 144.2009345703124 0 233 2.8329 0.0 8.181805246746432 0.0 4.0 
118 8486821.4 95.23847576786389 81.7127987281356 144.2009345703124 0 233 2.8329 0.0 8.181805246746432 0.0 4.0 
119 8486854.8 95.23847576786389 81.71682917425461 144.2009345703124 0 233 2.8329 0.0 8.181805246746432 0.0 4.0 
120 8486888.1 95.23847576786389 81.71682917425461 144.2009345703124 0 233 2.8329 0.0 8.181805246746432 0.0 4.0 
121 8486921.4 95.23847576786389 81.71682917425461 144.2009345703124 0 233 2.8329 0.0 8.181805246746432 0.0 4.0 
122 8486954.8 95.23847576786389 81.71953862725043 144.2009345703124 0 233 2.8329 0.0 8.181805246746432 0.0 4.0 
123 8486988.1 95.23847576786389 81.71953862725043 144.2009345703124 0 233 2.8329 0.0 8.181805246746432 0.0 4.0 
124 8487021.4 95.23847576786389 81.71953862725043 144.2009345703124 0 233 2.8329 0.0 8.181805246746432 0.0 4.0 
125 8487054.8 95.23847576786389 81.72379540252072 144.2009345703124 0 233 2.8329 0.0 8.181805246746432 0.0 4.0 
126 8487088.1 95.23847576786389 81.72379540252072 144.2009345703124 0 233 2.8329 0.0 8.181805246746432 0.0 4.0 
127 8487121.4 95.23498011364919 81.7326928045513 144.2009345703124 0 233 2.8329 0.0 8.181805246746432 0.0 4.0 
128 8487154.8 95.23498011364919 81.7326928045513 144.2009345703124 0 233 2.8329 0.0 8.181805246746432 0.0 4.0 
129 8487188.1 95.23498011364919 81.7326928045513 144.2009345703124 0 233 2.8329 0.0 8.181805246746432 0.0 4.0 
130 8487221.5 95.23498011364919 81.7326928045513 144.2009345703124 0 233 2.8329 0.0 8.181805246746432 0.0 4.0 
131 8487254.8 95.23245538793482 81.7326928045513 144.2009345703124 0 233 2.8329 0.0 8.181805246746432 0.0 4.0 
132 8487288.1 95.23245538793482 81.7326928045513 144.2009345703124 0 233 2.8329 0.0 8.181805246746432 0.0 4.0 
133 8487321.5 95.23245538793482 81.7326928045513 144.2009345703124 0 233 2.8329 0.0 8.181805246746432 0.0 4.0 
134 8487354.8 95.2307609303599 81.7326928045513 144.2009345703124 0 233 2.8329 0.0 8.181805246746432 0.0 4.0 
135 8487388.1 95.2307609303599 81.71903757185711 144.2009345703124 0 233 2.8329 0.0 8.181805246746432 0.0 4.0 
136 8487421.5 95.2307609303599 81.71903757185711 144.2009345703124 0 233 2.8329 0.0 8.181805246746432 0.0 4.0 
137 8487454.8 95.21573089882372 81.71903757185711 144.2009345703124 0 233 2.8329 0.0 8.181805246746432 0.0 4.0 
138 8487488.1 95.21573089882372 81.68483730293568 144.2009345703124 0 233 2.8329 0.0 8.181805246746432 0.0 4.0 
139 8487521.5 95.21573089882372 81.68483730293568 144.2009345703124 0 233 2.8329 0.0 8.181805246746432 0.0 4.0 
140 8487554.8 95.21573089882372 81.68483730293568 144.2009345703124 0 233 2.8329 0.0 8.181805246746432 0.0 4.0 
141 8487588.1 95.21573089882372 81.68483730293568 144.2009345703124 0 233 2.8329 0.0 8.181805246746432 0.0 4.0 
142 8487621.5 95.18938984106384 81.68483730293568 144.2009345703124 0 233 2.8329 0.0 8.181805246746432 0.0 4.0 
143 8487654.8 95.18938984106384 81.64502733151585 144.2009345703124 0 233 2.8329 0.0 8.181805246746432 0.0 4.0 
144 8487688.2 95.18938984106384 81.64502733151585 144.2009345703124 0 233 2.8329 0.0 8.181805246746432 0.0 4.0 
145 8487721.5 95.18938984106384 81.64502733151585 144.2009345703124 0 233 2.8329 0.0 8.181805246746432 0.0 4.0 
146 8487754.8 95.16897494948807 81.64502733151585 144.2009345703124 0 233 2.8329 0.0 8.181805246746432 0.0 4.0 
147 8487788.2 95.16897494948807 81.60554155086196 144.2009345703124 0 233 2.8329 0.0 8.181805246746432 0.0 4.0 
148 8487821.5 95.16897494948807 81.60554155086196 144.2009345703124 0 233 2.8329 0.0 8.181805246746432 0.0 4.0 
149 8487854.8 95.16897494948807 81.60554155086196 144.2009345703124 0 233 2.8329 0.0 8.181805246746432 0.0 4.0 
150 8487888.2 95.1629900777055 81.58124995837467 144.2009345703124 0 233 2.8329 0.0 8.181805246746432 0.0 4.0 
151 8487921.5 95.1629900777055 81.58124995837467 144.2009345703124 0 233 2.8329 0.0 8.181805246746432 0.0 4.0 
152 8487954.8 95.1629900777055 81.58124995837467 144.2009345703124 0 233 2.8329 0.0 8.181805246746432 0.0 4.0 
153 8487988.2 95.1629900777055 81.58124995837467 144.2009345703124 0 233 2.8329 0.0 8.181805246746432 0.0 4.0 
154 8488021.5 95.16723080286631 81.58124995837467 144.2009345703124 0 233 2.8329 0.0 8.181805246746432 0.0 4.0 
155 8488054.9 95.16723080286631 81.56091814530403 144.2009345703124 0 233 2.8329 0.0 8.181805246746432 0.0 4.0 
156 8488088.2 95.16723080286631 81.56091814530403 144.2009345703124 0 233 2.8329 0.0 8.181805246746432 0.0 4.0 
157 8488121.5 95.16723080286631 81.56091814530403 144.2009345703124 0 233 2.8329 0.0 8.181805246746432 0.0 4.0 
158 8488154.9 95.18296666872818 81.56091814530403 144.2009345703124 0 233 2.8329 0.0 8.181805246746432 0.0 4.0 
159 8488188.2 95.18296666872818 81.53810396782193 144.2009345703124 0 233 2.8329 0.0 8.181805246746432 0.0 4.0 
160 8488221.5 95.18296666872818 81.53810396782193 144.2009345703124 0 233 2.8329 0.0 8.181805246746432 0.0 4.0 
161 8488254.9 95.20106016590533 81.53810396782193 144.2009345703124 0 233 2.8329 0.0 8.181805246746432 0.0 4.0 
162 8488288.2 95.20106016590533 81.52071279548808 144.2009345703124 0 233 2.8329 0.0 8.181805246746432 0.0 4.0 
163 8488321.5 95.20106016590533 81.52071279548808 144.2009345703124 0 233 2.8329 0.0 8.181805246746432 0.0 4.0 
164 8488354.9 95.21452737815378 81.50812734955585 144.2009345703124 0 233 2.8329 0.0 8.181805246746432 0.0 4.0 
165 8488388.2 95.21452737815378 81.50812734955585 144.2009345703124 0 233 2.8329 0.0 8.181805246746432 0.0 4.0 
166 8488421.5 95.21452737815378 81.50812734955585 144.2009345703124 0 233 2.8329 0.0 8.181805246746432 0.0 4.0 
167 8488454.9 95.22367822422525 81.50812734955585 144.2009345703124 0 233 2.8329 0.0 8.181805246746432 0.0 4.0 
168 8488488.2 95.22367822422525 81.50023637638628 144.2009345703124 0 233 2.8329 0.0 8.181805246746432 0.0 4.0 
169 8488521.6 95.22367822422525 81.50023637638628 144.2009345703124 0 233 2.8329 0.0 8.181805246746432 0.0 4.0 
170 8488554.9 95.22367822422525 81.50023637638628 144.2009345703124 0 233 2.8329 0.0 8.181805246746432 0.0 4.0 
171 8488588.2 95.22717894282698 81.50023637638628 144.2009345703124 0 233 2.8329 0.0 8.181805246746432 0.0 4.0 
172 8488621.6 95.22717894282698 81.49692230353577 144.2009345703124 0 233 2.8329 0.0 8.181805246746432 0.0 4.0 
173 8488654.9 95.22717894282698 81.49692230353577 144.2009345703124 0 233 2.8329 0.0 8.181805246746432 0.0 4.0 
174 8488688.2 95.23013115425856 81.4956527029917 144.2009345703124 0 233 2.8329 0.0 8.181805246746432 0.0 4.0 
175 8488721.6 95.23013115425856 81.4956527029917 144.2009345703124 0 233 2.8329 0.0 8.181805246746432 0.0 4.0 
176 8488754.9 95.23013115425856 81.4956527029917 144.2009345703124 0 233 2.8329 0.0 8.181805246746432 0.0 4.0 
177 8488788.2 95.22804475938504 81.4969508374942 144.2009345703124 0 233 2.8329 0.0 8.181805246746432 0.0 4.0 
178 8488821.6 95.22804475938504 81.4969508374942 144.2009345703124 0 233 2.8329 0.0 8.181805246746432 0.0 4.0 
179 8488854.9 95.22804475938504 81.4969508374942 144.2009345703124 0 233 2.8329 0.0 8.181805246746432 0.0 4.0 
180 8488888.3 95.22332282147912 81.4969508374942 144.2009345703124 0 233 2.8329 0.0 8.181805246746432 0.0 4.0 
181 8488921.6 95.22332282147912 81.50110917801726 144.2009345703124 0 233 2.8329 0.0 8.181805246746432 0.0 4.0 
182 8488954.9 95.22332282147912 81.50110917801726 144.2009345703124 0 233 2.8329 0.0 8.181805246746432 0.0 4.0 
183 8488988.3 95.22332282147912 81.50110917801726 144.2009345703124 0 233 2.8329 0.0 8.181805246746432 0.0 4.0 
184 8489021.6 95.21354938965281 81.50110917801726 144.2009345703124 0 233 2.8329 0.0 8.181805246746432 0.0 4.0 
185 8489054.9 95.21354938965281 81.51475922683319 144.2009345703124 0 233 2.8329 0.0 8.181805246746432 0.0 4.0 
186 8489088.3 95.21354938965281 81.51475922683319 144.2009345703124 0 233 2.8329 0.0 8.181805246746432 0.0 4.0 
187 8489121.6 95.21354938965281 81.51475922683319 144.2009345703124 0 233 2.8329 0.0 8.181805246746432 0.0 4.0 
188 8489154.9 95.20674451242024 81.52332945114095 144.2009345703124 0 233 2.8329 0.0 8.181805246746432 0.0 4.0 
189 8489188.3 95.20674451242024 81.52332945114095 144.2009345703124 0 233 2.8329 0.0 8.181805246746432 0.0 4.0 
190 8489221.6 95.20674451242024 81.52332945114095 144.2009345703124 0 233 2.8329 0.0 8.181805246746432 0.0 4.0 
191 8489254.9 95.20198724878279 81.52332945114095 144.2009345703124 0 233 2.8329 0.0 8.181805246746432 0.0 4.0 
192 8489288.3 95.20198724878279 81.52820282501563 144.2009345703124 0 233 2.8329 0.0 8.181805246746432 0.0 4.0 
193 8489321.6 95.20198724878279 81.52820282501563 144.2009345703124 0 233 2.8329 0.0 8.181805246746432 0.0 4.0 
194 8489355.0 95.19379747906054 81.52820282501563 144.2009345703124 0 233 2.8329 0.0 8.181805246746432 0.0 4.0 
195 8489388.3 95.19379747906054 81.53435178693701 144.2009345703124 0 233 2.8329 0.0 8.181805246746432 0.0 4.0 
196 8489421.6 95.19379747906054 81.53435178693701 144.2009345703124 0 233 2.8329 0.0 8.181805246746432 0.0 4.0 
197 8489455.0 95.19217229197994 81.53435178693701 144.2009345703124 0 233 2.8329 0.0 8.181805246746432 0.0 4.0 
198 8489488.3 95.19217229197994 81.53435178693701 144.2009345703124 0 233 2.8329 0.0 8.181805246746432 0.0 4.0 
199 8489521.6 95.19217229197994 81.53435178693701 144.2009345703124 0 233 2.8329 0.0 8.181805246746432 0.0 4.0 
200 8489555.0 95.18834757182742 81.53435178693701 144.2009345703124 0 233 2.8329 0.0 8.181805246746432 0.0 4.0 
201 8489588.3 95.18834757182742 81.53729369034808 144.2009345703124 0 233 2.8329 0.0 8.181805246746432 0.0 4.0 
202 8489621.6 95.18834757182742 81.53729369034808 144.2009345703124 0 233 2.8329 0.0 8.181805246746432 0.0 4.0 
203 8489655.0 95.18639856202068 81.53729369034808 144.2009345703124 0 233 2.8329 0.0 8.181805246746432 0.0 4.0 
204 8489688.3 95.18639856202068 81.53965924063245 144.2009345703124 0 233 2.8329 0.0 8.181805246746432 0.0 4.0 
205 8489721.7 95.18639856202068 81.53965924063245 144.2009345703124 0 233 2.8329 0.0 8.181805246746432 0.0 4.0 
206 8489755.0 95.18397907085445 81.53965924063245 144.2009345703124 0 233 2.8329 0.0 8.181805246746432 0.0 4.0 
207 8489788.3 95.18397907085445 81.54199148128932 144.2009345703124 0 233 2.8329 0.0 8.181805246746432 0.0 4.0 
208 8489821.7 95.18397907085445 81.54199148128932 144.2009345703124 0 233 2.8329 0.0 8.181805246746432 0.0 4.0 
209 8489855.0 95.1789147425743 81.5466239660628 144.2009345703124 0 233 2.8329 0.0 8.181805246746432 0.0 4.0 
210 8489888.3 95.1789147425743 81.5466239660628 144.2009345703124 0 233 2.8329 0.0 8.181805246746432 0.0 4.0 
211 8489921.7 95.1789147425743 81.5466239660628 144.2009345703124 0 233 2.8329 0.0 8.181805246746432 0.0 4.0 
212 8489955.0 95.1789147425743 81.5466239660628 144.2009345703124 0 233 2.8329 0.0 8.181805246746432 0.0 4.0 
213 8489988.3 95.17223220639556 81.5466239660628 144.2009345703124 0 233 2.8329 0.0 8.181805246746432 0.0 4.0 
214 8490021.7 95.17223220639556 81.55138505712563 144.2009345703124 0 233 2.8329 0.0 8.181805246746432 0.0 4.0 
215 8490055.0 95.17223220639556 81.55138505712563 144.2009345703124 0 233 2.8329 0.0 8.181805246746432 0.0 4.0 
216 8490088.3 95.17223220639556 81.55138505712563 144.2009345703124 0 233 2.8329 0.0 8.181805246746432 0.0 4.0 
217 8490121.7 95.16409326509691 81.55138505712563 144.2009345703124 0 233 2.8329 0.0 8.181805246746432 0.0 4.0 
218 8490155.0 95.16409326509691 81.55661086004737 144.2009345703124 0 233 2.8329 0.0 8.181805246746432 0.0 4.0 
219 8490188.4 95.16409326509691 81.55661086004737 144.2009345703124 0 233 2.8329 0.0 8.181805246746432 0.0 4.0 
220 8490221.7 95.16409326509691 81.55661086004737 144.2009345703124 0 233 2.8329 0.0 8.181805246746432 0.0 4.0 
221 8490255.0 95.15818707761741 81.5584195377526 144.2009345703124 0 233 2.8329 0.0 8.181805246746432 0.0 4.0 
222 8490288.4 95.15818707761741 81.5584195377526 144.2009345703124 0 233 2.8329 0.0 8.181805246746432 0.0 4.0 
223 8490321.7 95.15818707761741 81.5584195377526 144.2009345703124 0 233 2.8329 0.0 8.181805246746432 0.0 4.0 
224 8490355.0 95.15818707761741 81.5584195377526 144.2009345703124 0 233 2.8329 0.0 8.181805246746432 0.0 4.0 
225 8490388.4 95.1531323901398 81.56194170915639 144.2009345703124 0 233 2.8329 0.0 8.181805246746432 0.0 4.0 
226 8490421.7 95.1531323901398 81.56194170915639 144.2009345703124 0 233 2.8329 0.0 8.181805246746432 0.0 4.0 
227 8490455.0 95.1531323901398 81.56194170915639 144.2009345703124 0 233 2.8329 0.0 8.181805246746432 0.0 4.0 
228 8490488.4 95.14968570227317 81.56194170915639 144.2009345703124 0 233 2.8329 0.0 8.181805246746432 0.0 4.0 
229 8490521.7 95.14968570227317 81.56551525731938 144.2009345703124 0 233 2.8329 0.0 8.181805246746432 0.0 4.0 
230 8490555.1 95.14968570227317 81.56551525731938 144.2009345703124 0 233 2.8329 0.0 8.181805246746432 0.0 4.0 
231 8490588.4 95.14968570227317 81.56551525731938 144.2009345703124 0 233 2.8329 0.0 8.181805246746432 0.0 4.0 
232 8490621.7 95.14812438397911 81.5698595869327 144.2009345703124 0 233 2.8329 0.0 8.181805246746432 0.0 4.0 
233 8490655.1 95.14812438397911 81.5698595869327 144.2009345703124 0 233 2.8329 0.0 8.181805246746432 0.0 4.0 
234 8490688.4 95.14812438397911 81.5698595869327 144.2009345703124 0 233 2.8329 0.0 8.181805246746432 0.0 4.0 
235 8490721.7 95.14659856511004 81.57151023216124 144.2009345703124 0 233 2.8329 0.0 8.181805246746432 0.0 4.0 
236 8490755.1 95.14659856511004 81.57151023216124 144.2009345703124 0 233 2.8329 0.0 8.181805246746432 0.0 4.0 
237 8490788.4 95.14659856511004 81.57151023216124 144.2009345703124 0 233 2.8329 0.0 8.181805246746432 0.0 4.0 
238 8490821.7 95.14659856511004 81.57151023216124 144.2009345703124 0 233 2.8329 0.0 8.181805246746432 0.0 4.0 
239 8490855.1 95.14659856511004 81.57151023216124 144.2009345703124 0 233 2.8329 0.0 8.181805246746432 0.0 4.0 
240 8490888.4 95.14659856511004 81.57151023216124 144.2009345703124 0 233 2.8329 0.0 8.181805246746432 0.0 4.0 
241 8490921.7 95.14659856511004 81.57151023216124 144.2009345703124 0 233 2.8329 0.0 8.181805246746432 0.0 4.0 
242 8490955.1 95.14659856511004 81.57151023216124 144.2009345703124 0 233 2.8329 0.0 8.181805246746432 0.0 4.0 
243 8490988.4 95.14659856511004 81.57151023216124 144.2009345703124 0 233 2.8329 0.0 8.181805246746432 0.0 4.0 
244 8491021.8 95.14659856511004 81.57151023216124 144.2009345703124 0 233 2.8329 0.0 8.181805246746432 0.0 4.0 
245 8491055.1 95.14659856511004 81.57151023216124 144.2009345703124 0 233 2.8329 0.0 8.181805246746432 0.0 4.0 
246 8491088.4 95.14659856511004 81.57151023216124 144.2009345703124 0 233 2.8329 0.0 8.181805246746432 0.0 4.0 
247 8491121.8 95.14777828837131 81.57151023216124 144.2009345703124 0 233 2.8329 0.0 8.181805246746432 0.0 4.0 
248 8491155.1 95.14777828837131 81.57151023216124 144.2009345703124 0 233 2.8329 0.0 8.181805246746432 0.0 4.0 
249 8491188.4 95.15152134390036 81.57151023216124 144.2009345703124 0 233 2.8329 0.0 8.181805246746432 0.0 4.0 
250 8491221.8 95.15152134390036 81.56954200543568 144.2009345703124 0 233 2.8329 0.0 8.181805246746432 0.0 4.0 
251 8491255.1 95.15152134390036 81.56954200543568 144.2009345703124 0 233 2.8329 0.0 8.181805246746432 0.0 4.0 
252 8491288.4 95.157517894092 81.56954200543568 144.2009345703124 0 233 2.8329 0.0 8.181805246746432 0.0 4.0 
253 8491321.8 95.157517894092 81.5652621768625 144.2009345703124 0 233 2.8329 0.0 8.181805246746432 0.0 4.0 
254 8491355.1 95.157517894092 81.5652621768625 144.2009345703124 0 233 2.8329 0.0 8.181805246746432 0.0 4.0 
255 8491388.5 95.157517894092 81.5652621768625 144.2009345703124 0 233 2.8329 0.0 8.181805246746432 0.0 4.0 
256 8491421.8 95.1621333541852 81.5652621768625 144.2009345703124 0 233 2.8329 0.0 8.181805246746432 0.0 4.0 
257 8491455.1 95.1621333541852 81.5613922458548 144.2009345703124 0 233 2.8329 0.0 8.181805246746432 0.0 4.0 
258 8491488.5 95.1621333541852 81.5613922458548 144.2009345703124 0 233 2.8329 0.0 8.181805246746432 0.0 4.0 
259 8491521.8 95.16490195293922 81.5613922458548 144.2009345703124 0 233 2.8329 0.0 8.181805246746432 0.0 4.0 
260 8491555.1 95.16490195293922 81.55917190741498 144.2009345703124 0 233 2.8329 0.0 8.181805246746432 0.0 4.0 
261 8491588.5 95.16490195293922 81.55917190741498 144.2009345703124 0 233 2.8329 0.0 8.181805246746432 0.0 4.0 
262 8491621.8 95.16490195293922 81.55917190741498 144.2009345703124 0 233 2.8329 0.0 8.181805246746432 0.0 4.0 
263 8491655.1 95.16323840116617 81.55917190741498 144.2009345703124 0 233 2.8329 0.0 8.181805246746432 0.0 4.0 
264 8491688.5 95.16323840116617 81.56119965209439 144.2009345703124 0 233 2.8329 0.0 8.181805246746432 0.0 4.0 
265 8491721.8 95.16323840116617 81.56119965209439 144.2009345703124 0 233 2.8329 0.0 8.181805246746432 0.0 4.0 
266 8491755.1 95.16323840116617 81.56119965209439 144.2009345703124 0 233 2.8329 0.0 8.181805246746432 0.0 4.0 
267 8491788.5 95.15963161386986 81.56119965209439 144.2009345703124 0 233 2.8329 0.0 8.181805246746432 0.0 4.0 
268 8491821.8 95.15963161386986 81.5659385501284 144.2009345703124 0 233 2.8329 0.0 8.181805246746432 0.0 4.0 
269 8491855.2 95.15963161386986 81.5659385501284 144.2009345703124 0 233 2.8329 0.0 8.181805246746432 0.0 4.0 
270 8491888.5 95.15431677754212 81.57205914633245 144.2009345703124 0 233 2.8329 0.0 8.181805246746432 0.0 4.0 
271 8491921.8 95.15431677754212 81.57205914633245 144.2009345703124 0 233 2.8329 0.0 8.181805246746432 0.0 4.0 
272 8491955.2 95.15431677754212 81.57205914633245 144.2009345703124 0 233 2.8329 0.0 8.181805246746432 0.0 4.0 
273 8491988.5 95.15431677754212 81.57205914633245 144.2009345703124 0 233 2.8329 0.0 8.181805246746432 0.0 4.0 
274 8492021.8 95.14436877768156 81.57205914633245 144.2009345703124 0 233 2.8329 0.0 8.181805246746432 0.0 4.0 
275 8492055.2 95.14436877768156 81.57746536125347 144.2009345703124 0 233 2.8329 0.0 8.181805246746432 0.0 4.0 
276 8492088.5 95.14436877768156 81.57746536125347 144.2009345703124 0 233 2.8329 0.0 8.181805246746432 0.0 4.0 
277 8492121.8 95.14436877768156 81.57746536125347 144.2009345703124 0 233 2.8329 0.0 8.181805246746432 0.0 4.0 
278 8492155.2 95.1300937186942 81.57746536125347 144.2009345703124 0 233 2.8329 0.0 8.181805246746432 0.0 4.0 
279 8492188.5 95.1300937186942 81.5845270996384 144.2009345703124 0 233 2.8329 0.0 8.181805246746432 0.0 4.0 
280 8492221.9 95.1300937186942 81.5845270996384 144.2009345703124 0 233 2.8329 0.0 8.181805246746432 0.0 4.0 
281 8492255.2 95.1300937186942 81.5845270996384 144.2009345703124 0 233 2.8329 0.0 8.181805246746432 0.0 4.0 
282 8492288.5 95.11794276274715 81.58916799200843 144.2009345703124 0 233 2.8329 0.0 8.181805246746432 0.0 4.0 
283 8492321.9 95.11794276274715 81.58916799200843 144.2009345703124 0 233 2.8329 0.0 8.181805246746432 0.0 4.0 
284 8492355.2 95.11794276274715 81.58916799200843 144.2009345703124 0 233 2.8329 0.0 8.181805246746432 0.0 4.0 
285 8492388.5 95.11794276274715 81.58916799200843 144.2009345703124 0 233 2.8329 0.0 8.181805246746432 0.0 4.0 
286 8492421.9 95.1019587370222 81.58916799200843 144.2009345703124 0 233 2.8329 0.0 8.181805246746432 0.0 4.0 
287 8492455.2 95.1019587370222 81.5950611074634 144.2009345703124 0 233 2.8329 0.0 8.181805246746432 0.0 4.0 
288 8492488.5 95.1019587370222 81.5950611074634 144.2009345703124 0 233 2.8329 0.0 8.181805246746432 0.0 4.0 
289 8492521.9 95.09219465964838 81.5950611074634 144.2009345703124 0 233 2.8329 0.0 8.181805246746432 0.0 4.0 
290 8492555.2 95.09219465964838 81.6007392920312 144.2009345703124 0 233 2.8329 0.0 8.181805246746432 0.0 4.0 
291 8492588.5 95.09219465964838 81.6007392920312 144.2009345703124 0 233 2.8329 0.0 8.181805246746432 0.0 4.0 
292 8492621.9 95.09219465964838 81.6007392920312 144.2009345703124 0 233 2.8329 0.0 8.181805246746432 0.0 4.0 
293 8492655.2 95.07905794277399 81.60676421312866 144.2009345703124 0 233 2.8329 0.0 8.181805246746432 0.0 4.0 
294 8492688.6 95.07905794277399 81.60676421312866 144.2009345703124 0 233 2.8329 0.0 8.181805246746432 0.0 4.0 
295 8492721.9 95.07905794277399 81.60676421312866 144.2009345703124 0 233 2.8329 0.0 8.181805246746432 0.0 4.0 
296 8492755.2 95.07905794277399 81.60676421312866 144.2009345703124 0 233 2.8329 0.0 8.181805246746432 0.0 4.0 
297 8492788.6 95.07029483670988 81.60676421312866 144.2009345703124 0 233 2.8329 0.0 8.181805246746432 0.0 4.0 
298 8492821.9 95.07029483670988 81.6106915231274 144.2009345703124 0 233 2.8329 0.0 8.181805246746432 0.0 4.0 
299 8492855.2 95.07029483670988 81.6106915231274 144.2009345703124 0 233 2.8329 0.0 8.181805246746432 0.0 4.0 
300 8492888.6 95.07029483670988 81.6106915231274 144.2009345703124 0 233 2.8329 0.0 8.181805246746432 0.0 4.0 
301 8492921.9 95.05567158830088 81.61650305609521 144.2009345703124 0 233 2.8329 0.0 8.181805246746432 0.0 4.0 
302 8492955.2 95.05567158830088 81.61650305609521 144.2009345703124 0 233 2.8329 0.0 8.181805246746432 0.0 4.0 
303 8492988.6 95.05567158830088 81.61650305609521 144.2009345703124 0 233 2.8329 0.0 8.181805246746432 0.0 4.0 
304 8493021.9 95.04115057653132 81.61650305609521 144.2009345703124 0 233 2.8329 0.0 8.181805246746432 0.0 4.0 
305 8493055.3 95.04115057653132 81.62458862179743 144.2009345703124 0 233 2.8329 0.0 8.181805246746432 0.0 4.0 
306 8493088.6 95.04115057653132 81.62458862179743 144.2009345703124 0 233 2.8329 0.0 8.181805246746432 0.0 4.0 
307 8493121.9 95.03133692726261 81.62458862179743 144.2009345703124 0 233 2.8329 0.0 8.181805246746432 0.0 4.0 
308 8493155.3 95.03133692726261 81.63222164571614 144.2009345703124 0 233 2.8329 0.0 8.181805246746432 0.0 4.0 
309 8493188.6 95.03133692726261 81.63222164571614 144.2009345703124 0 233 2.8329 0.0 8.181805246746432 0.0 4.0 
310 8493221.9 95.03133692726261 81.63222164571614 144.2009345703124 0 233 2.8329 0.0 8.181805246746432 0.0 4.0 
311 8493255.3 95.02430577440671 81.63792400967296 144.2009345703124 0 233 2.8329 0.0 8.181805246746432 0.0 4.0 
312 8493288.6 95.02430577440671 81.63792400967296 144.2009345703124 0 233 2.8329 0.0 8.181805246746432 0.0 4.0 
313 8493321.9 95.02430577440671 81.63792400967296 144.2009345703124 0 233 2.8329 0.0 8.181805246746432 0.0 4.0 
314 8493355.3 95.02430577440671 81.63792400967296 144.2009345703124 0 233 2.8329 0.0 8.181805246746432 0.0 4.0 
315 8493388.6 95.01000014287538 81.65097346260671 144.2009345703124 0 233 2.8329 0.0 8.181805246746432 0.0 4.0 
316 8493421.9 95.01000014287538 81.65097346260671 144.2009345703124 0 233 2.8329 0.0 8.181805246746432 0.0 4.0 
317 8493455.3 95.01000014287538 81.65097346260671 144.2009345703124 0 233 2.8329 0.0 8.181805246746432 0.0 4.0 
318 8493488.6 95.00121227958881 81.65097346260671 144.2009345703124 0 233 2.8329 0.0 8.181805246746432 0.0 4.0 
319 8493522.0 95.00121227958881 81.6602403882223 144.2009345703124 0 233 2.8329 0.0 8.181805246746432 0.0 4.0 
320 8493555.3 95.00121227958881 81.6602403882223 144.2009345703124 0 233 2.8329 0.0 8.181805246746432 0.0 4.0 
321 8493588.6 95.00121227958881 81.6602403882223 144.2009345703124 0 233 2.8329 0.0 8.181805246746432 0.0 4.0 
322 8493622.0 94.9937946536011 81.670995693318 144.2009345703124 0 233 2.8329 0.0 8.181805246746432 0.0 4.0 
323 8493655.3 94.9937946536011 81.670995693318 144.2009345703124 0 233 2.8329 0.0 8.181805246746432 0.0 4.0 
324 8493688.6 94.9937946536011 81.670995693318 144.2009345703124 0 233 2.8329 0.0 8.181805246746432 0.0 4.0 
325 8493722.0 94.9937946536011 81.670995693318 144.2009345703124 0 233 2.8329 0.0 8.181805246746432 0.0 4.0 
326 8493755.3 94.98812496205505 81.67769039157743 144.2009345703124 0 233 2.8329 0.0 8.181805246746432 0.0 4.0 
327 8493788.6 94.98812496205505 81.67769039157743 144.2009345703124 0 233 2.8329 0.0 8.181805246746432 0.0 4.0 
328 8493822.0 94.98812496205505 81.67769039157743 144.2009345703124 0 233 2.8329 0.0 8.181805246746432 0.0 4.0 
329 8493855.3 94.9802839823341 81.67769039157743 144.2009345703124 0 233 2.8329 0.0 8.181805246746432 0.0 4.0 
330 8493888.7 94.9802839823341 81.69347689293681 144.2009345703124 0 233 2.8329 0.0 8.181805246746432 0.0 4.0 
331 8493922.0 94.9802839823341 81.69347689293681 144.2009345703124 0 233 2.8329 0.0 8.181805246746432 0.0 4.0 
332 8493955.3 94.9802839823341 81.69347689293681 144.2009345703124 0 233 2.8329 0.0 8.181805246746432 0.0 4.0 
333 8493988.7 94.97471182288396 81.69347689293681 144.2009345703124 0 233 2.8329 0.0 8.181805246746432 0.0 4.0 
334 8494022.0 94.97471182288396 81.7049495605606 144.2009345703124 0 233 2.8329 0.0 8.181805246746432 0.0 4.0 
335 8494055.3 94.97471182288396 81.7049495605606 144.2009345703124 0 233 2.8329 0.0 8.181805246746432 0.0 4.0 
336 8494088.7 94.97471182288396 81.7049495605606 144.2009345703124 0 233 2.8329 0.0 8.181805246746432 0.0 4.0 
337 8494122.0 94.97214526700817 81.70796612800935 144.2009345703124 0 233 2.8329 0.0 8.181805246746432 0.0 4.0 
338 8494155.3 94.97214526700817 81.70796612800935 144.2009345703124 0 233 2.8329 0.0 8.181805246746432 0.0 4.0 
339 8494188.7 94.97214526700817 81.70796612800935 144.2009345703124 0 233 2.8329 0.0 8.181805246746432 0.0 4.0 
340 8494222.0 94.96915173964258 81.70796612800935 144.2009345703124 0 233 2.8329 0.0 8.181805246746432 0.0 4.0 
341 8494255.3 94.96915173964258 81.71683320260246 144.2009345703124 0 233 2.8329 0.0 8.181805246746432 0.0 4.0 
342 8494288.7 94.96915173964258 81.71683320260246 144.2009345703124 0 233 2.8329 0.0 8.181805246746432 0.0 4.0 
343 8494322.0 94.96915173964258 81.71683320260246 144.2009345703124 0 233 2.8329 0.0 8.181805246746432 0.0 4.0 
344 8494355.4 94.96536501048264 81.71683320260246 144.2009345703124 0 233 2.8329 0.0 8.181805246746432 0.0 4.0 
345 8494388.7 94.96536501048264 81.7288008152803 144.2009345703124 0 233 2.8329 0.0 8.181805246746432 0.0 4.0 
346 8494422.0 94.96536501048264 81.7288008152803 144.2009345703124 0 233 2.8329 0.0 8.181805246746432 0.0 4.0 
347 8494455.4 94.96536501048264 81.7288008152803 144.2009345703124 0 233 2.8329 0.0 8.181805246746432 0.0 4.0 
348 8494488.7 94.96122828534193 81.7288008152803 144.2009345703124 0 233 2.8329 0.0 8.181805246746432 0.0 4.0 
349 8494522.0 94.96122828534193 81.74025668357751 144.2009345703124 0 233 2.8329 0.0 8.181805246746432 0.0 4.0 
350 8494555.4 94.96122828534193 81.74025668357751 144.2009345703124 0 233 2.8329 0.0 8.181805246746432 0.0 4.0 
351 8494588.7 94.96122828534193 81.74025668357751 144.2009345703124 0 233 2.8329 0.0 8.181805246746432 0.0 4.0 
352 8494622.0 94.95893962563963 81.74025668357751 144.2009345703124 0 233 2.8329 0.0 8.181805246746432 0.0 4.0 
353 8494655.4 94.95893962563963 81.74424173404596 144.2009345703124 0 233 2.8329 0.0 8.181805246746432 0.0 4.0 
354 8494688.7 94.95893962563963 81.74424173404596 144.2009345703124 0 233 2.8329 0.0 8.181805246746432 0.0 4.0 
355 8494722.1 94.95893962563963 81.74424173404596 144.2009345703124 0 233 2.8329 0.0 8.181805246746432 0.0 4.0 
356 8494755.4 94.95893962563963 81.73960777545624 144.2009345703124 0 233 2.8329 0.0 8.181805246746432 0.0 4.0 
357 8494788.7 94.95893962563963 81.73960777545624 144.2009345703124 0 233 2.8329 0.0 8.181805246746432 0.0 4.0 
358 8494822.1 94.95893962563963 81.73960777545624 144.2009345703124 0 233 2.8329 0.0 8.181805246746432 0.0 4.0 
359 8494855.4 94.95893962563963 81.7357506984734 144.2009345703124 0 233 2.8329 0.0 8.181805246746432 0.0 4.0 
360 8494888.7 94.95893962563963 81.7357506984734 144.2009345703124 0 233 2.8329 0.0 8.181805246746432 0.0 4.0 
361 8494922.1 94.95893962563963 81.7295068216614 144.2009345703124 0 233 2.8329 0.0 8.181805246746432 0.0 4.0 
362 8494955.4 94.95893962563963 81.7295068216614 144.2009345703124 0 233 2.8329 0.0 8.181805246746432 0.0 4.0 
363 8494988.7 94.961335112395 81.7295068216614 144.2009345703124 0 233 2.8329 0.0 8.181805246746432 0.0 4.0 
364 8495022.1 94.961335112395 81.7243269193966 144.2009345703124 0 233 2.8329 0.0 8.181805246746432 0.0 4.0 
365 8495055.4 94.961335112395 81.7243269193966 144.2009345703124 0 233 2.8329 0.0 8.181805246746432 0.0 4.0 
366 8495088.7 94.961335112395 81.7243269193966 144.2009345703124 0 233 2.8329 0.0 8.181805246746432 0.0 4.0 
367 8495122.1 94.9739655483955 81.7243269193966 144.2009345703124 0 233 2.8329 0.0 8.181805246746432 0.0 4.0 
368 8495155.4 94.9739655483955 81.69660918408395 144.2009345703124 0 233 2.8329 0.0 8.181805246746432 0.0 4.0 
369 8495188.8 94.9739655483955 81.69660918408395 144.2009345703124 0 233 2.8329 0.0 8.181805246746432 0.0 4.0 
370 8495222.1 94.9739655483955 81.69660918408395 144.2009345703124 0 233 2.8329 0.0 8.181805246746432 0.0 4.0 
371 8495255.4 95.01188234626692 81.63950905541876 144.2009345703124 0 233 2.8329 0.0 8.181805246746432 0.0 4.0 
372 8495288.8 95.01188234626692 81.63950905541876 144.2009345703124 0 233 2.8329 0.0 8.181805246746432 0.0 4.0 
373 8495322.1 95.01188234626692 81.63950905541876 144.2009345703124 0 233 2.8329 0.0 8.181805246746432 0.0 4.0 
374 8495355.4 95.01188234626692 81.63950905541876 144.2009345703124 0 233 2.8329 0.0 8.181805246746432 0.0 4.0 
375 8495388.8 95.04462712496323 81.63950905541876 144.2009345703124 0 233 2.8329 0.0 8.181805246746432 0.0 4.0 
376 8495422.1 95.04462712496323 81.61032387375877 144.2009345703124 0 233 2.8329 0.0 8.181805246746432 0.0 4.0 
377 8495455.4 95.04462712496323 81.61032387375877 144.2009345703124 0 233 2.8329 0.0 8.181805246746432 0.0 4.0 
378 8495488.8 95.04462712496323 81.61032387375877 144.2009345703124 0 233 2.8329 0.0 8.181805246746432 0.0 4.0 
379 8495522.1 95.04462712496323 81.61032387375877 144.2009345703124 0 233 2.8329 0.0 8.181805246746432 0.0 4.0 
380 8495555.5 95.06725439287779 81.61032387375877 144.2009345703124 0 233 2.8329 0.0 8.181805246746432 0.0 4.0 
381 8495588.8 95.06725439287779 81.59699568292679 144.2009345703124 0 233 2.8329 0.0 8.181805246746432 0.0 4.0 
382 8495622.1 95.06725439287779 81.59699568292679 144.2009345703124 0 233 2.8329 0.0 8.181805246746432 0.0 4.0 
383 8495655.5 95.06725439287779 81.59699568292679 144.2009345703124 0 233 2.8329 0.0 8.181805246746432 0.0 4.0 
384 8495688.8 95.07440544786064 81.59699568292679 144.2009345703124 0 233 2.8329 0.0 8.181805246746432 0.0 4.0 
385 8495722.1 95.07440544786064 81.59226336896475 144.2009345703124 0 233 2.8329 0.0 8.181805246746432 0.0 4.0 
386 8495755.5 95.07440544786064 81.59226336896475 144.2009345703124 0 233 2.8329 0.0 8.181805246746432 0.0 4.0 
387 8495788.8 95.07440544786064 81.59226336896475 144.2009345703124 0 233 2.8329 0.0 8.181805246746432 0.0 4.0 
388 8495822.1 95.08108725504876 81.59226336896475 144.2009345703124 0 233 2.8329 0.0 8.181805246746432 0.0 4.0 
389 8495855.5 95.08108725504876 81.5890395402922 144.2009345703124 0 233 2.8329 0.0 8.181805246746432 0.0 4.0 
390 8495888.8 95.08108725504876 81.5890395402922 144.2009345703124 0 233 2.8329 0.0 8.181805246746432 0.0 4.0 
391 8495922.1 95.08740316168769 81.5890395402922 144.2009345703124 0 233 2.8329 0.0 8.181805246746432 0.0 4.0 
392 8495955.5 95.08740316168769 81.58701196347813 144.2009345703124 0 233 2.8329 0.0 8.181805246746432 0.0 4.0 
393 8495988.8 95.08740316168769 81.58701196347813 144.2009345703124 0 233 2.8329 0.0 8.181805246746432 0.0 4.0 
394 8496022.2 95.08740316168769 81.58701196347813 144.2009345703124 0 233 2.8329 0.0 8.181805246746432 0.0 4.0 
395 8496055.5 95.08046153150097 81.59209317570303 144.2009345703124 0 233 2.8329 0.0 8.181805246746432 0.0 4.0 
396 8496088.8 95.08046153150097 81.59209317570303 144.2009345703124 0 233 2.8329 0.0 8.181805246746432 0.0 4.0 
397 8496122.2 95.08046153150097 81.59209317570303 144.2009345703124 0 233 2.8329 0.0 8.181805246746432 0.0 4.0 
398 8496155.5 95.08046153150097 81.59209317570303 144.2009345703124 0 233 2.8329 0.0 8.181805246746432 0.0 4.0 
399 8496188.8 95.07303919649468 81.59209317570303 144.2009345703124 0 233 2.8329 0.0 8.181805246746432 0.0 4.0 
400 8496222.2 95.07303919649468 81.60119238905483 144.2009345703124 0 233 2.8329 0.0 8.181805246746432 0.0 4.0 
401 8496255.5 95.07303919649468 81.60119238905483 144.2009345703124 0 233 2.8329 0.0 8.181805246746432 0.0 4.0 
402 8496288.8 95.0656720115244 81.60119238905483 144.2009345703124 0 233 2.8329 0.0 8.181805246746432 0.0 4.0 
403 8496322.2 95.0656720115244 81.60884346024858 144.2009345703124 0 233 2.8329 0.0 8.181805246746432 0.0 4.0 
404 8496355.5 95.0656720115244 81.60884346024858 144.2009345703124 0 233 2.8329 0.0 8.181805246746432 0.0 4.0 
405 8496388.9 95.0656720115244 81.60884346024858 144.2009345703124 0 233 2.8329 0.0 8.181805246746432 0.0 4.0 
406 8496422.2 95.05348379680129 81.61327179603497 144.2009345703124 0 233 2.8329 0.0 8.181805246746432 0.0 4.0 
407 8496455.5 95.05348379680129 81.61327179603497 144.2009345703124 0 233 2.8329 0.0 8.181805246746432 0.0 4.0 
408 8496488.9 95.05348379680129 81.61327179603497 144.2009345703124 0 233 2.8329 0.0 8.181805246746432 0.0 4.0 
409 8496522.2 95.05348379680129 81.61327179603497 144.2009345703124 0 233 2.8329 0.0 8.181805246746432 0.0 4.0 
410 8496555.5 95.03620690188542 81.61327179603497 144.2009345703124 0 233 2.8329 0.0 8.181805246746432 0.0 4.0 
411 8496588.9 95.03620690188542 81.615252931561 144.2009345703124 0 233 2.8329 0.0 8.181805246746432 0.0 4.0 
412 8496622.2 95.03620690188542 81.615252931561 144.2009345703124 0 233 2.8329 0.0 8.181805246746432 0.0 4.0 
413 8496655.5 95.03620690188542 81.615252931561 144.2009345703124 0 233 2.8329 0.0 8.181805246746432 0.0 4.0 
414 8496688.9 95.02461572547807 81.615252931561 144.2009345703124 0 233 2.8329 0.0 8.181805246746432 0.0 4.0 
415 8496722.2 95.02461572547807 81.61767825863257 144.2009345703124 0 233 2.8329 0.0 8.181805246746432 0.0 4.0 
416 8496755.5 95.02461572547807 81.61767825863257 144.2009345703124 0 233 2.8329 0.0 8.181805246746432 0.0 4.0 
417 8496788.9 95.02461572547807 81.61767825863257 144.2009345703124 0 233 2.8329 0.0 8.181805246746432 0.0 4.0 
418 8496822.2 95.01810245367814 81.61767825863257 144.2009345703124 0 233 2.8329 0.0 8.181805246746432 0.0 4.0 
419 8496855.6 95.01810245367814 81.61910929790207 144.2009345703124 0 233 2.8329 0.0 8.181805246746432 0.0 4.0 
420 8496888.9 95.01810245367814 81.61910929790207 144.2009345703124 0 233 2.8329 0.0 8.181805246746432 0.0 4.0 
421 8496922.2 95.01810245367814 81.61910929790207 144.2009345703124 0 233 2.8329 0.0 8.181805246746432 0.0 4.0 
422 8496955.6 95.01024372730343 81.61910929790207 144.2009345703124 0 233 2.8329 0.0 8.181805246746432 0.0 4.0 
423 8496988.9 95.01024372730343 81.62319286570029 144.2009345703124 0 233 2.8329 0.0 8.181805246746432 0.0 4.0 
424 8497022.2 95.01024372730343 81.62319286570029 144.2009345703124 0 233 2.8329 0.0 8.181805246746432 0.0 4.0 
425 8497055.6 94.99837008568367 81.62319286570029 144.2009345703124 0 233 2.8329 0.0 8.181805246746432 0.0 4.0 
426 8497088.9 94.99837008568367 81.62867300123622 144.2009345703124 0 233 2.8329 0.0 8.181805246746432 0.0 4.0 
427 8497122.2 94.99837008568367 81.62867300123622 144.2009345703124 0 233 2.8329 0.0 8.181805246746432 0.0 4.0 
428 8497155.6 94.987759551274 81.62867300123622 144.2009345703124 0 233 2.8329 0.0 8.181805246746432 0.0 4.0 
429 8497188.9 94.987759551274 81.63367339712893 144.2009345703124 0 233 2.8329 0.0 8.181805246746432 0.0 4.0 
430 8497222.3 94.987759551274 81.63367339712893 144.2009345703124 0 233 2.8329 0.0 8.181805246746432 0.0 4.0 
431 8497255.6 94.987759551274 81.63367339712893 144.2009345703124 0 233 2.8329 0.0 8.181805246746432 0.0 4.0 
432 8497288.9 94.98646669404124 81.63367339712893 144.2009345703124 0 233 2.8329 0.0 8.181805246746432 0.0 4.0 
433 8497322.3 94.98646669404124 81.63367339712893 144.2009345703124 0 233 2.8329 0.0 8.181805246746432 0.0 4.0 
434 8497355.6 94.98646669404124 81.63367339712893 144.2009345703124 0 233 2.8329 0.0 8.181805246746432 0.0 4.0 
435 8497388.9 95.00826912328087 81.63367339712893 144.2009345703124 0 233 2.8329 0.0 8.181805246746432 0.0 4.0 
436 8497422.3 95.00826912328087 81.62203923355501 144.2009345703124 0 233 2.8329 0.0 8.181805246746432 0.0 4.0 
437 8497455.6 95.00826912328087 81.62203923355501 144.2009345703124 0 233 2.8329 0.0 8.181805246746432 0.0 4.0 
438 8497488.9 95.00826912328087 81.62203923355501 144.2009345703124 0 233 2.8329 0.0 8.181805246746432 0.0 4.0 
439 8497522.3 95.05334771102973 81.62203923355501 144.2009345703124 0 233 2.8329 0.0 8.181805246746432 0.0 4.0 
440 8497555.6 95.05334771102973 81.60028471119344 144.2009345703124 0 233 2.8329 0.0 8.181805246746432 0.0 4.0 
441 8497588.9 95.05334771102973 81.60028471119344 144.2009345703124 0 233 2.8329 0.0 8.181805246746432 0.0 4.0 
442 8497622.3 95.05334771102973 81.60028471119344 144.2009345703124 0 233 2.8329 0.0 8.181805246746432 0.0 4.0 
443 8497655.6 95.10044139671783 81.57907610993402 144.2009345703124 0 233 2.8329 0.0 8.181805246746432 0.0 4.0 
444 8497689.0 95.10044139671783 81.57907610993402 144.2009345703124 0 233 2.8329 0.0 8.181805246746432 0.0 4.0 
445 8497722.3 95.10044139671783 81.57907610993402 144.2009345703124 0 233 2.8329 0.0 8.181805246746432 0.0 4.0 
446 8497755.6 95.10044139671783 81.57907610993402 144.2009345703124 0 233 2.8329 0.0 8.181805246746432 0.0 4.0 
447 8497789.0 95.1336072187667 81.57907610993402 144.2009345703124 0 233 2.8329 0.0 8.181805246746432 0.0 4.0 
448 8497822.3 95.1336072187667 81.56512861352063 144.2009345703124 0 233 2.8329 0.0 8.181805246746432 0.0 4.0 
449 8497855.6 95.1336072187667 81.56512861352063 144.2009345703124 0 233 2.8329 0.0 8.181805246746432 0.0 4.0 
450 8497889.0 95.1336072187667 81.56512861352063 144.2009345703124 0 233 2.8329 0.0 8.181805246746432 0.0 4.0 
451 8497922.3 95.1336072187667 81.56512861352063 144.2009345703124 0 233 2.8329 0.0 8.181805246746432 0.0 4.0 
452 8497955.6 95.16769167866585 81.55545316028069 144.2009345703124 0 233 2.8329 0.0 8.181805246746432 0.0 4.0 
453 8497989.0 95.16769167866585 81.55545316028069 144.2009345703124 0 233 2.8329 0.0 8.181805246746432 0.0 4.0 
454 8498022.3 95.16769167866585 81.55545316028069 144.2009345703124 0 233 2.8329 0.0 8.181805246746432 0.0 4.0 
455 8498055.7 95.16769167866585 81.55545316028069 144.2009345703124 0 233 2.8329 0.0 8.181805246746432 0.0 4.0 
456 8498089.0 95.16769167866585 81.55545316028069 144.2009345703124 0 233 2.8329 0.0 8.181805246746432 0.0 4.0 
457 8498122.3 95.21820234962627 81.55545316028069 144.2009345703124 0 233 2.8329 0.0 8.181805246746432 0.0 4.0 
458 8498155.7 95.21820234962627 81.54037533571993 144.2009345703124 0 233 2.8329 0.0 8.181805246746432 0.0 4.0 
459 8498189.0 95.21820234962627 81.54037533571993 144.2009345703124 0 233 2.8329 0.0 8.181805246746432 0.0 4.0 
460 8498222.3 95.21820234962627 81.54037533571993 144.2009345703124 0 233 2.8329 0.0 8.181805246746432 0.0 4.0 
461 8498255.7 95.24038591324863 81.54037533571993 144.2009345703124 0 233 2.8329 0.0 8.181805246746432 0.0 4.0 
462 8498289.0 95.24038591324863 81.52784813755595 144.2009345703124 0 233 2.8329 0.0 8.181805246746432 0.0 4.0 
463 8498322.3 95.24038591324863 81.52784813755595 144.2009345703124 0 233 2.8329 0.0 8.181805246746432 0.0 4.0 
464 8498355.7 95.25419009706557 81.51486152038828 144.2009345703124 0 233 2.8329 0.0 8.181805246746432 0.0 4.0 
465 8498389.0 95.25419009706557 81.51486152038828 144.2009345703124 0 233 2.8329 0.0 8.181805246746432 0.0 4.0 
466 8498422.3 95.25419009706557 81.51486152038828 144.2009345703124 0 233 2.8329 0.0 8.181805246746432 0.0 4.0 
467 8498455.7 95.25419009706557 81.51486152038828 144.2009345703124 0 233 2.8329 0.0 8.181805246746432 0.0 4.0 
468 8498489.0 95.25977596723864 81.51486152038828 144.2009345703124 0 233 2.8329 0.0 8.181805246746432 0.0 4.0 
469 8498522.4 95.25977596723864 81.50925907579531 144.2009345703124 0 233 2.8329 0.0 8.181805246746432 0.0 4.0 
470 8498555.7 95.25977596723864 81.50925907579531 144.2009345703124 0 233 2.8329 0.0 8.181805246746432 0.0 4.0 
471 8498589.0 95.25977596723864 81.50925907579531 144.2009345703124 0 233 2.8329 0.0 8.181805246746432 0.0 4.0 
472 8498622.4 95.26387110906661 81.50925907579531 144.2009345703124 0 233 2.8329 0.0 8.181805246746432 0.0 4.0 
473 8498655.7 95.26387110906661 81.50548914581059 144.2009345703124 0 233 2.8329 0.0 8.181805246746432 0.0 4.0 
474 8498689.0 95.26387110906661 81.50548914581059 144.2009345703124 0 233 2.8329 0.0 8.181805246746432 0.0 4.0 
475 8498722.4 95.26387110906661 81.50548914581059 144.2009345703124 0 233 2.8329 0.0 8.181805246746432 0.0 4.0 
476 8498755.7 95.26387110906661 81.50548914581059 144.2009345703124 0 233 2.8329 0.0 8.181805246746432 0.0 4.0 
477 8498789.0 95.26174268270762 81.51133731381164 144.2009345703124 0 233 2.8329 0.0 8.181805246746432 0.0 4.0 
478 8498822.4 95.26174268270762 81.51133731381164 144.2009345703124 0 233 2.8329 0.0 8.181805246746432 0.0 4.0 
479 8498855.7 95.26174268270762 81.51133731381164 144.2009345703124 0 233 2.8329 0.0 8.181805246746432 0.0 4.0 
480 8498889.1 95.26174268270762 81.51133731381164 144.2009345703124 0 233 2.8329 0.0 8.181805246746432 0.0 4.0 
481 8498922.4 95.25821289318013 81.51133731381164 144.2009345703124 0 233 2.8329 0.0 8.181805246746432 0.0 4.0 
482 8498955.7 95.25821289318013 81.51919418901583 144.2009345703124 0 233 2.8329 0.0 8.181805246746432 0.0 4.0 
483 8498989.1 95.25821289318013 81.51919418901583 144.2009345703124 0 233 2.8329 0.0 8.181805246746432 0.0 4.0 
484 8499022.4 95.25821289318013 81.51919418901583 144.2009345703124 0 233 2.8329 0.0 8.181805246746432 0.0 4.0 
485 8499055.7 95.25672977415833 81.51919418901583 144.2009345703124 0 233 2.8329 0.0 8.181805246746432 0.0 4.0 
486 8499089.1 95.25672977415833 81.53097259972907 144.2009345703124 0 233 2.8329 0.0 8.181805246746432 0.0 4.0 
487 8499122.4 95.25672977415833 81.53097259972907 144.2009345703124 0 233 2.8329 0.0 8.181805246746432 0.0 4.0 
488 8499155.7 95.25672977415833 81.53824262685076 144.2009345703124 0 233 2.8329 0.0 8.181805246746432 0.0 4.0 
489 8499189.1 95.25672977415833 81.53824262685076 144.2009345703124 0 233 2.8329 0.0 8.181805246746432 0.0 4.0 
490 8499222.4 95.25672977415833 81.53824262685076 144.2009345703124 0 233 2.8329 0.0 8.181805246746432 0.0 4.0 
491 8499255.7 95.25672977415833 81.53618427357824 144.2009345703124 0 233 2.8329 0.0 8.181805246746432 0.0 4.0 
492 8499289.1 95.25672977415833 81.53618427357824 144.2009345703124 0 233 2.8329 0.0 8.181805246746432 0.0 4.0 
493 8499322.4 95.25672977415833 81.53618427357824 144.2009345703124 0 233 2.8329 0.0 8.181805246746432 0.0 4.0 
494 8499355.8 95.26043513752032 81.53618427357824 144.2009345703124 0 233 2.8329 0.0 8.181805246746432 0.0 4.0 
495 8499389.1 95.26043513752032 81.51807063154195 144.2009345703124 0 233 2.8329 0.0 8.181805246746432 0.0 4.0 
496 8499422.4 95.26043513752032 81.51807063154195 144.2009345703124 0 233 2.8329 0.0 8.181805246746432 0.0 4.0 
497 8499455.8 95.26043513752032 81.51807063154195 144.2009345703124 0 233 2.8329 0.0 8.181805246746432 0.0 4.0 
498 8499489.1 95.27145208447591 81.51807063154195 144.2009345703124 0 233 2.8329 0.0 8.181805246746432 0.0 4.0 
499 8499522.4 95.27145208447591 81.48421156510113 144.2009345703124 0 233 2.8329 0.0 8.181805246746432 0.0 4.0 
500 8499555.8 95.27145208447591 81.48421156510113 144.2009345703124 0 233 2.8329 0.0 8.181805246746432 0.0 4.0 
501 8499589.1 95.27145208447591 81.48421156510113 144.2009345703124 0 233 2.8329 0.0 8.181805246746432 0.0 4.0 
502 8499622.4 95.28408615591563 81.4490447686438 144.2009345703124 0 233 2.8329 0.0 8.181805246746432 0.0 4.0 
503 8499655.8 95.28408615591563 81.4490447686438 144.2009345703124 0 233 2.8329 0.0 8.181805246746432 0.0 4.0 
504 8499689.1 95.28408615591563 81.4490447686438 144.2009345703124 0 233 2.8329 0.0 8.181805246746432 0.0 4.0 
505 8499722.5 95.28408615591563 81.4490447686438 144.2009345703124 0 233 2.8329 0.0 8.181805246746432 0.0 4.0 
506 8499755.8 95.29242192520852 81.4490447686438 144.2009345703124 0 233 2.8329 0.0 8.181805246746432 0.0 4.0 
507 8499789.1 95.29242192520852 81.42488441375426 144.2009345703124 0 233 2.8329 0.0 8.181805246746432 0.0 4.0 
508 8499822.5 95.29242192520852 81.42488441375426 144.2009345703124 0 233 2.8329 0.0 8.181805246746432 0.0 4.0 
509 8499855.8 95.29539688105332 81.42488441375426 144.2009345703124 0 233 2.8329 0.0 8.181805246746432 0.0 4.0 
510 8499889.1 95.29539688105332 81.40699737439178 144.2009345703124 0 233 2.8329 0.0 8.181805246746432 0.0 4.0 
511 8499922.5 95.29539688105332 81.40699737439178 144.2009345703124 0 233 2.8329 0.0 8.181805246746432 0.0 4.0 
512 8499955.8 95.29539688105332 81.38695786365206 144.2009345703124 0 233 2.8329 0.0 8.181805246746432 0.0 4.0 
513 8499989.1 95.29539688105332 81.38695786365206 144.2009345703124 0 233 2.8329 0.0 8.181805246746432 0.0 4.0 
514 8500022.5 95.29539688105332 81.38695786365206 144.2009345703124 0 233 2.8329 0.0 8.181805246746432 0.0 4.0 
515 8500055.8 95.29290868931784 81.38695786365206 144.2009345703124 0 233 2.8329 0.0 8.181805246746432 0.0 4.0 
516 8500089.1 95.29290868931784 81.38145737798344 144.2009345703124 0 233 2.8329 0.0 8.181805246746432 0.0 4.0 
517 8500122.5 95.29290868931784 81.38145737798344 144.2009345703124 0 233 2.8329 0.0 8.181805246746432 0.0 4.0 
518 8500155.8 95.29125730061037 81.38145737798344 144.2009345703124 0 233 2.8329 0.0 8.181805246746432 0.0 4.0 
519 8500189.2 95.29125730061037 81.37232218967725 144.2009345703124 0 233 2.8329 0.0 8.181805246746432 0.0 4.0 
520 8500222.5 95.29125730061037 81.37232218967725 144.2009345703124 0 233 2.8329 0.0 8.181805246746432 0.0 4.0 
521 8500255.8 95.29125730061037 81.36814589897658 144.2009345703124 0 233 2.8329 0.0 8.181805246746432 0.0 4.0 
522 8500289.2 95.29125730061037 81.36814589897658 144.2009345703124 0 233 2.8329 0.0 8.181805246746432 0.0 4.0 
523 8500322.5 95.29125730061037 81.36257270715477 144.2009345703124 0 233 2.8329 0.0 8.181805246746432 0.0 4.0 
524 8500355.8 95.29125730061037 81.36257270715477 144.2009345703124 0 233 2.8329 0.0 8.181805246746432 0.0 4.0 
525 8500389.2 95.28998972859752 81.35912410148654 144.2009345703124 0 233 2.8329 0.0 8.181805246746432 0.0 4.0 
526 8500422.5 95.28998972859752 81.35912410148654 144.2009345703124 0 233 2.8329 0.0 8.181805246746432 0.0 4.0 
527 8500455.8 95.28998972859752 81.35912410148654 144.2009345703124 0 233 2.8329 0.0 8.181805246746432 0.0 4.0 
528 8500489.2 95.28607276911247 81.35912410148654 144.2009345703124 0 233 2.8329 0.0 8.181805246746432 0.0 4.0 
529 8500522.5 95.28607276911247 81.35036647767052 144.2009345703124 0 233 2.8329 0.0 8.181805246746432 0.0 4.0 
530 8500555.9 95.28607276911247 81.35036647767052 144.2009345703124 0 233 2.8329 0.0 8.181805246746432 0.0 4.0 
531 8500589.2 95.27873593929198 81.35036647767052 144.2009345703124 0 233 2.8329 0.0 8.181805246746432 0.0 4.0 
532 8500622.5 95.27873593929198 81.33994449557834 144.2009345703124 0 233 2.8329 0.0 8.181805246746432 0.0 4.0 
533 8500655.9 95.27873593929198 81.33994449557834 144.2009345703124 0 233 2.8329 0.0 8.181805246746432 0.0 4.0 
534 8500689.2 95.27873593929198 81.33994449557834 144.2009345703124 0 233 2.8329 0.0 8.181805246746432 0.0 4.0 
535 8500722.5 95.27360828007791 81.33994449557834 144.2009345703124 0 233 2.8329 0.0 8.181805246746432 0.0 4.0 
536 8500755.9 95.27360828007791 81.33521412183131 144.2009345703124 0 233 2.8329 0.0 8.181805246746432 0.0 4.0 
537 8500789.2 95.27360828007791 81.33521412183131 144.2009345703124 0 233 2.8329 0.0 8.181805246746432 0.0 4.0 
538 8500822.5 95.27360828007791 81.33521412183131 144.2009345703124 0 233 2.8329 0.0 8.181805246746432 0.0 4.0 
539 8500855.9 95.26419684110795 81.33521412183131 144.2009345703124 0 233 2.8329 0.0 8.181805246746432 0.0 4.0 
540 8500889.2 95.26419684110795 81.32367039445508 144.2009345703124 0 233 2.8329 0.0 8.181805246746432 0.0 4.0 
541 8500922.5 95.26419684110795 81.32367039445508 144.2009345703124 0 233 2.8329 0.0 8.181805246746432 0.0 4.0 
542 8500955.9 95.25308488704567 81.32367039445508 144.2009345703124 0 233 2.8329 0.0 8.181805246746432 0.0 4.0 
543 8500989.2 95.25308488704567 81.31365728208475 144.2009345703124 0 233 2.8329 0.0 8.181805246746432 0.0 4.0 
544 8501022.6 95.25308488704567 81.31365728208475 144.2009345703124 0 233 2.8329 0.0 8.181805246746432 0.0 4.0 
545 8501055.9 95.25308488704567 81.31365728208475 144.2009345703124 0 233 2.8329 0.0 8.181805246746432 0.0 4.0 
546 8501089.2 95.24269691562354 81.30715788121223 144.2009345703124 0 233 2.8329 0.0 8.181805246746432 0.0 4.0 
547 8501122.6 95.24269691562354 81.30715788121223 144.2009345703124 0 233 2.8329 0.0 8.181805246746432 0.0 4.0 
548 8501155.9 95.24269691562354 81.30715788121223 144.2009345703124 0 233 2.8329 0.0 8.181805246746432 0.0 4.0 
549 8501189.2 95.22227781347627 81.29741034816792 144.2009345703124 0 233 2.8329 0.0 8.181805246746432 0.0 4.0 
550 8501222.6 95.22227781347627 81.29741034816792 144.2009345703124 0 233 2.8329 0.0 8.181805246746432 0.0 4.0 
551 8501255.9 95.22227781347627 81.29741034816792 144.2009345703124 0 233 2.8329 0.0 8.181805246746432 0.0 4.0 
552 8501289.2 95.20287782834899 81.29741034816792 144.2009345703124 0 233 2.8329 0.0 8.181805246746432 0.0 4.0 
553 8501322.6 95.20287782834899 81.2903572850005 144.2009345703124 0 233 2.8329 0.0 8.181805246746432 0.0 4.0 
554 8501355.9 95.20287782834899 81.2903572850005 144.2009345703124 0 233 2.8329 0.0 8.181805246746432 0.0 4.0 
555 8501389.3 95.20287782834899 81.2903572850005 144.2009345703124 0 233 2.8329 0.0 8.181805246746432 0.0 4.0 
556 8501422.6 95.17764081500508 81.2903572850005 144.2009345703124 0 233 2.8329 0.0 8.181805246746432 0.0 4.0 
557 8501455.9 95.17764081500508 81.27179283500195 144.2009345703124 0 233 2.8329 0.0 8.181805246746432 0.0 4.0 
558 8501489.3 95.17764081500508 81.27179283500195 144.2009345703124 0 233 2.8329 0.0 8.181805246746432 0.0 4.0 
559 8501522.6 95.17764081500508 81.27179283500195 144.2009345703124 0 233 2.8329 0.0 8.181805246746432 0.0 4.0 
560 8501555.9 95.15501631864112 81.25088757976387 144.2009345703124 0 233 2.8329 0.0 8.181805246746432 0.0 4.0 
561 8501589.3 95.15501631864112 81.25088757976387 144.2009345703124 0 233 2.8329 0.0 8.181805246746432 0.0 4.0 
562 8501622.6 95.15501631864112 81.25088757976387 144.2009345703124 0 233 2.8329 0.0 8.181805246746432 0.0 4.0 
563 8501655.9 95.14281995675864 81.23378577766863 144.2009345703124 0 233 2.8329 0.0 8.181805246746432 0.0 4.0 
564 8501689.3 95.14281995675864 81.23378577766863 144.2009345703124 0 233 2.8329 0.0 8.181805246746432 0.0 4.0 
565 8501722.6 95.14281995675864 81.23378577766863 144.2009345703124 0 233 2.8329 0.0 8.181805246746432 0.0 4.0 
566 8501755.9 95.13873410885304 81.23378577766863 144.2009345703124 0 233 2.8329 0.0 8.181805246746432 0.0 4.0 
567 8501789.3 95.13873410885304 81.2275072290801 144.2009345703124 0 233 2.8329 0.0 8.181805246746432 0.0 4.0 
568 8501822.6 95.13873410885304 81.2275072290801 144.2009345703124 0 233 2.8329 0.0 8.181805246746432 0.0 4.0 
569 8501856.0 95.13539231455675 81.2275072290801 144.2009345703124 0 233 2.8329 0.0 8.181805246746432 0.0 4.0 
570 8501889.3 95.13539231455675 81.20890389120105 144.2009345703124 0 233 2.8329 0.0 8.181805246746432 0.0 4.0 
571 8501922.6 95.13539231455675 81.20890389120105 144.2009345703124 0 233 2.8329 0.0 8.181805246746432 0.0 4.0 
572 8501956.0 95.13539231455675 81.20890389120105 144.2009345703124 0 233 2.8329 0.0 8.181805246746432 0.0 4.0 
573 8501989.3 95.13539231455675 81.19595465978851 144.2009345703124 0 233 2.8329 0.0 8.181805246746432 0.0 4.0 
574 8502022.6 95.13539231455675 81.19595465978851 144.2009345703124 0 233 2.8329 0.0 8.181805246746432 0.0 4.0 
575 8502056.0 95.13539231455675 81.19595465978851 144.2009345703124 0 233 2.8329 0.0 8.181805246746432 0.0 4.0 
576 8502089.3 95.13539231455675 81.18542801622705 144.2009345703124 0 233 2.8329 0.0 8.181805246746432 0.0 4.0 
577 8502122.6 95.13539231455675 81.18542801622705 144.2009345703124 0 233 2.8329 0.0 8.181805246746432 0.0 4.0 
578 8502156.0 95.13539231455675 81.18542801622705 144.2009345703124 0 233 2.8329 0.0 8.181805246746432 0.0 4.0 
579 8502189.3 95.13709003194082 81.18542801622705 144.2009345703124 0 233 2.8329 0.0 8.181805246746432 0.0 4.0 
580 8502222.7 95.13709003194082 81.18209205703762 144.2009345703124 0 233 2.8329 0.0 8.181805246746432 0.0 4.0 
581 8502256.0 95.13709003194082 81.18209205703762 144.2009345703124 0 233 2.8329 0.0 8.181805246746432 0.0 4.0 
582 8502289.3 95.14131595880963 81.16982394733874 144.2009345703124 0 233 2.8329 0.0 8.181805246746432 0.0 4.0 
583 8502322.7 95.14131595880963 81.16982394733874 144.2009345703124 0 233 2.8329 0.0 8.181805246746432 0.0 4.0 
584 8502356.0 95.14131595880963 81.16982394733874 144.2009345703124 0 233 2.8329 0.0 8.181805246746432 0.0 4.0 
585 8502389.3 95.14131595880963 81.16982394733874 144.2009345703124 0 233 2.8329 0.0 8.181805246746432 0.0 4.0 
586 8502422.7 95.14808381727433 81.15258002721177 144.2009345703124 0 233 2.8329 0.0 8.181805246746432 0.0 4.0 
587 8502456.0 95.14808381727433 81.15258002721177 144.2009345703124 0 233 2.8329 0.0 8.181805246746432 0.0 4.0 
588 8502489.3 95.14808381727433 81.15258002721177 144.2009345703124 0 233 2.8329 0.0 8.181805246746432 0.0 4.0 
589 8502522.7 95.1531680855389 81.15258002721177 144.2009345703124 0 233 2.8329 0.0 8.181805246746432 0.0 4.0 
590 8502556.0 95.1531680855389 81.14245935658406 144.2009345703124 0 233 2.8329 0.0 8.181805246746432 0.0 4.0 
591 8502589.3 95.1531680855389 81.14245935658406 144.2009345703124 0 233 2.8329 0.0 8.181805246746432 0.0 4.0 
592 8502622.7 95.1531680855389 81.14245935658406 144.2009345703124 0 233 2.8329 0.0 8.181805246746432 0.0 4.0 
593 8502656.0 95.15753111472644 81.14245935658406 144.2009345703124 0 233 2.8329 0.0 8.181805246746432 0.0 4.0 
594 8502689.4 95.15753111472644 81.13418315215077 144.2009345703124 0 233 2.8329 0.0 8.181805246746432 0.0 4.0 
595 8502722.7 95.15753111472644 81.13418315215077 144.2009345703124 0 233 2.8329 0.0 8.181805246746432 0.0 4.0 
596 8502756.0 95.15753111472644 81.13418315215077 144.2009345703124 0 233 2.8329 0.0 8.181805246746432 0.0 4.0 
597 8502789.4 95.16486614140574 81.13418315215077 144.2009345703124 0 233 2.8329 0.0 8.181805246746432 0.0 4.0 
598 8502822.7 95.16486614140574 81.11775923969516 144.2009345703124 0 233 2.8329 0.0 8.181805246746432 0.0 4.0 
599 8502856.0 95.16486614140574 81.11775923969516 144.2009345703124 0 233 2.8329 0.0 8.181805246746432 0.0 4.0 
600 8502889.4 95.16486614140574 81.11775923969516 144.2009345703124 0 233 2.8329 0.0 8.181805246746432 0.0 4.0 
601 8502922.7 95.17421546228235 81.10651215955312 144.2009345703124 0 233 2.8329 0.0 8.181805246746432 0.0 4.0 
602 8502956.0 95.17421546228235 81.10651215955312 144.2009345703124 0 233 2.8329 0.0 8.181805246746432 0.0 4.0 
603 8502989.4 95.17421546228235 81.10651215955312 144.2009345703124 0 233 2.8329 0.0 8.181805246746432 0.0 4.0 
604 8503022.7 95.17421546228235 81.10651215955312 144.2009345703124 0 233 2.8329 0.0 8.181805246746432 0.0 4.0 
605 8503056.1 95.18031423484244 81.10651215955312 144.2009345703124 0 233 2.8329 0.0 8.181805246746432 0.0 4.0 
606 8503089.4 95.18031423484244 81.1023075294788 144.2009345703124 0 233 2.8329 0.0 8.181805246746432 0.0 4.0 
607 8503122.7 95.18031423484244 81.1023075294788 144.2009345703124 0 233 2.8329 0.0 8.181805246746432 0.0 4.0 
608 8503156.1 95.18031423484244 81.1023075294788 144.2009345703124 0 233 2.8329 0.0 8.181805246746432 0.0 4.0 
609 8503189.4 95.18290969611608 81.1023075294788 144.2009345703124 0 233 2.8329 0.0 8.181805246746432 0.0 4.0 
610 8503222.7 95.18290969611608 81.0972557829547 144.2009345703124 0 233 2.8329 0.0 8.181805246746432 0.0 4.0 
611 8503256.1 95.18290969611608 81.0972557829547 144.2009345703124 0 233 2.8329 0.0 8.181805246746432 0.0 4.0 
612 8503289.4 95.18918381346538 81.09074919591053 144.2009345703124 0 233 2.8329 0.0 8.181805246746432 0.0 4.0 
613 8503322.7 95.18918381346538 81.09074919591053 144.2009345703124 0 233 2.8329 0.0 8.181805246746432 0.0 4.0 
614 8503356.1 95.18918381346538 81.09074919591053 144.2009345703124 0 233 2.8329 0.0 8.181805246746432 0.0 4.0 
615 8503389.4 95.19725668168829 81.09074919591053 144.2009345703124 0 233 2.8329 0.0 8.181805246746432 0.0 4.0 
616 8503422.7 95.19725668168829 81.08373206602201 144.2009345703124 0 233 2.8329 0.0 8.181805246746432 0.0 4.0 
617 8503456.1 95.19725668168829 81.08373206602201 144.2009345703124 0 233 2.8329 0.0 8.181805246746432 0.0 4.0 
618 8503489.4 95.19725668168829 81.08373206602201 144.2009345703124 0 233 2.8329 0.0 8.181805246746432 0.0 4.0 
619 8503522.8 95.20580702654969 81.08373206602201 144.2009345703124 0 233 2.8329 0.0 8.181805246746432 0.0 4.0 
620 8503556.1 95.20580702654969 81.07579542710629 144.2009345703124 0 233 2.8329 0.0 8.181805246746432 0.0 4.0 
621 8503589.4 95.20580702654969 81.07579542710629 144.2009345703124 0 233 2.8329 0.0 8.181805246746432 0.0 4.0 
622 8503622.8 95.20580702654969 81.07579542710629 144.2009345703124 0 233 2.8329 0.0 8.181805246746432 0.0 4.0 
623 8503656.1 95.2204496247427 81.07579542710629 144.2009345703124 0 233 2.8329 0.0 8.181805246746432 0.0 4.0 
624 8503689.4 95.2204496247427 81.06390506535026 144.2009345703124 0 233 2.8329 0.0 8.181805246746432 0.0 4.0 
625 8503722.8 95.2204496247427 81.06390506535026 144.2009345703124 0 233 2.8329 0.0 8.181805246746432 0.0 4.0 
626 8503756.1 95.2204496247427 81.06390506535026 144.2009345703124 0 233 2.8329 0.0 8.181805246746432 0.0 4.0 
627 8503789.4 95.23397978208723 81.0546797625794 144.2009345703124 0 233 2.8329 0.0 8.181805246746432 0.0 4.0 
628 8503822.8 95.23397978208723 81.0546797625794 144.2009345703124 0 233 2.8329 0.0 8.181805246746432 0.0 4.0 
629 8503856.1 95.23397978208723 81.0546797625794 144.2009345703124 0 233 2.8329 0.0 8.181805246746432 0.0 4.0 
630 8503889.5 95.24161773357143 81.0546797625794 144.2009345703124 0 233 2.8329 0.0 8.181805246746432 0.0 4.0 
631 8503922.8 95.24161773357143 81.05027821597811 144.2009345703124 0 233 2.8329 0.0 8.181805246746432 0.0 4.0 
632 8503956.1 95.24161773357143 81.05027821597811 144.2009345703124 0 233 2.8329 0.0 8.181805246746432 0.0 4.0 
633 8503989.5 95.24161773357143 81.05027821597811 144.2009345703124 0 233 2.8329 0.0 8.181805246746432 0.0 4.0 
634 8504022.8 95.25318301685226 81.05027821597811 144.2009345703124 0 233 2.8329 0.0 8.181805246746432 0.0 4.0 
635 8504056.1 95.25318301685226 81.0429402791606 144.2009345703124 0 233 2.8329 0.0 8.181805246746432 0.0 4.0 
636 8504089.5 95.25318301685226 81.0429402791606 144.2009345703124 0 233 2.8329 0.0 8.181805246746432 0.0 4.0 
637 8504122.8 95.2639894241226 81.0429402791606 144.2009345703124 0 233 2.8329 0.0 8.181805246746432 0.0 4.0 
638 8504156.1 95.2639894241226 81.03638473343774 144.2009345703124 0 233 2.8329 0.0 8.181805246746432 0.0 4.0 
639 8504189.5 95.2639894241226 81.03638473343774 144.2009345703124 0 233 2.8329 0.0 8.181805246746432 0.0 4.0 
640 8504222.8 95.2639894241226 81.03638473343774 144.2009345703124 0 233 2.8329 0.0 8.181805246746432 0.0 4.0 
641 8504256.1 95.26848513655364 81.03638473343774 144.2009345703124 0 233 2.8329 0.0 8.181805246746432 0.0 4.0 
642 8504289.5 95.26848513655364 81.0324221813336 144.2009345703124 0 233 2.8329 0.0 8.181805246746432 0.0 4.0 
643 8504322.8 95.26848513655364 81.0324221813336 144.2009345703124 0 233 2.8329 0.0 8.181805246746432 0.0 4.0 
644 8504356.2 95.26708157374647 81.0324221813336 144.2009345703124 0 233 2.8329 0.0 8.181805246746432 0.0 4.0 
645 8504389.5 95.26708157374647 81.0324221813336 144.2009345703124 0 233 2.8329 0.0 8.181805246746432 0.0 4.0 
646 8504422.8 95.26708157374647 81.0324221813336 144.2009345703124 0 233 2.8329 0.0 8.181805246746432 0.0 4.0 
647 8504456.2 95.25940981787362 81.0324221813336 144.2009345703124 0 233 2.8329 0.0 8.181805246746432 0.0 4.0 
648 8504489.5 95.25940981787362 81.03389139302526 144.2009345703124 0 233 2.8329 0.0 8.181805246746432 0.0 4.0 
649 8504522.8 95.25940981787362 81.03389139302526 144.2009345703124 0 233 2.8329 0.0 8.181805246746432 0.0 4.0 
650 8504556.2 95.23994224401679 81.04011538901139 144.2009345703124 0 233 2.8329 0.0 8.181805246746432 0.0 4.0 
651 8504589.5 95.23994224401679 81.04011538901139 144.2009345703124 0 233 2.8329 0.0 8.181805246746432 0.0 4.0 
652 8504622.8 95.23994224401679 81.04011538901139 144.2009345703124 0 233 2.8329 0.0 8.181805246746432 0.0 4.0 
653 8504656.2 95.23994224401679 81.04011538901139 144.2009345703124 0 233 2.8329 0.0 8.181805246746432 0.0 4.0 
654 8504689.5 95.22788413289393 81.04011538901139 144.2009345703124 0 233 2.8329 0.0 8.181805246746432 0.0 4.0 
655 8504722.9 95.22788413289393 81.04584905159403 144.2009345703124 0 233 2.8329 0.0 8.181805246746432 0.0 4.0 
656 8504756.2 95.22788413289393 81.04584905159403 144.2009345703124 0 233 2.8329 0.0 8.181805246746432 0.0 4.0 
657 8504789.5 95.21069537346614 81.04584905159403 144.2009345703124 0 233 2.8329 0.0 8.181805246746432 0.0 4.0 
658 8504822.9 95.21069537346614 81.05064138824748 144.2009345703124 0 233 2.8329 0.0 8.181805246746432 0.0 4.0 
659 8504856.2 95.21069537346614 81.05064138824748 144.2009345703124 0 233 2.8329 0.0 8.181805246746432 0.0 4.0 
660 8504889.5 95.21069537346614 81.05064138824748 144.2009345703124 0 233 2.8329 0.0 8.181805246746432 0.0 4.0 
661 8504922.9 95.19764428648227 81.05818543549998 144.2009345703124 0 233 2.8329 0.0 8.181805246746432 0.0 4.0 
662 8504956.2 95.19764428648227 81.05818543549998 144.2009345703124 0 233 2.8329 0.0 8.181805246746432 0.0 4.0 
663 8504989.5 95.19764428648227 81.05818543549998 144.2009345703124 0 233 2.8329 0.0 8.181805246746432 0.0 4.0 
664 8505022.9 95.19764428648227 81.05818543549998 144.2009345703124 0 233 2.8329 0.0 8.181805246746432 0.0 4.0 
665 8505056.2 95.19764428648227 81.06177129916814 144.2009345703124 0 233 2.8329 0.0 8.181805246746432 0.0 4.0 
666 8505089.5 95.19764428648227 81.06177129916814 144.2009345703124 0 233 2.8329 0.0 8.181805246746432 0.0 4.0 
667 8505122.9 95.19764428648227 81.06177129916814 144.2009345703124 0 233 2.8329 0.0 8.181805246746432 0.0 4.0 
668 8505156.2 95.19159172913027 81.06177129916814 144.2009345703124 0 233 2.8329 0.0 8.181805246746432 0.0 4.0 
669 8505189.6 95.19159172913027 81.06463012193325 144.2009345703124 0 233 2.8329 0.0 8.181805246746432 0.0 4.0 
670 8505222.9 95.19159172913027 81.06463012193325 144.2009345703124 0 233 2.8329 0.0 8.181805246746432 0.0 4.0 
671 8505256.2 95.19159172913027 81.06463012193325 144.2009345703124 0 233 2.8329 0.0 8.181805246746432 0.0 4.0 
672 8505289.6 95.17619366089613 81.06576837375391 144.2009345703124 0 233 2.8329 0.0 8.181805246746432 0.0 4.0 
673 8505322.9 95.17619366089613 81.06576837375391 144.2009345703124 0 233 2.8329 0.0 8.181805246746432 0.0 4.0 
674 8505356.2 95.17619366089613 81.06576837375391 144.2009345703124 0 233 2.8329 0.0 8.181805246746432 0.0 4.0 
675 8505389.6 95.17619366089613 81.06576837375391 144.2009345703124 0 233 2.8329 0.0 8.181805246746432 0.0 4.0 
676 8505422.9 95.15763213896128 81.06576837375391 144.2009345703124 0 233 2.8329 0.0 8.181805246746432 0.0 4.0 
677 8505456.2 95.15763213896128 81.0644426441025 144.2009345703124 0 233 2.8329 0.0 8.181805246746432 0.0 4.0 
678 8505489.6 95.15763213896128 81.0644426441025 144.2009345703124 0 233 2.8329 0.0 8.181805246746432 0.0 4.0 
679 8505522.9 95.15763213896128 81.0644426441025 144.2009345703124 0 233 2.8329 0.0 8.181805246746432 0.0 4.0 
680 8505556.3 95.13846833298163 81.0644426441025 144.2009345703124 0 233 2.8329 0.0 8.181805246746432 0.0 4.0 
681 8505589.6 95.13846833298163 81.0588255165113 144.2009345703124 0 233 2.8329 0.0 8.181805246746432 0.0 4.0 
682 8505622.9 95.13846833298163 81.0588255165113 144.2009345703124 0 233 2.8329 0.0 8.181805246746432 0.0 4.0 
683 8505656.3 95.1261086810092 81.05206477156688 144.2009345703124 0 233 2.8329 0.0 8.181805246746432 0.0 4.0 
684 8505689.6 95.1261086810092 81.05206477156688 144.2009345703124 0 233 2.8329 0.0 8.181805246746432 0.0 4.0 
685 8505722.9 95.1261086810092 81.05206477156688 144.2009345703124 0 233 2.8329 0.0 8.181805246746432 0.0 4.0 
686 8505756.3 95.1261086810092 81.05206477156688 144.2009345703124 0 233 2.8329 0.0 8.181805246746432 0.0 4.0 
687 8505789.6 95.11007350404316 81.04055190580216 144.2009345703124 0 233 2.8329 0.0 8.181805246746432 0.0 4.0 
688 8505822.9 95.11007350404316 81.04055190580216 144.2009345703124 0 233 2.8329 0.0 8.181805246746432 0.0 4.0 
689 8505856.3 95.11007350404316 81.04055190580216 144.2009345703124 0 233 2.8329 0.0 8.181805246746432 0.0 4.0 
690 8505889.6 95.11007350404316 81.04055190580216 144.2009345703124 0 233 2.8329 0.0 8.181805246746432 0.0 4.0 
691 8505922.9 95.09562190903085 81.04055190580216 144.2009345703124 0 233 2.8329 0.0 8.181805246746432 0.0 4.0 
692 8505956.3 95.09562190903085 81.03088890005687 144.2009345703124 0 233 2.8329 0.0 8.181805246746432 0.0 4.0 
693 8505989.6 95.09562190903085 81.03088890005687 144.2009345703124 0 233 2.8329 0.0 8.181805246746432 0.0 4.0 
694 8506023.0 95.09562190903085 81.03088890005687 144.2009345703124 0 233 2.8329 0.0 8.181805246746432 0.0 4.0 
695 8506056.3 95.07696522431324 81.0199553945547 144.2009345703124 0 233 2.8329 0.0 8.181805246746432 0.0 4.0 
696 8506089.6 95.07696522431324 81.0199553945547 144.2009345703124 0 233 2.8329 0.0 8.181805246746432 0.0 4.0 
697 8506123.0 95.07696522431324 81.0199553945547 144.2009345703124 0 233 2.8329 0.0 8.181805246746432 0.0 4.0 
698 8506156.3 95.07696522431324 81.0199553945547 144.2009345703124 0 233 2.8329 0.0 8.181805246746432 0.0 4.0 
699 8506189.6 95.05690047063737 81.0199553945547 144.2009345703124 0 233 2.8329 0.0 8.181805246746432 0.0 4.0 
700 8506223.0 95.05690047063737 81.01258674822107 144.2009345703124 0 233 2.8329 0.0 8.181805246746432 0.0 4.0 
701 8506256.3 95.05690047063737 81.01258674822107 144.2009345703124 0 233 2.8329 0.0 8.181805246746432 0.0 4.0 
702 8506289.6 95.05690047063737 81.01258674822107 144.2009345703124 0 233 2.8329 0.0 8.181805246746432 0.0 4.0 
703 8506323.0 95.05690047063737 81.01258674822107 144.2009345703124 0 233 2.8329 0.0 8.181805246746432 0.0 4.0 
704 8506356.3 95.03497688203456 81.01258674822107 144.2009345703124 0 233 2.8329 0.0 8.181805246746432 0.0 4.0 
705 8506389.7 95.03497688203456 81.00202143880018 144.2009345703124 0 233 2.8329 0.0 8.181805246746432 0.0 4.0 
706 8506423.0 95.03497688203456 81.00202143880018 144.2009345703124 0 233 2.8329 0.0 8.181805246746432 0.0 4.0 
707 8506456.3 95.03497688203456 81.00202143880018 144.2009345703124 0 233 2.8329 0.0 8.181805246746432 0.0 4.0 
708 8506489.7 95.01899450757597 80.99279282041665 144.2009345703124 0 233 2.8329 0.0 8.181805246746432 0.0 4.0 
709 8506523.0 95.01899450757597 80.99279282041665 144.2009345703124 0 233 2.8329 0.0 8.181805246746432 0.0 4.0 
710 8506556.3 95.01899450757597 80.99279282041665 144.2009345703124 0 233 2.8329 0.0 8.181805246746432 0.0 4.0 
711 8506589.7 95.01899450757597 80.99279282041665 144.2009345703124 0 233 2.8329 0.0 8.181805246746432 0.0 4.0 
712 8506623.0 95.00359732471223 80.99279282041665 144.2009345703124 0 233 2.8329 0.0 8.181805246746432 0.0 4.0 
713 8506656.3 95.00359732471223 80.98292446365531 144.2009345703124 0 233 2.8329 0.0 8.181805246746432 0.0 4.0 
714 8506689.7 95.00359732471223 80.98292446365531 144.2009345703124 0 233 2.8329 0.0 8.181805246746432 0.0 4.0 
715 8506723.0 95.00359732471223 80.98292446365531 144.2009345703124 0 233 2.8329 0.0 8.181805246746432 0.0 4.0 
716 8506756.3 94.98635992826911 80.98292446365531 144.2009345703124 0 233 2.8329 0.0 8.181805246746432 0.0 4.0 
717 8506789.7 94.98635992826911 80.97001984089906 144.2009345703124 0 233 2.8329 0.0 8.181805246746432 0.0 4.0 
718 8506823.0 94.98635992826911 80.97001984089906 144.2009345703124 0 233 2.8329 0.0 8.181805246746432 0.0 4.0 
719 8506856.4 94.97534561847243 80.96185983969872 144.2009345703124 0 233 2.8329 0.0 8.181805246746432 0.0 4.0 
720 8506889.7 94.97534561847243 80.96185983969872 144.2009345703124 0 233 2.8329 0.0 8.181805246746432 0.0 4.0 
721 8506923.0 94.97534561847243 80.96185983969872 144.2009345703124 0 233 2.8329 0.0 8.181805246746432 0.0 4.0 
722 8506956.4 94.96625025841365 80.95651579809879 144.2009345703124 0 233 2.8329 0.0 8.181805246746432 0.0 4.0 
723 8506989.7 94.96625025841365 80.95651579809879 144.2009345703124 0 233 2.8329 0.0 8.181805246746432 0.0 4.0 
724 8507023.0 94.96625025841365 80.95651579809879 144.2009345703124 0 233 2.8329 0.0 8.181805246746432 0.0 4.0 
725 8507056.4 94.96131400667727 80.95651579809879 144.2009345703124 0 233 2.8329 0.0 8.181805246746432 0.0 4.0 
726 8507089.7 94.96131400667727 80.9533947677915 144.2009345703124 0 233 2.8329 0.0 8.181805246746432 0.0 4.0 
727 8507123.0 94.96131400667727 80.9533947677915 144.2009345703124 0 233 2.8329 0.0 8.181805246746432 0.0 4.0 
728 8507156.4 94.95452770753491 80.9533947677915 144.2009345703124 0 233 2.8329 0.0 8.181805246746432 0.0 4.0 
729 8507189.7 94.95452770753491 80.94820350627218 144.2009345703124 0 233 2.8329 0.0 8.181805246746432 0.0 4.0 
730 8507223.1 94.95452770753491 80.94820350627218 144.2009345703124 0 233 2.8329 0.0 8.181805246746432 0.0 4.0 
731 8507256.4 94.95452770753491 80.94820350627218 144.2009345703124 0 233 2.8329 0.0 8.181805246746432 0.0 4.0 
732 8507289.7 94.94471794766804 80.93994965953793 144.2009345703124 0 233 2.8329 0.0 8.181805246746432 0.0 4.0 
733 8507323.1 94.94471794766804 80.93994965953793 144.2009345703124 0 233 2.8329 0.0 8.181805246746432 0.0 4.0 
734 8507356.4 94.94471794766804 80.93994965953793 144.2009345703124 0 233 2.8329 0.0 8.181805246746432 0.0 4.0 
735 8507389.7 94.94471794766804 80.93994965953793 144.2009345703124 0 233 2.8329 0.0 8.181805246746432 0.0 4.0 
736 8507423.1 94.93288599106494 80.93994965953793 144.2009345703124 0 233 2.8329 0.0 8.181805246746432 0.0 4.0 
737 8507456.4 94.93288599106494 80.93242339118105 144.2009345703124 0 233 2.8329 0.0 8.181805246746432 0.0 4.0 
738 8507489.7 94.93288599106494 80.93242339118105 144.2009345703124 0 233 2.8329 0.0 8.181805246746432 0.0 4.0 
739 8507523.1 94.92240362028093 80.93242339118105 144.2009345703124 0 233 2.8329 0.0 8.181805246746432 0.0 4.0 
740 8507556.4 94.92240362028093 80.92571329671814 144.2009345703124 0 233 2.8329 0.0 8.181805246746432 0.0 4.0 
741 8507589.7 94.92240362028093 80.92571329671814 144.2009345703124 0 233 2.8329 0.0 8.181805246746432 0.0 4.0 
742 8507623.1 94.90101792794763 80.91612061821928 144.2009345703124 0 233 2.8329 0.0 8.181805246746432 0.0 4.0 
743 8507656.4 94.90101792794763 80.91612061821928 144.2009345703124 0 233 2.8329 0.0 8.181805246746432 0.0 4.0 
744 8507689.8 94.90101792794763 80.91612061821928 144.2009345703124 0 233 2.8329 0.0 8.181805246746432 0.0 4.0 
745 8507723.1 94.87998288298309 80.9105418726287 144.2009345703124 0 233 2.8329 0.0 8.181805246746432 0.0 4.0 
746 8507756.4 94.87998288298309 80.9105418726287 144.2009345703124 0 233 2.8329 0.0 8.181805246746432 0.0 4.0 
747 8507789.8 94.87998288298309 80.9105418726287 144.2009345703124 0 233 2.8329 0.0 8.181805246746432 0.0 4.0 
748 8507823.1 94.86095338224197 80.9105418726287 144.2009345703124 0 233 2.8329 0.0 8.181805246746432 0.0 4.0 
749 8507856.4 94.86095338224197 80.9083392545921 144.2009345703124 0 233 2.8329 0.0 8.181805246746432 0.0 4.0 
750 8507889.8 94.86095338224197 80.9083392545921 144.2009345703124 0 233 2.8329 0.0 8.181805246746432 0.0 4.0 
751 8507923.1 94.86095338224197 80.9083392545921 144.2009345703124 0 233 2.8329 0.0 8.181805246746432 0.0 4.0 
752 8507956.4 94.83940637850723 80.9083392545921 144.2009345703124 0 233 2.8329 0.0 8.181805246746432 0.0 4.0 
753 8507989.8 94.83940637850723 80.90934827803102 144.2009345703124 0 233 2.8329 0.0 8.181805246746432 0.0 4.0 
754 8508023.1 94.83940637850723 80.90934827803102 144.2009345703124 0 233 2.8329 0.0 8.181805246746432 0.0 4.0 
755 8508056.5 94.83940637850723 80.90934827803102 144.2009345703124 0 233 2.8329 0.0 8.181805246746432 0.0 4.0 
756 8508089.8 94.80606162583986 80.92169510744962 144.2009345703124 0 233 2.8329 0.0 8.181805246746432 0.0 4.0 
757 8508123.1 94.80606162583986 80.92169510744962 144.2009345703124 0 233 2.8329 0.0 8.181805246746432 0.0 4.0 
758 8508156.5 94.80606162583986 80.92169510744962 144.2009345703124 0 233 2.8329 0.0 8.181805246746432 0.0 4.0 
759 8508189.8 94.79372346374322 80.93189750836909 144.2009345703124 0 233 2.8329 0.0 8.181805246746432 0.0 4.0 
760 8508223.1 94.79372346374322 80.93189750836909 144.2009345703124 0 233 2.8329 0.0 8.181805246746432 0.0 4.0 
761 8508256.5 94.79372346374322 80.93189750836909 144.2009345703124 0 233 2.8329 0.0 8.181805246746432 0.0 4.0 
762 8508289.8 94.79372346374322 80.93189750836909 144.2009345703124 0 233 2.8329 0.0 8.181805246746432 0.0 4.0 
763 8508323.1 94.77682904455973 80.93189750836909 144.2009345703124 0 233 2.8329 0.0 8.181805246746432 0.0 4.0 
764 8508356.5 94.77682904455973 80.94013943042899 144.2009345703124 0 233 2.8329 0.0 8.181805246746432 0.0 4.0 
765 8508389.8 94.77682904455973 80.94013943042899 144.2009345703124 0 233 2.8329 0.0 8.181805246746432 0.0 4.0 
766 8508423.1 94.77682904455973 80.94013943042899 144.2009345703124 0 233 2.8329 0.0 8.181805246746432 0.0 4.0 
767 8508456.5 94.75095597623468 80.95440130697267 144.2009345703124 0 233 2.8329 0.0 8.181805246746432 0.0 4.0 
768 8508489.8 94.75095597623468 80.95440130697267 144.2009345703124 0 233 2.8329 0.0 8.181805246746432 0.0 4.0 
769 8508523.2 94.75095597623468 80.95440130697267 144.2009345703124 0 233 2.8329 0.0 8.181805246746432 0.0 4.0 
770 8508556.5 94.75095597623468 80.95440130697267 144.2009345703124 0 233 2.8329 0.0 8.181805246746432 0.0 4.0 
771 8508589.8 94.73733158285113 80.95440130697267 144.2009345703124 0 233 2.8329 0.0 8.181805246746432 0.0 4.0 
772 8508623.2 94.73733158285113 80.96522198906774 144.2009345703124 0 233 2.8329 0.0 8.181805246746432 0.0 4.0 
773 8508656.5 94.73733158285113 80.96522198906774 144.2009345703124 0 233 2.8329 0.0 8.181805246746432 0.0 4.0 
774 8508689.8 94.71894404801031 80.96522198906774 144.2009345703124 0 233 2.8329 0.0 8.181805246746432 0.0 4.0 
775 8508723.2 94.71894404801031 80.97768946273142 144.2009345703124 0 233 2.8329 0.0 8.181805246746432 0.0 4.0 
776 8508756.5 94.71894404801031 80.97768946273142 144.2009345703124 0 233 2.8329 0.0 8.181805246746432 0.0 4.0 
777 8508789.8 94.71894404801031 80.97768946273142 144.2009345703124 0 233 2.8329 0.0 8.181805246746432 0.0 4.0 
778 8508823.2 94.71137256869915 80.98386470616317 144.2009345703124 0 233 2.8329 0.0 8.181805246746432 0.0 4.0 
779 8508856.5 94.71137256869915 80.98386470616317 144.2009345703124 0 233 2.8329 0.0 8.181805246746432 0.0 4.0 
780 8508889.9 94.71137256869915 80.98386470616317 144.2009345703124 0 233 2.8329 0.0 8.181805246746432 0.0 4.0 
781 8508923.2 94.71137256869915 80.98386470616317 144.2009345703124 0 233 2.8329 0.0 8.181805246746432 0.0 4.0 
782 8508956.5 94.7026882431722 80.98891400228682 144.2009345703124 0 233 2.8329 0.0 8.181805246746432 0.0 4.0 
783 8508989.9 94.7026882431722 80.98891400228682 144.2009345703124 0 233 2.8329 0.0 8.181805246746432 0.0 4.0 
784 8509023.2 94.7026882431722 80.98891400228682 144.2009345703124 0 233 2.8329 0.0 8.181805246746432 0.0 4.0 
785 8509056.5 94.7026882431722 80.98891400228682 144.2009345703124 0 233 2.8329 0.0 8.181805246746432 0.0 4.0 
786 8509089.9 94.69455197836936 80.98891400228682 144.2009345703124 0 233 2.8329 0.0 8.181805246746432 0.0 4.0 
787 8509123.2 94.69455197836936 80.99379814474563 144.2009345703124 0 233 2.8329 0.0 8.181805246746432 0.0 4.0 
788 8509156.5 94.69455197836936 80.99379814474563 144.2009345703124 0 233 2.8329 0.0 8.181805246746432 0.0 4.0 
789 8509189.9 94.69024575381401 80.99805171227793 144.2009345703124 0 233 2.8329 0.0 8.181805246746432 0.0 4.0 
790 8509223.2 94.69024575381401 80.99805171227793 144.2009345703124 0 233 2.8329 0.0 8.181805246746432 0.0 4.0 
791 8509256.5 94.69024575381401 80.99805171227793 144.2009345703124 0 233 2.8329 0.0 8.181805246746432 0.0 4.0 
792 8509289.9 94.69024575381401 80.99805171227793 144.2009345703124 0 233 2.8329 0.0 8.181805246746432 0.0 4.0 
793 8509323.2 94.6849188532528 81.00133044053811 144.2009345703124 0 233 2.8329 0.0 8.181805246746432 0.0 4.0 
794 8509356.6 94.6849188532528 81.00133044053811 144.2009345703124 0 233 2.8329 0.0 8.181805246746432 0.0 4.0 
795 8509389.9 94.6849188532528 81.00133044053811 144.2009345703124 0 233 2.8329 0.0 8.181805246746432 0.0 4.0 
796 8509423.2 94.67839197871132 81.00133044053811 144.2009345703124 0 233 2.8329 0.0 8.181805246746432 0.0 4.0 
797 8509456.6 94.67839197871132 81.00507931680434 144.2009345703124 0 233 2.8329 0.0 8.181805246746432 0.0 4.0 
798 8509489.9 94.67839197871132 81.00507931680434 144.2009345703124 0 233 2.8329 0.0 8.181805246746432 0.0 4.0 
799 8509523.2 94.67516892531908 81.00507931680434 144.2009345703124 0 233 2.8329 0.0 8.181805246746432 0.0 4.0 
800 8509556.6 94.67516892531908 81.00779075376037 144.2009345703124 0 233 2.8329 0.0 8.181805246746432 0.0 4.0 
801 8509589.9 94.67516892531908 81.00779075376037 144.2009345703124 0 233 2.8329 0.0 8.181805246746432 0.0 4.0 
802 8509623.2 94.67516892531908 81.00779075376037 144.2009345703124 0 233 2.8329 0.0 8.181805246746432 0.0 4.0 
803 8509656.6 94.67516892531908 81.01178244022111 144.2009345703124 0 233 2.8329 0.0 8.181805246746432 0.0 4.0 
804 8509689.9 94.67516892531908 81.01178244022111 144.2009345703124 0 233 2.8329 0.0 8.181805246746432 0.0 4.0 
805 8509723.3 94.67516892531908 81.01178244022111 144.2009345703124 0 233 2.8329 0.0 8.181805246746432 0.0 4.0 
806 8509756.6 94.6798197467786 81.01178244022111 144.2009345703124 0 233 2.8329 0.0 8.181805246746432 0.0 4.0 
807 8509789.9 94.6798197467786 81.01178244022111 144.2009345703124 0 233 2.8329 0.0 8.181805246746432 0.0 4.0 
808 8509823.3 94.6798197467786 81.01178244022111 144.2009345703124 0 233 2.8329 0.0 8.181805246746432 0.0 4.0 
809 8509856.6 94.69305104455294 81.01178244022111 144.2009345703124 0 233 2.8329 0.0 8.181805246746432 0.0 4.0 
810 8509889.9 94.69305104455294 81.0055085847568 144.2009345703124 0 233 2.8329 0.0 8.181805246746432 0.0 4.0 
811 8509923.3 94.69305104455294 81.0055085847568 144.2009345703124 0 233 2.8329 0.0 8.181805246746432 0.0 4.0 
812 8509956.6 94.70926934426812 81.0055085847568 144.2009345703124 0 233 2.8329 0.0 8.181805246746432 0.0 4.0 
813 8509989.9 94.70926934426812 80.99243222511721 144.2009345703124 0 233 2.8329 0.0 8.181805246746432 0.0 4.0 
814 8510023.3 94.70926934426812 80.99243222511721 144.2009345703124 0 233 2.8329 0.0 8.181805246746432 0.0 4.0 
815 8510056.6 94.70926934426812 80.99243222511721 144.2009345703124 0 233 2.8329 0.0 8.181805246746432 0.0 4.0 
816 8510089.9 94.7192265875843 80.98340194418353 144.2009345703124 0 233 2.8329 0.0 8.181805246746432 0.0 4.0 
817 8510123.3 94.7192265875843 80.98340194418353 144.2009345703124 0 233 2.8329 0.0 8.181805246746432 0.0 4.0 
818 8510156.6 94.7192265875843 80.98340194418353 144.2009345703124 0 233 2.8329 0.0 8.181805246746432 0.0 4.0 
819 8510190.0 94.74422575659626 80.98340194418353 144.2009345703124 0 233 2.8329 0.0 8.181805246746432 0.0 4.0 
820 8510223.3 94.74422575659626 80.96921925469003 144.2009345703124 0 233 2.8329 0.0 8.181805246746432 0.0 4.0 
821 8510256.6 94.74422575659626 80.96921925469003 144.2009345703124 0 233 2.8329 0.0 8.181805246746432 0.0 4.0 
822 8510290.0 94.74422575659626 80.96921925469003 144.2009345703124 0 233 2.8329 0.0 8.181805246746432 0.0 4.0 
823 8510323.3 94.74422575659626 80.96921925469003 144.2009345703124 0 233 2.8329 0.0 8.181805246746432 0.0 4.0 
824 8510356.6 94.79325060870423 80.96921925469003 144.2009345703124 0 233 2.8329 0.0 8.181805246746432 0.0 4.0 
825 8510390.0 94.79325060870423 80.93283586802586 144.2009345703124 0 233 2.8329 0.0 8.181805246746432 0.0 4.0 
826 8510423.3 94.79325060870423 80.93283586802586 144.2009345703124 0 233 2.8329 0.0 8.181805246746432 0.0 4.0 
827 8510456.6 94.79325060870423 80.93283586802586 144.2009345703124 0 233 2.8329 0.0 8.181805246746432 0.0 4.0 
828 8510490.0 94.8480538729224 80.90765725182494 144.2009345703124 0 233 2.8329 0.0 8.181805246746432 0.0 4.0 
829 8510523.3 94.8480538729224 80.90765725182494 144.2009345703124 0 233 2.8329 0.0 8.181805246746432 0.0 4.0 
830 8510556.7 94.8480538729224 80.90765725182494 144.2009345703124 0 233 2.8329 0.0 8.181805246746432 0.0 4.0 
831 8510590.0 94.8480538729224 80.90765725182494 144.2009345703124 0 233 2.8329 0.0 8.181805246746432 0.0 4.0 
832 8510623.3 94.9026620001324 80.90765725182494 144.2009345703124 0 233 2.8329 0.0 8.181805246746432 0.0 4.0 
833 8510656.7 94.9026620001324 80.90765725182494 144.2009345703124 0 233 2.8329 0.0 8.181805246746432 0.0 4.0 
834 8510690.0 94.9026620001324 80.90765725182494 144.2009345703124 0 233 2.8329 0.0 8.181805246746432 0.0 4.0 
835 8510723.3 94.9026620001324 80.90765725182494 144.2009345703124 0 233 2.8329 0.0 8.181805246746432 0.0 4.0 
836 8510756.7 94.94304965341676 80.90765725182494 144.2009345703124 0 233 2.8329 0.0 8.181805246746432 0.0 4.0 
837 8510790.0 94.94304965341676 80.91880248321308 144.2009345703124 0 233 2.8329 0.0 8.181805246746432 0.0 4.0 
838 8510823.3 94.94304965341676 80.91880248321308 144.2009345703124 0 233 2.8329 0.0 8.181805246746432 0.0 4.0 
839 8510856.7 94.94304965341676 80.91880248321308 144.2009345703124 0 233 2.8329 0.0 8.181805246746432 0.0 4.0 
840 8510890.0 94.9840049762235 80.94702416982675 144.2009345703124 0 233 2.8329 0.0 8.181805246746432 0.0 4.0 
841 8510923.3 94.9840049762235 80.94702416982675 144.2009345703124 0 233 2.8329 0.0 8.181805246746432 0.0 4.0 
842 8510956.7 94.9840049762235 80.94702416982675 144.2009345703124 0 233 2.8329 0.0 8.181805246746432 0.0 4.0 
843 8510990.0 94.9840049762235 80.94702416982675 144.2009345703124 0 233 2.8329 0.0 8.181805246746432 0.0 4.0 
844 8511023.4 94.9840049762235 80.94702416982675 144.2009345703124 0 233 2.8329 0.0 8.181805246746432 0.0 4.0 
845 8511056.7 95.02490396714717 80.94702416982675 144.2009345703124 0 233 2.8329 0.0 8.181805246746432 0.0 4.0 
846 8511090.0 95.02490396714717 80.97994815616417 144.2009345703124 0 233 2.8329 0.0 8.181805246746432 0.0 4.0 
847 8511123.4 95.02490396714717 80.97994815616417 144.2009345703124 0 233 2.8329 0.0 8.181805246746432 0.0 4.0 
848 8511156.7 95.02490396714717 80.97994815616417 144.2009345703124 0 233 2.8329 0.0 8.181805246746432 0.0 4.0 
849 8511190.0 95.02490396714717 80.97994815616417 144.2009345703124 0 233 2.8329 0.0 8.181805246746432 0.0 4.0 
850 8511223.4 95.074245300237 80.97994815616417 144.2009345703124 0 233 2.8329 0.0 8.181805246746432 0.0 4.0 
851 8511256.7 95.074245300237 81.01982772471659 144.2009345703124 0 233 2.8329 0.0 8.181805246746432 0.0 4.0 
852 8511290.0 95.074245300237 81.01982772471659 144.2009345703124 0 233 2.8329 0.0 8.181805246746432 0.0 4.0 
853 8511323.4 95.074245300237 81.01982772471659 144.2009345703124 0 233 2.8329 0.0 8.181805246746432 0.0 4.0 
854 8511356.7 95.074245300237 81.01982772471659 144.2009345703124 0 233 2.8329 0.0 8.181805246746432 0.0 4.0 
855 8511390.1 95.12641382993408 81.01982772471659 144.2009345703124 0 233 2.8329 0.0 8.181805246746432 0.0 4.0 
856 8511423.4 95.12641382993408 81.05406689260883 144.2009345703124 0 233 2.8329 0.0 8.181805246746432 0.0 4.0 
857 8511456.7 95.12641382993408 81.05406689260883 144.2009345703124 0 233 2.8329 0.0 8.181805246746432 0.0 4.0 
858 8511490.1 95.12641382993408 81.05406689260883 144.2009345703124 0 233 2.8329 0.0 8.181805246746432 0.0 4.0 
859 8511523.4 95.1873868454341 81.05406689260883 144.2009345703124 0 233 2.8329 0.0 8.181805246746432 0.0 4.0 
860 8511556.7 95.1873868454341 81.07728967724397 144.2009345703124 0 233 2.8329 0.0 8.181805246746432 0.0 4.0 
861 8511590.1 95.1873868454341 81.07728967724397 144.2009345703124 0 233 2.8329 0.0 8.181805246746432 0.0 4.0 
862 8511623.4 95.1873868454341 81.07728967724397 144.2009345703124 0 233 2.8329 0.0 8.181805246746432 0.0 4.0 
863 8511656.7 95.22212566587903 81.08003584145861 144.2009345703124 0 233 2.8329 0.0 8.181805246746432 0.0 4.0 
864 8511690.1 95.22212566587903 81.08003584145861 144.2009345703124 0 233 2.8329 0.0 8.181805246746432 0.0 4.0 
865 8511723.4 95.22212566587903 81.08003584145861 144.2009345703124 0 233 2.8329 0.0 8.181805246746432 0.0 4.0 
866 8511756.7 95.22212566587903 81.08003584145861 144.2009345703124 0 233 2.8329 0.0 8.181805246746432 0.0 4.0 
867 8511790.1 95.25846596414897 81.08003584145861 144.2009345703124 0 233 2.8329 0.0 8.181805246746432 0.0 4.0 
868 8511823.4 95.25846596414897 81.06382259879837 144.2009345703124 0 233 2.8329 0.0 8.181805246746432 0.0 4.0 
869 8511856.8 95.25846596414897 81.06382259879837 144.2009345703124 0 233 2.8329 0.0 8.181805246746432 0.0 4.0 
870 8511890.1 95.25846596414897 81.06382259879837 144.2009345703124 0 233 2.8329 0.0 8.181805246746432 0.0 4.0 
871 8511923.4 95.28858495476666 81.06382259879837 144.2009345703124 0 233 2.8329 0.0 8.181805246746432 0.0 4.0 
872 8511956.8 95.28858495476666 81.02320927358862 144.2009345703124 0 233 2.8329 0.0 8.181805246746432 0.0 4.0 
873 8511990.1 95.28858495476666 81.02320927358862 144.2009345703124 0 233 2.8329 0.0 8.181805246746432 0.0 4.0 
874 8512023.4 95.28858495476666 81.02320927358862 144.2009345703124 0 233 2.8329 0.0 8.181805246746432 0.0 4.0 
875 8512056.8 95.28858495476666 81.02320927358862 144.2009345703124 0 233 2.8329 0.0 8.181805246746432 0.0 4.0 
876 8512090.1 95.30763278170767 80.97989210995674 144.2009345703124 0 233 2.8329 0.0 8.181805246746432 0.0 4.0 
877 8512123.4 95.30763278170767 80.97989210995674 144.2009345703124 0 233 2.8329 0.0 8.181805246746432 0.0 4.0 
878 8512156.8 95.30763278170767 80.97989210995674 144.2009345703124 0 233 2.8329 0.0 8.181805246746432 0.0 4.0 
879 8512190.1 95.30763278170767 80.97989210995674 144.2009345703124 0 233 2.8329 0.0 8.181805246746432 0.0 4.0 
880 8512223.5 95.3180801787528 80.97989210995674 144.2009345703124 0 233 2.8329 0.0 8.181805246746432 0.0 4.0 
881 8512256.8 95.3180801787528 80.93245053365261 144.2009345703124 0 233 2.8329 0.0 8.181805246746432 0.0 4.0 
882 8512290.1 95.3180801787528 80.93245053365261 144.2009345703124 0 233 2.8329 0.0 8.181805246746432 0.0 4.0 
883 8512323.5 95.3180801787528 80.93245053365261 144.2009345703124 0 233 2.8329 0.0 8.181805246746432 0.0 4.0 
884 8512356.8 95.3180801787528 80.93245053365261 144.2009345703124 0 233 2.8329 0.0 8.181805246746432 0.0 4.0 
885 8512390.1 95.31703930292544 80.89262397737095 144.2009345703124 0 233 2.8329 0.0 8.181805246746432 0.0 4.0 
886 8512423.5 95.31703930292544 80.89262397737095 144.2009345703124 0 233 2.8329 0.0 8.181805246746432 0.0 4.0 
887 8512456.8 95.31703930292544 80.89262397737095 144.2009345703124 0 233 2.8329 0.0 8.181805246746432 0.0 4.0 
888 8512490.1 95.31703930292544 80.89262397737095 144.2009345703124 0 233 2.8329 0.0 8.181805246746432 0.0 4.0 
889 8512523.5 95.29767833928852 80.89262397737095 144.2009345703124 0 233 2.8329 0.0 8.181805246746432 0.0 4.0 
890 8512556.8 95.29767833928852 80.83896705403183 144.2009345703124 0 233 2.8329 0.0 8.181805246746432 0.0 4.0 
891 8512590.1 95.29767833928852 80.83896705403183 144.2009345703124 0 233 2.8329 0.0 8.181805246746432 0.0 4.0 
892 8512623.5 95.29767833928852 80.83896705403183 144.2009345703124 0 233 2.8329 0.0 8.181805246746432 0.0 4.0 
893 8512656.8 95.29767833928852 80.83896705403183 144.2009345703124 0 233 2.8329 0.0 8.181805246746432 0.0 4.0 
894 8512690.2 95.26998117336984 80.83896705403183 144.2009345703124 0 233 2.8329 0.0 8.181805246746432 0.0 4.0 
895 8512723.5 95.26998117336984 80.80866785386749 144.2009345703124 0 233 2.8329 0.0 8.181805246746432 0.0 4.0 
896 8512756.8 95.26998117336984 80.80866785386749 144.2009345703124 0 233 2.8329 0.0 8.181805246746432 0.0 4.0 
897 8512790.2 95.26998117336984 80.80866785386749 144.2009345703124 0 233 2.8329 0.0 8.181805246746432 0.0 4.0 
898 8512823.5 95.26998117336984 80.80866785386749 144.2009345703124 0 233 2.8329 0.0 8.181805246746432 0.0 4.0 
899 8512856.8 95.23492538707974 80.76710183305431 144.2009345703124 0 233 2.8329 0.0 8.181805246746432 0.0 4.0 
900 8512890.2 95.23492538707974 80.76710183305431 144.2009345703124 0 233 2.8329 0.0 8.181805246746432 0.0 4.0 
901 8512923.5 95.23492538707974 80.76710183305431 144.2009345703124 0 233 2.8329 0.0 8.181805246746432 0.0 4.0 
902 8512956.8 95.23492538707974 80.76710183305431 144.2009345703124 0 233 2.8329 0.0 8.181805246746432 0.0 4.0 
903 8512990.2 95.21271168357647 80.76710183305431 144.2009345703124 0 233 2.8329 0.0 8.181805246746432 0.0 4.0 
904 8513023.5 95.21271168357647 80.71654026041574 144.2009345703124 0 233 2.8329 0.0 8.181805246746432 0.0 4.0 
905 8513056.9 95.21271168357647 80.71654026041574 144.2009345703124 0 233 2.8329 0.0 8.181805246746432 0.0 4.0 
906 8513090.2 95.21271168357647 80.71654026041574 144.2009345703124 0 233 2.8329 0.0 8.181805246746432 0.0 4.0 
907 8513123.5 95.21271168357647 80.67627385555863 144.2009345703124 0 233 2.8329 0.0 8.181805246746432 0.0 4.0 
908 8513156.9 95.21271168357647 80.67627385555863 144.2009345703124 0 233 2.8329 0.0 8.181805246746432 0.0 4.0 
909 8513190.2 95.21271168357647 80.67627385555863 144.2009345703124 0 233 2.8329 0.0 8.181805246746432 0.0 4.0 
910 8513223.5 95.21271168357647 80.67627385555863 144.2009345703124 0 233 2.8329 0.0 8.181805246746432 0.0 4.0 
911 8513256.9 95.22545990419226 80.67627385555863 144.2009345703124 0 233 2.8329 0.0 8.181805246746432 0.0 4.0 
912 8513290.2 95.22545990419226 80.65012755962215 144.2009345703124 0 233 2.8329 0.0 8.181805246746432 0.0 4.0 
913 8513323.5 95.22545990419226 80.65012755962215 144.2009345703124 0 233 2.8329 0.0 8.181805246746432 0.0 4.0 
914 8513356.9 95.22545990419226 80.65012755962215 144.2009345703124 0 233 2.8329 0.0 8.181805246746432 0.0 4.0 
915 8513390.2 95.25903106023003 80.65012755962215 144.2009345703124 0 233 2.8329 0.0 8.181805246746432 0.0 4.0 
916 8513423.5 95.25903106023003 80.61518273145359 144.2009345703124 0 233 2.8329 0.0 8.181805246746432 0.0 4.0 
917 8513456.9 95.25903106023003 80.61518273145359 144.2009345703124 0 233 2.8329 0.0 8.181805246746432 0.0 4.0 
918 8513490.2 95.25903106023003 80.61518273145359 144.2009345703124 0 233 2.8329 0.0 8.181805246746432 0.0 4.0 
919 8513523.6 95.29417863571445 80.59116018059046 144.2009345703124 0 233 2.8329 0.0 8.181805246746432 0.0 4.0 
920 8513556.9 95.29417863571445 80.59116018059046 144.2009345703124 0 233 2.8329 0.0 8.181805246746432 0.0 4.0 
921 8513590.2 95.29417863571445 80.59116018059046 144.2009345703124 0 233 2.8329 0.0 8.181805246746432 0.0 4.0 
922 8513623.6 95.29417863571445 80.59116018059046 144.2009345703124 0 233 2.8329 0.0 8.181805246746432 0.0 4.0 
923 8513656.9 95.32848760741325 80.57331438534287 144.2009345703124 0 233 2.8329 0.0 8.181805246746432 0.0 4.0 
924 8513690.2 95.32848760741325 80.57331438534287 144.2009345703124 0 233 2.8329 0.0 8.181805246746432 0.0 4.0 
925 8513723.6 95.32848760741325 80.57331438534287 144.2009345703124 0 233 2.8329 0.0 8.181805246746432 0.0 4.0 
926 8513756.9 95.36724061247921 80.57331438534287 144.2009345703124 0 233 2.8329 0.0 8.181805246746432 0.0 4.0 
927 8513790.2 95.36724061247921 80.56082657628437 144.2009345703124 0 233 2.8329 0.0 8.181805246746432 0.0 4.0 
928 8513823.6 95.36724061247921 80.56082657628437 144.2009345703124 0 233 2.8329 0.0 8.181805246746432 0.0 4.0 
929 8513856.9 95.36724061247921 80.56082657628437 144.2009345703124 0 233 2.8329 0.0 8.181805246746432 0.0 4.0 
930 8513890.3 95.4104726317209 80.56082657628437 144.2009345703124 0 233 2.8329 0.0 8.181805246746432 0.0 4.0 
931 8513923.6 95.4104726317209 80.54809590793701 144.2009345703124 0 233 2.8329 0.0 8.181805246746432 0.0 4.0 
932 8513956.9 95.4104726317209 80.54809590793701 144.2009345703124 0 233 2.8329 0.0 8.181805246746432 0.0 4.0 
933 8513990.3 95.4104726317209 80.54809590793701 144.2009345703124 0 233 2.8329 0.0 8.181805246746432 0.0 4.0 
934 8514023.6 95.4104726317209 80.54809590793701 144.2009345703124 0 233 2.8329 0.0 8.181805246746432 0.0 4.0 
935 8514056.9 95.45204946812726 80.54809590793701 144.2009345703124 0 233 2.8329 0.0 8.181805246746432 0.0 4.0 
936 8514090.3 95.45204946812726 80.53446578305399 144.2009345703124 0 233 2.8329 0.0 8.181805246746432 0.0 4.0 
937 8514123.6 95.45204946812726 80.53446578305399 144.2009345703124 0 233 2.8329 0.0 8.181805246746432 0.0 4.0 
938 8514156.9 95.45204946812726 80.53446578305399 144.2009345703124 0 233 2.8329 0.0 8.181805246746432 0.0 4.0 
939 8514190.3 95.45204946812726 80.53446578305399 144.2009345703124 0 233 2.8329 0.0 8.181805246746432 0.0 4.0 
940 8514223.6 95.49343442176061 80.53446578305399 144.2009345703124 0 233 2.8329 0.0 8.181805246746432 0.0 4.0 
941 8514256.9 95.49343442176061 80.50524729945276 144.2009345703124 0 233 2.8329 0.0 8.181805246746432 0.0 4.0 
942 8514290.3 95.49343442176061 80.50524729945276 144.2009345703124 0 233 2.8329 0.0 8.181805246746432 0.0 4.0 
943 8514323.6 95.49343442176061 80.50524729945276 144.2009345703124 0 233 2.8329 0.0 8.181805246746432 0.0 4.0 
944 8514357.0 95.51258525035219 80.4617498033514 144.2009345703124 0 233 2.8329 0.0 8.181805246746432 0.0 4.0 
945 8514390.3 95.51258525035219 80.4617498033514 144.2009345703124 0 233 2.8329 0.0 8.181805246746432 0.0 4.0 
946 8514423.6 95.51258525035219 80.4617498033514 144.2009345703124 0 233 2.8329 0.0 8.181805246746432 0.0 4.0 
947 8514457.0 95.51258525035219 80.4617498033514 144.2009345703124 0 233 2.8329 0.0 8.181805246746432 0.0 4.0 
948 8514490.3 95.51258525035219 80.4617498033514 144.2009345703124 0 233 2.8329 0.0 8.181805246746432 0.0 4.0 
949 8514523.6 95.51520050062068 80.4617498033514 144.2009345703124 0 233 2.8329 0.0 8.181805246746432 0.0 4.0 
950 8514557.0 95.51520050062068 80.41337301679414 144.2009345703124 0 233 2.8329 0.0 8.181805246746432 0.0 4.0 
951 8514590.3 95.51520050062068 80.41337301679414 144.2009345703124 0 233 2.8329 0.0 8.181805246746432 0.0 4.0 
952 8514623.6 95.51520050062068 80.41337301679414 144.2009345703124 0 233 2.8329 0.0 8.181805246746432 0.0 4.0 
953 8514657.0 95.50821524600602 80.41337301679414 144.2009345703124 0 233 2.8329 0.0 8.181805246746432 0.0 4.0 
954 8514690.3 95.50821524600602 80.39055162964509 144.2009345703124 0 233 2.8329 0.0 8.181805246746432 0.0 4.0 
955 8514723.7 95.50821524600602 80.39055162964509 144.2009345703124 0 233 2.8329 0.0 8.181805246746432 0.0 4.0 
956 8514757.0 95.50348593006328 80.37052046319748 144.2009345703124 0 233 2.8329 0.0 8.181805246746432 0.0 4.0 
957 8514790.3 95.50348593006328 80.37052046319748 144.2009345703124 0 233 2.8329 0.0 8.181805246746432 0.0 4.0 
958 8514823.7 95.50348593006328 80.37052046319748 144.2009345703124 0 233 2.8329 0.0 8.181805246746432 0.0 4.0 
959 8514857.0 95.50208526752618 80.37052046319748 144.2009345703124 0 233 2.8329 0.0 8.181805246746432 0.0 4.0 
960 8514890.3 95.50208526752618 80.36081751627498 144.2009345703124 0 233 2.8329 0.0 8.181805246746432 0.0 4.0 
961 8514923.7 95.50208526752618 80.36081751627498 144.2009345703124 0 233 2.8329 0.0 8.181805246746432 0.0 4.0 
962 8514957.0 95.51202421040483 80.36081751627498 144.2009345703124 0 233 2.8329 0.0 8.181805246746432 0.0 4.0 
963 8514990.3 95.51202421040483 80.35192898474956 144.2009345703124 0 233 2.8329 0.0 8.181805246746432 0.0 4.0 
964 8515023.7 95.51202421040483 80.35192898474956 144.2009345703124 0 233 2.8329 0.0 8.181805246746432 0.0 4.0 
965 8515057.0 95.51202421040483 80.35192898474956 144.2009345703124 0 233 2.8329 0.0 8.181805246746432 0.0 4.0 
966 8515090.3 95.52555247476577 80.34744949142429 144.2009345703124 0 233 2.8329 0.0 8.181805246746432 0.0 4.0 
967 8515123.7 95.52555247476577 80.34744949142429 144.2009345703124 0 233 2.8329 0.0 8.181805246746432 0.0 4.0 
968 8515157.0 95.52555247476577 80.34744949142429 144.2009345703124 0 233 2.8329 0.0 8.181805246746432 0.0 4.0 
969 8515190.4 95.52555247476577 80.34744949142429 144.2009345703124 0 233 2.8329 0.0 8.181805246746432 0.0 4.0 
970 8515223.7 95.50993235979256 80.34744949142429 144.2009345703124 0 233 2.8329 0.0 8.181805246746432 0.0 4.0 
971 8515257.0 95.50993235979256 80.35016020440632 144.2009345703124 0 233 2.8329 0.0 8.181805246746432 0.0 4.0 
972 8515290.4 95.50993235979256 80.35016020440632 144.2009345703124 0 233 2.8329 0.0 8.181805246746432 0.0 4.0 
973 8515323.7 95.50993235979256 80.35016020440632 144.2009345703124 0 233 2.8329 0.0 8.181805246746432 0.0 4.0 
974 8515357.0 95.47386471200689 80.35016020440632 144.2009345703124 0 233 2.8329 0.0 8.181805246746432 0.0 4.0 
975 8515390.4 95.47386471200689 80.3467139374233 144.2009345703124 0 233 2.8329 0.0 8.181805246746432 0.0 4.0 
976 8515423.7 95.47386471200689 80.3467139374233 144.2009345703124 0 233 2.8329 0.0 8.181805246746432 0.0 4.0 
977 8515457.0 95.47386471200689 80.3467139374233 144.2009345703124 0 233 2.8329 0.0 8.181805246746432 0.0 4.0 
978 8515490.4 95.46217994469677 80.32577057617767 144.2009345703124 0 233 2.8329 0.0 8.181805246746432 0.0 4.0 
979 8515523.7 95.46217994469677 80.32577057617767 144.2009345703124 0 233 2.8329 0.0 8.181805246746432 0.0 4.0 
980 8515557.1 95.46217994469677 80.32577057617767 144.2009345703124 0 233 2.8329 0.0 8.181805246746432 0.0 4.0 
981 8515590.4 95.45166552742207 80.30073295561209 144.2009345703124 0 233 2.8329 0.0 8.181805246746432 0.0 4.0 
982 8515623.7 95.45166552742207 80.30073295561209 144.2009345703124 0 233 2.8329 0.0 8.181805246746432 0.0 4.0 
983 8515657.1 95.45166552742207 80.30073295561209 144.2009345703124 0 233 2.8329 0.0 8.181805246746432 0.0 4.0 
984 8515690.4 95.44327289163924 80.30073295561209 144.2009345703124 0 233 2.8329 0.0 8.181805246746432 0.0 4.0 
985 8515723.7 95.44327289163924 80.28345411634899 144.2009345703124 0 233 2.8329 0.0 8.181805246746432 0.0 4.0 
986 8515757.1 95.44327289163924 80.28345411634899 144.2009345703124 0 233 2.8329 0.0 8.181805246746432 0.0 4.0 
987 8515790.4 95.43453486803763 80.28345411634899 144.2009345703124 0 233 2.8329 0.0 8.181805246746432 0.0 4.0 
988 8515823.7 95.43453486803763 80.25175215546986 144.2009345703124 0 233 2.8329 0.0 8.181805246746432 0.0 4.0 
989 8515857.1 95.43453486803763 80.25175215546986 144.2009345703124 0 233 2.8329 0.0 8.181805246746432 0.0 4.0 
990 8515890.4 95.43453486803763 80.25175215546986 144.2009345703124 0 233 2.8329 0.0 8.181805246746432 0.0 4.0 
991 8515923.7 95.43453486803763 80.25175215546986 144.2009345703124 0 233 2.8329 0.0 8.181805246746432 0.0 4.0 
992 8515957.1 95.43682523727186 80.23924853667707 144.2009345703124 0 233 2.8329 0.0 8.181805246746432 0.0 4.0 
993 8515990.4 95.43682523727186 80.23924853667707 144.2009345703124 0 233 2.8329 0.0 8.181805246746432 0.0 4.0 
994 8516023.8 95.43682523727186 80.23924853667707 144.2009345703124 0 233 2.8329 0.0 8.181805246746432 0.0 4.0 
995 8516057.1 95.46302719122907 80.23924853667707 144.2009345703124 0 233 2.8329 0.0 8.181805246746432 0.0 4.0 
996 8516090.4 95.46302719122907 80.25907569896727 144.2009345703124 0 233 2.8329 0.0 8.181805246746432 0.0 4.0 
997 8516123.8 95.46302719122907 80.25907569896727 144.2009345703124 0 233 2.8329 0.0 8.181805246746432 0.0 4.0 
998 8516157.1 95.46302719122907 80.25907569896727 144.2009345703124 0 233 2.8329 0.0 8.181805246746432 0.0 4.0 
999 8516190.4 95.49696228514054 80.25907569896727 144.2009345703124 0 233 2.8329 0.0 8.181805246746432 0.0 4.0 
1000 8516223.8 95.49696228514054 80.27761617776181 144.2009345703124 0 233 2.8329 0.0 8.181805246746432 0.0 4.0 
1001 8516257.1 95.49696228514054 80.27761617776181 144.2009345703124 0 233 2.8329 0.0 8.181805246746432 0.0 4.0 
1002 8516290.4 95.49696228514054 80.27761617776181 144.2009345703124 0 233 2.8329 0.0 8.181805246746432 0.0 4.0 
1003 8516323.8 95.49696228514054 80.27761617776181 144.2009345703124 0 233 2.8329 0.0 8.181805246746432 0.0 4.0 
1004 8516357.1 95.53659934942019 80.279263042202 144.2009345703124 0 233 2.8329 0.0 8.181805246746432 0.0 4.0 
1005 8516390.5 95.53659934942019 80.279263042202 144.2009345703124 0 233 2.8329 0.0 8.181805246746432 0.0 4.0 
1006 8516423.8 95.53659934942019 80.279263042202 144.2009345703124 0 233 2.8329 0.0 8.181805246746432 0.0 4.0 
1007 8516457.1 95.53659934942019 80.279263042202 144.2009345703124 0 233 2.8329 0.0 8.181805246746432 0.0 4.0 
1008 8516490.5 95.53659934942019 80.279263042202 144.2009345703124 0 233 2.8329 0.0 8.181805246746432 0.0 4.0 
1009 8516523.8 95.53326769419057 80.279263042202 144.2009345703124 0 233 2.8329 0.0 8.181805246746432 0.0 4.0 
1010 8516557.1 95.53326769419057 80.30570450738699 144.2009345703124 0 233 2.8329 0.0 8.181805246746432 0.0 4.0 
1011 8516590.5 95.53326769419057 80.30570450738699 144.2009345703124 0 233 2.8329 0.0 8.181805246746432 0.0 4.0 
1012 8516623.8 95.53326769419057 80.30570450738699 144.2009345703124 0 233 2.8329 0.0 8.181805246746432 0.0 4.0 
1013 8516657.1 95.519016524117 80.30570450738699 144.2009345703124 0 233 2.8329 0.0 8.181805246746432 0.0 4.0 
1014 8516690.5 95.519016524117 80.31162649367747 144.2009345703124 0 233 2.8329 0.0 8.181805246746432 0.0 4.0 
1015 8516723.8 95.519016524117 80.31162649367747 144.2009345703124 0 233 2.8329 0.0 8.181805246746432 0.0 4.0 
1016 8516757.1 95.52832573686985 80.3050490948076 144.2009345703124 0 233 2.8329 0.0 8.181805246746432 0.0 4.0 
1017 8516790.5 95.52832573686985 80.3050490948076 144.2009345703124 0 233 2.8329 0.0 8.181805246746432 0.0 4.0 
1018 8516823.8 95.52832573686985 80.3050490948076 144.2009345703124 0 233 2.8329 0.0 8.181805246746432 0.0 4.0 
1019 8516857.2 95.52832573686985 80.3050490948076 144.2009345703124 0 233 2.8329 0.0 8.181805246746432 0.0 4.0 
1020 8516890.5 95.53342029253898 80.3050490948076 144.2009345703124 0 233 2.8329 0.0 8.181805246746432 0.0 4.0 
1021 8516923.8 95.53342029253898 80.3020647080299 144.2009345703124 0 233 2.8329 0.0 8.181805246746432 0.0 4.0 
1022 8516957.2 95.53342029253898 80.3020647080299 144.2009345703124 0 233 2.8329 0.0 8.181805246746432 0.0 4.0 
1023 8516990.5 95.53342029253898 80.3020647080299 144.2009345703124 0 233 2.8329 0.0 8.181805246746432 0.0 4.0 
1024 8517023.8 95.53447054539475 80.3020647080299 144.2009345703124 0 233 2.8329 0.0 8.181805246746432 0.0 4.0 
1025 8517057.2 95.53447054539475 80.29819446110265 144.2009345703124 0 233 2.8329 0.0 8.181805246746432 0.0 4.0 
1026 8517090.5 95.53447054539475 80.29819446110265 144.2009345703124 0 233 2.8329 0.0 8.181805246746432 0.0 4.0 
1027 8517123.8 95.54378030328533 80.2920443451206 144.2009345703124 0 233 2.8329 0.0 8.181805246746432 0.0 4.0 
1028 8517157.2 95.54378030328533 80.2920443451206 144.2009345703124 0 233 2.8329 0.0 8.181805246746432 0.0 4.0 
1029 8517190.5 95.54378030328533 80.2920443451206 144.2009345703124 0 233 2.8329 0.0 8.181805246746432 0.0 4.0 
1030 8517223.9 95.54378030328533 80.2920443451206 144.2009345703124 0 233 2.8329 0.0 8.181805246746432 0.0 4.0 
1031 8517257.2 95.56886621795 80.27400677764297 144.2009345703124 0 233 2.8329 0.0 8.181805246746432 0.0 4.0 
1032 8517290.5 95.56886621795 80.27400677764297 144.2009345703124 0 233 2.8329 0.0 8.181805246746432 0.0 4.0 
1033 8517323.9 95.56886621795 80.27400677764297 144.2009345703124 0 233 2.8329 0.0 8.181805246746432 0.0 4.0 
1034 8517357.2 95.59680252333793 80.27400677764297 144.2009345703124 0 233 2.8329 0.0 8.181805246746432 0.0 4.0 
1035 8517390.5 95.59680252333793 80.2314938879803 144.2009345703124 0 233 2.8329 0.0 8.181805246746432 0.0 4.0 
1036 8517423.9 95.59680252333793 80.2314938879803 144.2009345703124 0 233 2.8329 0.0 8.181805246746432 0.0 4.0 
1037 8517457.2 95.59680252333793 80.2314938879803 144.2009345703124 0 233 2.8329 0.0 8.181805246746432 0.0 4.0 
1038 8517490.5 95.59680252333793 80.2314938879803 144.2009345703124 0 233 2.8329 0.0 8.181805246746432 0.0 4.0 
1039 8517523.9 95.61808908535288 80.21352154846856 144.2009345703124 0 233 2.8329 0.0 8.181805246746432 0.0 4.0 
1040 8517557.2 95.61808908535288 80.21352154846856 144.2009345703124 0 233 2.8329 0.0 8.181805246746432 0.0 4.0 
1041 8517590.5 95.61808908535288 80.21352154846856 144.2009345703124 0 233 2.8329 0.0 8.181805246746432 0.0 4.0 
1042 8517623.9 95.61808908535288 80.21352154846856 144.2009345703124 0 233 2.8329 0.0 8.181805246746432 0.0 4.0 
1043 8517657.2 95.64801394737674 80.21352154846856 144.2009345703124 0 233 2.8329 0.0 8.181805246746432 0.0 4.0 
1044 8517690.6 95.64801394737674 80.20307720328715 144.2009345703124 0 233 2.8329 0.0 8.181805246746432 0.0 4.0 
1045 8517723.9 95.64801394737674 80.20307720328715 144.2009345703124 0 233 2.8329 0.0 8.181805246746432 0.0 4.0 
1046 8517757.2 95.64801394737674 80.20307720328715 144.2009345703124 0 233 2.8329 0.0 8.181805246746432 0.0 4.0 
1047 8517790.6 95.74924884213921 80.20307720328715 144.2009345703124 0 233 2.8329 0.0 8.181805246746432 0.0 4.0 
1048 8517823.9 95.74924884213921 80.21480714058852 144.2009345703124 0 233 2.8329 0.0 8.181805246746432 0.0 4.0 
1049 8517857.2 95.74924884213921 80.21480714058852 144.2009345703124 0 233 2.8329 0.0 8.181805246746432 0.0 4.0 
1050 8517890.6 95.74924884213921 80.21480714058852 144.2009345703124 0 233 2.8329 0.0 8.181805246746432 0.0 4.0 
1051 8517923.9 95.74924884213921 80.21480714058852 144.2009345703124 0 233 2.8329 0.0 8.181805246746432 0.0 4.0 
1052 8517957.2 95.74924884213921 80.21480714058852 144.2009345703124 0 233 2.8329 0.0 8.181805246746432 0.0 4.0 
1053 8517990.6 95.79378963546442 80.21480714058852 144.2009345703124 0 233 2.8329 0.0 8.181805246746432 0.0 4.0 
1054 8518023.9 95.79378963546442 80.2368145566527 144.2009345703124 0 233 2.8329 0.0 8.181805246746432 0.0 4.0 
1055 8518057.3 95.79378963546442 80.2368145566527 144.2009345703124 0 233 2.8329 0.0 8.181805246746432 0.0 4.0 
1056 8518090.6 95.79378963546442 80.2368145566527 144.2009345703124 0 233 2.8329 0.0 8.181805246746432 0.0 4.0 
1057 8518123.9 95.79378963546442 80.2368145566527 144.2009345703124 0 233 2.8329 0.0 8.181805246746432 0.0 4.0 
1058 8518157.3 95.82172203792835 80.2368145566527 144.2009345703124 0 233 2.8329 0.0 8.181805246746432 0.0 4.0 
1059 8518190.6 95.82172203792835 80.25705559664677 144.2009345703124 0 233 2.8329 0.0 8.181805246746432 0.0 4.0 
1060 8518223.9 95.82172203792835 80.25705559664677 144.2009345703124 0 233 2.8329 0.0 8.181805246746432 0.0 4.0 
1061 8518257.3 95.82172203792835 80.25705559664677 144.2009345703124 0 233 2.8329 0.0 8.181805246746432 0.0 4.0 
1062 8518290.6 95.84183023218897 80.26916824652776 144.2009345703124 0 233 2.8329 0.0 8.181805246746432 0.0 4.0 
1063 8518323.9 95.84183023218897 80.26916824652776 144.2009345703124 0 233 2.8329 0.0 8.181805246746432 0.0 4.0 
1064 8518357.3 95.84183023218897 80.26916824652776 144.2009345703124 0 233 2.8329 0.0 8.181805246746432 0.0 4.0 
1065 8518390.6 95.85423101314534 80.275862081312 144.2009345703124 0 233 2.8329 0.0 8.181805246746432 0.0 4.0 
1066 8518423.9 95.85423101314534 80.275862081312 144.2009345703124 0 233 2.8329 0.0 8.181805246746432 0.0 4.0 
1067 8518457.3 95.85423101314534 80.275862081312 144.2009345703124 0 233 2.8329 0.0 8.181805246746432 0.0 4.0 
1068 8518490.6 95.87405699385796 80.275862081312 144.2009345703124 0 233 2.8329 0.0 8.181805246746432 0.0 4.0 
1069 8518524.0 95.87405699385796 80.28038940782434 144.2009345703124 0 233 2.8329 0.0 8.181805246746432 0.0 4.0 
1070 8518557.3 95.87405699385796 80.28038940782434 144.2009345703124 0 233 2.8329 0.0 8.181805246746432 0.0 4.0 
1071 8518590.6 95.90637260869744 80.28038940782434 144.2009345703124 0 233 2.8329 0.0 8.181805246746432 0.0 4.0 
1072 8518624.0 95.90637260869744 80.27886061170211 144.2009345703124 0 233 2.8329 0.0 8.181805246746432 0.0 4.0 
1073 8518657.3 95.90637260869744 80.27886061170211 144.2009345703124 0 233 2.8329 0.0 8.181805246746432 0.0 4.0 
1074 8518690.6 95.90637260869744 80.27886061170211 144.2009345703124 0 233 2.8329 0.0 8.181805246746432 0.0 4.0 
1075 8518724.0 95.90637260869744 80.27886061170211 144.2009345703124 0 233 2.8329 0.0 8.181805246746432 0.0 4.0 
1076 8518757.3 95.93957969352718 80.27886061170211 144.2009345703124 0 233 2.8329 0.0 8.181805246746432 0.0 4.0 
1077 8518790.6 95.93957969352718 80.27128348949898 144.2009345703124 0 233 2.8329 0.0 8.181805246746432 0.0 4.0 
1078 8518824.0 95.93957969352718 80.27128348949898 144.2009345703124 0 233 2.8329 0.0 8.181805246746432 0.0 4.0 
1079 8518857.3 95.93957969352718 80.27128348949898 144.2009345703124 0 233 2.8329 0.0 8.181805246746432 0.0 4.0 
1080 8518890.7 95.93957969352718 80.27128348949898 144.2009345703124 0 233 2.8329 0.0 8.181805246746432 0.0 4.0 
1081 8518924.0 95.96395353373268 80.27128348949898 144.2009345703124 0 233 2.8329 0.0 8.181805246746432 0.0 4.0 
1082 8518957.3 95.96395353373268 80.24059088117612 144.2009345703124 0 233 2.8329 0.0 8.181805246746432 0.0 4.0 
1083 8518990.7 95.96395353373268 80.24059088117612 144.2009345703124 0 233 2.8329 0.0 8.181805246746432 0.0 4.0 
1084 8519024.0 95.96395353373268 80.24059088117612 144.2009345703124 0 233 2.8329 0.0 8.181805246746432 0.0 4.0 
1085 8519057.3 95.98141321259446 80.18347439273211 144.2009345703124 0 233 2.8329 0.0 8.181805246746432 0.0 4.0 
1086 8519090.7 95.98141321259446 80.18347439273211 144.2009345703124 0 233 2.8329 0.0 8.181805246746432 0.0 4.0 
1087 8519124.0 95.98141321259446 80.18347439273211 144.2009345703124 0 233 2.8329 0.0 8.181805246746432 0.0 4.0 
1088 8519157.3 95.98141321259446 80.18347439273211 144.2009345703124 0 233 2.8329 0.0 8.181805246746432 0.0 4.0 
1089 8519190.7 95.98141321259446 80.18347439273211 144.2009345703124 0 233 2.8329 0.0 8.181805246746432 0.0 4.0 
1090 8519224.0 95.99416477051673 80.18347439273211 144.2009345703124 0 233 2.8329 0.0 8.181805246746432 0.0 4.0 
1091 8519257.3 95.99416477051673 80.14722831407681 144.2009345703124 0 233 2.8329 0.0 8.181805246746432 0.0 4.0 
1092 8519290.7 95.99416477051673 80.14722831407681 144.2009345703124 0 233 2.8329 0.0 8.181805246746432 0.0 4.0 
1093 8519324.0 95.99416477051673 80.14722831407681 144.2009345703124 0 233 2.8329 0.0 8.181805246746432 0.0 4.0 
1094 8519357.4 96.00142579206286 80.14722831407681 144.2009345703124 0 233 2.8329 0.0 8.181805246746432 0.0 4.0 
1095 8519390.7 96.00142579206286 80.11037261146814 144.2009345703124 0 233 2.8329 0.0 8.181805246746432 0.0 4.0 
1096 8519424.0 96.00142579206286 80.11037261146814 144.2009345703124 0 233 2.8329 0.0 8.181805246746432 0.0 4.0 
1097 8519457.4 96.00142579206286 80.11037261146814 144.2009345703124 0 233 2.8329 0.0 8.181805246746432 0.0 4.0 
1098 8519490.7 96.00142579206286 80.11037261146814 144.2009345703124 0 233 2.8329 0.0 8.181805246746432 0.0 4.0 
1099 8519524.0 96.00553010225134 80.0835329394279 144.2009345703124 0 233 2.8329 0.0 8.181805246746432 0.0 4.0 
1100 8519557.4 96.00553010225134 80.0835329394279 144.2009345703124 0 233 2.8329 0.0 8.181805246746432 0.0 4.0 
1101 8519590.7 96.00553010225134 80.0835329394279 144.2009345703124 0 233 2.8329 0.0 8.181805246746432 0.0 4.0 
1102 8519624.0 96.01214323897314 80.0835329394279 144.2009345703124 0 233 2.8329 0.0 8.181805246746432 0.0 4.0 
1103 8519657.4 96.01214323897314 80.05278879288888 144.2009345703124 0 233 2.8329 0.0 8.181805246746432 0.0 4.0 
1104 8519690.7 96.01214323897314 80.05278879288888 144.2009345703124 0 233 2.8329 0.0 8.181805246746432 0.0 4.0 
1105 8519724.1 96.01214323897314 80.05278879288888 144.2009345703124 0 233 2.8329 0.0 8.181805246746432 0.0 4.0 
1106 8519757.4 96.0159509793531 80.05278879288888 144.2009345703124 0 233 2.8329 0.0 8.181805246746432 0.0 4.0 
1107 8519790.7 96.0159509793531 80.02251710605445 144.2009345703124 0 233 2.8329 0.0 8.181805246746432 0.0 4.0 
1108 8519824.1 96.0159509793531 80.02251710605445 144.2009345703124 0 233 2.8329 0.0 8.181805246746432 0.0 4.0 
1109 8519857.4 96.0159509793531 80.02251710605445 144.2009345703124 0 233 2.8329 0.0 8.181805246746432 0.0 4.0 
1110 8519890.7 96.0159509793531 80.02251710605445 144.2009345703124 0 233 2.8329 0.0 8.181805246746432 0.0 4.0 
1111 8519924.1 96.02305253440487 80.02251710605445 144.2009345703124 0 233 2.8329 0.0 8.181805246746432 0.0 4.0 
1112 8519957.4 96.02305253440487 79.99108431283177 144.2009345703124 0 233 2.8329 0.0 8.181805246746432 0.0 4.0 
1113 8519990.7 96.02305253440487 79.99108431283177 144.2009345703124 0 233 2.8329 0.0 8.181805246746432 0.0 4.0 
1114 8520024.1 96.02305253440487 79.99108431283177 144.2009345703124 0 233 2.8329 0.0 8.181805246746432 0.0 4.0 
1115 8520057.4 96.02305253440487 79.99108431283177 144.2009345703124 0 233 2.8329 0.0 8.181805246746432 0.0 4.0 
1116 8520090.7 96.04622577516055 79.99108431283177 144.2009345703124 0 233 2.8329 0.0 8.181805246746432 0.0 4.0 
1117 8520124.1 96.04622577516055 79.94995180681063 144.2009345703124 0 233 2.8329 0.0 8.181805246746432 0.0 4.0 
1118 8520157.4 96.04622577516055 79.94995180681063 144.2009345703124 0 233 2.8329 0.0 8.181805246746432 0.0 4.0 
1119 8520190.8 96.04622577516055 79.94995180681063 144.2009345703124 0 233 2.8329 0.0 8.181805246746432 0.0 4.0 
1120 8520224.1 96.04622577516055 79.94995180681063 144.2009345703124 0 233 2.8329 0.0 8.181805246746432 0.0 4.0 
1121 8520257.4 96.0577427726044 79.92798614116728 144.2009345703124 0 233 2.8329 0.0 8.181805246746432 0.0 4.0 
1122 8520290.8 96.0577427726044 79.92798614116728 144.2009345703124 0 233 2.8329 0.0 8.181805246746432 0.0 4.0 
1123 8520324.1 96.0577427726044 79.92798614116728 144.2009345703124 0 233 2.8329 0.0 8.181805246746432 0.0 4.0 
1124 8520357.4 96.06763832155897 79.91104189909699 144.2009345703124 0 233 2.8329 0.0 8.181805246746432 0.0 4.0 
1125 8520390.8 96.06763832155897 79.91104189909699 144.2009345703124 0 233 2.8329 0.0 8.181805246746432 0.0 4.0 
1126 8520424.1 96.06763832155897 79.91104189909699 144.2009345703124 0 233 2.8329 0.0 8.181805246746432 0.0 4.0 
1127 8520457.4 96.08087991499482 79.91104189909699 144.2009345703124 0 233 2.8329 0.0 8.181805246746432 0.0 4.0 
1128 8520490.8 96.08087991499482 79.89755211690004 144.2009345703124 0 233 2.8329 0.0 8.181805246746432 0.0 4.0 
1129 8520524.1 96.08087991499482 79.89755211690004 144.2009345703124 0 233 2.8329 0.0 8.181805246746432 0.0 4.0 
1130 8520557.5 96.08087991499482 79.89755211690004 144.2009345703124 0 233 2.8329 0.0 8.181805246746432 0.0 4.0 
1131 8520590.8 96.09285432567592 79.89755211690004 144.2009345703124 0 233 2.8329 0.0 8.181805246746432 0.0 4.0 
1132 8520624.1 96.09285432567592 79.88599583760323 144.2009345703124 0 233 2.8329 0.0 8.181805246746432 0.0 4.0 
1133 8520657.5 96.09285432567592 79.88599583760323 144.2009345703124 0 233 2.8329 0.0 8.181805246746432 0.0 4.0 
1134 8520690.8 96.09285432567592 79.88599583760323 144.2009345703124 0 233 2.8329 0.0 8.181805246746432 0.0 4.0 
1135 8520724.1 96.11065822172735 79.87040161917561 144.2009345703124 0 233 2.8329 0.0 8.181805246746432 0.0 4.0 
1136 8520757.5 96.11065822172735 79.87040161917561 144.2009345703124 0 233 2.8329 0.0 8.181805246746432 0.0 4.0 
1137 8520790.8 96.11065822172735 79.87040161917561 144.2009345703124 0 233 2.8329 0.0 8.181805246746432 0.0 4.0 
1138 8520824.1 96.11065822172735 79.87040161917561 144.2009345703124 0 233 2.8329 0.0 8.181805246746432 0.0 4.0 
1139 8520857.5 96.12889726026704 79.87040161917561 144.2009345703124 0 233 2.8329 0.0 8.181805246746432 0.0 4.0 
1140 8520890.8 96.12889726026704 79.86274766054345 144.2009345703124 0 233 2.8329 0.0 8.181805246746432 0.0 4.0 
1141 8520924.1 96.12889726026704 79.86274766054345 144.2009345703124 0 233 2.8329 0.0 8.181805246746432 0.0 4.0 
1142 8520957.5 96.12889726026704 79.86274766054345 144.2009345703124 0 233 2.8329 0.0 8.181805246746432 0.0 4.0 
1143 8520990.8 96.1592057223905 79.86274766054345 144.2009345703124 0 233 2.8329 0.0 8.181805246746432 0.0 4.0 
1144 8521024.2 96.1592057223905 79.85443373554212 144.2009345703124 0 233 2.8329 0.0 8.181805246746432 0.0 4.0 
1145 8521057.5 96.1592057223905 79.85443373554212 144.2009345703124 0 233 2.8329 0.0 8.181805246746432 0.0 4.0 
1146 8521090.8 96.1895261647064 79.84618428882787 144.2009345703124 0 233 2.8329 0.0 8.181805246746432 0.0 4.0 
1147 8521124.2 96.1895261647064 79.84618428882787 144.2009345703124 0 233 2.8329 0.0 8.181805246746432 0.0 4.0 
1148 8521157.5 96.1895261647064 79.84618428882787 144.2009345703124 0 233 2.8329 0.0 8.181805246746432 0.0 4.0 
1149 8521190.8 96.1895261647064 79.84618428882787 144.2009345703124 0 233 2.8329 0.0 8.181805246746432 0.0 4.0 
1150 8521224.2 96.20843425938011 79.84618428882787 144.2009345703124 0 233 2.8329 0.0 8.181805246746432 0.0 4.0 
1151 8521257.5 96.20843425938011 79.84159013649814 144.2009345703124 0 233 2.8329 0.0 8.181805246746432 0.0 4.0 
1152 8521290.8 96.20843425938011 79.84159013649814 144.2009345703124 0 233 2.8329 0.0 8.181805246746432 0.0 4.0 
1153 8521324.2 96.20843425938011 79.84159013649814 144.2009345703124 0 233 2.8329 0.0 8.181805246746432 0.0 4.0 
1154 8521357.5 96.23730478970383 79.84159013649814 144.2009345703124 0 233 2.8329 0.0 8.181805246746432 0.0 4.0 
1155 8521390.9 96.23730478970383 79.82966793004118 144.2009345703124 0 233 2.8329 0.0 8.181805246746432 0.0 4.0 
1156 8521424.2 96.23730478970383 79.82966793004118 144.2009345703124 0 233 2.8329 0.0 8.181805246746432 0.0 4.0 
1157 8521457.5 96.23730478970383 79.82966793004118 144.2009345703124 0 233 2.8329 0.0 8.181805246746432 0.0 4.0 
1158 8521490.9 96.26421230067007 79.81361688033164 144.2009345703124 0 233 2.8329 0.0 8.181805246746432 0.0 4.0 
1159 8521524.2 96.26421230067007 79.81361688033164 144.2009345703124 0 233 2.8329 0.0 8.181805246746432 0.0 4.0 
1160 8521557.5 96.26421230067007 79.81361688033164 144.2009345703124 0 233 2.8329 0.0 8.181805246746432 0.0 4.0 
1161 8521590.9 96.2767091930414 79.81361688033164 144.2009345703124 0 233 2.8329 0.0 8.181805246746432 0.0 4.0 
1162 8521624.2 96.2767091930414 79.80366819863114 144.2009345703124 0 233 2.8329 0.0 8.181805246746432 0.0 4.0 
1163 8521657.5 96.2767091930414 79.80366819863114 144.2009345703124 0 233 2.8329 0.0 8.181805246746432 0.0 4.0 
1164 8521690.9 96.2767091930414 79.80366819863114 144.2009345703124 0 233 2.8329 0.0 8.181805246746432 0.0 4.0 
1165 8521724.2 96.29015027283783 79.80366819863114 144.2009345703124 0 233 2.8329 0.0 8.181805246746432 0.0 4.0 
1166 8521757.5 96.29015027283783 79.79367134080424 144.2009345703124 0 233 2.8329 0.0 8.181805246746432 0.0 4.0 
1167 8521790.9 96.29015027283783 79.79367134080424 144.2009345703124 0 233 2.8329 0.0 8.181805246746432 0.0 4.0 
1168 8521824.2 96.30669574080811 79.7766107323095 144.2009345703124 0 233 2.8329 0.0 8.181805246746432 0.0 4.0 
1169 8521857.6 96.30669574080811 79.7766107323095 144.2009345703124 0 233 2.8329 0.0 8.181805246746432 0.0 4.0 
1170 8521890.9 96.30669574080811 79.7766107323095 144.2009345703124 0 233 2.8329 0.0 8.181805246746432 0.0 4.0 
1171 8521924.2 96.30669574080811 79.7766107323095 144.2009345703124 0 233 2.8329 0.0 8.181805246746432 0.0 4.0 
1172 8521957.6 96.31541226941565 79.76338272003935 144.2009345703124 0 233 2.8329 0.0 8.181805246746432 0.0 4.0 
1173 8521990.9 96.31541226941565 79.76338272003935 144.2009345703124 0 233 2.8329 0.0 8.181805246746432 0.0 4.0 
1174 8522024.2 96.31541226941565 79.76338272003935 144.2009345703124 0 233 2.8329 0.0 8.181805246746432 0.0 4.0 
1175 8522057.6 96.31541226941565 79.76338272003935 144.2009345703124 0 233 2.8329 0.0 8.181805246746432 0.0 4.0 
1176 8522090.9 96.3219468847625 79.76338272003935 144.2009345703124 0 233 2.8329 0.0 8.181805246746432 0.0 4.0 
1177 8522124.2 96.3219468847625 79.7490066733673 144.2009345703124 0 233 2.8329 0.0 8.181805246746432 0.0 4.0 
1178 8522157.6 96.3219468847625 79.7490066733673 144.2009345703124 0 233 2.8329 0.0 8.181805246746432 0.0 4.0 
1179 8522190.9 96.3219468847625 79.7490066733673 144.2009345703124 0 233 2.8329 0.0 8.181805246746432 0.0 4.0 
1180 8522224.3 96.32746385012108 79.72470098705473 144.2009345703124 0 233 2.8329 0.0 8.181805246746432 0.0 4.0 
1181 8522257.6 96.32746385012108 79.72470098705473 144.2009345703124 0 233 2.8329 0.0 8.181805246746432 0.0 4.0 
1182 8522290.9 96.32746385012108 79.72470098705473 144.2009345703124 0 233 2.8329 0.0 8.181805246746432 0.0 4.0 
1183 8522324.3 96.32879270894445 79.7090031323392 144.2009345703124 0 233 2.8329 0.0 8.181805246746432 0.0 4.0 
1184 8522357.6 96.32879270894445 79.7090031323392 144.2009345703124 0 233 2.8329 0.0 8.181805246746432 0.0 4.0 
1185 8522390.9 96.32879270894445 79.7090031323392 144.2009345703124 0 233 2.8329 0.0 8.181805246746432 0.0 4.0 
1186 8522424.3 96.32879270894445 79.7090031323392 144.2009345703124 0 233 2.8329 0.0 8.181805246746432 0.0 4.0 
1187 8522457.6 96.32879270894445 79.69778311273681 144.2009345703124 0 233 2.8329 0.0 8.181805246746432 0.0 4.0 
1188 8522490.9 96.32879270894445 79.69778311273681 144.2009345703124 0 233 2.8329 0.0 8.181805246746432 0.0 4.0 
1189 8522524.3 96.32879270894445 79.69778311273681 144.2009345703124 0 233 2.8329 0.0 8.181805246746432 0.0 4.0 
1190 8522557.6 96.32705681011873 79.69778311273681 144.2009345703124 0 233 2.8329 0.0 8.181805246746432 0.0 4.0 
1191 8522590.9 96.32705681011873 79.68303259988106 144.2009345703124 0 233 2.8329 0.0 8.181805246746432 0.0 4.0 
1192 8522624.3 96.32705681011873 79.68303259988106 144.2009345703124 0 233 2.8329 0.0 8.181805246746432 0.0 4.0 
1193 8522657.6 96.32485959378094 79.68303259988106 144.2009345703124 0 233 2.8329 0.0 8.181805246746432 0.0 4.0 
1194 8522691.0 96.32485959378094 79.67400340834251 144.2009345703124 0 233 2.8329 0.0 8.181805246746432 0.0 4.0 
1195 8522724.3 96.32485959378094 79.67400340834251 144.2009345703124 0 233 2.8329 0.0 8.181805246746432 0.0 4.0 
1196 8522757.6 96.32485959378094 79.67400340834251 144.2009345703124 0 233 2.8329 0.0 8.181805246746432 0.0 4.0 
1197 8522791.0 96.32317176339035 79.67400340834251 144.2009345703124 0 233 2.8329 0.0 8.181805246746432 0.0 4.0 
1198 8522824.3 96.32317176339035 79.66048935226448 144.2009345703124 0 233 2.8329 0.0 8.181805246746432 0.0 4.0 
1199 8522857.6 96.32317176339035 79.66048935226448 144.2009345703124 0 233 2.8329 0.0 8.181805246746432 0.0 4.0 
1200 8522891.0 96.32317176339035 79.66048935226448 144.2009345703124 0 233 2.8329 0.0 8.181805246746432 0.0 4.0 
1201 8522924.3 96.32487659077775 79.66048935226448 144.2009345703124 0 233 2.8329 0.0 8.181805246746432 0.0 4.0 
1202 8522957.6 96.32487659077775 79.64509676795264 144.2009345703124 0 233 2.8329 0.0 8.181805246746432 0.0 4.0 
1203 8522991.0 96.32487659077775 79.64509676795264 144.2009345703124 0 233 2.8329 0.0 8.181805246746432 0.0 4.0 
1204 8523024.3 96.32755163340545 79.64509676795264 144.2009345703124 0 233 2.8329 0.0 8.181805246746432 0.0 4.0 
1205 8523057.7 96.32755163340545 79.63743755760224 144.2009345703124 0 233 2.8329 0.0 8.181805246746432 0.0 4.0 
1206 8523091.0 96.32755163340545 79.63743755760224 144.2009345703124 0 233 2.8329 0.0 8.181805246746432 0.0 4.0 
1207 8523124.3 96.32755163340545 79.63743755760224 144.2009345703124 0 233 2.8329 0.0 8.181805246746432 0.0 4.0 
1208 8523157.7 96.33655412109412 79.62248082210492 144.2009345703124 0 233 2.8329 0.0 8.181805246746432 0.0 4.0 
1209 8523191.0 96.33655412109412 79.62248082210492 144.2009345703124 0 233 2.8329 0.0 8.181805246746432 0.0 4.0 
1210 8523224.3 96.33655412109412 79.62248082210492 144.2009345703124 0 233 2.8329 0.0 8.181805246746432 0.0 4.0 
1211 8523257.7 96.34082718242777 79.62248082210492 144.2009345703124 0 233 2.8329 0.0 8.181805246746432 0.0 4.0 
1212 8523291.0 96.34082718242777 79.61519759393646 144.2009345703124 0 233 2.8329 0.0 8.181805246746432 0.0 4.0 
1213 8523324.3 96.34082718242777 79.61519759393646 144.2009345703124 0 233 2.8329 0.0 8.181805246746432 0.0 4.0 
1214 8523357.7 96.34082718242777 79.61519759393646 144.2009345703124 0 233 2.8329 0.0 8.181805246746432 0.0 4.0 
1215 8523391.0 96.34301818597291 79.61519759393646 144.2009345703124 0 233 2.8329 0.0 8.181805246746432 0.0 4.0 
1216 8523424.3 96.34301818597291 79.60134979428825 144.2009345703124 0 233 2.8329 0.0 8.181805246746432 0.0 4.0 
1217 8523457.7 96.34301818597291 79.60134979428825 144.2009345703124 0 233 2.8329 0.0 8.181805246746432 0.0 4.0 
1218 8523491.0 96.34301818597291 79.60134979428825 144.2009345703124 0 233 2.8329 0.0 8.181805246746432 0.0 4.0 
1219 8523524.4 96.35100431835832 79.57954848679847 144.2009345703124 0 233 2.8329 0.0 8.181805246746432 0.0 4.0 
1220 8523557.7 96.35100431835832 79.57954848679847 144.2009345703124 0 233 2.8329 0.0 8.181805246746432 0.0 4.0 
1221 8523591.0 96.35100431835832 79.57954848679847 144.2009345703124 0 233 2.8329 0.0 8.181805246746432 0.0 4.0 
1222 8523624.4 96.35907576094911 79.5701101577961 144.2009345703124 0 233 2.8329 0.0 8.181805246746432 0.0 4.0 
1223 8523657.7 96.35907576094911 79.5701101577961 144.2009345703124 0 233 2.8329 0.0 8.181805246746432 0.0 4.0 
1224 8523691.0 96.35907576094911 79.5701101577961 144.2009345703124 0 233 2.8329 0.0 8.181805246746432 0.0 4.0 
1225 8523724.4 96.36686489104542 79.5701101577961 144.2009345703124 0 233 2.8329 0.0 8.181805246746432 0.0 4.0 
1226 8523757.7 96.36686489104542 79.56251896588277 144.2009345703124 0 233 2.8329 0.0 8.181805246746432 0.0 4.0 
1227 8523791.0 96.36686489104542 79.56251896588277 144.2009345703124 0 233 2.8329 0.0 8.181805246746432 0.0 4.0 
1228 8523824.4 96.36686489104542 79.56251896588277 144.2009345703124 0 233 2.8329 0.0 8.181805246746432 0.0 4.0 
1229 8523857.7 96.38413822099899 79.56251896588277 144.2009345703124 0 233 2.8329 0.0 8.181805246746432 0.0 4.0 
1230 8523891.1 96.38413822099899 79.54628984217297 144.2009345703124 0 233 2.8329 0.0 8.181805246746432 0.0 4.0 
1231 8523924.4 96.38413822099899 79.54628984217297 144.2009345703124 0 233 2.8329 0.0 8.181805246746432 0.0 4.0 
1232 8523957.7 96.39202939679312 79.54628984217297 144.2009345703124 0 233 2.8329 0.0 8.181805246746432 0.0 4.0 
1233 8523991.1 96.39202939679312 79.53968788426356 144.2009345703124 0 233 2.8329 0.0 8.181805246746432 0.0 4.0 
1234 8524024.4 96.39202939679312 79.53968788426356 144.2009345703124 0 233 2.8329 0.0 8.181805246746432 0.0 4.0 
1235 8524057.7 96.40582321637153 79.53968788426356 144.2009345703124 0 233 2.8329 0.0 8.181805246746432 0.0 4.0 
1236 8524091.1 96.40582321637153 79.53220045400033 144.2009345703124 0 233 2.8329 0.0 8.181805246746432 0.0 4.0 
1237 8524124.4 96.40582321637153 79.53220045400033 144.2009345703124 0 233 2.8329 0.0 8.181805246746432 0.0 4.0 
1238 8524157.7 96.40582321637153 79.53220045400033 144.2009345703124 0 233 2.8329 0.0 8.181805246746432 0.0 4.0 
1239 8524191.1 96.41907293736756 79.53220045400033 144.2009345703124 0 233 2.8329 0.0 8.181805246746432 0.0 4.0 
1240 8524224.4 96.41907293736756 79.52417656954944 144.2009345703124 0 233 2.8329 0.0 8.181805246746432 0.0 4.0 
1241 8524257.7 96.41907293736756 79.52417656954944 144.2009345703124 0 233 2.8329 0.0 8.181805246746432 0.0 4.0 
1242 8524291.1 96.41907293736756 79.52417656954944 144.2009345703124 0 233 2.8329 0.0 8.181805246746432 0.0 4.0 
1243 8524324.4 96.43742330552658 79.51386253746854 144.2009345703124 0 233 2.8329 0.0 8.181805246746432 0.0 4.0 
1244 8524357.8 96.43742330552658 79.51386253746854 144.2009345703124 0 233 2.8329 0.0 8.181805246746432 0.0 4.0 
1245 8524391.1 96.43742330552658 79.51386253746854 144.2009345703124 0 233 2.8329 0.0 8.181805246746432 0.0 4.0 
1246 8524424.4 96.43742330552658 79.51386253746854 144.2009345703124 0 233 2.8329 0.0 8.181805246746432 0.0 4.0 
1247 8524457.8 96.45314584302588 79.51386253746854 144.2009345703124 0 233 2.8329 0.0 8.181805246746432 0.0 4.0 
1248 8524491.1 96.45314584302588 79.50810715156082 144.2009345703124 0 233 2.8329 0.0 8.181805246746432 0.0 4.0 
1249 8524524.4 96.45314584302588 79.50810715156082 144.2009345703124 0 233 2.8329 0.0 8.181805246746432 0.0 4.0 
1250 8524557.8 96.45314584302588 79.50810715156082 144.2009345703124 0 233 2.8329 0.0 8.181805246746432 0.0 4.0 
1251 8524591.1 96.47679710576466 79.50810715156082 144.2009345703124 0 233 2.8329 0.0 8.181805246746432 0.0 4.0 
1252 8524624.4 96.47679710576466 79.5021905625555 144.2009345703124 0 233 2.8329 0.0 8.181805246746432 0.0 4.0 
1253 8524657.8 96.47679710576466 79.5021905625555 144.2009345703124 0 233 2.8329 0.0 8.181805246746432 0.0 4.0 
1254 8524691.1 96.47679710576466 79.5021905625555 144.2009345703124 0 233 2.8329 0.0 8.181805246746432 0.0 4.0 
1255 8524724.5 96.48929253648593 79.49908862901529 144.2009345703124 0 233 2.8329 0.0 8.181805246746432 0.0 4.0 
1256 8524757.8 96.48929253648593 79.49908862901529 144.2009345703124 0 233 2.8329 0.0 8.181805246746432 0.0 4.0 
1257 8524791.1 96.48929253648593 79.49908862901529 144.2009345703124 0 233 2.8329 0.0 8.181805246746432 0.0 4.0 
1258 8524824.5 96.50575303545736 79.49908862901529 144.2009345703124 0 233 2.8329 0.0 8.181805246746432 0.0 4.0 
1259 8524857.8 96.50575303545736 79.49509790536271 144.2009345703124 0 233 2.8329 0.0 8.181805246746432 0.0 4.0 
1260 8524891.1 96.50575303545736 79.49509790536271 144.2009345703124 0 233 2.8329 0.0 8.181805246746432 0.0 4.0 
1261 8524924.5 96.50575303545736 79.49509790536271 144.2009345703124 0 233 2.8329 0.0 8.181805246746432 0.0 4.0 
1262 8524957.8 96.5213942743203 79.49509790536271 144.2009345703124 0 233 2.8329 0.0 8.181805246746432 0.0 4.0 
1263 8524991.1 96.5213942743203 79.48496332626131 144.2009345703124 0 233 2.8329 0.0 8.181805246746432 0.0 4.0 
1264 8525024.5 96.5213942743203 79.48496332626131 144.2009345703124 0 233 2.8329 0.0 8.181805246746432 0.0 4.0 
1265 8525057.8 96.52883630549412 79.48496332626131 144.2009345703124 0 233 2.8329 0.0 8.181805246746432 0.0 4.0 
1266 8525091.1 96.52883630549412 79.47501292018413 144.2009345703124 0 233 2.8329 0.0 8.181805246746432 0.0 4.0 
1267 8525124.5 96.52883630549412 79.47501292018413 144.2009345703124 0 233 2.8329 0.0 8.181805246746432 0.0 4.0 
1268 8525157.8 96.52883630549412 79.47501292018413 144.2009345703124 0 233 2.8329 0.0 8.181805246746432 0.0 4.0 
1269 8525191.2 96.53990928671297 79.45992279793062 144.2009345703124 0 233 2.8329 0.0 8.181805246746432 0.0 4.0 
1270 8525224.5 96.53990928671297 79.45992279793062 144.2009345703124 0 233 2.8329 0.0 8.181805246746432 0.0 4.0 
1271 8525257.8 96.53990928671297 79.45992279793062 144.2009345703124 0 233 2.8329 0.0 8.181805246746432 0.0 4.0 
1272 8525291.2 96.53990928671297 79.45992279793062 144.2009345703124 0 233 2.8329 0.0 8.181805246746432 0.0 4.0 
1273 8525324.5 96.55154449823695 79.45992279793062 144.2009345703124 0 233 2.8329 0.0 8.181805246746432 0.0 4.0 
1274 8525357.8 96.55154449823695 79.43295055729465 144.2009345703124 0 233 2.8329 0.0 8.181805246746432 0.0 4.0 
1275 8525391.2 96.55154449823695 79.43295055729465 144.2009345703124 0 233 2.8329 0.0 8.181805246746432 0.0 4.0 
1276 8525424.5 96.55154449823695 79.43295055729465 144.2009345703124 0 233 2.8329 0.0 8.181805246746432 0.0 4.0 
1277 8525457.8 96.55154449823695 79.43295055729465 144.2009345703124 0 233 2.8329 0.0 8.181805246746432 0.0 4.0 
1278 8525491.2 96.55529209665538 79.4110898718214 144.2009345703124 0 233 2.8329 0.0 8.181805246746432 0.0 4.0 
1279 8525524.5 96.55529209665538 79.4110898718214 144.2009345703124 0 233 2.8329 0.0 8.181805246746432 0.0 4.0 
1280 8525557.9 96.55529209665538 79.4110898718214 144.2009345703124 0 233 2.8329 0.0 8.181805246746432 0.0 4.0 
1281 8525591.2 96.55529209665538 79.3903537554889 144.2009345703124 0 233 2.8329 0.0 8.181805246746432 0.0 4.0 
1282 8525624.5 96.55529209665538 79.3903537554889 144.2009345703124 0 233 2.8329 0.0 8.181805246746432 0.0 4.0 
1283 8525657.9 96.55529209665538 79.3903537554889 144.2009345703124 0 233 2.8329 0.0 8.181805246746432 0.0 4.0 
1284 8525691.2 96.55202647882098 79.3903537554889 144.2009345703124 0 233 2.8329 0.0 8.181805246746432 0.0 4.0 
1285 8525724.5 96.55202647882098 79.38105632868309 144.2009345703124 0 233 2.8329 0.0 8.181805246746432 0.0 4.0 
1286 8525757.9 96.55202647882098 79.38105632868309 144.2009345703124 0 233 2.8329 0.0 8.181805246746432 0.0 4.0 
1287 8525791.2 96.54492274217084 79.38105632868309 144.2009345703124 0 233 2.8329 0.0 8.181805246746432 0.0 4.0 
1288 8525824.5 96.54492274217084 79.3686435231878 144.2009345703124 0 233 2.8329 0.0 8.181805246746432 0.0 4.0 
1289 8525857.9 96.54492274217084 79.3686435231878 144.2009345703124 0 233 2.8329 0.0 8.181805246746432 0.0 4.0 
1290 8525891.2 96.53034219331471 79.35135175144242 144.2009345703124 0 233 2.8329 0.0 8.181805246746432 0.0 4.0 
1291 8525924.5 96.53034219331471 79.35135175144242 144.2009345703124 0 233 2.8329 0.0 8.181805246746432 0.0 4.0 
1292 8525957.9 96.53034219331471 79.35135175144242 144.2009345703124 0 233 2.8329 0.0 8.181805246746432 0.0 4.0 
1293 8525991.2 96.53034219331471 79.35135175144242 144.2009345703124 0 233 2.8329 0.0 8.181805246746432 0.0 4.0 
1294 8526024.6 96.51298242634067 79.35135175144242 144.2009345703124 0 233 2.8329 0.0 8.181805246746432 0.0 4.0 
1295 8526057.9 96.51298242634067 79.33622223189009 144.2009345703124 0 233 2.8329 0.0 8.181805246746432 0.0 4.0 
1296 8526091.2 96.51298242634067 79.33622223189009 144.2009345703124 0 233 2.8329 0.0 8.181805246746432 0.0 4.0 
1297 8526124.6 96.49021866174522 79.33622223189009 144.2009345703124 0 233 2.8329 0.0 8.181805246746432 0.0 4.0 
1298 8526157.9 96.49021866174522 79.31445620674583 144.2009345703124 0 233 2.8329 0.0 8.181805246746432 0.0 4.0 
1299 8526191.2 96.49021866174522 79.31445620674583 144.2009345703124 0 233 2.8329 0.0 8.181805246746432 0.0 4.0 
1300 8526224.6 96.49021866174522 79.31445620674583 144.2009345703124 0 233 2.8329 0.0 8.181805246746432 0.0 4.0 
1301 8526257.9 96.47554605041228 79.29493596437811 144.2009345703124 0 233 2.8329 0.0 8.181805246746432 0.0 4.0 
1302 8526291.2 96.47554605041228 79.29493596437811 144.2009345703124 0 233 2.8329 0.0 8.181805246746432 0.0 4.0 
1303 8526324.6 96.47554605041228 79.29493596437811 144.2009345703124 0 233 2.8329 0.0 8.181805246746432 0.0 4.0 
1304 8526357.9 96.46653870382808 79.29493596437811 144.2009345703124 0 233 2.8329 0.0 8.181805246746432 0.0 4.0 
1305 8526391.3 96.46653870382808 79.28558393960897 144.2009345703124 0 233 2.8329 0.0 8.181805246746432 0.0 4.0 
1306 8526424.6 96.46653870382808 79.28558393960897 144.2009345703124 0 233 2.8329 0.0 8.181805246746432 0.0 4.0 
1307 8526457.9 96.46653870382808 79.28558393960897 144.2009345703124 0 233 2.8329 0.0 8.181805246746432 0.0 4.0 
1308 8526491.3 96.45700444568013 79.28558393960897 144.2009345703124 0 233 2.8329 0.0 8.181805246746432 0.0 4.0 
1309 8526524.6 96.45700444568013 79.26954363834362 144.2009345703124 0 233 2.8329 0.0 8.181805246746432 0.0 4.0 
1310 8526557.9 96.45700444568013 79.26954363834362 144.2009345703124 0 233 2.8329 0.0 8.181805246746432 0.0 4.0 
1311 8526591.3 96.45700444568013 79.26954363834362 144.2009345703124 0 233 2.8329 0.0 8.181805246746432 0.0 4.0 
1312 8526624.6 96.44859028936949 79.26954363834362 144.2009345703124 0 233 2.8329 0.0 8.181805246746432 0.0 4.0 
1313 8526657.9 96.44859028936949 79.25305493064586 144.2009345703124 0 233 2.8329 0.0 8.181805246746432 0.0 4.0 
1314 8526691.3 96.44859028936949 79.25305493064586 144.2009345703124 0 233 2.8329 0.0 8.181805246746432 0.0 4.0 
1315 8526724.6 96.44859028936949 79.25305493064586 144.2009345703124 0 233 2.8329 0.0 8.181805246746432 0.0 4.0 
1316 8526757.9 96.44165473061057 79.23226179242025 144.2009345703124 0 233 2.8329 0.0 8.181805246746432 0.0 4.0 
1317 8526791.3 96.44165473061057 79.23226179242025 144.2009345703124 0 233 2.8329 0.0 8.181805246746432 0.0 4.0 
1318 8526824.6 96.44165473061057 79.23226179242025 144.2009345703124 0 233 2.8329 0.0 8.181805246746432 0.0 4.0 
1319 8526858.0 96.43915775818428 79.23226179242025 144.2009345703124 0 233 2.8329 0.0 8.181805246746432 0.0 4.0 
1320 8526891.3 96.43915775818428 79.22254043851022 144.2009345703124 0 233 2.8329 0.0 8.181805246746432 0.0 4.0 
1321 8526924.6 96.43915775818428 79.22254043851022 144.2009345703124 0 233 2.8329 0.0 8.181805246746432 0.0 4.0 
1322 8526958.0 96.43915775818428 79.22254043851022 144.2009345703124 0 233 2.8329 0.0 8.181805246746432 0.0 4.0 
1323 8526991.3 96.43915775818428 79.1960092600495 144.2009345703124 0 233 2.8329 0.0 8.181805246746432 0.0 4.0 
1324 8527024.6 96.43915775818428 79.1960092600495 144.2009345703124 0 233 2.8329 0.0 8.181805246746432 0.0 4.0 
1325 8527058.0 96.43915775818428 79.1960092600495 144.2009345703124 0 233 2.8329 0.0 8.181805246746432 0.0 4.0 
1326 8527091.3 96.43915775818428 79.18398243299114 144.2009345703124 0 233 2.8329 0.0 8.181805246746432 0.0 4.0 
1327 8527124.6 96.43915775818428 79.18398243299114 144.2009345703124 0 233 2.8329 0.0 8.181805246746432 0.0 4.0 
1328 8527158.0 96.43915775818428 79.18398243299114 144.2009345703124 0 233 2.8329 0.0 8.181805246746432 0.0 4.0 
1329 8527191.3 96.44143163553231 79.18398243299114 144.2009345703124 0 233 2.8329 0.0 8.181805246746432 0.0 4.0 
1330 8527224.7 96.44143163553231 79.17419613358649 144.2009345703124 0 233 2.8329 0.0 8.181805246746432 0.0 4.0 
1331 8527258.0 96.44143163553231 79.17419613358649 144.2009345703124 0 233 2.8329 0.0 8.181805246746432 0.0 4.0 
1332 8527291.3 96.44143163553231 79.17419613358649 144.2009345703124 0 233 2.8329 0.0 8.181805246746432 0.0 4.0 
1333 8527324.7 96.4549523251266 79.17419613358649 144.2009345703124 0 233 2.8329 0.0 8.181805246746432 0.0 4.0 
1334 8527358.0 96.4549523251266 79.14721742773824 144.2009345703124 0 233 2.8329 0.0 8.181805246746432 0.0 4.0 
1335 8527391.3 96.4549523251266 79.14721742773824 144.2009345703124 0 233 2.8329 0.0 8.181805246746432 0.0 4.0 
1336 8527424.7 96.4549523251266 79.14721742773824 144.2009345703124 0 233 2.8329 0.0 8.181805246746432 0.0 4.0 
1337 8527458.0 96.4549523251266 79.14721742773824 144.2009345703124 0 233 2.8329 0.0 8.181805246746432 0.0 4.0 
1338 8527491.3 96.4695242686443 79.12974531970357 144.2009345703124 0 233 2.8329 0.0 8.181805246746432 0.0 4.0 
1339 8527524.7 96.4695242686443 79.12974531970357 144.2009345703124 0 233 2.8329 0.0 8.181805246746432 0.0 4.0 
1340 8527558.0 96.4695242686443 79.12974531970357 144.2009345703124 0 233 2.8329 0.0 8.181805246746432 0.0 4.0 
1341 8527591.3 96.4695242686443 79.12974531970357 144.2009345703124 0 233 2.8329 0.0 8.181805246746432 0.0 4.0 
1342 8527624.7 96.4934260139895 79.12974531970357 144.2009345703124 0 233 2.8329 0.0 8.181805246746432 0.0 4.0 
1343 8527658.0 96.4934260139895 79.1062832769874 144.2009345703124 0 233 2.8329 0.0 8.181805246746432 0.0 4.0 
1344 8527691.4 96.4934260139895 79.1062832769874 144.2009345703124 0 233 2.8329 0.0 8.181805246746432 0.0 4.0 
1345 8527724.7 96.4934260139895 79.1062832769874 144.2009345703124 0 233 2.8329 0.0 8.181805246746432 0.0 4.0 
1346 8527758.0 96.50821688031243 79.1062832769874 144.2009345703124 0 233 2.8329 0.0 8.181805246746432 0.0 4.0 
1347 8527791.4 96.50821688031243 79.0914129963283 144.2009345703124 0 233 2.8329 0.0 8.181805246746432 0.0 4.0 
1348 8527824.7 96.50821688031243 79.0914129963283 144.2009345703124 0 233 2.8329 0.0 8.181805246746432 0.0 4.0 
1349 8527858.0 96.52237643705605 79.07589110156168 144.2009345703124 0 233 2.8329 0.0 8.181805246746432 0.0 4.0 
1350 8527891.4 96.52237643705605 79.07589110156168 144.2009345703124 0 233 2.8329 0.0 8.181805246746432 0.0 4.0 
1351 8527924.7 96.52237643705605 79.07589110156168 144.2009345703124 0 233 2.8329 0.0 8.181805246746432 0.0 4.0 
1352 8527958.0 96.52237643705605 79.07589110156168 144.2009345703124 0 233 2.8329 0.0 8.181805246746432 0.0 4.0 
1353 8527991.4 96.53384538009404 79.07589110156168 144.2009345703124 0 233 2.8329 0.0 8.181805246746432 0.0 4.0 
1354 8528024.7 96.53384538009404 79.06336009620456 144.2009345703124 0 233 2.8329 0.0 8.181805246746432 0.0 4.0 
1355 8528058.1 96.53384538009404 79.06336009620456 144.2009345703124 0 233 2.8329 0.0 8.181805246746432 0.0 4.0 
1356 8528091.4 96.53384538009404 79.06336009620456 144.2009345703124 0 233 2.8329 0.0 8.181805246746432 0.0 4.0 
1357 8528124.7 96.54585021608823 79.06336009620456 144.2009345703124 0 233 2.8329 0.0 8.181805246746432 0.0 4.0 
1358 8528158.1 96.54585021608823 79.04571776978426 144.2009345703124 0 233 2.8329 0.0 8.181805246746432 0.0 4.0 
1359 8528191.4 96.54585021608823 79.04571776978426 144.2009345703124 0 233 2.8329 0.0 8.181805246746432 0.0 4.0 
1360 8528224.7 96.5531435854714 79.03616369829463 144.2009345703124 0 233 2.8329 0.0 8.181805246746432 0.0 4.0 
1361 8528258.1 96.5531435854714 79.03616369829463 144.2009345703124 0 233 2.8329 0.0 8.181805246746432 0.0 4.0 
1362 8528291.4 96.5531435854714 79.03616369829463 144.2009345703124 0 233 2.8329 0.0 8.181805246746432 0.0 4.0 
1363 8528324.7 96.5531435854714 79.03616369829463 144.2009345703124 0 233 2.8329 0.0 8.181805246746432 0.0 4.0 
1364 8528358.1 96.55920321487552 79.03616369829463 144.2009345703124 0 233 2.8329 0.0 8.181805246746432 0.0 4.0 
1365 8528391.4 96.55920321487552 79.02610299456647 144.2009345703124 0 233 2.8329 0.0 8.181805246746432 0.0 4.0 
1366 8528424.7 96.55920321487552 79.02610299456647 144.2009345703124 0 233 2.8329 0.0 8.181805246746432 0.0 4.0 
1367 8528458.1 96.55920321487552 79.02610299456647 144.2009345703124 0 233 2.8329 0.0 8.181805246746432 0.0 4.0 
1368 8528491.4 96.56644067024583 79.02610299456647 144.2009345703124 0 233 2.8329 0.0 8.181805246746432 0.0 4.0 
1369 8528524.8 96.56644067024583 79.00714584909522 144.2009345703124 0 233 2.8329 0.0 8.181805246746432 0.0 4.0 
1370 8528558.1 96.56644067024583 79.00714584909522 144.2009345703124 0 233 2.8329 0.0 8.181805246746432 0.0 4.0 
1371 8528591.4 96.56644067024583 79.00714584909522 144.2009345703124 0 233 2.8329 0.0 8.181805246746432 0.0 4.0 
1372 8528624.8 96.56895400389496 78.99013491999419 144.2009345703124 0 233 2.8329 0.0 8.181805246746432 0.0 4.0 
1373 8528658.1 96.56895400389496 78.99013491999419 144.2009345703124 0 233 2.8329 0.0 8.181805246746432 0.0 4.0 
1374 8528691.4 96.56895400389496 78.99013491999419 144.2009345703124 0 233 2.8329 0.0 8.181805246746432 0.0 4.0 
1375 8528724.8 96.56793547850538 78.99013491999419 144.2009345703124 0 233 2.8329 0.0 8.181805246746432 0.0 4.0 
1376 8528758.1 96.56793547850538 78.97373839933334 144.2009345703124 0 233 2.8329 0.0 8.181805246746432 0.0 4.0 
1377 8528791.4 96.56793547850538 78.97373839933334 144.2009345703124 0 233 2.8329 0.0 8.181805246746432 0.0 4.0 
1378 8528824.8 96.55987165321132 78.97373839933334 144.2009345703124 0 233 2.8329 0.0 8.181805246746432 0.0 4.0 
1379 8528858.1 96.55987165321132 78.95132575134683 144.2009345703124 0 233 2.8329 0.0 8.181805246746432 0.0 4.0 
1380 8528891.5 96.55987165321132 78.95132575134683 144.2009345703124 0 233 2.8329 0.0 8.181805246746432 0.0 4.0 
1381 8528924.8 96.55987165321132 78.95132575134683 144.2009345703124 0 233 2.8329 0.0 8.181805246746432 0.0 4.0 
1382 8528958.1 96.55987165321132 78.95132575134683 144.2009345703124 0 233 2.8329 0.0 8.181805246746432 0.0 4.0 
1383 8528991.5 96.5384305363042 78.95132575134683 144.2009345703124 0 233 2.8329 0.0 8.181805246746432 0.0 4.0 
1384 8529024.8 96.5384305363042 78.9273195114402 144.2009345703124 0 233 2.8329 0.0 8.181805246746432 0.0 4.0 
1385 8529058.1 96.5384305363042 78.9273195114402 144.2009345703124 0 233 2.8329 0.0 8.181805246746432 0.0 4.0 
1386 8529091.5 96.51635082371884 78.90637395734765 144.2009345703124 0 233 2.8329 0.0 8.181805246746432 0.0 4.0 
1387 8529124.8 96.51635082371884 78.90637395734765 144.2009345703124 0 233 2.8329 0.0 8.181805246746432 0.0 4.0 
1388 8529158.1 96.51635082371884 78.90637395734765 144.2009345703124 0 233 2.8329 0.0 8.181805246746432 0.0 4.0 
1389 8529191.5 96.51635082371884 78.90637395734765 144.2009345703124 0 233 2.8329 0.0 8.181805246746432 0.0 4.0 
1390 8529224.8 96.50099389727663 78.90637395734765 144.2009345703124 0 233 2.8329 0.0 8.181805246746432 0.0 4.0 
1391 8529258.1 96.50099389727663 78.8908142590895 144.2009345703124 0 233 2.8329 0.0 8.181805246746432 0.0 4.0 
1392 8529291.5 96.50099389727663 78.8908142590895 144.2009345703124 0 233 2.8329 0.0 8.181805246746432 0.0 4.0 
1393 8529324.8 96.48789477616666 78.8908142590895 144.2009345703124 0 233 2.8329 0.0 8.181805246746432 0.0 4.0 
1394 8529358.2 96.48789477616666 78.87546042665953 144.2009345703124 0 233 2.8329 0.0 8.181805246746432 0.0 4.0 
1395 8529391.5 96.48789477616666 78.87546042665953 144.2009345703124 0 233 2.8329 0.0 8.181805246746432 0.0 4.0 
1396 8529424.8 96.48789477616666 78.87546042665953 144.2009345703124 0 233 2.8329 0.0 8.181805246746432 0.0 4.0 
1397 8529458.2 96.47623263636541 78.86629585161292 144.2009345703124 0 233 2.8329 0.0 8.181805246746432 0.0 4.0 
1398 8529491.5 96.47623263636541 78.86629585161292 144.2009345703124 0 233 2.8329 0.0 8.181805246746432 0.0 4.0 
1399 8529524.8 96.47623263636541 78.86629585161292 144.2009345703124 0 233 2.8329 0.0 8.181805246746432 0.0 4.0 
1400 8529558.2 96.46132852519074 78.85898118910815 144.2009345703124 0 233 2.8329 0.0 8.181805246746432 0.0 4.0 
1401 8529591.5 96.46132852519074 78.85898118910815 144.2009345703124 0 233 2.8329 0.0 8.181805246746432 0.0 4.0 
1402 8529624.8 96.46132852519074 78.85898118910815 144.2009345703124 0 233 2.8329 0.0 8.181805246746432 0.0 4.0 
1403 8529658.2 96.44803793609209 78.85898118910815 144.2009345703124 0 233 2.8329 0.0 8.181805246746432 0.0 4.0 
1404 8529691.5 96.44803793609209 78.85221605995218 144.2009345703124 0 233 2.8329 0.0 8.181805246746432 0.0 4.0 
1405 8529724.9 96.44803793609209 78.85221605995218 144.2009345703124 0 233 2.8329 0.0 8.181805246746432 0.0 4.0 
1406 8529758.2 96.43588213704014 78.85221605995218 144.2009345703124 0 233 2.8329 0.0 8.181805246746432 0.0 4.0 
1407 8529791.5 96.43588213704014 78.84173968695126 144.2009345703124 0 233 2.8329 0.0 8.181805246746432 0.0 4.0 
1408 8529824.9 96.43588213704014 78.84173968695126 144.2009345703124 0 233 2.8329 0.0 8.181805246746432 0.0 4.0 
1409 8529858.2 96.43588213704014 78.84173968695126 144.2009345703124 0 233 2.8329 0.0 8.181805246746432 0.0 4.0 
1410 8529891.5 96.42525123023441 78.83155920875359 144.2009345703124 0 233 2.8329 0.0 8.181805246746432 0.0 4.0 
1411 8529924.9 96.42525123023441 78.83155920875359 144.2009345703124 0 233 2.8329 0.0 8.181805246746432 0.0 4.0 
1412 8529958.2 96.42525123023441 78.83155920875359 144.2009345703124 0 233 2.8329 0.0 8.181805246746432 0.0 4.0 
1413 8529991.5 96.42525123023441 78.83155920875359 144.2009345703124 0 233 2.8329 0.0 8.181805246746432 0.0 4.0 
1414 8530024.9 96.41174943366286 78.83155920875359 144.2009345703124 0 233 2.8329 0.0 8.181805246746432 0.0 4.0 
1415 8530058.2 96.41174943366286 78.81789807701469 144.2009345703124 0 233 2.8329 0.0 8.181805246746432 0.0 4.0 
1416 8530091.5 96.41174943366286 78.81789807701469 144.2009345703124 0 233 2.8329 0.0 8.181805246746432 0.0 4.0 
1417 8530124.9 96.4029492878216 78.81789807701469 144.2009345703124 0 233 2.8329 0.0 8.181805246746432 0.0 4.0 
1418 8530158.2 96.4029492878216 78.80539222256671 144.2009345703124 0 233 2.8329 0.0 8.181805246746432 0.0 4.0 
1419 8530191.6 96.4029492878216 78.80539222256671 144.2009345703124 0 233 2.8329 0.0 8.181805246746432 0.0 4.0 
1420 8530224.9 96.4029492878216 78.80539222256671 144.2009345703124 0 233 2.8329 0.0 8.181805246746432 0.0 4.0 
1421 8530258.2 96.3958352503861 78.78771137144439 144.2009345703124 0 233 2.8329 0.0 8.181805246746432 0.0 4.0 
1422 8530291.6 96.3958352503861 78.78771137144439 144.2009345703124 0 233 2.8329 0.0 8.181805246746432 0.0 4.0 
1423 8530324.9 96.3958352503861 78.78771137144439 144.2009345703124 0 233 2.8329 0.0 8.181805246746432 0.0 4.0 
1424 8530358.2 96.39167570729573 78.7702102649496 144.2009345703124 0 233 2.8329 0.0 8.181805246746432 0.0 4.0 
1425 8530391.6 96.39167570729573 78.7702102649496 144.2009345703124 0 233 2.8329 0.0 8.181805246746432 0.0 4.0 
1426 8530424.9 96.39167570729573 78.7702102649496 144.2009345703124 0 233 2.8329 0.0 8.181805246746432 0.0 4.0 
1427 8530458.2 96.39167570729573 78.7702102649496 144.2009345703124 0 233 2.8329 0.0 8.181805246746432 0.0 4.0 
1428 8530491.6 96.39167570729573 78.74735753552063 144.2009345703124 0 233 2.8329 0.0 8.181805246746432 0.0 4.0 
1429 8530524.9 96.39167570729573 78.74735753552063 144.2009345703124 0 233 2.8329 0.0 8.181805246746432 0.0 4.0 
1430 8530558.3 96.39167570729573 78.74735753552063 144.2009345703124 0 233 2.8329 0.0 8.181805246746432 0.0 4.0 
1431 8530591.6 96.39167570729573 78.73457742230799 144.2009345703124 0 233 2.8329 0.0 8.181805246746432 0.0 4.0 
1432 8530624.9 96.39167570729573 78.73457742230799 144.2009345703124 0 233 2.8329 0.0 8.181805246746432 0.0 4.0 
1433 8530658.3 96.39167570729573 78.73457742230799 144.2009345703124 0 233 2.8329 0.0 8.181805246746432 0.0 4.0 
1434 8530691.6 96.39167570729573 78.72392299689027 144.2009345703124 0 233 2.8329 0.0 8.181805246746432 0.0 4.0 
1435 8530724.9 96.39167570729573 78.72392299689027 144.2009345703124 0 233 2.8329 0.0 8.181805246746432 0.0 4.0 
1436 8530758.3 96.39167570729573 78.72392299689027 144.2009345703124 0 233 2.8329 0.0 8.181805246746432 0.0 4.0 
1437 8530791.6 96.39471189715461 78.72392299689027 144.2009345703124 0 233 2.8329 0.0 8.181805246746432 0.0 4.0 
1438 8530824.9 96.39471189715461 78.70145277740977 144.2009345703124 0 233 2.8329 0.0 8.181805246746432 0.0 4.0 
1439 8530858.3 96.39471189715461 78.70145277740977 144.2009345703124 0 233 2.8329 0.0 8.181805246746432 0.0 4.0 
1440 8530891.6 96.39471189715461 78.70145277740977 144.2009345703124 0 233 2.8329 0.0 8.181805246746432 0.0 4.0 
1441 8530924.9 96.39760060612613 78.70145277740977 144.2009345703124 0 233 2.8329 0.0 8.181805246746432 0.0 4.0 
1442 8530958.3 96.39760060612613 78.68701513211346 144.2009345703124 0 233 2.8329 0.0 8.181805246746432 0.0 4.0 
1443 8530991.6 96.39760060612613 78.68701513211346 144.2009345703124 0 233 2.8329 0.0 8.181805246746432 0.0 4.0 
1444 8531025.0 96.395236645001 78.66767012463478 144.2009345703124 0 233 2.8329 0.0 8.181805246746432 0.0 4.0 
1445 8531058.3 96.395236645001 78.66767012463478 144.2009345703124 0 233 2.8329 0.0 8.181805246746432 0.0 4.0 
1446 8531091.6 96.395236645001 78.66767012463478 144.2009345703124 0 233 2.8329 0.0 8.181805246746432 0.0 4.0 
1447 8531125.0 96.395236645001 78.66767012463478 144.2009345703124 0 233 2.8329 0.0 8.181805246746432 0.0 4.0 
1448 8531158.3 96.39306882903253 78.66767012463478 144.2009345703124 0 233 2.8329 0.0 8.181805246746432 0.0 4.0 
1449 8531191.6 96.39306882903253 78.65970426224976 144.2009345703124 0 233 2.8329 0.0 8.181805246746432 0.0 4.0 
1450 8531225.0 96.39306882903253 78.65970426224976 144.2009345703124 0 233 2.8329 0.0 8.181805246746432 0.0 4.0 
1451 8531258.3 96.39146691770424 78.65970426224976 144.2009345703124 0 233 2.8329 0.0 8.181805246746432 0.0 4.0 
1452 8531291.6 96.39146691770424 78.64360839712295 144.2009345703124 0 233 2.8329 0.0 8.181805246746432 0.0 4.0 
1453 8531325.0 96.39146691770424 78.64360839712295 144.2009345703124 0 233 2.8329 0.0 8.181805246746432 0.0 4.0 
1454 8531358.3 96.39146691770424 78.635212177904 144.2009345703124 0 233 2.8329 0.0 8.181805246746432 0.0 4.0 
1455 8531391.7 96.39146691770424 78.635212177904 144.2009345703124 0 233 2.8329 0.0 8.181805246746432 0.0 4.0 
1456 8531425.0 96.39146691770424 78.635212177904 144.2009345703124 0 233 2.8329 0.0 8.181805246746432 0.0 4.0 
1457 8531458.3 96.3890238875715 78.63260322102828 144.2009345703124 0 233 2.8329 0.0 8.181805246746432 0.0 4.0 
1458 8531491.7 96.3890238875715 78.63260322102828 144.2009345703124 0 233 2.8329 0.0 8.181805246746432 0.0 4.0 
1459 8531525.0 96.38500003436651 78.6282311532515 144.2009345703124 0 233 2.8329 0.0 8.181805246746432 0.0 4.0 
1460 8531558.3 96.38500003436651 78.6282311532515 144.2009345703124 0 233 2.8329 0.0 8.181805246746432 0.0 4.0 
1461 8531591.7 96.38500003436651 78.6282311532515 144.2009345703124 0 233 2.8329 0.0 8.181805246746432 0.0 4.0 
1462 8531625.0 96.38028330134459 78.6282311532515 144.2009345703124 0 233 2.8329 0.0 8.181805246746432 0.0 4.0 
1463 8531658.3 96.38028330134459 78.62113233977632 144.2009345703124 0 233 2.8329 0.0 8.181805246746432 0.0 4.0 
1464 8531691.7 96.38028330134459 78.62113233977632 144.2009345703124 0 233 2.8329 0.0 8.181805246746432 0.0 4.0 
1465 8531725.0 96.3717367275091 78.62113233977632 144.2009345703124 0 233 2.8329 0.0 8.181805246746432 0.0 4.0 
1466 8531758.3 96.3717367275091 78.60847301362163 144.2009345703124 0 233 2.8329 0.0 8.181805246746432 0.0 4.0 
1467 8531791.7 96.3717367275091 78.60847301362163 144.2009345703124 0 233 2.8329 0.0 8.181805246746432 0.0 4.0 
1468 8531825.0 96.3717367275091 78.60847301362163 144.2009345703124 0 233 2.8329 0.0 8.181805246746432 0.0 4.0 
1469 8531858.4 96.36034865709661 78.60112259913956 144.2009345703124 0 233 2.8329 0.0 8.181805246746432 0.0 4.0 
1470 8531891.7 96.36034865709661 78.60112259913956 144.2009345703124 0 233 2.8329 0.0 8.181805246746432 0.0 4.0 
1471 8531925.0 96.36034865709661 78.60112259913956 144.2009345703124 0 233 2.8329 0.0 8.181805246746432 0.0 4.0 
1472 8531958.4 96.34589787869443 78.60112259913956 144.2009345703124 0 233 2.8329 0.0 8.181805246746432 0.0 4.0 
1473 8531991.7 96.34589787869443 78.59749002023517 144.2009345703124 0 233 2.8329 0.0 8.181805246746432 0.0 4.0 
1474 8532025.0 96.34589787869443 78.59749002023517 144.2009345703124 0 233 2.8329 0.0 8.181805246746432 0.0 4.0 
1475 8532058.4 96.3306825764842 78.59749002023517 144.2009345703124 0 233 2.8329 0.0 8.181805246746432 0.0 4.0 
1476 8532091.7 96.3306825764842 78.5920748283004 144.2009345703124 0 233 2.8329 0.0 8.181805246746432 0.0 4.0 
1477 8532125.0 96.3306825764842 78.5920748283004 144.2009345703124 0 233 2.8329 0.0 8.181805246746432 0.0 4.0 
1478 8532158.4 96.3306825764842 78.5920748283004 144.2009345703124 0 233 2.8329 0.0 8.181805246746432 0.0 4.0 
1479 8532191.7 96.30344075291488 78.58503070949989 144.2009345703124 0 233 2.8329 0.0 8.181805246746432 0.0 4.0 
1480 8532225.1 96.30344075291488 78.58503070949989 144.2009345703124 0 233 2.8329 0.0 8.181805246746432 0.0 4.0 
1481 8532258.4 96.30344075291488 78.58503070949989 144.2009345703124 0 233 2.8329 0.0 8.181805246746432 0.0 4.0 
1482 8532291.7 96.27899355968655 78.57839917865185 144.2009345703124 0 233 2.8329 0.0 8.181805246746432 0.0 4.0 
1483 8532325.1 96.27899355968655 78.57839917865185 144.2009345703124 0 233 2.8329 0.0 8.181805246746432 0.0 4.0 
1484 8532358.4 96.27899355968655 78.57839917865185 144.2009345703124 0 233 2.8329 0.0 8.181805246746432 0.0 4.0 
1485 8532391.7 96.27899355968655 78.57839917865185 144.2009345703124 0 233 2.8329 0.0 8.181805246746432 0.0 4.0 
1486 8532425.1 96.26369429009476 78.57839917865185 144.2009345703124 0 233 2.8329 0.0 8.181805246746432 0.0 4.0 
1487 8532458.4 96.26369429009476 78.57212298960471 144.2009345703124 0 233 2.8329 0.0 8.181805246746432 0.0 4.0 
1488 8532491.7 96.26369429009476 78.57212298960471 144.2009345703124 0 233 2.8329 0.0 8.181805246746432 0.0 4.0 
1489 8532525.1 96.25594193117122 78.57212298960471 144.2009345703124 0 233 2.8329 0.0 8.181805246746432 0.0 4.0 
1490 8532558.4 96.25594193117122 78.56840318288734 144.2009345703124 0 233 2.8329 0.0 8.181805246746432 0.0 4.0 
1491 8532591.7 96.25594193117122 78.56840318288734 144.2009345703124 0 233 2.8329 0.0 8.181805246746432 0.0 4.0 
1492 8532625.1 96.25001032766208 78.56840318288734 144.2009345703124 0 233 2.8329 0.0 8.181805246746432 0.0 4.0 
1493 8532658.4 96.25001032766208 78.56720372787454 144.2009345703124 0 233 2.8329 0.0 8.181805246746432 0.0 4.0 
1494 8532691.8 96.25001032766208 78.56720372787454 144.2009345703124 0 233 2.8329 0.0 8.181805246746432 0.0 4.0 
1495 8532725.1 96.25001032766208 78.56720372787454 144.2009345703124 0 233 2.8329 0.0 8.181805246746432 0.0 4.0 
1496 8532758.4 96.2400949248951 78.56720372787454 144.2009345703124 0 233 2.8329 0.0 8.181805246746432 0.0 4.0 
1497 8532791.8 96.2400949248951 78.56342609501569 144.2009345703124 0 233 2.8329 0.0 8.181805246746432 0.0 4.0 
1498 8532825.1 96.2400949248951 78.56342609501569 144.2009345703124 0 233 2.8329 0.0 8.181805246746432 0.0 4.0 
1499 8532858.4 96.2400949248951 78.56342609501569 144.2009345703124 0 233 2.8329 0.0 8.181805246746432 0.0 4.0 
1500 8532891.8 96.23216792972937 78.56342609501569 144.2009345703124 0 233 2.8329 0.0 8.181805246746432 0.0 4.0 
1501 8532925.1 96.23216792972937 78.56045376117977 144.2009345703124 0 233 2.8329 0.0 8.181805246746432 0.0 4.0 
1502 8532958.4 96.23216792972937 78.56045376117977 144.2009345703124 0 233 2.8329 0.0 8.181805246746432 0.0 4.0 
1503 8532991.8 96.23216792972937 78.56045376117977 144.2009345703124 0 233 2.8329 0.0 8.181805246746432 0.0 4.0 
1504 8533025.1 96.2166213244658 78.56045376117977 144.2009345703124 0 233 2.8329 0.0 8.181805246746432 0.0 4.0 
1505 8533058.5 96.2166213244658 78.55755109768594 144.2009345703124 0 233 2.8329 0.0 8.181805246746432 0.0 4.0 
1506 8533091.8 96.2166213244658 78.55755109768594 144.2009345703124 0 233 2.8329 0.0 8.181805246746432 0.0 4.0 
1507 8533125.1 96.2166213244658 78.55755109768594 144.2009345703124 0 233 2.8329 0.0 8.181805246746432 0.0 4.0 
1508 8533158.5 96.2004791786102 78.55418153576024 144.2009345703124 0 233 2.8329 0.0 8.181805246746432 0.0 4.0 
1509 8533191.8 96.2004791786102 78.55418153576024 144.2009345703124 0 233 2.8329 0.0 8.181805246746432 0.0 4.0 
1510 8533225.1 96.2004791786102 78.55418153576024 144.2009345703124 0 233 2.8329 0.0 8.181805246746432 0.0 4.0 
1511 8533258.5 96.2004791786102 78.55418153576024 144.2009345703124 0 233 2.8329 0.0 8.181805246746432 0.0 4.0 
1512 8533291.8 96.19150084113518 78.55052469590254 144.2009345703124 0 233 2.8329 0.0 8.181805246746432 0.0 4.0 
1513 8533325.1 96.19150084113518 78.55052469590254 144.2009345703124 0 233 2.8329 0.0 8.181805246746432 0.0 4.0 
1514 8533358.5 96.19150084113518 78.55052469590254 144.2009345703124 0 233 2.8329 0.0 8.181805246746432 0.0 4.0 
1515 8533391.8 96.1855198866043 78.55052469590254 144.2009345703124 0 233 2.8329 0.0 8.181805246746432 0.0 4.0 
1516 8533425.1 96.1855198866043 78.5467177552442 144.2009345703124 0 233 2.8329 0.0 8.181805246746432 0.0 4.0 
1517 8533458.5 96.1855198866043 78.5467177552442 144.2009345703124 0 233 2.8329 0.0 8.181805246746432 0.0 4.0 
1518 8533491.8 96.17897663445824 78.5467177552442 144.2009345703124 0 233 2.8329 0.0 8.181805246746432 0.0 4.0 
1519 8533525.2 96.17897663445824 78.54068440387414 144.2009345703124 0 233 2.8329 0.0 8.181805246746432 0.0 4.0 
1520 8533558.5 96.17897663445824 78.54068440387414 144.2009345703124 0 233 2.8329 0.0 8.181805246746432 0.0 4.0 
1521 8533591.8 96.17897663445824 78.54068440387414 144.2009345703124 0 233 2.8329 0.0 8.181805246746432 0.0 4.0 
1522 8533625.2 96.17111986326296 78.54068440387414 144.2009345703124 0 233 2.8329 0.0 8.181805246746432 0.0 4.0 
1523 8533658.5 96.17111986326296 78.53362839168828 144.2009345703124 0 233 2.8329 0.0 8.181805246746432 0.0 4.0 
1524 8533691.8 96.17111986326296 78.53362839168828 144.2009345703124 0 233 2.8329 0.0 8.181805246746432 0.0 4.0 
1525 8533725.2 96.17111986326296 78.53362839168828 144.2009345703124 0 233 2.8329 0.0 8.181805246746432 0.0 4.0 
1526 8533758.5 96.16156054208396 78.53362839168828 144.2009345703124 0 233 2.8329 0.0 8.181805246746432 0.0 4.0 
1527 8533791.8 96.16156054208396 78.52539008355876 144.2009345703124 0 233 2.8329 0.0 8.181805246746432 0.0 4.0 
1528 8533825.2 96.16156054208396 78.52539008355876 144.2009345703124 0 233 2.8329 0.0 8.181805246746432 0.0 4.0 
1529 8533858.5 96.16156054208396 78.52539008355876 144.2009345703124 0 233 2.8329 0.0 8.181805246746432 0.0 4.0 
1530 8533891.9 96.15207339110653 78.52539008355876 144.2009345703124 0 233 2.8329 0.0 8.181805246746432 0.0 4.0 
1531 8533925.2 96.15207339110653 78.51484753006157 144.2009345703124 0 233 2.8329 0.0 8.181805246746432 0.0 4.0 
1532 8533958.5 96.15207339110653 78.51484753006157 144.2009345703124 0 233 2.8329 0.0 8.181805246746432 0.0 4.0 
1533 8533991.9 96.14488779067737 78.50485089292872 144.2009345703124 0 233 2.8329 0.0 8.181805246746432 0.0 4.0 
1534 8534025.2 96.14488779067737 78.50485089292872 144.2009345703124 0 233 2.8329 0.0 8.181805246746432 0.0 4.0 
1535 8534058.5 96.14488779067737 78.50485089292872 144.2009345703124 0 233 2.8329 0.0 8.181805246746432 0.0 4.0 
1536 8534091.9 96.14144210348107 78.5019976793477 144.2009345703124 0 233 2.8329 0.0 8.181805246746432 0.0 4.0 
1537 8534125.2 96.14144210348107 78.5019976793477 144.2009345703124 0 233 2.8329 0.0 8.181805246746432 0.0 4.0 
1538 8534158.5 96.14144210348107 78.5019976793477 144.2009345703124 0 233 2.8329 0.0 8.181805246746432 0.0 4.0 
1539 8534191.9 96.13769098440311 78.5019976793477 144.2009345703124 0 233 2.8329 0.0 8.181805246746432 0.0 4.0 
1540 8534225.2 96.13769098440311 78.49375196303025 144.2009345703124 0 233 2.8329 0.0 8.181805246746432 0.0 4.0 
1541 8534258.5 96.13769098440311 78.49375196303025 144.2009345703124 0 233 2.8329 0.0 8.181805246746432 0.0 4.0 
1542 8534291.9 96.13769098440311 78.49375196303025 144.2009345703124 0 233 2.8329 0.0 8.181805246746432 0.0 4.0 
1543 8534325.2 96.13347311067305 78.48426592835227 144.2009345703124 0 233 2.8329 0.0 8.181805246746432 0.0 4.0 
1544 8534358.6 96.13347311067305 78.48426592835227 144.2009345703124 0 233 2.8329 0.0 8.181805246746432 0.0 4.0 
1545 8534391.9 96.13347311067305 78.48426592835227 144.2009345703124 0 233 2.8329 0.0 8.181805246746432 0.0 4.0 
1546 8534425.2 96.13214958108136 78.48426592835227 144.2009345703124 0 233 2.8329 0.0 8.181805246746432 0.0 4.0 
1547 8534458.6 96.13214958108136 78.46842697819396 144.2009345703124 0 233 2.8329 0.0 8.181805246746432 0.0 4.0 
1548 8534491.9 96.13214958108136 78.46842697819396 144.2009345703124 0 233 2.8329 0.0 8.181805246746432 0.0 4.0 
1549 8534525.2 96.13214958108136 78.46842697819396 144.2009345703124 0 233 2.8329 0.0 8.181805246746432 0.0 4.0 
1550 8534558.6 96.13428372218276 78.46842697819396 144.2009345703124 0 233 2.8329 0.0 8.181805246746432 0.0 4.0 
1551 8534591.9 96.13428372218276 78.45469705090613 144.2009345703124 0 233 2.8329 0.0 8.181805246746432 0.0 4.0 
1552 8534625.2 96.13428372218276 78.45469705090613 144.2009345703124 0 233 2.8329 0.0 8.181805246746432 0.0 4.0 
1553 8534658.6 96.13428372218276 78.45469705090613 144.2009345703124 0 233 2.8329 0.0 8.181805246746432 0.0 4.0 
1554 8534691.9 96.14374614619682 78.45469705090613 144.2009345703124 0 233 2.8329 0.0 8.181805246746432 0.0 4.0 
1555 8534725.3 96.14374614619682 78.42902403869525 144.2009345703124 0 233 2.8329 0.0 8.181805246746432 0.0 4.0 
1556 8534758.6 96.14374614619682 78.42902403869525 144.2009345703124 0 233 2.8329 0.0 8.181805246746432 0.0 4.0 
1557 8534791.9 96.15078534345196 78.4129963311522 144.2009345703124 0 233 2.8329 0.0 8.181805246746432 0.0 4.0 
1558 8534825.3 96.15078534345196 78.4129963311522 144.2009345703124 0 233 2.8329 0.0 8.181805246746432 0.0 4.0 
1559 8534858.6 96.15078534345196 78.4129963311522 144.2009345703124 0 233 2.8329 0.0 8.181805246746432 0.0 4.0 
1560 8534891.9 96.15078534345196 78.4129963311522 144.2009345703124 0 233 2.8329 0.0 8.181805246746432 0.0 4.0 
1561 8534925.3 96.15078534345196 78.39560670971798 144.2009345703124 0 233 2.8329 0.0 8.181805246746432 0.0 4.0 
1562 8534958.6 96.15078534345196 78.39560670971798 144.2009345703124 0 233 2.8329 0.0 8.181805246746432 0.0 4.0 
1563 8534991.9 96.15078534345196 78.39560670971798 144.2009345703124 0 233 2.8329 0.0 8.181805246746432 0.0 4.0 
1564 8535025.3 96.14726646006821 78.39560670971798 144.2009345703124 0 233 2.8329 0.0 8.181805246746432 0.0 4.0 
1565 8535058.6 96.14726646006821 78.3821439832439 144.2009345703124 0 233 2.8329 0.0 8.181805246746432 0.0 4.0 
1566 8535091.9 96.14726646006821 78.3821439832439 144.2009345703124 0 233 2.8329 0.0 8.181805246746432 0.0 4.0 
1567 8535125.3 96.14726646006821 78.3821439832439 144.2009345703124 0 233 2.8329 0.0 8.181805246746432 0.0 4.0 
1568 8535158.6 96.14348277355022 78.37283642677205 144.2009345703124 0 233 2.8329 0.0 8.181805246746432 0.0 4.0 
1569 8535192.0 96.14348277355022 78.37283642677205 144.2009345703124 0 233 2.8329 0.0 8.181805246746432 0.0 4.0 
1570 8535225.3 96.14348277355022 78.37283642677205 144.2009345703124 0 233 2.8329 0.0 8.181805246746432 0.0 4.0 
1571 8535258.6 96.13790792954367 78.35470271602787 144.2009345703124 0 233 2.8329 0.0 8.181805246746432 0.0 4.0 
1572 8535292.0 96.13790792954367 78.35470271602787 144.2009345703124 0 233 2.8329 0.0 8.181805246746432 0.0 4.0 
1573 8535325.3 96.13790792954367 78.35470271602787 144.2009345703124 0 233 2.8329 0.0 8.181805246746432 0.0 4.0 
1574 8535358.6 96.13448963070103 78.35470271602787 144.2009345703124 0 233 2.8329 0.0 8.181805246746432 0.0 4.0 
1575 8535392.0 96.13448963070103 78.34961227973308 144.2009345703124 0 233 2.8329 0.0 8.181805246746432 0.0 4.0 
1576 8535425.3 96.13448963070103 78.34961227973308 144.2009345703124 0 233 2.8329 0.0 8.181805246746432 0.0 4.0 
1577 8535458.6 96.13448963070103 78.34961227973308 144.2009345703124 0 233 2.8329 0.0 8.181805246746432 0.0 4.0 
1578 8535492.0 96.13080100920308 78.34961227973308 144.2009345703124 0 233 2.8329 0.0 8.181805246746432 0.0 4.0 
1579 8535525.3 96.13080100920308 78.33018258132125 144.2009345703124 0 233 2.8329 0.0 8.181805246746432 0.0 4.0 
1580 8535558.7 96.13080100920308 78.33018258132125 144.2009345703124 0 233 2.8329 0.0 8.181805246746432 0.0 4.0 
1581 8535592.0 96.12754066884844 78.31798789874748 144.2009345703124 0 233 2.8329 0.0 8.181805246746432 0.0 4.0 
1582 8535625.3 96.12754066884844 78.31798789874748 144.2009345703124 0 233 2.8329 0.0 8.181805246746432 0.0 4.0 
1583 8535658.7 96.12754066884844 78.31798789874748 144.2009345703124 0 233 2.8329 0.0 8.181805246746432 0.0 4.0 
1584 8535692.0 96.12754066884844 78.31798789874748 144.2009345703124 0 233 2.8329 0.0 8.181805246746432 0.0 4.0 
1585 8535725.3 96.12315110090415 78.31798789874748 144.2009345703124 0 233 2.8329 0.0 8.181805246746432 0.0 4.0 
1586 8535758.7 96.12315110090415 78.3048299278734 144.2009345703124 0 233 2.8329 0.0 8.181805246746432 0.0 4.0 
1587 8535792.0 96.12315110090415 78.3048299278734 144.2009345703124 0 233 2.8329 0.0 8.181805246746432 0.0 4.0 
1588 8535825.3 96.11766940392293 78.3048299278734 144.2009345703124 0 233 2.8329 0.0 8.181805246746432 0.0 4.0 
1589 8535858.7 96.11766940392293 78.28909917428292 144.2009345703124 0 233 2.8329 0.0 8.181805246746432 0.0 4.0 
1590 8535892.0 96.11766940392293 78.28909917428292 144.2009345703124 0 233 2.8329 0.0 8.181805246746432 0.0 4.0 
1591 8535925.3 96.11766940392293 78.28909917428292 144.2009345703124 0 233 2.8329 0.0 8.181805246746432 0.0 4.0 
1592 8535958.7 96.11187649799952 78.27758065471234 144.2009345703124 0 233 2.8329 0.0 8.181805246746432 0.0 4.0 
1593 8535992.0 96.11187649799952 78.27758065471234 144.2009345703124 0 233 2.8329 0.0 8.181805246746432 0.0 4.0 
1594 8536025.4 96.11187649799952 78.27758065471234 144.2009345703124 0 233 2.8329 0.0 8.181805246746432 0.0 4.0 
1595 8536058.7 96.11187649799952 78.27758065471234 144.2009345703124 0 233 2.8329 0.0 8.181805246746432 0.0 4.0 
1596 8536092.0 96.10317266738697 78.27758065471234 144.2009345703124 0 233 2.8329 0.0 8.181805246746432 0.0 4.0 
1597 8536125.4 96.10317266738697 78.26016312003914 144.2009345703124 0 233 2.8329 0.0 8.181805246746432 0.0 4.0 
1598 8536158.7 96.10317266738697 78.26016312003914 144.2009345703124 0 233 2.8329 0.0 8.181805246746432 0.0 4.0 
1599 8536192.0 96.0933389797143 78.26016312003914 144.2009345703124 0 233 2.8329 0.0 8.181805246746432 0.0 4.0 
1600 8536225.4 96.0933389797143 78.24676684025435 144.2009345703124 0 233 2.8329 0.0 8.181805246746432 0.0 4.0 
1601 8536258.7 96.0933389797143 78.24676684025435 144.2009345703124 0 233 2.8329 0.0 8.181805246746432 0.0 4.0 
1602 8536292.0 96.08375365754806 78.2369605890191 144.2009345703124 0 233 2.8329 0.0 8.181805246746432 0.0 4.0 
1603 8536325.4 96.08375365754806 78.2369605890191 144.2009345703124 0 233 2.8329 0.0 8.181805246746432 0.0 4.0 
1604 8536358.7 96.08375365754806 78.2369605890191 144.2009345703124 0 233 2.8329 0.0 8.181805246746432 0.0 4.0 
1605 8536392.1 96.08375365754806 78.2369605890191 144.2009345703124 0 233 2.8329 0.0 8.181805246746432 0.0 4.0 
1606 8536425.4 96.070478037509 78.2267255573258 144.2009345703124 0 233 2.8329 0.0 8.181805246746432 0.0 4.0 
1607 8536458.7 96.070478037509 78.2267255573258 144.2009345703124 0 233 2.8329 0.0 8.181805246746432 0.0 4.0 
1608 8536492.1 96.070478037509 78.2267255573258 144.2009345703124 0 233 2.8329 0.0 8.181805246746432 0.0 4.0 
1609 8536525.4 96.06009846014283 78.2267255573258 144.2009345703124 0 233 2.8329 0.0 8.181805246746432 0.0 4.0 
1610 8536558.7 96.06009846014283 78.22289797601205 144.2009345703124 0 233 2.8329 0.0 8.181805246746432 0.0 4.0 
1611 8536592.1 96.06009846014283 78.22289797601205 144.2009345703124 0 233 2.8329 0.0 8.181805246746432 0.0 4.0 
1612 8536625.4 96.05208451220683 78.22289797601205 144.2009345703124 0 233 2.8329 0.0 8.181805246746432 0.0 4.0 
1613 8536658.7 96.05208451220683 78.2193551475456 144.2009345703124 0 233 2.8329 0.0 8.181805246746432 0.0 4.0 
1614 8536692.1 96.05208451220683 78.2193551475456 144.2009345703124 0 233 2.8329 0.0 8.181805246746432 0.0 4.0 
1615 8536725.4 96.03673823974397 78.21451806298899 144.2009345703124 0 233 2.8329 0.0 8.181805246746432 0.0 4.0 
1616 8536758.7 96.03673823974397 78.21451806298899 144.2009345703124 0 233 2.8329 0.0 8.181805246746432 0.0 4.0 
1617 8536792.1 96.03673823974397 78.21451806298899 144.2009345703124 0 233 2.8329 0.0 8.181805246746432 0.0 4.0 
1618 8536825.4 96.03673823974397 78.21451806298899 144.2009345703124 0 233 2.8329 0.0 8.181805246746432 0.0 4.0 
1619 8536858.8 96.02378504936053 78.21451806298899 144.2009345703124 0 233 2.8329 0.0 8.181805246746432 0.0 4.0 
1620 8536892.1 96.02378504936053 78.20990517490387 144.2009345703124 0 233 2.8329 0.0 8.181805246746432 0.0 4.0 
1621 8536925.4 96.02378504936053 78.20990517490387 144.2009345703124 0 233 2.8329 0.0 8.181805246746432 0.0 4.0 
1622 8536958.8 96.0053108517669 78.20990517490387 144.2009345703124 0 233 2.8329 0.0 8.181805246746432 0.0 4.0 
1623 8536992.1 96.0053108517669 78.20543062893465 144.2009345703124 0 233 2.8329 0.0 8.181805246746432 0.0 4.0 
1624 8537025.4 96.0053108517669 78.20543062893465 144.2009345703124 0 233 2.8329 0.0 8.181805246746432 0.0 4.0 
1625 8537058.8 96.0053108517669 78.20543062893465 144.2009345703124 0 233 2.8329 0.0 8.181805246746432 0.0 4.0 
1626 8537092.1 95.98858586508135 78.20364998908809 144.2009345703124 0 233 2.8329 0.0 8.181805246746432 0.0 4.0 
1627 8537125.4 95.98858586508135 78.20364998908809 144.2009345703124 0 233 2.8329 0.0 8.181805246746432 0.0 4.0 
1628 8537158.8 95.98858586508135 78.20364998908809 144.2009345703124 0 233 2.8329 0.0 8.181805246746432 0.0 4.0 
1629 8537192.1 95.96968060587209 78.20364998908809 144.2009345703124 0 233 2.8329 0.0 8.181805246746432 0.0 4.0 
1630 8537225.5 95.96968060587209 78.20364998908809 144.2009345703124 0 233 2.8329 0.0 8.181805246746432 0.0 4.0 
1631 8537258.8 95.96968060587209 78.20364998908809 144.2009345703124 0 233 2.8329 0.0 8.181805246746432 0.0 4.0 
1632 8537292.1 95.95357479621511 78.20364998908809 144.2009345703124 0 233 2.8329 0.0 8.181805246746432 0.0 4.0 
1633 8537325.5 95.95357479621511 78.20220344003478 144.2009345703124 0 233 2.8329 0.0 8.181805246746432 0.0 4.0 
1634 8537358.8 95.95357479621511 78.20220344003478 144.2009345703124 0 233 2.8329 0.0 8.181805246746432 0.0 4.0 
1635 8537392.1 95.94078822426502 78.20220344003478 144.2009345703124 0 233 2.8329 0.0 8.181805246746432 0.0 4.0 
1636 8537425.5 95.94078822426502 78.1987778578698 144.2009345703124 0 233 2.8329 0.0 8.181805246746432 0.0 4.0 
1637 8537458.8 95.94078822426502 78.1987778578698 144.2009345703124 0 233 2.8329 0.0 8.181805246746432 0.0 4.0 
1638 8537492.1 95.94078822426502 78.1987778578698 144.2009345703124 0 233 2.8329 0.0 8.181805246746432 0.0 4.0 
1639 8537525.5 95.92361425344768 78.1987778578698 144.2009345703124 0 233 2.8329 0.0 8.181805246746432 0.0 4.0 
1640 8537558.8 95.92361425344768 78.1914905770327 144.2009345703124 0 233 2.8329 0.0 8.181805246746432 0.0 4.0 
1641 8537592.1 95.92361425344768 78.1914905770327 144.2009345703124 0 233 2.8329 0.0 8.181805246746432 0.0 4.0 
1642 8537625.5 95.92361425344768 78.1914905770327 144.2009345703124 0 233 2.8329 0.0 8.181805246746432 0.0 4.0 
1643 8537658.8 95.90539158712973 78.1914905770327 144.2009345703124 0 233 2.8329 0.0 8.181805246746432 0.0 4.0 
1644 8537692.2 95.90539158712973 78.18710719218494 144.2009345703124 0 233 2.8329 0.0 8.181805246746432 0.0 4.0 
1645 8537725.5 95.90539158712973 78.18710719218494 144.2009345703124 0 233 2.8329 0.0 8.181805246746432 0.0 4.0 
1646 8537758.8 95.90539158712973 78.18710719218494 144.2009345703124 0 233 2.8329 0.0 8.181805246746432 0.0 4.0 
1647 8537792.2 95.89124739257974 78.18710719218494 144.2009345703124 0 233 2.8329 0.0 8.181805246746432 0.0 4.0 
1648 8537825.5 95.89124739257974 78.1833236457958 144.2009345703124 0 233 2.8329 0.0 8.181805246746432 0.0 4.0 
1649 8537858.8 95.89124739257974 78.1833236457958 144.2009345703124 0 233 2.8329 0.0 8.181805246746432 0.0 4.0 
1650 8537892.2 95.88010052881555 78.17940729927989 144.2009345703124 0 233 2.8329 0.0 8.181805246746432 0.0 4.0 
1651 8537925.5 95.88010052881555 78.17940729927989 144.2009345703124 0 233 2.8329 0.0 8.181805246746432 0.0 4.0 
1652 8537958.8 95.88010052881555 78.17940729927989 144.2009345703124 0 233 2.8329 0.0 8.181805246746432 0.0 4.0 
1653 8537992.2 95.86969285784798 78.17563405805134 144.2009345703124 0 233 2.8329 0.0 8.181805246746432 0.0 4.0 
1654 8538025.5 95.86969285784798 78.17563405805134 144.2009345703124 0 233 2.8329 0.0 8.181805246746432 0.0 4.0 
1655 8538058.9 95.86969285784798 78.17563405805134 144.2009345703124 0 233 2.8329 0.0 8.181805246746432 0.0 4.0 
1656 8538092.2 95.86969285784798 78.17563405805134 144.2009345703124 0 233 2.8329 0.0 8.181805246746432 0.0 4.0 
1657 8538125.5 95.86354833464608 78.17563405805134 144.2009345703124 0 233 2.8329 0.0 8.181805246746432 0.0 4.0 
1658 8538158.9 95.86354833464608 78.17333531660711 144.2009345703124 0 233 2.8329 0.0 8.181805246746432 0.0 4.0 
1659 8538192.2 95.86354833464608 78.17333531660711 144.2009345703124 0 233 2.8329 0.0 8.181805246746432 0.0 4.0 
1660 8538225.5 95.84654356930356 78.17333531660711 144.2009345703124 0 233 2.8329 0.0 8.181805246746432 0.0 4.0 
1661 8538258.9 95.84654356930356 78.16232835195494 144.2009345703124 0 233 2.8329 0.0 8.181805246746432 0.0 4.0 
1662 8538292.2 95.84654356930356 78.16232835195494 144.2009345703124 0 233 2.8329 0.0 8.181805246746432 0.0 4.0 
1663 8538325.5 95.84654356930356 78.16232835195494 144.2009345703124 0 233 2.8329 0.0 8.181805246746432 0.0 4.0 
1664 8538358.9 95.84079064024056 78.16232835195494 144.2009345703124 0 233 2.8329 0.0 8.181805246746432 0.0 4.0 
1665 8538392.2 95.84079064024056 78.1592618423983 144.2009345703124 0 233 2.8329 0.0 8.181805246746432 0.0 4.0 
1666 8538425.5 95.84079064024056 78.1592618423983 144.2009345703124 0 233 2.8329 0.0 8.181805246746432 0.0 4.0 
1667 8538458.9 95.84079064024056 78.1592618423983 144.2009345703124 0 233 2.8329 0.0 8.181805246746432 0.0 4.0 
1668 8538492.2 95.82845700082824 78.1592618423983 144.2009345703124 0 233 2.8329 0.0 8.181805246746432 0.0 4.0 
1669 8538525.6 95.82845700082824 78.15172427210331 144.2009345703124 0 233 2.8329 0.0 8.181805246746432 0.0 4.0 
1670 8538558.9 95.82845700082824 78.15172427210331 144.2009345703124 0 233 2.8329 0.0 8.181805246746432 0.0 4.0 
1671 8538592.2 95.82845700082824 78.15172427210331 144.2009345703124 0 233 2.8329 0.0 8.181805246746432 0.0 4.0 
1672 8538625.6 95.81980410940133 78.15172427210331 144.2009345703124 0 233 2.8329 0.0 8.181805246746432 0.0 4.0 
1673 8538658.9 95.81980410940133 78.14719152869894 144.2009345703124 0 233 2.8329 0.0 8.181805246746432 0.0 4.0 
1674 8538692.2 95.81980410940133 78.14719152869894 144.2009345703124 0 233 2.8329 0.0 8.181805246746432 0.0 4.0 
1675 8538725.6 95.81980410940133 78.14719152869894 144.2009345703124 0 233 2.8329 0.0 8.181805246746432 0.0 4.0 
1676 8538758.9 95.81198872847231 78.14719152869894 144.2009345703124 0 233 2.8329 0.0 8.181805246746432 0.0 4.0 
1677 8538792.2 95.81198872847231 78.14196097565045 144.2009345703124 0 233 2.8329 0.0 8.181805246746432 0.0 4.0 
1678 8538825.6 95.81198872847231 78.14196097565045 144.2009345703124 0 233 2.8329 0.0 8.181805246746432 0.0 4.0 
1679 8538858.9 95.81198872847231 78.14196097565045 144.2009345703124 0 233 2.8329 0.0 8.181805246746432 0.0 4.0 
1680 8538892.3 95.80271881703652 78.14196097565045 144.2009345703124 0 233 2.8329 0.0 8.181805246746432 0.0 4.0 
1681 8538925.6 95.80271881703652 78.13615095667257 144.2009345703124 0 233 2.8329 0.0 8.181805246746432 0.0 4.0 
1682 8538958.9 95.80271881703652 78.13615095667257 144.2009345703124 0 233 2.8329 0.0 8.181805246746432 0.0 4.0 
1683 8538992.3 95.79326042423521 78.13615095667257 144.2009345703124 0 233 2.8329 0.0 8.181805246746432 0.0 4.0 
1684 8539025.6 95.79326042423521 78.1309829359931 144.2009345703124 0 233 2.8329 0.0 8.181805246746432 0.0 4.0 
1685 8539058.9 95.79326042423521 78.1309829359931 144.2009345703124 0 233 2.8329 0.0 8.181805246746432 0.0 4.0 
1686 8539092.3 95.79326042423521 78.1309829359931 144.2009345703124 0 233 2.8329 0.0 8.181805246746432 0.0 4.0 
1687 8539125.6 95.78618714951006 78.12649729986167 144.2009345703124 0 233 2.8329 0.0 8.181805246746432 0.0 4.0 
1688 8539158.9 95.78618714951006 78.12649729986167 144.2009345703124 0 233 2.8329 0.0 8.181805246746432 0.0 4.0 
1689 8539192.3 95.78618714951006 78.12649729986167 144.2009345703124 0 233 2.8329 0.0 8.181805246746432 0.0 4.0 
1690 8539225.6 95.78618714951006 78.12649729986167 144.2009345703124 0 233 2.8329 0.0 8.181805246746432 0.0 4.0 
1691 8539258.9 95.77824691400505 78.12649729986167 144.2009345703124 0 233 2.8329 0.0 8.181805246746432 0.0 4.0 
1692 8539292.3 95.77824691400505 78.12249596225146 144.2009345703124 0 233 2.8329 0.0 8.181805246746432 0.0 4.0 
1693 8539325.6 95.77824691400505 78.12249596225146 144.2009345703124 0 233 2.8329 0.0 8.181805246746432 0.0 4.0 
1694 8539359.0 95.76912490592206 78.12249596225146 144.2009345703124 0 233 2.8329 0.0 8.181805246746432 0.0 4.0 
1695 8539392.3 95.76912490592206 78.11642871258053 144.2009345703124 0 233 2.8329 0.0 8.181805246746432 0.0 4.0 
1696 8539425.6 95.76912490592206 78.11642871258053 144.2009345703124 0 233 2.8329 0.0 8.181805246746432 0.0 4.0 
1697 8539459.0 95.76381825252864 78.11309989742203 144.2009345703124 0 233 2.8329 0.0 8.181805246746432 0.0 4.0 
1698 8539492.3 95.76381825252864 78.11309989742203 144.2009345703124 0 233 2.8329 0.0 8.181805246746432 0.0 4.0 
1699 8539525.6 95.76381825252864 78.11309989742203 144.2009345703124 0 233 2.8329 0.0 8.181805246746432 0.0 4.0 
1700 8539559.0 95.76381825252864 78.11309989742203 144.2009345703124 0 233 2.8329 0.0 8.181805246746432 0.0 4.0 
1701 8539592.3 95.75819949719919 78.10906261937811 144.2009345703124 0 233 2.8329 0.0 8.181805246746432 0.0 4.0 
1702 8539625.6 95.75819949719919 78.10906261937811 144.2009345703124 0 233 2.8329 0.0 8.181805246746432 0.0 4.0 
1703 8539659.0 95.75819949719919 78.10906261937811 144.2009345703124 0 233 2.8329 0.0 8.181805246746432 0.0 4.0 
1704 8539692.3 95.7539825757747 78.10906261937811 144.2009345703124 0 233 2.8329 0.0 8.181805246746432 0.0 4.0 
1705 8539725.7 95.7539825757747 78.106603091688 144.2009345703124 0 233 2.8329 0.0 8.181805246746432 0.0 4.0 
1706 8539759.0 95.7539825757747 78.106603091688 144.2009345703124 0 233 2.8329 0.0 8.181805246746432 0.0 4.0 
1707 8539792.3 95.74976857448151 78.106603091688 144.2009345703124 0 233 2.8329 0.0 8.181805246746432 0.0 4.0 
1708 8539825.7 95.74976857448151 78.10030470866171 144.2009345703124 0 233 2.8329 0.0 8.181805246746432 0.0 4.0 
1709 8539859.0 95.74976857448151 78.10030470866171 144.2009345703124 0 233 2.8329 0.0 8.181805246746432 0.0 4.0 
1710 8539892.3 95.74384939055739 78.09266878399367 144.2009345703124 0 233 2.8329 0.0 8.181805246746432 0.0 4.0 
1711 8539925.7 95.74384939055739 78.09266878399367 144.2009345703124 0 233 2.8329 0.0 8.181805246746432 0.0 4.0 
1712 8539959.0 95.74384939055739 78.09266878399367 144.2009345703124 0 233 2.8329 0.0 8.181805246746432 0.0 4.0 
1713 8539992.3 95.74384939055739 78.09266878399367 144.2009345703124 0 233 2.8329 0.0 8.181805246746432 0.0 4.0 
1714 8540025.7 95.73774476246501 78.09266878399367 144.2009345703124 0 233 2.8329 0.0 8.181805246746432 0.0 4.0 
1715 8540059.0 95.73774476246501 78.08286018832203 144.2009345703124 0 233 2.8329 0.0 8.181805246746432 0.0 4.0 
1716 8540092.3 95.73774476246501 78.08286018832203 144.2009345703124 0 233 2.8329 0.0 8.181805246746432 0.0 4.0 
1717 8540125.7 95.73774476246501 78.08286018832203 144.2009345703124 0 233 2.8329 0.0 8.181805246746432 0.0 4.0 
1718 8540159.0 95.73467393727863 78.08286018832203 144.2009345703124 0 233 2.8329 0.0 8.181805246746432 0.0 4.0 
1719 8540192.4 95.73467393727863 78.07468715600871 144.2009345703124 0 233 2.8329 0.0 8.181805246746432 0.0 4.0 
1720 8540225.7 95.73467393727863 78.07468715600871 144.2009345703124 0 233 2.8329 0.0 8.181805246746432 0.0 4.0 
1721 8540259.0 95.73467393727863 78.07468715600871 144.2009345703124 0 233 2.8329 0.0 8.181805246746432 0.0 4.0 
1722 8540292.4 95.73000873236893 78.06667377817668 144.2009345703124 0 233 2.8329 0.0 8.181805246746432 0.0 4.0 
1723 8540325.7 95.73000873236893 78.06667377817668 144.2009345703124 0 233 2.8329 0.0 8.181805246746432 0.0 4.0 
1724 8540359.0 95.73000873236893 78.06667377817668 144.2009345703124 0 233 2.8329 0.0 8.181805246746432 0.0 4.0 
1725 8540392.4 95.72643740116435 78.06667377817668 144.2009345703124 0 233 2.8329 0.0 8.181805246746432 0.0 4.0 
1726 8540425.7 95.72643740116435 78.06316822762028 144.2009345703124 0 233 2.8329 0.0 8.181805246746432 0.0 4.0 
1727 8540459.0 95.72643740116435 78.06316822762028 144.2009345703124 0 233 2.8329 0.0 8.181805246746432 0.0 4.0 
1728 8540492.4 95.72440831131297 78.06316822762028 144.2009345703124 0 233 2.8329 0.0 8.181805246746432 0.0 4.0 
1729 8540525.7 95.72440831131297 78.06091437109768 144.2009345703124 0 233 2.8329 0.0 8.181805246746432 0.0 4.0 
1730 8540559.1 95.72440831131297 78.06091437109768 144.2009345703124 0 233 2.8329 0.0 8.181805246746432 0.0 4.0 
1731 8540592.4 95.72440831131297 78.06091437109768 144.2009345703124 0 233 2.8329 0.0 8.181805246746432 0.0 4.0 
1732 8540625.7 95.7225985004335 78.06091437109768 144.2009345703124 0 233 2.8329 0.0 8.181805246746432 0.0 4.0 
1733 8540659.1 95.7225985004335 78.05782942401814 144.2009345703124 0 233 2.8329 0.0 8.181805246746432 0.0 4.0 
1734 8540692.4 95.7225985004335 78.05782942401814 144.2009345703124 0 233 2.8329 0.0 8.181805246746432 0.0 4.0 
1735 8540725.7 95.7225985004335 78.0559822271961 144.2009345703124 0 233 2.8329 0.0 8.181805246746432 0.0 4.0 
1736 8540759.1 95.7225985004335 78.0559822271961 144.2009345703124 0 233 2.8329 0.0 8.181805246746432 0.0 4.0 
1737 8540792.4 95.7225985004335 78.0559822271961 144.2009345703124 0 233 2.8329 0.0 8.181805246746432 0.0 4.0 
1738 8540825.7 95.71947077771797 78.0559822271961 144.2009345703124 0 233 2.8329 0.0 8.181805246746432 0.0 4.0 
1739 8540859.1 95.71947077771797 78.05369094304736 144.2009345703124 0 233 2.8329 0.0 8.181805246746432 0.0 4.0 
1740 8540892.4 95.71947077771797 78.05369094304736 144.2009345703124 0 233 2.8329 0.0 8.181805246746432 0.0 4.0 
1741 8540925.7 95.71947077771797 78.05369094304736 144.2009345703124 0 233 2.8329 0.0 8.181805246746432 0.0 4.0 
1742 8540959.1 95.71947077771797 78.05369094304736 144.2009345703124 0 233 2.8329 0.0 8.181805246746432 0.0 4.0 
1743 8540992.4 95.71734339777647 78.05369094304736 144.2009345703124 0 233 2.8329 0.0 8.181805246746432 0.0 4.0 
1744 8541025.8 95.71734339777647 78.05369094304736 144.2009345703124 0 233 2.8329 0.0 8.181805246746432 0.0 4.0 
1745 8541059.1 95.71734339777647 78.05369094304736 144.2009345703124 0 233 2.8329 0.0 8.181805246746432 0.0 4.0 
1746 8541092.4 95.71734339777647 78.05369094304736 144.2009345703124 0 233 2.8329 0.0 8.181805246746432 0.0 4.0 
1747 8541125.8 95.71734339777647 78.05369094304736 144.2009345703124 0 233 2.8329 0.0 8.181805246746432 0.0 4.0 
1748 8541159.1 95.71734339777647 78.05369094304736 144.2009345703124 0 233 2.8329 0.0 8.181805246746432 0.0 4.0 
1749 8541192.4 95.71496602195774 78.05369094304736 144.2009345703124 0 233 2.8329 0.0 8.181805246746432 0.0 4.0 
1750 8541225.8 95.71496602195774 78.05211456097267 144.2009345703124 0 233 2.8329 0.0 8.181805246746432 0.0 4.0 
1751 8541259.1 95.71496602195774 78.05211456097267 144.2009345703124 0 233 2.8329 0.0 8.181805246746432 0.0 4.0 
1752 8541292.4 95.70930104014914 78.05211456097267 144.2009345703124 0 233 2.8329 0.0 8.181805246746432 0.0 4.0 
1753 8541325.8 95.70930104014914 78.05211456097267 144.2009345703124 0 233 2.8329 0.0 8.181805246746432 0.0 4.0 
1754 8541359.1 95.70930104014914 78.05211456097267 144.2009345703124 0 233 2.8329 0.0 8.181805246746432 0.0 4.0 
1755 8541392.5 95.70141048059095 78.05211456097267 144.2009345703124 0 233 2.8329 0.0 8.181805246746432 0.0 4.0 
1756 8541425.8 95.70141048059095 78.05211456097267 144.2009345703124 0 233 2.8329 0.0 8.181805246746432 0.0 4.0 
1757 8541459.1 95.70141048059095 78.05211456097267 144.2009345703124 0 233 2.8329 0.0 8.181805246746432 0.0 4.0 
1758 8541492.5 95.69635281061028 78.05211456097267 144.2009345703124 0 233 2.8329 0.0 8.181805246746432 0.0 4.0 
1759 8541525.8 95.69635281061028 78.05211456097267 144.2009345703124 0 233 2.8329 0.0 8.181805246746432 0.0 4.0 
1760 8541559.1 95.69635281061028 78.05211456097267 144.2009345703124 0 233 2.8329 0.0 8.181805246746432 0.0 4.0 
1761 8541592.5 95.69635281061028 78.05356229003016 144.2009345703124 0 233 2.8329 0.0 8.181805246746432 0.0 4.0 
1762 8541625.8 95.69635281061028 78.05356229003016 144.2009345703124 0 233 2.8329 0.0 8.181805246746432 0.0 4.0 
1763 8541659.1 95.69635281061028 78.05356229003016 144.2009345703124 0 233 2.8329 0.0 8.181805246746432 0.0 4.0 
1764 8541692.5 95.69480942326469 78.05356229003016 144.2009345703124 0 233 2.8329 0.0 8.181805246746432 0.0 4.0 
1765 8541725.8 95.69480942326469 78.05614957439545 144.2009345703124 0 233 2.8329 0.0 8.181805246746432 0.0 4.0 
1766 8541759.1 95.69480942326469 78.05614957439545 144.2009345703124 0 233 2.8329 0.0 8.181805246746432 0.0 4.0 
1767 8541792.5 95.69480942326469 78.05614957439545 144.2009345703124 0 233 2.8329 0.0 8.181805246746432 0.0 4.0 
1768 8541825.8 95.68764296614465 78.06194020192241 144.2009345703124 0 233 2.8329 0.0 8.181805246746432 0.0 4.0 
1769 8541859.2 95.68764296614465 78.06194020192241 144.2009345703124 0 233 2.8329 0.0 8.181805246746432 0.0 4.0 
1770 8541892.5 95.68764296614465 78.06194020192241 144.2009345703124 0 233 2.8329 0.0 8.181805246746432 0.0 4.0 
1771 8541925.8 95.68058787582642 78.06194020192241 144.2009345703124 0 233 2.8329 0.0 8.181805246746432 0.0 4.0 
1772 8541959.2 95.68058787582642 78.06665790674921 144.2009345703124 0 233 2.8329 0.0 8.181805246746432 0.0 4.0 
1773 8541992.5 95.68058787582642 78.06665790674921 144.2009345703124 0 233 2.8329 0.0 8.181805246746432 0.0 4.0 
1774 8542025.8 95.671340353106 78.06665790674921 144.2009345703124 0 233 2.8329 0.0 8.181805246746432 0.0 4.0 
1775 8542059.2 95.671340353106 78.07078966881508 144.2009345703124 0 233 2.8329 0.0 8.181805246746432 0.0 4.0 
1776 8542092.5 95.671340353106 78.07078966881508 144.2009345703124 0 233 2.8329 0.0 8.181805246746432 0.0 4.0 
1777 8542125.8 95.671340353106 78.07078966881508 144.2009345703124 0 233 2.8329 0.0 8.181805246746432 0.0 4.0 
1778 8542159.2 95.65888484077242 78.07078966881508 144.2009345703124 0 233 2.8329 0.0 8.181805246746432 0.0 4.0 
1779 8542192.5 95.65888484077242 78.07717086045255 144.2009345703124 0 233 2.8329 0.0 8.181805246746432 0.0 4.0 
1780 8542225.9 95.65888484077242 78.07717086045255 144.2009345703124 0 233 2.8329 0.0 8.181805246746432 0.0 4.0 
1781 8542259.2 95.65888484077242 78.07717086045255 144.2009345703124 0 233 2.8329 0.0 8.181805246746432 0.0 4.0 
1782 8542292.5 95.63724747960433 78.0898543281523 144.2009345703124 0 233 2.8329 0.0 8.181805246746432 0.0 4.0 
1783 8542325.9 95.63724747960433 78.0898543281523 144.2009345703124 0 233 2.8329 0.0 8.181805246746432 0.0 4.0 
1784 8542359.2 95.63724747960433 78.0898543281523 144.2009345703124 0 233 2.8329 0.0 8.181805246746432 0.0 4.0 
1785 8542392.5 95.63724747960433 78.0898543281523 144.2009345703124 0 233 2.8329 0.0 8.181805246746432 0.0 4.0 
1786 8542425.9 95.6233624309527 78.0898543281523 144.2009345703124 0 233 2.8329 0.0 8.181805246746432 0.0 4.0 
1787 8542459.2 95.6233624309527 78.09853780738821 144.2009345703124 0 233 2.8329 0.0 8.181805246746432 0.0 4.0 
1788 8542492.5 95.6233624309527 78.09853780738821 144.2009345703124 0 233 2.8329 0.0 8.181805246746432 0.0 4.0 
1789 8542525.9 95.60887856352325 78.09853780738821 144.2009345703124 0 233 2.8329 0.0 8.181805246746432 0.0 4.0 
1790 8542559.2 95.60887856352325 78.10609098202822 144.2009345703124 0 233 2.8329 0.0 8.181805246746432 0.0 4.0 
1791 8542592.5 95.60887856352325 78.10609098202822 144.2009345703124 0 233 2.8329 0.0 8.181805246746432 0.0 4.0 
1792 8542625.9 95.60213358761601 78.10998967491567 144.2009345703124 0 233 2.8329 0.0 8.181805246746432 0.0 4.0 
1793 8542659.2 95.60213358761601 78.10998967491567 144.2009345703124 0 233 2.8329 0.0 8.181805246746432 0.0 4.0 
1794 8542692.6 95.60213358761601 78.10998967491567 144.2009345703124 0 233 2.8329 0.0 8.181805246746432 0.0 4.0 
1795 8542725.9 95.60213358761601 78.10998967491567 144.2009345703124 0 233 2.8329 0.0 8.181805246746432 0.0 4.0 
1796 8542759.2 95.5895580372971 78.10998967491567 144.2009345703124 0 233 2.8329 0.0 8.181805246746432 0.0 4.0 
1797 8542792.6 95.5895580372971 78.11275146834637 144.2009345703124 0 233 2.8329 0.0 8.181805246746432 0.0 4.0 
1798 8542825.9 95.5895580372971 78.11275146834637 144.2009345703124 0 233 2.8329 0.0 8.181805246746432 0.0 4.0 
1799 8542859.2 95.57438400941948 78.11275146834637 144.2009345703124 0 233 2.8329 0.0 8.181805246746432 0.0 4.0 
1800 8542892.6 95.57438400941948 78.1163582236768 144.2009345703124 0 233 2.8329 0.0 8.181805246746432 0.0 4.0 
1801 8542925.9 95.57438400941948 78.1163582236768 144.2009345703124 0 233 2.8329 0.0 8.181805246746432 0.0 4.0 
1802 8542959.2 95.57438400941948 78.1163582236768 144.2009345703124 0 233 2.8329 0.0 8.181805246746432 0.0 4.0 
1803 8542992.6 95.57438400941948 78.1163582236768 144.2009345703124 0 233 2.8329 0.0 8.181805246746432 0.0 4.0 
1804 8543025.9 95.56338579644516 78.1163582236768 144.2009345703124 0 233 2.8329 0.0 8.181805246746432 0.0 4.0 
1805 8543059.3 95.56338579644516 78.11967235232595 144.2009345703124 0 233 2.8329 0.0 8.181805246746432 0.0 4.0 
1806 8543092.6 95.56338579644516 78.11967235232595 144.2009345703124 0 233 2.8329 0.0 8.181805246746432 0.0 4.0 
1807 8543125.9 95.54522580061439 78.11967235232595 144.2009345703124 0 233 2.8329 0.0 8.181805246746432 0.0 4.0 
1808 8543159.3 95.54522580061439 78.12103351806242 144.2009345703124 0 233 2.8329 0.0 8.181805246746432 0.0 4.0 
1809 8543192.6 95.54522580061439 78.12103351806242 144.2009345703124 0 233 2.8329 0.0 8.181805246746432 0.0 4.0 
1810 8543225.9 95.54522580061439 78.12103351806242 144.2009345703124 0 233 2.8329 0.0 8.181805246746432 0.0 4.0 
1811 8543259.3 95.54005633045898 78.12103351806242 144.2009345703124 0 233 2.8329 0.0 8.181805246746432 0.0 4.0 
1812 8543292.6 95.54005633045898 78.12103351806242 144.2009345703124 0 233 2.8329 0.0 8.181805246746432 0.0 4.0 
1813 8543325.9 95.54005633045898 78.12103351806242 144.2009345703124 0 233 2.8329 0.0 8.181805246746432 0.0 4.0 
1814 8543359.3 95.5295168465861 78.12103351806242 144.2009345703124 0 233 2.8329 0.0 8.181805246746432 0.0 4.0 
1815 8543392.6 95.5295168465861 78.12103351806242 144.2009345703124 0 233 2.8329 0.0 8.181805246746432 0.0 4.0 
1816 8543425.9 95.5295168465861 78.12103351806242 144.2009345703124 0 233 2.8329 0.0 8.181805246746432 0.0 4.0 
1817 8543459.3 95.51644418679808 78.12103351806242 144.2009345703124 0 233 2.8329 0.0 8.181805246746432 0.0 4.0 
1818 8543492.6 95.51644418679808 78.12103351806242 144.2009345703124 0 233 2.8329 0.0 8.181805246746432 0.0 4.0 
1819 8543526.0 95.51644418679808 78.12103351806242 144.2009345703124 0 233 2.8329 0.0 8.181805246746432 0.0 4.0 
1820 8543559.3 95.51644418679808 78.12103351806242 144.2009345703124 0 233 2.8329 0.0 8.181805246746432 0.0 4.0 
1821 8543592.6 95.51131027596055 78.12103351806242 144.2009345703124 0 233 2.8329 0.0 8.181805246746432 0.0 4.0 
1822 8543626.0 95.51131027596055 78.12103351806242 144.2009345703124 0 233 2.8329 0.0 8.181805246746432 0.0 4.0 
1823 8543659.3 95.5012542905919 78.12103351806242 144.2009345703124 0 233 2.8329 0.0 8.181805246746432 0.0 4.0 
1824 8543692.6 95.5012542905919 78.12103351806242 144.2009345703124 0 233 2.8329 0.0 8.181805246746432 0.0 4.0 
1825 8543726.0 95.5012542905919 78.12103351806242 144.2009345703124 0 233 2.8329 0.0 8.181805246746432 0.0 4.0 
1826 8543759.3 95.4957743688707 78.11975480823081 144.2009345703124 0 233 2.8329 0.0 8.181805246746432 0.0 4.0 
1827 8543792.6 95.4957743688707 78.11975480823081 144.2009345703124 0 233 2.8329 0.0 8.181805246746432 0.0 4.0 
1828 8543826.0 95.4957743688707 78.11975480823081 144.2009345703124 0 233 2.8329 0.0 8.181805246746432 0.0 4.0 
1829 8543859.3 95.48665862242541 78.11975480823081 144.2009345703124 0 233 2.8329 0.0 8.181805246746432 0.0 4.0 
1830 8543892.7 95.48665862242541 78.11614927570837 144.2009345703124 0 233 2.8329 0.0 8.181805246746432 0.0 4.0 
1831 8543926.0 95.48665862242541 78.11614927570837 144.2009345703124 0 233 2.8329 0.0 8.181805246746432 0.0 4.0 
1832 8543959.3 95.48665862242541 78.11614927570837 144.2009345703124 0 233 2.8329 0.0 8.181805246746432 0.0 4.0 
1833 8543992.7 95.47507605614757 78.10937538190979 144.2009345703124 0 233 2.8329 0.0 8.181805246746432 0.0 4.0 
1834 8544026.0 95.47507605614757 78.10937538190979 144.2009345703124 0 233 2.8329 0.0 8.181805246746432 0.0 4.0 
1835 8544059.3 95.47507605614757 78.10937538190979 144.2009345703124 0 233 2.8329 0.0 8.181805246746432 0.0 4.0 
1836 8544092.7 95.47507605614757 78.10937538190979 144.2009345703124 0 233 2.8329 0.0 8.181805246746432 0.0 4.0 
1837 8544126.0 95.46250420834316 78.1014923771368 144.2009345703124 0 233 2.8329 0.0 8.181805246746432 0.0 4.0 
1838 8544159.3 95.46250420834316 78.1014923771368 144.2009345703124 0 233 2.8329 0.0 8.181805246746432 0.0 4.0 
1839 8544192.7 95.46250420834316 78.1014923771368 144.2009345703124 0 233 2.8329 0.0 8.181805246746432 0.0 4.0 
1840 8544226.0 95.45068556855351 78.1014923771368 144.2009345703124 0 233 2.8329 0.0 8.181805246746432 0.0 4.0 
1841 8544259.3 95.45068556855351 78.08802696768029 144.2009345703124 0 233 2.8329 0.0 8.181805246746432 0.0 4.0 
1842 8544292.7 95.45068556855351 78.08802696768029 144.2009345703124 0 233 2.8329 0.0 8.181805246746432 0.0 4.0 
1843 8544326.0 95.45068556855351 78.08802696768029 144.2009345703124 0 233 2.8329 0.0 8.181805246746432 0.0 4.0 
1844 8544359.4 95.4403225704689 78.08802696768029 144.2009345703124 0 233 2.8329 0.0 8.181805246746432 0.0 4.0 
1845 8544392.7 95.4403225704689 78.07205925973905 144.2009345703124 0 233 2.8329 0.0 8.181805246746432 0.0 4.0 
1846 8544426.0 95.4403225704689 78.07205925973905 144.2009345703124 0 233 2.8329 0.0 8.181805246746432 0.0 4.0 
1847 8544459.4 95.4403225704689 78.07205925973905 144.2009345703124 0 233 2.8329 0.0 8.181805246746432 0.0 4.0 
1848 8544492.7 95.42635663169915 78.05629357076185 144.2009345703124 0 233 2.8329 0.0 8.181805246746432 0.0 4.0 
1849 8544526.0 95.42635663169915 78.05629357076185 144.2009345703124 0 233 2.8329 0.0 8.181805246746432 0.0 4.0 
1850 8544559.4 95.42635663169915 78.05629357076185 144.2009345703124 0 233 2.8329 0.0 8.181805246746432 0.0 4.0 
1851 8544592.7 95.42025942417385 78.05629357076185 144.2009345703124 0 233 2.8329 0.0 8.181805246746432 0.0 4.0 
1852 8544626.0 95.42025942417385 78.04799868436186 144.2009345703124 0 233 2.8329 0.0 8.181805246746432 0.0 4.0 
1853 8544659.4 95.42025942417385 78.04799868436186 144.2009345703124 0 233 2.8329 0.0 8.181805246746432 0.0 4.0 
1854 8544692.7 95.4148733137017 78.04799868436186 144.2009345703124 0 233 2.8329 0.0 8.181805246746432 0.0 4.0 
1855 8544726.1 95.4148733137017 78.04014691379197 144.2009345703124 0 233 2.8329 0.0 8.181805246746432 0.0 4.0 
1856 8544759.4 95.4148733137017 78.04014691379197 144.2009345703124 0 233 2.8329 0.0 8.181805246746432 0.0 4.0 
1857 8544792.7 95.4062449716511 78.02709915771416 144.2009345703124 0 233 2.8329 0.0 8.181805246746432 0.0 4.0 
1858 8544826.1 95.4062449716511 78.02709915771416 144.2009345703124 0 233 2.8329 0.0 8.181805246746432 0.0 4.0 
1859 8544859.4 95.4062449716511 78.02709915771416 144.2009345703124 0 233 2.8329 0.0 8.181805246746432 0.0 4.0 
1860 8544892.7 95.39857301279137 78.01678953227109 144.2009345703124 0 233 2.8329 0.0 8.181805246746432 0.0 4.0 
1861 8544926.1 95.39857301279137 78.01678953227109 144.2009345703124 0 233 2.8329 0.0 8.181805246746432 0.0 4.0 
1862 8544959.4 95.39857301279137 78.01678953227109 144.2009345703124 0 233 2.8329 0.0 8.181805246746432 0.0 4.0 
1863 8544992.7 95.38942852488694 78.01678953227109 144.2009345703124 0 233 2.8329 0.0 8.181805246746432 0.0 4.0 
1864 8545026.1 95.38942852488694 78.00692136781787 144.2009345703124 0 233 2.8329 0.0 8.181805246746432 0.0 4.0 
1865 8545059.4 95.38942852488694 78.00692136781787 144.2009345703124 0 233 2.8329 0.0 8.181805246746432 0.0 4.0 
1866 8545092.7 95.38942852488694 78.00692136781787 144.2009345703124 0 233 2.8329 0.0 8.181805246746432 0.0 4.0 
1867 8545126.1 95.38046675661349 78.00692136781787 144.2009345703124 0 233 2.8329 0.0 8.181805246746432 0.0 4.0 
1868 8545159.4 95.38046675661349 77.9937230846684 144.2009345703124 0 233 2.8329 0.0 8.181805246746432 0.0 4.0 
1869 8545192.8 95.38046675661349 77.9937230846684 144.2009345703124 0 233 2.8329 0.0 8.181805246746432 0.0 4.0 
1870 8545226.1 95.36530276144175 77.98148063001666 144.2009345703124 0 233 2.8329 0.0 8.181805246746432 0.0 4.0 
1871 8545259.4 95.36530276144175 77.98148063001666 144.2009345703124 0 233 2.8329 0.0 8.181805246746432 0.0 4.0 
1872 8545292.8 95.36530276144175 77.98148063001666 144.2009345703124 0 233 2.8329 0.0 8.181805246746432 0.0 4.0 
1873 8545326.1 95.35945616907962 77.98148063001666 144.2009345703124 0 233 2.8329 0.0 8.181805246746432 0.0 4.0 
1874 8545359.4 95.35945616907962 77.97730285921408 144.2009345703124 0 233 2.8329 0.0 8.181805246746432 0.0 4.0 
1875 8545392.8 95.35945616907962 77.97730285921408 144.2009345703124 0 233 2.8329 0.0 8.181805246746432 0.0 4.0 
1876 8545426.1 95.35945616907962 77.97730285921408 144.2009345703124 0 233 2.8329 0.0 8.181805246746432 0.0 4.0 
1877 8545459.4 95.34609836151635 77.97730285921408 144.2009345703124 0 233 2.8329 0.0 8.181805246746432 0.0 4.0 
1878 8545492.8 95.34609836151635 77.96964492434246 144.2009345703124 0 233 2.8329 0.0 8.181805246746432 0.0 4.0 
1879 8545526.1 95.34609836151635 77.96964492434246 144.2009345703124 0 233 2.8329 0.0 8.181805246746432 0.0 4.0 
1880 8545559.5 95.34609836151635 77.96964492434246 144.2009345703124 0 233 2.8329 0.0 8.181805246746432 0.0 4.0 
1881 8545592.8 95.32630748343558 77.96265502454416 144.2009345703124 0 233 2.8329 0.0 8.181805246746432 0.0 4.0 
1882 8545626.1 95.32630748343558 77.96265502454416 144.2009345703124 0 233 2.8329 0.0 8.181805246746432 0.0 4.0 
1883 8545659.5 95.32630748343558 77.96265502454416 144.2009345703124 0 233 2.8329 0.0 8.181805246746432 0.0 4.0 
1884 8545692.8 95.31839882034726 77.96265502454416 144.2009345703124 0 233 2.8329 0.0 8.181805246746432 0.0 4.0 
1885 8545726.1 95.31839882034726 77.96000498067171 144.2009345703124 0 233 2.8329 0.0 8.181805246746432 0.0 4.0 
1886 8545759.5 95.31839882034726 77.96000498067171 144.2009345703124 0 233 2.8329 0.0 8.181805246746432 0.0 4.0 
1887 8545792.8 95.31839882034726 77.96000498067171 144.2009345703124 0 233 2.8329 0.0 8.181805246746432 0.0 4.0 
1888 8545826.1 95.30654946804225 77.96000498067171 144.2009345703124 0 233 2.8329 0.0 8.181805246746432 0.0 4.0 
1889 8545859.5 95.30654946804225 77.95430824135579 144.2009345703124 0 233 2.8329 0.0 8.181805246746432 0.0 4.0 
1890 8545892.8 95.30654946804225 77.95430824135579 144.2009345703124 0 233 2.8329 0.0 8.181805246746432 0.0 4.0 
1891 8545926.1 95.29259507034149 77.95430824135579 144.2009345703124 0 233 2.8329 0.0 8.181805246746432 0.0 4.0 
1892 8545959.5 95.29259507034149 77.94999397414631 144.2009345703124 0 233 2.8329 0.0 8.181805246746432 0.0 4.0 
1893 8545992.8 95.29259507034149 77.94999397414631 144.2009345703124 0 233 2.8329 0.0 8.181805246746432 0.0 4.0 
1894 8546026.2 95.2808635472976 77.94999397414631 144.2009345703124 0 233 2.8329 0.0 8.181805246746432 0.0 4.0 
1895 8546059.5 95.2808635472976 77.94999397414631 144.2009345703124 0 233 2.8329 0.0 8.181805246746432 0.0 4.0 
1896 8546092.8 95.27320361825524 77.94784143812001 144.2009345703124 0 233 2.8329 0.0 8.181805246746432 0.0 4.0 
1897 8546126.2 95.27320361825524 77.94784143812001 144.2009345703124 0 233 2.8329 0.0 8.181805246746432 0.0 4.0 
1898 8546159.5 95.27320361825524 77.94784143812001 144.2009345703124 0 233 2.8329 0.0 8.181805246746432 0.0 4.0 
1899 8546192.8 95.27320361825524 77.94784143812001 144.2009345703124 0 233 2.8329 0.0 8.181805246746432 0.0 4.0 
1900 8546226.2 95.26562339167631 77.94784143812001 144.2009345703124 0 233 2.8329 0.0 8.181805246746432 0.0 4.0 
1901 8546259.5 95.26562339167631 77.94595401175866 144.2009345703124 0 233 2.8329 0.0 8.181805246746432 0.0 4.0 
1902 8546292.8 95.26562339167631 77.94595401175866 144.2009345703124 0 233 2.8329 0.0 8.181805246746432 0.0 4.0 
1903 8546326.2 95.26562339167631 77.94595401175866 144.2009345703124 0 233 2.8329 0.0 8.181805246746432 0.0 4.0 
1904 8546359.5 95.25380471612206 77.94421319979494 144.2009345703124 0 233 2.8329 0.0 8.181805246746432 0.0 4.0 
1905 8546392.9 95.25380471612206 77.94421319979494 144.2009345703124 0 233 2.8329 0.0 8.181805246746432 0.0 4.0 
1906 8546426.2 95.25380471612206 77.94421319979494 144.2009345703124 0 233 2.8329 0.0 8.181805246746432 0.0 4.0 
1907 8546459.5 95.24339190117215 77.94538729819493 144.2009345703124 0 233 2.8329 0.0 8.181805246746432 0.0 4.0 
1908 8546492.9 95.24339190117215 77.94538729819493 144.2009345703124 0 233 2.8329 0.0 8.181805246746432 0.0 4.0 
1909 8546526.2 95.24339190117215 77.94538729819493 144.2009345703124 0 233 2.8329 0.0 8.181805246746432 0.0 4.0 
1910 8546559.5 95.24339190117215 77.94538729819493 144.2009345703124 0 233 2.8329 0.0 8.181805246746432 0.0 4.0 
1911 8546592.9 95.23349528274913 77.94538729819493 144.2009345703124 0 233 2.8329 0.0 8.181805246746432 0.0 4.0 
1912 8546626.2 95.23349528274913 77.95011861286159 144.2009345703124 0 233 2.8329 0.0 8.181805246746432 0.0 4.0 
1913 8546659.5 95.23349528274913 77.95011861286159 144.2009345703124 0 233 2.8329 0.0 8.181805246746432 0.0 4.0 
1914 8546692.9 95.23349528274913 77.95011861286159 144.2009345703124 0 233 2.8329 0.0 8.181805246746432 0.0 4.0 
1915 8546726.2 95.21437931150628 77.95011861286159 144.2009345703124 0 233 2.8329 0.0 8.181805246746432 0.0 4.0 
1916 8546759.5 95.21437931150628 77.95953205999035 144.2009345703124 0 233 2.8329 0.0 8.181805246746432 0.0 4.0 
1917 8546792.9 95.21437931150628 77.95953205999035 144.2009345703124 0 233 2.8329 0.0 8.181805246746432 0.0 4.0 
1918 8546826.2 95.20594968295231 77.9640381768758 144.2009345703124 0 233 2.8329 0.0 8.181805246746432 0.0 4.0 
1919 8546859.6 95.20594968295231 77.9640381768758 144.2009345703124 0 233 2.8329 0.0 8.181805246746432 0.0 4.0 
1920 8546892.9 95.20594968295231 77.9640381768758 144.2009345703124 0 233 2.8329 0.0 8.181805246746432 0.0 4.0 
1921 8546926.2 95.19764138290007 77.9640381768758 144.2009345703124 0 233 2.8329 0.0 8.181805246746432 0.0 4.0 
1922 8546959.6 95.19764138290007 77.9684486201768 144.2009345703124 0 233 2.8329 0.0 8.181805246746432 0.0 4.0 
1923 8546992.9 95.19764138290007 77.9684486201768 144.2009345703124 0 233 2.8329 0.0 8.181805246746432 0.0 4.0 
1924 8547026.2 95.18862688573505 77.9684486201768 144.2009345703124 0 233 2.8329 0.0 8.181805246746432 0.0 4.0 
1925 8547059.6 95.18862688573505 77.97683150588198 144.2009345703124 0 233 2.8329 0.0 8.181805246746432 0.0 4.0 
1926 8547092.9 95.18862688573505 77.97683150588198 144.2009345703124 0 233 2.8329 0.0 8.181805246746432 0.0 4.0 
1927 8547126.2 95.18862688573505 77.97683150588198 144.2009345703124 0 233 2.8329 0.0 8.181805246746432 0.0 4.0 
1928 8547159.6 95.17528349265707 77.97683150588198 144.2009345703124 0 233 2.8329 0.0 8.181805246746432 0.0 4.0 
1929 8547192.9 95.17528349265707 77.98667421744676 144.2009345703124 0 233 2.8329 0.0 8.181805246746432 0.0 4.0 
1930 8547226.3 95.17528349265707 77.98667421744676 144.2009345703124 0 233 2.8329 0.0 8.181805246746432 0.0 4.0 
1931 8547259.6 95.16887601794882 77.98667421744676 144.2009345703124 0 233 2.8329 0.0 8.181805246746432 0.0 4.0 
1932 8547292.9 95.16887601794882 77.9915368616573 144.2009345703124 0 233 2.8329 0.0 8.181805246746432 0.0 4.0 
1933 8547326.3 95.16887601794882 77.9915368616573 144.2009345703124 0 233 2.8329 0.0 8.181805246746432 0.0 4.0 
1934 8547359.6 95.16887601794882 77.99028810698199 144.2009345703124 0 233 2.8329 0.0 8.181805246746432 0.0 4.0 
1935 8547392.9 95.16887601794882 77.99028810698199 144.2009345703124 0 233 2.8329 0.0 8.181805246746432 0.0 4.0 
1936 8547426.3 95.16887601794882 77.98624866300071 144.2009345703124 0 233 2.8329 0.0 8.181805246746432 0.0 4.0 
1937 8547459.6 95.16887601794882 77.98624866300071 144.2009345703124 0 233 2.8329 0.0 8.181805246746432 0.0 4.0 
1938 8547492.9 95.16887601794882 77.98624866300071 144.2009345703124 0 233 2.8329 0.0 8.181805246746432 0.0 4.0 
1939 8547526.3 95.17074437660088 77.98624866300071 144.2009345703124 0 233 2.8329 0.0 8.181805246746432 0.0 4.0 
1940 8547559.6 95.17074437660088 77.98014076210352 144.2009345703124 0 233 2.8329 0.0 8.181805246746432 0.0 4.0 
1941 8547592.9 95.17074437660088 77.98014076210352 144.2009345703124 0 233 2.8329 0.0 8.181805246746432 0.0 4.0 
1942 8547626.3 95.17074437660088 77.98014076210352 144.2009345703124 0 233 2.8329 0.0 8.181805246746432 0.0 4.0 
1943 8547659.6 95.16771468115054 77.98014076210352 144.2009345703124 0 233 2.8329 0.0 8.181805246746432 0.0 4.0 
1944 8547693.0 95.16771468115054 77.97228482489493 144.2009345703124 0 233 2.8329 0.0 8.181805246746432 0.0 4.0 
1945 8547726.3 95.16771468115054 77.97228482489493 144.2009345703124 0 233 2.8329 0.0 8.181805246746432 0.0 4.0 
1946 8547759.6 95.17212870921242 77.97228482489493 144.2009345703124 0 233 2.8329 0.0 8.181805246746432 0.0 4.0 
1947 8547793.0 95.17212870921242 77.96996169741925 144.2009345703124 0 233 2.8329 0.0 8.181805246746432 0.0 4.0 
1948 8547826.3 95.17212870921242 77.96996169741925 144.2009345703124 0 233 2.8329 0.0 8.181805246746432 0.0 4.0 
1949 8547859.6 95.17212870921242 77.96686000487122 144.2009345703124 0 233 2.8329 0.0 8.181805246746432 0.0 4.0 
1950 8547893.0 95.17212870921242 77.96686000487122 144.2009345703124 0 233 2.8329 0.0 8.181805246746432 0.0 4.0 
1951 8547926.3 95.17212870921242 77.96686000487122 144.2009345703124 0 233 2.8329 0.0 8.181805246746432 0.0 4.0 
1952 8547959.6 95.17632947798509 77.96686000487122 144.2009345703124 0 233 2.8329 0.0 8.181805246746432 0.0 4.0 
1953 8547993.0 95.17632947798509 77.96686000487122 144.2009345703124 0 233 2.8329 0.0 8.181805246746432 0.0 4.0 
1954 8548026.3 95.19816905897272 77.9686179295954 144.2009345703124 0 233 2.8329 0.0 8.181805246746432 0.0 4.0 
1955 8548059.7 95.19816905897272 77.9686179295954 144.2009345703124 0 233 2.8329 0.0 8.181805246746432 0.0 4.0 
1956 8548093.0 95.19816905897272 77.9686179295954 144.2009345703124 0 233 2.8329 0.0 8.181805246746432 0.0 4.0 
1957 8548126.3 95.19816905897272 77.9686179295954 144.2009345703124 0 233 2.8329 0.0 8.181805246746432 0.0 4.0 
1958 8548159.7 95.24206658875138 77.9686179295954 144.2009345703124 0 233 2.8329 0.0 8.181805246746432 0.0 4.0 
1959 8548193.0 95.24206658875138 77.96499120311219 144.2009345703124 0 233 2.8329 0.0 8.181805246746432 0.0 4.0 
1960 8548226.3 95.24206658875138 77.96499120311219 144.2009345703124 0 233 2.8329 0.0 8.181805246746432 0.0 4.0 
1961 8548259.7 95.24206658875138 77.96499120311219 144.2009345703124 0 233 2.8329 0.0 8.181805246746432 0.0 4.0 
1962 8548293.0 95.2957557143182 77.96499120311219 144.2009345703124 0 233 2.8329 0.0 8.181805246746432 0.0 4.0 
1963 8548326.3 95.2957557143182 77.95303925226725 144.2009345703124 0 233 2.8329 0.0 8.181805246746432 0.0 4.0 
1964 8548359.7 95.2957557143182 77.95303925226725 144.2009345703124 0 233 2.8329 0.0 8.181805246746432 0.0 4.0 
1965 8548393.0 95.2957557143182 77.95303925226725 144.2009345703124 0 233 2.8329 0.0 8.181805246746432 0.0 4.0 
1966 8548426.3 95.32646473378095 77.9481148757403 144.2009345703124 0 233 2.8329 0.0 8.181805246746432 0.0 4.0 
1967 8548459.7 95.32646473378095 77.9481148757403 144.2009345703124 0 233 2.8329 0.0 8.181805246746432 0.0 4.0 
1968 8548493.0 95.32646473378095 77.9481148757403 144.2009345703124 0 233 2.8329 0.0 8.181805246746432 0.0 4.0 
1969 8548526.4 95.32646473378095 77.9481148757403 144.2009345703124 0 233 2.8329 0.0 8.181805246746432 0.0 4.0 
1970 8548559.7 95.34999677671297 77.9481148757403 144.2009345703124 0 233 2.8329 0.0 8.181805246746432 0.0 4.0 
1971 8548593.0 95.34999677671297 77.95389248420362 144.2009345703124 0 233 2.8329 0.0 8.181805246746432 0.0 4.0 
1972 8548626.4 95.34999677671297 77.95389248420362 144.2009345703124 0 233 2.8329 0.0 8.181805246746432 0.0 4.0 
1973 8548659.7 95.36542626939523 77.95389248420362 144.2009345703124 0 233 2.8329 0.0 8.181805246746432 0.0 4.0 
1974 8548693.0 95.36542626939523 77.96506425905554 144.2009345703124 0 233 2.8329 0.0 8.181805246746432 0.0 4.0 
1975 8548726.4 95.36542626939523 77.96506425905554 144.2009345703124 0 233 2.8329 0.0 8.181805246746432 0.0 4.0 
1976 8548759.7 95.37199671455782 77.97217568997289 144.2009345703124 0 233 2.8329 0.0 8.181805246746432 0.0 4.0 
1977 8548793.0 95.37199671455782 77.97217568997289 144.2009345703124 0 233 2.8329 0.0 8.181805246746432 0.0 4.0 
1978 8548826.4 95.37199671455782 77.97217568997289 144.2009345703124 0 233 2.8329 0.0 8.181805246746432 0.0 4.0 
1979 8548859.7 95.37199671455782 77.97535516271769 144.2009345703124 0 233 2.8329 0.0 8.181805246746432 0.0 4.0 
1980 8548893.1 95.37199671455782 77.97535516271769 144.2009345703124 0 233 2.8329 0.0 8.181805246746432 0.0 4.0 
1981 8548926.4 95.37199671455782 77.97535516271769 144.2009345703124 0 233 2.8329 0.0 8.181805246746432 0.0 4.0 
1982 8548959.7 95.36460125106588 77.97535516271769 144.2009345703124 0 233 2.8329 0.0 8.181805246746432 0.0 4.0 
1983 8548993.1 95.36460125106588 77.97272257555574 144.2009345703124 0 233 2.8329 0.0 8.181805246746432 0.0 4.0 
1984 8549026.4 95.36460125106588 77.97272257555574 144.2009345703124 0 233 2.8329 0.0 8.181805246746432 0.0 4.0 
1985 8549059.7 95.36460125106588 77.97272257555574 144.2009345703124 0 233 2.8329 0.0 8.181805246746432 0.0 4.0 
1986 8549093.1 95.34652632709849 77.97272257555574 144.2009345703124 0 233 2.8329 0.0 8.181805246746432 0.0 4.0 
1987 8549126.4 95.34652632709849 77.96098005456473 144.2009345703124 0 233 2.8329 0.0 8.181805246746432 0.0 4.0 
1988 8549159.7 95.34652632709849 77.96098005456473 144.2009345703124 0 233 2.8329 0.0 8.181805246746432 0.0 4.0 
1989 8549193.1 95.34652632709849 77.96098005456473 144.2009345703124 0 233 2.8329 0.0 8.181805246746432 0.0 4.0 
1990 8549226.4 95.32790483676817 77.9489525061016 144.2009345703124 0 233 2.8329 0.0 8.181805246746432 0.0 4.0 
1991 8549259.7 95.32790483676817 77.9489525061016 144.2009345703124 0 233 2.8329 0.0 8.181805246746432 0.0 4.0 
1992 8549293.1 95.32790483676817 77.9489525061016 144.2009345703124 0 233 2.8329 0.0 8.181805246746432 0.0 4.0 
1993 8549326.4 95.3143437835563 77.9489525061016 144.2009345703124 0 233 2.8329 0.0 8.181805246746432 0.0 4.0 
1994 8549359.8 95.3143437835563 77.94028271549989 144.2009345703124 0 233 2.8329 0.0 8.181805246746432 0.0 4.0 
1995 8549393.1 95.3143437835563 77.94028271549989 144.2009345703124 0 233 2.8329 0.0 8.181805246746432 0.0 4.0 
1996 8549426.4 95.30726519306904 77.94028271549989 144.2009345703124 0 233 2.8329 0.0 8.181805246746432 0.0 4.0 
1997 8549459.8 95.30726519306904 77.93483346196474 144.2009345703124 0 233 2.8329 0.0 8.181805246746432 0.0 4.0 
1998 8549493.1 95.30726519306904 77.93483346196474 144.2009345703124 0 233 2.8329 0.0 8.181805246746432 0.0 4.0 
1999 8549526.4 95.30726519306904 77.93483346196474 144.2009345703124 0 233 2.8329 0.0 8.181805246746432 0.0 4.0 
2000 8549559.8 95.29554695116691 77.92968148409136 144.2009345703124 0 233 2.8329 0.0 8.181805246746432 0.0 4.0 
2001 8549593.1 95.29554695116691 77.92968148409136 144.2009345703124 0 233 2.8329 0.0 8.181805246746432 0.0 4.0 
2002 8549626.4 95.29554695116691 77.92968148409136 144.2009345703124 0 233 2.8329 0.0 8.181805246746432 0.0 4.0 
2003 8549659.8 95.29554695116691 77.92968148409136 144.2009345703124 0 233 2.8329 0.0 8.181805246746432 0.0 4.0 
2004 8549693.1 95.28426281190232 77.92968148409136 144.2009345703124 0 233 2.8329 0.0 8.181805246746432 0.0 4.0 
2005 8549726.5 95.28426281190232 77.92576398648065 144.2009345703124 0 233 2.8329 0.0 8.181805246746432 0.0 4.0 
2006 8549759.8 95.28426281190232 77.92576398648065 144.2009345703124 0 233 2.8329 0.0 8.181805246746432 0.0 4.0 
2007 8549793.1 95.28426281190232 77.92576398648065 144.2009345703124 0 233 2.8329 0.0 8.181805246746432 0.0 4.0 
2008 8549826.5 95.2784296335847 77.92576398648065 144.2009345703124 0 233 2.8329 0.0 8.181805246746432 0.0 4.0 
2009 8549859.8 95.2784296335847 77.92576398648065 144.2009345703124 0 233 2.8329 0.0 8.181805246746432 0.0 4.0 
2010 8549893.1 95.2784296335847 77.92576398648065 144.2009345703124 0 233 2.8329 0.0 8.181805246746432 0.0 4.0 
2011 8549926.5 95.27179161372644 77.92576398648065 144.2009345703124 0 233 2.8329 0.0 8.181805246746432 0.0 4.0 
2012 8549959.8 95.27179161372644 77.92576398648065 144.2009345703124 0 233 2.8329 0.0 8.181805246746432 0.0 4.0 
2013 8549993.1 95.27179161372644 77.92576398648065 144.2009345703124 0 233 2.8329 0.0 8.181805246746432 0.0 4.0 
2014 8550026.5 95.26718593196328 77.92576398648065 144.2009345703124 0 233 2.8329 0.0 8.181805246746432 0.0 4.0 
2015 8550059.8 95.26718593196328 77.92677804140651 144.2009345703124 0 233 2.8329 0.0 8.181805246746432 0.0 4.0 
2016 8550093.1 95.26718593196328 77.92677804140651 144.2009345703124 0 233 2.8329 0.0 8.181805246746432 0.0 4.0 
2017 8550126.5 95.26718593196328 77.92677804140651 144.2009345703124 0 233 2.8329 0.0 8.181805246746432 0.0 4.0 
2018 8550159.8 95.25961821561744 77.92677804140651 144.2009345703124 0 233 2.8329 0.0 8.181805246746432 0.0 4.0 
2019 8550193.2 95.25961821561744 77.9297758540451 144.2009345703124 0 233 2.8329 0.0 8.181805246746432 0.0 4.0 
2020 8550226.5 95.25961821561744 77.9297758540451 144.2009345703124 0 233 2.8329 0.0 8.181805246746432 0.0 4.0 
2021 8550259.8 95.25418393023969 77.9297758540451 144.2009345703124 0 233 2.8329 0.0 8.181805246746432 0.0 4.0 
2022 8550293.2 95.25418393023969 77.93454687104536 144.2009345703124 0 233 2.8329 0.0 8.181805246746432 0.0 4.0 
2023 8550326.5 95.25418393023969 77.93454687104536 144.2009345703124 0 233 2.8329 0.0 8.181805246746432 0.0 4.0 
2024 8550359.8 95.25418393023969 77.93454687104536 144.2009345703124 0 233 2.8329 0.0 8.181805246746432 0.0 4.0 
2025 8550393.2 95.24063993950418 77.94221143137244 144.2009345703124 0 233 2.8329 0.0 8.181805246746432 0.0 4.0 
2026 8550426.5 95.24063993950418 77.94221143137244 144.2009345703124 0 233 2.8329 0.0 8.181805246746432 0.0 4.0 
2027 8550459.8 95.24063993950418 77.94221143137244 144.2009345703124 0 233 2.8329 0.0 8.181805246746432 0.0 4.0 
2028 8550493.2 95.23016757256879 77.94221143137244 144.2009345703124 0 233 2.8329 0.0 8.181805246746432 0.0 4.0 
2029 8550526.5 95.23016757256879 77.94833342331222 144.2009345703124 0 233 2.8329 0.0 8.181805246746432 0.0 4.0 
2030 8550559.9 95.23016757256879 77.94833342331222 144.2009345703124 0 233 2.8329 0.0 8.181805246746432 0.0 4.0 
2031 8550593.2 95.22037803606085 77.94833342331222 144.2009345703124 0 233 2.8329 0.0 8.181805246746432 0.0 4.0 
2032 8550626.5 95.22037803606085 77.95586404561486 144.2009345703124 0 233 2.8329 0.0 8.181805246746432 0.0 4.0 
2033 8550659.9 95.22037803606085 77.95586404561486 144.2009345703124 0 233 2.8329 0.0 8.181805246746432 0.0 4.0 
2034 8550693.2 95.22037803606085 77.95586404561486 144.2009345703124 0 233 2.8329 0.0 8.181805246746432 0.0 4.0 
2035 8550726.5 95.20193504138535 77.95586404561486 144.2009345703124 0 233 2.8329 0.0 8.181805246746432 0.0 4.0 
2036 8550759.9 95.20193504138535 77.97020227896027 144.2009345703124 0 233 2.8329 0.0 8.181805246746432 0.0 4.0 
2037 8550793.2 95.20193504138535 77.97020227896027 144.2009345703124 0 233 2.8329 0.0 8.181805246746432 0.0 4.0 
2038 8550826.5 95.20193504138535 77.97020227896027 144.2009345703124 0 233 2.8329 0.0 8.181805246746432 0.0 4.0 
2039 8550859.9 95.1820839503252 77.97020227896027 144.2009345703124 0 233 2.8329 0.0 8.181805246746432 0.0 4.0 
2040 8550893.2 95.1820839503252 77.9923878702429 144.2009345703124 0 233 2.8329 0.0 8.181805246746432 0.0 4.0 
2041 8550926.5 95.1820839503252 77.9923878702429 144.2009345703124 0 233 2.8329 0.0 8.181805246746432 0.0 4.0 
2042 8550959.9 95.1820839503252 77.9923878702429 144.2009345703124 0 233 2.8329 0.0 8.181805246746432 0.0 4.0 
2043 8550993.2 95.16787110822138 77.9923878702429 144.2009345703124 0 233 2.8329 0.0 8.181805246746432 0.0 4.0 
2044 8551026.6 95.16787110822138 78.0107319647672 144.2009345703124 0 233 2.8329 0.0 8.181805246746432 0.0 4.0 
2045 8551059.9 95.16787110822138 78.0107319647672 144.2009345703124 0 233 2.8329 0.0 8.181805246746432 0.0 4.0 
2046 8551093.2 95.15795049381646 78.02415314426474 144.2009345703124 0 233 2.8329 0.0 8.181805246746432 0.0 4.0 
2047 8551126.6 95.15795049381646 78.02415314426474 144.2009345703124 0 233 2.8329 0.0 8.181805246746432 0.0 4.0 
2048 8551159.9 95.15795049381646 78.02415314426474 144.2009345703124 0 233 2.8329 0.0 8.181805246746432 0.0 4.0 
2049 8551193.2 95.15795049381646 78.02415314426474 144.2009345703124 0 233 2.8329 0.0 8.181805246746432 0.0 4.0 
2050 8551226.6 95.1475576976987 78.02415314426474 144.2009345703124 0 233 2.8329 0.0 8.181805246746432 0.0 4.0 
2051 8551259.9 95.1475576976987 78.03459627061112 144.2009345703124 0 233 2.8329 0.0 8.181805246746432 0.0 4.0 
2052 8551293.2 95.1475576976987 78.03459627061112 144.2009345703124 0 233 2.8329 0.0 8.181805246746432 0.0 4.0 
2053 8551326.6 95.1475576976987 78.03459627061112 144.2009345703124 0 233 2.8329 0.0 8.181805246746432 0.0 4.0 
2054 8551359.9 95.13757148625366 78.03459627061112 144.2009345703124 0 233 2.8329 0.0 8.181805246746432 0.0 4.0 
2055 8551393.3 95.13757148625366 78.046503760285 144.2009345703124 0 233 2.8329 0.0 8.181805246746432 0.0 4.0 
2056 8551426.6 95.13757148625366 78.046503760285 144.2009345703124 0 233 2.8329 0.0 8.181805246746432 0.0 4.0 
2057 8551459.9 95.13757148625366 78.046503760285 144.2009345703124 0 233 2.8329 0.0 8.181805246746432 0.0 4.0 
2058 8551493.3 95.12854733018933 78.05485179911267 144.2009345703124 0 233 2.8329 0.0 8.181805246746432 0.0 4.0 
2059 8551526.6 95.12854733018933 78.05485179911267 144.2009345703124 0 233 2.8329 0.0 8.181805246746432 0.0 4.0 
2060 8551559.9 95.12854733018933 78.05485179911267 144.2009345703124 0 233 2.8329 0.0 8.181805246746432 0.0 4.0 
2061 8551593.3 95.12854733018933 78.05485179911267 144.2009345703124 0 233 2.8329 0.0 8.181805246746432 0.0 4.0 
2062 8551626.6 95.11932218835099 78.05485179911267 144.2009345703124 0 233 2.8329 0.0 8.181805246746432 0.0 4.0 
2063 8551659.9 95.11932218835099 78.06563587221592 144.2009345703124 0 233 2.8329 0.0 8.181805246746432 0.0 4.0 
2064 8551693.3 95.11932218835099 78.06563587221592 144.2009345703124 0 233 2.8329 0.0 8.181805246746432 0.0 4.0 
2065 8551726.6 95.11932218835099 78.06563587221592 144.2009345703124 0 233 2.8329 0.0 8.181805246746432 0.0 4.0 
2066 8551759.9 95.10749710051465 78.06563587221592 144.2009345703124 0 233 2.8329 0.0 8.181805246746432 0.0 4.0 
2067 8551793.3 95.10749710051465 78.0783126651725 144.2009345703124 0 233 2.8329 0.0 8.181805246746432 0.0 4.0 
2068 8551826.6 95.10749710051465 78.0783126651725 144.2009345703124 0 233 2.8329 0.0 8.181805246746432 0.0 4.0 
2069 8551860.0 95.10223672001962 78.0783126651725 144.2009345703124 0 233 2.8329 0.0 8.181805246746432 0.0 4.0 
2070 8551893.3 95.10223672001962 78.08464782502834 144.2009345703124 0 233 2.8329 0.0 8.181805246746432 0.0 4.0 
2071 8551926.6 95.10223672001962 78.08464782502834 144.2009345703124 0 233 2.8329 0.0 8.181805246746432 0.0 4.0 
2072 8551960.0 95.10223672001962 78.08464782502834 144.2009345703124 0 233 2.8329 0.0 8.181805246746432 0.0 4.0 
2073 8551993.3 95.09380648981758 78.08464782502834 144.2009345703124 0 233 2.8329 0.0 8.181805246746432 0.0 4.0 
2074 8552026.6 95.09380648981758 78.09287288582902 144.2009345703124 0 233 2.8329 0.0 8.181805246746432 0.0 4.0 
2075 8552060.0 95.09380648981758 78.09287288582902 144.2009345703124 0 233 2.8329 0.0 8.181805246746432 0.0 4.0 
2076 8552093.3 95.09380648981758 78.09287288582902 144.2009345703124 0 233 2.8329 0.0 8.181805246746432 0.0 4.0 
2077 8552126.6 95.08526851832704 78.09287288582902 144.2009345703124 0 233 2.8329 0.0 8.181805246746432 0.0 4.0 
2078 8552160.0 95.08526851832704 78.1032721673762 144.2009345703124 0 233 2.8329 0.0 8.181805246746432 0.0 4.0 
2079 8552193.3 95.08526851832704 78.1032721673762 144.2009345703124 0 233 2.8329 0.0 8.181805246746432 0.0 4.0 
2080 8552226.7 95.08526851832704 78.1032721673762 144.2009345703124 0 233 2.8329 0.0 8.181805246746432 0.0 4.0 
2081 8552260.0 95.07556973130907 78.1032721673762 144.2009345703124 0 233 2.8329 0.0 8.181805246746432 0.0 4.0 
2082 8552293.3 95.07556973130907 78.11285604861718 144.2009345703124 0 233 2.8329 0.0 8.181805246746432 0.0 4.0 
2083 8552326.7 95.07556973130907 78.11285604861718 144.2009345703124 0 233 2.8329 0.0 8.181805246746432 0.0 4.0 
2084 8552360.0 95.07556973130907 78.11285604861718 144.2009345703124 0 233 2.8329 0.0 8.181805246746432 0.0 4.0 
2085 8552393.3 95.06216481990839 78.1241099478157 144.2009345703124 0 233 2.8329 0.0 8.181805246746432 0.0 4.0 
2086 8552426.7 95.06216481990839 78.1241099478157 144.2009345703124 0 233 2.8329 0.0 8.181805246746432 0.0 4.0 
2087 8552460.0 95.06216481990839 78.1241099478157 144.2009345703124 0 233 2.8329 0.0 8.181805246746432 0.0 4.0 
2088 8552493.3 95.05500082980795 78.1241099478157 144.2009345703124 0 233 2.8329 0.0 8.181805246746432 0.0 4.0 
2089 8552526.7 95.05500082980795 78.12843596718476 144.2009345703124 0 233 2.8329 0.0 8.181805246746432 0.0 4.0 
2090 8552560.0 95.05500082980795 78.12843596718476 144.2009345703124 0 233 2.8329 0.0 8.181805246746432 0.0 4.0 
2091 8552593.3 95.05500082980795 78.12843596718476 144.2009345703124 0 233 2.8329 0.0 8.181805246746432 0.0 4.0 
2092 8552626.7 95.04251112193982 78.12843596718476 144.2009345703124 0 233 2.8329 0.0 8.181805246746432 0.0 4.0 
2093 8552660.0 95.04251112193982 78.13667393183788 144.2009345703124 0 233 2.8329 0.0 8.181805246746432 0.0 4.0 
2094 8552693.4 95.04251112193982 78.13667393183788 144.2009345703124 0 233 2.8329 0.0 8.181805246746432 0.0 4.0 
2095 8552726.7 95.02992253160868 78.14437403959876 144.2009345703124 0 233 2.8329 0.0 8.181805246746432 0.0 4.0 
2096 8552760.0 95.02992253160868 78.14437403959876 144.2009345703124 0 233 2.8329 0.0 8.181805246746432 0.0 4.0 
2097 8552793.4 95.02992253160868 78.14437403959876 144.2009345703124 0 233 2.8329 0.0 8.181805246746432 0.0 4.0 
2098 8552826.7 95.02992253160868 78.14437403959876 144.2009345703124 0 233 2.8329 0.0 8.181805246746432 0.0 4.0 
2099 8552860.0 95.01330342121847 78.14437403959876 144.2009345703124 0 233 2.8329 0.0 8.181805246746432 0.0 4.0 
2100 8552893.4 95.01330342121847 78.15045916405997 144.2009345703124 0 233 2.8329 0.0 8.181805246746432 0.0 4.0 
2101 8552926.7 95.01330342121847 78.15045916405997 144.2009345703124 0 233 2.8329 0.0 8.181805246746432 0.0 4.0 
2102 8552960.0 95.01330342121847 78.15045916405997 144.2009345703124 0 233 2.8329 0.0 8.181805246746432 0.0 4.0 
2103 8552993.4 95.00296151550523 78.15045916405997 144.2009345703124 0 233 2.8329 0.0 8.181805246746432 0.0 4.0 
2104 8553026.7 95.00296151550523 78.15433009676417 144.2009345703124 0 233 2.8329 0.0 8.181805246746432 0.0 4.0 
2105 8553060.1 95.00296151550523 78.15433009676417 144.2009345703124 0 233 2.8329 0.0 8.181805246746432 0.0 4.0 
2106 8553093.4 94.99016619162813 78.15433009676417 144.2009345703124 0 233 2.8329 0.0 8.181805246746432 0.0 4.0 
2107 8553126.7 94.99016619162813 78.15849426762341 144.2009345703124 0 233 2.8329 0.0 8.181805246746432 0.0 4.0 
2108 8553160.1 94.99016619162813 78.15849426762341 144.2009345703124 0 233 2.8329 0.0 8.181805246746432 0.0 4.0 
2109 8553193.4 94.99016619162813 78.15849426762341 144.2009345703124 0 233 2.8329 0.0 8.181805246746432 0.0 4.0 
2110 8553226.7 94.98121634908688 78.15849426762341 144.2009345703124 0 233 2.8329 0.0 8.181805246746432 0.0 4.0 
2111 8553260.1 94.98121634908688 78.16010105143785 144.2009345703124 0 233 2.8329 0.0 8.181805246746432 0.0 4.0 
2112 8553293.4 94.98121634908688 78.16010105143785 144.2009345703124 0 233 2.8329 0.0 8.181805246746432 0.0 4.0 
2113 8553326.7 94.96819243455609 78.16197116050554 144.2009345703124 0 233 2.8329 0.0 8.181805246746432 0.0 4.0 
2114 8553360.1 94.96819243455609 78.16197116050554 144.2009345703124 0 233 2.8329 0.0 8.181805246746432 0.0 4.0 
2115 8553393.4 94.96819243455609 78.16197116050554 144.2009345703124 0 233 2.8329 0.0 8.181805246746432 0.0 4.0 
2116 8553426.7 94.96819243455609 78.16197116050554 144.2009345703124 0 233 2.8329 0.0 8.181805246746432 0.0 4.0 
2117 8553460.1 94.95521561541979 78.16197116050554 144.2009345703124 0 233 2.8329 0.0 8.181805246746432 0.0 4.0 
2118 8553493.4 94.95521561541979 78.16426214471699 144.2009345703124 0 233 2.8329 0.0 8.181805246746432 0.0 4.0 
2119 8553526.8 94.95521561541979 78.16426214471699 144.2009345703124 0 233 2.8329 0.0 8.181805246746432 0.0 4.0 
2120 8553560.1 94.95521561541979 78.16426214471699 144.2009345703124 0 233 2.8329 0.0 8.181805246746432 0.0 4.0 
2121 8553593.4 94.94235326513572 78.16426214471699 144.2009345703124 0 233 2.8329 0.0 8.181805246746432 0.0 4.0 
2122 8553626.8 94.94235326513572 78.16934467752064 144.2009345703124 0 233 2.8329 0.0 8.181805246746432 0.0 4.0 
2123 8553660.1 94.94235326513572 78.16934467752064 144.2009345703124 0 233 2.8329 0.0 8.181805246746432 0.0 4.0 
2124 8553693.4 94.94235326513572 78.16934467752064 144.2009345703124 0 233 2.8329 0.0 8.181805246746432 0.0 4.0 
2125 8553726.8 94.93576332915606 78.16934467752064 144.2009345703124 0 233 2.8329 0.0 8.181805246746432 0.0 4.0 
2126 8553760.1 94.93576332915606 78.17139145327798 144.2009345703124 0 233 2.8329 0.0 8.181805246746432 0.0 4.0 
2127 8553793.4 94.93576332915606 78.17139145327798 144.2009345703124 0 233 2.8329 0.0 8.181805246746432 0.0 4.0 
2128 8553826.8 94.93576332915606 78.17139145327798 144.2009345703124 0 233 2.8329 0.0 8.181805246746432 0.0 4.0 
2129 8553860.1 94.91782666687136 78.17139145327798 144.2009345703124 0 233 2.8329 0.0 8.181805246746432 0.0 4.0 
2130 8553893.5 94.91782666687136 78.17415245942047 144.2009345703124 0 233 2.8329 0.0 8.181805246746432 0.0 4.0 
2131 8553926.8 94.91782666687136 78.17415245942047 144.2009345703124 0 233 2.8329 0.0 8.181805246746432 0.0 4.0 
2132 8553960.1 94.91782666687136 78.17415245942047 144.2009345703124 0 233 2.8329 0.0 8.181805246746432 0.0 4.0 
2133 8553993.5 94.90570888705737 78.17415245942047 144.2009345703124 0 233 2.8329 0.0 8.181805246746432 0.0 4.0 
2134 8554026.8 94.90570888705737 78.17415245942047 144.2009345703124 0 233 2.8329 0.0 8.181805246746432 0.0 4.0 
2135 8554060.1 94.90570888705737 78.17415245942047 144.2009345703124 0 233 2.8329 0.0 8.181805246746432 0.0 4.0 
2136 8554093.5 94.89164960580526 78.17415245942047 144.2009345703124 0 233 2.8329 0.0 8.181805246746432 0.0 4.0 
2137 8554126.8 94.89164960580526 78.17415245942047 144.2009345703124 0 233 2.8329 0.0 8.181805246746432 0.0 4.0 
2138 8554160.1 94.87598113113648 78.17415245942047 144.2009345703124 0 233 2.8329 0.0 8.181805246746432 0.0 4.0 
2139 8554193.5 94.87598113113648 78.17003649303359 144.2009345703124 0 233 2.8329 0.0 8.181805246746432 0.0 4.0 
2140 8554226.8 94.87598113113648 78.17003649303359 144.2009345703124 0 233 2.8329 0.0 8.181805246746432 0.0 4.0 
2141 8554260.1 94.87598113113648 78.17003649303359 144.2009345703124 0 233 2.8329 0.0 8.181805246746432 0.0 4.0 
2142 8554293.5 94.85902953470067 78.17003649303359 144.2009345703124 0 233 2.8329 0.0 8.181805246746432 0.0 4.0 
2143 8554326.8 94.85902953470067 78.1581078230504 144.2009345703124 0 233 2.8329 0.0 8.181805246746432 0.0 4.0 
2144 8554360.2 94.85902953470067 78.1581078230504 144.2009345703124 0 233 2.8329 0.0 8.181805246746432 0.0 4.0 
2145 8554393.5 94.84469989662053 78.1581078230504 144.2009345703124 0 233 2.8329 0.0 8.181805246746432 0.0 4.0 
2146 8554426.8 94.84469989662053 78.1464621496615 144.2009345703124 0 233 2.8329 0.0 8.181805246746432 0.0 4.0 
2147 8554460.2 94.84469989662053 78.1464621496615 144.2009345703124 0 233 2.8329 0.0 8.181805246746432 0.0 4.0 
2148 8554493.5 94.83602848628546 78.1464621496615 144.2009345703124 0 233 2.8329 0.0 8.181805246746432 0.0 4.0 
2149 8554526.8 94.83602848628546 78.14223305092726 144.2009345703124 0 233 2.8329 0.0 8.181805246746432 0.0 4.0 
2150 8554560.2 94.83602848628546 78.14223305092726 144.2009345703124 0 233 2.8329 0.0 8.181805246746432 0.0 4.0 
2151 8554593.5 94.83602848628546 78.14223305092726 144.2009345703124 0 233 2.8329 0.0 8.181805246746432 0.0 4.0 
2152 8554626.8 94.81213204459263 78.14223305092726 144.2009345703124 0 233 2.8329 0.0 8.181805246746432 0.0 4.0 
2153 8554660.2 94.81213204459263 78.13973849942077 144.2009345703124 0 233 2.8329 0.0 8.181805246746432 0.0 4.0 
2154 8554693.5 94.81213204459263 78.13973849942077 144.2009345703124 0 233 2.8329 0.0 8.181805246746432 0.0 4.0 
2155 8554726.9 94.81213204459263 78.13973849942077 144.2009345703124 0 233 2.8329 0.0 8.181805246746432 0.0 4.0 
2156 8554760.2 94.81213204459263 78.13973849942077 144.2009345703124 0 233 2.8329 0.0 8.181805246746432 0.0 4.0 
2157 8554793.5 94.78728894345407 78.13973849942077 144.2009345703124 0 233 2.8329 0.0 8.181805246746432 0.0 4.0 
2158 8554826.9 94.78728894345407 78.13763167750568 144.2009345703124 0 233 2.8329 0.0 8.181805246746432 0.0 4.0 
2159 8554860.2 94.78728894345407 78.13763167750568 144.2009345703124 0 233 2.8329 0.0 8.181805246746432 0.0 4.0 
2160 8554893.5 94.77059274320924 78.13562183569776 144.2009345703124 0 233 2.8329 0.0 8.181805246746432 0.0 4.0 
2161 8554926.9 94.77059274320924 78.13562183569776 144.2009345703124 0 233 2.8329 0.0 8.181805246746432 0.0 4.0 
2162 8554960.2 94.77059274320924 78.13562183569776 144.2009345703124 0 233 2.8329 0.0 8.181805246746432 0.0 4.0 
2163 8554993.5 94.77059274320924 78.13562183569776 144.2009345703124 0 233 2.8329 0.0 8.181805246746432 0.0 4.0 
2164 8555026.9 94.75890027220508 78.13562183569776 144.2009345703124 0 233 2.8329 0.0 8.181805246746432 0.0 4.0 
2165 8555060.2 94.75890027220508 78.13258458662537 144.2009345703124 0 233 2.8329 0.0 8.181805246746432 0.0 4.0 
2166 8555093.5 94.75890027220508 78.13258458662537 144.2009345703124 0 233 2.8329 0.0 8.181805246746432 0.0 4.0 
2167 8555126.9 94.75890027220508 78.13258458662537 144.2009345703124 0 233 2.8329 0.0 8.181805246746432 0.0 4.0 
2168 8555160.2 94.73319951350614 78.13258458662537 144.2009345703124 0 233 2.8329 0.0 8.181805246746432 0.0 4.0 
2169 8555193.6 94.73319951350614 78.1311260342765 144.2009345703124 0 233 2.8329 0.0 8.181805246746432 0.0 4.0 
2170 8555226.9 94.73319951350614 78.1311260342765 144.2009345703124 0 233 2.8329 0.0 8.181805246746432 0.0 4.0 
2171 8555260.2 94.71890685060417 78.13410935077073 144.2009345703124 0 233 2.8329 0.0 8.181805246746432 0.0 4.0 
2172 8555293.6 94.71890685060417 78.13410935077073 144.2009345703124 0 233 2.8329 0.0 8.181805246746432 0.0 4.0 
2173 8555326.9 94.71890685060417 78.13410935077073 144.2009345703124 0 233 2.8329 0.0 8.181805246746432 0.0 4.0 
2174 8555360.2 94.7099767773731 78.13410935077073 144.2009345703124 0 233 2.8329 0.0 8.181805246746432 0.0 4.0 
2175 8555393.6 94.7099767773731 78.13995939693638 144.2009345703124 0 233 2.8329 0.0 8.181805246746432 0.0 4.0 
2176 8555426.9 94.7099767773731 78.13995939693638 144.2009345703124 0 233 2.8329 0.0 8.181805246746432 0.0 4.0 
2177 8555460.2 94.69629217844894 78.13995939693638 144.2009345703124 0 233 2.8329 0.0 8.181805246746432 0.0 4.0 
2178 8555493.6 94.69629217844894 78.1476016177244 144.2009345703124 0 233 2.8329 0.0 8.181805246746432 0.0 4.0 
2179 8555526.9 94.69629217844894 78.1476016177244 144.2009345703124 0 233 2.8329 0.0 8.181805246746432 0.0 4.0 
2180 8555560.3 94.68713267284319 78.1476016177244 144.2009345703124 0 233 2.8329 0.0 8.181805246746432 0.0 4.0 
2181 8555593.6 94.68713267284319 78.15597154518149 144.2009345703124 0 233 2.8329 0.0 8.181805246746432 0.0 4.0 
2182 8555626.9 94.68713267284319 78.15597154518149 144.2009345703124 0 233 2.8329 0.0 8.181805246746432 0.0 4.0 
2183 8555660.3 94.6726040690126 78.17220798578387 144.2009345703124 0 233 2.8329 0.0 8.181805246746432 0.0 4.0 
2184 8555693.6 94.6726040690126 78.17220798578387 144.2009345703124 0 233 2.8329 0.0 8.181805246746432 0.0 4.0 
2185 8555726.9 94.6726040690126 78.17220798578387 144.2009345703124 0 233 2.8329 0.0 8.181805246746432 0.0 4.0 
2186 8555760.3 94.6726040690126 78.17220798578387 144.2009345703124 0 233 2.8329 0.0 8.181805246746432 0.0 4.0 
2187 8555793.6 94.6625737084355 78.17220798578387 144.2009345703124 0 233 2.8329 0.0 8.181805246746432 0.0 4.0 
2188 8555826.9 94.6625737084355 78.19131972075112 144.2009345703124 0 233 2.8329 0.0 8.181805246746432 0.0 4.0 
2189 8555860.3 94.6625737084355 78.19131972075112 144.2009345703124 0 233 2.8329 0.0 8.181805246746432 0.0 4.0 
2190 8555893.6 94.6625737084355 78.19131972075112 144.2009345703124 0 233 2.8329 0.0 8.181805246746432 0.0 4.0 
2191 8555926.9 94.64847087551146 78.19131972075112 144.2009345703124 0 233 2.8329 0.0 8.181805246746432 0.0 4.0 
2192 8555960.3 94.64847087551146 78.22322683655541 144.2009345703124 0 233 2.8329 0.0 8.181805246746432 0.0 4.0 
2193 8555993.6 94.64847087551146 78.22322683655541 144.2009345703124 0 233 2.8329 0.0 8.181805246746432 0.0 4.0 
2194 8556027.0 94.64847087551146 78.22322683655541 144.2009345703124 0 233 2.8329 0.0 8.181805246746432 0.0 4.0 
2195 8556060.3 94.64847087551146 78.22322683655541 144.2009345703124 0 233 2.8329 0.0 8.181805246746432 0.0 4.0 
2196 8556093.6 94.63952405590629 78.22322683655541 144.2009345703124 0 233 2.8329 0.0 8.181805246746432 0.0 4.0 
2197 8556127.0 94.63952405590629 78.2456850119194 144.2009345703124 0 233 2.8329 0.0 8.181805246746432 0.0 4.0 
2198 8556160.3 94.63952405590629 78.2456850119194 144.2009345703124 0 233 2.8329 0.0 8.181805246746432 0.0 4.0 
2199 8556193.6 94.63952405590629 78.2456850119194 144.2009345703124 0 233 2.8329 0.0 8.181805246746432 0.0 4.0 
2200 8556227.0 94.63952405590629 78.2456850119194 144.2009345703124 0 233 2.8329 0.0 8.181805246746432 0.0 4.0 
2201 8556260.3 94.6245769396127 78.2456850119194 144.2009345703124 0 233 2.8329 0.0 8.181805246746432 0.0 4.0 
2202 8556293.6 94.6245769396127 78.27352541077948 144.2009345703124 0 233 2.8329 0.0 8.181805246746432 0.0 4.0 
2203 8556327.0 94.6245769396127 78.27352541077948 144.2009345703124 0 233 2.8329 0.0 8.181805246746432 0.0 4.0 
2204 8556360.3 94.6245769396127 78.27352541077948 144.2009345703124 0 233 2.8329 0.0 8.181805246746432 0.0 4.0 
2205 8556393.7 94.6245769396127 78.27352541077948 144.2009345703124 0 233 2.8329 0.0 8.181805246746432 0.0 4.0 
2206 8556427.0 94.60986168224657 78.30224698984526 144.2009345703124 0 233 2.8329 0.0 8.181805246746432 0.0 4.0 
2207 8556460.3 94.60986168224657 78.30224698984526 144.2009345703124 0 233 2.8329 0.0 8.181805246746432 0.0 4.0 
2208 8556493.7 94.60986168224657 78.30224698984526 144.2009345703124 0 233 2.8329 0.0 8.181805246746432 0.0 4.0 
2209 8556527.0 94.59734932078578 78.30224698984526 144.2009345703124 0 233 2.8329 0.0 8.181805246746432 0.0 4.0 
2210 8556560.3 94.59734932078578 78.322227481377 144.2009345703124 0 233 2.8329 0.0 8.181805246746432 0.0 4.0 
2211 8556593.7 94.59734932078578 78.322227481377 144.2009345703124 0 233 2.8329 0.0 8.181805246746432 0.0 4.0 
2212 8556627.0 94.59734932078578 78.322227481377 144.2009345703124 0 233 2.8329 0.0 8.181805246746432 0.0 4.0 
2213 8556660.3 94.58785237549286 78.322227481377 144.2009345703124 0 233 2.8329 0.0 8.181805246746432 0.0 4.0 
2214 8556693.7 94.58785237549286 78.3360306057547 144.2009345703124 0 233 2.8329 0.0 8.181805246746432 0.0 4.0 
2215 8556727.0 94.58785237549286 78.3360306057547 144.2009345703124 0 233 2.8329 0.0 8.181805246746432 0.0 4.0 
2216 8556760.3 94.58785237549286 78.3360306057547 144.2009345703124 0 233 2.8329 0.0 8.181805246746432 0.0 4.0 
2217 8556793.7 94.57570599612329 78.35111234895666 144.2009345703124 0 233 2.8329 0.0 8.181805246746432 0.0 4.0 
2218 8556827.0 94.57570599612329 78.35111234895666 144.2009345703124 0 233 2.8329 0.0 8.181805246746432 0.0 4.0 
2219 8556860.4 94.57570599612329 78.35111234895666 144.2009345703124 0 233 2.8329 0.0 8.181805246746432 0.0 4.0 
2220 8556893.7 94.56513622798413 78.3603127528963 144.2009345703124 0 233 2.8329 0.0 8.181805246746432 0.0 4.0 
2221 8556927.0 94.56513622798413 78.3603127528963 144.2009345703124 0 233 2.8329 0.0 8.181805246746432 0.0 4.0 
2222 8556960.4 94.56513622798413 78.3603127528963 144.2009345703124 0 233 2.8329 0.0 8.181805246746432 0.0 4.0 
2223 8556993.7 94.56513622798413 78.3603127528963 144.2009345703124 0 233 2.8329 0.0 8.181805246746432 0.0 4.0 
2224 8557027.0 94.55182973314994 78.3603127528963 144.2009345703124 0 233 2.8329 0.0 8.181805246746432 0.0 4.0 
2225 8557060.4 94.55182973314994 78.36793917585375 144.2009345703124 0 233 2.8329 0.0 8.181805246746432 0.0 4.0 
2226 8557093.7 94.55182973314994 78.36793917585375 144.2009345703124 0 233 2.8329 0.0 8.181805246746432 0.0 4.0 
2227 8557127.0 94.55182973314994 78.36793917585375 144.2009345703124 0 233 2.8329 0.0 8.181805246746432 0.0 4.0 
2228 8557160.4 94.53437665725862 78.37888125399863 144.2009345703124 0 233 2.8329 0.0 8.181805246746432 0.0 4.0 
2229 8557193.7 94.53437665725862 78.37888125399863 144.2009345703124 0 233 2.8329 0.0 8.181805246746432 0.0 4.0 
2230 8557227.1 94.53437665725862 78.37888125399863 144.2009345703124 0 233 2.8329 0.0 8.181805246746432 0.0 4.0 
2231 8557260.4 94.52492717470705 78.37888125399863 144.2009345703124 0 233 2.8329 0.0 8.181805246746432 0.0 4.0 
2232 8557293.7 94.52492717470705 78.38354559038018 144.2009345703124 0 233 2.8329 0.0 8.181805246746432 0.0 4.0 
2233 8557327.1 94.52492717470705 78.38354559038018 144.2009345703124 0 233 2.8329 0.0 8.181805246746432 0.0 4.0 
2234 8557360.4 94.52492717470705 78.38354559038018 144.2009345703124 0 233 2.8329 0.0 8.181805246746432 0.0 4.0 
2235 8557393.7 94.51343828918903 78.38354559038018 144.2009345703124 0 233 2.8329 0.0 8.181805246746432 0.0 4.0 
2236 8557427.1 94.51343828918903 78.38912144419317 144.2009345703124 0 233 2.8329 0.0 8.181805246746432 0.0 4.0 
2237 8557460.4 94.51343828918903 78.38912144419317 144.2009345703124 0 233 2.8329 0.0 8.181805246746432 0.0 4.0 
2238 8557493.7 94.51343828918903 78.38912144419317 144.2009345703124 0 233 2.8329 0.0 8.181805246746432 0.0 4.0 
2239 8557527.1 94.4959198846743 78.38912144419317 144.2009345703124 0 233 2.8329 0.0 8.181805246746432 0.0 4.0 
2240 8557560.4 94.4959198846743 78.3953563262308 144.2009345703124 0 233 2.8329 0.0 8.181805246746432 0.0 4.0 
2241 8557593.7 94.4959198846743 78.3953563262308 144.2009345703124 0 233 2.8329 0.0 8.181805246746432 0.0 4.0 
2242 8557627.1 94.4851387825515 78.3953563262308 144.2009345703124 0 233 2.8329 0.0 8.181805246746432 0.0 4.0 
2243 8557660.4 94.4851387825515 78.39820333116447 144.2009345703124 0 233 2.8329 0.0 8.181805246746432 0.0 4.0 
2244 8557693.8 94.4851387825515 78.39820333116447 144.2009345703124 0 233 2.8329 0.0 8.181805246746432 0.0 4.0 
2245 8557727.1 94.47587272875329 78.39820333116447 144.2009345703124 0 233 2.8329 0.0 8.181805246746432 0.0 4.0 
2246 8557760.4 94.47587272875329 78.39820333116447 144.2009345703124 0 233 2.8329 0.0 8.181805246746432 0.0 4.0 
2247 8557793.8 94.47587272875329 78.39820333116447 144.2009345703124 0 233 2.8329 0.0 8.181805246746432 0.0 4.0 
2248 8557827.1 94.46203267151695 78.39820333116447 144.2009345703124 0 233 2.8329 0.0 8.181805246746432 0.0 4.0 
2249 8557860.4 94.46203267151695 78.3966826387806 144.2009345703124 0 233 2.8329 0.0 8.181805246746432 0.0 4.0 
