# Recording
duration 75.006
nframes 2250
# Camera
framerate 29.997600191984642
imageToStage -0.993727445602417,-0.06086360290646553,0.06086360290646553,-0.993727445602417
rotation -3.080421285766743
imagenormaldir +Z
pixelsize 0.9955896
# Dual color
dualcolormode False
mainside Right
viewmode Splitted
recordingmode Original
translation_x 0.0
translation_y 0.0
rotation 0.0
# Tracking
roi_x 400
roi_y 400
capture_radius 400
min_step 1
threshold 30
binning 4
dark_bg True
mode CMS
area 400
# Frame Time X Y Z minBrightness maxBrightness meanBrightness medianBrightness skewness percentile_5 percentile_95
0 7190679.2 95.23047511256374 83.78469135770615 143.62149707031244 0 233 2.8329 0.0 8.181805246746432 0.0 4.0 
1 7190712.5 95.23047511256374 83.78469135770615 143.62149707031244 0 233 2.8329 0.0 8.181805246746432 0.0 4.0 
2 7190745.9 95.23047511256374 83.78469135770615 143.62149707031244 0 233 2.8329 0.0 8.181805246746432 0.0 4.0 
3 7190779.2 95.23324884949528 83.7876095289123 143.62149707031244 0 233 2.8329 0.0 8.181805246746432 0.0 4.0 
4 7190812.6 95.23324884949528 83.7876095289123 143.62149707031244 0 233 2.8329 0.0 8.181805246746432 0.0 4.0 
5 7190845.9 95.23324884949528 83.7876095289123 143.62149707031244 0 233 2.8329 0.0 8.181805246746432 0.0 4.0 
6 7190879.2 95.23324884949528 83.7876095289123 143.62149707031244 0 233 2.8329 0.0 8.181805246746432 0.0 4.0 
7 7190912.6 95.23551197974724 83.79393162706467 143.62149707031244 0 233 2.8329 0.0 8.181805246746432 0.0 4.0 
8 7190945.9 95.23551197974724 83.79393162706467 143.62149707031244 0 233 2.8329 0.0 8.181805246746432 0.0 4.0 
9 7190979.2 95.23551197974724 83.79393162706467 143.62149707031244 0 233 2.8329 0.0 8.181805246746432 0.0 4.0 
10 7191012.6 95.23551197974724 83.79393162706467 143.62149707031244 0 233 2.8329 0.0 8.181805246746432 0.0 4.0 
11 7191045.9 95.24122934965827 83.80333585149293 143.62149707031244 0 233 2.8329 0.0 8.181805246746432 0.0 4.0 
12 7191079.2 95.24122934965827 83.80333585149293 143.62149707031244 0 233 2.8329 0.0 8.181805246746432 0.0 4.0 
13 7191112.6 95.24122934965827 83.80333585149293 143.62149707031244 0 233 2.8329 0.0 8.181805246746432 0.0 4.0 
14 7191145.9 95.24122934965827 83.80333585149293 143.62149707031244 0 233 2.8329 0.0 8.181805246746432 0.0 4.0 
15 7191179.3 95.24470249695828 83.80333585149293 143.62149707031244 0 233 2.8329 0.0 8.181805246746432 0.0 4.0 
16 7191212.6 95.24470249695828 83.81307421145009 143.62149707031244 0 233 2.8329 0.0 8.181805246746432 0.0 4.0 
17 7191245.9 95.24470249695828 83.81307421145009 143.62149707031244 0 233 2.8329 0.0 8.181805246746432 0.0 4.0 
18 7191279.3 95.24470249695828 83.81307421145009 143.62149707031244 0 233 2.8329 0.0 8.181805246746432 0.0 4.0 
19 7191312.6 95.24470249695828 83.81893439457929 143.62149707031244 0 233 2.8329 0.0 8.181805246746432 0.0 4.0 
20 7191345.9 95.24470249695828 83.81893439457929 143.62149707031244 0 233 2.8329 0.0 8.181805246746432 0.0 4.0 
21 7191379.3 95.24470249695828 83.81893439457929 143.62149707031244 0 233 2.8329 0.0 8.181805246746432 0.0 4.0 
22 7191412.6 95.24470249695828 83.81893439457929 143.62149707031244 0 233 2.8329 0.0 8.181805246746432 0.0 4.0 
23 7191445.9 95.24339314315095 83.8269472131573 143.62149707031244 0 233 2.8329 0.0 8.181805246746432 0.0 4.0 
24 7191479.3 95.24339314315095 83.8269472131573 143.62149707031244 0 233 2.8329 0.0 8.181805246746432 0.0 4.0 
25 7191512.6 95.24339314315095 83.8269472131573 143.62149707031244 0 233 2.8329 0.0 8.181805246746432 0.0 4.0 
26 7191545.9 95.24339314315095 83.8269472131573 143.62149707031244 0 233 2.8329 0.0 8.181805246746432 0.0 4.0 
27 7191579.3 95.2411690596954 83.8269472131573 143.62149707031244 0 233 2.8329 0.0 8.181805246746432 0.0 4.0 
28 7191612.6 95.2411690596954 83.8485500604413 143.62149707031244 0 233 2.8329 0.0 8.181805246746432 0.0 4.0 
29 7191646.0 95.2411690596954 83.8485500604413 143.62149707031244 0 233 2.8329 0.0 8.181805246746432 0.0 4.0 
30 7191679.3 95.2411690596954 83.8485500604413 143.62149707031244 0 233 2.8329 0.0 8.181805246746432 0.0 4.0 
31 7191712.6 95.2411690596954 83.8485500604413 143.62149707031244 0 233 2.8329 0.0 8.181805246746432 0.0 4.0 
32 7191746.0 95.2411690596954 83.8485500604413 143.62149707031244 0 233 2.8329 0.0 8.181805246746432 0.0 4.0 
33 7191779.3 95.24577522068631 83.8485500604413 143.62149707031244 0 233 2.8329 0.0 8.181805246746432 0.0 4.0 
34 7191812.6 95.24577522068631 83.86243180722273 143.62149707031244 0 233 2.8329 0.0 8.181805246746432 0.0 4.0 
35 7191846.0 95.24577522068631 83.86243180722273 143.62149707031244 0 233 2.8329 0.0 8.181805246746432 0.0 4.0 
36 7191879.3 95.24577522068631 83.86243180722273 143.62149707031244 0 233 2.8329 0.0 8.181805246746432 0.0 4.0 
37 7191912.6 95.25169293025989 83.86567649881965 143.62149707031244 0 233 2.8329 0.0 8.181805246746432 0.0 4.0 
38 7191946.0 95.25169293025989 83.86567649881965 143.62149707031244 0 233 2.8329 0.0 8.181805246746432 0.0 4.0 
39 7191979.3 95.25169293025989 83.86567649881965 143.62149707031244 0 233 2.8329 0.0 8.181805246746432 0.0 4.0 
40 7192012.7 95.25169293025989 83.86567649881965 143.62149707031244 0 233 2.8329 0.0 8.181805246746432 0.0 4.0 
41 7192046.0 95.25169293025989 83.87472977005204 143.62149707031244 0 233 2.8329 0.0 8.181805246746432 0.0 4.0 
42 7192079.3 95.25169293025989 83.87472977005204 143.62149707031244 0 233 2.8329 0.0 8.181805246746432 0.0 4.0 
43 7192112.7 95.25169293025989 83.87472977005204 143.62149707031244 0 233 2.8329 0.0 8.181805246746432 0.0 4.0 
44 7192146.0 95.25169293025989 83.87472977005204 143.62149707031244 0 233 2.8329 0.0 8.181805246746432 0.0 4.0 
45 7192179.3 95.25322010247731 83.87472977005204 143.62149707031244 0 233 2.8329 0.0 8.181805246746432 0.0 4.0 
46 7192212.7 95.25322010247731 83.8853616380926 143.62149707031244 0 233 2.8329 0.0 8.181805246746432 0.0 4.0 
47 7192246.0 95.25322010247731 83.8853616380926 143.62149707031244 0 233 2.8329 0.0 8.181805246746432 0.0 4.0 
48 7192279.3 95.25322010247731 83.8853616380926 143.62149707031244 0 233 2.8329 0.0 8.181805246746432 0.0 4.0 
49 7192312.7 95.25322010247731 83.89162103433404 143.62149707031244 0 233 2.8329 0.0 8.181805246746432 0.0 4.0 
50 7192346.0 95.25322010247731 83.89162103433404 143.62149707031244 0 233 2.8329 0.0 8.181805246746432 0.0 4.0 
51 7192379.3 95.25322010247731 83.89162103433404 143.62149707031244 0 233 2.8329 0.0 8.181805246746432 0.0 4.0 
52 7192412.7 95.25322010247731 83.89162103433404 143.62149707031244 0 233 2.8329 0.0 8.181805246746432 0.0 4.0 
53 7192446.0 95.25486909969636 83.8977566851629 143.62149707031244 0 233 2.8329 0.0 8.181805246746432 0.0 4.0 
54 7192479.4 95.25486909969636 83.8977566851629 143.62149707031244 0 233 2.8329 0.0 8.181805246746432 0.0 4.0 
55 7192512.7 95.25486909969636 83.8977566851629 143.62149707031244 0 233 2.8329 0.0 8.181805246746432 0.0 4.0 
56 7192546.0 95.25486909969636 83.8977566851629 143.62149707031244 0 233 2.8329 0.0 8.181805246746432 0.0 4.0 
57 7192579.4 95.25486909969636 83.90243297634481 143.62149707031244 0 233 2.8329 0.0 8.181805246746432 0.0 4.0 
58 7192612.7 95.25486909969636 83.90243297634481 143.62149707031244 0 233 2.8329 0.0 8.181805246746432 0.0 4.0 
59 7192646.0 95.25486909969636 83.90243297634481 143.62149707031244 0 233 2.8329 0.0 8.181805246746432 0.0 4.0 
60 7192679.4 95.25486909969636 83.90243297634481 143.62149707031244 0 233 2.8329 0.0 8.181805246746432 0.0 4.0 
61 7192712.7 95.25486909969636 83.9084675857302 143.62149707031244 0 233 2.8329 0.0 8.181805246746432 0.0 4.0 
62 7192746.0 95.25486909969636 83.9084675857302 143.62149707031244 0 233 2.8329 0.0 8.181805246746432 0.0 4.0 
63 7192779.4 95.25486909969636 83.9084675857302 143.62149707031244 0 233 2.8329 0.0 8.181805246746432 0.0 4.0 
64 7192812.7 95.25486909969636 83.9084675857302 143.62149707031244 0 233 2.8329 0.0 8.181805246746432 0.0 4.0 
65 7192846.1 95.25126208402182 83.91951984795325 143.62149707031244 0 233 2.8329 0.0 8.181805246746432 0.0 4.0 
66 7192879.4 95.25126208402182 83.91951984795325 143.62149707031244 0 233 2.8329 0.0 8.181805246746432 0.0 4.0 
67 7192912.7 95.25126208402182 83.91951984795325 143.62149707031244 0 233 2.8329 0.0 8.181805246746432 0.0 4.0 
68 7192946.1 95.25126208402182 83.91951984795325 143.62149707031244 0 233 2.8329 0.0 8.181805246746432 0.0 4.0 
69 7192979.4 95.24814601131048 83.91951984795325 143.62149707031244 0 233 2.8329 0.0 8.181805246746432 0.0 4.0 
70 7193012.7 95.24814601131048 83.92285921725193 143.62149707031244 0 233 2.8329 0.0 8.181805246746432 0.0 4.0 
71 7193046.1 95.24814601131048 83.92285921725193 143.62149707031244 0 233 2.8329 0.0 8.181805246746432 0.0 4.0 
72 7193079.4 95.24814601131048 83.92285921725193 143.62149707031244 0 233 2.8329 0.0 8.181805246746432 0.0 4.0 
73 7193112.7 95.24957956211722 83.92873536636452 143.62149707031244 0 233 2.8329 0.0 8.181805246746432 0.0 4.0 
74 7193146.1 95.24957956211722 83.92873536636452 143.62149707031244 0 233 2.8329 0.0 8.181805246746432 0.0 4.0 
75 7193179.4 95.24957956211722 83.92873536636452 143.62149707031244 0 233 2.8329 0.0 8.181805246746432 0.0 4.0 
76 7193212.7 95.24957956211722 83.92873536636452 143.62149707031244 0 233 2.8329 0.0 8.181805246746432 0.0 4.0 
77 7193246.1 95.25424364720033 83.92762960781667 143.62149707031244 0 233 2.8329 0.0 8.181805246746432 0.0 4.0 
78 7193279.4 95.25424364720033 83.92762960781667 143.62149707031244 0 233 2.8329 0.0 8.181805246746432 0.0 4.0 
79 7193312.8 95.25424364720033 83.92762960781667 143.62149707031244 0 233 2.8329 0.0 8.181805246746432 0.0 4.0 
80 7193346.1 95.25424364720033 83.92762960781667 143.62149707031244 0 233 2.8329 0.0 8.181805246746432 0.0 4.0 
81 7193379.4 95.25693063334582 83.92762960781667 143.62149707031244 0 233 2.8329 0.0 8.181805246746432 0.0 4.0 
82 7193412.8 95.25693063334582 83.92458496653491 143.62149707031244 0 233 2.8329 0.0 8.181805246746432 0.0 4.0 
83 7193446.1 95.25693063334582 83.92458496653491 143.62149707031244 0 233 2.8329 0.0 8.181805246746432 0.0 4.0 
84 7193479.4 95.25693063334582 83.92458496653491 143.62149707031244 0 233 2.8329 0.0 8.181805246746432 0.0 4.0 
85 7193512.8 95.25567167291202 83.92320327403726 143.62149707031244 0 233 2.8329 0.0 8.181805246746432 0.0 4.0 
86 7193546.1 95.25567167291202 83.92320327403726 143.62149707031244 0 233 2.8329 0.0 8.181805246746432 0.0 4.0 
87 7193579.4 95.25567167291202 83.92320327403726 143.62149707031244 0 233 2.8329 0.0 8.181805246746432 0.0 4.0 
88 7193612.8 95.25567167291202 83.92320327403726 143.62149707031244 0 233 2.8329 0.0 8.181805246746432 0.0 4.0 
89 7193646.1 95.25006099756733 83.92970982608995 143.62149707031244 0 233 2.8329 0.0 8.181805246746432 0.0 4.0 
90 7193679.5 95.25006099756733 83.92970982608995 143.62149707031244 0 233 2.8329 0.0 8.181805246746432 0.0 4.0 
91 7193712.8 95.25006099756733 83.92970982608995 143.62149707031244 0 233 2.8329 0.0 8.181805246746432 0.0 4.0 
92 7193746.1 95.25006099756733 83.92970982608995 143.62149707031244 0 233 2.8329 0.0 8.181805246746432 0.0 4.0 
93 7193779.5 95.24765649655446 83.92970982608995 143.62149707031244 0 233 2.8329 0.0 8.181805246746432 0.0 4.0 
94 7193812.8 95.24765649655446 83.93820065210248 143.62149707031244 0 233 2.8329 0.0 8.181805246746432 0.0 4.0 
95 7193846.1 95.24765649655446 83.93820065210248 143.62149707031244 0 233 2.8329 0.0 8.181805246746432 0.0 4.0 
96 7193879.5 95.24765649655446 83.93820065210248 143.62149707031244 0 233 2.8329 0.0 8.181805246746432 0.0 4.0 
97 7193912.8 95.24929905751632 83.94870581625688 143.62149707031244 0 233 2.8329 0.0 8.181805246746432 0.0 4.0 
98 7193946.1 95.24929905751632 83.94870581625688 143.62149707031244 0 233 2.8329 0.0 8.181805246746432 0.0 4.0 
99 7193979.5 95.24929905751632 83.94870581625688 143.62149707031244 0 233 2.8329 0.0 8.181805246746432 0.0 4.0 
100 7194012.8 95.24929905751632 83.94870581625688 143.62149707031244 0 233 2.8329 0.0 8.181805246746432 0.0 4.0 
101 7194046.1 95.2527447858033 83.94870581625688 143.62149707031244 0 233 2.8329 0.0 8.181805246746432 0.0 4.0 
102 7194079.5 95.2527447858033 83.94870581625688 143.62149707031244 0 233 2.8329 0.0 8.181805246746432 0.0 4.0 
103 7194112.8 95.2527447858033 83.94870581625688 143.62149707031244 0 233 2.8329 0.0 8.181805246746432 0.0 4.0 
104 7194146.2 95.2527447858033 83.94870581625688 143.62149707031244 0 233 2.8329 0.0 8.181805246746432 0.0 4.0 
105 7194179.5 95.2544303160251 83.94870581625688 143.62149707031244 0 233 2.8329 0.0 8.181805246746432 0.0 4.0 
106 7194212.8 95.2544303160251 83.95102044088448 143.62149707031244 0 233 2.8329 0.0 8.181805246746432 0.0 4.0 
107 7194246.2 95.2544303160251 83.95102044088448 143.62149707031244 0 233 2.8329 0.0 8.181805246746432 0.0 4.0 
108 7194279.5 95.2544303160251 83.95102044088448 143.62149707031244 0 233 2.8329 0.0 8.181805246746432 0.0 4.0 
109 7194312.8 95.25569680480716 83.95427195742083 143.62149707031244 0 233 2.8329 0.0 8.181805246746432 0.0 4.0 
110 7194346.2 95.25569680480716 83.95427195742083 143.62149707031244 0 233 2.8329 0.0 8.181805246746432 0.0 4.0 
111 7194379.5 95.25569680480716 83.95427195742083 143.62149707031244 0 233 2.8329 0.0 8.181805246746432 0.0 4.0 
112 7194412.8 95.25569680480716 83.95427195742083 143.62149707031244 0 233 2.8329 0.0 8.181805246746432 0.0 4.0 
113 7194446.2 95.25569680480716 83.9493230873548 143.62149707031244 0 233 2.8329 0.0 8.181805246746432 0.0 4.0 
114 7194479.5 95.25569680480716 83.9493230873548 143.62149707031244 0 233 2.8329 0.0 8.181805246746432 0.0 4.0 
115 7194512.9 95.25569680480716 83.9493230873548 143.62149707031244 0 233 2.8329 0.0 8.181805246746432 0.0 4.0 
116 7194546.2 95.25569680480716 83.9493230873548 143.62149707031244 0 233 2.8329 0.0 8.181805246746432 0.0 4.0 
117 7194579.5 95.25569680480716 83.94815234870956 143.62149707031244 0 233 2.8329 0.0 8.181805246746432 0.0 4.0 
118 7194612.9 95.25569680480716 83.94815234870956 143.62149707031244 0 233 2.8329 0.0 8.181805246746432 0.0 4.0 
119 7194646.2 95.25569680480716 83.94815234870956 143.62149707031244 0 233 2.8329 0.0 8.181805246746432 0.0 4.0 
120 7194679.5 95.25569680480716 83.94815234870956 143.62149707031244 0 233 2.8329 0.0 8.181805246746432 0.0 4.0 
121 7194712.9 95.25908137407423 83.94554567456066 143.62149707031244 0 233 2.8329 0.0 8.181805246746432 0.0 4.0 
122 7194746.2 95.25908137407423 83.94554567456066 143.62149707031244 0 233 2.8329 0.0 8.181805246746432 0.0 4.0 
123 7194779.5 95.25908137407423 83.94554567456066 143.62149707031244 0 233 2.8329 0.0 8.181805246746432 0.0 4.0 
124 7194812.9 95.25908137407423 83.94554567456066 143.62149707031244 0 233 2.8329 0.0 8.181805246746432 0.0 4.0 
125 7194846.2 95.25908137407423 83.94554567456066 143.62149707031244 0 233 2.8329 0.0 8.181805246746432 0.0 4.0 
126 7194879.5 95.25908137407423 83.94554567456066 143.62149707031244 0 233 2.8329 0.0 8.181805246746432 0.0 4.0 
127 7194912.9 95.25908137407423 83.94554567456066 143.62149707031244 0 233 2.8329 0.0 8.181805246746432 0.0 4.0 
128 7194946.2 95.25908137407423 83.94554567456066 143.62149707031244 0 233 2.8329 0.0 8.181805246746432 0.0 4.0 
129 7194979.6 95.25908137407423 83.94554567456066 143.62149707031244 0 233 2.8329 0.0 8.181805246746432 0.0 4.0 
130 7195012.9 95.25908137407423 83.94554567456066 143.62149707031244 0 233 2.8329 0.0 8.181805246746432 0.0 4.0 
131 7195046.2 95.25727459247773 83.94273092513323 143.62149707031244 0 233 2.8329 0.0 8.181805246746432 0.0 4.0 
132 7195079.6 95.25727459247773 83.94273092513323 143.62149707031244 0 233 2.8329 0.0 8.181805246746432 0.0 4.0 
133 7195112.9 95.25727459247773 83.94273092513323 143.62149707031244 0 233 2.8329 0.0 8.181805246746432 0.0 4.0 
134 7195146.2 95.25727459247773 83.94273092513323 143.62149707031244 0 233 2.8329 0.0 8.181805246746432 0.0 4.0 
135 7195179.6 95.25727459247773 83.94422957214337 143.62149707031244 0 233 2.8329 0.0 8.181805246746432 0.0 4.0 
136 7195212.9 95.25727459247773 83.94422957214337 143.62149707031244 0 233 2.8329 0.0 8.181805246746432 0.0 4.0 
137 7195246.2 95.25727459247773 83.94422957214337 143.62149707031244 0 233 2.8329 0.0 8.181805246746432 0.0 4.0 
138 7195279.6 95.25727459247773 83.94422957214337 143.62149707031244 0 233 2.8329 0.0 8.181805246746432 0.0 4.0 
139 7195312.9 95.25953037099804 83.94422957214337 143.62149707031244 0 233 2.8329 0.0 8.181805246746432 0.0 4.0 
140 7195346.3 95.25953037099804 83.94422957214337 143.62149707031244 0 233 2.8329 0.0 8.181805246746432 0.0 4.0 
141 7195379.6 95.25953037099804 83.94422957214337 143.62149707031244 0 233 2.8329 0.0 8.181805246746432 0.0 4.0 
142 7195412.9 95.25953037099804 83.94422957214337 143.62149707031244 0 233 2.8329 0.0 8.181805246746432 0.0 4.0 
143 7195446.3 95.2615055481363 83.94917088158594 143.62149707031244 0 233 2.8329 0.0 8.181805246746432 0.0 4.0 
144 7195479.6 95.2615055481363 83.94917088158594 143.62149707031244 0 233 2.8329 0.0 8.181805246746432 0.0 4.0 
145 7195512.9 95.2615055481363 83.94917088158594 143.62149707031244 0 233 2.8329 0.0 8.181805246746432 0.0 4.0 
146 7195546.3 95.2615055481363 83.94917088158594 143.62149707031244 0 233 2.8329 0.0 8.181805246746432 0.0 4.0 
147 7195579.6 95.2615055481363 83.9541149071461 143.62149707031244 0 233 2.8329 0.0 8.181805246746432 0.0 4.0 
148 7195612.9 95.2615055481363 83.9541149071461 143.62149707031244 0 233 2.8329 0.0 8.181805246746432 0.0 4.0 
149 7195646.3 95.2615055481363 83.9541149071461 143.62149707031244 0 233 2.8329 0.0 8.181805246746432 0.0 4.0 
150 7195679.6 95.2615055481363 83.9541149071461 143.62149707031244 0 233 2.8329 0.0 8.181805246746432 0.0 4.0 
151 7195712.9 95.26291947424808 83.9541149071461 143.62149707031244 0 233 2.8329 0.0 8.181805246746432 0.0 4.0 
152 7195746.3 95.26291947424808 83.9541149071461 143.62149707031244 0 233 2.8329 0.0 8.181805246746432 0.0 4.0 
153 7195779.6 95.26291947424808 83.9541149071461 143.62149707031244 0 233 2.8329 0.0 8.181805246746432 0.0 4.0 
154 7195813.0 95.26291947424808 83.9541149071461 143.62149707031244 0 233 2.8329 0.0 8.181805246746432 0.0 4.0 
155 7195846.3 95.26291947424808 83.94812109708177 143.62149707031244 0 233 2.8329 0.0 8.181805246746432 0.0 4.0 
156 7195879.6 95.26291947424808 83.94812109708177 143.62149707031244 0 233 2.8329 0.0 8.181805246746432 0.0 4.0 
157 7195913.0 95.26291947424808 83.94812109708177 143.62149707031244 0 233 2.8329 0.0 8.181805246746432 0.0 4.0 
158 7195946.3 95.26291947424808 83.94812109708177 143.62149707031244 0 233 2.8329 0.0 8.181805246746432 0.0 4.0 
159 7195979.6 95.26291947424808 83.93157997409811 143.62149707031244 0 233 2.8329 0.0 8.181805246746432 0.0 4.0 
160 7196013.0 95.26291947424808 83.93157997409811 143.62149707031244 0 233 2.8329 0.0 8.181805246746432 0.0 4.0 
161 7196046.3 95.26291947424808 83.93157997409811 143.62149707031244 0 233 2.8329 0.0 8.181805246746432 0.0 4.0 
162 7196079.6 95.26291947424808 83.93157997409811 143.62149707031244 0 233 2.8329 0.0 8.181805246746432 0.0 4.0 
163 7196113.0 95.26508622778842 83.93157997409811 143.62149707031244 0 233 2.8329 0.0 8.181805246746432 0.0 4.0 
164 7196146.3 95.26508622778842 83.89600424285544 143.62149707031244 0 233 2.8329 0.0 8.181805246746432 0.0 4.0 
165 7196179.7 95.26508622778842 83.89600424285544 143.62149707031244 0 233 2.8329 0.0 8.181805246746432 0.0 4.0 
166 7196213.0 95.26508622778842 83.89600424285544 143.62149707031244 0 233 2.8329 0.0 8.181805246746432 0.0 4.0 
167 7196246.3 95.26508622778842 83.89600424285544 143.62149707031244 0 233 2.8329 0.0 8.181805246746432 0.0 4.0 
168 7196279.7 95.26508622778842 83.89600424285544 143.62149707031244 0 233 2.8329 0.0 8.181805246746432 0.0 4.0 
169 7196313.0 95.26248926946089 83.85456925436552 143.62149707031244 0 233 2.8329 0.0 8.181805246746432 0.0 4.0 
170 7196346.3 95.26248926946089 83.85456925436552 143.62149707031244 0 233 2.8329 0.0 8.181805246746432 0.0 4.0 
171 7196379.7 95.26248926946089 83.85456925436552 143.62149707031244 0 233 2.8329 0.0 8.181805246746432 0.0 4.0 
172 7196413.0 95.26248926946089 83.85456925436552 143.62149707031244 0 233 2.8329 0.0 8.181805246746432 0.0 4.0 
173 7196446.3 95.26248926946089 83.85456925436552 143.62149707031244 0 233 2.8329 0.0 8.181805246746432 0.0 4.0 
174 7196479.7 95.26248926946089 83.85456925436552 143.62149707031244 0 233 2.8329 0.0 8.181805246746432 0.0 4.0 
175 7196513.0 95.25253800958882 83.85456925436552 143.62149707031244 0 233 2.8329 0.0 8.181805246746432 0.0 4.0 
176 7196546.3 95.25253800958882 83.82257884173407 143.62149707031244 0 233 2.8329 0.0 8.181805246746432 0.0 4.0 
177 7196579.7 95.25253800958882 83.82257884173407 143.62149707031244 0 233 2.8329 0.0 8.181805246746432 0.0 4.0 
178 7196613.0 95.25253800958882 83.82257884173407 143.62149707031244 0 233 2.8329 0.0 8.181805246746432 0.0 4.0 
179 7196646.4 95.25253800958882 83.82257884173407 143.62149707031244 0 233 2.8329 0.0 8.181805246746432 0.0 4.0 
180 7196679.7 95.25253800958882 83.82257884173407 143.62149707031244 0 233 2.8329 0.0 8.181805246746432 0.0 4.0 
181 7196713.0 95.24435682448689 83.82257884173407 143.62149707031244 0 233 2.8329 0.0 8.181805246746432 0.0 4.0 
182 7196746.4 95.24435682448689 83.80485930620902 143.62149707031244 0 233 2.8329 0.0 8.181805246746432 0.0 4.0 
183 7196779.7 95.24435682448689 83.80485930620902 143.62149707031244 0 233 2.8329 0.0 8.181805246746432 0.0 4.0 
184 7196813.0 95.24435682448689 83.80485930620902 143.62149707031244 0 233 2.8329 0.0 8.181805246746432 0.0 4.0 
185 7196846.4 95.24435682448689 83.80485930620902 143.62149707031244 0 233 2.8329 0.0 8.181805246746432 0.0 4.0 
186 7196879.7 95.24435682448689 83.80485930620902 143.62149707031244 0 233 2.8329 0.0 8.181805246746432 0.0 4.0 
187 7196913.0 95.23736802313834 83.80485930620902 143.62149707031244 0 233 2.8329 0.0 8.181805246746432 0.0 4.0 
188 7196946.4 95.23736802313834 83.7921749009458 143.62149707031244 0 233 2.8329 0.0 8.181805246746432 0.0 4.0 
189 7196979.7 95.23736802313834 83.7921749009458 143.62149707031244 0 233 2.8329 0.0 8.181805246746432 0.0 4.0 
190 7197013.1 95.23736802313834 83.7921749009458 143.62149707031244 0 233 2.8329 0.0 8.181805246746432 0.0 4.0 
191 7197046.4 95.23994334802566 83.79018907937004 143.62149707031244 0 233 2.8329 0.0 8.181805246746432 0.0 4.0 
192 7197079.7 95.23994334802566 83.79018907937004 143.62149707031244 0 233 2.8329 0.0 8.181805246746432 0.0 4.0 
193 7197113.1 95.23994334802566 83.79018907937004 143.62149707031244 0 233 2.8329 0.0 8.181805246746432 0.0 4.0 
194 7197146.4 95.23994334802566 83.79018907937004 143.62149707031244 0 233 2.8329 0.0 8.181805246746432 0.0 4.0 
195 7197179.7 95.24942475796871 83.79018907937004 143.62149707031244 0 233 2.8329 0.0 8.181805246746432 0.0 4.0 
196 7197213.1 95.24942475796871 83.7936592535432 143.62149707031244 0 233 2.8329 0.0 8.181805246746432 0.0 4.0 
197 7197246.4 95.24942475796871 83.7936592535432 143.62149707031244 0 233 2.8329 0.0 8.181805246746432 0.0 4.0 
198 7197279.7 95.24942475796871 83.7936592535432 143.62149707031244 0 233 2.8329 0.0 8.181805246746432 0.0 4.0 
199 7197313.1 95.25490351240273 83.7936592535432 143.62149707031244 0 233 2.8329 0.0 8.181805246746432 0.0 4.0 
200 7197346.4 95.25490351240273 83.80123929156368 143.62149707031244 0 233 2.8329 0.0 8.181805246746432 0.0 4.0 
201 7197379.7 95.25490351240273 83.80123929156368 143.62149707031244 0 233 2.8329 0.0 8.181805246746432 0.0 4.0 
202 7197413.1 95.25490351240273 83.80123929156368 143.62149707031244 0 233 2.8329 0.0 8.181805246746432 0.0 4.0 
203 7197446.4 95.262413464808 83.80727256144259 143.62149707031244 0 233 2.8329 0.0 8.181805246746432 0.0 4.0 
204 7197479.8 95.262413464808 83.80727256144259 143.62149707031244 0 233 2.8329 0.0 8.181805246746432 0.0 4.0 
205 7197513.1 95.262413464808 83.80727256144259 143.62149707031244 0 233 2.8329 0.0 8.181805246746432 0.0 4.0 
206 7197546.4 95.262413464808 83.80727256144259 143.62149707031244 0 233 2.8329 0.0 8.181805246746432 0.0 4.0 
207 7197579.8 95.26482480793089 83.80727256144259 143.62149707031244 0 233 2.8329 0.0 8.181805246746432 0.0 4.0 
208 7197613.1 95.26482480793089 83.80553582269364 143.62149707031244 0 233 2.8329 0.0 8.181805246746432 0.0 4.0 
209 7197646.4 95.26482480793089 83.80553582269364 143.62149707031244 0 233 2.8329 0.0 8.181805246746432 0.0 4.0 
210 7197679.8 95.26482480793089 83.80553582269364 143.62149707031244 0 233 2.8329 0.0 8.181805246746432 0.0 4.0 
211 7197713.1 95.26727894730959 83.80553582269364 143.62149707031244 0 233 2.8329 0.0 8.181805246746432 0.0 4.0 
212 7197746.4 95.26727894730959 83.80553582269364 143.62149707031244 0 233 2.8329 0.0 8.181805246746432 0.0 4.0 
213 7197779.8 95.26727894730959 83.80553582269364 143.62149707031244 0 233 2.8329 0.0 8.181805246746432 0.0 4.0 
214 7197813.1 95.26727894730959 83.80553582269364 143.62149707031244 0 233 2.8329 0.0 8.181805246746432 0.0 4.0 
215 7197846.5 95.26727894730959 83.80553582269364 143.62149707031244 0 233 2.8329 0.0 8.181805246746432 0.0 4.0 
216 7197879.8 95.26727894730959 83.80553582269364 143.62149707031244 0 233 2.8329 0.0 8.181805246746432 0.0 4.0 
217 7197913.1 95.2697864289515 83.80553582269364 143.62149707031244 0 233 2.8329 0.0 8.181805246746432 0.0 4.0 
218 7197946.5 95.2697864289515 83.80714246007228 143.62149707031244 0 233 2.8329 0.0 8.181805246746432 0.0 4.0 
219 7197979.8 95.2697864289515 83.80714246007228 143.62149707031244 0 233 2.8329 0.0 8.181805246746432 0.0 4.0 
220 7198013.1 95.2697864289515 83.80714246007228 143.62149707031244 0 233 2.8329 0.0 8.181805246746432 0.0 4.0 
221 7198046.5 95.27436460092026 83.80714246007228 143.62149707031244 0 233 2.8329 0.0 8.181805246746432 0.0 4.0 
222 7198079.8 95.27436460092026 83.81501430340144 143.62149707031244 0 233 2.8329 0.0 8.181805246746432 0.0 4.0 
223 7198113.1 95.27436460092026 83.81501430340144 143.62149707031244 0 233 2.8329 0.0 8.181805246746432 0.0 4.0 
224 7198146.5 95.27436460092026 83.81501430340144 143.62149707031244 0 233 2.8329 0.0 8.181805246746432 0.0 4.0 
225 7198179.8 95.27910739490385 83.82375698963658 143.62149707031244 0 233 2.8329 0.0 8.181805246746432 0.0 4.0 
226 7198213.1 95.27910739490385 83.82375698963658 143.62149707031244 0 233 2.8329 0.0 8.181805246746432 0.0 4.0 
227 7198246.5 95.27910739490385 83.82375698963658 143.62149707031244 0 233 2.8329 0.0 8.181805246746432 0.0 4.0 
228 7198279.8 95.27910739490385 83.82375698963658 143.62149707031244 0 233 2.8329 0.0 8.181805246746432 0.0 4.0 
229 7198313.2 95.28352444502752 83.8321321660218 143.62149707031244 0 233 2.8329 0.0 8.181805246746432 0.0 4.0 
230 7198346.5 95.28352444502752 83.8321321660218 143.62149707031244 0 233 2.8329 0.0 8.181805246746432 0.0 4.0 
231 7198379.8 95.28352444502752 83.8321321660218 143.62149707031244 0 233 2.8329 0.0 8.181805246746432 0.0 4.0 
232 7198413.2 95.28352444502752 83.8321321660218 143.62149707031244 0 233 2.8329 0.0 8.181805246746432 0.0 4.0 
233 7198446.5 95.28643968344731 83.8321321660218 143.62149707031244 0 233 2.8329 0.0 8.181805246746432 0.0 4.0 
234 7198479.8 95.28643968344731 83.84874856069277 143.62149707031244 0 233 2.8329 0.0 8.181805246746432 0.0 4.0 
235 7198513.2 95.28643968344731 83.84874856069277 143.62149707031244 0 233 2.8329 0.0 8.181805246746432 0.0 4.0 
236 7198546.5 95.28643968344731 83.84874856069277 143.62149707031244 0 233 2.8329 0.0 8.181805246746432 0.0 4.0 
237 7198579.8 95.28757153197687 83.8608442084173 143.62149707031244 0 233 2.8329 0.0 8.181805246746432 0.0 4.0 
238 7198613.2 95.28757153197687 83.8608442084173 143.62149707031244 0 233 2.8329 0.0 8.181805246746432 0.0 4.0 
239 7198646.5 95.28757153197687 83.8608442084173 143.62149707031244 0 233 2.8329 0.0 8.181805246746432 0.0 4.0 
240 7198679.9 95.28757153197687 83.8608442084173 143.62149707031244 0 233 2.8329 0.0 8.181805246746432 0.0 4.0 
241 7198713.2 95.29039420526165 83.8608442084173 143.62149707031244 0 233 2.8329 0.0 8.181805246746432 0.0 4.0 
242 7198746.5 95.29039420526165 83.87364993907374 143.62149707031244 0 233 2.8329 0.0 8.181805246746432 0.0 4.0 
243 7198779.9 95.29039420526165 83.87364993907374 143.62149707031244 0 233 2.8329 0.0 8.181805246746432 0.0 4.0 
244 7198813.2 95.29039420526165 83.87364993907374 143.62149707031244 0 233 2.8329 0.0 8.181805246746432 0.0 4.0 
245 7198846.5 95.29541197556426 83.87364993907374 143.62149707031244 0 233 2.8329 0.0 8.181805246746432 0.0 4.0 
246 7198879.9 95.29541197556426 83.8860905758679 143.62149707031244 0 233 2.8329 0.0 8.181805246746432 0.0 4.0 
247 7198913.2 95.29541197556426 83.8860905758679 143.62149707031244 0 233 2.8329 0.0 8.181805246746432 0.0 4.0 
248 7198946.5 95.29541197556426 83.8860905758679 143.62149707031244 0 233 2.8329 0.0 8.181805246746432 0.0 4.0 
249 7198979.9 95.30009687763837 83.89105069940305 143.62149707031244 0 233 2.8329 0.0 8.181805246746432 0.0 4.0 
250 7199013.2 95.30009687763837 83.89105069940305 143.62149707031244 0 233 2.8329 0.0 8.181805246746432 0.0 4.0 
251 7199046.5 95.30009687763837 83.89105069940305 143.62149707031244 0 233 2.8329 0.0 8.181805246746432 0.0 4.0 
252 7199079.9 95.30009687763837 83.89105069940305 143.62149707031244 0 233 2.8329 0.0 8.181805246746432 0.0 4.0 
253 7199113.2 95.30236639935225 83.89105069940305 143.62149707031244 0 233 2.8329 0.0 8.181805246746432 0.0 4.0 
254 7199146.6 95.30236639935225 83.89105069940305 143.62149707031244 0 233 2.8329 0.0 8.181805246746432 0.0 4.0 
255 7199179.9 95.30236639935225 83.89105069940305 143.62149707031244 0 233 2.8329 0.0 8.181805246746432 0.0 4.0 
256 7199213.2 95.30236639935225 83.89105069940305 143.62149707031244 0 233 2.8329 0.0 8.181805246746432 0.0 4.0 
257 7199246.6 95.29981339253597 83.89105069940305 143.62149707031244 0 233 2.8329 0.0 8.181805246746432 0.0 4.0 
258 7199279.9 95.29981339253597 83.88994429383607 143.62149707031244 0 233 2.8329 0.0 8.181805246746432 0.0 4.0 
259 7199313.2 95.29981339253597 83.88994429383607 143.62149707031244 0 233 2.8329 0.0 8.181805246746432 0.0 4.0 
260 7199346.6 95.29981339253597 83.88994429383607 143.62149707031244 0 233 2.8329 0.0 8.181805246746432 0.0 4.0 
261 7199379.9 95.29359292133537 83.89640405132518 143.62149707031244 0 233 2.8329 0.0 8.181805246746432 0.0 4.0 
262 7199413.2 95.29359292133537 83.89640405132518 143.62149707031244 0 233 2.8329 0.0 8.181805246746432 0.0 4.0 
263 7199446.6 95.29359292133537 83.89640405132518 143.62149707031244 0 233 2.8329 0.0 8.181805246746432 0.0 4.0 
264 7199479.9 95.29359292133537 83.89640405132518 143.62149707031244 0 233 2.8329 0.0 8.181805246746432 0.0 4.0 
265 7199513.3 95.29045030107334 83.90925435337195 143.62149707031244 0 233 2.8329 0.0 8.181805246746432 0.0 4.0 
266 7199546.6 95.29045030107334 83.90925435337195 143.62149707031244 0 233 2.8329 0.0 8.181805246746432 0.0 4.0 
267 7199579.9 95.29045030107334 83.90925435337195 143.62149707031244 0 233 2.8329 0.0 8.181805246746432 0.0 4.0 
268 7199613.3 95.29045030107334 83.90925435337195 143.62149707031244 0 233 2.8329 0.0 8.181805246746432 0.0 4.0 
269 7199646.6 95.28792779633764 83.90925435337195 143.62149707031244 0 233 2.8329 0.0 8.181805246746432 0.0 4.0 
270 7199679.9 95.28792779633764 83.91907367593177 143.62149707031244 0 233 2.8329 0.0 8.181805246746432 0.0 4.0 
271 7199713.3 95.28792779633764 83.91907367593177 143.62149707031244 0 233 2.8329 0.0 8.181805246746432 0.0 4.0 
272 7199746.6 95.28792779633764 83.91907367593177 143.62149707031244 0 233 2.8329 0.0 8.181805246746432 0.0 4.0 
273 7199779.9 95.28551880705928 83.92894847030395 143.62149707031244 0 233 2.8329 0.0 8.181805246746432 0.0 4.0 
274 7199813.3 95.28551880705928 83.92894847030395 143.62149707031244 0 233 2.8329 0.0 8.181805246746432 0.0 4.0 
275 7199846.6 95.28551880705928 83.92894847030395 143.62149707031244 0 233 2.8329 0.0 8.181805246746432 0.0 4.0 
276 7199879.9 95.28551880705928 83.92894847030395 143.62149707031244 0 233 2.8329 0.0 8.181805246746432 0.0 4.0 
277 7199913.3 95.28668267216034 83.93483514006394 143.62149707031244 0 233 2.8329 0.0 8.181805246746432 0.0 4.0 
278 7199946.6 95.28668267216034 83.93483514006394 143.62149707031244 0 233 2.8329 0.0 8.181805246746432 0.0 4.0 
279 7199980.0 95.28668267216034 83.93483514006394 143.62149707031244 0 233 2.8329 0.0 8.181805246746432 0.0 4.0 
280 7200013.3 95.28668267216034 83.93483514006394 143.62149707031244 0 233 2.8329 0.0 8.181805246746432 0.0 4.0 
281 7200046.6 95.28829073151401 83.93483514006394 143.62149707031244 0 233 2.8329 0.0 8.181805246746432 0.0 4.0 
282 7200080.0 95.28829073151401 83.9404687789392 143.62149707031244 0 233 2.8329 0.0 8.181805246746432 0.0 4.0 
283 7200113.3 95.28829073151401 83.9404687789392 143.62149707031244 0 233 2.8329 0.0 8.181805246746432 0.0 4.0 
284 7200146.6 95.28829073151401 83.9404687789392 143.62149707031244 0 233 2.8329 0.0 8.181805246746432 0.0 4.0 
285 7200180.0 95.28829073151401 83.94622551107331 143.62149707031244 0 233 2.8329 0.0 8.181805246746432 0.0 4.0 
286 7200213.3 95.28829073151401 83.94622551107331 143.62149707031244 0 233 2.8329 0.0 8.181805246746432 0.0 4.0 
287 7200246.6 95.28829073151401 83.94622551107331 143.62149707031244 0 233 2.8329 0.0 8.181805246746432 0.0 4.0 
288 7200280.0 95.28829073151401 83.94622551107331 143.62149707031244 0 233 2.8329 0.0 8.181805246746432 0.0 4.0 
289 7200313.3 95.28829073151401 83.95465762256795 143.62149707031244 0 233 2.8329 0.0 8.181805246746432 0.0 4.0 
290 7200346.7 95.28829073151401 83.95465762256795 143.62149707031244 0 233 2.8329 0.0 8.181805246746432 0.0 4.0 
291 7200380.0 95.28829073151401 83.95465762256795 143.62149707031244 0 233 2.8329 0.0 8.181805246746432 0.0 4.0 
292 7200413.3 95.28829073151401 83.95465762256795 143.62149707031244 0 233 2.8329 0.0 8.181805246746432 0.0 4.0 
293 7200446.7 95.28622177464676 83.95465762256795 143.62149707031244 0 233 2.8329 0.0 8.181805246746432 0.0 4.0 
294 7200480.0 95.28622177464676 83.96296768888058 143.62149707031244 0 233 2.8329 0.0 8.181805246746432 0.0 4.0 
295 7200513.3 95.28622177464676 83.96296768888058 143.62149707031244 0 233 2.8329 0.0 8.181805246746432 0.0 4.0 
296 7200546.7 95.28622177464676 83.96296768888058 143.62149707031244 0 233 2.8329 0.0 8.181805246746432 0.0 4.0 
297 7200580.0 95.28393599734092 83.96599840180593 143.62149707031244 0 233 2.8329 0.0 8.181805246746432 0.0 4.0 
298 7200613.3 95.28393599734092 83.96599840180593 143.62149707031244 0 233 2.8329 0.0 8.181805246746432 0.0 4.0 
299 7200646.7 95.28393599734092 83.96599840180593 143.62149707031244 0 233 2.8329 0.0 8.181805246746432 0.0 4.0 
300 7200680.0 95.28393599734092 83.96599840180593 143.62149707031244 0 233 2.8329 0.0 8.181805246746432 0.0 4.0 
301 7200713.3 95.28193120751757 83.96599840180593 143.62149707031244 0 233 2.8329 0.0 8.181805246746432 0.0 4.0 
302 7200746.7 95.28193120751757 83.9744244996007 143.62149707031244 0 233 2.8329 0.0 8.181805246746432 0.0 4.0 
303 7200780.0 95.28193120751757 83.9744244996007 143.62149707031244 0 233 2.8329 0.0 8.181805246746432 0.0 4.0 
304 7200813.4 95.28193120751757 83.9744244996007 143.62149707031244 0 233 2.8329 0.0 8.181805246746432 0.0 4.0 
305 7200846.7 95.27962115792917 83.9744244996007 143.62149707031244 0 233 2.8329 0.0 8.181805246746432 0.0 4.0 
306 7200880.0 95.27962115792917 83.98042479167702 143.62149707031244 0 233 2.8329 0.0 8.181805246746432 0.0 4.0 
307 7200913.4 95.27962115792917 83.98042479167702 143.62149707031244 0 233 2.8329 0.0 8.181805246746432 0.0 4.0 
308 7200946.7 95.27962115792917 83.98042479167702 143.62149707031244 0 233 2.8329 0.0 8.181805246746432 0.0 4.0 
309 7200980.0 95.27962115792917 83.98795411910069 143.62149707031244 0 233 2.8329 0.0 8.181805246746432 0.0 4.0 
310 7201013.4 95.27962115792917 83.98795411910069 143.62149707031244 0 233 2.8329 0.0 8.181805246746432 0.0 4.0 
311 7201046.7 95.27962115792917 83.98795411910069 143.62149707031244 0 233 2.8329 0.0 8.181805246746432 0.0 4.0 
312 7201080.0 95.27962115792917 83.98795411910069 143.62149707031244 0 233 2.8329 0.0 8.181805246746432 0.0 4.0 
313 7201113.4 95.27962115792917 83.99018659373333 143.62149707031244 0 233 2.8329 0.0 8.181805246746432 0.0 4.0 
314 7201146.7 95.27962115792917 83.99018659373333 143.62149707031244 0 233 2.8329 0.0 8.181805246746432 0.0 4.0 
315 7201180.1 95.27962115792917 83.99018659373333 143.62149707031244 0 233 2.8329 0.0 8.181805246746432 0.0 4.0 
316 7201213.4 95.27962115792917 83.99018659373333 143.62149707031244 0 233 2.8329 0.0 8.181805246746432 0.0 4.0 
317 7201246.7 95.27962115792917 83.99163560273537 143.62149707031244 0 233 2.8329 0.0 8.181805246746432 0.0 4.0 
318 7201280.1 95.27962115792917 83.99163560273537 143.62149707031244 0 233 2.8329 0.0 8.181805246746432 0.0 4.0 
319 7201313.4 95.27962115792917 83.99163560273537 143.62149707031244 0 233 2.8329 0.0 8.181805246746432 0.0 4.0 
320 7201346.7 95.27962115792917 83.99163560273537 143.62149707031244 0 233 2.8329 0.0 8.181805246746432 0.0 4.0 
321 7201380.1 95.27438377970769 84.00547475092748 143.62149707031244 0 233 2.8329 0.0 8.181805246746432 0.0 4.0 
322 7201413.4 95.27438377970769 84.00547475092748 143.62149707031244 0 233 2.8329 0.0 8.181805246746432 0.0 4.0 
323 7201446.7 95.27438377970769 84.00547475092748 143.62149707031244 0 233 2.8329 0.0 8.181805246746432 0.0 4.0 
324 7201480.1 95.27438377970769 84.00547475092748 143.62149707031244 0 233 2.8329 0.0 8.181805246746432 0.0 4.0 
325 7201513.4 95.27210899423574 84.01474120380395 143.62149707031244 0 233 2.8329 0.0 8.181805246746432 0.0 4.0 
326 7201546.7 95.27210899423574 84.01474120380395 143.62149707031244 0 233 2.8329 0.0 8.181805246746432 0.0 4.0 
327 7201580.1 95.27210899423574 84.01474120380395 143.62149707031244 0 233 2.8329 0.0 8.181805246746432 0.0 4.0 
328 7201613.4 95.27210899423574 84.01474120380395 143.62149707031244 0 233 2.8329 0.0 8.181805246746432 0.0 4.0 
329 7201646.8 95.27210899423574 84.0226262749086 143.62149707031244 0 233 2.8329 0.0 8.181805246746432 0.0 4.0 
330 7201680.1 95.27210899423574 84.0226262749086 143.62149707031244 0 233 2.8329 0.0 8.181805246746432 0.0 4.0 
331 7201713.4 95.27210899423574 84.0226262749086 143.62149707031244 0 233 2.8329 0.0 8.181805246746432 0.0 4.0 
332 7201746.8 95.27210899423574 84.0226262749086 143.62149707031244 0 233 2.8329 0.0 8.181805246746432 0.0 4.0 
333 7201780.1 95.2740616350074 84.03384689862753 143.62149707031244 0 233 2.8329 0.0 8.181805246746432 0.0 4.0 
334 7201813.4 95.2740616350074 84.03384689862753 143.62149707031244 0 233 2.8329 0.0 8.181805246746432 0.0 4.0 
335 7201846.8 95.2740616350074 84.03384689862753 143.62149707031244 0 233 2.8329 0.0 8.181805246746432 0.0 4.0 
336 7201880.1 95.2740616350074 84.03384689862753 143.62149707031244 0 233 2.8329 0.0 8.181805246746432 0.0 4.0 
337 7201913.4 95.27903349806681 84.04125130986696 143.62149707031244 0 233 2.8329 0.0 8.181805246746432 0.0 4.0 
338 7201946.8 95.27903349806681 84.04125130986696 143.62149707031244 0 233 2.8329 0.0 8.181805246746432 0.0 4.0 
339 7201980.1 95.27903349806681 84.04125130986696 143.62149707031244 0 233 2.8329 0.0 8.181805246746432 0.0 4.0 
340 7202013.5 95.27903349806681 84.04125130986696 143.62149707031244 0 233 2.8329 0.0 8.181805246746432 0.0 4.0 
341 7202046.8 95.28644759815846 84.04125130986696 143.62149707031244 0 233 2.8329 0.0 8.181805246746432 0.0 4.0 
342 7202080.1 95.28644759815846 84.05248119058817 143.62149707031244 0 233 2.8329 0.0 8.181805246746432 0.0 4.0 
343 7202113.5 95.28644759815846 84.05248119058817 143.62149707031244 0 233 2.8329 0.0 8.181805246746432 0.0 4.0 
344 7202146.8 95.28644759815846 84.05248119058817 143.62149707031244 0 233 2.8329 0.0 8.181805246746432 0.0 4.0 
345 7202180.1 95.28644759815846 84.05951626607923 143.62149707031244 0 233 2.8329 0.0 8.181805246746432 0.0 4.0 
346 7202213.5 95.28644759815846 84.05951626607923 143.62149707031244 0 233 2.8329 0.0 8.181805246746432 0.0 4.0 
347 7202246.8 95.28644759815846 84.05951626607923 143.62149707031244 0 233 2.8329 0.0 8.181805246746432 0.0 4.0 
348 7202280.1 95.28644759815846 84.05951626607923 143.62149707031244 0 233 2.8329 0.0 8.181805246746432 0.0 4.0 
349 7202313.5 95.28523560648415 84.06486321929455 143.62149707031244 0 233 2.8329 0.0 8.181805246746432 0.0 4.0 
350 7202346.8 95.28523560648415 84.06486321929455 143.62149707031244 0 233 2.8329 0.0 8.181805246746432 0.0 4.0 
351 7202380.1 95.28523560648415 84.06486321929455 143.62149707031244 0 233 2.8329 0.0 8.181805246746432 0.0 4.0 
352 7202413.5 95.28523560648415 84.06486321929455 143.62149707031244 0 233 2.8329 0.0 8.181805246746432 0.0 4.0 
353 7202446.8 95.28849390507578 84.06486321929455 143.62149707031244 0 233 2.8329 0.0 8.181805246746432 0.0 4.0 
354 7202480.2 95.28849390507578 84.07480737619603 143.62149707031244 0 233 2.8329 0.0 8.181805246746432 0.0 4.0 
355 7202513.5 95.28849390507578 84.07480737619603 143.62149707031244 0 233 2.8329 0.0 8.181805246746432 0.0 4.0 
356 7202546.8 95.28849390507578 84.07480737619603 143.62149707031244 0 233 2.8329 0.0 8.181805246746432 0.0 4.0 
357 7202580.2 95.29513141792555 84.08229182221538 143.62149707031244 0 233 2.8329 0.0 8.181805246746432 0.0 4.0 
358 7202613.5 95.29513141792555 84.08229182221538 143.62149707031244 0 233 2.8329 0.0 8.181805246746432 0.0 4.0 
359 7202646.8 95.29513141792555 84.08229182221538 143.62149707031244 0 233 2.8329 0.0 8.181805246746432 0.0 4.0 
360 7202680.2 95.29513141792555 84.08229182221538 143.62149707031244 0 233 2.8329 0.0 8.181805246746432 0.0 4.0 
361 7202713.5 95.29660052584468 84.08527596685491 143.62149707031244 0 233 2.8329 0.0 8.181805246746432 0.0 4.0 
362 7202746.8 95.29660052584468 84.08527596685491 143.62149707031244 0 233 2.8329 0.0 8.181805246746432 0.0 4.0 
363 7202780.2 95.29660052584468 84.08527596685491 143.62149707031244 0 233 2.8329 0.0 8.181805246746432 0.0 4.0 
364 7202813.5 95.29660052584468 84.08527596685491 143.62149707031244 0 233 2.8329 0.0 8.181805246746432 0.0 4.0 
365 7202846.9 95.29660052584468 84.08814500217882 143.62149707031244 0 233 2.8329 0.0 8.181805246746432 0.0 4.0 
366 7202880.2 95.29660052584468 84.08814500217882 143.62149707031244 0 233 2.8329 0.0 8.181805246746432 0.0 4.0 
367 7202913.5 95.29660052584468 84.08814500217882 143.62149707031244 0 233 2.8329 0.0 8.181805246746432 0.0 4.0 
368 7202946.9 95.29660052584468 84.08814500217882 143.62149707031244 0 233 2.8329 0.0 8.181805246746432 0.0 4.0 
369 7202980.2 95.29660052584468 84.09234688475077 143.62149707031244 0 233 2.8329 0.0 8.181805246746432 0.0 4.0 
370 7203013.5 95.29660052584468 84.09234688475077 143.62149707031244 0 233 2.8329 0.0 8.181805246746432 0.0 4.0 
371 7203046.9 95.29660052584468 84.09234688475077 143.62149707031244 0 233 2.8329 0.0 8.181805246746432 0.0 4.0 
372 7203080.2 95.29660052584468 84.09234688475077 143.62149707031244 0 233 2.8329 0.0 8.181805246746432 0.0 4.0 
373 7203113.5 95.29956606275319 84.09768204147925 143.62149707031244 0 233 2.8329 0.0 8.181805246746432 0.0 4.0 
374 7203146.9 95.29956606275319 84.09768204147925 143.62149707031244 0 233 2.8329 0.0 8.181805246746432 0.0 4.0 
375 7203180.2 95.29956606275319 84.09768204147925 143.62149707031244 0 233 2.8329 0.0 8.181805246746432 0.0 4.0 
376 7203213.5 95.29956606275319 84.09768204147925 143.62149707031244 0 233 2.8329 0.0 8.181805246746432 0.0 4.0 
377 7203246.9 95.29956606275319 84.10070362185951 143.62149707031244 0 233 2.8329 0.0 8.181805246746432 0.0 4.0 
378 7203280.2 95.29956606275319 84.10070362185951 143.62149707031244 0 233 2.8329 0.0 8.181805246746432 0.0 4.0 
379 7203313.6 95.29956606275319 84.10070362185951 143.62149707031244 0 233 2.8329 0.0 8.181805246746432 0.0 4.0 
380 7203346.9 95.29956606275319 84.10070362185951 143.62149707031244 0 233 2.8329 0.0 8.181805246746432 0.0 4.0 
381 7203380.2 95.29723128395776 84.09838334120093 143.62149707031244 0 233 2.8329 0.0 8.181805246746432 0.0 4.0 
382 7203413.6 95.29723128395776 84.09838334120093 143.62149707031244 0 233 2.8329 0.0 8.181805246746432 0.0 4.0 
383 7203446.9 95.29723128395776 84.09838334120093 143.62149707031244 0 233 2.8329 0.0 8.181805246746432 0.0 4.0 
384 7203480.2 95.29723128395776 84.09838334120093 143.62149707031244 0 233 2.8329 0.0 8.181805246746432 0.0 4.0 
385 7203513.6 95.28958118918177 84.09838334120093 143.62149707031244 0 233 2.8329 0.0 8.181805246746432 0.0 4.0 
386 7203546.9 95.28958118918177 84.06949004080519 143.62149707031244 0 233 2.8329 0.0 8.181805246746432 0.0 4.0 
387 7203580.2 95.28958118918177 84.06949004080519 143.62149707031244 0 233 2.8329 0.0 8.181805246746432 0.0 4.0 
388 7203613.6 95.28958118918177 84.06949004080519 143.62149707031244 0 233 2.8329 0.0 8.181805246746432 0.0 4.0 
389 7203646.9 95.28958118918177 84.06949004080519 143.62149707031244 0 233 2.8329 0.0 8.181805246746432 0.0 4.0 
390 7203680.3 95.28958118918177 84.06949004080519 143.62149707031244 0 233 2.8329 0.0 8.181805246746432 0.0 4.0 
391 7203713.6 95.28626812208921 84.0247467869317 143.62149707031244 0 233 2.8329 0.0 8.181805246746432 0.0 4.0 
392 7203746.9 95.28626812208921 84.0247467869317 143.62149707031244 0 233 2.8329 0.0 8.181805246746432 0.0 4.0 
393 7203780.3 95.28626812208921 84.0247467869317 143.62149707031244 0 233 2.8329 0.0 8.181805246746432 0.0 4.0 
394 7203813.6 95.28626812208921 84.0247467869317 143.62149707031244 0 233 2.8329 0.0 8.181805246746432 0.0 4.0 
395 7203846.9 95.28626812208921 84.0247467869317 143.62149707031244 0 233 2.8329 0.0 8.181805246746432 0.0 4.0 
396 7203880.3 95.28626812208921 84.0247467869317 143.62149707031244 0 233 2.8329 0.0 8.181805246746432 0.0 4.0 
397 7203913.6 95.2917645679614 83.97057151327752 143.62149707031244 0 233 2.8329 0.0 8.181805246746432 0.0 4.0 
398 7203946.9 95.2917645679614 83.97057151327752 143.62149707031244 0 233 2.8329 0.0 8.181805246746432 0.0 4.0 
399 7203980.3 95.2917645679614 83.97057151327752 143.62149707031244 0 233 2.8329 0.0 8.181805246746432 0.0 4.0 
400 7204013.6 95.2917645679614 83.97057151327752 143.62149707031244 0 233 2.8329 0.0 8.181805246746432 0.0 4.0 
401 7204046.9 95.2917645679614 83.97057151327752 143.62149707031244 0 233 2.8329 0.0 8.181805246746432 0.0 4.0 
402 7204080.3 95.2917645679614 83.97057151327752 143.62149707031244 0 233 2.8329 0.0 8.181805246746432 0.0 4.0 
403 7204113.6 95.30490156203753 83.97057151327752 143.62149707031244 0 233 2.8329 0.0 8.181805246746432 0.0 4.0 
404 7204147.0 95.30490156203753 83.92029569321392 143.62149707031244 0 233 2.8329 0.0 8.181805246746432 0.0 4.0 
405 7204180.3 95.30490156203753 83.92029569321392 143.62149707031244 0 233 2.8329 0.0 8.181805246746432 0.0 4.0 
406 7204213.6 95.30490156203753 83.92029569321392 143.62149707031244 0 233 2.8329 0.0 8.181805246746432 0.0 4.0 
407 7204247.0 95.30490156203753 83.92029569321392 143.62149707031244 0 233 2.8329 0.0 8.181805246746432 0.0 4.0 
408 7204280.3 95.30490156203753 83.92029569321392 143.62149707031244 0 233 2.8329 0.0 8.181805246746432 0.0 4.0 
409 7204313.6 95.30633715794725 83.88102087116869 143.62149707031244 0 233 2.8329 0.0 8.181805246746432 0.0 4.0 
410 7204347.0 95.30633715794725 83.88102087116869 143.62149707031244 0 233 2.8329 0.0 8.181805246746432 0.0 4.0 
411 7204380.3 95.30633715794725 83.88102087116869 143.62149707031244 0 233 2.8329 0.0 8.181805246746432 0.0 4.0 
412 7204413.6 95.30633715794725 83.88102087116869 143.62149707031244 0 233 2.8329 0.0 8.181805246746432 0.0 4.0 
413 7204447.0 95.30633715794725 83.88102087116869 143.62149707031244 0 233 2.8329 0.0 8.181805246746432 0.0 4.0 
414 7204480.3 95.30633715794725 83.88102087116869 143.62149707031244 0 233 2.8329 0.0 8.181805246746432 0.0 4.0 
415 7204513.7 95.29535123091512 83.88102087116869 143.62149707031244 0 233 2.8329 0.0 8.181805246746432 0.0 4.0 
416 7204547.0 95.29535123091512 83.83847289988198 143.62149707031244 0 233 2.8329 0.0 8.181805246746432 0.0 4.0 
417 7204580.3 95.29535123091512 83.83847289988198 143.62149707031244 0 233 2.8329 0.0 8.181805246746432 0.0 4.0 
418 7204613.7 95.29535123091512 83.83847289988198 143.62149707031244 0 233 2.8329 0.0 8.181805246746432 0.0 4.0 
419 7204647.0 95.29535123091512 83.83847289988198 143.62149707031244 0 233 2.8329 0.0 8.181805246746432 0.0 4.0 
420 7204680.3 95.29535123091512 83.83847289988198 143.62149707031244 0 233 2.8329 0.0 8.181805246746432 0.0 4.0 
421 7204713.7 95.27086045368605 83.80496478552496 143.62149707031244 0 233 2.8329 0.0 8.181805246746432 0.0 4.0 
422 7204747.0 95.27086045368605 83.80496478552496 143.62149707031244 0 233 2.8329 0.0 8.181805246746432 0.0 4.0 
423 7204780.3 95.27086045368605 83.80496478552496 143.62149707031244 0 233 2.8329 0.0 8.181805246746432 0.0 4.0 
424 7204813.7 95.27086045368605 83.80496478552496 143.62149707031244 0 233 2.8329 0.0 8.181805246746432 0.0 4.0 
425 7204847.0 95.27086045368605 83.80496478552496 143.62149707031244 0 233 2.8329 0.0 8.181805246746432 0.0 4.0 
426 7204880.3 95.27086045368605 83.80496478552496 143.62149707031244 0 233 2.8329 0.0 8.181805246746432 0.0 4.0 
427 7204913.7 95.24436147011336 83.80496478552496 143.62149707031244 0 233 2.8329 0.0 8.181805246746432 0.0 4.0 
428 7204947.0 95.24436147011336 83.78009907841054 143.62149707031244 0 233 2.8329 0.0 8.181805246746432 0.0 4.0 
429 7204980.4 95.24436147011336 83.78009907841054 143.62149707031244 0 233 2.8329 0.0 8.181805246746432 0.0 4.0 
430 7205013.7 95.24436147011336 83.78009907841054 143.62149707031244 0 233 2.8329 0.0 8.181805246746432 0.0 4.0 
431 7205047.0 95.24436147011336 83.78009907841054 143.62149707031244 0 233 2.8329 0.0 8.181805246746432 0.0 4.0 
432 7205080.4 95.24436147011336 83.78009907841054 143.62149707031244 0 233 2.8329 0.0 8.181805246746432 0.0 4.0 
433 7205113.7 95.21386338533586 83.75731537597986 143.62149707031244 0 233 2.8329 0.0 8.181805246746432 0.0 4.0 
434 7205147.0 95.21386338533586 83.75731537597986 143.62149707031244 0 233 2.8329 0.0 8.181805246746432 0.0 4.0 
435 7205180.4 95.21386338533586 83.75731537597986 143.62149707031244 0 233 2.8329 0.0 8.181805246746432 0.0 4.0 
436 7205213.7 95.21386338533586 83.75731537597986 143.62149707031244 0 233 2.8329 0.0 8.181805246746432 0.0 4.0 
437 7205247.0 95.1902212479807 83.75731537597986 143.62149707031244 0 233 2.8329 0.0 8.181805246746432 0.0 4.0 
438 7205280.4 95.1902212479807 83.74597727555091 143.62149707031244 0 233 2.8329 0.0 8.181805246746432 0.0 4.0 
439 7205313.7 95.1902212479807 83.74597727555091 143.62149707031244 0 233 2.8329 0.0 8.181805246746432 0.0 4.0 
440 7205347.1 95.1902212479807 83.74597727555091 143.62149707031244 0 233 2.8329 0.0 8.181805246746432 0.0 4.0 
441 7205380.4 95.1902212479807 83.74597727555091 143.62149707031244 0 233 2.8329 0.0 8.181805246746432 0.0 4.0 
442 7205413.7 95.1902212479807 83.74597727555091 143.62149707031244 0 233 2.8329 0.0 8.181805246746432 0.0 4.0 
443 7205447.1 95.16556722450343 83.73511315581095 143.62149707031244 0 233 2.8329 0.0 8.181805246746432 0.0 4.0 
444 7205480.4 95.16556722450343 83.73511315581095 143.62149707031244 0 233 2.8329 0.0 8.181805246746432 0.0 4.0 
445 7205513.7 95.16556722450343 83.73511315581095 143.62149707031244 0 233 2.8329 0.0 8.181805246746432 0.0 4.0 
446 7205547.1 95.16556722450343 83.73511315581095 143.62149707031244 0 233 2.8329 0.0 8.181805246746432 0.0 4.0 
447 7205580.4 95.1454031312344 83.73511315581095 143.62149707031244 0 233 2.8329 0.0 8.181805246746432 0.0 4.0 
448 7205613.7 95.1454031312344 83.72731026456219 143.62149707031244 0 233 2.8329 0.0 8.181805246746432 0.0 4.0 
449 7205647.1 95.1454031312344 83.72731026456219 143.62149707031244 0 233 2.8329 0.0 8.181805246746432 0.0 4.0 
450 7205680.4 95.1454031312344 83.72731026456219 143.62149707031244 0 233 2.8329 0.0 8.181805246746432 0.0 4.0 
451 7205713.7 95.1454031312344 83.72731026456219 143.62149707031244 0 233 2.8329 0.0 8.181805246746432 0.0 4.0 
452 7205747.1 95.1454031312344 83.72731026456219 143.62149707031244 0 233 2.8329 0.0 8.181805246746432 0.0 4.0 
453 7205780.4 95.12315079126557 83.72086006105198 143.62149707031244 0 233 2.8329 0.0 8.181805246746432 0.0 4.0 
454 7205813.8 95.12315079126557 83.72086006105198 143.62149707031244 0 233 2.8329 0.0 8.181805246746432 0.0 4.0 
455 7205847.1 95.12315079126557 83.72086006105198 143.62149707031244 0 233 2.8329 0.0 8.181805246746432 0.0 4.0 
456 7205880.4 95.12315079126557 83.72086006105198 143.62149707031244 0 233 2.8329 0.0 8.181805246746432 0.0 4.0 
457 7205913.8 95.09785078731004 83.71231384049024 143.62149707031244 0 233 2.8329 0.0 8.181805246746432 0.0 4.0 
458 7205947.1 95.09785078731004 83.71231384049024 143.62149707031244 0 233 2.8329 0.0 8.181805246746432 0.0 4.0 
459 7205980.4 95.09785078731004 83.71231384049024 143.62149707031244 0 233 2.8329 0.0 8.181805246746432 0.0 4.0 
460 7206013.8 95.09785078731004 83.71231384049024 143.62149707031244 0 233 2.8329 0.0 8.181805246746432 0.0 4.0 
461 7206047.1 95.07541806206024 83.71231384049024 143.62149707031244 0 233 2.8329 0.0 8.181805246746432 0.0 4.0 
462 7206080.4 95.07541806206024 83.70662519639225 143.62149707031244 0 233 2.8329 0.0 8.181805246746432 0.0 4.0 
463 7206113.8 95.07541806206024 83.70662519639225 143.62149707031244 0 233 2.8329 0.0 8.181805246746432 0.0 4.0 
464 7206147.1 95.07541806206024 83.70662519639225 143.62149707031244 0 233 2.8329 0.0 8.181805246746432 0.0 4.0 
465 7206180.5 95.07541806206024 83.70662519639225 143.62149707031244 0 233 2.8329 0.0 8.181805246746432 0.0 4.0 
466 7206213.8 95.07541806206024 83.70662519639225 143.62149707031244 0 233 2.8329 0.0 8.181805246746432 0.0 4.0 
467 7206247.1 95.04450815278409 83.69437615859921 143.62149707031244 0 233 2.8329 0.0 8.181805246746432 0.0 4.0 
468 7206280.5 95.04450815278409 83.69437615859921 143.62149707031244 0 233 2.8329 0.0 8.181805246746432 0.0 4.0 
469 7206313.8 95.04450815278409 83.69437615859921 143.62149707031244 0 233 2.8329 0.0 8.181805246746432 0.0 4.0 
470 7206347.1 95.04450815278409 83.69437615859921 143.62149707031244 0 233 2.8329 0.0 8.181805246746432 0.0 4.0 
471 7206380.5 95.04450815278409 83.69437615859921 143.62149707031244 0 233 2.8329 0.0 8.181805246746432 0.0 4.0 
472 7206413.8 95.04450815278409 83.69437615859921 143.62149707031244 0 233 2.8329 0.0 8.181805246746432 0.0 4.0 
473 7206447.1 95.02098039328318 83.69437615859921 143.62149707031244 0 233 2.8329 0.0 8.181805246746432 0.0 4.0 
474 7206480.5 95.02098039328318 83.67711871988273 143.62149707031244 0 233 2.8329 0.0 8.181805246746432 0.0 4.0 
475 7206513.8 95.02098039328318 83.67711871988273 143.62149707031244 0 233 2.8329 0.0 8.181805246746432 0.0 4.0 
476 7206547.1 95.02098039328318 83.67711871988273 143.62149707031244 0 233 2.8329 0.0 8.181805246746432 0.0 4.0 
477 7206580.5 95.02098039328318 83.67711871988273 143.62149707031244 0 233 2.8329 0.0 8.181805246746432 0.0 4.0 
478 7206613.8 95.02098039328318 83.67711871988273 143.62149707031244 0 233 2.8329 0.0 8.181805246746432 0.0 4.0 
479 7206647.2 95.01613342989504 83.67073190769233 143.62149707031244 0 233 2.8329 0.0 8.181805246746432 0.0 4.0 
480 7206680.5 95.01613342989504 83.67073190769233 143.62149707031244 0 233 2.8329 0.0 8.181805246746432 0.0 4.0 
481 7206713.8 95.01613342989504 83.67073190769233 143.62149707031244 0 233 2.8329 0.0 8.181805246746432 0.0 4.0 
482 7206747.2 95.01613342989504 83.67073190769233 143.62149707031244 0 233 2.8329 0.0 8.181805246746432 0.0 4.0 
483 7206780.5 95.01042921552543 83.66197019479863 143.62149707031244 0 233 2.8329 0.0 8.181805246746432 0.0 4.0 
484 7206813.8 95.01042921552543 83.66197019479863 143.62149707031244 0 233 2.8329 0.0 8.181805246746432 0.0 4.0 
485 7206847.2 95.01042921552543 83.66197019479863 143.62149707031244 0 233 2.8329 0.0 8.181805246746432 0.0 4.0 
486 7206880.5 95.01042921552543 83.66197019479863 143.62149707031244 0 233 2.8329 0.0 8.181805246746432 0.0 4.0 
487 7206913.8 95.00413611837878 83.65426950151637 143.62149707031244 0 233 2.8329 0.0 8.181805246746432 0.0 4.0 
488 7206947.2 95.00413611837878 83.65426950151637 143.62149707031244 0 233 2.8329 0.0 8.181805246746432 0.0 4.0 
489 7206980.5 95.00413611837878 83.65426950151637 143.62149707031244 0 233 2.8329 0.0 8.181805246746432 0.0 4.0 
490 7207013.9 95.00413611837878 83.65426950151637 143.62149707031244 0 233 2.8329 0.0 8.181805246746432 0.0 4.0 
491 7207047.2 94.99789259660997 83.64387585633915 143.62149707031244 0 233 2.8329 0.0 8.181805246746432 0.0 4.0 
492 7207080.5 94.99789259660997 83.64387585633915 143.62149707031244 0 233 2.8329 0.0 8.181805246746432 0.0 4.0 
493 7207113.9 94.99789259660997 83.64387585633915 143.62149707031244 0 233 2.8329 0.0 8.181805246746432 0.0 4.0 
494 7207147.2 94.99789259660997 83.64387585633915 143.62149707031244 0 233 2.8329 0.0 8.181805246746432 0.0 4.0 
495 7207180.5 94.99076641641423 83.64387585633915 143.62149707031244 0 233 2.8329 0.0 8.181805246746432 0.0 4.0 
496 7207213.9 94.99076641641423 83.6304184377223 143.62149707031244 0 233 2.8329 0.0 8.181805246746432 0.0 4.0 
497 7207247.2 94.99076641641423 83.6304184377223 143.62149707031244 0 233 2.8329 0.0 8.181805246746432 0.0 4.0 
498 7207280.5 94.99076641641423 83.6304184377223 143.62149707031244 0 233 2.8329 0.0 8.181805246746432 0.0 4.0 
499 7207313.9 94.98535000104474 83.61791280310997 143.62149707031244 0 233 2.8329 0.0 8.181805246746432 0.0 4.0 
500 7207347.2 94.98535000104474 83.61791280310997 143.62149707031244 0 233 2.8329 0.0 8.181805246746432 0.0 4.0 
501 7207380.5 94.98535000104474 83.61791280310997 143.62149707031244 0 233 2.8329 0.0 8.181805246746432 0.0 4.0 
502 7207413.9 94.98535000104474 83.61791280310997 143.62149707031244 0 233 2.8329 0.0 8.181805246746432 0.0 4.0 
503 7207447.2 94.98386401973269 83.61124499149061 143.62149707031244 0 233 2.8329 0.0 8.181805246746432 0.0 4.0 
504 7207480.6 94.98386401973269 83.61124499149061 143.62149707031244 0 233 2.8329 0.0 8.181805246746432 0.0 4.0 
505 7207513.9 94.98386401973269 83.61124499149061 143.62149707031244 0 233 2.8329 0.0 8.181805246746432 0.0 4.0 
506 7207547.2 94.98386401973269 83.61124499149061 143.62149707031244 0 233 2.8329 0.0 8.181805246746432 0.0 4.0 
507 7207580.6 94.9802136231141 83.61124499149061 143.62149707031244 0 233 2.8329 0.0 8.181805246746432 0.0 4.0 
508 7207613.9 94.9802136231141 83.6070529064198 143.62149707031244 0 233 2.8329 0.0 8.181805246746432 0.0 4.0 
509 7207647.2 94.9802136231141 83.6070529064198 143.62149707031244 0 233 2.8329 0.0 8.181805246746432 0.0 4.0 
510 7207680.6 94.9802136231141 83.6070529064198 143.62149707031244 0 233 2.8329 0.0 8.181805246746432 0.0 4.0 
511 7207713.9 94.97351290407754 83.60426603483323 143.62149707031244 0 233 2.8329 0.0 8.181805246746432 0.0 4.0 
512 7207747.2 94.97351290407754 83.60426603483323 143.62149707031244 0 233 2.8329 0.0 8.181805246746432 0.0 4.0 
513 7207780.6 94.97351290407754 83.60426603483323 143.62149707031244 0 233 2.8329 0.0 8.181805246746432 0.0 4.0 
514 7207813.9 94.97351290407754 83.60426603483323 143.62149707031244 0 233 2.8329 0.0 8.181805246746432 0.0 4.0 
515 7207847.3 94.96313677031823 83.60905819262369 143.62149707031244 0 233 2.8329 0.0 8.181805246746432 0.0 4.0 
516 7207880.6 94.96313677031823 83.60905819262369 143.62149707031244 0 233 2.8329 0.0 8.181805246746432 0.0 4.0 
517 7207913.9 94.96313677031823 83.60905819262369 143.62149707031244 0 233 2.8329 0.0 8.181805246746432 0.0 4.0 
518 7207947.3 94.96313677031823 83.60905819262369 143.62149707031244 0 233 2.8329 0.0 8.181805246746432 0.0 4.0 
519 7207980.6 94.95935034347455 83.60905819262369 143.62149707031244 0 233 2.8329 0.0 8.181805246746432 0.0 4.0 
520 7208013.9 94.95935034347455 83.61305291665161 143.62149707031244 0 233 2.8329 0.0 8.181805246746432 0.0 4.0 
521 7208047.3 94.95935034347455 83.61305291665161 143.62149707031244 0 233 2.8329 0.0 8.181805246746432 0.0 4.0 
522 7208080.6 94.95935034347455 83.61305291665161 143.62149707031244 0 233 2.8329 0.0 8.181805246746432 0.0 4.0 
523 7208113.9 94.95446415070602 83.61486671577354 143.62149707031244 0 233 2.8329 0.0 8.181805246746432 0.0 4.0 
524 7208147.3 94.95446415070602 83.61486671577354 143.62149707031244 0 233 2.8329 0.0 8.181805246746432 0.0 4.0 
525 7208180.6 94.95446415070602 83.61486671577354 143.62149707031244 0 233 2.8329 0.0 8.181805246746432 0.0 4.0 
526 7208213.9 94.95446415070602 83.61486671577354 143.62149707031244 0 233 2.8329 0.0 8.181805246746432 0.0 4.0 
527 7208247.3 94.94467302881844 83.61486671577354 143.62149707031244 0 233 2.8329 0.0 8.181805246746432 0.0 4.0 
528 7208280.6 94.94467302881844 83.61815503629748 143.62149707031244 0 233 2.8329 0.0 8.181805246746432 0.0 4.0 
529 7208314.0 94.94467302881844 83.61815503629748 143.62149707031244 0 233 2.8329 0.0 8.181805246746432 0.0 4.0 
530 7208347.3 94.94467302881844 83.61815503629748 143.62149707031244 0 233 2.8329 0.0 8.181805246746432 0.0 4.0 
531 7208380.6 94.93463211709918 83.62316711920087 143.62149707031244 0 233 2.8329 0.0 8.181805246746432 0.0 4.0 
532 7208414.0 94.93463211709918 83.62316711920087 143.62149707031244 0 233 2.8329 0.0 8.181805246746432 0.0 4.0 
533 7208447.3 94.93463211709918 83.62316711920087 143.62149707031244 0 233 2.8329 0.0 8.181805246746432 0.0 4.0 
534 7208480.6 94.93463211709918 83.62316711920087 143.62149707031244 0 233 2.8329 0.0 8.181805246746432 0.0 4.0 
535 7208514.0 94.93102423017842 83.63063421216668 143.62149707031244 0 233 2.8329 0.0 8.181805246746432 0.0 4.0 
536 7208547.3 94.93102423017842 83.63063421216668 143.62149707031244 0 233 2.8329 0.0 8.181805246746432 0.0 4.0 
537 7208580.6 94.93102423017842 83.63063421216668 143.62149707031244 0 233 2.8329 0.0 8.181805246746432 0.0 4.0 
538 7208614.0 94.93102423017842 83.63063421216668 143.62149707031244 0 233 2.8329 0.0 8.181805246746432 0.0 4.0 
539 7208647.3 94.93102423017842 83.63311219550062 143.62149707031244 0 233 2.8329 0.0 8.181805246746432 0.0 4.0 
540 7208680.7 94.93102423017842 83.63311219550062 143.62149707031244 0 233 2.8329 0.0 8.181805246746432 0.0 4.0 
541 7208714.0 94.93102423017842 83.63311219550062 143.62149707031244 0 233 2.8329 0.0 8.181805246746432 0.0 4.0 
542 7208747.3 94.93102423017842 83.63311219550062 143.62149707031244 0 233 2.8329 0.0 8.181805246746432 0.0 4.0 
543 7208780.7 94.93467962994042 83.63311219550062 143.62149707031244 0 233 2.8329 0.0 8.181805246746432 0.0 4.0 
544 7208814.0 94.93467962994042 83.62671307417298 143.62149707031244 0 233 2.8329 0.0 8.181805246746432 0.0 4.0 
545 7208847.3 94.93467962994042 83.62671307417298 143.62149707031244 0 233 2.8329 0.0 8.181805246746432 0.0 4.0 
546 7208880.7 94.93467962994042 83.62671307417298 143.62149707031244 0 233 2.8329 0.0 8.181805246746432 0.0 4.0 
547 7208914.0 94.94633063515172 83.60517005546902 143.62149707031244 0 233 2.8329 0.0 8.181805246746432 0.0 4.0 
548 7208947.3 94.94633063515172 83.60517005546902 143.62149707031244 0 233 2.8329 0.0 8.181805246746432 0.0 4.0 
549 7208980.7 94.94633063515172 83.60517005546902 143.62149707031244 0 233 2.8329 0.0 8.181805246746432 0.0 4.0 
550 7209014.0 94.94633063515172 83.60517005546902 143.62149707031244 0 233 2.8329 0.0 8.181805246746432 0.0 4.0 
551 7209047.3 94.95872278287116 83.60517005546902 143.62149707031244 0 233 2.8329 0.0 8.181805246746432 0.0 4.0 
552 7209080.7 94.95872278287116 83.58157180687355 143.62149707031244 0 233 2.8329 0.0 8.181805246746432 0.0 4.0 
553 7209114.0 94.95872278287116 83.58157180687355 143.62149707031244 0 233 2.8329 0.0 8.181805246746432 0.0 4.0 
554 7209147.4 94.95872278287116 83.58157180687355 143.62149707031244 0 233 2.8329 0.0 8.181805246746432 0.0 4.0 
555 7209180.7 94.95872278287116 83.58157180687355 143.62149707031244 0 233 2.8329 0.0 8.181805246746432 0.0 4.0 
556 7209214.0 94.95872278287116 83.58157180687355 143.62149707031244 0 233 2.8329 0.0 8.181805246746432 0.0 4.0 
557 7209247.4 94.97459646802342 83.58157180687355 143.62149707031244 0 233 2.8329 0.0 8.181805246746432 0.0 4.0 
558 7209280.7 94.97459646802342 83.55303161474339 143.62149707031244 0 233 2.8329 0.0 8.181805246746432 0.0 4.0 
559 7209314.0 94.97459646802342 83.55303161474339 143.62149707031244 0 233 2.8329 0.0 8.181805246746432 0.0 4.0 
560 7209347.4 94.97459646802342 83.55303161474339 143.62149707031244 0 233 2.8329 0.0 8.181805246746432 0.0 4.0 
561 7209380.7 94.97459646802342 83.55303161474339 143.62149707031244 0 233 2.8329 0.0 8.181805246746432 0.0 4.0 
562 7209414.0 94.97459646802342 83.55303161474339 143.62149707031244 0 233 2.8329 0.0 8.181805246746432 0.0 4.0 
563 7209447.4 94.98985642106592 83.52607200304743 143.62149707031244 0 233 2.8329 0.0 8.181805246746432 0.0 4.0 
564 7209480.7 94.98985642106592 83.52607200304743 143.62149707031244 0 233 2.8329 0.0 8.181805246746432 0.0 4.0 
565 7209514.1 94.98985642106592 83.52607200304743 143.62149707031244 0 233 2.8329 0.0 8.181805246746432 0.0 4.0 
566 7209547.4 94.98985642106592 83.52607200304743 143.62149707031244 0 233 2.8329 0.0 8.181805246746432 0.0 4.0 
567 7209580.7 94.998557764827 83.50932278844195 143.62149707031244 0 233 2.8329 0.0 8.181805246746432 0.0 4.0 
568 7209614.1 94.998557764827 83.50932278844195 143.62149707031244 0 233 2.8329 0.0 8.181805246746432 0.0 4.0 
569 7209647.4 94.998557764827 83.50932278844195 143.62149707031244 0 233 2.8329 0.0 8.181805246746432 0.0 4.0 
570 7209680.7 94.998557764827 83.50932278844195 143.62149707031244 0 233 2.8329 0.0 8.181805246746432 0.0 4.0 
571 7209714.1 95.00649559506765 83.4907232338244 143.62149707031244 0 233 2.8329 0.0 8.181805246746432 0.0 4.0 
572 7209747.4 95.00649559506765 83.4907232338244 143.62149707031244 0 233 2.8329 0.0 8.181805246746432 0.0 4.0 
573 7209780.7 95.00649559506765 83.4907232338244 143.62149707031244 0 233 2.8329 0.0 8.181805246746432 0.0 4.0 
574 7209814.1 95.00649559506765 83.4907232338244 143.62149707031244 0 233 2.8329 0.0 8.181805246746432 0.0 4.0 
575 7209847.4 95.0153402925063 83.4907232338244 143.62149707031244 0 233 2.8329 0.0 8.181805246746432 0.0 4.0 
576 7209880.7 95.0153402925063 83.46865694387796 143.62149707031244 0 233 2.8329 0.0 8.181805246746432 0.0 4.0 
577 7209914.1 95.0153402925063 83.46865694387796 143.62149707031244 0 233 2.8329 0.0 8.181805246746432 0.0 4.0 
578 7209947.4 95.0153402925063 83.46865694387796 143.62149707031244 0 233 2.8329 0.0 8.181805246746432 0.0 4.0 
579 7209980.8 95.0153402925063 83.46865694387796 143.62149707031244 0 233 2.8329 0.0 8.181805246746432 0.0 4.0 
580 7210014.1 95.0153402925063 83.46865694387796 143.62149707031244 0 233 2.8329 0.0 8.181805246746432 0.0 4.0 
581 7210047.4 95.02440323896242 83.46865694387796 143.62149707031244 0 233 2.8329 0.0 8.181805246746432 0.0 4.0 
582 7210080.8 95.02440323896242 83.43358889227758 143.62149707031244 0 233 2.8329 0.0 8.181805246746432 0.0 4.0 
583 7210114.1 95.02440323896242 83.43358889227758 143.62149707031244 0 233 2.8329 0.0 8.181805246746432 0.0 4.0 
584 7210147.4 95.02440323896242 83.43358889227758 143.62149707031244 0 233 2.8329 0.0 8.181805246746432 0.0 4.0 
585 7210180.8 95.02440323896242 83.43358889227758 143.62149707031244 0 233 2.8329 0.0 8.181805246746432 0.0 4.0 
586 7210214.1 95.02440323896242 83.43358889227758 143.62149707031244 0 233 2.8329 0.0 8.181805246746432 0.0 4.0 
587 7210247.4 95.02440323896242 83.39070030757428 143.62149707031244 0 233 2.8329 0.0 8.181805246746432 0.0 4.0 
588 7210280.8 95.02440323896242 83.39070030757428 143.62149707031244 0 233 2.8329 0.0 8.181805246746432 0.0 4.0 
589 7210314.1 95.02440323896242 83.39070030757428 143.62149707031244 0 233 2.8329 0.0 8.181805246746432 0.0 4.0 
590 7210347.5 95.02440323896242 83.39070030757428 143.62149707031244 0 233 2.8329 0.0 8.181805246746432 0.0 4.0 
591 7210380.8 95.02440323896242 83.39070030757428 143.62149707031244 0 233 2.8329 0.0 8.181805246746432 0.0 4.0 
592 7210414.1 95.02440323896242 83.39070030757428 143.62149707031244 0 233 2.8329 0.0 8.181805246746432 0.0 4.0 
593 7210447.5 95.0135260112299 83.39070030757428 143.62149707031244 0 233 2.8329 0.0 8.181805246746432 0.0 4.0 
594 7210480.8 95.0135260112299 83.35332201526104 143.62149707031244 0 233 2.8329 0.0 8.181805246746432 0.0 4.0 
595 7210514.1 95.0135260112299 83.35332201526104 143.62149707031244 0 233 2.8329 0.0 8.181805246746432 0.0 4.0 
596 7210547.5 95.0135260112299 83.35332201526104 143.62149707031244 0 233 2.8329 0.0 8.181805246746432 0.0 4.0 
597 7210580.8 95.0135260112299 83.35332201526104 143.62149707031244 0 233 2.8329 0.0 8.181805246746432 0.0 4.0 
598 7210614.1 95.0135260112299 83.35332201526104 143.62149707031244 0 233 2.8329 0.0 8.181805246746432 0.0 4.0 
599 7210647.5 94.98568242215607 83.3196606503497 143.62149707031244 0 233 2.8329 0.0 8.181805246746432 0.0 4.0 
600 7210680.8 94.98568242215607 83.3196606503497 143.62149707031244 0 233 2.8329 0.0 8.181805246746432 0.0 4.0 
601 7210714.1 94.98568242215607 83.3196606503497 143.62149707031244 0 233 2.8329 0.0 8.181805246746432 0.0 4.0 
602 7210747.5 94.98568242215607 83.3196606503497 143.62149707031244 0 233 2.8329 0.0 8.181805246746432 0.0 4.0 
603 7210780.8 94.98568242215607 83.3196606503497 143.62149707031244 0 233 2.8329 0.0 8.181805246746432 0.0 4.0 
604 7210814.2 94.98568242215607 83.3196606503497 143.62149707031244 0 233 2.8329 0.0 8.181805246746432 0.0 4.0 
605 7210847.5 94.9526587482726 83.3196606503497 143.62149707031244 0 233 2.8329 0.0 8.181805246746432 0.0 4.0 
606 7210880.8 94.9526587482726 83.29792795458218 143.62149707031244 0 233 2.8329 0.0 8.181805246746432 0.0 4.0 
607 7210914.2 94.9526587482726 83.29792795458218 143.62149707031244 0 233 2.8329 0.0 8.181805246746432 0.0 4.0 
608 7210947.5 94.9526587482726 83.29792795458218 143.62149707031244 0 233 2.8329 0.0 8.181805246746432 0.0 4.0 
609 7210980.8 94.9526587482726 83.29792795458218 143.62149707031244 0 233 2.8329 0.0 8.181805246746432 0.0 4.0 
610 7211014.2 94.9526587482726 83.29792795458218 143.62149707031244 0 233 2.8329 0.0 8.181805246746432 0.0 4.0 
611 7211047.5 94.92676047683612 83.29792795458218 143.62149707031244 0 233 2.8329 0.0 8.181805246746432 0.0 4.0 
612 7211080.8 94.92676047683612 83.28856806694773 143.62149707031244 0 233 2.8329 0.0 8.181805246746432 0.0 4.0 
613 7211114.2 94.92676047683612 83.28856806694773 143.62149707031244 0 233 2.8329 0.0 8.181805246746432 0.0 4.0 
614 7211147.5 94.92676047683612 83.28856806694773 143.62149707031244 0 233 2.8329 0.0 8.181805246746432 0.0 4.0 
615 7211180.9 94.92676047683612 83.28856806694773 143.62149707031244 0 233 2.8329 0.0 8.181805246746432 0.0 4.0 
616 7211214.2 94.92676047683612 83.28856806694773 143.62149707031244 0 233 2.8329 0.0 8.181805246746432 0.0 4.0 
617 7211247.5 94.92002442723009 83.28856806694773 143.62149707031244 0 233 2.8329 0.0 8.181805246746432 0.0 4.0 
618 7211280.9 94.92002442723009 83.28169939779153 143.62149707031244 0 233 2.8329 0.0 8.181805246746432 0.0 4.0 
619 7211314.2 94.92002442723009 83.28169939779153 143.62149707031244 0 233 2.8329 0.0 8.181805246746432 0.0 4.0 
620 7211347.5 94.92002442723009 83.28169939779153 143.62149707031244 0 233 2.8329 0.0 8.181805246746432 0.0 4.0 
621 7211380.9 94.91872434135662 83.27517858084053 143.62149707031244 0 233 2.8329 0.0 8.181805246746432 0.0 4.0 
622 7211414.2 94.91872434135662 83.27517858084053 143.62149707031244 0 233 2.8329 0.0 8.181805246746432 0.0 4.0 
623 7211447.5 94.91872434135662 83.27517858084053 143.62149707031244 0 233 2.8329 0.0 8.181805246746432 0.0 4.0 
624 7211480.9 94.91872434135662 83.27517858084053 143.62149707031244 0 233 2.8329 0.0 8.181805246746432 0.0 4.0 
625 7211514.2 94.92062966834062 83.27023210068255 143.62149707031244 0 233 2.8329 0.0 8.181805246746432 0.0 4.0 
626 7211547.5 94.92062966834062 83.27023210068255 143.62149707031244 0 233 2.8329 0.0 8.181805246746432 0.0 4.0 
627 7211580.9 94.92062966834062 83.27023210068255 143.62149707031244 0 233 2.8329 0.0 8.181805246746432 0.0 4.0 
628 7211614.2 94.92062966834062 83.27023210068255 143.62149707031244 0 233 2.8329 0.0 8.181805246746432 0.0 4.0 
629 7211647.6 94.92808188294148 83.26478652862616 143.62149707031244 0 233 2.8329 0.0 8.181805246746432 0.0 4.0 
630 7211680.9 94.92808188294148 83.26478652862616 143.62149707031244 0 233 2.8329 0.0 8.181805246746432 0.0 4.0 
631 7211714.2 94.92808188294148 83.26478652862616 143.62149707031244 0 233 2.8329 0.0 8.181805246746432 0.0 4.0 
632 7211747.6 94.92808188294148 83.26478652862616 143.62149707031244 0 233 2.8329 0.0 8.181805246746432 0.0 4.0 
633 7211780.9 94.93868978893993 83.25942841871179 143.62149707031244 0 233 2.8329 0.0 8.181805246746432 0.0 4.0 
634 7211814.2 94.93868978893993 83.25942841871179 143.62149707031244 0 233 2.8329 0.0 8.181805246746432 0.0 4.0 
635 7211847.6 94.93868978893993 83.25942841871179 143.62149707031244 0 233 2.8329 0.0 8.181805246746432 0.0 4.0 
636 7211880.9 94.93868978893993 83.25942841871179 143.62149707031244 0 233 2.8329 0.0 8.181805246746432 0.0 4.0 
637 7211914.2 94.94701798051736 83.25486427778723 143.62149707031244 0 233 2.8329 0.0 8.181805246746432 0.0 4.0 
638 7211947.6 94.94701798051736 83.25486427778723 143.62149707031244 0 233 2.8329 0.0 8.181805246746432 0.0 4.0 
639 7211980.9 94.94701798051736 83.25486427778723 143.62149707031244 0 233 2.8329 0.0 8.181805246746432 0.0 4.0 
640 7212014.3 94.94701798051736 83.25486427778723 143.62149707031244 0 233 2.8329 0.0 8.181805246746432 0.0 4.0 
641 7212047.6 94.95668573780674 83.2492073132473 143.62149707031244 0 233 2.8329 0.0 8.181805246746432 0.0 4.0 
642 7212080.9 94.95668573780674 83.2492073132473 143.62149707031244 0 233 2.8329 0.0 8.181805246746432 0.0 4.0 
643 7212114.3 94.95668573780674 83.2492073132473 143.62149707031244 0 233 2.8329 0.0 8.181805246746432 0.0 4.0 
644 7212147.6 94.95668573780674 83.2492073132473 143.62149707031244 0 233 2.8329 0.0 8.181805246746432 0.0 4.0 
645 7212180.9 94.96359604743093 83.24633561795574 143.62149707031244 0 233 2.8329 0.0 8.181805246746432 0.0 4.0 
646 7212214.3 94.96359604743093 83.24633561795574 143.62149707031244 0 233 2.8329 0.0 8.181805246746432 0.0 4.0 
647 7212247.6 94.96359604743093 83.24633561795574 143.62149707031244 0 233 2.8329 0.0 8.181805246746432 0.0 4.0 
648 7212280.9 94.96359604743093 83.24633561795574 143.62149707031244 0 233 2.8329 0.0 8.181805246746432 0.0 4.0 
649 7212314.3 94.96940777411109 83.2389182617041 143.62149707031244 0 233 2.8329 0.0 8.181805246746432 0.0 4.0 
650 7212347.6 94.96940777411109 83.2389182617041 143.62149707031244 0 233 2.8329 0.0 8.181805246746432 0.0 4.0 
651 7212380.9 94.96940777411109 83.2389182617041 143.62149707031244 0 233 2.8329 0.0 8.181805246746432 0.0 4.0 
652 7212414.3 94.96940777411109 83.2389182617041 143.62149707031244 0 233 2.8329 0.0 8.181805246746432 0.0 4.0 
653 7212447.6 94.97532653519455 83.23093561588263 143.62149707031244 0 233 2.8329 0.0 8.181805246746432 0.0 4.0 
654 7212481.0 94.97532653519455 83.23093561588263 143.62149707031244 0 233 2.8329 0.0 8.181805246746432 0.0 4.0 
655 7212514.3 94.97532653519455 83.23093561588263 143.62149707031244 0 233 2.8329 0.0 8.181805246746432 0.0 4.0 
656 7212547.6 94.97532653519455 83.23093561588263 143.62149707031244 0 233 2.8329 0.0 8.181805246746432 0.0 4.0 
657 7212581.0 94.9802305581457 83.22907609328614 143.62149707031244 0 233 2.8329 0.0 8.181805246746432 0.0 4.0 
658 7212614.3 94.9802305581457 83.22907609328614 143.62149707031244 0 233 2.8329 0.0 8.181805246746432 0.0 4.0 
659 7212647.6 94.9802305581457 83.22907609328614 143.62149707031244 0 233 2.8329 0.0 8.181805246746432 0.0 4.0 
660 7212681.0 94.9802305581457 83.22907609328614 143.62149707031244 0 233 2.8329 0.0 8.181805246746432 0.0 4.0 
661 7212714.3 94.98604024357024 83.22627211416905 143.62149707031244 0 233 2.8329 0.0 8.181805246746432 0.0 4.0 
662 7212747.6 94.98604024357024 83.22627211416905 143.62149707031244 0 233 2.8329 0.0 8.181805246746432 0.0 4.0 
663 7212781.0 94.98604024357024 83.22627211416905 143.62149707031244 0 233 2.8329 0.0 8.181805246746432 0.0 4.0 
664 7212814.3 94.98604024357024 83.22627211416905 143.62149707031244 0 233 2.8329 0.0 8.181805246746432 0.0 4.0 
665 7212847.7 94.9944775366422 83.22094637879445 143.62149707031244 0 233 2.8329 0.0 8.181805246746432 0.0 4.0 
666 7212881.0 94.9944775366422 83.22094637879445 143.62149707031244 0 233 2.8329 0.0 8.181805246746432 0.0 4.0 
667 7212914.3 94.9944775366422 83.22094637879445 143.62149707031244 0 233 2.8329 0.0 8.181805246746432 0.0 4.0 
668 7212947.7 94.9944775366422 83.22094637879445 143.62149707031244 0 233 2.8329 0.0 8.181805246746432 0.0 4.0 
669 7212981.0 95.0008322026466 83.21422198111753 143.62149707031244 0 233 2.8329 0.0 8.181805246746432 0.0 4.0 
670 7213014.3 95.0008322026466 83.21422198111753 143.62149707031244 0 233 2.8329 0.0 8.181805246746432 0.0 4.0 
671 7213047.7 95.0008322026466 83.21422198111753 143.62149707031244 0 233 2.8329 0.0 8.181805246746432 0.0 4.0 
672 7213081.0 95.0008322026466 83.21422198111753 143.62149707031244 0 233 2.8329 0.0 8.181805246746432 0.0 4.0 
673 7213114.3 95.00642523947099 83.20666938846975 143.62149707031244 0 233 2.8329 0.0 8.181805246746432 0.0 4.0 
674 7213147.7 95.00642523947099 83.20666938846975 143.62149707031244 0 233 2.8329 0.0 8.181805246746432 0.0 4.0 
675 7213181.0 95.00642523947099 83.20666938846975 143.62149707031244 0 233 2.8329 0.0 8.181805246746432 0.0 4.0 
676 7213214.3 95.00642523947099 83.20666938846975 143.62149707031244 0 233 2.8329 0.0 8.181805246746432 0.0 4.0 
677 7213247.7 95.01216470371719 83.2005906463271 143.62149707031244 0 233 2.8329 0.0 8.181805246746432 0.0 4.0 
678 7213281.0 95.01216470371719 83.2005906463271 143.62149707031244 0 233 2.8329 0.0 8.181805246746432 0.0 4.0 
679 7213314.4 95.01216470371719 83.2005906463271 143.62149707031244 0 233 2.8329 0.0 8.181805246746432 0.0 4.0 
680 7213347.7 95.01216470371719 83.2005906463271 143.62149707031244 0 233 2.8329 0.0 8.181805246746432 0.0 4.0 
681 7213381.0 95.01703520546133 83.18928966844366 143.62149707031244 0 233 2.8329 0.0 8.181805246746432 0.0 4.0 
682 7213414.4 95.01703520546133 83.18928966844366 143.62149707031244 0 233 2.8329 0.0 8.181805246746432 0.0 4.0 
683 7213447.7 95.01703520546133 83.18928966844366 143.62149707031244 0 233 2.8329 0.0 8.181805246746432 0.0 4.0 
684 7213481.0 95.01703520546133 83.18928966844366 143.62149707031244 0 233 2.8329 0.0 8.181805246746432 0.0 4.0 
685 7213514.4 95.02862673450215 83.18928966844366 143.62149707031244 0 233 2.8329 0.0 8.181805246746432 0.0 4.0 
686 7213547.7 95.02862673450215 83.1802484261128 143.62149707031244 0 233 2.8329 0.0 8.181805246746432 0.0 4.0 
687 7213581.0 95.02862673450215 83.1802484261128 143.62149707031244 0 233 2.8329 0.0 8.181805246746432 0.0 4.0 
688 7213614.4 95.02862673450215 83.1802484261128 143.62149707031244 0 233 2.8329 0.0 8.181805246746432 0.0 4.0 
689 7213647.7 95.04519769662076 83.17202864256268 143.62149707031244 0 233 2.8329 0.0 8.181805246746432 0.0 4.0 
690 7213681.1 95.04519769662076 83.17202864256268 143.62149707031244 0 233 2.8329 0.0 8.181805246746432 0.0 4.0 
691 7213714.4 95.04519769662076 83.17202864256268 143.62149707031244 0 233 2.8329 0.0 8.181805246746432 0.0 4.0 
692 7213747.7 95.04519769662076 83.17202864256268 143.62149707031244 0 233 2.8329 0.0 8.181805246746432 0.0 4.0 
693 7213781.1 95.05652777766352 83.17202864256268 143.62149707031244 0 233 2.8329 0.0 8.181805246746432 0.0 4.0 
694 7213814.4 95.05652777766352 83.1634921658122 143.62149707031244 0 233 2.8329 0.0 8.181805246746432 0.0 4.0 
695 7213847.7 95.05652777766352 83.1634921658122 143.62149707031244 0 233 2.8329 0.0 8.181805246746432 0.0 4.0 
696 7213881.1 95.05652777766352 83.1634921658122 143.62149707031244 0 233 2.8329 0.0 8.181805246746432 0.0 4.0 
697 7213914.4 95.06903792559571 83.1634921658122 143.62149707031244 0 233 2.8329 0.0 8.181805246746432 0.0 4.0 
698 7213947.7 95.06903792559571 83.15125896194554 143.62149707031244 0 233 2.8329 0.0 8.181805246746432 0.0 4.0 
699 7213981.1 95.06903792559571 83.15125896194554 143.62149707031244 0 233 2.8329 0.0 8.181805246746432 0.0 4.0 
700 7214014.4 95.06903792559571 83.15125896194554 143.62149707031244 0 233 2.8329 0.0 8.181805246746432 0.0 4.0 
701 7214047.7 95.08713341430507 83.14575775134168 143.62149707031244 0 233 2.8329 0.0 8.181805246746432 0.0 4.0 
702 7214081.1 95.08713341430507 83.14575775134168 143.62149707031244 0 233 2.8329 0.0 8.181805246746432 0.0 4.0 
703 7214114.4 95.08713341430507 83.14575775134168 143.62149707031244 0 233 2.8329 0.0 8.181805246746432 0.0 4.0 
704 7214147.8 95.08713341430507 83.14575775134168 143.62149707031244 0 233 2.8329 0.0 8.181805246746432 0.0 4.0 
705 7214181.1 95.09656963636472 83.14853735779823 143.62149707031244 0 233 2.8329 0.0 8.181805246746432 0.0 4.0 
706 7214214.4 95.09656963636472 83.14853735779823 143.62149707031244 0 233 2.8329 0.0 8.181805246746432 0.0 4.0 
707 7214247.8 95.09656963636472 83.14853735779823 143.62149707031244 0 233 2.8329 0.0 8.181805246746432 0.0 4.0 
708 7214281.1 95.09656963636472 83.14853735779823 143.62149707031244 0 233 2.8329 0.0 8.181805246746432 0.0 4.0 
709 7214314.4 95.10201530807603 83.14853735779823 143.62149707031244 0 233 2.8329 0.0 8.181805246746432 0.0 4.0 
710 7214347.8 95.10201530807603 83.14853735779823 143.62149707031244 0 233 2.8329 0.0 8.181805246746432 0.0 4.0 
711 7214381.1 95.10201530807603 83.14853735779823 143.62149707031244 0 233 2.8329 0.0 8.181805246746432 0.0 4.0 
712 7214414.4 95.10201530807603 83.14853735779823 143.62149707031244 0 233 2.8329 0.0 8.181805246746432 0.0 4.0 
713 7214447.8 95.10688229545059 83.14853735779823 143.62149707031244 0 233 2.8329 0.0 8.181805246746432 0.0 4.0 
714 7214481.1 95.10688229545059 83.14431944164308 143.62149707031244 0 233 2.8329 0.0 8.181805246746432 0.0 4.0 
715 7214514.5 95.10688229545059 83.14431944164308 143.62149707031244 0 233 2.8329 0.0 8.181805246746432 0.0 4.0 
716 7214547.8 95.10688229545059 83.14431944164308 143.62149707031244 0 233 2.8329 0.0 8.181805246746432 0.0 4.0 
717 7214581.1 95.11550105096283 83.13637804355058 143.62149707031244 0 233 2.8329 0.0 8.181805246746432 0.0 4.0 
718 7214614.5 95.11550105096283 83.13637804355058 143.62149707031244 0 233 2.8329 0.0 8.181805246746432 0.0 4.0 
719 7214647.8 95.11550105096283 83.13637804355058 143.62149707031244 0 233 2.8329 0.0 8.181805246746432 0.0 4.0 
720 7214681.1 95.11550105096283 83.13637804355058 143.62149707031244 0 233 2.8329 0.0 8.181805246746432 0.0 4.0 
721 7214714.5 95.12206083938399 83.13187643678587 143.62149707031244 0 233 2.8329 0.0 8.181805246746432 0.0 4.0 
722 7214747.8 95.12206083938399 83.13187643678587 143.62149707031244 0 233 2.8329 0.0 8.181805246746432 0.0 4.0 
723 7214781.1 95.12206083938399 83.13187643678587 143.62149707031244 0 233 2.8329 0.0 8.181805246746432 0.0 4.0 
724 7214814.5 95.12206083938399 83.13187643678587 143.62149707031244 0 233 2.8329 0.0 8.181805246746432 0.0 4.0 
725 7214847.8 95.12609164408373 83.13187643678587 143.62149707031244 0 233 2.8329 0.0 8.181805246746432 0.0 4.0 
726 7214881.1 95.12609164408373 83.12967335048748 143.62149707031244 0 233 2.8329 0.0 8.181805246746432 0.0 4.0 
727 7214914.5 95.12609164408373 83.12967335048748 143.62149707031244 0 233 2.8329 0.0 8.181805246746432 0.0 4.0 
728 7214947.8 95.12609164408373 83.12967335048748 143.62149707031244 0 233 2.8329 0.0 8.181805246746432 0.0 4.0 
729 7214981.2 95.13053060982345 83.13092949016361 143.62149707031244 0 233 2.8329 0.0 8.181805246746432 0.0 4.0 
730 7215014.5 95.13053060982345 83.13092949016361 143.62149707031244 0 233 2.8329 0.0 8.181805246746432 0.0 4.0 
731 7215047.8 95.13053060982345 83.13092949016361 143.62149707031244 0 233 2.8329 0.0 8.181805246746432 0.0 4.0 
732 7215081.2 95.13053060982345 83.13092949016361 143.62149707031244 0 233 2.8329 0.0 8.181805246746432 0.0 4.0 
733 7215114.5 95.13512231804532 83.13092949016361 143.62149707031244 0 233 2.8329 0.0 8.181805246746432 0.0 4.0 
734 7215147.8 95.13512231804532 83.13330813876529 143.62149707031244 0 233 2.8329 0.0 8.181805246746432 0.0 4.0 
735 7215181.2 95.13512231804532 83.13330813876529 143.62149707031244 0 233 2.8329 0.0 8.181805246746432 0.0 4.0 
736 7215214.5 95.13512231804532 83.13330813876529 143.62149707031244 0 233 2.8329 0.0 8.181805246746432 0.0 4.0 
737 7215247.8 95.13792481772124 83.13330813876529 143.62149707031244 0 233 2.8329 0.0 8.181805246746432 0.0 4.0 
738 7215281.2 95.13792481772124 83.1351771409728 143.62149707031244 0 233 2.8329 0.0 8.181805246746432 0.0 4.0 
739 7215314.5 95.13792481772124 83.1351771409728 143.62149707031244 0 233 2.8329 0.0 8.181805246746432 0.0 4.0 
740 7215347.9 95.13792481772124 83.1351771409728 143.62149707031244 0 233 2.8329 0.0 8.181805246746432 0.0 4.0 
741 7215381.2 95.14206039464334 83.13255535691341 143.62149707031244 0 233 2.8329 0.0 8.181805246746432 0.0 4.0 
742 7215414.5 95.14206039464334 83.13255535691341 143.62149707031244 0 233 2.8329 0.0 8.181805246746432 0.0 4.0 
743 7215447.9 95.14206039464334 83.13255535691341 143.62149707031244 0 233 2.8329 0.0 8.181805246746432 0.0 4.0 
744 7215481.2 95.14206039464334 83.13255535691341 143.62149707031244 0 233 2.8329 0.0 8.181805246746432 0.0 4.0 
745 7215514.5 95.14503053905878 83.12729548837515 143.62149707031244 0 233 2.8329 0.0 8.181805246746432 0.0 4.0 
746 7215547.9 95.14503053905878 83.12729548837515 143.62149707031244 0 233 2.8329 0.0 8.181805246746432 0.0 4.0 
747 7215581.2 95.14503053905878 83.12729548837515 143.62149707031244 0 233 2.8329 0.0 8.181805246746432 0.0 4.0 
748 7215614.5 95.14503053905878 83.12729548837515 143.62149707031244 0 233 2.8329 0.0 8.181805246746432 0.0 4.0 
749 7215647.9 95.14503053905878 83.11804551443012 143.62149707031244 0 233 2.8329 0.0 8.181805246746432 0.0 4.0 
750 7215681.2 95.14503053905878 83.11804551443012 143.62149707031244 0 233 2.8329 0.0 8.181805246746432 0.0 4.0 
751 7215714.5 95.14503053905878 83.11804551443012 143.62149707031244 0 233 2.8329 0.0 8.181805246746432 0.0 4.0 
752 7215747.9 95.14503053905878 83.11804551443012 143.62149707031244 0 233 2.8329 0.0 8.181805246746432 0.0 4.0 
753 7215781.2 95.14325336611672 83.10912906132071 143.62149707031244 0 233 2.8329 0.0 8.181805246746432 0.0 4.0 
754 7215814.6 95.14325336611672 83.10912906132071 143.62149707031244 0 233 2.8329 0.0 8.181805246746432 0.0 4.0 
755 7215847.9 95.14325336611672 83.10912906132071 143.62149707031244 0 233 2.8329 0.0 8.181805246746432 0.0 4.0 
756 7215881.2 95.14325336611672 83.10912906132071 143.62149707031244 0 233 2.8329 0.0 8.181805246746432 0.0 4.0 
757 7215914.6 95.14473913439072 83.10532435265041 143.62149707031244 0 233 2.8329 0.0 8.181805246746432 0.0 4.0 
758 7215947.9 95.14473913439072 83.10532435265041 143.62149707031244 0 233 2.8329 0.0 8.181805246746432 0.0 4.0 
759 7215981.2 95.14473913439072 83.10532435265041 143.62149707031244 0 233 2.8329 0.0 8.181805246746432 0.0 4.0 
760 7216014.6 95.14473913439072 83.10532435265041 143.62149707031244 0 233 2.8329 0.0 8.181805246746432 0.0 4.0 
761 7216047.9 95.14250639147876 83.10532435265041 143.62149707031244 0 233 2.8329 0.0 8.181805246746432 0.0 4.0 
762 7216081.2 95.14250639147876 83.10892223752393 143.62149707031244 0 233 2.8329 0.0 8.181805246746432 0.0 4.0 
763 7216114.6 95.14250639147876 83.10892223752393 143.62149707031244 0 233 2.8329 0.0 8.181805246746432 0.0 4.0 
764 7216147.9 95.14250639147876 83.10892223752393 143.62149707031244 0 233 2.8329 0.0 8.181805246746432 0.0 4.0 
765 7216181.3 95.12237310280949 83.13232706982087 143.62149707031244 0 233 2.8329 0.0 8.181805246746432 0.0 4.0 
766 7216214.6 95.12237310280949 83.13232706982087 143.62149707031244 0 233 2.8329 0.0 8.181805246746432 0.0 4.0 
767 7216247.9 95.12237310280949 83.13232706982087 143.62149707031244 0 233 2.8329 0.0 8.181805246746432 0.0 4.0 
768 7216281.3 95.12237310280949 83.13232706982087 143.62149707031244 0 233 2.8329 0.0 8.181805246746432 0.0 4.0 
769 7216314.6 95.10159784405869 83.15634450965588 143.62149707031244 0 233 2.8329 0.0 8.181805246746432 0.0 4.0 
770 7216347.9 95.10159784405869 83.15634450965588 143.62149707031244 0 233 2.8329 0.0 8.181805246746432 0.0 4.0 
771 7216381.3 95.10159784405869 83.15634450965588 143.62149707031244 0 233 2.8329 0.0 8.181805246746432 0.0 4.0 
772 7216414.6 95.10159784405869 83.15634450965588 143.62149707031244 0 233 2.8329 0.0 8.181805246746432 0.0 4.0 
773 7216447.9 95.0757285518199 83.15634450965588 143.62149707031244 0 233 2.8329 0.0 8.181805246746432 0.0 4.0 
774 7216481.3 95.0757285518199 83.18235704483894 143.62149707031244 0 233 2.8329 0.0 8.181805246746432 0.0 4.0 
775 7216514.6 95.0757285518199 83.18235704483894 143.62149707031244 0 233 2.8329 0.0 8.181805246746432 0.0 4.0 
776 7216547.9 95.0757285518199 83.18235704483894 143.62149707031244 0 233 2.8329 0.0 8.181805246746432 0.0 4.0 
777 7216581.3 95.0757285518199 83.18235704483894 143.62149707031244 0 233 2.8329 0.0 8.181805246746432 0.0 4.0 
778 7216614.6 95.0757285518199 83.18235704483894 143.62149707031244 0 233 2.8329 0.0 8.181805246746432 0.0 4.0 
779 7216648.0 95.0367034066523 83.21587908982983 143.62149707031244 0 233 2.8329 0.0 8.181805246746432 0.0 4.0 
780 7216681.3 95.0367034066523 83.21587908982983 143.62149707031244 0 233 2.8329 0.0 8.181805246746432 0.0 4.0 
781 7216714.6 95.0367034066523 83.21587908982983 143.62149707031244 0 233 2.8329 0.0 8.181805246746432 0.0 4.0 
782 7216748.0 95.0367034066523 83.21587908982983 143.62149707031244 0 233 2.8329 0.0 8.181805246746432 0.0 4.0 
783 7216781.3 95.0367034066523 83.21587908982983 143.62149707031244 0 233 2.8329 0.0 8.181805246746432 0.0 4.0 
784 7216814.6 95.0367034066523 83.21587908982983 143.62149707031244 0 233 2.8329 0.0 8.181805246746432 0.0 4.0 
785 7216848.0 94.99369120125866 83.21587908982983 143.62149707031244 0 233 2.8329 0.0 8.181805246746432 0.0 4.0 
786 7216881.3 94.99369120125866 83.23982947923768 143.62149707031244 0 233 2.8329 0.0 8.181805246746432 0.0 4.0 
787 7216914.6 94.99369120125866 83.23982947923768 143.62149707031244 0 233 2.8329 0.0 8.181805246746432 0.0 4.0 
788 7216948.0 94.99369120125866 83.23982947923768 143.62149707031244 0 233 2.8329 0.0 8.181805246746432 0.0 4.0 
789 7216981.3 94.99369120125866 83.23982947923768 143.62149707031244 0 233 2.8329 0.0 8.181805246746432 0.0 4.0 
790 7217014.7 94.99369120125866 83.23982947923768 143.62149707031244 0 233 2.8329 0.0 8.181805246746432 0.0 4.0 
791 7217048.0 94.94791209295322 83.25984601264186 143.62149707031244 0 233 2.8329 0.0 8.181805246746432 0.0 4.0 
792 7217081.3 94.94791209295322 83.25984601264186 143.62149707031244 0 233 2.8329 0.0 8.181805246746432 0.0 4.0 
793 7217114.7 94.94791209295322 83.25984601264186 143.62149707031244 0 233 2.8329 0.0 8.181805246746432 0.0 4.0 
794 7217148.0 94.94791209295322 83.25984601264186 143.62149707031244 0 233 2.8329 0.0 8.181805246746432 0.0 4.0 
795 7217181.3 94.94791209295322 83.25984601264186 143.62149707031244 0 233 2.8329 0.0 8.181805246746432 0.0 4.0 
796 7217214.7 94.94791209295322 83.25984601264186 143.62149707031244 0 233 2.8329 0.0 8.181805246746432 0.0 4.0 
797 7217248.0 94.90423109126172 83.25984601264186 143.62149707031244 0 233 2.8329 0.0 8.181805246746432 0.0 4.0 
798 7217281.3 94.90423109126172 83.27048793742378 143.62149707031244 0 233 2.8329 0.0 8.181805246746432 0.0 4.0 
799 7217314.7 94.90423109126172 83.27048793742378 143.62149707031244 0 233 2.8329 0.0 8.181805246746432 0.0 4.0 
800 7217348.0 94.90423109126172 83.27048793742378 143.62149707031244 0 233 2.8329 0.0 8.181805246746432 0.0 4.0 
801 7217381.3 94.90423109126172 83.27048793742378 143.62149707031244 0 233 2.8329 0.0 8.181805246746432 0.0 4.0 
802 7217414.7 94.90423109126172 83.27048793742378 143.62149707031244 0 233 2.8329 0.0 8.181805246746432 0.0 4.0 
803 7217448.0 94.8686269114585 83.27048793742378 143.62149707031244 0 233 2.8329 0.0 8.181805246746432 0.0 4.0 
804 7217481.4 94.8686269114585 83.27048793742378 143.62149707031244 0 233 2.8329 0.0 8.181805246746432 0.0 4.0 
805 7217514.7 94.8686269114585 83.27048793742378 143.62149707031244 0 233 2.8329 0.0 8.181805246746432 0.0 4.0 
806 7217548.0 94.8686269114585 83.27048793742378 143.62149707031244 0 233 2.8329 0.0 8.181805246746432 0.0 4.0 
807 7217581.4 94.846135428784 83.2676797704981 143.62149707031244 0 233 2.8329 0.0 8.181805246746432 0.0 4.0 
808 7217614.7 94.846135428784 83.2676797704981 143.62149707031244 0 233 2.8329 0.0 8.181805246746432 0.0 4.0 
809 7217648.0 94.846135428784 83.2676797704981 143.62149707031244 0 233 2.8329 0.0 8.181805246746432 0.0 4.0 
810 7217681.4 94.846135428784 83.2676797704981 143.62149707031244 0 233 2.8329 0.0 8.181805246746432 0.0 4.0 
811 7217714.7 94.82137978419206 83.25561785195086 143.62149707031244 0 233 2.8329 0.0 8.181805246746432 0.0 4.0 
812 7217748.0 94.82137978419206 83.25561785195086 143.62149707031244 0 233 2.8329 0.0 8.181805246746432 0.0 4.0 
813 7217781.4 94.82137978419206 83.25561785195086 143.62149707031244 0 233 2.8329 0.0 8.181805246746432 0.0 4.0 
814 7217814.7 94.82137978419206 83.25561785195086 143.62149707031244 0 233 2.8329 0.0 8.181805246746432 0.0 4.0 
815 7217848.1 94.82137978419206 83.25561785195086 143.62149707031244 0 233 2.8329 0.0 8.181805246746432 0.0 4.0 
816 7217881.4 94.82137978419206 83.25561785195086 143.62149707031244 0 233 2.8329 0.0 8.181805246746432 0.0 4.0 
817 7217914.7 94.79264806618687 83.25561785195086 143.62149707031244 0 233 2.8329 0.0 8.181805246746432 0.0 4.0 
818 7217948.1 94.79264806618687 83.23305480236712 143.62149707031244 0 233 2.8329 0.0 8.181805246746432 0.0 4.0 
819 7217981.4 94.79264806618687 83.23305480236712 143.62149707031244 0 233 2.8329 0.0 8.181805246746432 0.0 4.0 
820 7218014.7 94.79264806618687 83.23305480236712 143.62149707031244 0 233 2.8329 0.0 8.181805246746432 0.0 4.0 
821 7218048.1 94.79264806618687 83.23305480236712 143.62149707031244 0 233 2.8329 0.0 8.181805246746432 0.0 4.0 
822 7218081.4 94.79264806618687 83.23305480236712 143.62149707031244 0 233 2.8329 0.0 8.181805246746432 0.0 4.0 
823 7218114.7 94.77120409072114 83.20684944946987 143.62149707031244 0 233 2.8329 0.0 8.181805246746432 0.0 4.0 
824 7218148.1 94.77120409072114 83.20684944946987 143.62149707031244 0 233 2.8329 0.0 8.181805246746432 0.0 4.0 
825 7218181.4 94.77120409072114 83.20684944946987 143.62149707031244 0 233 2.8329 0.0 8.181805246746432 0.0 4.0 
826 7218214.7 94.77120409072114 83.20684944946987 143.62149707031244 0 233 2.8329 0.0 8.181805246746432 0.0 4.0 
827 7218248.1 94.77120409072114 83.20684944946987 143.62149707031244 0 233 2.8329 0.0 8.181805246746432 0.0 4.0 
828 7218281.4 94.77120409072114 83.20684944946987 143.62149707031244 0 233 2.8329 0.0 8.181805246746432 0.0 4.0 
829 7218314.8 94.75236911227633 83.20684944946987 143.62149707031244 0 233 2.8329 0.0 8.181805246746432 0.0 4.0 
830 7218348.1 94.75236911227633 83.17156641540775 143.62149707031244 0 233 2.8329 0.0 8.181805246746432 0.0 4.0 
831 7218381.4 94.75236911227633 83.17156641540775 143.62149707031244 0 233 2.8329 0.0 8.181805246746432 0.0 4.0 
832 7218414.8 94.75236911227633 83.17156641540775 143.62149707031244 0 233 2.8329 0.0 8.181805246746432 0.0 4.0 
833 7218448.1 94.75236911227633 83.17156641540775 143.62149707031244 0 233 2.8329 0.0 8.181805246746432 0.0 4.0 
834 7218481.4 94.75236911227633 83.17156641540775 143.62149707031244 0 233 2.8329 0.0 8.181805246746432 0.0 4.0 
835 7218514.8 94.74399927962 83.13724948029528 143.62149707031244 0 233 2.8329 0.0 8.181805246746432 0.0 4.0 
836 7218548.1 94.74399927962 83.13724948029528 143.62149707031244 0 233 2.8329 0.0 8.181805246746432 0.0 4.0 
837 7218581.4 94.74399927962 83.13724948029528 143.62149707031244 0 233 2.8329 0.0 8.181805246746432 0.0 4.0 
838 7218614.8 94.74399927962 83.13724948029528 143.62149707031244 0 233 2.8329 0.0 8.181805246746432 0.0 4.0 
839 7218648.1 94.74399927962 83.13724948029528 143.62149707031244 0 233 2.8329 0.0 8.181805246746432 0.0 4.0 
840 7218681.5 94.74399927962 83.13724948029528 143.62149707031244 0 233 2.8329 0.0 8.181805246746432 0.0 4.0 
841 7218714.8 94.74399927962 83.10820991049597 143.62149707031244 0 233 2.8329 0.0 8.181805246746432 0.0 4.0 
842 7218748.1 94.74399927962 83.10820991049597 143.62149707031244 0 233 2.8329 0.0 8.181805246746432 0.0 4.0 
843 7218781.5 94.74399927962 83.10820991049597 143.62149707031244 0 233 2.8329 0.0 8.181805246746432 0.0 4.0 
844 7218814.8 94.74399927962 83.10820991049597 143.62149707031244 0 233 2.8329 0.0 8.181805246746432 0.0 4.0 
845 7218848.1 94.75063587202642 83.09180584834327 143.62149707031244 0 233 2.8329 0.0 8.181805246746432 0.0 4.0 
846 7218881.5 94.75063587202642 83.09180584834327 143.62149707031244 0 233 2.8329 0.0 8.181805246746432 0.0 4.0 
847 7218914.8 94.75063587202642 83.09180584834327 143.62149707031244 0 233 2.8329 0.0 8.181805246746432 0.0 4.0 
848 7218948.1 94.75063587202642 83.09180584834327 143.62149707031244 0 233 2.8329 0.0 8.181805246746432 0.0 4.0 
849 7218981.5 94.76083771905104 83.08126019072813 143.62149707031244 0 233 2.8329 0.0 8.181805246746432 0.0 4.0 
850 7219014.8 94.76083771905104 83.08126019072813 143.62149707031244 0 233 2.8329 0.0 8.181805246746432 0.0 4.0 
851 7219048.1 94.76083771905104 83.08126019072813 143.62149707031244 0 233 2.8329 0.0 8.181805246746432 0.0 4.0 
852 7219081.5 94.76083771905104 83.08126019072813 143.62149707031244 0 233 2.8329 0.0 8.181805246746432 0.0 4.0 
853 7219114.8 94.77329079577014 83.06707408715357 143.62149707031244 0 233 2.8329 0.0 8.181805246746432 0.0 4.0 
854 7219148.2 94.77329079577014 83.06707408715357 143.62149707031244 0 233 2.8329 0.0 8.181805246746432 0.0 4.0 
855 7219181.5 94.77329079577014 83.06707408715357 143.62149707031244 0 233 2.8329 0.0 8.181805246746432 0.0 4.0 
856 7219214.8 94.77329079577014 83.06707408715357 143.62149707031244 0 233 2.8329 0.0 8.181805246746432 0.0 4.0 
857 7219248.2 94.78160343050386 83.0605362200908 143.62149707031244 0 233 2.8329 0.0 8.181805246746432 0.0 4.0 
858 7219281.5 94.78160343050386 83.0605362200908 143.62149707031244 0 233 2.8329 0.0 8.181805246746432 0.0 4.0 
859 7219314.8 94.78160343050386 83.0605362200908 143.62149707031244 0 233 2.8329 0.0 8.181805246746432 0.0 4.0 
860 7219348.2 94.78160343050386 83.0605362200908 143.62149707031244 0 233 2.8329 0.0 8.181805246746432 0.0 4.0 
861 7219381.5 94.7939950271626 83.04976275052003 143.62149707031244 0 233 2.8329 0.0 8.181805246746432 0.0 4.0 
862 7219414.8 94.7939950271626 83.04976275052003 143.62149707031244 0 233 2.8329 0.0 8.181805246746432 0.0 4.0 
863 7219448.2 94.7939950271626 83.04976275052003 143.62149707031244 0 233 2.8329 0.0 8.181805246746432 0.0 4.0 
864 7219481.5 94.7939950271626 83.04976275052003 143.62149707031244 0 233 2.8329 0.0 8.181805246746432 0.0 4.0 
865 7219514.9 94.80362392941332 83.04976275052003 143.62149707031244 0 233 2.8329 0.0 8.181805246746432 0.0 4.0 
866 7219548.2 94.80362392941332 83.0413274715785 143.62149707031244 0 233 2.8329 0.0 8.181805246746432 0.0 4.0 
867 7219581.5 94.80326757812495 83.04100878906246 143.55774902343742 0 233 2.8329 0.0 8.181805246746432 0.0 4.0 
868 7219614.9 94.80326757812495 83.04100878906246 143.55774902343742 0 233 2.8329 0.0 8.181805246746432 0.0 4.0 
869 7219648.2 94.81296794716431 83.03626573885512 143.55774902343742 0 233 2.8329 0.0 8.181805246746432 0.0 4.0 
870 7219681.5 94.81296794716431 83.03626573885512 143.55774902343742 0 233 2.8329 0.0 8.181805246746432 0.0 4.0 
871 7219714.9 94.81296794716431 83.03626573885512 143.55774902343742 0 233 2.8329 0.0 8.181805246746432 0.0 4.0 
872 7219748.2 94.81296794716431 83.03626573885512 143.55774902343742 0 233 2.8329 0.0 8.181805246746432 0.0 4.0 
873 7219781.5 94.82426169702848 83.03019268930514 143.55774902343742 0 233 2.8329 0.0 8.181805246746432 0.0 4.0 
874 7219814.9 94.82426169702848 83.03019268930514 143.55774902343742 0 233 2.8329 0.0 8.181805246746432 0.0 4.0 
875 7219848.2 94.82426169702848 83.03019268930514 143.55774902343742 0 233 2.8329 0.0 8.181805246746432 0.0 4.0 
876 7219881.5 94.82426169702848 83.03019268930514 143.55774902343742 0 233 2.8329 0.0 8.181805246746432 0.0 4.0 
877 7219914.9 94.8258675114488 83.02661674967364 143.55774902343742 0 233 2.8329 0.0 8.181805246746432 0.0 4.0 
878 7219948.2 94.8258675114488 83.02661674967364 143.55774902343742 0 233 2.8329 0.0 8.181805246746432 0.0 4.0 
879 7219981.6 94.8258675114488 83.02661674967364 143.55774902343742 0 233 2.8329 0.0 8.181805246746432 0.0 4.0 
880 7220014.9 94.8258675114488 83.02661674967364 143.55774902343742 0 233 2.8329 0.0 8.181805246746432 0.0 4.0 
881 7220048.2 94.82099083666026 83.02354347123597 143.55774902343742 0 233 2.8329 0.0 8.181805246746432 0.0 4.0 
882 7220081.6 94.82099083666026 83.02354347123597 143.55774902343742 0 233 2.8329 0.0 8.181805246746432 0.0 4.0 
883 7220114.9 94.82100292968745 83.02352148437495 143.62819433593742 0 233 2.8329 0.0 8.181805246746432 0.0 4.0 
884 7220148.2 94.82100292968745 83.02352148437495 143.62819433593742 0 233 2.8329 0.0 8.181805246746432 0.0 4.0 
885 7220181.6 94.81207763865027 83.0218428130661 143.62819433593742 0 233 2.8329 0.0 8.181805246746432 0.0 4.0 
886 7220214.9 94.81207763865027 83.0218428130661 143.62819433593742 0 233 2.8329 0.0 8.181805246746432 0.0 4.0 
887 7220248.2 94.81207324218745 83.02178515624996 143.67383496093743 0 233 2.8329 0.0 8.181805246746432 0.0 4.0 
888 7220281.6 94.81207324218745 83.02178515624996 143.67383496093743 0 233 2.8329 0.0 8.181805246746432 0.0 4.0 
889 7220314.9 94.80545037495072 83.02178515624996 143.67383496093743 0 233 2.8329 0.0 8.181805246746432 0.0 4.0 
890 7220348.3 94.80545037495072 83.01876106752405 143.67383496093743 0 233 2.8329 0.0 8.181805246746432 0.0 4.0 
891 7220381.6 94.80545037495072 83.01876106752405 143.67383496093743 0 233 2.8329 0.0 8.181805246746432 0.0 4.0 
892 7220414.9 94.80545037495072 83.01876106752405 143.67383496093743 0 233 2.8329 0.0 8.181805246746432 0.0 4.0 
893 7220448.3 94.79847298708869 83.01348970746149 143.67383496093743 0 233 2.8329 0.0 8.181805246746432 0.0 4.0 
894 7220481.6 94.79847298708869 83.01348970746149 143.67383496093743 0 233 2.8329 0.0 8.181805246746432 0.0 4.0 
895 7220514.9 94.79847298708869 83.01348970746149 143.67383496093743 0 233 2.8329 0.0 8.181805246746432 0.0 4.0 
896 7220548.3 94.79847298708869 83.01348970746149 143.67383496093743 0 233 2.8329 0.0 8.181805246746432 0.0 4.0 
897 7220581.6 94.78712745787809 83.01348970746149 143.67383496093743 0 233 2.8329 0.0 8.181805246746432 0.0 4.0 
898 7220614.9 94.78712745787809 83.00595334399904 143.67383496093743 0 233 2.8329 0.0 8.181805246746432 0.0 4.0 
899 7220648.3 94.78712745787809 83.00595334399904 143.67383496093743 0 233 2.8329 0.0 8.181805246746432 0.0 4.0 
900 7220681.6 94.78712745787809 83.00595334399904 143.67383496093743 0 233 2.8329 0.0 8.181805246746432 0.0 4.0 
901 7220714.9 94.77789179018826 83.00595334399904 143.67383496093743 0 233 2.8329 0.0 8.181805246746432 0.0 4.0 
902 7220748.3 94.77789179018826 82.99693499412304 143.67383496093743 0 233 2.8329 0.0 8.181805246746432 0.0 4.0 
903 7220781.6 94.77789179018826 82.99693499412304 143.67383496093743 0 233 2.8329 0.0 8.181805246746432 0.0 4.0 
904 7220815.0 94.77789179018826 82.99693499412304 143.67383496093743 0 233 2.8329 0.0 8.181805246746432 0.0 4.0 
905 7220848.3 94.77093439833686 82.99129089155049 143.67383496093743 0 233 2.8329 0.0 8.181805246746432 0.0 4.0 
906 7220881.6 94.77093439833686 82.99129089155049 143.67383496093743 0 233 2.8329 0.0 8.181805246746432 0.0 4.0 
907 7220915.0 94.77093439833686 82.99129089155049 143.67383496093743 0 233 2.8329 0.0 8.181805246746432 0.0 4.0 
908 7220948.3 94.77093439833686 82.99129089155049 143.67383496093743 0 233 2.8329 0.0 8.181805246746432 0.0 4.0 
909 7220981.6 94.76639134183284 82.98447010765358 143.67383496093743 0 233 2.8329 0.0 8.181805246746432 0.0 4.0 
910 7221015.0 94.76639134183284 82.98447010765358 143.67383496093743 0 233 2.8329 0.0 8.181805246746432 0.0 4.0 
911 7221048.3 94.76639134183284 82.98447010765358 143.67383496093743 0 233 2.8329 0.0 8.181805246746432 0.0 4.0 
912 7221081.6 94.76639134183284 82.98447010765358 143.67383496093743 0 233 2.8329 0.0 8.181805246746432 0.0 4.0 
913 7221115.0 94.75335315245417 82.98447010765358 143.67383496093743 0 233 2.8329 0.0 8.181805246746432 0.0 4.0 
914 7221148.3 94.75335315245417 82.97501230687747 143.67383496093743 0 233 2.8329 0.0 8.181805246746432 0.0 4.0 
915 7221181.7 94.75335315245417 82.97501230687747 143.67383496093743 0 233 2.8329 0.0 8.181805246746432 0.0 4.0 
916 7221215.0 94.75335315245417 82.97501230687747 143.67383496093743 0 233 2.8329 0.0 8.181805246746432 0.0 4.0 
917 7221248.3 94.74771162004572 82.97695803374816 143.67383496093743 0 233 2.8329 0.0 8.181805246746432 0.0 4.0 
918 7221281.7 94.74771162004572 82.97695803374816 143.67383496093743 0 233 2.8329 0.0 8.181805246746432 0.0 4.0 
919 7221315.0 94.74771162004572 82.97695803374816 143.67383496093743 0 233 2.8329 0.0 8.181805246746432 0.0 4.0 
920 7221348.3 94.74771162004572 82.97695803374816 143.67383496093743 0 233 2.8329 0.0 8.181805246746432 0.0 4.0 
921 7221381.7 94.75531833873677 82.98782873343795 143.67383496093743 0 233 2.8329 0.0 8.181805246746432 0.0 4.0 
922 7221415.0 94.75531833873677 82.98782873343795 143.67383496093743 0 233 2.8329 0.0 8.181805246746432 0.0 4.0 
923 7221448.3 94.75531833873677 82.98782873343795 143.67383496093743 0 233 2.8329 0.0 8.181805246746432 0.0 4.0 
924 7221481.7 94.75531833873677 82.98782873343795 143.67383496093743 0 233 2.8329 0.0 8.181805246746432 0.0 4.0 
925 7221515.0 94.7662556120767 82.98782873343795 143.67383496093743 0 233 2.8329 0.0 8.181805246746432 0.0 4.0 
926 7221548.3 94.7662556120767 82.99595623974561 143.67383496093743 0 233 2.8329 0.0 8.181805246746432 0.0 4.0 
927 7221581.7 94.7662556120767 82.99595623974561 143.67383496093743 0 233 2.8329 0.0 8.181805246746432 0.0 4.0 
928 7221615.0 94.7662556120767 82.99595623974561 143.67383496093743 0 233 2.8329 0.0 8.181805246746432 0.0 4.0 
929 7221648.4 94.77634681107 83.0016099448874 143.67383496093743 0 233 2.8329 0.0 8.181805246746432 0.0 4.0 
930 7221681.7 94.77634681107 83.0016099448874 143.67383496093743 0 233 2.8329 0.0 8.181805246746432 0.0 4.0 
931 7221715.0 94.77634681107 83.0016099448874 143.67383496093743 0 233 2.8329 0.0 8.181805246746432 0.0 4.0 
932 7221748.4 94.77634681107 83.0016099448874 143.67383496093743 0 233 2.8329 0.0 8.181805246746432 0.0 4.0 
933 7221781.7 94.78078721896911 82.9997301415051 143.67383496093743 0 233 2.8329 0.0 8.181805246746432 0.0 4.0 
934 7221815.0 94.78078721896911 82.9997301415051 143.67383496093743 0 233 2.8329 0.0 8.181805246746432 0.0 4.0 
935 7221848.4 94.78078721896911 82.9997301415051 143.67383496093743 0 233 2.8329 0.0 8.181805246746432 0.0 4.0 
936 7221881.7 94.78078721896911 82.9997301415051 143.67383496093743 0 233 2.8329 0.0 8.181805246746432 0.0 4.0 
937 7221915.0 94.78078721896911 82.99113162107791 143.67383496093743 0 233 2.8329 0.0 8.181805246746432 0.0 4.0 
938 7221948.4 94.78078721896911 82.99113162107791 143.67383496093743 0 233 2.8329 0.0 8.181805246746432 0.0 4.0 
939 7221981.7 94.78078721896911 82.99113162107791 143.67383496093743 0 233 2.8329 0.0 8.181805246746432 0.0 4.0 
940 7222015.1 94.78078721896911 82.99113162107791 143.67383496093743 0 233 2.8329 0.0 8.181805246746432 0.0 4.0 
941 7222048.4 94.7770435562254 82.9828617278587 143.67383496093743 0 233 2.8329 0.0 8.181805246746432 0.0 4.0 
942 7222081.7 94.7770435562254 82.9828617278587 143.67383496093743 0 233 2.8329 0.0 8.181805246746432 0.0 4.0 
943 7222115.1 94.7770435562254 82.9828617278587 143.67383496093743 0 233 2.8329 0.0 8.181805246746432 0.0 4.0 
944 7222148.4 94.7770435562254 82.9828617278587 143.67383496093743 0 233 2.8329 0.0 8.181805246746432 0.0 4.0 
945 7222181.7 94.76947541020462 82.9828617278587 143.67383496093743 0 233 2.8329 0.0 8.181805246746432 0.0 4.0 
946 7222215.1 94.76947541020462 82.97349295374609 143.67383496093743 0 233 2.8329 0.0 8.181805246746432 0.0 4.0 
947 7222248.4 94.76947541020462 82.97349295374609 143.67383496093743 0 233 2.8329 0.0 8.181805246746432 0.0 4.0 
948 7222281.7 94.76947541020462 82.97349295374609 143.67383496093743 0 233 2.8329 0.0 8.181805246746432 0.0 4.0 
949 7222315.1 94.76252104845794 82.96739944349194 143.67383496093743 0 233 2.8329 0.0 8.181805246746432 0.0 4.0 
950 7222348.4 94.76252104845794 82.96739944349194 143.67383496093743 0 233 2.8329 0.0 8.181805246746432 0.0 4.0 
951 7222381.7 94.76252104845794 82.96739944349194 143.67383496093743 0 233 2.8329 0.0 8.181805246746432 0.0 4.0 
952 7222415.1 94.76252104845794 82.96739944349194 143.67383496093743 0 233 2.8329 0.0 8.181805246746432 0.0 4.0 
953 7222448.4 94.75597652191803 82.96053200298525 143.67383496093743 0 233 2.8329 0.0 8.181805246746432 0.0 4.0 
954 7222481.8 94.75597652191803 82.96053200298525 143.67383496093743 0 233 2.8329 0.0 8.181805246746432 0.0 4.0 
955 7222515.1 94.75597652191803 82.96053200298525 143.67383496093743 0 233 2.8329 0.0 8.181805246746432 0.0 4.0 
956 7222548.4 94.75597652191803 82.96053200298525 143.67383496093743 0 233 2.8329 0.0 8.181805246746432 0.0 4.0 
957 7222581.8 94.75253277468396 82.96053200298525 143.67383496093743 0 233 2.8329 0.0 8.181805246746432 0.0 4.0 
958 7222615.1 94.75253277468396 82.9504795920963 143.67383496093743 0 233 2.8329 0.0 8.181805246746432 0.0 4.0 
959 7222648.4 94.75253277468396 82.9504795920963 143.67383496093743 0 233 2.8329 0.0 8.181805246746432 0.0 4.0 
960 7222681.8 94.75253277468396 82.9504795920963 143.67383496093743 0 233 2.8329 0.0 8.181805246746432 0.0 4.0 
961 7222715.1 94.7498279826007 82.94178827016472 143.67383496093743 0 233 2.8329 0.0 8.181805246746432 0.0 4.0 
962 7222748.4 94.7498279826007 82.94178827016472 143.67383496093743 0 233 2.8329 0.0 8.181805246746432 0.0 4.0 
963 7222781.8 94.7498279826007 82.94178827016472 143.67383496093743 0 233 2.8329 0.0 8.181805246746432 0.0 4.0 
964 7222815.1 94.7498279826007 82.94178827016472 143.67383496093743 0 233 2.8329 0.0 8.181805246746432 0.0 4.0 
965 7222848.5 94.74819324770642 82.9307777971163 143.67383496093743 0 233 2.8329 0.0 8.181805246746432 0.0 4.0 
966 7222881.8 94.74819324770642 82.9307777971163 143.67383496093743 0 233 2.8329 0.0 8.181805246746432 0.0 4.0 
967 7222915.1 94.74819324770642 82.9307777971163 143.67383496093743 0 233 2.8329 0.0 8.181805246746432 0.0 4.0 
968 7222948.5 94.74819324770642 82.9307777971163 143.67383496093743 0 233 2.8329 0.0 8.181805246746432 0.0 4.0 
969 7222981.8 94.74819324770642 82.9216044643532 143.67383496093743 0 233 2.8329 0.0 8.181805246746432 0.0 4.0 
970 7223015.1 94.74819324770642 82.9216044643532 143.67383496093743 0 233 2.8329 0.0 8.181805246746432 0.0 4.0 
971 7223048.5 94.74819324770642 82.9216044643532 143.67383496093743 0 233 2.8329 0.0 8.181805246746432 0.0 4.0 
972 7223081.8 94.74819324770642 82.9216044643532 143.67383496093743 0 233 2.8329 0.0 8.181805246746432 0.0 4.0 
973 7223115.1 94.75107748127054 82.90548945377407 143.67383496093743 0 233 2.8329 0.0 8.181805246746432 0.0 4.0 
974 7223148.5 94.75107748127054 82.90548945377407 143.67383496093743 0 233 2.8329 0.0 8.181805246746432 0.0 4.0 
975 7223181.8 94.75107748127054 82.90548945377407 143.67383496093743 0 233 2.8329 0.0 8.181805246746432 0.0 4.0 
976 7223215.1 94.75107748127054 82.90548945377407 143.67383496093743 0 233 2.8329 0.0 8.181805246746432 0.0 4.0 
977 7223248.5 94.75913010114625 82.88468644117407 143.67383496093743 0 233 2.8329 0.0 8.181805246746432 0.0 4.0 
978 7223281.8 94.75913010114625 82.88468644117407 143.67383496093743 0 233 2.8329 0.0 8.181805246746432 0.0 4.0 
979 7223315.2 94.75913010114625 82.88468644117407 143.67383496093743 0 233 2.8329 0.0 8.181805246746432 0.0 4.0 
980 7223348.5 94.75913010114625 82.88468644117407 143.67383496093743 0 233 2.8329 0.0 8.181805246746432 0.0 4.0 
981 7223381.8 94.76447113831722 82.86834154847148 143.67383496093743 0 233 2.8329 0.0 8.181805246746432 0.0 4.0 
982 7223415.2 94.76447113831722 82.86834154847148 143.67383496093743 0 233 2.8329 0.0 8.181805246746432 0.0 4.0 
983 7223448.5 94.76447113831722 82.86834154847148 143.67383496093743 0 233 2.8329 0.0 8.181805246746432 0.0 4.0 
984 7223481.8 94.76447113831722 82.86834154847148 143.67383496093743 0 233 2.8329 0.0 8.181805246746432 0.0 4.0 
985 7223515.2 94.76891083341448 82.8513272316481 143.67383496093743 0 233 2.8329 0.0 8.181805246746432 0.0 4.0 
986 7223548.5 94.76891083341448 82.8513272316481 143.67383496093743 0 233 2.8329 0.0 8.181805246746432 0.0 4.0 
987 7223581.8 94.76891083341448 82.8513272316481 143.67383496093743 0 233 2.8329 0.0 8.181805246746432 0.0 4.0 
988 7223615.2 94.76891083341448 82.8513272316481 143.67383496093743 0 233 2.8329 0.0 8.181805246746432 0.0 4.0 
989 7223648.5 94.76891083341448 82.84083762011664 143.67383496093743 0 233 2.8329 0.0 8.181805246746432 0.0 4.0 
990 7223681.9 94.76891083341448 82.84083762011664 143.67383496093743 0 233 2.8329 0.0 8.181805246746432 0.0 4.0 
991 7223715.2 94.76891083341448 82.84083762011664 143.67383496093743 0 233 2.8329 0.0 8.181805246746432 0.0 4.0 
992 7223748.5 94.76891083341448 82.84083762011664 143.67383496093743 0 233 2.8329 0.0 8.181805246746432 0.0 4.0 
993 7223781.9 94.7707914713476 82.84083762011664 143.67383496093743 0 233 2.8329 0.0 8.181805246746432 0.0 4.0 
994 7223815.2 94.7707914713476 82.83304004842476 143.67383496093743 0 233 2.8329 0.0 8.181805246746432 0.0 4.0 
995 7223848.5 94.7707914713476 82.83304004842476 143.67383496093743 0 233 2.8329 0.0 8.181805246746432 0.0 4.0 
996 7223881.9 94.7707914713476 82.83304004842476 143.67383496093743 0 233 2.8329 0.0 8.181805246746432 0.0 4.0 
997 7223915.2 94.77307061454003 82.82484969450563 143.67383496093743 0 233 2.8329 0.0 8.181805246746432 0.0 4.0 
998 7223948.5 94.77307061454003 82.82484969450563 143.67383496093743 0 233 2.8329 0.0 8.181805246746432 0.0 4.0 
999 7223981.9 94.77307061454003 82.82484969450563 143.67383496093743 0 233 2.8329 0.0 8.181805246746432 0.0 4.0 
1000 7224015.2 94.77307061454003 82.82484969450563 143.67383496093743 0 233 2.8329 0.0 8.181805246746432 0.0 4.0 
1001 7224048.5 94.77665020046585 82.8123878974164 143.67383496093743 0 233 2.8329 0.0 8.181805246746432 0.0 4.0 
1002 7224081.9 94.77665020046585 82.8123878974164 143.67383496093743 0 233 2.8329 0.0 8.181805246746432 0.0 4.0 
1003 7224115.2 94.77665020046585 82.8123878974164 143.67383496093743 0 233 2.8329 0.0 8.181805246746432 0.0 4.0 
1004 7224148.6 94.77665020046585 82.8123878974164 143.67383496093743 0 233 2.8329 0.0 8.181805246746432 0.0 4.0 
1005 7224181.9 94.77665020046585 82.77945678429872 143.67383496093743 0 233 2.8329 0.0 8.181805246746432 0.0 4.0 
1006 7224215.2 94.77665020046585 82.77945678429872 143.67383496093743 0 233 2.8329 0.0 8.181805246746432 0.0 4.0 
1007 7224248.6 94.77665020046585 82.77945678429872 143.67383496093743 0 233 2.8329 0.0 8.181805246746432 0.0 4.0 
1008 7224281.9 94.77665020046585 82.77945678429872 143.67383496093743 0 233 2.8329 0.0 8.181805246746432 0.0 4.0 
1009 7224315.2 94.7698651088643 82.76173618262283 143.67383496093743 0 233 2.8329 0.0 8.181805246746432 0.0 4.0 
1010 7224348.6 94.7698651088643 82.76173618262283 143.67383496093743 0 233 2.8329 0.0 8.181805246746432 0.0 4.0 
1011 7224381.9 94.7698651088643 82.76173618262283 143.67383496093743 0 233 2.8329 0.0 8.181805246746432 0.0 4.0 
1012 7224415.2 94.7698651088643 82.76173618262283 143.67383496093743 0 233 2.8329 0.0 8.181805246746432 0.0 4.0 
1013 7224448.6 94.76078220974274 82.76173618262283 143.67383496093743 0 233 2.8329 0.0 8.181805246746432 0.0 4.0 
1014 7224481.9 94.76078220974274 82.74696945725242 143.67383496093743 0 233 2.8329 0.0 8.181805246746432 0.0 4.0 
1015 7224515.3 94.76078220974274 82.74696945725242 143.67383496093743 0 233 2.8329 0.0 8.181805246746432 0.0 4.0 
1016 7224548.6 94.76078220974274 82.74696945725242 143.67383496093743 0 233 2.8329 0.0 8.181805246746432 0.0 4.0 
1017 7224581.9 94.74377972657682 82.7282195070484 143.67383496093743 0 233 2.8329 0.0 8.181805246746432 0.0 4.0 
1018 7224615.3 94.74377972657682 82.7282195070484 143.67383496093743 0 233 2.8329 0.0 8.181805246746432 0.0 4.0 
1019 7224648.6 94.74377972657682 82.7282195070484 143.67383496093743 0 233 2.8329 0.0 8.181805246746432 0.0 4.0 
1020 7224681.9 94.74377972657682 82.7282195070484 143.67383496093743 0 233 2.8329 0.0 8.181805246746432 0.0 4.0 
1021 7224715.3 94.72118225215189 82.7282195070484 143.67383496093743 0 233 2.8329 0.0 8.181805246746432 0.0 4.0 
1022 7224748.6 94.72118225215189 82.71451790213658 143.67383496093743 0 233 2.8329 0.0 8.181805246746432 0.0 4.0 
1023 7224781.9 94.72118225215189 82.71451790213658 143.67383496093743 0 233 2.8329 0.0 8.181805246746432 0.0 4.0 
1024 7224815.3 94.72118225215189 82.71451790213658 143.67383496093743 0 233 2.8329 0.0 8.181805246746432 0.0 4.0 
1025 7224848.6 94.72118225215189 82.71451790213658 143.67383496093743 0 233 2.8329 0.0 8.181805246746432 0.0 4.0 
1026 7224881.9 94.72118225215189 82.71451790213658 143.67383496093743 0 233 2.8329 0.0 8.181805246746432 0.0 4.0 
1027 7224915.3 94.69495906552923 82.71451790213658 143.67383496093743 0 233 2.8329 0.0 8.181805246746432 0.0 4.0 
1028 7224948.6 94.69495906552923 82.69565012280871 143.67383496093743 0 233 2.8329 0.0 8.181805246746432 0.0 4.0 
1029 7224982.0 94.69495906552923 82.69565012280871 143.67383496093743 0 233 2.8329 0.0 8.181805246746432 0.0 4.0 
1030 7225015.3 94.69495906552923 82.69565012280871 143.67383496093743 0 233 2.8329 0.0 8.181805246746432 0.0 4.0 
1031 7225048.6 94.69495906552923 82.69565012280871 143.67383496093743 0 233 2.8329 0.0 8.181805246746432 0.0 4.0 
1032 7225082.0 94.69495906552923 82.69565012280871 143.67383496093743 0 233 2.8329 0.0 8.181805246746432 0.0 4.0 
1033 7225115.3 94.67440826528953 82.68413100468682 143.67383496093743 0 233 2.8329 0.0 8.181805246746432 0.0 4.0 
1034 7225148.6 94.67440826528953 82.68413100468682 143.67383496093743 0 233 2.8329 0.0 8.181805246746432 0.0 4.0 
1035 7225182.0 94.67440826528953 82.68413100468682 143.67383496093743 0 233 2.8329 0.0 8.181805246746432 0.0 4.0 
1036 7225215.3 94.67440826528953 82.68413100468682 143.67383496093743 0 233 2.8329 0.0 8.181805246746432 0.0 4.0 
1037 7225248.6 94.66853799439738 82.68413100468682 143.67383496093743 0 233 2.8329 0.0 8.181805246746432 0.0 4.0 
1038 7225282.0 94.66853799439738 82.68125998188705 143.67383496093743 0 233 2.8329 0.0 8.181805246746432 0.0 4.0 
1039 7225315.3 94.66853799439738 82.68125998188705 143.67383496093743 0 233 2.8329 0.0 8.181805246746432 0.0 4.0 
1040 7225348.7 94.66853799439738 82.68125998188705 143.67383496093743 0 233 2.8329 0.0 8.181805246746432 0.0 4.0 
1041 7225382.0 94.66466106651046 82.67628456642025 143.67383496093743 0 233 2.8329 0.0 8.181805246746432 0.0 4.0 
1042 7225415.3 94.66466106651046 82.67628456642025 143.67383496093743 0 233 2.8329 0.0 8.181805246746432 0.0 4.0 
1043 7225448.7 94.66466106651046 82.67628456642025 143.67383496093743 0 233 2.8329 0.0 8.181805246746432 0.0 4.0 
1044 7225482.0 94.66466106651046 82.67628456642025 143.67383496093743 0 233 2.8329 0.0 8.181805246746432 0.0 4.0 
1045 7225515.3 94.66720172649461 82.67628456642025 143.67383496093743 0 233 2.8329 0.0 8.181805246746432 0.0 4.0 
1046 7225548.7 94.66720172649461 82.67628456642025 143.67383496093743 0 233 2.8329 0.0 8.181805246746432 0.0 4.0 
1047 7225582.0 94.66720172649461 82.67628456642025 143.67383496093743 0 233 2.8329 0.0 8.181805246746432 0.0 4.0 
1048 7225615.3 94.66720172649461 82.67628456642025 143.67383496093743 0 233 2.8329 0.0 8.181805246746432 0.0 4.0 
1049 7225648.7 94.66971835059718 82.67628456642025 143.67383496093743 0 233 2.8329 0.0 8.181805246746432 0.0 4.0 
1050 7225682.0 94.66971835059718 82.67628456642025 143.67383496093743 0 233 2.8329 0.0 8.181805246746432 0.0 4.0 
1051 7225715.3 94.66971835059718 82.67628456642025 143.67383496093743 0 233 2.8329 0.0 8.181805246746432 0.0 4.0 
1052 7225748.7 94.66971835059718 82.67628456642025 143.67383496093743 0 233 2.8329 0.0 8.181805246746432 0.0 4.0 
1053 7225782.0 94.66120744720435 82.67020147788142 143.67383496093743 0 233 2.8329 0.0 8.181805246746432 0.0 4.0 
1054 7225815.4 94.66120744720435 82.67020147788142 143.67383496093743 0 233 2.8329 0.0 8.181805246746432 0.0 4.0 
1055 7225848.7 94.66120744720435 82.67020147788142 143.67383496093743 0 233 2.8329 0.0 8.181805246746432 0.0 4.0 
1056 7225882.0 94.66120744720435 82.67020147788142 143.67383496093743 0 233 2.8329 0.0 8.181805246746432 0.0 4.0 
1057 7225915.4 94.6403704363269 82.67020147788142 143.67383496093743 0 233 2.8329 0.0 8.181805246746432 0.0 4.0 
1058 7225948.7 94.6403704363269 82.66566476105413 143.67383496093743 0 233 2.8329 0.0 8.181805246746432 0.0 4.0 
1059 7225982.0 94.6403704363269 82.66566476105413 143.67383496093743 0 233 2.8329 0.0 8.181805246746432 0.0 4.0 
1060 7226015.4 94.6403704363269 82.66566476105413 143.67383496093743 0 233 2.8329 0.0 8.181805246746432 0.0 4.0 
1061 7226048.7 94.6403704363269 82.66566476105413 143.67383496093743 0 233 2.8329 0.0 8.181805246746432 0.0 4.0 
1062 7226082.0 94.6403704363269 82.66566476105413 143.67383496093743 0 233 2.8329 0.0 8.181805246746432 0.0 4.0 
1063 7226115.4 94.6298949954149 82.66181432255132 143.67383496093743 0 233 2.8329 0.0 8.181805246746432 0.0 4.0 
1064 7226148.7 94.6298949954149 82.66181432255132 143.67383496093743 0 233 2.8329 0.0 8.181805246746432 0.0 4.0 
1065 7226182.1 94.6298949954149 82.66181432255132 143.67383496093743 0 233 2.8329 0.0 8.181805246746432 0.0 4.0 
1066 7226215.4 94.6298949954149 82.66181432255132 143.67383496093743 0 233 2.8329 0.0 8.181805246746432 0.0 4.0 
1067 7226248.7 94.6298949954149 82.65867195436464 143.67383496093743 0 233 2.8329 0.0 8.181805246746432 0.0 4.0 
1068 7226282.1 94.6298949954149 82.65867195436464 143.67383496093743 0 233 2.8329 0.0 8.181805246746432 0.0 4.0 
1069 7226315.4 94.6298949954149 82.65867195436464 143.67383496093743 0 233 2.8329 0.0 8.181805246746432 0.0 4.0 
1070 7226348.7 94.6298949954149 82.65867195436464 143.67383496093743 0 233 2.8329 0.0 8.181805246746432 0.0 4.0 
1071 7226382.1 94.63640160591449 82.65867195436464 143.67383496093743 0 233 2.8329 0.0 8.181805246746432 0.0 4.0 
1072 7226415.4 94.63640160591449 82.65486546694197 143.67383496093743 0 233 2.8329 0.0 8.181805246746432 0.0 4.0 
1073 7226448.7 94.63640160591449 82.65486546694197 143.67383496093743 0 233 2.8329 0.0 8.181805246746432 0.0 4.0 
1074 7226482.1 94.63640160591449 82.65486546694197 143.67383496093743 0 233 2.8329 0.0 8.181805246746432 0.0 4.0 
1075 7226515.4 94.64469563542826 82.64761800958388 143.67383496093743 0 233 2.8329 0.0 8.181805246746432 0.0 4.0 
1076 7226548.7 94.64469563542826 82.64761800958388 143.67383496093743 0 233 2.8329 0.0 8.181805246746432 0.0 4.0 
1077 7226582.1 94.64469563542826 82.64761800958388 143.67383496093743 0 233 2.8329 0.0 8.181805246746432 0.0 4.0 
1078 7226615.4 94.64469563542826 82.64761800958388 143.67383496093743 0 233 2.8329 0.0 8.181805246746432 0.0 4.0 
1079 7226648.8 94.64819467879839 82.6455167176127 143.67383496093743 0 233 2.8329 0.0 8.181805246746432 0.0 4.0 
1080 7226682.1 94.64819467879839 82.6455167176127 143.67383496093743 0 233 2.8329 0.0 8.181805246746432 0.0 4.0 
1081 7226715.4 94.64819467879839 82.6455167176127 143.67383496093743 0 233 2.8329 0.0 8.181805246746432 0.0 4.0 
1082 7226748.8 94.64819467879839 82.6455167176127 143.67383496093743 0 233 2.8329 0.0 8.181805246746432 0.0 4.0 
1083 7226782.1 94.64688447448378 82.6455167176127 143.67383496093743 0 233 2.8329 0.0 8.181805246746432 0.0 4.0 
1084 7226815.4 94.64688447448378 82.63866163858948 143.67383496093743 0 233 2.8329 0.0 8.181805246746432 0.0 4.0 
1085 7226848.8 94.64688447448378 82.63866163858948 143.67383496093743 0 233 2.8329 0.0 8.181805246746432 0.0 4.0 
1086 7226882.1 94.64688447448378 82.63866163858948 143.67383496093743 0 233 2.8329 0.0 8.181805246746432 0.0 4.0 
1087 7226915.4 94.64183992930509 82.6268787978789 143.67383496093743 0 233 2.8329 0.0 8.181805246746432 0.0 4.0 
1088 7226948.8 94.64183992930509 82.6268787978789 143.67383496093743 0 233 2.8329 0.0 8.181805246746432 0.0 4.0 
1089 7226982.1 94.64183992930509 82.6268787978789 143.67383496093743 0 233 2.8329 0.0 8.181805246746432 0.0 4.0 
1090 7227015.5 94.64183992930509 82.6268787978789 143.67383496093743 0 233 2.8329 0.0 8.181805246746432 0.0 4.0 
1091 7227048.8 94.63606833883341 82.6268787978789 143.67383496093743 0 233 2.8329 0.0 8.181805246746432 0.0 4.0 
1092 7227082.1 94.63606833883341 82.62460435126539 143.67383496093743 0 233 2.8329 0.0 8.181805246746432 0.0 4.0 
1093 7227115.5 94.63606833883341 82.62460435126539 143.67383496093743 0 233 2.8329 0.0 8.181805246746432 0.0 4.0 
1094 7227148.8 94.63606833883341 82.62460435126539 143.67383496093743 0 233 2.8329 0.0 8.181805246746432 0.0 4.0 
1095 7227182.1 94.62842605816336 82.62460435126539 143.67383496093743 0 233 2.8329 0.0 8.181805246746432 0.0 4.0 
1096 7227215.5 94.62842605816336 82.62263506265292 143.67383496093743 0 233 2.8329 0.0 8.181805246746432 0.0 4.0 
1097 7227248.8 94.62842605816336 82.62263506265292 143.67383496093743 0 233 2.8329 0.0 8.181805246746432 0.0 4.0 
1098 7227282.1 94.62842605816336 82.62263506265292 143.67383496093743 0 233 2.8329 0.0 8.181805246746432 0.0 4.0 
1099 7227315.5 94.62544017076424 82.61391701408586 143.67383496093743 0 233 2.8329 0.0 8.181805246746432 0.0 4.0 
1100 7227348.8 94.62544017076424 82.61391701408586 143.67383496093743 0 233 2.8329 0.0 8.181805246746432 0.0 4.0 
1101 7227382.1 94.62544017076424 82.61391701408586 143.67383496093743 0 233 2.8329 0.0 8.181805246746432 0.0 4.0 
1102 7227415.5 94.62544017076424 82.61391701408586 143.67383496093743 0 233 2.8329 0.0 8.181805246746432 0.0 4.0 
1103 7227448.8 94.62544017076424 82.6076897871853 143.67383496093743 0 233 2.8329 0.0 8.181805246746432 0.0 4.0 
1104 7227482.2 94.62544017076424 82.6076897871853 143.67383496093743 0 233 2.8329 0.0 8.181805246746432 0.0 4.0 
1105 7227515.5 94.62544017076424 82.6076897871853 143.67383496093743 0 233 2.8329 0.0 8.181805246746432 0.0 4.0 
1106 7227548.8 94.62544017076424 82.6076897871853 143.67383496093743 0 233 2.8329 0.0 8.181805246746432 0.0 4.0 
1107 7227582.2 94.62544017076424 82.60269762223147 143.67383496093743 0 233 2.8329 0.0 8.181805246746432 0.0 4.0 
1108 7227615.5 94.62544017076424 82.60269762223147 143.67383496093743 0 233 2.8329 0.0 8.181805246746432 0.0 4.0 
1109 7227648.8 94.62544017076424 82.60269762223147 143.67383496093743 0 233 2.8329 0.0 8.181805246746432 0.0 4.0 
1110 7227682.2 94.62544017076424 82.60269762223147 143.67383496093743 0 233 2.8329 0.0 8.181805246746432 0.0 4.0 
1111 7227715.5 94.62544017076424 82.60269762223147 143.67383496093743 0 233 2.8329 0.0 8.181805246746432 0.0 4.0 
1112 7227748.8 94.62544017076424 82.60269762223147 143.67383496093743 0 233 2.8329 0.0 8.181805246746432 0.0 4.0 
1113 7227782.2 94.62544017076424 82.60269762223147 143.67383496093743 0 233 2.8329 0.0 8.181805246746432 0.0 4.0 
1114 7227815.5 94.62544017076424 82.60269762223147 143.67383496093743 0 233 2.8329 0.0 8.181805246746432 0.0 4.0 
1115 7227848.9 94.62243649442219 82.60269762223147 143.67383496093743 0 233 2.8329 0.0 8.181805246746432 0.0 4.0 
1116 7227882.2 94.62243649442219 82.60530823550387 143.67383496093743 0 233 2.8329 0.0 8.181805246746432 0.0 4.0 
1117 7227915.5 94.62243649442219 82.60530823550387 143.67383496093743 0 233 2.8329 0.0 8.181805246746432 0.0 4.0 
1118 7227948.9 94.62243649442219 82.60530823550387 143.67383496093743 0 233 2.8329 0.0 8.181805246746432 0.0 4.0 
1119 7227982.2 94.62644170345115 82.60530823550387 143.67383496093743 0 233 2.8329 0.0 8.181805246746432 0.0 4.0 
1120 7228015.5 94.62644170345115 82.62791105523146 143.67383496093743 0 233 2.8329 0.0 8.181805246746432 0.0 4.0 
1121 7228048.9 94.62644170345115 82.62791105523146 143.67383496093743 0 233 2.8329 0.0 8.181805246746432 0.0 4.0 
1122 7228082.2 94.62644170345115 82.62791105523146 143.67383496093743 0 233 2.8329 0.0 8.181805246746432 0.0 4.0 
1123 7228115.5 94.62644170345115 82.62791105523146 143.67383496093743 0 233 2.8329 0.0 8.181805246746432 0.0 4.0 
1124 7228148.9 94.62644170345115 82.62791105523146 143.67383496093743 0 233 2.8329 0.0 8.181805246746432 0.0 4.0 
1125 7228182.2 94.65000843103547 82.65807872582693 143.67383496093743 0 233 2.8329 0.0 8.181805246746432 0.0 4.0 
1126 7228215.5 94.65000843103547 82.65807872582693 143.67383496093743 0 233 2.8329 0.0 8.181805246746432 0.0 4.0 
1127 7228248.9 94.65000843103547 82.65807872582693 143.67383496093743 0 233 2.8329 0.0 8.181805246746432 0.0 4.0 
1128 7228282.2 94.65000843103547 82.65807872582693 143.67383496093743 0 233 2.8329 0.0 8.181805246746432 0.0 4.0 
1129 7228315.6 94.65000843103547 82.65807872582693 143.67383496093743 0 233 2.8329 0.0 8.181805246746432 0.0 4.0 
1130 7228348.9 94.65000843103547 82.65807872582693 143.67383496093743 0 233 2.8329 0.0 8.181805246746432 0.0 4.0 
1131 7228382.2 94.68295715776385 82.65807872582693 143.67383496093743 0 233 2.8329 0.0 8.181805246746432 0.0 4.0 
1132 7228415.6 94.68295715776385 82.68362167774336 143.67383496093743 0 233 2.8329 0.0 8.181805246746432 0.0 4.0 
1133 7228448.9 94.68295715776385 82.68362167774336 143.67383496093743 0 233 2.8329 0.0 8.181805246746432 0.0 4.0 
1134 7228482.2 94.68295715776385 82.68362167774336 143.67383496093743 0 233 2.8329 0.0 8.181805246746432 0.0 4.0 
1135 7228515.6 94.68295715776385 82.68362167774336 143.67383496093743 0 233 2.8329 0.0 8.181805246746432 0.0 4.0 
1136 7228548.9 94.68295715776385 82.68362167774336 143.67383496093743 0 233 2.8329 0.0 8.181805246746432 0.0 4.0 
1137 7228582.2 94.7159110449837 82.71352940560118 143.67383496093743 0 233 2.8329 0.0 8.181805246746432 0.0 4.0 
1138 7228615.6 94.7159110449837 82.71352940560118 143.67383496093743 0 233 2.8329 0.0 8.181805246746432 0.0 4.0 
1139 7228648.9 94.7159110449837 82.71352940560118 143.67383496093743 0 233 2.8329 0.0 8.181805246746432 0.0 4.0 
1140 7228682.3 94.7159110449837 82.71352940560118 143.67383496093743 0 233 2.8329 0.0 8.181805246746432 0.0 4.0 
1141 7228715.6 94.7159110449837 82.71352940560118 143.67383496093743 0 233 2.8329 0.0 8.181805246746432 0.0 4.0 
1142 7228748.9 94.7159110449837 82.71352940560118 143.67383496093743 0 233 2.8329 0.0 8.181805246746432 0.0 4.0 
1143 7228782.3 94.73734956318404 82.71352940560118 143.67383496093743 0 233 2.8329 0.0 8.181805246746432 0.0 4.0 
1144 7228815.6 94.73734956318404 82.7444969358246 143.67383496093743 0 233 2.8329 0.0 8.181805246746432 0.0 4.0 
1145 7228848.9 94.73734956318404 82.7444969358246 143.67383496093743 0 233 2.8329 0.0 8.181805246746432 0.0 4.0 
1146 7228882.3 94.73734956318404 82.7444969358246 143.67383496093743 0 233 2.8329 0.0 8.181805246746432 0.0 4.0 
1147 7228915.6 94.73734956318404 82.7444969358246 143.67383496093743 0 233 2.8329 0.0 8.181805246746432 0.0 4.0 
1148 7228948.9 94.73734956318404 82.7444969358246 143.67383496093743 0 233 2.8329 0.0 8.181805246746432 0.0 4.0 
1149 7228982.3 94.7487395672501 82.76496304080544 143.67383496093743 0 233 2.8329 0.0 8.181805246746432 0.0 4.0 
1150 7229015.6 94.7487395672501 82.76496304080544 143.67383496093743 0 233 2.8329 0.0 8.181805246746432 0.0 4.0 
1151 7229048.9 94.7487395672501 82.76496304080544 143.67383496093743 0 233 2.8329 0.0 8.181805246746432 0.0 4.0 
1152 7229082.3 94.7487395672501 82.76496304080544 143.67383496093743 0 233 2.8329 0.0 8.181805246746432 0.0 4.0 
1153 7229115.6 94.75370790279702 82.76496304080544 143.67383496093743 0 233 2.8329 0.0 8.181805246746432 0.0 4.0 
1154 7229149.0 94.75370790279702 82.78243030233897 143.67383496093743 0 233 2.8329 0.0 8.181805246746432 0.0 4.0 
1155 7229182.3 94.75370790279702 82.78243030233897 143.67383496093743 0 233 2.8329 0.0 8.181805246746432 0.0 4.0 
1156 7229215.6 94.75370790279702 82.78243030233897 143.67383496093743 0 233 2.8329 0.0 8.181805246746432 0.0 4.0 
1157 7229249.0 94.75370790279702 82.78243030233897 143.67383496093743 0 233 2.8329 0.0 8.181805246746432 0.0 4.0 
1158 7229282.3 94.75370790279702 82.78243030233897 143.67383496093743 0 233 2.8329 0.0 8.181805246746432 0.0 4.0 
1159 7229315.6 94.75853208343496 82.79922514274055 143.67383496093743 0 233 2.8329 0.0 8.181805246746432 0.0 4.0 
1160 7229349.0 94.75853208343496 82.79922514274055 143.67383496093743 0 233 2.8329 0.0 8.181805246746432 0.0 4.0 
1161 7229382.3 94.75853208343496 82.79922514274055 143.67383496093743 0 233 2.8329 0.0 8.181805246746432 0.0 4.0 
1162 7229415.6 94.75853208343496 82.79922514274055 143.67383496093743 0 233 2.8329 0.0 8.181805246746432 0.0 4.0 
1163 7229449.0 94.761309023028 82.79922514274055 143.67383496093743 0 233 2.8329 0.0 8.181805246746432 0.0 4.0 
1164 7229482.3 94.761309023028 82.81028515143248 143.67383496093743 0 233 2.8329 0.0 8.181805246746432 0.0 4.0 
1165 7229515.7 94.761309023028 82.81028515143248 143.67383496093743 0 233 2.8329 0.0 8.181805246746432 0.0 4.0 
1166 7229549.0 94.761309023028 82.81028515143248 143.67383496093743 0 233 2.8329 0.0 8.181805246746432 0.0 4.0 
1167 7229582.3 94.76343484116623 82.81028515143248 143.67383496093743 0 233 2.8329 0.0 8.181805246746432 0.0 4.0 
1168 7229615.7 94.76343484116623 82.8195172026124 143.67383496093743 0 233 2.8329 0.0 8.181805246746432 0.0 4.0 
1169 7229649.0 94.76343484116623 82.8195172026124 143.67383496093743 0 233 2.8329 0.0 8.181805246746432 0.0 4.0 
1170 7229682.3 94.76343484116623 82.8195172026124 143.67383496093743 0 233 2.8329 0.0 8.181805246746432 0.0 4.0 
1171 7229715.7 94.76343484116623 82.83344741210944 143.67383496093743 0 233 2.8329 0.0 8.181805246746432 0.0 4.0 
1172 7229749.0 94.76343484116623 82.83344741210944 143.67383496093743 0 233 2.8329 0.0 8.181805246746432 0.0 4.0 
1173 7229782.3 94.76343484116623 82.83344741210944 143.67383496093743 0 233 2.8329 0.0 8.181805246746432 0.0 4.0 
1174 7229815.7 94.76343484116623 82.83344741210944 143.67383496093743 0 233 2.8329 0.0 8.181805246746432 0.0 4.0 
1175 7229849.0 94.76612412162565 82.83344741210944 143.67383496093743 0 233 2.8329 0.0 8.181805246746432 0.0 4.0 
1176 7229882.3 94.76612412162565 82.83649243330143 143.67383496093743 0 233 2.8329 0.0 8.181805246746432 0.0 4.0 
1177 7229915.7 94.76612412162565 82.83649243330143 143.67383496093743 0 233 2.8329 0.0 8.181805246746432 0.0 4.0 
1178 7229949.0 94.76612412162565 82.83649243330143 143.67383496093743 0 233 2.8329 0.0 8.181805246746432 0.0 4.0 
1179 7229982.4 94.76768541863069 82.83649243330143 143.67383496093743 0 233 2.8329 0.0 8.181805246746432 0.0 4.0 
1180 7230015.7 94.76768541863069 82.84689132751618 143.67383496093743 0 233 2.8329 0.0 8.181805246746432 0.0 4.0 
1181 7230049.0 94.76768541863069 82.84689132751618 143.67383496093743 0 233 2.8329 0.0 8.181805246746432 0.0 4.0 
1182 7230082.4 94.76768541863069 82.84689132751618 143.67383496093743 0 233 2.8329 0.0 8.181805246746432 0.0 4.0 
1183 7230115.7 94.76901317354177 82.85882488054244 143.67383496093743 0 233 2.8329 0.0 8.181805246746432 0.0 4.0 
1184 7230149.0 94.76901317354177 82.85882488054244 143.67383496093743 0 233 2.8329 0.0 8.181805246746432 0.0 4.0 
1185 7230182.4 94.76901317354177 82.85882488054244 143.67383496093743 0 233 2.8329 0.0 8.181805246746432 0.0 4.0 
1186 7230215.7 94.76901317354177 82.85882488054244 143.67383496093743 0 233 2.8329 0.0 8.181805246746432 0.0 4.0 
1187 7230249.0 94.7718539073674 82.85882488054244 143.67383496093743 0 233 2.8329 0.0 8.181805246746432 0.0 4.0 
1188 7230282.4 94.7718539073674 82.8657839848453 143.67383496093743 0 233 2.8329 0.0 8.181805246746432 0.0 4.0 
1189 7230315.7 94.7718539073674 82.8657839848453 143.67383496093743 0 233 2.8329 0.0 8.181805246746432 0.0 4.0 
1190 7230349.1 94.7718539073674 82.8657839848453 143.67383496093743 0 233 2.8329 0.0 8.181805246746432 0.0 4.0 
1191 7230382.4 94.77483995607795 82.8657839848453 143.67383496093743 0 233 2.8329 0.0 8.181805246746432 0.0 4.0 
1192 7230415.7 94.77483995607795 82.87838784019141 143.67383496093743 0 233 2.8329 0.0 8.181805246746432 0.0 4.0 
1193 7230449.1 94.77483995607795 82.87838784019141 143.67383496093743 0 233 2.8329 0.0 8.181805246746432 0.0 4.0 
1194 7230482.4 94.77483995607795 82.87838784019141 143.67383496093743 0 233 2.8329 0.0 8.181805246746432 0.0 4.0 
1195 7230515.7 94.77861635328875 82.89420071734096 143.67383496093743 0 233 2.8329 0.0 8.181805246746432 0.0 4.0 
1196 7230549.1 94.77861635328875 82.89420071734096 143.67383496093743 0 233 2.8329 0.0 8.181805246746432 0.0 4.0 
1197 7230582.4 94.77861635328875 82.89420071734096 143.67383496093743 0 233 2.8329 0.0 8.181805246746432 0.0 4.0 
1198 7230615.7 94.77861635328875 82.89420071734096 143.67383496093743 0 233 2.8329 0.0 8.181805246746432 0.0 4.0 
1199 7230649.1 94.78259451385085 82.89420071734096 143.67383496093743 0 233 2.8329 0.0 8.181805246746432 0.0 4.0 
1200 7230682.4 94.78259451385085 82.90413380275588 143.67383496093743 0 233 2.8329 0.0 8.181805246746432 0.0 4.0 
1201 7230715.7 94.78259451385085 82.90413380275588 143.67383496093743 0 233 2.8329 0.0 8.181805246746432 0.0 4.0 
1202 7230749.1 94.78259451385085 82.90413380275588 143.67383496093743 0 233 2.8329 0.0 8.181805246746432 0.0 4.0 
1203 7230782.4 94.78942390532653 82.90413380275588 143.67383496093743 0 233 2.8329 0.0 8.181805246746432 0.0 4.0 
1204 7230815.8 94.78942390532653 82.92257769386342 143.67383496093743 0 233 2.8329 0.0 8.181805246746432 0.0 4.0 
1205 7230849.1 94.78942390532653 82.92257769386342 143.67383496093743 0 233 2.8329 0.0 8.181805246746432 0.0 4.0 
1206 7230882.4 94.78942390532653 82.92257769386342 143.67383496093743 0 233 2.8329 0.0 8.181805246746432 0.0 4.0 
1207 7230915.8 94.79622939724129 82.9376153778485 143.67383496093743 0 233 2.8329 0.0 8.181805246746432 0.0 4.0 
1208 7230949.1 94.79622939724129 82.9376153778485 143.67383496093743 0 233 2.8329 0.0 8.181805246746432 0.0 4.0 
1209 7230982.4 94.79622939724129 82.9376153778485 143.67383496093743 0 233 2.8329 0.0 8.181805246746432 0.0 4.0 
1210 7231015.8 94.79622939724129 82.9376153778485 143.67383496093743 0 233 2.8329 0.0 8.181805246746432 0.0 4.0 
1211 7231049.1 94.8035703192131 82.9376153778485 143.67383496093743 0 233 2.8329 0.0 8.181805246746432 0.0 4.0 
1212 7231082.4 94.8035703192131 82.95220697299628 143.67383496093743 0 233 2.8329 0.0 8.181805246746432 0.0 4.0 
1213 7231115.8 94.8035703192131 82.95220697299628 143.67383496093743 0 233 2.8329 0.0 8.181805246746432 0.0 4.0 
1214 7231149.1 94.8035703192131 82.95220697299628 143.67383496093743 0 233 2.8329 0.0 8.181805246746432 0.0 4.0 
1215 7231182.5 94.8035703192131 82.95220697299628 143.67383496093743 0 233 2.8329 0.0 8.181805246746432 0.0 4.0 
1216 7231215.8 94.8035703192131 82.95220697299628 143.67383496093743 0 233 2.8329 0.0 8.181805246746432 0.0 4.0 
1217 7231249.1 94.81519410439542 82.97069423447267 143.67383496093743 0 233 2.8329 0.0 8.181805246746432 0.0 4.0 
1218 7231282.5 94.81519410439542 82.97069423447267 143.67383496093743 0 233 2.8329 0.0 8.181805246746432 0.0 4.0 
1219 7231315.8 94.81519410439542 82.97069423447267 143.67383496093743 0 233 2.8329 0.0 8.181805246746432 0.0 4.0 
1220 7231349.1 94.81519410439542 82.97069423447267 143.67383496093743 0 233 2.8329 0.0 8.181805246746432 0.0 4.0 
1221 7231382.5 94.82496813714245 82.97069423447267 143.67383496093743 0 233 2.8329 0.0 8.181805246746432 0.0 4.0 
1222 7231415.8 94.82496813714245 82.98133370079425 143.67383496093743 0 233 2.8329 0.0 8.181805246746432 0.0 4.0 
1223 7231449.1 94.82496813714245 82.98133370079425 143.67383496093743 0 233 2.8329 0.0 8.181805246746432 0.0 4.0 
1224 7231482.5 94.82496813714245 82.98133370079425 143.67383496093743 0 233 2.8329 0.0 8.181805246746432 0.0 4.0 
1225 7231515.8 94.834537657806 82.98133370079425 143.67383496093743 0 233 2.8329 0.0 8.181805246746432 0.0 4.0 
1226 7231549.1 94.834537657806 82.99114739913198 143.67383496093743 0 233 2.8329 0.0 8.181805246746432 0.0 4.0 
1227 7231582.5 94.834537657806 82.99114739913198 143.67383496093743 0 233 2.8329 0.0 8.181805246746432 0.0 4.0 
1228 7231615.8 94.834537657806 82.99114739913198 143.67383496093743 0 233 2.8329 0.0 8.181805246746432 0.0 4.0 
1229 7231649.2 94.84567592255162 83.00064756034173 143.67383496093743 0 233 2.8329 0.0 8.181805246746432 0.0 4.0 
1230 7231682.5 94.84567592255162 83.00064756034173 143.67383496093743 0 233 2.8329 0.0 8.181805246746432 0.0 4.0 
1231 7231715.8 94.84567592255162 83.00064756034173 143.67383496093743 0 233 2.8329 0.0 8.181805246746432 0.0 4.0 
1232 7231749.2 94.84567592255162 83.00064756034173 143.67383496093743 0 233 2.8329 0.0 8.181805246746432 0.0 4.0 
1233 7231782.5 94.8637379828861 83.01446426539461 143.67383496093743 0 233 2.8329 0.0 8.181805246746432 0.0 4.0 
1234 7231815.8 94.8637379828861 83.01446426539461 143.67383496093743 0 233 2.8329 0.0 8.181805246746432 0.0 4.0 
1235 7231849.2 94.8637379828861 83.01446426539461 143.67383496093743 0 233 2.8329 0.0 8.181805246746432 0.0 4.0 
1236 7231882.5 94.8637379828861 83.01446426539461 143.67383496093743 0 233 2.8329 0.0 8.181805246746432 0.0 4.0 
1237 7231915.8 94.87973313598206 83.01446426539461 143.67383496093743 0 233 2.8329 0.0 8.181805246746432 0.0 4.0 
1238 7231949.2 94.87973313598206 83.02264168650345 143.67383496093743 0 233 2.8329 0.0 8.181805246746432 0.0 4.0 
1239 7231982.5 94.87973313598206 83.02264168650345 143.67383496093743 0 233 2.8329 0.0 8.181805246746432 0.0 4.0 
1240 7232015.9 94.87973313598206 83.02264168650345 143.67383496093743 0 233 2.8329 0.0 8.181805246746432 0.0 4.0 
1241 7232049.2 94.8997397915381 83.03062686702654 143.67383496093743 0 233 2.8329 0.0 8.181805246746432 0.0 4.0 
1242 7232082.5 94.8997397915381 83.03062686702654 143.67383496093743 0 233 2.8329 0.0 8.181805246746432 0.0 4.0 
1243 7232115.9 94.8997397915381 83.03062686702654 143.67383496093743 0 233 2.8329 0.0 8.181805246746432 0.0 4.0 
1244 7232149.2 94.8997397915381 83.03062686702654 143.67383496093743 0 233 2.8329 0.0 8.181805246746432 0.0 4.0 
1245 7232182.5 94.91585915179151 83.03431188212542 143.67383496093743 0 233 2.8329 0.0 8.181805246746432 0.0 4.0 
1246 7232215.9 94.91585915179151 83.03431188212542 143.67383496093743 0 233 2.8329 0.0 8.181805246746432 0.0 4.0 
1247 7232249.2 94.91585915179151 83.03431188212542 143.67383496093743 0 233 2.8329 0.0 8.181805246746432 0.0 4.0 
1248 7232282.5 94.91585915179151 83.03431188212542 143.67383496093743 0 233 2.8329 0.0 8.181805246746432 0.0 4.0 
1249 7232315.9 94.93090861226598 83.03431188212542 143.67383496093743 0 233 2.8329 0.0 8.181805246746432 0.0 4.0 
1250 7232349.2 94.93090861226598 83.03596575667223 143.67383496093743 0 233 2.8329 0.0 8.181805246746432 0.0 4.0 
1251 7232382.5 94.93090861226598 83.03596575667223 143.67383496093743 0 233 2.8329 0.0 8.181805246746432 0.0 4.0 
1252 7232415.9 94.93090861226598 83.03596575667223 143.67383496093743 0 233 2.8329 0.0 8.181805246746432 0.0 4.0 
1253 7232449.2 94.95298993061776 83.03596575667223 143.67383496093743 0 233 2.8329 0.0 8.181805246746432 0.0 4.0 
1254 7232482.6 94.95298993061776 83.03596575667223 143.67383496093743 0 233 2.8329 0.0 8.181805246746432 0.0 4.0 
1255 7232515.9 94.95298993061776 83.03596575667223 143.67383496093743 0 233 2.8329 0.0 8.181805246746432 0.0 4.0 
1256 7232549.2 94.95298993061776 83.03596575667223 143.67383496093743 0 233 2.8329 0.0 8.181805246746432 0.0 4.0 
1257 7232582.6 94.98064187209323 83.03299488805729 143.67383496093743 0 233 2.8329 0.0 8.181805246746432 0.0 4.0 
1258 7232615.9 94.98064187209323 83.03299488805729 143.67383496093743 0 233 2.8329 0.0 8.181805246746432 0.0 4.0 
1259 7232649.2 94.98064187209323 83.03299488805729 143.67383496093743 0 233 2.8329 0.0 8.181805246746432 0.0 4.0 
1260 7232682.6 94.98064187209323 83.03299488805729 143.67383496093743 0 233 2.8329 0.0 8.181805246746432 0.0 4.0 
1261 7232715.9 94.9981492251209 83.03299488805729 143.67383496093743 0 233 2.8329 0.0 8.181805246746432 0.0 4.0 
1262 7232749.2 94.9981492251209 83.0221821938501 143.67383496093743 0 233 2.8329 0.0 8.181805246746432 0.0 4.0 
1263 7232782.6 94.9981492251209 83.0221821938501 143.67383496093743 0 233 2.8329 0.0 8.181805246746432 0.0 4.0 
1264 7232815.9 94.9981492251209 83.0221821938501 143.67383496093743 0 233 2.8329 0.0 8.181805246746432 0.0 4.0 
1265 7232849.3 95.01376388756267 83.00957190735039 143.67383496093743 0 233 2.8329 0.0 8.181805246746432 0.0 4.0 
1266 7232882.6 95.01376388756267 83.00957190735039 143.67383496093743 0 233 2.8329 0.0 8.181805246746432 0.0 4.0 
1267 7232915.9 95.01376388756267 83.00957190735039 143.67383496093743 0 233 2.8329 0.0 8.181805246746432 0.0 4.0 
1268 7232949.3 95.01376388756267 83.00957190735039 143.67383496093743 0 233 2.8329 0.0 8.181805246746432 0.0 4.0 
1269 7232982.6 95.03084177359891 83.00957190735039 143.67383496093743 0 233 2.8329 0.0 8.181805246746432 0.0 4.0 
1270 7233015.9 95.03084177359891 82.9967918676817 143.67383496093743 0 233 2.8329 0.0 8.181805246746432 0.0 4.0 
1271 7233049.3 95.03084177359891 82.9967918676817 143.67383496093743 0 233 2.8329 0.0 8.181805246746432 0.0 4.0 
1272 7233082.6 95.03084177359891 82.9967918676817 143.67383496093743 0 233 2.8329 0.0 8.181805246746432 0.0 4.0 
1273 7233115.9 95.03084177359891 82.9967918676817 143.67383496093743 0 233 2.8329 0.0 8.181805246746432 0.0 4.0 
1274 7233149.3 95.03084177359891 82.9967918676817 143.67383496093743 0 233 2.8329 0.0 8.181805246746432 0.0 4.0 
1275 7233182.6 95.04942321155247 82.9967918676817 143.67383496093743 0 233 2.8329 0.0 8.181805246746432 0.0 4.0 
1276 7233215.9 95.04942321155247 82.9759447296769 143.67383496093743 0 233 2.8329 0.0 8.181805246746432 0.0 4.0 
1277 7233249.3 95.04942321155247 82.9759447296769 143.67383496093743 0 233 2.8329 0.0 8.181805246746432 0.0 4.0 
1278 7233282.6 95.04942321155247 82.9759447296769 143.67383496093743 0 233 2.8329 0.0 8.181805246746432 0.0 4.0 
1279 7233316.0 95.04942321155247 82.9759447296769 143.67383496093743 0 233 2.8329 0.0 8.181805246746432 0.0 4.0 
1280 7233349.3 95.04942321155247 82.9759447296769 143.67383496093743 0 233 2.8329 0.0 8.181805246746432 0.0 4.0 
1281 7233382.6 95.05985373699426 82.9759447296769 143.67383496093743 0 233 2.8329 0.0 8.181805246746432 0.0 4.0 
1282 7233416.0 95.05985373699426 82.96265347833895 143.67383496093743 0 233 2.8329 0.0 8.181805246746432 0.0 4.0 
1283 7233449.3 95.05985373699426 82.96265347833895 143.67383496093743 0 233 2.8329 0.0 8.181805246746432 0.0 4.0 
1284 7233482.6 95.05985373699426 82.96265347833895 143.67383496093743 0 233 2.8329 0.0 8.181805246746432 0.0 4.0 
1285 7233516.0 95.05985373699426 82.96265347833895 143.67383496093743 0 233 2.8329 0.0 8.181805246746432 0.0 4.0 
1286 7233549.3 95.05985373699426 82.96265347833895 143.67383496093743 0 233 2.8329 0.0 8.181805246746432 0.0 4.0 
1287 7233582.6 95.06215475315605 82.96265347833895 143.67383496093743 0 233 2.8329 0.0 8.181805246746432 0.0 4.0 
1288 7233616.0 95.06215475315605 82.98106897702039 143.67383496093743 0 233 2.8329 0.0 8.181805246746432 0.0 4.0 
1289 7233649.3 95.06215475315605 82.98106897702039 143.67383496093743 0 233 2.8329 0.0 8.181805246746432 0.0 4.0 
1290 7233682.7 95.06215475315605 82.98106897702039 143.67383496093743 0 233 2.8329 0.0 8.181805246746432 0.0 4.0 
1291 7233716.0 95.06215475315605 82.98106897702039 143.67383496093743 0 233 2.8329 0.0 8.181805246746432 0.0 4.0 
1292 7233749.3 95.06215475315605 82.98106897702039 143.67383496093743 0 233 2.8329 0.0 8.181805246746432 0.0 4.0 
1293 7233782.7 95.06701777961521 82.98106897702039 143.67383496093743 0 233 2.8329 0.0 8.181805246746432 0.0 4.0 
1294 7233816.0 95.06701777961521 83.00040193416393 143.67383496093743 0 233 2.8329 0.0 8.181805246746432 0.0 4.0 
1295 7233849.3 95.06701777961521 83.00040193416393 143.67383496093743 0 233 2.8329 0.0 8.181805246746432 0.0 4.0 
1296 7233882.7 95.06701777961521 83.00040193416393 143.67383496093743 0 233 2.8329 0.0 8.181805246746432 0.0 4.0 
1297 7233916.0 95.06701777961521 83.00040193416393 143.67383496093743 0 233 2.8329 0.0 8.181805246746432 0.0 4.0 
1298 7233949.3 95.06701777961521 83.00040193416393 143.67383496093743 0 233 2.8329 0.0 8.181805246746432 0.0 4.0 
1299 7233982.7 95.09019194113844 83.01192108258414 143.67383496093743 0 233 2.8329 0.0 8.181805246746432 0.0 4.0 
1300 7234016.0 95.09019194113844 83.01192108258414 143.67383496093743 0 233 2.8329 0.0 8.181805246746432 0.0 4.0 
1301 7234049.3 95.09019194113844 83.01192108258414 143.67383496093743 0 233 2.8329 0.0 8.181805246746432 0.0 4.0 
1302 7234082.7 95.09019194113844 83.01192108258414 143.67383496093743 0 233 2.8329 0.0 8.181805246746432 0.0 4.0 
1303 7234116.0 95.09019194113844 83.01192108258414 143.67383496093743 0 233 2.8329 0.0 8.181805246746432 0.0 4.0 
1304 7234149.4 95.09019194113844 83.01192108258414 143.67383496093743 0 233 2.8329 0.0 8.181805246746432 0.0 4.0 
1305 7234182.7 95.11412101220901 83.01192108258414 143.67383496093743 0 233 2.8329 0.0 8.181805246746432 0.0 4.0 
1306 7234216.0 95.11412101220901 83.01344946227296 143.67383496093743 0 233 2.8329 0.0 8.181805246746432 0.0 4.0 
1307 7234249.4 95.11412101220901 83.01344946227296 143.67383496093743 0 233 2.8329 0.0 8.181805246746432 0.0 4.0 
1308 7234282.7 95.11412101220901 83.01344946227296 143.67383496093743 0 233 2.8329 0.0 8.181805246746432 0.0 4.0 
1309 7234316.0 95.11412101220901 83.01344946227296 143.67383496093743 0 233 2.8329 0.0 8.181805246746432 0.0 4.0 
1310 7234349.4 95.11412101220901 83.01344946227296 143.67383496093743 0 233 2.8329 0.0 8.181805246746432 0.0 4.0 
1311 7234382.7 95.13669575088996 83.01501123548935 143.67383496093743 0 233 2.8329 0.0 8.181805246746432 0.0 4.0 
1312 7234416.0 95.13669575088996 83.01501123548935 143.67383496093743 0 233 2.8329 0.0 8.181805246746432 0.0 4.0 
1313 7234449.4 95.13669575088996 83.01501123548935 143.67383496093743 0 233 2.8329 0.0 8.181805246746432 0.0 4.0 
1314 7234482.7 95.13669575088996 83.01501123548935 143.67383496093743 0 233 2.8329 0.0 8.181805246746432 0.0 4.0 
1315 7234516.1 95.13669575088996 83.01501123548935 143.67383496093743 0 233 2.8329 0.0 8.181805246746432 0.0 4.0 
1316 7234549.4 95.13669575088996 83.01501123548935 143.67383496093743 0 233 2.8329 0.0 8.181805246746432 0.0 4.0 
1317 7234582.7 95.15724524967587 83.01501123548935 143.67383496093743 0 233 2.8329 0.0 8.181805246746432 0.0 4.0 
1318 7234616.1 95.15724524967587 83.01501123548935 143.67383496093743 0 233 2.8329 0.0 8.181805246746432 0.0 4.0 
1319 7234649.4 95.15724524967587 83.01501123548935 143.67383496093743 0 233 2.8329 0.0 8.181805246746432 0.0 4.0 
1320 7234682.7 95.15724524967587 83.01501123548935 143.67383496093743 0 233 2.8329 0.0 8.181805246746432 0.0 4.0 
1321 7234716.1 95.17028262285618 83.01501123548935 143.67383496093743 0 233 2.8329 0.0 8.181805246746432 0.0 4.0 
1322 7234749.4 95.17028262285618 83.01188693601307 143.67383496093743 0 233 2.8329 0.0 8.181805246746432 0.0 4.0 
1323 7234782.7 95.17028262285618 83.01188693601307 143.67383496093743 0 233 2.8329 0.0 8.181805246746432 0.0 4.0 
1324 7234816.1 95.17028262285618 83.01188693601307 143.67383496093743 0 233 2.8329 0.0 8.181805246746432 0.0 4.0 
1325 7234849.4 95.18219501031443 83.00030680635074 143.67383496093743 0 233 2.8329 0.0 8.181805246746432 0.0 4.0 
1326 7234882.7 95.18219501031443 83.00030680635074 143.67383496093743 0 233 2.8329 0.0 8.181805246746432 0.0 4.0 
1327 7234916.1 95.18219501031443 83.00030680635074 143.67383496093743 0 233 2.8329 0.0 8.181805246746432 0.0 4.0 
1328 7234949.4 95.18219501031443 83.00030680635074 143.67383496093743 0 233 2.8329 0.0 8.181805246746432 0.0 4.0 
1329 7234982.8 95.19295885897462 83.00030680635074 143.67383496093743 0 233 2.8329 0.0 8.181805246746432 0.0 4.0 
1330 7235016.1 95.19295885897462 82.98619826258641 143.67383496093743 0 233 2.8329 0.0 8.181805246746432 0.0 4.0 
1331 7235049.4 95.19295885897462 82.98619826258641 143.67383496093743 0 233 2.8329 0.0 8.181805246746432 0.0 4.0 
1332 7235082.8 95.19295885897462 82.98619826258641 143.67383496093743 0 233 2.8329 0.0 8.181805246746432 0.0 4.0 
1333 7235116.1 95.19295885897462 82.98619826258641 143.67383496093743 0 233 2.8329 0.0 8.181805246746432 0.0 4.0 
1334 7235149.4 95.19295885897462 82.98619826258641 143.67383496093743 0 233 2.8329 0.0 8.181805246746432 0.0 4.0 
1335 7235182.8 95.21099129607333 82.96405436368465 143.67383496093743 0 233 2.8329 0.0 8.181805246746432 0.0 4.0 
1336 7235216.1 95.21099129607333 82.96405436368465 143.67383496093743 0 233 2.8329 0.0 8.181805246746432 0.0 4.0 
1337 7235249.4 95.21099129607333 82.96405436368465 143.67383496093743 0 233 2.8329 0.0 8.181805246746432 0.0 4.0 
1338 7235282.8 95.21099129607333 82.96405436368465 143.67383496093743 0 233 2.8329 0.0 8.181805246746432 0.0 4.0 
1339 7235316.1 95.21099129607333 82.96405436368465 143.67383496093743 0 233 2.8329 0.0 8.181805246746432 0.0 4.0 
1340 7235349.5 95.21099129607333 82.96405436368465 143.67383496093743 0 233 2.8329 0.0 8.181805246746432 0.0 4.0 
1341 7235382.8 95.22900552938579 82.96405436368465 143.67383496093743 0 233 2.8329 0.0 8.181805246746432 0.0 4.0 
1342 7235416.1 95.22900552938579 82.94926443127974 143.67383496093743 0 233 2.8329 0.0 8.181805246746432 0.0 4.0 
1343 7235449.5 95.22900552938579 82.94926443127974 143.67383496093743 0 233 2.8329 0.0 8.181805246746432 0.0 4.0 
1344 7235482.8 95.22900552938579 82.94926443127974 143.67383496093743 0 233 2.8329 0.0 8.181805246746432 0.0 4.0 
1345 7235516.1 95.22900552938579 82.94926443127974 143.67383496093743 0 233 2.8329 0.0 8.181805246746432 0.0 4.0 
1346 7235549.5 95.22900552938579 82.94926443127974 143.67383496093743 0 233 2.8329 0.0 8.181805246746432 0.0 4.0 
1347 7235582.8 95.2374527490203 82.94384929698408 143.67383496093743 0 233 2.8329 0.0 8.181805246746432 0.0 4.0 
1348 7235616.1 95.2374527490203 82.94384929698408 143.67383496093743 0 233 2.8329 0.0 8.181805246746432 0.0 4.0 
1349 7235649.5 95.2374527490203 82.94384929698408 143.67383496093743 0 233 2.8329 0.0 8.181805246746432 0.0 4.0 
1350 7235682.8 95.2374527490203 82.94384929698408 143.67383496093743 0 233 2.8329 0.0 8.181805246746432 0.0 4.0 
1351 7235716.1 95.24280213195792 82.94384929698408 143.67383496093743 0 233 2.8329 0.0 8.181805246746432 0.0 4.0 
1352 7235749.5 95.24280213195792 82.93404189528216 143.67383496093743 0 233 2.8329 0.0 8.181805246746432 0.0 4.0 
1353 7235782.8 95.24280213195792 82.93404189528216 143.67383496093743 0 233 2.8329 0.0 8.181805246746432 0.0 4.0 
1354 7235816.2 95.24280213195792 82.93404189528216 143.67383496093743 0 233 2.8329 0.0 8.181805246746432 0.0 4.0 
1355 7235849.5 95.24712046690051 82.93404189528216 143.67383496093743 0 233 2.8329 0.0 8.181805246746432 0.0 4.0 
1356 7235882.8 95.24712046690051 82.92401202378784 143.67383496093743 0 233 2.8329 0.0 8.181805246746432 0.0 4.0 
1357 7235916.2 95.24712046690051 82.92401202378784 143.67383496093743 0 233 2.8329 0.0 8.181805246746432 0.0 4.0 
1358 7235949.5 95.24712046690051 82.92401202378784 143.67383496093743 0 233 2.8329 0.0 8.181805246746432 0.0 4.0 
1359 7235982.8 95.25605277677889 82.91209549670097 143.67383496093743 0 233 2.8329 0.0 8.181805246746432 0.0 4.0 
1360 7236016.2 95.25605277677889 82.91209549670097 143.67383496093743 0 233 2.8329 0.0 8.181805246746432 0.0 4.0 
1361 7236049.5 95.25605277677889 82.91209549670097 143.67383496093743 0 233 2.8329 0.0 8.181805246746432 0.0 4.0 
1362 7236082.8 95.25605277677889 82.91209549670097 143.67383496093743 0 233 2.8329 0.0 8.181805246746432 0.0 4.0 
1363 7236116.2 95.27198732366904 82.89599592098952 143.67383496093743 0 233 2.8329 0.0 8.181805246746432 0.0 4.0 
1364 7236149.5 95.27198732366904 82.89599592098952 143.67383496093743 0 233 2.8329 0.0 8.181805246746432 0.0 4.0 
1365 7236182.9 95.27198732366904 82.89599592098952 143.67383496093743 0 233 2.8329 0.0 8.181805246746432 0.0 4.0 
1366 7236216.2 95.27198732366904 82.89599592098952 143.67383496093743 0 233 2.8329 0.0 8.181805246746432 0.0 4.0 
1367 7236249.5 95.28537717920534 82.89599592098952 143.67383496093743 0 233 2.8329 0.0 8.181805246746432 0.0 4.0 
1368 7236282.9 95.28537717920534 82.88387234801624 143.67383496093743 0 233 2.8329 0.0 8.181805246746432 0.0 4.0 
1369 7236316.2 95.28537717920534 82.88387234801624 143.67383496093743 0 233 2.8329 0.0 8.181805246746432 0.0 4.0 
1370 7236349.5 95.28537717920534 82.88387234801624 143.67383496093743 0 233 2.8329 0.0 8.181805246746432 0.0 4.0 
1371 7236382.9 95.2966572854267 82.8741168232334 143.67383496093743 0 233 2.8329 0.0 8.181805246746432 0.0 4.0 
1372 7236416.2 95.2966572854267 82.8741168232334 143.67383496093743 0 233 2.8329 0.0 8.181805246746432 0.0 4.0 
1373 7236449.5 95.2966572854267 82.8741168232334 143.67383496093743 0 233 2.8329 0.0 8.181805246746432 0.0 4.0 
1374 7236482.9 95.2966572854267 82.8741168232334 143.67383496093743 0 233 2.8329 0.0 8.181805246746432 0.0 4.0 
1375 7236516.2 95.30068982596 82.87049029386476 143.67383496093743 0 233 2.8329 0.0 8.181805246746432 0.0 4.0 
1376 7236549.5 95.30068982596 82.87049029386476 143.67383496093743 0 233 2.8329 0.0 8.181805246746432 0.0 4.0 
1377 7236582.9 95.30068982596 82.87049029386476 143.67383496093743 0 233 2.8329 0.0 8.181805246746432 0.0 4.0 
1378 7236616.2 95.30068982596 82.87049029386476 143.67383496093743 0 233 2.8329 0.0 8.181805246746432 0.0 4.0 
1379 7236649.6 95.30363716778781 82.87049029386476 143.67383496093743 0 233 2.8329 0.0 8.181805246746432 0.0 4.0 
1380 7236682.9 95.30363716778781 82.86857507100551 143.67383496093743 0 233 2.8329 0.0 8.181805246746432 0.0 4.0 
1381 7236716.2 95.30363716778781 82.86857507100551 143.67383496093743 0 233 2.8329 0.0 8.181805246746432 0.0 4.0 
1382 7236749.6 95.30363716778781 82.86857507100551 143.67383496093743 0 233 2.8329 0.0 8.181805246746432 0.0 4.0 
1383 7236782.9 95.31002732933344 82.86404409890373 143.67383496093743 0 233 2.8329 0.0 8.181805246746432 0.0 4.0 
1384 7236816.2 95.31002732933344 82.86404409890373 143.67383496093743 0 233 2.8329 0.0 8.181805246746432 0.0 4.0 
1385 7236849.6 95.31002732933344 82.86404409890373 143.67383496093743 0 233 2.8329 0.0 8.181805246746432 0.0 4.0 
1386 7236882.9 95.31002732933344 82.86404409890373 143.67383496093743 0 233 2.8329 0.0 8.181805246746432 0.0 4.0 
1387 7236916.2 95.31962583705936 82.85927529629421 143.67383496093743 0 233 2.8329 0.0 8.181805246746432 0.0 4.0 
1388 7236949.6 95.31962583705936 82.85927529629421 143.67383496093743 0 233 2.8329 0.0 8.181805246746432 0.0 4.0 
1389 7236982.9 95.31962583705936 82.85927529629421 143.67383496093743 0 233 2.8329 0.0 8.181805246746432 0.0 4.0 
1390 7237016.3 95.31962583705936 82.85927529629421 143.67383496093743 0 233 2.8329 0.0 8.181805246746432 0.0 4.0 
1391 7237049.6 95.32990363175851 82.85927529629421 143.67383496093743 0 233 2.8329 0.0 8.181805246746432 0.0 4.0 
1392 7237082.9 95.32990363175851 82.85395712936361 143.67383496093743 0 233 2.8329 0.0 8.181805246746432 0.0 4.0 
1393 7237116.3 95.32990363175851 82.85395712936361 143.67383496093743 0 233 2.8329 0.0 8.181805246746432 0.0 4.0 
1394 7237149.6 95.32990363175851 82.85395712936361 143.67383496093743 0 233 2.8329 0.0 8.181805246746432 0.0 4.0 
1395 7237182.9 95.34592747396904 82.84889813107094 143.67383496093743 0 233 2.8329 0.0 8.181805246746432 0.0 4.0 
1396 7237216.3 95.34592747396904 82.84889813107094 143.67383496093743 0 233 2.8329 0.0 8.181805246746432 0.0 4.0 
1397 7237249.6 95.34592747396904 82.84889813107094 143.67383496093743 0 233 2.8329 0.0 8.181805246746432 0.0 4.0 
1398 7237282.9 95.34592747396904 82.84889813107094 143.67383496093743 0 233 2.8329 0.0 8.181805246746432 0.0 4.0 
1399 7237316.3 95.35175721566958 82.84694842778957 143.67383496093743 0 233 2.8329 0.0 8.181805246746432 0.0 4.0 
1400 7237349.6 95.35175721566958 82.84694842778957 143.67383496093743 0 233 2.8329 0.0 8.181805246746432 0.0 4.0 
1401 7237382.9 95.35175721566958 82.84694842778957 143.67383496093743 0 233 2.8329 0.0 8.181805246746432 0.0 4.0 
1402 7237416.3 95.35175721566958 82.84694842778957 143.67383496093743 0 233 2.8329 0.0 8.181805246746432 0.0 4.0 
1403 7237449.6 95.36223786582505 82.84694842778957 143.67383496093743 0 233 2.8329 0.0 8.181805246746432 0.0 4.0 
1404 7237483.0 95.36223786582505 82.84271446707683 143.67383496093743 0 233 2.8329 0.0 8.181805246746432 0.0 4.0 
1405 7237516.3 95.36223786582505 82.84271446707683 143.67383496093743 0 233 2.8329 0.0 8.181805246746432 0.0 4.0 
1406 7237549.6 95.36223786582505 82.84271446707683 143.67383496093743 0 233 2.8329 0.0 8.181805246746432 0.0 4.0 
1407 7237583.0 95.37474026294146 82.84060696100535 143.67383496093743 0 233 2.8329 0.0 8.181805246746432 0.0 4.0 
1408 7237616.3 95.37474026294146 82.84060696100535 143.67383496093743 0 233 2.8329 0.0 8.181805246746432 0.0 4.0 
1409 7237649.6 95.37474026294146 82.84060696100535 143.67383496093743 0 233 2.8329 0.0 8.181805246746432 0.0 4.0 
1410 7237683.0 95.37474026294146 82.84060696100535 143.67383496093743 0 233 2.8329 0.0 8.181805246746432 0.0 4.0 
1411 7237716.3 95.39431371923297 82.83568696493433 143.67383496093743 0 233 2.8329 0.0 8.181805246746432 0.0 4.0 
1412 7237749.6 95.39431371923297 82.83568696493433 143.67383496093743 0 233 2.8329 0.0 8.181805246746432 0.0 4.0 
1413 7237783.0 95.39431371923297 82.83568696493433 143.67383496093743 0 233 2.8329 0.0 8.181805246746432 0.0 4.0 
1414 7237816.3 95.39448730468746 82.83562597656245 143.60897070312492 0 233 2.8329 0.0 8.181805246746432 0.0 4.0 
1415 7237849.7 95.40664930890445 82.82952721863467 143.60897070312492 0 233 2.8329 0.0 8.181805246746432 0.0 4.0 
1416 7237883.0 95.40664930890445 82.82952721863467 143.60897070312492 0 233 2.8329 0.0 8.181805246746432 0.0 4.0 
1417 7237916.3 95.40664930890445 82.82952721863467 143.60897070312492 0 233 2.8329 0.0 8.181805246746432 0.0 4.0 
1418 7237949.7 95.40664930890445 82.82952721863467 143.60897070312492 0 233 2.8329 0.0 8.181805246746432 0.0 4.0 
1419 7237983.0 95.41682937991608 82.82952721863467 143.60897070312492 0 233 2.8329 0.0 8.181805246746432 0.0 4.0 
1420 7238016.3 95.41682937991608 82.82518878025958 143.60897070312492 0 233 2.8329 0.0 8.181805246746432 0.0 4.0 
1421 7238049.7 95.41682937991608 82.82518878025958 143.60897070312492 0 233 2.8329 0.0 8.181805246746432 0.0 4.0 
1422 7238083.0 95.41682937991608 82.82518878025958 143.60897070312492 0 233 2.8329 0.0 8.181805246746432 0.0 4.0 
1423 7238116.3 95.43342057786043 82.82518878025958 143.60897070312492 0 233 2.8329 0.0 8.181805246746432 0.0 4.0 
1424 7238149.7 95.43342057786043 82.82518878025958 143.60897070312492 0 233 2.8329 0.0 8.181805246746432 0.0 4.0 
1425 7238183.0 95.43342057786043 82.82518878025958 143.60897070312492 0 233 2.8329 0.0 8.181805246746432 0.0 4.0 
1426 7238216.3 95.43342057786043 82.82518878025958 143.60897070312492 0 233 2.8329 0.0 8.181805246746432 0.0 4.0 
1427 7238249.7 95.45122309091239 82.82759526041545 143.60897070312492 0 233 2.8329 0.0 8.181805246746432 0.0 4.0 
1428 7238283.0 95.45122309091239 82.82759526041545 143.60897070312492 0 233 2.8329 0.0 8.181805246746432 0.0 4.0 
1429 7238316.4 95.45122309091239 82.82759526041545 143.60897070312492 0 233 2.8329 0.0 8.181805246746432 0.0 4.0 
1430 7238349.7 95.45122309091239 82.82759526041545 143.60897070312492 0 233 2.8329 0.0 8.181805246746432 0.0 4.0 
1431 7238383.0 95.4705935790062 82.83385697505207 143.60897070312492 0 233 2.8329 0.0 8.181805246746432 0.0 4.0 
1432 7238416.4 95.4705935790062 82.83385697505207 143.60897070312492 0 233 2.8329 0.0 8.181805246746432 0.0 4.0 
1433 7238449.7 95.4705935790062 82.83385697505207 143.60897070312492 0 233 2.8329 0.0 8.181805246746432 0.0 4.0 
1434 7238483.0 95.4705935790062 82.83385697505207 143.60897070312492 0 233 2.8329 0.0 8.181805246746432 0.0 4.0 
1435 7238516.4 95.49128754109441 82.83385697505207 143.60897070312492 0 233 2.8329 0.0 8.181805246746432 0.0 4.0 
1436 7238549.7 95.49128754109441 82.83851506116787 143.60897070312492 0 233 2.8329 0.0 8.181805246746432 0.0 4.0 
1437 7238583.0 95.49128754109441 82.83851506116787 143.60897070312492 0 233 2.8329 0.0 8.181805246746432 0.0 4.0 
1438 7238616.4 95.49128754109441 82.83851506116787 143.60897070312492 0 233 2.8329 0.0 8.181805246746432 0.0 4.0 
1439 7238649.7 95.49128754109441 82.83851506116787 143.60897070312492 0 233 2.8329 0.0 8.181805246746432 0.0 4.0 
1440 7238683.1 95.49128754109441 82.83851506116787 143.60897070312492 0 233 2.8329 0.0 8.181805246746432 0.0 4.0 
1441 7238716.4 95.51239477433178 82.84216206809248 143.60897070312492 0 233 2.8329 0.0 8.181805246746432 0.0 4.0 
1442 7238749.7 95.51239477433178 82.84216206809248 143.60897070312492 0 233 2.8329 0.0 8.181805246746432 0.0 4.0 
1443 7238783.1 95.51239477433178 82.84216206809248 143.60897070312492 0 233 2.8329 0.0 8.181805246746432 0.0 4.0 
1444 7238816.4 95.51239477433178 82.84216206809248 143.60897070312492 0 233 2.8329 0.0 8.181805246746432 0.0 4.0 
1445 7238849.7 95.53046239818886 82.84216206809248 143.60897070312492 0 233 2.8329 0.0 8.181805246746432 0.0 4.0 
1446 7238883.1 95.53046239818886 82.85233779285524 143.60897070312492 0 233 2.8329 0.0 8.181805246746432 0.0 4.0 
1447 7238916.4 95.53046239818886 82.85233779285524 143.60897070312492 0 233 2.8329 0.0 8.181805246746432 0.0 4.0 
1448 7238949.7 95.53046239818886 82.85233779285524 143.60897070312492 0 233 2.8329 0.0 8.181805246746432 0.0 4.0 
1449 7238983.1 95.53046239818886 82.85233779285524 143.60897070312492 0 233 2.8329 0.0 8.181805246746432 0.0 4.0 
1450 7239016.4 95.53046239818886 82.85233779285524 143.60897070312492 0 233 2.8329 0.0 8.181805246746432 0.0 4.0 
1451 7239049.7 95.55510095650293 82.85233779285524 143.60897070312492 0 233 2.8329 0.0 8.181805246746432 0.0 4.0 
1452 7239083.1 95.55510095650293 82.86730814424185 143.60897070312492 0 233 2.8329 0.0 8.181805246746432 0.0 4.0 
1453 7239116.4 95.55510095650293 82.86730814424185 143.60897070312492 0 233 2.8329 0.0 8.181805246746432 0.0 4.0 
1454 7239149.8 95.55510095650293 82.86730814424185 143.60897070312492 0 233 2.8329 0.0 8.181805246746432 0.0 4.0 
1455 7239183.1 95.55510095650293 82.86730814424185 143.60897070312492 0 233 2.8329 0.0 8.181805246746432 0.0 4.0 
1456 7239216.4 95.55510095650293 82.86730814424185 143.60897070312492 0 233 2.8329 0.0 8.181805246746432 0.0 4.0 
1457 7239249.8 95.57796804211355 82.86730814424185 143.60897070312492 0 233 2.8329 0.0 8.181805246746432 0.0 4.0 
1458 7239283.1 95.57796804211355 82.88060471151665 143.60897070312492 0 233 2.8329 0.0 8.181805246746432 0.0 4.0 
1459 7239316.4 95.57796804211355 82.88060471151665 143.60897070312492 0 233 2.8329 0.0 8.181805246746432 0.0 4.0 
1460 7239349.8 95.57796804211355 82.88060471151665 143.60897070312492 0 233 2.8329 0.0 8.181805246746432 0.0 4.0 
1461 7239383.1 95.57796804211355 82.88060471151665 143.60897070312492 0 233 2.8329 0.0 8.181805246746432 0.0 4.0 
1462 7239416.4 95.57796804211355 82.88060471151665 143.60897070312492 0 233 2.8329 0.0 8.181805246746432 0.0 4.0 
1463 7239449.8 95.60886284338068 82.89820559803812 143.60897070312492 0 233 2.8329 0.0 8.181805246746432 0.0 4.0 
1464 7239483.1 95.60886284338068 82.89820559803812 143.60897070312492 0 233 2.8329 0.0 8.181805246746432 0.0 4.0 
1465 7239516.5 95.60886284338068 82.89820559803812 143.60897070312492 0 233 2.8329 0.0 8.181805246746432 0.0 4.0 
1466 7239549.8 95.60886284338068 82.89820559803812 143.60897070312492 0 233 2.8329 0.0 8.181805246746432 0.0 4.0 
1467 7239583.1 95.60886284338068 82.89820559803812 143.60897070312492 0 233 2.8329 0.0 8.181805246746432 0.0 4.0 
1468 7239616.5 95.60886284338068 82.89820559803812 143.60897070312492 0 233 2.8329 0.0 8.181805246746432 0.0 4.0 
1469 7239649.8 95.63638915694867 82.89820559803812 143.60897070312492 0 233 2.8329 0.0 8.181805246746432 0.0 4.0 
1470 7239683.1 95.63638915694867 82.90681780831625 143.60897070312492 0 233 2.8329 0.0 8.181805246746432 0.0 4.0 
1471 7239716.5 95.63638915694867 82.90681780831625 143.60897070312492 0 233 2.8329 0.0 8.181805246746432 0.0 4.0 
1472 7239749.8 95.63638915694867 82.90681780831625 143.60897070312492 0 233 2.8329 0.0 8.181805246746432 0.0 4.0 
1473 7239783.1 95.63638915694867 82.90681780831625 143.60897070312492 0 233 2.8329 0.0 8.181805246746432 0.0 4.0 
1474 7239816.5 95.63638915694867 82.90681780831625 143.60897070312492 0 233 2.8329 0.0 8.181805246746432 0.0 4.0 
1475 7239849.8 95.65653246876262 82.9123372443411 143.60897070312492 0 233 2.8329 0.0 8.181805246746432 0.0 4.0 
1476 7239883.1 95.65653246876262 82.9123372443411 143.60897070312492 0 233 2.8329 0.0 8.181805246746432 0.0 4.0 
1477 7239916.5 95.65653246876262 82.9123372443411 143.60897070312492 0 233 2.8329 0.0 8.181805246746432 0.0 4.0 
1478 7239949.8 95.65653246876262 82.9123372443411 143.60897070312492 0 233 2.8329 0.0 8.181805246746432 0.0 4.0 
1479 7239983.2 95.66914648064063 82.9123372443411 143.60897070312492 0 233 2.8329 0.0 8.181805246746432 0.0 4.0 
1480 7240016.5 95.66914648064063 82.91363822687393 143.60897070312492 0 233 2.8329 0.0 8.181805246746432 0.0 4.0 
1481 7240049.8 95.66914648064063 82.91363822687393 143.60897070312492 0 233 2.8329 0.0 8.181805246746432 0.0 4.0 
1482 7240083.2 95.66914648064063 82.91363822687393 143.60897070312492 0 233 2.8329 0.0 8.181805246746432 0.0 4.0 
1483 7240116.5 95.68065038157472 82.91363822687393 143.60897070312492 0 233 2.8329 0.0 8.181805246746432 0.0 4.0 
1484 7240149.8 95.68065038157472 82.91363822687393 143.60897070312492 0 233 2.8329 0.0 8.181805246746432 0.0 4.0 
1485 7240183.2 95.68065038157472 82.91363822687393 143.60897070312492 0 233 2.8329 0.0 8.181805246746432 0.0 4.0 
1486 7240216.5 95.68065038157472 82.91363822687393 143.60897070312492 0 233 2.8329 0.0 8.181805246746432 0.0 4.0 
1487 7240249.8 95.69398566265077 82.91046495715446 143.60897070312492 0 233 2.8329 0.0 8.181805246746432 0.0 4.0 
1488 7240283.2 95.69398566265077 82.91046495715446 143.60897070312492 0 233 2.8329 0.0 8.181805246746432 0.0 4.0 
1489 7240316.5 95.69398566265077 82.91046495715446 143.60897070312492 0 233 2.8329 0.0 8.181805246746432 0.0 4.0 
1490 7240349.9 95.69398566265077 82.91046495715446 143.60897070312492 0 233 2.8329 0.0 8.181805246746432 0.0 4.0 
1491 7240383.2 95.70341454914616 82.9057528168529 143.60897070312492 0 233 2.8329 0.0 8.181805246746432 0.0 4.0 
1492 7240416.5 95.70341454914616 82.9057528168529 143.60897070312492 0 233 2.8329 0.0 8.181805246746432 0.0 4.0 
1493 7240449.9 95.70341454914616 82.9057528168529 143.60897070312492 0 233 2.8329 0.0 8.181805246746432 0.0 4.0 
1494 7240483.2 95.70341454914616 82.9057528168529 143.60897070312492 0 233 2.8329 0.0 8.181805246746432 0.0 4.0 
1495 7240516.5 95.71570851948951 82.9057528168529 143.60897070312492 0 233 2.8329 0.0 8.181805246746432 0.0 4.0 
1496 7240549.9 95.71570851948951 82.89842836883089 143.60897070312492 0 233 2.8329 0.0 8.181805246746432 0.0 4.0 
1497 7240583.2 95.71570851948951 82.89842836883089 143.60897070312492 0 233 2.8329 0.0 8.181805246746432 0.0 4.0 
1498 7240616.5 95.71570851948951 82.89842836883089 143.60897070312492 0 233 2.8329 0.0 8.181805246746432 0.0 4.0 
1499 7240649.9 95.72317217121004 82.89573723591103 143.60897070312492 0 233 2.8329 0.0 8.181805246746432 0.0 4.0 
1500 7240683.2 95.72317217121004 82.89573723591103 143.60897070312492 0 233 2.8329 0.0 8.181805246746432 0.0 4.0 
1501 7240716.5 95.72317217121004 82.89573723591103 143.60897070312492 0 233 2.8329 0.0 8.181805246746432 0.0 4.0 
1502 7240749.9 95.72317217121004 82.89573723591103 143.60897070312492 0 233 2.8329 0.0 8.181805246746432 0.0 4.0 
1503 7240783.2 95.72870609731072 82.89573723591103 143.60897070312492 0 233 2.8329 0.0 8.181805246746432 0.0 4.0 
1504 7240816.6 95.72870609731072 82.89573723591103 143.60897070312492 0 233 2.8329 0.0 8.181805246746432 0.0 4.0 
1505 7240849.9 95.72870609731072 82.89573723591103 143.60897070312492 0 233 2.8329 0.0 8.181805246746432 0.0 4.0 
1506 7240883.2 95.72870609731072 82.89573723591103 143.60897070312492 0 233 2.8329 0.0 8.181805246746432 0.0 4.0 
1507 7240916.6 95.73715143675399 82.89573723591103 143.60897070312492 0 233 2.8329 0.0 8.181805246746432 0.0 4.0 
1508 7240949.9 95.73715143675399 82.89118233357361 143.60897070312492 0 233 2.8329 0.0 8.181805246746432 0.0 4.0 
1509 7240983.2 95.73715143675399 82.89118233357361 143.60897070312492 0 233 2.8329 0.0 8.181805246746432 0.0 4.0 
1510 7241016.6 95.73715143675399 82.89118233357361 143.60897070312492 0 233 2.8329 0.0 8.181805246746432 0.0 4.0 
1511 7241049.9 95.74130200004832 82.88746434123372 143.60897070312492 0 233 2.8329 0.0 8.181805246746432 0.0 4.0 
1512 7241083.2 95.74130200004832 82.88746434123372 143.60897070312492 0 233 2.8329 0.0 8.181805246746432 0.0 4.0 
1513 7241116.6 95.74130200004832 82.88746434123372 143.60897070312492 0 233 2.8329 0.0 8.181805246746432 0.0 4.0 
1514 7241149.9 95.74130200004832 82.88746434123372 143.60897070312492 0 233 2.8329 0.0 8.181805246746432 0.0 4.0 
1515 7241183.3 95.74434794717327 82.88746434123372 143.60897070312492 0 233 2.8329 0.0 8.181805246746432 0.0 4.0 
1516 7241216.6 95.74434794717327 82.88608424758098 143.60897070312492 0 233 2.8329 0.0 8.181805246746432 0.0 4.0 
1517 7241249.9 95.74434794717327 82.88608424758098 143.60897070312492 0 233 2.8329 0.0 8.181805246746432 0.0 4.0 
1518 7241283.3 95.74434794717327 82.88608424758098 143.60897070312492 0 233 2.8329 0.0 8.181805246746432 0.0 4.0 
1519 7241316.6 95.7499640811579 82.88608424758098 143.60897070312492 0 233 2.8329 0.0 8.181805246746432 0.0 4.0 
1520 7241349.9 95.7499640811579 82.88608424758098 143.60897070312492 0 233 2.8329 0.0 8.181805246746432 0.0 4.0 
1521 7241383.3 95.7499640811579 82.88608424758098 143.60897070312492 0 233 2.8329 0.0 8.181805246746432 0.0 4.0 
1522 7241416.6 95.7499640811579 82.88608424758098 143.60897070312492 0 233 2.8329 0.0 8.181805246746432 0.0 4.0 
1523 7241449.9 95.75549813060788 82.88608424758098 143.60897070312492 0 233 2.8329 0.0 8.181805246746432 0.0 4.0 
1524 7241483.3 95.75549813060788 82.88608424758098 143.60897070312492 0 233 2.8329 0.0 8.181805246746432 0.0 4.0 
1525 7241516.6 95.75549813060788 82.88608424758098 143.60897070312492 0 233 2.8329 0.0 8.181805246746432 0.0 4.0 
1526 7241549.9 95.75549813060788 82.88608424758098 143.60897070312492 0 233 2.8329 0.0 8.181805246746432 0.0 4.0 
1527 7241583.3 95.75549813060788 82.88608424758098 143.60897070312492 0 233 2.8329 0.0 8.181805246746432 0.0 4.0 
1528 7241616.6 95.75549813060788 82.88608424758098 143.60897070312492 0 233 2.8329 0.0 8.181805246746432 0.0 4.0 
1529 7241650.0 95.75549813060788 82.88608424758098 143.60897070312492 0 233 2.8329 0.0 8.181805246746432 0.0 4.0 
1530 7241683.3 95.75549813060788 82.88608424758098 143.60897070312492 0 233 2.8329 0.0 8.181805246746432 0.0 4.0 
1531 7241716.6 95.75714608937375 82.88608424758098 143.60897070312492 0 233 2.8329 0.0 8.181805246746432 0.0 4.0 
1532 7241750.0 95.75714608937375 82.88608424758098 143.60897070312492 0 233 2.8329 0.0 8.181805246746432 0.0 4.0 
1533 7241783.3 95.75714608937375 82.88608424758098 143.60897070312492 0 233 2.8329 0.0 8.181805246746432 0.0 4.0 
1534 7241816.6 95.75714608937375 82.88608424758098 143.60897070312492 0 233 2.8329 0.0 8.181805246746432 0.0 4.0 
1535 7241850.0 95.765988780573 82.88213595918337 143.60897070312492 0 233 2.8329 0.0 8.181805246746432 0.0 4.0 
1536 7241883.3 95.765988780573 82.88213595918337 143.60897070312492 0 233 2.8329 0.0 8.181805246746432 0.0 4.0 
1537 7241916.6 95.765988780573 82.88213595918337 143.60897070312492 0 233 2.8329 0.0 8.181805246746432 0.0 4.0 
1538 7241950.0 95.765988780573 82.88213595918337 143.60897070312492 0 233 2.8329 0.0 8.181805246746432 0.0 4.0 
1539 7241983.3 95.77051825873706 82.8776598644258 143.60897070312492 0 233 2.8329 0.0 8.181805246746432 0.0 4.0 
1540 7242016.7 95.77051825873706 82.8776598644258 143.60897070312492 0 233 2.8329 0.0 8.181805246746432 0.0 4.0 
1541 7242050.0 95.77051825873706 82.8776598644258 143.60897070312492 0 233 2.8329 0.0 8.181805246746432 0.0 4.0 
1542 7242083.3 95.77051825873706 82.8776598644258 143.60897070312492 0 233 2.8329 0.0 8.181805246746432 0.0 4.0 
1543 7242116.7 95.7791132141421 82.86931167142008 143.60897070312492 0 233 2.8329 0.0 8.181805246746432 0.0 4.0 
1544 7242150.0 95.7791132141421 82.86931167142008 143.60897070312492 0 233 2.8329 0.0 8.181805246746432 0.0 4.0 
1545 7242183.3 95.7791132141421 82.86931167142008 143.60897070312492 0 233 2.8329 0.0 8.181805246746432 0.0 4.0 
1546 7242216.7 95.7791132141421 82.86931167142008 143.60897070312492 0 233 2.8329 0.0 8.181805246746432 0.0 4.0 
1547 7242250.0 95.78626508471994 82.85642171838542 143.60897070312492 0 233 2.8329 0.0 8.181805246746432 0.0 4.0 
1548 7242283.3 95.78626508471994 82.85642171838542 143.60897070312492 0 233 2.8329 0.0 8.181805246746432 0.0 4.0 
1549 7242316.7 95.78626508471994 82.85642171838542 143.60897070312492 0 233 2.8329 0.0 8.181805246746432 0.0 4.0 
1550 7242350.0 95.78626508471994 82.85642171838542 143.60897070312492 0 233 2.8329 0.0 8.181805246746432 0.0 4.0 
1551 7242383.3 95.79161835915357 82.8462958641227 143.60897070312492 0 233 2.8329 0.0 8.181805246746432 0.0 4.0 
1552 7242416.7 95.79161835915357 82.8462958641227 143.60897070312492 0 233 2.8329 0.0 8.181805246746432 0.0 4.0 
1553 7242450.0 95.79161835915357 82.8462958641227 143.60897070312492 0 233 2.8329 0.0 8.181805246746432 0.0 4.0 
1554 7242483.4 95.79161835915357 82.8462958641227 143.60897070312492 0 233 2.8329 0.0 8.181805246746432 0.0 4.0 
1555 7242516.7 95.80163807144382 82.83496049828547 143.60897070312492 0 233 2.8329 0.0 8.181805246746432 0.0 4.0 
1556 7242550.0 95.80163807144382 82.83496049828547 143.60897070312492 0 233 2.8329 0.0 8.181805246746432 0.0 4.0 
1557 7242583.4 95.80163807144382 82.83496049828547 143.60897070312492 0 233 2.8329 0.0 8.181805246746432 0.0 4.0 
1558 7242616.7 95.80163807144382 82.83496049828547 143.60897070312492 0 233 2.8329 0.0 8.181805246746432 0.0 4.0 
1559 7242650.0 95.80728932538803 82.82389589181632 143.60897070312492 0 233 2.8329 0.0 8.181805246746432 0.0 4.0 
1560 7242683.4 95.80728932538803 82.82389589181632 143.60897070312492 0 233 2.8329 0.0 8.181805246746432 0.0 4.0 
1561 7242716.7 95.80728932538803 82.82389589181632 143.60897070312492 0 233 2.8329 0.0 8.181805246746432 0.0 4.0 
1562 7242750.0 95.80728932538803 82.82389589181632 143.60897070312492 0 233 2.8329 0.0 8.181805246746432 0.0 4.0 
1563 7242783.4 95.81085085237886 82.81166047051325 143.60897070312492 0 233 2.8329 0.0 8.181805246746432 0.0 4.0 
1564 7242816.7 95.81085085237886 82.81166047051325 143.60897070312492 0 233 2.8329 0.0 8.181805246746432 0.0 4.0 
1565 7242850.1 95.81085085237886 82.81166047051325 143.60897070312492 0 233 2.8329 0.0 8.181805246746432 0.0 4.0 
1566 7242883.4 95.81085085237886 82.81166047051325 143.60897070312492 0 233 2.8329 0.0 8.181805246746432 0.0 4.0 
1567 7242916.7 95.81210374698962 82.79322042022356 143.60897070312492 0 233 2.8329 0.0 8.181805246746432 0.0 4.0 
1568 7242950.1 95.81210374698962 82.79322042022356 143.60897070312492 0 233 2.8329 0.0 8.181805246746432 0.0 4.0 
1569 7242983.4 95.81210374698962 82.79322042022356 143.60897070312492 0 233 2.8329 0.0 8.181805246746432 0.0 4.0 
1570 7243016.7 95.81210374698962 82.79322042022356 143.60897070312492 0 233 2.8329 0.0 8.181805246746432 0.0 4.0 
1571 7243050.1 95.81210374698962 82.77204297430835 143.60897070312492 0 233 2.8329 0.0 8.181805246746432 0.0 4.0 
1572 7243083.4 95.81210374698962 82.77204297430835 143.60897070312492 0 233 2.8329 0.0 8.181805246746432 0.0 4.0 
1573 7243116.7 95.81210374698962 82.77204297430835 143.60897070312492 0 233 2.8329 0.0 8.181805246746432 0.0 4.0 
1574 7243150.1 95.81210374698962 82.77204297430835 143.60897070312492 0 233 2.8329 0.0 8.181805246746432 0.0 4.0 
1575 7243183.4 95.81525042519418 82.76071330643681 143.60897070312492 0 233 2.8329 0.0 8.181805246746432 0.0 4.0 
1576 7243216.7 95.81525042519418 82.76071330643681 143.60897070312492 0 233 2.8329 0.0 8.181805246746432 0.0 4.0 
1577 7243250.1 95.81525042519418 82.76071330643681 143.60897070312492 0 233 2.8329 0.0 8.181805246746432 0.0 4.0 
1578 7243283.4 95.81525042519418 82.76071330643681 143.60897070312492 0 233 2.8329 0.0 8.181805246746432 0.0 4.0 
1579 7243316.8 95.81627734435 82.74947596708698 143.60897070312492 0 233 2.8329 0.0 8.181805246746432 0.0 4.0 
1580 7243350.1 95.81627734435 82.74947596708698 143.60897070312492 0 233 2.8329 0.0 8.181805246746432 0.0 4.0 
1581 7243383.4 95.81627734435 82.74947596708698 143.60897070312492 0 233 2.8329 0.0 8.181805246746432 0.0 4.0 
1582 7243416.8 95.81627734435 82.74947596708698 143.60897070312492 0 233 2.8329 0.0 8.181805246746432 0.0 4.0 
1583 7243450.1 95.81627734435 82.73747281525671 143.60897070312492 0 233 2.8329 0.0 8.181805246746432 0.0 4.0 
1584 7243483.4 95.81627734435 82.73747281525671 143.60897070312492 0 233 2.8329 0.0 8.181805246746432 0.0 4.0 
1585 7243516.8 95.81627734435 82.73747281525671 143.60897070312492 0 233 2.8329 0.0 8.181805246746432 0.0 4.0 
1586 7243550.1 95.81627734435 82.73747281525671 143.60897070312492 0 233 2.8329 0.0 8.181805246746432 0.0 4.0 
1587 7243583.4 95.8140725635258 82.73747281525671 143.60897070312492 0 233 2.8329 0.0 8.181805246746432 0.0 4.0 
1588 7243616.8 95.8140725635258 82.72621403650871 143.60897070312492 0 233 2.8329 0.0 8.181805246746432 0.0 4.0 
1589 7243650.1 95.8140725635258 82.72621403650871 143.60897070312492 0 233 2.8329 0.0 8.181805246746432 0.0 4.0 
1590 7243683.5 95.8140725635258 82.72621403650871 143.60897070312492 0 233 2.8329 0.0 8.181805246746432 0.0 4.0 
1591 7243716.8 95.81132380582272 82.71495300661688 143.60897070312492 0 233 2.8329 0.0 8.181805246746432 0.0 4.0 
1592 7243750.1 95.81132380582272 82.71495300661688 143.60897070312492 0 233 2.8329 0.0 8.181805246746432 0.0 4.0 
1593 7243783.5 95.81132380582272 82.71495300661688 143.60897070312492 0 233 2.8329 0.0 8.181805246746432 0.0 4.0 
1594 7243816.8 95.81132380582272 82.71495300661688 143.60897070312492 0 233 2.8329 0.0 8.181805246746432 0.0 4.0 
1595 7243850.1 95.81132380582272 82.70083557593439 143.60897070312492 0 233 2.8329 0.0 8.181805246746432 0.0 4.0 
1596 7243883.5 95.81132380582272 82.70083557593439 143.60897070312492 0 233 2.8329 0.0 8.181805246746432 0.0 4.0 
1597 7243916.8 95.81132380582272 82.70083557593439 143.60897070312492 0 233 2.8329 0.0 8.181805246746432 0.0 4.0 
1598 7243950.1 95.81132380582272 82.70083557593439 143.60897070312492 0 233 2.8329 0.0 8.181805246746432 0.0 4.0 
1599 7243983.5 95.81132380582272 82.69691279948329 143.60897070312492 0 233 2.8329 0.0 8.181805246746432 0.0 4.0 
1600 7244016.8 95.81132380582272 82.69691279948329 143.60897070312492 0 233 2.8329 0.0 8.181805246746432 0.0 4.0 
1601 7244050.1 95.81132380582272 82.69691279948329 143.60897070312492 0 233 2.8329 0.0 8.181805246746432 0.0 4.0 
1602 7244083.5 95.81132380582272 82.69691279948329 143.60897070312492 0 233 2.8329 0.0 8.181805246746432 0.0 4.0 
1603 7244116.8 95.81132380582272 82.69212973763365 143.60897070312492 0 233 2.8329 0.0 8.181805246746432 0.0 4.0 
1604 7244150.2 95.81132380582272 82.69212973763365 143.60897070312492 0 233 2.8329 0.0 8.181805246746432 0.0 4.0 
1605 7244183.5 95.81132380582272 82.69212973763365 143.60897070312492 0 233 2.8329 0.0 8.181805246746432 0.0 4.0 
1606 7244216.8 95.81132380582272 82.69212973763365 143.60897070312492 0 233 2.8329 0.0 8.181805246746432 0.0 4.0 
1607 7244250.2 95.81132380582272 82.68787750550707 143.60897070312492 0 233 2.8329 0.0 8.181805246746432 0.0 4.0 
1608 7244283.5 95.81132380582272 82.68787750550707 143.60897070312492 0 233 2.8329 0.0 8.181805246746432 0.0 4.0 
1609 7244316.8 95.81132380582272 82.68787750550707 143.60897070312492 0 233 2.8329 0.0 8.181805246746432 0.0 4.0 
1610 7244350.2 95.81132380582272 82.68787750550707 143.60897070312492 0 233 2.8329 0.0 8.181805246746432 0.0 4.0 
1611 7244383.5 95.81866494884964 82.68787750550707 143.60897070312492 0 233 2.8329 0.0 8.181805246746432 0.0 4.0 
1612 7244416.8 95.81866494884964 82.67866512308139 143.60897070312492 0 233 2.8329 0.0 8.181805246746432 0.0 4.0 
1613 7244450.2 95.81866494884964 82.67866512308139 143.60897070312492 0 233 2.8329 0.0 8.181805246746432 0.0 4.0 
1614 7244483.5 95.81866494884964 82.67866512308139 143.60897070312492 0 233 2.8329 0.0 8.181805246746432 0.0 4.0 
1615 7244516.9 95.82698672598997 82.67499475756918 143.60897070312492 0 233 2.8329 0.0 8.181805246746432 0.0 4.0 
1616 7244550.2 95.82698672598997 82.67499475756918 143.60897070312492 0 233 2.8329 0.0 8.181805246746432 0.0 4.0 
1617 7244583.5 95.82698672598997 82.67499475756918 143.60897070312492 0 233 2.8329 0.0 8.181805246746432 0.0 4.0 
1618 7244616.9 95.82698672598997 82.67499475756918 143.60897070312492 0 233 2.8329 0.0 8.181805246746432 0.0 4.0 
1619 7244650.2 95.82825481288371 82.67022980055485 143.60897070312492 0 233 2.8329 0.0 8.181805246746432 0.0 4.0 
1620 7244683.5 95.82825481288371 82.67022980055485 143.60897070312492 0 233 2.8329 0.0 8.181805246746432 0.0 4.0 
1621 7244716.9 95.82825481288371 82.67022980055485 143.60897070312492 0 233 2.8329 0.0 8.181805246746432 0.0 4.0 
1622 7244750.2 95.82825481288371 82.67022980055485 143.60897070312492 0 233 2.8329 0.0 8.181805246746432 0.0 4.0 
1623 7244783.5 95.82825481288371 82.6685281382903 143.60897070312492 0 233 2.8329 0.0 8.181805246746432 0.0 4.0 
1624 7244816.9 95.82825481288371 82.6685281382903 143.60897070312492 0 233 2.8329 0.0 8.181805246746432 0.0 4.0 
1625 7244850.2 95.82825481288371 82.6685281382903 143.60897070312492 0 233 2.8329 0.0 8.181805246746432 0.0 4.0 
1626 7244883.5 95.82825481288371 82.6685281382903 143.60897070312492 0 233 2.8329 0.0 8.181805246746432 0.0 4.0 
1627 7244916.9 95.82825481288371 82.6685281382903 143.60897070312492 0 233 2.8329 0.0 8.181805246746432 0.0 4.0 
1628 7244950.2 95.82825481288371 82.6685281382903 143.60897070312492 0 233 2.8329 0.0 8.181805246746432 0.0 4.0 
1629 7244983.6 95.82937245610574 82.6685281382903 143.60897070312492 0 233 2.8329 0.0 8.181805246746432 0.0 4.0 
1630 7245016.9 95.82937245610574 82.6685281382903 143.60897070312492 0 233 2.8329 0.0 8.181805246746432 0.0 4.0 
1631 7245050.2 95.82937245610574 82.6685281382903 143.60897070312492 0 233 2.8329 0.0 8.181805246746432 0.0 4.0 
1632 7245083.6 95.82937245610574 82.6685281382903 143.60897070312492 0 233 2.8329 0.0 8.181805246746432 0.0 4.0 
1633 7245116.9 95.82937245610574 82.66955051117561 143.60897070312492 0 233 2.8329 0.0 8.181805246746432 0.0 4.0 
1634 7245150.2 95.82937245610574 82.66955051117561 143.60897070312492 0 233 2.8329 0.0 8.181805246746432 0.0 4.0 
1635 7245183.6 95.82937245610574 82.66955051117561 143.60897070312492 0 233 2.8329 0.0 8.181805246746432 0.0 4.0 
1636 7245216.9 95.82937245610574 82.66955051117561 143.60897070312492 0 233 2.8329 0.0 8.181805246746432 0.0 4.0 
1637 7245250.2 95.82937245610574 82.68244010168758 143.60897070312492 0 233 2.8329 0.0 8.181805246746432 0.0 4.0 
1638 7245283.6 95.82937245610574 82.68244010168758 143.60897070312492 0 233 2.8329 0.0 8.181805246746432 0.0 4.0 
1639 7245316.9 95.82937245610574 82.68244010168758 143.60897070312492 0 233 2.8329 0.0 8.181805246746432 0.0 4.0 
1640 7245350.3 95.82937245610574 82.68244010168758 143.60897070312492 0 233 2.8329 0.0 8.181805246746432 0.0 4.0 
1641 7245383.6 95.82937245610574 82.72306238646043 143.60897070312492 0 233 2.8329 0.0 8.181805246746432 0.0 4.0 
1642 7245416.9 95.82937245610574 82.72306238646043 143.60897070312492 0 233 2.8329 0.0 8.181805246746432 0.0 4.0 
1643 7245450.3 95.82937245610574 82.72306238646043 143.60897070312492 0 233 2.8329 0.0 8.181805246746432 0.0 4.0 
1644 7245483.6 95.82937245610574 82.72306238646043 143.60897070312492 0 233 2.8329 0.0 8.181805246746432 0.0 4.0 
1645 7245516.9 95.82937245610574 82.75968887911974 143.60897070312492 0 233 2.8329 0.0 8.181805246746432 0.0 4.0 
1646 7245550.3 95.82937245610574 82.75968887911974 143.60897070312492 0 233 2.8329 0.0 8.181805246746432 0.0 4.0 
1647 7245583.6 95.82937245610574 82.75968887911974 143.60897070312492 0 233 2.8329 0.0 8.181805246746432 0.0 4.0 
1648 7245616.9 95.82937245610574 82.75968887911974 143.60897070312492 0 233 2.8329 0.0 8.181805246746432 0.0 4.0 
1649 7245650.3 95.82562987115942 82.78285287956588 143.60897070312492 0 233 2.8329 0.0 8.181805246746432 0.0 4.0 
1650 7245683.6 95.82562987115942 82.78285287956588 143.60897070312492 0 233 2.8329 0.0 8.181805246746432 0.0 4.0 
1651 7245716.9 95.82562987115942 82.78285287956588 143.60897070312492 0 233 2.8329 0.0 8.181805246746432 0.0 4.0 
1652 7245750.3 95.82562987115942 82.78285287956588 143.60897070312492 0 233 2.8329 0.0 8.181805246746432 0.0 4.0 
1653 7245783.6 95.82065131288559 82.79401037610832 143.60897070312492 0 233 2.8329 0.0 8.181805246746432 0.0 4.0 
1654 7245817.0 95.82065131288559 82.79401037610832 143.60897070312492 0 233 2.8329 0.0 8.181805246746432 0.0 4.0 
1655 7245850.3 95.82065131288559 82.79401037610832 143.60897070312492 0 233 2.8329 0.0 8.181805246746432 0.0 4.0 
1656 7245883.6 95.82065131288559 82.79401037610832 143.60897070312492 0 233 2.8329 0.0 8.181805246746432 0.0 4.0 
1657 7245917.0 95.817000405992 82.79401037610832 143.60897070312492 0 233 2.8329 0.0 8.181805246746432 0.0 4.0 
1658 7245950.3 95.817000405992 82.8056397490814 143.60897070312492 0 233 2.8329 0.0 8.181805246746432 0.0 4.0 
1659 7245983.6 95.817000405992 82.8056397490814 143.60897070312492 0 233 2.8329 0.0 8.181805246746432 0.0 4.0 
1660 7246017.0 95.817000405992 82.8056397490814 143.60897070312492 0 233 2.8329 0.0 8.181805246746432 0.0 4.0 
1661 7246050.3 95.814807336902 82.81495845298643 143.60897070312492 0 233 2.8329 0.0 8.181805246746432 0.0 4.0 
1662 7246083.6 95.814807336902 82.81495845298643 143.60897070312492 0 233 2.8329 0.0 8.181805246746432 0.0 4.0 
1663 7246117.0 95.814807336902 82.81495845298643 143.60897070312492 0 233 2.8329 0.0 8.181805246746432 0.0 4.0 
1664 7246150.3 95.814807336902 82.81495845298643 143.60897070312492 0 233 2.8329 0.0 8.181805246746432 0.0 4.0 
1665 7246183.7 95.81786806300532 82.81495845298643 143.60897070312492 0 233 2.8329 0.0 8.181805246746432 0.0 4.0 
1666 7246217.0 95.81786806300532 82.81495845298643 143.60897070312492 0 233 2.8329 0.0 8.181805246746432 0.0 4.0 
1667 7246250.3 95.81786806300532 82.81495845298643 143.60897070312492 0 233 2.8329 0.0 8.181805246746432 0.0 4.0 
1668 7246283.7 95.81786806300532 82.81495845298643 143.60897070312492 0 233 2.8329 0.0 8.181805246746432 0.0 4.0 
1669 7246317.0 95.82740435490977 82.81495845298643 143.60897070312492 0 233 2.8329 0.0 8.181805246746432 0.0 4.0 
1670 7246350.3 95.82740435490977 82.81156565761808 143.60897070312492 0 233 2.8329 0.0 8.181805246746432 0.0 4.0 
1671 7246383.7 95.82740435490977 82.81156565761808 143.60897070312492 0 233 2.8329 0.0 8.181805246746432 0.0 4.0 
1672 7246417.0 95.82740435490977 82.81156565761808 143.60897070312492 0 233 2.8329 0.0 8.181805246746432 0.0 4.0 
1673 7246450.3 95.83781899444686 82.80322352327703 143.60897070312492 0 233 2.8329 0.0 8.181805246746432 0.0 4.0 
1674 7246483.7 95.83781899444686 82.80322352327703 143.60897070312492 0 233 2.8329 0.0 8.181805246746432 0.0 4.0 
1675 7246517.0 95.83781899444686 82.80322352327703 143.60897070312492 0 233 2.8329 0.0 8.181805246746432 0.0 4.0 
1676 7246550.3 95.83781899444686 82.80322352327703 143.60897070312492 0 233 2.8329 0.0 8.181805246746432 0.0 4.0 
1677 7246583.7 95.84535286929837 82.80322352327703 143.60897070312492 0 233 2.8329 0.0 8.181805246746432 0.0 4.0 
1678 7246617.0 95.84535286929837 82.79407479446303 143.60897070312492 0 233 2.8329 0.0 8.181805246746432 0.0 4.0 
1679 7246650.4 95.84535286929837 82.79407479446303 143.60897070312492 0 233 2.8329 0.0 8.181805246746432 0.0 4.0 
1680 7246683.7 95.84535286929837 82.79407479446303 143.60897070312492 0 233 2.8329 0.0 8.181805246746432 0.0 4.0 
1681 7246717.0 95.85315526941125 82.79407479446303 143.60897070312492 0 233 2.8329 0.0 8.181805246746432 0.0 4.0 
1682 7246750.4 95.85315526941125 82.78752921255882 143.60897070312492 0 233 2.8329 0.0 8.181805246746432 0.0 4.0 
1683 7246783.7 95.85315526941125 82.78752921255882 143.60897070312492 0 233 2.8329 0.0 8.181805246746432 0.0 4.0 
1684 7246817.0 95.85315526941125 82.78752921255882 143.60897070312492 0 233 2.8329 0.0 8.181805246746432 0.0 4.0 
1685 7246850.4 95.85315526941125 82.78752921255882 143.60897070312492 0 233 2.8329 0.0 8.181805246746432 0.0 4.0 
1686 7246883.7 95.85315526941125 82.78752921255882 143.60897070312492 0 233 2.8329 0.0 8.181805246746432 0.0 4.0 
1687 7246917.0 95.8543009984548 82.78752921255882 143.60897070312492 0 233 2.8329 0.0 8.181805246746432 0.0 4.0 
1688 7246950.4 95.8543009984548 82.78752921255882 143.60897070312492 0 233 2.8329 0.0 8.181805246746432 0.0 4.0 
1689 7246983.7 95.8543009984548 82.78752921255882 143.60897070312492 0 233 2.8329 0.0 8.181805246746432 0.0 4.0 
1690 7247017.1 95.8543009984548 82.78752921255882 143.60897070312492 0 233 2.8329 0.0 8.181805246746432 0.0 4.0 
1691 7247050.4 95.8543009984548 82.78752921255882 143.60897070312492 0 233 2.8329 0.0 8.181805246746432 0.0 4.0 
1692 7247083.7 95.8543009984548 82.78752921255882 143.60897070312492 0 233 2.8329 0.0 8.181805246746432 0.0 4.0 
1693 7247117.1 95.85554675830058 82.78752921255882 143.60897070312492 0 233 2.8329 0.0 8.181805246746432 0.0 4.0 
1694 7247150.4 95.85554675830058 82.78752921255882 143.60897070312492 0 233 2.8329 0.0 8.181805246746432 0.0 4.0 
1695 7247183.7 95.85554675830058 82.78752921255882 143.60897070312492 0 233 2.8329 0.0 8.181805246746432 0.0 4.0 
1696 7247217.1 95.85554675830058 82.78752921255882 143.60897070312492 0 233 2.8329 0.0 8.181805246746432 0.0 4.0 
1697 7247250.4 95.84806666654082 82.79452027772737 143.60897070312492 0 233 2.8329 0.0 8.181805246746432 0.0 4.0 
1698 7247283.7 95.84806666654082 82.79452027772737 143.60897070312492 0 233 2.8329 0.0 8.181805246746432 0.0 4.0 
1699 7247317.1 95.84806666654082 82.79452027772737 143.60897070312492 0 233 2.8329 0.0 8.181805246746432 0.0 4.0 
1700 7247350.4 95.84806666654082 82.79452027772737 143.60897070312492 0 233 2.8329 0.0 8.181805246746432 0.0 4.0 
1701 7247383.7 95.8283167123445 82.81527105148201 143.60897070312492 0 233 2.8329 0.0 8.181805246746432 0.0 4.0 
1702 7247417.1 95.8283167123445 82.81527105148201 143.60897070312492 0 233 2.8329 0.0 8.181805246746432 0.0 4.0 
1703 7247450.4 95.8283167123445 82.81527105148201 143.60897070312492 0 233 2.8329 0.0 8.181805246746432 0.0 4.0 
1704 7247483.8 95.8283167123445 82.81527105148201 143.60897070312492 0 233 2.8329 0.0 8.181805246746432 0.0 4.0 
1705 7247517.1 95.79884396613299 82.81527105148201 143.60897070312492 0 233 2.8329 0.0 8.181805246746432 0.0 4.0 
1706 7247550.4 95.79884396613299 82.84820199274664 143.60897070312492 0 233 2.8329 0.0 8.181805246746432 0.0 4.0 
1707 7247583.8 95.79884396613299 82.84820199274664 143.60897070312492 0 233 2.8329 0.0 8.181805246746432 0.0 4.0 
1708 7247617.1 95.79884396613299 82.84820199274664 143.60897070312492 0 233 2.8329 0.0 8.181805246746432 0.0 4.0 
1709 7247650.4 95.79884396613299 82.84820199274664 143.60897070312492 0 233 2.8329 0.0 8.181805246746432 0.0 4.0 
1710 7247683.8 95.79884396613299 82.84820199274664 143.60897070312492 0 233 2.8329 0.0 8.181805246746432 0.0 4.0 
1711 7247717.1 95.76960411624003 82.87290484849245 143.60897070312492 0 233 2.8329 0.0 8.181805246746432 0.0 4.0 
1712 7247750.4 95.76960411624003 82.87290484849245 143.60897070312492 0 233 2.8329 0.0 8.181805246746432 0.0 4.0 
1713 7247783.8 95.76960411624003 82.87290484849245 143.60897070312492 0 233 2.8329 0.0 8.181805246746432 0.0 4.0 
1714 7247817.1 95.76960411624003 82.87290484849245 143.60897070312492 0 233 2.8329 0.0 8.181805246746432 0.0 4.0 
1715 7247850.5 95.7446187164158 82.87290484849245 143.60897070312492 0 233 2.8329 0.0 8.181805246746432 0.0 4.0 
1716 7247883.8 95.7446187164158 82.88782459962869 143.60897070312492 0 233 2.8329 0.0 8.181805246746432 0.0 4.0 
1717 7247917.1 95.7446187164158 82.88782459962869 143.60897070312492 0 233 2.8329 0.0 8.181805246746432 0.0 4.0 
1718 7247950.5 95.7446187164158 82.88782459962869 143.60897070312492 0 233 2.8329 0.0 8.181805246746432 0.0 4.0 
1719 7247983.8 95.7446187164158 82.88782459962869 143.60897070312492 0 233 2.8329 0.0 8.181805246746432 0.0 4.0 
1720 7248017.1 95.7446187164158 82.88782459962869 143.60897070312492 0 233 2.8329 0.0 8.181805246746432 0.0 4.0 
1721 7248050.5 95.72460908574956 82.89828493253847 143.60897070312492 0 233 2.8329 0.0 8.181805246746432 0.0 4.0 
1722 7248083.8 95.72460908574956 82.89828493253847 143.60897070312492 0 233 2.8329 0.0 8.181805246746432 0.0 4.0 
1723 7248117.1 95.72460908574956 82.89828493253847 143.60897070312492 0 233 2.8329 0.0 8.181805246746432 0.0 4.0 
1724 7248150.5 95.72460908574956 82.89828493253847 143.60897070312492 0 233 2.8329 0.0 8.181805246746432 0.0 4.0 
1725 7248183.8 95.71287733279567 82.90273053605893 143.60897070312492 0 233 2.8329 0.0 8.181805246746432 0.0 4.0 
1726 7248217.1 95.71287733279567 82.90273053605893 143.60897070312492 0 233 2.8329 0.0 8.181805246746432 0.0 4.0 
1727 7248250.5 95.71287733279567 82.90273053605893 143.60897070312492 0 233 2.8329 0.0 8.181805246746432 0.0 4.0 
1728 7248283.8 95.71287733279567 82.90273053605893 143.60897070312492 0 233 2.8329 0.0 8.181805246746432 0.0 4.0 
1729 7248317.2 95.695280074001 82.90273053605893 143.60897070312492 0 233 2.8329 0.0 8.181805246746432 0.0 4.0 
1730 7248350.5 95.695280074001 82.90977277315974 143.60897070312492 0 233 2.8329 0.0 8.181805246746432 0.0 4.0 
1731 7248383.8 95.695280074001 82.90977277315974 143.60897070312492 0 233 2.8329 0.0 8.181805246746432 0.0 4.0 
1732 7248417.2 95.695280074001 82.90977277315974 143.60897070312492 0 233 2.8329 0.0 8.181805246746432 0.0 4.0 
1733 7248450.5 95.67491198325396 82.91471298006965 143.60897070312492 0 233 2.8329 0.0 8.181805246746432 0.0 4.0 
1734 7248483.8 95.67491198325396 82.91471298006965 143.60897070312492 0 233 2.8329 0.0 8.181805246746432 0.0 4.0 
1735 7248517.2 95.67491198325396 82.91471298006965 143.60897070312492 0 233 2.8329 0.0 8.181805246746432 0.0 4.0 
1736 7248550.5 95.67491198325396 82.91471298006965 143.60897070312492 0 233 2.8329 0.0 8.181805246746432 0.0 4.0 
1737 7248583.8 95.6611653888506 82.91606550886164 143.60897070312492 0 233 2.8329 0.0 8.181805246746432 0.0 4.0 
1738 7248617.2 95.6611653888506 82.91606550886164 143.60897070312492 0 233 2.8329 0.0 8.181805246746432 0.0 4.0 
1739 7248650.5 95.6611653888506 82.91606550886164 143.60897070312492 0 233 2.8329 0.0 8.181805246746432 0.0 4.0 
1740 7248683.9 95.6611653888506 82.91606550886164 143.60897070312492 0 233 2.8329 0.0 8.181805246746432 0.0 4.0 
1741 7248717.2 95.64706365007368 82.91606550886164 143.60897070312492 0 233 2.8329 0.0 8.181805246746432 0.0 4.0 
1742 7248750.5 95.64706365007368 82.91718371924402 143.60897070312492 0 233 2.8329 0.0 8.181805246746432 0.0 4.0 
1743 7248783.9 95.64706365007368 82.91718371924402 143.60897070312492 0 233 2.8329 0.0 8.181805246746432 0.0 4.0 
1744 7248817.2 95.64706365007368 82.91718371924402 143.60897070312492 0 233 2.8329 0.0 8.181805246746432 0.0 4.0 
1745 7248850.5 95.64299684313464 82.91533670063218 143.60897070312492 0 233 2.8329 0.0 8.181805246746432 0.0 4.0 
1746 7248883.9 95.64299684313464 82.91533670063218 143.60897070312492 0 233 2.8329 0.0 8.181805246746432 0.0 4.0 
1747 7248917.2 95.64299684313464 82.91533670063218 143.60897070312492 0 233 2.8329 0.0 8.181805246746432 0.0 4.0 
1748 7248950.5 95.64299684313464 82.91533670063218 143.60897070312492 0 233 2.8329 0.0 8.181805246746432 0.0 4.0 
1749 7248983.9 95.6445387482363 82.91123158881572 143.60897070312492 0 233 2.8329 0.0 8.181805246746432 0.0 4.0 
1750 7249017.2 95.6445387482363 82.91123158881572 143.60897070312492 0 233 2.8329 0.0 8.181805246746432 0.0 4.0 
1751 7249050.5 95.6445387482363 82.91123158881572 143.60897070312492 0 233 2.8329 0.0 8.181805246746432 0.0 4.0 
1752 7249083.9 95.6445387482363 82.91123158881572 143.60897070312492 0 233 2.8329 0.0 8.181805246746432 0.0 4.0 
1753 7249117.2 95.6445387482363 82.9067426478237 143.60897070312492 0 233 2.8329 0.0 8.181805246746432 0.0 4.0 
1754 7249150.6 95.6445387482363 82.9067426478237 143.60897070312492 0 233 2.8329 0.0 8.181805246746432 0.0 4.0 
1755 7249183.9 95.6445387482363 82.9067426478237 143.60897070312492 0 233 2.8329 0.0 8.181805246746432 0.0 4.0 
1756 7249217.2 95.6445387482363 82.9067426478237 143.60897070312492 0 233 2.8329 0.0 8.181805246746432 0.0 4.0 
1757 7249250.6 95.64708849517837 82.90299265410374 143.60897070312492 0 233 2.8329 0.0 8.181805246746432 0.0 4.0 
1758 7249283.9 95.64708849517837 82.90299265410374 143.60897070312492 0 233 2.8329 0.0 8.181805246746432 0.0 4.0 
1759 7249317.2 95.64708849517837 82.90299265410374 143.60897070312492 0 233 2.8329 0.0 8.181805246746432 0.0 4.0 
1760 7249350.6 95.64708849517837 82.90299265410374 143.60897070312492 0 233 2.8329 0.0 8.181805246746432 0.0 4.0 
1761 7249383.9 95.65224514170647 82.90299265410374 143.60897070312492 0 233 2.8329 0.0 8.181805246746432 0.0 4.0 
1762 7249417.2 95.65224514170647 82.90299265410374 143.60897070312492 0 233 2.8329 0.0 8.181805246746432 0.0 4.0 
1763 7249450.6 95.65224514170647 82.90299265410374 143.60897070312492 0 233 2.8329 0.0 8.181805246746432 0.0 4.0 
1764 7249483.9 95.65224514170647 82.90299265410374 143.60897070312492 0 233 2.8329 0.0 8.181805246746432 0.0 4.0 
1765 7249517.3 95.65793420111262 82.90299265410374 143.60897070312492 0 233 2.8329 0.0 8.181805246746432 0.0 4.0 
1766 7249550.6 95.65793420111262 82.90299265410374 143.60897070312492 0 233 2.8329 0.0 8.181805246746432 0.0 4.0 
1767 7249583.9 95.65793420111262 82.90299265410374 143.60897070312492 0 233 2.8329 0.0 8.181805246746432 0.0 4.0 
1768 7249617.3 95.65793420111262 82.90299265410374 143.60897070312492 0 233 2.8329 0.0 8.181805246746432 0.0 4.0 
1769 7249650.6 95.66346963141487 82.90299265410374 143.60897070312492 0 233 2.8329 0.0 8.181805246746432 0.0 4.0 
1770 7249683.9 95.66346963141487 82.90299265410374 143.60897070312492 0 233 2.8329 0.0 8.181805246746432 0.0 4.0 
1771 7249717.3 95.66346963141487 82.90299265410374 143.60897070312492 0 233 2.8329 0.0 8.181805246746432 0.0 4.0 
1772 7249750.6 95.66346963141487 82.90299265410374 143.60897070312492 0 233 2.8329 0.0 8.181805246746432 0.0 4.0 
1773 7249783.9 95.6726554891065 82.90299265410374 143.60897070312492 0 233 2.8329 0.0 8.181805246746432 0.0 4.0 
1774 7249817.3 95.6726554891065 82.90480217052175 143.60897070312492 0 233 2.8329 0.0 8.181805246746432 0.0 4.0 
1775 7249850.6 95.6726554891065 82.90480217052175 143.60897070312492 0 233 2.8329 0.0 8.181805246746432 0.0 4.0 
1776 7249883.9 95.6726554891065 82.90480217052175 143.60897070312492 0 233 2.8329 0.0 8.181805246746432 0.0 4.0 
1777 7249917.3 95.68133593989933 82.90822311450314 143.60897070312492 0 233 2.8329 0.0 8.181805246746432 0.0 4.0 
1778 7249950.6 95.68133593989933 82.90822311450314 143.60897070312492 0 233 2.8329 0.0 8.181805246746432 0.0 4.0 
1779 7249984.0 95.68133593989933 82.90822311450314 143.60897070312492 0 233 2.8329 0.0 8.181805246746432 0.0 4.0 
1780 7250017.3 95.68133593989933 82.90822311450314 143.60897070312492 0 233 2.8329 0.0 8.181805246746432 0.0 4.0 
1781 7250050.6 95.69620604833818 82.91269593114129 143.60897070312492 0 233 2.8329 0.0 8.181805246746432 0.0 4.0 
1782 7250084.0 95.69620604833818 82.91269593114129 143.60897070312492 0 233 2.8329 0.0 8.181805246746432 0.0 4.0 
1783 7250117.3 95.69620604833818 82.91269593114129 143.60897070312492 0 233 2.8329 0.0 8.181805246746432 0.0 4.0 
1784 7250150.6 95.69620604833818 82.91269593114129 143.60897070312492 0 233 2.8329 0.0 8.181805246746432 0.0 4.0 
1785 7250184.0 95.71395345874615 82.91269593114129 143.60897070312492 0 233 2.8329 0.0 8.181805246746432 0.0 4.0 
1786 7250217.3 95.71395345874615 82.91825624236198 143.60897070312492 0 233 2.8329 0.0 8.181805246746432 0.0 4.0 
1787 7250250.6 95.71395345874615 82.91825624236198 143.60897070312492 0 233 2.8329 0.0 8.181805246746432 0.0 4.0 
1788 7250284.0 95.71395345874615 82.91825624236198 143.60897070312492 0 233 2.8329 0.0 8.181805246746432 0.0 4.0 
1789 7250317.3 95.71395345874615 82.91825624236198 143.60897070312492 0 233 2.8329 0.0 8.181805246746432 0.0 4.0 
1790 7250350.7 95.71395345874615 82.91825624236198 143.60897070312492 0 233 2.8329 0.0 8.181805246746432 0.0 4.0 
1791 7250384.0 95.7232775217792 82.91825624236198 143.60897070312492 0 233 2.8329 0.0 8.181805246746432 0.0 4.0 
1792 7250417.3 95.7232775217792 82.92332642387919 143.60897070312492 0 233 2.8329 0.0 8.181805246746432 0.0 4.0 
1793 7250450.7 95.7232775217792 82.92332642387919 143.60897070312492 0 233 2.8329 0.0 8.181805246746432 0.0 4.0 
1794 7250484.0 95.7232775217792 82.92332642387919 143.60897070312492 0 233 2.8329 0.0 8.181805246746432 0.0 4.0 
1795 7250517.3 95.7232775217792 82.92332642387919 143.60897070312492 0 233 2.8329 0.0 8.181805246746432 0.0 4.0 
1796 7250550.7 95.7232775217792 82.92332642387919 143.60897070312492 0 233 2.8329 0.0 8.181805246746432 0.0 4.0 
1797 7250584.0 95.74249443726268 82.92332642387919 143.60897070312492 0 233 2.8329 0.0 8.181805246746432 0.0 4.0 
1798 7250617.3 95.74249443726268 82.93038098907587 143.60897070312492 0 233 2.8329 0.0 8.181805246746432 0.0 4.0 
1799 7250650.7 95.74249443726268 82.93038098907587 143.60897070312492 0 233 2.8329 0.0 8.181805246746432 0.0 4.0 
1800 7250684.0 95.74249443726268 82.93038098907587 143.60897070312492 0 233 2.8329 0.0 8.181805246746432 0.0 4.0 
1801 7250717.3 95.74249443726268 82.93038098907587 143.60897070312492 0 233 2.8329 0.0 8.181805246746432 0.0 4.0 
1802 7250750.7 95.74249443726268 82.93038098907587 143.60897070312492 0 233 2.8329 0.0 8.181805246746432 0.0 4.0 
1803 7250784.0 95.751736641636 82.94544113222146 143.60897070312492 0 233 2.8329 0.0 8.181805246746432 0.0 4.0 
1804 7250817.4 95.751736641636 82.94544113222146 143.60897070312492 0 233 2.8329 0.0 8.181805246746432 0.0 4.0 
1805 7250850.7 95.751736641636 82.94544113222146 143.60897070312492 0 233 2.8329 0.0 8.181805246746432 0.0 4.0 
1806 7250884.0 95.751736641636 82.94544113222146 143.60897070312492 0 233 2.8329 0.0 8.181805246746432 0.0 4.0 
1807 7250917.4 95.75662246349857 82.94544113222146 143.60897070312492 0 233 2.8329 0.0 8.181805246746432 0.0 4.0 
1808 7250950.7 95.75662246349857 82.94865846211894 143.60897070312492 0 233 2.8329 0.0 8.181805246746432 0.0 4.0 
1809 7250984.0 95.75662246349857 82.94865846211894 143.60897070312492 0 233 2.8329 0.0 8.181805246746432 0.0 4.0 
1810 7251017.4 95.75662246349857 82.94865846211894 143.60897070312492 0 233 2.8329 0.0 8.181805246746432 0.0 4.0 
1811 7251050.7 95.7614995913902 82.94865846211894 143.60897070312492 0 233 2.8329 0.0 8.181805246746432 0.0 4.0 
1812 7251084.0 95.7614995913902 82.95204996774365 143.60897070312492 0 233 2.8329 0.0 8.181805246746432 0.0 4.0 
1813 7251117.4 95.7614995913902 82.95204996774365 143.60897070312492 0 233 2.8329 0.0 8.181805246746432 0.0 4.0 
1814 7251150.7 95.7614995913902 82.95204996774365 143.60897070312492 0 233 2.8329 0.0 8.181805246746432 0.0 4.0 
1815 7251184.1 95.76532545948977 82.9565839642545 143.60897070312492 0 233 2.8329 0.0 8.181805246746432 0.0 4.0 
1816 7251217.4 95.76532545948977 82.9565839642545 143.60897070312492 0 233 2.8329 0.0 8.181805246746432 0.0 4.0 
1817 7251250.7 95.76532545948977 82.9565839642545 143.60897070312492 0 233 2.8329 0.0 8.181805246746432 0.0 4.0 
1818 7251284.1 95.76532545948977 82.9565839642545 143.60897070312492 0 233 2.8329 0.0 8.181805246746432 0.0 4.0 
1819 7251317.4 95.76941285187316 82.9565839642545 143.60897070312492 0 233 2.8329 0.0 8.181805246746432 0.0 4.0 
1820 7251350.7 95.76941285187316 82.9565839642545 143.60897070312492 0 233 2.8329 0.0 8.181805246746432 0.0 4.0 
1821 7251384.1 95.76941285187316 82.9565839642545 143.60897070312492 0 233 2.8329 0.0 8.181805246746432 0.0 4.0 
1822 7251417.4 95.76941285187316 82.9565839642545 143.60897070312492 0 233 2.8329 0.0 8.181805246746432 0.0 4.0 
1823 7251450.7 95.77353486655132 82.9565839642545 143.60897070312492 0 233 2.8329 0.0 8.181805246746432 0.0 4.0 
1824 7251484.1 95.77353486655132 82.96409491009668 143.60897070312492 0 233 2.8329 0.0 8.181805246746432 0.0 4.0 
1825 7251517.4 95.77353486655132 82.96409491009668 143.60897070312492 0 233 2.8329 0.0 8.181805246746432 0.0 4.0 
1826 7251550.7 95.77353486655132 82.96409491009668 143.60897070312492 0 233 2.8329 0.0 8.181805246746432 0.0 4.0 
1827 7251584.1 95.77823485820967 82.9681564935601 143.60897070312492 0 233 2.8329 0.0 8.181805246746432 0.0 4.0 
1828 7251617.4 95.77823485820967 82.9681564935601 143.60897070312492 0 233 2.8329 0.0 8.181805246746432 0.0 4.0 
1829 7251650.8 95.77823485820967 82.9681564935601 143.60897070312492 0 233 2.8329 0.0 8.181805246746432 0.0 4.0 
1830 7251684.1 95.77823485820967 82.9681564935601 143.60897070312492 0 233 2.8329 0.0 8.181805246746432 0.0 4.0 
1831 7251717.4 95.78304877636768 82.97071466700491 143.60897070312492 0 233 2.8329 0.0 8.181805246746432 0.0 4.0 
1832 7251750.8 95.78304877636768 82.97071466700491 143.60897070312492 0 233 2.8329 0.0 8.181805246746432 0.0 4.0 
1833 7251784.1 95.78304877636768 82.97071466700491 143.60897070312492 0 233 2.8329 0.0 8.181805246746432 0.0 4.0 
1834 7251817.4 95.78304877636768 82.97071466700491 143.60897070312492 0 233 2.8329 0.0 8.181805246746432 0.0 4.0 
1835 7251850.8 95.79012418447137 82.97071466700491 143.60897070312492 0 233 2.8329 0.0 8.181805246746432 0.0 4.0 
1836 7251884.1 95.79012418447137 82.97420900953266 143.60897070312492 0 233 2.8329 0.0 8.181805246746432 0.0 4.0 
1837 7251917.4 95.79012418447137 82.97420900953266 143.60897070312492 0 233 2.8329 0.0 8.181805246746432 0.0 4.0 
1838 7251950.8 95.79012418447137 82.97420900953266 143.60897070312492 0 233 2.8329 0.0 8.181805246746432 0.0 4.0 
1839 7251984.1 95.79887109348768 82.97874712836335 143.60897070312492 0 233 2.8329 0.0 8.181805246746432 0.0 4.0 
1840 7252017.5 95.79887109348768 82.97874712836335 143.60897070312492 0 233 2.8329 0.0 8.181805246746432 0.0 4.0 
1841 7252050.8 95.79887109348768 82.97874712836335 143.60897070312492 0 233 2.8329 0.0 8.181805246746432 0.0 4.0 
1842 7252084.1 95.79887109348768 82.97874712836335 143.60897070312492 0 233 2.8329 0.0 8.181805246746432 0.0 4.0 
1843 7252117.5 95.80811042215029 82.97874712836335 143.60897070312492 0 233 2.8329 0.0 8.181805246746432 0.0 4.0 
1844 7252150.8 95.80811042215029 82.98159165666492 143.60897070312492 0 233 2.8329 0.0 8.181805246746432 0.0 4.0 
1845 7252184.1 95.80811042215029 82.98159165666492 143.60897070312492 0 233 2.8329 0.0 8.181805246746432 0.0 4.0 
1846 7252217.5 95.80811042215029 82.98159165666492 143.60897070312492 0 233 2.8329 0.0 8.181805246746432 0.0 4.0 
1847 7252250.8 95.81385682317004 82.98159165666492 143.60897070312492 0 233 2.8329 0.0 8.181805246746432 0.0 4.0 
1848 7252284.1 95.81385682317004 82.98617637099056 143.60897070312492 0 233 2.8329 0.0 8.181805246746432 0.0 4.0 
1849 7252317.5 95.81385682317004 82.98617637099056 143.60897070312492 0 233 2.8329 0.0 8.181805246746432 0.0 4.0 
1850 7252350.8 95.81385682317004 82.98617637099056 143.60897070312492 0 233 2.8329 0.0 8.181805246746432 0.0 4.0 
1851 7252384.1 95.81886312110525 82.99051189528632 143.60897070312492 0 233 2.8329 0.0 8.181805246746432 0.0 4.0 
1852 7252417.5 95.81886312110525 82.99051189528632 143.60897070312492 0 233 2.8329 0.0 8.181805246746432 0.0 4.0 
1853 7252450.8 95.81886312110525 82.99051189528632 143.60897070312492 0 233 2.8329 0.0 8.181805246746432 0.0 4.0 
1854 7252484.2 95.81886312110525 82.99051189528632 143.60897070312492 0 233 2.8329 0.0 8.181805246746432 0.0 4.0 
1855 7252517.5 95.82143698303685 82.99051189528632 143.60897070312492 0 233 2.8329 0.0 8.181805246746432 0.0 4.0 
1856 7252550.8 95.82143698303685 82.99247427869456 143.60897070312492 0 233 2.8329 0.0 8.181805246746432 0.0 4.0 
1857 7252584.2 95.82143698303685 82.99247427869456 143.60897070312492 0 233 2.8329 0.0 8.181805246746432 0.0 4.0 
1858 7252617.5 95.82143698303685 82.99247427869456 143.60897070312492 0 233 2.8329 0.0 8.181805246746432 0.0 4.0 
1859 7252650.8 95.81969033232106 82.99247427869456 143.60897070312492 0 233 2.8329 0.0 8.181805246746432 0.0 4.0 
1860 7252684.2 95.81969033232106 83.00027591162744 143.60897070312492 0 233 2.8329 0.0 8.181805246746432 0.0 4.0 
1861 7252717.5 95.81969033232106 83.00027591162744 143.60897070312492 0 233 2.8329 0.0 8.181805246746432 0.0 4.0 
1862 7252750.8 95.81969033232106 83.00027591162744 143.60897070312492 0 233 2.8329 0.0 8.181805246746432 0.0 4.0 
1863 7252784.2 95.81552271131908 83.00027591162744 143.60897070312492 0 233 2.8329 0.0 8.181805246746432 0.0 4.0 
1864 7252817.5 95.81552271131908 83.01054643369486 143.60897070312492 0 233 2.8329 0.0 8.181805246746432 0.0 4.0 
1865 7252850.9 95.81552271131908 83.01054643369486 143.60897070312492 0 233 2.8329 0.0 8.181805246746432 0.0 4.0 
1866 7252884.2 95.81552271131908 83.01054643369486 143.60897070312492 0 233 2.8329 0.0 8.181805246746432 0.0 4.0 
1867 7252917.5 95.81287790430824 83.01054643369486 143.60897070312492 0 233 2.8329 0.0 8.181805246746432 0.0 4.0 
1868 7252950.9 95.81287790430824 83.01907766666827 143.60897070312492 0 233 2.8329 0.0 8.181805246746432 0.0 4.0 
1869 7252984.2 95.81287790430824 83.01907766666827 143.60897070312492 0 233 2.8329 0.0 8.181805246746432 0.0 4.0 
1870 7253017.5 95.81287790430824 83.01907766666827 143.60897070312492 0 233 2.8329 0.0 8.181805246746432 0.0 4.0 
1871 7253050.9 95.80918814286336 83.01907766666827 143.60897070312492 0 233 2.8329 0.0 8.181805246746432 0.0 4.0 
1872 7253084.2 95.80918814286336 83.02797467492108 143.60897070312492 0 233 2.8329 0.0 8.181805246746432 0.0 4.0 
1873 7253117.5 95.80918814286336 83.02797467492108 143.60897070312492 0 233 2.8329 0.0 8.181805246746432 0.0 4.0 
1874 7253150.9 95.80918814286336 83.02797467492108 143.60897070312492 0 233 2.8329 0.0 8.181805246746432 0.0 4.0 
1875 7253184.2 95.80705042211929 83.04606324473254 143.60897070312492 0 233 2.8329 0.0 8.181805246746432 0.0 4.0 
1876 7253217.5 95.80705042211929 83.04606324473254 143.60897070312492 0 233 2.8329 0.0 8.181805246746432 0.0 4.0 
1877 7253250.9 95.80705042211929 83.04606324473254 143.60897070312492 0 233 2.8329 0.0 8.181805246746432 0.0 4.0 
1878 7253284.2 95.80705042211929 83.04606324473254 143.60897070312492 0 233 2.8329 0.0 8.181805246746432 0.0 4.0 
1879 7253317.6 95.8133464200922 83.04606324473254 143.60897070312492 0 233 2.8329 0.0 8.181805246746432 0.0 4.0 
1880 7253350.9 95.8133464200922 83.05091514979267 143.60897070312492 0 233 2.8329 0.0 8.181805246746432 0.0 4.0 
1881 7253384.2 95.8133464200922 83.05091514979267 143.60897070312492 0 233 2.8329 0.0 8.181805246746432 0.0 4.0 
1882 7253417.6 95.8133464200922 83.05091514979267 143.60897070312492 0 233 2.8329 0.0 8.181805246746432 0.0 4.0 
1883 7253450.9 95.81472756761387 83.05091514979267 143.60897070312492 0 233 2.8329 0.0 8.181805246746432 0.0 4.0 
1884 7253484.2 95.81472756761387 83.05740283091494 143.60897070312492 0 233 2.8329 0.0 8.181805246746432 0.0 4.0 
1885 7253517.6 95.81472756761387 83.05740283091494 143.60897070312492 0 233 2.8329 0.0 8.181805246746432 0.0 4.0 
1886 7253550.9 95.81472756761387 83.05740283091494 143.60897070312492 0 233 2.8329 0.0 8.181805246746432 0.0 4.0 
1887 7253584.2 95.80989533435881 83.06608256163724 143.60897070312492 0 233 2.8329 0.0 8.181805246746432 0.0 4.0 
1888 7253617.6 95.80989533435881 83.06608256163724 143.60897070312492 0 233 2.8329 0.0 8.181805246746432 0.0 4.0 
1889 7253650.9 95.80989533435881 83.06608256163724 143.60897070312492 0 233 2.8329 0.0 8.181805246746432 0.0 4.0 
1890 7253684.3 95.80989533435881 83.06608256163724 143.60897070312492 0 233 2.8329 0.0 8.181805246746432 0.0 4.0 
1891 7253717.6 95.80310540105057 83.06608256163724 143.60897070312492 0 233 2.8329 0.0 8.181805246746432 0.0 4.0 
1892 7253750.9 95.80310540105057 83.0754949325992 143.60897070312492 0 233 2.8329 0.0 8.181805246746432 0.0 4.0 
1893 7253784.3 95.80310540105057 83.0754949325992 143.60897070312492 0 233 2.8329 0.0 8.181805246746432 0.0 4.0 
1894 7253817.6 95.80310540105057 83.0754949325992 143.60897070312492 0 233 2.8329 0.0 8.181805246746432 0.0 4.0 
1895 7253850.9 95.80194455881589 83.0791770209655 143.60897070312492 0 233 2.8329 0.0 8.181805246746432 0.0 4.0 
1896 7253884.3 95.80194455881589 83.0791770209655 143.60897070312492 0 233 2.8329 0.0 8.181805246746432 0.0 4.0 
1897 7253917.6 95.80194455881589 83.0791770209655 143.60897070312492 0 233 2.8329 0.0 8.181805246746432 0.0 4.0 
1898 7253950.9 95.80194455881589 83.0791770209655 143.60897070312492 0 233 2.8329 0.0 8.181805246746432 0.0 4.0 
1899 7253984.3 95.80053505361451 83.08305333527414 143.60897070312492 0 233 2.8329 0.0 8.181805246746432 0.0 4.0 
1900 7254017.6 95.80053505361451 83.08305333527414 143.60897070312492 0 233 2.8329 0.0 8.181805246746432 0.0 4.0 
1901 7254050.9 95.80053505361451 83.08305333527414 143.60897070312492 0 233 2.8329 0.0 8.181805246746432 0.0 4.0 
1902 7254084.3 95.80053505361451 83.08305333527414 143.60897070312492 0 233 2.8329 0.0 8.181805246746432 0.0 4.0 
1903 7254117.6 95.79432977270487 83.0894931228426 143.60897070312492 0 233 2.8329 0.0 8.181805246746432 0.0 4.0 
1904 7254151.0 95.79432977270487 83.0894931228426 143.60897070312492 0 233 2.8329 0.0 8.181805246746432 0.0 4.0 
1905 7254184.3 95.79432977270487 83.0894931228426 143.60897070312492 0 233 2.8329 0.0 8.181805246746432 0.0 4.0 
1906 7254217.6 95.79432977270487 83.0894931228426 143.60897070312492 0 233 2.8329 0.0 8.181805246746432 0.0 4.0 
1907 7254251.0 95.78592965301262 83.09625654397547 143.60897070312492 0 233 2.8329 0.0 8.181805246746432 0.0 4.0 
1908 7254284.3 95.78592965301262 83.09625654397547 143.60897070312492 0 233 2.8329 0.0 8.181805246746432 0.0 4.0 
1909 7254317.6 95.78592965301262 83.09625654397547 143.60897070312492 0 233 2.8329 0.0 8.181805246746432 0.0 4.0 
1910 7254351.0 95.78592965301262 83.09625654397547 143.60897070312492 0 233 2.8329 0.0 8.181805246746432 0.0 4.0 
1911 7254384.3 95.77853252641737 83.09625654397547 143.60897070312492 0 233 2.8329 0.0 8.181805246746432 0.0 4.0 
1912 7254417.6 95.77853252641737 83.11181022214325 143.60897070312492 0 233 2.8329 0.0 8.181805246746432 0.0 4.0 
1913 7254451.0 95.77853252641737 83.11181022214325 143.60897070312492 0 233 2.8329 0.0 8.181805246746432 0.0 4.0 
1914 7254484.3 95.77853252641737 83.11181022214325 143.60897070312492 0 233 2.8329 0.0 8.181805246746432 0.0 4.0 
1915 7254517.7 95.78276039039152 83.12055814648755 143.60897070312492 0 233 2.8329 0.0 8.181805246746432 0.0 4.0 
1916 7254551.0 95.78276039039152 83.12055814648755 143.60897070312492 0 233 2.8329 0.0 8.181805246746432 0.0 4.0 
1917 7254584.3 95.78276039039152 83.12055814648755 143.60897070312492 0 233 2.8329 0.0 8.181805246746432 0.0 4.0 
1918 7254617.7 95.78276039039152 83.12055814648755 143.60897070312492 0 233 2.8329 0.0 8.181805246746432 0.0 4.0 
1919 7254651.0 95.78653201936815 83.12380544790955 143.60897070312492 0 233 2.8329 0.0 8.181805246746432 0.0 4.0 
1920 7254684.3 95.78653201936815 83.12380544790955 143.60897070312492 0 233 2.8329 0.0 8.181805246746432 0.0 4.0 
1921 7254717.7 95.78653201936815 83.12380544790955 143.60897070312492 0 233 2.8329 0.0 8.181805246746432 0.0 4.0 
1922 7254751.0 95.78653201936815 83.12380544790955 143.60897070312492 0 233 2.8329 0.0 8.181805246746432 0.0 4.0 
1923 7254784.3 95.78373186639638 83.1290679322754 143.60897070312492 0 233 2.8329 0.0 8.181805246746432 0.0 4.0 
1924 7254817.7 95.78373186639638 83.1290679322754 143.60897070312492 0 233 2.8329 0.0 8.181805246746432 0.0 4.0 
1925 7254851.0 95.78373186639638 83.1290679322754 143.60897070312492 0 233 2.8329 0.0 8.181805246746432 0.0 4.0 
1926 7254884.3 95.78373186639638 83.1290679322754 143.60897070312492 0 233 2.8329 0.0 8.181805246746432 0.0 4.0 
1927 7254917.7 95.7748596848875 83.13986777530108 143.60897070312492 0 233 2.8329 0.0 8.181805246746432 0.0 4.0 
1928 7254951.0 95.7748596848875 83.13986777530108 143.60897070312492 0 233 2.8329 0.0 8.181805246746432 0.0 4.0 
1929 7254984.4 95.7748596848875 83.13986777530108 143.60897070312492 0 233 2.8329 0.0 8.181805246746432 0.0 4.0 
1930 7255017.7 95.7748596848875 83.13986777530108 143.60897070312492 0 233 2.8329 0.0 8.181805246746432 0.0 4.0 
1931 7255051.0 95.76959506315166 83.13986777530108 143.60897070312492 0 233 2.8329 0.0 8.181805246746432 0.0 4.0 
1932 7255084.4 95.76959506315166 83.14975721143156 143.60897070312492 0 233 2.8329 0.0 8.181805246746432 0.0 4.0 
1933 7255117.7 95.76959506315166 83.14975721143156 143.60897070312492 0 233 2.8329 0.0 8.181805246746432 0.0 4.0 
1934 7255151.0 95.76959506315166 83.14975721143156 143.60897070312492 0 233 2.8329 0.0 8.181805246746432 0.0 4.0 
1935 7255184.4 95.77059515543952 83.14975721143156 143.60897070312492 0 233 2.8329 0.0 8.181805246746432 0.0 4.0 
1936 7255217.7 95.77059515543952 83.15567710770746 143.60897070312492 0 233 2.8329 0.0 8.181805246746432 0.0 4.0 
1937 7255251.0 95.77059515543952 83.15567710770746 143.60897070312492 0 233 2.8329 0.0 8.181805246746432 0.0 4.0 
1938 7255284.4 95.77059515543952 83.15567710770746 143.60897070312492 0 233 2.8329 0.0 8.181805246746432 0.0 4.0 
1939 7255317.7 95.774301292738 83.15979239351006 143.60897070312492 0 233 2.8329 0.0 8.181805246746432 0.0 4.0 
1940 7255351.1 95.774301292738 83.15979239351006 143.60897070312492 0 233 2.8329 0.0 8.181805246746432 0.0 4.0 
1941 7255384.4 95.774301292738 83.15979239351006 143.60897070312492 0 233 2.8329 0.0 8.181805246746432 0.0 4.0 
1942 7255417.7 95.774301292738 83.15979239351006 143.60897070312492 0 233 2.8329 0.0 8.181805246746432 0.0 4.0 
1943 7255451.1 95.774301292738 83.16284568931833 143.60897070312492 0 233 2.8329 0.0 8.181805246746432 0.0 4.0 
1944 7255484.4 95.774301292738 83.16284568931833 143.60897070312492 0 233 2.8329 0.0 8.181805246746432 0.0 4.0 
1945 7255517.7 95.774301292738 83.16284568931833 143.60897070312492 0 233 2.8329 0.0 8.181805246746432 0.0 4.0 
1946 7255551.1 95.774301292738 83.16284568931833 143.60897070312492 0 233 2.8329 0.0 8.181805246746432 0.0 4.0 
1947 7255584.4 95.774301292738 83.16728682597584 143.60897070312492 0 233 2.8329 0.0 8.181805246746432 0.0 4.0 
1948 7255617.7 95.774301292738 83.16728682597584 143.60897070312492 0 233 2.8329 0.0 8.181805246746432 0.0 4.0 
1949 7255651.1 95.774301292738 83.16728682597584 143.60897070312492 0 233 2.8329 0.0 8.181805246746432 0.0 4.0 
1950 7255684.4 95.774301292738 83.16728682597584 143.60897070312492 0 233 2.8329 0.0 8.181805246746432 0.0 4.0 
1951 7255717.7 95.77713263403825 83.16842555252568 143.60897070312492 0 233 2.8329 0.0 8.181805246746432 0.0 4.0 
1952 7255751.1 95.77713263403825 83.16842555252568 143.60897070312492 0 233 2.8329 0.0 8.181805246746432 0.0 4.0 
1953 7255784.4 95.77713263403825 83.16842555252568 143.60897070312492 0 233 2.8329 0.0 8.181805246746432 0.0 4.0 
1954 7255817.8 95.77713263403825 83.16842555252568 143.60897070312492 0 233 2.8329 0.0 8.181805246746432 0.0 4.0 
1955 7255851.1 95.7789164282066 83.16842555252568 143.60897070312492 0 233 2.8329 0.0 8.181805246746432 0.0 4.0 
1956 7255884.4 95.7789164282066 83.16732912692463 143.60897070312492 0 233 2.8329 0.0 8.181805246746432 0.0 4.0 
1957 7255917.8 95.7789164282066 83.16732912692463 143.60897070312492 0 233 2.8329 0.0 8.181805246746432 0.0 4.0 
1958 7255951.1 95.7789164282066 83.16732912692463 143.60897070312492 0 233 2.8329 0.0 8.181805246746432 0.0 4.0 
1959 7255984.4 95.7789164282066 83.16432311837785 143.60897070312492 0 233 2.8329 0.0 8.181805246746432 0.0 4.0 
1960 7256017.8 95.7789164282066 83.16432311837785 143.60897070312492 0 233 2.8329 0.0 8.181805246746432 0.0 4.0 
1961 7256051.1 95.7789164282066 83.16432311837785 143.60897070312492 0 233 2.8329 0.0 8.181805246746432 0.0 4.0 
1962 7256084.4 95.7789164282066 83.16432311837785 143.60897070312492 0 233 2.8329 0.0 8.181805246746432 0.0 4.0 
1963 7256117.8 95.77770363964264 83.16583102952245 143.60897070312492 0 233 2.8329 0.0 8.181805246746432 0.0 4.0 
1964 7256151.1 95.77770363964264 83.16583102952245 143.60897070312492 0 233 2.8329 0.0 8.181805246746432 0.0 4.0 
1965 7256184.5 95.77770363964264 83.16583102952245 143.60897070312492 0 233 2.8329 0.0 8.181805246746432 0.0 4.0 
1966 7256217.8 95.77770363964264 83.16583102952245 143.60897070312492 0 233 2.8329 0.0 8.181805246746432 0.0 4.0 
1967 7256251.1 95.77770363964264 83.17269244245944 143.60897070312492 0 233 2.8329 0.0 8.181805246746432 0.0 4.0 
1968 7256284.5 95.77770363964264 83.17269244245944 143.60897070312492 0 233 2.8329 0.0 8.181805246746432 0.0 4.0 
1969 7256317.8 95.77770363964264 83.17269244245944 143.60897070312492 0 233 2.8329 0.0 8.181805246746432 0.0 4.0 
1970 7256351.1 95.77770363964264 83.17269244245944 143.60897070312492 0 233 2.8329 0.0 8.181805246746432 0.0 4.0 
1971 7256384.5 95.78077437602867 83.17269244245944 143.60897070312492 0 233 2.8329 0.0 8.181805246746432 0.0 4.0 
1972 7256417.8 95.78077437602867 83.18263455003597 143.60897070312492 0 233 2.8329 0.0 8.181805246746432 0.0 4.0 
1973 7256451.1 95.78077437602867 83.18263455003597 143.60897070312492 0 233 2.8329 0.0 8.181805246746432 0.0 4.0 
1974 7256484.5 95.78077437602867 83.18263455003597 143.60897070312492 0 233 2.8329 0.0 8.181805246746432 0.0 4.0 
1975 7256517.8 95.78445788377685 83.18263455003597 143.60897070312492 0 233 2.8329 0.0 8.181805246746432 0.0 4.0 
1976 7256551.1 95.78445788377685 83.18263455003597 143.60897070312492 0 233 2.8329 0.0 8.181805246746432 0.0 4.0 
1977 7256584.5 95.78445788377685 83.18263455003597 143.60897070312492 0 233 2.8329 0.0 8.181805246746432 0.0 4.0 
1978 7256617.8 95.78445788377685 83.18263455003597 143.60897070312492 0 233 2.8329 0.0 8.181805246746432 0.0 4.0 
1979 7256651.2 95.78335952669389 83.18563573558481 143.60897070312492 0 233 2.8329 0.0 8.181805246746432 0.0 4.0 
1980 7256684.5 95.78335952669389 83.18563573558481 143.60897070312492 0 233 2.8329 0.0 8.181805246746432 0.0 4.0 
1981 7256717.8 95.78335952669389 83.18563573558481 143.60897070312492 0 233 2.8329 0.0 8.181805246746432 0.0 4.0 
1982 7256751.2 95.78335952669389 83.18563573558481 143.60897070312492 0 233 2.8329 0.0 8.181805246746432 0.0 4.0 
1983 7256784.5 95.78009076378744 83.18563573558481 143.60897070312492 0 233 2.8329 0.0 8.181805246746432 0.0 4.0 
1984 7256817.8 95.78009076378744 83.18954858869493 143.60897070312492 0 233 2.8329 0.0 8.181805246746432 0.0 4.0 
1985 7256851.2 95.78009076378744 83.18954858869493 143.60897070312492 0 233 2.8329 0.0 8.181805246746432 0.0 4.0 
1986 7256884.5 95.78009076378744 83.18954858869493 143.60897070312492 0 233 2.8329 0.0 8.181805246746432 0.0 4.0 
1987 7256917.8 95.78009076378744 83.18249455221988 143.60897070312492 0 233 2.8329 0.0 8.181805246746432 0.0 4.0 
1988 7256951.2 95.78009076378744 83.18249455221988 143.60897070312492 0 233 2.8329 0.0 8.181805246746432 0.0 4.0 
1989 7256984.5 95.78009076378744 83.18249455221988 143.60897070312492 0 233 2.8329 0.0 8.181805246746432 0.0 4.0 
1990 7257017.9 95.78009076378744 83.18249455221988 143.60897070312492 0 233 2.8329 0.0 8.181805246746432 0.0 4.0 
1991 7257051.2 95.78955714325882 83.15525250527011 143.60897070312492 0 233 2.8329 0.0 8.181805246746432 0.0 4.0 
1992 7257084.5 95.78955714325882 83.15525250527011 143.60897070312492 0 233 2.8329 0.0 8.181805246746432 0.0 4.0 
1993 7257117.9 95.78955714325882 83.15525250527011 143.60897070312492 0 233 2.8329 0.0 8.181805246746432 0.0 4.0 
1994 7257151.2 95.78955714325882 83.15525250527011 143.60897070312492 0 233 2.8329 0.0 8.181805246746432 0.0 4.0 
1995 7257184.5 95.80221943872282 83.15525250527011 143.60897070312492 0 233 2.8329 0.0 8.181805246746432 0.0 4.0 
1996 7257217.9 95.80221943872282 83.13036150204908 143.60897070312492 0 233 2.8329 0.0 8.181805246746432 0.0 4.0 
1997 7257251.2 95.80221943872282 83.13036150204908 143.60897070312492 0 233 2.8329 0.0 8.181805246746432 0.0 4.0 
1998 7257284.5 95.80221943872282 83.13036150204908 143.60897070312492 0 233 2.8329 0.0 8.181805246746432 0.0 4.0 
1999 7257317.9 95.80221943872282 83.13036150204908 143.60897070312492 0 233 2.8329 0.0 8.181805246746432 0.0 4.0 
2000 7257351.2 95.80221943872282 83.13036150204908 143.60897070312492 0 233 2.8329 0.0 8.181805246746432 0.0 4.0 
2001 7257384.5 95.82216353343323 83.13036150204908 143.60897070312492 0 233 2.8329 0.0 8.181805246746432 0.0 4.0 
2002 7257417.9 95.82216353343323 83.09603083565834 143.60897070312492 0 233 2.8329 0.0 8.181805246746432 0.0 4.0 
2003 7257451.2 95.82216353343323 83.09603083565834 143.60897070312492 0 233 2.8329 0.0 8.181805246746432 0.0 4.0 
2004 7257484.6 95.82216353343323 83.09603083565834 143.60897070312492 0 233 2.8329 0.0 8.181805246746432 0.0 4.0 
2005 7257517.9 95.82216353343323 83.09603083565834 143.60897070312492 0 233 2.8329 0.0 8.181805246746432 0.0 4.0 
2006 7257551.2 95.82216353343323 83.09603083565834 143.60897070312492 0 233 2.8329 0.0 8.181805246746432 0.0 4.0 
2007 7257584.6 95.8354470820436 83.09603083565834 143.60897070312492 0 233 2.8329 0.0 8.181805246746432 0.0 4.0 
2008 7257617.9 95.8354470820436 83.065304036123 143.60897070312492 0 233 2.8329 0.0 8.181805246746432 0.0 4.0 
2009 7257651.2 95.8354470820436 83.065304036123 143.60897070312492 0 233 2.8329 0.0 8.181805246746432 0.0 4.0 
2010 7257684.6 95.8354470820436 83.065304036123 143.60897070312492 0 233 2.8329 0.0 8.181805246746432 0.0 4.0 
2011 7257717.9 95.8354470820436 83.065304036123 143.60897070312492 0 233 2.8329 0.0 8.181805246746432 0.0 4.0 
2012 7257751.2 95.8354470820436 83.065304036123 143.60897070312492 0 233 2.8329 0.0 8.181805246746432 0.0 4.0 
2013 7257784.6 95.84180851550953 83.03484904128914 143.60897070312492 0 233 2.8329 0.0 8.181805246746432 0.0 4.0 
2014 7257817.9 95.84180851550953 83.03484904128914 143.60897070312492 0 233 2.8329 0.0 8.181805246746432 0.0 4.0 
2015 7257851.3 95.84180851550953 83.03484904128914 143.60897070312492 0 233 2.8329 0.0 8.181805246746432 0.0 4.0 
2016 7257884.6 95.84180851550953 83.03484904128914 143.60897070312492 0 233 2.8329 0.0 8.181805246746432 0.0 4.0 
2017 7257917.9 95.84180851550953 83.03484904128914 143.60897070312492 0 233 2.8329 0.0 8.181805246746432 0.0 4.0 
2018 7257951.3 95.84180851550953 83.03484904128914 143.60897070312492 0 233 2.8329 0.0 8.181805246746432 0.0 4.0 
2019 7257984.6 95.84073616624705 83.03484904128914 143.60897070312492 0 233 2.8329 0.0 8.181805246746432 0.0 4.0 
2020 7258017.9 95.84073616624705 83.01433922792471 143.60897070312492 0 233 2.8329 0.0 8.181805246746432 0.0 4.0 
2021 7258051.3 95.84073616624705 83.01433922792471 143.60897070312492 0 233 2.8329 0.0 8.181805246746432 0.0 4.0 
2022 7258084.6 95.84073616624705 83.01433922792471 143.60897070312492 0 233 2.8329 0.0 8.181805246746432 0.0 4.0 
2023 7258117.9 95.84073616624705 83.01433922792471 143.60897070312492 0 233 2.8329 0.0 8.181805246746432 0.0 4.0 
2024 7258151.3 95.84073616624705 83.01433922792471 143.60897070312492 0 233 2.8329 0.0 8.181805246746432 0.0 4.0 
2025 7258184.6 95.84073616624705 83.01433922792471 143.60897070312492 0 233 2.8329 0.0 8.181805246746432 0.0 4.0 
2026 7258217.9 95.84073616624705 83.01433922792471 143.60897070312492 0 233 2.8329 0.0 8.181805246746432 0.0 4.0 
2027 7258251.3 95.84073616624705 83.01433922792471 143.60897070312492 0 233 2.8329 0.0 8.181805246746432 0.0 4.0 
2028 7258284.6 95.84073616624705 83.01433922792471 143.60897070312492 0 233 2.8329 0.0 8.181805246746432 0.0 4.0 
2029 7258318.0 95.84324357894215 83.01433922792471 143.60897070312492 0 233 2.8329 0.0 8.181805246746432 0.0 4.0 
2030 7258351.3 95.84324357894215 83.02215857923684 143.60897070312492 0 233 2.8329 0.0 8.181805246746432 0.0 4.0 
2031 7258384.6 95.84324357894215 83.02215857923684 143.60897070312492 0 233 2.8329 0.0 8.181805246746432 0.0 4.0 
2032 7258418.0 95.84324357894215 83.02215857923684 143.60897070312492 0 233 2.8329 0.0 8.181805246746432 0.0 4.0 
2033 7258451.3 95.84324357894215 83.03226430842349 143.60897070312492 0 233 2.8329 0.0 8.181805246746432 0.0 4.0 
2034 7258484.6 95.84324357894215 83.03226430842349 143.60897070312492 0 233 2.8329 0.0 8.181805246746432 0.0 4.0 
2035 7258518.0 95.84324357894215 83.03226430842349 143.60897070312492 0 233 2.8329 0.0 8.181805246746432 0.0 4.0 
2036 7258551.3 95.84324357894215 83.03226430842349 143.60897070312492 0 233 2.8329 0.0 8.181805246746432 0.0 4.0 
2037 7258584.6 95.84324357894215 83.04324142871211 143.60897070312492 0 233 2.8329 0.0 8.181805246746432 0.0 4.0 
2038 7258618.0 95.84324357894215 83.04324142871211 143.60897070312492 0 233 2.8329 0.0 8.181805246746432 0.0 4.0 
2039 7258651.3 95.84324357894215 83.04324142871211 143.60897070312492 0 233 2.8329 0.0 8.181805246746432 0.0 4.0 
2040 7258684.7 95.84324357894215 83.04324142871211 143.60897070312492 0 233 2.8329 0.0 8.181805246746432 0.0 4.0 
2041 7258718.0 95.84777859666889 83.05136077039334 143.60897070312492 0 233 2.8329 0.0 8.181805246746432 0.0 4.0 
2042 7258751.3 95.84777859666889 83.05136077039334 143.60897070312492 0 233 2.8329 0.0 8.181805246746432 0.0 4.0 
2043 7258784.7 95.84777859666889 83.05136077039334 143.60897070312492 0 233 2.8329 0.0 8.181805246746432 0.0 4.0 
2044 7258818.0 95.84777859666889 83.05136077039334 143.60897070312492 0 233 2.8329 0.0 8.181805246746432 0.0 4.0 
2045 7258851.3 95.85568069000307 83.05548571564935 143.60897070312492 0 233 2.8329 0.0 8.181805246746432 0.0 4.0 
2046 7258884.7 95.85568069000307 83.05548571564935 143.60897070312492 0 233 2.8329 0.0 8.181805246746432 0.0 4.0 
2047 7258918.0 95.85568069000307 83.05548571564935 143.60897070312492 0 233 2.8329 0.0 8.181805246746432 0.0 4.0 
2048 7258951.3 95.85568069000307 83.05548571564935 143.60897070312492 0 233 2.8329 0.0 8.181805246746432 0.0 4.0 
2049 7258984.7 95.86002076881509 83.05784765183327 143.60897070312492 0 233 2.8329 0.0 8.181805246746432 0.0 4.0 
2050 7259018.0 95.86002076881509 83.05784765183327 143.60897070312492 0 233 2.8329 0.0 8.181805246746432 0.0 4.0 
2051 7259051.3 95.86002076881509 83.05784765183327 143.60897070312492 0 233 2.8329 0.0 8.181805246746432 0.0 4.0 
2052 7259084.7 95.86002076881509 83.05784765183327 143.60897070312492 0 233 2.8329 0.0 8.181805246746432 0.0 4.0 
2053 7259118.0 95.86002076881509 83.05562522445524 143.60897070312492 0 233 2.8329 0.0 8.181805246746432 0.0 4.0 
2054 7259151.4 95.86002076881509 83.05562522445524 143.60897070312492 0 233 2.8329 0.0 8.181805246746432 0.0 4.0 
2055 7259184.7 95.86002076881509 83.05562522445524 143.60897070312492 0 233 2.8329 0.0 8.181805246746432 0.0 4.0 
2056 7259218.0 95.86002076881509 83.05562522445524 143.60897070312492 0 233 2.8329 0.0 8.181805246746432 0.0 4.0 
2057 7259251.4 95.85862251997065 83.0542013936959 143.60897070312492 0 233 2.8329 0.0 8.181805246746432 0.0 4.0 
2058 7259284.7 95.85862251997065 83.0542013936959 143.60897070312492 0 233 2.8329 0.0 8.181805246746432 0.0 4.0 
2059 7259318.0 95.85862251997065 83.0542013936959 143.60897070312492 0 233 2.8329 0.0 8.181805246746432 0.0 4.0 
2060 7259351.4 95.85862251997065 83.0542013936959 143.60897070312492 0 233 2.8329 0.0 8.181805246746432 0.0 4.0 
2061 7259384.7 95.85568390001067 83.05528139052166 143.60897070312492 0 233 2.8329 0.0 8.181805246746432 0.0 4.0 
2062 7259418.0 95.85568390001067 83.05528139052166 143.60897070312492 0 233 2.8329 0.0 8.181805246746432 0.0 4.0 
2063 7259451.4 95.85568390001067 83.05528139052166 143.60897070312492 0 233 2.8329 0.0 8.181805246746432 0.0 4.0 
2064 7259484.7 95.85568390001067 83.05528139052166 143.60897070312492 0 233 2.8329 0.0 8.181805246746432 0.0 4.0 
2065 7259518.1 95.85085175523065 83.05528139052166 143.60897070312492 0 233 2.8329 0.0 8.181805246746432 0.0 4.0 
2066 7259551.4 95.85085175523065 83.06693299256396 143.60897070312492 0 233 2.8329 0.0 8.181805246746432 0.0 4.0 
2067 7259584.7 95.85085175523065 83.06693299256396 143.60897070312492 0 233 2.8329 0.0 8.181805246746432 0.0 4.0 
2068 7259618.1 95.85085175523065 83.06693299256396 143.60897070312492 0 233 2.8329 0.0 8.181805246746432 0.0 4.0 
2069 7259651.4 95.84771866944547 83.08171266951489 143.60897070312492 0 233 2.8329 0.0 8.181805246746432 0.0 4.0 
2070 7259684.7 95.84771866944547 83.08171266951489 143.60897070312492 0 233 2.8329 0.0 8.181805246746432 0.0 4.0 
2071 7259718.1 95.84771866944547 83.08171266951489 143.60897070312492 0 233 2.8329 0.0 8.181805246746432 0.0 4.0 
2072 7259751.4 95.84771866944547 83.08171266951489 143.60897070312492 0 233 2.8329 0.0 8.181805246746432 0.0 4.0 
2073 7259784.7 95.8464476697959 83.08171266951489 143.60897070312492 0 233 2.8329 0.0 8.181805246746432 0.0 4.0 
2074 7259818.1 95.8464476697959 83.08773498241676 143.60897070312492 0 233 2.8329 0.0 8.181805246746432 0.0 4.0 
2075 7259851.4 95.8464476697959 83.08773498241676 143.60897070312492 0 233 2.8329 0.0 8.181805246746432 0.0 4.0 
2076 7259884.7 95.8464476697959 83.08773498241676 143.60897070312492 0 233 2.8329 0.0 8.181805246746432 0.0 4.0 
2077 7259918.1 95.84498099665011 83.08773498241676 143.60897070312492 0 233 2.8329 0.0 8.181805246746432 0.0 4.0 
2078 7259951.4 95.84498099665011 83.09358640724243 143.60897070312492 0 233 2.8329 0.0 8.181805246746432 0.0 4.0 
2079 7259984.8 95.84498099665011 83.09358640724243 143.60897070312492 0 233 2.8329 0.0 8.181805246746432 0.0 4.0 
2080 7260018.1 95.84498099665011 83.09358640724243 143.60897070312492 0 233 2.8329 0.0 8.181805246746432 0.0 4.0 
2081 7260051.4 95.84309748813871 83.0950381330703 143.60897070312492 0 233 2.8329 0.0 8.181805246746432 0.0 4.0 
2082 7260084.8 95.84309748813871 83.0950381330703 143.60897070312492 0 233 2.8329 0.0 8.181805246746432 0.0 4.0 
2083 7260118.1 95.84309748813871 83.0950381330703 143.60897070312492 0 233 2.8329 0.0 8.181805246746432 0.0 4.0 
2084 7260151.4 95.84309748813871 83.0950381330703 143.60897070312492 0 233 2.8329 0.0 8.181805246746432 0.0 4.0 
2085 7260184.8 95.84462049149252 83.0990494883046 143.60897070312492 0 233 2.8329 0.0 8.181805246746432 0.0 4.0 
2086 7260218.1 95.84462049149252 83.0990494883046 143.60897070312492 0 233 2.8329 0.0 8.181805246746432 0.0 4.0 
2087 7260251.4 95.84462049149252 83.0990494883046 143.60897070312492 0 233 2.8329 0.0 8.181805246746432 0.0 4.0 
2088 7260284.8 95.84462049149252 83.0990494883046 143.60897070312492 0 233 2.8329 0.0 8.181805246746432 0.0 4.0 
2089 7260318.1 95.84752254824113 83.0990494883046 143.60897070312492 0 233 2.8329 0.0 8.181805246746432 0.0 4.0 
2090 7260351.5 95.84752254824113 83.0990494883046 143.60897070312492 0 233 2.8329 0.0 8.181805246746432 0.0 4.0 
2091 7260384.8 95.84752254824113 83.0990494883046 143.60897070312492 0 233 2.8329 0.0 8.181805246746432 0.0 4.0 
2092 7260418.1 95.84752254824113 83.0990494883046 143.60897070312492 0 233 2.8329 0.0 8.181805246746432 0.0 4.0 
2093 7260451.5 95.84929570824478 83.09428609522261 143.60897070312492 0 233 2.8329 0.0 8.181805246746432 0.0 4.0 
2094 7260484.8 95.84929570824478 83.09428609522261 143.60897070312492 0 233 2.8329 0.0 8.181805246746432 0.0 4.0 
2095 7260518.1 95.84929570824478 83.09428609522261 143.60897070312492 0 233 2.8329 0.0 8.181805246746432 0.0 4.0 
2096 7260551.5 95.84929570824478 83.09428609522261 143.60897070312492 0 233 2.8329 0.0 8.181805246746432 0.0 4.0 
2097 7260584.8 95.85147342957143 83.09132883805556 143.60897070312492 0 233 2.8329 0.0 8.181805246746432 0.0 4.0 
2098 7260618.1 95.85147342957143 83.09132883805556 143.60897070312492 0 233 2.8329 0.0 8.181805246746432 0.0 4.0 
2099 7260651.5 95.85147342957143 83.09132883805556 143.60897070312492 0 233 2.8329 0.0 8.181805246746432 0.0 4.0 
2100 7260684.8 95.85147342957143 83.09132883805556 143.60897070312492 0 233 2.8329 0.0 8.181805246746432 0.0 4.0 
2101 7260718.1 95.85147342957143 83.08899136971587 143.60897070312492 0 233 2.8329 0.0 8.181805246746432 0.0 4.0 
2102 7260751.5 95.85147342957143 83.08899136971587 143.60897070312492 0 233 2.8329 0.0 8.181805246746432 0.0 4.0 
2103 7260784.8 95.85147342957143 83.08899136971587 143.60897070312492 0 233 2.8329 0.0 8.181805246746432 0.0 4.0 
2104 7260818.2 95.85147342957143 83.08899136971587 143.60897070312492 0 233 2.8329 0.0 8.181805246746432 0.0 4.0 
2105 7260851.5 95.85147342957143 83.09220377663105 143.60897070312492 0 233 2.8329 0.0 8.181805246746432 0.0 4.0 
2106 7260884.8 95.85147342957143 83.09220377663105 143.60897070312492 0 233 2.8329 0.0 8.181805246746432 0.0 4.0 
2107 7260918.2 95.85147342957143 83.09220377663105 143.60897070312492 0 233 2.8329 0.0 8.181805246746432 0.0 4.0 
2108 7260951.5 95.85147342957143 83.09220377663105 143.60897070312492 0 233 2.8329 0.0 8.181805246746432 0.0 4.0 
2109 7260984.8 95.85147342957143 83.09859136204814 143.60897070312492 0 233 2.8329 0.0 8.181805246746432 0.0 4.0 
2110 7261018.2 95.85147342957143 83.09859136204814 143.60897070312492 0 233 2.8329 0.0 8.181805246746432 0.0 4.0 
2111 7261051.5 95.85147342957143 83.09859136204814 143.60897070312492 0 233 2.8329 0.0 8.181805246746432 0.0 4.0 
2112 7261084.8 95.85147342957143 83.09859136204814 143.60897070312492 0 233 2.8329 0.0 8.181805246746432 0.0 4.0 
2113 7261118.2 95.85147342957143 83.0964806564771 143.60897070312492 0 233 2.8329 0.0 8.181805246746432 0.0 4.0 
2114 7261151.5 95.85147342957143 83.0964806564771 143.60897070312492 0 233 2.8329 0.0 8.181805246746432 0.0 4.0 
2115 7261184.9 95.85147342957143 83.0964806564771 143.60897070312492 0 233 2.8329 0.0 8.181805246746432 0.0 4.0 
2116 7261218.2 95.85147342957143 83.0964806564771 143.60897070312492 0 233 2.8329 0.0 8.181805246746432 0.0 4.0 
2117 7261251.5 95.85249826282005 83.08509425954287 143.60897070312492 0 233 2.8329 0.0 8.181805246746432 0.0 4.0 
2118 7261284.9 95.85249826282005 83.08509425954287 143.60897070312492 0 233 2.8329 0.0 8.181805246746432 0.0 4.0 
2119 7261318.2 95.85249826282005 83.08509425954287 143.60897070312492 0 233 2.8329 0.0 8.181805246746432 0.0 4.0 
2120 7261351.5 95.85249826282005 83.08509425954287 143.60897070312492 0 233 2.8329 0.0 8.181805246746432 0.0 4.0 
2121 7261384.9 95.85104572713401 83.08509425954287 143.60897070312492 0 233 2.8329 0.0 8.181805246746432 0.0 4.0 
2122 7261418.2 95.85104572713401 83.07571442400548 143.60897070312492 0 233 2.8329 0.0 8.181805246746432 0.0 4.0 
2123 7261451.5 95.85104572713401 83.07571442400548 143.60897070312492 0 233 2.8329 0.0 8.181805246746432 0.0 4.0 
2124 7261484.9 95.85104572713401 83.07571442400548 143.60897070312492 0 233 2.8329 0.0 8.181805246746432 0.0 4.0 
2125 7261518.2 95.85104572713401 83.07355040021758 143.60897070312492 0 233 2.8329 0.0 8.181805246746432 0.0 4.0 
2126 7261551.5 95.85104572713401 83.07355040021758 143.60897070312492 0 233 2.8329 0.0 8.181805246746432 0.0 4.0 
2127 7261584.9 95.85104572713401 83.07355040021758 143.60897070312492 0 233 2.8329 0.0 8.181805246746432 0.0 4.0 
2128 7261618.2 95.85104572713401 83.07355040021758 143.60897070312492 0 233 2.8329 0.0 8.181805246746432 0.0 4.0 
2129 7261651.6 95.8526550320635 83.07923090422932 143.60897070312492 0 233 2.8329 0.0 8.181805246746432 0.0 4.0 
2130 7261684.9 95.8526550320635 83.07923090422932 143.60897070312492 0 233 2.8329 0.0 8.181805246746432 0.0 4.0 
2131 7261718.2 95.8526550320635 83.07923090422932 143.60897070312492 0 233 2.8329 0.0 8.181805246746432 0.0 4.0 
2132 7261751.6 95.8526550320635 83.07923090422932 143.60897070312492 0 233 2.8329 0.0 8.181805246746432 0.0 4.0 
2133 7261784.9 95.8623147881749 83.09543090805727 143.60897070312492 0 233 2.8329 0.0 8.181805246746432 0.0 4.0 
2134 7261818.2 95.8623147881749 83.09543090805727 143.60897070312492 0 233 2.8329 0.0 8.181805246746432 0.0 4.0 
2135 7261851.6 95.8623147881749 83.09543090805727 143.60897070312492 0 233 2.8329 0.0 8.181805246746432 0.0 4.0 
2136 7261884.9 95.8623147881749 83.09543090805727 143.60897070312492 0 233 2.8329 0.0 8.181805246746432 0.0 4.0 
2137 7261918.2 95.87168303194055 83.09543090805727 143.60897070312492 0 233 2.8329 0.0 8.181805246746432 0.0 4.0 
2138 7261951.6 95.87168303194055 83.10604758909764 143.60897070312492 0 233 2.8329 0.0 8.181805246746432 0.0 4.0 
2139 7261984.9 95.87168303194055 83.10604758909764 143.60897070312492 0 233 2.8329 0.0 8.181805246746432 0.0 4.0 
2140 7262018.3 95.87168303194055 83.10604758909764 143.60897070312492 0 233 2.8329 0.0 8.181805246746432 0.0 4.0 
2141 7262051.6 95.88006568585291 83.11578877027584 143.60897070312492 0 233 2.8329 0.0 8.181805246746432 0.0 4.0 
2142 7262084.9 95.88006568585291 83.11578877027584 143.60897070312492 0 233 2.8329 0.0 8.181805246746432 0.0 4.0 
2143 7262118.3 95.88006568585291 83.11578877027584 143.60897070312492 0 233 2.8329 0.0 8.181805246746432 0.0 4.0 
2144 7262151.6 95.88006568585291 83.11578877027584 143.60897070312492 0 233 2.8329 0.0 8.181805246746432 0.0 4.0 
2145 7262184.9 95.88490778071218 83.12030080414777 143.60897070312492 0 233 2.8329 0.0 8.181805246746432 0.0 4.0 
2146 7262218.3 95.88490778071218 83.12030080414777 143.60897070312492 0 233 2.8329 0.0 8.181805246746432 0.0 4.0 
2147 7262251.6 95.88490778071218 83.12030080414777 143.60897070312492 0 233 2.8329 0.0 8.181805246746432 0.0 4.0 
2148 7262284.9 95.88490778071218 83.12030080414777 143.60897070312492 0 233 2.8329 0.0 8.181805246746432 0.0 4.0 
2149 7262318.3 95.8907328764778 83.12030080414777 143.60897070312492 0 233 2.8329 0.0 8.181805246746432 0.0 4.0 
2150 7262351.6 95.8907328764778 83.12272217699784 143.60897070312492 0 233 2.8329 0.0 8.181805246746432 0.0 4.0 
2151 7262384.9 95.8907328764778 83.12272217699784 143.60897070312492 0 233 2.8329 0.0 8.181805246746432 0.0 4.0 
2152 7262418.3 95.8907328764778 83.12272217699784 143.60897070312492 0 233 2.8329 0.0 8.181805246746432 0.0 4.0 
2153 7262451.6 95.89817411324998 83.12641050229105 143.60897070312492 0 233 2.8329 0.0 8.181805246746432 0.0 4.0 
2154 7262485.0 95.89817411324998 83.12641050229105 143.60897070312492 0 233 2.8329 0.0 8.181805246746432 0.0 4.0 
2155 7262518.3 95.89817411324998 83.12641050229105 143.60897070312492 0 233 2.8329 0.0 8.181805246746432 0.0 4.0 
2156 7262551.6 95.89817411324998 83.12641050229105 143.60897070312492 0 233 2.8329 0.0 8.181805246746432 0.0 4.0 
2157 7262585.0 95.9042871597888 83.12641050229105 143.60897070312492 0 233 2.8329 0.0 8.181805246746432 0.0 4.0 
2158 7262618.3 95.9042871597888 83.12641050229105 143.60897070312492 0 233 2.8329 0.0 8.181805246746432 0.0 4.0 
2159 7262651.6 95.9042871597888 83.12641050229105 143.60897070312492 0 233 2.8329 0.0 8.181805246746432 0.0 4.0 
2160 7262685.0 95.9042871597888 83.12641050229105 143.60897070312492 0 233 2.8329 0.0 8.181805246746432 0.0 4.0 
2161 7262718.3 95.91473817009506 83.12641050229105 143.60897070312492 0 233 2.8329 0.0 8.181805246746432 0.0 4.0 
2162 7262751.6 95.91473817009506 83.12456385732538 143.60897070312492 0 233 2.8329 0.0 8.181805246746432 0.0 4.0 
2163 7262785.0 95.91473817009506 83.12456385732538 143.60897070312492 0 233 2.8329 0.0 8.181805246746432 0.0 4.0 
2164 7262818.3 95.91473817009506 83.12456385732538 143.60897070312492 0 233 2.8329 0.0 8.181805246746432 0.0 4.0 
2165 7262851.7 95.92583507011418 83.1209528998686 143.60897070312492 0 233 2.8329 0.0 8.181805246746432 0.0 4.0 
2166 7262885.0 95.92583507011418 83.1209528998686 143.60897070312492 0 233 2.8329 0.0 8.181805246746432 0.0 4.0 
2167 7262918.3 95.92583507011418 83.1209528998686 143.60897070312492 0 233 2.8329 0.0 8.181805246746432 0.0 4.0 
2168 7262951.7 95.92583507011418 83.1209528998686 143.60897070312492 0 233 2.8329 0.0 8.181805246746432 0.0 4.0 
2169 7262985.0 95.94126038050571 83.11389282661335 143.60897070312492 0 233 2.8329 0.0 8.181805246746432 0.0 4.0 
2170 7263018.3 95.94126038050571 83.11389282661335 143.60897070312492 0 233 2.8329 0.0 8.181805246746432 0.0 4.0 
2171 7263051.7 95.94126038050571 83.11389282661335 143.60897070312492 0 233 2.8329 0.0 8.181805246746432 0.0 4.0 
2172 7263085.0 95.94126038050571 83.11389282661335 143.60897070312492 0 233 2.8329 0.0 8.181805246746432 0.0 4.0 
2173 7263118.3 95.95210403795879 83.11389282661335 143.60897070312492 0 233 2.8329 0.0 8.181805246746432 0.0 4.0 
2174 7263151.7 95.95210403795879 83.11015038790852 143.60897070312492 0 233 2.8329 0.0 8.181805246746432 0.0 4.0 
2175 7263185.0 95.95210403795879 83.11015038790852 143.60897070312492 0 233 2.8329 0.0 8.181805246746432 0.0 4.0 
2176 7263218.3 95.95210403795879 83.11015038790852 143.60897070312492 0 233 2.8329 0.0 8.181805246746432 0.0 4.0 
2177 7263251.7 95.9600911869536 83.10717094742937 143.60897070312492 0 233 2.8329 0.0 8.181805246746432 0.0 4.0 
2178 7263285.0 95.9600911869536 83.10717094742937 143.60897070312492 0 233 2.8329 0.0 8.181805246746432 0.0 4.0 
2179 7263318.4 95.9600911869536 83.10717094742937 143.60897070312492 0 233 2.8329 0.0 8.181805246746432 0.0 4.0 
2180 7263351.7 95.9600911869536 83.10717094742937 143.60897070312492 0 233 2.8329 0.0 8.181805246746432 0.0 4.0 
2181 7263385.0 95.96848427674657 83.10717094742937 143.60897070312492 0 233 2.8329 0.0 8.181805246746432 0.0 4.0 
2182 7263418.4 95.96848427674657 83.10717094742937 143.60897070312492 0 233 2.8329 0.0 8.181805246746432 0.0 4.0 
2183 7263451.7 95.96848427674657 83.10717094742937 143.60897070312492 0 233 2.8329 0.0 8.181805246746432 0.0 4.0 
2184 7263485.0 95.96848427674657 83.10717094742937 143.60897070312492 0 233 2.8329 0.0 8.181805246746432 0.0 4.0 
2185 7263518.4 95.97150756002694 83.10717094742937 143.60897070312492 0 233 2.8329 0.0 8.181805246746432 0.0 4.0 
2186 7263551.7 95.97150756002694 83.10717094742937 143.60897070312492 0 233 2.8329 0.0 8.181805246746432 0.0 4.0 
2187 7263585.0 95.97150756002694 83.10717094742937 143.60897070312492 0 233 2.8329 0.0 8.181805246746432 0.0 4.0 
2188 7263618.4 95.97150756002694 83.10717094742937 143.60897070312492 0 233 2.8329 0.0 8.181805246746432 0.0 4.0 
2189 7263651.7 95.9737798120231 83.10717094742937 143.60897070312492 0 233 2.8329 0.0 8.181805246746432 0.0 4.0 
2190 7263685.1 95.9737798120231 83.10717094742937 143.60897070312492 0 233 2.8329 0.0 8.181805246746432 0.0 4.0 
2191 7263718.4 95.9737798120231 83.10717094742937 143.60897070312492 0 233 2.8329 0.0 8.181805246746432 0.0 4.0 
2192 7263751.7 95.9737798120231 83.10717094742937 143.60897070312492 0 233 2.8329 0.0 8.181805246746432 0.0 4.0 
2193 7263785.1 95.98359968656031 83.10717094742937 143.60897070312492 0 233 2.8329 0.0 8.181805246746432 0.0 4.0 
2194 7263818.4 95.98359968656031 83.10224665182548 143.60897070312492 0 233 2.8329 0.0 8.181805246746432 0.0 4.0 
2195 7263851.7 95.98359968656031 83.10224665182548 143.60897070312492 0 233 2.8329 0.0 8.181805246746432 0.0 4.0 
2196 7263885.1 95.98359968656031 83.10224665182548 143.60897070312492 0 233 2.8329 0.0 8.181805246746432 0.0 4.0 
2197 7263918.4 95.99523535415584 83.10224665182548 143.60897070312492 0 233 2.8329 0.0 8.181805246746432 0.0 4.0 
2198 7263951.7 95.99523535415584 83.09783735387866 143.60897070312492 0 233 2.8329 0.0 8.181805246746432 0.0 4.0 
2199 7263985.1 95.99523535415584 83.09783735387866 143.60897070312492 0 233 2.8329 0.0 8.181805246746432 0.0 4.0 
2200 7264018.4 95.99523535415584 83.09783735387866 143.60897070312492 0 233 2.8329 0.0 8.181805246746432 0.0 4.0 
2201 7264051.7 96.00196859712848 83.09652101389372 143.60897070312492 0 233 2.8329 0.0 8.181805246746432 0.0 4.0 
2202 7264085.1 96.00196859712848 83.09652101389372 143.60897070312492 0 233 2.8329 0.0 8.181805246746432 0.0 4.0 
2203 7264118.4 96.00196859712848 83.09652101389372 143.60897070312492 0 233 2.8329 0.0 8.181805246746432 0.0 4.0 
2204 7264151.8 96.00196859712848 83.09652101389372 143.60897070312492 0 233 2.8329 0.0 8.181805246746432 0.0 4.0 
2205 7264185.1 96.00900447121745 83.09371639133381 143.60897070312492 0 233 2.8329 0.0 8.181805246746432 0.0 4.0 
2206 7264218.4 96.00900447121745 83.09371639133381 143.60897070312492 0 233 2.8329 0.0 8.181805246746432 0.0 4.0 
2207 7264251.8 96.00900447121745 83.09371639133381 143.60897070312492 0 233 2.8329 0.0 8.181805246746432 0.0 4.0 
2208 7264285.1 96.00900447121745 83.09371639133381 143.60897070312492 0 233 2.8329 0.0 8.181805246746432 0.0 4.0 
2209 7264318.4 96.01639011100507 83.09176298090195 143.60897070312492 0 233 2.8329 0.0 8.181805246746432 0.0 4.0 
2210 7264351.8 96.01639011100507 83.09176298090195 143.60897070312492 0 233 2.8329 0.0 8.181805246746432 0.0 4.0 
2211 7264385.1 96.01639011100507 83.09176298090195 143.60897070312492 0 233 2.8329 0.0 8.181805246746432 0.0 4.0 
2212 7264418.4 96.01639011100507 83.09176298090195 143.60897070312492 0 233 2.8329 0.0 8.181805246746432 0.0 4.0 
2213 7264451.8 96.02274542593806 83.09176298090195 143.60897070312492 0 233 2.8329 0.0 8.181805246746432 0.0 4.0 
2214 7264485.1 96.02274542593806 83.08942488519035 143.60897070312492 0 233 2.8329 0.0 8.181805246746432 0.0 4.0 
2215 7264518.5 96.02274542593806 83.08942488519035 143.60897070312492 0 233 2.8329 0.0 8.181805246746432 0.0 4.0 
2216 7264551.8 96.02274542593806 83.08942488519035 143.60897070312492 0 233 2.8329 0.0 8.181805246746432 0.0 4.0 
2217 7264585.1 96.03006708711403 83.0858192871096 143.60897070312492 0 233 2.8329 0.0 8.181805246746432 0.0 4.0 
2218 7264618.5 96.03006708711403 83.0858192871096 143.60897070312492 0 233 2.8329 0.0 8.181805246746432 0.0 4.0 
2219 7264651.8 96.03006708711403 83.0858192871096 143.60897070312492 0 233 2.8329 0.0 8.181805246746432 0.0 4.0 
2220 7264685.1 96.03006708711403 83.0858192871096 143.60897070312492 0 233 2.8329 0.0 8.181805246746432 0.0 4.0 
2221 7264718.5 96.03670244025272 83.0858192871096 143.60897070312492 0 233 2.8329 0.0 8.181805246746432 0.0 4.0 
2222 7264751.8 96.03670244025272 83.08416963543631 143.60897070312492 0 233 2.8329 0.0 8.181805246746432 0.0 4.0 
2223 7264785.1 96.03670244025272 83.08416963543631 143.60897070312492 0 233 2.8329 0.0 8.181805246746432 0.0 4.0 
2224 7264818.5 96.03670244025272 83.08416963543631 143.60897070312492 0 233 2.8329 0.0 8.181805246746432 0.0 4.0 
2225 7264851.8 96.04591078806786 83.08416963543631 143.60897070312492 0 233 2.8329 0.0 8.181805246746432 0.0 4.0 
2226 7264885.1 96.04591078806786 83.07922194744364 143.60897070312492 0 233 2.8329 0.0 8.181805246746432 0.0 4.0 
2227 7264918.5 96.04591078806786 83.07922194744364 143.60897070312492 0 233 2.8329 0.0 8.181805246746432 0.0 4.0 
2228 7264951.8 96.04591078806786 83.07922194744364 143.60897070312492 0 233 2.8329 0.0 8.181805246746432 0.0 4.0 
2229 7264985.2 96.05041422995801 83.0744708725864 143.60897070312492 0 233 2.8329 0.0 8.181805246746432 0.0 4.0 
2230 7265018.5 96.05041422995801 83.0744708725864 143.60897070312492 0 233 2.8329 0.0 8.181805246746432 0.0 4.0 
2231 7265051.8 96.05041422995801 83.0744708725864 143.60897070312492 0 233 2.8329 0.0 8.181805246746432 0.0 4.0 
2232 7265085.2 96.05041422995801 83.0744708725864 143.60897070312492 0 233 2.8329 0.0 8.181805246746432 0.0 4.0 
2233 7265118.5 96.06208182937226 83.07314881122059 143.60897070312492 0 233 2.8329 0.0 8.181805246746432 0.0 4.0 
2234 7265151.8 96.06208182937226 83.07314881122059 143.60897070312492 0 233 2.8329 0.0 8.181805246746432 0.0 4.0 
2235 7265185.2 96.06208182937226 83.07314881122059 143.60897070312492 0 233 2.8329 0.0 8.181805246746432 0.0 4.0 
2236 7265218.5 96.06208182937226 83.07314881122059 143.60897070312492 0 233 2.8329 0.0 8.181805246746432 0.0 4.0 
2237 7265251.8 96.06713807197525 83.07314881122059 143.60897070312492 0 233 2.8329 0.0 8.181805246746432 0.0 4.0 
2238 7265285.2 96.06713807197525 83.07314881122059 143.60897070312492 0 233 2.8329 0.0 8.181805246746432 0.0 4.0 
2239 7265318.5 96.06713807197525 83.07314881122059 143.60897070312492 0 233 2.8329 0.0 8.181805246746432 0.0 4.0 
2240 7265351.9 96.06713807197525 83.07314881122059 143.60897070312492 0 233 2.8329 0.0 8.181805246746432 0.0 4.0 
2241 7265385.2 96.06612115754196 83.07195079684274 143.60897070312492 0 233 2.8329 0.0 8.181805246746432 0.0 4.0 
2242 7265418.5 96.06612115754196 83.07195079684274 143.60897070312492 0 233 2.8329 0.0 8.181805246746432 0.0 4.0 
2243 7265451.9 96.06612115754196 83.07195079684274 143.60897070312492 0 233 2.8329 0.0 8.181805246746432 0.0 4.0 
2244 7265485.2 96.06612115754196 83.07195079684274 143.60897070312492 0 233 2.8329 0.0 8.181805246746432 0.0 4.0 
2245 7265518.5 96.07116085944756 83.07091308924637 143.60897070312492 0 233 2.8329 0.0 8.181805246746432 0.0 4.0 
2246 7265551.9 96.07116085944756 83.07091308924637 143.60897070312492 0 233 2.8329 0.0 8.181805246746432 0.0 4.0 
2247 7265585.2 96.07116085944756 83.07091308924637 143.60897070312492 0 233 2.8329 0.0 8.181805246746432 0.0 4.0 
2248 7265618.5 96.07116085944756 83.07091308924637 143.60897070312492 0 233 2.8329 0.0 8.181805246746432 0.0 4.0 
2249 7265651.9 96.07417707868933 83.07091308924637 143.60897070312492 0 233 2.8329 0.0 8.181805246746432 0.0 4.0 
