# Recording
duration 150.0
nframes 7500
# Camera
framerate 29.997600191984642
imageToStage -0.993727445602417,-0.06086360290646553,0.06086360290646553,-0.993727445602417
rotation -3.080421285766743
imagenormaldir +Z
pixelsize 0.9955896
# Dual color
dualcolormode False
mainside Right
viewmode Splitted
recordingmode Original
translation_x 0.0
translation_y 0.0
rotation 0.0
# Tracking
roi_x 400
roi_y 400
capture_radius 400
min_step 1
threshold 30
binning 4
dark_bg True
mode CMS
area 400
# Frame Time X Y Z minBrightness maxBrightness meanBrightness medianBrightness skewness percentile_5 percentile_95
0 2903320.3 86.08926118401406 76.724332690646 145.42901464843743 0 0 0 0 0 0 0 
1 2903353.6 86.0823650285757 76.724332690646 145.42901464843743 0 0 0 0 0 0 0 
2 2903387.0 86.0823650285757 76.70800415045989 145.42901464843743 0 0 0 0 0 0 0 
3 2903420.3 86.0823650285757 76.70800415045989 145.42901464843743 0 0 0 0 0 0 0 
4 2903453.6 86.0823650285757 76.70800415045989 145.42901464843743 0 0 0 0 0 0 0 
5 2903487.0 86.07025821974682 76.70800415045989 145.42901464843743 0 0 0 0 0 0 0 
6 2903520.3 86.07025821974682 76.68832035711138 145.42901464843743 0 0 0 0 0 0 0 
7 2903553.6 86.07025821974682 76.68832035711138 145.42901464843743 0 0 0 0 0 0 0 
8 2903587.0 86.07025821974682 76.68832035711138 145.42901464843743 0 0 0 0 0 0 0 
9 2903620.3 86.06704530267811 76.68832035711138 145.42901464843743 0 0 0 0 0 0 0 
10 2903653.7 86.06704530267811 76.67216086076012 145.42901464843743 0 0 0 0 0 0 0 
11 2903687.0 86.06704530267811 76.67216086076012 145.42901464843743 0 0 0 0 0 0 0 
12 2903720.3 86.06704530267811 76.67216086076012 145.42901464843743 0 0 0 0 0 0 0 
13 2903753.7 86.05883902461956 76.67216086076012 145.42901464843743 0 0 0 0 0 0 0 
14 2903787.0 86.05883902461956 76.65778504826713 145.42901464843743 0 0 0 0 0 0 0 
15 2903820.3 86.05883902461956 76.65778504826713 145.42901464843743 0 0 0 0 0 0 0 
16 2903853.7 86.05883902461956 76.65778504826713 145.42901464843743 0 0 0 0 0 0 0 
17 2903887.0 86.04726851383867 76.65778504826713 145.42901464843743 0 0 0 0 0 0 0 
18 2903920.3 86.04726851383867 76.64408220841884 145.42901464843743 0 0 0 0 0 0 0 
19 2903953.7 86.04726851383867 76.64408220841884 145.42901464843743 0 0 0 0 0 0 0 
20 2903987.0 86.04726851383867 76.64408220841884 145.42901464843743 0 0 0 0 0 0 0 
21 2904020.3 86.04726851383867 76.62416282981992 145.42901464843743 0 0 0 0 0 0 0 
22 2904053.7 86.04726851383867 76.62416282981992 145.42901464843743 0 0 0 0 0 0 0 
23 2904087.0 86.04726851383867 76.62416282981992 145.42901464843743 0 0 0 0 0 0 0 
24 2904120.4 86.04726851383867 76.62416282981992 145.42901464843743 0 0 0 0 0 0 0 
25 2904153.7 86.06040805964783 76.62416282981992 145.42901464843743 0 0 0 0 0 0 0 
26 2904187.0 86.06040805964783 76.61905570498003 145.42901464843743 0 0 0 0 0 0 0 
27 2904220.4 86.06040805964783 76.61905570498003 145.42901464843743 0 0 0 0 0 0 0 
28 2904253.7 86.06040805964783 76.61905570498003 145.42901464843743 0 0 0 0 0 0 0 
29 2904287.0 86.08634986660421 76.61905570498003 145.42901464843743 0 0 0 0 0 0 0 
30 2904320.4 86.08634986660421 76.6116400503634 145.42901464843743 0 0 0 0 0 0 0 
31 2904353.7 86.08634986660421 76.6116400503634 145.42901464843743 0 0 0 0 0 0 0 
32 2904387.0 86.08634986660421 76.6116400503634 145.42901464843743 0 0 0 0 0 0 0 
33 2904420.4 86.10764125691394 76.6116400503634 145.42901464843743 0 0 0 0 0 0 0 
34 2904453.7 86.10764125691394 76.60830761784696 145.42901464843743 0 0 0 0 0 0 0 
35 2904487.1 86.10764125691394 76.60830761784696 145.42901464843743 0 0 0 0 0 0 0 
36 2904520.4 86.10764125691394 76.60830761784696 145.42901464843743 0 0 0 0 0 0 0 
37 2904553.7 86.1294926326896 76.60830761784696 145.42901464843743 0 0 0 0 0 0 0 
38 2904587.1 86.1294926326896 76.61359792754298 145.42901464843743 0 0 0 0 0 0 0 
39 2904620.4 86.1294926326896 76.61359792754298 145.42901464843743 0 0 0 0 0 0 0 
40 2904653.7 86.1294926326896 76.61359792754298 145.42901464843743 0 0 0 0 0 0 0 
41 2904687.1 86.15811217023996 76.61359792754298 145.42901464843743 0 0 0 0 0 0 0 
42 2904720.4 86.15811217023996 76.61669637316311 145.42901464843743 0 0 0 0 0 0 0 
43 2904753.7 86.15811217023996 76.61669637316311 145.42901464843743 0 0 0 0 0 0 0 
44 2904787.1 86.15811217023996 76.61669637316311 145.42901464843743 0 0 0 0 0 0 0 
45 2904820.4 86.1677436875013 76.61669637316311 145.42901464843743 0 0 0 0 0 0 0 
46 2904853.7 86.1677436875013 76.61349558133371 145.42901464843743 0 0 0 0 0 0 0 
47 2904887.1 86.1677436875013 76.61349558133371 145.42901464843743 0 0 0 0 0 0 0 
48 2904920.4 86.1677436875013 76.61349558133371 145.42901464843743 0 0 0 0 0 0 0 
49 2904953.8 86.17676910942761 76.61349558133371 145.42901464843743 0 0 0 0 0 0 0 
50 2904987.1 86.17676910942761 76.61349558133371 145.42901464843743 0 0 0 0 0 0 0 
51 2905020.4 86.17676910942761 76.61349558133371 145.42901464843743 0 0 0 0 0 0 0 
52 2905053.8 86.18993545231561 76.61349558133371 145.42901464843743 0 0 0 0 0 0 0 
53 2905087.1 86.18993545231561 76.61349558133371 145.42901464843743 0 0 0 0 0 0 0 
54 2905120.4 86.18993545231561 76.61349558133371 145.42901464843743 0 0 0 0 0 0 0 
55 2905153.8 86.19862351603557 76.61349558133371 145.42901464843743 0 0 0 0 0 0 0 
56 2905187.1 86.19862351603557 76.61893848820425 145.42901464843743 0 0 0 0 0 0 0 
57 2905220.4 86.19862351603557 76.61893848820425 145.42901464843743 0 0 0 0 0 0 0 
58 2905253.8 86.21295156588774 76.61893848820425 145.42901464843743 0 0 0 0 0 0 0 
59 2905287.1 86.21295156588774 76.63250658938061 145.42901464843743 0 0 0 0 0 0 0 
60 2905320.5 86.21295156588774 76.63250658938061 145.42901464843743 0 0 0 0 0 0 0 
61 2905353.8 86.21295156588774 76.63250658938061 145.42901464843743 0 0 0 0 0 0 0 
62 2905387.1 86.22637913755355 76.63250658938061 145.42901464843743 0 0 0 0 0 0 0 
63 2905420.5 86.22637913755355 76.64268878423073 145.42901464843743 0 0 0 0 0 0 0 
64 2905453.8 86.22637913755355 76.64268878423073 145.42901464843743 0 0 0 0 0 0 0 
65 2905487.1 86.22637913755355 76.64268878423073 145.42901464843743 0 0 0 0 0 0 0 
66 2905520.5 86.2342505907882 76.64268878423073 145.42901464843743 0 0 0 0 0 0 0 
67 2905553.8 86.2342505907882 76.65388436503619 145.42901464843743 0 0 0 0 0 0 0 
68 2905587.1 86.2342505907882 76.65388436503619 145.42901464843743 0 0 0 0 0 0 0 
69 2905620.5 86.2471382820109 76.65388436503619 145.42901464843743 0 0 0 0 0 0 0 
70 2905653.8 86.2471382820109 76.66610438510622 145.42901464843743 0 0 0 0 0 0 0 
71 2905687.1 86.2471382820109 76.66610438510622 145.42901464843743 0 0 0 0 0 0 0 
72 2905720.5 86.2471382820109 76.66610438510622 145.42901464843743 0 0 0 0 0 0 0 
73 2905753.8 86.26267424779944 76.66610438510622 145.42901464843743 0 0 0 0 0 0 0 
74 2905787.2 86.26267424779944 76.67903824217726 145.42901464843743 0 0 0 0 0 0 0 
75 2905820.5 86.26267424779944 76.67903824217726 145.42901464843743 0 0 0 0 0 0 0 
76 2905853.8 86.26267424779944 76.67903824217726 145.42901464843743 0 0 0 0 0 0 0 
77 2905887.2 86.28138587068702 76.67903824217726 145.42901464843743 0 0 0 0 0 0 0 
78 2905920.5 86.28138587068702 76.68497779829255 145.42901464843743 0 0 0 0 0 0 0 
79 2905953.8 86.28138587068702 76.68497779829255 145.42901464843743 0 0 0 0 0 0 0 
80 2905987.2 86.28138587068702 76.68497779829255 145.42901464843743 0 0 0 0 0 0 0 
81 2906020.5 86.3006571105678 76.68497779829255 145.42901464843743 0 0 0 0 0 0 0 
82 2906053.8 86.3006571105678 76.6786953026965 145.42901464843743 0 0 0 0 0 0 0 
83 2906087.2 86.3006571105678 76.6786953026965 145.42901464843743 0 0 0 0 0 0 0 
84 2906120.5 86.3006571105678 76.6786953026965 145.42901464843743 0 0 0 0 0 0 0 
85 2906153.9 86.3109882384938 76.6786953026965 145.42901464843743 0 0 0 0 0 0 0 
86 2906187.2 86.3109882384938 76.66983483060368 145.42901464843743 0 0 0 0 0 0 0 
87 2906220.5 86.3109882384938 76.66983483060368 145.42901464843743 0 0 0 0 0 0 0 
88 2906253.9 86.3109882384938 76.66983483060368 145.42901464843743 0 0 0 0 0 0 0 
89 2906287.2 86.3109882384938 76.66983483060368 145.42901464843743 0 0 0 0 0 0 0 
90 2906320.5 86.31992391082683 76.66983483060368 145.42901464843743 0 0 0 0 0 0 0 
91 2906353.9 86.31992391082683 76.66983483060368 145.42901464843743 0 0 0 0 0 0 0 
92 2906387.2 86.32343468628623 76.66983483060368 145.42901464843743 0 0 0 0 0 0 0 
93 2906420.5 86.32343468628623 76.66983483060368 145.42901464843743 0 0 0 0 0 0 0 
94 2906453.9 86.32343468628623 76.66983483060368 145.42901464843743 0 0 0 0 0 0 0 
95 2906487.2 86.32479777996677 76.66983483060368 145.42901464843743 0 0 0 0 0 0 0 
96 2906520.5 86.32479777996677 76.67127369230644 145.42901464843743 0 0 0 0 0 0 0 
97 2906553.9 86.32479777996677 76.67127369230644 145.42901464843743 0 0 0 0 0 0 0 
98 2906587.2 86.31867333212546 76.67127369230644 145.42901464843743 0 0 0 0 0 0 0 
99 2906620.6 86.31867333212546 76.67521669287994 145.42901464843743 0 0 0 0 0 0 0 
100 2906653.9 86.31867333212546 76.67521669287994 145.42901464843743 0 0 0 0 0 0 0 
101 2906687.2 86.28971208783614 76.67521669287994 145.42901464843743 0 0 0 0 0 0 0 
102 2906720.6 86.28971208783614 76.68113815090058 145.42901464843743 0 0 0 0 0 0 0 
103 2906753.9 86.28971208783614 76.68113815090058 145.42901464843743 0 0 0 0 0 0 0 
104 2906787.2 86.28971208783614 76.68113815090058 145.42901464843743 0 0 0 0 0 0 0 
105 2906820.6 86.25745616277639 76.68113815090058 145.42901464843743 0 0 0 0 0 0 0 
106 2906853.9 86.25745616277639 76.6787370038128 145.42901464843743 0 0 0 0 0 0 0 
107 2906887.2 86.25745616277639 76.6787370038128 145.42901464843743 0 0 0 0 0 0 0 
108 2906920.6 86.25745616277639 76.6787370038128 145.42901464843743 0 0 0 0 0 0 0 
109 2906953.9 86.23523189197735 76.6787370038128 145.42901464843743 0 0 0 0 0 0 0 
110 2906987.3 86.23523189197735 76.6691909536759 145.42901464843743 0 0 0 0 0 0 0 
111 2907020.6 86.23523189197735 76.6691909536759 145.42901464843743 0 0 0 0 0 0 0 
112 2907053.9 86.23523189197735 76.6691909536759 145.42901464843743 0 0 0 0 0 0 0 
113 2907087.3 86.2079321212933 76.6691909536759 145.42901464843743 0 0 0 0 0 0 0 
114 2907120.6 86.2079321212933 76.64799060130628 145.42901464843743 0 0 0 0 0 0 0 
115 2907153.9 86.2079321212933 76.64799060130628 145.42901464843743 0 0 0 0 0 0 0 
116 2907187.3 86.2079321212933 76.64799060130628 145.42901464843743 0 0 0 0 0 0 0 
117 2907220.6 86.17998847707044 76.64799060130628 145.42901464843743 0 0 0 0 0 0 0 
118 2907253.9 86.17998847707044 76.62911988789988 145.42901464843743 0 0 0 0 0 0 0 
119 2907287.3 86.17998847707044 76.62911988789988 145.42901464843743 0 0 0 0 0 0 0 
120 2907320.6 86.17998847707044 76.62911988789988 145.42901464843743 0 0 0 0 0 0 0 
121 2907353.9 86.15449491204794 76.62911988789988 145.42901464843743 0 0 0 0 0 0 0 
122 2907387.3 86.15449491204794 76.61725921318377 145.42901464843743 0 0 0 0 0 0 0 
123 2907420.6 86.15449491204794 76.61725921318377 145.42901464843743 0 0 0 0 0 0 0 
124 2907454.0 86.15449491204794 76.61725921318377 145.42901464843743 0 0 0 0 0 0 0 
125 2907487.3 86.1228777881949 76.61725921318377 145.42901464843743 0 0 0 0 0 0 0 
126 2907520.6 86.1228777881949 76.61181259904542 145.42901464843743 0 0 0 0 0 0 0 
127 2907554.0 86.1228777881949 76.61181259904542 145.42901464843743 0 0 0 0 0 0 0 
128 2907587.3 86.1228777881949 76.61181259904542 145.42901464843743 0 0 0 0 0 0 0 
129 2907620.6 86.10594111275287 76.61181259904542 145.42901464843743 0 0 0 0 0 0 0 
130 2907654.0 86.10594111275287 76.60966606916986 145.42901464843743 0 0 0 0 0 0 0 
131 2907687.3 86.10594111275287 76.60966606916986 145.42901464843743 0 0 0 0 0 0 0 
132 2907720.6 86.10594111275287 76.60966606916986 145.42901464843743 0 0 0 0 0 0 0 
133 2907754.0 86.09274343019244 76.60966606916986 145.42901464843743 0 0 0 0 0 0 0 
134 2907787.3 86.09274343019244 76.60520237831213 145.42901464843743 0 0 0 0 0 0 0 
135 2907820.7 86.09274343019244 76.60520237831213 145.42901464843743 0 0 0 0 0 0 0 
136 2907854.0 86.09274343019244 76.60520237831213 145.42901464843743 0 0 0 0 0 0 0 
137 2907887.3 86.0743664524854 76.60520237831213 145.42901464843743 0 0 0 0 0 0 0 
138 2907920.7 86.0743664524854 76.59789311907821 145.42901464843743 0 0 0 0 0 0 0 
139 2907954.0 86.0743664524854 76.59789311907821 145.42901464843743 0 0 0 0 0 0 0 
140 2907987.3 86.0743664524854 76.59789311907821 145.42901464843743 0 0 0 0 0 0 0 
141 2908020.7 86.0614908996258 76.59789311907821 145.42901464843743 0 0 0 0 0 0 0 
142 2908054.0 86.0614908996258 76.59147470846382 145.42901464843743 0 0 0 0 0 0 0 
143 2908087.3 86.0614908996258 76.59147470846382 145.42901464843743 0 0 0 0 0 0 0 
144 2908120.7 86.0614908996258 76.59147470846382 145.42901464843743 0 0 0 0 0 0 0 
145 2908154.0 86.05161270040449 76.59147470846382 145.42901464843743 0 0 0 0 0 0 0 
146 2908187.3 86.05161270040449 76.59856480962684 145.42901464843743 0 0 0 0 0 0 0 
147 2908220.7 86.05161270040449 76.59856480962684 145.42901464843743 0 0 0 0 0 0 0 
148 2908254.0 86.05161270040449 76.59856480962684 145.42901464843743 0 0 0 0 0 0 0 
149 2908287.4 86.04793102720171 76.59856480962684 145.42901464843743 0 0 0 0 0 0 0 
150 2908320.7 86.04793102720171 76.61774356948968 145.42901464843743 0 0 0 0 0 0 0 
151 2908354.0 86.04793102720171 76.61774356948968 145.42901464843743 0 0 0 0 0 0 0 
152 2908387.4 86.04793102720171 76.61774356948968 145.42901464843743 0 0 0 0 0 0 0 
153 2908420.7 86.04492580759856 76.61774356948968 145.42901464843743 0 0 0 0 0 0 0 
154 2908454.0 86.04492580759856 76.62348232319772 145.42901464843743 0 0 0 0 0 0 0 
155 2908487.4 86.04492580759856 76.62348232319772 145.42901464843743 0 0 0 0 0 0 0 
156 2908520.7 86.04492580759856 76.62348232319772 145.42901464843743 0 0 0 0 0 0 0 
157 2908554.0 86.03858080134204 76.62348232319772 145.42901464843743 0 0 0 0 0 0 0 
158 2908587.4 86.03858080134204 76.62024383092253 145.42901464843743 0 0 0 0 0 0 0 
159 2908620.7 86.03858080134204 76.62024383092253 145.42901464843743 0 0 0 0 0 0 0 
160 2908654.1 86.0249913410595 76.62024383092253 145.42901464843743 0 0 0 0 0 0 0 
161 2908687.4 86.0249913410595 76.60719588481021 145.42901464843743 0 0 0 0 0 0 0 
162 2908720.7 86.0249913410595 76.60719588481021 145.42901464843743 0 0 0 0 0 0 0 
163 2908754.1 86.0249913410595 76.60719588481021 145.42901464843743 0 0 0 0 0 0 0 
164 2908787.4 86.01534867188735 76.60719588481021 145.42901464843743 0 0 0 0 0 0 0 
165 2908820.7 86.01534867188735 76.59258850218468 145.42901464843743 0 0 0 0 0 0 0 
166 2908854.1 86.01534867188735 76.59258850218468 145.42901464843743 0 0 0 0 0 0 0 
167 2908887.4 86.01534867188735 76.59258850218468 145.42901464843743 0 0 0 0 0 0 0 
168 2908920.7 86.01008026400967 76.59258850218468 145.42901464843743 0 0 0 0 0 0 0 
169 2908954.1 86.01008026400967 76.58304194978066 145.42901464843743 0 0 0 0 0 0 0 
170 2908987.4 86.01008026400967 76.58304194978066 145.42901464843743 0 0 0 0 0 0 0 
171 2909020.7 86.01008026400967 76.58304194978066 145.42901464843743 0 0 0 0 0 0 0 
172 2909054.1 86.00030098267021 76.58304194978066 145.42901464843743 0 0 0 0 0 0 0 
173 2909087.4 86.00030098267021 76.57680875308974 145.42901464843743 0 0 0 0 0 0 0 
174 2909120.8 86.00030098267021 76.57680875308974 145.42901464843743 0 0 0 0 0 0 0 
175 2909154.1 86.00030098267021 76.57680875308974 145.42901464843743 0 0 0 0 0 0 0 
176 2909187.4 85.97979664279048 76.57680875308974 145.42901464843743 0 0 0 0 0 0 0 
177 2909220.8 85.97979664279048 76.57200862040985 145.42901464843743 0 0 0 0 0 0 0 
178 2909254.1 85.97979664279048 76.57200862040985 145.42901464843743 0 0 0 0 0 0 0 
179 2909287.4 85.97979664279048 76.57200862040985 145.42901464843743 0 0 0 0 0 0 0 
180 2909320.8 85.95371783308563 76.57200862040985 145.42901464843743 0 0 0 0 0 0 0 
181 2909354.1 85.95371783308563 76.5632838757493 145.42901464843743 0 0 0 0 0 0 0 
182 2909387.4 85.95371783308563 76.5632838757493 145.42901464843743 0 0 0 0 0 0 0 
183 2909420.8 85.95371783308563 76.5632838757493 145.42901464843743 0 0 0 0 0 0 0 
184 2909454.1 85.93921797074402 76.5632838757493 145.42901464843743 0 0 0 0 0 0 0 
185 2909487.5 85.93921797074402 76.55288646697915 145.42901464843743 0 0 0 0 0 0 0 
186 2909520.8 85.93921797074402 76.55288646697915 145.42901464843743 0 0 0 0 0 0 0 
187 2909554.1 85.93921797074402 76.55288646697915 145.42901464843743 0 0 0 0 0 0 0 
188 2909587.5 85.92261671439287 76.55288646697915 145.42901464843743 0 0 0 0 0 0 0 
189 2909620.8 85.92261671439287 76.54062733646525 145.42901464843743 0 0 0 0 0 0 0 
190 2909654.1 85.92261671439287 76.54062733646525 145.42901464843743 0 0 0 0 0 0 0 
191 2909687.5 85.92261671439287 76.54062733646525 145.42901464843743 0 0 0 0 0 0 0 
192 2909720.8 85.91263203963113 76.54062733646525 145.42901464843743 0 0 0 0 0 0 0 
193 2909754.1 85.91263203963113 76.52260710573725 145.42901464843743 0 0 0 0 0 0 0 
194 2909787.5 85.91263203963113 76.52260710573725 145.42901464843743 0 0 0 0 0 0 0 
195 2909820.8 85.91263203963113 76.52260710573725 145.42901464843743 0 0 0 0 0 0 0 
196 2909854.1 85.91263203963113 76.49070895451206 145.42901464843743 0 0 0 0 0 0 0 
197 2909887.5 85.91263203963113 76.49070895451206 145.42901464843743 0 0 0 0 0 0 0 
198 2909920.8 85.91263203963113 76.49070895451206 145.42901464843743 0 0 0 0 0 0 0 
199 2909954.2 85.91263203963113 76.49070895451206 145.42901464843743 0 0 0 0 0 0 0 
200 2909987.5 85.91958485393566 76.49070895451206 145.42901464843743 0 0 0 0 0 0 0 
201 2910020.8 85.91958485393566 76.4702349884726 145.42901464843743 0 0 0 0 0 0 0 
202 2910054.2 85.91958485393566 76.4702349884726 145.42901464843743 0 0 0 0 0 0 0 
203 2910087.5 85.91958485393566 76.4702349884726 145.42901464843743 0 0 0 0 0 0 0 
204 2910120.8 85.91958485393566 76.4702349884726 145.42901464843743 0 0 0 0 0 0 0 
205 2910154.2 85.94243969868012 76.44441797989832 145.42901464843743 0 0 0 0 0 0 0 
206 2910187.5 85.94243969868012 76.44441797989832 145.42901464843743 0 0 0 0 0 0 0 
207 2910220.8 85.94243969868012 76.44441797989832 145.42901464843743 0 0 0 0 0 0 0 
208 2910254.2 85.96566872705925 76.44441797989832 145.42901464843743 0 0 0 0 0 0 0 
209 2910287.5 85.96566872705925 76.4212222311914 145.42901464843743 0 0 0 0 0 0 0 
210 2910320.9 85.96566872705925 76.4212222311914 145.42901464843743 0 0 0 0 0 0 0 
211 2910354.2 85.96566872705925 76.4212222311914 145.42901464843743 0 0 0 0 0 0 0 
212 2910387.5 85.98744891493057 76.4212222311914 145.42901464843743 0 0 0 0 0 0 0 
213 2910420.9 85.98744891493057 76.40088343813129 145.42901464843743 0 0 0 0 0 0 0 
214 2910454.2 85.98744891493057 76.40088343813129 145.42901464843743 0 0 0 0 0 0 0 
215 2910487.5 85.98744891493057 76.40088343813129 145.42901464843743 0 0 0 0 0 0 0 
216 2910520.9 86.00266694797293 76.40088343813129 145.42901464843743 0 0 0 0 0 0 0 
217 2910554.2 86.00266694797293 76.38516193891662 145.42901464843743 0 0 0 0 0 0 0 
218 2910587.5 86.00266694797293 76.38516193891662 145.42901464843743 0 0 0 0 0 0 0 
219 2910620.9 86.00266694797293 76.38516193891662 145.42901464843743 0 0 0 0 0 0 0 
220 2910654.2 86.01816868257824 76.38516193891662 145.42901464843743 0 0 0 0 0 0 0 
221 2910687.5 86.01816868257824 76.3648873340681 145.42901464843743 0 0 0 0 0 0 0 
222 2910720.9 86.01816868257824 76.3648873340681 145.42901464843743 0 0 0 0 0 0 0 
223 2910754.2 86.01816868257824 76.3648873340681 145.42901464843743 0 0 0 0 0 0 0 
224 2910787.6 86.0203056841128 76.3648873340681 145.42901464843743 0 0 0 0 0 0 0 
225 2910820.9 86.0203056841128 76.34475823784798 145.42901464843743 0 0 0 0 0 0 0 
226 2910854.2 86.0203056841128 76.34475823784798 145.42901464843743 0 0 0 0 0 0 0 
227 2910887.6 86.0203056841128 76.34475823784798 145.42901464843743 0 0 0 0 0 0 0 
228 2910920.9 86.01542316684038 76.34475823784798 145.42901464843743 0 0 0 0 0 0 0 
229 2910954.2 86.01542316684038 76.32938448241228 145.42901464843743 0 0 0 0 0 0 0 
230 2910987.6 86.01542316684038 76.32938448241228 145.42901464843743 0 0 0 0 0 0 0 
231 2911020.9 86.01542316684038 76.32938448241228 145.42901464843743 0 0 0 0 0 0 0 
232 2911054.2 85.99920520376774 76.32938448241228 145.42901464843743 0 0 0 0 0 0 0 
233 2911087.6 85.99920520376774 76.31072946367607 145.42901464843743 0 0 0 0 0 0 0 
234 2911120.9 85.99920520376774 76.31072946367607 145.42901464843743 0 0 0 0 0 0 0 
235 2911154.3 85.99920520376774 76.31072946367607 145.42901464843743 0 0 0 0 0 0 0 
236 2911187.6 85.9805159292216 76.31072946367607 145.42901464843743 0 0 0 0 0 0 0 
237 2911220.9 85.9805159292216 76.29269601604986 145.42901464843743 0 0 0 0 0 0 0 
238 2911254.3 85.9805159292216 76.29269601604986 145.42901464843743 0 0 0 0 0 0 0 
239 2911287.6 85.9805159292216 76.29269601604986 145.42901464843743 0 0 0 0 0 0 0 
240 2911320.9 85.97107298236443 76.29269601604986 145.42901464843743 0 0 0 0 0 0 0 
241 2911354.3 85.97107298236443 76.28173640486703 145.42901464843743 0 0 0 0 0 0 0 
242 2911387.6 85.97107298236443 76.28173640486703 145.42901464843743 0 0 0 0 0 0 0 
243 2911420.9 85.96217868235426 76.28173640486703 145.42901464843743 0 0 0 0 0 0 0 
244 2911454.3 85.96217868235426 76.27442377015024 145.42901464843743 0 0 0 0 0 0 0 
245 2911487.6 85.96217868235426 76.27442377015024 145.42901464843743 0 0 0 0 0 0 0 
246 2911520.9 85.96217868235426 76.27442377015024 145.42901464843743 0 0 0 0 0 0 0 
247 2911554.3 85.94768949687519 76.27442377015024 145.42901464843743 0 0 0 0 0 0 0 
248 2911587.6 85.94768949687519 76.26707957030322 145.42901464843743 0 0 0 0 0 0 0 
249 2911621.0 85.94768949687519 76.26707957030322 145.42901464843743 0 0 0 0 0 0 0 
250 2911654.3 85.94768949687519 76.26707957030322 145.42901464843743 0 0 0 0 0 0 0 
251 2911687.6 85.93037015075326 76.26707957030322 145.42901464843743 0 0 0 0 0 0 0 
252 2911721.0 85.93037015075326 76.258691720719 145.42901464843743 0 0 0 0 0 0 0 
253 2911754.3 85.93037015075326 76.258691720719 145.42901464843743 0 0 0 0 0 0 0 
254 2911787.6 85.93037015075326 76.258691720719 145.42901464843743 0 0 0 0 0 0 0 
255 2911821.0 85.91754896893788 76.258691720719 145.42901464843743 0 0 0 0 0 0 0 
256 2911854.3 85.91754896893788 76.25185249202491 145.42901464843743 0 0 0 0 0 0 0 
257 2911887.6 85.91754896893788 76.25185249202491 145.42901464843743 0 0 0 0 0 0 0 
258 2911921.0 85.91754896893788 76.25185249202491 145.42901464843743 0 0 0 0 0 0 0 
259 2911954.3 85.90226234435863 76.25185249202491 145.42901464843743 0 0 0 0 0 0 0 
260 2911987.7 85.90226234435863 76.24565468866149 145.42901464843743 0 0 0 0 0 0 0 
261 2912021.0 85.90226234435863 76.24565468866149 145.42901464843743 0 0 0 0 0 0 0 
262 2912054.3 85.90226234435863 76.24565468866149 145.42901464843743 0 0 0 0 0 0 0 
263 2912087.7 85.88482226016278 76.24565468866149 145.42901464843743 0 0 0 0 0 0 0 
264 2912121.0 85.88482226016278 76.24089204287272 145.42901464843743 0 0 0 0 0 0 0 
265 2912154.3 85.88482226016278 76.24089204287272 145.42901464843743 0 0 0 0 0 0 0 
266 2912187.7 85.88482226016278 76.24089204287272 145.42901464843743 0 0 0 0 0 0 0 
267 2912221.0 85.87144592655748 76.24089204287272 145.42901464843743 0 0 0 0 0 0 0 
268 2912254.3 85.87144592655748 76.22931917352638 145.42901464843743 0 0 0 0 0 0 0 
269 2912287.7 85.87144592655748 76.22931917352638 145.42901464843743 0 0 0 0 0 0 0 
270 2912321.0 85.87144592655748 76.22931917352638 145.42901464843743 0 0 0 0 0 0 0 
271 2912354.3 85.86336770998716 76.22931917352638 145.42901464843743 0 0 0 0 0 0 0 
272 2912387.7 85.86336770998716 76.2095010469328 145.42901464843743 0 0 0 0 0 0 0 
273 2912421.0 85.86336770998716 76.2095010469328 145.42901464843743 0 0 0 0 0 0 0 
274 2912454.4 85.86336770998716 76.2095010469328 145.42901464843743 0 0 0 0 0 0 0 
275 2912487.7 85.86091235163921 76.2095010469328 145.42901464843743 0 0 0 0 0 0 0 
276 2912521.0 85.86091235163921 76.19580511924772 145.42901464843743 0 0 0 0 0 0 0 
277 2912554.4 85.86091235163921 76.19580511924772 145.42901464843743 0 0 0 0 0 0 0 
278 2912587.7 85.86091235163921 76.19580511924772 145.42901464843743 0 0 0 0 0 0 0 
279 2912621.0 85.86207605543956 76.19580511924772 145.42901464843743 0 0 0 0 0 0 0 
280 2912654.4 85.86207605543956 76.17921711417479 145.42901464843743 0 0 0 0 0 0 0 
281 2912687.7 85.86207605543956 76.17921711417479 145.42901464843743 0 0 0 0 0 0 0 
282 2912721.0 85.86207605543956 76.17921711417479 145.42901464843743 0 0 0 0 0 0 0 
283 2912754.4 85.87593850208091 76.17921711417479 145.42901464843743 0 0 0 0 0 0 0 
284 2912787.7 85.87593850208091 76.16150900519904 145.42901464843743 0 0 0 0 0 0 0 
285 2912821.1 85.87593850208091 76.16150900519904 145.42901464843743 0 0 0 0 0 0 0 
286 2912854.4 85.87593850208091 76.16150900519904 145.42901464843743 0 0 0 0 0 0 0 
287 2912887.7 85.9032418763085 76.16150900519904 145.42901464843743 0 0 0 0 0 0 0 
288 2912921.1 85.9032418763085 76.1412620304213 145.42901464843743 0 0 0 0 0 0 0 
289 2912954.4 85.9032418763085 76.1412620304213 145.42901464843743 0 0 0 0 0 0 0 
290 2912987.7 85.9032418763085 76.1412620304213 145.42901464843743 0 0 0 0 0 0 0 
291 2913021.1 85.9280283698058 76.1412620304213 145.42901464843743 0 0 0 0 0 0 0 
292 2913054.4 85.9280283698058 76.12731312713827 145.42901464843743 0 0 0 0 0 0 0 
293 2913087.7 85.9280283698058 76.12731312713827 145.42901464843743 0 0 0 0 0 0 0 
294 2913121.1 85.9280283698058 76.12731312713827 145.42901464843743 0 0 0 0 0 0 0 
295 2913154.4 85.95406602145765 76.12731312713827 145.42901464843743 0 0 0 0 0 0 0 
296 2913187.7 85.95406602145765 76.11635960979501 145.42901464843743 0 0 0 0 0 0 0 
297 2913221.1 85.95406602145765 76.11635960979501 145.42901464843743 0 0 0 0 0 0 0 
298 2913254.4 85.95406602145765 76.11635960979501 145.42901464843743 0 0 0 0 0 0 0 
299 2913287.8 85.98785107863802 76.11635960979501 145.42901464843743 0 0 0 0 0 0 0 
300 2913321.1 85.98785107863802 76.098136305516 145.42901464843743 0 0 0 0 0 0 0 
301 2913354.4 85.98785107863802 76.098136305516 145.42901464843743 0 0 0 0 0 0 0 
302 2913387.8 85.98785107863802 76.098136305516 145.42901464843743 0 0 0 0 0 0 0 
303 2913421.1 86.00631782446106 76.098136305516 145.42901464843743 0 0 0 0 0 0 0 
304 2913454.4 86.00631782446106 76.08251528024843 145.42901464843743 0 0 0 0 0 0 0 
305 2913487.8 86.00631782446106 76.08251528024843 145.42901464843743 0 0 0 0 0 0 0 
306 2913521.1 86.00631782446106 76.08251528024843 145.42901464843743 0 0 0 0 0 0 0 
307 2913554.4 86.02542430988065 76.08251528024843 145.42901464843743 0 0 0 0 0 0 0 
308 2913587.8 86.02542430988065 76.0698288410882 145.42901464843743 0 0 0 0 0 0 0 
309 2913621.1 86.02542430988065 76.0698288410882 145.42901464843743 0 0 0 0 0 0 0 
310 2913654.5 86.02542430988065 76.0698288410882 145.42901464843743 0 0 0 0 0 0 0 
311 2913687.8 86.03552296867035 76.0698288410882 145.42901464843743 0 0 0 0 0 0 0 
312 2913721.1 86.03552296867035 76.045668544761 145.42901464843743 0 0 0 0 0 0 0 
313 2913754.5 86.03552296867035 76.045668544761 145.42901464843743 0 0 0 0 0 0 0 
314 2913787.8 86.03552296867035 76.045668544761 145.42901464843743 0 0 0 0 0 0 0 
315 2913821.1 86.04248863310907 76.045668544761 145.42901464843743 0 0 0 0 0 0 0 
316 2913854.5 86.04248863310907 76.02862562353248 145.42901464843743 0 0 0 0 0 0 0 
317 2913887.8 86.04248863310907 76.02862562353248 145.42901464843743 0 0 0 0 0 0 0 
318 2913921.1 86.04248863310907 76.02862562353248 145.42901464843743 0 0 0 0 0 0 0 
319 2913954.5 86.04784444818343 76.02862562353248 145.42901464843743 0 0 0 0 0 0 0 
320 2913987.8 86.04784444818343 76.01126476440939 145.42901464843743 0 0 0 0 0 0 0 
321 2914021.1 86.04784444818343 76.01126476440939 145.42901464843743 0 0 0 0 0 0 0 
322 2914054.5 86.04784444818343 76.01126476440939 145.42901464843743 0 0 0 0 0 0 0 
323 2914087.8 86.04971675333552 76.01126476440939 145.42901464843743 0 0 0 0 0 0 0 
324 2914121.2 86.04971675333552 75.9958927194913 145.42901464843743 0 0 0 0 0 0 0 
325 2914154.5 86.04971675333552 75.9958927194913 145.42901464843743 0 0 0 0 0 0 0 
326 2914187.8 86.04971675333552 75.9958927194913 145.42901464843743 0 0 0 0 0 0 0 
327 2914221.2 86.04870346885691 75.9958927194913 145.42901464843743 0 0 0 0 0 0 0 
328 2914254.5 86.04870346885691 75.97987688132281 145.42901464843743 0 0 0 0 0 0 0 
329 2914287.8 86.04870346885691 75.97987688132281 145.42901464843743 0 0 0 0 0 0 0 
330 2914321.2 86.04870346885691 75.97987688132281 145.42901464843743 0 0 0 0 0 0 0 
331 2914354.5 86.03828408991052 75.97987688132281 145.42901464843743 0 0 0 0 0 0 0 
332 2914387.8 86.03828408991052 75.96471482450583 145.42901464843743 0 0 0 0 0 0 0 
333 2914421.2 86.03828408991052 75.96471482450583 145.42901464843743 0 0 0 0 0 0 0 
334 2914454.5 86.03828408991052 75.96471482450583 145.42901464843743 0 0 0 0 0 0 0 
335 2914487.9 86.02726973536133 75.96471482450583 145.42901464843743 0 0 0 0 0 0 0 
336 2914521.2 86.02726973536133 75.95097590991745 145.42901464843743 0 0 0 0 0 0 0 
337 2914554.5 86.02726973536133 75.95097590991745 145.42901464843743 0 0 0 0 0 0 0 
338 2914587.9 86.02726973536133 75.95097590991745 145.42901464843743 0 0 0 0 0 0 0 
339 2914621.2 86.01260490307313 75.95097590991745 145.42901464843743 0 0 0 0 0 0 0 
340 2914654.5 86.01260490307313 75.93886739225304 145.42901464843743 0 0 0 0 0 0 0 
341 2914687.9 86.01260490307313 75.93886739225304 145.42901464843743 0 0 0 0 0 0 0 
342 2914721.2 86.01260490307313 75.93886739225304 145.42901464843743 0 0 0 0 0 0 0 
343 2914754.5 85.99447130194785 75.93886739225304 145.42901464843743 0 0 0 0 0 0 0 
344 2914787.9 85.99447130194785 75.92752779611149 145.42901464843743 0 0 0 0 0 0 0 
345 2914821.2 85.99447130194785 75.92752779611149 145.42901464843743 0 0 0 0 0 0 0 
346 2914854.5 85.99447130194785 75.92752779611149 145.42901464843743 0 0 0 0 0 0 0 
347 2914887.9 85.98195894144607 75.92752779611149 145.42901464843743 0 0 0 0 0 0 0 
348 2914921.2 85.98195894144607 75.91325265341044 145.42901464843743 0 0 0 0 0 0 0 
349 2914954.6 85.98195894144607 75.91325265341044 145.42901464843743 0 0 0 0 0 0 0 
350 2914987.9 85.98195894144607 75.91325265341044 145.42901464843743 0 0 0 0 0 0 0 
351 2915021.2 85.9658435641617 75.91325265341044 145.42901464843743 0 0 0 0 0 0 0 
352 2915054.6 85.9658435641617 75.90070298954112 145.42901464843743 0 0 0 0 0 0 0 
353 2915087.9 85.9658435641617 75.90070298954112 145.42901464843743 0 0 0 0 0 0 0 
354 2915121.2 85.9658435641617 75.90070298954112 145.42901464843743 0 0 0 0 0 0 0 
355 2915154.6 85.962742758697 75.90070298954112 145.42901464843743 0 0 0 0 0 0 0 
356 2915187.9 85.962742758697 75.88794918595146 145.42901464843743 0 0 0 0 0 0 0 
357 2915221.2 85.962742758697 75.88794918595146 145.42901464843743 0 0 0 0 0 0 0 
358 2915254.6 85.962742758697 75.88794918595146 145.42901464843743 0 0 0 0 0 0 0 
359 2915287.9 85.9724268910033 75.88794918595146 145.42901464843743 0 0 0 0 0 0 0 
360 2915321.3 85.9724268910033 75.87928811787704 145.42901464843743 0 0 0 0 0 0 0 
361 2915354.6 85.9724268910033 75.87928811787704 145.42901464843743 0 0 0 0 0 0 0 
362 2915387.9 85.96755765534662 75.87928811787704 145.42901464843743 0 0 0 0 0 0 0 
363 2915421.3 85.96755765534662 75.87733289696354 145.42901464843743 0 0 0 0 0 0 0 
364 2915454.6 85.96755765534662 75.87733289696354 145.42901464843743 0 0 0 0 0 0 0 
365 2915487.9 85.96755765534662 75.87733289696354 145.42901464843743 0 0 0 0 0 0 0 
366 2915521.3 85.96755765534662 75.85801003943578 145.42901464843743 0 0 0 0 0 0 0 
367 2915554.6 85.96755765534662 75.85801003943578 145.42901464843743 0 0 0 0 0 0 0 
368 2915587.9 85.96755765534662 75.85801003943578 145.42901464843743 0 0 0 0 0 0 0 
369 2915621.3 85.9869986521252 75.85801003943578 145.42901464843743 0 0 0 0 0 0 0 
370 2915654.6 85.9869986521252 75.84519167526828 145.42901464843743 0 0 0 0 0 0 0 
371 2915687.9 85.9869986521252 75.84519167526828 145.42901464843743 0 0 0 0 0 0 0 
372 2915721.3 85.9869986521252 75.84519167526828 145.42901464843743 0 0 0 0 0 0 0 
373 2915754.6 86.031086393373 75.84519167526828 145.42901464843743 0 0 0 0 0 0 0 
374 2915788.0 86.031086393373 75.84036019022165 145.42901464843743 0 0 0 0 0 0 0 
375 2915821.3 86.031086393373 75.84036019022165 145.42901464843743 0 0 0 0 0 0 0 
376 2915854.6 86.031086393373 75.84036019022165 145.42901464843743 0 0 0 0 0 0 0 
377 2915888.0 86.09314495768308 75.84036019022165 145.42901464843743 0 0 0 0 0 0 0 
378 2915921.3 86.09314495768308 75.84254111803314 145.42901464843743 0 0 0 0 0 0 0 
379 2915954.6 86.09314495768308 75.84254111803314 145.42901464843743 0 0 0 0 0 0 0 
380 2915988.0 86.09314495768308 75.84254111803314 145.42901464843743 0 0 0 0 0 0 0 
381 2916021.3 86.13668481900531 75.84254111803314 145.42901464843743 0 0 0 0 0 0 0 
382 2916054.6 86.13668481900531 75.8332603575404 145.42901464843743 0 0 0 0 0 0 0 
383 2916088.0 86.13668481900531 75.8332603575404 145.42901464843743 0 0 0 0 0 0 0 
384 2916121.3 86.13668481900531 75.8332603575404 145.42901464843743 0 0 0 0 0 0 0 
385 2916154.7 86.1656022022474 75.8332603575404 145.42901464843743 0 0 0 0 0 0 0 
386 2916188.0 86.1656022022474 75.81837736032337 145.42901464843743 0 0 0 0 0 0 0 
387 2916221.3 86.1656022022474 75.81837736032337 145.42901464843743 0 0 0 0 0 0 0 
388 2916254.7 86.1656022022474 75.81837736032337 145.42901464843743 0 0 0 0 0 0 0 
389 2916288.0 86.19125348816516 75.81837736032337 145.42901464843743 0 0 0 0 0 0 0 
390 2916321.3 86.19125348816516 75.79477717042589 145.42901464843743 0 0 0 0 0 0 0 
391 2916354.7 86.19125348816516 75.79477717042589 145.42901464843743 0 0 0 0 0 0 0 
392 2916388.0 86.19125348816516 75.79477717042589 145.42901464843743 0 0 0 0 0 0 0 
393 2916421.3 86.20602693958872 75.79477717042589 145.42901464843743 0 0 0 0 0 0 0 
394 2916454.7 86.20602693958872 75.77304713862182 145.42901464843743 0 0 0 0 0 0 0 
395 2916488.0 86.20602693958872 75.77304713862182 145.42901464843743 0 0 0 0 0 0 0 
396 2916521.3 86.20602693958872 75.77304713862182 145.42901464843743 0 0 0 0 0 0 0 
397 2916554.7 86.21833252137932 75.77304713862182 145.42901464843743 0 0 0 0 0 0 0 
398 2916588.0 86.21833252137932 75.75605137410292 145.42901464843743 0 0 0 0 0 0 0 
399 2916621.4 86.21833252137932 75.75605137410292 145.42901464843743 0 0 0 0 0 0 0 
400 2916654.7 86.21833252137932 75.75605137410292 145.42901464843743 0 0 0 0 0 0 0 
401 2916688.0 86.22791924248666 75.75605137410292 145.42901464843743 0 0 0 0 0 0 0 
402 2916721.4 86.22791924248666 75.74840130332645 145.42901464843743 0 0 0 0 0 0 0 
403 2916754.7 86.22791924248666 75.74840130332645 145.42901464843743 0 0 0 0 0 0 0 
404 2916788.0 86.22791924248666 75.74840130332645 145.42901464843743 0 0 0 0 0 0 0 
405 2916821.4 86.23719107067718 75.74840130332645 145.42901464843743 0 0 0 0 0 0 0 
406 2916854.7 86.23719107067718 75.74840130332645 145.42901464843743 0 0 0 0 0 0 0 
407 2916888.0 86.23719107067718 75.74840130332645 145.42901464843743 0 0 0 0 0 0 0 
408 2916921.4 86.24812767130729 75.74840130332645 145.42901464843743 0 0 0 0 0 0 0 
409 2916954.7 86.24812767130729 75.74535570383875 145.42901464843743 0 0 0 0 0 0 0 
410 2916988.1 86.24812767130729 75.74535570383875 145.42901464843743 0 0 0 0 0 0 0 
411 2917021.4 86.24812767130729 75.74535570383875 145.42901464843743 0 0 0 0 0 0 0 
412 2917054.7 86.24970129852208 75.74535570383875 145.42901464843743 0 0 0 0 0 0 0 
413 2917088.1 86.24970129852208 75.73654021214324 145.42901464843743 0 0 0 0 0 0 0 
414 2917121.4 86.24970129852208 75.73654021214324 145.42901464843743 0 0 0 0 0 0 0 
415 2917154.7 86.24970129852208 75.73654021214324 145.42901464843743 0 0 0 0 0 0 0 
416 2917188.1 86.24970129852208 75.70985270680616 145.42901464843743 0 0 0 0 0 0 0 
417 2917221.4 86.24970129852208 75.70985270680616 145.42901464843743 0 0 0 0 0 0 0 
418 2917254.7 86.24970129852208 75.70985270680616 145.42901464843743 0 0 0 0 0 0 0 
419 2917288.1 86.24839730780754 75.70985270680616 145.42901464843743 0 0 0 0 0 0 0 
420 2917321.4 86.24839730780754 75.69673840461422 145.42901464843743 0 0 0 0 0 0 0 
421 2917354.7 86.24839730780754 75.69673840461422 145.42901464843743 0 0 0 0 0 0 0 
422 2917388.1 86.24839730780754 75.69673840461422 145.42901464843743 0 0 0 0 0 0 0 
423 2917421.4 86.24144251710433 75.69673840461422 145.42901464843743 0 0 0 0 0 0 0 
424 2917454.8 86.24144251710433 75.67926295181928 145.42901464843743 0 0 0 0 0 0 0 
425 2917488.1 86.24144251710433 75.67926295181928 145.42901464843743 0 0 0 0 0 0 0 
426 2917521.4 86.24144251710433 75.67926295181928 145.42901464843743 0 0 0 0 0 0 0 
427 2917554.8 86.23274182587133 75.67926295181928 145.42901464843743 0 0 0 0 0 0 0 
428 2917588.1 86.23274182587133 75.66633496732841 145.42901464843743 0 0 0 0 0 0 0 
429 2917621.4 86.23274182587133 75.66633496732841 145.42901464843743 0 0 0 0 0 0 0 
430 2917654.8 86.23274182587133 75.66633496732841 145.42901464843743 0 0 0 0 0 0 0 
431 2917688.1 86.2207537134799 75.66633496732841 145.42901464843743 0 0 0 0 0 0 0 
432 2917721.4 86.2207537134799 75.6405665473926 145.42901464843743 0 0 0 0 0 0 0 
433 2917754.8 86.2207537134799 75.6405665473926 145.42901464843743 0 0 0 0 0 0 0 
434 2917788.1 86.2207537134799 75.6405665473926 145.42901464843743 0 0 0 0 0 0 0 
435 2917821.5 86.20631443495509 75.6405665473926 145.42901464843743 0 0 0 0 0 0 0 
436 2917854.8 86.20631443495509 75.61868893453406 145.42901464843743 0 0 0 0 0 0 0 
437 2917888.1 86.20631443495509 75.61868893453406 145.42901464843743 0 0 0 0 0 0 0 
438 2917921.5 86.20631443495509 75.61868893453406 145.42901464843743 0 0 0 0 0 0 0 
439 2917954.8 86.19005140778773 75.61868893453406 145.42901464843743 0 0 0 0 0 0 0 
440 2917988.1 86.19005140778773 75.60104549824908 145.42901464843743 0 0 0 0 0 0 0 
441 2918021.5 86.19005140778773 75.60104549824908 145.42901464843743 0 0 0 0 0 0 0 
442 2918054.8 86.19005140778773 75.60104549824908 145.42901464843743 0 0 0 0 0 0 0 
443 2918088.1 86.16455110914956 75.60104549824908 145.42901464843743 0 0 0 0 0 0 0 
444 2918121.5 86.16455110914956 75.577287318229 145.42901464843743 0 0 0 0 0 0 0 
445 2918154.8 86.16455110914956 75.577287318229 145.42901464843743 0 0 0 0 0 0 0 
446 2918188.1 86.16455110914956 75.577287318229 145.42901464843743 0 0 0 0 0 0 0 
447 2918221.5 86.14520405128934 75.577287318229 145.42901464843743 0 0 0 0 0 0 0 
448 2918254.8 86.14520405128934 75.55708753488211 145.42901464843743 0 0 0 0 0 0 0 
449 2918288.2 86.14520405128934 75.55708753488211 145.42901464843743 0 0 0 0 0 0 0 
450 2918321.5 86.14520405128934 75.55708753488211 145.42901464843743 0 0 0 0 0 0 0 
451 2918354.8 86.1284306651787 75.55708753488211 145.42901464843743 0 0 0 0 0 0 0 
452 2918388.2 86.1284306651787 75.53799082082847 145.42901464843743 0 0 0 0 0 0 0 
453 2918421.5 86.1284306651787 75.53799082082847 145.42901464843743 0 0 0 0 0 0 0 
454 2918454.8 86.1284306651787 75.53799082082847 145.42901464843743 0 0 0 0 0 0 0 
455 2918488.2 86.1163829196644 75.53799082082847 145.42901464843743 0 0 0 0 0 0 0 
456 2918521.5 86.1163829196644 75.51614633265923 145.42901464843743 0 0 0 0 0 0 0 
457 2918554.8 86.1163829196644 75.51614633265923 145.42901464843743 0 0 0 0 0 0 0 
458 2918588.2 86.1163829196644 75.51614633265923 145.42901464843743 0 0 0 0 0 0 0 
459 2918621.5 86.11064040854365 75.51614633265923 145.42901464843743 0 0 0 0 0 0 0 
460 2918654.9 86.11064040854365 75.49474910366112 145.42901464843743 0 0 0 0 0 0 0 
461 2918688.2 86.11064040854365 75.49474910366112 145.42901464843743 0 0 0 0 0 0 0 
462 2918721.5 86.11064040854365 75.49474910366112 145.42901464843743 0 0 0 0 0 0 0 
463 2918754.9 86.11878409937158 75.49474910366112 145.42901464843743 0 0 0 0 0 0 0 
464 2918788.2 86.11878409937158 75.46374854756742 145.42901464843743 0 0 0 0 0 0 0 
465 2918821.5 86.12398339843745 75.46863378906247 145.3817617187499 0 0 0 0 0 0 0 
466 2918854.9 86.12398339843745 75.46863378906247 145.3817617187499 0 0 0 0 0 0 0 
467 2918888.2 86.14444286379698 75.46863378906247 145.3817617187499 0 0 0 0 0 0 0 
468 2918921.5 86.14444286379698 75.43076094133738 145.3817617187499 0 0 0 0 0 0 0 
469 2918954.9 86.14444286379698 75.43076094133738 145.3817617187499 0 0 0 0 0 0 0 
470 2918988.2 86.14444286379698 75.43076094133738 145.3817617187499 0 0 0 0 0 0 0 
471 2919021.5 86.17035290262625 75.43076094133738 145.3817617187499 0 0 0 0 0 0 0 
472 2919054.9 86.17035290262625 75.40380568727223 145.3817617187499 0 0 0 0 0 0 0 
473 2919088.2 86.17035290262625 75.40380568727223 145.3817617187499 0 0 0 0 0 0 0 
474 2919121.6 86.17035290262625 75.40380568727223 145.3817617187499 0 0 0 0 0 0 0 
475 2919154.9 86.19467334511751 75.40380568727223 145.3817617187499 0 0 0 0 0 0 0 
476 2919188.2 86.19467334511751 75.38301884783498 145.3817617187499 0 0 0 0 0 0 0 
477 2919221.6 86.19467334511751 75.38301884783498 145.3817617187499 0 0 0 0 0 0 0 
478 2919254.9 86.19467334511751 75.38301884783498 145.3817617187499 0 0 0 0 0 0 0 
479 2919288.2 86.22130472697279 75.38301884783498 145.3817617187499 0 0 0 0 0 0 0 
480 2919321.6 86.22130472697279 75.3579475373902 145.3817617187499 0 0 0 0 0 0 0 
481 2919354.9 86.22130472697279 75.3579475373902 145.3817617187499 0 0 0 0 0 0 0 
482 2919388.2 86.22130472697279 75.3579475373902 145.3817617187499 0 0 0 0 0 0 0 
483 2919421.6 86.24112600346224 75.3579475373902 145.3817617187499 0 0 0 0 0 0 0 
484 2919454.9 86.24112600346224 75.34201322802518 145.3817617187499 0 0 0 0 0 0 0 
485 2919488.3 86.24112600346224 75.34201322802518 145.3817617187499 0 0 0 0 0 0 0 
486 2919521.6 86.24112600346224 75.34201322802518 145.3817617187499 0 0 0 0 0 0 0 
487 2919554.9 86.26332512852748 75.34201322802518 145.3817617187499 0 0 0 0 0 0 0 
488 2919588.3 86.26332512852748 75.32670291866704 145.3817617187499 0 0 0 0 0 0 0 
489 2919621.6 86.26332512852748 75.32670291866704 145.3817617187499 0 0 0 0 0 0 0 
490 2919654.9 86.26332512852748 75.32670291866704 145.3817617187499 0 0 0 0 0 0 0 
491 2919688.3 86.27709601424546 75.32670291866704 145.3817617187499 0 0 0 0 0 0 0 
492 2919721.6 86.27709601424546 75.30686104857355 145.3817617187499 0 0 0 0 0 0 0 
493 2919754.9 86.27709601424546 75.30686104857355 145.3817617187499 0 0 0 0 0 0 0 
494 2919788.3 86.27709601424546 75.30686104857355 145.3817617187499 0 0 0 0 0 0 0 
495 2919821.6 86.28320507305136 75.30686104857355 145.3817617187499 0 0 0 0 0 0 0 
496 2919854.9 86.28320507305136 75.28554032293253 145.3817617187499 0 0 0 0 0 0 0 
497 2919888.3 86.28320507305136 75.28554032293253 145.3817617187499 0 0 0 0 0 0 0 
498 2919921.6 86.28320507305136 75.28554032293253 145.3817617187499 0 0 0 0 0 0 0 
499 2919955.0 86.28480099617444 75.28554032293253 145.3817617187499 0 0 0 0 0 0 0 
500 2919988.3 86.28480099617444 75.26486464159643 145.3817617187499 0 0 0 0 0 0 0 
501 2920021.6 86.28480099617444 75.26486464159643 145.3817617187499 0 0 0 0 0 0 0 
502 2920055.0 86.28480099617444 75.26486464159643 145.3817617187499 0 0 0 0 0 0 0 
503 2920088.3 86.28704091701783 75.26486464159643 145.3817617187499 0 0 0 0 0 0 0 
504 2920121.6 86.28704091701783 75.24213835369105 145.3817617187499 0 0 0 0 0 0 0 
505 2920155.0 86.28704091701783 75.24213835369105 145.3817617187499 0 0 0 0 0 0 0 
506 2920188.3 86.28704091701783 75.24213835369105 145.3817617187499 0 0 0 0 0 0 0 
507 2920221.6 86.28704091701783 75.22458318489952 145.3817617187499 0 0 0 0 0 0 0 
508 2920255.0 86.28704091701783 75.22458318489952 145.3817617187499 0 0 0 0 0 0 0 
509 2920288.3 86.28704091701783 75.22458318489952 145.3817617187499 0 0 0 0 0 0 0 
510 2920321.7 86.28161521473959 75.22458318489952 145.3817617187499 0 0 0 0 0 0 0 
511 2920355.0 86.28161521473959 75.21088027696055 145.3817617187499 0 0 0 0 0 0 0 
512 2920388.3 86.28161521473959 75.21088027696055 145.3817617187499 0 0 0 0 0 0 0 
513 2920421.7 86.28161521473959 75.21088027696055 145.3817617187499 0 0 0 0 0 0 0 
514 2920455.0 86.26421801059112 75.21088027696055 145.3817617187499 0 0 0 0 0 0 0 
515 2920488.3 86.26421801059112 75.19560289722497 145.3817617187499 0 0 0 0 0 0 0 
516 2920521.7 86.26421801059112 75.19560289722497 145.3817617187499 0 0 0 0 0 0 0 
517 2920555.0 86.26421801059112 75.19560289722497 145.3817617187499 0 0 0 0 0 0 0 
518 2920588.3 86.24381376129729 75.19560289722497 145.3817617187499 0 0 0 0 0 0 0 
519 2920621.7 86.24381376129729 75.17451099858852 145.3817617187499 0 0 0 0 0 0 0 
520 2920655.0 86.24381376129729 75.17451099858852 145.3817617187499 0 0 0 0 0 0 0 
521 2920688.3 86.24381376129729 75.17451099858852 145.3817617187499 0 0 0 0 0 0 0 
522 2920721.7 86.23175795210946 75.17451099858852 145.3817617187499 0 0 0 0 0 0 0 
523 2920755.0 86.23175795210946 75.15827984031391 145.3817617187499 0 0 0 0 0 0 0 
524 2920788.4 86.23175795210946 75.15827984031391 145.3817617187499 0 0 0 0 0 0 0 
525 2920821.7 86.23175795210946 75.15827984031391 145.3817617187499 0 0 0 0 0 0 0 
526 2920855.0 86.22897190250622 75.15827984031391 145.3817617187499 0 0 0 0 0 0 0 
527 2920888.4 86.22897190250622 75.14470701968456 145.3817617187499 0 0 0 0 0 0 0 
528 2920921.7 86.22897190250622 75.14470701968456 145.3817617187499 0 0 0 0 0 0 0 
529 2920955.0 86.22897190250622 75.14470701968456 145.3817617187499 0 0 0 0 0 0 0 
530 2920988.4 86.23466380478028 75.14470701968456 145.3817617187499 0 0 0 0 0 0 0 
531 2921021.7 86.23466380478028 75.12384653962485 145.3817617187499 0 0 0 0 0 0 0 
532 2921055.0 86.23466380478028 75.12384653962485 145.3817617187499 0 0 0 0 0 0 0 
533 2921088.4 86.23466380478028 75.12384653962485 145.3817617187499 0 0 0 0 0 0 0 
534 2921121.7 86.24768549169943 75.12384653962485 145.3817617187499 0 0 0 0 0 0 0 
535 2921155.1 86.24768549169943 75.11417557145333 145.3817617187499 0 0 0 0 0 0 0 
536 2921188.4 86.24768549169943 75.11417557145333 145.3817617187499 0 0 0 0 0 0 0 
537 2921221.7 86.24768549169943 75.11417557145333 145.3817617187499 0 0 0 0 0 0 0 
538 2921255.1 86.26309907820048 75.11417557145333 145.3817617187499 0 0 0 0 0 0 0 
539 2921288.4 86.26309907820048 75.1018900174213 145.3817617187499 0 0 0 0 0 0 0 
540 2921321.7 86.26309907820048 75.1018900174213 145.3817617187499 0 0 0 0 0 0 0 
541 2921355.1 86.26309907820048 75.1018900174213 145.3817617187499 0 0 0 0 0 0 0 
542 2921388.4 86.26448303934818 75.1018900174213 145.3817617187499 0 0 0 0 0 0 0 
543 2921421.7 86.26448303934818 75.10004314169687 145.3817617187499 0 0 0 0 0 0 0 
544 2921455.1 86.26448303934818 75.10004314169687 145.3817617187499 0 0 0 0 0 0 0 
545 2921488.4 86.2589435886999 75.10004314169687 145.3817617187499 0 0 0 0 0 0 0 
546 2921521.7 86.2589435886999 75.10178678008367 145.3817617187499 0 0 0 0 0 0 0 
547 2921555.1 86.2589435886999 75.10178678008367 145.3817617187499 0 0 0 0 0 0 0 
548 2921588.4 86.24577576135366 75.10178678008367 145.3817617187499 0 0 0 0 0 0 0 
549 2921621.8 86.24577576135366 75.11972340823252 145.3817617187499 0 0 0 0 0 0 0 
550 2921655.1 86.24577576135366 75.11972340823252 145.3817617187499 0 0 0 0 0 0 0 
551 2921688.4 86.24577576135366 75.11972340823252 145.3817617187499 0 0 0 0 0 0 0 
552 2921721.8 86.23919413894411 75.11972340823252 145.3817617187499 0 0 0 0 0 0 0 
553 2921755.1 86.23919413894411 75.14351232547594 145.3817617187499 0 0 0 0 0 0 0 
554 2921788.4 86.23919413894411 75.14351232547594 145.3817617187499 0 0 0 0 0 0 0 
555 2921821.8 86.23919413894411 75.14351232547594 145.3817617187499 0 0 0 0 0 0 0 
556 2921855.1 86.23616596932833 75.14351232547594 145.3817617187499 0 0 0 0 0 0 0 
557 2921888.4 86.23616596932833 75.16015400459533 145.3817617187499 0 0 0 0 0 0 0 
558 2921921.8 86.23616596932833 75.16015400459533 145.3817617187499 0 0 0 0 0 0 0 
559 2921955.1 86.23616596932833 75.16015400459533 145.3817617187499 0 0 0 0 0 0 0 
560 2921988.5 86.25151197670924 75.16015400459533 145.3817617187499 0 0 0 0 0 0 0 
561 2922021.8 86.25151197670924 75.1544407951736 145.3817617187499 0 0 0 0 0 0 0 
562 2922055.1 86.25151197670924 75.1544407951736 145.3817617187499 0 0 0 0 0 0 0 
563 2922088.5 86.25151197670924 75.1544407951736 145.3817617187499 0 0 0 0 0 0 0 
564 2922121.8 86.28779903536754 75.1544407951736 145.3817617187499 0 0 0 0 0 0 0 
565 2922155.1 86.28779903536754 75.14722045418331 145.3817617187499 0 0 0 0 0 0 0 
566 2922188.5 86.28779903536754 75.14722045418331 145.3817617187499 0 0 0 0 0 0 0 
567 2922221.8 86.28779903536754 75.14722045418331 145.3817617187499 0 0 0 0 0 0 0 
568 2922255.1 86.33016808613118 75.14722045418331 145.3817617187499 0 0 0 0 0 0 0 
569 2922288.5 86.33016808613118 75.14722045418331 145.3817617187499 0 0 0 0 0 0 0 
570 2922321.8 86.33016808613118 75.14722045418331 145.3817617187499 0 0 0 0 0 0 0 
571 2922355.1 86.33016808613118 75.14722045418331 145.3817617187499 0 0 0 0 0 0 0 
572 2922388.5 86.31506002109602 75.14722045418331 145.3817617187499 0 0 0 0 0 0 0 
573 2922421.8 86.31506002109602 75.16273452383449 145.3817617187499 0 0 0 0 0 0 0 
574 2922455.2 86.31506002109602 75.16273452383449 145.3817617187499 0 0 0 0 0 0 0 
575 2922488.5 86.31506002109602 75.16273452383449 145.3817617187499 0 0 0 0 0 0 0 
576 2922521.8 86.30626747233978 75.16273452383449 145.3817617187499 0 0 0 0 0 0 0 
577 2922555.2 86.30626747233978 75.21750455088353 145.3817617187499 0 0 0 0 0 0 0 
578 2922588.5 86.30626747233978 75.21750455088353 145.3817617187499 0 0 0 0 0 0 0 
579 2922621.8 86.30626747233978 75.21750455088353 145.3817617187499 0 0 0 0 0 0 0 
580 2922655.2 86.30626747233978 75.21750455088353 145.3817617187499 0 0 0 0 0 0 0 
581 2922688.5 86.30961362726065 75.21750455088353 145.3817617187499 0 0 0 0 0 0 0 
582 2922721.8 86.30961362726065 75.27276040440204 145.3817617187499 0 0 0 0 0 0 0 
583 2922755.2 86.30961362726065 75.27276040440204 145.3817617187499 0 0 0 0 0 0 0 
584 2922788.5 86.30961362726065 75.27276040440204 145.3817617187499 0 0 0 0 0 0 0 
585 2922821.9 86.29351821144748 75.27276040440204 145.3817617187499 0 0 0 0 0 0 0 
586 2922855.2 86.29351821144748 75.31182511908838 145.3817617187499 0 0 0 0 0 0 0 
587 2922888.5 86.29351821144748 75.31182511908838 145.3817617187499 0 0 0 0 0 0 0 
588 2922921.9 86.29351821144748 75.31182511908838 145.3817617187499 0 0 0 0 0 0 0 
589 2922955.2 86.25173763970801 75.31182511908838 145.3817617187499 0 0 0 0 0 0 0 
590 2922988.5 86.25173763970801 75.33569424059412 145.3817617187499 0 0 0 0 0 0 0 
591 2923021.9 86.25173763970801 75.33569424059412 145.3817617187499 0 0 0 0 0 0 0 
592 2923055.2 86.25173763970801 75.33569424059412 145.3817617187499 0 0 0 0 0 0 0 
593 2923088.5 86.18822346203262 75.33569424059412 145.3817617187499 0 0 0 0 0 0 0 
594 2923121.9 86.18822346203262 75.34676022780543 145.3817617187499 0 0 0 0 0 0 0 
595 2923155.2 86.18822346203262 75.34676022780543 145.3817617187499 0 0 0 0 0 0 0 
596 2923188.5 86.18822346203262 75.34676022780543 145.3817617187499 0 0 0 0 0 0 0 
597 2923221.9 86.13388161583379 75.34676022780543 145.3817617187499 0 0 0 0 0 0 0 
598 2923255.2 86.13388161583379 75.37102021734896 145.3817617187499 0 0 0 0 0 0 0 
599 2923288.6 86.13388161583379 75.37102021734896 145.3817617187499 0 0 0 0 0 0 0 
600 2923321.9 86.13388161583379 75.37102021734896 145.3817617187499 0 0 0 0 0 0 0 
601 2923355.2 86.11101841511156 75.37102021734896 145.3817617187499 0 0 0 0 0 0 0 
602 2923388.6 86.11101841511156 75.4038297654787 145.3817617187499 0 0 0 0 0 0 0 
603 2923421.9 86.11101841511156 75.4038297654787 145.3817617187499 0 0 0 0 0 0 0 
604 2923455.2 86.11101841511156 75.4038297654787 145.3817617187499 0 0 0 0 0 0 0 
605 2923488.6 86.09795977749734 75.4038297654787 145.3817617187499 0 0 0 0 0 0 0 
606 2923521.9 86.09795977749734 75.44250332169372 145.3817617187499 0 0 0 0 0 0 0 
607 2923555.2 86.09795977749734 75.44250332169372 145.3817617187499 0 0 0 0 0 0 0 
608 2923588.6 86.09795977749734 75.44250332169372 145.3817617187499 0 0 0 0 0 0 0 
609 2923621.9 86.100077487553 75.44250332169372 145.3817617187499 0 0 0 0 0 0 0 
610 2923655.3 86.100077487553 75.47548160153464 145.3817617187499 0 0 0 0 0 0 0 
611 2923688.6 86.100077487553 75.47548160153464 145.3817617187499 0 0 0 0 0 0 0 
612 2923721.9 86.100077487553 75.47548160153464 145.3817617187499 0 0 0 0 0 0 0 
613 2923755.3 86.11086224973506 75.47548160153464 145.3817617187499 0 0 0 0 0 0 0 
614 2923788.6 86.11086224973506 75.50070989614696 145.3817617187499 0 0 0 0 0 0 0 
615 2923821.9 86.11086224973506 75.50070989614696 145.3817617187499 0 0 0 0 0 0 0 
616 2923855.3 86.11086224973506 75.50070989614696 145.3817617187499 0 0 0 0 0 0 0 
617 2923888.6 86.13536400090834 75.50070989614696 145.3817617187499 0 0 0 0 0 0 0 
618 2923921.9 86.13536400090834 75.52271603260257 145.3817617187499 0 0 0 0 0 0 0 
619 2923955.3 86.13536400090834 75.52271603260257 145.3817617187499 0 0 0 0 0 0 0 
620 2923988.6 86.13536400090834 75.52271603260257 145.3817617187499 0 0 0 0 0 0 0 
621 2924021.9 86.16338888884422 75.52271603260257 145.3817617187499 0 0 0 0 0 0 0 
622 2924055.3 86.16338888884422 75.54308846665026 145.3817617187499 0 0 0 0 0 0 0 
623 2924088.6 86.16338888884422 75.54308846665026 145.3817617187499 0 0 0 0 0 0 0 
624 2924122.0 86.16338888884422 75.54308846665026 145.3817617187499 0 0 0 0 0 0 0 
625 2924155.3 86.194159018858 75.54308846665026 145.3817617187499 0 0 0 0 0 0 0 
626 2924188.6 86.194159018858 75.55954985133599 145.3817617187499 0 0 0 0 0 0 0 
627 2924222.0 86.194159018858 75.55954985133599 145.3817617187499 0 0 0 0 0 0 0 
628 2924255.3 86.194159018858 75.55954985133599 145.3817617187499 0 0 0 0 0 0 0 
629 2924288.6 86.22404776294545 75.55954985133599 145.3817617187499 0 0 0 0 0 0 0 
630 2924322.0 86.22404776294545 75.57891143331227 145.3817617187499 0 0 0 0 0 0 0 
631 2924355.3 86.22404776294545 75.57891143331227 145.3817617187499 0 0 0 0 0 0 0 
632 2924388.6 86.22404776294545 75.57891143331227 145.3817617187499 0 0 0 0 0 0 0 
633 2924422.0 86.24958493438169 75.57891143331227 145.3817617187499 0 0 0 0 0 0 0 
634 2924455.3 86.24958493438169 75.60568476352013 145.3817617187499 0 0 0 0 0 0 0 
635 2924488.7 86.24958493438169 75.60568476352013 145.3817617187499 0 0 0 0 0 0 0 
636 2924522.0 86.24958493438169 75.60568476352013 145.3817617187499 0 0 0 0 0 0 0 
637 2924555.3 86.27162141828869 75.60568476352013 145.3817617187499 0 0 0 0 0 0 0 
638 2924588.7 86.27162141828869 75.64156849791145 145.3817617187499 0 0 0 0 0 0 0 
639 2924622.0 86.27162141828869 75.64156849791145 145.3817617187499 0 0 0 0 0 0 0 
640 2924655.3 86.27162141828869 75.64156849791145 145.3817617187499 0 0 0 0 0 0 0 
641 2924688.7 86.27760721135122 75.64156849791145 145.3817617187499 0 0 0 0 0 0 0 
642 2924722.0 86.27760721135122 75.67150046751861 145.3817617187499 0 0 0 0 0 0 0 
643 2924755.3 86.27760721135122 75.67150046751861 145.3817617187499 0 0 0 0 0 0 0 
644 2924788.7 86.27760721135122 75.67150046751861 145.3817617187499 0 0 0 0 0 0 0 
645 2924822.0 86.27760721135122 75.6979521080733 145.3817617187499 0 0 0 0 0 0 0 
646 2924855.3 86.27760721135122 75.6979521080733 145.3817617187499 0 0 0 0 0 0 0 
647 2924888.7 86.27760721135122 75.6979521080733 145.3817617187499 0 0 0 0 0 0 0 
648 2924922.0 86.27760721135122 75.71806101955332 145.3817617187499 0 0 0 0 0 0 0 
649 2924955.4 86.27760721135122 75.71806101955332 145.3817617187499 0 0 0 0 0 0 0 
650 2924988.7 86.27760721135122 75.71806101955332 145.3817617187499 0 0 0 0 0 0 0 
651 2925022.0 86.27760721135122 75.71806101955332 145.3817617187499 0 0 0 0 0 0 0 
652 2925055.4 86.24992724765583 75.71806101955332 145.3817617187499 0 0 0 0 0 0 0 
653 2925088.7 86.24992724765583 75.73987830431233 145.3817617187499 0 0 0 0 0 0 0 
654 2925122.0 86.24992724765583 75.73987830431233 145.3817617187499 0 0 0 0 0 0 0 
655 2925155.4 86.24992724765583 75.73987830431233 145.3817617187499 0 0 0 0 0 0 0 
656 2925188.7 86.19568973644753 75.73987830431233 145.3817617187499 0 0 0 0 0 0 0 
657 2925222.0 86.19568973644753 75.7532486692612 145.3817617187499 0 0 0 0 0 0 0 
658 2925255.4 86.19568973644753 75.7532486692612 145.3817617187499 0 0 0 0 0 0 0 
659 2925288.7 86.19568973644753 75.7532486692612 145.3817617187499 0 0 0 0 0 0 0 
660 2925322.1 86.1533602010615 75.7532486692612 145.3817617187499 0 0 0 0 0 0 0 
661 2925355.4 86.1533602010615 75.75609890471344 145.3817617187499 0 0 0 0 0 0 0 
662 2925388.7 86.1533602010615 75.75609890471344 145.3817617187499 0 0 0 0 0 0 0 
663 2925422.1 86.1533602010615 75.75609890471344 145.3817617187499 0 0 0 0 0 0 0 
664 2925455.4 86.11502278602629 75.75609890471344 145.3817617187499 0 0 0 0 0 0 0 
665 2925488.7 86.11502278602629 75.75179223780135 145.3817617187499 0 0 0 0 0 0 0 
666 2925522.1 86.11502278602629 75.75179223780135 145.3817617187499 0 0 0 0 0 0 0 
667 2925555.4 86.11502278602629 75.75179223780135 145.3817617187499 0 0 0 0 0 0 0 
668 2925588.7 86.07128073067364 75.75179223780135 145.3817617187499 0 0 0 0 0 0 0 
669 2925622.1 86.07128073067364 75.74941472387617 145.3817617187499 0 0 0 0 0 0 0 
670 2925655.4 86.07128073067364 75.74941472387617 145.3817617187499 0 0 0 0 0 0 0 
671 2925688.7 86.07128073067364 75.74941472387617 145.3817617187499 0 0 0 0 0 0 0 
672 2925722.1 86.03517829160798 75.74941472387617 145.3817617187499 0 0 0 0 0 0 0 
673 2925755.4 86.03517829160798 75.76461699572542 145.3817617187499 0 0 0 0 0 0 0 
674 2925788.8 86.03517829160798 75.76461699572542 145.3817617187499 0 0 0 0 0 0 0 
675 2925822.1 86.03517829160798 75.76461699572542 145.3817617187499 0 0 0 0 0 0 0 
676 2925855.4 86.01679137964484 75.76461699572542 145.3817617187499 0 0 0 0 0 0 0 
677 2925888.8 86.01679137964484 75.79102785116827 145.3817617187499 0 0 0 0 0 0 0 
678 2925922.1 86.01679137964484 75.79102785116827 145.3817617187499 0 0 0 0 0 0 0 
679 2925955.4 86.01679137964484 75.79102785116827 145.3817617187499 0 0 0 0 0 0 0 
680 2925988.8 86.00521540446289 75.79102785116827 145.3817617187499 0 0 0 0 0 0 0 
681 2926022.1 86.00521540446289 75.81483111807276 145.3817617187499 0 0 0 0 0 0 0 
682 2926055.4 86.00521540446289 75.81483111807276 145.3817617187499 0 0 0 0 0 0 0 
683 2926088.8 86.00521540446289 75.81483111807276 145.3817617187499 0 0 0 0 0 0 0 
684 2926122.1 85.99834287320643 75.81483111807276 145.3817617187499 0 0 0 0 0 0 0 
685 2926155.5 85.99834287320643 75.84096099993029 145.3817617187499 0 0 0 0 0 0 0 
686 2926188.8 85.99834287320643 75.84096099993029 145.3817617187499 0 0 0 0 0 0 0 
687 2926222.1 85.99834287320643 75.84096099993029 145.3817617187499 0 0 0 0 0 0 0 
688 2926255.5 85.9972345685547 75.84096099993029 145.3817617187499 0 0 0 0 0 0 0 
689 2926288.8 85.9972345685547 75.86028509652878 145.3817617187499 0 0 0 0 0 0 0 
690 2926322.1 85.9972345685547 75.86028509652878 145.3817617187499 0 0 0 0 0 0 0 
691 2926355.5 85.9972345685547 75.86028509652878 145.3817617187499 0 0 0 0 0 0 0 
692 2926388.8 85.9988192302062 75.86028509652878 145.3817617187499 0 0 0 0 0 0 0 
693 2926422.1 85.9988192302062 75.87686994932525 145.3817617187499 0 0 0 0 0 0 0 
694 2926455.5 85.9988192302062 75.87686994932525 145.3817617187499 0 0 0 0 0 0 0 
695 2926488.8 85.9988192302062 75.87686994932525 145.3817617187499 0 0 0 0 0 0 0 
696 2926522.1 86.00796835911615 75.87686994932525 145.3817617187499 0 0 0 0 0 0 0 
697 2926555.5 86.00796835911615 75.89620076115736 145.3817617187499 0 0 0 0 0 0 0 
698 2926588.8 86.00796835911615 75.89620076115736 145.3817617187499 0 0 0 0 0 0 0 
699 2926622.2 86.00796835911615 75.89620076115736 145.3817617187499 0 0 0 0 0 0 0 
700 2926655.5 86.02457604434952 75.89620076115736 145.3817617187499 0 0 0 0 0 0 0 
701 2926688.8 86.02457604434952 75.91647692209183 145.3817617187499 0 0 0 0 0 0 0 
702 2926722.2 86.02457604434952 75.91647692209183 145.3817617187499 0 0 0 0 0 0 0 
703 2926755.5 86.02457604434952 75.91647692209183 145.3817617187499 0 0 0 0 0 0 0 
704 2926788.8 86.0306366084606 75.91647692209183 145.3817617187499 0 0 0 0 0 0 0 
705 2926822.2 86.0306366084606 75.9268698506125 145.3817617187499 0 0 0 0 0 0 0 
706 2926855.5 86.0306366084606 75.9268698506125 145.3817617187499 0 0 0 0 0 0 0 
707 2926888.8 86.03639988590382 75.9268698506125 145.3817617187499 0 0 0 0 0 0 0 
708 2926922.2 86.03639988590382 75.9329181136411 145.3817617187499 0 0 0 0 0 0 0 
709 2926955.5 86.03639988590382 75.9329181136411 145.3817617187499 0 0 0 0 0 0 0 
710 2926988.9 86.03639988590382 75.9329181136411 145.3817617187499 0 0 0 0 0 0 0 
711 2927022.2 86.06294505546064 75.9329181136411 145.3817617187499 0 0 0 0 0 0 0 
712 2927055.5 86.06294505546064 75.95958501028937 145.3817617187499 0 0 0 0 0 0 0 
713 2927088.9 86.06294505546064 75.95958501028937 145.3817617187499 0 0 0 0 0 0 0 
714 2927122.2 86.06294505546064 75.95958501028937 145.3817617187499 0 0 0 0 0 0 0 
715 2927155.5 86.08818300632679 75.95958501028937 145.3817617187499 0 0 0 0 0 0 0 
716 2927188.9 86.08818300632679 75.99887049711019 145.3817617187499 0 0 0 0 0 0 0 
717 2927222.2 86.08818300632679 75.99887049711019 145.3817617187499 0 0 0 0 0 0 0 
718 2927255.5 86.08818300632679 75.99887049711019 145.3817617187499 0 0 0 0 0 0 0 
719 2927288.9 86.0910041673176 75.99887049711019 145.3817617187499 0 0 0 0 0 0 0 
720 2927322.2 86.0910041673176 76.04367259437882 145.3817617187499 0 0 0 0 0 0 0 
721 2927355.5 86.0910041673176 76.04367259437882 145.3817617187499 0 0 0 0 0 0 0 
722 2927388.9 86.0910041673176 76.04367259437882 145.3817617187499 0 0 0 0 0 0 0 
723 2927422.2 86.07363631648387 76.04367259437882 145.3817617187499 0 0 0 0 0 0 0 
724 2927455.6 86.07363631648387 76.08521608714067 145.3817617187499 0 0 0 0 0 0 0 
725 2927488.9 86.07363631648387 76.08521608714067 145.3817617187499 0 0 0 0 0 0 0 
726 2927522.2 86.07363631648387 76.08521608714067 145.3817617187499 0 0 0 0 0 0 0 
727 2927555.6 86.03793403182156 76.08521608714067 145.3817617187499 0 0 0 0 0 0 0 
728 2927588.9 86.03793403182156 76.11973616021643 145.3817617187499 0 0 0 0 0 0 0 
729 2927622.2 86.03793403182156 76.11973616021643 145.3817617187499 0 0 0 0 0 0 0 
730 2927655.6 86.03793403182156 76.11973616021643 145.3817617187499 0 0 0 0 0 0 0 
731 2927688.9 86.00208098729559 76.11973616021643 145.3817617187499 0 0 0 0 0 0 0 
732 2927722.2 86.00208098729559 76.14046566479212 145.3817617187499 0 0 0 0 0 0 0 
733 2927755.6 86.00208098729559 76.14046566479212 145.3817617187499 0 0 0 0 0 0 0 
734 2927788.9 86.00208098729559 76.14046566479212 145.3817617187499 0 0 0 0 0 0 0 
735 2927822.3 85.96655945430497 76.14046566479212 145.3817617187499 0 0 0 0 0 0 0 
736 2927855.6 85.96655945430497 76.15538341897943 145.3817617187499 0 0 0 0 0 0 0 
737 2927888.9 85.96655945430497 76.15538341897943 145.3817617187499 0 0 0 0 0 0 0 
738 2927922.3 85.96655945430497 76.15538341897943 145.3817617187499 0 0 0 0 0 0 0 
739 2927955.6 85.93882525668565 76.15538341897943 145.3817617187499 0 0 0 0 0 0 0 
740 2927988.9 85.93882525668565 76.1572498392145 145.3817617187499 0 0 0 0 0 0 0 
741 2928022.3 85.93882525668565 76.1572498392145 145.3817617187499 0 0 0 0 0 0 0 
742 2928055.6 85.93882525668565 76.1572498392145 145.3817617187499 0 0 0 0 0 0 0 
743 2928088.9 85.93085980802664 76.1572498392145 145.3817617187499 0 0 0 0 0 0 0 
744 2928122.3 85.93085980802664 76.16555019597233 145.3817617187499 0 0 0 0 0 0 0 
745 2928155.6 85.93085980802664 76.16555019597233 145.3817617187499 0 0 0 0 0 0 0 
746 2928188.9 85.93085980802664 76.16555019597233 145.3817617187499 0 0 0 0 0 0 0 
747 2928222.3 85.9369906777628 76.16555019597233 145.3817617187499 0 0 0 0 0 0 0 
748 2928255.6 85.9369906777628 76.18892396176977 145.3817617187499 0 0 0 0 0 0 0 
749 2928289.0 85.9369906777628 76.18892396176977 145.3817617187499 0 0 0 0 0 0 0 
750 2928322.3 85.9369906777628 76.18892396176977 145.3817617187499 0 0 0 0 0 0 0 
751 2928355.6 85.94529845461027 76.18892396176977 145.3817617187499 0 0 0 0 0 0 0 
752 2928389.0 85.94529845461027 76.19592903266778 145.3817617187499 0 0 0 0 0 0 0 
753 2928422.3 85.94529845461027 76.19592903266778 145.3817617187499 0 0 0 0 0 0 0 
754 2928455.6 85.94529845461027 76.20221248038591 145.3817617187499 0 0 0 0 0 0 0 
755 2928489.0 85.94529845461027 76.20221248038591 145.3817617187499 0 0 0 0 0 0 0 
756 2928522.3 85.94529845461027 76.20221248038591 145.3817617187499 0 0 0 0 0 0 0 
757 2928555.6 85.94703548024444 76.20221248038591 145.3817617187499 0 0 0 0 0 0 0 
758 2928589.0 85.94703548024444 76.21776842240503 145.3817617187499 0 0 0 0 0 0 0 
759 2928622.3 85.94703548024444 76.21776842240503 145.3817617187499 0 0 0 0 0 0 0 
760 2928655.7 85.94703548024444 76.21776842240503 145.3817617187499 0 0 0 0 0 0 0 
761 2928689.0 85.94453566316899 76.21776842240503 145.3817617187499 0 0 0 0 0 0 0 
762 2928722.3 85.94453566316899 76.24919175137755 145.3817617187499 0 0 0 0 0 0 0 
763 2928755.7 85.94453566316899 76.24919175137755 145.3817617187499 0 0 0 0 0 0 0 
764 2928789.0 85.94453566316899 76.24919175137755 145.3817617187499 0 0 0 0 0 0 0 
765 2928822.3 85.93058444806027 76.24919175137755 145.3817617187499 0 0 0 0 0 0 0 
766 2928855.7 85.93058444806027 76.27248986035467 145.3817617187499 0 0 0 0 0 0 0 
767 2928889.0 85.93058444806027 76.27248986035467 145.3817617187499 0 0 0 0 0 0 0 
768 2928922.3 85.93058444806027 76.27248986035467 145.3817617187499 0 0 0 0 0 0 0 
769 2928955.7 85.90307168091473 76.27248986035467 145.3817617187499 0 0 0 0 0 0 0 
770 2928989.0 85.90307168091473 76.28957317109327 145.3817617187499 0 0 0 0 0 0 0 
771 2929022.3 85.90307168091473 76.28957317109327 145.3817617187499 0 0 0 0 0 0 0 
772 2929055.7 85.90307168091473 76.28957317109327 145.3817617187499 0 0 0 0 0 0 0 
773 2929089.0 85.87004261587407 76.28957317109327 145.3817617187499 0 0 0 0 0 0 0 
774 2929122.4 85.87004261587407 76.30825215111743 145.3817617187499 0 0 0 0 0 0 0 
775 2929155.7 85.87004261587407 76.30825215111743 145.3817617187499 0 0 0 0 0 0 0 
776 2929189.0 85.87004261587407 76.30825215111743 145.3817617187499 0 0 0 0 0 0 0 
777 2929222.4 85.86835991848076 76.30825215111743 145.3817617187499 0 0 0 0 0 0 0 
778 2929255.7 85.86835991848076 76.32053909923012 145.3817617187499 0 0 0 0 0 0 0 
779 2929289.0 85.86835991848076 76.32053909923012 145.3817617187499 0 0 0 0 0 0 0 
780 2929322.4 85.86835991848076 76.32053909923012 145.3817617187499 0 0 0 0 0 0 0 
781 2929355.7 85.86510418156564 76.32053909923012 145.3817617187499 0 0 0 0 0 0 0 
782 2929389.0 85.86510418156564 76.3527411491851 145.3817617187499 0 0 0 0 0 0 0 
783 2929422.4 85.86510418156564 76.3527411491851 145.3817617187499 0 0 0 0 0 0 0 
784 2929455.7 85.86510418156564 76.3527411491851 145.3817617187499 0 0 0 0 0 0 0 
785 2929489.1 85.86913105057116 76.3527411491851 145.3817617187499 0 0 0 0 0 0 0 
786 2929522.4 85.86913105057116 76.38037949413288 145.3817617187499 0 0 0 0 0 0 0 
787 2929555.7 85.86913105057116 76.38037949413288 145.3817617187499 0 0 0 0 0 0 0 
788 2929589.1 85.86913105057116 76.38037949413288 145.3817617187499 0 0 0 0 0 0 0 
789 2929622.4 85.87932177320663 76.38037949413288 145.3817617187499 0 0 0 0 0 0 0 
790 2929655.7 85.87932177320663 76.39394577126015 145.3817617187499 0 0 0 0 0 0 0 
791 2929689.1 85.87932177320663 76.39394577126015 145.3817617187499 0 0 0 0 0 0 0 
792 2929722.4 85.87932177320663 76.39394577126015 145.3817617187499 0 0 0 0 0 0 0 
793 2929755.7 85.8927962816338 76.39394577126015 145.3817617187499 0 0 0 0 0 0 0 
794 2929789.1 85.8927962816338 76.39394577126015 145.3817617187499 0 0 0 0 0 0 0 
795 2929822.4 85.8927962816338 76.39394577126015 145.3817617187499 0 0 0 0 0 0 0 
796 2929855.7 85.90695181610403 76.39394577126015 145.3817617187499 0 0 0 0 0 0 0 
797 2929889.1 85.90695181610403 76.38612971553154 145.3817617187499 0 0 0 0 0 0 0 
798 2929922.4 85.90695181610403 76.38612971553154 145.3817617187499 0 0 0 0 0 0 0 
799 2929955.8 85.90695181610403 76.38612971553154 145.3817617187499 0 0 0 0 0 0 0 
800 2929989.1 85.91665324423059 76.38612971553154 145.3817617187499 0 0 0 0 0 0 0 
801 2930022.4 85.91665324423059 76.3611181155677 145.3817617187499 0 0 0 0 0 0 0 
802 2930055.8 85.91665324423059 76.3611181155677 145.3817617187499 0 0 0 0 0 0 0 
803 2930089.1 85.91665324423059 76.3611181155677 145.3817617187499 0 0 0 0 0 0 0 
804 2930122.4 85.91497819187659 76.3611181155677 145.3817617187499 0 0 0 0 0 0 0 
805 2930155.8 85.91497819187659 76.33365002387642 145.3817617187499 0 0 0 0 0 0 0 
806 2930189.1 85.91497819187659 76.33365002387642 145.3817617187499 0 0 0 0 0 0 0 
807 2930222.4 85.91497819187659 76.33365002387642 145.3817617187499 0 0 0 0 0 0 0 
808 2930255.8 85.92695122379754 76.33365002387642 145.3817617187499 0 0 0 0 0 0 0 
809 2930289.1 85.92695122379754 76.32082301454933 145.3817617187499 0 0 0 0 0 0 0 
810 2930322.5 85.92695122379754 76.32082301454933 145.3817617187499 0 0 0 0 0 0 0 
811 2930355.8 85.92695122379754 76.32082301454933 145.3817617187499 0 0 0 0 0 0 0 
812 2930389.1 85.94505902569475 76.32082301454933 145.3817617187499 0 0 0 0 0 0 0 
813 2930422.5 85.94505902569475 76.32082301454933 145.3817617187499 0 0 0 0 0 0 0 
814 2930455.8 85.94505902569475 76.32082301454933 145.3817617187499 0 0 0 0 0 0 0 
815 2930489.1 85.94505902569475 76.32082301454933 145.3817617187499 0 0 0 0 0 0 0 
816 2930522.5 85.96295513688574 76.32082301454933 145.3817617187499 0 0 0 0 0 0 0 
817 2930555.8 85.96295513688574 76.34819031254978 145.3817617187499 0 0 0 0 0 0 0 
818 2930589.1 85.96295513688574 76.34819031254978 145.3817617187499 0 0 0 0 0 0 0 
819 2930622.5 85.96295513688574 76.34819031254978 145.3817617187499 0 0 0 0 0 0 0 
820 2930655.8 85.99466415867542 76.34819031254978 145.3817617187499 0 0 0 0 0 0 0 
821 2930689.1 85.99466415867542 76.40028439930101 145.3817617187499 0 0 0 0 0 0 0 
822 2930722.5 85.99466415867542 76.40028439930101 145.3817617187499 0 0 0 0 0 0 0 
823 2930755.8 85.99466415867542 76.40028439930101 145.3817617187499 0 0 0 0 0 0 0 
824 2930789.2 86.05505158221236 76.40028439930101 145.3817617187499 0 0 0 0 0 0 0 
825 2930822.5 86.05505158221236 76.43395214683584 145.3817617187499 0 0 0 0 0 0 0 
826 2930855.8 86.05505158221236 76.43395214683584 145.3817617187499 0 0 0 0 0 0 0 
827 2930889.2 86.05505158221236 76.43395214683584 145.3817617187499 0 0 0 0 0 0 0 
828 2930922.5 86.05505158221236 76.43395214683584 145.3817617187499 0 0 0 0 0 0 0 
829 2930955.8 86.04730560273573 76.43395214683584 145.3817617187499 0 0 0 0 0 0 0 
830 2930989.2 86.04730560273573 76.43294182276777 145.3817617187499 0 0 0 0 0 0 0 
831 2931022.5 86.04730560273573 76.43294182276777 145.3817617187499 0 0 0 0 0 0 0 
832 2931055.8 86.01055670336034 76.43294182276777 145.3817617187499 0 0 0 0 0 0 0 
833 2931089.2 86.01055670336034 76.38712477000827 145.3817617187499 0 0 0 0 0 0 0 
834 2931122.5 86.01055670336034 76.38712477000827 145.3817617187499 0 0 0 0 0 0 0 
835 2931155.9 86.01055670336034 76.38712477000827 145.3817617187499 0 0 0 0 0 0 0 
836 2931189.2 85.9834352104114 76.38712477000827 145.3817617187499 0 0 0 0 0 0 0 
837 2931222.5 85.9834352104114 76.33098536010992 145.3817617187499 0 0 0 0 0 0 0 
838 2931255.9 85.9834352104114 76.33098536010992 145.3817617187499 0 0 0 0 0 0 0 
839 2931289.2 85.9834352104114 76.33098536010992 145.3817617187499 0 0 0 0 0 0 0 
840 2931322.5 85.9834352104114 76.33098536010992 145.3817617187499 0 0 0 0 0 0 0 
841 2931355.9 85.98586070231457 76.33098536010992 145.3817617187499 0 0 0 0 0 0 0 
842 2931389.2 85.98586070231457 76.28234513561527 145.3817617187499 0 0 0 0 0 0 0 
843 2931422.5 85.98586070231457 76.28234513561527 145.3817617187499 0 0 0 0 0 0 0 
844 2931455.9 85.98586070231457 76.28234513561527 145.3817617187499 0 0 0 0 0 0 0 
845 2931489.2 85.99536090569063 76.28234513561527 145.3817617187499 0 0 0 0 0 0 0 
846 2931522.5 85.99536090569063 76.2382113788926 145.3817617187499 0 0 0 0 0 0 0 
847 2931555.9 85.99536090569063 76.2382113788926 145.3817617187499 0 0 0 0 0 0 0 
848 2931589.2 85.99536090569063 76.2382113788926 145.3817617187499 0 0 0 0 0 0 0 
849 2931622.6 85.99300790370965 76.2382113788926 145.3817617187499 0 0 0 0 0 0 0 
850 2931655.9 85.99300790370965 76.19399617645315 145.3817617187499 0 0 0 0 0 0 0 
851 2931689.2 85.99300790370965 76.19399617645315 145.3817617187499 0 0 0 0 0 0 0 
852 2931722.6 85.99300790370965 76.19399617645315 145.3817617187499 0 0 0 0 0 0 0 
853 2931755.9 85.9732546439725 76.19399617645315 145.3817617187499 0 0 0 0 0 0 0 
854 2931789.2 85.9732546439725 76.1576233928557 145.3817617187499 0 0 0 0 0 0 0 
855 2931822.6 85.9732546439725 76.1576233928557 145.3817617187499 0 0 0 0 0 0 0 
856 2931855.9 85.9732546439725 76.1576233928557 145.3817617187499 0 0 0 0 0 0 0 
857 2931889.2 85.94412973515013 76.1576233928557 145.3817617187499 0 0 0 0 0 0 0 
858 2931922.6 85.94412973515013 76.13572898194631 145.3817617187499 0 0 0 0 0 0 0 
859 2931955.9 85.94412973515013 76.13572898194631 145.3817617187499 0 0 0 0 0 0 0 
860 2931989.3 85.94412973515013 76.13572898194631 145.3817617187499 0 0 0 0 0 0 0 
861 2932022.6 85.9111379951305 76.13572898194631 145.3817617187499 0 0 0 0 0 0 0 
862 2932055.9 85.9111379951305 76.12487971000768 145.3817617187499 0 0 0 0 0 0 0 
863 2932089.3 85.9111379951305 76.12487971000768 145.3817617187499 0 0 0 0 0 0 0 
864 2932122.6 85.9111379951305 76.12487971000768 145.3817617187499 0 0 0 0 0 0 0 
865 2932155.9 85.87219366543427 76.12487971000768 145.3817617187499 0 0 0 0 0 0 0 
866 2932189.3 85.87219366543427 76.12283436282947 145.3817617187499 0 0 0 0 0 0 0 
867 2932222.6 85.87219366543427 76.12283436282947 145.3817617187499 0 0 0 0 0 0 0 
868 2932255.9 85.87219366543427 76.12283436282947 145.3817617187499 0 0 0 0 0 0 0 
869 2932289.3 85.83213385726731 76.12283436282947 145.3817617187499 0 0 0 0 0 0 0 
870 2932322.6 85.83213385726731 76.12802659476571 145.3817617187499 0 0 0 0 0 0 0 
871 2932355.9 85.83213385726731 76.12802659476571 145.3817617187499 0 0 0 0 0 0 0 
872 2932389.3 85.83213385726731 76.12802659476571 145.3817617187499 0 0 0 0 0 0 0 
873 2932422.6 85.80355619290957 76.12802659476571 145.3817617187499 0 0 0 0 0 0 0 
874 2932456.0 85.80355619290957 76.1450898010985 145.3817617187499 0 0 0 0 0 0 0 
875 2932489.3 85.80355619290957 76.1450898010985 145.3817617187499 0 0 0 0 0 0 0 
876 2932522.6 85.80355619290957 76.1450898010985 145.3817617187499 0 0 0 0 0 0 0 
877 2932556.0 85.77695379388872 76.1450898010985 145.3817617187499 0 0 0 0 0 0 0 
878 2932589.3 85.77695379388872 76.16776840320487 145.3817617187499 0 0 0 0 0 0 0 
879 2932622.6 85.77695379388872 76.16776840320487 145.3817617187499 0 0 0 0 0 0 0 
880 2932656.0 85.77695379388872 76.16776840320487 145.3817617187499 0 0 0 0 0 0 0 
881 2932689.3 85.75966835561475 76.16776840320487 145.3817617187499 0 0 0 0 0 0 0 
882 2932722.6 85.75966835561475 76.19057453375285 145.3817617187499 0 0 0 0 0 0 0 
883 2932756.0 85.75966835561475 76.19057453375285 145.3817617187499 0 0 0 0 0 0 0 
884 2932789.3 85.75966835561475 76.19057453375285 145.3817617187499 0 0 0 0 0 0 0 
885 2932822.7 85.75482030786459 76.19057453375285 145.3817617187499 0 0 0 0 0 0 0 
886 2932856.0 85.75482030786459 76.19413651714423 145.3817617187499 0 0 0 0 0 0 0 
887 2932889.3 85.75482030786459 76.19413651714423 145.3817617187499 0 0 0 0 0 0 0 
888 2932922.7 85.75843119669082 76.19413651714423 145.3817617187499 0 0 0 0 0 0 0 
889 2932956.0 85.75843119669082 76.17649885519211 145.3817617187499 0 0 0 0 0 0 0 
890 2932989.3 85.75843119669082 76.17649885519211 145.3817617187499 0 0 0 0 0 0 0 
891 2933022.7 85.75843119669082 76.17649885519211 145.3817617187499 0 0 0 0 0 0 0 
892 2933056.0 85.76619409717058 76.17649885519211 145.3817617187499 0 0 0 0 0 0 0 
893 2933089.3 85.76619409717058 76.14275659792546 145.3817617187499 0 0 0 0 0 0 0 
894 2933122.7 85.76619409717058 76.14275659792546 145.3817617187499 0 0 0 0 0 0 0 
895 2933156.0 85.76619409717058 76.14275659792546 145.3817617187499 0 0 0 0 0 0 0 
896 2933189.3 85.7689926198956 76.14275659792546 145.3817617187499 0 0 0 0 0 0 0 
897 2933222.7 85.7689926198956 76.11556978131348 145.3817617187499 0 0 0 0 0 0 0 
898 2933256.0 85.7689926198956 76.11556978131348 145.3817617187499 0 0 0 0 0 0 0 
899 2933289.4 85.7689926198956 76.11556978131348 145.3817617187499 0 0 0 0 0 0 0 
900 2933322.7 85.76089609808852 76.11556978131348 145.3817617187499 0 0 0 0 0 0 0 
901 2933356.0 85.76089609808852 76.09415424552786 145.3817617187499 0 0 0 0 0 0 0 
902 2933389.4 85.76089609808852 76.09415424552786 145.3817617187499 0 0 0 0 0 0 0 
903 2933422.7 85.76089609808852 76.09415424552786 145.3817617187499 0 0 0 0 0 0 0 
904 2933456.0 85.7411109692936 76.09415424552786 145.3817617187499 0 0 0 0 0 0 0 
905 2933489.4 85.7411109692936 76.08244494261672 145.3817617187499 0 0 0 0 0 0 0 
906 2933522.7 85.7411109692936 76.08244494261672 145.3817617187499 0 0 0 0 0 0 0 
907 2933556.0 85.7411109692936 76.08244494261672 145.3817617187499 0 0 0 0 0 0 0 
908 2933589.4 85.71812267207036 76.08244494261672 145.3817617187499 0 0 0 0 0 0 0 
909 2933622.7 85.71812267207036 76.074587365343 145.3817617187499 0 0 0 0 0 0 0 
910 2933656.1 85.71812267207036 76.074587365343 145.3817617187499 0 0 0 0 0 0 0 
911 2933689.4 85.71812267207036 76.074587365343 145.3817617187499 0 0 0 0 0 0 0 
912 2933722.7 85.69741930465179 76.074587365343 145.3817617187499 0 0 0 0 0 0 0 
913 2933756.1 85.69741930465179 76.0690508914588 145.3817617187499 0 0 0 0 0 0 0 
914 2933789.4 85.69741930465179 76.0690508914588 145.3817617187499 0 0 0 0 0 0 0 
915 2933822.7 85.69741930465179 76.0690508914588 145.3817617187499 0 0 0 0 0 0 0 
916 2933856.1 85.68639851936028 76.0690508914588 145.3817617187499 0 0 0 0 0 0 0 
917 2933889.4 85.68639851936028 76.06447768425201 145.3817617187499 0 0 0 0 0 0 0 
918 2933922.7 85.68639851936028 76.06447768425201 145.3817617187499 0 0 0 0 0 0 0 
919 2933956.1 85.6769251677981 76.06447768425201 145.3817617187499 0 0 0 0 0 0 0 
920 2933989.4 85.6769251677981 76.06447768425201 145.3817617187499 0 0 0 0 0 0 0 
921 2934022.7 85.6769251677981 76.06447768425201 145.3817617187499 0 0 0 0 0 0 0 
922 2934056.1 85.6649960753772 76.06447768425201 145.3817617187499 0 0 0 0 0 0 0 
923 2934089.4 85.6649960753772 76.06014459819131 145.3817617187499 0 0 0 0 0 0 0 
924 2934122.8 85.6649960753772 76.06014459819131 145.3817617187499 0 0 0 0 0 0 0 
925 2934156.1 85.6649960753772 76.06014459819131 145.3817617187499 0 0 0 0 0 0 0 
926 2934189.4 85.6544103066731 76.06014459819131 145.3817617187499 0 0 0 0 0 0 0 
927 2934222.8 85.6544103066731 76.05619259025312 145.3817617187499 0 0 0 0 0 0 0 
928 2934256.1 85.6544103066731 76.05619259025312 145.3817617187499 0 0 0 0 0 0 0 
929 2934289.4 85.6544103066731 76.05619259025312 145.3817617187499 0 0 0 0 0 0 0 
930 2934322.8 85.63874983486116 76.05619259025312 145.3817617187499 0 0 0 0 0 0 0 
931 2934356.1 85.63874983486116 76.05619259025312 145.3817617187499 0 0 0 0 0 0 0 
932 2934389.4 85.63874983486116 76.05619259025312 145.3817617187499 0 0 0 0 0 0 0 
933 2934422.8 85.63874983486116 76.05619259025312 145.3817617187499 0 0 0 0 0 0 0 
934 2934456.1 85.61798241299704 76.05619259025312 145.3817617187499 0 0 0 0 0 0 0 
935 2934489.5 85.61798241299704 76.06060919765666 145.3817617187499 0 0 0 0 0 0 0 
936 2934522.8 85.61798241299704 76.06060919765666 145.3817617187499 0 0 0 0 0 0 0 
937 2934556.1 85.61798241299704 76.06060919765666 145.3817617187499 0 0 0 0 0 0 0 
938 2934589.5 85.60652690776757 76.06060919765666 145.3817617187499 0 0 0 0 0 0 0 
939 2934622.8 85.60652690776757 76.06060919765666 145.3817617187499 0 0 0 0 0 0 0 
940 2934656.1 85.60652690776757 76.06060919765666 145.3817617187499 0 0 0 0 0 0 0 
941 2934689.5 85.60371865891058 76.06060919765666 145.3817617187499 0 0 0 0 0 0 0 
942 2934722.8 85.60371865891058 76.05668526359177 145.3817617187499 0 0 0 0 0 0 0 
943 2934756.1 85.60371865891058 76.05668526359177 145.3817617187499 0 0 0 0 0 0 0 
944 2934789.5 85.59904705525406 76.05668526359177 145.3817617187499 0 0 0 0 0 0 0 
945 2934822.8 85.59904705525406 76.05145339147747 145.3817617187499 0 0 0 0 0 0 0 
946 2934856.1 85.59904705525406 76.05145339147747 145.3817617187499 0 0 0 0 0 0 0 
947 2934889.5 85.59904705525406 76.05145339147747 145.3817617187499 0 0 0 0 0 0 0 
948 2934922.8 85.58790823605037 76.05145339147747 145.3817617187499 0 0 0 0 0 0 0 
949 2934956.2 85.58790823605037 76.04549502726279 145.3817617187499 0 0 0 0 0 0 0 
950 2934989.5 85.58790823605037 76.04549502726279 145.3817617187499 0 0 0 0 0 0 0 
951 2935022.8 85.58790823605037 76.04549502726279 145.3817617187499 0 0 0 0 0 0 0 
952 2935056.2 85.57915924987023 76.04549502726279 145.3817617187499 0 0 0 0 0 0 0 
953 2935089.5 85.57915924987023 76.03037660693187 145.3817617187499 0 0 0 0 0 0 0 
954 2935122.8 85.57915924987023 76.03037660693187 145.3817617187499 0 0 0 0 0 0 0 
955 2935156.2 85.57915924987023 76.03037660693187 145.3817617187499 0 0 0 0 0 0 0 
956 2935189.5 85.57340483005954 76.03037660693187 145.3817617187499 0 0 0 0 0 0 0 
957 2935222.8 85.57340483005954 76.00133188063285 145.3817617187499 0 0 0 0 0 0 0 
958 2935256.2 85.57340483005954 76.00133188063285 145.3817617187499 0 0 0 0 0 0 0 
959 2935289.5 85.57340483005954 76.00133188063285 145.3817617187499 0 0 0 0 0 0 0 
960 2935322.9 85.57465665720149 76.00133188063285 145.3817617187499 0 0 0 0 0 0 0 
961 2935356.2 85.57465665720149 75.97483649957219 145.3817617187499 0 0 0 0 0 0 0 
962 2935389.5 85.57465665720149 75.97483649957219 145.3817617187499 0 0 0 0 0 0 0 
963 2935422.9 85.57465665720149 75.97483649957219 145.3817617187499 0 0 0 0 0 0 0 
964 2935456.2 85.58381811904474 75.97483649957219 145.3817617187499 0 0 0 0 0 0 0 
965 2935489.5 85.58381811904474 75.94448930418382 145.3817617187499 0 0 0 0 0 0 0 
966 2935522.9 85.58381811904474 75.94448930418382 145.3817617187499 0 0 0 0 0 0 0 
967 2935556.2 85.58381811904474 75.94448930418382 145.3817617187499 0 0 0 0 0 0 0 
968 2935589.5 85.59198298211616 75.94448930418382 145.3817617187499 0 0 0 0 0 0 0 
969 2935622.9 85.59198298211616 75.92722734660299 145.3817617187499 0 0 0 0 0 0 0 
970 2935656.2 85.59198298211616 75.92722734660299 145.3817617187499 0 0 0 0 0 0 0 
971 2935689.5 85.59198298211616 75.92722734660299 145.3817617187499 0 0 0 0 0 0 0 
972 2935722.9 85.6046677204995 75.92722734660299 145.3817617187499 0 0 0 0 0 0 0 
973 2935756.2 85.6046677204995 75.90895660472684 145.3817617187499 0 0 0 0 0 0 0 
974 2935789.6 85.6046677204995 75.90895660472684 145.3817617187499 0 0 0 0 0 0 0 
975 2935822.9 85.6046677204995 75.90895660472684 145.3817617187499 0 0 0 0 0 0 0 
976 2935856.2 85.61592631767336 75.90895660472684 145.3817617187499 0 0 0 0 0 0 0 
977 2935889.6 85.61592631767336 75.89021614567368 145.3817617187499 0 0 0 0 0 0 0 
978 2935922.9 85.61592631767336 75.89021614567368 145.3817617187499 0 0 0 0 0 0 0 
979 2935956.2 85.61592631767336 75.89021614567368 145.3817617187499 0 0 0 0 0 0 0 
980 2935989.6 85.62530828999908 75.89021614567368 145.3817617187499 0 0 0 0 0 0 0 
981 2936022.9 85.62530828999908 75.87524175066628 145.3817617187499 0 0 0 0 0 0 0 
982 2936056.2 85.62530828999908 75.87524175066628 145.3817617187499 0 0 0 0 0 0 0 
983 2936089.6 85.62530828999908 75.87524175066628 145.3817617187499 0 0 0 0 0 0 0 
984 2936122.9 85.63339757795153 75.87524175066628 145.3817617187499 0 0 0 0 0 0 0 
985 2936156.3 85.63339757795153 75.85974931085968 145.3817617187499 0 0 0 0 0 0 0 
986 2936189.6 85.63339757795153 75.85974931085968 145.3817617187499 0 0 0 0 0 0 0 
987 2936222.9 85.63339757795153 75.85974931085968 145.3817617187499 0 0 0 0 0 0 0 
988 2936256.3 85.63339757795153 75.85974931085968 145.3817617187499 0 0 0 0 0 0 0 
989 2936289.6 85.64768855115676 75.84077314213123 145.3817617187499 0 0 0 0 0 0 0 
990 2936322.9 85.64768855115676 75.84077314213123 145.3817617187499 0 0 0 0 0 0 0 
991 2936356.3 85.64768855115676 75.84077314213123 145.3817617187499 0 0 0 0 0 0 0 
992 2936389.6 85.65223795200792 75.84077314213123 145.3817617187499 0 0 0 0 0 0 0 
993 2936422.9 85.65223795200792 75.8164705358771 145.3817617187499 0 0 0 0 0 0 0 
994 2936456.3 85.65223795200792 75.8164705358771 145.3817617187499 0 0 0 0 0 0 0 
995 2936489.6 85.65223795200792 75.8164705358771 145.3817617187499 0 0 0 0 0 0 0 
996 2936522.9 85.65223795200792 75.80156854592825 145.3817617187499 0 0 0 0 0 0 0 
997 2936556.3 85.65223795200792 75.80156854592825 145.3817617187499 0 0 0 0 0 0 0 
998 2936589.6 85.65223795200792 75.80156854592825 145.3817617187499 0 0 0 0 0 0 0 
999 2936623.0 85.65223795200792 75.78964214047491 145.3817617187499 0 0 0 0 0 0 0 
1000 2936656.3 85.65223795200792 75.78964214047491 145.3817617187499 0 0 0 0 0 0 0 
1001 2936689.6 85.65223795200792 75.78964214047491 145.3817617187499 0 0 0 0 0 0 0 
1002 2936723.0 85.64858431831006 75.78964214047491 145.3817617187499 0 0 0 0 0 0 0 
1003 2936756.3 85.64858431831006 75.77748840510539 145.3817617187499 0 0 0 0 0 0 0 
1004 2936789.6 85.64858431831006 75.77748840510539 145.3817617187499 0 0 0 0 0 0 0 
1005 2936823.0 85.64858431831006 75.77748840510539 145.3817617187499 0 0 0 0 0 0 0 
1006 2936856.3 85.63504113384118 75.77748840510539 145.3817617187499 0 0 0 0 0 0 0 
1007 2936889.6 85.63504113384118 75.76391096532198 145.3817617187499 0 0 0 0 0 0 0 
1008 2936923.0 85.63504113384118 75.76391096532198 145.3817617187499 0 0 0 0 0 0 0 
1009 2936956.3 85.63504113384118 75.76391096532198 145.3817617187499 0 0 0 0 0 0 0 
1010 2936989.7 85.6163787556219 75.76391096532198 145.3817617187499 0 0 0 0 0 0 0 
1011 2937023.0 85.6163787556219 75.7520114079145 145.3817617187499 0 0 0 0 0 0 0 
1012 2937056.3 85.6163787556219 75.7520114079145 145.3817617187499 0 0 0 0 0 0 0 
1013 2937089.7 85.6163787556219 75.7520114079145 145.3817617187499 0 0 0 0 0 0 0 
1014 2937123.0 85.59297793010198 75.7520114079145 145.3817617187499 0 0 0 0 0 0 0 
1015 2937156.3 85.59297793010198 75.74925281952726 145.3817617187499 0 0 0 0 0 0 0 
1016 2937189.7 85.59297793010198 75.74925281952726 145.3817617187499 0 0 0 0 0 0 0 
1017 2937223.0 85.59297793010198 75.74925281952726 145.3817617187499 0 0 0 0 0 0 0 
1018 2937256.3 85.5576995727675 75.74925281952726 145.3817617187499 0 0 0 0 0 0 0 
1019 2937289.7 85.5576995727675 75.74925281952726 145.3817617187499 0 0 0 0 0 0 0 
1020 2937323.0 85.5576995727675 75.74925281952726 145.3817617187499 0 0 0 0 0 0 0 
1021 2937356.3 85.5576995727675 75.74925281952726 145.3817617187499 0 0 0 0 0 0 0 
1022 2937389.7 85.5285563873003 75.74925281952726 145.3817617187499 0 0 0 0 0 0 0 
1023 2937423.0 85.5285563873003 75.74728403827255 145.3817617187499 0 0 0 0 0 0 0 
1024 2937456.4 85.5285563873003 75.74728403827255 145.3817617187499 0 0 0 0 0 0 0 
1025 2937489.7 85.5285563873003 75.74728403827255 145.3817617187499 0 0 0 0 0 0 0 
1026 2937523.0 85.52107563861554 75.74728403827255 145.3817617187499 0 0 0 0 0 0 0 
1027 2937556.4 85.52107563861554 75.74728403827255 145.3817617187499 0 0 0 0 0 0 0 
1028 2937589.7 85.52107563861554 75.74728403827255 145.3817617187499 0 0 0 0 0 0 0 
1029 2937623.0 85.50793949810361 75.74728403827255 145.3817617187499 0 0 0 0 0 0 0 
1030 2937656.4 85.50793949810361 75.74941602396585 145.3817617187499 0 0 0 0 0 0 0 
1031 2937689.7 85.50793949810361 75.74941602396585 145.3817617187499 0 0 0 0 0 0 0 
1032 2937723.0 85.50793949810361 75.74941602396585 145.3817617187499 0 0 0 0 0 0 0 
1033 2937756.4 85.48531857646229 75.74941602396585 145.3817617187499 0 0 0 0 0 0 0 
1034 2937789.7 85.48531857646229 75.75771622216145 145.3817617187499 0 0 0 0 0 0 0 
1035 2937823.1 85.48531857646229 75.75771622216145 145.3817617187499 0 0 0 0 0 0 0 
1036 2937856.4 85.48531857646229 75.75771622216145 145.3817617187499 0 0 0 0 0 0 0 
1037 2937889.7 85.46020072061867 75.75771622216145 145.3817617187499 0 0 0 0 0 0 0 
1038 2937923.1 85.46020072061867 75.76009543237609 145.3817617187499 0 0 0 0 0 0 0 
1039 2937956.4 85.46020072061867 75.76009543237609 145.3817617187499 0 0 0 0 0 0 0 
1040 2937989.7 85.46020072061867 75.76009543237609 145.3817617187499 0 0 0 0 0 0 0 
1041 2938023.1 85.44163589874907 75.76009543237609 145.3817617187499 0 0 0 0 0 0 0 
1042 2938056.4 85.44163589874907 75.75630083070367 145.3817617187499 0 0 0 0 0 0 0 
1043 2938089.7 85.44163589874907 75.75630083070367 145.3817617187499 0 0 0 0 0 0 0 
1044 2938123.1 85.44163589874907 75.75630083070367 145.3817617187499 0 0 0 0 0 0 0 
1045 2938156.4 85.42916717048811 75.75630083070367 145.3817617187499 0 0 0 0 0 0 0 
1046 2938189.7 85.42916717048811 75.74571403173843 145.3817617187499 0 0 0 0 0 0 0 
1047 2938223.1 85.42916717048811 75.74571403173843 145.3817617187499 0 0 0 0 0 0 0 
1048 2938256.4 85.42916717048811 75.74571403173843 145.3817617187499 0 0 0 0 0 0 0 
1049 2938289.8 85.41891664053925 75.74571403173843 145.3817617187499 0 0 0 0 0 0 0 
1050 2938323.1 85.41891664053925 75.72982636888251 145.3817617187499 0 0 0 0 0 0 0 
1051 2938356.4 85.41891664053925 75.72982636888251 145.3817617187499 0 0 0 0 0 0 0 
1052 2938389.8 85.41891664053925 75.72982636888251 145.3817617187499 0 0 0 0 0 0 0 
1053 2938423.1 85.40972543129547 75.72982636888251 145.3817617187499 0 0 0 0 0 0 0 
1054 2938456.4 85.40972543129547 75.7058758509203 145.3817617187499 0 0 0 0 0 0 0 
1055 2938489.8 85.40972543129547 75.7058758509203 145.3817617187499 0 0 0 0 0 0 0 
1056 2938523.1 85.40972543129547 75.7058758509203 145.3817617187499 0 0 0 0 0 0 0 
1057 2938556.4 85.40738048367984 75.7058758509203 145.3817617187499 0 0 0 0 0 0 0 
1058 2938589.8 85.40738048367984 75.68793228602121 145.3817617187499 0 0 0 0 0 0 0 
1059 2938623.1 85.40738048367984 75.68793228602121 145.3817617187499 0 0 0 0 0 0 0 
1060 2938656.5 85.40738048367984 75.68793228602121 145.3817617187499 0 0 0 0 0 0 0 
1061 2938689.8 85.41067381454987 75.68793228602121 145.3817617187499 0 0 0 0 0 0 0 
1062 2938723.1 85.41067381454987 75.66183495811653 145.3817617187499 0 0 0 0 0 0 0 
1063 2938756.5 85.41067381454987 75.66183495811653 145.3817617187499 0 0 0 0 0 0 0 
1064 2938789.8 85.41067381454987 75.66183495811653 145.3817617187499 0 0 0 0 0 0 0 
1065 2938823.1 85.42934117587734 75.66183495811653 145.3817617187499 0 0 0 0 0 0 0 
1066 2938856.5 85.42934117587734 75.62983936311528 145.3817617187499 0 0 0 0 0 0 0 
1067 2938889.8 85.42934117587734 75.62983936311528 145.3817617187499 0 0 0 0 0 0 0 
1068 2938923.1 85.42934117587734 75.62983936311528 145.3817617187499 0 0 0 0 0 0 0 
1069 2938956.5 85.44961604469462 75.62983936311528 145.3817617187499 0 0 0 0 0 0 0 
1070 2938989.8 85.44961604469462 75.60190608808318 145.3817617187499 0 0 0 0 0 0 0 
1071 2939023.1 85.44961604469462 75.60190608808318 145.3817617187499 0 0 0 0 0 0 0 
1072 2939056.5 85.44961604469462 75.60190608808318 145.3817617187499 0 0 0 0 0 0 0 
1073 2939089.8 85.46035769824852 75.60190608808318 145.3817617187499 0 0 0 0 0 0 0 
1074 2939123.2 85.46035769824852 75.58367215752959 145.3817617187499 0 0 0 0 0 0 0 
1075 2939156.5 85.46035769824852 75.58367215752959 145.3817617187499 0 0 0 0 0 0 0 
1076 2939189.8 85.46035769824852 75.58367215752959 145.3817617187499 0 0 0 0 0 0 0 
1077 2939223.2 85.47092271261475 75.58367215752959 145.3817617187499 0 0 0 0 0 0 0 
1078 2939256.5 85.47092271261475 75.56263523367448 145.3817617187499 0 0 0 0 0 0 0 
1079 2939289.8 85.47092271261475 75.56263523367448 145.3817617187499 0 0 0 0 0 0 0 
1080 2939323.2 85.47092271261475 75.56263523367448 145.3817617187499 0 0 0 0 0 0 0 
1081 2939356.5 85.47759069468934 75.56263523367448 145.3817617187499 0 0 0 0 0 0 0 
1082 2939389.8 85.47759069468934 75.5430987127909 145.3817617187499 0 0 0 0 0 0 0 
1083 2939423.2 85.47759069468934 75.5430987127909 145.3817617187499 0 0 0 0 0 0 0 
1084 2939456.5 85.47759069468934 75.5430987127909 145.3817617187499 0 0 0 0 0 0 0 
1085 2939489.9 85.47759069468934 75.5214894850547 145.3817617187499 0 0 0 0 0 0 0 
1086 2939523.2 85.47759069468934 75.5214894850547 145.3817617187499 0 0 0 0 0 0 0 
1087 2939556.5 85.47759069468934 75.5214894850547 145.3817617187499 0 0 0 0 0 0 0 
1088 2939589.9 85.47759069468934 75.5214894850547 145.3817617187499 0 0 0 0 0 0 0 
1089 2939623.2 85.47587784833014 75.50722514909097 145.3817617187499 0 0 0 0 0 0 0 
1090 2939656.5 85.47587784833014 75.50722514909097 145.3817617187499 0 0 0 0 0 0 0 
1091 2939689.9 85.47587784833014 75.50722514909097 145.3817617187499 0 0 0 0 0 0 0 
1092 2939723.2 85.46855379437316 75.50722514909097 145.3817617187499 0 0 0 0 0 0 0 
1093 2939756.5 85.46855379437316 75.49375747299167 145.3817617187499 0 0 0 0 0 0 0 
1094 2939789.9 85.46855379437316 75.49375747299167 145.3817617187499 0 0 0 0 0 0 0 
1095 2939823.2 85.46855379437316 75.49375747299167 145.3817617187499 0 0 0 0 0 0 0 
1096 2939856.5 85.4541961907216 75.49375747299167 145.3817617187499 0 0 0 0 0 0 0 
1097 2939889.9 85.4541961907216 75.47584841540625 145.3817617187499 0 0 0 0 0 0 0 
1098 2939923.2 85.4541961907216 75.47584841540625 145.3817617187499 0 0 0 0 0 0 0 
1099 2939956.6 85.4541961907216 75.47584841540625 145.3817617187499 0 0 0 0 0 0 0 
1100 2939989.9 85.44176759198497 75.47584841540625 145.3817617187499 0 0 0 0 0 0 0 
1101 2940023.2 85.44176759198497 75.46602553150126 145.3817617187499 0 0 0 0 0 0 0 
1102 2940056.6 85.44176759198497 75.46602553150126 145.3817617187499 0 0 0 0 0 0 0 
1103 2940089.9 85.43141288264245 75.46602553150126 145.3817617187499 0 0 0 0 0 0 0 
1104 2940123.2 85.43141288264245 75.45752987422458 145.3817617187499 0 0 0 0 0 0 0 
1105 2940156.6 85.43141288264245 75.45752987422458 145.3817617187499 0 0 0 0 0 0 0 
1106 2940189.9 85.43141288264245 75.45752987422458 145.3817617187499 0 0 0 0 0 0 0 
1107 2940223.2 85.41610491965113 75.45752987422458 145.3817617187499 0 0 0 0 0 0 0 
1108 2940256.6 85.41610491965113 75.44704082330861 145.3817617187499 0 0 0 0 0 0 0 
1109 2940289.9 85.41610491965113 75.44704082330861 145.3817617187499 0 0 0 0 0 0 0 
1110 2940323.3 85.41610491965113 75.44704082330861 145.3817617187499 0 0 0 0 0 0 0 
1111 2940356.6 85.4112798364323 75.44704082330861 145.3817617187499 0 0 0 0 0 0 0 
1112 2940389.9 85.4112798364323 75.44027338930515 145.3817617187499 0 0 0 0 0 0 0 
1113 2940423.3 85.4112798364323 75.44027338930515 145.3817617187499 0 0 0 0 0 0 0 
1114 2940456.6 85.4052573916427 75.44027338930515 145.3817617187499 0 0 0 0 0 0 0 
1115 2940489.9 85.4052573916427 75.43148480216003 145.3817617187499 0 0 0 0 0 0 0 
1116 2940523.3 85.4052573916427 75.43148480216003 145.3817617187499 0 0 0 0 0 0 0 
1117 2940556.6 85.4052573916427 75.43148480216003 145.3817617187499 0 0 0 0 0 0 0 
1118 2940589.9 85.39042317001183 75.43148480216003 145.3817617187499 0 0 0 0 0 0 0 
1119 2940623.3 85.39042317001183 75.42960049076905 145.3817617187499 0 0 0 0 0 0 0 
1120 2940656.6 85.39042317001183 75.42960049076905 145.3817617187499 0 0 0 0 0 0 0 
1121 2940689.9 85.39042317001183 75.42960049076905 145.3817617187499 0 0 0 0 0 0 0 
1122 2940723.3 85.37078582781682 75.42960049076905 145.3817617187499 0 0 0 0 0 0 0 
1123 2940756.6 85.37078582781682 75.43066953674204 145.3817617187499 0 0 0 0 0 0 0 
1124 2940790.0 85.37078582781682 75.43066953674204 145.3817617187499 0 0 0 0 0 0 0 
1125 2940823.3 85.37078582781682 75.43066953674204 145.3817617187499 0 0 0 0 0 0 0 
1126 2940856.6 85.34606366747144 75.43066953674204 145.3817617187499 0 0 0 0 0 0 0 
1127 2940890.0 85.34606366747144 75.43554061169453 145.3817617187499 0 0 0 0 0 0 0 
1128 2940923.3 85.34606366747144 75.43554061169453 145.3817617187499 0 0 0 0 0 0 0 
1129 2940956.6 85.34606366747144 75.43554061169453 145.3817617187499 0 0 0 0 0 0 0 
1130 2940990.0 85.33469327217954 75.43554061169453 145.3817617187499 0 0 0 0 0 0 0 
1131 2941023.3 85.33469327217954 75.43344488339338 145.3817617187499 0 0 0 0 0 0 0 
1132 2941056.6 85.33469327217954 75.43344488339338 145.3817617187499 0 0 0 0 0 0 0 
1133 2941090.0 85.33469327217954 75.43344488339338 145.3817617187499 0 0 0 0 0 0 0 
1134 2941123.3 85.32073947555588 75.43344488339338 145.3817617187499 0 0 0 0 0 0 0 
1135 2941156.7 85.32073947555588 75.42992786335385 145.3817617187499 0 0 0 0 0 0 0 
1136 2941190.0 85.32073947555588 75.42992786335385 145.3817617187499 0 0 0 0 0 0 0 
1137 2941223.3 85.32073947555588 75.42992786335385 145.3817617187499 0 0 0 0 0 0 0 
1138 2941256.7 85.30513450599533 75.42992786335385 145.3817617187499 0 0 0 0 0 0 0 
1139 2941290.0 85.30513450599533 75.42664536193611 145.3817617187499 0 0 0 0 0 0 0 
1140 2941323.3 85.30513450599533 75.42664536193611 145.3817617187499 0 0 0 0 0 0 0 
1141 2941356.7 85.30513450599533 75.42664536193611 145.3817617187499 0 0 0 0 0 0 0 
1142 2941390.0 85.28725969426067 75.42664536193611 145.3817617187499 0 0 0 0 0 0 0 
1143 2941423.3 85.28725969426067 75.41332182498759 145.3817617187499 0 0 0 0 0 0 0 
1144 2941456.7 85.28725969426067 75.41332182498759 145.3817617187499 0 0 0 0 0 0 0 
1145 2941490.0 85.28725969426067 75.41332182498759 145.3817617187499 0 0 0 0 0 0 0 
1146 2941523.3 85.27611814810282 75.41332182498759 145.3817617187499 0 0 0 0 0 0 0 
1147 2941556.7 85.27611814810282 75.39389521846212 145.3817617187499 0 0 0 0 0 0 0 
1148 2941590.0 85.27611814810282 75.39389521846212 145.3817617187499 0 0 0 0 0 0 0 
1149 2941623.4 85.27611814810282 75.39389521846212 145.3817617187499 0 0 0 0 0 0 0 
1150 2941656.7 85.27505750574579 75.39389521846212 145.3817617187499 0 0 0 0 0 0 0 
1151 2941690.0 85.27505750574579 75.37739811846765 145.3817617187499 0 0 0 0 0 0 0 
1152 2941723.4 85.27505750574579 75.37739811846765 145.3817617187499 0 0 0 0 0 0 0 
1153 2941756.7 85.27505750574579 75.37739811846765 145.3817617187499 0 0 0 0 0 0 0 
1154 2941790.0 85.28109048197877 75.37739811846765 145.3817617187499 0 0 0 0 0 0 0 
1155 2941823.4 85.28109048197877 75.35436011197207 145.3817617187499 0 0 0 0 0 0 0 
1156 2941856.7 85.28109048197877 75.35436011197207 145.3817617187499 0 0 0 0 0 0 0 
1157 2941890.0 85.28109048197877 75.35436011197207 145.3817617187499 0 0 0 0 0 0 0 
1158 2941923.4 85.29547783803797 75.35436011197207 145.3817617187499 0 0 0 0 0 0 0 
1159 2941956.7 85.29547783803797 75.33049032469692 145.3817617187499 0 0 0 0 0 0 0 
1160 2941990.1 85.29547783803797 75.33049032469692 145.3817617187499 0 0 0 0 0 0 0 
1161 2942023.4 85.29547783803797 75.33049032469692 145.3817617187499 0 0 0 0 0 0 0 
1162 2942056.7 85.30655572209096 75.33049032469692 145.3817617187499 0 0 0 0 0 0 0 
1163 2942090.1 85.30655572209096 75.31389417847029 145.3817617187499 0 0 0 0 0 0 0 
1164 2942123.4 85.30655572209096 75.31389417847029 145.3817617187499 0 0 0 0 0 0 0 
1165 2942156.7 85.30655572209096 75.31389417847029 145.3817617187499 0 0 0 0 0 0 0 
1166 2942190.1 85.31115878586036 75.31389417847029 145.3817617187499 0 0 0 0 0 0 0 
1167 2942223.4 85.31115878586036 75.3061824433342 145.3817617187499 0 0 0 0 0 0 0 
1168 2942256.7 85.31115878586036 75.3061824433342 145.3817617187499 0 0 0 0 0 0 0 
1169 2942290.1 85.31541169571635 75.3061824433342 145.3817617187499 0 0 0 0 0 0 0 
1170 2942323.4 85.31541169571635 75.29759668618786 145.3817617187499 0 0 0 0 0 0 0 
1171 2942356.7 85.31541169571635 75.29759668618786 145.3817617187499 0 0 0 0 0 0 0 
1172 2942390.1 85.31299207429545 75.29759668618786 145.3817617187499 0 0 0 0 0 0 0 
1173 2942423.4 85.31299207429545 75.29759668618786 145.3817617187499 0 0 0 0 0 0 0 
1174 2942456.8 85.31299207429545 75.29759668618786 145.3817617187499 0 0 0 0 0 0 0 
1175 2942490.1 85.30955041157758 75.29759668618786 145.3817617187499 0 0 0 0 0 0 0 
1176 2942523.4 85.30955041157758 75.30330677162546 145.3817617187499 0 0 0 0 0 0 0 
1177 2942556.8 85.30955041157758 75.30330677162546 145.3817617187499 0 0 0 0 0 0 0 
1178 2942590.1 85.30275363377666 75.30330677162546 145.3817617187499 0 0 0 0 0 0 0 
1179 2942623.4 85.30275363377666 75.32273462592146 145.3817617187499 0 0 0 0 0 0 0 
1180 2942656.8 85.30275363377666 75.32273462592146 145.3817617187499 0 0 0 0 0 0 0 
1181 2942690.1 85.30275363377666 75.32273462592146 145.3817617187499 0 0 0 0 0 0 0 
1182 2942723.4 85.29268899241995 75.32273462592146 145.3817617187499 0 0 0 0 0 0 0 
1183 2942756.8 85.29268899241995 75.34250080045513 145.3817617187499 0 0 0 0 0 0 0 
1184 2942790.1 85.29268899241995 75.34250080045513 145.3817617187499 0 0 0 0 0 0 0 
1185 2942823.5 85.29268899241995 75.34250080045513 145.3817617187499 0 0 0 0 0 0 0 
1186 2942856.8 85.28755899046581 75.34250080045513 145.3817617187499 0 0 0 0 0 0 0 
1187 2942890.1 85.28755899046581 75.36685837222497 145.3817617187499 0 0 0 0 0 0 0 
1188 2942923.5 85.28755899046581 75.36685837222497 145.3817617187499 0 0 0 0 0 0 0 
1189 2942956.8 85.28755899046581 75.36685837222497 145.3817617187499 0 0 0 0 0 0 0 
1190 2942990.1 85.2907635352949 75.36685837222497 145.3817617187499 0 0 0 0 0 0 0 
1191 2943023.5 85.2907635352949 75.39345089792916 145.3817617187499 0 0 0 0 0 0 0 
1192 2943056.8 85.2907635352949 75.39345089792916 145.3817617187499 0 0 0 0 0 0 0 
1193 2943090.1 85.2907635352949 75.39345089792916 145.3817617187499 0 0 0 0 0 0 0 
1194 2943123.5 85.30330955208322 75.39345089792916 145.3817617187499 0 0 0 0 0 0 0 
1195 2943156.8 85.30330955208322 75.41896965964658 145.3817617187499 0 0 0 0 0 0 0 
1196 2943190.1 85.30330955208322 75.41896965964658 145.3817617187499 0 0 0 0 0 0 0 
1197 2943223.5 85.30330955208322 75.41896965964658 145.3817617187499 0 0 0 0 0 0 0 
1198 2943256.8 85.32749602715911 75.41896965964658 145.3817617187499 0 0 0 0 0 0 0 
1199 2943290.2 85.32749602715911 75.43923509073213 145.3817617187499 0 0 0 0 0 0 0 
1200 2943323.5 85.32749602715911 75.43923509073213 145.3817617187499 0 0 0 0 0 0 0 
1201 2943356.8 85.32749602715911 75.43923509073213 145.3817617187499 0 0 0 0 0 0 0 
1202 2943390.2 85.36661479519974 75.43923509073213 145.3817617187499 0 0 0 0 0 0 0 
1203 2943423.5 85.36661479519974 75.44709869218288 145.3817617187499 0 0 0 0 0 0 0 
1204 2943456.8 85.36661479519974 75.44709869218288 145.3817617187499 0 0 0 0 0 0 0 
1205 2943490.2 85.36661479519974 75.44709869218288 145.3817617187499 0 0 0 0 0 0 0 
1206 2943523.5 85.40667814305633 75.44709869218288 145.3817617187499 0 0 0 0 0 0 0 
1207 2943556.8 85.40667814305633 75.45594474314657 145.3817617187499 0 0 0 0 0 0 0 
1208 2943590.2 85.40667814305633 75.45594474314657 145.3817617187499 0 0 0 0 0 0 0 
1209 2943623.5 85.40667814305633 75.45594474314657 145.3817617187499 0 0 0 0 0 0 0 
1210 2943656.9 85.4439266264137 75.45594474314657 145.3817617187499 0 0 0 0 0 0 0 
1211 2943690.2 85.4439266264137 75.47158279529981 145.3817617187499 0 0 0 0 0 0 0 
1212 2943723.5 85.4439266264137 75.47158279529981 145.3817617187499 0 0 0 0 0 0 0 
1213 2943756.9 85.4439266264137 75.47158279529981 145.3817617187499 0 0 0 0 0 0 0 
1214 2943790.2 85.47033223333275 75.47158279529981 145.3817617187499 0 0 0 0 0 0 0 
1215 2943823.5 85.47033223333275 75.49289918754549 145.3817617187499 0 0 0 0 0 0 0 
1216 2943856.9 85.47033223333275 75.49289918754549 145.3817617187499 0 0 0 0 0 0 0 
1217 2943890.2 85.47033223333275 75.49289918754549 145.3817617187499 0 0 0 0 0 0 0 
1218 2943923.5 85.48709797358589 75.49289918754549 145.3817617187499 0 0 0 0 0 0 0 
1219 2943956.9 85.48709797358589 75.5185025635798 145.3817617187499 0 0 0 0 0 0 0 
1220 2943990.2 85.48709797358589 75.5185025635798 145.3817617187499 0 0 0 0 0 0 0 
1221 2944023.5 85.48709797358589 75.5185025635798 145.3817617187499 0 0 0 0 0 0 0 
1222 2944056.9 85.49643317956064 75.5185025635798 145.3817617187499 0 0 0 0 0 0 0 
1223 2944090.2 85.49643317956064 75.53943313986781 145.3817617187499 0 0 0 0 0 0 0 
1224 2944123.6 85.49643317956064 75.53943313986781 145.3817617187499 0 0 0 0 0 0 0 
1225 2944156.9 85.49643317956064 75.53943313986781 145.3817617187499 0 0 0 0 0 0 0 
1226 2944190.2 85.50737094869872 75.53943313986781 145.3817617187499 0 0 0 0 0 0 0 
1227 2944223.6 85.50737094869872 75.5466392356986 145.3817617187499 0 0 0 0 0 0 0 
1228 2944256.9 85.50737094869872 75.5466392356986 145.3817617187499 0 0 0 0 0 0 0 
1229 2944290.2 85.50737094869872 75.5466392356986 145.3817617187499 0 0 0 0 0 0 0 
1230 2944323.6 85.50737094869872 75.5466392356986 145.3817617187499 0 0 0 0 0 0 0 
1231 2944356.9 85.5165433160825 75.54276237681668 145.3817617187499 0 0 0 0 0 0 0 
1232 2944390.2 85.5165433160825 75.54276237681668 145.3817617187499 0 0 0 0 0 0 0 
1233 2944423.6 85.5165433160825 75.54276237681668 145.3817617187499 0 0 0 0 0 0 0 
1234 2944456.9 85.5150153155909 75.54276237681668 145.3817617187499 0 0 0 0 0 0 0 
1235 2944490.3 85.5150153155909 75.54044164774946 145.3817617187499 0 0 0 0 0 0 0 
1236 2944523.6 85.5150153155909 75.54044164774946 145.3817617187499 0 0 0 0 0 0 0 
1237 2944556.9 85.49749326871358 75.54044164774946 145.3817617187499 0 0 0 0 0 0 0 
1238 2944590.3 85.49749326871358 75.55981701754159 145.3817617187499 0 0 0 0 0 0 0 
1239 2944623.6 85.49749326871358 75.55981701754159 145.3817617187499 0 0 0 0 0 0 0 
1240 2944656.9 85.49749326871358 75.55981701754159 145.3817617187499 0 0 0 0 0 0 0 
1241 2944690.3 85.4648755358808 75.55981701754159 145.3817617187499 0 0 0 0 0 0 0 
1242 2944723.6 85.4648755358808 75.59438443827112 145.3817617187499 0 0 0 0 0 0 0 
1243 2944756.9 85.4648755358808 75.59438443827112 145.3817617187499 0 0 0 0 0 0 0 
1244 2944790.3 85.4648755358808 75.59438443827112 145.3817617187499 0 0 0 0 0 0 0 
1245 2944823.6 85.440609920535 75.59438443827112 145.3817617187499 0 0 0 0 0 0 0 
1246 2944856.9 85.440609920535 75.62460482096483 145.3817617187499 0 0 0 0 0 0 0 
1247 2944890.3 85.440609920535 75.62460482096483 145.3817617187499 0 0 0 0 0 0 0 
1248 2944923.6 85.440609920535 75.62460482096483 145.3817617187499 0 0 0 0 0 0 0 
1249 2944957.0 85.42816354029306 75.62460482096483 145.3817617187499 0 0 0 0 0 0 0 
1250 2944990.3 85.42816354029306 75.6496287652089 145.3817617187499 0 0 0 0 0 0 0 
1251 2945023.6 85.42816354029306 75.6496287652089 145.3817617187499 0 0 0 0 0 0 0 
1252 2945057.0 85.42816354029306 75.6496287652089 145.3817617187499 0 0 0 0 0 0 0 
1253 2945090.3 85.42541314181173 75.6496287652089 145.3817617187499 0 0 0 0 0 0 0 
1254 2945123.6 85.42541314181173 75.67878392621738 145.3817617187499 0 0 0 0 0 0 0 
1255 2945157.0 85.42541314181173 75.67878392621738 145.3817617187499 0 0 0 0 0 0 0 
1256 2945190.3 85.42541314181173 75.67878392621738 145.3817617187499 0 0 0 0 0 0 0 
1257 2945223.6 85.42956845428266 75.67878392621738 145.3817617187499 0 0 0 0 0 0 0 
1258 2945257.0 85.42956845428266 75.70906768968464 145.3817617187499 0 0 0 0 0 0 0 
1259 2945290.3 85.42956845428266 75.70906768968464 145.3817617187499 0 0 0 0 0 0 0 
1260 2945323.7 85.42956845428266 75.70906768968464 145.3817617187499 0 0 0 0 0 0 0 
1261 2945357.0 85.44101820711882 75.70906768968464 145.3817617187499 0 0 0 0 0 0 0 
1262 2945390.3 85.44101820711882 75.73221018509373 145.3817617187499 0 0 0 0 0 0 0 
1263 2945423.7 85.44101820711882 75.73221018509373 145.3817617187499 0 0 0 0 0 0 0 
1264 2945457.0 85.44101820711882 75.73221018509373 145.3817617187499 0 0 0 0 0 0 0 
1265 2945490.3 85.45373826724311 75.73221018509373 145.3817617187499 0 0 0 0 0 0 0 
1266 2945523.7 85.45373826724311 75.7547037580021 145.3817617187499 0 0 0 0 0 0 0 
1267 2945557.0 85.45373826724311 75.7547037580021 145.3817617187499 0 0 0 0 0 0 0 
1268 2945590.3 85.45373826724311 75.7547037580021 145.3817617187499 0 0 0 0 0 0 0 
1269 2945623.7 85.47129102958219 75.7547037580021 145.3817617187499 0 0 0 0 0 0 0 
1270 2945657.0 85.47129102958219 75.77103409817416 145.3817617187499 0 0 0 0 0 0 0 
1271 2945690.3 85.47129102958219 75.77103409817416 145.3817617187499 0 0 0 0 0 0 0 
1272 2945723.7 85.47129102958219 75.77103409817416 145.3817617187499 0 0 0 0 0 0 0 
1273 2945757.0 85.48875147041261 75.77103409817416 145.3817617187499 0 0 0 0 0 0 0 
1274 2945790.4 85.48875147041261 75.77746881716247 145.3817617187499 0 0 0 0 0 0 0 
1275 2945823.7 85.48875147041261 75.77746881716247 145.3817617187499 0 0 0 0 0 0 0 
1276 2945857.0 85.48875147041261 75.77746881716247 145.3817617187499 0 0 0 0 0 0 0 
1277 2945890.4 85.48875147041261 75.77746881716247 145.3817617187499 0 0 0 0 0 0 0 
1278 2945923.7 85.49916028223399 75.78632645550272 145.3817617187499 0 0 0 0 0 0 0 
1279 2945957.0 85.49916028223399 75.78632645550272 145.3817617187499 0 0 0 0 0 0 0 
1280 2945990.4 85.49916028223399 75.78632645550272 145.3817617187499 0 0 0 0 0 0 0 
1281 2946023.7 85.5241250955029 75.78632645550272 145.3817617187499 0 0 0 0 0 0 0 
1282 2946057.0 85.5241250955029 75.78247979952921 145.3817617187499 0 0 0 0 0 0 0 
1283 2946090.4 85.5241250955029 75.78247979952921 145.3817617187499 0 0 0 0 0 0 0 
1284 2946123.7 85.5241250955029 75.78247979952921 145.3817617187499 0 0 0 0 0 0 0 
1285 2946157.1 85.55957867408206 75.78247979952921 145.3817617187499 0 0 0 0 0 0 0 
1286 2946190.4 85.55957867408206 75.76826594391558 145.3817617187499 0 0 0 0 0 0 0 
1287 2946223.7 85.55957867408206 75.76826594391558 145.3817617187499 0 0 0 0 0 0 0 
1288 2946257.1 85.55957867408206 75.76826594391558 145.3817617187499 0 0 0 0 0 0 0 
1289 2946290.4 85.59715942824549 75.76070599147258 145.3817617187499 0 0 0 0 0 0 0 
1290 2946323.7 85.59715942824549 75.76070599147258 145.3817617187499 0 0 0 0 0 0 0 
1291 2946357.1 85.59715942824549 75.76070599147258 145.3817617187499 0 0 0 0 0 0 0 
1292 2946390.4 85.59715942824549 75.76070599147258 145.3817617187499 0 0 0 0 0 0 0 
1293 2946423.7 85.62812435405844 75.76070599147258 145.3817617187499 0 0 0 0 0 0 0 
1294 2946457.1 85.62812435405844 75.76798674261927 145.3817617187499 0 0 0 0 0 0 0 
1295 2946490.4 85.62812435405844 75.76798674261927 145.3817617187499 0 0 0 0 0 0 0 
1296 2946523.7 85.62812435405844 75.76798674261927 145.3817617187499 0 0 0 0 0 0 0 
1297 2946557.1 85.65993953575685 75.76798674261927 145.3817617187499 0 0 0 0 0 0 0 
1298 2946590.4 85.65993953575685 75.78615767635063 145.3817617187499 0 0 0 0 0 0 0 
1299 2946623.8 85.65993953575685 75.78615767635063 145.3817617187499 0 0 0 0 0 0 0 
1300 2946657.1 85.65993953575685 75.78615767635063 145.3817617187499 0 0 0 0 0 0 0 
1301 2946690.4 85.68699825876766 75.78615767635063 145.3817617187499 0 0 0 0 0 0 0 
1302 2946723.8 85.68699825876766 75.81224442140709 145.3817617187499 0 0 0 0 0 0 0 
1303 2946757.1 85.68699825876766 75.81224442140709 145.3817617187499 0 0 0 0 0 0 0 
1304 2946790.4 85.68699825876766 75.81224442140709 145.3817617187499 0 0 0 0 0 0 0 
1305 2946823.8 85.69333513731536 75.81224442140709 145.3817617187499 0 0 0 0 0 0 0 
1306 2946857.1 85.69333513731536 75.83725136558478 145.3817617187499 0 0 0 0 0 0 0 
1307 2946890.4 85.69333513731536 75.83725136558478 145.3817617187499 0 0 0 0 0 0 0 
1308 2946923.8 85.69333513731536 75.83725136558478 145.3817617187499 0 0 0 0 0 0 0 
1309 2946957.1 85.70268520046282 75.83725136558478 145.3817617187499 0 0 0 0 0 0 0 
1310 2946990.5 85.70268520046282 75.85265931418822 145.3817617187499 0 0 0 0 0 0 0 
1311 2947023.8 85.70268520046282 75.85265931418822 145.3817617187499 0 0 0 0 0 0 0 
1312 2947057.1 85.70268520046282 75.85265931418822 145.3817617187499 0 0 0 0 0 0 0 
1313 2947090.5 85.7219564444482 75.85265931418822 145.3817617187499 0 0 0 0 0 0 0 
1314 2947123.8 85.7219564444482 75.85893418254857 145.3817617187499 0 0 0 0 0 0 0 
1315 2947157.1 85.7219564444482 75.85893418254857 145.3817617187499 0 0 0 0 0 0 0 
1316 2947190.5 85.7219564444482 75.85893418254857 145.3817617187499 0 0 0 0 0 0 0 
1317 2947223.8 85.74711766434429 75.85893418254857 145.3817617187499 0 0 0 0 0 0 0 
1318 2947257.1 85.74711766434429 75.86260516828321 145.3817617187499 0 0 0 0 0 0 0 
1319 2947290.5 85.74711766434429 75.86260516828321 145.3817617187499 0 0 0 0 0 0 0 
1320 2947323.8 85.74711766434429 75.86260516828321 145.3817617187499 0 0 0 0 0 0 0 
1321 2947357.1 85.77788634271705 75.86260516828321 145.3817617187499 0 0 0 0 0 0 0 
1322 2947390.5 85.77788634271705 75.8724844565572 145.3817617187499 0 0 0 0 0 0 0 
1323 2947423.8 85.77788634271705 75.8724844565572 145.3817617187499 0 0 0 0 0 0 0 
1324 2947457.2 85.77788634271705 75.8724844565572 145.3817617187499 0 0 0 0 0 0 0 
1325 2947490.5 85.80188548107554 75.8724844565572 145.3817617187499 0 0 0 0 0 0 0 
1326 2947523.8 85.80188548107554 75.85008023120395 145.3817617187499 0 0 0 0 0 0 0 
1327 2947557.2 85.80188548107554 75.85008023120395 145.3817617187499 0 0 0 0 0 0 0 
1328 2947590.5 85.80188548107554 75.85008023120395 145.3817617187499 0 0 0 0 0 0 0 
1329 2947623.8 85.80765481322025 75.85008023120395 145.3817617187499 0 0 0 0 0 0 0 
1330 2947657.2 85.80765481322025 75.80727544001837 145.3817617187499 0 0 0 0 0 0 0 
1331 2947690.5 85.80765481322025 75.80727544001837 145.3817617187499 0 0 0 0 0 0 0 
1332 2947723.8 85.80765481322025 75.80727544001837 145.3817617187499 0 0 0 0 0 0 0 
1333 2947757.2 85.79367559938089 75.80727544001837 145.3817617187499 0 0 0 0 0 0 0 
1334 2947790.5 85.79367559938089 75.78492929322749 145.3817617187499 0 0 0 0 0 0 0 
1335 2947823.9 85.79367559938089 75.78492929322749 145.3817617187499 0 0 0 0 0 0 0 
1336 2947857.2 85.79367559938089 75.78492929322749 145.3817617187499 0 0 0 0 0 0 0 
1337 2947890.5 85.7954165051369 75.78492929322749 145.3817617187499 0 0 0 0 0 0 0 
1338 2947923.9 85.7954165051369 75.77753092510116 145.3817617187499 0 0 0 0 0 0 0 
1339 2947957.2 85.7954165051369 75.77753092510116 145.3817617187499 0 0 0 0 0 0 0 
1340 2947990.5 85.7954165051369 75.77753092510116 145.3817617187499 0 0 0 0 0 0 0 
1341 2948023.9 85.80992182251234 75.77753092510116 145.3817617187499 0 0 0 0 0 0 0 
1342 2948057.2 85.80992182251234 75.78342520197397 145.3817617187499 0 0 0 0 0 0 0 
1343 2948090.5 85.80992182251234 75.78342520197397 145.3817617187499 0 0 0 0 0 0 0 
1344 2948123.9 85.80992182251234 75.78342520197397 145.3817617187499 0 0 0 0 0 0 0 
1345 2948157.2 85.81510781034456 75.78342520197397 145.3817617187499 0 0 0 0 0 0 0 
1346 2948190.5 85.81510781034456 75.8026004894335 145.3817617187499 0 0 0 0 0 0 0 
1347 2948223.9 85.81510781034456 75.8026004894335 145.3817617187499 0 0 0 0 0 0 0 
1348 2948257.2 85.81510781034456 75.8026004894335 145.3817617187499 0 0 0 0 0 0 0 
1349 2948290.6 85.82368003663832 75.8026004894335 145.3817617187499 0 0 0 0 0 0 0 
1350 2948323.9 85.82368003663832 75.82062087913151 145.3817617187499 0 0 0 0 0 0 0 
1351 2948357.2 85.82368003663832 75.82062087913151 145.3817617187499 0 0 0 0 0 0 0 
1352 2948390.6 85.82368003663832 75.82062087913151 145.3817617187499 0 0 0 0 0 0 0 
1353 2948423.9 85.84107706015077 75.82062087913151 145.3817617187499 0 0 0 0 0 0 0 
1354 2948457.2 85.84107706015077 75.84071102333027 145.3817617187499 0 0 0 0 0 0 0 
1355 2948490.6 85.84107706015077 75.84071102333027 145.3817617187499 0 0 0 0 0 0 0 
1356 2948523.9 85.84107706015077 75.84071102333027 145.3817617187499 0 0 0 0 0 0 0 
1357 2948557.2 85.8611280783997 75.84071102333027 145.3817617187499 0 0 0 0 0 0 0 
1358 2948590.6 85.8611280783997 75.8612319662127 145.3817617187499 0 0 0 0 0 0 0 
1359 2948623.9 85.8611280783997 75.8612319662127 145.3817617187499 0 0 0 0 0 0 0 
1360 2948657.3 85.8611280783997 75.8612319662127 145.3817617187499 0 0 0 0 0 0 0 
1361 2948690.6 85.86820416958273 75.8612319662127 145.3817617187499 0 0 0 0 0 0 0 
1362 2948723.9 85.86820416958273 75.87101369699108 145.3817617187499 0 0 0 0 0 0 0 
1363 2948757.3 85.86820416958273 75.87101369699108 145.3817617187499 0 0 0 0 0 0 0 
1364 2948790.6 85.86820416958273 75.87101369699108 145.3817617187499 0 0 0 0 0 0 0 
1365 2948823.9 85.87783406807024 75.87101369699108 145.3817617187499 0 0 0 0 0 0 0 
1366 2948857.3 85.87783406807024 75.88752111221524 145.3817617187499 0 0 0 0 0 0 0 
1367 2948890.6 85.87783406807024 75.88752111221524 145.3817617187499 0 0 0 0 0 0 0 
1368 2948923.9 85.87783406807024 75.88752111221524 145.3817617187499 0 0 0 0 0 0 0 
1369 2948957.3 85.88566334476327 75.88752111221524 145.3817617187499 0 0 0 0 0 0 0 
1370 2948990.6 85.88566334476327 75.90824059897346 145.3817617187499 0 0 0 0 0 0 0 
1371 2949023.9 85.88566334476327 75.90824059897346 145.3817617187499 0 0 0 0 0 0 0 
1372 2949057.3 85.88566334476327 75.90824059897346 145.3817617187499 0 0 0 0 0 0 0 
1373 2949090.6 85.8884375116399 75.90824059897346 145.3817617187499 0 0 0 0 0 0 0 
1374 2949124.0 85.8884375116399 75.9302455464978 145.3817617187499 0 0 0 0 0 0 0 
1375 2949157.3 85.8884375116399 75.9302455464978 145.3817617187499 0 0 0 0 0 0 0 
1376 2949190.6 85.8884375116399 75.9302455464978 145.3817617187499 0 0 0 0 0 0 0 
1377 2949224.0 85.8884375116399 75.9500584920556 145.3817617187499 0 0 0 0 0 0 0 
1378 2949257.3 85.8884375116399 75.9500584920556 145.3817617187499 0 0 0 0 0 0 0 
1379 2949290.6 85.8884375116399 75.9500584920556 145.3817617187499 0 0 0 0 0 0 0 
1380 2949324.0 85.88150293459832 75.9500584920556 145.3817617187499 0 0 0 0 0 0 0 
1381 2949357.3 85.88150293459832 75.96855047031939 145.3817617187499 0 0 0 0 0 0 0 
1382 2949390.6 85.88150293459832 75.96855047031939 145.3817617187499 0 0 0 0 0 0 0 
1383 2949424.0 85.88150293459832 75.96855047031939 145.3817617187499 0 0 0 0 0 0 0 
1384 2949457.3 85.86897748424853 75.96855047031939 145.3817617187499 0 0 0 0 0 0 0 
1385 2949490.7 85.86897748424853 75.99858432412498 145.3817617187499 0 0 0 0 0 0 0 
1386 2949524.0 85.86897748424853 75.99858432412498 145.3817617187499 0 0 0 0 0 0 0 
1387 2949557.3 85.86897748424853 75.99858432412498 145.3817617187499 0 0 0 0 0 0 0 
1388 2949590.7 85.86356713473928 75.99858432412498 145.3817617187499 0 0 0 0 0 0 0 
1389 2949624.0 85.86356713473928 76.02503493199833 145.3817617187499 0 0 0 0 0 0 0 
1390 2949657.3 85.86356713473928 76.02503493199833 145.3817617187499 0 0 0 0 0 0 0 
1391 2949690.7 85.86356713473928 76.02503493199833 145.3817617187499 0 0 0 0 0 0 0 
1392 2949724.0 85.8646843366732 76.02503493199833 145.3817617187499 0 0 0 0 0 0 0 
1393 2949757.3 85.8646843366732 76.04360352125582 145.3817617187499 0 0 0 0 0 0 0 
1394 2949790.7 85.8646843366732 76.04360352125582 145.3817617187499 0 0 0 0 0 0 0 
1395 2949824.0 85.8646843366732 76.04360352125582 145.3817617187499 0 0 0 0 0 0 0 
1396 2949857.3 85.87162485721628 76.04360352125582 145.3817617187499 0 0 0 0 0 0 0 
1397 2949890.7 85.87162485721628 76.06241071861992 145.3817617187499 0 0 0 0 0 0 0 
1398 2949924.0 85.87162485721628 76.06241071861992 145.3817617187499 0 0 0 0 0 0 0 
1399 2949957.4 85.87162485721628 76.06241071861992 145.3817617187499 0 0 0 0 0 0 0 
1400 2949990.7 85.88539954079874 76.06241071861992 145.3817617187499 0 0 0 0 0 0 0 
1401 2950024.0 85.88539954079874 76.08156758807071 145.3817617187499 0 0 0 0 0 0 0 
1402 2950057.4 85.88539954079874 76.08156758807071 145.3817617187499 0 0 0 0 0 0 0 
1403 2950090.7 85.88539954079874 76.08156758807071 145.3817617187499 0 0 0 0 0 0 0 
1404 2950124.0 85.90569637435786 76.08156758807071 145.3817617187499 0 0 0 0 0 0 0 
1405 2950157.4 85.90569637435786 76.10274307773508 145.3817617187499 0 0 0 0 0 0 0 
1406 2950190.7 85.90569637435786 76.10274307773508 145.3817617187499 0 0 0 0 0 0 0 
1407 2950224.0 85.90569637435786 76.10274307773508 145.3817617187499 0 0 0 0 0 0 0 
1408 2950257.4 85.93318599754826 76.10274307773508 145.3817617187499 0 0 0 0 0 0 0 
1409 2950290.7 85.93318599754826 76.12673405335119 145.3817617187499 0 0 0 0 0 0 0 
1410 2950324.1 85.93318599754826 76.12673405335119 145.3817617187499 0 0 0 0 0 0 0 
1411 2950357.4 85.93318599754826 76.12673405335119 145.3817617187499 0 0 0 0 0 0 0 
1412 2950390.7 85.96274249920788 76.12673405335119 145.3817617187499 0 0 0 0 0 0 0 
1413 2950424.1 85.96274249920788 76.15004042630025 145.3817617187499 0 0 0 0 0 0 0 
1414 2950457.4 85.96274249920788 76.15004042630025 145.3817617187499 0 0 0 0 0 0 0 
1415 2950490.7 85.96274249920788 76.15004042630025 145.3817617187499 0 0 0 0 0 0 0 
1416 2950524.1 85.99751961058477 76.15004042630025 145.3817617187499 0 0 0 0 0 0 0 
1417 2950557.4 85.99751961058477 76.17080706427704 145.3817617187499 0 0 0 0 0 0 0 
1418 2950590.7 85.99751961058477 76.17080706427704 145.3817617187499 0 0 0 0 0 0 0 
1419 2950624.1 85.99751961058477 76.17080706427704 145.3817617187499 0 0 0 0 0 0 0 
1420 2950657.4 86.03235803655576 76.17080706427704 145.3817617187499 0 0 0 0 0 0 0 
1421 2950690.7 86.03235803655576 76.18835165420975 145.3817617187499 0 0 0 0 0 0 0 
1422 2950724.1 86.03235803655576 76.18835165420975 145.3817617187499 0 0 0 0 0 0 0 
1423 2950757.4 86.03235803655576 76.18835165420975 145.3817617187499 0 0 0 0 0 0 0 
1424 2950790.8 86.07024217824596 76.18835165420975 145.3817617187499 0 0 0 0 0 0 0 
1425 2950824.1 86.07024217824596 76.19303769193264 145.3817617187499 0 0 0 0 0 0 0 
1426 2950857.4 86.07024217824596 76.19303769193264 145.3817617187499 0 0 0 0 0 0 0 
1427 2950890.8 86.07024217824596 76.19303769193264 145.3817617187499 0 0 0 0 0 0 0 
1428 2950924.1 86.11403853100595 76.19303769193264 145.3817617187499 0 0 0 0 0 0 0 
1429 2950957.4 86.11403853100595 76.19678221518261 145.3817617187499 0 0 0 0 0 0 0 
1430 2950990.8 86.11403853100595 76.19678221518261 145.3817617187499 0 0 0 0 0 0 0 
1431 2951024.1 86.11403853100595 76.19678221518261 145.3817617187499 0 0 0 0 0 0 0 
1432 2951057.4 86.15316379090217 76.19678221518261 145.3817617187499 0 0 0 0 0 0 0 
1433 2951090.8 86.15316379090217 76.21894906238876 145.3817617187499 0 0 0 0 0 0 0 
1434 2951124.1 86.15316379090217 76.21894906238876 145.3817617187499 0 0 0 0 0 0 0 
1435 2951157.5 86.15316379090217 76.21894906238876 145.3817617187499 0 0 0 0 0 0 0 
1436 2951190.8 86.1782600039861 76.21894906238876 145.3817617187499 0 0 0 0 0 0 0 
1437 2951224.1 86.1782600039861 76.24889110327204 145.3817617187499 0 0 0 0 0 0 0 
1438 2951257.5 86.1782600039861 76.24889110327204 145.3817617187499 0 0 0 0 0 0 0 
1439 2951290.8 86.1782600039861 76.24889110327204 145.3817617187499 0 0 0 0 0 0 0 
1440 2951324.1 86.18268621585237 76.24889110327204 145.3817617187499 0 0 0 0 0 0 0 
1441 2951357.5 86.18268621585237 76.28110469743655 145.3817617187499 0 0 0 0 0 0 0 
1442 2951390.8 86.18268621585237 76.28110469743655 145.3817617187499 0 0 0 0 0 0 0 
1443 2951424.1 86.18268621585237 76.28110469743655 145.3817617187499 0 0 0 0 0 0 0 
1444 2951457.5 86.17293560080007 76.28110469743655 145.3817617187499 0 0 0 0 0 0 0 
1445 2951490.8 86.17293560080007 76.3156327250537 145.3817617187499 0 0 0 0 0 0 0 
1446 2951524.1 86.17293560080007 76.3156327250537 145.3817617187499 0 0 0 0 0 0 0 
1447 2951557.5 86.17293560080007 76.3156327250537 145.3817617187499 0 0 0 0 0 0 0 
1448 2951590.8 86.13951951924389 76.3156327250537 145.3817617187499 0 0 0 0 0 0 0 
1449 2951624.2 86.13951951924389 76.34535707158776 145.3817617187499 0 0 0 0 0 0 0 
1450 2951657.5 86.13951951924389 76.34535707158776 145.3817617187499 0 0 0 0 0 0 0 
1451 2951690.8 86.13951951924389 76.34535707158776 145.3817617187499 0 0 0 0 0 0 0 
1452 2951724.2 86.11386446742735 76.34535707158776 145.3817617187499 0 0 0 0 0 0 0 
1453 2951757.5 86.11386446742735 76.37172955184235 145.3817617187499 0 0 0 0 0 0 0 
1454 2951790.8 86.11386446742735 76.37172955184235 145.3817617187499 0 0 0 0 0 0 0 
1455 2951824.2 86.11386446742735 76.37172955184235 145.3817617187499 0 0 0 0 0 0 0 
1456 2951857.5 86.11386446742735 76.37172955184235 145.3817617187499 0 0 0 0 0 0 0 
1457 2951890.8 86.09454300391747 76.3942260940805 145.3817617187499 0 0 0 0 0 0 0 
1458 2951924.2 86.09454300391747 76.3942260940805 145.3817617187499 0 0 0 0 0 0 0 
1459 2951957.5 86.09454300391747 76.3942260940805 145.3817617187499 0 0 0 0 0 0 0 
1460 2951990.9 86.07631115830017 76.3942260940805 145.3817617187499 0 0 0 0 0 0 0 
1461 2952024.2 86.07631115830017 76.41197259562716 145.3817617187499 0 0 0 0 0 0 0 
1462 2952057.5 86.07631115830017 76.41197259562716 145.3817617187499 0 0 0 0 0 0 0 
1463 2952090.9 86.07631115830017 76.41197259562716 145.3817617187499 0 0 0 0 0 0 0 
1464 2952124.2 86.06213462416385 76.41197259562716 145.3817617187499 0 0 0 0 0 0 0 
1465 2952157.5 86.06213462416385 76.44497050912281 145.3817617187499 0 0 0 0 0 0 0 
1466 2952190.9 86.06213462416385 76.44497050912281 145.3817617187499 0 0 0 0 0 0 0 
1467 2952224.2 86.06213462416385 76.44497050912281 145.3817617187499 0 0 0 0 0 0 0 
1468 2952257.5 86.05960319226233 76.44497050912281 145.3817617187499 0 0 0 0 0 0 0 
1469 2952290.9 86.05960319226233 76.47086450440321 145.3817617187499 0 0 0 0 0 0 0 
1470 2952324.2 86.05960319226233 76.47086450440321 145.3817617187499 0 0 0 0 0 0 0 
1471 2952357.5 86.05960319226233 76.47086450440321 145.3817617187499 0 0 0 0 0 0 0 
1472 2952390.9 86.06799532872881 76.47086450440321 145.3817617187499 0 0 0 0 0 0 0 
1473 2952424.2 86.06799532872881 76.49742023206522 145.3817617187499 0 0 0 0 0 0 0 
1474 2952457.6 86.06799532872881 76.49742023206522 145.3817617187499 0 0 0 0 0 0 0 
1475 2952490.9 86.06799532872881 76.49742023206522 145.3817617187499 0 0 0 0 0 0 0 
1476 2952524.2 86.08663367615392 76.49742023206522 145.3817617187499 0 0 0 0 0 0 0 
1477 2952557.6 86.08663367615392 76.52810923045693 145.3817617187499 0 0 0 0 0 0 0 
1478 2952590.9 86.08663367615392 76.52810923045693 145.3817617187499 0 0 0 0 0 0 0 
1479 2952624.2 86.08663367615392 76.52810923045693 145.3817617187499 0 0 0 0 0 0 0 
1480 2952657.6 86.10049986850208 76.52810923045693 145.3817617187499 0 0 0 0 0 0 0 
1481 2952690.9 86.10049986850208 76.54827433658818 145.3817617187499 0 0 0 0 0 0 0 
1482 2952724.2 86.10049986850208 76.54827433658818 145.3817617187499 0 0 0 0 0 0 0 
1483 2952757.6 86.10049986850208 76.54827433658818 145.3817617187499 0 0 0 0 0 0 0 
1484 2952790.9 86.10956528627462 76.54827433658818 145.3817617187499 0 0 0 0 0 0 0 
1485 2952824.3 86.10956528627462 76.56478741809082 145.3817617187499 0 0 0 0 0 0 0 
1486 2952857.6 86.10956528627462 76.56478741809082 145.3817617187499 0 0 0 0 0 0 0 
1487 2952890.9 86.10956528627462 76.56478741809082 145.3817617187499 0 0 0 0 0 0 0 
1488 2952924.3 86.11147188638523 76.56478741809082 145.3817617187499 0 0 0 0 0 0 0 
1489 2952957.6 86.11147188638523 76.5792524032511 145.3817617187499 0 0 0 0 0 0 0 
1490 2952990.9 86.11147188638523 76.5792524032511 145.3817617187499 0 0 0 0 0 0 0 
1491 2953024.3 86.11147188638523 76.5792524032511 145.3817617187499 0 0 0 0 0 0 0 
1492 2953057.6 86.10690405871046 76.5792524032511 145.3817617187499 0 0 0 0 0 0 0 
1493 2953090.9 86.10690405871046 76.59749425130468 145.3817617187499 0 0 0 0 0 0 0 
1494 2953124.3 86.10690405871046 76.59749425130468 145.3817617187499 0 0 0 0 0 0 0 
1495 2953157.6 86.10690405871046 76.59749425130468 145.3817617187499 0 0 0 0 0 0 0 
1496 2953190.9 86.08958275336269 76.59749425130468 145.3817617187499 0 0 0 0 0 0 0 
1497 2953224.3 86.08958275336269 76.60801649746232 145.3817617187499 0 0 0 0 0 0 0 
1498 2953257.6 86.08958275336269 76.60801649746232 145.3817617187499 0 0 0 0 0 0 0 
1499 2953291.0 86.08958275336269 76.60801649746232 145.3817617187499 0 0 0 0 0 0 0 
1500 2953324.3 86.0678335786382 76.60801649746232 145.3817617187499 0 0 0 0 0 0 0 
1501 2953357.6 86.0678335786382 76.6256862145751 145.3817617187499 0 0 0 0 0 0 0 
1502 2953391.0 86.0678335786382 76.6256862145751 145.3817617187499 0 0 0 0 0 0 0 
1503 2953424.3 86.0678335786382 76.6256862145751 145.3817617187499 0 0 0 0 0 0 0 
1504 2953457.6 86.05652069359967 76.6256862145751 145.3817617187499 0 0 0 0 0 0 0 
1505 2953491.0 86.05652069359967 76.63550461084986 145.3817617187499 0 0 0 0 0 0 0 
1506 2953524.3 86.05652069359967 76.63550461084986 145.3817617187499 0 0 0 0 0 0 0 
1507 2953557.6 86.05652069359967 76.63550461084986 145.3817617187499 0 0 0 0 0 0 0 
1508 2953591.0 86.04043161270809 76.63550461084986 145.3817617187499 0 0 0 0 0 0 0 
1509 2953624.3 86.04043161270809 76.63386437723818 145.3817617187499 0 0 0 0 0 0 0 
1510 2953657.7 86.04043161270809 76.63386437723818 145.3817617187499 0 0 0 0 0 0 0 
1511 2953691.0 86.04043161270809 76.63386437723818 145.3817617187499 0 0 0 0 0 0 0 
1512 2953724.3 86.00910838241937 76.63386437723818 145.3817617187499 0 0 0 0 0 0 0 
1513 2953757.7 86.00910838241937 76.63632202062482 145.3817617187499 0 0 0 0 0 0 0 
1514 2953791.0 86.00910838241937 76.63632202062482 145.3817617187499 0 0 0 0 0 0 0 
1515 2953824.3 86.00910838241937 76.63632202062482 145.3817617187499 0 0 0 0 0 0 0 
1516 2953857.7 85.99102024200359 76.63632202062482 145.3817617187499 0 0 0 0 0 0 0 
1517 2953891.0 85.99102024200359 76.6496326174136 145.3817617187499 0 0 0 0 0 0 0 
1518 2953924.3 85.99102024200359 76.6496326174136 145.3817617187499 0 0 0 0 0 0 0 
1519 2953957.7 85.99102024200359 76.6496326174136 145.3817617187499 0 0 0 0 0 0 0 
1520 2953991.0 85.99102024200359 76.6496326174136 145.3817617187499 0 0 0 0 0 0 0 
1521 2954024.3 85.99189843749996 76.65030882513871 145.31478906249993 0 0 0 0 0 0 0 
1522 2954057.7 85.99189843749996 76.65030882513871 145.31478906249993 0 0 0 0 0 0 0 
1523 2954091.0 85.99189843749996 76.65030882513871 145.31478906249993 0 0 0 0 0 0 0 
1524 2954124.4 85.97790499830144 76.65030882513871 145.31478906249993 0 0 0 0 0 0 0 
1525 2954157.7 85.97790499830144 76.64182387277201 145.31478906249993 0 0 0 0 0 0 0 
1526 2954191.0 85.97790499830144 76.64182387277201 145.31478906249993 0 0 0 0 0 0 0 
1527 2954224.4 85.97790499830144 76.64182387277201 145.31478906249993 0 0 0 0 0 0 0 
1528 2954257.7 85.96498402291037 76.64182387277201 145.31478906249993 0 0 0 0 0 0 0 
1529 2954291.0 85.96498402291037 76.63608103750262 145.31478906249993 0 0 0 0 0 0 0 
1530 2954324.4 85.96498402291037 76.63608103750262 145.31478906249993 0 0 0 0 0 0 0 
1531 2954357.7 85.96498402291037 76.63608103750262 145.31478906249993 0 0 0 0 0 0 0 
1532 2954391.0 85.95441745226648 76.63608103750262 145.31478906249993 0 0 0 0 0 0 0 
1533 2954424.4 85.95441745226648 76.64223534852441 145.31478906249993 0 0 0 0 0 0 0 
1534 2954457.7 85.95441745226648 76.64223534852441 145.31478906249993 0 0 0 0 0 0 0 
1535 2954491.1 85.95441745226648 76.64223534852441 145.31478906249993 0 0 0 0 0 0 0 
1536 2954524.4 85.93994424887535 76.64239160156245 145.36985546874993 0 0 0 0 0 0 0 
1537 2954557.7 85.93994424887535 76.66891104800136 145.36985546874993 0 0 0 0 0 0 0 
1538 2954591.1 85.93994424887535 76.66891104800136 145.36985546874993 0 0 0 0 0 0 0 
1539 2954624.4 85.93994424887535 76.66891104800136 145.36985546874993 0 0 0 0 0 0 0 
1540 2954657.7 85.95816807318118 76.66891104800136 145.36985546874993 0 0 0 0 0 0 0 
1541 2954691.1 85.95816807318118 76.71203827690125 145.36985546874993 0 0 0 0 0 0 0 
1542 2954724.4 85.95816807318118 76.71203827690125 145.36985546874993 0 0 0 0 0 0 0 
1543 2954757.7 85.95816807318118 76.71203827690125 145.36985546874993 0 0 0 0 0 0 0 
1544 2954791.1 86.00560397438606 76.71203827690125 145.36985546874993 0 0 0 0 0 0 0 
1545 2954824.4 86.00560397438606 76.73486699607396 145.36985546874993 0 0 0 0 0 0 0 
1546 2954857.7 86.00560397438606 76.73486699607396 145.36985546874993 0 0 0 0 0 0 0 
1547 2954891.1 86.00560397438606 76.73486699607396 145.36985546874993 0 0 0 0 0 0 0 
1548 2954924.4 86.0662411267504 76.73486699607396 145.36985546874993 0 0 0 0 0 0 0 
1549 2954957.8 86.0662411267504 76.75889588447953 145.36985546874993 0 0 0 0 0 0 0 
1550 2954991.1 86.0662411267504 76.75889588447953 145.36985546874993 0 0 0 0 0 0 0 
1551 2955024.4 86.0662411267504 76.75889588447953 145.36985546874993 0 0 0 0 0 0 0 
1552 2955057.8 86.10906479064225 76.75889588447953 145.36985546874993 0 0 0 0 0 0 0 
1553 2955091.1 86.10906479064225 76.77594021131164 145.36985546874993 0 0 0 0 0 0 0 
1554 2955124.4 86.09781445312495 76.76616699218745 145.42256542968744 0 0 0 0 0 0 0 
1555 2955157.8 86.09781445312495 76.76616699218745 145.42256542968744 0 0 0 0 0 0 0 
1556 2955191.1 86.12672053293171 76.76616699218745 145.42256542968744 0 0 0 0 0 0 0 
1557 2955224.4 86.12672053293171 76.78594891211448 145.42256542968744 0 0 0 0 0 0 0 
1558 2955257.8 86.12672053293171 76.78594891211448 145.42256542968744 0 0 0 0 0 0 0 
1559 2955291.1 86.12672053293171 76.78594891211448 145.42256542968744 0 0 0 0 0 0 0 
1560 2955324.5 86.14377869669364 76.78594891211448 145.42256542968744 0 0 0 0 0 0 0 
1561 2955357.8 86.14377869669364 76.81392990922166 145.42256542968744 0 0 0 0 0 0 0 
1562 2955391.1 86.14377869669364 76.81392990922166 145.42256542968744 0 0 0 0 0 0 0 
1563 2955424.5 86.14377869669364 76.81392990922166 145.42256542968744 0 0 0 0 0 0 0 
1564 2955457.8 86.14718890189597 76.81392990922166 145.42256542968744 0 0 0 0 0 0 0 
1565 2955491.1 86.14718890189597 76.8389677412697 145.42256542968744 0 0 0 0 0 0 0 
1566 2955524.5 86.14718890189597 76.8389677412697 145.42256542968744 0 0 0 0 0 0 0 
1567 2955557.8 86.14718890189597 76.8389677412697 145.42256542968744 0 0 0 0 0 0 0 
1568 2955591.1 86.13388514014993 76.8389677412697 145.42256542968744 0 0 0 0 0 0 0 
1569 2955624.5 86.13388514014993 76.87017959194442 145.42256542968744 0 0 0 0 0 0 0 
1570 2955657.8 86.13388514014993 76.87017959194442 145.42256542968744 0 0 0 0 0 0 0 
1571 2955691.1 86.13388514014993 76.87017959194442 145.42256542968744 0 0 0 0 0 0 0 
1572 2955724.5 86.10916466432127 76.87017959194442 145.42256542968744 0 0 0 0 0 0 0 
1573 2955757.8 86.10916466432127 76.89126076628784 145.42256542968744 0 0 0 0 0 0 0 
1574 2955791.2 86.10916466432127 76.89126076628784 145.42256542968744 0 0 0 0 0 0 0 
1575 2955824.5 86.10916466432127 76.89126076628784 145.42256542968744 0 0 0 0 0 0 0 
1576 2955857.8 86.06981502284162 76.89126076628784 145.42256542968744 0 0 0 0 0 0 0 
1577 2955891.2 86.06981502284162 76.9142861256954 145.42256542968744 0 0 0 0 0 0 0 
1578 2955924.5 86.06981502284162 76.9142861256954 145.42256542968744 0 0 0 0 0 0 0 
1579 2955957.8 86.06981502284162 76.9142861256954 145.42256542968744 0 0 0 0 0 0 0 
1580 2955991.2 86.06981502284162 76.9142861256954 145.42256542968744 0 0 0 0 0 0 0 
1581 2956024.5 86.034323439016 76.93397529369072 145.42256542968744 0 0 0 0 0 0 0 
1582 2956057.8 86.034323439016 76.93397529369072 145.42256542968744 0 0 0 0 0 0 0 
1583 2956091.2 86.034323439016 76.93397529369072 145.42256542968744 0 0 0 0 0 0 0 
1584 2956124.5 86.00639480682023 76.93397529369072 145.42256542968744 0 0 0 0 0 0 0 
1585 2956157.9 86.00639480682023 76.94996445004094 145.42256542968744 0 0 0 0 0 0 0 
1586 2956191.2 86.00639480682023 76.94996445004094 145.42256542968744 0 0 0 0 0 0 0 
1587 2956224.5 86.00639480682023 76.94996445004094 145.42256542968744 0 0 0 0 0 0 0 
1588 2956257.9 85.98182254384052 76.94996445004094 145.42256542968744 0 0 0 0 0 0 0 
1589 2956291.2 85.98182254384052 76.97026529917656 145.42256542968744 0 0 0 0 0 0 0 
1590 2956324.5 85.98182254384052 76.97026529917656 145.42256542968744 0 0 0 0 0 0 0 
1591 2956357.9 85.98182254384052 76.97026529917656 145.42256542968744 0 0 0 0 0 0 0 
1592 2956391.2 85.98182254384052 76.97026529917656 145.42256542968744 0 0 0 0 0 0 0 
1593 2956424.5 85.96119582055096 76.99068716876658 145.42256542968744 0 0 0 0 0 0 0 
1594 2956457.9 85.96119582055096 76.99068716876658 145.42256542968744 0 0 0 0 0 0 0 
1595 2956491.2 85.96119582055096 76.99068716876658 145.42256542968744 0 0 0 0 0 0 0 
1596 2956524.5 85.97255078124995 77.00081933593745 145.4827167968749 0 0 0 0 0 0 0 
1597 2956557.9 85.97255078124995 77.02184330461726 145.4827167968749 0 0 0 0 0 0 0 
1598 2956591.2 85.97255078124995 77.02184330461726 145.4827167968749 0 0 0 0 0 0 0 
1599 2956624.6 85.97255078124995 77.02184330461726 145.4827167968749 0 0 0 0 0 0 0 
1600 2956657.9 85.96432974473292 77.02184330461726 145.4827167968749 0 0 0 0 0 0 0 
1601 2956691.2 85.96432974473292 77.04837337721817 145.4827167968749 0 0 0 0 0 0 0 
1602 2956724.6 85.96432974473292 77.04837337721817 145.4827167968749 0 0 0 0 0 0 0 
1603 2956757.9 85.96432974473292 77.04837337721817 145.4827167968749 0 0 0 0 0 0 0 
1604 2956791.2 85.96432974473292 77.0693167275818 145.4827167968749 0 0 0 0 0 0 0 
1605 2956824.6 85.96432974473292 77.0693167275818 145.4827167968749 0 0 0 0 0 0 0 
1606 2956857.9 85.96432974473292 77.0693167275818 145.4827167968749 0 0 0 0 0 0 0 
1607 2956891.2 85.96432974473292 77.0693167275818 145.4827167968749 0 0 0 0 0 0 0 
1608 2956924.6 85.97041972219137 77.0693167275818 145.4827167968749 0 0 0 0 0 0 0 
1609 2956957.9 85.97041972219137 77.09309941937556 145.4827167968749 0 0 0 0 0 0 0 
1610 2956991.3 85.97041972219137 77.09309941937556 145.4827167968749 0 0 0 0 0 0 0 
1611 2957024.6 85.97041972219137 77.09309941937556 145.4827167968749 0 0 0 0 0 0 0 
1612 2957057.9 85.99156157409402 77.09309941937556 145.4827167968749 0 0 0 0 0 0 0 
1613 2957091.3 85.99156157409402 77.11693667021426 145.4827167968749 0 0 0 0 0 0 0 
1614 2957124.6 85.99156157409402 77.11693667021426 145.4827167968749 0 0 0 0 0 0 0 
1615 2957157.9 85.99156157409402 77.11693667021426 145.4827167968749 0 0 0 0 0 0 0 
1616 2957191.3 86.00838115437962 77.11693667021426 145.4827167968749 0 0 0 0 0 0 0 
1617 2957224.6 86.00838115437962 77.13587741463796 145.4827167968749 0 0 0 0 0 0 0 
1618 2957257.9 86.00838115437962 77.13587741463796 145.4827167968749 0 0 0 0 0 0 0 
1619 2957291.3 86.00838115437962 77.13587741463796 145.4827167968749 0 0 0 0 0 0 0 
1620 2957324.6 86.02386812794471 77.13587741463796 145.4827167968749 0 0 0 0 0 0 0 
1621 2957357.9 86.02386812794471 77.1541635619216 145.4827167968749 0 0 0 0 0 0 0 
1622 2957391.3 86.02386812794471 77.1541635619216 145.4827167968749 0 0 0 0 0 0 0 
1623 2957424.6 86.01236230468746 77.15423632812495 145.41686035156243 0 0 0 0 0 0 0 
1624 2957458.0 86.02571848768882 77.15423632812495 145.41686035156243 0 0 0 0 0 0 0 
1625 2957491.3 86.02571848768882 77.17145922047686 145.41686035156243 0 0 0 0 0 0 0 
1626 2957524.6 86.02571848768882 77.17145922047686 145.41686035156243 0 0 0 0 0 0 0 
1627 2957558.0 86.02571848768882 77.17145922047686 145.41686035156243 0 0 0 0 0 0 0 
1628 2957591.3 86.0428643035105 77.17145922047686 145.41686035156243 0 0 0 0 0 0 0 
1629 2957624.6 86.0428643035105 77.18325435407444 145.41686035156243 0 0 0 0 0 0 0 
1630 2957658.0 86.0428643035105 77.18325435407444 145.41686035156243 0 0 0 0 0 0 0 
1631 2957691.3 86.0428643035105 77.18325435407444 145.41686035156243 0 0 0 0 0 0 0 
1632 2957724.6 86.06856989891263 77.18325435407444 145.41686035156243 0 0 0 0 0 0 0 
1633 2957758.0 86.06856989891263 77.19912093960438 145.41686035156243 0 0 0 0 0 0 0 
1634 2957791.3 86.06856989891263 77.19912093960438 145.41686035156243 0 0 0 0 0 0 0 
1635 2957824.7 86.06856989891263 77.19912093960438 145.41686035156243 0 0 0 0 0 0 0 
1636 2957858.0 86.08373946007784 77.19912093960438 145.41686035156243 0 0 0 0 0 0 0 
1637 2957891.3 86.08373946007784 77.22241721124146 145.41686035156243 0 0 0 0 0 0 0 
1638 2957924.7 86.08373946007784 77.22241721124146 145.41686035156243 0 0 0 0 0 0 0 
1639 2957958.0 86.08373946007784 77.22241721124146 145.41686035156243 0 0 0 0 0 0 0 
1640 2957991.3 86.0815934279577 77.22241721124146 145.41686035156243 0 0 0 0 0 0 0 
1641 2958024.7 86.0815934279577 77.25397126580016 145.41686035156243 0 0 0 0 0 0 0 
1642 2958058.0 86.0815934279577 77.25397126580016 145.41686035156243 0 0 0 0 0 0 0 
1643 2958091.3 86.0815934279577 77.25397126580016 145.41686035156243 0 0 0 0 0 0 0 
1644 2958124.7 86.06456800128029 77.25397126580016 145.41686035156243 0 0 0 0 0 0 0 
1645 2958158.0 86.06456800128029 77.27933688654518 145.41686035156243 0 0 0 0 0 0 0 
1646 2958191.3 86.06456800128029 77.27933688654518 145.41686035156243 0 0 0 0 0 0 0 
1647 2958224.7 86.06456800128029 77.27933688654518 145.41686035156243 0 0 0 0 0 0 0 
1648 2958258.0 86.03638551944904 77.27933688654518 145.41686035156243 0 0 0 0 0 0 0 
1649 2958291.4 86.03638551944904 77.30065338736675 145.41686035156243 0 0 0 0 0 0 0 
1650 2958324.7 86.03638551944904 77.30065338736675 145.41686035156243 0 0 0 0 0 0 0 
1651 2958358.0 86.03638551944904 77.30065338736675 145.41686035156243 0 0 0 0 0 0 0 
1652 2958391.4 86.0051679795287 77.30065338736675 145.41686035156243 0 0 0 0 0 0 0 
1653 2958424.7 86.0051679795287 77.31977009648396 145.41686035156243 0 0 0 0 0 0 0 
1654 2958458.0 86.0051679795287 77.31977009648396 145.41686035156243 0 0 0 0 0 0 0 
1655 2958491.4 86.0051679795287 77.31977009648396 145.41686035156243 0 0 0 0 0 0 0 
1656 2958524.7 85.97624729816448 77.31977009648396 145.41686035156243 0 0 0 0 0 0 0 
1657 2958558.0 85.97624729816448 77.3314244665106 145.41686035156243 0 0 0 0 0 0 0 
1658 2958591.4 85.97624729816448 77.3314244665106 145.41686035156243 0 0 0 0 0 0 0 
1659 2958624.7 85.97624729816448 77.3314244665106 145.41686035156243 0 0 0 0 0 0 0 
1660 2958658.1 85.94826751337266 77.3314244665106 145.41686035156243 0 0 0 0 0 0 0 
1661 2958691.4 85.94826751337266 77.33843961496656 145.41686035156243 0 0 0 0 0 0 0 
1662 2958724.7 85.94826751337266 77.33843961496656 145.41686035156243 0 0 0 0 0 0 0 
1663 2958758.1 85.94826751337266 77.33843961496656 145.41686035156243 0 0 0 0 0 0 0 
1664 2958791.4 85.92039381011332 77.33843961496656 145.41686035156243 0 0 0 0 0 0 0 
1665 2958824.7 85.92039381011332 77.34309425269832 145.41686035156243 0 0 0 0 0 0 0 
1666 2958858.1 85.92039381011332 77.34309425269832 145.41686035156243 0 0 0 0 0 0 0 
1667 2958891.4 85.92039381011332 77.34309425269832 145.41686035156243 0 0 0 0 0 0 0 
1668 2958924.7 85.89129174747828 77.34309425269832 145.41686035156243 0 0 0 0 0 0 0 
1669 2958958.1 85.89129174747828 77.34309425269832 145.41686035156243 0 0 0 0 0 0 0 
1670 2958991.4 85.89129174747828 77.34309425269832 145.41686035156243 0 0 0 0 0 0 0 
1671 2959024.7 85.89129174747828 77.34309425269832 145.41686035156243 0 0 0 0 0 0 0 
1672 2959058.1 85.85999595707395 77.34309425269832 145.41686035156243 0 0 0 0 0 0 0 
1673 2959091.4 85.85999595707395 77.34938907008485 145.41686035156243 0 0 0 0 0 0 0 
1674 2959124.8 85.85999595707395 77.34938907008485 145.41686035156243 0 0 0 0 0 0 0 
1675 2959158.1 85.85999595707395 77.34938907008485 145.41686035156243 0 0 0 0 0 0 0 
1676 2959191.4 85.83898786162463 77.34938907008485 145.41686035156243 0 0 0 0 0 0 0 
1677 2959224.8 85.83898786162463 77.363531083658 145.41686035156243 0 0 0 0 0 0 0 
1678 2959258.1 85.83898786162463 77.363531083658 145.41686035156243 0 0 0 0 0 0 0 
1679 2959291.4 85.83898786162463 77.363531083658 145.41686035156243 0 0 0 0 0 0 0 
1680 2959324.8 85.8179188061195 77.363531083658 145.41686035156243 0 0 0 0 0 0 0 
1681 2959358.1 85.8179188061195 77.38270506424229 145.41686035156243 0 0 0 0 0 0 0 
1682 2959391.4 85.8179188061195 77.38270506424229 145.41686035156243 0 0 0 0 0 0 0 
1683 2959424.8 85.8179188061195 77.38270506424229 145.41686035156243 0 0 0 0 0 0 0 
1684 2959458.1 85.80545473893032 77.38270506424229 145.41686035156243 0 0 0 0 0 0 0 
1685 2959491.5 85.80545473893032 77.40844662862371 145.41686035156243 0 0 0 0 0 0 0 
1686 2959524.8 85.80545473893032 77.40844662862371 145.41686035156243 0 0 0 0 0 0 0 
1687 2959558.1 85.80545473893032 77.40844662862371 145.41686035156243 0 0 0 0 0 0 0 
1688 2959591.5 85.79513939356072 77.40844662862371 145.41686035156243 0 0 0 0 0 0 0 
1689 2959624.8 85.79513939356072 77.43502852772289 145.41686035156243 0 0 0 0 0 0 0 
1690 2959658.1 85.79513939356072 77.43502852772289 145.41686035156243 0 0 0 0 0 0 0 
1691 2959691.5 85.79513939356072 77.43502852772289 145.41686035156243 0 0 0 0 0 0 0 
1692 2959724.8 85.78674919569923 77.43502852772289 145.41686035156243 0 0 0 0 0 0 0 
1693 2959758.1 85.78674919569923 77.44799092345978 145.41686035156243 0 0 0 0 0 0 0 
1694 2959791.5 85.78674919569923 77.44799092345978 145.41686035156243 0 0 0 0 0 0 0 
1695 2959824.8 85.78674919569923 77.44799092345978 145.41686035156243 0 0 0 0 0 0 0 
1696 2959858.1 85.7832932147145 77.44799092345978 145.41686035156243 0 0 0 0 0 0 0 
1697 2959891.5 85.7832932147145 77.46963204894709 145.41686035156243 0 0 0 0 0 0 0 
1698 2959924.8 85.7832932147145 77.46963204894709 145.41686035156243 0 0 0 0 0 0 0 
1699 2959958.2 85.7832932147145 77.46963204894709 145.41686035156243 0 0 0 0 0 0 0 
1700 2959991.5 85.7883688996962 77.46963204894709 145.41686035156243 0 0 0 0 0 0 0 
1701 2960024.8 85.7883688996962 77.4941834194693 145.41686035156243 0 0 0 0 0 0 0 
1702 2960058.2 85.7883688996962 77.4941834194693 145.41686035156243 0 0 0 0 0 0 0 
1703 2960091.5 85.7883688996962 77.4941834194693 145.41686035156243 0 0 0 0 0 0 0 
1704 2960124.8 85.80313347124793 77.4941834194693 145.41686035156243 0 0 0 0 0 0 0 
1705 2960158.2 85.80313347124793 77.52003636018037 145.41686035156243 0 0 0 0 0 0 0 
1706 2960191.5 85.80313347124793 77.52003636018037 145.41686035156243 0 0 0 0 0 0 0 
1707 2960224.8 85.80313347124793 77.52003636018037 145.41686035156243 0 0 0 0 0 0 0 
1708 2960258.2 85.81775099426537 77.52003636018037 145.41686035156243 0 0 0 0 0 0 0 
1709 2960291.5 85.81775099426537 77.54102486013221 145.41686035156243 0 0 0 0 0 0 0 
1710 2960324.9 85.81775099426537 77.54102486013221 145.41686035156243 0 0 0 0 0 0 0 
1711 2960358.2 85.81775099426537 77.54102486013221 145.41686035156243 0 0 0 0 0 0 0 
1712 2960391.5 85.82498401023409 77.54102486013221 145.41686035156243 0 0 0 0 0 0 0 
1713 2960424.9 85.82498401023409 77.5616392416295 145.41686035156243 0 0 0 0 0 0 0 
1714 2960458.2 85.82498401023409 77.5616392416295 145.41686035156243 0 0 0 0 0 0 0 
1715 2960491.5 85.82498401023409 77.5616392416295 145.41686035156243 0 0 0 0 0 0 0 
1716 2960524.9 85.83647011164317 77.5616392416295 145.41686035156243 0 0 0 0 0 0 0 
1717 2960558.2 85.83647011164317 77.58087064885963 145.41686035156243 0 0 0 0 0 0 0 
1718 2960591.5 85.83647011164317 77.58087064885963 145.41686035156243 0 0 0 0 0 0 0 
1719 2960624.9 85.83647011164317 77.58087064885963 145.41686035156243 0 0 0 0 0 0 0 
1720 2960658.2 85.84033904797536 77.58087064885963 145.41686035156243 0 0 0 0 0 0 0 
1721 2960691.5 85.84033904797536 77.61088928921338 145.41686035156243 0 0 0 0 0 0 0 
1722 2960724.9 85.84033904797536 77.61088928921338 145.41686035156243 0 0 0 0 0 0 0 
1723 2960758.2 85.84033904797536 77.61088928921338 145.41686035156243 0 0 0 0 0 0 0 
1724 2960791.6 85.83634905321786 77.61088928921338 145.41686035156243 0 0 0 0 0 0 0 
1725 2960824.9 85.83634905321786 77.6355880559273 145.41686035156243 0 0 0 0 0 0 0 
1726 2960858.2 85.83634905321786 77.6355880559273 145.41686035156243 0 0 0 0 0 0 0 
1727 2960891.6 85.83634905321786 77.6355880559273 145.41686035156243 0 0 0 0 0 0 0 
1728 2960924.9 85.82175882849151 77.6355880559273 145.41686035156243 0 0 0 0 0 0 0 
1729 2960958.2 85.82175882849151 77.65560113759004 145.41686035156243 0 0 0 0 0 0 0 
1730 2960991.6 85.82175882849151 77.65560113759004 145.41686035156243 0 0 0 0 0 0 0 
1731 2961024.9 85.82175882849151 77.65560113759004 145.41686035156243 0 0 0 0 0 0 0 
1732 2961058.2 85.7897172261974 77.65560113759004 145.41686035156243 0 0 0 0 0 0 0 
1733 2961091.6 85.7897172261974 77.67156655351239 145.41686035156243 0 0 0 0 0 0 0 
1734 2961124.9 85.7897172261974 77.67156655351239 145.41686035156243 0 0 0 0 0 0 0 
1735 2961158.3 85.7897172261974 77.67156655351239 145.41686035156243 0 0 0 0 0 0 0 
1736 2961191.6 85.74345454880621 77.67156655351239 145.41686035156243 0 0 0 0 0 0 0 
1737 2961224.9 85.74345454880621 77.68257188225799 145.41686035156243 0 0 0 0 0 0 0 
1738 2961258.3 85.74345454880621 77.68257188225799 145.41686035156243 0 0 0 0 0 0 0 
1739 2961291.6 85.74345454880621 77.68257188225799 145.41686035156243 0 0 0 0 0 0 0 
1740 2961324.9 85.71624790114231 77.68257188225799 145.41686035156243 0 0 0 0 0 0 0 
1741 2961358.3 85.71624790114231 77.69020111826234 145.41686035156243 0 0 0 0 0 0 0 
1742 2961391.6 85.71624790114231 77.69020111826234 145.41686035156243 0 0 0 0 0 0 0 
1743 2961424.9 85.71624790114231 77.69020111826234 145.41686035156243 0 0 0 0 0 0 0 
1744 2961458.3 85.6939614305961 77.69020111826234 145.41686035156243 0 0 0 0 0 0 0 
1745 2961491.6 85.6939614305961 77.6978917701874 145.41686035156243 0 0 0 0 0 0 0 
1746 2961524.9 85.6939614305961 77.6978917701874 145.41686035156243 0 0 0 0 0 0 0 
1747 2961558.3 85.6939614305961 77.6978917701874 145.41686035156243 0 0 0 0 0 0 0 
1748 2961591.6 85.67099741506367 77.6978917701874 145.41686035156243 0 0 0 0 0 0 0 
1749 2961625.0 85.67099741506367 77.6998036425311 145.41686035156243 0 0 0 0 0 0 0 
1750 2961658.3 85.67099741506367 77.6998036425311 145.41686035156243 0 0 0 0 0 0 0 
1751 2961691.6 85.67099741506367 77.6998036425311 145.41686035156243 0 0 0 0 0 0 0 
1752 2961725.0 85.65027426085827 77.6998036425311 145.41686035156243 0 0 0 0 0 0 0 
1753 2961758.3 85.65027426085827 77.6998036425311 145.41686035156243 0 0 0 0 0 0 0 
1754 2961791.6 85.65027426085827 77.6998036425311 145.41686035156243 0 0 0 0 0 0 0 
1755 2961825.0 85.63123215906612 77.6998036425311 145.41686035156243 0 0 0 0 0 0 0 
1756 2961858.3 85.63123215906612 77.6979403701847 145.41686035156243 0 0 0 0 0 0 0 
1757 2961891.6 85.63123215906612 77.6979403701847 145.41686035156243 0 0 0 0 0 0 0 
1758 2961925.0 85.63123215906612 77.6979403701847 145.41686035156243 0 0 0 0 0 0 0 
1759 2961958.3 85.61029759485498 77.6979403701847 145.41686035156243 0 0 0 0 0 0 0 
1760 2961991.7 85.61029759485498 77.6979403701847 145.41686035156243 0 0 0 0 0 0 0 
1761 2962025.0 85.61029759485498 77.6979403701847 145.41686035156243 0 0 0 0 0 0 0 
1762 2962058.3 85.61029759485498 77.6979403701847 145.41686035156243 0 0 0 0 0 0 0 
1763 2962091.7 85.59255014203809 77.6979403701847 145.41686035156243 0 0 0 0 0 0 0 
1764 2962125.0 85.59255014203809 77.70328805171803 145.41686035156243 0 0 0 0 0 0 0 
1765 2962158.3 85.59255014203809 77.70328805171803 145.41686035156243 0 0 0 0 0 0 0 
1766 2962191.7 85.59255014203809 77.70328805171803 145.41686035156243 0 0 0 0 0 0 0 
1767 2962225.0 85.57630644140197 77.70328805171803 145.41686035156243 0 0 0 0 0 0 0 
1768 2962258.3 85.57630644140197 77.7209564104654 145.41686035156243 0 0 0 0 0 0 0 
1769 2962291.7 85.57630644140197 77.7209564104654 145.41686035156243 0 0 0 0 0 0 0 
1770 2962325.0 85.57630644140197 77.7209564104654 145.41686035156243 0 0 0 0 0 0 0 
1771 2962358.3 85.56157991232182 77.7209564104654 145.41686035156243 0 0 0 0 0 0 0 
1772 2962391.7 85.56157991232182 77.744942341069 145.41686035156243 0 0 0 0 0 0 0 
1773 2962425.0 85.56157991232182 77.744942341069 145.41686035156243 0 0 0 0 0 0 0 
1774 2962458.4 85.56157991232182 77.744942341069 145.41686035156243 0 0 0 0 0 0 0 
1775 2962491.7 85.55287279518356 77.744942341069 145.41686035156243 0 0 0 0 0 0 0 
1776 2962525.0 85.55287279518356 77.75770660027607 145.41686035156243 0 0 0 0 0 0 0 
1777 2962558.4 85.55287279518356 77.75770660027607 145.41686035156243 0 0 0 0 0 0 0 
1778 2962591.7 85.55287279518356 77.75770660027607 145.41686035156243 0 0 0 0 0 0 0 
1779 2962625.0 85.54467769318568 77.75770660027607 145.41686035156243 0 0 0 0 0 0 0 
1780 2962658.4 85.54467769318568 77.78310154464545 145.41686035156243 0 0 0 0 0 0 0 
1781 2962691.7 85.54467769318568 77.78310154464545 145.41686035156243 0 0 0 0 0 0 0 
1782 2962725.0 85.54467769318568 77.78310154464545 145.41686035156243 0 0 0 0 0 0 0 
1783 2962758.4 85.53963921217864 77.78310154464545 145.41686035156243 0 0 0 0 0 0 0 
1784 2962791.7 85.53963921217864 77.79307648053474 145.41686035156243 0 0 0 0 0 0 0 
1785 2962825.1 85.53963921217864 77.79307648053474 145.41686035156243 0 0 0 0 0 0 0 
1786 2962858.4 85.53963921217864 77.79307648053474 145.41686035156243 0 0 0 0 0 0 0 
1787 2962891.7 85.5355036201688 77.79307648053474 145.41686035156243 0 0 0 0 0 0 0 
1788 2962925.1 85.5355036201688 77.8094783577464 145.41686035156243 0 0 0 0 0 0 0 
1789 2962958.4 85.5355036201688 77.8094783577464 145.41686035156243 0 0 0 0 0 0 0 
1790 2962991.7 85.5355036201688 77.8094783577464 145.41686035156243 0 0 0 0 0 0 0 
1791 2963025.1 85.54052023035858 77.8094783577464 145.41686035156243 0 0 0 0 0 0 0 
1792 2963058.4 85.54052023035858 77.82499254069819 145.41686035156243 0 0 0 0 0 0 0 
1793 2963091.7 85.54052023035858 77.82499254069819 145.41686035156243 0 0 0 0 0 0 0 
1794 2963125.1 85.54052023035858 77.82499254069819 145.41686035156243 0 0 0 0 0 0 0 
1795 2963158.4 85.55897036054071 77.82499254069819 145.41686035156243 0 0 0 0 0 0 0 
1796 2963191.7 85.55897036054071 77.85447149368584 145.41686035156243 0 0 0 0 0 0 0 
1797 2963225.1 85.55897036054071 77.85447149368584 145.41686035156243 0 0 0 0 0 0 0 
1798 2963258.4 85.55897036054071 77.85447149368584 145.41686035156243 0 0 0 0 0 0 0 
1799 2963291.8 85.56966572079187 77.85447149368584 145.41686035156243 0 0 0 0 0 0 0 
1800 2963325.1 85.56966572079187 77.87020685690288 145.41686035156243 0 0 0 0 0 0 0 
1801 2963358.4 85.56966572079187 77.87020685690288 145.41686035156243 0 0 0 0 0 0 0 
1802 2963391.8 85.56966572079187 77.87020685690288 145.41686035156243 0 0 0 0 0 0 0 
1803 2963425.1 85.57815804899865 77.87020685690288 145.41686035156243 0 0 0 0 0 0 0 
1804 2963458.4 85.57815804899865 77.88615734690212 145.41686035156243 0 0 0 0 0 0 0 
1805 2963491.8 85.57815804899865 77.88615734690212 145.41686035156243 0 0 0 0 0 0 0 
1806 2963525.1 85.57815804899865 77.88615734690212 145.41686035156243 0 0 0 0 0 0 0 
1807 2963558.4 85.59111070289549 77.88615734690212 145.41686035156243 0 0 0 0 0 0 0 
1808 2963591.8 85.59111070289549 77.90832053232658 145.41686035156243 0 0 0 0 0 0 0 
1809 2963625.1 85.59111070289549 77.90832053232658 145.41686035156243 0 0 0 0 0 0 0 
1810 2963658.5 85.59111070289549 77.90832053232658 145.41686035156243 0 0 0 0 0 0 0 
1811 2963691.8 85.5953953595464 77.90832053232658 145.41686035156243 0 0 0 0 0 0 0 
1812 2963725.1 85.5953953595464 77.92925317866978 145.41686035156243 0 0 0 0 0 0 0 
1813 2963758.5 85.5953953595464 77.92925317866978 145.41686035156243 0 0 0 0 0 0 0 
1814 2963791.8 85.5953953595464 77.92925317866978 145.41686035156243 0 0 0 0 0 0 0 
1815 2963825.1 85.58824324302346 77.92925317866978 145.41686035156243 0 0 0 0 0 0 0 
1816 2963858.5 85.58824324302346 77.95600458485711 145.41686035156243 0 0 0 0 0 0 0 
1817 2963891.8 85.58824324302346 77.95600458485711 145.41686035156243 0 0 0 0 0 0 0 
1818 2963925.1 85.58824324302346 77.95600458485711 145.41686035156243 0 0 0 0 0 0 0 
1819 2963958.5 85.56829615254526 77.95600458485711 145.41686035156243 0 0 0 0 0 0 0 
1820 2963991.8 85.56829615254526 77.98069995823181 145.41686035156243 0 0 0 0 0 0 0 
1821 2964025.1 85.56829615254526 77.98069995823181 145.41686035156243 0 0 0 0 0 0 0 
1822 2964058.5 85.56829615254526 77.98069995823181 145.41686035156243 0 0 0 0 0 0 0 
1823 2964091.8 85.54057568386035 77.98069995823181 145.41686035156243 0 0 0 0 0 0 0 
1824 2964125.2 85.54057568386035 77.99394139501217 145.41686035156243 0 0 0 0 0 0 0 
1825 2964158.5 85.54057568386035 77.99394139501217 145.41686035156243 0 0 0 0 0 0 0 
1826 2964191.8 85.54057568386035 77.99394139501217 145.41686035156243 0 0 0 0 0 0 0 
1827 2964225.2 85.49699823470614 77.99394139501217 145.41686035156243 0 0 0 0 0 0 0 
1828 2964258.5 85.49699823470614 78.01000430945099 145.41686035156243 0 0 0 0 0 0 0 
1829 2964291.8 85.49699823470614 78.01000430945099 145.41686035156243 0 0 0 0 0 0 0 
1830 2964325.2 85.49699823470614 78.01000430945099 145.41686035156243 0 0 0 0 0 0 0 
1831 2964358.5 85.47371518156936 78.01000430945099 145.41686035156243 0 0 0 0 0 0 0 
1832 2964391.8 85.47371518156936 78.02407424321684 145.41686035156243 0 0 0 0 0 0 0 
1833 2964425.2 85.47371518156936 78.02407424321684 145.41686035156243 0 0 0 0 0 0 0 
1834 2964458.5 85.47371518156936 78.02407424321684 145.41686035156243 0 0 0 0 0 0 0 
1835 2964491.9 85.44932325426151 78.02407424321684 145.41686035156243 0 0 0 0 0 0 0 
1836 2964525.2 85.44932325426151 78.02739078725622 145.41686035156243 0 0 0 0 0 0 0 
1837 2964558.5 85.44932325426151 78.02739078725622 145.41686035156243 0 0 0 0 0 0 0 
1838 2964591.9 85.44932325426151 78.02739078725622 145.41686035156243 0 0 0 0 0 0 0 
1839 2964625.2 85.42285144835391 78.02739078725622 145.41686035156243 0 0 0 0 0 0 0 
1840 2964658.5 85.42285144835391 78.02879275508715 145.41686035156243 0 0 0 0 0 0 0 
1841 2964691.9 85.42285144835391 78.02879275508715 145.41686035156243 0 0 0 0 0 0 0 
1842 2964725.2 85.42285144835391 78.02879275508715 145.41686035156243 0 0 0 0 0 0 0 
1843 2964758.5 85.39602565374693 78.02879275508715 145.41686035156243 0 0 0 0 0 0 0 
1844 2964791.9 85.39602565374693 78.02486622869543 145.41686035156243 0 0 0 0 0 0 0 
1845 2964825.2 85.39602565374693 78.02486622869543 145.41686035156243 0 0 0 0 0 0 0 
1846 2964858.5 85.39602565374693 78.02486622869543 145.41686035156243 0 0 0 0 0 0 0 
1847 2964891.9 85.3740077686322 78.02486622869543 145.41686035156243 0 0 0 0 0 0 0 
1848 2964925.2 85.3740077686322 78.01605005425068 145.41686035156243 0 0 0 0 0 0 0 
1849 2964958.6 85.3740077686322 78.01605005425068 145.41686035156243 0 0 0 0 0 0 0 
1850 2964991.9 85.3740077686322 78.01605005425068 145.41686035156243 0 0 0 0 0 0 0 
1851 2965025.2 85.34560390557009 78.01605005425068 145.41686035156243 0 0 0 0 0 0 0 
1852 2965058.6 85.34560390557009 78.01605005425068 145.41686035156243 0 0 0 0 0 0 0 
1853 2965091.9 85.34560390557009 78.01605005425068 145.41686035156243 0 0 0 0 0 0 0 
1854 2965125.2 85.32822299355077 78.01605005425068 145.41686035156243 0 0 0 0 0 0 0 
1855 2965158.6 85.32822299355077 78.0216846364446 145.41686035156243 0 0 0 0 0 0 0 
1856 2965191.9 85.32822299355077 78.0216846364446 145.41686035156243 0 0 0 0 0 0 0 
1857 2965225.2 85.32822299355077 78.0216846364446 145.41686035156243 0 0 0 0 0 0 0 
1858 2965258.6 85.30805054701923 78.0216846364446 145.41686035156243 0 0 0 0 0 0 0 
1859 2965291.9 85.30805054701923 78.04668222526372 145.41686035156243 0 0 0 0 0 0 0 
1860 2965325.3 85.30805054701923 78.04668222526372 145.41686035156243 0 0 0 0 0 0 0 
1861 2965358.6 85.30805054701923 78.04668222526372 145.41686035156243 0 0 0 0 0 0 0 
1862 2965391.9 85.28968566826838 78.04668222526372 145.41686035156243 0 0 0 0 0 0 0 
1863 2965425.3 85.28968566826838 78.0750147271927 145.41686035156243 0 0 0 0 0 0 0 
1864 2965458.6 85.28968566826838 78.0750147271927 145.41686035156243 0 0 0 0 0 0 0 
1865 2965491.9 85.28968566826838 78.0750147271927 145.41686035156243 0 0 0 0 0 0 0 
1866 2965525.3 85.2783924678365 78.0750147271927 145.41686035156243 0 0 0 0 0 0 0 
1867 2965558.6 85.2783924678365 78.09339945248725 145.41686035156243 0 0 0 0 0 0 0 
1868 2965591.9 85.2783924678365 78.09339945248725 145.41686035156243 0 0 0 0 0 0 0 
1869 2965625.3 85.2783924678365 78.09339945248725 145.41686035156243 0 0 0 0 0 0 0 
1870 2965658.6 85.27328495458282 78.09339945248725 145.41686035156243 0 0 0 0 0 0 0 
1871 2965691.9 85.27328495458282 78.11816712640942 145.41686035156243 0 0 0 0 0 0 0 
1872 2965725.3 85.27328495458282 78.11816712640942 145.41686035156243 0 0 0 0 0 0 0 
1873 2965758.6 85.27328495458282 78.11816712640942 145.41686035156243 0 0 0 0 0 0 0 
1874 2965792.0 85.27055780042437 78.11816712640942 145.41686035156243 0 0 0 0 0 0 0 
1875 2965825.3 85.27055780042437 78.13938825023428 145.41686035156243 0 0 0 0 0 0 0 
1876 2965858.6 85.27055780042437 78.13938825023428 145.41686035156243 0 0 0 0 0 0 0 
1877 2965892.0 85.27055780042437 78.13938825023428 145.41686035156243 0 0 0 0 0 0 0 
1878 2965925.3 85.26192639959945 78.13938825023428 145.41686035156243 0 0 0 0 0 0 0 
1879 2965958.6 85.26192639959945 78.15063264847308 145.41686035156243 0 0 0 0 0 0 0 
1880 2965992.0 85.26192639959945 78.15063264847308 145.41686035156243 0 0 0 0 0 0 0 
1881 2966025.3 85.26192639959945 78.15063264847308 145.41686035156243 0 0 0 0 0 0 0 
1882 2966058.6 85.26021526313917 78.15063264847308 145.41686035156243 0 0 0 0 0 0 0 
1883 2966092.0 85.26021526313917 78.16411794845807 145.41686035156243 0 0 0 0 0 0 0 
1884 2966125.3 85.26021526313917 78.16411794845807 145.41686035156243 0 0 0 0 0 0 0 
1885 2966158.7 85.26021526313917 78.16411794845807 145.41686035156243 0 0 0 0 0 0 0 
1886 2966192.0 85.2648644822718 78.16411794845807 145.41686035156243 0 0 0 0 0 0 0 
1887 2966225.3 85.2648644822718 78.18182636474313 145.41686035156243 0 0 0 0 0 0 0 
1888 2966258.7 85.2648644822718 78.18182636474313 145.41686035156243 0 0 0 0 0 0 0 
1889 2966292.0 85.2648644822718 78.18182636474313 145.41686035156243 0 0 0 0 0 0 0 
1890 2966325.3 85.27036601718117 78.18182636474313 145.41686035156243 0 0 0 0 0 0 0 
1891 2966358.7 85.27036601718117 78.20044291430608 145.41686035156243 0 0 0 0 0 0 0 
1892 2966392.0 85.27036601718117 78.20044291430608 145.41686035156243 0 0 0 0 0 0 0 
1893 2966425.3 85.27036601718117 78.20044291430608 145.41686035156243 0 0 0 0 0 0 0 
1894 2966458.7 85.2744926981275 78.20044291430608 145.41686035156243 0 0 0 0 0 0 0 
1895 2966492.0 85.2744926981275 78.22010809789882 145.41686035156243 0 0 0 0 0 0 0 
1896 2966525.3 85.27405078124995 78.22021777343747 145.36985546874993 0 0 0 0 0 0 0 
1897 2966558.7 85.27405078124995 78.22021777343747 145.36985546874993 0 0 0 0 0 0 0 
1898 2966592.0 85.27063443101038 78.22021777343747 145.36985546874993 0 0 0 0 0 0 0 
1899 2966625.4 85.27063443101038 78.23410097467479 145.36985546874993 0 0 0 0 0 0 0 
1900 2966658.7 85.27063443101038 78.23410097467479 145.36985546874993 0 0 0 0 0 0 0 
1901 2966692.0 85.27063443101038 78.23410097467479 145.36985546874993 0 0 0 0 0 0 0 
1902 2966725.4 85.25777397299751 78.23410097467479 145.36985546874993 0 0 0 0 0 0 0 
1903 2966758.7 85.25777397299751 78.24173852017373 145.36985546874993 0 0 0 0 0 0 0 
1904 2966792.0 85.25777397299751 78.24173852017373 145.36985546874993 0 0 0 0 0 0 0 
1905 2966825.4 85.25777397299751 78.24173852017373 145.36985546874993 0 0 0 0 0 0 0 
1906 2966858.7 85.2333286203874 78.24173852017373 145.36985546874993 0 0 0 0 0 0 0 
1907 2966892.0 85.2333286203874 78.25141916664663 145.36985546874993 0 0 0 0 0 0 0 
1908 2966925.4 85.2333286203874 78.25141916664663 145.36985546874993 0 0 0 0 0 0 0 
1909 2966958.7 85.2333286203874 78.25141916664663 145.36985546874993 0 0 0 0 0 0 0 
1910 2966992.1 85.20886176871949 78.25141916664663 145.36985546874993 0 0 0 0 0 0 0 
1911 2967025.4 85.20886176871949 78.25758127072326 145.36985546874993 0 0 0 0 0 0 0 
1912 2967058.7 85.20881445312496 78.25779687499997 145.4210771484374 0 0 0 0 0 0 0 
1913 2967092.1 85.20881445312496 78.25779687499997 145.4210771484374 0 0 0 0 0 0 0 
1914 2967125.4 85.1858085472986 78.25779687499997 145.4210771484374 0 0 0 0 0 0 0 
1915 2967158.7 85.1858085472986 78.25779687499997 145.4210771484374 0 0 0 0 0 0 0 
1916 2967192.1 85.1858085472986 78.25779687499997 145.4210771484374 0 0 0 0 0 0 0 
1917 2967225.4 85.18587011718745 78.25779687499997 145.46262499999992 0 0 0 0 0 0 0 
1918 2967258.7 85.15877165657808 78.25779687499997 145.46262499999992 0 0 0 0 0 0 0 
1919 2967292.1 85.15877165657808 78.25421778741965 145.46262499999992 0 0 0 0 0 0 0 
1920 2967325.4 85.15877165657808 78.25421778741965 145.46262499999992 0 0 0 0 0 0 0 
1921 2967358.7 85.15877165657808 78.25421778741965 145.46262499999992 0 0 0 0 0 0 0 
1922 2967392.1 85.1469017886353 78.25421778741965 145.46262499999992 0 0 0 0 0 0 0 
1923 2967425.4 85.1469017886353 78.24818746391493 145.46262499999992 0 0 0 0 0 0 0 
1924 2967458.8 85.1469017886353 78.24818746391493 145.46262499999992 0 0 0 0 0 0 0 
1925 2967492.1 85.1469017886353 78.24818746391493 145.46262499999992 0 0 0 0 0 0 0 
1926 2967525.4 85.12615167854219 78.24818746391493 145.46262499999992 0 0 0 0 0 0 0 
1927 2967558.8 85.12615167854219 78.23424242950082 145.46262499999992 0 0 0 0 0 0 0 
1928 2967592.1 85.12615167854219 78.23424242950082 145.46262499999992 0 0 0 0 0 0 0 
1929 2967625.4 85.12615167854219 78.23424242950082 145.46262499999992 0 0 0 0 0 0 0 
1930 2967658.8 85.09958876001176 78.23424242950082 145.46262499999992 0 0 0 0 0 0 0 
1931 2967692.1 85.09958876001176 78.22115501016032 145.46262499999992 0 0 0 0 0 0 0 
1932 2967725.4 85.09958876001176 78.22115501016032 145.46262499999992 0 0 0 0 0 0 0 
1933 2967758.8 85.09958876001176 78.22115501016032 145.46262499999992 0 0 0 0 0 0 0 
1934 2967792.1 85.08442125250254 78.22115501016032 145.46262499999992 0 0 0 0 0 0 0 
1935 2967825.5 85.08442125250254 78.21843850279984 145.46262499999992 0 0 0 0 0 0 0 
1936 2967858.8 85.08442125250254 78.21843850279984 145.46262499999992 0 0 0 0 0 0 0 
1937 2967892.1 85.08442125250254 78.21843850279984 145.46262499999992 0 0 0 0 0 0 0 
1938 2967925.5 85.0700725838973 78.21843850279984 145.46262499999992 0 0 0 0 0 0 0 
1939 2967958.8 85.0700725838973 78.21843850279984 145.46262499999992 0 0 0 0 0 0 0 
1940 2967992.1 85.0700725838973 78.21843850279984 145.46262499999992 0 0 0 0 0 0 0 
1941 2968025.5 85.06399133497118 78.21843850279984 145.46262499999992 0 0 0 0 0 0 0 
1942 2968058.8 85.06399133497118 78.21843850279984 145.46262499999992 0 0 0 0 0 0 0 
1943 2968092.1 85.06399133497118 78.21843850279984 145.46262499999992 0 0 0 0 0 0 0 
1944 2968125.5 85.05805395552453 78.21843850279984 145.46262499999992 0 0 0 0 0 0 0 
1945 2968158.8 85.05805395552453 78.22189538600337 145.46262499999992 0 0 0 0 0 0 0 
1946 2968192.1 85.05805395552453 78.22189538600337 145.46262499999992 0 0 0 0 0 0 0 
1947 2968225.5 85.05805395552453 78.22189538600337 145.46262499999992 0 0 0 0 0 0 0 
1948 2968258.8 85.05805395552453 78.22802749075862 145.46262499999992 0 0 0 0 0 0 0 
1949 2968292.2 85.05805395552453 78.22802749075862 145.46262499999992 0 0 0 0 0 0 0 
1950 2968325.5 85.05805395552453 78.22802749075862 145.46262499999992 0 0 0 0 0 0 0 
1951 2968358.8 85.0823331410977 78.22802749075862 145.46262499999992 0 0 0 0 0 0 0 
1952 2968392.2 85.0823331410977 78.22497442012263 145.46262499999992 0 0 0 0 0 0 0 
1953 2968425.5 85.0823331410977 78.22497442012263 145.46262499999992 0 0 0 0 0 0 0 
1954 2968458.8 85.0823331410977 78.22497442012263 145.46262499999992 0 0 0 0 0 0 0 
1955 2968492.2 85.12330053899153 78.22497442012263 145.46262499999992 0 0 0 0 0 0 0 
1956 2968525.5 85.12330053899153 78.23012915826247 145.46262499999992 0 0 0 0 0 0 0 
1957 2968558.8 85.12330053899153 78.23012915826247 145.46262499999992 0 0 0 0 0 0 0 
1958 2968592.2 85.12330053899153 78.23012915826247 145.46262499999992 0 0 0 0 0 0 0 
1959 2968625.5 85.16220529034315 78.23012915826247 145.46262499999992 0 0 0 0 0 0 0 
1960 2968658.9 85.16220529034315 78.24325624631174 145.46262499999992 0 0 0 0 0 0 0 
1961 2968692.2 85.16220529034315 78.24325624631174 145.46262499999992 0 0 0 0 0 0 0 
1962 2968725.5 85.16220529034315 78.24325624631174 145.46262499999992 0 0 0 0 0 0 0 
1963 2968758.9 85.20394106715527 78.24325624631174 145.46262499999992 0 0 0 0 0 0 0 
1964 2968792.2 85.20394106715527 78.24916472799599 145.46262499999992 0 0 0 0 0 0 0 
1965 2968825.5 85.20394106715527 78.24916472799599 145.46262499999992 0 0 0 0 0 0 0 
1966 2968858.9 85.20394106715527 78.24916472799599 145.46262499999992 0 0 0 0 0 0 0 
1967 2968892.2 85.24103164507842 78.24916472799599 145.46262499999992 0 0 0 0 0 0 0 
1968 2968925.5 85.24103164507842 78.24031705525223 145.46262499999992 0 0 0 0 0 0 0 
1969 2968958.9 85.24103164507842 78.24031705525223 145.46262499999992 0 0 0 0 0 0 0 
1970 2968992.2 85.24103164507842 78.24031705525223 145.46262499999992 0 0 0 0 0 0 0 
1971 2969025.5 85.26303306894654 78.24031705525223 145.46262499999992 0 0 0 0 0 0 0 
1972 2969058.9 85.26303306894654 78.21145034556801 145.46262499999992 0 0 0 0 0 0 0 
1973 2969092.2 85.26303306894654 78.21145034556801 145.46262499999992 0 0 0 0 0 0 0 
1974 2969125.6 85.26303306894654 78.21145034556801 145.46262499999992 0 0 0 0 0 0 0 
1975 2969158.9 85.27454940702911 78.21145034556801 145.46262499999992 0 0 0 0 0 0 0 
1976 2969192.2 85.27454940702911 78.17188885125434 145.46262499999992 0 0 0 0 0 0 0 
1977 2969225.6 85.27454940702911 78.17188885125434 145.46262499999992 0 0 0 0 0 0 0 
1978 2969258.9 85.27454940702911 78.17188885125434 145.46262499999992 0 0 0 0 0 0 0 
1979 2969292.2 85.27454940702911 78.12732396741023 145.46262499999992 0 0 0 0 0 0 0 
1980 2969325.6 85.27454940702911 78.12732396741023 145.46262499999992 0 0 0 0 0 0 0 
1981 2969358.9 85.27454940702911 78.12732396741023 145.46262499999992 0 0 0 0 0 0 0 
1982 2969392.2 85.27454940702911 78.12732396741023 145.46262499999992 0 0 0 0 0 0 0 
1983 2969425.6 85.27905027634849 78.12732396741023 145.46262499999992 0 0 0 0 0 0 0 
1984 2969458.9 85.27905027634849 78.07981421019726 145.46262499999992 0 0 0 0 0 0 0 
1985 2969492.3 85.27905027634849 78.07981421019726 145.46262499999992 0 0 0 0 0 0 0 
1986 2969525.6 85.27905027634849 78.07981421019726 145.46262499999992 0 0 0 0 0 0 0 
1987 2969558.9 85.30239559841344 78.07981421019726 145.46262499999992 0 0 0 0 0 0 0 
1988 2969592.3 85.30239559841344 78.04558668131216 145.46262499999992 0 0 0 0 0 0 0 
1989 2969625.6 85.30239559841344 78.04558668131216 145.46262499999992 0 0 0 0 0 0 0 
1990 2969658.9 85.30239559841344 78.04558668131216 145.46262499999992 0 0 0 0 0 0 0 
1991 2969692.3 85.33395666393008 78.04558668131216 145.46262499999992 0 0 0 0 0 0 0 
1992 2969725.6 85.33395666393008 78.0200023321639 145.46262499999992 0 0 0 0 0 0 0 
1993 2969758.9 85.33395666393008 78.0200023321639 145.46262499999992 0 0 0 0 0 0 0 
1994 2969792.3 85.33395666393008 78.0200023321639 145.46262499999992 0 0 0 0 0 0 0 
1995 2969825.6 85.36263575829209 78.0200023321639 145.46262499999992 0 0 0 0 0 0 0 
1996 2969858.9 85.36263575829209 78.00291101160994 145.46262499999992 0 0 0 0 0 0 0 
1997 2969892.3 85.36263575829209 78.00291101160994 145.46262499999992 0 0 0 0 0 0 0 
1998 2969925.6 85.36263575829209 78.00291101160994 145.46262499999992 0 0 0 0 0 0 0 
1999 2969959.0 85.39305969313881 78.00291101160994 145.46262499999992 0 0 0 0 0 0 0 
2000 2969992.3 85.39305969313881 77.99216489507319 145.46262499999992 0 0 0 0 0 0 0 
2001 2970025.6 85.39305969313881 77.99216489507319 145.46262499999992 0 0 0 0 0 0 0 
2002 2970059.0 85.39305969313881 77.99216489507319 145.46262499999992 0 0 0 0 0 0 0 
2003 2970092.3 85.41976279748046 77.99216489507319 145.46262499999992 0 0 0 0 0 0 0 
2004 2970125.6 85.41976279748046 78.0036256393745 145.46262499999992 0 0 0 0 0 0 0 
2005 2970159.0 85.41976279748046 78.0036256393745 145.46262499999992 0 0 0 0 0 0 0 
2006 2970192.3 85.41976279748046 78.0036256393745 145.46262499999992 0 0 0 0 0 0 0 
2007 2970225.6 85.46206005808814 78.0036256393745 145.46262499999992 0 0 0 0 0 0 0 
2008 2970259.0 85.46206005808814 78.0324691623556 145.46262499999992 0 0 0 0 0 0 0 
2009 2970292.3 85.46206005808814 78.0324691623556 145.46262499999992 0 0 0 0 0 0 0 
2010 2970325.7 85.46206005808814 78.0324691623556 145.46262499999992 0 0 0 0 0 0 0 
2011 2970359.0 85.50121158374755 78.0324691623556 145.46262499999992 0 0 0 0 0 0 0 
2012 2970392.3 85.50121158374755 78.04242636336548 145.46262499999992 0 0 0 0 0 0 0 
2013 2970425.7 85.50121158374755 78.04242636336548 145.46262499999992 0 0 0 0 0 0 0 
2014 2970459.0 85.50121158374755 78.04242636336548 145.46262499999992 0 0 0 0 0 0 0 
2015 2970492.3 85.53335201006705 78.04242636336548 145.46262499999992 0 0 0 0 0 0 0 
2016 2970525.7 85.53335201006705 78.03558138583466 145.46262499999992 0 0 0 0 0 0 0 
2017 2970559.0 85.53335201006705 78.03558138583466 145.46262499999992 0 0 0 0 0 0 0 
2018 2970592.3 85.53335201006705 78.03558138583466 145.46262499999992 0 0 0 0 0 0 0 
2019 2970625.7 85.56431899269182 78.03558138583466 145.46262499999992 0 0 0 0 0 0 0 
2020 2970659.0 85.56431899269182 78.0097102419514 145.46262499999992 0 0 0 0 0 0 0 
2021 2970692.3 85.56431899269182 78.0097102419514 145.46262499999992 0 0 0 0 0 0 0 
2022 2970725.7 85.56431899269182 78.0097102419514 145.46262499999992 0 0 0 0 0 0 0 
2023 2970759.0 85.58318419704712 78.0097102419514 145.46262499999992 0 0 0 0 0 0 0 
2024 2970792.4 85.58318419704712 77.97992031410352 145.46262499999992 0 0 0 0 0 0 0 
2025 2970825.7 85.58318419704712 77.97992031410352 145.46262499999992 0 0 0 0 0 0 0 
2026 2970859.0 85.58318419704712 77.97992031410352 145.46262499999992 0 0 0 0 0 0 0 
2027 2970892.4 85.59221502006723 77.97992031410352 145.46262499999992 0 0 0 0 0 0 0 
2028 2970925.7 85.59221502006723 77.96183240779808 145.46262499999992 0 0 0 0 0 0 0 
2029 2970959.0 85.59221502006723 77.96183240779808 145.46262499999992 0 0 0 0 0 0 0 
2030 2970992.4 85.59221502006723 77.96183240779808 145.46262499999992 0 0 0 0 0 0 0 
2031 2971025.7 85.5985360644843 77.96183240779808 145.46262499999992 0 0 0 0 0 0 0 
2032 2971059.0 85.5985360644843 77.95933220552627 145.46262499999992 0 0 0 0 0 0 0 
2033 2971092.4 85.5985360644843 77.95933220552627 145.46262499999992 0 0 0 0 0 0 0 
2034 2971125.7 85.60175432387521 77.95933220552627 145.46262499999992 0 0 0 0 0 0 0 
2035 2971159.1 85.60175432387521 77.96823687303147 145.46262499999992 0 0 0 0 0 0 0 
2036 2971192.4 85.60175432387521 77.96823687303147 145.46262499999992 0 0 0 0 0 0 0 
2037 2971225.7 85.60325912062022 77.96823687303147 145.46262499999992 0 0 0 0 0 0 0 
2038 2971259.1 85.60325912062022 77.983825090772 145.46262499999992 0 0 0 0 0 0 0 
2039 2971292.4 85.60325912062022 77.983825090772 145.46262499999992 0 0 0 0 0 0 0 
2040 2971325.7 85.60325912062022 77.983825090772 145.46262499999992 0 0 0 0 0 0 0 
2041 2971359.1 85.60325912062022 77.99874165267074 145.46262499999992 0 0 0 0 0 0 0 
2042 2971392.4 85.60325912062022 77.99874165267074 145.46262499999992 0 0 0 0 0 0 0 
2043 2971425.7 85.60325912062022 77.99874165267074 145.46262499999992 0 0 0 0 0 0 0 
2044 2971459.1 85.5911001380908 77.99874165267074 145.46262499999992 0 0 0 0 0 0 0 
2045 2971492.4 85.5911001380908 78.01514158971777 145.46262499999992 0 0 0 0 0 0 0 
2046 2971525.7 85.5911001380908 78.01514158971777 145.46262499999992 0 0 0 0 0 0 0 
2047 2971559.1 85.5911001380908 78.01514158971777 145.46262499999992 0 0 0 0 0 0 0 
2048 2971592.4 85.5600748986921 78.01514158971777 145.46262499999992 0 0 0 0 0 0 0 
2049 2971625.8 85.5600748986921 78.03216988747619 145.46262499999992 0 0 0 0 0 0 0 
2050 2971659.1 85.5600748986921 78.03216988747619 145.46262499999992 0 0 0 0 0 0 0 
2051 2971692.4 85.5600748986921 78.03216988747619 145.46262499999992 0 0 0 0 0 0 0 
2052 2971725.8 85.56477531626457 78.03216988747619 145.46262499999992 0 0 0 0 0 0 0 
2053 2971759.1 85.56477531626457 78.02165716129426 145.46262499999992 0 0 0 0 0 0 0 
2054 2971792.4 85.56477531626457 78.02165716129426 145.46262499999992 0 0 0 0 0 0 0 
2055 2971825.8 85.56477531626457 78.02165716129426 145.46262499999992 0 0 0 0 0 0 0 
2056 2971859.1 85.54607041389686 78.02165716129426 145.46262499999992 0 0 0 0 0 0 0 
2057 2971892.4 85.54607041389686 78.02267879700689 145.46262499999992 0 0 0 0 0 0 0 
2058 2971925.8 85.54607041389686 78.02267879700689 145.46262499999992 0 0 0 0 0 0 0 
2059 2971959.1 85.54607041389686 78.02267879700689 145.46262499999992 0 0 0 0 0 0 0 
2060 2971992.5 85.47456587473032 78.02267879700689 145.46262499999992 0 0 0 0 0 0 0 
2061 2972025.8 85.47456587473032 78.02842812998557 145.46262499999992 0 0 0 0 0 0 0 
2062 2972059.1 85.47456587473032 78.02842812998557 145.46262499999992 0 0 0 0 0 0 0 
2063 2972092.5 85.47456587473032 78.02842812998557 145.46262499999992 0 0 0 0 0 0 0 
2064 2972125.8 85.40132445436328 78.02842812998557 145.46262499999992 0 0 0 0 0 0 0 
2065 2972159.1 85.40132445436328 78.0090692133551 145.46262499999992 0 0 0 0 0 0 0 
2066 2972192.5 85.40132445436328 78.0090692133551 145.46262499999992 0 0 0 0 0 0 0 
2067 2972225.8 85.40132445436328 78.0090692133551 145.46262499999992 0 0 0 0 0 0 0 
2068 2972259.1 85.40132445436328 78.0090692133551 145.46262499999992 0 0 0 0 0 0 0 
2069 2972292.5 85.36681780791203 78.0090692133551 145.46262499999992 0 0 0 0 0 0 0 
2070 2972325.8 85.36681780791203 77.97836899471588 145.46262499999992 0 0 0 0 0 0 0 
2071 2972359.1 85.36681780791203 77.97836899471588 145.46262499999992 0 0 0 0 0 0 0 
2072 2972392.5 85.36681780791203 77.97836899471588 145.46262499999992 0 0 0 0 0 0 0 
2073 2972425.8 85.3501172927791 77.97836899471588 145.46262499999992 0 0 0 0 0 0 0 
2074 2972459.2 85.3501172927791 77.9539672192971 145.46262499999992 0 0 0 0 0 0 0 
2075 2972492.5 85.3501172927791 77.9539672192971 145.46262499999992 0 0 0 0 0 0 0 
2076 2972525.8 85.3501172927791 77.9539672192971 145.46262499999992 0 0 0 0 0 0 0 
2077 2972559.2 85.3405407289854 77.9539672192971 145.46262499999992 0 0 0 0 0 0 0 
2078 2972592.5 85.3405407289854 77.94235768379254 145.46262499999992 0 0 0 0 0 0 0 
2079 2972625.8 85.3405407289854 77.94235768379254 145.46262499999992 0 0 0 0 0 0 0 
2080 2972659.2 85.3405407289854 77.94235768379254 145.46262499999992 0 0 0 0 0 0 0 
2081 2972692.5 85.33058404481574 77.94235768379254 145.46262499999992 0 0 0 0 0 0 0 
2082 2972725.8 85.33058404481574 77.93305481424731 145.46262499999992 0 0 0 0 0 0 0 
2083 2972759.2 85.33058404481574 77.93305481424731 145.46262499999992 0 0 0 0 0 0 0 
2084 2972792.5 85.33058404481574 77.93305481424731 145.46262499999992 0 0 0 0 0 0 0 
2085 2972825.9 85.33058404481574 77.93305481424731 145.46262499999992 0 0 0 0 0 0 0 
2086 2972859.2 85.32433334879998 77.9148510996612 145.46262499999992 0 0 0 0 0 0 0 
2087 2972892.5 85.32433334879998 77.9148510996612 145.46262499999992 0 0 0 0 0 0 0 
2088 2972925.9 85.32433334879998 77.9148510996612 145.46262499999992 0 0 0 0 0 0 0 
2089 2972959.2 85.32433334879998 77.88839547272158 145.46262499999992 0 0 0 0 0 0 0 
2090 2972992.5 85.32433334879998 77.88839547272158 145.46262499999992 0 0 0 0 0 0 0 
2091 2973025.9 85.32433334879998 77.88839547272158 145.46262499999992 0 0 0 0 0 0 0 
2092 2973059.2 85.32433334879998 77.88839547272158 145.46262499999992 0 0 0 0 0 0 0 
2093 2973092.5 85.33486920432507 77.88839547272158 145.46262499999992 0 0 0 0 0 0 0 
2094 2973125.9 85.33486920432507 77.86236485258485 145.46262499999992 0 0 0 0 0 0 0 
2095 2973159.2 85.33486920432507 77.86236485258485 145.46262499999992 0 0 0 0 0 0 0 
2096 2973192.5 85.33486920432507 77.86236485258485 145.46262499999992 0 0 0 0 0 0 0 
2097 2973225.9 85.35050329149256 77.86236485258485 145.46262499999992 0 0 0 0 0 0 0 
2098 2973259.2 85.35050329149256 77.83401578264566 145.46262499999992 0 0 0 0 0 0 0 
2099 2973292.6 85.35050329149256 77.83401578264566 145.46262499999992 0 0 0 0 0 0 0 
2100 2973325.9 85.35050329149256 77.83401578264566 145.46262499999992 0 0 0 0 0 0 0 
2101 2973359.2 85.35643390293646 77.83401578264566 145.46262499999992 0 0 0 0 0 0 0 
2102 2973392.6 85.35643390293646 77.79540916661365 145.46262499999992 0 0 0 0 0 0 0 
2103 2973425.9 85.35643390293646 77.79540916661365 145.46262499999992 0 0 0 0 0 0 0 
2104 2973459.2 85.35643390293646 77.79540916661365 145.46262499999992 0 0 0 0 0 0 0 
2105 2973492.6 85.35925621554077 77.79540916661365 145.46262499999992 0 0 0 0 0 0 0 
2106 2973525.9 85.35925621554077 77.77495197827143 145.46262499999992 0 0 0 0 0 0 0 
2107 2973559.2 85.35925621554077 77.77495197827143 145.46262499999992 0 0 0 0 0 0 0 
2108 2973592.6 85.35925621554077 77.77495197827143 145.46262499999992 0 0 0 0 0 0 0 
2109 2973625.9 85.3582024883154 77.77495197827143 145.46262499999992 0 0 0 0 0 0 0 
2110 2973659.3 85.3582024883154 77.75249246941283 145.46262499999992 0 0 0 0 0 0 0 
2111 2973692.6 85.3582024883154 77.75249246941283 145.46262499999992 0 0 0 0 0 0 0 
2112 2973725.9 85.3582024883154 77.75249246941283 145.46262499999992 0 0 0 0 0 0 0 
2113 2973759.3 85.35236023379258 77.75249246941283 145.46262499999992 0 0 0 0 0 0 0 
2114 2973792.6 85.35236023379258 77.7320844821332 145.46262499999992 0 0 0 0 0 0 0 
2115 2973825.9 85.35236023379258 77.7320844821332 145.46262499999992 0 0 0 0 0 0 0 
2116 2973859.3 85.35236023379258 77.7320844821332 145.46262499999992 0 0 0 0 0 0 0 
2117 2973892.6 85.34161794972874 77.7320844821332 145.46262499999992 0 0 0 0 0 0 0 
2118 2973925.9 85.34161794972874 77.70845655732244 145.46262499999992 0 0 0 0 0 0 0 
2119 2973959.3 85.34161794972874 77.70845655732244 145.46262499999992 0 0 0 0 0 0 0 
2120 2973992.6 85.34161794972874 77.70845655732244 145.46262499999992 0 0 0 0 0 0 0 
2121 2974025.9 85.32163555786236 77.70845655732244 145.46262499999992 0 0 0 0 0 0 0 
2122 2974059.3 85.32163555786236 77.68667770374812 145.46262499999992 0 0 0 0 0 0 0 
2123 2974092.6 85.32163555786236 77.68667770374812 145.46262499999992 0 0 0 0 0 0 0 
2124 2974126.0 85.32163555786236 77.68667770374812 145.46262499999992 0 0 0 0 0 0 0 
2125 2974159.3 85.3006923961267 77.68667770374812 145.46262499999992 0 0 0 0 0 0 0 
2126 2974192.6 85.3006923961267 77.66534479159404 145.46262499999992 0 0 0 0 0 0 0 
2127 2974226.0 85.3006923961267 77.66534479159404 145.46262499999992 0 0 0 0 0 0 0 
2128 2974259.3 85.3006923961267 77.66534479159404 145.46262499999992 0 0 0 0 0 0 0 
2129 2974292.6 85.2826967044334 77.66534479159404 145.46262499999992 0 0 0 0 0 0 0 
2130 2974326.0 85.2826967044334 77.64762168321865 145.46262499999992 0 0 0 0 0 0 0 
2131 2974359.3 85.2826967044334 77.64762168321865 145.46262499999992 0 0 0 0 0 0 0 
2132 2974392.6 85.2826967044334 77.64762168321865 145.46262499999992 0 0 0 0 0 0 0 
2133 2974426.0 85.26925400241916 77.64762168321865 145.46262499999992 0 0 0 0 0 0 0 
2134 2974459.3 85.26925400241916 77.63397781028688 145.46262499999992 0 0 0 0 0 0 0 
2135 2974492.7 85.26925400241916 77.63397781028688 145.46262499999992 0 0 0 0 0 0 0 
2136 2974526.0 85.26925400241916 77.63397781028688 145.46262499999992 0 0 0 0 0 0 0 
2137 2974559.3 85.26001208846836 77.63397781028688 145.46262499999992 0 0 0 0 0 0 0 
2138 2974592.7 85.26001208846836 77.61973008868868 145.46262499999992 0 0 0 0 0 0 0 
2139 2974626.0 85.26001208846836 77.61973008868868 145.46262499999992 0 0 0 0 0 0 0 
2140 2974659.3 85.26001208846836 77.61973008868868 145.46262499999992 0 0 0 0 0 0 0 
2141 2974692.7 85.24866861605793 77.61973008868868 145.46262499999992 0 0 0 0 0 0 0 
2142 2974726.0 85.24866861605793 77.60664499884543 145.46262499999992 0 0 0 0 0 0 0 
2143 2974759.3 85.24866861605793 77.60664499884543 145.46262499999992 0 0 0 0 0 0 0 
2144 2974792.7 85.24866861605793 77.60664499884543 145.46262499999992 0 0 0 0 0 0 0 
2145 2974826.0 85.22912748626958 77.60664499884543 145.46262499999992 0 0 0 0 0 0 0 
2146 2974859.3 85.22912748626958 77.59361452730548 145.46262499999992 0 0 0 0 0 0 0 
2147 2974892.7 85.22912748626958 77.59361452730548 145.46262499999992 0 0 0 0 0 0 0 
2148 2974926.0 85.22912748626958 77.59361452730548 145.46262499999992 0 0 0 0 0 0 0 
2149 2974959.4 85.20735090671941 77.59361452730548 145.46262499999992 0 0 0 0 0 0 0 
2150 2974992.7 85.20735090671941 77.58685990136794 145.46262499999992 0 0 0 0 0 0 0 
2151 2975026.0 85.20735090671941 77.58685990136794 145.46262499999992 0 0 0 0 0 0 0 
2152 2975059.4 85.20735090671941 77.58685990136794 145.46262499999992 0 0 0 0 0 0 0 
2153 2975092.7 85.1755624374418 77.58685990136794 145.46262499999992 0 0 0 0 0 0 0 
2154 2975126.0 85.1755624374418 77.58252546441229 145.46262499999992 0 0 0 0 0 0 0 
2155 2975159.4 85.1755624374418 77.58252546441229 145.46262499999992 0 0 0 0 0 0 0 
2156 2975192.7 85.1755624374418 77.58252546441229 145.46262499999992 0 0 0 0 0 0 0 
2157 2975226.0 85.15808747731774 77.58252546441229 145.46262499999992 0 0 0 0 0 0 0 
2158 2975259.4 85.15808747731774 77.57620066466367 145.46262499999992 0 0 0 0 0 0 0 
2159 2975292.7 85.15808747731774 77.57620066466367 145.46262499999992 0 0 0 0 0 0 0 
2160 2975326.1 85.15808747731774 77.57620066466367 145.46262499999992 0 0 0 0 0 0 0 
2161 2975359.4 85.13905184805483 77.57620066466367 145.46262499999992 0 0 0 0 0 0 0 
2162 2975392.7 85.13905184805483 77.57438224612292 145.46262499999992 0 0 0 0 0 0 0 
2163 2975426.1 85.13905184805483 77.57438224612292 145.46262499999992 0 0 0 0 0 0 0 
2164 2975459.4 85.13905184805483 77.57438224612292 145.46262499999992 0 0 0 0 0 0 0 
2165 2975492.7 85.11332068939653 77.57438224612292 145.46262499999992 0 0 0 0 0 0 0 
2166 2975526.1 85.11332068939653 77.55892816681552 145.46262499999992 0 0 0 0 0 0 0 
2167 2975559.4 85.11332068939653 77.55892816681552 145.46262499999992 0 0 0 0 0 0 0 
2168 2975592.7 85.11332068939653 77.55892816681552 145.46262499999992 0 0 0 0 0 0 0 
2169 2975626.1 85.09505286454201 77.55892816681552 145.46262499999992 0 0 0 0 0 0 0 
2170 2975659.4 85.09505286454201 77.5408412529518 145.46262499999992 0 0 0 0 0 0 0 
2171 2975692.7 85.09505286454201 77.5408412529518 145.46262499999992 0 0 0 0 0 0 0 
2172 2975726.1 85.09505286454201 77.5408412529518 145.46262499999992 0 0 0 0 0 0 0 
2173 2975759.4 85.08469602819339 77.5408412529518 145.46262499999992 0 0 0 0 0 0 0 
2174 2975792.8 85.08469602819339 77.5150147323796 145.46262499999992 0 0 0 0 0 0 0 
2175 2975826.1 85.08469602819339 77.5150147323796 145.46262499999992 0 0 0 0 0 0 0 
2176 2975859.4 85.08469602819339 77.5150147323796 145.46262499999992 0 0 0 0 0 0 0 
2177 2975892.8 85.08769846073059 77.5150147323796 145.46262499999992 0 0 0 0 0 0 0 
2178 2975926.1 85.08769846073059 77.47999896413604 145.46262499999992 0 0 0 0 0 0 0 
2179 2975959.4 85.08769846073059 77.47999896413604 145.46262499999992 0 0 0 0 0 0 0 
2180 2975992.8 85.08769846073059 77.47999896413604 145.46262499999992 0 0 0 0 0 0 0 
2181 2976026.1 85.10195676006983 77.47999896413604 145.46262499999992 0 0 0 0 0 0 0 
2182 2976059.4 85.10195676006983 77.4422297080722 145.46262499999992 0 0 0 0 0 0 0 
2183 2976092.8 85.10195676006983 77.4422297080722 145.46262499999992 0 0 0 0 0 0 0 
2184 2976126.1 85.10195676006983 77.4422297080722 145.46262499999992 0 0 0 0 0 0 0 
2185 2976159.5 85.11963246712688 77.4422297080722 145.46262499999992 0 0 0 0 0 0 0 
2186 2976192.8 85.11963246712688 77.42239432597802 145.46262499999992 0 0 0 0 0 0 0 
2187 2976226.1 85.11963246712688 77.42239432597802 145.46262499999992 0 0 0 0 0 0 0 
2188 2976259.5 85.11963246712688 77.42239432597802 145.46262499999992 0 0 0 0 0 0 0 
2189 2976292.8 85.15850042520334 77.42239432597802 145.46262499999992 0 0 0 0 0 0 0 
2190 2976326.1 85.15850042520334 77.40192614830882 145.46262499999992 0 0 0 0 0 0 0 
2191 2976359.5 85.15850042520334 77.40192614830882 145.46262499999992 0 0 0 0 0 0 0 
2192 2976392.8 85.15850042520334 77.40192614830882 145.46262499999992 0 0 0 0 0 0 0 
2193 2976426.1 85.20254971492656 77.40192614830882 145.46262499999992 0 0 0 0 0 0 0 
2194 2976459.5 85.20254971492656 77.38099000078745 145.46262499999992 0 0 0 0 0 0 0 
2195 2976492.8 85.20254971492656 77.38099000078745 145.46262499999992 0 0 0 0 0 0 0 
2196 2976526.1 85.20254971492656 77.38099000078745 145.46262499999992 0 0 0 0 0 0 0 
2197 2976559.5 85.22815636241708 77.38099000078745 145.46262499999992 0 0 0 0 0 0 0 
2198 2976592.8 85.22815636241708 77.34382928838325 145.46262499999992 0 0 0 0 0 0 0 
2199 2976626.2 85.22815636241708 77.34382928838325 145.46262499999992 0 0 0 0 0 0 0 
2200 2976659.5 85.22815636241708 77.34382928838325 145.46262499999992 0 0 0 0 0 0 0 
2201 2976692.8 85.23129357561314 77.34382928838325 145.46262499999992 0 0 0 0 0 0 0 
2202 2976726.2 85.23129357561314 77.30297669835026 145.46262499999992 0 0 0 0 0 0 0 
2203 2976759.5 85.23129357561314 77.30297669835026 145.46262499999992 0 0 0 0 0 0 0 
2204 2976792.8 85.23129357561314 77.30297669835026 145.46262499999992 0 0 0 0 0 0 0 
2205 2976826.2 85.22233835350265 77.30297669835026 145.46262499999992 0 0 0 0 0 0 0 
2206 2976859.5 85.22233835350265 77.26606350939845 145.46262499999992 0 0 0 0 0 0 0 
2207 2976892.8 85.22233835350265 77.26606350939845 145.46262499999992 0 0 0 0 0 0 0 
2208 2976926.2 85.22233835350265 77.26606350939845 145.46262499999992 0 0 0 0 0 0 0 
2209 2976959.5 85.20757361564719 77.26606350939845 145.46262499999992 0 0 0 0 0 0 0 
2210 2976992.9 85.20757361564719 77.23844707293632 145.46262499999992 0 0 0 0 0 0 0 
2211 2977026.2 85.20757361564719 77.23844707293632 145.46262499999992 0 0 0 0 0 0 0 
2212 2977059.5 85.20757361564719 77.23844707293632 145.46262499999992 0 0 0 0 0 0 0 
2213 2977092.9 85.18952467772574 77.23844707293632 145.46262499999992 0 0 0 0 0 0 0 
2214 2977126.2 85.18952467772574 77.21564482467178 145.46262499999992 0 0 0 0 0 0 0 
2215 2977159.5 85.18952467772574 77.21564482467178 145.46262499999992 0 0 0 0 0 0 0 
2216 2977192.9 85.18952467772574 77.21564482467178 145.46262499999992 0 0 0 0 0 0 0 
2217 2977226.2 85.16939436647239 77.21564482467178 145.46262499999992 0 0 0 0 0 0 0 
2218 2977259.5 85.16939436647239 77.19675059935994 145.46262499999992 0 0 0 0 0 0 0 
2219 2977292.9 85.16939436647239 77.19675059935994 145.46262499999992 0 0 0 0 0 0 0 
2220 2977326.2 85.16939436647239 77.19675059935994 145.46262499999992 0 0 0 0 0 0 0 
2221 2977359.5 85.1485514834329 77.19675059935994 145.46262499999992 0 0 0 0 0 0 0 
2222 2977392.9 85.1485514834329 77.18336207361034 145.46262499999992 0 0 0 0 0 0 0 
2223 2977426.2 85.1485514834329 77.18336207361034 145.46262499999992 0 0 0 0 0 0 0 
2224 2977459.6 85.1485514834329 77.18336207361034 145.46262499999992 0 0 0 0 0 0 0 
2225 2977492.9 85.13235956007507 77.18336207361034 145.46262499999992 0 0 0 0 0 0 0 
2226 2977526.2 85.13235956007507 77.16807406741381 145.46262499999992 0 0 0 0 0 0 0 
2227 2977559.6 85.13235956007507 77.16807406741381 145.46262499999992 0 0 0 0 0 0 0 
2228 2977592.9 85.13235956007507 77.16807406741381 145.46262499999992 0 0 0 0 0 0 0 
2229 2977626.2 85.1139270885891 77.16807406741381 145.46262499999992 0 0 0 0 0 0 0 
2230 2977659.6 85.1139270885891 77.15353639862292 145.46262499999992 0 0 0 0 0 0 0 
2231 2977692.9 85.1139270885891 77.15353639862292 145.46262499999992 0 0 0 0 0 0 0 
2232 2977726.2 85.1139270885891 77.15353639862292 145.46262499999992 0 0 0 0 0 0 0 
2233 2977759.6 85.0939067072827 77.15353639862292 145.46262499999992 0 0 0 0 0 0 0 
2234 2977792.9 85.0939067072827 77.14169518942246 145.46262499999992 0 0 0 0 0 0 0 
2235 2977826.3 85.0939067072827 77.14169518942246 145.46262499999992 0 0 0 0 0 0 0 
2236 2977859.6 85.0939067072827 77.14169518942246 145.46262499999992 0 0 0 0 0 0 0 
2237 2977892.9 85.07349239310939 77.14169518942246 145.46262499999992 0 0 0 0 0 0 0 
2238 2977926.3 85.07349239310939 77.1260573904284 145.46262499999992 0 0 0 0 0 0 0 
2239 2977959.6 85.07349239310939 77.1260573904284 145.46262499999992 0 0 0 0 0 0 0 
2240 2977992.9 85.07349239310939 77.1260573904284 145.46262499999992 0 0 0 0 0 0 0 
2241 2978026.3 85.06001758248145 77.1260573904284 145.46262499999992 0 0 0 0 0 0 0 
2242 2978059.6 85.06001758248145 77.10860432604889 145.46262499999992 0 0 0 0 0 0 0 
2243 2978092.9 85.06001758248145 77.10860432604889 145.46262499999992 0 0 0 0 0 0 0 
2244 2978126.3 85.06001758248145 77.10860432604889 145.46262499999992 0 0 0 0 0 0 0 
2245 2978159.6 85.05148190533887 77.10860432604889 145.46262499999992 0 0 0 0 0 0 0 
2246 2978192.9 85.05148190533887 77.0890091650063 145.46262499999992 0 0 0 0 0 0 0 
2247 2978226.3 85.05148190533887 77.0890091650063 145.46262499999992 0 0 0 0 0 0 0 
2248 2978259.6 85.05148190533887 77.0890091650063 145.46262499999992 0 0 0 0 0 0 0 
2249 2978293.0 85.04914019749428 77.0890091650063 145.46262499999992 0 0 0 0 0 0 0 
2250 2978326.3 85.04914019749428 77.05938716096084 145.46262499999992 0 0 0 0 0 0 0 
2251 2978359.6 85.04914019749428 77.05938716096084 145.46262499999992 0 0 0 0 0 0 0 
2252 2978393.0 85.04914019749428 77.05938716096084 145.46262499999992 0 0 0 0 0 0 0 
2253 2978426.3 85.05135088244573 77.05938716096084 145.46262499999992 0 0 0 0 0 0 0 
2254 2978459.6 85.05135088244573 77.03695044948185 145.46262499999992 0 0 0 0 0 0 0 
2255 2978493.0 85.05135088244573 77.03695044948185 145.46262499999992 0 0 0 0 0 0 0 
2256 2978526.3 85.05135088244573 77.03695044948185 145.46262499999992 0 0 0 0 0 0 0 
2257 2978559.6 85.06883924842441 77.03695044948185 145.46262499999992 0 0 0 0 0 0 0 
2258 2978593.0 85.06883924842441 77.01170211991992 145.46262499999992 0 0 0 0 0 0 0 
2259 2978626.3 85.06883924842441 77.01170211991992 145.46262499999992 0 0 0 0 0 0 0 
2260 2978659.7 85.06883924842441 77.01170211991992 145.46262499999992 0 0 0 0 0 0 0 
2261 2978693.0 85.09591104256806 77.01170211991992 145.46262499999992 0 0 0 0 0 0 0 
2262 2978726.3 85.09591104256806 76.98946847789516 145.46262499999992 0 0 0 0 0 0 0 
2263 2978759.7 85.09591104256806 76.98946847789516 145.46262499999992 0 0 0 0 0 0 0 
2264 2978793.0 85.09591104256806 76.98946847789516 145.46262499999992 0 0 0 0 0 0 0 
2265 2978826.3 85.12373165418018 76.98946847789516 145.46262499999992 0 0 0 0 0 0 0 
2266 2978859.7 85.12373165418018 76.97364893652569 145.46262499999992 0 0 0 0 0 0 0 
2267 2978893.0 85.12373165418018 76.97364893652569 145.46262499999992 0 0 0 0 0 0 0 
2268 2978926.3 85.12373165418018 76.97364893652569 145.46262499999992 0 0 0 0 0 0 0 
2269 2978959.7 85.14879607512358 76.97364893652569 145.46262499999992 0 0 0 0 0 0 0 
2270 2978993.0 85.14879607512358 76.95525631517361 145.46262499999992 0 0 0 0 0 0 0 
2271 2979026.3 85.14879607512358 76.95525631517361 145.46262499999992 0 0 0 0 0 0 0 
2272 2979059.7 85.14879607512358 76.95525631517361 145.46262499999992 0 0 0 0 0 0 0 
2273 2979093.0 85.17261275918253 76.95525631517361 145.46262499999992 0 0 0 0 0 0 0 
2274 2979126.4 85.17261275918253 76.93772366275242 145.46262499999992 0 0 0 0 0 0 0 
2275 2979159.7 85.17261275918253 76.93772366275242 145.46262499999992 0 0 0 0 0 0 0 
2276 2979193.0 85.17261275918253 76.93772366275242 145.46262499999992 0 0 0 0 0 0 0 
2277 2979226.4 85.18808234701393 76.93772366275242 145.46262499999992 0 0 0 0 0 0 0 
2278 2979259.7 85.18808234701393 76.91792524711887 145.46262499999992 0 0 0 0 0 0 0 
2279 2979293.0 85.18808234701393 76.91792524711887 145.46262499999992 0 0 0 0 0 0 0 
2280 2979326.4 85.18808234701393 76.91792524711887 145.46262499999992 0 0 0 0 0 0 0 
2281 2979359.7 85.19598116818837 76.91792524711887 145.46262499999992 0 0 0 0 0 0 0 
2282 2979393.0 85.19598116818837 76.90146500570252 145.46262499999992 0 0 0 0 0 0 0 
2283 2979426.4 85.19598116818837 76.90146500570252 145.46262499999992 0 0 0 0 0 0 0 
2284 2979459.7 85.19598116818837 76.90146500570252 145.46262499999992 0 0 0 0 0 0 0 
2285 2979493.1 85.19598116818837 76.88425997676511 145.46262499999992 0 0 0 0 0 0 0 
2286 2979526.4 85.19598116818837 76.88425997676511 145.46262499999992 0 0 0 0 0 0 0 
2287 2979559.7 85.19598116818837 76.88425997676511 145.46262499999992 0 0 0 0 0 0 0 
2288 2979593.1 85.19210234450095 76.88425997676511 145.46262499999992 0 0 0 0 0 0 0 
2289 2979626.4 85.19210234450095 76.8717428222333 145.46262499999992 0 0 0 0 0 0 0 
2290 2979659.7 85.19210234450095 76.8717428222333 145.46262499999992 0 0 0 0 0 0 0 
2291 2979693.1 85.19210234450095 76.8717428222333 145.46262499999992 0 0 0 0 0 0 0 
2292 2979726.4 85.18403415712666 76.8717428222333 145.46262499999992 0 0 0 0 0 0 0 
2293 2979759.7 85.18403415712666 76.85515911207217 145.46262499999992 0 0 0 0 0 0 0 
2294 2979793.1 85.18403415712666 76.85515911207217 145.46262499999992 0 0 0 0 0 0 0 
2295 2979826.4 85.18403415712666 76.85515911207217 145.46262499999992 0 0 0 0 0 0 0 
2296 2979859.7 85.17365306835102 76.85515911207217 145.46262499999992 0 0 0 0 0 0 0 
2297 2979893.1 85.17365306835102 76.8371681672339 145.46262499999992 0 0 0 0 0 0 0 
2298 2979926.4 85.17365306835102 76.8371681672339 145.46262499999992 0 0 0 0 0 0 0 
2299 2979959.8 85.17365306835102 76.8371681672339 145.46262499999992 0 0 0 0 0 0 0 
2300 2979993.1 85.16290194410804 76.8371681672339 145.46262499999992 0 0 0 0 0 0 0 
2301 2980026.4 85.16290194410804 76.81993822232124 145.46262499999992 0 0 0 0 0 0 0 
2302 2980059.8 85.16290194410804 76.81993822232124 145.46262499999992 0 0 0 0 0 0 0 
2303 2980093.1 85.16290194410804 76.81993822232124 145.46262499999992 0 0 0 0 0 0 0 
2304 2980126.4 85.1495130018638 76.81993822232124 145.46262499999992 0 0 0 0 0 0 0 
2305 2980159.8 85.1495130018638 76.8045488912386 145.46262499999992 0 0 0 0 0 0 0 
2306 2980193.1 85.1495130018638 76.8045488912386 145.46262499999992 0 0 0 0 0 0 0 
2307 2980226.4 85.1495130018638 76.8045488912386 145.46262499999992 0 0 0 0 0 0 0 
2308 2980259.8 85.1302779643829 76.8045488912386 145.46262499999992 0 0 0 0 0 0 0 
2309 2980293.1 85.1302779643829 76.78998844831303 145.46262499999992 0 0 0 0 0 0 0 
2310 2980326.5 85.1302779643829 76.78998844831303 145.46262499999992 0 0 0 0 0 0 0 
2311 2980359.8 85.1302779643829 76.78998844831303 145.46262499999992 0 0 0 0 0 0 0 
2312 2980393.1 85.1112564907835 76.78998844831303 145.46262499999992 0 0 0 0 0 0 0 
2313 2980426.5 85.1112564907835 76.78080928247041 145.46262499999992 0 0 0 0 0 0 0 
2314 2980459.8 85.1112564907835 76.78080928247041 145.46262499999992 0 0 0 0 0 0 0 
2315 2980493.1 85.1112564907835 76.78080928247041 145.46262499999992 0 0 0 0 0 0 0 
2316 2980526.5 85.0990619239932 76.78080928247041 145.46262499999992 0 0 0 0 0 0 0 
2317 2980559.8 85.0990619239932 76.77235375137982 145.46262499999992 0 0 0 0 0 0 0 
2318 2980593.1 85.0990619239932 76.77235375137982 145.46262499999992 0 0 0 0 0 0 0 
2319 2980626.5 85.08762784562558 76.77235375137982 145.46262499999992 0 0 0 0 0 0 0 
2320 2980659.8 85.08762784562558 76.76750821238272 145.46262499999992 0 0 0 0 0 0 0 
2321 2980693.1 85.08762784562558 76.76750821238272 145.46262499999992 0 0 0 0 0 0 0 
2322 2980726.5 85.08762784562558 76.76750821238272 145.46262499999992 0 0 0 0 0 0 0 
2323 2980759.8 85.0653861985816 76.76750821238272 145.46262499999992 0 0 0 0 0 0 0 
2324 2980793.2 85.0653861985816 76.76450563685638 145.46262499999992 0 0 0 0 0 0 0 
2325 2980826.5 85.0653861985816 76.76450563685638 145.46262499999992 0 0 0 0 0 0 0 
2326 2980859.8 85.0653861985816 76.76450563685638 145.46262499999992 0 0 0 0 0 0 0 
2327 2980893.2 85.04000370703676 76.76450563685638 145.46262499999992 0 0 0 0 0 0 0 
2328 2980926.5 85.04000370703676 76.75903695527087 145.46262499999992 0 0 0 0 0 0 0 
2329 2980959.8 85.04000370703676 76.75903695527087 145.46262499999992 0 0 0 0 0 0 0 
2330 2980993.2 85.04000370703676 76.75903695527087 145.46262499999992 0 0 0 0 0 0 0 
2331 2981026.5 85.0251531090868 76.75903695527087 145.46262499999992 0 0 0 0 0 0 0 
2332 2981059.8 85.0251531090868 76.75483229659473 145.46262499999992 0 0 0 0 0 0 0 
2333 2981093.2 85.0251531090868 76.75483229659473 145.46262499999992 0 0 0 0 0 0 0 
2334 2981126.5 85.0251531090868 76.75483229659473 145.46262499999992 0 0 0 0 0 0 0 
2335 2981159.9 85.00764096516397 76.75483229659473 145.46262499999992 0 0 0 0 0 0 0 
2336 2981193.2 85.00764096516397 76.74846232619903 145.46262499999992 0 0 0 0 0 0 0 
2337 2981226.5 85.00764096516397 76.74846232619903 145.46262499999992 0 0 0 0 0 0 0 
2338 2981259.9 85.00764096516397 76.74846232619903 145.46262499999992 0 0 0 0 0 0 0 
2339 2981293.2 84.99245919459145 76.74846232619903 145.46262499999992 0 0 0 0 0 0 0 
2340 2981326.5 84.99245919459145 76.73861117077897 145.46262499999992 0 0 0 0 0 0 0 
2341 2981359.9 84.99245919459145 76.73861117077897 145.46262499999992 0 0 0 0 0 0 0 
2342 2981393.2 84.99245919459145 76.73861117077897 145.46262499999992 0 0 0 0 0 0 0 
2343 2981426.5 84.97601760041802 76.73861117077897 145.46262499999992 0 0 0 0 0 0 0 
2344 2981459.9 84.97601760041802 76.72729357549866 145.46262499999992 0 0 0 0 0 0 0 
2345 2981493.2 84.97601760041802 76.72729357549866 145.46262499999992 0 0 0 0 0 0 0 
2346 2981526.5 84.97601760041802 76.72729357549866 145.46262499999992 0 0 0 0 0 0 0 
2347 2981559.9 84.9631285969686 76.72729357549866 145.46262499999992 0 0 0 0 0 0 0 
2348 2981593.2 84.9631285969686 76.7118492829627 145.46262499999992 0 0 0 0 0 0 0 
2349 2981626.6 84.9631285969686 76.7118492829627 145.46262499999992 0 0 0 0 0 0 0 
2350 2981659.9 84.9631285969686 76.7118492829627 145.46262499999992 0 0 0 0 0 0 0 
2351 2981693.2 84.95787609004681 76.7118492829627 145.46262499999992 0 0 0 0 0 0 0 
2352 2981726.6 84.95787609004681 76.68364214658683 145.46262499999992 0 0 0 0 0 0 0 
2353 2981759.9 84.95787609004681 76.68364214658683 145.46262499999992 0 0 0 0 0 0 0 
2354 2981793.2 84.95787609004681 76.68364214658683 145.46262499999992 0 0 0 0 0 0 0 
2355 2981826.6 84.95201928196428 76.68364214658683 145.46262499999992 0 0 0 0 0 0 0 
2356 2981859.9 84.95201928196428 76.65197022287542 145.46262499999992 0 0 0 0 0 0 0 
2357 2981893.2 84.95201928196428 76.65197022287542 145.46262499999992 0 0 0 0 0 0 0 
2358 2981926.6 84.95201928196428 76.65197022287542 145.46262499999992 0 0 0 0 0 0 0 
2359 2981959.9 84.95201928196428 76.63639434472327 145.46262499999992 0 0 0 0 0 0 0 
2360 2981993.3 84.95201928196428 76.63639434472327 145.46262499999992 0 0 0 0 0 0 0 
2361 2982026.6 84.95196191406245 76.63581835937495 145.40731054687492 0 0 0 0 0 0 0 
2362 2982059.9 84.95737268255793 76.63581835937495 145.40731054687492 0 0 0 0 0 0 0 
2363 2982093.3 84.95737268255793 76.61866661337855 145.40731054687492 0 0 0 0 0 0 0 
2364 2982126.6 84.95737268255793 76.61866661337855 145.40731054687492 0 0 0 0 0 0 0 
2365 2982159.9 84.95737268255793 76.61866661337855 145.40731054687492 0 0 0 0 0 0 0 
2366 2982193.3 84.97945669615231 76.61866661337855 145.40731054687492 0 0 0 0 0 0 0 
2367 2982226.6 84.97945669615231 76.5952324219391 145.40731054687492 0 0 0 0 0 0 0 
2368 2982259.9 84.97945669615231 76.5952324219391 145.40731054687492 0 0 0 0 0 0 0 
2369 2982293.3 84.97945669615231 76.5952324219391 145.40731054687492 0 0 0 0 0 0 0 
2370 2982326.6 85.00786289258672 76.5952324219391 145.40731054687492 0 0 0 0 0 0 0 
2371 2982359.9 85.00786289258672 76.56541989700055 145.40731054687492 0 0 0 0 0 0 0 
2372 2982393.3 85.00786289258672 76.56541989700055 145.40731054687492 0 0 0 0 0 0 0 
2373 2982426.6 85.00786289258672 76.56541989700055 145.40731054687492 0 0 0 0 0 0 0 
2374 2982460.0 85.02801102421009 76.56541989700055 145.40731054687492 0 0 0 0 0 0 0 
2375 2982493.3 85.02801102421009 76.54575109855514 145.40731054687492 0 0 0 0 0 0 0 
2376 2982526.6 85.02801102421009 76.54575109855514 145.40731054687492 0 0 0 0 0 0 0 
2377 2982560.0 85.02801102421009 76.54575109855514 145.40731054687492 0 0 0 0 0 0 0 
2378 2982593.3 85.04909191690814 76.54575109855514 145.40731054687492 0 0 0 0 0 0 0 
2379 2982626.6 85.04909191690814 76.5246945782363 145.40731054687492 0 0 0 0 0 0 0 
2380 2982660.0 85.04909191690814 76.5246945782363 145.40731054687492 0 0 0 0 0 0 0 
2381 2982693.3 85.04909191690814 76.5246945782363 145.40731054687492 0 0 0 0 0 0 0 
2382 2982726.6 85.06219284130985 76.5246945782363 145.40731054687492 0 0 0 0 0 0 0 
2383 2982760.0 85.06219284130985 76.50171391027855 145.40731054687492 0 0 0 0 0 0 0 
2384 2982793.3 85.06219284130985 76.50171391027855 145.40731054687492 0 0 0 0 0 0 0 
2385 2982826.7 85.06219284130985 76.50171391027855 145.40731054687492 0 0 0 0 0 0 0 
2386 2982860.0 85.0735804417207 76.50171391027855 145.40731054687492 0 0 0 0 0 0 0 
2387 2982893.3 85.0735804417207 76.47826275179574 145.40731054687492 0 0 0 0 0 0 0 
2388 2982926.7 85.0735804417207 76.47826275179574 145.40731054687492 0 0 0 0 0 0 0 
2389 2982960.0 85.0735804417207 76.47826275179574 145.40731054687492 0 0 0 0 0 0 0 
2390 2982993.3 85.0770809273621 76.47826275179574 145.40731054687492 0 0 0 0 0 0 0 
2391 2983026.7 85.0770809273621 76.45935882374887 145.40731054687492 0 0 0 0 0 0 0 
2392 2983060.0 85.0770809273621 76.45935882374887 145.40731054687492 0 0 0 0 0 0 0 
2393 2983093.3 85.0770809273621 76.45935882374887 145.40731054687492 0 0 0 0 0 0 0 
2394 2983126.7 85.07425563147952 76.45935882374887 145.40731054687492 0 0 0 0 0 0 0 
2395 2983160.0 85.07425563147952 76.43602408892451 145.40731054687492 0 0 0 0 0 0 0 
2396 2983193.3 85.07425563147952 76.43602408892451 145.40731054687492 0 0 0 0 0 0 0 
2397 2983226.7 85.07425563147952 76.43602408892451 145.40731054687492 0 0 0 0 0 0 0 
2398 2983260.0 85.06183930645186 76.43602408892451 145.40731054687492 0 0 0 0 0 0 0 
2399 2983293.4 85.06183930645186 76.41007850255444 145.40731054687492 0 0 0 0 0 0 0 
2400 2983326.7 85.06183930645186 76.41007850255444 145.40731054687492 0 0 0 0 0 0 0 
2401 2983360.0 85.06183930645186 76.41007850255444 145.40731054687492 0 0 0 0 0 0 0 
2402 2983393.4 85.04878133204288 76.41007850255444 145.40731054687492 0 0 0 0 0 0 0 
2403 2983426.7 85.04878133204288 76.39132665255993 145.40731054687492 0 0 0 0 0 0 0 
2404 2983460.0 85.04878133204288 76.39132665255993 145.40731054687492 0 0 0 0 0 0 0 
2405 2983493.4 85.04878133204288 76.39132665255993 145.40731054687492 0 0 0 0 0 0 0 
2406 2983526.7 85.03567670938509 76.39132665255993 145.40731054687492 0 0 0 0 0 0 0 
2407 2983560.0 85.03567670938509 76.375639882289 145.40731054687492 0 0 0 0 0 0 0 
2408 2983593.4 85.03567670938509 76.375639882289 145.40731054687492 0 0 0 0 0 0 0 
2409 2983626.7 85.03567670938509 76.375639882289 145.40731054687492 0 0 0 0 0 0 0 
2410 2983660.1 85.02545303724676 76.375639882289 145.40731054687492 0 0 0 0 0 0 0 
2411 2983693.4 85.02545303724676 76.36218939037083 145.40731054687492 0 0 0 0 0 0 0 
2412 2983726.7 85.02545303724676 76.36218939037083 145.40731054687492 0 0 0 0 0 0 0 
2413 2983760.1 85.02545303724676 76.36218939037083 145.40731054687492 0 0 0 0 0 0 0 
2414 2983793.4 85.01004705953969 76.36218939037083 145.40731054687492 0 0 0 0 0 0 0 
2415 2983826.7 85.01004705953969 76.34706305276879 145.40731054687492 0 0 0 0 0 0 0 
2416 2983860.1 85.01004705953969 76.34706305276879 145.40731054687492 0 0 0 0 0 0 0 
2417 2983893.4 85.01004705953969 76.34706305276879 145.40731054687492 0 0 0 0 0 0 0 
2418 2983926.7 84.98996902502105 76.34706305276879 145.40731054687492 0 0 0 0 0 0 0 
2419 2983960.1 84.98996902502105 76.33664902505228 145.40731054687492 0 0 0 0 0 0 0 
2420 2983993.4 84.98996902502105 76.33664902505228 145.40731054687492 0 0 0 0 0 0 0 
2421 2984026.7 84.98996902502105 76.33664902505228 145.40731054687492 0 0 0 0 0 0 0 
2422 2984060.1 84.97156624424125 76.33664902505228 145.40731054687492 0 0 0 0 0 0 0 
2423 2984093.4 84.97156624424125 76.32596388954256 145.40731054687492 0 0 0 0 0 0 0 
2424 2984126.8 84.97156624424125 76.32596388954256 145.40731054687492 0 0 0 0 0 0 0 
2425 2984160.1 84.97156624424125 76.32596388954256 145.40731054687492 0 0 0 0 0 0 0 
2426 2984193.4 84.949683202973 76.32596388954256 145.40731054687492 0 0 0 0 0 0 0 
2427 2984226.8 84.949683202973 76.3203733304664 145.40731054687492 0 0 0 0 0 0 0 
2428 2984420.6 84.93336124141351 76.31606029004595 145.40731054687492 0 0 0 0 0 0 0 
2429 2984487.3 84.90048865091084 76.31606029004595 145.40731054687492 0 0 0 0 0 0 0 
2430 2984554.0 84.90048865091084 76.30317010581821 145.40731054687492 0 0 0 0 0 0 0 
2431 2984620.6 84.88390221863727 76.30317010581821 145.40731054687492 0 0 0 0 0 0 0 
2432 2984687.3 84.88390221863727 76.28988434610672 145.40731054687492 0 0 0 0 0 0 0 
2433 2984754.0 84.86860237984348 76.28988434610672 145.40731054687492 0 0 0 0 0 0 0 
