# Recording
duration 75.006
nframes 2250
# Camera
framerate 29.997600191984642
imageToStage -0.993727445602417,-0.06086360290646553,0.06086360290646553,-0.993727445602417
rotation -3.080421285766743
imagenormaldir +Z
pixelsize 0.9955896
# Dual color
dualcolormode False
mainside Right
viewmode Splitted
recordingmode Original
translation_x 0.0
translation_y 0.0
rotation 0.0
# Tracking
roi_x 400
roi_y 400
capture_radius 400
min_step 1
threshold 30
binning 4
dark_bg True
mode CMS
area 400
# Frame Time X Y Z minBrightness maxBrightness meanBrightness medianBrightness skewness percentile_5 percentile_95
0 7337190.7 96.80708952935275 79.830413977165 143.63129492187494 0 233 2.8329 0.0 8.181805246746432 0.0 4.0 
1 7337224.0 96.80708952935275 79.830413977165 143.63129492187494 0 233 2.8329 0.0 8.181805246746432 0.0 4.0 
2 7337257.3 96.81244082085965 79.830413977165 143.63129492187494 0 233 2.8329 0.0 8.181805246746432 0.0 4.0 
3 7337290.7 96.81244082085965 79.83226316376845 143.63129492187494 0 233 2.8329 0.0 8.181805246746432 0.0 4.0 
4 7337324.0 96.81244082085965 79.83226316376845 143.63129492187494 0 233 2.8329 0.0 8.181805246746432 0.0 4.0 
5 7337357.4 96.81488439059795 79.83226316376845 143.63129492187494 0 233 2.8329 0.0 8.181805246746432 0.0 4.0 
6 7337390.7 96.81488439059795 79.83399419852395 143.63129492187494 0 233 2.8329 0.0 8.181805246746432 0.0 4.0 
7 7337424.0 96.81488439059795 79.83399419852395 143.63129492187494 0 233 2.8329 0.0 8.181805246746432 0.0 4.0 
8 7337457.4 96.81488439059795 79.83399419852395 143.63129492187494 0 233 2.8329 0.0 8.181805246746432 0.0 4.0 
9 7337490.7 96.81614820070034 79.83399419852395 143.63129492187494 0 233 2.8329 0.0 8.181805246746432 0.0 4.0 
10 7337524.0 96.81614820070034 79.83399419852395 143.63129492187494 0 233 2.8329 0.0 8.181805246746432 0.0 4.0 
11 7337557.4 96.81614820070034 79.83399419852395 143.63129492187494 0 233 2.8329 0.0 8.181805246746432 0.0 4.0 
12 7337590.7 96.81614820070034 79.83525959454089 143.63129492187494 0 233 2.8329 0.0 8.181805246746432 0.0 4.0 
13 7337624.0 96.81614820070034 79.83525959454089 143.63129492187494 0 233 2.8329 0.0 8.181805246746432 0.0 4.0 
14 7337657.4 96.81965608687045 79.83723471260981 143.63129492187494 0 233 2.8329 0.0 8.181805246746432 0.0 4.0 
15 7337690.7 96.81965608687045 79.83723471260981 143.63129492187494 0 233 2.8329 0.0 8.181805246746432 0.0 4.0 
16 7337724.1 96.82121658720561 79.84015309098254 143.63129492187494 0 233 2.8329 0.0 8.181805246746432 0.0 4.0 
17 7337757.4 96.82121658720561 79.84015309098254 143.63129492187494 0 233 2.8329 0.0 8.181805246746432 0.0 4.0 
18 7337790.7 96.82121658720561 79.84015309098254 143.63129492187494 0 233 2.8329 0.0 8.181805246746432 0.0 4.0 
19 7337824.1 96.82121658720561 79.84015309098254 143.63129492187494 0 233 2.8329 0.0 8.181805246746432 0.0 4.0 
20 7337857.4 96.82284462281011 79.84015309098254 143.63129492187494 0 233 2.8329 0.0 8.181805246746432 0.0 4.0 
21 7337890.7 96.82284462281011 79.84502012967323 143.63129492187494 0 233 2.8329 0.0 8.181805246746432 0.0 4.0 
22 7337924.1 96.82284462281011 79.84502012967323 143.63129492187494 0 233 2.8329 0.0 8.181805246746432 0.0 4.0 
23 7337957.4 96.82284462281011 79.84816991991003 143.63129492187494 0 233 2.8329 0.0 8.181805246746432 0.0 4.0 
24 7337990.7 96.82284462281011 79.84816991991003 143.63129492187494 0 233 2.8329 0.0 8.181805246746432 0.0 4.0 
25 7338024.1 96.82284462281011 79.84816991991003 143.63129492187494 0 233 2.8329 0.0 8.181805246746432 0.0 4.0 
26 7338057.4 96.82284462281011 79.84937542711688 143.63129492187494 0 233 2.8329 0.0 8.181805246746432 0.0 4.0 
27 7338090.7 96.82284462281011 79.84937542711688 143.63129492187494 0 233 2.8329 0.0 8.181805246746432 0.0 4.0 
28 7338124.1 96.82284462281011 79.84937542711688 143.63129492187494 0 233 2.8329 0.0 8.181805246746432 0.0 4.0 
29 7338157.4 96.82812680880077 79.84937542711688 143.63129492187494 0 233 2.8329 0.0 8.181805246746432 0.0 4.0 
30 7338190.8 96.82812680880077 79.84729220230102 143.63129492187494 0 233 2.8329 0.0 8.181805246746432 0.0 4.0 
31 7338224.1 96.82812680880077 79.84729220230102 143.63129492187494 0 233 2.8329 0.0 8.181805246746432 0.0 4.0 
32 7338257.4 96.82812680880077 79.84729220230102 143.63129492187494 0 233 2.8329 0.0 8.181805246746432 0.0 4.0 
33 7338290.8 96.82812680880077 79.84495208900894 143.63129492187494 0 233 2.8329 0.0 8.181805246746432 0.0 4.0 
34 7338324.1 96.82812680880077 79.84495208900894 143.63129492187494 0 233 2.8329 0.0 8.181805246746432 0.0 4.0 
35 7338357.4 96.82812680880077 79.84268645699969 143.63129492187494 0 233 2.8329 0.0 8.181805246746432 0.0 4.0 
36 7338390.8 96.82812680880077 79.84268645699969 143.63129492187494 0 233 2.8329 0.0 8.181805246746432 0.0 4.0 
37 7338424.1 96.83051791822719 79.84268645699969 143.63129492187494 0 233 2.8329 0.0 8.181805246746432 0.0 4.0 
38 7338457.4 96.83051791822719 79.84268645699969 143.63129492187494 0 233 2.8329 0.0 8.181805246746432 0.0 4.0 
39 7338490.8 96.83051791822719 79.84268645699969 143.63129492187494 0 233 2.8329 0.0 8.181805246746432 0.0 4.0 
40 7338524.1 96.83051791822719 79.84268645699969 143.63129492187494 0 233 2.8329 0.0 8.181805246746432 0.0 4.0 
41 7338557.5 96.83051791822719 79.84268645699969 143.63129492187494 0 233 2.8329 0.0 8.181805246746432 0.0 4.0 
42 7338590.8 96.83404715791173 79.84268645699969 143.63129492187494 0 233 2.8329 0.0 8.181805246746432 0.0 4.0 
43 7338624.1 96.83404715791173 79.84416001778781 143.63129492187494 0 233 2.8329 0.0 8.181805246746432 0.0 4.0 
44 7338657.5 96.83404715791173 79.84416001778781 143.63129492187494 0 233 2.8329 0.0 8.181805246746432 0.0 4.0 
45 7338690.8 96.83560975916771 79.84416001778781 143.63129492187494 0 233 2.8329 0.0 8.181805246746432 0.0 4.0 
46 7338724.1 96.83560975916771 79.84648214334541 143.63129492187494 0 233 2.8329 0.0 8.181805246746432 0.0 4.0 
47 7338757.5 96.83560975916771 79.84648214334541 143.63129492187494 0 233 2.8329 0.0 8.181805246746432 0.0 4.0 
48 7338790.8 96.83560975916771 79.84648214334541 143.63129492187494 0 233 2.8329 0.0 8.181805246746432 0.0 4.0 
49 7338824.1 96.83560975916771 79.84950565397781 143.63129492187494 0 233 2.8329 0.0 8.181805246746432 0.0 4.0 
50 7338857.5 96.83560975916771 79.84950565397781 143.63129492187494 0 233 2.8329 0.0 8.181805246746432 0.0 4.0 
51 7338890.8 96.83560975916771 79.84950565397781 143.63129492187494 0 233 2.8329 0.0 8.181805246746432 0.0 4.0 
52 7338924.1 96.84005007478243 79.84950565397781 143.63129492187494 0 233 2.8329 0.0 8.181805246746432 0.0 4.0 
53 7338957.5 96.84005007478243 79.85133547510415 143.63129492187494 0 233 2.8329 0.0 8.181805246746432 0.0 4.0 
54 7338990.8 96.84005007478243 79.85133547510415 143.63129492187494 0 233 2.8329 0.0 8.181805246746432 0.0 4.0 
55 7339024.2 96.84005007478243 79.85133547510415 143.63129492187494 0 233 2.8329 0.0 8.181805246746432 0.0 4.0 
56 7339057.5 96.84005007478243 79.85133547510415 143.63129492187494 0 233 2.8329 0.0 8.181805246746432 0.0 4.0 
57 7339090.8 96.84257587246293 79.85133547510415 143.63129492187494 0 233 2.8329 0.0 8.181805246746432 0.0 4.0 
58 7339124.2 96.84257587246293 79.85290938649226 143.63129492187494 0 233 2.8329 0.0 8.181805246746432 0.0 4.0 
59 7339157.5 96.84257587246293 79.85290938649226 143.63129492187494 0 233 2.8329 0.0 8.181805246746432 0.0 4.0 
60 7339190.8 96.84257587246293 79.85290938649226 143.63129492187494 0 233 2.8329 0.0 8.181805246746432 0.0 4.0 
61 7339224.2 96.84463527679843 79.85465808096917 143.63129492187494 0 233 2.8329 0.0 8.181805246746432 0.0 4.0 
62 7339257.5 96.84463527679843 79.85465808096917 143.63129492187494 0 233 2.8329 0.0 8.181805246746432 0.0 4.0 
63 7339290.8 96.84463527679843 79.85465808096917 143.63129492187494 0 233 2.8329 0.0 8.181805246746432 0.0 4.0 
64 7339324.2 96.84667982917138 79.85465808096917 143.63129492187494 0 233 2.8329 0.0 8.181805246746432 0.0 4.0 
65 7339357.5 96.84667982917138 79.85465808096917 143.63129492187494 0 233 2.8329 0.0 8.181805246746432 0.0 4.0 
66 7339390.9 96.8454885448736 79.85465808096917 143.63129492187494 0 233 2.8329 0.0 8.181805246746432 0.0 4.0 
67 7339424.2 96.8454885448736 79.85465808096917 143.63129492187494 0 233 2.8329 0.0 8.181805246746432 0.0 4.0 
68 7339457.5 96.8454885448736 79.85465808096917 143.63129492187494 0 233 2.8329 0.0 8.181805246746432 0.0 4.0 
69 7339490.9 96.8454885448736 79.85465808096917 143.63129492187494 0 233 2.8329 0.0 8.181805246746432 0.0 4.0 
70 7339524.2 96.8454885448736 79.85465808096917 143.63129492187494 0 233 2.8329 0.0 8.181805246746432 0.0 4.0 
71 7339557.5 96.8454885448736 79.85465808096917 143.63129492187494 0 233 2.8329 0.0 8.181805246746432 0.0 4.0 
72 7339590.9 96.84772658920643 79.85631956667825 143.63129492187494 0 233 2.8329 0.0 8.181805246746432 0.0 4.0 
73 7339624.2 96.84772658920643 79.85631956667825 143.63129492187494 0 233 2.8329 0.0 8.181805246746432 0.0 4.0 
74 7339657.5 96.84977467791548 79.85757100512919 143.63129492187494 0 233 2.8329 0.0 8.181805246746432 0.0 4.0 
75 7339690.9 96.84977467791548 79.85757100512919 143.63129492187494 0 233 2.8329 0.0 8.181805246746432 0.0 4.0 
76 7339724.2 96.84977467791548 79.85757100512919 143.63129492187494 0 233 2.8329 0.0 8.181805246746432 0.0 4.0 
77 7339757.5 96.85170483190059 79.85757100512919 143.63129492187494 0 233 2.8329 0.0 8.181805246746432 0.0 4.0 
78 7339790.9 96.85170483190059 79.85903058025778 143.63129492187494 0 233 2.8329 0.0 8.181805246746432 0.0 4.0 
79 7339824.2 96.85170483190059 79.85903058025778 143.63129492187494 0 233 2.8329 0.0 8.181805246746432 0.0 4.0 
80 7339857.6 96.85170483190059 79.85903058025778 143.63129492187494 0 233 2.8329 0.0 8.181805246746432 0.0 4.0 
81 7339890.9 96.85170483190059 79.85903058025778 143.63129492187494 0 233 2.8329 0.0 8.181805246746432 0.0 4.0 
82 7339924.2 96.84944633791649 79.85903058025778 143.63129492187494 0 233 2.8329 0.0 8.181805246746432 0.0 4.0 
83 7339957.6 96.84944633791649 79.855938637317 143.63129492187494 0 233 2.8329 0.0 8.181805246746432 0.0 4.0 
84 7339990.9 96.84944633791649 79.855938637317 143.63129492187494 0 233 2.8329 0.0 8.181805246746432 0.0 4.0 
85 7340024.2 96.85247076954349 79.8586961878957 143.63129492187494 0 233 2.8329 0.0 8.181805246746432 0.0 4.0 
86 7340057.6 96.85247076954349 79.8586961878957 143.63129492187494 0 233 2.8329 0.0 8.181805246746432 0.0 4.0 
87 7340090.9 96.85247076954349 79.86002940011153 143.63129492187494 0 233 2.8329 0.0 8.181805246746432 0.0 4.0 
88 7340124.2 96.85247076954349 79.86002940011153 143.63129492187494 0 233 2.8329 0.0 8.181805246746432 0.0 4.0 
89 7340157.6 96.85247076954349 79.86002940011153 143.63129492187494 0 233 2.8329 0.0 8.181805246746432 0.0 4.0 
90 7340190.9 96.85611504091935 79.86002940011153 143.63129492187494 0 233 2.8329 0.0 8.181805246746432 0.0 4.0 
91 7340224.3 96.85611504091935 79.86115022519476 143.63129492187494 0 233 2.8329 0.0 8.181805246746432 0.0 4.0 
92 7340257.6 96.85611504091935 79.86115022519476 143.63129492187494 0 233 2.8329 0.0 8.181805246746432 0.0 4.0 
93 7340290.9 96.85221010067923 79.86115022519476 143.63129492187494 0 233 2.8329 0.0 8.181805246746432 0.0 4.0 
94 7340324.3 96.85221010067923 79.86226005418004 143.63129492187494 0 233 2.8329 0.0 8.181805246746432 0.0 4.0 
95 7340357.6 96.85221010067923 79.86226005418004 143.63129492187494 0 233 2.8329 0.0 8.181805246746432 0.0 4.0 
96 7340390.9 96.85221010067923 79.86226005418004 143.63129492187494 0 233 2.8329 0.0 8.181805246746432 0.0 4.0 
97 7340424.3 96.8498762786796 79.86048481251422 143.63129492187494 0 233 2.8329 0.0 8.181805246746432 0.0 4.0 
98 7340457.6 96.8498762786796 79.86048481251422 143.63129492187494 0 233 2.8329 0.0 8.181805246746432 0.0 4.0 
99 7340490.9 96.852024940846 79.86048481251422 143.63129492187494 0 233 2.8329 0.0 8.181805246746432 0.0 4.0 
100 7340524.3 96.852024940846 79.86048481251422 143.63129492187494 0 233 2.8329 0.0 8.181805246746432 0.0 4.0 
101 7340557.6 96.85333039445206 79.86048481251422 143.63129492187494 0 233 2.8329 0.0 8.181805246746432 0.0 4.0 
102 7340590.9 96.85333039445206 79.86048481251422 143.63129492187494 0 233 2.8329 0.0 8.181805246746432 0.0 4.0 
103 7340624.3 96.85333039445206 79.86048481251422 143.63129492187494 0 233 2.8329 0.0 8.181805246746432 0.0 4.0 
104 7340657.6 96.8548782932027 79.86048481251422 143.63129492187494 0 233 2.8329 0.0 8.181805246746432 0.0 4.0 
105 7340691.0 96.8548782932027 79.86048481251422 143.63129492187494 0 233 2.8329 0.0 8.181805246746432 0.0 4.0 
106 7340724.3 96.8548782932027 79.86048481251422 143.63129492187494 0 233 2.8329 0.0 8.181805246746432 0.0 4.0 
107 7340757.6 96.85880985816813 79.86048481251422 143.63129492187494 0 233 2.8329 0.0 8.181805246746432 0.0 4.0 
108 7340791.0 96.85880985816813 79.86048481251422 143.63129492187494 0 233 2.8329 0.0 8.181805246746432 0.0 4.0 
109 7340824.3 96.85880985816813 79.86048481251422 143.63129492187494 0 233 2.8329 0.0 8.181805246746432 0.0 4.0 
110 7340857.6 96.85562383580347 79.86048481251422 143.63129492187494 0 233 2.8329 0.0 8.181805246746432 0.0 4.0 
111 7340891.0 96.85562383580347 79.86048481251422 143.63129492187494 0 233 2.8329 0.0 8.181805246746432 0.0 4.0 
112 7340924.3 96.85374930403268 79.86048481251422 143.63129492187494 0 233 2.8329 0.0 8.181805246746432 0.0 4.0 
113 7340957.6 96.85374930403268 79.86216200901795 143.63129492187494 0 233 2.8329 0.0 8.181805246746432 0.0 4.0 
114 7340991.0 96.85374930403268 79.86216200901795 143.63129492187494 0 233 2.8329 0.0 8.181805246746432 0.0 4.0 
115 7341024.3 96.85374930403268 79.86216200901795 143.63129492187494 0 233 2.8329 0.0 8.181805246746432 0.0 4.0 
116 7341057.7 96.85374930403268 79.85994933684877 143.63129492187494 0 233 2.8329 0.0 8.181805246746432 0.0 4.0 
117 7341091.0 96.85374930403268 79.85994933684877 143.63129492187494 0 233 2.8329 0.0 8.181805246746432 0.0 4.0 
118 7341124.3 96.85374930403268 79.85994933684877 143.63129492187494 0 233 2.8329 0.0 8.181805246746432 0.0 4.0 
119 7341157.7 96.85578906283801 79.8610379402683 143.63129492187494 0 233 2.8329 0.0 8.181805246746432 0.0 4.0 
120 7341191.0 96.85578906283801 79.8610379402683 143.63129492187494 0 233 2.8329 0.0 8.181805246746432 0.0 4.0 
121 7341224.3 96.85578906283801 79.8610379402683 143.63129492187494 0 233 2.8329 0.0 8.181805246746432 0.0 4.0 
122 7341257.7 96.85578906283801 79.86252497160815 143.63129492187494 0 233 2.8329 0.0 8.181805246746432 0.0 4.0 
123 7341291.0 96.85578906283801 79.86252497160815 143.63129492187494 0 233 2.8329 0.0 8.181805246746432 0.0 4.0 
124 7341324.3 96.85578906283801 79.86252497160815 143.63129492187494 0 233 2.8329 0.0 8.181805246746432 0.0 4.0 
125 7341357.7 96.85718241615406 79.86252497160815 143.63129492187494 0 233 2.8329 0.0 8.181805246746432 0.0 4.0 
126 7341391.0 96.85718241615406 79.85784608809324 143.63129492187494 0 233 2.8329 0.0 8.181805246746432 0.0 4.0 
127 7341424.3 96.85718241615406 79.85784608809324 143.63129492187494 0 233 2.8329 0.0 8.181805246746432 0.0 4.0 
128 7341457.7 96.85887783943714 79.85784608809324 143.63129492187494 0 233 2.8329 0.0 8.181805246746432 0.0 4.0 
129 7341491.0 96.85887783943714 79.86073050804107 143.63129492187494 0 233 2.8329 0.0 8.181805246746432 0.0 4.0 
130 7341524.4 96.85887783943714 79.86073050804107 143.63129492187494 0 233 2.8329 0.0 8.181805246746432 0.0 4.0 
131 7341557.7 96.85887783943714 79.86073050804107 143.63129492187494 0 233 2.8329 0.0 8.181805246746432 0.0 4.0 
132 7341591.0 96.8557133939947 79.86303200643478 143.63129492187494 0 233 2.8329 0.0 8.181805246746432 0.0 4.0 
133 7341624.4 96.8557133939947 79.86303200643478 143.63129492187494 0 233 2.8329 0.0 8.181805246746432 0.0 4.0 
134 7341657.7 96.8557133939947 79.86303200643478 143.63129492187494 0 233 2.8329 0.0 8.181805246746432 0.0 4.0 
135 7341691.0 96.8557133939947 79.86303200643478 143.63129492187494 0 233 2.8329 0.0 8.181805246746432 0.0 4.0 
136 7341724.4 96.8557133939947 79.86303200643478 143.63129492187494 0 233 2.8329 0.0 8.181805246746432 0.0 4.0 
137 7341757.7 96.8557133939947 79.86303200643478 143.63129492187494 0 233 2.8329 0.0 8.181805246746432 0.0 4.0 
138 7341791.0 96.85110718901922 79.86303200643478 143.63129492187494 0 233 2.8329 0.0 8.181805246746432 0.0 4.0 
139 7341824.4 96.85110718901922 79.85915943682285 143.63129492187494 0 233 2.8329 0.0 8.181805246746432 0.0 4.0 
140 7341857.7 96.85110718901922 79.85915943682285 143.63129492187494 0 233 2.8329 0.0 8.181805246746432 0.0 4.0 
141 7341891.1 96.85110718901922 79.85756378375132 143.63129492187494 0 233 2.8329 0.0 8.181805246746432 0.0 4.0 
142 7341924.4 96.85110718901922 79.85756378375132 143.63129492187494 0 233 2.8329 0.0 8.181805246746432 0.0 4.0 
143 7341957.7 96.85110718901922 79.85756378375132 143.63129492187494 0 233 2.8329 0.0 8.181805246746432 0.0 4.0 
144 7341991.1 96.85110718901922 79.84618047192997 143.63129492187494 0 233 2.8329 0.0 8.181805246746432 0.0 4.0 
145 7342024.4 96.85110718901922 79.84618047192997 143.63129492187494 0 233 2.8329 0.0 8.181805246746432 0.0 4.0 
146 7342057.7 96.8490211963721 79.84618047192997 143.63129492187494 0 233 2.8329 0.0 8.181805246746432 0.0 4.0 
147 7342091.1 96.8490211963721 79.85137826867881 143.63129492187494 0 233 2.8329 0.0 8.181805246746432 0.0 4.0 
148 7342124.4 96.8490211963721 79.85137826867881 143.63129492187494 0 233 2.8329 0.0 8.181805246746432 0.0 4.0 
149 7342157.7 96.8490211963721 79.85137826867881 143.63129492187494 0 233 2.8329 0.0 8.181805246746432 0.0 4.0 
150 7342191.1 96.8490211963721 79.8567717459246 143.63129492187494 0 233 2.8329 0.0 8.181805246746432 0.0 4.0 
151 7342224.4 96.8490211963721 79.8567717459246 143.63129492187494 0 233 2.8329 0.0 8.181805246746432 0.0 4.0 
152 7342257.7 96.8490211963721 79.8567717459246 143.63129492187494 0 233 2.8329 0.0 8.181805246746432 0.0 4.0 
153 7342291.1 96.85273783562334 79.8567717459246 143.63129492187494 0 233 2.8329 0.0 8.181805246746432 0.0 4.0 
154 7342324.4 96.85273783562334 79.86341716013453 143.63129492187494 0 233 2.8329 0.0 8.181805246746432 0.0 4.0 
155 7342357.8 96.85273783562334 79.86341716013453 143.63129492187494 0 233 2.8329 0.0 8.181805246746432 0.0 4.0 
156 7342391.1 96.85273783562334 79.86341716013453 143.63129492187494 0 233 2.8329 0.0 8.181805246746432 0.0 4.0 
157 7342424.4 96.86165782710147 79.86341716013453 143.63129492187494 0 233 2.8329 0.0 8.181805246746432 0.0 4.0 
158 7342457.8 96.86165782710147 79.86538496410328 143.63129492187494 0 233 2.8329 0.0 8.181805246746432 0.0 4.0 
159 7342491.1 96.86165782710147 79.86538496410328 143.63129492187494 0 233 2.8329 0.0 8.181805246746432 0.0 4.0 
160 7342524.4 96.86165782710147 79.86538496410328 143.63129492187494 0 233 2.8329 0.0 8.181805246746432 0.0 4.0 
161 7342557.8 96.87225547793206 79.86538496410328 143.63129492187494 0 233 2.8329 0.0 8.181805246746432 0.0 4.0 
162 7342591.1 96.87225547793206 79.86708987577234 143.63129492187494 0 233 2.8329 0.0 8.181805246746432 0.0 4.0 
163 7342624.4 96.87225547793206 79.86708987577234 143.63129492187494 0 233 2.8329 0.0 8.181805246746432 0.0 4.0 
164 7342657.8 96.87225547793206 79.86708987577234 143.63129492187494 0 233 2.8329 0.0 8.181805246746432 0.0 4.0 
165 7342691.1 96.87547249204255 79.87740768109053 143.63129492187494 0 233 2.8329 0.0 8.181805246746432 0.0 4.0 
166 7342724.5 96.87547249204255 79.87740768109053 143.63129492187494 0 233 2.8329 0.0 8.181805246746432 0.0 4.0 
167 7342757.8 96.87547249204255 79.87740768109053 143.63129492187494 0 233 2.8329 0.0 8.181805246746432 0.0 4.0 
168 7342791.1 96.87291200095683 79.87740768109053 143.63129492187494 0 233 2.8329 0.0 8.181805246746432 0.0 4.0 
169 7342824.5 96.87291200095683 79.88147505835477 143.63129492187494 0 233 2.8329 0.0 8.181805246746432 0.0 4.0 
170 7342857.8 96.87291200095683 79.88147505835477 143.63129492187494 0 233 2.8329 0.0 8.181805246746432 0.0 4.0 
171 7342891.1 96.87291200095683 79.88147505835477 143.63129492187494 0 233 2.8329 0.0 8.181805246746432 0.0 4.0 
172 7342924.5 96.8674107685478 79.88147505835477 143.63129492187494 0 233 2.8329 0.0 8.181805246746432 0.0 4.0 
173 7342957.8 96.8674107685478 79.88524627279683 143.63129492187494 0 233 2.8329 0.0 8.181805246746432 0.0 4.0 
174 7342991.1 96.8674107685478 79.88524627279683 143.63129492187494 0 233 2.8329 0.0 8.181805246746432 0.0 4.0 
175 7343024.5 96.8674107685478 79.88524627279683 143.63129492187494 0 233 2.8329 0.0 8.181805246746432 0.0 4.0 
176 7343057.8 96.86150298073701 79.88955811395668 143.63129492187494 0 233 2.8329 0.0 8.181805246746432 0.0 4.0 
177 7343091.1 96.86150298073701 79.88955811395668 143.63129492187494 0 233 2.8329 0.0 8.181805246746432 0.0 4.0 
178 7343124.5 96.86150298073701 79.88955811395668 143.63129492187494 0 233 2.8329 0.0 8.181805246746432 0.0 4.0 
179 7343157.8 96.85875092591984 79.88955811395668 143.63129492187494 0 233 2.8329 0.0 8.181805246746432 0.0 4.0 
180 7343191.2 96.85875092591984 79.8913173840909 143.63129492187494 0 233 2.8329 0.0 8.181805246746432 0.0 4.0 
181 7343224.5 96.85875092591984 79.8913173840909 143.63129492187494 0 233 2.8329 0.0 8.181805246746432 0.0 4.0 
182 7343257.8 96.85545935948177 79.8913173840909 143.63129492187494 0 233 2.8329 0.0 8.181805246746432 0.0 4.0 
183 7343291.2 96.85545935948177 79.8913173840909 143.63129492187494 0 233 2.8329 0.0 8.181805246746432 0.0 4.0 
184 7343324.5 96.85433781381845 79.89626055803852 143.63129492187494 0 233 2.8329 0.0 8.181805246746432 0.0 4.0 
185 7343357.8 96.85433781381845 79.89626055803852 143.63129492187494 0 233 2.8329 0.0 8.181805246746432 0.0 4.0 
186 7343391.2 96.85433781381845 79.89626055803852 143.63129492187494 0 233 2.8329 0.0 8.181805246746432 0.0 4.0 
187 7343424.5 96.85433781381845 79.89626055803852 143.63129492187494 0 233 2.8329 0.0 8.181805246746432 0.0 4.0 
188 7343457.8 96.85433781381845 79.9038386058814 143.63129492187494 0 233 2.8329 0.0 8.181805246746432 0.0 4.0 
189 7343491.2 96.85433781381845 79.9038386058814 143.63129492187494 0 233 2.8329 0.0 8.181805246746432 0.0 4.0 
190 7343524.5 96.85433781381845 79.9038386058814 143.63129492187494 0 233 2.8329 0.0 8.181805246746432 0.0 4.0 
191 7343557.9 96.85433781381845 79.91731823717208 143.63129492187494 0 233 2.8329 0.0 8.181805246746432 0.0 4.0 
192 7343591.2 96.85433781381845 79.91731823717208 143.63129492187494 0 233 2.8329 0.0 8.181805246746432 0.0 4.0 
193 7343624.5 96.85433781381845 79.91731823717208 143.63129492187494 0 233 2.8329 0.0 8.181805246746432 0.0 4.0 
194 7343657.9 96.85569856568026 79.91731823717208 143.63129492187494 0 233 2.8329 0.0 8.181805246746432 0.0 4.0 
195 7343691.2 96.85569856568026 79.92572523285378 143.63129492187494 0 233 2.8329 0.0 8.181805246746432 0.0 4.0 
196 7343724.5 96.85569856568026 79.92572523285378 143.63129492187494 0 233 2.8329 0.0 8.181805246746432 0.0 4.0 
197 7343757.9 96.85569856568026 79.92572523285378 143.63129492187494 0 233 2.8329 0.0 8.181805246746432 0.0 4.0 
198 7343791.2 96.85708978963036 79.93977033160694 143.63129492187494 0 233 2.8329 0.0 8.181805246746432 0.0 4.0 
199 7343824.5 96.85708978963036 79.93977033160694 143.63129492187494 0 233 2.8329 0.0 8.181805246746432 0.0 4.0 
200 7343857.9 96.85708978963036 79.93977033160694 143.63129492187494 0 233 2.8329 0.0 8.181805246746432 0.0 4.0 
201 7343891.2 96.85708978963036 79.93833090192604 143.63129492187494 0 233 2.8329 0.0 8.181805246746432 0.0 4.0 
202 7343924.5 96.85708978963036 79.93833090192604 143.63129492187494 0 233 2.8329 0.0 8.181805246746432 0.0 4.0 
203 7343957.9 96.85708978963036 79.93833090192604 143.63129492187494 0 233 2.8329 0.0 8.181805246746432 0.0 4.0 
204 7343991.2 96.85708978963036 79.93461306355226 143.63129492187494 0 233 2.8329 0.0 8.181805246746432 0.0 4.0 
205 7344024.6 96.85708978963036 79.93461306355226 143.63129492187494 0 233 2.8329 0.0 8.181805246746432 0.0 4.0 
206 7344057.9 96.85949502125558 79.93461306355226 143.63129492187494 0 233 2.8329 0.0 8.181805246746432 0.0 4.0 
207 7344091.2 96.85949502125558 79.93133882249036 143.63129492187494 0 233 2.8329 0.0 8.181805246746432 0.0 4.0 
208 7344124.6 96.85949502125558 79.93133882249036 143.63129492187494 0 233 2.8329 0.0 8.181805246746432 0.0 4.0 
209 7344157.9 96.86412039867609 79.92999547138048 143.63129492187494 0 233 2.8329 0.0 8.181805246746432 0.0 4.0 
210 7344191.2 96.86412039867609 79.92999547138048 143.63129492187494 0 233 2.8329 0.0 8.181805246746432 0.0 4.0 
211 7344224.6 96.86412039867609 79.92999547138048 143.63129492187494 0 233 2.8329 0.0 8.181805246746432 0.0 4.0 
212 7344257.9 96.86937965156037 79.92680679334345 143.63129492187494 0 233 2.8329 0.0 8.181805246746432 0.0 4.0 
213 7344291.2 96.86937965156037 79.92680679334345 143.63129492187494 0 233 2.8329 0.0 8.181805246746432 0.0 4.0 
214 7344324.6 96.86937965156037 79.92680679334345 143.63129492187494 0 233 2.8329 0.0 8.181805246746432 0.0 4.0 
215 7344357.9 96.87322667869562 79.92680679334345 143.63129492187494 0 233 2.8329 0.0 8.181805246746432 0.0 4.0 
216 7344391.3 96.87322667869562 79.92462079029804 143.63129492187494 0 233 2.8329 0.0 8.181805246746432 0.0 4.0 
217 7344424.6 96.87322667869562 79.92462079029804 143.63129492187494 0 233 2.8329 0.0 8.181805246746432 0.0 4.0 
218 7344457.9 96.87322667869562 79.92462079029804 143.63129492187494 0 233 2.8329 0.0 8.181805246746432 0.0 4.0 
219 7344491.3 96.88268819083825 79.9211014256793 143.63129492187494 0 233 2.8329 0.0 8.181805246746432 0.0 4.0 
220 7344524.6 96.88268819083825 79.9211014256793 143.63129492187494 0 233 2.8329 0.0 8.181805246746432 0.0 4.0 
221 7344557.9 96.88268819083825 79.9211014256793 143.63129492187494 0 233 2.8329 0.0 8.181805246746432 0.0 4.0 
222 7344591.3 96.8948484767871 79.91799323807538 143.63129492187494 0 233 2.8329 0.0 8.181805246746432 0.0 4.0 
223 7344624.6 96.8948484767871 79.91799323807538 143.63129492187494 0 233 2.8329 0.0 8.181805246746432 0.0 4.0 
224 7344657.9 96.8948484767871 79.91799323807538 143.63129492187494 0 233 2.8329 0.0 8.181805246746432 0.0 4.0 
225 7344691.3 96.8948484767871 79.91799323807538 143.63129492187494 0 233 2.8329 0.0 8.181805246746432 0.0 4.0 
226 7344724.6 96.90766885648137 79.91799323807538 143.63129492187494 0 233 2.8329 0.0 8.181805246746432 0.0 4.0 
227 7344757.9 96.90766885648137 79.9141697446432 143.63129492187494 0 233 2.8329 0.0 8.181805246746432 0.0 4.0 
228 7344791.3 96.90766885648137 79.9141697446432 143.63129492187494 0 233 2.8329 0.0 8.181805246746432 0.0 4.0 
229 7344824.6 96.9252852472992 79.9141697446432 143.63129492187494 0 233 2.8329 0.0 8.181805246746432 0.0 4.0 
230 7344858.0 96.9252852472992 79.91131646040448 143.63129492187494 0 233 2.8329 0.0 8.181805246746432 0.0 4.0 
231 7344891.3 96.9252852472992 79.91131646040448 143.63129492187494 0 233 2.8329 0.0 8.181805246746432 0.0 4.0 
232 7344924.6 96.9252852472992 79.91131646040448 143.63129492187494 0 233 2.8329 0.0 8.181805246746432 0.0 4.0 
233 7344958.0 96.94009346863024 79.91131646040448 143.63129492187494 0 233 2.8329 0.0 8.181805246746432 0.0 4.0 
234 7344991.3 96.94009346863024 79.91001747671523 143.63129492187494 0 233 2.8329 0.0 8.181805246746432 0.0 4.0 
235 7345024.6 96.94009346863024 79.91001747671523 143.63129492187494 0 233 2.8329 0.0 8.181805246746432 0.0 4.0 
236 7345058.0 96.94009346863024 79.91001747671523 143.63129492187494 0 233 2.8329 0.0 8.181805246746432 0.0 4.0 
237 7345091.3 96.95776143258914 79.91001747671523 143.63129492187494 0 233 2.8329 0.0 8.181805246746432 0.0 4.0 
238 7345124.6 96.95776143258914 79.91001747671523 143.63129492187494 0 233 2.8329 0.0 8.181805246746432 0.0 4.0 
239 7345158.0 96.95776143258914 79.91001747671523 143.63129492187494 0 233 2.8329 0.0 8.181805246746432 0.0 4.0 
240 7345191.3 96.95776143258914 79.91001747671523 143.63129492187494 0 233 2.8329 0.0 8.181805246746432 0.0 4.0 
241 7345224.7 96.97774892667452 79.91001747671523 143.63129492187494 0 233 2.8329 0.0 8.181805246746432 0.0 4.0 
242 7345258.0 96.97774892667452 79.91389461717698 143.63129492187494 0 233 2.8329 0.0 8.181805246746432 0.0 4.0 
243 7345291.3 96.97774892667452 79.91389461717698 143.63129492187494 0 233 2.8329 0.0 8.181805246746432 0.0 4.0 
244 7345324.7 96.97774892667452 79.91389461717698 143.63129492187494 0 233 2.8329 0.0 8.181805246746432 0.0 4.0 
245 7345358.0 96.9945277520197 79.91389461717698 143.63129492187494 0 233 2.8329 0.0 8.181805246746432 0.0 4.0 
246 7345391.3 96.9945277520197 79.92415987896447 143.63129492187494 0 233 2.8329 0.0 8.181805246746432 0.0 4.0 
247 7345424.7 96.9945277520197 79.92415987896447 143.63129492187494 0 233 2.8329 0.0 8.181805246746432 0.0 4.0 
248 7345458.0 96.9945277520197 79.92415987896447 143.63129492187494 0 233 2.8329 0.0 8.181805246746432 0.0 4.0 
249 7345491.3 97.01920198588503 79.92415987896447 143.63129492187494 0 233 2.8329 0.0 8.181805246746432 0.0 4.0 
250 7345524.7 97.01920198588503 79.94031199146318 143.63129492187494 0 233 2.8329 0.0 8.181805246746432 0.0 4.0 
251 7345558.0 97.01920198588503 79.94031199146318 143.63129492187494 0 233 2.8329 0.0 8.181805246746432 0.0 4.0 
252 7345591.3 97.01920198588503 79.94031199146318 143.63129492187494 0 233 2.8329 0.0 8.181805246746432 0.0 4.0 
253 7345624.7 97.01920198588503 79.94031199146318 143.63129492187494 0 233 2.8329 0.0 8.181805246746432 0.0 4.0 
254 7345658.0 97.03187342091195 79.94031199146318 143.63129492187494 0 233 2.8329 0.0 8.181805246746432 0.0 4.0 
255 7345691.4 97.03187342091195 79.95066673187755 143.63129492187494 0 233 2.8329 0.0 8.181805246746432 0.0 4.0 
256 7345724.7 97.03187342091195 79.95066673187755 143.63129492187494 0 233 2.8329 0.0 8.181805246746432 0.0 4.0 
257 7345758.0 97.0436308239237 79.96701118851286 143.63129492187494 0 233 2.8329 0.0 8.181805246746432 0.0 4.0 
258 7345791.4 97.0436308239237 79.96701118851286 143.63129492187494 0 233 2.8329 0.0 8.181805246746432 0.0 4.0 
259 7345824.7 97.0436308239237 79.96701118851286 143.63129492187494 0 233 2.8329 0.0 8.181805246746432 0.0 4.0 
260 7345858.0 97.0436308239237 79.96701118851286 143.63129492187494 0 233 2.8329 0.0 8.181805246746432 0.0 4.0 
261 7345891.4 97.05094064521839 79.96701118851286 143.63129492187494 0 233 2.8329 0.0 8.181805246746432 0.0 4.0 
262 7345924.7 97.05094064521839 79.97788224024875 143.63129492187494 0 233 2.8329 0.0 8.181805246746432 0.0 4.0 
263 7345958.0 97.05094064521839 79.97788224024875 143.63129492187494 0 233 2.8329 0.0 8.181805246746432 0.0 4.0 
264 7345991.4 97.05094064521839 79.97788224024875 143.63129492187494 0 233 2.8329 0.0 8.181805246746432 0.0 4.0 
265 7346024.7 97.0585775008783 79.97788224024875 143.63129492187494 0 233 2.8329 0.0 8.181805246746432 0.0 4.0 
266 7346058.1 97.0585775008783 79.98131217692817 143.63129492187494 0 233 2.8329 0.0 8.181805246746432 0.0 4.0 
267 7346091.4 97.0585775008783 79.98131217692817 143.63129492187494 0 233 2.8329 0.0 8.181805246746432 0.0 4.0 
268 7346124.7 97.0585775008783 79.98131217692817 143.63129492187494 0 233 2.8329 0.0 8.181805246746432 0.0 4.0 
269 7346158.1 97.0624663318831 79.98131217692817 143.63129492187494 0 233 2.8329 0.0 8.181805246746432 0.0 4.0 
270 7346191.4 97.0624663318831 79.98131217692817 143.63129492187494 0 233 2.8329 0.0 8.181805246746432 0.0 4.0 
271 7346224.7 97.0624663318831 79.98131217692817 143.63129492187494 0 233 2.8329 0.0 8.181805246746432 0.0 4.0 
272 7346258.1 97.06597575262516 79.98131217692817 143.63129492187494 0 233 2.8329 0.0 8.181805246746432 0.0 4.0 
273 7346291.4 97.06597575262516 79.98389710695167 143.63129492187494 0 233 2.8329 0.0 8.181805246746432 0.0 4.0 
274 7346324.7 97.06597575262516 79.98389710695167 143.63129492187494 0 233 2.8329 0.0 8.181805246746432 0.0 4.0 
275 7346358.1 97.06597575262516 79.98389710695167 143.63129492187494 0 233 2.8329 0.0 8.181805246746432 0.0 4.0 
276 7346391.4 97.06829527575556 79.98389710695167 143.63129492187494 0 233 2.8329 0.0 8.181805246746432 0.0 4.0 
277 7346424.7 97.06829527575556 79.98145597414519 143.63129492187494 0 233 2.8329 0.0 8.181805246746432 0.0 4.0 
278 7346458.1 97.06829527575556 79.98145597414519 143.63129492187494 0 233 2.8329 0.0 8.181805246746432 0.0 4.0 
279 7346491.4 97.07606683436015 79.97701749012506 143.63129492187494 0 233 2.8329 0.0 8.181805246746432 0.0 4.0 
280 7346524.8 97.07606683436015 79.97701749012506 143.63129492187494 0 233 2.8329 0.0 8.181805246746432 0.0 4.0 
281 7346558.1 97.07606683436015 79.97701749012506 143.63129492187494 0 233 2.8329 0.0 8.181805246746432 0.0 4.0 
282 7346591.4 97.07951135745091 79.97701749012506 143.63129492187494 0 233 2.8329 0.0 8.181805246746432 0.0 4.0 
283 7346624.8 97.07951135745091 79.9711943614054 143.63129492187494 0 233 2.8329 0.0 8.181805246746432 0.0 4.0 
284 7346658.1 97.07951135745091 79.9711943614054 143.63129492187494 0 233 2.8329 0.0 8.181805246746432 0.0 4.0 
285 7346691.4 97.07951135745091 79.9711943614054 143.63129492187494 0 233 2.8329 0.0 8.181805246746432 0.0 4.0 
286 7346724.8 97.08491509568218 79.9711943614054 143.63129492187494 0 233 2.8329 0.0 8.181805246746432 0.0 4.0 
287 7346758.1 97.08491509568218 79.96655007460784 143.63129492187494 0 233 2.8329 0.0 8.181805246746432 0.0 4.0 
288 7346791.4 97.08491509568218 79.96655007460784 143.63129492187494 0 233 2.8329 0.0 8.181805246746432 0.0 4.0 
289 7346824.8 97.08491509568218 79.96655007460784 143.63129492187494 0 233 2.8329 0.0 8.181805246746432 0.0 4.0 
290 7346858.1 97.092287041868 79.96655007460784 143.63129492187494 0 233 2.8329 0.0 8.181805246746432 0.0 4.0 
291 7346891.5 97.092287041868 79.9718935194258 143.63129492187494 0 233 2.8329 0.0 8.181805246746432 0.0 4.0 
292 7346924.8 97.092287041868 79.9718935194258 143.63129492187494 0 233 2.8329 0.0 8.181805246746432 0.0 4.0 
293 7346958.1 97.092287041868 79.98588974763415 143.63129492187494 0 233 2.8329 0.0 8.181805246746432 0.0 4.0 
294 7346991.5 97.092287041868 79.98588974763415 143.63129492187494 0 233 2.8329 0.0 8.181805246746432 0.0 4.0 
295 7347024.8 97.092287041868 79.98588974763415 143.63129492187494 0 233 2.8329 0.0 8.181805246746432 0.0 4.0 
296 7347058.1 97.092287041868 79.99547227248621 143.63129492187494 0 233 2.8329 0.0 8.181805246746432 0.0 4.0 
297 7347091.5 97.092287041868 79.99547227248621 143.63129492187494 0 233 2.8329 0.0 8.181805246746432 0.0 4.0 
298 7347124.8 97.092287041868 79.99547227248621 143.63129492187494 0 233 2.8329 0.0 8.181805246746432 0.0 4.0 
299 7347158.1 97.092287041868 79.99547227248621 143.63129492187494 0 233 2.8329 0.0 8.181805246746432 0.0 4.0 
300 7347191.5 97.08876455727348 79.99547227248621 143.63129492187494 0 233 2.8329 0.0 8.181805246746432 0.0 4.0 
301 7347224.8 97.08876455727348 80.00611397200764 143.63129492187494 0 233 2.8329 0.0 8.181805246746432 0.0 4.0 
302 7347258.1 97.08876455727348 80.00611397200764 143.63129492187494 0 233 2.8329 0.0 8.181805246746432 0.0 4.0 
303 7347291.5 97.08876455727348 80.00611397200764 143.63129492187494 0 233 2.8329 0.0 8.181805246746432 0.0 4.0 
304 7347324.8 97.08385474745211 80.00960118817004 143.63129492187494 0 233 2.8329 0.0 8.181805246746432 0.0 4.0 
305 7347358.2 97.08385474745211 80.00960118817004 143.63129492187494 0 233 2.8329 0.0 8.181805246746432 0.0 4.0 
306 7347391.5 97.08385474745211 80.00960118817004 143.63129492187494 0 233 2.8329 0.0 8.181805246746432 0.0 4.0 
307 7347424.8 97.0806896754728 80.00960118817004 143.63129492187494 0 233 2.8329 0.0 8.181805246746432 0.0 4.0 
308 7347458.2 97.0806896754728 80.00960118817004 143.63129492187494 0 233 2.8329 0.0 8.181805246746432 0.0 4.0 
309 7347491.5 97.0806896754728 80.00960118817004 143.63129492187494 0 233 2.8329 0.0 8.181805246746432 0.0 4.0 
310 7347524.8 97.07930677661051 80.00960118817004 143.63129492187494 0 233 2.8329 0.0 8.181805246746432 0.0 4.0 
311 7347558.2 97.07930677661051 80.01114312700369 143.63129492187494 0 233 2.8329 0.0 8.181805246746432 0.0 4.0 
312 7347591.5 97.07930677661051 80.01114312700369 143.63129492187494 0 233 2.8329 0.0 8.181805246746432 0.0 4.0 
313 7347624.8 97.07930677661051 80.01114312700369 143.63129492187494 0 233 2.8329 0.0 8.181805246746432 0.0 4.0 
314 7347658.2 97.0782052723356 80.01010230813584 143.63129492187494 0 233 2.8329 0.0 8.181805246746432 0.0 4.0 
315 7347691.5 97.0782052723356 80.01010230813584 143.63129492187494 0 233 2.8329 0.0 8.181805246746432 0.0 4.0 
316 7347724.9 97.07691457180881 80.01010230813584 143.63129492187494 0 233 2.8329 0.0 8.181805246746432 0.0 4.0 
317 7347758.2 97.07691457180881 80.01010230813584 143.63129492187494 0 233 2.8329 0.0 8.181805246746432 0.0 4.0 
318 7347791.5 97.07490080758387 80.01177310060154 143.63129492187494 0 233 2.8329 0.0 8.181805246746432 0.0 4.0 
319 7347824.9 97.07490080758387 80.01177310060154 143.63129492187494 0 233 2.8329 0.0 8.181805246746432 0.0 4.0 
320 7347858.2 97.07275005275868 80.01177310060154 143.63129492187494 0 233 2.8329 0.0 8.181805246746432 0.0 4.0 
321 7347891.5 97.07275005275868 80.01329004853254 143.63129492187494 0 233 2.8329 0.0 8.181805246746432 0.0 4.0 
322 7347924.9 97.07275005275868 80.01329004853254 143.63129492187494 0 233 2.8329 0.0 8.181805246746432 0.0 4.0 
323 7347958.2 97.07050247385114 80.01329004853254 143.63129492187494 0 233 2.8329 0.0 8.181805246746432 0.0 4.0 
324 7347991.5 97.07050247385114 80.01974407371904 143.63129492187494 0 233 2.8329 0.0 8.181805246746432 0.0 4.0 
325 7348024.9 97.07050247385114 80.01974407371904 143.63129492187494 0 233 2.8329 0.0 8.181805246746432 0.0 4.0 
326 7348058.2 97.06854902493971 80.02936913741905 143.63129492187494 0 233 2.8329 0.0 8.181805246746432 0.0 4.0 
327 7348091.5 97.06854902493971 80.02936913741905 143.63129492187494 0 233 2.8329 0.0 8.181805246746432 0.0 4.0 
328 7348124.9 97.06854902493971 80.02936913741905 143.63129492187494 0 233 2.8329 0.0 8.181805246746432 0.0 4.0 
329 7348158.2 97.06854902493971 80.03253128278263 143.63129492187494 0 233 2.8329 0.0 8.181805246746432 0.0 4.0 
330 7348191.6 97.06854902493971 80.03253128278263 143.63129492187494 0 233 2.8329 0.0 8.181805246746432 0.0 4.0 
331 7348224.9 97.06854902493971 80.02877637304935 143.63129492187494 0 233 2.8329 0.0 8.181805246746432 0.0 4.0 
332 7348258.2 97.06854902493971 80.02877637304935 143.63129492187494 0 233 2.8329 0.0 8.181805246746432 0.0 4.0 
333 7348291.6 97.06854902493971 80.02587832938231 143.63129492187494 0 233 2.8329 0.0 8.181805246746432 0.0 4.0 
334 7348324.9 97.06854902493971 80.02587832938231 143.63129492187494 0 233 2.8329 0.0 8.181805246746432 0.0 4.0 
335 7348358.2 97.06854902493971 80.02587832938231 143.63129492187494 0 233 2.8329 0.0 8.181805246746432 0.0 4.0 
336 7348391.6 97.06854902493971 80.02185884148133 143.63129492187494 0 233 2.8329 0.0 8.181805246746432 0.0 4.0 
337 7348424.9 97.06854902493971 80.02185884148133 143.63129492187494 0 233 2.8329 0.0 8.181805246746432 0.0 4.0 
338 7348458.2 97.06975803443575 80.01905605928607 143.63129492187494 0 233 2.8329 0.0 8.181805246746432 0.0 4.0 
339 7348491.6 97.06975803443575 80.01905605928607 143.63129492187494 0 233 2.8329 0.0 8.181805246746432 0.0 4.0 
340 7348524.9 97.06975803443575 80.01905605928607 143.63129492187494 0 233 2.8329 0.0 8.181805246746432 0.0 4.0 
341 7348558.3 97.07481789527449 80.01497468160564 143.63129492187494 0 233 2.8329 0.0 8.181805246746432 0.0 4.0 
342 7348591.6 97.07481789527449 80.01497468160564 143.63129492187494 0 233 2.8329 0.0 8.181805246746432 0.0 4.0 
343 7348624.9 97.07481789527449 80.01497468160564 143.63129492187494 0 233 2.8329 0.0 8.181805246746432 0.0 4.0 
344 7348658.3 97.07481789527449 80.01497468160564 143.63129492187494 0 233 2.8329 0.0 8.181805246746432 0.0 4.0 
345 7348691.6 97.08571812141335 80.01497468160564 143.63129492187494 0 233 2.8329 0.0 8.181805246746432 0.0 4.0 
346 7348724.9 97.08571812141335 80.00819619380663 143.63129492187494 0 233 2.8329 0.0 8.181805246746432 0.0 4.0 
347 7348758.3 97.08571812141335 80.00819619380663 143.63129492187494 0 233 2.8329 0.0 8.181805246746432 0.0 4.0 
348 7348791.6 97.09039826276442 80.00819619380663 143.63129492187494 0 233 2.8329 0.0 8.181805246746432 0.0 4.0 
349 7348824.9 97.09039826276442 80.00568992106578 143.63129492187494 0 233 2.8329 0.0 8.181805246746432 0.0 4.0 
350 7348858.3 97.09039826276442 80.00568992106578 143.63129492187494 0 233 2.8329 0.0 8.181805246746432 0.0 4.0 
351 7348891.6 97.09039826276442 80.00568992106578 143.63129492187494 0 233 2.8329 0.0 8.181805246746432 0.0 4.0 
352 7348924.9 97.0892470301618 80.00755215660324 143.63129492187494 0 233 2.8329 0.0 8.181805246746432 0.0 4.0 
353 7348958.3 97.0892470301618 80.00755215660324 143.63129492187494 0 233 2.8329 0.0 8.181805246746432 0.0 4.0 
354 7348991.6 97.0892470301618 80.00755215660324 143.63129492187494 0 233 2.8329 0.0 8.181805246746432 0.0 4.0 
355 7349025.0 97.08412232684724 80.01404231333261 143.63129492187494 0 233 2.8329 0.0 8.181805246746432 0.0 4.0 
356 7349058.3 97.08412232684724 80.01404231333261 143.63129492187494 0 233 2.8329 0.0 8.181805246746432 0.0 4.0 
357 7349091.6 97.08412232684724 80.01404231333261 143.63129492187494 0 233 2.8329 0.0 8.181805246746432 0.0 4.0 
358 7349125.0 97.07821481866205 80.01404231333261 143.63129492187494 0 233 2.8329 0.0 8.181805246746432 0.0 4.0 
359 7349158.3 97.07821481866205 80.020103879148 143.63129492187494 0 233 2.8329 0.0 8.181805246746432 0.0 4.0 
360 7349191.6 97.07821481866205 80.020103879148 143.63129492187494 0 233 2.8329 0.0 8.181805246746432 0.0 4.0 
361 7349225.0 97.07537720085304 80.020103879148 143.63129492187494 0 233 2.8329 0.0 8.181805246746432 0.0 4.0 
362 7349258.3 97.07537720085304 80.02186161869166 143.63129492187494 0 233 2.8329 0.0 8.181805246746432 0.0 4.0 
363 7349291.6 97.07537720085304 80.02186161869166 143.63129492187494 0 233 2.8329 0.0 8.181805246746432 0.0 4.0 
364 7349325.0 97.07537720085304 80.02186161869166 143.63129492187494 0 233 2.8329 0.0 8.181805246746432 0.0 4.0 
365 7349358.3 97.07314048452547 80.02186161869166 143.63129492187494 0 233 2.8329 0.0 8.181805246746432 0.0 4.0 
366 7349391.7 97.07314048452547 80.02186161869166 143.63129492187494 0 233 2.8329 0.0 8.181805246746432 0.0 4.0 
367 7349425.0 97.07314048452547 80.02186161869166 143.63129492187494 0 233 2.8329 0.0 8.181805246746432 0.0 4.0 
368 7349458.3 97.07094033090902 80.02186161869166 143.63129492187494 0 233 2.8329 0.0 8.181805246746432 0.0 4.0 
369 7349491.7 97.07094033090902 80.02479624748625 143.63129492187494 0 233 2.8329 0.0 8.181805246746432 0.0 4.0 
370 7349525.0 97.07094033090902 80.02479624748625 143.63129492187494 0 233 2.8329 0.0 8.181805246746432 0.0 4.0 
371 7349558.3 97.07094033090902 80.02479624748625 143.63129492187494 0 233 2.8329 0.0 8.181805246746432 0.0 4.0 
372 7349591.7 97.07094033090902 80.02479624748625 143.63129492187494 0 233 2.8329 0.0 8.181805246746432 0.0 4.0 
373 7349625.0 97.07094033090902 80.02479624748625 143.63129492187494 0 233 2.8329 0.0 8.181805246746432 0.0 4.0 
374 7349658.3 97.07094033090902 80.02479624748625 143.63129492187494 0 233 2.8329 0.0 8.181805246746432 0.0 4.0 
375 7349691.7 97.07094033090902 80.02479624748625 143.63129492187494 0 233 2.8329 0.0 8.181805246746432 0.0 4.0 
376 7349725.0 97.07420781101123 80.02146061318062 143.63129492187494 0 233 2.8329 0.0 8.181805246746432 0.0 4.0 
377 7349758.3 97.07420781101123 80.02146061318062 143.63129492187494 0 233 2.8329 0.0 8.181805246746432 0.0 4.0 
378 7349791.7 97.07420781101123 80.02146061318062 143.63129492187494 0 233 2.8329 0.0 8.181805246746432 0.0 4.0 
379 7349825.0 97.07562489450025 80.02146061318062 143.63129492187494 0 233 2.8329 0.0 8.181805246746432 0.0 4.0 
380 7349858.4 97.07562489450025 80.01725961622985 143.63129492187494 0 233 2.8329 0.0 8.181805246746432 0.0 4.0 
381 7349891.7 97.07562489450025 80.01725961622985 143.63129492187494 0 233 2.8329 0.0 8.181805246746432 0.0 4.0 
382 7349925.0 97.07767331462367 80.01725961622985 143.63129492187494 0 233 2.8329 0.0 8.181805246746432 0.0 4.0 
383 7349958.4 97.07767331462367 80.01290757561493 143.63129492187494 0 233 2.8329 0.0 8.181805246746432 0.0 4.0 
384 7349991.7 97.07767331462367 80.01290757561493 143.63129492187494 0 233 2.8329 0.0 8.181805246746432 0.0 4.0 
385 7350025.0 97.07767331462367 80.01290757561493 143.63129492187494 0 233 2.8329 0.0 8.181805246746432 0.0 4.0 
386 7350058.4 97.08203225377633 80.0048172179063 143.63129492187494 0 233 2.8329 0.0 8.181805246746432 0.0 4.0 
387 7350091.7 97.08203225377633 80.0048172179063 143.63129492187494 0 233 2.8329 0.0 8.181805246746432 0.0 4.0 
388 7350125.0 97.08203225377633 80.0048172179063 143.63129492187494 0 233 2.8329 0.0 8.181805246746432 0.0 4.0 
389 7350158.4 97.08203225377633 80.0048172179063 143.63129492187494 0 233 2.8329 0.0 8.181805246746432 0.0 4.0 
390 7350191.7 97.08203225377633 80.0048172179063 143.63129492187494 0 233 2.8329 0.0 8.181805246746432 0.0 4.0 
391 7350225.1 97.08203225377633 80.0048172179063 143.63129492187494 0 233 2.8329 0.0 8.181805246746432 0.0 4.0 
392 7350258.4 97.07739374226662 80.0048172179063 143.63129492187494 0 233 2.8329 0.0 8.181805246746432 0.0 4.0 
393 7350291.7 97.07739374226662 80.00656142109496 143.63129492187494 0 233 2.8329 0.0 8.181805246746432 0.0 4.0 
394 7350325.1 97.07739374226662 80.00656142109496 143.63129492187494 0 233 2.8329 0.0 8.181805246746432 0.0 4.0 
395 7350358.4 97.07041802698386 80.00656142109496 143.63129492187494 0 233 2.8329 0.0 8.181805246746432 0.0 4.0 
396 7350391.7 97.07041802698386 80.01044903411967 143.63129492187494 0 233 2.8329 0.0 8.181805246746432 0.0 4.0 
397 7350425.1 97.07041802698386 80.01044903411967 143.63129492187494 0 233 2.8329 0.0 8.181805246746432 0.0 4.0 
398 7350458.4 97.07041802698386 80.01044903411967 143.63129492187494 0 233 2.8329 0.0 8.181805246746432 0.0 4.0 
399 7350491.7 97.06917512062223 80.01734704052213 143.63129492187494 0 233 2.8329 0.0 8.181805246746432 0.0 4.0 
400 7350525.1 97.06917512062223 80.01734704052213 143.63129492187494 0 233 2.8329 0.0 8.181805246746432 0.0 4.0 
401 7350558.4 97.06917512062223 80.01734704052213 143.63129492187494 0 233 2.8329 0.0 8.181805246746432 0.0 4.0 
402 7350591.7 97.068117740788 80.01734704052213 143.63129492187494 0 233 2.8329 0.0 8.181805246746432 0.0 4.0 
403 7350625.1 97.068117740788 80.02138257902728 143.63129492187494 0 233 2.8329 0.0 8.181805246746432 0.0 4.0 
404 7350658.4 97.068117740788 80.02138257902728 143.63129492187494 0 233 2.8329 0.0 8.181805246746432 0.0 4.0 
405 7350691.8 97.068117740788 80.02138257902728 143.63129492187494 0 233 2.8329 0.0 8.181805246746432 0.0 4.0 
406 7350725.1 97.06223825289953 80.02138257902728 143.63129492187494 0 233 2.8329 0.0 8.181805246746432 0.0 4.0 
407 7350758.4 97.06223825289953 80.02812288268532 143.63129492187494 0 233 2.8329 0.0 8.181805246746432 0.0 4.0 
408 7350791.8 97.06223825289953 80.02812288268532 143.63129492187494 0 233 2.8329 0.0 8.181805246746432 0.0 4.0 
409 7350825.1 97.06223825289953 80.02812288268532 143.63129492187494 0 233 2.8329 0.0 8.181805246746432 0.0 4.0 
410 7350858.4 97.04956562312888 80.03640292120069 143.63129492187494 0 233 2.8329 0.0 8.181805246746432 0.0 4.0 
411 7350891.8 97.04956562312888 80.03640292120069 143.63129492187494 0 233 2.8329 0.0 8.181805246746432 0.0 4.0 
412 7350925.1 97.04956562312888 80.03640292120069 143.63129492187494 0 233 2.8329 0.0 8.181805246746432 0.0 4.0 
413 7350958.4 97.04122826935263 80.03872454813751 143.63129492187494 0 233 2.8329 0.0 8.181805246746432 0.0 4.0 
414 7350991.8 97.04122826935263 80.03872454813751 143.63129492187494 0 233 2.8329 0.0 8.181805246746432 0.0 4.0 
415 7351025.1 97.04122826935263 80.03872454813751 143.63129492187494 0 233 2.8329 0.0 8.181805246746432 0.0 4.0 
416 7351058.5 97.03511837980085 80.03872454813751 143.63129492187494 0 233 2.8329 0.0 8.181805246746432 0.0 4.0 
417 7351091.8 97.03511837980085 80.03998539217675 143.63129492187494 0 233 2.8329 0.0 8.181805246746432 0.0 4.0 
418 7351125.1 97.03511837980085 80.03998539217675 143.63129492187494 0 233 2.8329 0.0 8.181805246746432 0.0 4.0 
419 7351158.5 97.03511837980085 80.03998539217675 143.63129492187494 0 233 2.8329 0.0 8.181805246746432 0.0 4.0 
420 7351191.8 97.02854201703138 80.03998539217675 143.63129492187494 0 233 2.8329 0.0 8.181805246746432 0.0 4.0 
421 7351225.1 97.02854201703138 80.03998539217675 143.63129492187494 0 233 2.8329 0.0 8.181805246746432 0.0 4.0 
422 7351258.5 97.02854201703138 80.03998539217675 143.63129492187494 0 233 2.8329 0.0 8.181805246746432 0.0 4.0 
423 7351291.8 97.025397671237 80.03998539217675 143.63129492187494 0 233 2.8329 0.0 8.181805246746432 0.0 4.0 
424 7351325.1 97.025397671237 80.03998539217675 143.63129492187494 0 233 2.8329 0.0 8.181805246746432 0.0 4.0 
425 7351358.5 97.025397671237 80.03998539217675 143.63129492187494 0 233 2.8329 0.0 8.181805246746432 0.0 4.0 
426 7351391.8 97.02398762397048 80.03998539217675 143.63129492187494 0 233 2.8329 0.0 8.181805246746432 0.0 4.0 
427 7351425.1 97.02398762397048 80.03998539217675 143.63129492187494 0 233 2.8329 0.0 8.181805246746432 0.0 4.0 
428 7351458.5 97.02398762397048 80.03998539217675 143.63129492187494 0 233 2.8329 0.0 8.181805246746432 0.0 4.0 
429 7351491.8 97.0220354413941 80.03998539217675 143.63129492187494 0 233 2.8329 0.0 8.181805246746432 0.0 4.0 
430 7351525.2 97.0220354413941 80.03998539217675 143.63129492187494 0 233 2.8329 0.0 8.181805246746432 0.0 4.0 
431 7351558.5 97.01909452688801 80.03998539217675 143.63129492187494 0 233 2.8329 0.0 8.181805246746432 0.0 4.0 
432 7351591.8 97.01909452688801 80.03998539217675 143.63129492187494 0 233 2.8329 0.0 8.181805246746432 0.0 4.0 
433 7351625.2 97.01909452688801 80.03998539217675 143.63129492187494 0 233 2.8329 0.0 8.181805246746432 0.0 4.0 
434 7351658.5 97.01504455313555 80.03885946605754 143.63129492187494 0 233 2.8329 0.0 8.181805246746432 0.0 4.0 
435 7351691.8 97.01504455313555 80.03885946605754 143.63129492187494 0 233 2.8329 0.0 8.181805246746432 0.0 4.0 
436 7351725.2 97.01504455313555 80.03885946605754 143.63129492187494 0 233 2.8329 0.0 8.181805246746432 0.0 4.0 
437 7351758.5 97.01504455313555 80.03732603662324 143.63129492187494 0 233 2.8329 0.0 8.181805246746432 0.0 4.0 
438 7351791.8 97.01504455313555 80.03732603662324 143.63129492187494 0 233 2.8329 0.0 8.181805246746432 0.0 4.0 
439 7351825.2 97.01504455313555 80.03732603662324 143.63129492187494 0 233 2.8329 0.0 8.181805246746432 0.0 4.0 
440 7351858.5 97.01629682487066 80.03732603662324 143.63129492187494 0 233 2.8329 0.0 8.181805246746432 0.0 4.0 
441 7351891.9 97.01629682487066 80.03605793292601 143.63129492187494 0 233 2.8329 0.0 8.181805246746432 0.0 4.0 
442 7351925.2 97.01629682487066 80.03605793292601 143.63129492187494 0 233 2.8329 0.0 8.181805246746432 0.0 4.0 
443 7351958.5 97.02390986004013 80.03605793292601 143.63129492187494 0 233 2.8329 0.0 8.181805246746432 0.0 4.0 
444 7351991.9 97.02390986004013 80.03605793292601 143.63129492187494 0 233 2.8329 0.0 8.181805246746432 0.0 4.0 
445 7352025.2 97.02390986004013 80.03605793292601 143.63129492187494 0 233 2.8329 0.0 8.181805246746432 0.0 4.0 
446 7352058.5 97.03113641047126 80.03736491933692 143.63129492187494 0 233 2.8329 0.0 8.181805246746432 0.0 4.0 
447 7352091.9 97.03113641047126 80.03736491933692 143.63129492187494 0 233 2.8329 0.0 8.181805246746432 0.0 4.0 
448 7352125.2 97.03113641047126 80.03736491933692 143.63129492187494 0 233 2.8329 0.0 8.181805246746432 0.0 4.0 
449 7352158.5 97.03113641047126 80.03736491933692 143.63129492187494 0 233 2.8329 0.0 8.181805246746432 0.0 4.0 
450 7352191.9 97.04642431920504 80.03736491933692 143.63129492187494 0 233 2.8329 0.0 8.181805246746432 0.0 4.0 
451 7352225.2 97.04642431920504 80.03736491933692 143.63129492187494 0 233 2.8329 0.0 8.181805246746432 0.0 4.0 
452 7352258.5 97.04642431920504 80.03736491933692 143.63129492187494 0 233 2.8329 0.0 8.181805246746432 0.0 4.0 
453 7352291.9 97.04642431920504 80.03736491933692 143.63129492187494 0 233 2.8329 0.0 8.181805246746432 0.0 4.0 
454 7352325.2 97.06903704940929 80.03736491933692 143.63129492187494 0 233 2.8329 0.0 8.181805246746432 0.0 4.0 
455 7352358.6 97.06903704940929 80.02642728779527 143.63129492187494 0 233 2.8329 0.0 8.181805246746432 0.0 4.0 
456 7352391.9 97.06903704940929 80.02642728779527 143.63129492187494 0 233 2.8329 0.0 8.181805246746432 0.0 4.0 
457 7352425.2 97.0812219250536 80.01346629148648 143.63129492187494 0 233 2.8329 0.0 8.181805246746432 0.0 4.0 
458 7352458.6 97.0812219250536 80.01346629148648 143.63129492187494 0 233 2.8329 0.0 8.181805246746432 0.0 4.0 
459 7352491.9 97.0812219250536 80.01346629148648 143.63129492187494 0 233 2.8329 0.0 8.181805246746432 0.0 4.0 
460 7352525.2 97.08896934028823 80.01346629148648 143.63129492187494 0 233 2.8329 0.0 8.181805246746432 0.0 4.0 
461 7352558.6 97.08896934028823 80.00185161001579 143.63129492187494 0 233 2.8329 0.0 8.181805246746432 0.0 4.0 
462 7352591.9 97.08896934028823 80.00185161001579 143.63129492187494 0 233 2.8329 0.0 8.181805246746432 0.0 4.0 
463 7352625.2 97.09704095064038 80.00185161001579 143.63129492187494 0 233 2.8329 0.0 8.181805246746432 0.0 4.0 
464 7352658.6 97.09704095064038 79.9801341602082 143.63129492187494 0 233 2.8329 0.0 8.181805246746432 0.0 4.0 
465 7352691.9 97.09704095064038 79.9801341602082 143.63129492187494 0 233 2.8329 0.0 8.181805246746432 0.0 4.0 
466 7352725.3 97.09704095064038 79.9801341602082 143.63129492187494 0 233 2.8329 0.0 8.181805246746432 0.0 4.0 
467 7352758.6 97.10202078290285 79.9801341602082 143.63129492187494 0 233 2.8329 0.0 8.181805246746432 0.0 4.0 
468 7352791.9 97.10202078290285 79.96004253378683 143.63129492187494 0 233 2.8329 0.0 8.181805246746432 0.0 4.0 
469 7352825.3 97.10202078290285 79.96004253378683 143.63129492187494 0 233 2.8329 0.0 8.181805246746432 0.0 4.0 
470 7352858.6 97.10394840389672 79.96004253378683 143.63129492187494 0 233 2.8329 0.0 8.181805246746432 0.0 4.0 
471 7352891.9 97.10394840389672 79.93093685585117 143.63129492187494 0 233 2.8329 0.0 8.181805246746432 0.0 4.0 
472 7352925.3 97.10394840389672 79.93093685585117 143.63129492187494 0 233 2.8329 0.0 8.181805246746432 0.0 4.0 
473 7352958.6 97.10394840389672 79.93093685585117 143.63129492187494 0 233 2.8329 0.0 8.181805246746432 0.0 4.0 
474 7352991.9 97.10394840389672 79.93093685585117 143.63129492187494 0 233 2.8329 0.0 8.181805246746432 0.0 4.0 
475 7353025.3 97.10156472660769 79.93093685585117 143.63129492187494 0 233 2.8329 0.0 8.181805246746432 0.0 4.0 
476 7353058.6 97.10156472660769 79.91224582387181 143.63129492187494 0 233 2.8329 0.0 8.181805246746432 0.0 4.0 
477 7353091.9 97.10156472660769 79.91224582387181 143.63129492187494 0 233 2.8329 0.0 8.181805246746432 0.0 4.0 
478 7353125.3 97.10156472660769 79.91224582387181 143.63129492187494 0 233 2.8329 0.0 8.181805246746432 0.0 4.0 
479 7353158.6 97.09585931392922 79.89997422379604 143.63129492187494 0 233 2.8329 0.0 8.181805246746432 0.0 4.0 
480 7353192.0 97.09585931392922 79.89997422379604 143.63129492187494 0 233 2.8329 0.0 8.181805246746432 0.0 4.0 
481 7353225.3 97.09585931392922 79.89997422379604 143.63129492187494 0 233 2.8329 0.0 8.181805246746432 0.0 4.0 
482 7353258.6 97.09048121135162 79.89997422379604 143.63129492187494 0 233 2.8329 0.0 8.181805246746432 0.0 4.0 
483 7353292.0 97.09048121135162 79.89631379983005 143.63129492187494 0 233 2.8329 0.0 8.181805246746432 0.0 4.0 
484 7353325.3 97.09048121135162 79.89631379983005 143.63129492187494 0 233 2.8329 0.0 8.181805246746432 0.0 4.0 
485 7353358.6 97.09048121135162 79.89631379983005 143.63129492187494 0 233 2.8329 0.0 8.181805246746432 0.0 4.0 
486 7353392.0 97.08618045666148 79.89357292412546 143.63129492187494 0 233 2.8329 0.0 8.181805246746432 0.0 4.0 
487 7353425.3 97.08618045666148 79.89357292412546 143.63129492187494 0 233 2.8329 0.0 8.181805246746432 0.0 4.0 
488 7353458.6 97.08618045666148 79.89357292412546 143.63129492187494 0 233 2.8329 0.0 8.181805246746432 0.0 4.0 
489 7353492.0 97.08618045666148 79.89357292412546 143.63129492187494 0 233 2.8329 0.0 8.181805246746432 0.0 4.0 
490 7353525.3 97.08618045666148 79.89357292412546 143.63129492187494 0 233 2.8329 0.0 8.181805246746432 0.0 4.0 
491 7353558.7 97.08759938487759 79.89357292412546 143.63129492187494 0 233 2.8329 0.0 8.181805246746432 0.0 4.0 
492 7353592.0 97.08759938487759 79.89357292412546 143.63129492187494 0 233 2.8329 0.0 8.181805246746432 0.0 4.0 
493 7353625.3 97.08971344123162 79.89357292412546 143.63129492187494 0 233 2.8329 0.0 8.181805246746432 0.0 4.0 
494 7353658.7 97.08971344123162 79.89357292412546 143.63129492187494 0 233 2.8329 0.0 8.181805246746432 0.0 4.0 
495 7353692.0 97.08971344123162 79.89357292412546 143.63129492187494 0 233 2.8329 0.0 8.181805246746432 0.0 4.0 
496 7353725.3 97.09296704295842 79.89357292412546 143.63129492187494 0 233 2.8329 0.0 8.181805246746432 0.0 4.0 
497 7353758.7 97.09296704295842 79.89598103114088 143.63129492187494 0 233 2.8329 0.0 8.181805246746432 0.0 4.0 
498 7353792.0 97.09296704295842 79.89598103114088 143.63129492187494 0 233 2.8329 0.0 8.181805246746432 0.0 4.0 
499 7353825.3 97.09296704295842 79.89598103114088 143.63129492187494 0 233 2.8329 0.0 8.181805246746432 0.0 4.0 
500 7353858.7 97.09296704295842 79.90374563529292 143.63129492187494 0 233 2.8329 0.0 8.181805246746432 0.0 4.0 
501 7353892.0 97.09296704295842 79.90374563529292 143.63129492187494 0 233 2.8329 0.0 8.181805246746432 0.0 4.0 
502 7353925.3 97.09296704295842 79.90374563529292 143.63129492187494 0 233 2.8329 0.0 8.181805246746432 0.0 4.0 
503 7353958.7 97.08915923503649 79.90374563529292 143.63129492187494 0 233 2.8329 0.0 8.181805246746432 0.0 4.0 
504 7353992.0 97.08915923503649 79.90831010312144 143.63129492187494 0 233 2.8329 0.0 8.181805246746432 0.0 4.0 
505 7354025.4 97.08915923503649 79.90831010312144 143.63129492187494 0 233 2.8329 0.0 8.181805246746432 0.0 4.0 
506 7354058.7 97.08915923503649 79.90831010312144 143.63129492187494 0 233 2.8329 0.0 8.181805246746432 0.0 4.0 
507 7354092.0 97.06962288241418 79.90831010312144 143.63129492187494 0 233 2.8329 0.0 8.181805246746432 0.0 4.0 
508 7354125.4 97.06962288241418 79.90831010312144 143.63129492187494 0 233 2.8329 0.0 8.181805246746432 0.0 4.0 
509 7354158.7 97.06962288241418 79.90831010312144 143.63129492187494 0 233 2.8329 0.0 8.181805246746432 0.0 4.0 
510 7354192.0 97.06025634196484 79.91113318811462 143.63129492187494 0 233 2.8329 0.0 8.181805246746432 0.0 4.0 
511 7354225.4 97.06025634196484 79.91113318811462 143.63129492187494 0 233 2.8329 0.0 8.181805246746432 0.0 4.0 
512 7354258.7 97.06025634196484 79.91113318811462 143.63129492187494 0 233 2.8329 0.0 8.181805246746432 0.0 4.0 
513 7354292.0 97.04879438884211 79.91113318811462 143.63129492187494 0 233 2.8329 0.0 8.181805246746432 0.0 4.0 
514 7354325.4 97.04879438884211 79.91113318811462 143.63129492187494 0 233 2.8329 0.0 8.181805246746432 0.0 4.0 
515 7354358.7 97.04137075077678 79.91113318811462 143.63129492187494 0 233 2.8329 0.0 8.181805246746432 0.0 4.0 
516 7354392.1 97.04137075077678 79.91113318811462 143.63129492187494 0 233 2.8329 0.0 8.181805246746432 0.0 4.0 
517 7354425.4 97.04137075077678 79.91113318811462 143.63129492187494 0 233 2.8329 0.0 8.181805246746432 0.0 4.0 
518 7354458.7 97.04137075077678 79.91113318811462 143.63129492187494 0 233 2.8329 0.0 8.181805246746432 0.0 4.0 
519 7354492.1 97.04378914536714 79.91113318811462 143.63129492187494 0 233 2.8329 0.0 8.181805246746432 0.0 4.0 
520 7354525.4 97.04378914536714 79.9125651938672 143.63129492187494 0 233 2.8329 0.0 8.181805246746432 0.0 4.0 
521 7354558.7 97.04378914536714 79.9125651938672 143.63129492187494 0 233 2.8329 0.0 8.181805246746432 0.0 4.0 
522 7354592.1 97.04378914536714 79.9125651938672 143.63129492187494 0 233 2.8329 0.0 8.181805246746432 0.0 4.0 
523 7354625.4 97.04560909992988 79.9125651938672 143.63129492187494 0 233 2.8329 0.0 8.181805246746432 0.0 4.0 
524 7354658.7 97.04560909992988 79.9125651938672 143.63129492187494 0 233 2.8329 0.0 8.181805246746432 0.0 4.0 
525 7354692.1 97.04560909992988 79.9125651938672 143.63129492187494 0 233 2.8329 0.0 8.181805246746432 0.0 4.0 
526 7354725.4 97.0486825804218 79.9125651938672 143.63129492187494 0 233 2.8329 0.0 8.181805246746432 0.0 4.0 
527 7354758.7 97.0486825804218 79.9125651938672 143.63129492187494 0 233 2.8329 0.0 8.181805246746432 0.0 4.0 
528 7354792.1 97.0486825804218 79.9125651938672 143.63129492187494 0 233 2.8329 0.0 8.181805246746432 0.0 4.0 
529 7354825.4 97.0486825804218 79.91060333172062 143.63129492187494 0 233 2.8329 0.0 8.181805246746432 0.0 4.0 
530 7354858.8 97.0486825804218 79.91060333172062 143.63129492187494 0 233 2.8329 0.0 8.181805246746432 0.0 4.0 
531 7354892.1 97.0486825804218 79.91060333172062 143.63129492187494 0 233 2.8329 0.0 8.181805246746432 0.0 4.0 
532 7354925.4 97.0486825804218 79.90697470919707 143.63129492187494 0 233 2.8329 0.0 8.181805246746432 0.0 4.0 
533 7354958.8 97.0486825804218 79.90697470919707 143.63129492187494 0 233 2.8329 0.0 8.181805246746432 0.0 4.0 
534 7354992.1 97.05176357307475 79.90697470919707 143.63129492187494 0 233 2.8329 0.0 8.181805246746432 0.0 4.0 
535 7355025.4 97.05176357307475 79.90533129443644 143.63129492187494 0 233 2.8329 0.0 8.181805246746432 0.0 4.0 
536 7355058.8 97.05176357307475 79.90533129443644 143.63129492187494 0 233 2.8329 0.0 8.181805246746432 0.0 4.0 
537 7355092.1 97.05176357307475 79.90533129443644 143.63129492187494 0 233 2.8329 0.0 8.181805246746432 0.0 4.0 
538 7355125.4 97.0539544106736 79.90533129443644 143.63129492187494 0 233 2.8329 0.0 8.181805246746432 0.0 4.0 
539 7355158.8 97.0539544106736 79.90123212257502 143.63129492187494 0 233 2.8329 0.0 8.181805246746432 0.0 4.0 
540 7355192.1 97.0539544106736 79.90123212257502 143.63129492187494 0 233 2.8329 0.0 8.181805246746432 0.0 4.0 
541 7355225.5 97.0539544106736 79.90123212257502 143.63129492187494 0 233 2.8329 0.0 8.181805246746432 0.0 4.0 
542 7355258.8 97.05561281949085 79.90123212257502 143.63129492187494 0 233 2.8329 0.0 8.181805246746432 0.0 4.0 
543 7355292.1 97.05561281949085 79.89514581747368 143.63129492187494 0 233 2.8329 0.0 8.181805246746432 0.0 4.0 
544 7355325.5 97.05561281949085 79.89514581747368 143.63129492187494 0 233 2.8329 0.0 8.181805246746432 0.0 4.0 
545 7355358.8 97.05243171269225 79.8924020922311 143.63129492187494 0 233 2.8329 0.0 8.181805246746432 0.0 4.0 
546 7355392.1 97.05243171269225 79.8924020922311 143.63129492187494 0 233 2.8329 0.0 8.181805246746432 0.0 4.0 
547 7355425.5 97.05243171269225 79.8924020922311 143.63129492187494 0 233 2.8329 0.0 8.181805246746432 0.0 4.0 
548 7355458.8 97.0484493164276 79.8924020922311 143.63129492187494 0 233 2.8329 0.0 8.181805246746432 0.0 4.0 
549 7355492.1 97.0484493164276 79.8924020922311 143.63129492187494 0 233 2.8329 0.0 8.181805246746432 0.0 4.0 
550 7355525.5 97.0406532677614 79.8924020922311 143.63129492187494 0 233 2.8329 0.0 8.181805246746432 0.0 4.0 
551 7355558.8 97.0406532677614 79.8924020922311 143.63129492187494 0 233 2.8329 0.0 8.181805246746432 0.0 4.0 
552 7355592.1 97.0406532677614 79.8924020922311 143.63129492187494 0 233 2.8329 0.0 8.181805246746432 0.0 4.0 
553 7355625.5 97.03264364740971 79.8924020922311 143.63129492187494 0 233 2.8329 0.0 8.181805246746432 0.0 4.0 
554 7355658.8 97.03264364740971 79.8924020922311 143.63129492187494 0 233 2.8329 0.0 8.181805246746432 0.0 4.0 
555 7355692.2 97.03264364740971 79.8924020922311 143.63129492187494 0 233 2.8329 0.0 8.181805246746432 0.0 4.0 
556 7355725.5 97.01975915387338 79.8924020922311 143.63129492187494 0 233 2.8329 0.0 8.181805246746432 0.0 4.0 
557 7355758.8 97.01975915387338 79.89392371140045 143.63129492187494 0 233 2.8329 0.0 8.181805246746432 0.0 4.0 
558 7355792.2 97.01975915387338 79.89392371140045 143.63129492187494 0 233 2.8329 0.0 8.181805246746432 0.0 4.0 
559 7355825.5 97.01975915387338 79.89392371140045 143.63129492187494 0 233 2.8329 0.0 8.181805246746432 0.0 4.0 
560 7355858.8 96.99398062488339 79.89392371140045 143.63129492187494 0 233 2.8329 0.0 8.181805246746432 0.0 4.0 
561 7355892.2 96.99398062488339 79.90366324346476 143.63129492187494 0 233 2.8329 0.0 8.181805246746432 0.0 4.0 
562 7355925.5 96.99398062488339 79.90366324346476 143.63129492187494 0 233 2.8329 0.0 8.181805246746432 0.0 4.0 
563 7355958.8 96.99398062488339 79.90366324346476 143.63129492187494 0 233 2.8329 0.0 8.181805246746432 0.0 4.0 
564 7355992.2 96.99398062488339 79.90366324346476 143.63129492187494 0 233 2.8329 0.0 8.181805246746432 0.0 4.0 
565 7356025.5 96.95000683609034 79.90366324346476 143.63129492187494 0 233 2.8329 0.0 8.181805246746432 0.0 4.0 
566 7356058.9 96.95000683609034 79.92504363846913 143.63129492187494 0 233 2.8329 0.0 8.181805246746432 0.0 4.0 
567 7356092.2 96.95000683609034 79.92504363846913 143.63129492187494 0 233 2.8329 0.0 8.181805246746432 0.0 4.0 
568 7356125.5 96.95000683609034 79.92504363846913 143.63129492187494 0 233 2.8329 0.0 8.181805246746432 0.0 4.0 
569 7356158.9 96.95000683609034 79.92504363846913 143.63129492187494 0 233 2.8329 0.0 8.181805246746432 0.0 4.0 
570 7356192.2 96.91417222489032 79.92504363846913 143.63129492187494 0 233 2.8329 0.0 8.181805246746432 0.0 4.0 
571 7356225.5 96.91417222489032 79.9469933024567 143.63129492187494 0 233 2.8329 0.0 8.181805246746432 0.0 4.0 
572 7356258.9 96.91417222489032 79.9469933024567 143.63129492187494 0 233 2.8329 0.0 8.181805246746432 0.0 4.0 
573 7356292.2 96.91417222489032 79.9469933024567 143.63129492187494 0 233 2.8329 0.0 8.181805246746432 0.0 4.0 
574 7356325.5 96.91417222489032 79.9469933024567 143.63129492187494 0 233 2.8329 0.0 8.181805246746432 0.0 4.0 
575 7356358.9 96.87926842911138 79.9469933024567 143.63129492187494 0 233 2.8329 0.0 8.181805246746432 0.0 4.0 
576 7356392.2 96.87926842911138 79.9783838839262 143.63129492187494 0 233 2.8329 0.0 8.181805246746432 0.0 4.0 
577 7356425.5 96.87926842911138 79.9783838839262 143.63129492187494 0 233 2.8329 0.0 8.181805246746432 0.0 4.0 
578 7356458.9 96.87926842911138 79.9783838839262 143.63129492187494 0 233 2.8329 0.0 8.181805246746432 0.0 4.0 
579 7356492.2 96.85674198204744 79.9783838839262 143.63129492187494 0 233 2.8329 0.0 8.181805246746432 0.0 4.0 
580 7356525.6 96.85674198204744 80.01331361066553 143.63129492187494 0 233 2.8329 0.0 8.181805246746432 0.0 4.0 
581 7356558.9 96.85674198204744 80.01331361066553 143.63129492187494 0 233 2.8329 0.0 8.181805246746432 0.0 4.0 
582 7356592.2 96.85674198204744 80.01331361066553 143.63129492187494 0 233 2.8329 0.0 8.181805246746432 0.0 4.0 
583 7356625.6 96.84769909799627 80.03885250377532 143.63129492187494 0 233 2.8329 0.0 8.181805246746432 0.0 4.0 
584 7356658.9 96.84769909799627 80.03885250377532 143.63129492187494 0 233 2.8329 0.0 8.181805246746432 0.0 4.0 
585 7356692.2 96.84769909799627 80.03885250377532 143.63129492187494 0 233 2.8329 0.0 8.181805246746432 0.0 4.0 
586 7356725.6 96.84582181355671 80.03885250377532 143.63129492187494 0 233 2.8329 0.0 8.181805246746432 0.0 4.0 
587 7356758.9 96.84582181355671 80.05317187498108 143.63129492187494 0 233 2.8329 0.0 8.181805246746432 0.0 4.0 
588 7356792.2 96.84582181355671 80.05317187498108 143.63129492187494 0 233 2.8329 0.0 8.181805246746432 0.0 4.0 
589 7356825.6 96.84582181355671 80.05317187498108 143.63129492187494 0 233 2.8329 0.0 8.181805246746432 0.0 4.0 
590 7356858.9 96.84582181355671 80.07095214267206 143.63129492187494 0 233 2.8329 0.0 8.181805246746432 0.0 4.0 
591 7356892.3 96.84582181355671 80.07095214267206 143.63129492187494 0 233 2.8329 0.0 8.181805246746432 0.0 4.0 
592 7356925.6 96.84582181355671 80.07095214267206 143.63129492187494 0 233 2.8329 0.0 8.181805246746432 0.0 4.0 
593 7356958.9 96.84803410341657 80.07942408436747 143.63129492187494 0 233 2.8329 0.0 8.181805246746432 0.0 4.0 
594 7356992.3 96.84803410341657 80.07942408436747 143.63129492187494 0 233 2.8329 0.0 8.181805246746432 0.0 4.0 
595 7357025.6 96.84803410341657 80.07942408436747 143.63129492187494 0 233 2.8329 0.0 8.181805246746432 0.0 4.0 
596 7357058.9 96.84803410341657 80.07942408436747 143.63129492187494 0 233 2.8329 0.0 8.181805246746432 0.0 4.0 
597 7357092.3 96.85236598791745 80.09001994495928 143.63129492187494 0 233 2.8329 0.0 8.181805246746432 0.0 4.0 
598 7357125.6 96.85236598791745 80.09001994495928 143.63129492187494 0 233 2.8329 0.0 8.181805246746432 0.0 4.0 
599 7357158.9 96.85236598791745 80.09001994495928 143.63129492187494 0 233 2.8329 0.0 8.181805246746432 0.0 4.0 
600 7357192.3 96.85236598791745 80.09001994495928 143.63129492187494 0 233 2.8329 0.0 8.181805246746432 0.0 4.0 
601 7357225.6 96.86158150604672 80.09001994495928 143.63129492187494 0 233 2.8329 0.0 8.181805246746432 0.0 4.0 
602 7357258.9 96.86158150604672 80.10594406015278 143.63129492187494 0 233 2.8329 0.0 8.181805246746432 0.0 4.0 
603 7357292.3 96.86158150604672 80.10594406015278 143.63129492187494 0 233 2.8329 0.0 8.181805246746432 0.0 4.0 
604 7357325.6 96.86158150604672 80.10594406015278 143.63129492187494 0 233 2.8329 0.0 8.181805246746432 0.0 4.0 
605 7357359.0 96.86929248582368 80.10594406015278 143.63129492187494 0 233 2.8329 0.0 8.181805246746432 0.0 4.0 
606 7357392.3 96.86929248582368 80.11485192992238 143.63129492187494 0 233 2.8329 0.0 8.181805246746432 0.0 4.0 
607 7357425.6 96.86929248582368 80.11485192992238 143.63129492187494 0 233 2.8329 0.0 8.181805246746432 0.0 4.0 
608 7357459.0 96.87743970531163 80.12338128028763 143.63129492187494 0 233 2.8329 0.0 8.181805246746432 0.0 4.0 
609 7357492.3 96.87743970531163 80.12338128028763 143.63129492187494 0 233 2.8329 0.0 8.181805246746432 0.0 4.0 
610 7357525.6 96.87743970531163 80.12338128028763 143.63129492187494 0 233 2.8329 0.0 8.181805246746432 0.0 4.0 
611 7357559.0 96.87743970531163 80.12338128028763 143.63129492187494 0 233 2.8329 0.0 8.181805246746432 0.0 4.0 
612 7357592.3 96.88038807840167 80.12338128028763 143.63129492187494 0 233 2.8329 0.0 8.181805246746432 0.0 4.0 
613 7357625.6 96.88038807840167 80.12848995685572 143.63129492187494 0 233 2.8329 0.0 8.181805246746432 0.0 4.0 
614 7357659.0 96.88038807840167 80.12848995685572 143.63129492187494 0 233 2.8329 0.0 8.181805246746432 0.0 4.0 
615 7357692.3 96.8836509909715 80.12848995685572 143.63129492187494 0 233 2.8329 0.0 8.181805246746432 0.0 4.0 
616 7357725.7 96.8836509909715 80.1325946935043 143.63129492187494 0 233 2.8329 0.0 8.181805246746432 0.0 4.0 
617 7357759.0 96.8836509909715 80.1325946935043 143.63129492187494 0 233 2.8329 0.0 8.181805246746432 0.0 4.0 
618 7357792.3 96.8836509909715 80.1325946935043 143.63129492187494 0 233 2.8329 0.0 8.181805246746432 0.0 4.0 
619 7357825.7 96.88828638707861 80.1325946935043 143.63129492187494 0 233 2.8329 0.0 8.181805246746432 0.0 4.0 
620 7357859.0 96.88828638707861 80.13794347399367 143.63129492187494 0 233 2.8329 0.0 8.181805246746432 0.0 4.0 
621 7357892.3 96.88828638707861 80.13794347399367 143.63129492187494 0 233 2.8329 0.0 8.181805246746432 0.0 4.0 
622 7357925.7 96.88828638707861 80.14103579741891 143.63129492187494 0 233 2.8329 0.0 8.181805246746432 0.0 4.0 
623 7357959.0 96.88828638707861 80.14103579741891 143.63129492187494 0 233 2.8329 0.0 8.181805246746432 0.0 4.0 
624 7357992.3 96.88828638707861 80.14103579741891 143.63129492187494 0 233 2.8329 0.0 8.181805246746432 0.0 4.0 
625 7358025.7 96.8896245120137 80.14103579741891 143.63129492187494 0 233 2.8329 0.0 8.181805246746432 0.0 4.0 
626 7358059.0 96.8896245120137 80.14385475473534 143.63129492187494 0 233 2.8329 0.0 8.181805246746432 0.0 4.0 
627 7358092.3 96.8896245120137 80.14385475473534 143.63129492187494 0 233 2.8329 0.0 8.181805246746432 0.0 4.0 
628 7358125.7 96.88835911617605 80.14385475473534 143.63129492187494 0 233 2.8329 0.0 8.181805246746432 0.0 4.0 
629 7358159.0 96.88835911617605 80.14762284168843 143.63129492187494 0 233 2.8329 0.0 8.181805246746432 0.0 4.0 
630 7358192.4 96.88835911617605 80.14762284168843 143.63129492187494 0 233 2.8329 0.0 8.181805246746432 0.0 4.0 
631 7358225.7 96.88835911617605 80.14762284168843 143.63129492187494 0 233 2.8329 0.0 8.181805246746432 0.0 4.0 
632 7358259.0 96.8846060018328 80.15564559570133 143.63129492187494 0 233 2.8329 0.0 8.181805246746432 0.0 4.0 
633 7358292.4 96.8846060018328 80.15564559570133 143.63129492187494 0 233 2.8329 0.0 8.181805246746432 0.0 4.0 
634 7358325.7 96.8846060018328 80.15564559570133 143.63129492187494 0 233 2.8329 0.0 8.181805246746432 0.0 4.0 
635 7358359.0 96.8846060018328 80.15564559570133 143.63129492187494 0 233 2.8329 0.0 8.181805246746432 0.0 4.0 
636 7358392.4 96.88137296381542 80.15564559570133 143.63129492187494 0 233 2.8329 0.0 8.181805246746432 0.0 4.0 
637 7358425.7 96.88137296381542 80.16436018617206 143.63129492187494 0 233 2.8329 0.0 8.181805246746432 0.0 4.0 
638 7358459.0 96.88137296381542 80.16436018617206 143.63129492187494 0 233 2.8329 0.0 8.181805246746432 0.0 4.0 
639 7358492.4 96.87947911754915 80.16969102049626 143.63129492187494 0 233 2.8329 0.0 8.181805246746432 0.0 4.0 
640 7358525.7 96.87947911754915 80.16969102049626 143.63129492187494 0 233 2.8329 0.0 8.181805246746432 0.0 4.0 
641 7358559.1 96.87947911754915 80.16969102049626 143.63129492187494 0 233 2.8329 0.0 8.181805246746432 0.0 4.0 
642 7358592.4 96.88171990386296 80.16969102049626 143.63129492187494 0 233 2.8329 0.0 8.181805246746432 0.0 4.0 
643 7358625.7 96.88171990386296 80.16969102049626 143.63129492187494 0 233 2.8329 0.0 8.181805246746432 0.0 4.0 
644 7358659.1 96.88540004475547 80.16863722502374 143.63129492187494 0 233 2.8329 0.0 8.181805246746432 0.0 4.0 
645 7358692.4 96.88540004475547 80.16863722502374 143.63129492187494 0 233 2.8329 0.0 8.181805246746432 0.0 4.0 
646 7358725.7 96.88540004475547 80.16863722502374 143.63129492187494 0 233 2.8329 0.0 8.181805246746432 0.0 4.0 
647 7358759.1 96.88839593753467 80.16863722502374 143.63129492187494 0 233 2.8329 0.0 8.181805246746432 0.0 4.0 
648 7358792.4 96.88839593753467 80.16697045866738 143.63129492187494 0 233 2.8329 0.0 8.181805246746432 0.0 4.0 
649 7358825.7 96.88839593753467 80.16697045866738 143.63129492187494 0 233 2.8329 0.0 8.181805246746432 0.0 4.0 
650 7358859.1 96.89373562051108 80.16697045866738 143.63129492187494 0 233 2.8329 0.0 8.181805246746432 0.0 4.0 
651 7358892.4 96.89373562051108 80.16373288044102 143.63129492187494 0 233 2.8329 0.0 8.181805246746432 0.0 4.0 
652 7358925.7 96.89373562051108 80.16373288044102 143.63129492187494 0 233 2.8329 0.0 8.181805246746432 0.0 4.0 
653 7358959.1 96.8967430507641 80.16373288044102 143.63129492187494 0 233 2.8329 0.0 8.181805246746432 0.0 4.0 
654 7358992.4 96.8967430507641 80.16057023436622 143.63129492187494 0 233 2.8329 0.0 8.181805246746432 0.0 4.0 
655 7359025.8 96.8967430507641 80.16057023436622 143.63129492187494 0 233 2.8329 0.0 8.181805246746432 0.0 4.0 
656 7359059.1 96.8967430507641 80.16057023436622 143.63129492187494 0 233 2.8329 0.0 8.181805246746432 0.0 4.0 
657 7359092.4 96.90025072552773 80.16057023436622 143.63129492187494 0 233 2.8329 0.0 8.181805246746432 0.0 4.0 
658 7359125.8 96.90025072552773 80.15765615253059 143.63129492187494 0 233 2.8329 0.0 8.181805246746432 0.0 4.0 
659 7359159.1 96.90025072552773 80.15765615253059 143.63129492187494 0 233 2.8329 0.0 8.181805246746432 0.0 4.0 
660 7359192.4 96.90025072552773 80.15765615253059 143.63129492187494 0 233 2.8329 0.0 8.181805246746432 0.0 4.0 
661 7359225.8 96.90025072552773 80.15525242337866 143.63129492187494 0 233 2.8329 0.0 8.181805246746432 0.0 4.0 
662 7359259.1 96.90025072552773 80.15525242337866 143.63129492187494 0 233 2.8329 0.0 8.181805246746432 0.0 4.0 
663 7359292.4 96.90025072552773 80.15525242337866 143.63129492187494 0 233 2.8329 0.0 8.181805246746432 0.0 4.0 
664 7359325.8 96.90025072552773 80.15332714694772 143.63129492187494 0 233 2.8329 0.0 8.181805246746432 0.0 4.0 
665 7359359.1 96.90025072552773 80.15332714694772 143.63129492187494 0 233 2.8329 0.0 8.181805246746432 0.0 4.0 
666 7359392.5 96.90025072552773 80.15332714694772 143.63129492187494 0 233 2.8329 0.0 8.181805246746432 0.0 4.0 
667 7359425.8 96.89877413946387 80.15332714694772 143.63129492187494 0 233 2.8329 0.0 8.181805246746432 0.0 4.0 
668 7359459.1 96.89877413946387 80.15224884917718 143.63129492187494 0 233 2.8329 0.0 8.181805246746432 0.0 4.0 
669 7359492.5 96.89877413946387 80.15224884917718 143.63129492187494 0 233 2.8329 0.0 8.181805246746432 0.0 4.0 
670 7359525.8 96.89877413946387 80.15224884917718 143.63129492187494 0 233 2.8329 0.0 8.181805246746432 0.0 4.0 
671 7359559.1 96.89655260320608 80.15224884917718 143.63129492187494 0 233 2.8329 0.0 8.181805246746432 0.0 4.0 
672 7359592.5 96.89655260320608 80.15490564521728 143.63129492187494 0 233 2.8329 0.0 8.181805246746432 0.0 4.0 
673 7359625.8 96.89655260320608 80.15490564521728 143.63129492187494 0 233 2.8329 0.0 8.181805246746432 0.0 4.0 
674 7359659.1 96.89655260320608 80.15490564521728 143.63129492187494 0 233 2.8329 0.0 8.181805246746432 0.0 4.0 
675 7359692.5 96.89521061831572 80.16770291393203 143.63129492187494 0 233 2.8329 0.0 8.181805246746432 0.0 4.0 
676 7359725.8 96.89521061831572 80.16770291393203 143.63129492187494 0 233 2.8329 0.0 8.181805246746432 0.0 4.0 
677 7359759.1 96.89521061831572 80.16770291393203 143.63129492187494 0 233 2.8329 0.0 8.181805246746432 0.0 4.0 
678 7359792.5 96.89828217440783 80.18283538449974 143.63129492187494 0 233 2.8329 0.0 8.181805246746432 0.0 4.0 
679 7359825.8 96.89828217440783 80.18283538449974 143.63129492187494 0 233 2.8329 0.0 8.181805246746432 0.0 4.0 
680 7359859.2 96.89828217440783 80.18283538449974 143.63129492187494 0 233 2.8329 0.0 8.181805246746432 0.0 4.0 
681 7359892.5 96.89828217440783 80.18283538449974 143.63129492187494 0 233 2.8329 0.0 8.181805246746432 0.0 4.0 
682 7359925.8 96.90224135496422 80.18283538449974 143.63129492187494 0 233 2.8329 0.0 8.181805246746432 0.0 4.0 
683 7359959.2 96.90224135496422 80.19007479509533 143.63129492187494 0 233 2.8329 0.0 8.181805246746432 0.0 4.0 
684 7359992.5 96.90224135496422 80.19007479509533 143.63129492187494 0 233 2.8329 0.0 8.181805246746432 0.0 4.0 
685 7360025.8 96.90660813743999 80.19007479509533 143.63129492187494 0 233 2.8329 0.0 8.181805246746432 0.0 4.0 
686 7360059.2 96.90660813743999 80.19636380779914 143.63129492187494 0 233 2.8329 0.0 8.181805246746432 0.0 4.0 
687 7360092.5 96.90660813743999 80.19636380779914 143.63129492187494 0 233 2.8329 0.0 8.181805246746432 0.0 4.0 
688 7360125.8 96.91229160562214 80.20072289052301 143.63129492187494 0 233 2.8329 0.0 8.181805246746432 0.0 4.0 
689 7360159.2 96.91229160562214 80.20072289052301 143.63129492187494 0 233 2.8329 0.0 8.181805246746432 0.0 4.0 
690 7360192.5 96.91229160562214 80.20072289052301 143.63129492187494 0 233 2.8329 0.0 8.181805246746432 0.0 4.0 
691 7360225.9 96.91582638860004 80.20072289052301 143.63129492187494 0 233 2.8329 0.0 8.181805246746432 0.0 4.0 
692 7360259.2 96.91582638860004 80.20391018370712 143.63129492187494 0 233 2.8329 0.0 8.181805246746432 0.0 4.0 
693 7360292.5 96.91582638860004 80.20391018370712 143.63129492187494 0 233 2.8329 0.0 8.181805246746432 0.0 4.0 
694 7360325.9 96.91582638860004 80.20391018370712 143.63129492187494 0 233 2.8329 0.0 8.181805246746432 0.0 4.0 
695 7360359.2 96.92158891042578 80.20391018370712 143.63129492187494 0 233 2.8329 0.0 8.181805246746432 0.0 4.0 
696 7360392.5 96.92158891042578 80.21290912821016 143.63129492187494 0 233 2.8329 0.0 8.181805246746432 0.0 4.0 
697 7360425.9 96.92158891042578 80.21290912821016 143.63129492187494 0 233 2.8329 0.0 8.181805246746432 0.0 4.0 
698 7360459.2 96.92158891042578 80.21290912821016 143.63129492187494 0 233 2.8329 0.0 8.181805246746432 0.0 4.0 
699 7360492.5 96.92293437339242 80.21419230974519 143.63129492187494 0 233 2.8329 0.0 8.181805246746432 0.0 4.0 
700 7360525.9 96.92293437339242 80.21419230974519 143.63129492187494 0 233 2.8329 0.0 8.181805246746432 0.0 4.0 
701 7360559.2 96.92293437339242 80.21419230974519 143.63129492187494 0 233 2.8329 0.0 8.181805246746432 0.0 4.0 
702 7360592.5 96.92540754287106 80.22132515377685 143.63129492187494 0 233 2.8329 0.0 8.181805246746432 0.0 4.0 
703 7360625.9 96.92540754287106 80.22132515377685 143.63129492187494 0 233 2.8329 0.0 8.181805246746432 0.0 4.0 
704 7360659.2 96.92540754287106 80.22132515377685 143.63129492187494 0 233 2.8329 0.0 8.181805246746432 0.0 4.0 
705 7360692.6 96.92540754287106 80.22132515377685 143.63129492187494 0 233 2.8329 0.0 8.181805246746432 0.0 4.0 
706 7360725.9 96.92709661753642 80.22132515377685 143.63129492187494 0 233 2.8329 0.0 8.181805246746432 0.0 4.0 
707 7360759.2 96.92709661753642 80.23120829547453 143.63129492187494 0 233 2.8329 0.0 8.181805246746432 0.0 4.0 
708 7360792.6 96.92709661753642 80.23120829547453 143.63129492187494 0 233 2.8329 0.0 8.181805246746432 0.0 4.0 
709 7360825.9 96.92709661753642 80.23120829547453 143.63129492187494 0 233 2.8329 0.0 8.181805246746432 0.0 4.0 
710 7360859.2 96.92709661753642 80.2330550872702 143.63129492187494 0 233 2.8329 0.0 8.181805246746432 0.0 4.0 
711 7360892.6 96.92709661753642 80.2330550872702 143.63129492187494 0 233 2.8329 0.0 8.181805246746432 0.0 4.0 
712 7360925.9 96.92709661753642 80.2330550872702 143.63129492187494 0 233 2.8329 0.0 8.181805246746432 0.0 4.0 
713 7360959.2 96.92900481365149 80.2330550872702 143.63129492187494 0 233 2.8329 0.0 8.181805246746432 0.0 4.0 
714 7360992.6 96.92900481365149 80.23657038205285 143.63129492187494 0 233 2.8329 0.0 8.181805246746432 0.0 4.0 
715 7361025.9 96.92900481365149 80.23657038205285 143.63129492187494 0 233 2.8329 0.0 8.181805246746432 0.0 4.0 
716 7361059.3 96.92900481365149 80.23657038205285 143.63129492187494 0 233 2.8329 0.0 8.181805246746432 0.0 4.0 
717 7361092.6 96.93436957967732 80.23657038205285 143.63129492187494 0 233 2.8329 0.0 8.181805246746432 0.0 4.0 
718 7361125.9 96.93436957967732 80.2411664762682 143.63129492187494 0 233 2.8329 0.0 8.181805246746432 0.0 4.0 
719 7361159.3 96.93436957967732 80.2411664762682 143.63129492187494 0 233 2.8329 0.0 8.181805246746432 0.0 4.0 
720 7361192.6 96.93436957967732 80.2411664762682 143.63129492187494 0 233 2.8329 0.0 8.181805246746432 0.0 4.0 
721 7361225.9 96.94289976411562 80.2411664762682 143.63129492187494 0 233 2.8329 0.0 8.181805246746432 0.0 4.0 
722 7361259.3 96.94289976411562 80.24364102632872 143.63129492187494 0 233 2.8329 0.0 8.181805246746432 0.0 4.0 
723 7361292.6 96.94289976411562 80.24364102632872 143.63129492187494 0 233 2.8329 0.0 8.181805246746432 0.0 4.0 
724 7361325.9 96.94792477268828 80.24364102632872 143.63129492187494 0 233 2.8329 0.0 8.181805246746432 0.0 4.0 
725 7361359.3 96.94792477268828 80.24495305474734 143.63129492187494 0 233 2.8329 0.0 8.181805246746432 0.0 4.0 
726 7361392.6 96.94792477268828 80.24495305474734 143.63129492187494 0 233 2.8329 0.0 8.181805246746432 0.0 4.0 
727 7361425.9 96.95086573605826 80.24495305474734 143.63129492187494 0 233 2.8329 0.0 8.181805246746432 0.0 4.0 
728 7361459.3 96.95086573605826 80.24813232185224 143.63129492187494 0 233 2.8329 0.0 8.181805246746432 0.0 4.0 
729 7361492.6 96.95086573605826 80.24813232185224 143.63129492187494 0 233 2.8329 0.0 8.181805246746432 0.0 4.0 
730 7361526.0 96.96014132229344 80.24813232185224 143.63129492187494 0 233 2.8329 0.0 8.181805246746432 0.0 4.0 
731 7361559.3 96.96014132229344 80.25934490951936 143.63129492187494 0 233 2.8329 0.0 8.181805246746432 0.0 4.0 
732 7361592.6 96.96014132229344 80.25934490951936 143.63129492187494 0 233 2.8329 0.0 8.181805246746432 0.0 4.0 
733 7361626.0 96.96421073656794 80.25934490951936 143.63129492187494 0 233 2.8329 0.0 8.181805246746432 0.0 4.0 
734 7361659.3 96.96421073656794 80.26541427437486 143.63129492187494 0 233 2.8329 0.0 8.181805246746432 0.0 4.0 
735 7361692.6 96.96421073656794 80.26541427437486 143.63129492187494 0 233 2.8329 0.0 8.181805246746432 0.0 4.0 
736 7361726.0 96.96421073656794 80.26541427437486 143.63129492187494 0 233 2.8329 0.0 8.181805246746432 0.0 4.0 
737 7361759.3 96.97158514020293 80.27646584472396 143.63129492187494 0 233 2.8329 0.0 8.181805246746432 0.0 4.0 
738 7361792.6 96.97158514020293 80.27646584472396 143.63129492187494 0 233 2.8329 0.0 8.181805246746432 0.0 4.0 
739 7361826.0 96.97158514020293 80.27646584472396 143.63129492187494 0 233 2.8329 0.0 8.181805246746432 0.0 4.0 
740 7361859.3 96.97158514020293 80.27646584472396 143.63129492187494 0 233 2.8329 0.0 8.181805246746432 0.0 4.0 
741 7361892.7 96.97786202879281 80.27646584472396 143.63129492187494 0 233 2.8329 0.0 8.181805246746432 0.0 4.0 
742 7361926.0 96.97786202879281 80.29031761524077 143.63129492187494 0 233 2.8329 0.0 8.181805246746432 0.0 4.0 
743 7361959.3 96.97786202879281 80.29031761524077 143.63129492187494 0 233 2.8329 0.0 8.181805246746432 0.0 4.0 
744 7361992.7 96.97786202879281 80.29031761524077 143.63129492187494 0 233 2.8329 0.0 8.181805246746432 0.0 4.0 
745 7362026.0 96.98061129094614 80.29031761524077 143.63129492187494 0 233 2.8329 0.0 8.181805246746432 0.0 4.0 
746 7362059.3 96.98061129094614 80.29768555725481 143.63129492187494 0 233 2.8329 0.0 8.181805246746432 0.0 4.0 
747 7362092.7 96.98061129094614 80.29768555725481 143.63129492187494 0 233 2.8329 0.0 8.181805246746432 0.0 4.0 
748 7362126.0 96.98320109125225 80.30532243380195 143.63129492187494 0 233 2.8329 0.0 8.181805246746432 0.0 4.0 
749 7362159.3 96.98320109125225 80.30532243380195 143.63129492187494 0 233 2.8329 0.0 8.181805246746432 0.0 4.0 
750 7362192.7 96.98320109125225 80.30532243380195 143.63129492187494 0 233 2.8329 0.0 8.181805246746432 0.0 4.0 
751 7362226.0 96.98320109125225 80.30532243380195 143.63129492187494 0 233 2.8329 0.0 8.181805246746432 0.0 4.0 
752 7362259.3 96.98320109125225 80.30532243380195 143.63129492187494 0 233 2.8329 0.0 8.181805246746432 0.0 4.0 
753 7362292.7 96.98549844776326 80.30532243380195 143.63129492187494 0 233 2.8329 0.0 8.181805246746432 0.0 4.0 
754 7362326.0 96.98549844776326 80.30532243380195 143.63129492187494 0 233 2.8329 0.0 8.181805246746432 0.0 4.0 
755 7362359.4 96.98914527564443 80.30532243380195 143.63129492187494 0 233 2.8329 0.0 8.181805246746432 0.0 4.0 
756 7362392.7 96.98914527564443 80.30532243380195 143.63129492187494 0 233 2.8329 0.0 8.181805246746432 0.0 4.0 
757 7362426.0 96.98914527564443 80.30532243380195 143.63129492187494 0 233 2.8329 0.0 8.181805246746432 0.0 4.0 
758 7362459.4 96.99475705002581 80.30412643939337 143.63129492187494 0 233 2.8329 0.0 8.181805246746432 0.0 4.0 
759 7362492.7 96.99475705002581 80.30412643939337 143.63129492187494 0 233 2.8329 0.0 8.181805246746432 0.0 4.0 
760 7362526.0 96.99475705002581 80.30412643939337 143.63129492187494 0 233 2.8329 0.0 8.181805246746432 0.0 4.0 
761 7362559.4 96.99475705002581 80.30412643939337 143.63129492187494 0 233 2.8329 0.0 8.181805246746432 0.0 4.0 
762 7362592.7 97.00423522867008 80.30412643939337 143.63129492187494 0 233 2.8329 0.0 8.181805246746432 0.0 4.0 
763 7362626.0 97.00423522867008 80.30412643939337 143.63129492187494 0 233 2.8329 0.0 8.181805246746432 0.0 4.0 
764 7362659.4 97.00423522867008 80.30412643939337 143.63129492187494 0 233 2.8329 0.0 8.181805246746432 0.0 4.0 
765 7362692.7 97.00423522867008 80.30412643939337 143.63129492187494 0 233 2.8329 0.0 8.181805246746432 0.0 4.0 
766 7362726.1 97.01229609604414 80.30949370662837 143.63129492187494 0 233 2.8329 0.0 8.181805246746432 0.0 4.0 
767 7362759.4 97.01229609604414 80.30949370662837 143.63129492187494 0 233 2.8329 0.0 8.181805246746432 0.0 4.0 
768 7362792.7 97.01229609604414 80.30949370662837 143.63129492187494 0 233 2.8329 0.0 8.181805246746432 0.0 4.0 
769 7362826.1 97.01229609604414 80.30949370662837 143.63129492187494 0 233 2.8329 0.0 8.181805246746432 0.0 4.0 
770 7362859.4 97.02025109708849 80.30949370662837 143.63129492187494 0 233 2.8329 0.0 8.181805246746432 0.0 4.0 
771 7362892.7 97.02025109708849 80.31669611309901 143.63129492187494 0 233 2.8329 0.0 8.181805246746432 0.0 4.0 
772 7362926.1 97.02025109708849 80.31669611309901 143.63129492187494 0 233 2.8329 0.0 8.181805246746432 0.0 4.0 
773 7362959.4 97.02308057699685 80.31669611309901 143.63129492187494 0 233 2.8329 0.0 8.181805246746432 0.0 4.0 
774 7362992.7 97.02308057699685 80.31920790641587 143.63129492187494 0 233 2.8329 0.0 8.181805246746432 0.0 4.0 
775 7363026.1 97.02308057699685 80.31920790641587 143.63129492187494 0 233 2.8329 0.0 8.181805246746432 0.0 4.0 
776 7363059.4 97.02308057699685 80.31920790641587 143.63129492187494 0 233 2.8329 0.0 8.181805246746432 0.0 4.0 
777 7363092.7 97.0295123743543 80.31920790641587 143.63129492187494 0 233 2.8329 0.0 8.181805246746432 0.0 4.0 
778 7363126.1 97.0295123743543 80.31532607002035 143.63129492187494 0 233 2.8329 0.0 8.181805246746432 0.0 4.0 
779 7363159.4 97.0295123743543 80.31532607002035 143.63129492187494 0 233 2.8329 0.0 8.181805246746432 0.0 4.0 
780 7363192.8 97.04011029677027 80.31532607002035 143.63129492187494 0 233 2.8329 0.0 8.181805246746432 0.0 4.0 
781 7363226.1 97.04011029677027 80.30848533101398 143.63129492187494 0 233 2.8329 0.0 8.181805246746432 0.0 4.0 
782 7363259.4 97.04011029677027 80.30848533101398 143.63129492187494 0 233 2.8329 0.0 8.181805246746432 0.0 4.0 
783 7363292.8 97.04580192217267 80.30848533101398 143.63129492187494 0 233 2.8329 0.0 8.181805246746432 0.0 4.0 
784 7363326.1 97.04580192217267 80.30302275800142 143.63129492187494 0 233 2.8329 0.0 8.181805246746432 0.0 4.0 
785 7363359.4 97.04580192217267 80.30302275800142 143.63129492187494 0 233 2.8329 0.0 8.181805246746432 0.0 4.0 
786 7363392.8 97.04580192217267 80.30302275800142 143.63129492187494 0 233 2.8329 0.0 8.181805246746432 0.0 4.0 
787 7363426.1 97.06187645719827 80.29583595469619 143.63129492187494 0 233 2.8329 0.0 8.181805246746432 0.0 4.0 
788 7363459.4 97.06187645719827 80.29583595469619 143.63129492187494 0 233 2.8329 0.0 8.181805246746432 0.0 4.0 
789 7363492.8 97.06187645719827 80.29583595469619 143.63129492187494 0 233 2.8329 0.0 8.181805246746432 0.0 4.0 
790 7363526.1 97.06187645719827 80.29583595469619 143.63129492187494 0 233 2.8329 0.0 8.181805246746432 0.0 4.0 
791 7363559.5 97.07459957753076 80.29583595469619 143.63129492187494 0 233 2.8329 0.0 8.181805246746432 0.0 4.0 
792 7363592.8 97.07459957753076 80.29102624141818 143.63129492187494 0 233 2.8329 0.0 8.181805246746432 0.0 4.0 
793 7363626.1 97.07459957753076 80.29102624141818 143.63129492187494 0 233 2.8329 0.0 8.181805246746432 0.0 4.0 
794 7363659.5 97.07459957753076 80.29102624141818 143.63129492187494 0 233 2.8329 0.0 8.181805246746432 0.0 4.0 
795 7363692.8 97.0793213152808 80.29102624141818 143.63129492187494 0 233 2.8329 0.0 8.181805246746432 0.0 4.0 
796 7363726.1 97.0793213152808 80.28950871858844 143.63129492187494 0 233 2.8329 0.0 8.181805246746432 0.0 4.0 
797 7363759.5 97.0793213152808 80.28950871858844 143.63129492187494 0 233 2.8329 0.0 8.181805246746432 0.0 4.0 
798 7363792.8 97.0793213152808 80.28950871858844 143.63129492187494 0 233 2.8329 0.0 8.181805246746432 0.0 4.0 
799 7363826.1 97.08543099053395 80.28950871858844 143.63129492187494 0 233 2.8329 0.0 8.181805246746432 0.0 4.0 
800 7363859.5 97.08543099053395 80.28950871858844 143.63129492187494 0 233 2.8329 0.0 8.181805246746432 0.0 4.0 
801 7363892.8 97.0921598241577 80.28462265110316 143.63129492187494 0 233 2.8329 0.0 8.181805246746432 0.0 4.0 
802 7363926.1 97.0921598241577 80.28462265110316 143.63129492187494 0 233 2.8329 0.0 8.181805246746432 0.0 4.0 
803 7363959.5 97.0921598241577 80.28462265110316 143.63129492187494 0 233 2.8329 0.0 8.181805246746432 0.0 4.0 
804 7363992.8 97.09962403236054 80.28462265110316 143.63129492187494 0 233 2.8329 0.0 8.181805246746432 0.0 4.0 
805 7364026.2 97.09962403236054 80.28030865810135 143.63129492187494 0 233 2.8329 0.0 8.181805246746432 0.0 4.0 
806 7364059.5 97.09962403236054 80.28030865810135 143.63129492187494 0 233 2.8329 0.0 8.181805246746432 0.0 4.0 
807 7364092.8 97.09962403236054 80.28030865810135 143.63129492187494 0 233 2.8329 0.0 8.181805246746432 0.0 4.0 
808 7364126.2 97.12073927817994 80.28030865810135 143.63129492187494 0 233 2.8329 0.0 8.181805246746432 0.0 4.0 
809 7364159.5 97.12073927817994 80.27809143760139 143.63129492187494 0 233 2.8329 0.0 8.181805246746432 0.0 4.0 
810 7364192.8 97.12073927817994 80.27809143760139 143.63129492187494 0 233 2.8329 0.0 8.181805246746432 0.0 4.0 
811 7364226.2 97.12073927817994 80.27809143760139 143.63129492187494 0 233 2.8329 0.0 8.181805246746432 0.0 4.0 
812 7364259.5 97.13306002322194 80.27809143760139 143.63129492187494 0 233 2.8329 0.0 8.181805246746432 0.0 4.0 
813 7364292.8 97.13306002322194 80.27809143760139 143.63129492187494 0 233 2.8329 0.0 8.181805246746432 0.0 4.0 
814 7364326.2 97.13306002322194 80.27809143760139 143.63129492187494 0 233 2.8329 0.0 8.181805246746432 0.0 4.0 
815 7364359.5 97.14210312966411 80.27809143760139 143.63129492187494 0 233 2.8329 0.0 8.181805246746432 0.0 4.0 
816 7364392.9 97.14210312966411 80.2800647247671 143.63129492187494 0 233 2.8329 0.0 8.181805246746432 0.0 4.0 
817 7364426.2 97.14210312966411 80.2800647247671 143.63129492187494 0 233 2.8329 0.0 8.181805246746432 0.0 4.0 
818 7364459.5 97.14210312966411 80.2800647247671 143.63129492187494 0 233 2.8329 0.0 8.181805246746432 0.0 4.0 
819 7364492.9 97.14573205416184 80.2800647247671 143.63129492187494 0 233 2.8329 0.0 8.181805246746432 0.0 4.0 
820 7364526.2 97.14573205416184 80.28390136981896 143.63129492187494 0 233 2.8329 0.0 8.181805246746432 0.0 4.0 
821 7364559.5 97.14573205416184 80.28390136981896 143.63129492187494 0 233 2.8329 0.0 8.181805246746432 0.0 4.0 
822 7364592.9 97.14573205416184 80.28390136981896 143.63129492187494 0 233 2.8329 0.0 8.181805246746432 0.0 4.0 
823 7364626.2 97.1479447656202 80.28872974432313 143.63129492187494 0 233 2.8329 0.0 8.181805246746432 0.0 4.0 
824 7364659.5 97.1479447656202 80.28872974432313 143.63129492187494 0 233 2.8329 0.0 8.181805246746432 0.0 4.0 
825 7364692.9 97.1479447656202 80.28872974432313 143.63129492187494 0 233 2.8329 0.0 8.181805246746432 0.0 4.0 
826 7364726.2 97.15217377434686 80.28872974432313 143.63129492187494 0 233 2.8329 0.0 8.181805246746432 0.0 4.0 
827 7364759.5 97.15217377434686 80.29220736436147 143.63129492187494 0 233 2.8329 0.0 8.181805246746432 0.0 4.0 
828 7364792.9 97.15217377434686 80.29220736436147 143.63129492187494 0 233 2.8329 0.0 8.181805246746432 0.0 4.0 
829 7364826.2 97.15217377434686 80.29220736436147 143.63129492187494 0 233 2.8329 0.0 8.181805246746432 0.0 4.0 
830 7364859.6 97.15749186045014 80.29220736436147 143.63129492187494 0 233 2.8329 0.0 8.181805246746432 0.0 4.0 
831 7364892.9 97.15749186045014 80.30212647362646 143.63129492187494 0 233 2.8329 0.0 8.181805246746432 0.0 4.0 
832 7364926.2 97.15749186045014 80.30212647362646 143.63129492187494 0 233 2.8329 0.0 8.181805246746432 0.0 4.0 
833 7364959.6 97.15749186045014 80.30212647362646 143.63129492187494 0 233 2.8329 0.0 8.181805246746432 0.0 4.0 
834 7364992.9 97.16566701079401 80.31840391861716 143.63129492187494 0 233 2.8329 0.0 8.181805246746432 0.0 4.0 
835 7365026.2 97.16566701079401 80.31840391861716 143.63129492187494 0 233 2.8329 0.0 8.181805246746432 0.0 4.0 
836 7365059.6 97.16566701079401 80.31840391861716 143.63129492187494 0 233 2.8329 0.0 8.181805246746432 0.0 4.0 
837 7365092.9 97.17063669144042 80.33375978017189 143.63129492187494 0 233 2.8329 0.0 8.181805246746432 0.0 4.0 
838 7365126.2 97.17063669144042 80.33375978017189 143.63129492187494 0 233 2.8329 0.0 8.181805246746432 0.0 4.0 
839 7365159.6 97.17063669144042 80.33375978017189 143.63129492187494 0 233 2.8329 0.0 8.181805246746432 0.0 4.0 
840 7365192.9 97.17063669144042 80.33375978017189 143.63129492187494 0 233 2.8329 0.0 8.181805246746432 0.0 4.0 
841 7365226.3 97.17525306437054 80.33375978017189 143.63129492187494 0 233 2.8329 0.0 8.181805246746432 0.0 4.0 
842 7365259.6 97.17525306437054 80.3398467515139 143.63129492187494 0 233 2.8329 0.0 8.181805246746432 0.0 4.0 
843 7365292.9 97.17525306437054 80.3398467515139 143.63129492187494 0 233 2.8329 0.0 8.181805246746432 0.0 4.0 
844 7365326.3 97.17933897282094 80.3398467515139 143.63129492187494 0 233 2.8329 0.0 8.181805246746432 0.0 4.0 
845 7365359.6 97.17933897282094 80.34488628161851 143.63129492187494 0 233 2.8329 0.0 8.181805246746432 0.0 4.0 
846 7365392.9 97.17933897282094 80.34488628161851 143.63129492187494 0 233 2.8329 0.0 8.181805246746432 0.0 4.0 
847 7365426.3 97.18141631111483 80.3478315675231 143.63129492187494 0 233 2.8329 0.0 8.181805246746432 0.0 4.0 
848 7365459.6 97.18141631111483 80.3478315675231 143.63129492187494 0 233 2.8329 0.0 8.181805246746432 0.0 4.0 
849 7365492.9 97.1836037332322 80.3478315675231 143.63129492187494 0 233 2.8329 0.0 8.181805246746432 0.0 4.0 
850 7365526.3 97.1836037332322 80.34988448200703 143.63129492187494 0 233 2.8329 0.0 8.181805246746432 0.0 4.0 
851 7365559.6 97.1836037332322 80.34988448200703 143.63129492187494 0 233 2.8329 0.0 8.181805246746432 0.0 4.0 
852 7365592.9 97.1836037332322 80.34988448200703 143.63129492187494 0 233 2.8329 0.0 8.181805246746432 0.0 4.0 
853 7365626.3 97.18805335538387 80.34988448200703 143.63129492187494 0 233 2.8329 0.0 8.181805246746432 0.0 4.0 
854 7365659.6 97.18805335538387 80.35233874829946 143.63129492187494 0 233 2.8329 0.0 8.181805246746432 0.0 4.0 
855 7365693.0 97.18805335538387 80.35233874829946 143.63129492187494 0 233 2.8329 0.0 8.181805246746432 0.0 4.0 
856 7365726.3 97.19238867829165 80.35648695867103 143.63129492187494 0 233 2.8329 0.0 8.181805246746432 0.0 4.0 
857 7365759.6 97.19238867829165 80.35648695867103 143.63129492187494 0 233 2.8329 0.0 8.181805246746432 0.0 4.0 
858 7365793.0 97.19238867829165 80.35648695867103 143.63129492187494 0 233 2.8329 0.0 8.181805246746432 0.0 4.0 
859 7365826.3 97.19438587180407 80.35648695867103 143.63129492187494 0 233 2.8329 0.0 8.181805246746432 0.0 4.0 
860 7365859.6 97.19438587180407 80.35648695867103 143.63129492187494 0 233 2.8329 0.0 8.181805246746432 0.0 4.0 
861 7365893.0 97.19438587180407 80.35648695867103 143.63129492187494 0 233 2.8329 0.0 8.181805246746432 0.0 4.0 
862 7365926.3 97.19438587180407 80.3576462893543 143.63129492187494 0 233 2.8329 0.0 8.181805246746432 0.0 4.0 
863 7365959.6 97.19438587180407 80.3576462893543 143.63129492187494 0 233 2.8329 0.0 8.181805246746432 0.0 4.0 
864 7365993.0 97.19438587180407 80.3576462893543 143.63129492187494 0 233 2.8329 0.0 8.181805246746432 0.0 4.0 
865 7366026.3 97.19438587180407 80.3576462893543 143.63129492187494 0 233 2.8329 0.0 8.181805246746432 0.0 4.0 
866 7366059.7 97.19438587180407 80.3576462893543 143.63129492187494 0 233 2.8329 0.0 8.181805246746432 0.0 4.0 
867 7366093.0 97.19796488319435 80.3576462893543 143.63129492187494 0 233 2.8329 0.0 8.181805246746432 0.0 4.0 
868 7366126.3 97.19796488319435 80.35896658946298 143.63129492187494 0 233 2.8329 0.0 8.181805246746432 0.0 4.0 
869 7366159.7 97.19796488319435 80.35896658946298 143.63129492187494 0 233 2.8329 0.0 8.181805246746432 0.0 4.0 
870 7366193.0 97.20204899710455 80.35896658946298 143.63129492187494 0 233 2.8329 0.0 8.181805246746432 0.0 4.0 
871 7366226.3 97.20204899710455 80.36254980380423 143.63129492187494 0 233 2.8329 0.0 8.181805246746432 0.0 4.0 
872 7366259.7 97.20204899710455 80.36254980380423 143.63129492187494 0 233 2.8329 0.0 8.181805246746432 0.0 4.0 
873 7366293.0 97.20204899710455 80.36254980380423 143.63129492187494 0 233 2.8329 0.0 8.181805246746432 0.0 4.0 
874 7366326.3 97.20610219362376 80.36254980380423 143.63129492187494 0 233 2.8329 0.0 8.181805246746432 0.0 4.0 
875 7366359.7 97.20610219362376 80.36915010131835 143.63129492187494 0 233 2.8329 0.0 8.181805246746432 0.0 4.0 
876 7366393.0 97.20610219362376 80.36915010131835 143.63129492187494 0 233 2.8329 0.0 8.181805246746432 0.0 4.0 
877 7366426.3 97.20610219362376 80.36915010131835 143.63129492187494 0 233 2.8329 0.0 8.181805246746432 0.0 4.0 
878 7366459.7 97.2072045725973 80.36915010131835 143.63129492187494 0 233 2.8329 0.0 8.181805246746432 0.0 4.0 
879 7366493.0 97.2072045725973 80.37443119318057 143.63129492187494 0 233 2.8329 0.0 8.181805246746432 0.0 4.0 
880 7366526.4 97.2072045725973 80.37443119318057 143.63129492187494 0 233 2.8329 0.0 8.181805246746432 0.0 4.0 
881 7366559.7 97.2072045725973 80.37443119318057 143.63129492187494 0 233 2.8329 0.0 8.181805246746432 0.0 4.0 
882 7366593.0 97.21118450226018 80.37443119318057 143.63129492187494 0 233 2.8329 0.0 8.181805246746432 0.0 4.0 
883 7366626.4 97.21118450226018 80.38001342774342 143.63129492187494 0 233 2.8329 0.0 8.181805246746432 0.0 4.0 
884 7366659.7 97.21118450226018 80.38001342774342 143.63129492187494 0 233 2.8329 0.0 8.181805246746432 0.0 4.0 
885 7366693.0 97.21118450226018 80.38001342774342 143.63129492187494 0 233 2.8329 0.0 8.181805246746432 0.0 4.0 
886 7366726.4 97.21416822439066 80.38001342774342 143.63129492187494 0 233 2.8329 0.0 8.181805246746432 0.0 4.0 
887 7366759.7 97.21416822439066 80.38380330469978 143.63129492187494 0 233 2.8329 0.0 8.181805246746432 0.0 4.0 
888 7366793.0 97.21416822439066 80.38380330469978 143.63129492187494 0 233 2.8329 0.0 8.181805246746432 0.0 4.0 
889 7366826.4 97.21416822439066 80.38380330469978 143.63129492187494 0 233 2.8329 0.0 8.181805246746432 0.0 4.0 
890 7366859.7 97.21683643498285 80.38380330469978 143.63129492187494 0 233 2.8329 0.0 8.181805246746432 0.0 4.0 
891 7366893.1 97.21683643498285 80.3877448736276 143.63129492187494 0 233 2.8329 0.0 8.181805246746432 0.0 4.0 
892 7366926.4 97.21683643498285 80.3877448736276 143.63129492187494 0 233 2.8329 0.0 8.181805246746432 0.0 4.0 
893 7366959.7 97.21683643498285 80.3877448736276 143.63129492187494 0 233 2.8329 0.0 8.181805246746432 0.0 4.0 
894 7366993.1 97.21683643498285 80.3877448736276 143.63129492187494 0 233 2.8329 0.0 8.181805246746432 0.0 4.0 
895 7367026.4 97.21683643498285 80.3877448736276 143.63129492187494 0 233 2.8329 0.0 8.181805246746432 0.0 4.0 
896 7367059.7 97.21683643498285 80.3877448736276 143.63129492187494 0 233 2.8329 0.0 8.181805246746432 0.0 4.0 
897 7367093.1 97.21847627649014 80.3877448736276 143.63129492187494 0 233 2.8329 0.0 8.181805246746432 0.0 4.0 
898 7367126.4 97.21847627649014 80.39398478267381 143.63129492187494 0 233 2.8329 0.0 8.181805246746432 0.0 4.0 
899 7367159.7 97.21847627649014 80.39398478267381 143.63129492187494 0 233 2.8329 0.0 8.181805246746432 0.0 4.0 
900 7367193.1 97.21847627649014 80.39398478267381 143.63129492187494 0 233 2.8329 0.0 8.181805246746432 0.0 4.0 
901 7367226.4 97.21847627649014 80.40120703381267 143.63129492187494 0 233 2.8329 0.0 8.181805246746432 0.0 4.0 
902 7367259.7 97.21847627649014 80.40120703381267 143.63129492187494 0 233 2.8329 0.0 8.181805246746432 0.0 4.0 
903 7367293.1 97.21847627649014 80.40120703381267 143.63129492187494 0 233 2.8329 0.0 8.181805246746432 0.0 4.0 
904 7367326.4 97.21847627649014 80.40426293052631 143.63129492187494 0 233 2.8329 0.0 8.181805246746432 0.0 4.0 
905 7367359.8 97.21847627649014 80.40426293052631 143.63129492187494 0 233 2.8329 0.0 8.181805246746432 0.0 4.0 
906 7367393.1 97.21847627649014 80.40426293052631 143.63129492187494 0 233 2.8329 0.0 8.181805246746432 0.0 4.0 
907 7367426.4 97.2162200417245 80.40426293052631 143.63129492187494 0 233 2.8329 0.0 8.181805246746432 0.0 4.0 
908 7367459.8 97.2162200417245 80.41089789180194 143.63129492187494 0 233 2.8329 0.0 8.181805246746432 0.0 4.0 
909 7367493.1 97.2162200417245 80.41089789180194 143.63129492187494 0 233 2.8329 0.0 8.181805246746432 0.0 4.0 
910 7367526.4 97.2162200417245 80.41089789180194 143.63129492187494 0 233 2.8329 0.0 8.181805246746432 0.0 4.0 
911 7367559.8 97.21102245828979 80.41089789180194 143.63129492187494 0 233 2.8329 0.0 8.181805246746432 0.0 4.0 
912 7367593.1 97.21102245828979 80.4166634127921 143.63129492187494 0 233 2.8329 0.0 8.181805246746432 0.0 4.0 
913 7367626.4 97.21102245828979 80.4166634127921 143.63129492187494 0 233 2.8329 0.0 8.181805246746432 0.0 4.0 
914 7367659.8 97.20089022128343 80.4166634127921 143.63129492187494 0 233 2.8329 0.0 8.181805246746432 0.0 4.0 
915 7367693.1 97.20089022128343 80.43152714331792 143.63129492187494 0 233 2.8329 0.0 8.181805246746432 0.0 4.0 
916 7367726.5 97.20089022128343 80.43152714331792 143.63129492187494 0 233 2.8329 0.0 8.181805246746432 0.0 4.0 
917 7367759.8 97.20089022128343 80.43152714331792 143.63129492187494 0 233 2.8329 0.0 8.181805246746432 0.0 4.0 
918 7367793.1 97.18815375378689 80.43152714331792 143.63129492187494 0 233 2.8329 0.0 8.181805246746432 0.0 4.0 
919 7367826.5 97.18815375378689 80.44235705541644 143.63129492187494 0 233 2.8329 0.0 8.181805246746432 0.0 4.0 
920 7367859.8 97.18815375378689 80.44235705541644 143.63129492187494 0 233 2.8329 0.0 8.181805246746432 0.0 4.0 
921 7367893.1 97.18815375378689 80.44235705541644 143.63129492187494 0 233 2.8329 0.0 8.181805246746432 0.0 4.0 
922 7367926.5 97.17611864130703 80.44235705541644 143.63129492187494 0 233 2.8329 0.0 8.181805246746432 0.0 4.0 
923 7367959.8 97.17611864130703 80.44946040742352 143.63129492187494 0 233 2.8329 0.0 8.181805246746432 0.0 4.0 
924 7367993.1 97.17611864130703 80.44946040742352 143.63129492187494 0 233 2.8329 0.0 8.181805246746432 0.0 4.0 
925 7368026.5 97.17611864130703 80.44946040742352 143.63129492187494 0 233 2.8329 0.0 8.181805246746432 0.0 4.0 
926 7368059.8 97.16593882722248 80.44946040742352 143.63129492187494 0 233 2.8329 0.0 8.181805246746432 0.0 4.0 
927 7368093.1 97.16593882722248 80.46166448951774 143.63129492187494 0 233 2.8329 0.0 8.181805246746432 0.0 4.0 
928 7368126.5 97.16593882722248 80.46166448951774 143.63129492187494 0 233 2.8329 0.0 8.181805246746432 0.0 4.0 
929 7368159.8 97.15868070025115 80.46166448951774 143.63129492187494 0 233 2.8329 0.0 8.181805246746432 0.0 4.0 
930 7368193.2 97.15868070025115 80.47066196999677 143.63129492187494 0 233 2.8329 0.0 8.181805246746432 0.0 4.0 
931 7368226.5 97.15868070025115 80.47066196999677 143.63129492187494 0 233 2.8329 0.0 8.181805246746432 0.0 4.0 
932 7368259.8 97.15868070025115 80.47066196999677 143.63129492187494 0 233 2.8329 0.0 8.181805246746432 0.0 4.0 
933 7368293.2 97.15293306039545 80.47066196999677 143.63129492187494 0 233 2.8329 0.0 8.181805246746432 0.0 4.0 
934 7368326.5 97.15293306039545 80.47609044581912 143.63129492187494 0 233 2.8329 0.0 8.181805246746432 0.0 4.0 
935 7368359.8 97.15293306039545 80.47609044581912 143.63129492187494 0 233 2.8329 0.0 8.181805246746432 0.0 4.0 
936 7368393.2 97.15293306039545 80.47609044581912 143.63129492187494 0 233 2.8329 0.0 8.181805246746432 0.0 4.0 
937 7368426.5 97.14621824830778 80.47609044581912 143.63129492187494 0 233 2.8329 0.0 8.181805246746432 0.0 4.0 
938 7368459.8 97.14621824830778 80.48137240353071 143.63129492187494 0 233 2.8329 0.0 8.181805246746432 0.0 4.0 
939 7368493.2 97.14621824830778 80.48137240353071 143.63129492187494 0 233 2.8329 0.0 8.181805246746432 0.0 4.0 
940 7368526.5 97.14621824830778 80.48137240353071 143.63129492187494 0 233 2.8329 0.0 8.181805246746432 0.0 4.0 
941 7368559.9 97.13836600774049 80.48137240353071 143.63129492187494 0 233 2.8329 0.0 8.181805246746432 0.0 4.0 
942 7368593.2 97.13836600774049 80.49056127813431 143.63129492187494 0 233 2.8329 0.0 8.181805246746432 0.0 4.0 
943 7368626.5 97.13836600774049 80.49056127813431 143.63129492187494 0 233 2.8329 0.0 8.181805246746432 0.0 4.0 
944 7368659.9 97.13836600774049 80.49056127813431 143.63129492187494 0 233 2.8329 0.0 8.181805246746432 0.0 4.0 
945 7368693.2 97.13312541596657 80.49056127813431 143.63129492187494 0 233 2.8329 0.0 8.181805246746432 0.0 4.0 
946 7368726.5 97.13312541596657 80.49581723502546 143.63129492187494 0 233 2.8329 0.0 8.181805246746432 0.0 4.0 
947 7368759.9 97.13312541596657 80.49581723502546 143.63129492187494 0 233 2.8329 0.0 8.181805246746432 0.0 4.0 
948 7368793.2 97.1282015327887 80.49581723502546 143.63129492187494 0 233 2.8329 0.0 8.181805246746432 0.0 4.0 
949 7368826.5 97.1282015327887 80.49971764811016 143.63129492187494 0 233 2.8329 0.0 8.181805246746432 0.0 4.0 
950 7368859.9 97.1282015327887 80.49971764811016 143.63129492187494 0 233 2.8329 0.0 8.181805246746432 0.0 4.0 
951 7368893.2 97.1282015327887 80.49971764811016 143.63129492187494 0 233 2.8329 0.0 8.181805246746432 0.0 4.0 
952 7368926.5 97.121916323719 80.49971764811016 143.63129492187494 0 233 2.8329 0.0 8.181805246746432 0.0 4.0 
953 7368959.9 97.121916323719 80.49971764811016 143.63129492187494 0 233 2.8329 0.0 8.181805246746432 0.0 4.0 
954 7368993.2 97.121916323719 80.49971764811016 143.63129492187494 0 233 2.8329 0.0 8.181805246746432 0.0 4.0 
955 7369026.6 97.11543744229756 80.49971764811016 143.63129492187494 0 233 2.8329 0.0 8.181805246746432 0.0 4.0 
956 7369059.9 97.11543744229756 80.49971764811016 143.63129492187494 0 233 2.8329 0.0 8.181805246746432 0.0 4.0 
957 7369093.2 97.11543744229756 80.49971764811016 143.63129492187494 0 233 2.8329 0.0 8.181805246746432 0.0 4.0 
958 7369126.6 97.11543744229756 80.49971764811016 143.63129492187494 0 233 2.8329 0.0 8.181805246746432 0.0 4.0 
959 7369159.9 97.101139865039 80.49971764811016 143.63129492187494 0 233 2.8329 0.0 8.181805246746432 0.0 4.0 
960 7369193.2 97.101139865039 80.50122770783632 143.63129492187494 0 233 2.8329 0.0 8.181805246746432 0.0 4.0 
961 7369226.6 97.101139865039 80.50122770783632 143.63129492187494 0 233 2.8329 0.0 8.181805246746432 0.0 4.0 
962 7369259.9 97.101139865039 80.50122770783632 143.63129492187494 0 233 2.8329 0.0 8.181805246746432 0.0 4.0 
963 7369293.2 97.08445449321108 80.50565834461723 143.63129492187494 0 233 2.8329 0.0 8.181805246746432 0.0 4.0 
964 7369326.6 97.08445449321108 80.50565834461723 143.63129492187494 0 233 2.8329 0.0 8.181805246746432 0.0 4.0 
965 7369359.9 97.08445449321108 80.50565834461723 143.63129492187494 0 233 2.8329 0.0 8.181805246746432 0.0 4.0 
966 7369393.3 97.08445449321108 80.50565834461723 143.63129492187494 0 233 2.8329 0.0 8.181805246746432 0.0 4.0 
967 7369426.6 97.06787366219496 80.50565834461723 143.63129492187494 0 233 2.8329 0.0 8.181805246746432 0.0 4.0 
968 7369459.9 97.06787366219496 80.51317357017706 143.63129492187494 0 233 2.8329 0.0 8.181805246746432 0.0 4.0 
969 7369493.3 97.06787366219496 80.51317357017706 143.63129492187494 0 233 2.8329 0.0 8.181805246746432 0.0 4.0 
970 7369526.6 97.06787366219496 80.51317357017706 143.63129492187494 0 233 2.8329 0.0 8.181805246746432 0.0 4.0 
971 7369559.9 97.04943707792893 80.51317357017706 143.63129492187494 0 233 2.8329 0.0 8.181805246746432 0.0 4.0 
972 7369593.3 97.04943707792893 80.52278002859067 143.63129492187494 0 233 2.8329 0.0 8.181805246746432 0.0 4.0 
973 7369626.6 97.04943707792893 80.52278002859067 143.63129492187494 0 233 2.8329 0.0 8.181805246746432 0.0 4.0 
974 7369659.9 97.04943707792893 80.52278002859067 143.63129492187494 0 233 2.8329 0.0 8.181805246746432 0.0 4.0 
975 7369693.3 97.03508373726349 80.53338677669248 143.63129492187494 0 233 2.8329 0.0 8.181805246746432 0.0 4.0 
976 7369726.6 97.03508373726349 80.53338677669248 143.63129492187494 0 233 2.8329 0.0 8.181805246746432 0.0 4.0 
977 7369759.9 97.03508373726349 80.53338677669248 143.63129492187494 0 233 2.8329 0.0 8.181805246746432 0.0 4.0 
978 7369793.3 97.03508373726349 80.53338677669248 143.63129492187494 0 233 2.8329 0.0 8.181805246746432 0.0 4.0 
979 7369826.6 97.02609309046112 80.53338677669248 143.63129492187494 0 233 2.8329 0.0 8.181805246746432 0.0 4.0 
980 7369860.0 97.02609309046112 80.54069378140623 143.63129492187494 0 233 2.8329 0.0 8.181805246746432 0.0 4.0 
981 7369893.3 97.02609309046112 80.54069378140623 143.63129492187494 0 233 2.8329 0.0 8.181805246746432 0.0 4.0 
982 7369926.6 97.02609309046112 80.54069378140623 143.63129492187494 0 233 2.8329 0.0 8.181805246746432 0.0 4.0 
983 7369960.0 97.0208727779779 80.54069378140623 143.63129492187494 0 233 2.8329 0.0 8.181805246746432 0.0 4.0 
984 7369993.3 97.0208727779779 80.54625677408339 143.63129492187494 0 233 2.8329 0.0 8.181805246746432 0.0 4.0 
985 7370026.6 97.0208727779779 80.54625677408339 143.63129492187494 0 233 2.8329 0.0 8.181805246746432 0.0 4.0 
986 7370060.0 97.0208727779779 80.54625677408339 143.63129492187494 0 233 2.8329 0.0 8.181805246746432 0.0 4.0 
987 7370093.3 97.01480697564357 80.55262158411354 143.63129492187494 0 233 2.8329 0.0 8.181805246746432 0.0 4.0 
988 7370126.6 97.01480697564357 80.55262158411354 143.63129492187494 0 233 2.8329 0.0 8.181805246746432 0.0 4.0 
989 7370160.0 97.01480697564357 80.55262158411354 143.63129492187494 0 233 2.8329 0.0 8.181805246746432 0.0 4.0 
990 7370193.3 97.01480697564357 80.55262158411354 143.63129492187494 0 233 2.8329 0.0 8.181805246746432 0.0 4.0 
991 7370226.7 97.0078790818768 80.55262158411354 143.63129492187494 0 233 2.8329 0.0 8.181805246746432 0.0 4.0 
992 7370260.0 97.0078790818768 80.55723253037797 143.63129492187494 0 233 2.8329 0.0 8.181805246746432 0.0 4.0 
993 7370293.3 97.0078790818768 80.55723253037797 143.63129492187494 0 233 2.8329 0.0 8.181805246746432 0.0 4.0 
994 7370326.7 97.0078790818768 80.55723253037797 143.63129492187494 0 233 2.8329 0.0 8.181805246746432 0.0 4.0 
995 7370360.0 96.99933008489913 80.55723253037797 143.63129492187494 0 233 2.8329 0.0 8.181805246746432 0.0 4.0 
996 7370393.3 96.99933008489913 80.5630035208878 143.63129492187494 0 233 2.8329 0.0 8.181805246746432 0.0 4.0 
997 7370426.7 96.99933008489913 80.5630035208878 143.63129492187494 0 233 2.8329 0.0 8.181805246746432 0.0 4.0 
998 7370460.0 96.99933008489913 80.5630035208878 143.63129492187494 0 233 2.8329 0.0 8.181805246746432 0.0 4.0 
999 7370493.3 96.99314738355248 80.5682878455989 143.63129492187494 0 233 2.8329 0.0 8.181805246746432 0.0 4.0 
1000 7370526.7 96.99314738355248 80.5682878455989 143.63129492187494 0 233 2.8329 0.0 8.181805246746432 0.0 4.0 
1001 7370560.0 96.99314738355248 80.5682878455989 143.63129492187494 0 233 2.8329 0.0 8.181805246746432 0.0 4.0 
1002 7370593.3 96.98713454679249 80.57598731892735 143.63129492187494 0 233 2.8329 0.0 8.181805246746432 0.0 4.0 
1003 7370626.7 96.98713454679249 80.57598731892735 143.63129492187494 0 233 2.8329 0.0 8.181805246746432 0.0 4.0 
1004 7370660.0 96.98713454679249 80.57598731892735 143.63129492187494 0 233 2.8329 0.0 8.181805246746432 0.0 4.0 
1005 7370693.4 96.98713454679249 80.57598731892735 143.63129492187494 0 233 2.8329 0.0 8.181805246746432 0.0 4.0 
1006 7370726.7 96.98298604834267 80.57598731892735 143.63129492187494 0 233 2.8329 0.0 8.181805246746432 0.0 4.0 
1007 7370760.0 96.98298604834267 80.58275682140396 143.63129492187494 0 233 2.8329 0.0 8.181805246746432 0.0 4.0 
1008 7370793.4 96.98298604834267 80.58275682140396 143.63129492187494 0 233 2.8329 0.0 8.181805246746432 0.0 4.0 
1009 7370826.7 96.98298604834267 80.58275682140396 143.63129492187494 0 233 2.8329 0.0 8.181805246746432 0.0 4.0 
1010 7370860.0 96.97908959457688 80.59231748183275 143.63129492187494 0 233 2.8329 0.0 8.181805246746432 0.0 4.0 
1011 7370893.4 96.97908959457688 80.59231748183275 143.63129492187494 0 233 2.8329 0.0 8.181805246746432 0.0 4.0 
1012 7370926.7 96.97908959457688 80.59231748183275 143.63129492187494 0 233 2.8329 0.0 8.181805246746432 0.0 4.0 
1013 7370960.0 96.97908959457688 80.59231748183275 143.63129492187494 0 233 2.8329 0.0 8.181805246746432 0.0 4.0 
1014 7370993.4 96.97331931280142 80.59231748183275 143.63129492187494 0 233 2.8329 0.0 8.181805246746432 0.0 4.0 
1015 7371026.7 96.97331931280142 80.60263028044058 143.63129492187494 0 233 2.8329 0.0 8.181805246746432 0.0 4.0 
1016 7371060.1 96.97331931280142 80.60263028044058 143.63129492187494 0 233 2.8329 0.0 8.181805246746432 0.0 4.0 
1017 7371093.4 96.97331931280142 80.60263028044058 143.63129492187494 0 233 2.8329 0.0 8.181805246746432 0.0 4.0 
1018 7371126.7 96.96397724379678 80.60263028044058 143.63129492187494 0 233 2.8329 0.0 8.181805246746432 0.0 4.0 
1019 7371160.1 96.96397724379678 80.60761614315362 143.63129492187494 0 233 2.8329 0.0 8.181805246746432 0.0 4.0 
1020 7371193.4 96.96397724379678 80.60761614315362 143.63129492187494 0 233 2.8329 0.0 8.181805246746432 0.0 4.0 
1021 7371226.7 96.96397724379678 80.60761614315362 143.63129492187494 0 233 2.8329 0.0 8.181805246746432 0.0 4.0 
1022 7371260.1 96.95874629843226 80.6088180873709 143.63129492187494 0 233 2.8329 0.0 8.181805246746432 0.0 4.0 
1023 7371293.4 96.95874629843226 80.6088180873709 143.63129492187494 0 233 2.8329 0.0 8.181805246746432 0.0 4.0 
1024 7371326.7 96.94892345399707 80.6088180873709 143.63129492187494 0 233 2.8329 0.0 8.181805246746432 0.0 4.0 
1025 7371360.1 96.94892345399707 80.61540857630226 143.63129492187494 0 233 2.8329 0.0 8.181805246746432 0.0 4.0 
1026 7371393.4 96.94892345399707 80.61540857630226 143.63129492187494 0 233 2.8329 0.0 8.181805246746432 0.0 4.0 
1027 7371426.7 96.94515266427005 80.61540857630226 143.63129492187494 0 233 2.8329 0.0 8.181805246746432 0.0 4.0 
1028 7371460.1 96.94515266427005 80.62115188400425 143.63129492187494 0 233 2.8329 0.0 8.181805246746432 0.0 4.0 
1029 7371493.4 96.94515266427005 80.62115188400425 143.63129492187494 0 233 2.8329 0.0 8.181805246746432 0.0 4.0 
1030 7371526.8 96.93898147212394 80.62115188400425 143.63129492187494 0 233 2.8329 0.0 8.181805246746432 0.0 4.0 
1031 7371560.1 96.93898147212394 80.6296113652579 143.63129492187494 0 233 2.8329 0.0 8.181805246746432 0.0 4.0 
1032 7371593.4 96.93898147212394 80.6296113652579 143.63129492187494 0 233 2.8329 0.0 8.181805246746432 0.0 4.0 
1033 7371626.8 96.93898147212394 80.6296113652579 143.63129492187494 0 233 2.8329 0.0 8.181805246746432 0.0 4.0 
1034 7371660.1 96.93444776419203 80.6296113652579 143.63129492187494 0 233 2.8329 0.0 8.181805246746432 0.0 4.0 
1035 7371693.4 96.93444776419203 80.63532745204193 143.63129492187494 0 233 2.8329 0.0 8.181805246746432 0.0 4.0 
1036 7371726.8 96.93444776419203 80.63532745204193 143.63129492187494 0 233 2.8329 0.0 8.181805246746432 0.0 4.0 
1037 7371760.1 96.93444776419203 80.63532745204193 143.63129492187494 0 233 2.8329 0.0 8.181805246746432 0.0 4.0 
1038 7371793.4 96.93444776419203 80.64074733273102 143.63129492187494 0 233 2.8329 0.0 8.181805246746432 0.0 4.0 
1039 7371826.8 96.93444776419203 80.64074733273102 143.63129492187494 0 233 2.8329 0.0 8.181805246746432 0.0 4.0 
1040 7371860.1 96.93720770576974 80.64074733273102 143.63129492187494 0 233 2.8329 0.0 8.181805246746432 0.0 4.0 
1041 7371893.5 96.93720770576974 80.64652495285695 143.63129492187494 0 233 2.8329 0.0 8.181805246746432 0.0 4.0 
1042 7371926.8 96.93720770576974 80.64652495285695 143.63129492187494 0 233 2.8329 0.0 8.181805246746432 0.0 4.0 
1043 7371960.1 96.93720770576974 80.64652495285695 143.63129492187494 0 233 2.8329 0.0 8.181805246746432 0.0 4.0 
1044 7371993.5 96.94079670086445 80.64652495285695 143.63129492187494 0 233 2.8329 0.0 8.181805246746432 0.0 4.0 
1045 7372026.8 96.94079670086445 80.65850146950505 143.63129492187494 0 233 2.8329 0.0 8.181805246746432 0.0 4.0 
1046 7372060.1 96.94079670086445 80.65850146950505 143.63129492187494 0 233 2.8329 0.0 8.181805246746432 0.0 4.0 
1047 7372093.5 96.94079670086445 80.65850146950505 143.63129492187494 0 233 2.8329 0.0 8.181805246746432 0.0 4.0 
1048 7372126.8 96.94340922456057 80.65850146950505 143.63129492187494 0 233 2.8329 0.0 8.181805246746432 0.0 4.0 
1049 7372160.1 96.94340922456057 80.67286372978428 143.63129492187494 0 233 2.8329 0.0 8.181805246746432 0.0 4.0 
1050 7372193.5 96.94340922456057 80.67286372978428 143.63129492187494 0 233 2.8329 0.0 8.181805246746432 0.0 4.0 
1051 7372226.8 96.94340922456057 80.67286372978428 143.63129492187494 0 233 2.8329 0.0 8.181805246746432 0.0 4.0 
1052 7372260.1 96.94590199148828 80.67286372978428 143.63129492187494 0 233 2.8329 0.0 8.181805246746432 0.0 4.0 
1053 7372293.5 96.94590199148828 80.68494227344135 143.63129492187494 0 233 2.8329 0.0 8.181805246746432 0.0 4.0 
1054 7372326.8 96.94590199148828 80.68494227344135 143.63129492187494 0 233 2.8329 0.0 8.181805246746432 0.0 4.0 
1055 7372360.2 96.94590199148828 80.68494227344135 143.63129492187494 0 233 2.8329 0.0 8.181805246746432 0.0 4.0 
1056 7372393.5 96.94590199148828 80.6963323404835 143.63129492187494 0 233 2.8329 0.0 8.181805246746432 0.0 4.0 
1057 7372426.8 96.94590199148828 80.6963323404835 143.63129492187494 0 233 2.8329 0.0 8.181805246746432 0.0 4.0 
1058 7372460.2 96.94590199148828 80.6963323404835 143.63129492187494 0 233 2.8329 0.0 8.181805246746432 0.0 4.0 
1059 7372493.5 96.94590199148828 80.70322049660128 143.63129492187494 0 233 2.8329 0.0 8.181805246746432 0.0 4.0 
1060 7372526.8 96.94590199148828 80.70322049660128 143.63129492187494 0 233 2.8329 0.0 8.181805246746432 0.0 4.0 
1061 7372560.2 96.94590199148828 80.70322049660128 143.63129492187494 0 233 2.8329 0.0 8.181805246746432 0.0 4.0 
1062 7372593.5 96.94590199148828 80.70322049660128 143.63129492187494 0 233 2.8329 0.0 8.181805246746432 0.0 4.0 
1063 7372626.8 96.94466255230142 80.70322049660128 143.63129492187494 0 233 2.8329 0.0 8.181805246746432 0.0 4.0 
1064 7372660.2 96.94466255230142 80.71319678681586 143.63129492187494 0 233 2.8329 0.0 8.181805246746432 0.0 4.0 
1065 7372693.5 96.94466255230142 80.71319678681586 143.63129492187494 0 233 2.8329 0.0 8.181805246746432 0.0 4.0 
1066 7372726.9 96.94466255230142 80.71319678681586 143.63129492187494 0 233 2.8329 0.0 8.181805246746432 0.0 4.0 
1067 7372760.2 96.94181417264231 80.71319678681586 143.63129492187494 0 233 2.8329 0.0 8.181805246746432 0.0 4.0 
1068 7372793.5 96.94181417264231 80.724010765956 143.63129492187494 0 233 2.8329 0.0 8.181805246746432 0.0 4.0 
1069 7372826.9 96.94181417264231 80.724010765956 143.63129492187494 0 233 2.8329 0.0 8.181805246746432 0.0 4.0 
1070 7372860.2 96.94181417264231 80.724010765956 143.63129492187494 0 233 2.8329 0.0 8.181805246746432 0.0 4.0 
1071 7372893.5 96.94061208031196 80.724010765956 143.63129492187494 0 233 2.8329 0.0 8.181805246746432 0.0 4.0 
1072 7372926.9 96.94061208031196 80.72949243551993 143.63129492187494 0 233 2.8329 0.0 8.181805246746432 0.0 4.0 
1073 7372960.2 96.94061208031196 80.72949243551993 143.63129492187494 0 233 2.8329 0.0 8.181805246746432 0.0 4.0 
1074 7372993.5 96.94061208031196 80.72949243551993 143.63129492187494 0 233 2.8329 0.0 8.181805246746432 0.0 4.0 
1075 7373026.9 96.9394877229327 80.72949243551993 143.63129492187494 0 233 2.8329 0.0 8.181805246746432 0.0 4.0 
1076 7373060.2 96.9394877229327 80.73593187802466 143.63129492187494 0 233 2.8329 0.0 8.181805246746432 0.0 4.0 
1077 7373093.5 96.9394877229327 80.73593187802466 143.63129492187494 0 233 2.8329 0.0 8.181805246746432 0.0 4.0 
1078 7373126.9 96.9394877229327 80.73593187802466 143.63129492187494 0 233 2.8329 0.0 8.181805246746432 0.0 4.0 
1079 7373160.2 96.93798316118472 80.73593187802466 143.63129492187494 0 233 2.8329 0.0 8.181805246746432 0.0 4.0 
1080 7373193.6 96.93798316118472 80.74103815174821 143.63129492187494 0 233 2.8329 0.0 8.181805246746432 0.0 4.0 
1081 7373226.9 96.93798316118472 80.74103815174821 143.63129492187494 0 233 2.8329 0.0 8.181805246746432 0.0 4.0 
1082 7373260.2 96.93798316118472 80.74103815174821 143.63129492187494 0 233 2.8329 0.0 8.181805246746432 0.0 4.0 
1083 7373293.6 96.93470361116191 80.74103815174821 143.63129492187494 0 233 2.8329 0.0 8.181805246746432 0.0 4.0 
1084 7373326.9 96.93470361116191 80.74728837808124 143.63129492187494 0 233 2.8329 0.0 8.181805246746432 0.0 4.0 
1085 7373360.2 96.93470361116191 80.74728837808124 143.63129492187494 0 233 2.8329 0.0 8.181805246746432 0.0 4.0 
1086 7373393.6 96.93470361116191 80.74728837808124 143.63129492187494 0 233 2.8329 0.0 8.181805246746432 0.0 4.0 
1087 7373426.9 96.93142605851945 80.75095583189794 143.63129492187494 0 233 2.8329 0.0 8.181805246746432 0.0 4.0 
1088 7373460.2 96.93142605851945 80.75095583189794 143.63129492187494 0 233 2.8329 0.0 8.181805246746432 0.0 4.0 
1089 7373493.6 96.93142605851945 80.75095583189794 143.63129492187494 0 233 2.8329 0.0 8.181805246746432 0.0 4.0 
1090 7373526.9 96.93142605851945 80.75095583189794 143.63129492187494 0 233 2.8329 0.0 8.181805246746432 0.0 4.0 
1091 7373560.3 96.93033221131972 80.75095583189794 143.63129492187494 0 233 2.8329 0.0 8.181805246746432 0.0 4.0 
1092 7373593.6 96.93033221131972 80.75325954534925 143.63129492187494 0 233 2.8329 0.0 8.181805246746432 0.0 4.0 
1093 7373626.9 96.93033221131972 80.75325954534925 143.63129492187494 0 233 2.8329 0.0 8.181805246746432 0.0 4.0 
1094 7373660.3 96.93033221131972 80.75325954534925 143.63129492187494 0 233 2.8329 0.0 8.181805246746432 0.0 4.0 
1095 7373693.6 96.93460088541241 80.75325954534925 143.63129492187494 0 233 2.8329 0.0 8.181805246746432 0.0 4.0 
1096 7373726.9 96.93460088541241 80.75131330179586 143.63129492187494 0 233 2.8329 0.0 8.181805246746432 0.0 4.0 
1097 7373760.3 96.93460088541241 80.75131330179586 143.63129492187494 0 233 2.8329 0.0 8.181805246746432 0.0 4.0 
1098 7373793.6 96.93460088541241 80.75131330179586 143.63129492187494 0 233 2.8329 0.0 8.181805246746432 0.0 4.0 
1099 7373826.9 96.94464834397714 80.75131330179586 143.63129492187494 0 233 2.8329 0.0 8.181805246746432 0.0 4.0 
1100 7373860.3 96.94464834397714 80.75250365510797 143.63129492187494 0 233 2.8329 0.0 8.181805246746432 0.0 4.0 
1101 7373893.6 96.94464834397714 80.75250365510797 143.63129492187494 0 233 2.8329 0.0 8.181805246746432 0.0 4.0 
1102 7373926.9 96.94464834397714 80.75250365510797 143.63129492187494 0 233 2.8329 0.0 8.181805246746432 0.0 4.0 
1103 7373960.3 96.96289106817937 80.75250365510797 143.63129492187494 0 233 2.8329 0.0 8.181805246746432 0.0 4.0 
1104 7373993.6 96.96289106817937 80.7541831535909 143.63129492187494 0 233 2.8329 0.0 8.181805246746432 0.0 4.0 
1105 7374027.0 96.96289106817937 80.7541831535909 143.63129492187494 0 233 2.8329 0.0 8.181805246746432 0.0 4.0 
1106 7374060.3 96.96289106817937 80.7541831535909 143.63129492187494 0 233 2.8329 0.0 8.181805246746432 0.0 4.0 
1107 7374093.6 96.96289106817937 80.7541831535909 143.63129492187494 0 233 2.8329 0.0 8.181805246746432 0.0 4.0 
1108 7374127.0 96.97959351823165 80.7541831535909 143.63129492187494 0 233 2.8329 0.0 8.181805246746432 0.0 4.0 
1109 7374160.3 96.97959351823165 80.75704982351472 143.63129492187494 0 233 2.8329 0.0 8.181805246746432 0.0 4.0 
1110 7374193.6 96.97959351823165 80.75704982351472 143.63129492187494 0 233 2.8329 0.0 8.181805246746432 0.0 4.0 
1111 7374227.0 96.97959351823165 80.75704982351472 143.63129492187494 0 233 2.8329 0.0 8.181805246746432 0.0 4.0 
1112 7374260.3 96.99006210675795 80.75955508974234 143.63129492187494 0 233 2.8329 0.0 8.181805246746432 0.0 4.0 
1113 7374293.6 96.99006210675795 80.75955508974234 143.63129492187494 0 233 2.8329 0.0 8.181805246746432 0.0 4.0 
1114 7374327.0 96.99006210675795 80.75955508974234 143.63129492187494 0 233 2.8329 0.0 8.181805246746432 0.0 4.0 
1115 7374360.3 96.99006210675795 80.75955508974234 143.63129492187494 0 233 2.8329 0.0 8.181805246746432 0.0 4.0 
1116 7374393.7 96.99537521984479 80.75955508974234 143.63129492187494 0 233 2.8329 0.0 8.181805246746432 0.0 4.0 
1117 7374427.0 96.99537521984479 80.76181282657186 143.63129492187494 0 233 2.8329 0.0 8.181805246746432 0.0 4.0 
1118 7374460.3 96.99537521984479 80.76181282657186 143.63129492187494 0 233 2.8329 0.0 8.181805246746432 0.0 4.0 
1119 7374493.7 96.99537521984479 80.76181282657186 143.63129492187494 0 233 2.8329 0.0 8.181805246746432 0.0 4.0 
1120 7374527.0 97.00519065801566 80.76181282657186 143.63129492187494 0 233 2.8329 0.0 8.181805246746432 0.0 4.0 
1121 7374560.3 97.00519065801566 80.76964900111395 143.63129492187494 0 233 2.8329 0.0 8.181805246746432 0.0 4.0 
1122 7374593.7 97.00519065801566 80.76964900111395 143.63129492187494 0 233 2.8329 0.0 8.181805246746432 0.0 4.0 
1123 7374627.0 97.00519065801566 80.76964900111395 143.63129492187494 0 233 2.8329 0.0 8.181805246746432 0.0 4.0 
1124 7374660.3 97.01684825606587 80.77955702206562 143.63129492187494 0 233 2.8329 0.0 8.181805246746432 0.0 4.0 
1125 7374693.7 97.01684825606587 80.77955702206562 143.63129492187494 0 233 2.8329 0.0 8.181805246746432 0.0 4.0 
1126 7374727.0 97.01684825606587 80.77955702206562 143.63129492187494 0 233 2.8329 0.0 8.181805246746432 0.0 4.0 
1127 7374760.3 97.01684825606587 80.77955702206562 143.63129492187494 0 233 2.8329 0.0 8.181805246746432 0.0 4.0 
1128 7374793.7 97.02332040639659 80.77955702206562 143.63129492187494 0 233 2.8329 0.0 8.181805246746432 0.0 4.0 
1129 7374827.0 97.02332040639659 80.78781127417827 143.63129492187494 0 233 2.8329 0.0 8.181805246746432 0.0 4.0 
1130 7374860.4 97.02332040639659 80.78781127417827 143.63129492187494 0 233 2.8329 0.0 8.181805246746432 0.0 4.0 
1131 7374893.7 97.02332040639659 80.78781127417827 143.63129492187494 0 233 2.8329 0.0 8.181805246746432 0.0 4.0 
1132 7374927.0 97.02630823240865 80.78781127417827 143.63129492187494 0 233 2.8329 0.0 8.181805246746432 0.0 4.0 
1133 7374960.4 97.02630823240865 80.79483599473345 143.63129492187494 0 233 2.8329 0.0 8.181805246746432 0.0 4.0 
1134 7374993.7 97.02630823240865 80.79483599473345 143.63129492187494 0 233 2.8329 0.0 8.181805246746432 0.0 4.0 
1135 7375027.0 97.02630823240865 80.79483599473345 143.63129492187494 0 233 2.8329 0.0 8.181805246746432 0.0 4.0 
1136 7375060.4 97.02630823240865 80.79227422939019 143.63129492187494 0 233 2.8329 0.0 8.181805246746432 0.0 4.0 
1137 7375093.7 97.02630823240865 80.79227422939019 143.63129492187494 0 233 2.8329 0.0 8.181805246746432 0.0 4.0 
1138 7375127.0 97.02630823240865 80.79227422939019 143.63129492187494 0 233 2.8329 0.0 8.181805246746432 0.0 4.0 
1139 7375160.4 97.02630823240865 80.78687751999735 143.63129492187494 0 233 2.8329 0.0 8.181805246746432 0.0 4.0 
1140 7375193.7 97.02630823240865 80.78687751999735 143.63129492187494 0 233 2.8329 0.0 8.181805246746432 0.0 4.0 
1141 7375227.1 97.02630823240865 80.78687751999735 143.63129492187494 0 233 2.8329 0.0 8.181805246746432 0.0 4.0 
1142 7375260.4 97.02630823240865 80.78687751999735 143.63129492187494 0 233 2.8329 0.0 8.181805246746432 0.0 4.0 
1143 7375293.7 97.02920410517818 80.78687751999735 143.63129492187494 0 233 2.8329 0.0 8.181805246746432 0.0 4.0 
1144 7375327.1 97.02920410517818 80.79087251585794 143.63129492187494 0 233 2.8329 0.0 8.181805246746432 0.0 4.0 
1145 7375360.4 97.02920410517818 80.79087251585794 143.63129492187494 0 233 2.8329 0.0 8.181805246746432 0.0 4.0 
1146 7375393.7 97.02920410517818 80.79087251585794 143.63129492187494 0 233 2.8329 0.0 8.181805246746432 0.0 4.0 
1147 7375427.1 97.02920410517818 80.8021268846865 143.63129492187494 0 233 2.8329 0.0 8.181805246746432 0.0 4.0 
1148 7375460.4 97.02920410517818 80.8021268846865 143.63129492187494 0 233 2.8329 0.0 8.181805246746432 0.0 4.0 
1149 7375493.7 97.02920410517818 80.8021268846865 143.63129492187494 0 233 2.8329 0.0 8.181805246746432 0.0 4.0 
1150 7375527.1 97.02920410517818 80.80728335469362 143.63129492187494 0 233 2.8329 0.0 8.181805246746432 0.0 4.0 
1151 7375560.4 97.02920410517818 80.80728335469362 143.63129492187494 0 233 2.8329 0.0 8.181805246746432 0.0 4.0 
1152 7375593.7 97.02920410517818 80.80728335469362 143.63129492187494 0 233 2.8329 0.0 8.181805246746432 0.0 4.0 
1153 7375627.1 97.02920410517818 80.80728335469362 143.63129492187494 0 233 2.8329 0.0 8.181805246746432 0.0 4.0 
1154 7375660.4 97.02514869442666 80.80728335469362 143.63129492187494 0 233 2.8329 0.0 8.181805246746432 0.0 4.0 
1155 7375693.8 97.02514869442666 80.81061396605956 143.63129492187494 0 233 2.8329 0.0 8.181805246746432 0.0 4.0 
1156 7375727.1 97.02514869442666 80.81061396605956 143.63129492187494 0 233 2.8329 0.0 8.181805246746432 0.0 4.0 
1157 7375760.4 97.02514869442666 80.81061396605956 143.63129492187494 0 233 2.8329 0.0 8.181805246746432 0.0 4.0 
1158 7375793.8 97.02174930940542 80.82476273813081 143.63129492187494 0 233 2.8329 0.0 8.181805246746432 0.0 4.0 
1159 7375827.1 97.02174930940542 80.82476273813081 143.63129492187494 0 233 2.8329 0.0 8.181805246746432 0.0 4.0 
1160 7375860.4 97.02174930940542 80.82476273813081 143.63129492187494 0 233 2.8329 0.0 8.181805246746432 0.0 4.0 
1161 7375893.8 97.02174930940542 80.82476273813081 143.63129492187494 0 233 2.8329 0.0 8.181805246746432 0.0 4.0 
1162 7375927.1 97.01625940723373 80.82476273813081 143.63129492187494 0 233 2.8329 0.0 8.181805246746432 0.0 4.0 
1163 7375960.4 97.01625940723373 80.82720596649885 143.63129492187494 0 233 2.8329 0.0 8.181805246746432 0.0 4.0 
1164 7375993.8 97.01625940723373 80.82720596649885 143.63129492187494 0 233 2.8329 0.0 8.181805246746432 0.0 4.0 
1165 7376027.1 97.01625940723373 80.82720596649885 143.63129492187494 0 233 2.8329 0.0 8.181805246746432 0.0 4.0 
1166 7376060.5 97.01452576568869 80.82720596649885 143.63129492187494 0 233 2.8329 0.0 8.181805246746432 0.0 4.0 
1167 7376093.8 97.01452576568869 80.8292065954983 143.63129492187494 0 233 2.8329 0.0 8.181805246746432 0.0 4.0 
1168 7376127.1 97.01452576568869 80.8292065954983 143.63129492187494 0 233 2.8329 0.0 8.181805246746432 0.0 4.0 
1169 7376160.5 97.01452576568869 80.8292065954983 143.63129492187494 0 233 2.8329 0.0 8.181805246746432 0.0 4.0 
1170 7376193.8 97.00784254600266 80.8292065954983 143.63129492187494 0 233 2.8329 0.0 8.181805246746432 0.0 4.0 
1171 7376227.1 97.00784254600266 80.83157485795165 143.63129492187494 0 233 2.8329 0.0 8.181805246746432 0.0 4.0 
1172 7376260.5 97.00784254600266 80.83157485795165 143.63129492187494 0 233 2.8329 0.0 8.181805246746432 0.0 4.0 
1173 7376293.8 97.00784254600266 80.83157485795165 143.63129492187494 0 233 2.8329 0.0 8.181805246746432 0.0 4.0 
1174 7376327.1 97.00100496806233 80.83157485795165 143.63129492187494 0 233 2.8329 0.0 8.181805246746432 0.0 4.0 
1175 7376360.5 97.00100496806233 80.84059518124093 143.63129492187494 0 233 2.8329 0.0 8.181805246746432 0.0 4.0 
1176 7376393.8 97.00100496806233 80.84059518124093 143.63129492187494 0 233 2.8329 0.0 8.181805246746432 0.0 4.0 
1177 7376427.1 97.00100496806233 80.84059518124093 143.63129492187494 0 233 2.8329 0.0 8.181805246746432 0.0 4.0 
1178 7376460.5 97.00100496806233 80.84185902579036 143.63129492187494 0 233 2.8329 0.0 8.181805246746432 0.0 4.0 
1179 7376493.8 97.00100496806233 80.84185902579036 143.63129492187494 0 233 2.8329 0.0 8.181805246746432 0.0 4.0 
1180 7376527.2 97.00100496806233 80.84185902579036 143.63129492187494 0 233 2.8329 0.0 8.181805246746432 0.0 4.0 
1181 7376560.5 96.99557177343627 80.84185902579036 143.63129492187494 0 233 2.8329 0.0 8.181805246746432 0.0 4.0 
1182 7376593.8 96.99557177343627 80.8445103170256 143.63129492187494 0 233 2.8329 0.0 8.181805246746432 0.0 4.0 
1183 7376627.2 96.99557177343627 80.8445103170256 143.63129492187494 0 233 2.8329 0.0 8.181805246746432 0.0 4.0 
1184 7376660.5 96.99557177343627 80.8445103170256 143.63129492187494 0 233 2.8329 0.0 8.181805246746432 0.0 4.0 
1185 7376693.8 96.9824816563118 80.8445103170256 143.63129492187494 0 233 2.8329 0.0 8.181805246746432 0.0 4.0 
1186 7376727.2 96.9824816563118 80.85158177611798 143.63129492187494 0 233 2.8329 0.0 8.181805246746432 0.0 4.0 
1187 7376760.5 96.9824816563118 80.85158177611798 143.63129492187494 0 233 2.8329 0.0 8.181805246746432 0.0 4.0 
1188 7376793.8 96.97295283617073 80.85158177611798 143.63129492187494 0 233 2.8329 0.0 8.181805246746432 0.0 4.0 
1189 7376827.2 96.97295283617073 80.85899444539372 143.63129492187494 0 233 2.8329 0.0 8.181805246746432 0.0 4.0 
1190 7376860.5 96.97295283617073 80.85899444539372 143.63129492187494 0 233 2.8329 0.0 8.181805246746432 0.0 4.0 
1191 7376893.9 96.97295283617073 80.85899444539372 143.63129492187494 0 233 2.8329 0.0 8.181805246746432 0.0 4.0 
1192 7376927.2 96.96915429106647 80.85899444539372 143.63129492187494 0 233 2.8329 0.0 8.181805246746432 0.0 4.0 
1193 7376960.5 96.96915429106647 80.86211742735127 143.63129492187494 0 233 2.8329 0.0 8.181805246746432 0.0 4.0 
1194 7376993.9 96.96915429106647 80.86211742735127 143.63129492187494 0 233 2.8329 0.0 8.181805246746432 0.0 4.0 
1195 7377027.2 96.96915429106647 80.86326171445978 143.63129492187494 0 233 2.8329 0.0 8.181805246746432 0.0 4.0 
1196 7377060.5 96.96915429106647 80.86326171445978 143.63129492187494 0 233 2.8329 0.0 8.181805246746432 0.0 4.0 
1197 7377093.9 96.96800969394798 80.86461751959324 143.63129492187494 0 233 2.8329 0.0 8.181805246746432 0.0 4.0 
1198 7377127.2 96.96800969394798 80.86461751959324 143.63129492187494 0 233 2.8329 0.0 8.181805246746432 0.0 4.0 
1199 7377160.5 96.96513281186574 80.86461751959324 143.63129492187494 0 233 2.8329 0.0 8.181805246746432 0.0 4.0 
1200 7377193.9 96.96513281186574 80.86932495925514 143.63129492187494 0 233 2.8329 0.0 8.181805246746432 0.0 4.0 
1201 7377227.2 96.96513281186574 80.86932495925514 143.63129492187494 0 233 2.8329 0.0 8.181805246746432 0.0 4.0 
1202 7377260.5 96.96513281186574 80.86932495925514 143.63129492187494 0 233 2.8329 0.0 8.181805246746432 0.0 4.0 
1203 7377293.9 96.96226648512038 80.86932495925514 143.63129492187494 0 233 2.8329 0.0 8.181805246746432 0.0 4.0 
1204 7377327.2 96.96226648512038 80.8740627155978 143.63129492187494 0 233 2.8329 0.0 8.181805246746432 0.0 4.0 
1205 7377360.6 96.96226648512038 80.8740627155978 143.63129492187494 0 233 2.8329 0.0 8.181805246746432 0.0 4.0 
1206 7377393.9 96.95969605525238 80.8740627155978 143.63129492187494 0 233 2.8329 0.0 8.181805246746432 0.0 4.0 
1207 7377427.2 96.95969605525238 80.8740627155978 143.63129492187494 0 233 2.8329 0.0 8.181805246746432 0.0 4.0 
1208 7377460.6 96.95969605525238 80.8740627155978 143.63129492187494 0 233 2.8329 0.0 8.181805246746432 0.0 4.0 
1209 7377493.9 96.95737661089146 80.8740627155978 143.63129492187494 0 233 2.8329 0.0 8.181805246746432 0.0 4.0 
1210 7377527.2 96.95737661089146 80.8740627155978 143.63129492187494 0 233 2.8329 0.0 8.181805246746432 0.0 4.0 
1211 7377560.6 96.95737661089146 80.8740627155978 143.63129492187494 0 233 2.8329 0.0 8.181805246746432 0.0 4.0 
1212 7377593.9 96.95312853438267 80.8740627155978 143.63129492187494 0 233 2.8329 0.0 8.181805246746432 0.0 4.0 
1213 7377627.2 96.95312853438267 80.87244090991044 143.63129492187494 0 233 2.8329 0.0 8.181805246746432 0.0 4.0 
1214 7377660.6 96.95312853438267 80.87244090991044 143.63129492187494 0 233 2.8329 0.0 8.181805246746432 0.0 4.0 
1215 7377693.9 96.95312853438267 80.87244090991044 143.63129492187494 0 233 2.8329 0.0 8.181805246746432 0.0 4.0 
1216 7377727.3 96.94070040154442 80.87244090991044 143.63129492187494 0 233 2.8329 0.0 8.181805246746432 0.0 4.0 
1217 7377760.6 96.94070040154442 80.86721304690055 143.63129492187494 0 233 2.8329 0.0 8.181805246746432 0.0 4.0 
1218 7377793.9 96.94070040154442 80.86721304690055 143.63129492187494 0 233 2.8329 0.0 8.181805246746432 0.0 4.0 
1219 7377827.3 96.94070040154442 80.86721304690055 143.63129492187494 0 233 2.8329 0.0 8.181805246746432 0.0 4.0 
1220 7377860.6 96.91999303737991 80.85720644876265 143.63129492187494 0 233 2.8329 0.0 8.181805246746432 0.0 4.0 
1221 7377893.9 96.91999303737991 80.85720644876265 143.63129492187494 0 233 2.8329 0.0 8.181805246746432 0.0 4.0 
1222 7377927.3 96.91999303737991 80.85720644876265 143.63129492187494 0 233 2.8329 0.0 8.181805246746432 0.0 4.0 
1223 7377960.6 96.91999303737991 80.85720644876265 143.63129492187494 0 233 2.8329 0.0 8.181805246746432 0.0 4.0 
1224 7377993.9 96.90220850692064 80.85720644876265 143.63129492187494 0 233 2.8329 0.0 8.181805246746432 0.0 4.0 
1225 7378027.3 96.90220850692064 80.85614861236974 143.63129492187494 0 233 2.8329 0.0 8.181805246746432 0.0 4.0 
1226 7378060.6 96.90220850692064 80.85614861236974 143.63129492187494 0 233 2.8329 0.0 8.181805246746432 0.0 4.0 
1227 7378093.9 96.90220850692064 80.85614861236974 143.63129492187494 0 233 2.8329 0.0 8.181805246746432 0.0 4.0 
1228 7378127.3 96.89227503243517 80.85614861236974 143.63129492187494 0 233 2.8329 0.0 8.181805246746432 0.0 4.0 
1229 7378160.6 96.89227503243517 80.85614861236974 143.63129492187494 0 233 2.8329 0.0 8.181805246746432 0.0 4.0 
1230 7378194.0 96.89227503243517 80.85614861236974 143.63129492187494 0 233 2.8329 0.0 8.181805246746432 0.0 4.0 
1231 7378227.3 96.8837643928262 80.85762742717542 143.63129492187494 0 233 2.8329 0.0 8.181805246746432 0.0 4.0 
1232 7378260.6 96.8837643928262 80.85762742717542 143.63129492187494 0 233 2.8329 0.0 8.181805246746432 0.0 4.0 
1233 7378294.0 96.8837643928262 80.85762742717542 143.63129492187494 0 233 2.8329 0.0 8.181805246746432 0.0 4.0 
1234 7378327.3 96.8837643928262 80.85762742717542 143.63129492187494 0 233 2.8329 0.0 8.181805246746432 0.0 4.0 
1235 7378360.6 96.87936286594125 80.85762742717542 143.63129492187494 0 233 2.8329 0.0 8.181805246746432 0.0 4.0 
1236 7378394.0 96.87936286594125 80.85892296486527 143.63129492187494 0 233 2.8329 0.0 8.181805246746432 0.0 4.0 
1237 7378427.3 96.87936286594125 80.85892296486527 143.63129492187494 0 233 2.8329 0.0 8.181805246746432 0.0 4.0 
1238 7378460.6 96.87517505846981 80.85892296486527 143.63129492187494 0 233 2.8329 0.0 8.181805246746432 0.0 4.0 
1239 7378494.0 96.87517505846981 80.86708071496119 143.63129492187494 0 233 2.8329 0.0 8.181805246746432 0.0 4.0 
1240 7378527.3 96.87517505846981 80.86708071496119 143.63129492187494 0 233 2.8329 0.0 8.181805246746432 0.0 4.0 
1241 7378560.7 96.87517505846981 80.86708071496119 143.63129492187494 0 233 2.8329 0.0 8.181805246746432 0.0 4.0 
1242 7378594.0 96.8646491003622 80.86880085208989 143.63129492187494 0 233 2.8329 0.0 8.181805246746432 0.0 4.0 
1243 7378627.3 96.8646491003622 80.86880085208989 143.63129492187494 0 233 2.8329 0.0 8.181805246746432 0.0 4.0 
1244 7378660.7 96.8646491003622 80.86880085208989 143.63129492187494 0 233 2.8329 0.0 8.181805246746432 0.0 4.0 
1245 7378694.0 96.85768269480563 80.86880085208989 143.63129492187494 0 233 2.8329 0.0 8.181805246746432 0.0 4.0 
1246 7378727.3 96.85768269480563 80.87021425886695 143.63129492187494 0 233 2.8329 0.0 8.181805246746432 0.0 4.0 
1247 7378760.7 96.85768269480563 80.87021425886695 143.63129492187494 0 233 2.8329 0.0 8.181805246746432 0.0 4.0 
1248 7378794.0 96.85768269480563 80.87021425886695 143.63129492187494 0 233 2.8329 0.0 8.181805246746432 0.0 4.0 
1249 7378827.3 96.85548392409498 80.87021425886695 143.63129492187494 0 233 2.8329 0.0 8.181805246746432 0.0 4.0 
1250 7378860.7 96.85548392409498 80.87021425886695 143.63129492187494 0 233 2.8329 0.0 8.181805246746432 0.0 4.0 
1251 7378894.0 96.85548392409498 80.87021425886695 143.63129492187494 0 233 2.8329 0.0 8.181805246746432 0.0 4.0 
1252 7378927.3 96.85366662810468 80.87021425886695 143.63129492187494 0 233 2.8329 0.0 8.181805246746432 0.0 4.0 
1253 7378960.7 96.85366662810468 80.87021425886695 143.63129492187494 0 233 2.8329 0.0 8.181805246746432 0.0 4.0 
1254 7378994.0 96.84601147620467 80.8726016295374 143.63129492187494 0 233 2.8329 0.0 8.181805246746432 0.0 4.0 
1255 7379027.4 96.84601147620467 80.8726016295374 143.63129492187494 0 233 2.8329 0.0 8.181805246746432 0.0 4.0 
1256 7379060.7 96.84601147620467 80.8726016295374 143.63129492187494 0 233 2.8329 0.0 8.181805246746432 0.0 4.0 
1257 7379094.0 96.84085431068726 80.8749899167609 143.63129492187494 0 233 2.8329 0.0 8.181805246746432 0.0 4.0 
1258 7379127.4 96.84085431068726 80.8749899167609 143.63129492187494 0 233 2.8329 0.0 8.181805246746432 0.0 4.0 
1259 7379160.7 96.84085431068726 80.8749899167609 143.63129492187494 0 233 2.8329 0.0 8.181805246746432 0.0 4.0 
1260 7379194.0 96.83953623617856 80.8749899167609 143.63129492187494 0 233 2.8329 0.0 8.181805246746432 0.0 4.0 
1261 7379227.4 96.83953623617856 80.87698504423558 143.63129492187494 0 233 2.8329 0.0 8.181805246746432 0.0 4.0 
1262 7379260.7 96.83953623617856 80.87698504423558 143.63129492187494 0 233 2.8329 0.0 8.181805246746432 0.0 4.0 
1263 7379294.0 96.83953623617856 80.87698504423558 143.63129492187494 0 233 2.8329 0.0 8.181805246746432 0.0 4.0 
1264 7379327.4 96.83635118254553 80.87698504423558 143.63129492187494 0 233 2.8329 0.0 8.181805246746432 0.0 4.0 
1265 7379360.7 96.83635118254553 80.87933413540634 143.63129492187494 0 233 2.8329 0.0 8.181805246746432 0.0 4.0 
1266 7379394.1 96.83635118254553 80.87933413540634 143.63129492187494 0 233 2.8329 0.0 8.181805246746432 0.0 4.0 
1267 7379427.4 96.83635118254553 80.87933413540634 143.63129492187494 0 233 2.8329 0.0 8.181805246746432 0.0 4.0 
1268 7379460.7 96.83010320764326 80.88119075656402 143.63129492187494 0 233 2.8329 0.0 8.181805246746432 0.0 4.0 
1269 7379494.1 96.83010320764326 80.88119075656402 143.63129492187494 0 233 2.8329 0.0 8.181805246746432 0.0 4.0 
1270 7379527.4 96.83010320764326 80.88119075656402 143.63129492187494 0 233 2.8329 0.0 8.181805246746432 0.0 4.0 
1271 7379560.7 96.83010320764326 80.88119075656402 143.63129492187494 0 233 2.8329 0.0 8.181805246746432 0.0 4.0 
1272 7379594.1 96.8260219910353 80.88119075656402 143.63129492187494 0 233 2.8329 0.0 8.181805246746432 0.0 4.0 
1273 7379627.4 96.8260219910353 80.88119075656402 143.63129492187494 0 233 2.8329 0.0 8.181805246746432 0.0 4.0 
1274 7379660.7 96.8260219910353 80.88119075656402 143.63129492187494 0 233 2.8329 0.0 8.181805246746432 0.0 4.0 
1275 7379694.1 96.82091009772562 80.88119075656402 143.63129492187494 0 233 2.8329 0.0 8.181805246746432 0.0 4.0 
1276 7379727.4 96.82091009772562 80.87937492318837 143.63129492187494 0 233 2.8329 0.0 8.181805246746432 0.0 4.0 
1277 7379760.7 96.82091009772562 80.87937492318837 143.63129492187494 0 233 2.8329 0.0 8.181805246746432 0.0 4.0 
1278 7379794.1 96.82091009772562 80.87937492318837 143.63129492187494 0 233 2.8329 0.0 8.181805246746432 0.0 4.0 
1279 7379827.4 96.8155907452586 80.8809326018964 143.63129492187494 0 233 2.8329 0.0 8.181805246746432 0.0 4.0 
1280 7379860.8 96.8155907452586 80.8809326018964 143.63129492187494 0 233 2.8329 0.0 8.181805246746432 0.0 4.0 
1281 7379894.1 96.8155907452586 80.8809326018964 143.63129492187494 0 233 2.8329 0.0 8.181805246746432 0.0 4.0 
1282 7379927.4 96.81421124260262 80.8809326018964 143.63129492187494 0 233 2.8329 0.0 8.181805246746432 0.0 4.0 
1283 7379960.8 96.81421124260262 80.88241591501962 143.63129492187494 0 233 2.8329 0.0 8.181805246746432 0.0 4.0 
1284 7379994.1 96.81421124260262 80.88241591501962 143.63129492187494 0 233 2.8329 0.0 8.181805246746432 0.0 4.0 
1285 7380027.4 96.81421124260262 80.88241591501962 143.63129492187494 0 233 2.8329 0.0 8.181805246746432 0.0 4.0 
1286 7380060.8 96.81186452621462 80.88241591501962 143.63129492187494 0 233 2.8329 0.0 8.181805246746432 0.0 4.0 
1287 7380094.1 96.81186452621462 80.88360643789603 143.63129492187494 0 233 2.8329 0.0 8.181805246746432 0.0 4.0 
1288 7380127.4 96.81186452621462 80.88360643789603 143.63129492187494 0 233 2.8329 0.0 8.181805246746432 0.0 4.0 
1289 7380160.8 96.81186452621462 80.88360643789603 143.63129492187494 0 233 2.8329 0.0 8.181805246746432 0.0 4.0 
1290 7380194.1 96.81186452621462 80.88685356013377 143.63129492187494 0 233 2.8329 0.0 8.181805246746432 0.0 4.0 
1291 7380227.5 96.81186452621462 80.88685356013377 143.63129492187494 0 233 2.8329 0.0 8.181805246746432 0.0 4.0 
1292 7380260.8 96.80904131016675 80.89209189354133 143.63129492187494 0 233 2.8329 0.0 8.181805246746432 0.0 4.0 
1293 7380294.1 96.80904131016675 80.89209189354133 143.63129492187494 0 233 2.8329 0.0 8.181805246746432 0.0 4.0 
1294 7380327.5 96.80904131016675 80.89209189354133 143.63129492187494 0 233 2.8329 0.0 8.181805246746432 0.0 4.0 
1295 7380360.8 96.80612033567664 80.89209189354133 143.63129492187494 0 233 2.8329 0.0 8.181805246746432 0.0 4.0 
1296 7380394.1 96.80612033567664 80.89209189354133 143.63129492187494 0 233 2.8329 0.0 8.181805246746432 0.0 4.0 
1297 7380427.5 96.80104870479744 80.89209189354133 143.63129492187494 0 233 2.8329 0.0 8.181805246746432 0.0 4.0 
1298 7380460.8 96.80104870479744 80.89209189354133 143.63129492187494 0 233 2.8329 0.0 8.181805246746432 0.0 4.0 
1299 7380494.1 96.79883156837666 80.89209189354133 143.63129492187494 0 233 2.8329 0.0 8.181805246746432 0.0 4.0 
1300 7380527.5 96.79883156837666 80.89209189354133 143.63129492187494 0 233 2.8329 0.0 8.181805246746432 0.0 4.0 
1301 7380560.8 96.79883156837666 80.89209189354133 143.63129492187494 0 233 2.8329 0.0 8.181805246746432 0.0 4.0 
1302 7380594.1 96.7976287801445 80.89209189354133 143.63129492187494 0 233 2.8329 0.0 8.181805246746432 0.0 4.0 
1303 7380627.5 96.7976287801445 80.89209189354133 143.63129492187494 0 233 2.8329 0.0 8.181805246746432 0.0 4.0 
1304 7380660.8 96.79886667773908 80.89209189354133 143.63129492187494 0 233 2.8329 0.0 8.181805246746432 0.0 4.0 
1305 7380694.2 96.79886667773908 80.89209189354133 143.63129492187494 0 233 2.8329 0.0 8.181805246746432 0.0 4.0 
1306 7380727.5 96.8007578265831 80.89209189354133 143.63129492187494 0 233 2.8329 0.0 8.181805246746432 0.0 4.0 
1307 7380760.8 96.8007578265831 80.89209189354133 143.63129492187494 0 233 2.8329 0.0 8.181805246746432 0.0 4.0 
1308 7380794.2 96.79958951182157 80.89209189354133 143.63129492187494 0 233 2.8329 0.0 8.181805246746432 0.0 4.0 
1309 7380827.5 96.79958951182157 80.89554612440831 143.63129492187494 0 233 2.8329 0.0 8.181805246746432 0.0 4.0 
1310 7380860.8 96.79958951182157 80.89554612440831 143.63129492187494 0 233 2.8329 0.0 8.181805246746432 0.0 4.0 
1311 7380894.2 96.79586010817552 80.89554612440831 143.63129492187494 0 233 2.8329 0.0 8.181805246746432 0.0 4.0 
1312 7380927.5 96.79586010817552 80.8985452510199 143.63129492187494 0 233 2.8329 0.0 8.181805246746432 0.0 4.0 
1313 7380960.8 96.79586010817552 80.8985452510199 143.63129492187494 0 233 2.8329 0.0 8.181805246746432 0.0 4.0 
1314 7380994.2 96.79586010817552 80.8985452510199 143.63129492187494 0 233 2.8329 0.0 8.181805246746432 0.0 4.0 
1315 7381027.5 96.79013878092238 80.90402315020852 143.63129492187494 0 233 2.8329 0.0 8.181805246746432 0.0 4.0 
1316 7381060.9 96.79013878092238 80.90402315020852 143.63129492187494 0 233 2.8329 0.0 8.181805246746432 0.0 4.0 
1317 7381094.2 96.79013878092238 80.90402315020852 143.63129492187494 0 233 2.8329 0.0 8.181805246746432 0.0 4.0 
1318 7381127.5 96.79013878092238 80.90402315020852 143.63129492187494 0 233 2.8329 0.0 8.181805246746432 0.0 4.0 
1319 7381160.9 96.7826779845879 80.90402315020852 143.63129492187494 0 233 2.8329 0.0 8.181805246746432 0.0 4.0 
1320 7381194.2 96.7826779845879 80.9137498196391 143.63129492187494 0 233 2.8329 0.0 8.181805246746432 0.0 4.0 
1321 7381227.5 96.7826779845879 80.9137498196391 143.63129492187494 0 233 2.8329 0.0 8.181805246746432 0.0 4.0 
1322 7381260.9 96.7767119743246 80.9137498196391 143.63129492187494 0 233 2.8329 0.0 8.181805246746432 0.0 4.0 
1323 7381294.2 96.7767119743246 80.92507955907824 143.63129492187494 0 233 2.8329 0.0 8.181805246746432 0.0 4.0 
1324 7381327.5 96.7767119743246 80.92507955907824 143.63129492187494 0 233 2.8329 0.0 8.181805246746432 0.0 4.0 
1325 7381360.9 96.77285331657065 80.9336102969457 143.63129492187494 0 233 2.8329 0.0 8.181805246746432 0.0 4.0 
1326 7381394.2 96.77285331657065 80.9336102969457 143.63129492187494 0 233 2.8329 0.0 8.181805246746432 0.0 4.0 
1327 7381427.5 96.77285331657065 80.9336102969457 143.63129492187494 0 233 2.8329 0.0 8.181805246746432 0.0 4.0 
1328 7381460.9 96.77285331657065 80.9336102969457 143.63129492187494 0 233 2.8329 0.0 8.181805246746432 0.0 4.0 
1329 7381494.2 96.76934633987908 80.94206895968841 143.63129492187494 0 233 2.8329 0.0 8.181805246746432 0.0 4.0 
1330 7381527.6 96.76934633987908 80.94206895968841 143.63129492187494 0 233 2.8329 0.0 8.181805246746432 0.0 4.0 
1331 7381560.9 96.76934633987908 80.94206895968841 143.63129492187494 0 233 2.8329 0.0 8.181805246746432 0.0 4.0 
1332 7381594.2 96.76934633987908 80.94206895968841 143.63129492187494 0 233 2.8329 0.0 8.181805246746432 0.0 4.0 
1333 7381627.6 96.76598309744791 80.94206895968841 143.63129492187494 0 233 2.8329 0.0 8.181805246746432 0.0 4.0 
1334 7381660.9 96.76598309744791 80.9513185447017 143.63129492187494 0 233 2.8329 0.0 8.181805246746432 0.0 4.0 
1335 7381694.2 96.76598309744791 80.9513185447017 143.63129492187494 0 233 2.8329 0.0 8.181805246746432 0.0 4.0 
1336 7381727.6 96.76598309744791 80.9513185447017 143.63129492187494 0 233 2.8329 0.0 8.181805246746432 0.0 4.0 
1337 7381760.9 96.76182899710399 80.96093498109542 143.63129492187494 0 233 2.8329 0.0 8.181805246746432 0.0 4.0 
1338 7381794.2 96.76182899710399 80.96093498109542 143.63129492187494 0 233 2.8329 0.0 8.181805246746432 0.0 4.0 
1339 7381827.6 96.76182899710399 80.96093498109542 143.63129492187494 0 233 2.8329 0.0 8.181805246746432 0.0 4.0 
1340 7381860.9 96.75835065096732 80.96713686654006 143.63129492187494 0 233 2.8329 0.0 8.181805246746432 0.0 4.0 
1341 7381894.3 96.75835065096732 80.96713686654006 143.63129492187494 0 233 2.8329 0.0 8.181805246746432 0.0 4.0 
1342 7381927.6 96.75835065096732 80.96713686654006 143.63129492187494 0 233 2.8329 0.0 8.181805246746432 0.0 4.0 
1343 7381960.9 96.75629479402645 80.96713686654006 143.63129492187494 0 233 2.8329 0.0 8.181805246746432 0.0 4.0 
1344 7381994.3 96.75629479402645 80.97188963426095 143.63129492187494 0 233 2.8329 0.0 8.181805246746432 0.0 4.0 
1345 7382027.6 96.75629479402645 80.97188963426095 143.63129492187494 0 233 2.8329 0.0 8.181805246746432 0.0 4.0 
1346 7382060.9 96.75629479402645 80.97188963426095 143.63129492187494 0 233 2.8329 0.0 8.181805246746432 0.0 4.0 
1347 7382094.3 96.75369772687522 80.97188963426095 143.63129492187494 0 233 2.8329 0.0 8.181805246746432 0.0 4.0 
1348 7382127.6 96.75369772687522 80.97790539237586 143.63129492187494 0 233 2.8329 0.0 8.181805246746432 0.0 4.0 
1349 7382160.9 96.75369772687522 80.97790539237586 143.63129492187494 0 233 2.8329 0.0 8.181805246746432 0.0 4.0 
1350 7382194.3 96.75369772687522 80.980601932375 143.63129492187494 0 233 2.8329 0.0 8.181805246746432 0.0 4.0 
1351 7382227.6 96.75369772687522 80.980601932375 143.63129492187494 0 233 2.8329 0.0 8.181805246746432 0.0 4.0 
1352 7382260.9 96.75369772687522 80.980601932375 143.63129492187494 0 233 2.8329 0.0 8.181805246746432 0.0 4.0 
1353 7382294.3 96.751641143697 80.980601932375 143.63129492187494 0 233 2.8329 0.0 8.181805246746432 0.0 4.0 
1354 7382327.6 96.751641143697 80.98470947092905 143.63129492187494 0 233 2.8329 0.0 8.181805246746432 0.0 4.0 
1355 7382361.0 96.751641143697 80.98470947092905 143.63129492187494 0 233 2.8329 0.0 8.181805246746432 0.0 4.0 
1356 7382394.3 96.751641143697 80.98470947092905 143.63129492187494 0 233 2.8329 0.0 8.181805246746432 0.0 4.0 
1357 7382427.6 96.74749467296424 80.98470947092905 143.63129492187494 0 233 2.8329 0.0 8.181805246746432 0.0 4.0 
1358 7382461.0 96.74749467296424 80.98611701169847 143.63129492187494 0 233 2.8329 0.0 8.181805246746432 0.0 4.0 
1359 7382494.3 96.74749467296424 80.98611701169847 143.63129492187494 0 233 2.8329 0.0 8.181805246746432 0.0 4.0 
1360 7382527.6 96.74749467296424 80.98611701169847 143.63129492187494 0 233 2.8329 0.0 8.181805246746432 0.0 4.0 
1361 7382561.0 96.74223443522088 80.99168222337501 143.63129492187494 0 233 2.8329 0.0 8.181805246746432 0.0 4.0 
1362 7382594.3 96.74223443522088 80.99168222337501 143.63129492187494 0 233 2.8329 0.0 8.181805246746432 0.0 4.0 
1363 7382627.6 96.74223443522088 80.99168222337501 143.63129492187494 0 233 2.8329 0.0 8.181805246746432 0.0 4.0 
1364 7382661.0 96.74223443522088 80.99168222337501 143.63129492187494 0 233 2.8329 0.0 8.181805246746432 0.0 4.0 
1365 7382694.3 96.73965362077409 80.99168222337501 143.63129492187494 0 233 2.8329 0.0 8.181805246746432 0.0 4.0 
1366 7382727.7 96.73965362077409 80.99719660590831 143.63129492187494 0 233 2.8329 0.0 8.181805246746432 0.0 4.0 
1367 7382761.0 96.73965362077409 80.99719660590831 143.63129492187494 0 233 2.8329 0.0 8.181805246746432 0.0 4.0 
1368 7382794.3 96.73965362077409 81.00432513110168 143.63129492187494 0 233 2.8329 0.0 8.181805246746432 0.0 4.0 
1369 7382827.7 96.73965362077409 81.00432513110168 143.63129492187494 0 233 2.8329 0.0 8.181805246746432 0.0 4.0 
1370 7382861.0 96.73965362077409 81.00701825502682 143.63129492187494 0 233 2.8329 0.0 8.181805246746432 0.0 4.0 
1371 7382894.3 96.73965362077409 81.00701825502682 143.63129492187494 0 233 2.8329 0.0 8.181805246746432 0.0 4.0 
1372 7382927.7 96.73965362077409 81.00701825502682 143.63129492187494 0 233 2.8329 0.0 8.181805246746432 0.0 4.0 
1373 7382961.0 96.74201194062677 81.00701825502682 143.63129492187494 0 233 2.8329 0.0 8.181805246746432 0.0 4.0 
1374 7382994.3 96.74201194062677 81.00701825502682 143.63129492187494 0 233 2.8329 0.0 8.181805246746432 0.0 4.0 
1375 7383027.7 96.74201194062677 81.00701825502682 143.63129492187494 0 233 2.8329 0.0 8.181805246746432 0.0 4.0 
1376 7383061.0 96.74547184102606 81.00701825502682 143.63129492187494 0 233 2.8329 0.0 8.181805246746432 0.0 4.0 
1377 7383094.3 96.74547184102606 81.01139463774729 143.63129492187494 0 233 2.8329 0.0 8.181805246746432 0.0 4.0 
1378 7383127.7 96.74547184102606 81.01139463774729 143.63129492187494 0 233 2.8329 0.0 8.181805246746432 0.0 4.0 
1379 7383161.0 96.74920032551525 81.01139463774729 143.63129492187494 0 233 2.8329 0.0 8.181805246746432 0.0 4.0 
1380 7383194.4 96.74920032551525 81.01442476544439 143.63129492187494 0 233 2.8329 0.0 8.181805246746432 0.0 4.0 
1381 7383227.7 96.74920032551525 81.01442476544439 143.63129492187494 0 233 2.8329 0.0 8.181805246746432 0.0 4.0 
1382 7383261.0 96.74920032551525 81.01442476544439 143.63129492187494 0 233 2.8329 0.0 8.181805246746432 0.0 4.0 
1383 7383294.4 96.7537728652861 81.01946446862144 143.63129492187494 0 233 2.8329 0.0 8.181805246746432 0.0 4.0 
1384 7383327.7 96.7537728652861 81.01946446862144 143.63129492187494 0 233 2.8329 0.0 8.181805246746432 0.0 4.0 
1385 7383361.0 96.7537728652861 81.01946446862144 143.63129492187494 0 233 2.8329 0.0 8.181805246746432 0.0 4.0 
1386 7383394.4 96.7609563657078 81.02603322982857 143.63129492187494 0 233 2.8329 0.0 8.181805246746432 0.0 4.0 
1387 7383427.7 96.7609563657078 81.02603322982857 143.63129492187494 0 233 2.8329 0.0 8.181805246746432 0.0 4.0 
1388 7383461.0 96.7609563657078 81.02603322982857 143.63129492187494 0 233 2.8329 0.0 8.181805246746432 0.0 4.0 
1389 7383494.4 96.76805067058132 81.02603322982857 143.63129492187494 0 233 2.8329 0.0 8.181805246746432 0.0 4.0 
1390 7383527.7 96.76805067058132 81.0299848800259 143.63129492187494 0 233 2.8329 0.0 8.181805246746432 0.0 4.0 
1391 7383561.1 96.76805067058132 81.0299848800259 143.63129492187494 0 233 2.8329 0.0 8.181805246746432 0.0 4.0 
1392 7383594.4 96.76805067058132 81.0299848800259 143.63129492187494 0 233 2.8329 0.0 8.181805246746432 0.0 4.0 
1393 7383627.7 96.76805067058132 81.0299848800259 143.63129492187494 0 233 2.8329 0.0 8.181805246746432 0.0 4.0 
1394 7383661.1 96.77683471059848 81.03610698891646 143.63129492187494 0 233 2.8329 0.0 8.181805246746432 0.0 4.0 
1395 7383694.4 96.77683471059848 81.03610698891646 143.63129492187494 0 233 2.8329 0.0 8.181805246746432 0.0 4.0 
1396 7383727.7 96.77683471059848 81.03610698891646 143.63129492187494 0 233 2.8329 0.0 8.181805246746432 0.0 4.0 
1397 7383761.1 96.78296547103687 81.04744207440395 143.63129492187494 0 233 2.8329 0.0 8.181805246746432 0.0 4.0 
1398 7383794.4 96.78296547103687 81.04744207440395 143.63129492187494 0 233 2.8329 0.0 8.181805246746432 0.0 4.0 
1399 7383827.7 96.78296547103687 81.04744207440395 143.63129492187494 0 233 2.8329 0.0 8.181805246746432 0.0 4.0 
1400 7383861.1 96.78296547103687 81.04744207440395 143.63129492187494 0 233 2.8329 0.0 8.181805246746432 0.0 4.0 
1401 7383894.4 96.78296547103687 81.05151974337825 143.63129492187494 0 233 2.8329 0.0 8.181805246746432 0.0 4.0 
1402 7383927.7 96.78296547103687 81.05151974337825 143.63129492187494 0 233 2.8329 0.0 8.181805246746432 0.0 4.0 
1403 7383961.1 96.78296547103687 81.05151974337825 143.63129492187494 0 233 2.8329 0.0 8.181805246746432 0.0 4.0 
1404 7383994.4 96.78530422190751 81.05151974337825 143.63129492187494 0 233 2.8329 0.0 8.181805246746432 0.0 4.0 
1405 7384027.8 96.78530422190751 81.05384918314708 143.63129492187494 0 233 2.8329 0.0 8.181805246746432 0.0 4.0 
1406 7384061.1 96.78530422190751 81.05384918314708 143.63129492187494 0 233 2.8329 0.0 8.181805246746432 0.0 4.0 
1407 7384094.4 96.78530422190751 81.05384918314708 143.63129492187494 0 233 2.8329 0.0 8.181805246746432 0.0 4.0 
1408 7384127.8 96.78530422190751 81.06295033853236 143.63129492187494 0 233 2.8329 0.0 8.181805246746432 0.0 4.0 
1409 7384161.1 96.78530422190751 81.06295033853236 143.63129492187494 0 233 2.8329 0.0 8.181805246746432 0.0 4.0 
1410 7384194.4 96.78530422190751 81.06295033853236 143.63129492187494 0 233 2.8329 0.0 8.181805246746432 0.0 4.0 
1411 7384227.8 96.78530422190751 81.06466099365167 143.63129492187494 0 233 2.8329 0.0 8.181805246746432 0.0 4.0 
1412 7384261.1 96.78530422190751 81.06466099365167 143.63129492187494 0 233 2.8329 0.0 8.181805246746432 0.0 4.0 
1413 7384294.4 96.78530422190751 81.06466099365167 143.63129492187494 0 233 2.8329 0.0 8.181805246746432 0.0 4.0 
1414 7384327.8 96.78530422190751 81.06652547755273 143.63129492187494 0 233 2.8329 0.0 8.181805246746432 0.0 4.0 
1415 7384361.1 96.78530422190751 81.06652547755273 143.63129492187494 0 233 2.8329 0.0 8.181805246746432 0.0 4.0 
1416 7384394.5 96.78530422190751 81.06652547755273 143.63129492187494 0 233 2.8329 0.0 8.181805246746432 0.0 4.0 
1417 7384427.8 96.78530422190751 81.0685157329227 143.63129492187494 0 233 2.8329 0.0 8.181805246746432 0.0 4.0 
1418 7384461.1 96.78530422190751 81.0685157329227 143.63129492187494 0 233 2.8329 0.0 8.181805246746432 0.0 4.0 
1419 7384494.5 96.78318722932305 81.0685157329227 143.63129492187494 0 233 2.8329 0.0 8.181805246746432 0.0 4.0 
1420 7384527.8 96.78318722932305 81.06961422468903 143.63129492187494 0 233 2.8329 0.0 8.181805246746432 0.0 4.0 
1421 7384561.1 96.78318722932305 81.06961422468903 143.63129492187494 0 233 2.8329 0.0 8.181805246746432 0.0 4.0 
1422 7384594.5 96.78318722932305 81.06961422468903 143.63129492187494 0 233 2.8329 0.0 8.181805246746432 0.0 4.0 
1423 7384627.8 96.7798543866671 81.06961422468903 143.63129492187494 0 233 2.8329 0.0 8.181805246746432 0.0 4.0 
1424 7384661.1 96.7798543866671 81.07405395425499 143.63129492187494 0 233 2.8329 0.0 8.181805246746432 0.0 4.0 
1425 7384694.5 96.7798543866671 81.07405395425499 143.63129492187494 0 233 2.8329 0.0 8.181805246746432 0.0 4.0 
1426 7384727.8 96.7798543866671 81.07405395425499 143.63129492187494 0 233 2.8329 0.0 8.181805246746432 0.0 4.0 
1427 7384761.1 96.77641040479747 81.07405395425499 143.63129492187494 0 233 2.8329 0.0 8.181805246746432 0.0 4.0 
1428 7384794.5 96.77641040479747 81.07901791569685 143.63129492187494 0 233 2.8329 0.0 8.181805246746432 0.0 4.0 
1429 7384827.8 96.77641040479747 81.07901791569685 143.63129492187494 0 233 2.8329 0.0 8.181805246746432 0.0 4.0 
1430 7384861.2 96.77249118297529 81.0836578688199 143.63129492187494 0 233 2.8329 0.0 8.181805246746432 0.0 4.0 
1431 7384894.5 96.77249118297529 81.0836578688199 143.63129492187494 0 233 2.8329 0.0 8.181805246746432 0.0 4.0 
1432 7384927.8 96.77249118297529 81.0836578688199 143.63129492187494 0 233 2.8329 0.0 8.181805246746432 0.0 4.0 
1433 7384961.2 96.769914099417 81.0836578688199 143.63129492187494 0 233 2.8329 0.0 8.181805246746432 0.0 4.0 
1434 7384994.5 96.769914099417 81.08505660407229 143.63129492187494 0 233 2.8329 0.0 8.181805246746432 0.0 4.0 
1435 7385027.8 96.769914099417 81.08505660407229 143.63129492187494 0 233 2.8329 0.0 8.181805246746432 0.0 4.0 
1436 7385061.2 96.769914099417 81.08505660407229 143.63129492187494 0 233 2.8329 0.0 8.181805246746432 0.0 4.0 
1437 7385094.5 96.76455023289567 81.08505660407229 143.63129492187494 0 233 2.8329 0.0 8.181805246746432 0.0 4.0 
1438 7385127.8 96.76455023289567 81.0911621387264 143.63129492187494 0 233 2.8329 0.0 8.181805246746432 0.0 4.0 
1439 7385161.2 96.76455023289567 81.0911621387264 143.63129492187494 0 233 2.8329 0.0 8.181805246746432 0.0 4.0 
1440 7385194.5 96.75764430373184 81.0911621387264 143.63129492187494 0 233 2.8329 0.0 8.181805246746432 0.0 4.0 
1441 7385227.9 96.75764430373184 81.09707929107418 143.63129492187494 0 233 2.8329 0.0 8.181805246746432 0.0 4.0 
1442 7385261.2 96.75764430373184 81.09707929107418 143.63129492187494 0 233 2.8329 0.0 8.181805246746432 0.0 4.0 
1443 7385294.5 96.75764430373184 81.09707929107418 143.63129492187494 0 233 2.8329 0.0 8.181805246746432 0.0 4.0 
1444 7385327.9 96.74681556707058 81.09707929107418 143.63129492187494 0 233 2.8329 0.0 8.181805246746432 0.0 4.0 
1445 7385361.2 96.74681556707058 81.10159681269762 143.63129492187494 0 233 2.8329 0.0 8.181805246746432 0.0 4.0 
1446 7385394.5 96.74681556707058 81.10159681269762 143.63129492187494 0 233 2.8329 0.0 8.181805246746432 0.0 4.0 
1447 7385427.9 96.73062077703253 81.10159681269762 143.63129492187494 0 233 2.8329 0.0 8.181805246746432 0.0 4.0 
1448 7385461.2 96.73062077703253 81.11075275281718 143.63129492187494 0 233 2.8329 0.0 8.181805246746432 0.0 4.0 
1449 7385494.5 96.73062077703253 81.11075275281718 143.63129492187494 0 233 2.8329 0.0 8.181805246746432 0.0 4.0 
1450 7385527.9 96.73062077703253 81.11075275281718 143.63129492187494 0 233 2.8329 0.0 8.181805246746432 0.0 4.0 
1451 7385561.2 96.72097736052206 81.11075275281718 143.63129492187494 0 233 2.8329 0.0 8.181805246746432 0.0 4.0 
1452 7385594.5 96.72097736052206 81.11694667752805 143.63129492187494 0 233 2.8329 0.0 8.181805246746432 0.0 4.0 
1453 7385627.9 96.72097736052206 81.11694667752805 143.63129492187494 0 233 2.8329 0.0 8.181805246746432 0.0 4.0 
1454 7385661.2 96.7159026355464 81.12442723530614 143.63129492187494 0 233 2.8329 0.0 8.181805246746432 0.0 4.0 
1455 7385694.6 96.7159026355464 81.12442723530614 143.63129492187494 0 233 2.8329 0.0 8.181805246746432 0.0 4.0 
1456 7385727.9 96.7159026355464 81.12442723530614 143.63129492187494 0 233 2.8329 0.0 8.181805246746432 0.0 4.0 
1457 7385761.2 96.7159026355464 81.12442723530614 143.63129492187494 0 233 2.8329 0.0 8.181805246746432 0.0 4.0 
1458 7385794.6 96.7148225847298 81.12442723530614 143.63129492187494 0 233 2.8329 0.0 8.181805246746432 0.0 4.0 
1459 7385827.9 96.7148225847298 81.12630772264947 143.63129492187494 0 233 2.8329 0.0 8.181805246746432 0.0 4.0 
1460 7385861.2 96.7148225847298 81.12630772264947 143.63129492187494 0 233 2.8329 0.0 8.181805246746432 0.0 4.0 
1461 7385894.6 96.7148225847298 81.12630772264947 143.63129492187494 0 233 2.8329 0.0 8.181805246746432 0.0 4.0 
1462 7385927.9 96.70852090012566 81.12630772264947 143.63129492187494 0 233 2.8329 0.0 8.181805246746432 0.0 4.0 
1463 7385961.2 96.70852090012566 81.13203613350927 143.63129492187494 0 233 2.8329 0.0 8.181805246746432 0.0 4.0 
1464 7385994.6 96.70852090012566 81.13203613350927 143.63129492187494 0 233 2.8329 0.0 8.181805246746432 0.0 4.0 
1465 7386027.9 96.70852090012566 81.13203613350927 143.63129492187494 0 233 2.8329 0.0 8.181805246746432 0.0 4.0 
1466 7386061.3 96.70048533414872 81.13616632428212 143.63129492187494 0 233 2.8329 0.0 8.181805246746432 0.0 4.0 
1467 7386094.6 96.70048533414872 81.13616632428212 143.63129492187494 0 233 2.8329 0.0 8.181805246746432 0.0 4.0 
1468 7386127.9 96.70048533414872 81.13616632428212 143.63129492187494 0 233 2.8329 0.0 8.181805246746432 0.0 4.0 
1469 7386161.3 96.70048533414872 81.13616632428212 143.63129492187494 0 233 2.8329 0.0 8.181805246746432 0.0 4.0 
1470 7386194.6 96.69051238748503 81.13991070306332 143.63129492187494 0 233 2.8329 0.0 8.181805246746432 0.0 4.0 
1471 7386227.9 96.69051238748503 81.13991070306332 143.63129492187494 0 233 2.8329 0.0 8.181805246746432 0.0 4.0 
1472 7386261.3 96.69051238748503 81.13991070306332 143.63129492187494 0 233 2.8329 0.0 8.181805246746432 0.0 4.0 
1473 7386294.6 96.69051238748503 81.13991070306332 143.63129492187494 0 233 2.8329 0.0 8.181805246746432 0.0 4.0 
1474 7386327.9 96.68059065888869 81.13991070306332 143.63129492187494 0 233 2.8329 0.0 8.181805246746432 0.0 4.0 
1475 7386361.3 96.68059065888869 81.14440741229484 143.63129492187494 0 233 2.8329 0.0 8.181805246746432 0.0 4.0 
1476 7386394.6 96.68059065888869 81.14440741229484 143.63129492187494 0 233 2.8329 0.0 8.181805246746432 0.0 4.0 
1477 7386427.9 96.68059065888869 81.14440741229484 143.63129492187494 0 233 2.8329 0.0 8.181805246746432 0.0 4.0 
1478 7386461.3 96.66857943948548 81.15176447762792 143.63129492187494 0 233 2.8329 0.0 8.181805246746432 0.0 4.0 
1479 7386494.6 96.66857943948548 81.15176447762792 143.63129492187494 0 233 2.8329 0.0 8.181805246746432 0.0 4.0 
1480 7386528.0 96.66857943948548 81.15176447762792 143.63129492187494 0 233 2.8329 0.0 8.181805246746432 0.0 4.0 
1481 7386561.3 96.66298802941176 81.15176447762792 143.63129492187494 0 233 2.8329 0.0 8.181805246746432 0.0 4.0 
1482 7386594.6 96.66298802941176 81.15452116189097 143.63129492187494 0 233 2.8329 0.0 8.181805246746432 0.0 4.0 
1483 7386628.0 96.66298802941176 81.15452116189097 143.63129492187494 0 233 2.8329 0.0 8.181805246746432 0.0 4.0 
1484 7386661.3 96.66184304053178 81.15452116189097 143.63129492187494 0 233 2.8329 0.0 8.181805246746432 0.0 4.0 
1485 7386694.6 96.66184304053178 81.16011229198456 143.63129492187494 0 233 2.8329 0.0 8.181805246746432 0.0 4.0 
1486 7386728.0 96.66184304053178 81.16011229198456 143.63129492187494 0 233 2.8329 0.0 8.181805246746432 0.0 4.0 
1487 7386761.3 96.6587498568215 81.16011229198456 143.63129492187494 0 233 2.8329 0.0 8.181805246746432 0.0 4.0 
1488 7386794.6 96.6587498568215 81.16011229198456 143.63129492187494 0 233 2.8329 0.0 8.181805246746432 0.0 4.0 
1489 7386828.0 96.6587498568215 81.16011229198456 143.63129492187494 0 233 2.8329 0.0 8.181805246746432 0.0 4.0 
1490 7386861.3 96.6587498568215 81.16011229198456 143.63129492187494 0 233 2.8329 0.0 8.181805246746432 0.0 4.0 
1491 7386894.7 96.6587498568215 81.16011229198456 143.63129492187494 0 233 2.8329 0.0 8.181805246746432 0.0 4.0 
1492 7386928.0 96.65306160767648 81.1624475184859 143.63129492187494 0 233 2.8329 0.0 8.181805246746432 0.0 4.0 
1493 7386961.3 96.65306160767648 81.1624475184859 143.63129492187494 0 233 2.8329 0.0 8.181805246746432 0.0 4.0 
1494 7386994.7 96.65306160767648 81.1624475184859 143.63129492187494 0 233 2.8329 0.0 8.181805246746432 0.0 4.0 
1495 7387028.0 96.65306160767648 81.1624475184859 143.63129492187494 0 233 2.8329 0.0 8.181805246746432 0.0 4.0 
1496 7387061.3 96.64227136845376 81.1624475184859 143.63129492187494 0 233 2.8329 0.0 8.181805246746432 0.0 4.0 
1497 7387094.7 96.64227136845376 81.16853943853326 143.63129492187494 0 233 2.8329 0.0 8.181805246746432 0.0 4.0 
1498 7387128.0 96.64227136845376 81.16853943853326 143.63129492187494 0 233 2.8329 0.0 8.181805246746432 0.0 4.0 
1499 7387161.3 96.63343664970334 81.16853943853326 143.63129492187494 0 233 2.8329 0.0 8.181805246746432 0.0 4.0 
1500 7387194.7 96.63343664970334 81.1755323563887 143.63129492187494 0 233 2.8329 0.0 8.181805246746432 0.0 4.0 
1501 7387228.0 96.63343664970334 81.1755323563887 143.63129492187494 0 233 2.8329 0.0 8.181805246746432 0.0 4.0 
1502 7387261.3 96.63343664970334 81.1755323563887 143.63129492187494 0 233 2.8329 0.0 8.181805246746432 0.0 4.0 
1503 7387294.7 96.62875474328085 81.1755323563887 143.63129492187494 0 233 2.8329 0.0 8.181805246746432 0.0 4.0 
1504 7387328.0 96.62875474328085 81.17777255853916 143.63129492187494 0 233 2.8329 0.0 8.181805246746432 0.0 4.0 
1505 7387361.4 96.62875474328085 81.17777255853916 143.63129492187494 0 233 2.8329 0.0 8.181805246746432 0.0 4.0 
1506 7387394.7 96.62875474328085 81.17777255853916 143.63129492187494 0 233 2.8329 0.0 8.181805246746432 0.0 4.0 
1507 7387428.0 96.62632735401769 81.17777255853916 143.63129492187494 0 233 2.8329 0.0 8.181805246746432 0.0 4.0 
1508 7387461.4 96.62632735401769 81.18267795144196 143.63129492187494 0 233 2.8329 0.0 8.181805246746432 0.0 4.0 
1509 7387494.7 96.62632735401769 81.18267795144196 143.63129492187494 0 233 2.8329 0.0 8.181805246746432 0.0 4.0 
1510 7387528.0 96.62632735401769 81.18267795144196 143.63129492187494 0 233 2.8329 0.0 8.181805246746432 0.0 4.0 
1511 7387561.4 96.6239204971113 81.18267795144196 143.63129492187494 0 233 2.8329 0.0 8.181805246746432 0.0 4.0 
1512 7387594.7 96.6239204971113 81.1866613842999 143.63129492187494 0 233 2.8329 0.0 8.181805246746432 0.0 4.0 
1513 7387628.0 96.6239204971113 81.1866613842999 143.63129492187494 0 233 2.8329 0.0 8.181805246746432 0.0 4.0 
1514 7387661.4 96.6239204971113 81.1866613842999 143.63129492187494 0 233 2.8329 0.0 8.181805246746432 0.0 4.0 
1515 7387694.7 96.63102258529489 81.1866613842999 143.63129492187494 0 233 2.8329 0.0 8.181805246746432 0.0 4.0 
1516 7387728.1 96.63102258529489 81.1866613842999 143.63129492187494 0 233 2.8329 0.0 8.181805246746432 0.0 4.0 
1517 7387761.4 96.63102258529489 81.1866613842999 143.63129492187494 0 233 2.8329 0.0 8.181805246746432 0.0 4.0 
1518 7387794.7 96.64691444190387 81.1866613842999 143.63129492187494 0 233 2.8329 0.0 8.181805246746432 0.0 4.0 
1519 7387828.1 96.64691444190387 81.18541857829247 143.63129492187494 0 233 2.8329 0.0 8.181805246746432 0.0 4.0 
1520 7387861.4 96.64691444190387 81.18541857829247 143.63129492187494 0 233 2.8329 0.0 8.181805246746432 0.0 4.0 
1521 7387894.7 96.64691444190387 81.18541857829247 143.63129492187494 0 233 2.8329 0.0 8.181805246746432 0.0 4.0 
1522 7387928.1 96.66465819104472 81.18541857829247 143.63129492187494 0 233 2.8329 0.0 8.181805246746432 0.0 4.0 
1523 7387961.4 96.66465819104472 81.18190910012487 143.63129492187494 0 233 2.8329 0.0 8.181805246746432 0.0 4.0 
1524 7387994.7 96.66465819104472 81.18190910012487 143.63129492187494 0 233 2.8329 0.0 8.181805246746432 0.0 4.0 
1525 7388028.1 96.66465819104472 81.18190910012487 143.63129492187494 0 233 2.8329 0.0 8.181805246746432 0.0 4.0 
1526 7388061.4 96.68842636999538 81.18190910012487 143.63129492187494 0 233 2.8329 0.0 8.181805246746432 0.0 4.0 
1527 7388094.7 96.68842636999538 81.17359584731561 143.63129492187494 0 233 2.8329 0.0 8.181805246746432 0.0 4.0 
1528 7388128.1 96.68842636999538 81.17359584731561 143.63129492187494 0 233 2.8329 0.0 8.181805246746432 0.0 4.0 
1529 7388161.4 96.68842636999538 81.17359584731561 143.63129492187494 0 233 2.8329 0.0 8.181805246746432 0.0 4.0 
1530 7388194.8 96.70649932256528 81.17359584731561 143.63129492187494 0 233 2.8329 0.0 8.181805246746432 0.0 4.0 
1531 7388228.1 96.70649932256528 81.1690491172773 143.63129492187494 0 233 2.8329 0.0 8.181805246746432 0.0 4.0 
1532 7388261.4 96.70649932256528 81.1690491172773 143.63129492187494 0 233 2.8329 0.0 8.181805246746432 0.0 4.0 
1533 7388294.8 96.70649932256528 81.1690491172773 143.63129492187494 0 233 2.8329 0.0 8.181805246746432 0.0 4.0 
1534 7388328.1 96.71879339324958 81.1690491172773 143.63129492187494 0 233 2.8329 0.0 8.181805246746432 0.0 4.0 
1535 7388361.4 96.71879339324958 81.16559335085492 143.63129492187494 0 233 2.8329 0.0 8.181805246746432 0.0 4.0 
1536 7388394.8 96.71879339324958 81.16559335085492 143.63129492187494 0 233 2.8329 0.0 8.181805246746432 0.0 4.0 
1537 7388428.1 96.72817476152478 81.16559335085492 143.63129492187494 0 233 2.8329 0.0 8.181805246746432 0.0 4.0 
1538 7388461.4 96.72817476152478 81.15626946618113 143.63129492187494 0 233 2.8329 0.0 8.181805246746432 0.0 4.0 
1539 7388494.8 96.72817476152478 81.15626946618113 143.63129492187494 0 233 2.8329 0.0 8.181805246746432 0.0 4.0 
1540 7388528.1 96.72817476152478 81.15626946618113 143.63129492187494 0 233 2.8329 0.0 8.181805246746432 0.0 4.0 
1541 7388561.5 96.73753788040501 81.15626946618113 143.63129492187494 0 233 2.8329 0.0 8.181805246746432 0.0 4.0 
1542 7388594.8 96.73753788040501 81.1499534723361 143.63129492187494 0 233 2.8329 0.0 8.181805246746432 0.0 4.0 
1543 7388628.1 96.73753788040501 81.1499534723361 143.63129492187494 0 233 2.8329 0.0 8.181805246746432 0.0 4.0 
1544 7388661.5 96.73753788040501 81.1499534723361 143.63129492187494 0 233 2.8329 0.0 8.181805246746432 0.0 4.0 
1545 7388694.8 96.74874202803954 81.1499534723361 143.63129492187494 0 233 2.8329 0.0 8.181805246746432 0.0 4.0 
1546 7388728.1 96.74874202803954 81.14052032824716 143.63129492187494 0 233 2.8329 0.0 8.181805246746432 0.0 4.0 
1547 7388761.5 96.74874202803954 81.14052032824716 143.63129492187494 0 233 2.8329 0.0 8.181805246746432 0.0 4.0 
1548 7388794.8 96.74874202803954 81.14052032824716 143.63129492187494 0 233 2.8329 0.0 8.181805246746432 0.0 4.0 
1549 7388828.1 96.75343100948683 81.1361600229058 143.63129492187494 0 233 2.8329 0.0 8.181805246746432 0.0 4.0 
1550 7388861.5 96.75343100948683 81.1361600229058 143.63129492187494 0 233 2.8329 0.0 8.181805246746432 0.0 4.0 
1551 7388894.8 96.75343100948683 81.1361600229058 143.63129492187494 0 233 2.8329 0.0 8.181805246746432 0.0 4.0 
1552 7388928.1 96.75961699693161 81.1361600229058 143.63129492187494 0 233 2.8329 0.0 8.181805246746432 0.0 4.0 
1553 7388961.5 96.75961699693161 81.12896329014566 143.63129492187494 0 233 2.8329 0.0 8.181805246746432 0.0 4.0 
1554 7388994.8 96.75961699693161 81.12896329014566 143.63129492187494 0 233 2.8329 0.0 8.181805246746432 0.0 4.0 
1555 7389028.2 96.75961699693161 81.12896329014566 143.63129492187494 0 233 2.8329 0.0 8.181805246746432 0.0 4.0 
1556 7389061.5 96.77136418375807 81.12896329014566 143.63129492187494 0 233 2.8329 0.0 8.181805246746432 0.0 4.0 
1557 7389094.8 96.77136418375807 81.13398137519235 143.63129492187494 0 233 2.8329 0.0 8.181805246746432 0.0 4.0 
1558 7389128.2 96.77136418375807 81.13398137519235 143.63129492187494 0 233 2.8329 0.0 8.181805246746432 0.0 4.0 
1559 7389161.5 96.78174882600942 81.14772725115516 143.63129492187494 0 233 2.8329 0.0 8.181805246746432 0.0 4.0 
1560 7389194.8 96.78174882600942 81.14772725115516 143.63129492187494 0 233 2.8329 0.0 8.181805246746432 0.0 4.0 
1561 7389228.2 96.78174882600942 81.14772725115516 143.63129492187494 0 233 2.8329 0.0 8.181805246746432 0.0 4.0 
1562 7389261.5 96.79998652856888 81.15783482989721 143.63129492187494 0 233 2.8329 0.0 8.181805246746432 0.0 4.0 
1563 7389294.8 96.79998652856888 81.15783482989721 143.63129492187494 0 233 2.8329 0.0 8.181805246746432 0.0 4.0 
1564 7389328.2 96.79998652856888 81.15783482989721 143.63129492187494 0 233 2.8329 0.0 8.181805246746432 0.0 4.0 
1565 7389361.5 96.79998652856888 81.15783482989721 143.63129492187494 0 233 2.8329 0.0 8.181805246746432 0.0 4.0 
1566 7389394.9 96.8088370740093 81.15783482989721 143.63129492187494 0 233 2.8329 0.0 8.181805246746432 0.0 4.0 
1567 7389428.2 96.8088370740093 81.15163259113059 143.63129492187494 0 233 2.8329 0.0 8.181805246746432 0.0 4.0 
1568 7389461.5 96.8088370740093 81.15163259113059 143.63129492187494 0 233 2.8329 0.0 8.181805246746432 0.0 4.0 
1569 7389494.9 96.82052924016803 81.15163259113059 143.63129492187494 0 233 2.8329 0.0 8.181805246746432 0.0 4.0 
1570 7389528.2 96.82052924016803 81.1497004507872 143.63129492187494 0 233 2.8329 0.0 8.181805246746432 0.0 4.0 
1571 7389561.5 96.82052924016803 81.1497004507872 143.63129492187494 0 233 2.8329 0.0 8.181805246746432 0.0 4.0 
1572 7389594.9 96.82052924016803 81.1497004507872 143.63129492187494 0 233 2.8329 0.0 8.181805246746432 0.0 4.0 
1573 7389628.2 96.83318329963812 81.1497004507872 143.63129492187494 0 233 2.8329 0.0 8.181805246746432 0.0 4.0 
1574 7389661.5 96.83318329963812 81.15640252466588 143.63129492187494 0 233 2.8329 0.0 8.181805246746432 0.0 4.0 
1575 7389694.9 96.83318329963812 81.15640252466588 143.63129492187494 0 233 2.8329 0.0 8.181805246746432 0.0 4.0 
1576 7389728.2 96.8434048397112 81.17057817305228 143.63129492187494 0 233 2.8329 0.0 8.181805246746432 0.0 4.0 
1577 7389761.5 96.8434048397112 81.17057817305228 143.63129492187494 0 233 2.8329 0.0 8.181805246746432 0.0 4.0 
1578 7389794.9 96.8434048397112 81.17057817305228 143.63129492187494 0 233 2.8329 0.0 8.181805246746432 0.0 4.0 
1579 7389828.2 96.8434048397112 81.17057817305228 143.63129492187494 0 233 2.8329 0.0 8.181805246746432 0.0 4.0 
1580 7389861.6 96.85012387466566 81.17057817305228 143.63129492187494 0 233 2.8329 0.0 8.181805246746432 0.0 4.0 
1581 7389894.9 96.85012387466566 81.1790162496403 143.63129492187494 0 233 2.8329 0.0 8.181805246746432 0.0 4.0 
1582 7389928.2 96.85012387466566 81.1790162496403 143.63129492187494 0 233 2.8329 0.0 8.181805246746432 0.0 4.0 
1583 7389961.6 96.859665101818 81.17494431448353 143.63129492187494 0 233 2.8329 0.0 8.181805246746432 0.0 4.0 
1584 7389994.9 96.859665101818 81.17494431448353 143.63129492187494 0 233 2.8329 0.0 8.181805246746432 0.0 4.0 
1585 7390028.2 96.859665101818 81.17494431448353 143.63129492187494 0 233 2.8329 0.0 8.181805246746432 0.0 4.0 
1586 7390061.6 96.859665101818 81.17494431448353 143.63129492187494 0 233 2.8329 0.0 8.181805246746432 0.0 4.0 
1587 7390094.9 96.87359165489937 81.17494431448353 143.63129492187494 0 233 2.8329 0.0 8.181805246746432 0.0 4.0 
1588 7390128.2 96.87359165489937 81.17818542841886 143.63129492187494 0 233 2.8329 0.0 8.181805246746432 0.0 4.0 
1589 7390161.6 96.87359165489937 81.17818542841886 143.63129492187494 0 233 2.8329 0.0 8.181805246746432 0.0 4.0 
1590 7390194.9 96.88381773521189 81.17818542841886 143.63129492187494 0 233 2.8329 0.0 8.181805246746432 0.0 4.0 
1591 7390228.3 96.88381773521189 81.17063223827203 143.63129492187494 0 233 2.8329 0.0 8.181805246746432 0.0 4.0 
1592 7390261.6 96.88381773521189 81.17063223827203 143.63129492187494 0 233 2.8329 0.0 8.181805246746432 0.0 4.0 
1593 7390294.9 96.88887805914403 81.17063223827203 143.63129492187494 0 233 2.8329 0.0 8.181805246746432 0.0 4.0 
1594 7390328.3 96.88887805914403 81.16675948806026 143.63129492187494 0 233 2.8329 0.0 8.181805246746432 0.0 4.0 
1595 7390361.6 96.88887805914403 81.16675948806026 143.63129492187494 0 233 2.8329 0.0 8.181805246746432 0.0 4.0 
1596 7390394.9 96.88887805914403 81.16675948806026 143.63129492187494 0 233 2.8329 0.0 8.181805246746432 0.0 4.0 
1597 7390428.3 96.89688094624451 81.16430234109619 143.63129492187494 0 233 2.8329 0.0 8.181805246746432 0.0 4.0 
1598 7390461.6 96.89688094624451 81.16430234109619 143.63129492187494 0 233 2.8329 0.0 8.181805246746432 0.0 4.0 
1599 7390494.9 96.89688094624451 81.16430234109619 143.63129492187494 0 233 2.8329 0.0 8.181805246746432 0.0 4.0 
1600 7390528.3 96.89849798023675 81.16430234109619 143.63129492187494 0 233 2.8329 0.0 8.181805246746432 0.0 4.0 
1601 7390561.6 96.89849798023675 81.1691607322645 143.63129492187494 0 233 2.8329 0.0 8.181805246746432 0.0 4.0 
1602 7390594.9 96.89849798023675 81.1691607322645 143.63129492187494 0 233 2.8329 0.0 8.181805246746432 0.0 4.0 
1603 7390628.3 96.89849798023675 81.1691607322645 143.63129492187494 0 233 2.8329 0.0 8.181805246746432 0.0 4.0 
1604 7390661.6 96.90372540383888 81.1691607322645 143.63129492187494 0 233 2.8329 0.0 8.181805246746432 0.0 4.0 
1605 7390695.0 96.90372540383888 81.1723316573805 143.63129492187494 0 233 2.8329 0.0 8.181805246746432 0.0 4.0 
1606 7390728.3 96.90372540383888 81.1723316573805 143.63129492187494 0 233 2.8329 0.0 8.181805246746432 0.0 4.0 
1607 7390761.6 96.90372540383888 81.1723316573805 143.63129492187494 0 233 2.8329 0.0 8.181805246746432 0.0 4.0 
1608 7390795.0 96.90764342761953 81.17965623870629 143.63129492187494 0 233 2.8329 0.0 8.181805246746432 0.0 4.0 
1609 7390828.3 96.90764342761953 81.17965623870629 143.63129492187494 0 233 2.8329 0.0 8.181805246746432 0.0 4.0 
1610 7390861.6 96.90764342761953 81.17965623870629 143.63129492187494 0 233 2.8329 0.0 8.181805246746432 0.0 4.0 
1611 7390895.0 96.90764342761953 81.17965623870629 143.63129492187494 0 233 2.8329 0.0 8.181805246746432 0.0 4.0 
1612 7390928.3 96.90764342761953 81.18237799618439 143.63129492187494 0 233 2.8329 0.0 8.181805246746432 0.0 4.0 
1613 7390961.6 96.90764342761953 81.18237799618439 143.63129492187494 0 233 2.8329 0.0 8.181805246746432 0.0 4.0 
1614 7390995.0 96.90764342761953 81.18237799618439 143.63129492187494 0 233 2.8329 0.0 8.181805246746432 0.0 4.0 
1615 7391028.3 96.9116673019191 81.18237799618439 143.63129492187494 0 233 2.8329 0.0 8.181805246746432 0.0 4.0 
1616 7391061.7 96.9116673019191 81.18758701209647 143.63129492187494 0 233 2.8329 0.0 8.181805246746432 0.0 4.0 
1617 7391095.0 96.9116673019191 81.18758701209647 143.63129492187494 0 233 2.8329 0.0 8.181805246746432 0.0 4.0 
1618 7391128.3 96.9116673019191 81.18758701209647 143.63129492187494 0 233 2.8329 0.0 8.181805246746432 0.0 4.0 
1619 7391161.7 96.91406967524121 81.19187650246973 143.63129492187494 0 233 2.8329 0.0 8.181805246746432 0.0 4.0 
1620 7391195.0 96.91406967524121 81.19187650246973 143.63129492187494 0 233 2.8329 0.0 8.181805246746432 0.0 4.0 
1621 7391228.3 96.91406967524121 81.19187650246973 143.63129492187494 0 233 2.8329 0.0 8.181805246746432 0.0 4.0 
1622 7391261.7 96.91406967524121 81.19187650246973 143.63129492187494 0 233 2.8329 0.0 8.181805246746432 0.0 4.0 
1623 7391295.0 96.91717396350431 81.19187650246973 143.63129492187494 0 233 2.8329 0.0 8.181805246746432 0.0 4.0 
1624 7391328.3 96.91717396350431 81.19627528326446 143.63129492187494 0 233 2.8329 0.0 8.181805246746432 0.0 4.0 
1625 7391361.7 96.91717396350431 81.19627528326446 143.63129492187494 0 233 2.8329 0.0 8.181805246746432 0.0 4.0 
1626 7391395.0 96.91221657404654 81.19627528326446 143.63129492187494 0 233 2.8329 0.0 8.181805246746432 0.0 4.0 
1627 7391428.3 96.91221657404654 81.19905815587899 143.63129492187494 0 233 2.8329 0.0 8.181805246746432 0.0 4.0 
1628 7391461.7 96.91221657404654 81.19905815587899 143.63129492187494 0 233 2.8329 0.0 8.181805246746432 0.0 4.0 
1629 7391495.0 96.91221657404654 81.19905815587899 143.63129492187494 0 233 2.8329 0.0 8.181805246746432 0.0 4.0 
1630 7391528.4 96.90512214332725 81.19278921408626 143.63129492187494 0 233 2.8329 0.0 8.181805246746432 0.0 4.0 
1631 7391561.7 96.90512214332725 81.19278921408626 143.63129492187494 0 233 2.8329 0.0 8.181805246746432 0.0 4.0 
1632 7391595.0 96.90512214332725 81.19278921408626 143.63129492187494 0 233 2.8329 0.0 8.181805246746432 0.0 4.0 
1633 7391628.4 96.90201763284676 81.19278921408626 143.63129492187494 0 233 2.8329 0.0 8.181805246746432 0.0 4.0 
1634 7391661.7 96.90201763284676 81.18730699754603 143.63129492187494 0 233 2.8329 0.0 8.181805246746432 0.0 4.0 
1635 7391695.0 96.90201763284676 81.18730699754603 143.63129492187494 0 233 2.8329 0.0 8.181805246746432 0.0 4.0 
1636 7391728.4 96.90201763284676 81.18730699754603 143.63129492187494 0 233 2.8329 0.0 8.181805246746432 0.0 4.0 
1637 7391761.7 96.89606208358845 81.18730699754603 143.63129492187494 0 233 2.8329 0.0 8.181805246746432 0.0 4.0 
1638 7391795.0 96.89606208358845 81.18517533753081 143.63129492187494 0 233 2.8329 0.0 8.181805246746432 0.0 4.0 
1639 7391828.4 96.89606208358845 81.18517533753081 143.63129492187494 0 233 2.8329 0.0 8.181805246746432 0.0 4.0 
1640 7391861.7 96.89606208358845 81.18517533753081 143.63129492187494 0 233 2.8329 0.0 8.181805246746432 0.0 4.0 
1641 7391895.1 96.88760125606511 81.18517533753081 143.63129492187494 0 233 2.8329 0.0 8.181805246746432 0.0 4.0 
1642 7391928.4 96.88760125606511 81.18998906864779 143.63129492187494 0 233 2.8329 0.0 8.181805246746432 0.0 4.0 
1643 7391961.7 96.88760125606511 81.18998906864779 143.63129492187494 0 233 2.8329 0.0 8.181805246746432 0.0 4.0 
1644 7391995.1 96.88148822436582 81.19789980651223 143.63129492187494 0 233 2.8329 0.0 8.181805246746432 0.0 4.0 
1645 7392028.4 96.88148822436582 81.19789980651223 143.63129492187494 0 233 2.8329 0.0 8.181805246746432 0.0 4.0 
1646 7392061.7 96.88148822436582 81.19789980651223 143.63129492187494 0 233 2.8329 0.0 8.181805246746432 0.0 4.0 
1647 7392095.1 96.88148822436582 81.19789980651223 143.63129492187494 0 233 2.8329 0.0 8.181805246746432 0.0 4.0 
1648 7392128.4 96.88444541508092 81.19789980651223 143.63129492187494 0 233 2.8329 0.0 8.181805246746432 0.0 4.0 
1649 7392161.7 96.88444541508092 81.20584410870266 143.63129492187494 0 233 2.8329 0.0 8.181805246746432 0.0 4.0 
1650 7392195.1 96.88444541508092 81.20584410870266 143.63129492187494 0 233 2.8329 0.0 8.181805246746432 0.0 4.0 
1651 7392228.4 96.88444541508092 81.20584410870266 143.63129492187494 0 233 2.8329 0.0 8.181805246746432 0.0 4.0 
1652 7392261.7 96.88731360166851 81.20584410870266 143.63129492187494 0 233 2.8329 0.0 8.181805246746432 0.0 4.0 
1653 7392295.1 96.88731360166851 81.20738517428701 143.63129492187494 0 233 2.8329 0.0 8.181805246746432 0.0 4.0 
1654 7392328.4 96.88731360166851 81.20738517428701 143.63129492187494 0 233 2.8329 0.0 8.181805246746432 0.0 4.0 
1655 7392361.8 96.88731360166851 81.20738517428701 143.63129492187494 0 233 2.8329 0.0 8.181805246746432 0.0 4.0 
1656 7392395.1 96.89157780978388 81.20738517428701 143.63129492187494 0 233 2.8329 0.0 8.181805246746432 0.0 4.0 
1657 7392428.4 96.89157780978388 81.20738517428701 143.63129492187494 0 233 2.8329 0.0 8.181805246746432 0.0 4.0 
1658 7392461.8 96.89410260923825 81.20738517428701 143.63129492187494 0 233 2.8329 0.0 8.181805246746432 0.0 4.0 
1659 7392495.1 96.89410260923825 81.2092008178071 143.63129492187494 0 233 2.8329 0.0 8.181805246746432 0.0 4.0 
1660 7392528.4 96.89410260923825 81.2092008178071 143.63129492187494 0 233 2.8329 0.0 8.181805246746432 0.0 4.0 
1661 7392561.8 96.89410260923825 81.21149326376302 143.63129492187494 0 233 2.8329 0.0 8.181805246746432 0.0 4.0 
1662 7392595.1 96.89410260923825 81.21149326376302 143.63129492187494 0 233 2.8329 0.0 8.181805246746432 0.0 4.0 
1663 7392628.4 96.895511093397 81.21149326376302 143.63129492187494 0 233 2.8329 0.0 8.181805246746432 0.0 4.0 
1664 7392661.8 96.895511093397 81.2131273045909 143.63129492187494 0 233 2.8329 0.0 8.181805246746432 0.0 4.0 
1665 7392695.1 96.895511093397 81.2131273045909 143.63129492187494 0 233 2.8329 0.0 8.181805246746432 0.0 4.0 
1666 7392728.5 96.895511093397 81.2131273045909 143.63129492187494 0 233 2.8329 0.0 8.181805246746432 0.0 4.0 
1667 7392761.8 96.895511093397 81.21467651688829 143.63129492187494 0 233 2.8329 0.0 8.181805246746432 0.0 4.0 
1668 7392795.1 96.895511093397 81.21467651688829 143.63129492187494 0 233 2.8329 0.0 8.181805246746432 0.0 4.0 
1669 7392828.5 96.895511093397 81.21467651688829 143.63129492187494 0 233 2.8329 0.0 8.181805246746432 0.0 4.0 
1670 7392861.8 96.895511093397 81.21747201573649 143.63129492187494 0 233 2.8329 0.0 8.181805246746432 0.0 4.0 
1671 7392895.1 96.895511093397 81.21747201573649 143.63129492187494 0 233 2.8329 0.0 8.181805246746432 0.0 4.0 
1672 7392928.5 96.895511093397 81.21747201573649 143.63129492187494 0 233 2.8329 0.0 8.181805246746432 0.0 4.0 
1673 7392961.8 96.895511093397 81.22276920552868 143.63129492187494 0 233 2.8329 0.0 8.181805246746432 0.0 4.0 
1674 7392995.1 96.895511093397 81.22276920552868 143.63129492187494 0 233 2.8329 0.0 8.181805246746432 0.0 4.0 
1675 7393028.5 96.895511093397 81.22824765960392 143.63129492187494 0 233 2.8329 0.0 8.181805246746432 0.0 4.0 
1676 7393061.8 96.895511093397 81.22824765960392 143.63129492187494 0 233 2.8329 0.0 8.181805246746432 0.0 4.0 
1677 7393095.1 96.895511093397 81.22824765960392 143.63129492187494 0 233 2.8329 0.0 8.181805246746432 0.0 4.0 
1678 7393128.5 96.89345787527935 81.22824765960392 143.63129492187494 0 233 2.8329 0.0 8.181805246746432 0.0 4.0 
1679 7393161.8 96.89345787527935 81.22824765960392 143.63129492187494 0 233 2.8329 0.0 8.181805246746432 0.0 4.0 
1680 7393195.2 96.89345787527935 81.22824765960392 143.63129492187494 0 233 2.8329 0.0 8.181805246746432 0.0 4.0 
1681 7393228.5 96.88895502040708 81.22824765960392 143.63129492187494 0 233 2.8329 0.0 8.181805246746432 0.0 4.0 
1682 7393261.8 96.88895502040708 81.23273723114355 143.63129492187494 0 233 2.8329 0.0 8.181805246746432 0.0 4.0 
1683 7393295.2 96.88895502040708 81.23273723114355 143.63129492187494 0 233 2.8329 0.0 8.181805246746432 0.0 4.0 
1684 7393328.5 96.88895502040708 81.23273723114355 143.63129492187494 0 233 2.8329 0.0 8.181805246746432 0.0 4.0 
1685 7393361.8 96.8846123575191 81.23273723114355 143.63129492187494 0 233 2.8329 0.0 8.181805246746432 0.0 4.0 
1686 7393395.2 96.8846123575191 81.23726938166894 143.63129492187494 0 233 2.8329 0.0 8.181805246746432 0.0 4.0 
1687 7393428.5 96.8846123575191 81.23726938166894 143.63129492187494 0 233 2.8329 0.0 8.181805246746432 0.0 4.0 
1688 7393461.8 96.8846123575191 81.23726938166894 143.63129492187494 0 233 2.8329 0.0 8.181805246746432 0.0 4.0 
1689 7393495.2 96.8846123575191 81.24220705230523 143.63129492187494 0 233 2.8329 0.0 8.181805246746432 0.0 4.0 
1690 7393528.5 96.8846123575191 81.24220705230523 143.63129492187494 0 233 2.8329 0.0 8.181805246746432 0.0 4.0 
1691 7393561.9 96.8846123575191 81.24220705230523 143.63129492187494 0 233 2.8329 0.0 8.181805246746432 0.0 4.0 
1692 7393595.2 96.8846123575191 81.24733134817453 143.63129492187494 0 233 2.8329 0.0 8.181805246746432 0.0 4.0 
1693 7393628.5 96.8846123575191 81.24733134817453 143.63129492187494 0 233 2.8329 0.0 8.181805246746432 0.0 4.0 
1694 7393661.9 96.8846123575191 81.24733134817453 143.63129492187494 0 233 2.8329 0.0 8.181805246746432 0.0 4.0 
1695 7393695.2 96.8846123575191 81.24733134817453 143.63129492187494 0 233 2.8329 0.0 8.181805246746432 0.0 4.0 
1696 7393728.5 96.8846123575191 81.24733134817453 143.63129492187494 0 233 2.8329 0.0 8.181805246746432 0.0 4.0 
1697 7393761.9 96.8846123575191 81.25130947947089 143.63129492187494 0 233 2.8329 0.0 8.181805246746432 0.0 4.0 
1698 7393795.2 96.8846123575191 81.25130947947089 143.63129492187494 0 233 2.8329 0.0 8.181805246746432 0.0 4.0 
1699 7393828.5 96.88577184405602 81.25130947947089 143.63129492187494 0 233 2.8329 0.0 8.181805246746432 0.0 4.0 
1700 7393861.9 96.88577184405602 81.25130947947089 143.63129492187494 0 233 2.8329 0.0 8.181805246746432 0.0 4.0 
1701 7393895.2 96.8876988268282 81.25130947947089 143.63129492187494 0 233 2.8329 0.0 8.181805246746432 0.0 4.0 
1702 7393928.5 96.8876988268282 81.24732452498141 143.63129492187494 0 233 2.8329 0.0 8.181805246746432 0.0 4.0 
1703 7393961.9 96.8876988268282 81.24732452498141 143.63129492187494 0 233 2.8329 0.0 8.181805246746432 0.0 4.0 
1704 7393995.2 96.88880617361363 81.22851818497966 143.63129492187494 0 233 2.8329 0.0 8.181805246746432 0.0 4.0 
1705 7394028.6 96.88880617361363 81.22851818497966 143.63129492187494 0 233 2.8329 0.0 8.181805246746432 0.0 4.0 
1706 7394061.9 96.88880617361363 81.22851818497966 143.63129492187494 0 233 2.8329 0.0 8.181805246746432 0.0 4.0 
1707 7394095.2 96.88880617361363 81.21037590282135 143.63129492187494 0 233 2.8329 0.0 8.181805246746432 0.0 4.0 
1708 7394128.6 96.88880617361363 81.21037590282135 143.63129492187494 0 233 2.8329 0.0 8.181805246746432 0.0 4.0 
1709 7394161.9 96.88880617361363 81.21037590282135 143.63129492187494 0 233 2.8329 0.0 8.181805246746432 0.0 4.0 
1710 7394195.2 96.88880617361363 81.21037590282135 143.63129492187494 0 233 2.8329 0.0 8.181805246746432 0.0 4.0 
1711 7394228.6 96.88238307113579 81.21037590282135 143.63129492187494 0 233 2.8329 0.0 8.181805246746432 0.0 4.0 
1712 7394261.9 96.88238307113579 81.18863909742976 143.63129492187494 0 233 2.8329 0.0 8.181805246746432 0.0 4.0 
1713 7394295.2 96.88238307113579 81.18863909742976 143.63129492187494 0 233 2.8329 0.0 8.181805246746432 0.0 4.0 
1714 7394328.6 96.87537881525438 81.1745717435749 143.63129492187494 0 233 2.8329 0.0 8.181805246746432 0.0 4.0 
1715 7394361.9 96.87537881525438 81.1745717435749 143.63129492187494 0 233 2.8329 0.0 8.181805246746432 0.0 4.0 
1716 7394395.3 96.87537881525438 81.1745717435749 143.63129492187494 0 233 2.8329 0.0 8.181805246746432 0.0 4.0 
1717 7394428.6 96.87537881525438 81.1745717435749 143.63129492187494 0 233 2.8329 0.0 8.181805246746432 0.0 4.0 
1718 7394461.9 96.86619103711288 81.1745717435749 143.63129492187494 0 233 2.8329 0.0 8.181805246746432 0.0 4.0 
1719 7394495.3 96.86619103711288 81.16322723156833 143.63129492187494 0 233 2.8329 0.0 8.181805246746432 0.0 4.0 
1720 7394528.6 96.86619103711288 81.16322723156833 143.63129492187494 0 233 2.8329 0.0 8.181805246746432 0.0 4.0 
1721 7394561.9 96.86024729076264 81.16322723156833 143.63129492187494 0 233 2.8329 0.0 8.181805246746432 0.0 4.0 
1722 7394595.3 96.86024729076264 81.15362499842787 143.63129492187494 0 233 2.8329 0.0 8.181805246746432 0.0 4.0 
1723 7394628.6 96.86024729076264 81.15362499842787 143.63129492187494 0 233 2.8329 0.0 8.181805246746432 0.0 4.0 
1724 7394661.9 96.86024729076264 81.15362499842787 143.63129492187494 0 233 2.8329 0.0 8.181805246746432 0.0 4.0 
1725 7394695.3 96.85536923004486 81.14837201003641 143.63129492187494 0 233 2.8329 0.0 8.181805246746432 0.0 4.0 
1726 7394728.6 96.85536923004486 81.14837201003641 143.63129492187494 0 233 2.8329 0.0 8.181805246746432 0.0 4.0 
1727 7394761.9 96.85536923004486 81.14837201003641 143.63129492187494 0 233 2.8329 0.0 8.181805246746432 0.0 4.0 
1728 7394795.3 96.85536923004486 81.14837201003641 143.63129492187494 0 233 2.8329 0.0 8.181805246746432 0.0 4.0 
1729 7394828.6 96.85166635493144 81.14837201003641 143.63129492187494 0 233 2.8329 0.0 8.181805246746432 0.0 4.0 
1730 7394862.0 96.85166635493144 81.1430666984219 143.63129492187494 0 233 2.8329 0.0 8.181805246746432 0.0 4.0 
1731 7394895.3 96.85166635493144 81.1430666984219 143.63129492187494 0 233 2.8329 0.0 8.181805246746432 0.0 4.0 
1732 7394928.6 96.85166635493144 81.1430666984219 143.63129492187494 0 233 2.8329 0.0 8.181805246746432 0.0 4.0 
1733 7394962.0 96.84802812458805 81.1430666984219 143.63129492187494 0 233 2.8329 0.0 8.181805246746432 0.0 4.0 
1734 7394995.3 96.84802812458805 81.13841480924383 143.63129492187494 0 233 2.8329 0.0 8.181805246746432 0.0 4.0 
1735 7395028.6 96.84802812458805 81.13841480924383 143.63129492187494 0 233 2.8329 0.0 8.181805246746432 0.0 4.0 
1736 7395062.0 96.84802812458805 81.13841480924383 143.63129492187494 0 233 2.8329 0.0 8.181805246746432 0.0 4.0 
1737 7395095.3 96.84480633182395 81.13622446635536 143.63129492187494 0 233 2.8329 0.0 8.181805246746432 0.0 4.0 
1738 7395128.6 96.84480633182395 81.13622446635536 143.63129492187494 0 233 2.8329 0.0 8.181805246746432 0.0 4.0 
1739 7395162.0 96.84480633182395 81.13622446635536 143.63129492187494 0 233 2.8329 0.0 8.181805246746432 0.0 4.0 
1740 7395195.3 96.84480633182395 81.13801281807778 143.63129492187494 0 233 2.8329 0.0 8.181805246746432 0.0 4.0 
1741 7395228.7 96.84480633182395 81.13801281807778 143.63129492187494 0 233 2.8329 0.0 8.181805246746432 0.0 4.0 
1742 7395262.0 96.84628585560283 81.13801281807778 143.63129492187494 0 233 2.8329 0.0 8.181805246746432 0.0 4.0 
1743 7395295.3 96.84628585560283 81.13995819605066 143.63129492187494 0 233 2.8329 0.0 8.181805246746432 0.0 4.0 
1744 7395328.7 96.84628585560283 81.13995819605066 143.63129492187494 0 233 2.8329 0.0 8.181805246746432 0.0 4.0 
1745 7395362.0 96.84628585560283 81.13995819605066 143.63129492187494 0 233 2.8329 0.0 8.181805246746432 0.0 4.0 
1746 7395395.3 96.8514315332221 81.13995819605066 143.63129492187494 0 233 2.8329 0.0 8.181805246746432 0.0 4.0 
1747 7395428.7 96.8514315332221 81.14241720699731 143.63129492187494 0 233 2.8329 0.0 8.181805246746432 0.0 4.0 
1748 7395462.0 96.8514315332221 81.14241720699731 143.63129492187494 0 233 2.8329 0.0 8.181805246746432 0.0 4.0 
1749 7395495.3 96.85607549264482 81.14241720699731 143.63129492187494 0 233 2.8329 0.0 8.181805246746432 0.0 4.0 
1750 7395528.7 96.85607549264482 81.14241720699731 143.63129492187494 0 233 2.8329 0.0 8.181805246746432 0.0 4.0 
1751 7395562.0 96.85607549264482 81.14241720699731 143.63129492187494 0 233 2.8329 0.0 8.181805246746432 0.0 4.0 
1752 7395595.3 96.86248454610079 81.14241720699731 143.63129492187494 0 233 2.8329 0.0 8.181805246746432 0.0 4.0 
1753 7395628.7 96.86248454610079 81.14241720699731 143.63129492187494 0 233 2.8329 0.0 8.181805246746432 0.0 4.0 
1754 7395662.0 96.86248454610079 81.14241720699731 143.63129492187494 0 233 2.8329 0.0 8.181805246746432 0.0 4.0 
1755 7395695.4 96.86248454610079 81.14241720699731 143.63129492187494 0 233 2.8329 0.0 8.181805246746432 0.0 4.0 
1756 7395728.7 96.8702303916462 81.14241720699731 143.63129492187494 0 233 2.8329 0.0 8.181805246746432 0.0 4.0 
1757 7395762.0 96.8702303916462 81.14241720699731 143.63129492187494 0 233 2.8329 0.0 8.181805246746432 0.0 4.0 
1758 7395795.4 96.8702303916462 81.14241720699731 143.63129492187494 0 233 2.8329 0.0 8.181805246746432 0.0 4.0 
1759 7395828.7 96.87642119056767 81.1465234850302 143.63129492187494 0 233 2.8329 0.0 8.181805246746432 0.0 4.0 
1760 7395862.0 96.87642119056767 81.1465234850302 143.63129492187494 0 233 2.8329 0.0 8.181805246746432 0.0 4.0 
1761 7395895.4 96.87642119056767 81.1465234850302 143.63129492187494 0 233 2.8329 0.0 8.181805246746432 0.0 4.0 
1762 7395928.7 96.87642119056767 81.1465234850302 143.63129492187494 0 233 2.8329 0.0 8.181805246746432 0.0 4.0 
1763 7395962.0 96.87147844571405 81.1465234850302 143.63129492187494 0 233 2.8329 0.0 8.181805246746432 0.0 4.0 
1764 7395995.4 96.87147844571405 81.14884186472138 143.63129492187494 0 233 2.8329 0.0 8.181805246746432 0.0 4.0 
1765 7396028.7 96.87147844571405 81.14884186472138 143.63129492187494 0 233 2.8329 0.0 8.181805246746432 0.0 4.0 
1766 7396062.1 96.87147844571405 81.14884186472138 143.63129492187494 0 233 2.8329 0.0 8.181805246746432 0.0 4.0 
1767 7396095.4 96.86979016092607 81.14884186472138 143.63129492187494 0 233 2.8329 0.0 8.181805246746432 0.0 4.0 
1768 7396128.7 96.86979016092607 81.15103677449642 143.63129492187494 0 233 2.8329 0.0 8.181805246746432 0.0 4.0 
1769 7396162.1 96.86979016092607 81.15103677449642 143.63129492187494 0 233 2.8329 0.0 8.181805246746432 0.0 4.0 
1770 7396195.4 96.86979016092607 81.15103677449642 143.63129492187494 0 233 2.8329 0.0 8.181805246746432 0.0 4.0 
1771 7396228.7 96.86979016092607 81.15421505710583 143.63129492187494 0 233 2.8329 0.0 8.181805246746432 0.0 4.0 
1772 7396262.1 96.86979016092607 81.15421505710583 143.63129492187494 0 233 2.8329 0.0 8.181805246746432 0.0 4.0 
1773 7396295.4 96.86979016092607 81.15421505710583 143.63129492187494 0 233 2.8329 0.0 8.181805246746432 0.0 4.0 
1774 7396328.7 96.87082394256268 81.15661767119931 143.63129492187494 0 233 2.8329 0.0 8.181805246746432 0.0 4.0 
1775 7396362.1 96.87082394256268 81.15661767119931 143.63129492187494 0 233 2.8329 0.0 8.181805246746432 0.0 4.0 
1776 7396395.4 96.87082394256268 81.15661767119931 143.63129492187494 0 233 2.8329 0.0 8.181805246746432 0.0 4.0 
1777 7396428.7 96.87336473537609 81.15661767119931 143.63129492187494 0 233 2.8329 0.0 8.181805246746432 0.0 4.0 
1778 7396462.1 96.87336473537609 81.15765899952015 143.63129492187494 0 233 2.8329 0.0 8.181805246746432 0.0 4.0 
1779 7396495.4 96.87336473537609 81.15765899952015 143.63129492187494 0 233 2.8329 0.0 8.181805246746432 0.0 4.0 
1780 7396528.8 96.87336473537609 81.15765899952015 143.63129492187494 0 233 2.8329 0.0 8.181805246746432 0.0 4.0 
1781 7396562.1 96.87836310009205 81.15765899952015 143.63129492187494 0 233 2.8329 0.0 8.181805246746432 0.0 4.0 
1782 7396595.4 96.87836310009205 81.16059120077261 143.63129492187494 0 233 2.8329 0.0 8.181805246746432 0.0 4.0 
1783 7396628.8 96.87836310009205 81.16059120077261 143.63129492187494 0 233 2.8329 0.0 8.181805246746432 0.0 4.0 
1784 7396662.1 96.87949184204732 81.16059120077261 143.63129492187494 0 233 2.8329 0.0 8.181805246746432 0.0 4.0 
1785 7396695.4 96.87949184204732 81.16059120077261 143.63129492187494 0 233 2.8329 0.0 8.181805246746432 0.0 4.0 
1786 7396728.8 96.87949184204732 81.16059120077261 143.63129492187494 0 233 2.8329 0.0 8.181805246746432 0.0 4.0 
1787 7396762.1 96.87949184204732 81.16059120077261 143.63129492187494 0 233 2.8329 0.0 8.181805246746432 0.0 4.0 
1788 7396795.4 96.87949184204732 81.16059120077261 143.63129492187494 0 233 2.8329 0.0 8.181805246746432 0.0 4.0 
1789 7396828.8 96.87949184204732 81.16059120077261 143.63129492187494 0 233 2.8329 0.0 8.181805246746432 0.0 4.0 
1790 7396862.1 96.88072140884552 81.16059120077261 143.63129492187494 0 233 2.8329 0.0 8.181805246746432 0.0 4.0 
1791 7396895.5 96.88072140884552 81.16193275700834 143.63129492187494 0 233 2.8329 0.0 8.181805246746432 0.0 4.0 
1792 7396928.8 96.88072140884552 81.16193275700834 143.63129492187494 0 233 2.8329 0.0 8.181805246746432 0.0 4.0 
1793 7396962.1 96.88282112435166 81.16193275700834 143.63129492187494 0 233 2.8329 0.0 8.181805246746432 0.0 4.0 
1794 7396995.5 96.88282112435166 81.16193275700834 143.63129492187494 0 233 2.8329 0.0 8.181805246746432 0.0 4.0 
1795 7397028.8 96.88282112435166 81.16193275700834 143.63129492187494 0 233 2.8329 0.0 8.181805246746432 0.0 4.0 
1796 7397062.1 96.88467773768595 81.16193275700834 143.63129492187494 0 233 2.8329 0.0 8.181805246746432 0.0 4.0 
1797 7397095.5 96.88467773768595 81.16193275700834 143.63129492187494 0 233 2.8329 0.0 8.181805246746432 0.0 4.0 
1798 7397128.8 96.88467773768595 81.16193275700834 143.63129492187494 0 233 2.8329 0.0 8.181805246746432 0.0 4.0 
1799 7397162.1 96.8907905907544 81.16193275700834 143.63129492187494 0 233 2.8329 0.0 8.181805246746432 0.0 4.0 
1800 7397195.5 96.8907905907544 81.16193275700834 143.63129492187494 0 233 2.8329 0.0 8.181805246746432 0.0 4.0 
1801 7397228.8 96.8907905907544 81.16193275700834 143.63129492187494 0 233 2.8329 0.0 8.181805246746432 0.0 4.0 
1802 7397262.1 96.8977308650745 81.16193275700834 143.63129492187494 0 233 2.8329 0.0 8.181805246746432 0.0 4.0 
1803 7397295.5 96.8977308650745 81.16193275700834 143.63129492187494 0 233 2.8329 0.0 8.181805246746432 0.0 4.0 
1804 7397328.8 96.90230504707108 81.16193275700834 143.63129492187494 0 233 2.8329 0.0 8.181805246746432 0.0 4.0 
1805 7397362.2 96.90230504707108 81.15889540524891 143.63129492187494 0 233 2.8329 0.0 8.181805246746432 0.0 4.0 
1806 7397395.5 96.90230504707108 81.15889540524891 143.63129492187494 0 233 2.8329 0.0 8.181805246746432 0.0 4.0 
1807 7397428.8 96.90230504707108 81.15889540524891 143.63129492187494 0 233 2.8329 0.0 8.181805246746432 0.0 4.0 
1808 7397462.2 96.90801648111449 81.15461521042239 143.63129492187494 0 233 2.8329 0.0 8.181805246746432 0.0 4.0 
1809 7397495.5 96.90801648111449 81.15461521042239 143.63129492187494 0 233 2.8329 0.0 8.181805246746432 0.0 4.0 
1810 7397528.8 96.90801648111449 81.15461521042239 143.63129492187494 0 233 2.8329 0.0 8.181805246746432 0.0 4.0 
1811 7397562.2 96.90801648111449 81.15461521042239 143.63129492187494 0 233 2.8329 0.0 8.181805246746432 0.0 4.0 
1812 7397595.5 96.9169594814389 81.15461521042239 143.63129492187494 0 233 2.8329 0.0 8.181805246746432 0.0 4.0 
1813 7397628.8 96.9169594814389 81.15109432876599 143.63129492187494 0 233 2.8329 0.0 8.181805246746432 0.0 4.0 
1814 7397662.2 96.9169594814389 81.15109432876599 143.63129492187494 0 233 2.8329 0.0 8.181805246746432 0.0 4.0 
1815 7397695.5 96.9169594814389 81.15109432876599 143.63129492187494 0 233 2.8329 0.0 8.181805246746432 0.0 4.0 
1816 7397728.9 96.92508684584861 81.15109432876599 143.63129492187494 0 233 2.8329 0.0 8.181805246746432 0.0 4.0 
1817 7397762.2 96.92508684584861 81.15338260655662 143.63129492187494 0 233 2.8329 0.0 8.181805246746432 0.0 4.0 
1818 7397795.5 96.92508684584861 81.15338260655662 143.63129492187494 0 233 2.8329 0.0 8.181805246746432 0.0 4.0 
1819 7397828.9 96.92822768220424 81.15698481156755 143.63129492187494 0 233 2.8329 0.0 8.181805246746432 0.0 4.0 
1820 7397862.2 96.92822768220424 81.15698481156755 143.63129492187494 0 233 2.8329 0.0 8.181805246746432 0.0 4.0 
1821 7397895.5 96.92822768220424 81.15698481156755 143.63129492187494 0 233 2.8329 0.0 8.181805246746432 0.0 4.0 
1822 7397928.9 96.92822768220424 81.15966440984415 143.63129492187494 0 233 2.8329 0.0 8.181805246746432 0.0 4.0 
1823 7397962.2 96.92822768220424 81.15966440984415 143.63129492187494 0 233 2.8329 0.0 8.181805246746432 0.0 4.0 
1824 7397995.5 96.92822768220424 81.15966440984415 143.63129492187494 0 233 2.8329 0.0 8.181805246746432 0.0 4.0 
1825 7398028.9 96.92822768220424 81.1611055645574 143.63129492187494 0 233 2.8329 0.0 8.181805246746432 0.0 4.0 
1826 7398062.2 96.92822768220424 81.1611055645574 143.63129492187494 0 233 2.8329 0.0 8.181805246746432 0.0 4.0 
1827 7398095.5 96.92822768220424 81.1611055645574 143.63129492187494 0 233 2.8329 0.0 8.181805246746432 0.0 4.0 
1828 7398128.9 96.93332454408863 81.1611055645574 143.63129492187494 0 233 2.8329 0.0 8.181805246746432 0.0 4.0 
1829 7398162.2 96.93332454408863 81.15930008200947 143.63129492187494 0 233 2.8329 0.0 8.181805246746432 0.0 4.0 
1830 7398195.6 96.93332454408863 81.15930008200947 143.63129492187494 0 233 2.8329 0.0 8.181805246746432 0.0 4.0 
1831 7398228.9 96.93332454408863 81.15930008200947 143.63129492187494 0 233 2.8329 0.0 8.181805246746432 0.0 4.0 
1832 7398262.2 96.9387609199066 81.15590125372485 143.63129492187494 0 233 2.8329 0.0 8.181805246746432 0.0 4.0 
1833 7398295.6 96.9387609199066 81.15590125372485 143.63129492187494 0 233 2.8329 0.0 8.181805246746432 0.0 4.0 
1834 7398328.9 96.9387609199066 81.15590125372485 143.63129492187494 0 233 2.8329 0.0 8.181805246746432 0.0 4.0 
1835 7398362.2 96.9387609199066 81.15590125372485 143.63129492187494 0 233 2.8329 0.0 8.181805246746432 0.0 4.0 
1836 7398395.6 96.94486652464228 81.15590125372485 143.63129492187494 0 233 2.8329 0.0 8.181805246746432 0.0 4.0 
1837 7398428.9 96.94486652464228 81.15333616786216 143.63129492187494 0 233 2.8329 0.0 8.181805246746432 0.0 4.0 
1838 7398462.2 96.94486652464228 81.15333616786216 143.63129492187494 0 233 2.8329 0.0 8.181805246746432 0.0 4.0 
1839 7398495.6 96.94486652464228 81.15333616786216 143.63129492187494 0 233 2.8329 0.0 8.181805246746432 0.0 4.0 
1840 7398528.9 96.95124669228886 81.15333616786216 143.63129492187494 0 233 2.8329 0.0 8.181805246746432 0.0 4.0 
1841 7398562.3 96.95124669228886 81.14993957796682 143.63129492187494 0 233 2.8329 0.0 8.181805246746432 0.0 4.0 
1842 7398595.6 96.95124669228886 81.14993957796682 143.63129492187494 0 233 2.8329 0.0 8.181805246746432 0.0 4.0 
1843 7398628.9 96.954835721982 81.14993957796682 143.63129492187494 0 233 2.8329 0.0 8.181805246746432 0.0 4.0 
1844 7398662.3 96.954835721982 81.14993957796682 143.63129492187494 0 233 2.8329 0.0 8.181805246746432 0.0 4.0 
1845 7398695.6 96.954835721982 81.14993957796682 143.63129492187494 0 233 2.8329 0.0 8.181805246746432 0.0 4.0 
1846 7398728.9 96.9558572604994 81.14993957796682 143.63129492187494 0 233 2.8329 0.0 8.181805246746432 0.0 4.0 
1847 7398762.3 96.9558572604994 81.14993957796682 143.63129492187494 0 233 2.8329 0.0 8.181805246746432 0.0 4.0 
1848 7398795.6 96.9558572604994 81.14993957796682 143.63129492187494 0 233 2.8329 0.0 8.181805246746432 0.0 4.0 
1849 7398828.9 96.95980357314319 81.14993957796682 143.63129492187494 0 233 2.8329 0.0 8.181805246746432 0.0 4.0 
1850 7398862.3 96.95980357314319 81.14481505532953 143.63129492187494 0 233 2.8329 0.0 8.181805246746432 0.0 4.0 
1851 7398895.6 96.95980357314319 81.14481505532953 143.63129492187494 0 233 2.8329 0.0 8.181805246746432 0.0 4.0 
1852 7398928.9 96.97713981686658 81.14481505532953 143.63129492187494 0 233 2.8329 0.0 8.181805246746432 0.0 4.0 
1853 7398962.3 96.97713981686658 81.13910093910559 143.63129492187494 0 233 2.8329 0.0 8.181805246746432 0.0 4.0 
1854 7398995.6 96.97713981686658 81.13910093910559 143.63129492187494 0 233 2.8329 0.0 8.181805246746432 0.0 4.0 
1855 7399029.0 96.97713981686658 81.13910093910559 143.63129492187494 0 233 2.8329 0.0 8.181805246746432 0.0 4.0 
1856 7399062.3 96.98952917725133 81.13910093910559 143.63129492187494 0 233 2.8329 0.0 8.181805246746432 0.0 4.0 
1857 7399095.6 96.98952917725133 81.13910093910559 143.63129492187494 0 233 2.8329 0.0 8.181805246746432 0.0 4.0 
1858 7399129.0 96.98952917725133 81.13910093910559 143.63129492187494 0 233 2.8329 0.0 8.181805246746432 0.0 4.0 
1859 7399162.3 96.99949212918759 81.13910093910559 143.63129492187494 0 233 2.8329 0.0 8.181805246746432 0.0 4.0 
1860 7399195.6 96.99949212918759 81.14285327332848 143.63129492187494 0 233 2.8329 0.0 8.181805246746432 0.0 4.0 
1861 7399229.0 96.99949212918759 81.14285327332848 143.63129492187494 0 233 2.8329 0.0 8.181805246746432 0.0 4.0 
1862 7399262.3 96.99949212918759 81.14285327332848 143.63129492187494 0 233 2.8329 0.0 8.181805246746432 0.0 4.0 
1863 7399295.6 97.01086467572686 81.14285327332848 143.63129492187494 0 233 2.8329 0.0 8.181805246746432 0.0 4.0 
1864 7399329.0 97.01086467572686 81.14479956010028 143.63129492187494 0 233 2.8329 0.0 8.181805246746432 0.0 4.0 
1865 7399362.3 97.01086467572686 81.14479956010028 143.63129492187494 0 233 2.8329 0.0 8.181805246746432 0.0 4.0 
1866 7399395.7 97.01086467572686 81.14479956010028 143.63129492187494 0 233 2.8329 0.0 8.181805246746432 0.0 4.0 
1867 7399429.0 97.0186834797946 81.14901099940414 143.63129492187494 0 233 2.8329 0.0 8.181805246746432 0.0 4.0 
1868 7399462.3 97.0186834797946 81.14901099940414 143.63129492187494 0 233 2.8329 0.0 8.181805246746432 0.0 4.0 
1869 7399495.7 97.0186834797946 81.14901099940414 143.63129492187494 0 233 2.8329 0.0 8.181805246746432 0.0 4.0 
1870 7399529.0 97.0186834797946 81.14901099940414 143.63129492187494 0 233 2.8329 0.0 8.181805246746432 0.0 4.0 
1871 7399562.3 97.03120971444324 81.14901099940414 143.63129492187494 0 233 2.8329 0.0 8.181805246746432 0.0 4.0 
1872 7399595.7 97.03120971444324 81.15025135842455 143.63129492187494 0 233 2.8329 0.0 8.181805246746432 0.0 4.0 
1873 7399629.0 97.03120971444324 81.15025135842455 143.63129492187494 0 233 2.8329 0.0 8.181805246746432 0.0 4.0 
1874 7399662.3 97.03742480539007 81.15025135842455 143.63129492187494 0 233 2.8329 0.0 8.181805246746432 0.0 4.0 
1875 7399695.7 97.03742480539007 81.15582974357945 143.63129492187494 0 233 2.8329 0.0 8.181805246746432 0.0 4.0 
1876 7399729.0 97.03742480539007 81.15582974357945 143.63129492187494 0 233 2.8329 0.0 8.181805246746432 0.0 4.0 
1877 7399762.3 97.03742480539007 81.15582974357945 143.63129492187494 0 233 2.8329 0.0 8.181805246746432 0.0 4.0 
1878 7399795.7 97.04231550077765 81.15989261042684 143.63129492187494 0 233 2.8329 0.0 8.181805246746432 0.0 4.0 
1879 7399829.0 97.04231550077765 81.15989261042684 143.63129492187494 0 233 2.8329 0.0 8.181805246746432 0.0 4.0 
1880 7399862.4 97.04231550077765 81.15989261042684 143.63129492187494 0 233 2.8329 0.0 8.181805246746432 0.0 4.0 
1881 7399895.7 97.04231550077765 81.15989261042684 143.63129492187494 0 233 2.8329 0.0 8.181805246746432 0.0 4.0 
1882 7399929.0 97.04473341531597 81.16119681330242 143.63129492187494 0 233 2.8329 0.0 8.181805246746432 0.0 4.0 
1883 7399962.4 97.04473341531597 81.16119681330242 143.63129492187494 0 233 2.8329 0.0 8.181805246746432 0.0 4.0 
1884 7399995.7 97.04473341531597 81.16119681330242 143.63129492187494 0 233 2.8329 0.0 8.181805246746432 0.0 4.0 
1885 7400029.0 97.04923439809112 81.16119681330242 143.63129492187494 0 233 2.8329 0.0 8.181805246746432 0.0 4.0 
1886 7400062.4 97.04923439809112 81.16239982168169 143.63129492187494 0 233 2.8329 0.0 8.181805246746432 0.0 4.0 
1887 7400095.7 97.04923439809112 81.16239982168169 143.63129492187494 0 233 2.8329 0.0 8.181805246746432 0.0 4.0 
1888 7400129.0 97.04923439809112 81.16239982168169 143.63129492187494 0 233 2.8329 0.0 8.181805246746432 0.0 4.0 
1889 7400162.4 97.0531876481266 81.16350209002923 143.63129492187494 0 233 2.8329 0.0 8.181805246746432 0.0 4.0 
1890 7400195.7 97.0531876481266 81.16350209002923 143.63129492187494 0 233 2.8329 0.0 8.181805246746432 0.0 4.0 
1891 7400229.1 97.0531876481266 81.16350209002923 143.63129492187494 0 233 2.8329 0.0 8.181805246746432 0.0 4.0 
1892 7400262.4 97.0531876481266 81.16350209002923 143.63129492187494 0 233 2.8329 0.0 8.181805246746432 0.0 4.0 
1893 7400295.7 97.06026259924697 81.16944580075477 143.63129492187494 0 233 2.8329 0.0 8.181805246746432 0.0 4.0 
1894 7400329.1 97.06026259924697 81.16944580075477 143.63129492187494 0 233 2.8329 0.0 8.181805246746432 0.0 4.0 
1895 7400362.4 97.06026259924697 81.16944580075477 143.63129492187494 0 233 2.8329 0.0 8.181805246746432 0.0 4.0 
1896 7400395.7 97.06461631104513 81.16944580075477 143.63129492187494 0 233 2.8329 0.0 8.181805246746432 0.0 4.0 
1897 7400429.1 97.06461631104513 81.17703279286839 143.63129492187494 0 233 2.8329 0.0 8.181805246746432 0.0 4.0 
1898 7400462.4 97.06461631104513 81.17703279286839 143.63129492187494 0 233 2.8329 0.0 8.181805246746432 0.0 4.0 
1899 7400495.7 97.06461631104513 81.17703279286839 143.63129492187494 0 233 2.8329 0.0 8.181805246746432 0.0 4.0 
1900 7400529.1 97.06968446208438 81.17703279286839 143.63129492187494 0 233 2.8329 0.0 8.181805246746432 0.0 4.0 
1901 7400562.4 97.06968446208438 81.18740078919708 143.63129492187494 0 233 2.8329 0.0 8.181805246746432 0.0 4.0 
1902 7400595.7 97.06968446208438 81.18740078919708 143.63129492187494 0 233 2.8329 0.0 8.181805246746432 0.0 4.0 
1903 7400629.1 97.06968446208438 81.18740078919708 143.63129492187494 0 233 2.8329 0.0 8.181805246746432 0.0 4.0 
1904 7400662.4 97.07483657716631 81.20088531971972 143.63129492187494 0 233 2.8329 0.0 8.181805246746432 0.0 4.0 
1905 7400695.8 97.07483657716631 81.20088531971972 143.63129492187494 0 233 2.8329 0.0 8.181805246746432 0.0 4.0 
1906 7400729.1 97.07483657716631 81.20088531971972 143.63129492187494 0 233 2.8329 0.0 8.181805246746432 0.0 4.0 
1907 7400762.4 97.07483657716631 81.20088531971972 143.63129492187494 0 233 2.8329 0.0 8.181805246746432 0.0 4.0 
1908 7400795.8 97.07686795705149 81.20088531971972 143.63129492187494 0 233 2.8329 0.0 8.181805246746432 0.0 4.0 
1909 7400829.1 97.07686795705149 81.20985217860016 143.63129492187494 0 233 2.8329 0.0 8.181805246746432 0.0 4.0 
1910 7400862.4 97.07686795705149 81.20985217860016 143.63129492187494 0 233 2.8329 0.0 8.181805246746432 0.0 4.0 
1911 7400895.8 97.07686795705149 81.20985217860016 143.63129492187494 0 233 2.8329 0.0 8.181805246746432 0.0 4.0 
1912 7400929.1 97.07932236877024 81.20985217860016 143.63129492187494 0 233 2.8329 0.0 8.181805246746432 0.0 4.0 
1913 7400962.4 97.07932236877024 81.2213772433408 143.63129492187494 0 233 2.8329 0.0 8.181805246746432 0.0 4.0 
1914 7400995.8 97.07932236877024 81.2213772433408 143.63129492187494 0 233 2.8329 0.0 8.181805246746432 0.0 4.0 
1915 7401029.1 97.07932236877024 81.2213772433408 143.63129492187494 0 233 2.8329 0.0 8.181805246746432 0.0 4.0 
1916 7401062.5 97.08199621914656 81.22589613989601 143.63129492187494 0 233 2.8329 0.0 8.181805246746432 0.0 4.0 
1917 7401095.8 97.08199621914656 81.22589613989601 143.63129492187494 0 233 2.8329 0.0 8.181805246746432 0.0 4.0 
1918 7401129.1 97.08199621914656 81.22589613989601 143.63129492187494 0 233 2.8329 0.0 8.181805246746432 0.0 4.0 
1919 7401162.5 97.08199621914656 81.23280744034004 143.63129492187494 0 233 2.8329 0.0 8.181805246746432 0.0 4.0 
1920 7401195.8 97.08199621914656 81.23280744034004 143.63129492187494 0 233 2.8329 0.0 8.181805246746432 0.0 4.0 
1921 7401229.1 97.08060549450435 81.23280744034004 143.63129492187494 0 233 2.8329 0.0 8.181805246746432 0.0 4.0 
1922 7401262.5 97.08060549450435 81.24346971557405 143.63129492187494 0 233 2.8329 0.0 8.181805246746432 0.0 4.0 
1923 7401295.8 97.08060549450435 81.24346971557405 143.63129492187494 0 233 2.8329 0.0 8.181805246746432 0.0 4.0 
1924 7401329.1 97.07673578178651 81.24346971557405 143.63129492187494 0 233 2.8329 0.0 8.181805246746432 0.0 4.0 
1925 7401362.5 97.07673578178651 81.25034168392537 143.63129492187494 0 233 2.8329 0.0 8.181805246746432 0.0 4.0 
1926 7401395.8 97.07673578178651 81.25034168392537 143.63129492187494 0 233 2.8329 0.0 8.181805246746432 0.0 4.0 
1927 7401429.1 97.07487980993048 81.25545752150964 143.63129492187494 0 233 2.8329 0.0 8.181805246746432 0.0 4.0 
1928 7401462.5 97.07487980993048 81.25545752150964 143.63129492187494 0 233 2.8329 0.0 8.181805246746432 0.0 4.0 
1929 7401495.8 97.07487980993048 81.25545752150964 143.63129492187494 0 233 2.8329 0.0 8.181805246746432 0.0 4.0 
1930 7401529.2 97.07487980993048 81.25805889635451 143.63129492187494 0 233 2.8329 0.0 8.181805246746432 0.0 4.0 
1931 7401562.5 97.07487980993048 81.25805889635451 143.63129492187494 0 233 2.8329 0.0 8.181805246746432 0.0 4.0 
1932 7401595.8 97.07487980993048 81.25805889635451 143.63129492187494 0 233 2.8329 0.0 8.181805246746432 0.0 4.0 
1933 7401629.2 97.07487980993048 81.26260944665322 143.63129492187494 0 233 2.8329 0.0 8.181805246746432 0.0 4.0 
1934 7401662.5 97.07487980993048 81.26260944665322 143.63129492187494 0 233 2.8329 0.0 8.181805246746432 0.0 4.0 
1935 7401695.8 97.07487980993048 81.26949685838869 143.63129492187494 0 233 2.8329 0.0 8.181805246746432 0.0 4.0 
1936 7401729.2 97.07487980993048 81.26949685838869 143.63129492187494 0 233 2.8329 0.0 8.181805246746432 0.0 4.0 
1937 7401762.5 97.07487980993048 81.26949685838869 143.63129492187494 0 233 2.8329 0.0 8.181805246746432 0.0 4.0 
1938 7401795.8 97.07487980993048 81.26949685838869 143.63129492187494 0 233 2.8329 0.0 8.181805246746432 0.0 4.0 
1939 7401829.2 97.07487980993048 81.26949685838869 143.63129492187494 0 233 2.8329 0.0 8.181805246746432 0.0 4.0 
1940 7401862.5 97.07487980993048 81.27428018035687 143.63129492187494 0 233 2.8329 0.0 8.181805246746432 0.0 4.0 
1941 7401895.9 97.07487980993048 81.27428018035687 143.63129492187494 0 233 2.8329 0.0 8.181805246746432 0.0 4.0 
1942 7401929.2 97.07305556132889 81.27428018035687 143.63129492187494 0 233 2.8329 0.0 8.181805246746432 0.0 4.0 
1943 7401962.5 97.07305556132889 81.28001542443101 143.63129492187494 0 233 2.8329 0.0 8.181805246746432 0.0 4.0 
1944 7401995.9 97.07305556132889 81.28001542443101 143.63129492187494 0 233 2.8329 0.0 8.181805246746432 0.0 4.0 
1945 7402029.2 97.06631681860753 81.28001542443101 143.63129492187494 0 233 2.8329 0.0 8.181805246746432 0.0 4.0 
1946 7402062.5 97.06631681860753 81.28764207594465 143.63129492187494 0 233 2.8329 0.0 8.181805246746432 0.0 4.0 
1947 7402095.9 97.06631681860753 81.28764207594465 143.63129492187494 0 233 2.8329 0.0 8.181805246746432 0.0 4.0 
1948 7402129.2 97.06631681860753 81.28764207594465 143.63129492187494 0 233 2.8329 0.0 8.181805246746432 0.0 4.0 
1949 7402162.5 97.06297348565337 81.29473629160573 143.63129492187494 0 233 2.8329 0.0 8.181805246746432 0.0 4.0 
1950 7402195.9 97.06297348565337 81.29473629160573 143.63129492187494 0 233 2.8329 0.0 8.181805246746432 0.0 4.0 
1951 7402229.2 97.06297348565337 81.29473629160573 143.63129492187494 0 233 2.8329 0.0 8.181805246746432 0.0 4.0 
1952 7402262.5 97.06297348565337 81.29473629160573 143.63129492187494 0 233 2.8329 0.0 8.181805246746432 0.0 4.0 
1953 7402295.9 97.06033758034813 81.29473629160573 143.63129492187494 0 233 2.8329 0.0 8.181805246746432 0.0 4.0 
1954 7402329.2 97.06033758034813 81.29885984869807 143.63129492187494 0 233 2.8329 0.0 8.181805246746432 0.0 4.0 
1955 7402362.6 97.06033758034813 81.29885984869807 143.63129492187494 0 233 2.8329 0.0 8.181805246746432 0.0 4.0 
1956 7402395.9 97.06033758034813 81.29885984869807 143.63129492187494 0 233 2.8329 0.0 8.181805246746432 0.0 4.0 
1957 7402429.2 97.06033758034813 81.3058835155544 143.63129492187494 0 233 2.8329 0.0 8.181805246746432 0.0 4.0 
1958 7402462.6 97.06033758034813 81.3058835155544 143.63129492187494 0 233 2.8329 0.0 8.181805246746432 0.0 4.0 
1959 7402495.9 97.06033758034813 81.3058835155544 143.63129492187494 0 233 2.8329 0.0 8.181805246746432 0.0 4.0 
1960 7402529.2 97.0589081651783 81.3058835155544 143.63129492187494 0 233 2.8329 0.0 8.181805246746432 0.0 4.0 
1961 7402562.6 97.0589081651783 81.3058835155544 143.63129492187494 0 233 2.8329 0.0 8.181805246746432 0.0 4.0 
1962 7402595.9 97.0589081651783 81.30887737820738 143.63129492187494 0 233 2.8329 0.0 8.181805246746432 0.0 4.0 
1963 7402629.2 97.0589081651783 81.30887737820738 143.63129492187494 0 233 2.8329 0.0 8.181805246746432 0.0 4.0 
1964 7402662.6 97.0589081651783 81.30887737820738 143.63129492187494 0 233 2.8329 0.0 8.181805246746432 0.0 4.0 
1965 7402695.9 97.05570095752918 81.30887737820738 143.63129492187494 0 233 2.8329 0.0 8.181805246746432 0.0 4.0 
1966 7402729.3 97.05570095752918 81.30887737820738 143.63129492187494 0 233 2.8329 0.0 8.181805246746432 0.0 4.0 
1967 7402762.6 97.05570095752918 81.30887737820738 143.63129492187494 0 233 2.8329 0.0 8.181805246746432 0.0 4.0 
1968 7402795.9 97.05670175220096 81.30887737820738 143.63129492187494 0 233 2.8329 0.0 8.181805246746432 0.0 4.0 
1969 7402829.3 97.05670175220096 81.31507556113127 143.63129492187494 0 233 2.8329 0.0 8.181805246746432 0.0 4.0 
1970 7402862.6 97.05670175220096 81.31507556113127 143.63129492187494 0 233 2.8329 0.0 8.181805246746432 0.0 4.0 
1971 7402895.9 97.05670175220096 81.31507556113127 143.63129492187494 0 233 2.8329 0.0 8.181805246746432 0.0 4.0 
1972 7402929.3 97.05994133640222 81.32211358351353 143.63129492187494 0 233 2.8329 0.0 8.181805246746432 0.0 4.0 
1973 7402962.6 97.05994133640222 81.32211358351353 143.63129492187494 0 233 2.8329 0.0 8.181805246746432 0.0 4.0 
1974 7402995.9 97.05994133640222 81.32211358351353 143.63129492187494 0 233 2.8329 0.0 8.181805246746432 0.0 4.0 
1975 7403029.3 97.05994133640222 81.32211358351353 143.63129492187494 0 233 2.8329 0.0 8.181805246746432 0.0 4.0 
1976 7403062.6 97.06472653423721 81.32211358351353 143.63129492187494 0 233 2.8329 0.0 8.181805246746432 0.0 4.0 
1977 7403095.9 97.06472653423721 81.32740772216926 143.63129492187494 0 233 2.8329 0.0 8.181805246746432 0.0 4.0 
1978 7403129.3 97.06472653423721 81.32740772216926 143.63129492187494 0 233 2.8329 0.0 8.181805246746432 0.0 4.0 
1979 7403162.6 97.06670502424231 81.32740772216926 143.63129492187494 0 233 2.8329 0.0 8.181805246746432 0.0 4.0 
1980 7403196.0 97.06670502424231 81.32740772216926 143.63129492187494 0 233 2.8329 0.0 8.181805246746432 0.0 4.0 
1981 7403229.3 97.06670502424231 81.32740772216926 143.63129492187494 0 233 2.8329 0.0 8.181805246746432 0.0 4.0 
1982 7403262.6 97.06670502424231 81.32740772216926 143.63129492187494 0 233 2.8329 0.0 8.181805246746432 0.0 4.0 
1983 7403296.0 97.06670502424231 81.32740772216926 143.63129492187494 0 233 2.8329 0.0 8.181805246746432 0.0 4.0 
1984 7403329.3 97.06949545478219 81.32740772216926 143.63129492187494 0 233 2.8329 0.0 8.181805246746432 0.0 4.0 
1985 7403362.6 97.06949545478219 81.32740772216926 143.63129492187494 0 233 2.8329 0.0 8.181805246746432 0.0 4.0 
1986 7403396.0 97.06949545478219 81.32740772216926 143.63129492187494 0 233 2.8329 0.0 8.181805246746432 0.0 4.0 
1987 7403429.3 97.06949545478219 81.32740772216926 143.63129492187494 0 233 2.8329 0.0 8.181805246746432 0.0 4.0 
1988 7403462.6 97.06949545478219 81.32543342917589 143.63129492187494 0 233 2.8329 0.0 8.181805246746432 0.0 4.0 
1989 7403496.0 97.06949545478219 81.32543342917589 143.63129492187494 0 233 2.8329 0.0 8.181805246746432 0.0 4.0 
1990 7403529.3 97.06949545478219 81.32806954740897 143.63129492187494 0 233 2.8329 0.0 8.181805246746432 0.0 4.0 
1991 7403562.7 97.06949545478219 81.32806954740897 143.63129492187494 0 233 2.8329 0.0 8.181805246746432 0.0 4.0 
1992 7403596.0 97.06949545478219 81.32806954740897 143.63129492187494 0 233 2.8329 0.0 8.181805246746432 0.0 4.0 
1993 7403629.3 97.06618712385801 81.32448676659064 143.63129492187494 0 233 2.8329 0.0 8.181805246746432 0.0 4.0 
1994 7403662.7 97.06618712385801 81.32448676659064 143.63129492187494 0 233 2.8329 0.0 8.181805246746432 0.0 4.0 
1995 7403696.0 97.06618712385801 81.32448676659064 143.63129492187494 0 233 2.8329 0.0 8.181805246746432 0.0 4.0 
1996 7403729.3 97.05954976106958 81.32448676659064 143.63129492187494 0 233 2.8329 0.0 8.181805246746432 0.0 4.0 
1997 7403762.7 97.05954976106958 81.33213758180824 143.63129492187494 0 233 2.8329 0.0 8.181805246746432 0.0 4.0 
1998 7403796.0 97.05954976106958 81.33213758180824 143.63129492187494 0 233 2.8329 0.0 8.181805246746432 0.0 4.0 
1999 7403829.3 97.05954976106958 81.33213758180824 143.63129492187494 0 233 2.8329 0.0 8.181805246746432 0.0 4.0 
2000 7403862.7 97.05255985601491 81.33213758180824 143.63129492187494 0 233 2.8329 0.0 8.181805246746432 0.0 4.0 
2001 7403896.0 97.05255985601491 81.34276845014345 143.63129492187494 0 233 2.8329 0.0 8.181805246746432 0.0 4.0 
2002 7403929.3 97.05255985601491 81.34276845014345 143.63129492187494 0 233 2.8329 0.0 8.181805246746432 0.0 4.0 
2003 7403962.7 97.04539566300873 81.34276845014345 143.63129492187494 0 233 2.8329 0.0 8.181805246746432 0.0 4.0 
2004 7403996.0 97.04539566300873 81.35163797358605 143.63129492187494 0 233 2.8329 0.0 8.181805246746432 0.0 4.0 
2005 7404029.4 97.04539566300873 81.35163797358605 143.63129492187494 0 233 2.8329 0.0 8.181805246746432 0.0 4.0 
2006 7404062.7 97.04539566300873 81.35163797358605 143.63129492187494 0 233 2.8329 0.0 8.181805246746432 0.0 4.0 
2007 7404096.0 97.04417961994287 81.35163797358605 143.63129492187494 0 233 2.8329 0.0 8.181805246746432 0.0 4.0 
2008 7404129.4 97.04417961994287 81.35540952020457 143.63129492187494 0 233 2.8329 0.0 8.181805246746432 0.0 4.0 
2009 7404162.7 97.04417961994287 81.35540952020457 143.63129492187494 0 233 2.8329 0.0 8.181805246746432 0.0 4.0 
2010 7404196.0 97.04271970289719 81.35540952020457 143.63129492187494 0 233 2.8329 0.0 8.181805246746432 0.0 4.0 
2011 7404229.4 97.04271970289719 81.36017517849946 143.63129492187494 0 233 2.8329 0.0 8.181805246746432 0.0 4.0 
2012 7404262.7 97.04271970289719 81.36017517849946 143.63129492187494 0 233 2.8329 0.0 8.181805246746432 0.0 4.0 
2013 7404296.0 97.04271970289719 81.36017517849946 143.63129492187494 0 233 2.8329 0.0 8.181805246746432 0.0 4.0 
2014 7404329.4 97.04136542614995 81.36017517849946 143.63129492187494 0 233 2.8329 0.0 8.181805246746432 0.0 4.0 
2015 7404362.7 97.04136542614995 81.36390823276805 143.63129492187494 0 233 2.8329 0.0 8.181805246746432 0.0 4.0 
2016 7404396.1 97.04136542614995 81.36390823276805 143.63129492187494 0 233 2.8329 0.0 8.181805246746432 0.0 4.0 
2017 7404429.4 97.04136542614995 81.36390823276805 143.63129492187494 0 233 2.8329 0.0 8.181805246746432 0.0 4.0 
2018 7404462.7 97.04020845836484 81.3665643748986 143.63129492187494 0 233 2.8329 0.0 8.181805246746432 0.0 4.0 
2019 7404496.1 97.04020845836484 81.3665643748986 143.63129492187494 0 233 2.8329 0.0 8.181805246746432 0.0 4.0 
2020 7404529.4 97.03566919874285 81.37421278975444 143.63129492187494 0 233 2.8329 0.0 8.181805246746432 0.0 4.0 
2021 7404562.7 97.03566919874285 81.37421278975444 143.63129492187494 0 233 2.8329 0.0 8.181805246746432 0.0 4.0 
2022 7404596.1 97.03566919874285 81.37421278975444 143.63129492187494 0 233 2.8329 0.0 8.181805246746432 0.0 4.0 
2023 7404629.4 97.03432217644921 81.37421278975444 143.63129492187494 0 233 2.8329 0.0 8.181805246746432 0.0 4.0 
2024 7404662.7 97.03432217644921 81.37132648819849 143.63129492187494 0 233 2.8329 0.0 8.181805246746432 0.0 4.0 
2025 7404696.1 97.03432217644921 81.37132648819849 143.63129492187494 0 233 2.8329 0.0 8.181805246746432 0.0 4.0 
2026 7404729.4 97.03052778772505 81.37132648819849 143.63129492187494 0 233 2.8329 0.0 8.181805246746432 0.0 4.0 
2027 7404762.7 97.03052778772505 81.38169837169701 143.63129492187494 0 233 2.8329 0.0 8.181805246746432 0.0 4.0 
2028 7404796.1 97.03052778772505 81.38169837169701 143.63129492187494 0 233 2.8329 0.0 8.181805246746432 0.0 4.0 
2029 7404829.4 97.03052778772505 81.38169837169701 143.63129492187494 0 233 2.8329 0.0 8.181805246746432 0.0 4.0 
2030 7404862.8 97.02855278387766 81.38401491817831 143.63129492187494 0 233 2.8329 0.0 8.181805246746432 0.0 4.0 
2031 7404896.1 97.02855278387766 81.38401491817831 143.63129492187494 0 233 2.8329 0.0 8.181805246746432 0.0 4.0 
2032 7404929.4 97.02967598421093 81.38401491817831 143.63129492187494 0 233 2.8329 0.0 8.181805246746432 0.0 4.0 
2033 7404962.8 97.02967598421093 81.38881912911246 143.63129492187494 0 233 2.8329 0.0 8.181805246746432 0.0 4.0 
2034 7404996.1 97.02967598421093 81.38881912911246 143.63129492187494 0 233 2.8329 0.0 8.181805246746432 0.0 4.0 
2035 7405029.4 97.02967598421093 81.38881912911246 143.63129492187494 0 233 2.8329 0.0 8.181805246746432 0.0 4.0 
2036 7405062.8 97.03154538240878 81.38881912911246 143.63129492187494 0 233 2.8329 0.0 8.181805246746432 0.0 4.0 
2037 7405096.1 97.03154538240878 81.39129205596458 143.63129492187494 0 233 2.8329 0.0 8.181805246746432 0.0 4.0 
2038 7405129.4 97.03154538240878 81.39129205596458 143.63129492187494 0 233 2.8329 0.0 8.181805246746432 0.0 4.0 
2039 7405162.8 97.03154538240878 81.39129205596458 143.63129492187494 0 233 2.8329 0.0 8.181805246746432 0.0 4.0 
2040 7405196.1 97.03154538240878 81.39637054286702 143.63129492187494 0 233 2.8329 0.0 8.181805246746432 0.0 4.0 
2041 7405229.5 97.03154538240878 81.39637054286702 143.63129492187494 0 233 2.8329 0.0 8.181805246746432 0.0 4.0 
2042 7405262.8 97.03154538240878 81.39637054286702 143.63129492187494 0 233 2.8329 0.0 8.181805246746432 0.0 4.0 
2043 7405296.1 97.03050999885122 81.39637054286702 143.63129492187494 0 233 2.8329 0.0 8.181805246746432 0.0 4.0 
2044 7405329.5 97.03050999885122 81.39637054286702 143.63129492187494 0 233 2.8329 0.0 8.181805246746432 0.0 4.0 
2045 7405362.8 97.02763444523852 81.39840699727351 143.63129492187494 0 233 2.8329 0.0 8.181805246746432 0.0 4.0 
2046 7405396.1 97.02763444523852 81.39840699727351 143.63129492187494 0 233 2.8329 0.0 8.181805246746432 0.0 4.0 
2047 7405429.5 97.02763444523852 81.39840699727351 143.63129492187494 0 233 2.8329 0.0 8.181805246746432 0.0 4.0 
2048 7405462.8 97.02506991088556 81.39840699727351 143.63129492187494 0 233 2.8329 0.0 8.181805246746432 0.0 4.0 
2049 7405496.1 97.02506991088556 81.40147773663529 143.63129492187494 0 233 2.8329 0.0 8.181805246746432 0.0 4.0 
2050 7405529.5 97.02506991088556 81.40147773663529 143.63129492187494 0 233 2.8329 0.0 8.181805246746432 0.0 4.0 
2051 7405562.8 97.02506991088556 81.40147773663529 143.63129492187494 0 233 2.8329 0.0 8.181805246746432 0.0 4.0 
2052 7405596.1 97.02609696991823 81.40696972020952 143.63129492187494 0 233 2.8329 0.0 8.181805246746432 0.0 4.0 
2053 7405629.5 97.02609696991823 81.40696972020952 143.63129492187494 0 233 2.8329 0.0 8.181805246746432 0.0 4.0 
2054 7405662.8 97.02609696991823 81.40696972020952 143.63129492187494 0 233 2.8329 0.0 8.181805246746432 0.0 4.0 
2055 7405696.2 97.02609696991823 81.40696972020952 143.63129492187494 0 233 2.8329 0.0 8.181805246746432 0.0 4.0 
2056 7405729.5 97.03143789858656 81.40696972020952 143.63129492187494 0 233 2.8329 0.0 8.181805246746432 0.0 4.0 
2057 7405762.8 97.03143789858656 81.41859647740817 143.63129492187494 0 233 2.8329 0.0 8.181805246746432 0.0 4.0 
2058 7405796.2 97.03143789858656 81.41859647740817 143.63129492187494 0 233 2.8329 0.0 8.181805246746432 0.0 4.0 
2059 7405829.5 97.0360136199254 81.41859647740817 143.63129492187494 0 233 2.8329 0.0 8.181805246746432 0.0 4.0 
2060 7405862.8 97.0360136199254 81.42314262078047 143.63129492187494 0 233 2.8329 0.0 8.181805246746432 0.0 4.0 
2061 7405896.2 97.0360136199254 81.42314262078047 143.63129492187494 0 233 2.8329 0.0 8.181805246746432 0.0 4.0 
2062 7405929.5 97.0360136199254 81.42314262078047 143.63129492187494 0 233 2.8329 0.0 8.181805246746432 0.0 4.0 
2063 7405962.8 97.03851062216417 81.42314262078047 143.63129492187494 0 233 2.8329 0.0 8.181805246746432 0.0 4.0 
2064 7405996.2 97.03851062216417 81.4293297705795 143.63129492187494 0 233 2.8329 0.0 8.181805246746432 0.0 4.0 
2065 7406029.5 97.03851062216417 81.4293297705795 143.63129492187494 0 233 2.8329 0.0 8.181805246746432 0.0 4.0 
2066 7406062.9 97.04219310608347 81.43807429912832 143.63129492187494 0 233 2.8329 0.0 8.181805246746432 0.0 4.0 
2067 7406096.2 97.04219310608347 81.43807429912832 143.63129492187494 0 233 2.8329 0.0 8.181805246746432 0.0 4.0 
2068 7406129.5 97.04219310608347 81.43807429912832 143.63129492187494 0 233 2.8329 0.0 8.181805246746432 0.0 4.0 
2069 7406162.9 97.04458243936455 81.43807429912832 143.63129492187494 0 233 2.8329 0.0 8.181805246746432 0.0 4.0 
2070 7406196.2 97.04458243936455 81.44593022599598 143.63129492187494 0 233 2.8329 0.0 8.181805246746432 0.0 4.0 
2071 7406229.5 97.04458243936455 81.44593022599598 143.63129492187494 0 233 2.8329 0.0 8.181805246746432 0.0 4.0 
2072 7406262.9 97.04458243936455 81.45253811061274 143.63129492187494 0 233 2.8329 0.0 8.181805246746432 0.0 4.0 
2073 7406296.2 97.04458243936455 81.45253811061274 143.63129492187494 0 233 2.8329 0.0 8.181805246746432 0.0 4.0 
2074 7406329.5 97.04458243936455 81.45253811061274 143.63129492187494 0 233 2.8329 0.0 8.181805246746432 0.0 4.0 
2075 7406362.9 97.047800515162 81.45253811061274 143.63129492187494 0 233 2.8329 0.0 8.181805246746432 0.0 4.0 
2076 7406396.2 97.047800515162 81.45809630770178 143.63129492187494 0 233 2.8329 0.0 8.181805246746432 0.0 4.0 
2077 7406429.5 97.047800515162 81.45809630770178 143.63129492187494 0 233 2.8329 0.0 8.181805246746432 0.0 4.0 
2078 7406462.9 97.047800515162 81.45809630770178 143.63129492187494 0 233 2.8329 0.0 8.181805246746432 0.0 4.0 
2079 7406496.2 97.05310411569842 81.46651809084344 143.63129492187494 0 233 2.8329 0.0 8.181805246746432 0.0 4.0 
2080 7406529.6 97.05310411569842 81.46651809084344 143.63129492187494 0 233 2.8329 0.0 8.181805246746432 0.0 4.0 
2081 7406562.9 97.05310411569842 81.46651809084344 143.63129492187494 0 233 2.8329 0.0 8.181805246746432 0.0 4.0 
2082 7406596.2 97.05310411569842 81.46651809084344 143.63129492187494 0 233 2.8329 0.0 8.181805246746432 0.0 4.0 
2083 7406629.6 97.05713330541062 81.46651809084344 143.63129492187494 0 233 2.8329 0.0 8.181805246746432 0.0 4.0 
2084 7406662.9 97.05713330541062 81.47264129353013 143.63129492187494 0 233 2.8329 0.0 8.181805246746432 0.0 4.0 
2085 7406696.2 97.05713330541062 81.47264129353013 143.63129492187494 0 233 2.8329 0.0 8.181805246746432 0.0 4.0 
2086 7406729.6 97.06194672477704 81.47264129353013 143.63129492187494 0 233 2.8329 0.0 8.181805246746432 0.0 4.0 
2087 7406762.9 97.06194672477704 81.47945561755434 143.63129492187494 0 233 2.8329 0.0 8.181805246746432 0.0 4.0 
2088 7406796.2 97.06194672477704 81.47945561755434 143.63129492187494 0 233 2.8329 0.0 8.181805246746432 0.0 4.0 
2089 7406829.6 97.06194672477704 81.47945561755434 143.63129492187494 0 233 2.8329 0.0 8.181805246746432 0.0 4.0 
2090 7406862.9 97.06685745830812 81.47945561755434 143.63129492187494 0 233 2.8329 0.0 8.181805246746432 0.0 4.0 
2091 7406896.3 97.06685745830812 81.48450615679143 143.63129492187494 0 233 2.8329 0.0 8.181805246746432 0.0 4.0 
2092 7406929.6 97.06685745830812 81.48450615679143 143.63129492187494 0 233 2.8329 0.0 8.181805246746432 0.0 4.0 
2093 7406962.9 97.07233724592207 81.49088684929546 143.63129492187494 0 233 2.8329 0.0 8.181805246746432 0.0 4.0 
2094 7406996.3 97.07233724592207 81.49088684929546 143.63129492187494 0 233 2.8329 0.0 8.181805246746432 0.0 4.0 
2095 7407029.6 97.07233724592207 81.49088684929546 143.63129492187494 0 233 2.8329 0.0 8.181805246746432 0.0 4.0 
2096 7407062.9 97.07822925219543 81.49088684929546 143.63129492187494 0 233 2.8329 0.0 8.181805246746432 0.0 4.0 
2097 7407096.3 97.07822925219543 81.49544329121775 143.63129492187494 0 233 2.8329 0.0 8.181805246746432 0.0 4.0 
2098 7407129.6 97.07822925219543 81.49544329121775 143.63129492187494 0 233 2.8329 0.0 8.181805246746432 0.0 4.0 
2099 7407162.9 97.07822925219543 81.49544329121775 143.63129492187494 0 233 2.8329 0.0 8.181805246746432 0.0 4.0 
2100 7407196.3 97.08526033219033 81.49927885588608 143.63129492187494 0 233 2.8329 0.0 8.181805246746432 0.0 4.0 
2101 7407229.6 97.08526033219033 81.49927885588608 143.63129492187494 0 233 2.8329 0.0 8.181805246746432 0.0 4.0 
2102 7407262.9 97.08526033219033 81.49927885588608 143.63129492187494 0 233 2.8329 0.0 8.181805246746432 0.0 4.0 
2103 7407296.3 97.09248085375056 81.49927885588608 143.63129492187494 0 233 2.8329 0.0 8.181805246746432 0.0 4.0 
2104 7407329.6 97.09248085375056 81.50546034092834 143.63129492187494 0 233 2.8329 0.0 8.181805246746432 0.0 4.0 
2105 7407363.0 97.09248085375056 81.50546034092834 143.63129492187494 0 233 2.8329 0.0 8.181805246746432 0.0 4.0 
2106 7407396.3 97.09248085375056 81.50546034092834 143.63129492187494 0 233 2.8329 0.0 8.181805246746432 0.0 4.0 
2107 7407429.6 97.096830306159 81.50546034092834 143.63129492187494 0 233 2.8329 0.0 8.181805246746432 0.0 4.0 
2108 7407463.0 97.096830306159 81.5148669424495 143.63129492187494 0 233 2.8329 0.0 8.181805246746432 0.0 4.0 
2109 7407496.3 97.096830306159 81.5148669424495 143.63129492187494 0 233 2.8329 0.0 8.181805246746432 0.0 4.0 
2110 7407529.6 97.10069542500847 81.5148669424495 143.63129492187494 0 233 2.8329 0.0 8.181805246746432 0.0 4.0 
2111 7407563.0 97.10069542500847 81.52495847207251 143.63129492187494 0 233 2.8329 0.0 8.181805246746432 0.0 4.0 
2112 7407596.3 97.10069542500847 81.52495847207251 143.63129492187494 0 233 2.8329 0.0 8.181805246746432 0.0 4.0 
2113 7407629.6 97.10069542500847 81.52495847207251 143.63129492187494 0 233 2.8329 0.0 8.181805246746432 0.0 4.0 
2114 7407663.0 97.10250321577206 81.52495847207251 143.63129492187494 0 233 2.8329 0.0 8.181805246746432 0.0 4.0 
2115 7407696.3 97.10250321577206 81.52495847207251 143.63129492187494 0 233 2.8329 0.0 8.181805246746432 0.0 4.0 
2116 7407729.7 97.10516731813709 81.52495847207251 143.63129492187494 0 233 2.8329 0.0 8.181805246746432 0.0 4.0 
2117 7407763.0 97.10516731813709 81.52495847207251 143.63129492187494 0 233 2.8329 0.0 8.181805246746432 0.0 4.0 
2118 7407796.3 97.10714673671386 81.52495847207251 143.63129492187494 0 233 2.8329 0.0 8.181805246746432 0.0 4.0 
2119 7407829.7 97.10714673671386 81.52678714950659 143.63129492187494 0 233 2.8329 0.0 8.181805246746432 0.0 4.0 
2120 7407863.0 97.10714673671386 81.52678714950659 143.63129492187494 0 233 2.8329 0.0 8.181805246746432 0.0 4.0 
2121 7407896.3 97.10714673671386 81.52678714950659 143.63129492187494 0 233 2.8329 0.0 8.181805246746432 0.0 4.0 
2122 7407929.7 97.11008917476084 81.52678714950659 143.63129492187494 0 233 2.8329 0.0 8.181805246746432 0.0 4.0 
2123 7407963.0 97.11008917476084 81.53258416327458 143.63129492187494 0 233 2.8329 0.0 8.181805246746432 0.0 4.0 
2124 7407996.3 97.11008917476084 81.53258416327458 143.63129492187494 0 233 2.8329 0.0 8.181805246746432 0.0 4.0 
2125 7408029.7 97.11536434581055 81.53807216374405 143.63129492187494 0 233 2.8329 0.0 8.181805246746432 0.0 4.0 
2126 7408063.0 97.11536434581055 81.53807216374405 143.63129492187494 0 233 2.8329 0.0 8.181805246746432 0.0 4.0 
2127 7408096.3 97.11536434581055 81.53807216374405 143.63129492187494 0 233 2.8329 0.0 8.181805246746432 0.0 4.0 
2128 7408129.7 97.11807899409372 81.53807216374405 143.63129492187494 0 233 2.8329 0.0 8.181805246746432 0.0 4.0 
2129 7408163.0 97.11807899409372 81.54199623712229 143.63129492187494 0 233 2.8329 0.0 8.181805246746432 0.0 4.0 
2130 7408196.4 97.11807899409372 81.54199623712229 143.63129492187494 0 233 2.8329 0.0 8.181805246746432 0.0 4.0 
2131 7408229.7 97.11807899409372 81.54199623712229 143.63129492187494 0 233 2.8329 0.0 8.181805246746432 0.0 4.0 
2132 7408263.0 97.1222564932396 81.54199623712229 143.63129492187494 0 233 2.8329 0.0 8.181805246746432 0.0 4.0 
2133 7408296.4 97.1222564932396 81.55152767871596 143.63129492187494 0 233 2.8329 0.0 8.181805246746432 0.0 4.0 
2134 7408329.7 97.1222564932396 81.55152767871596 143.63129492187494 0 233 2.8329 0.0 8.181805246746432 0.0 4.0 
2135 7408363.0 97.12838063988852 81.5574499547632 143.63129492187494 0 233 2.8329 0.0 8.181805246746432 0.0 4.0 
2136 7408396.4 97.12838063988852 81.5574499547632 143.63129492187494 0 233 2.8329 0.0 8.181805246746432 0.0 4.0 
2137 7408429.7 97.12838063988852 81.5574499547632 143.63129492187494 0 233 2.8329 0.0 8.181805246746432 0.0 4.0 
2138 7408463.0 97.1346542513119 81.5574499547632 143.63129492187494 0 233 2.8329 0.0 8.181805246746432 0.0 4.0 
2139 7408496.4 97.1346542513119 81.5574499547632 143.63129492187494 0 233 2.8329 0.0 8.181805246746432 0.0 4.0 
2140 7408529.7 97.1346542513119 81.5574499547632 143.63129492187494 0 233 2.8329 0.0 8.181805246746432 0.0 4.0 
2141 7408563.1 97.13874349457771 81.5574499547632 143.63129492187494 0 233 2.8329 0.0 8.181805246746432 0.0 4.0 
2142 7408596.4 97.13874349457771 81.56034599936031 143.63129492187494 0 233 2.8329 0.0 8.181805246746432 0.0 4.0 
2143 7408629.7 97.13874349457771 81.56034599936031 143.63129492187494 0 233 2.8329 0.0 8.181805246746432 0.0 4.0 
2144 7408663.1 97.14291433314644 81.56034599936031 143.63129492187494 0 233 2.8329 0.0 8.181805246746432 0.0 4.0 
2145 7408696.4 97.14291433314644 81.5648135047935 143.63129492187494 0 233 2.8329 0.0 8.181805246746432 0.0 4.0 
2146 7408729.7 97.14291433314644 81.5648135047935 143.63129492187494 0 233 2.8329 0.0 8.181805246746432 0.0 4.0 
2147 7408763.1 97.14573681848681 81.56689316511778 143.63129492187494 0 233 2.8329 0.0 8.181805246746432 0.0 4.0 
2148 7408796.4 97.14573681848681 81.56689316511778 143.63129492187494 0 233 2.8329 0.0 8.181805246746432 0.0 4.0 
2149 7408829.7 97.14573681848681 81.56689316511778 143.63129492187494 0 233 2.8329 0.0 8.181805246746432 0.0 4.0 
2150 7408863.1 97.14706878538352 81.56924480231632 143.63129492187494 0 233 2.8329 0.0 8.181805246746432 0.0 4.0 
2151 7408896.4 97.14706878538352 81.56924480231632 143.63129492187494 0 233 2.8329 0.0 8.181805246746432 0.0 4.0 
2152 7408929.7 97.14706878538352 81.56924480231632 143.63129492187494 0 233 2.8329 0.0 8.181805246746432 0.0 4.0 
2153 7408963.1 97.1509890490301 81.56924480231632 143.63129492187494 0 233 2.8329 0.0 8.181805246746432 0.0 4.0 
2154 7408996.4 97.1509890490301 81.57358955588431 143.63129492187494 0 233 2.8329 0.0 8.181805246746432 0.0 4.0 
2155 7409029.8 97.1509890490301 81.57358955588431 143.63129492187494 0 233 2.8329 0.0 8.181805246746432 0.0 4.0 
2156 7409063.1 97.15337934271042 81.57358955588431 143.63129492187494 0 233 2.8329 0.0 8.181805246746432 0.0 4.0 
2157 7409096.4 97.15337934271042 81.57870314419964 143.63129492187494 0 233 2.8329 0.0 8.181805246746432 0.0 4.0 
2158 7409129.8 97.15337934271042 81.57870314419964 143.63129492187494 0 233 2.8329 0.0 8.181805246746432 0.0 4.0 
2159 7409163.1 97.15337934271042 81.57870314419964 143.63129492187494 0 233 2.8329 0.0 8.181805246746432 0.0 4.0 
2160 7409196.4 97.1568681040537 81.57870314419964 143.63129492187494 0 233 2.8329 0.0 8.181805246746432 0.0 4.0 
2161 7409229.8 97.1568681040537 81.58345222920208 143.63129492187494 0 233 2.8329 0.0 8.181805246746432 0.0 4.0 
2162 7409263.1 97.1568681040537 81.58345222920208 143.63129492187494 0 233 2.8329 0.0 8.181805246746432 0.0 4.0 
2163 7409296.4 97.1568681040537 81.58345222920208 143.63129492187494 0 233 2.8329 0.0 8.181805246746432 0.0 4.0 
2164 7409329.8 97.15985536317615 81.58345222920208 143.63129492187494 0 233 2.8329 0.0 8.181805246746432 0.0 4.0 
2165 7409363.1 97.15985536317615 81.59337925255204 143.63129492187494 0 233 2.8329 0.0 8.181805246746432 0.0 4.0 
2166 7409396.5 97.15985536317615 81.59337925255204 143.63129492187494 0 233 2.8329 0.0 8.181805246746432 0.0 4.0 
2167 7409429.8 97.16346169335102 81.59337925255204 143.63129492187494 0 233 2.8329 0.0 8.181805246746432 0.0 4.0 
2168 7409463.1 97.16346169335102 81.60646253385909 143.63129492187494 0 233 2.8329 0.0 8.181805246746432 0.0 4.0 
2169 7409496.5 97.16346169335102 81.60646253385909 143.63129492187494 0 233 2.8329 0.0 8.181805246746432 0.0 4.0 
2170 7409529.8 97.16628102524024 81.60646253385909 143.63129492187494 0 233 2.8329 0.0 8.181805246746432 0.0 4.0 
2171 7409563.1 97.16628102524024 81.61300631116606 143.63129492187494 0 233 2.8329 0.0 8.181805246746432 0.0 4.0 
2172 7409596.5 97.16628102524024 81.61300631116606 143.63129492187494 0 233 2.8329 0.0 8.181805246746432 0.0 4.0 
2173 7409629.8 97.16628102524024 81.61300631116606 143.63129492187494 0 233 2.8329 0.0 8.181805246746432 0.0 4.0 
2174 7409663.1 97.1724439832048 81.61300631116606 143.63129492187494 0 233 2.8329 0.0 8.181805246746432 0.0 4.0 
2175 7409696.5 97.1724439832048 81.62416135986406 143.63129492187494 0 233 2.8329 0.0 8.181805246746432 0.0 4.0 
2176 7409729.8 97.1724439832048 81.62416135986406 143.63129492187494 0 233 2.8329 0.0 8.181805246746432 0.0 4.0 
2177 7409763.1 97.1724439832048 81.62416135986406 143.63129492187494 0 233 2.8329 0.0 8.181805246746432 0.0 4.0 
2178 7409796.5 97.1754920478283 81.62416135986406 143.63129492187494 0 233 2.8329 0.0 8.181805246746432 0.0 4.0 
2179 7409829.8 97.1754920478283 81.62573844372362 143.63129492187494 0 233 2.8329 0.0 8.181805246746432 0.0 4.0 
2180 7409863.2 97.1754920478283 81.62573844372362 143.63129492187494 0 233 2.8329 0.0 8.181805246746432 0.0 4.0 
2181 7409896.5 97.1754920478283 81.62573844372362 143.63129492187494 0 233 2.8329 0.0 8.181805246746432 0.0 4.0 
2182 7409929.8 97.17736564249148 81.64231417572881 143.63129492187494 0 233 2.8329 0.0 8.181805246746432 0.0 4.0 
2183 7409963.2 97.17736564249148 81.64231417572881 143.63129492187494 0 233 2.8329 0.0 8.181805246746432 0.0 4.0 
2184 7409996.5 97.17736564249148 81.64231417572881 143.63129492187494 0 233 2.8329 0.0 8.181805246746432 0.0 4.0 
2185 7410029.8 97.17454183977071 81.64231417572881 143.63129492187494 0 233 2.8329 0.0 8.181805246746432 0.0 4.0 
2186 7410063.2 97.17454183977071 81.64575444544518 143.63129492187494 0 233 2.8329 0.0 8.181805246746432 0.0 4.0 
2187 7410096.5 97.17454183977071 81.64575444544518 143.63129492187494 0 233 2.8329 0.0 8.181805246746432 0.0 4.0 
2188 7410129.8 97.17454183977071 81.64575444544518 143.63129492187494 0 233 2.8329 0.0 8.181805246746432 0.0 4.0 
2189 7410163.2 97.1787150726133 81.64575444544518 143.63129492187494 0 233 2.8329 0.0 8.181805246746432 0.0 4.0 
2190 7410196.5 97.1787150726133 81.67293151987856 143.63129492187494 0 233 2.8329 0.0 8.181805246746432 0.0 4.0 
2191 7410229.9 97.1787150726133 81.67293151987856 143.63129492187494 0 233 2.8329 0.0 8.181805246746432 0.0 4.0 
2192 7410263.2 97.1787150726133 81.67293151987856 143.63129492187494 0 233 2.8329 0.0 8.181805246746432 0.0 4.0 
2193 7410296.5 97.1803335863613 81.67293151987856 143.63129492187494 0 233 2.8329 0.0 8.181805246746432 0.0 4.0 
2194 7410329.9 97.1803335863613 81.66729059017781 143.63129492187494 0 233 2.8329 0.0 8.181805246746432 0.0 4.0 
2195 7410363.2 97.1803335863613 81.66729059017781 143.63129492187494 0 233 2.8329 0.0 8.181805246746432 0.0 4.0 
2196 7410396.5 97.1803335863613 81.66729059017781 143.63129492187494 0 233 2.8329 0.0 8.181805246746432 0.0 4.0 
2197 7410429.9 97.18416307972923 81.66605091426048 143.63129492187494 0 233 2.8329 0.0 8.181805246746432 0.0 4.0 
2198 7410463.2 97.18416307972923 81.66605091426048 143.63129492187494 0 233 2.8329 0.0 8.181805246746432 0.0 4.0 
2199 7410496.5 97.18574907848541 81.66605091426048 143.63129492187494 0 233 2.8329 0.0 8.181805246746432 0.0 4.0 
2200 7410529.9 97.18574907848541 81.66986971060743 143.63129492187494 0 233 2.8329 0.0 8.181805246746432 0.0 4.0 
2201 7410563.2 97.18574907848541 81.66986971060743 143.63129492187494 0 233 2.8329 0.0 8.181805246746432 0.0 4.0 
2202 7410596.5 97.18574907848541 81.66986971060743 143.63129492187494 0 233 2.8329 0.0 8.181805246746432 0.0 4.0 
2203 7410629.9 97.18740908547312 81.66986971060743 143.63129492187494 0 233 2.8329 0.0 8.181805246746432 0.0 4.0 
2204 7410663.2 97.18740908547312 81.67642797054516 143.63129492187494 0 233 2.8329 0.0 8.181805246746432 0.0 4.0 
2205 7410696.6 97.18740908547312 81.67642797054516 143.63129492187494 0 233 2.8329 0.0 8.181805246746432 0.0 4.0 
2206 7410729.9 97.18740908547312 81.67642797054516 143.63129492187494 0 233 2.8329 0.0 8.181805246746432 0.0 4.0 
2207 7410763.2 97.1925837126598 81.68486028786154 143.63129492187494 0 233 2.8329 0.0 8.181805246746432 0.0 4.0 
2208 7410796.6 97.1925837126598 81.68486028786154 143.63129492187494 0 233 2.8329 0.0 8.181805246746432 0.0 4.0 
2209 7410829.9 97.1925837126598 81.68486028786154 143.63129492187494 0 233 2.8329 0.0 8.181805246746432 0.0 4.0 
2210 7410863.2 97.1939458116213 81.68486028786154 143.63129492187494 0 233 2.8329 0.0 8.181805246746432 0.0 4.0 
2211 7410896.6 97.1939458116213 81.68696665740886 143.63129492187494 0 233 2.8329 0.0 8.181805246746432 0.0 4.0 
2212 7410929.9 97.1939458116213 81.68696665740886 143.63129492187494 0 233 2.8329 0.0 8.181805246746432 0.0 4.0 
2213 7410963.2 97.1939458116213 81.68696665740886 143.63129492187494 0 233 2.8329 0.0 8.181805246746432 0.0 4.0 
2214 7410996.6 97.1939458116213 81.69090047960609 143.63129492187494 0 233 2.8329 0.0 8.181805246746432 0.0 4.0 
2215 7411029.9 97.1939458116213 81.69090047960609 143.63129492187494 0 233 2.8329 0.0 8.181805246746432 0.0 4.0 
2216 7411063.3 97.1939458116213 81.69090047960609 143.63129492187494 0 233 2.8329 0.0 8.181805246746432 0.0 4.0 
2217 7411096.6 97.19744996487928 81.69090047960609 143.63129492187494 0 233 2.8329 0.0 8.181805246746432 0.0 4.0 
2218 7411129.9 97.19744996487928 81.69604650332832 143.63129492187494 0 233 2.8329 0.0 8.181805246746432 0.0 4.0 
2219 7411163.3 97.19744996487928 81.69604650332832 143.63129492187494 0 233 2.8329 0.0 8.181805246746432 0.0 4.0 
2220 7411196.6 97.2009257719142 81.69604650332832 143.63129492187494 0 233 2.8329 0.0 8.181805246746432 0.0 4.0 
2221 7411229.9 97.2009257719142 81.69604650332832 143.63129492187494 0 233 2.8329 0.0 8.181805246746432 0.0 4.0 
2222 7411263.3 97.2009257719142 81.69604650332832 143.63129492187494 0 233 2.8329 0.0 8.181805246746432 0.0 4.0 
2223 7411296.6 97.20846620276538 81.7095303275636 143.63129492187494 0 233 2.8329 0.0 8.181805246746432 0.0 4.0 
2224 7411329.9 97.20846620276538 81.7095303275636 143.63129492187494 0 233 2.8329 0.0 8.181805246746432 0.0 4.0 
2225 7411363.3 97.20846620276538 81.7095303275636 143.63129492187494 0 233 2.8329 0.0 8.181805246746432 0.0 4.0 
2226 7411396.6 97.20215527743656 81.7095303275636 143.63129492187494 0 233 2.8329 0.0 8.181805246746432 0.0 4.0 
2227 7411429.9 97.20215527743656 81.68195093972707 143.63129492187494 0 233 2.8329 0.0 8.181805246746432 0.0 4.0 
2228 7411463.3 97.20215527743656 81.68195093972707 143.63129492187494 0 233 2.8329 0.0 8.181805246746432 0.0 4.0 
2229 7411496.6 97.20215527743656 81.68195093972707 143.63129492187494 0 233 2.8329 0.0 8.181805246746432 0.0 4.0 
2230 7411530.0 97.20215527743656 81.68195093972707 143.63129492187494 0 233 2.8329 0.0 8.181805246746432 0.0 4.0 
2231 7411563.3 97.19274502520781 81.65368296401196 143.63129492187494 0 233 2.8329 0.0 8.181805246746432 0.0 4.0 
2232 7411596.6 97.19274502520781 81.65368296401196 143.63129492187494 0 233 2.8329 0.0 8.181805246746432 0.0 4.0 
2233 7411630.0 97.19274502520781 81.65368296401196 143.63129492187494 0 233 2.8329 0.0 8.181805246746432 0.0 4.0 
2234 7411663.3 97.1904836757841 81.63808936175916 143.63129492187494 0 233 2.8329 0.0 8.181805246746432 0.0 4.0 
2235 7411696.6 97.1904836757841 81.63808936175916 143.63129492187494 0 233 2.8329 0.0 8.181805246746432 0.0 4.0 
2236 7411730.0 97.1904836757841 81.63808936175916 143.63129492187494 0 233 2.8329 0.0 8.181805246746432 0.0 4.0 
2237 7411763.3 97.1904836757841 81.63808936175916 143.63129492187494 0 233 2.8329 0.0 8.181805246746432 0.0 4.0 
2238 7411796.6 97.18710860102846 81.63808936175916 143.63129492187494 0 233 2.8329 0.0 8.181805246746432 0.0 4.0 
2239 7411830.0 97.18710860102846 81.63484156368847 143.63129492187494 0 233 2.8329 0.0 8.181805246746432 0.0 4.0 
2240 7411863.3 97.18710860102846 81.63484156368847 143.63129492187494 0 233 2.8329 0.0 8.181805246746432 0.0 4.0 
2241 7411896.7 97.18710860102846 81.63484156368847 143.63129492187494 0 233 2.8329 0.0 8.181805246746432 0.0 4.0 
2242 7411930.0 97.17664250785027 81.63825687270662 143.63129492187494 0 233 2.8329 0.0 8.181805246746432 0.0 4.0 
2243 7411963.3 97.17664250785027 81.63825687270662 143.63129492187494 0 233 2.8329 0.0 8.181805246746432 0.0 4.0 
2244 7411996.7 97.17664250785027 81.63825687270662 143.63129492187494 0 233 2.8329 0.0 8.181805246746432 0.0 4.0 
2245 7412030.0 97.16668601555486 81.64928327002154 143.63129492187494 0 233 2.8329 0.0 8.181805246746432 0.0 4.0 
2246 7412063.3 97.16668601555486 81.64928327002154 143.63129492187494 0 233 2.8329 0.0 8.181805246746432 0.0 4.0 
2247 7412096.7 97.16668601555486 81.64928327002154 143.63129492187494 0 233 2.8329 0.0 8.181805246746432 0.0 4.0 
2248 7412130.0 97.15971303700648 81.64928327002154 143.63129492187494 0 233 2.8329 0.0 8.181805246746432 0.0 4.0 
2249 7412163.3 97.15971303700648 81.659355369291 143.63129492187494 0 233 2.8329 0.0 8.181805246746432 0.0 4.0 
