# Recording
duration 75.006
nframes 2250
# Camera
framerate 29.997600191984642
imageToStage -0.993727445602417,-0.06086360290646553,0.06086360290646553,-0.993727445602417
rotation -3.080421285766743
imagenormaldir +Z
pixelsize 0.9955896
# Dual color
dualcolormode False
mainside Right
viewmode Splitted
recordingmode Original
translation_x 0.0
translation_y 0.0
rotation 0.0
# Tracking
roi_x 400
roi_y 400
capture_radius 400
min_step 1
threshold 30
binning 4
dark_bg True
mode CMS
area 400
# Frame Time X Y Z minBrightness maxBrightness meanBrightness medianBrightness skewness percentile_5 percentile_95
0 7108256.9 95.71947048582703 84.93755814495242 143.55154785156245 0 233 2.8329 0.0 8.181805246746432 0.0 4.0 
1 7108290.3 95.71947048582703 84.93755814495242 143.55154785156245 0 233 2.8329 0.0 8.181805246746432 0.0 4.0 
2 7108323.6 95.71947048582703 84.93755814495242 143.55154785156245 0 233 2.8329 0.0 8.181805246746432 0.0 4.0 
3 7108356.9 95.71947048582703 84.93755814495242 143.55154785156245 0 233 2.8329 0.0 8.181805246746432 0.0 4.0 
4 7108390.3 95.72154668218245 84.93755814495242 143.55154785156245 0 233 2.8329 0.0 8.181805246746432 0.0 4.0 
5 7108423.6 95.72154668218245 84.94016588535085 143.55154785156245 0 233 2.8329 0.0 8.181805246746432 0.0 4.0 
6 7108456.9 95.72154668218245 84.94016588535085 143.55154785156245 0 233 2.8329 0.0 8.181805246746432 0.0 4.0 
7 7108490.3 95.72154668218245 84.94016588535085 143.55154785156245 0 233 2.8329 0.0 8.181805246746432 0.0 4.0 
8 7108523.6 95.70420525045105 84.93455589349834 143.55154785156245 0 233 2.8329 0.0 8.181805246746432 0.0 4.0 
9 7108557.0 95.70420525045105 84.93455589349834 143.55154785156245 0 233 2.8329 0.0 8.181805246746432 0.0 4.0 
10 7108590.3 95.70420525045105 84.93455589349834 143.55154785156245 0 233 2.8329 0.0 8.181805246746432 0.0 4.0 
11 7108623.6 95.70420525045105 84.93455589349834 143.55154785156245 0 233 2.8329 0.0 8.181805246746432 0.0 4.0 
12 7108657.0 95.67115298842708 84.92688507239352 143.55154785156245 0 233 2.8329 0.0 8.181805246746432 0.0 4.0 
13 7108690.3 95.67115298842708 84.92688507239352 143.55154785156245 0 233 2.8329 0.0 8.181805246746432 0.0 4.0 
14 7108723.6 95.67115298842708 84.92688507239352 143.55154785156245 0 233 2.8329 0.0 8.181805246746432 0.0 4.0 
15 7108757.0 95.67115298842708 84.92688507239352 143.55154785156245 0 233 2.8329 0.0 8.181805246746432 0.0 4.0 
16 7108790.3 95.67115298842708 84.92688507239352 143.55154785156245 0 233 2.8329 0.0 8.181805246746432 0.0 4.0 
17 7108823.6 95.67115298842708 84.92688507239352 143.55154785156245 0 233 2.8329 0.0 8.181805246746432 0.0 4.0 
18 7108857.0 95.64532964404899 84.92688507239352 143.55154785156245 0 233 2.8329 0.0 8.181805246746432 0.0 4.0 
19 7108890.3 95.64532964404899 84.92114016825077 143.55154785156245 0 233 2.8329 0.0 8.181805246746432 0.0 4.0 
20 7108923.7 95.64532964404899 84.92114016825077 143.55154785156245 0 233 2.8329 0.0 8.181805246746432 0.0 4.0 
21 7108957.0 95.64532964404899 84.92114016825077 143.55154785156245 0 233 2.8329 0.0 8.181805246746432 0.0 4.0 
22 7108990.3 95.64532964404899 84.92114016825077 143.55154785156245 0 233 2.8329 0.0 8.181805246746432 0.0 4.0 
23 7109023.7 95.64532964404899 84.92114016825077 143.55154785156245 0 233 2.8329 0.0 8.181805246746432 0.0 4.0 
24 7109057.0 95.63543563559999 84.91738358208086 143.55154785156245 0 233 2.8329 0.0 8.181805246746432 0.0 4.0 
25 7109090.3 95.63543563559999 84.91738358208086 143.55154785156245 0 233 2.8329 0.0 8.181805246746432 0.0 4.0 
26 7109123.7 95.63543563559999 84.91738358208086 143.55154785156245 0 233 2.8329 0.0 8.181805246746432 0.0 4.0 
27 7109157.0 95.63543563559999 84.91738358208086 143.55154785156245 0 233 2.8329 0.0 8.181805246746432 0.0 4.0 
28 7109190.3 95.63013388099174 84.91839884870848 143.55154785156245 0 233 2.8329 0.0 8.181805246746432 0.0 4.0 
29 7109223.7 95.63013388099174 84.91839884870848 143.55154785156245 0 233 2.8329 0.0 8.181805246746432 0.0 4.0 
30 7109257.0 95.63013388099174 84.91839884870848 143.55154785156245 0 233 2.8329 0.0 8.181805246746432 0.0 4.0 
31 7109290.3 95.63013388099174 84.91839884870848 143.55154785156245 0 233 2.8329 0.0 8.181805246746432 0.0 4.0 
32 7109323.7 95.62410837844205 84.91839884870848 143.55154785156245 0 233 2.8329 0.0 8.181805246746432 0.0 4.0 
33 7109357.0 95.62410837844205 84.91839884870848 143.55154785156245 0 233 2.8329 0.0 8.181805246746432 0.0 4.0 
34 7109390.4 95.62410837844205 84.91839884870848 143.55154785156245 0 233 2.8329 0.0 8.181805246746432 0.0 4.0 
35 7109423.7 95.62410837844205 84.91839884870848 143.55154785156245 0 233 2.8329 0.0 8.181805246746432 0.0 4.0 
36 7109457.0 95.60651920357378 84.90894192094838 143.55154785156245 0 233 2.8329 0.0 8.181805246746432 0.0 4.0 
37 7109490.4 95.60651920357378 84.90894192094838 143.55154785156245 0 233 2.8329 0.0 8.181805246746432 0.0 4.0 
38 7109523.7 95.60651920357378 84.90894192094838 143.55154785156245 0 233 2.8329 0.0 8.181805246746432 0.0 4.0 
39 7109557.0 95.60651920357378 84.90894192094838 143.55154785156245 0 233 2.8329 0.0 8.181805246746432 0.0 4.0 
40 7109590.4 95.56997472812918 84.89617318005568 143.55154785156245 0 233 2.8329 0.0 8.181805246746432 0.0 4.0 
41 7109623.7 95.56997472812918 84.89617318005568 143.55154785156245 0 233 2.8329 0.0 8.181805246746432 0.0 4.0 
42 7109657.0 95.56997472812918 84.89617318005568 143.55154785156245 0 233 2.8329 0.0 8.181805246746432 0.0 4.0 
43 7109690.4 95.56997472812918 84.89617318005568 143.55154785156245 0 233 2.8329 0.0 8.181805246746432 0.0 4.0 
44 7109723.7 95.56997472812918 84.89617318005568 143.55154785156245 0 233 2.8329 0.0 8.181805246746432 0.0 4.0 
45 7109757.1 95.56997472812918 84.89617318005568 143.55154785156245 0 233 2.8329 0.0 8.181805246746432 0.0 4.0 
46 7109790.4 95.540716426806 84.89617318005568 143.55154785156245 0 233 2.8329 0.0 8.181805246746432 0.0 4.0 
47 7109823.7 95.540716426806 84.88925021915423 143.55154785156245 0 233 2.8329 0.0 8.181805246746432 0.0 4.0 
48 7109857.1 95.540716426806 84.88925021915423 143.55154785156245 0 233 2.8329 0.0 8.181805246746432 0.0 4.0 
49 7109890.4 95.540716426806 84.88925021915423 143.55154785156245 0 233 2.8329 0.0 8.181805246746432 0.0 4.0 
50 7109923.7 95.540716426806 84.88925021915423 143.55154785156245 0 233 2.8329 0.0 8.181805246746432 0.0 4.0 
51 7109957.1 95.540716426806 84.88925021915423 143.55154785156245 0 233 2.8329 0.0 8.181805246746432 0.0 4.0 
52 7109990.4 95.53268152302239 84.88925021915423 143.55154785156245 0 233 2.8329 0.0 8.181805246746432 0.0 4.0 
53 7110023.7 95.53268152302239 84.88153073121946 143.55154785156245 0 233 2.8329 0.0 8.181805246746432 0.0 4.0 
54 7110057.1 95.53268152302239 84.88153073121946 143.55154785156245 0 233 2.8329 0.0 8.181805246746432 0.0 4.0 
55 7110090.4 95.53268152302239 84.88153073121946 143.55154785156245 0 233 2.8329 0.0 8.181805246746432 0.0 4.0 
56 7110123.7 95.52766546219924 84.87951541213921 143.55154785156245 0 233 2.8329 0.0 8.181805246746432 0.0 4.0 
57 7110157.1 95.52766546219924 84.87951541213921 143.55154785156245 0 233 2.8329 0.0 8.181805246746432 0.0 4.0 
58 7110190.4 95.52766546219924 84.87951541213921 143.55154785156245 0 233 2.8329 0.0 8.181805246746432 0.0 4.0 
59 7110223.8 95.52766546219924 84.87951541213921 143.55154785156245 0 233 2.8329 0.0 8.181805246746432 0.0 4.0 
60 7110257.1 95.52213455952243 84.87951541213921 143.55154785156245 0 233 2.8329 0.0 8.181805246746432 0.0 4.0 
61 7110290.4 95.52213455952243 84.87951541213921 143.55154785156245 0 233 2.8329 0.0 8.181805246746432 0.0 4.0 
62 7110323.8 95.52213455952243 84.87951541213921 143.55154785156245 0 233 2.8329 0.0 8.181805246746432 0.0 4.0 
63 7110357.1 95.52213455952243 84.87951541213921 143.55154785156245 0 233 2.8329 0.0 8.181805246746432 0.0 4.0 
64 7110390.4 95.52213455952243 84.88135692736594 143.55154785156245 0 233 2.8329 0.0 8.181805246746432 0.0 4.0 
65 7110423.8 95.52213455952243 84.88135692736594 143.55154785156245 0 233 2.8329 0.0 8.181805246746432 0.0 4.0 
66 7110457.1 95.52213455952243 84.88135692736594 143.55154785156245 0 233 2.8329 0.0 8.181805246746432 0.0 4.0 
67 7110490.4 95.52213455952243 84.88135692736594 143.55154785156245 0 233 2.8329 0.0 8.181805246746432 0.0 4.0 
68 7110523.8 95.52002889458912 84.88135692736594 143.55154785156245 0 233 2.8329 0.0 8.181805246746432 0.0 4.0 
69 7110557.1 95.52002889458912 84.88135692736594 143.55154785156245 0 233 2.8329 0.0 8.181805246746432 0.0 4.0 
70 7110590.5 95.52002889458912 84.88135692736594 143.55154785156245 0 233 2.8329 0.0 8.181805246746432 0.0 4.0 
71 7110623.8 95.52002889458912 84.88135692736594 143.55154785156245 0 233 2.8329 0.0 8.181805246746432 0.0 4.0 
72 7110657.1 95.4926908501533 84.84833318020002 143.55154785156245 0 233 2.8329 0.0 8.181805246746432 0.0 4.0 
73 7110690.5 95.4926908501533 84.84833318020002 143.55154785156245 0 233 2.8329 0.0 8.181805246746432 0.0 4.0 
74 7110723.8 95.4926908501533 84.84833318020002 143.55154785156245 0 233 2.8329 0.0 8.181805246746432 0.0 4.0 
75 7110757.1 95.4926908501533 84.84833318020002 143.55154785156245 0 233 2.8329 0.0 8.181805246746432 0.0 4.0 
76 7110790.5 95.4926908501533 84.84833318020002 143.55154785156245 0 233 2.8329 0.0 8.181805246746432 0.0 4.0 
77 7110823.8 95.4926908501533 84.84833318020002 143.55154785156245 0 233 2.8329 0.0 8.181805246746432 0.0 4.0 
78 7110857.1 95.47854421641567 84.84833318020002 143.55154785156245 0 233 2.8329 0.0 8.181805246746432 0.0 4.0 
79 7110890.5 95.47854421641567 84.77205862380806 143.55154785156245 0 233 2.8329 0.0 8.181805246746432 0.0 4.0 
80 7110923.8 95.47854421641567 84.77205862380806 143.55154785156245 0 233 2.8329 0.0 8.181805246746432 0.0 4.0 
81 7110957.1 95.47854421641567 84.77205862380806 143.55154785156245 0 233 2.8329 0.0 8.181805246746432 0.0 4.0 
82 7110990.5 95.47854421641567 84.77205862380806 143.55154785156245 0 233 2.8329 0.0 8.181805246746432 0.0 4.0 
83 7111023.8 95.47854421641567 84.77205862380806 143.55154785156245 0 233 2.8329 0.0 8.181805246746432 0.0 4.0 
84 7111057.2 95.51492307971954 84.7062288761353 143.55154785156245 0 233 2.8329 0.0 8.181805246746432 0.0 4.0 
85 7111090.5 95.51492307971954 84.7062288761353 143.55154785156245 0 233 2.8329 0.0 8.181805246746432 0.0 4.0 
86 7111123.8 95.51492307971954 84.7062288761353 143.55154785156245 0 233 2.8329 0.0 8.181805246746432 0.0 4.0 
87 7111157.2 95.51492307971954 84.7062288761353 143.55154785156245 0 233 2.8329 0.0 8.181805246746432 0.0 4.0 
88 7111190.5 95.51492307971954 84.7062288761353 143.55154785156245 0 233 2.8329 0.0 8.181805246746432 0.0 4.0 
89 7111223.8 95.51492307971954 84.7062288761353 143.55154785156245 0 233 2.8329 0.0 8.181805246746432 0.0 4.0 
90 7111257.2 95.61226989670178 84.7062288761353 143.55154785156245 0 233 2.8329 0.0 8.181805246746432 0.0 4.0 
91 7111290.5 95.61226989670178 84.63472562813638 143.55154785156245 0 233 2.8329 0.0 8.181805246746432 0.0 4.0 
92 7111323.8 95.61226989670178 84.63472562813638 143.55154785156245 0 233 2.8329 0.0 8.181805246746432 0.0 4.0 
93 7111357.2 95.61226989670178 84.63472562813638 143.55154785156245 0 233 2.8329 0.0 8.181805246746432 0.0 4.0 
94 7111390.5 95.61226989670178 84.63472562813638 143.55154785156245 0 233 2.8329 0.0 8.181805246746432 0.0 4.0 
95 7111423.9 95.61226989670178 84.63472562813638 143.55154785156245 0 233 2.8329 0.0 8.181805246746432 0.0 4.0 
96 7111457.2 95.6580866949649 84.58455801389528 143.55154785156245 0 233 2.8329 0.0 8.181805246746432 0.0 4.0 
97 7111490.5 95.6580866949649 84.58455801389528 143.55154785156245 0 233 2.8329 0.0 8.181805246746432 0.0 4.0 
98 7111523.9 95.6580866949649 84.58455801389528 143.55154785156245 0 233 2.8329 0.0 8.181805246746432 0.0 4.0 
99 7111557.2 95.6580866949649 84.58455801389528 143.55154785156245 0 233 2.8329 0.0 8.181805246746432 0.0 4.0 
100 7111590.5 95.6580866949649 84.58455801389528 143.55154785156245 0 233 2.8329 0.0 8.181805246746432 0.0 4.0 
101 7111623.9 95.6580866949649 84.58455801389528 143.55154785156245 0 233 2.8329 0.0 8.181805246746432 0.0 4.0 
102 7111657.2 95.67168411290017 84.58455801389528 143.55154785156245 0 233 2.8329 0.0 8.181805246746432 0.0 4.0 
103 7111690.5 95.67168411290017 84.53591124621613 143.55154785156245 0 233 2.8329 0.0 8.181805246746432 0.0 4.0 
104 7111723.9 95.67168411290017 84.53591124621613 143.55154785156245 0 233 2.8329 0.0 8.181805246746432 0.0 4.0 
105 7111757.2 95.67168411290017 84.53591124621613 143.55154785156245 0 233 2.8329 0.0 8.181805246746432 0.0 4.0 
106 7111790.5 95.67168411290017 84.53591124621613 143.55154785156245 0 233 2.8329 0.0 8.181805246746432 0.0 4.0 
107 7111823.9 95.67168411290017 84.53591124621613 143.55154785156245 0 233 2.8329 0.0 8.181805246746432 0.0 4.0 
108 7111857.2 95.67389563370406 84.48693050228567 143.55154785156245 0 233 2.8329 0.0 8.181805246746432 0.0 4.0 
109 7111890.6 95.67389563370406 84.48693050228567 143.55154785156245 0 233 2.8329 0.0 8.181805246746432 0.0 4.0 
110 7111923.9 95.67389563370406 84.48693050228567 143.55154785156245 0 233 2.8329 0.0 8.181805246746432 0.0 4.0 
111 7111957.2 95.67389563370406 84.48693050228567 143.55154785156245 0 233 2.8329 0.0 8.181805246746432 0.0 4.0 
112 7111990.6 95.67389563370406 84.48693050228567 143.55154785156245 0 233 2.8329 0.0 8.181805246746432 0.0 4.0 
113 7112023.9 95.67389563370406 84.48693050228567 143.55154785156245 0 233 2.8329 0.0 8.181805246746432 0.0 4.0 
114 7112057.2 95.65204333449906 84.44388136010566 143.55154785156245 0 233 2.8329 0.0 8.181805246746432 0.0 4.0 
115 7112090.6 95.65204333449906 84.44388136010566 143.55154785156245 0 233 2.8329 0.0 8.181805246746432 0.0 4.0 
116 7112123.9 95.65204333449906 84.44388136010566 143.55154785156245 0 233 2.8329 0.0 8.181805246746432 0.0 4.0 
117 7112157.2 95.65204333449906 84.44388136010566 143.55154785156245 0 233 2.8329 0.0 8.181805246746432 0.0 4.0 
118 7112190.6 95.65204333449906 84.44388136010566 143.55154785156245 0 233 2.8329 0.0 8.181805246746432 0.0 4.0 
119 7112223.9 95.65204333449906 84.44388136010566 143.55154785156245 0 233 2.8329 0.0 8.181805246746432 0.0 4.0 
120 7112257.3 95.62055180998638 84.40623897240415 143.55154785156245 0 233 2.8329 0.0 8.181805246746432 0.0 4.0 
121 7112290.6 95.62055180998638 84.40623897240415 143.55154785156245 0 233 2.8329 0.0 8.181805246746432 0.0 4.0 
122 7112323.9 95.62055180998638 84.40623897240415 143.55154785156245 0 233 2.8329 0.0 8.181805246746432 0.0 4.0 
123 7112357.3 95.62055180998638 84.40623897240415 143.55154785156245 0 233 2.8329 0.0 8.181805246746432 0.0 4.0 
124 7112390.6 95.62055180998638 84.40623897240415 143.55154785156245 0 233 2.8329 0.0 8.181805246746432 0.0 4.0 
125 7112423.9 95.62055180998638 84.40623897240415 143.55154785156245 0 233 2.8329 0.0 8.181805246746432 0.0 4.0 
126 7112457.3 95.60011096449821 84.40623897240415 143.55154785156245 0 233 2.8329 0.0 8.181805246746432 0.0 4.0 
127 7112490.6 95.60011096449821 84.38264433600702 143.55154785156245 0 233 2.8329 0.0 8.181805246746432 0.0 4.0 
128 7112523.9 95.60011096449821 84.38264433600702 143.55154785156245 0 233 2.8329 0.0 8.181805246746432 0.0 4.0 
129 7112557.3 95.60011096449821 84.38264433600702 143.55154785156245 0 233 2.8329 0.0 8.181805246746432 0.0 4.0 
130 7112590.6 95.60011096449821 84.38264433600702 143.55154785156245 0 233 2.8329 0.0 8.181805246746432 0.0 4.0 
131 7112623.9 95.60011096449821 84.38264433600702 143.55154785156245 0 233 2.8329 0.0 8.181805246746432 0.0 4.0 
132 7112657.3 95.57966349650982 84.36556639004301 143.55154785156245 0 233 2.8329 0.0 8.181805246746432 0.0 4.0 
133 7112690.6 95.57966349650982 84.36556639004301 143.55154785156245 0 233 2.8329 0.0 8.181805246746432 0.0 4.0 
134 7112724.0 95.57966349650982 84.36556639004301 143.55154785156245 0 233 2.8329 0.0 8.181805246746432 0.0 4.0 
135 7112757.3 95.57966349650982 84.36556639004301 143.55154785156245 0 233 2.8329 0.0 8.181805246746432 0.0 4.0 
136 7112790.6 95.56429698781413 84.35434164936522 143.55154785156245 0 233 2.8329 0.0 8.181805246746432 0.0 4.0 
137 7112824.0 95.56429698781413 84.35434164936522 143.55154785156245 0 233 2.8329 0.0 8.181805246746432 0.0 4.0 
138 7112857.3 95.56429698781413 84.35434164936522 143.55154785156245 0 233 2.8329 0.0 8.181805246746432 0.0 4.0 
139 7112890.6 95.56429698781413 84.35434164936522 143.55154785156245 0 233 2.8329 0.0 8.181805246746432 0.0 4.0 
140 7112924.0 95.55446871731873 84.35434164936522 143.55154785156245 0 233 2.8329 0.0 8.181805246746432 0.0 4.0 
141 7112957.3 95.55446871731873 84.34458675717507 143.55154785156245 0 233 2.8329 0.0 8.181805246746432 0.0 4.0 
142 7112990.6 95.55446871731873 84.34458675717507 143.55154785156245 0 233 2.8329 0.0 8.181805246746432 0.0 4.0 
143 7113024.0 95.55446871731873 84.34458675717507 143.55154785156245 0 233 2.8329 0.0 8.181805246746432 0.0 4.0 
144 7113057.3 95.55081864214702 84.33810442015182 143.55154785156245 0 233 2.8329 0.0 8.181805246746432 0.0 4.0 
145 7113090.7 95.55081864214702 84.33810442015182 143.55154785156245 0 233 2.8329 0.0 8.181805246746432 0.0 4.0 
146 7113124.0 95.55081864214702 84.33810442015182 143.55154785156245 0 233 2.8329 0.0 8.181805246746432 0.0 4.0 
147 7113157.3 95.55081864214702 84.33810442015182 143.55154785156245 0 233 2.8329 0.0 8.181805246746432 0.0 4.0 
148 7113190.7 95.54934466992702 84.33810442015182 143.55154785156245 0 233 2.8329 0.0 8.181805246746432 0.0 4.0 
149 7113224.0 95.54934466992702 84.33623456383796 143.55154785156245 0 233 2.8329 0.0 8.181805246746432 0.0 4.0 
150 7113257.3 95.54934466992702 84.33623456383796 143.55154785156245 0 233 2.8329 0.0 8.181805246746432 0.0 4.0 
151 7113290.7 95.54934466992702 84.33623456383796 143.55154785156245 0 233 2.8329 0.0 8.181805246746432 0.0 4.0 
152 7113324.0 95.53945215279376 84.33623456383796 143.55154785156245 0 233 2.8329 0.0 8.181805246746432 0.0 4.0 
153 7113357.3 95.53945215279376 84.3337168488551 143.55154785156245 0 233 2.8329 0.0 8.181805246746432 0.0 4.0 
154 7113390.7 95.53945215279376 84.3337168488551 143.55154785156245 0 233 2.8329 0.0 8.181805246746432 0.0 4.0 
155 7113424.0 95.53945215279376 84.3337168488551 143.55154785156245 0 233 2.8329 0.0 8.181805246746432 0.0 4.0 
156 7113457.3 95.51572902048648 84.31757256127848 143.55154785156245 0 233 2.8329 0.0 8.181805246746432 0.0 4.0 
157 7113490.7 95.51572902048648 84.31757256127848 143.55154785156245 0 233 2.8329 0.0 8.181805246746432 0.0 4.0 
158 7113524.0 95.51572902048648 84.31757256127848 143.55154785156245 0 233 2.8329 0.0 8.181805246746432 0.0 4.0 
159 7113557.4 95.51572902048648 84.31757256127848 143.55154785156245 0 233 2.8329 0.0 8.181805246746432 0.0 4.0 
160 7113590.7 95.45882288072498 84.28855926638305 143.55154785156245 0 233 2.8329 0.0 8.181805246746432 0.0 4.0 
161 7113624.0 95.45882288072498 84.28855926638305 143.55154785156245 0 233 2.8329 0.0 8.181805246746432 0.0 4.0 
162 7113657.4 95.45882288072498 84.28855926638305 143.55154785156245 0 233 2.8329 0.0 8.181805246746432 0.0 4.0 
163 7113690.7 95.45882288072498 84.28855926638305 143.55154785156245 0 233 2.8329 0.0 8.181805246746432 0.0 4.0 
164 7113724.0 95.45882288072498 84.28855926638305 143.55154785156245 0 233 2.8329 0.0 8.181805246746432 0.0 4.0 
165 7113757.4 95.45882288072498 84.28855926638305 143.55154785156245 0 233 2.8329 0.0 8.181805246746432 0.0 4.0 
166 7113790.7 95.43255670885148 84.20443642642316 143.55154785156245 0 233 2.8329 0.0 8.181805246746432 0.0 4.0 
167 7113824.0 95.43255670885148 84.20443642642316 143.55154785156245 0 233 2.8329 0.0 8.181805246746432 0.0 4.0 
168 7113857.4 95.43255670885148 84.20443642642316 143.55154785156245 0 233 2.8329 0.0 8.181805246746432 0.0 4.0 
169 7113890.7 95.43255670885148 84.20443642642316 143.55154785156245 0 233 2.8329 0.0 8.181805246746432 0.0 4.0 
170 7113924.1 95.43255670885148 84.20443642642316 143.55154785156245 0 233 2.8329 0.0 8.181805246746432 0.0 4.0 
171 7113957.4 95.43255670885148 84.20443642642316 143.55154785156245 0 233 2.8329 0.0 8.181805246746432 0.0 4.0 
172 7113990.7 95.48055791102131 84.11330108867305 143.55154785156245 0 233 2.8329 0.0 8.181805246746432 0.0 4.0 
173 7114024.1 95.48055791102131 84.11330108867305 143.55154785156245 0 233 2.8329 0.0 8.181805246746432 0.0 4.0 
174 7114057.4 95.48055791102131 84.11330108867305 143.55154785156245 0 233 2.8329 0.0 8.181805246746432 0.0 4.0 
175 7114090.7 95.48055791102131 84.11330108867305 143.55154785156245 0 233 2.8329 0.0 8.181805246746432 0.0 4.0 
176 7114124.1 95.48055791102131 84.11330108867305 143.55154785156245 0 233 2.8329 0.0 8.181805246746432 0.0 4.0 
177 7114157.4 95.48055791102131 84.11330108867305 143.55154785156245 0 233 2.8329 0.0 8.181805246746432 0.0 4.0 
178 7114190.7 95.6007755521136 84.05881250575418 143.55154785156245 0 233 2.8329 0.0 8.181805246746432 0.0 4.0 
179 7114224.1 95.6007755521136 84.05881250575418 143.55154785156245 0 233 2.8329 0.0 8.181805246746432 0.0 4.0 
180 7114257.4 95.6007755521136 84.05881250575418 143.55154785156245 0 233 2.8329 0.0 8.181805246746432 0.0 4.0 
181 7114290.7 95.6007755521136 84.05881250575418 143.55154785156245 0 233 2.8329 0.0 8.181805246746432 0.0 4.0 
182 7114324.1 95.6007755521136 84.05881250575418 143.55154785156245 0 233 2.8329 0.0 8.181805246746432 0.0 4.0 
183 7114357.4 95.6007755521136 84.05881250575418 143.55154785156245 0 233 2.8329 0.0 8.181805246746432 0.0 4.0 
184 7114390.8 95.66766855648008 84.05881250575418 143.55154785156245 0 233 2.8329 0.0 8.181805246746432 0.0 4.0 
185 7114424.1 95.66766855648008 83.97918149961572 143.55154785156245 0 233 2.8329 0.0 8.181805246746432 0.0 4.0 
186 7114457.4 95.66766855648008 83.97918149961572 143.55154785156245 0 233 2.8329 0.0 8.181805246746432 0.0 4.0 
187 7114490.8 95.66766855648008 83.97918149961572 143.55154785156245 0 233 2.8329 0.0 8.181805246746432 0.0 4.0 
188 7114524.1 95.66766855648008 83.97918149961572 143.55154785156245 0 233 2.8329 0.0 8.181805246746432 0.0 4.0 
189 7114557.4 95.66766855648008 83.97918149961572 143.55154785156245 0 233 2.8329 0.0 8.181805246746432 0.0 4.0 
190 7114590.8 95.67844044245 83.97918149961572 143.55154785156245 0 233 2.8329 0.0 8.181805246746432 0.0 4.0 
191 7114624.1 95.67844044245 83.90244574067646 143.55154785156245 0 233 2.8329 0.0 8.181805246746432 0.0 4.0 
192 7114657.4 95.67844044245 83.90244574067646 143.55154785156245 0 233 2.8329 0.0 8.181805246746432 0.0 4.0 
193 7114690.8 95.67844044245 83.90244574067646 143.55154785156245 0 233 2.8329 0.0 8.181805246746432 0.0 4.0 
194 7114724.1 95.67844044245 83.90244574067646 143.55154785156245 0 233 2.8329 0.0 8.181805246746432 0.0 4.0 
195 7114757.5 95.67844044245 83.90244574067646 143.55154785156245 0 233 2.8329 0.0 8.181805246746432 0.0 4.0 
196 7114790.8 95.64610179101348 83.90244574067646 143.55154785156245 0 233 2.8329 0.0 8.181805246746432 0.0 4.0 
197 7114824.1 95.64610179101348 83.84597860538199 143.55154785156245 0 233 2.8329 0.0 8.181805246746432 0.0 4.0 
198 7114857.5 95.64610179101348 83.84597860538199 143.55154785156245 0 233 2.8329 0.0 8.181805246746432 0.0 4.0 
199 7114890.8 95.64610179101348 83.84597860538199 143.55154785156245 0 233 2.8329 0.0 8.181805246746432 0.0 4.0 
200 7114924.1 95.64610179101348 83.84597860538199 143.55154785156245 0 233 2.8329 0.0 8.181805246746432 0.0 4.0 
201 7114957.5 95.64610179101348 83.84597860538199 143.55154785156245 0 233 2.8329 0.0 8.181805246746432 0.0 4.0 
202 7114990.8 95.59243223827916 83.79582209654338 143.55154785156245 0 233 2.8329 0.0 8.181805246746432 0.0 4.0 
203 7115024.1 95.59243223827916 83.79582209654338 143.55154785156245 0 233 2.8329 0.0 8.181805246746432 0.0 4.0 
204 7115057.5 95.59243223827916 83.79582209654338 143.55154785156245 0 233 2.8329 0.0 8.181805246746432 0.0 4.0 
205 7115090.8 95.59243223827916 83.79582209654338 143.55154785156245 0 233 2.8329 0.0 8.181805246746432 0.0 4.0 
206 7115124.1 95.59243223827916 83.79582209654338 143.55154785156245 0 233 2.8329 0.0 8.181805246746432 0.0 4.0 
207 7115157.5 95.59243223827916 83.79582209654338 143.55154785156245 0 233 2.8329 0.0 8.181805246746432 0.0 4.0 
208 7115190.8 95.53455291500059 83.76162699887504 143.55154785156245 0 233 2.8329 0.0 8.181805246746432 0.0 4.0 
209 7115224.2 95.53455291500059 83.76162699887504 143.55154785156245 0 233 2.8329 0.0 8.181805246746432 0.0 4.0 
210 7115257.5 95.53455291500059 83.76162699887504 143.55154785156245 0 233 2.8329 0.0 8.181805246746432 0.0 4.0 
211 7115290.8 95.53455291500059 83.76162699887504 143.55154785156245 0 233 2.8329 0.0 8.181805246746432 0.0 4.0 
212 7115324.2 95.53455291500059 83.76162699887504 143.55154785156245 0 233 2.8329 0.0 8.181805246746432 0.0 4.0 
213 7115357.5 95.53455291500059 83.76162699887504 143.55154785156245 0 233 2.8329 0.0 8.181805246746432 0.0 4.0 
214 7115390.8 95.47533656220726 83.72293204485592 143.55154785156245 0 233 2.8329 0.0 8.181805246746432 0.0 4.0 
215 7115424.2 95.47533656220726 83.72293204485592 143.55154785156245 0 233 2.8329 0.0 8.181805246746432 0.0 4.0 
216 7115457.5 95.47533656220726 83.72293204485592 143.55154785156245 0 233 2.8329 0.0 8.181805246746432 0.0 4.0 
217 7115490.8 95.47533656220726 83.72293204485592 143.55154785156245 0 233 2.8329 0.0 8.181805246746432 0.0 4.0 
218 7115524.2 95.47533656220726 83.72293204485592 143.55154785156245 0 233 2.8329 0.0 8.181805246746432 0.0 4.0 
219 7115557.5 95.47533656220726 83.72293204485592 143.55154785156245 0 233 2.8329 0.0 8.181805246746432 0.0 4.0 
220 7115590.9 95.44276029333128 83.68253608868994 143.55154785156245 0 233 2.8329 0.0 8.181805246746432 0.0 4.0 
221 7115624.2 95.44276029333128 83.68253608868994 143.55154785156245 0 233 2.8329 0.0 8.181805246746432 0.0 4.0 
222 7115657.5 95.44276029333128 83.68253608868994 143.55154785156245 0 233 2.8329 0.0 8.181805246746432 0.0 4.0 
223 7115690.9 95.44276029333128 83.68253608868994 143.55154785156245 0 233 2.8329 0.0 8.181805246746432 0.0 4.0 
224 7115724.2 95.44276029333128 83.68253608868994 143.55154785156245 0 233 2.8329 0.0 8.181805246746432 0.0 4.0 
225 7115757.5 95.44276029333128 83.68253608868994 143.55154785156245 0 233 2.8329 0.0 8.181805246746432 0.0 4.0 
226 7115790.9 95.42819832751145 83.64580966617267 143.55154785156245 0 233 2.8329 0.0 8.181805246746432 0.0 4.0 
227 7115824.2 95.42819832751145 83.64580966617267 143.55154785156245 0 233 2.8329 0.0 8.181805246746432 0.0 4.0 
228 7115857.5 95.42819832751145 83.64580966617267 143.55154785156245 0 233 2.8329 0.0 8.181805246746432 0.0 4.0 
229 7115890.9 95.42819832751145 83.64580966617267 143.55154785156245 0 233 2.8329 0.0 8.181805246746432 0.0 4.0 
230 7115924.2 95.42819832751145 83.64580966617267 143.55154785156245 0 233 2.8329 0.0 8.181805246746432 0.0 4.0 
231 7115957.5 95.42819832751145 83.64580966617267 143.55154785156245 0 233 2.8329 0.0 8.181805246746432 0.0 4.0 
232 7115990.9 95.42388777975621 83.60826822284248 143.55154785156245 0 233 2.8329 0.0 8.181805246746432 0.0 4.0 
233 7116024.2 95.42388777975621 83.60826822284248 143.55154785156245 0 233 2.8329 0.0 8.181805246746432 0.0 4.0 
234 7116057.6 95.42388777975621 83.60826822284248 143.55154785156245 0 233 2.8329 0.0 8.181805246746432 0.0 4.0 
235 7116090.9 95.42388777975621 83.60826822284248 143.55154785156245 0 233 2.8329 0.0 8.181805246746432 0.0 4.0 
236 7116124.2 95.42388777975621 83.60826822284248 143.55154785156245 0 233 2.8329 0.0 8.181805246746432 0.0 4.0 
237 7116157.6 95.42388777975621 83.60826822284248 143.55154785156245 0 233 2.8329 0.0 8.181805246746432 0.0 4.0 
238 7116190.9 95.42145940937213 83.60826822284248 143.55154785156245 0 233 2.8329 0.0 8.181805246746432 0.0 4.0 
239 7116224.2 95.42145940937213 83.56672675338949 143.55154785156245 0 233 2.8329 0.0 8.181805246746432 0.0 4.0 
240 7116257.6 95.42145940937213 83.56672675338949 143.55154785156245 0 233 2.8329 0.0 8.181805246746432 0.0 4.0 
241 7116290.9 95.42145940937213 83.56672675338949 143.55154785156245 0 233 2.8329 0.0 8.181805246746432 0.0 4.0 
242 7116324.2 95.42145940937213 83.56672675338949 143.55154785156245 0 233 2.8329 0.0 8.181805246746432 0.0 4.0 
243 7116357.6 95.42145940937213 83.56672675338949 143.55154785156245 0 233 2.8329 0.0 8.181805246746432 0.0 4.0 
244 7116390.9 95.42436084955287 83.53218179169033 143.55154785156245 0 233 2.8329 0.0 8.181805246746432 0.0 4.0 
245 7116424.3 95.42436084955287 83.53218179169033 143.55154785156245 0 233 2.8329 0.0 8.181805246746432 0.0 4.0 
246 7116457.6 95.42436084955287 83.53218179169033 143.55154785156245 0 233 2.8329 0.0 8.181805246746432 0.0 4.0 
247 7116490.9 95.42436084955287 83.53218179169033 143.55154785156245 0 233 2.8329 0.0 8.181805246746432 0.0 4.0 
248 7116524.3 95.42436084955287 83.53218179169033 143.55154785156245 0 233 2.8329 0.0 8.181805246746432 0.0 4.0 
249 7116557.6 95.42436084955287 83.53218179169033 143.55154785156245 0 233 2.8329 0.0 8.181805246746432 0.0 4.0 
250 7116590.9 95.44618748552777 83.53218179169033 143.55154785156245 0 233 2.8329 0.0 8.181805246746432 0.0 4.0 
251 7116624.3 95.44618748552777 83.49242533103255 143.55154785156245 0 233 2.8329 0.0 8.181805246746432 0.0 4.0 
252 7116657.6 95.44618748552777 83.49242533103255 143.55154785156245 0 233 2.8329 0.0 8.181805246746432 0.0 4.0 
253 7116690.9 95.44618748552777 83.49242533103255 143.55154785156245 0 233 2.8329 0.0 8.181805246746432 0.0 4.0 
254 7116724.3 95.44618748552777 83.49242533103255 143.55154785156245 0 233 2.8329 0.0 8.181805246746432 0.0 4.0 
255 7116757.6 95.44618748552777 83.49242533103255 143.55154785156245 0 233 2.8329 0.0 8.181805246746432 0.0 4.0 
256 7116790.9 95.47028031763404 83.46190829844494 143.55154785156245 0 233 2.8329 0.0 8.181805246746432 0.0 4.0 
257 7116824.3 95.47028031763404 83.46190829844494 143.55154785156245 0 233 2.8329 0.0 8.181805246746432 0.0 4.0 
258 7116857.6 95.47028031763404 83.46190829844494 143.55154785156245 0 233 2.8329 0.0 8.181805246746432 0.0 4.0 
259 7116891.0 95.47028031763404 83.46190829844494 143.55154785156245 0 233 2.8329 0.0 8.181805246746432 0.0 4.0 
260 7116924.3 95.47028031763404 83.46190829844494 143.55154785156245 0 233 2.8329 0.0 8.181805246746432 0.0 4.0 
261 7116957.6 95.47028031763404 83.46190829844494 143.55154785156245 0 233 2.8329 0.0 8.181805246746432 0.0 4.0 
262 7116991.0 95.48735573377094 83.46190829844494 143.55154785156245 0 233 2.8329 0.0 8.181805246746432 0.0 4.0 
263 7117024.3 95.48735573377094 83.44053135881505 143.55154785156245 0 233 2.8329 0.0 8.181805246746432 0.0 4.0 
264 7117057.6 95.48735573377094 83.44053135881505 143.55154785156245 0 233 2.8329 0.0 8.181805246746432 0.0 4.0 
265 7117091.0 95.48735573377094 83.44053135881505 143.55154785156245 0 233 2.8329 0.0 8.181805246746432 0.0 4.0 
266 7117124.3 95.48735573377094 83.44053135881505 143.55154785156245 0 233 2.8329 0.0 8.181805246746432 0.0 4.0 
267 7117157.6 95.48735573377094 83.44053135881505 143.55154785156245 0 233 2.8329 0.0 8.181805246746432 0.0 4.0 
268 7117191.0 95.501351974248 83.4129423205861 143.55154785156245 0 233 2.8329 0.0 8.181805246746432 0.0 4.0 
269 7117224.3 95.501351974248 83.4129423205861 143.55154785156245 0 233 2.8329 0.0 8.181805246746432 0.0 4.0 
270 7117257.7 95.501351974248 83.4129423205861 143.55154785156245 0 233 2.8329 0.0 8.181805246746432 0.0 4.0 
271 7117291.0 95.501351974248 83.4129423205861 143.55154785156245 0 233 2.8329 0.0 8.181805246746432 0.0 4.0 
272 7117324.3 95.501351974248 83.4129423205861 143.55154785156245 0 233 2.8329 0.0 8.181805246746432 0.0 4.0 
273 7117357.7 95.501351974248 83.4129423205861 143.55154785156245 0 233 2.8329 0.0 8.181805246746432 0.0 4.0 
274 7117391.0 95.50853787545041 83.38137074097568 143.55154785156245 0 233 2.8329 0.0 8.181805246746432 0.0 4.0 
275 7117424.3 95.50853787545041 83.38137074097568 143.55154785156245 0 233 2.8329 0.0 8.181805246746432 0.0 4.0 
276 7117457.7 95.50853787545041 83.38137074097568 143.55154785156245 0 233 2.8329 0.0 8.181805246746432 0.0 4.0 
277 7117491.0 95.50853787545041 83.38137074097568 143.55154785156245 0 233 2.8329 0.0 8.181805246746432 0.0 4.0 
278 7117524.3 95.51120243552066 83.38137074097568 143.55154785156245 0 233 2.8329 0.0 8.181805246746432 0.0 4.0 
279 7117557.7 95.51120243552066 83.3683438099177 143.55154785156245 0 233 2.8329 0.0 8.181805246746432 0.0 4.0 
280 7117591.0 95.51120243552066 83.3683438099177 143.55154785156245 0 233 2.8329 0.0 8.181805246746432 0.0 4.0 
281 7117624.3 95.51120243552066 83.3683438099177 143.55154785156245 0 233 2.8329 0.0 8.181805246746432 0.0 4.0 
282 7117657.7 95.51431723479642 83.3523429558921 143.55154785156245 0 233 2.8329 0.0 8.181805246746432 0.0 4.0 
283 7117691.0 95.51431723479642 83.3523429558921 143.55154785156245 0 233 2.8329 0.0 8.181805246746432 0.0 4.0 
284 7117724.4 95.51431723479642 83.3523429558921 143.55154785156245 0 233 2.8329 0.0 8.181805246746432 0.0 4.0 
285 7117757.7 95.51431723479642 83.3523429558921 143.55154785156245 0 233 2.8329 0.0 8.181805246746432 0.0 4.0 
286 7117791.0 95.51431723479642 83.33620189886742 143.55154785156245 0 233 2.8329 0.0 8.181805246746432 0.0 4.0 
287 7117824.4 95.51431723479642 83.33620189886742 143.55154785156245 0 233 2.8329 0.0 8.181805246746432 0.0 4.0 
288 7117857.7 95.51431723479642 83.33620189886742 143.55154785156245 0 233 2.8329 0.0 8.181805246746432 0.0 4.0 
289 7117891.0 95.51431723479642 83.33620189886742 143.55154785156245 0 233 2.8329 0.0 8.181805246746432 0.0 4.0 
290 7117924.4 95.50997195962164 83.33620189886742 143.55154785156245 0 233 2.8329 0.0 8.181805246746432 0.0 4.0 
291 7117957.7 95.50997195962164 83.32183679439716 143.55154785156245 0 233 2.8329 0.0 8.181805246746432 0.0 4.0 
292 7117991.0 95.50997195962164 83.32183679439716 143.55154785156245 0 233 2.8329 0.0 8.181805246746432 0.0 4.0 
293 7118024.4 95.50997195962164 83.32183679439716 143.55154785156245 0 233 2.8329 0.0 8.181805246746432 0.0 4.0 
294 7118057.7 95.50166086674894 83.30726451549282 143.55154785156245 0 233 2.8329 0.0 8.181805246746432 0.0 4.0 
295 7118091.1 95.50166086674894 83.30726451549282 143.55154785156245 0 233 2.8329 0.0 8.181805246746432 0.0 4.0 
296 7118124.4 95.50166086674894 83.30726451549282 143.55154785156245 0 233 2.8329 0.0 8.181805246746432 0.0 4.0 
297 7118157.7 95.50166086674894 83.30726451549282 143.55154785156245 0 233 2.8329 0.0 8.181805246746432 0.0 4.0 
298 7118191.1 95.49332282312363 83.29543991085936 143.55154785156245 0 233 2.8329 0.0 8.181805246746432 0.0 4.0 
299 7118224.4 95.49332282312363 83.29543991085936 143.55154785156245 0 233 2.8329 0.0 8.181805246746432 0.0 4.0 
300 7118257.7 95.49332282312363 83.29543991085936 143.55154785156245 0 233 2.8329 0.0 8.181805246746432 0.0 4.0 
301 7118291.1 95.49332282312363 83.29543991085936 143.55154785156245 0 233 2.8329 0.0 8.181805246746432 0.0 4.0 
302 7118324.4 95.48491214573491 83.29543991085936 143.55154785156245 0 233 2.8329 0.0 8.181805246746432 0.0 4.0 
303 7118357.7 95.48491214573491 83.28458726973673 143.55154785156245 0 233 2.8329 0.0 8.181805246746432 0.0 4.0 
304 7118391.1 95.48491214573491 83.28458726973673 143.55154785156245 0 233 2.8329 0.0 8.181805246746432 0.0 4.0 
305 7118424.4 95.48491214573491 83.28458726973673 143.55154785156245 0 233 2.8329 0.0 8.181805246746432 0.0 4.0 
306 7118457.7 95.47563708438994 83.27509578423056 143.55154785156245 0 233 2.8329 0.0 8.181805246746432 0.0 4.0 
307 7118491.1 95.47563708438994 83.27509578423056 143.55154785156245 0 233 2.8329 0.0 8.181805246746432 0.0 4.0 
308 7118524.4 95.47563708438994 83.27509578423056 143.55154785156245 0 233 2.8329 0.0 8.181805246746432 0.0 4.0 
309 7118557.8 95.47563708438994 83.27509578423056 143.55154785156245 0 233 2.8329 0.0 8.181805246746432 0.0 4.0 
310 7118591.1 95.4606967310837 83.27509578423056 143.55154785156245 0 233 2.8329 0.0 8.181805246746432 0.0 4.0 
311 7118624.4 95.4606967310837 83.26395070752501 143.55154785156245 0 233 2.8329 0.0 8.181805246746432 0.0 4.0 
312 7118657.8 95.4606967310837 83.26395070752501 143.55154785156245 0 233 2.8329 0.0 8.181805246746432 0.0 4.0 
313 7118691.1 95.4606967310837 83.26395070752501 143.55154785156245 0 233 2.8329 0.0 8.181805246746432 0.0 4.0 
314 7118724.4 95.44175447829335 83.26395070752501 143.55154785156245 0 233 2.8329 0.0 8.181805246746432 0.0 4.0 
315 7118757.8 95.44175447829335 83.24847654976845 143.55154785156245 0 233 2.8329 0.0 8.181805246746432 0.0 4.0 
316 7118791.1 95.44175447829335 83.24847654976845 143.55154785156245 0 233 2.8329 0.0 8.181805246746432 0.0 4.0 
317 7118824.4 95.44175447829335 83.24847654976845 143.55154785156245 0 233 2.8329 0.0 8.181805246746432 0.0 4.0 
318 7118857.8 95.42652737143759 83.24243920359703 143.55154785156245 0 233 2.8329 0.0 8.181805246746432 0.0 4.0 
319 7118891.1 95.42652737143759 83.24243920359703 143.55154785156245 0 233 2.8329 0.0 8.181805246746432 0.0 4.0 
320 7118924.5 95.42652737143759 83.24243920359703 143.55154785156245 0 233 2.8329 0.0 8.181805246746432 0.0 4.0 
321 7118957.8 95.42652737143759 83.24243920359703 143.55154785156245 0 233 2.8329 0.0 8.181805246746432 0.0 4.0 
322 7118991.1 95.41408133259213 83.24243920359703 143.55154785156245 0 233 2.8329 0.0 8.181805246746432 0.0 4.0 
323 7119024.5 95.41408133259213 83.23541849909775 143.55154785156245 0 233 2.8329 0.0 8.181805246746432 0.0 4.0 
324 7119057.8 95.41408133259213 83.23541849909775 143.55154785156245 0 233 2.8329 0.0 8.181805246746432 0.0 4.0 
325 7119091.1 95.41408133259213 83.23541849909775 143.55154785156245 0 233 2.8329 0.0 8.181805246746432 0.0 4.0 
326 7119124.5 95.40653796273222 83.229619313977 143.55154785156245 0 233 2.8329 0.0 8.181805246746432 0.0 4.0 
327 7119157.8 95.40653796273222 83.229619313977 143.55154785156245 0 233 2.8329 0.0 8.181805246746432 0.0 4.0 
328 7119191.1 95.40653796273222 83.229619313977 143.55154785156245 0 233 2.8329 0.0 8.181805246746432 0.0 4.0 
329 7119224.5 95.40653796273222 83.229619313977 143.55154785156245 0 233 2.8329 0.0 8.181805246746432 0.0 4.0 
330 7119257.8 95.40653796273222 83.2256880137661 143.55154785156245 0 233 2.8329 0.0 8.181805246746432 0.0 4.0 
331 7119291.1 95.40653796273222 83.2256880137661 143.55154785156245 0 233 2.8329 0.0 8.181805246746432 0.0 4.0 
332 7119324.5 95.40653796273222 83.2256880137661 143.55154785156245 0 233 2.8329 0.0 8.181805246746432 0.0 4.0 
333 7119357.8 95.40602148437495 83.22580371093747 143.50417089843742 0 233 2.8329 0.0 8.181805246746432 0.0 4.0 
334 7119391.2 95.40602148437495 83.22580371093747 143.50417089843742 0 233 2.8329 0.0 8.181805246746432 0.0 4.0 
335 7119424.5 95.40602148437495 83.22580371093747 143.50417089843742 0 233 2.8329 0.0 8.181805246746432 0.0 4.0 
336 7119457.8 95.40602148437495 83.22580371093747 143.50417089843742 0 233 2.8329 0.0 8.181805246746432 0.0 4.0 
337 7119491.2 95.40602148437495 83.22580371093747 143.50417089843742 0 233 2.8329 0.0 8.181805246746432 0.0 4.0 
338 7119524.5 95.39921651310627 83.22307994632878 143.50417089843742 0 233 2.8329 0.0 8.181805246746432 0.0 4.0 
339 7119557.8 95.39921651310627 83.22307994632878 143.50417089843742 0 233 2.8329 0.0 8.181805246746432 0.0 4.0 
340 7119591.2 95.39921651310627 83.22307994632878 143.50417089843742 0 233 2.8329 0.0 8.181805246746432 0.0 4.0 
341 7119624.5 95.39921651310627 83.22307994632878 143.50417089843742 0 233 2.8329 0.0 8.181805246746432 0.0 4.0 
342 7119657.8 95.3667850631051 83.22307994632878 143.50417089843742 0 233 2.8329 0.0 8.181805246746432 0.0 4.0 
343 7119691.2 95.3667850631051 83.21575671881355 143.50417089843742 0 233 2.8329 0.0 8.181805246746432 0.0 4.0 
344 7119724.5 95.3667850631051 83.21575671881355 143.50417089843742 0 233 2.8329 0.0 8.181805246746432 0.0 4.0 
345 7119757.9 95.3667850631051 83.21575671881355 143.50417089843742 0 233 2.8329 0.0 8.181805246746432 0.0 4.0 
346 7119791.2 95.3667850631051 83.21575671881355 143.50417089843742 0 233 2.8329 0.0 8.181805246746432 0.0 4.0 
347 7119824.5 95.3667850631051 83.21575671881355 143.50417089843742 0 233 2.8329 0.0 8.181805246746432 0.0 4.0 
348 7119857.9 95.29555846386354 83.24087073714774 143.50417089843742 0 233 2.8329 0.0 8.181805246746432 0.0 4.0 
349 7119891.2 95.34797851562494 83.22282714843746 143.57883300781242 0 233 2.8329 0.0 8.181805246746432 0.0 4.0 
350 7119924.5 95.34797851562494 83.22282714843746 143.57883300781242 0 233 2.8329 0.0 8.181805246746432 0.0 4.0 
351 7119957.9 95.34797851562494 83.22282714843746 143.57883300781242 0 233 2.8329 0.0 8.181805246746432 0.0 4.0 
352 7119991.2 95.34797851562494 83.22282714843746 143.57883300781242 0 233 2.8329 0.0 8.181805246746432 0.0 4.0 
353 7120024.5 95.29564062499996 83.24081054687495 143.62484570312492 0 233 2.8329 0.0 8.181805246746432 0.0 4.0 
354 7120057.9 95.20801720505881 83.30621335118134 143.62484570312492 0 233 2.8329 0.0 8.181805246746432 0.0 4.0 
355 7120091.2 95.20801720505881 83.30621335118134 143.62484570312492 0 233 2.8329 0.0 8.181805246746432 0.0 4.0 
356 7120124.5 95.20801720505881 83.30621335118134 143.62484570312492 0 233 2.8329 0.0 8.181805246746432 0.0 4.0 
357 7120157.9 95.20801720505881 83.30621335118134 143.62484570312492 0 233 2.8329 0.0 8.181805246746432 0.0 4.0 
358 7120191.2 95.20801720505881 83.30621335118134 143.62484570312492 0 233 2.8329 0.0 8.181805246746432 0.0 4.0 
359 7120224.6 95.20801720505881 83.30621335118134 143.62484570312492 0 233 2.8329 0.0 8.181805246746432 0.0 4.0 
360 7120257.9 95.11333700719747 83.30621335118134 143.62484570312492 0 233 2.8329 0.0 8.181805246746432 0.0 4.0 
361 7120291.2 95.11333700719747 83.29486041060292 143.62484570312492 0 233 2.8329 0.0 8.181805246746432 0.0 4.0 
362 7120324.6 95.11333700719747 83.29486041060292 143.62484570312492 0 233 2.8329 0.0 8.181805246746432 0.0 4.0 
363 7120357.9 95.11333700719747 83.29486041060292 143.62484570312492 0 233 2.8329 0.0 8.181805246746432 0.0 4.0 
364 7120391.2 95.11333700719747 83.29486041060292 143.62484570312492 0 233 2.8329 0.0 8.181805246746432 0.0 4.0 
365 7120424.6 95.11333700719747 83.29486041060292 143.62484570312492 0 233 2.8329 0.0 8.181805246746432 0.0 4.0 
366 7120457.9 95.04406930807609 83.29486041060292 143.62484570312492 0 233 2.8329 0.0 8.181805246746432 0.0 4.0 
367 7120491.2 95.04406930807609 83.24486667257527 143.62484570312492 0 233 2.8329 0.0 8.181805246746432 0.0 4.0 
368 7120524.6 95.04406930807609 83.24486667257527 143.62484570312492 0 233 2.8329 0.0 8.181805246746432 0.0 4.0 
369 7120557.9 95.04406930807609 83.24486667257527 143.62484570312492 0 233 2.8329 0.0 8.181805246746432 0.0 4.0 
370 7120591.3 95.04406930807609 83.24486667257527 143.62484570312492 0 233 2.8329 0.0 8.181805246746432 0.0 4.0 
371 7120624.6 95.04406930807609 83.24486667257527 143.62484570312492 0 233 2.8329 0.0 8.181805246746432 0.0 4.0 
372 7120657.9 95.00481600853665 83.17836113223916 143.62484570312492 0 233 2.8329 0.0 8.181805246746432 0.0 4.0 
373 7120691.3 95.00481600853665 83.17836113223916 143.62484570312492 0 233 2.8329 0.0 8.181805246746432 0.0 4.0 
374 7120724.6 95.00481600853665 83.17836113223916 143.62484570312492 0 233 2.8329 0.0 8.181805246746432 0.0 4.0 
375 7120757.9 95.00481600853665 83.17836113223916 143.62484570312492 0 233 2.8329 0.0 8.181805246746432 0.0 4.0 
376 7120791.3 95.00481600853665 83.17836113223916 143.62484570312492 0 233 2.8329 0.0 8.181805246746432 0.0 4.0 
377 7120824.6 95.00481600853665 83.17836113223916 143.62484570312492 0 233 2.8329 0.0 8.181805246746432 0.0 4.0 
378 7120857.9 94.97147451147502 83.17836113223916 143.62484570312492 0 233 2.8329 0.0 8.181805246746432 0.0 4.0 
379 7120891.3 94.97147451147502 83.11846062937042 143.62484570312492 0 233 2.8329 0.0 8.181805246746432 0.0 4.0 
380 7120924.6 94.97147451147502 83.11846062937042 143.62484570312492 0 233 2.8329 0.0 8.181805246746432 0.0 4.0 
381 7120957.9 94.97147451147502 83.11846062937042 143.62484570312492 0 233 2.8329 0.0 8.181805246746432 0.0 4.0 
382 7120991.3 94.97147451147502 83.11846062937042 143.62484570312492 0 233 2.8329 0.0 8.181805246746432 0.0 4.0 
383 7121024.6 94.97147451147502 83.11846062937042 143.62484570312492 0 233 2.8329 0.0 8.181805246746432 0.0 4.0 
384 7121058.0 94.94899721780132 83.07109661334582 143.62484570312492 0 233 2.8329 0.0 8.181805246746432 0.0 4.0 
385 7121091.3 94.94899721780132 83.07109661334582 143.62484570312492 0 233 2.8329 0.0 8.181805246746432 0.0 4.0 
386 7121124.6 94.94899721780132 83.07109661334582 143.62484570312492 0 233 2.8329 0.0 8.181805246746432 0.0 4.0 
387 7121158.0 94.94899721780132 83.07109661334582 143.62484570312492 0 233 2.8329 0.0 8.181805246746432 0.0 4.0 
388 7121191.3 94.94899721780132 83.07109661334582 143.62484570312492 0 233 2.8329 0.0 8.181805246746432 0.0 4.0 
389 7121224.6 94.94899721780132 83.07109661334582 143.62484570312492 0 233 2.8329 0.0 8.181805246746432 0.0 4.0 
390 7121258.0 94.92102629182278 83.04597957341106 143.62484570312492 0 233 2.8329 0.0 8.181805246746432 0.0 4.0 
391 7121291.3 94.92102629182278 83.04597957341106 143.62484570312492 0 233 2.8329 0.0 8.181805246746432 0.0 4.0 
392 7121324.6 94.92102629182278 83.04597957341106 143.62484570312492 0 233 2.8329 0.0 8.181805246746432 0.0 4.0 
393 7121358.0 94.92102629182278 83.04597957341106 143.62484570312492 0 233 2.8329 0.0 8.181805246746432 0.0 4.0 
394 7121391.3 94.90561911952929 83.04597957341106 143.62484570312492 0 233 2.8329 0.0 8.181805246746432 0.0 4.0 
395 7121424.7 94.90561911952929 83.03003186946472 143.62484570312492 0 233 2.8329 0.0 8.181805246746432 0.0 4.0 
396 7121458.0 94.90561911952929 83.03003186946472 143.62484570312492 0 233 2.8329 0.0 8.181805246746432 0.0 4.0 
397 7121491.3 94.90561911952929 83.03003186946472 143.62484570312492 0 233 2.8329 0.0 8.181805246746432 0.0 4.0 
398 7121524.7 94.89600597043363 83.01815163085443 143.62484570312492 0 233 2.8329 0.0 8.181805246746432 0.0 4.0 
399 7121558.0 94.89600597043363 83.01815163085443 143.62484570312492 0 233 2.8329 0.0 8.181805246746432 0.0 4.0 
400 7121591.3 94.89600597043363 83.01815163085443 143.62484570312492 0 233 2.8329 0.0 8.181805246746432 0.0 4.0 
401 7121624.7 94.89600597043363 83.01815163085443 143.62484570312492 0 233 2.8329 0.0 8.181805246746432 0.0 4.0 
402 7121658.0 94.87399269658897 83.01794042968746 143.6781757812499 0 233 2.8329 0.0 8.181805246746432 0.0 4.0 
403 7121691.3 94.87399269658897 83.00488849007426 143.6781757812499 0 233 2.8329 0.0 8.181805246746432 0.0 4.0 
404 7121724.7 94.87399269658897 83.00488849007426 143.6781757812499 0 233 2.8329 0.0 8.181805246746432 0.0 4.0 
405 7121758.0 94.87399269658897 83.00488849007426 143.6781757812499 0 233 2.8329 0.0 8.181805246746432 0.0 4.0 
406 7121791.3 94.87399269658897 83.00488849007426 143.6781757812499 0 233 2.8329 0.0 8.181805246746432 0.0 4.0 
407 7121824.7 94.87399269658897 83.00488849007426 143.6781757812499 0 233 2.8329 0.0 8.181805246746432 0.0 4.0 
408 7121858.0 94.83835256003611 82.99771592748705 143.6781757812499 0 233 2.8329 0.0 8.181805246746432 0.0 4.0 
409 7121891.4 94.83835256003611 82.99771592748705 143.6781757812499 0 233 2.8329 0.0 8.181805246746432 0.0 4.0 
410 7121924.7 94.83835256003611 82.99771592748705 143.6781757812499 0 233 2.8329 0.0 8.181805246746432 0.0 4.0 
411 7121958.0 94.83835256003611 82.99771592748705 143.6781757812499 0 233 2.8329 0.0 8.181805246746432 0.0 4.0 
412 7121991.4 94.83835256003611 82.99771592748705 143.6781757812499 0 233 2.8329 0.0 8.181805246746432 0.0 4.0 
413 7122024.7 94.83835256003611 82.99771592748705 143.6781757812499 0 233 2.8329 0.0 8.181805246746432 0.0 4.0 
414 7122058.0 94.8144026796467 82.99771592748705 143.6781757812499 0 233 2.8329 0.0 8.181805246746432 0.0 4.0 
415 7122091.4 94.8144026796467 82.99315679931638 143.6781757812499 0 233 2.8329 0.0 8.181805246746432 0.0 4.0 
416 7122124.7 94.8144026796467 82.99315679931638 143.6781757812499 0 233 2.8329 0.0 8.181805246746432 0.0 4.0 
417 7122158.0 94.8144026796467 82.99315679931638 143.6781757812499 0 233 2.8329 0.0 8.181805246746432 0.0 4.0 
418 7122191.4 94.8144026796467 82.99315679931638 143.6781757812499 0 233 2.8329 0.0 8.181805246746432 0.0 4.0 
419 7122224.7 94.8144026796467 82.99315679931638 143.6781757812499 0 233 2.8329 0.0 8.181805246746432 0.0 4.0 
420 7122258.1 94.78455331804733 82.99315679931638 143.6781757812499 0 233 2.8329 0.0 8.181805246746432 0.0 4.0 
421 7122291.4 94.78455331804733 82.99878724084981 143.6781757812499 0 233 2.8329 0.0 8.181805246746432 0.0 4.0 
422 7122324.7 94.78455331804733 82.99878724084981 143.6781757812499 0 233 2.8329 0.0 8.181805246746432 0.0 4.0 
423 7122358.1 94.78455331804733 82.99878724084981 143.6781757812499 0 233 2.8329 0.0 8.181805246746432 0.0 4.0 
424 7122391.4 94.78455331804733 82.99878724084981 143.6781757812499 0 233 2.8329 0.0 8.181805246746432 0.0 4.0 
425 7122424.7 94.78455331804733 82.99878724084981 143.6781757812499 0 233 2.8329 0.0 8.181805246746432 0.0 4.0 
426 7122458.1 94.74977319311316 82.99878724084981 143.6781757812499 0 233 2.8329 0.0 8.181805246746432 0.0 4.0 
427 7122491.4 94.74977319311316 83.02255681944095 143.6781757812499 0 233 2.8329 0.0 8.181805246746432 0.0 4.0 
428 7122524.7 94.74977319311316 83.02255681944095 143.6781757812499 0 233 2.8329 0.0 8.181805246746432 0.0 4.0 
429 7122558.1 94.74977319311316 83.02255681944095 143.6781757812499 0 233 2.8329 0.0 8.181805246746432 0.0 4.0 
430 7122591.4 94.74977319311316 83.02255681944095 143.6781757812499 0 233 2.8329 0.0 8.181805246746432 0.0 4.0 
431 7122624.7 94.74977319311316 83.02255681944095 143.6781757812499 0 233 2.8329 0.0 8.181805246746432 0.0 4.0 
432 7122658.1 94.71312720953738 83.04734780895075 143.6781757812499 0 233 2.8329 0.0 8.181805246746432 0.0 4.0 
433 7122691.4 94.71312720953738 83.04734780895075 143.6781757812499 0 233 2.8329 0.0 8.181805246746432 0.0 4.0 
434 7122724.8 94.71312720953738 83.04734780895075 143.6781757812499 0 233 2.8329 0.0 8.181805246746432 0.0 4.0 
435 7122758.1 94.71312720953738 83.04734780895075 143.6781757812499 0 233 2.8329 0.0 8.181805246746432 0.0 4.0 
436 7122791.4 94.71312720953738 83.04734780895075 143.6781757812499 0 233 2.8329 0.0 8.181805246746432 0.0 4.0 
437 7122824.8 94.71312720953738 83.04734780895075 143.6781757812499 0 233 2.8329 0.0 8.181805246746432 0.0 4.0 
438 7122858.1 94.68337387490304 83.04734780895075 143.6781757812499 0 233 2.8329 0.0 8.181805246746432 0.0 4.0 
439 7122891.4 94.68337387490304 83.06435140297322 143.6781757812499 0 233 2.8329 0.0 8.181805246746432 0.0 4.0 
440 7122924.8 94.68337387490304 83.06435140297322 143.6781757812499 0 233 2.8329 0.0 8.181805246746432 0.0 4.0 
441 7122958.1 94.68337387490304 83.06435140297322 143.6781757812499 0 233 2.8329 0.0 8.181805246746432 0.0 4.0 
442 7122991.4 94.68337387490304 83.06435140297322 143.6781757812499 0 233 2.8329 0.0 8.181805246746432 0.0 4.0 
443 7123024.8 94.68337387490304 83.06435140297322 143.6781757812499 0 233 2.8329 0.0 8.181805246746432 0.0 4.0 
444 7123058.1 94.65395284009715 83.06883856695967 143.6781757812499 0 233 2.8329 0.0 8.181805246746432 0.0 4.0 
445 7123091.5 94.65395284009715 83.06883856695967 143.6781757812499 0 233 2.8329 0.0 8.181805246746432 0.0 4.0 
446 7123124.8 94.65395284009715 83.06883856695967 143.6781757812499 0 233 2.8329 0.0 8.181805246746432 0.0 4.0 
447 7123158.1 94.65395284009715 83.06883856695967 143.6781757812499 0 233 2.8329 0.0 8.181805246746432 0.0 4.0 
448 7123191.5 94.63921741572473 83.06883856695967 143.6781757812499 0 233 2.8329 0.0 8.181805246746432 0.0 4.0 
449 7123224.8 94.63921741572473 83.06724825460255 143.6781757812499 0 233 2.8329 0.0 8.181805246746432 0.0 4.0 
450 7123258.1 94.63921741572473 83.06724825460255 143.6781757812499 0 233 2.8329 0.0 8.181805246746432 0.0 4.0 
451 7123291.5 94.63921741572473 83.06724825460255 143.6781757812499 0 233 2.8329 0.0 8.181805246746432 0.0 4.0 
452 7123324.8 94.63348766198699 83.06368609581406 143.6781757812499 0 233 2.8329 0.0 8.181805246746432 0.0 4.0 
453 7123358.1 94.63348766198699 83.06368609581406 143.6781757812499 0 233 2.8329 0.0 8.181805246746432 0.0 4.0 
454 7123391.5 94.63348766198699 83.06368609581406 143.6781757812499 0 233 2.8329 0.0 8.181805246746432 0.0 4.0 
455 7123424.8 94.63348766198699 83.06368609581406 143.6781757812499 0 233 2.8329 0.0 8.181805246746432 0.0 4.0 
456 7123458.1 94.6214126517172 83.05906263371693 143.6781757812499 0 233 2.8329 0.0 8.181805246746432 0.0 4.0 
457 7123491.5 94.6214126517172 83.05906263371693 143.6781757812499 0 233 2.8329 0.0 8.181805246746432 0.0 4.0 
458 7123524.8 94.6214126517172 83.05906263371693 143.6781757812499 0 233 2.8329 0.0 8.181805246746432 0.0 4.0 
459 7123558.2 94.6214126517172 83.05906263371693 143.6781757812499 0 233 2.8329 0.0 8.181805246746432 0.0 4.0 
460 7123591.5 94.60768473318586 83.05906263371693 143.6781757812499 0 233 2.8329 0.0 8.181805246746432 0.0 4.0 
461 7123624.8 94.60768473318586 83.05110027490464 143.6781757812499 0 233 2.8329 0.0 8.181805246746432 0.0 4.0 
462 7123658.2 94.60768473318586 83.05110027490464 143.6781757812499 0 233 2.8329 0.0 8.181805246746432 0.0 4.0 
463 7123691.5 94.60768473318586 83.05110027490464 143.6781757812499 0 233 2.8329 0.0 8.181805246746432 0.0 4.0 
464 7123724.8 94.60124746906412 83.04204425073 143.6781757812499 0 233 2.8329 0.0 8.181805246746432 0.0 4.0 
465 7123758.2 94.60124746906412 83.04204425073 143.6781757812499 0 233 2.8329 0.0 8.181805246746432 0.0 4.0 
466 7123791.5 94.60124746906412 83.04204425073 143.6781757812499 0 233 2.8329 0.0 8.181805246746432 0.0 4.0 
467 7123824.8 94.60124746906412 83.04204425073 143.6781757812499 0 233 2.8329 0.0 8.181805246746432 0.0 4.0 
468 7123858.2 94.60280708303434 83.04309340279522 143.6781757812499 0 233 2.8329 0.0 8.181805246746432 0.0 4.0 
469 7123891.5 94.60280708303434 83.04309340279522 143.6781757812499 0 233 2.8329 0.0 8.181805246746432 0.0 4.0 
470 7123924.9 94.60280708303434 83.04309340279522 143.6781757812499 0 233 2.8329 0.0 8.181805246746432 0.0 4.0 
471 7123958.2 94.60280708303434 83.04309340279522 143.6781757812499 0 233 2.8329 0.0 8.181805246746432 0.0 4.0 
472 7123991.5 94.59912091758191 83.04309340279522 143.6781757812499 0 233 2.8329 0.0 8.181805246746432 0.0 4.0 
473 7124024.9 94.59912091758191 83.04309340279522 143.6781757812499 0 233 2.8329 0.0 8.181805246746432 0.0 4.0 
474 7124058.2 94.59912091758191 83.04309340279522 143.6781757812499 0 233 2.8329 0.0 8.181805246746432 0.0 4.0 
475 7124091.5 94.59912091758191 83.04309340279522 143.6781757812499 0 233 2.8329 0.0 8.181805246746432 0.0 4.0 
476 7124124.9 94.59212241749992 83.04309340279522 143.6781757812499 0 233 2.8329 0.0 8.181805246746432 0.0 4.0 
477 7124158.2 94.59212241749992 83.03970853417847 143.6781757812499 0 233 2.8329 0.0 8.181805246746432 0.0 4.0 
478 7124191.5 94.59212241749992 83.03970853417847 143.6781757812499 0 233 2.8329 0.0 8.181805246746432 0.0 4.0 
479 7124224.9 94.59212241749992 83.03970853417847 143.6781757812499 0 233 2.8329 0.0 8.181805246746432 0.0 4.0 
480 7124258.2 94.59432414530475 83.03970853417847 143.6781757812499 0 233 2.8329 0.0 8.181805246746432 0.0 4.0 
481 7124291.5 94.59432414530475 83.03970853417847 143.6781757812499 0 233 2.8329 0.0 8.181805246746432 0.0 4.0 
482 7124324.9 94.59432414530475 83.03970853417847 143.6781757812499 0 233 2.8329 0.0 8.181805246746432 0.0 4.0 
483 7124358.2 94.59432414530475 83.03970853417847 143.6781757812499 0 233 2.8329 0.0 8.181805246746432 0.0 4.0 
484 7124391.6 94.60031882856931 83.03970853417847 143.6781757812499 0 233 2.8329 0.0 8.181805246746432 0.0 4.0 
485 7124424.9 94.60031882856931 83.04127193158288 143.6781757812499 0 233 2.8329 0.0 8.181805246746432 0.0 4.0 
486 7124458.2 94.60031882856931 83.04127193158288 143.6781757812499 0 233 2.8329 0.0 8.181805246746432 0.0 4.0 
487 7124491.6 94.60031882856931 83.04127193158288 143.6781757812499 0 233 2.8329 0.0 8.181805246746432 0.0 4.0 
488 7124524.9 94.60031882856931 83.04311940946911 143.6781757812499 0 233 2.8329 0.0 8.181805246746432 0.0 4.0 
489 7124558.2 94.60031882856931 83.04311940946911 143.6781757812499 0 233 2.8329 0.0 8.181805246746432 0.0 4.0 
490 7124591.6 94.60031882856931 83.04311940946911 143.6781757812499 0 233 2.8329 0.0 8.181805246746432 0.0 4.0 
491 7124624.9 94.60031882856931 83.04311940946911 143.6781757812499 0 233 2.8329 0.0 8.181805246746432 0.0 4.0 
492 7124658.2 94.58922430826155 83.0408694305855 143.6781757812499 0 233 2.8329 0.0 8.181805246746432 0.0 4.0 
493 7124691.6 94.58922430826155 83.0408694305855 143.6781757812499 0 233 2.8329 0.0 8.181805246746432 0.0 4.0 
494 7124724.9 94.58922430826155 83.0408694305855 143.6781757812499 0 233 2.8329 0.0 8.181805246746432 0.0 4.0 
495 7124758.3 94.58922430826155 83.0408694305855 143.6781757812499 0 233 2.8329 0.0 8.181805246746432 0.0 4.0 
496 7124791.6 94.56955768202685 83.02723240030227 143.6781757812499 0 233 2.8329 0.0 8.181805246746432 0.0 4.0 
497 7124824.9 94.56955768202685 83.02723240030227 143.6781757812499 0 233 2.8329 0.0 8.181805246746432 0.0 4.0 
498 7124858.3 94.56955768202685 83.02723240030227 143.6781757812499 0 233 2.8329 0.0 8.181805246746432 0.0 4.0 
499 7124891.6 94.56955768202685 83.02723240030227 143.6781757812499 0 233 2.8329 0.0 8.181805246746432 0.0 4.0 
500 7124924.9 94.55368072910274 83.01852181503729 143.6781757812499 0 233 2.8329 0.0 8.181805246746432 0.0 4.0 
501 7124958.3 94.55368072910274 83.01852181503729 143.6781757812499 0 233 2.8329 0.0 8.181805246746432 0.0 4.0 
502 7124991.6 94.55368072910274 83.01852181503729 143.6781757812499 0 233 2.8329 0.0 8.181805246746432 0.0 4.0 
503 7125024.9 94.55368072910274 83.01852181503729 143.6781757812499 0 233 2.8329 0.0 8.181805246746432 0.0 4.0 
504 7125058.3 94.5506578272658 83.01852181503729 143.6781757812499 0 233 2.8329 0.0 8.181805246746432 0.0 4.0 
505 7125091.6 94.5506578272658 83.01852181503729 143.6781757812499 0 233 2.8329 0.0 8.181805246746432 0.0 4.0 
506 7125124.9 94.5506578272658 83.01852181503729 143.6781757812499 0 233 2.8329 0.0 8.181805246746432 0.0 4.0 
507 7125158.3 94.5506578272658 83.01852181503729 143.6781757812499 0 233 2.8329 0.0 8.181805246746432 0.0 4.0 
508 7125191.6 94.54506920991464 83.01852181503729 143.6781757812499 0 233 2.8329 0.0 8.181805246746432 0.0 4.0 
509 7125225.0 94.54506920991464 83.0122881616038 143.6781757812499 0 233 2.8329 0.0 8.181805246746432 0.0 4.0 
510 7125258.3 94.54506920991464 83.0122881616038 143.6781757812499 0 233 2.8329 0.0 8.181805246746432 0.0 4.0 
511 7125291.6 94.54506920991464 83.0122881616038 143.6781757812499 0 233 2.8329 0.0 8.181805246746432 0.0 4.0 
512 7125325.0 94.5346445596851 83.0122881616038 143.6781757812499 0 233 2.8329 0.0 8.181805246746432 0.0 4.0 
513 7125358.3 94.5346445596851 82.9967965678926 143.6781757812499 0 233 2.8329 0.0 8.181805246746432 0.0 4.0 
514 7125391.6 94.5346445596851 82.9967965678926 143.6781757812499 0 233 2.8329 0.0 8.181805246746432 0.0 4.0 
515 7125425.0 94.5346445596851 82.9967965678926 143.6781757812499 0 233 2.8329 0.0 8.181805246746432 0.0 4.0 
516 7125458.3 94.52093209073766 82.98763970847982 143.6781757812499 0 233 2.8329 0.0 8.181805246746432 0.0 4.0 
517 7125491.6 94.52093209073766 82.98763970847982 143.6781757812499 0 233 2.8329 0.0 8.181805246746432 0.0 4.0 
518 7125525.0 94.52093209073766 82.98763970847982 143.6781757812499 0 233 2.8329 0.0 8.181805246746432 0.0 4.0 
519 7125558.3 94.52093209073766 82.98763970847982 143.6781757812499 0 233 2.8329 0.0 8.181805246746432 0.0 4.0 
520 7125591.7 94.51715190747157 82.99183405328596 143.6781757812499 0 233 2.8329 0.0 8.181805246746432 0.0 4.0 
521 7125625.0 94.51715190747157 82.99183405328596 143.6781757812499 0 233 2.8329 0.0 8.181805246746432 0.0 4.0 
522 7125658.3 94.51715190747157 82.99183405328596 143.6781757812499 0 233 2.8329 0.0 8.181805246746432 0.0 4.0 
523 7125691.7 94.51715190747157 82.99183405328596 143.6781757812499 0 233 2.8329 0.0 8.181805246746432 0.0 4.0 
524 7125725.0 94.51410783654346 82.99183405328596 143.6781757812499 0 233 2.8329 0.0 8.181805246746432 0.0 4.0 
525 7125758.3 94.51410783654346 82.99543137417449 143.6781757812499 0 233 2.8329 0.0 8.181805246746432 0.0 4.0 
526 7125791.7 94.51410783654346 82.99543137417449 143.6781757812499 0 233 2.8329 0.0 8.181805246746432 0.0 4.0 
527 7125825.0 94.51410783654346 82.99543137417449 143.6781757812499 0 233 2.8329 0.0 8.181805246746432 0.0 4.0 
528 7125858.3 94.50880893281068 82.9940673954258 143.6781757812499 0 233 2.8329 0.0 8.181805246746432 0.0 4.0 
529 7125891.7 94.50880893281068 82.9940673954258 143.6781757812499 0 233 2.8329 0.0 8.181805246746432 0.0 4.0 
530 7125925.0 94.50880893281068 82.9940673954258 143.6781757812499 0 233 2.8329 0.0 8.181805246746432 0.0 4.0 
531 7125958.3 94.50880893281068 82.9940673954258 143.6781757812499 0 233 2.8329 0.0 8.181805246746432 0.0 4.0 
532 7125991.7 94.50116979033133 82.99264723575435 143.6781757812499 0 233 2.8329 0.0 8.181805246746432 0.0 4.0 
533 7126025.0 94.50116979033133 82.99264723575435 143.6781757812499 0 233 2.8329 0.0 8.181805246746432 0.0 4.0 
534 7126058.4 94.50116979033133 82.99264723575435 143.6781757812499 0 233 2.8329 0.0 8.181805246746432 0.0 4.0 
535 7126091.7 94.50116979033133 82.99264723575435 143.6781757812499 0 233 2.8329 0.0 8.181805246746432 0.0 4.0 
536 7126125.0 94.49920241569959 82.99264723575435 143.6781757812499 0 233 2.8329 0.0 8.181805246746432 0.0 4.0 
537 7126158.4 94.49920241569959 82.99446996693165 143.6781757812499 0 233 2.8329 0.0 8.181805246746432 0.0 4.0 
538 7126191.7 94.49920241569959 82.99446996693165 143.6781757812499 0 233 2.8329 0.0 8.181805246746432 0.0 4.0 
539 7126225.0 94.49920241569959 82.99446996693165 143.6781757812499 0 233 2.8329 0.0 8.181805246746432 0.0 4.0 
540 7126258.4 94.49736853101733 82.99446996693165 143.6781757812499 0 233 2.8329 0.0 8.181805246746432 0.0 4.0 
541 7126291.7 94.49736853101733 82.99446996693165 143.6781757812499 0 233 2.8329 0.0 8.181805246746432 0.0 4.0 
542 7126325.0 94.49736853101733 82.99446996693165 143.6781757812499 0 233 2.8329 0.0 8.181805246746432 0.0 4.0 
543 7126358.4 94.49736853101733 82.99446996693165 143.6781757812499 0 233 2.8329 0.0 8.181805246746432 0.0 4.0 
544 7126391.7 94.49856767786437 82.99446996693165 143.6781757812499 0 233 2.8329 0.0 8.181805246746432 0.0 4.0 
545 7126425.1 94.49856767786437 82.99574612852058 143.6781757812499 0 233 2.8329 0.0 8.181805246746432 0.0 4.0 
546 7126458.4 94.49856767786437 82.99574612852058 143.6781757812499 0 233 2.8329 0.0 8.181805246746432 0.0 4.0 
547 7126491.7 94.49856767786437 82.99574612852058 143.6781757812499 0 233 2.8329 0.0 8.181805246746432 0.0 4.0 
548 7126525.1 94.50203258311365 82.99574612852058 143.6781757812499 0 233 2.8329 0.0 8.181805246746432 0.0 4.0 
549 7126558.4 94.50203258311365 82.99921293032133 143.6781757812499 0 233 2.8329 0.0 8.181805246746432 0.0 4.0 
550 7126591.7 94.50203258311365 82.99921293032133 143.6781757812499 0 233 2.8329 0.0 8.181805246746432 0.0 4.0 
551 7126625.1 94.50203258311365 82.99921293032133 143.6781757812499 0 233 2.8329 0.0 8.181805246746432 0.0 4.0 
552 7126658.4 94.50897709024105 83.00027845297159 143.6781757812499 0 233 2.8329 0.0 8.181805246746432 0.0 4.0 
553 7126691.7 94.50897709024105 83.00027845297159 143.6781757812499 0 233 2.8329 0.0 8.181805246746432 0.0 4.0 
554 7126725.1 94.50897709024105 83.00027845297159 143.6781757812499 0 233 2.8329 0.0 8.181805246746432 0.0 4.0 
555 7126758.4 94.50897709024105 83.00027845297159 143.6781757812499 0 233 2.8329 0.0 8.181805246746432 0.0 4.0 
556 7126791.7 94.51452046765692 83.00027845297159 143.6781757812499 0 233 2.8329 0.0 8.181805246746432 0.0 4.0 
557 7126825.1 94.51452046765692 83.00027845297159 143.6781757812499 0 233 2.8329 0.0 8.181805246746432 0.0 4.0 
558 7126858.4 94.51452046765692 83.00027845297159 143.6781757812499 0 233 2.8329 0.0 8.181805246746432 0.0 4.0 
559 7126891.8 94.51452046765692 83.00027845297159 143.6781757812499 0 233 2.8329 0.0 8.181805246746432 0.0 4.0 
560 7126925.1 94.51322260509329 83.00027845297159 143.6781757812499 0 233 2.8329 0.0 8.181805246746432 0.0 4.0 
561 7126958.4 94.51322260509329 82.99092170127173 143.6781757812499 0 233 2.8329 0.0 8.181805246746432 0.0 4.0 
562 7126991.8 94.51322260509329 82.99092170127173 143.6781757812499 0 233 2.8329 0.0 8.181805246746432 0.0 4.0 
563 7127025.1 94.51322260509329 82.99092170127173 143.6781757812499 0 233 2.8329 0.0 8.181805246746432 0.0 4.0 
564 7127058.4 94.5043667534124 82.98146193927316 143.6781757812499 0 233 2.8329 0.0 8.181805246746432 0.0 4.0 
565 7127091.8 94.5043667534124 82.98146193927316 143.6781757812499 0 233 2.8329 0.0 8.181805246746432 0.0 4.0 
566 7127125.1 94.5043667534124 82.98146193927316 143.6781757812499 0 233 2.8329 0.0 8.181805246746432 0.0 4.0 
567 7127158.4 94.5043667534124 82.98146193927316 143.6781757812499 0 233 2.8329 0.0 8.181805246746432 0.0 4.0 
568 7127191.8 94.49314796851017 82.97784731270417 143.6781757812499 0 233 2.8329 0.0 8.181805246746432 0.0 4.0 
569 7127225.1 94.49314796851017 82.97784731270417 143.6781757812499 0 233 2.8329 0.0 8.181805246746432 0.0 4.0 
570 7127258.5 94.49314796851017 82.97784731270417 143.6781757812499 0 233 2.8329 0.0 8.181805246746432 0.0 4.0 
571 7127291.8 94.49314796851017 82.97784731270417 143.6781757812499 0 233 2.8329 0.0 8.181805246746432 0.0 4.0 
572 7127325.1 94.47706943797782 82.97784731270417 143.6781757812499 0 233 2.8329 0.0 8.181805246746432 0.0 4.0 
573 7127358.5 94.47706943797782 82.97578147587396 143.6781757812499 0 233 2.8329 0.0 8.181805246746432 0.0 4.0 
574 7127391.8 94.47706943797782 82.97578147587396 143.6781757812499 0 233 2.8329 0.0 8.181805246746432 0.0 4.0 
575 7127425.1 94.47706943797782 82.97578147587396 143.6781757812499 0 233 2.8329 0.0 8.181805246746432 0.0 4.0 
576 7127458.5 94.47071468121115 82.9802723755978 143.6781757812499 0 233 2.8329 0.0 8.181805246746432 0.0 4.0 
577 7127491.8 94.47071468121115 82.9802723755978 143.6781757812499 0 233 2.8329 0.0 8.181805246746432 0.0 4.0 
578 7127525.1 94.47071468121115 82.9802723755978 143.6781757812499 0 233 2.8329 0.0 8.181805246746432 0.0 4.0 
579 7127558.5 94.47071468121115 82.9802723755978 143.6781757812499 0 233 2.8329 0.0 8.181805246746432 0.0 4.0 
580 7127591.8 94.47071468121115 82.98801283162985 143.6781757812499 0 233 2.8329 0.0 8.181805246746432 0.0 4.0 
581 7127625.1 94.47071468121115 82.98801283162985 143.6781757812499 0 233 2.8329 0.0 8.181805246746432 0.0 4.0 
582 7127658.5 94.47071468121115 82.98801283162985 143.6781757812499 0 233 2.8329 0.0 8.181805246746432 0.0 4.0 
583 7127691.8 94.47071468121115 82.98801283162985 143.6781757812499 0 233 2.8329 0.0 8.181805246746432 0.0 4.0 
584 7127725.2 94.46864157902591 82.98801283162985 143.6781757812499 0 233 2.8329 0.0 8.181805246746432 0.0 4.0 
585 7127758.5 94.46864157902591 82.98662688590741 143.6781757812499 0 233 2.8329 0.0 8.181805246746432 0.0 4.0 
586 7127791.8 94.46864157902591 82.98662688590741 143.6781757812499 0 233 2.8329 0.0 8.181805246746432 0.0 4.0 
587 7127825.2 94.46864157902591 82.98662688590741 143.6781757812499 0 233 2.8329 0.0 8.181805246746432 0.0 4.0 
588 7127858.5 94.46042608813653 82.9722194910542 143.6781757812499 0 233 2.8329 0.0 8.181805246746432 0.0 4.0 
589 7127891.8 94.46042608813653 82.9722194910542 143.6781757812499 0 233 2.8329 0.0 8.181805246746432 0.0 4.0 
590 7127925.2 94.46042608813653 82.9722194910542 143.6781757812499 0 233 2.8329 0.0 8.181805246746432 0.0 4.0 
591 7127958.5 94.46042608813653 82.9722194910542 143.6781757812499 0 233 2.8329 0.0 8.181805246746432 0.0 4.0 
592 7127991.8 94.44906727999934 82.9722194910542 143.6781757812499 0 233 2.8329 0.0 8.181805246746432 0.0 4.0 
593 7128025.2 94.44906727999934 82.95895797019736 143.6781757812499 0 233 2.8329 0.0 8.181805246746432 0.0 4.0 
594 7128058.5 94.44906727999934 82.95895797019736 143.6781757812499 0 233 2.8329 0.0 8.181805246746432 0.0 4.0 
595 7128091.9 94.44906727999934 82.95895797019736 143.6781757812499 0 233 2.8329 0.0 8.181805246746432 0.0 4.0 
596 7128125.2 94.44165543940875 82.95895797019736 143.6781757812499 0 233 2.8329 0.0 8.181805246746432 0.0 4.0 
597 7128158.5 94.44165543940875 82.95164086145765 143.6781757812499 0 233 2.8329 0.0 8.181805246746432 0.0 4.0 
598 7128191.9 94.44165543940875 82.95164086145765 143.6781757812499 0 233 2.8329 0.0 8.181805246746432 0.0 4.0 
599 7128225.2 94.44165543940875 82.95164086145765 143.6781757812499 0 233 2.8329 0.0 8.181805246746432 0.0 4.0 
600 7128258.5 94.438867274414 82.94217906296083 143.6781757812499 0 233 2.8329 0.0 8.181805246746432 0.0 4.0 
601 7128291.9 94.438867274414 82.94217906296083 143.6781757812499 0 233 2.8329 0.0 8.181805246746432 0.0 4.0 
602 7128325.2 94.438867274414 82.94217906296083 143.6781757812499 0 233 2.8329 0.0 8.181805246746432 0.0 4.0 
603 7128358.5 94.438867274414 82.94217906296083 143.6781757812499 0 233 2.8329 0.0 8.181805246746432 0.0 4.0 
604 7128391.9 94.432379794001 82.92169336866367 143.6781757812499 0 233 2.8329 0.0 8.181805246746432 0.0 4.0 
605 7128425.2 94.432379794001 82.92169336866367 143.6781757812499 0 233 2.8329 0.0 8.181805246746432 0.0 4.0 
606 7128458.5 94.432379794001 82.92169336866367 143.6781757812499 0 233 2.8329 0.0 8.181805246746432 0.0 4.0 
607 7128491.9 94.432379794001 82.92169336866367 143.6781757812499 0 233 2.8329 0.0 8.181805246746432 0.0 4.0 
608 7128525.2 94.42391406103859 82.92169336866367 143.6781757812499 0 233 2.8329 0.0 8.181805246746432 0.0 4.0 
609 7128558.6 94.42391406103859 82.90898497429055 143.6781757812499 0 233 2.8329 0.0 8.181805246746432 0.0 4.0 
610 7128591.9 94.42391406103859 82.90898497429055 143.6781757812499 0 233 2.8329 0.0 8.181805246746432 0.0 4.0 
611 7128625.2 94.42391406103859 82.90898497429055 143.6781757812499 0 233 2.8329 0.0 8.181805246746432 0.0 4.0 
612 7128658.6 94.40991404395803 82.89779971299212 143.6781757812499 0 233 2.8329 0.0 8.181805246746432 0.0 4.0 
613 7128691.9 94.40991404395803 82.89779971299212 143.6781757812499 0 233 2.8329 0.0 8.181805246746432 0.0 4.0 
614 7128725.2 94.40991404395803 82.89779971299212 143.6781757812499 0 233 2.8329 0.0 8.181805246746432 0.0 4.0 
615 7128758.6 94.40991404395803 82.89779971299212 143.6781757812499 0 233 2.8329 0.0 8.181805246746432 0.0 4.0 
616 7128791.9 94.40019194514608 82.88919259475297 143.6781757812499 0 233 2.8329 0.0 8.181805246746432 0.0 4.0 
617 7128825.2 94.40019194514608 82.88919259475297 143.6781757812499 0 233 2.8329 0.0 8.181805246746432 0.0 4.0 
618 7128858.6 94.40019194514608 82.88919259475297 143.6781757812499 0 233 2.8329 0.0 8.181805246746432 0.0 4.0 
619 7128891.9 94.40019194514608 82.88919259475297 143.6781757812499 0 233 2.8329 0.0 8.181805246746432 0.0 4.0 
620 7128925.3 94.38731396757854 82.88919259475297 143.6781757812499 0 233 2.8329 0.0 8.181805246746432 0.0 4.0 
621 7128958.6 94.38731396757854 82.88470762803942 143.6781757812499 0 233 2.8329 0.0 8.181805246746432 0.0 4.0 
622 7128991.9 94.38731396757854 82.88470762803942 143.6781757812499 0 233 2.8329 0.0 8.181805246746432 0.0 4.0 
623 7129025.3 94.38731396757854 82.88470762803942 143.6781757812499 0 233 2.8329 0.0 8.181805246746432 0.0 4.0 
624 7129058.6 94.3732462762755 82.88470762803942 143.6781757812499 0 233 2.8329 0.0 8.181805246746432 0.0 4.0 
625 7129091.9 94.3732462762755 82.88470762803942 143.6781757812499 0 233 2.8329 0.0 8.181805246746432 0.0 4.0 
626 7129125.3 94.3732462762755 82.88470762803942 143.6781757812499 0 233 2.8329 0.0 8.181805246746432 0.0 4.0 
627 7129158.6 94.3732462762755 82.88470762803942 143.6781757812499 0 233 2.8329 0.0 8.181805246746432 0.0 4.0 
628 7129191.9 94.36727813370979 82.8797648477086 143.6781757812499 0 233 2.8329 0.0 8.181805246746432 0.0 4.0 
629 7129225.3 94.36727813370979 82.8797648477086 143.6781757812499 0 233 2.8329 0.0 8.181805246746432 0.0 4.0 
630 7129258.6 94.36727813370979 82.8797648477086 143.6781757812499 0 233 2.8329 0.0 8.181805246746432 0.0 4.0 
631 7129291.9 94.36727813370979 82.8797648477086 143.6781757812499 0 233 2.8329 0.0 8.181805246746432 0.0 4.0 
632 7129325.3 94.3613847009843 82.8797648477086 143.6781757812499 0 233 2.8329 0.0 8.181805246746432 0.0 4.0 
633 7129358.6 94.3613847009843 82.87658677577116 143.6781757812499 0 233 2.8329 0.0 8.181805246746432 0.0 4.0 
634 7129392.0 94.3613847009843 82.87658677577116 143.6781757812499 0 233 2.8329 0.0 8.181805246746432 0.0 4.0 
635 7129425.3 94.3613847009843 82.87658677577116 143.6781757812499 0 233 2.8329 0.0 8.181805246746432 0.0 4.0 
636 7129458.6 94.3513968807887 82.87658677577116 143.6781757812499 0 233 2.8329 0.0 8.181805246746432 0.0 4.0 
637 7129492.0 94.3513968807887 82.87658677577116 143.6781757812499 0 233 2.8329 0.0 8.181805246746432 0.0 4.0 
638 7129525.3 94.3513968807887 82.87658677577116 143.6781757812499 0 233 2.8329 0.0 8.181805246746432 0.0 4.0 
639 7129558.6 94.3513968807887 82.87658677577116 143.6781757812499 0 233 2.8329 0.0 8.181805246746432 0.0 4.0 
640 7129592.0 94.33093043467483 82.8780351015991 143.6781757812499 0 233 2.8329 0.0 8.181805246746432 0.0 4.0 
641 7129625.3 94.33093043467483 82.8780351015991 143.6781757812499 0 233 2.8329 0.0 8.181805246746432 0.0 4.0 
642 7129658.6 94.33093043467483 82.8780351015991 143.6781757812499 0 233 2.8329 0.0 8.181805246746432 0.0 4.0 
643 7129692.0 94.33093043467483 82.8780351015991 143.6781757812499 0 233 2.8329 0.0 8.181805246746432 0.0 4.0 
644 7129725.3 94.31815816036686 82.8780351015991 143.6781757812499 0 233 2.8329 0.0 8.181805246746432 0.0 4.0 
645 7129758.7 94.31815816036686 82.87905333222936 143.6781757812499 0 233 2.8329 0.0 8.181805246746432 0.0 4.0 
646 7129792.0 94.31815816036686 82.87905333222936 143.6781757812499 0 233 2.8329 0.0 8.181805246746432 0.0 4.0 
647 7129825.3 94.31815816036686 82.87905333222936 143.6781757812499 0 233 2.8329 0.0 8.181805246746432 0.0 4.0 
648 7129858.7 94.31177993575797 82.87440995260134 143.6781757812499 0 233 2.8329 0.0 8.181805246746432 0.0 4.0 
649 7129892.0 94.31177993575797 82.87440995260134 143.6781757812499 0 233 2.8329 0.0 8.181805246746432 0.0 4.0 
650 7129925.3 94.31177993575797 82.87440995260134 143.6781757812499 0 233 2.8329 0.0 8.181805246746432 0.0 4.0 
651 7129958.7 94.31177993575797 82.87440995260134 143.6781757812499 0 233 2.8329 0.0 8.181805246746432 0.0 4.0 
652 7129992.0 94.30875560144366 82.87440995260134 143.6781757812499 0 233 2.8329 0.0 8.181805246746432 0.0 4.0 
653 7130025.3 94.30875560144366 82.87143983787713 143.6781757812499 0 233 2.8329 0.0 8.181805246746432 0.0 4.0 
654 7130058.7 94.30875560144366 82.87143983787713 143.6781757812499 0 233 2.8329 0.0 8.181805246746432 0.0 4.0 
655 7130092.0 94.30875560144366 82.87143983787713 143.6781757812499 0 233 2.8329 0.0 8.181805246746432 0.0 4.0 
656 7130125.3 94.30664872593114 82.87143983787713 143.6781757812499 0 233 2.8329 0.0 8.181805246746432 0.0 4.0 
657 7130158.7 94.30664872593114 82.87143983787713 143.6781757812499 0 233 2.8329 0.0 8.181805246746432 0.0 4.0 
658 7130192.0 94.30664872593114 82.87143983787713 143.6781757812499 0 233 2.8329 0.0 8.181805246746432 0.0 4.0 
659 7130225.4 94.30664872593114 82.87143983787713 143.6781757812499 0 233 2.8329 0.0 8.181805246746432 0.0 4.0 
660 7130258.7 94.30117995019916 82.87780385084677 143.6781757812499 0 233 2.8329 0.0 8.181805246746432 0.0 4.0 
661 7130292.0 94.30117995019916 82.87780385084677 143.6781757812499 0 233 2.8329 0.0 8.181805246746432 0.0 4.0 
662 7130325.4 94.30117995019916 82.87780385084677 143.6781757812499 0 233 2.8329 0.0 8.181805246746432 0.0 4.0 
663 7130358.7 94.30117995019916 82.87780385084677 143.6781757812499 0 233 2.8329 0.0 8.181805246746432 0.0 4.0 
664 7130392.0 94.29378984061309 82.87780385084677 143.6781757812499 0 233 2.8329 0.0 8.181805246746432 0.0 4.0 
665 7130425.4 94.29378984061309 82.8856505834808 143.6781757812499 0 233 2.8329 0.0 8.181805246746432 0.0 4.0 
666 7130458.7 94.29378984061309 82.8856505834808 143.6781757812499 0 233 2.8329 0.0 8.181805246746432 0.0 4.0 
667 7130492.0 94.29378984061309 82.8856505834808 143.6781757812499 0 233 2.8329 0.0 8.181805246746432 0.0 4.0 
668 7130525.4 94.29262683872203 82.8895381651229 143.6781757812499 0 233 2.8329 0.0 8.181805246746432 0.0 4.0 
669 7130558.7 94.29262683872203 82.8895381651229 143.6781757812499 0 233 2.8329 0.0 8.181805246746432 0.0 4.0 
670 7130592.1 94.29262683872203 82.8895381651229 143.6781757812499 0 233 2.8329 0.0 8.181805246746432 0.0 4.0 
671 7130625.4 94.29262683872203 82.8895381651229 143.6781757812499 0 233 2.8329 0.0 8.181805246746432 0.0 4.0 
672 7130658.7 94.27004794012456 82.89720381330577 143.6781757812499 0 233 2.8329 0.0 8.181805246746432 0.0 4.0 
673 7130692.1 94.27004794012456 82.89720381330577 143.6781757812499 0 233 2.8329 0.0 8.181805246746432 0.0 4.0 
674 7130725.4 94.27004794012456 82.89720381330577 143.6781757812499 0 233 2.8329 0.0 8.181805246746432 0.0 4.0 
675 7130758.7 94.27004794012456 82.89720381330577 143.6781757812499 0 233 2.8329 0.0 8.181805246746432 0.0 4.0 
676 7130792.1 94.25010347105058 82.89720381330577 143.6781757812499 0 233 2.8329 0.0 8.181805246746432 0.0 4.0 
677 7130825.4 94.25010347105058 82.91214645894996 143.6781757812499 0 233 2.8329 0.0 8.181805246746432 0.0 4.0 
678 7130858.7 94.25010347105058 82.91214645894996 143.6781757812499 0 233 2.8329 0.0 8.181805246746432 0.0 4.0 
679 7130892.1 94.25010347105058 82.91214645894996 143.6781757812499 0 233 2.8329 0.0 8.181805246746432 0.0 4.0 
680 7130925.4 94.25010347105058 82.91214645894996 143.6781757812499 0 233 2.8329 0.0 8.181805246746432 0.0 4.0 
681 7130958.7 94.25010347105058 82.91214645894996 143.6781757812499 0 233 2.8329 0.0 8.181805246746432 0.0 4.0 
682 7130992.1 94.23894419917697 82.92927390185142 143.6781757812499 0 233 2.8329 0.0 8.181805246746432 0.0 4.0 
683 7131025.4 94.23894419917697 82.92927390185142 143.6781757812499 0 233 2.8329 0.0 8.181805246746432 0.0 4.0 
684 7131058.8 94.23894419917697 82.92927390185142 143.6781757812499 0 233 2.8329 0.0 8.181805246746432 0.0 4.0 
685 7131092.1 94.23894419917697 82.92927390185142 143.6781757812499 0 233 2.8329 0.0 8.181805246746432 0.0 4.0 
686 7131125.4 94.23105601546958 82.93450842696959 143.6781757812499 0 233 2.8329 0.0 8.181805246746432 0.0 4.0 
687 7131158.8 94.23105601546958 82.93450842696959 143.6781757812499 0 233 2.8329 0.0 8.181805246746432 0.0 4.0 
688 7131192.1 94.23105601546958 82.93450842696959 143.6781757812499 0 233 2.8329 0.0 8.181805246746432 0.0 4.0 
689 7131225.4 94.23105601546958 82.93450842696959 143.6781757812499 0 233 2.8329 0.0 8.181805246746432 0.0 4.0 
690 7131258.8 94.22898093313275 82.93450842696959 143.6781757812499 0 233 2.8329 0.0 8.181805246746432 0.0 4.0 
691 7131292.1 94.22898093313275 82.93594353934485 143.6781757812499 0 233 2.8329 0.0 8.181805246746432 0.0 4.0 
692 7131325.4 94.22898093313275 82.93594353934485 143.6781757812499 0 233 2.8329 0.0 8.181805246746432 0.0 4.0 
693 7131358.8 94.22898093313275 82.93594353934485 143.6781757812499 0 233 2.8329 0.0 8.181805246746432 0.0 4.0 
694 7131392.1 94.22898093313275 82.93842890774717 143.6781757812499 0 233 2.8329 0.0 8.181805246746432 0.0 4.0 
695 7131425.5 94.22898093313275 82.93842890774717 143.6781757812499 0 233 2.8329 0.0 8.181805246746432 0.0 4.0 
696 7131458.8 94.22898093313275 82.93842890774717 143.6781757812499 0 233 2.8329 0.0 8.181805246746432 0.0 4.0 
697 7131492.1 94.22898093313275 82.93842890774717 143.6781757812499 0 233 2.8329 0.0 8.181805246746432 0.0 4.0 
698 7131525.5 94.22347650134246 82.93842890774717 143.6781757812499 0 233 2.8329 0.0 8.181805246746432 0.0 4.0 
699 7131558.8 94.22347650134246 82.94121967511866 143.6781757812499 0 233 2.8329 0.0 8.181805246746432 0.0 4.0 
700 7131592.1 94.22347650134246 82.94121967511866 143.6781757812499 0 233 2.8329 0.0 8.181805246746432 0.0 4.0 
701 7131625.5 94.22347650134246 82.94121967511866 143.6781757812499 0 233 2.8329 0.0 8.181805246746432 0.0 4.0 
702 7131658.8 94.22012556874841 82.94121967511866 143.6781757812499 0 233 2.8329 0.0 8.181805246746432 0.0 4.0 
703 7131692.1 94.22012556874841 82.94121967511866 143.6781757812499 0 233 2.8329 0.0 8.181805246746432 0.0 4.0 
704 7131725.5 94.22012556874841 82.94121967511866 143.6781757812499 0 233 2.8329 0.0 8.181805246746432 0.0 4.0 
705 7131758.8 94.22012556874841 82.94121967511866 143.6781757812499 0 233 2.8329 0.0 8.181805246746432 0.0 4.0 
706 7131792.1 94.22012556874841 82.93989992460187 143.6781757812499 0 233 2.8329 0.0 8.181805246746432 0.0 4.0 
707 7131825.5 94.22012556874841 82.93989992460187 143.6781757812499 0 233 2.8329 0.0 8.181805246746432 0.0 4.0 
708 7131858.8 94.22012556874841 82.93989992460187 143.6781757812499 0 233 2.8329 0.0 8.181805246746432 0.0 4.0 
709 7131892.2 94.22012556874841 82.93989992460187 143.6781757812499 0 233 2.8329 0.0 8.181805246746432 0.0 4.0 
710 7131925.5 94.22289467559978 82.93989992460187 143.6781757812499 0 233 2.8329 0.0 8.181805246746432 0.0 4.0 
711 7131958.8 94.22289467559978 82.93704417786654 143.6781757812499 0 233 2.8329 0.0 8.181805246746432 0.0 4.0 
712 7131992.2 94.22289467559978 82.93704417786654 143.6781757812499 0 233 2.8329 0.0 8.181805246746432 0.0 4.0 
713 7132025.5 94.22289467559978 82.93704417786654 143.6781757812499 0 233 2.8329 0.0 8.181805246746432 0.0 4.0 
714 7132058.8 94.23182820284657 82.93704417786654 143.6781757812499 0 233 2.8329 0.0 8.181805246746432 0.0 4.0 
715 7132092.2 94.23182820284657 82.92901610508112 143.6781757812499 0 233 2.8329 0.0 8.181805246746432 0.0 4.0 
716 7132125.5 94.23182820284657 82.92901610508112 143.6781757812499 0 233 2.8329 0.0 8.181805246746432 0.0 4.0 
717 7132158.8 94.23182820284657 82.92901610508112 143.6781757812499 0 233 2.8329 0.0 8.181805246746432 0.0 4.0 
718 7132192.2 94.26444809016775 82.9014976053801 143.6781757812499 0 233 2.8329 0.0 8.181805246746432 0.0 4.0 
719 7132225.5 94.26444809016775 82.9014976053801 143.6781757812499 0 233 2.8329 0.0 8.181805246746432 0.0 4.0 
720 7132258.9 94.26444809016775 82.9014976053801 143.6781757812499 0 233 2.8329 0.0 8.181805246746432 0.0 4.0 
721 7132292.2 94.26444809016775 82.9014976053801 143.6781757812499 0 233 2.8329 0.0 8.181805246746432 0.0 4.0 
722 7132325.5 94.26444809016775 82.9014976053801 143.6781757812499 0 233 2.8329 0.0 8.181805246746432 0.0 4.0 
723 7132358.9 94.26444809016775 82.9014976053801 143.6781757812499 0 233 2.8329 0.0 8.181805246746432 0.0 4.0 
724 7132392.2 94.31747635408568 82.87994009130246 143.6781757812499 0 233 2.8329 0.0 8.181805246746432 0.0 4.0 
725 7132425.5 94.31747635408568 82.87994009130246 143.6781757812499 0 233 2.8329 0.0 8.181805246746432 0.0 4.0 
726 7132458.9 94.31747635408568 82.87994009130246 143.6781757812499 0 233 2.8329 0.0 8.181805246746432 0.0 4.0 
727 7132492.2 94.31747635408568 82.87994009130246 143.6781757812499 0 233 2.8329 0.0 8.181805246746432 0.0 4.0 
728 7132525.5 94.31747635408568 82.87994009130246 143.6781757812499 0 233 2.8329 0.0 8.181805246746432 0.0 4.0 
729 7132558.9 94.31747635408568 82.87994009130246 143.6781757812499 0 233 2.8329 0.0 8.181805246746432 0.0 4.0 
730 7132592.2 94.34910851258013 82.87340266300822 143.6781757812499 0 233 2.8329 0.0 8.181805246746432 0.0 4.0 
731 7132625.5 94.34910851258013 82.87340266300822 143.6781757812499 0 233 2.8329 0.0 8.181805246746432 0.0 4.0 
732 7132658.9 94.34910851258013 82.87340266300822 143.6781757812499 0 233 2.8329 0.0 8.181805246746432 0.0 4.0 
733 7132692.2 94.34910851258013 82.87340266300822 143.6781757812499 0 233 2.8329 0.0 8.181805246746432 0.0 4.0 
734 7132725.6 94.34910851258013 82.87340266300822 143.6781757812499 0 233 2.8329 0.0 8.181805246746432 0.0 4.0 
735 7132758.9 94.34910851258013 82.87340266300822 143.6781757812499 0 233 2.8329 0.0 8.181805246746432 0.0 4.0 
736 7132792.2 94.384396804355 82.87340266300822 143.6781757812499 0 233 2.8329 0.0 8.181805246746432 0.0 4.0 
737 7132825.6 94.384396804355 82.87612324441781 143.6781757812499 0 233 2.8329 0.0 8.181805246746432 0.0 4.0 
738 7132858.9 94.384396804355 82.87612324441781 143.6781757812499 0 233 2.8329 0.0 8.181805246746432 0.0 4.0 
739 7132892.2 94.384396804355 82.87612324441781 143.6781757812499 0 233 2.8329 0.0 8.181805246746432 0.0 4.0 
740 7132925.6 94.384396804355 82.87612324441781 143.6781757812499 0 233 2.8329 0.0 8.181805246746432 0.0 4.0 
741 7132958.9 94.384396804355 82.87612324441781 143.6781757812499 0 233 2.8329 0.0 8.181805246746432 0.0 4.0 
742 7132992.2 94.40683243268246 82.88603324803337 143.6781757812499 0 233 2.8329 0.0 8.181805246746432 0.0 4.0 
743 7133025.6 94.40683243268246 82.88603324803337 143.6781757812499 0 233 2.8329 0.0 8.181805246746432 0.0 4.0 
744 7133058.9 94.40683243268246 82.88603324803337 143.6781757812499 0 233 2.8329 0.0 8.181805246746432 0.0 4.0 
745 7133092.3 94.40683243268246 82.88603324803337 143.6781757812499 0 233 2.8329 0.0 8.181805246746432 0.0 4.0 
746 7133125.6 94.41959786870119 82.88603324803337 143.6781757812499 0 233 2.8329 0.0 8.181805246746432 0.0 4.0 
747 7133158.9 94.41959786870119 82.89450236776707 143.6781757812499 0 233 2.8329 0.0 8.181805246746432 0.0 4.0 
748 7133192.3 94.41959786870119 82.89450236776707 143.6781757812499 0 233 2.8329 0.0 8.181805246746432 0.0 4.0 
749 7133225.6 94.41959786870119 82.89450236776707 143.6781757812499 0 233 2.8329 0.0 8.181805246746432 0.0 4.0 
750 7133258.9 94.43203926172951 82.89450236776707 143.6781757812499 0 233 2.8329 0.0 8.181805246746432 0.0 4.0 
751 7133292.3 94.43203926172951 82.90100129657976 143.6781757812499 0 233 2.8329 0.0 8.181805246746432 0.0 4.0 
752 7133325.6 94.43203926172951 82.90100129657976 143.6781757812499 0 233 2.8329 0.0 8.181805246746432 0.0 4.0 
753 7133358.9 94.43203926172951 82.90100129657976 143.6781757812499 0 233 2.8329 0.0 8.181805246746432 0.0 4.0 
754 7133392.3 94.44143054359814 82.91073556541672 143.6781757812499 0 233 2.8329 0.0 8.181805246746432 0.0 4.0 
755 7133425.6 94.44143054359814 82.91073556541672 143.6781757812499 0 233 2.8329 0.0 8.181805246746432 0.0 4.0 
756 7133458.9 94.44143054359814 82.91073556541672 143.6781757812499 0 233 2.8329 0.0 8.181805246746432 0.0 4.0 
757 7133492.3 94.44143054359814 82.91073556541672 143.6781757812499 0 233 2.8329 0.0 8.181805246746432 0.0 4.0 
758 7133525.6 94.44340398926164 82.91254872070259 143.6781757812499 0 233 2.8329 0.0 8.181805246746432 0.0 4.0 
759 7133559.0 94.44340398926164 82.91254872070259 143.6781757812499 0 233 2.8329 0.0 8.181805246746432 0.0 4.0 
760 7133592.3 94.44340398926164 82.91254872070259 143.6781757812499 0 233 2.8329 0.0 8.181805246746432 0.0 4.0 
761 7133625.6 94.44340398926164 82.91254872070259 143.6781757812499 0 233 2.8329 0.0 8.181805246746432 0.0 4.0 
762 7133659.0 94.44506194956301 82.91254872070259 143.6781757812499 0 233 2.8329 0.0 8.181805246746432 0.0 4.0 
763 7133692.3 94.44506194956301 82.91254872070259 143.6781757812499 0 233 2.8329 0.0 8.181805246746432 0.0 4.0 
764 7133725.6 94.44506194956301 82.91254872070259 143.6781757812499 0 233 2.8329 0.0 8.181805246746432 0.0 4.0 
765 7133759.0 94.44506194956301 82.91254872070259 143.6781757812499 0 233 2.8329 0.0 8.181805246746432 0.0 4.0 
766 7133792.3 94.44834876390945 82.91510804421227 143.6781757812499 0 233 2.8329 0.0 8.181805246746432 0.0 4.0 
767 7133825.6 94.44834876390945 82.91510804421227 143.6781757812499 0 233 2.8329 0.0 8.181805246746432 0.0 4.0 
768 7133859.0 94.44834876390945 82.91510804421227 143.6781757812499 0 233 2.8329 0.0 8.181805246746432 0.0 4.0 
769 7133892.3 94.44834876390945 82.91510804421227 143.6781757812499 0 233 2.8329 0.0 8.181805246746432 0.0 4.0 
770 7133925.7 94.44834876390945 82.91064903412675 143.6781757812499 0 233 2.8329 0.0 8.181805246746432 0.0 4.0 
771 7133959.0 94.44834876390945 82.91064903412675 143.6781757812499 0 233 2.8329 0.0 8.181805246746432 0.0 4.0 
772 7133992.3 94.44834876390945 82.91064903412675 143.6781757812499 0 233 2.8329 0.0 8.181805246746432 0.0 4.0 
773 7134025.7 94.44834876390945 82.91064903412675 143.6781757812499 0 233 2.8329 0.0 8.181805246746432 0.0 4.0 
774 7134059.0 94.4500633881579 82.91064903412675 143.6781757812499 0 233 2.8329 0.0 8.181805246746432 0.0 4.0 
775 7134092.3 94.4500633881579 82.90964220837624 143.6781757812499 0 233 2.8329 0.0 8.181805246746432 0.0 4.0 
776 7134125.7 94.4500633881579 82.90964220837624 143.6781757812499 0 233 2.8329 0.0 8.181805246746432 0.0 4.0 
777 7134159.0 94.4500633881579 82.90964220837624 143.6781757812499 0 233 2.8329 0.0 8.181805246746432 0.0 4.0 
778 7134192.3 94.45321281386514 82.91418722526421 143.6781757812499 0 233 2.8329 0.0 8.181805246746432 0.0 4.0 
779 7134225.7 94.45321281386514 82.91418722526421 143.6781757812499 0 233 2.8329 0.0 8.181805246746432 0.0 4.0 
780 7134259.0 94.45321281386514 82.91418722526421 143.6781757812499 0 233 2.8329 0.0 8.181805246746432 0.0 4.0 
781 7134292.3 94.45321281386514 82.91418722526421 143.6781757812499 0 233 2.8329 0.0 8.181805246746432 0.0 4.0 
782 7134325.7 94.45213983848132 82.91418722526421 143.6781757812499 0 233 2.8329 0.0 8.181805246746432 0.0 4.0 
783 7134359.0 94.45213983848132 82.9180708501679 143.6781757812499 0 233 2.8329 0.0 8.181805246746432 0.0 4.0 
784 7134392.4 94.45213983848132 82.9180708501679 143.6781757812499 0 233 2.8329 0.0 8.181805246746432 0.0 4.0 
785 7134425.7 94.45213983848132 82.9180708501679 143.6781757812499 0 233 2.8329 0.0 8.181805246746432 0.0 4.0 
786 7134459.0 94.45350349796571 82.91951130978926 143.6781757812499 0 233 2.8329 0.0 8.181805246746432 0.0 4.0 
787 7134492.4 94.45350349796571 82.91951130978926 143.6781757812499 0 233 2.8329 0.0 8.181805246746432 0.0 4.0 
788 7134525.7 94.45350349796571 82.91951130978926 143.6781757812499 0 233 2.8329 0.0 8.181805246746432 0.0 4.0 
789 7134559.0 94.45350349796571 82.91951130978926 143.6781757812499 0 233 2.8329 0.0 8.181805246746432 0.0 4.0 
790 7134592.4 94.4545599156639 82.91951130978926 143.6781757812499 0 233 2.8329 0.0 8.181805246746432 0.0 4.0 
791 7134625.7 94.4545599156639 82.91951130978926 143.6781757812499 0 233 2.8329 0.0 8.181805246746432 0.0 4.0 
792 7134659.0 94.4545599156639 82.91951130978926 143.6781757812499 0 233 2.8329 0.0 8.181805246746432 0.0 4.0 
793 7134692.4 94.4545599156639 82.91951130978926 143.6781757812499 0 233 2.8329 0.0 8.181805246746432 0.0 4.0 
794 7134725.7 94.44737236918536 82.91951130978926 143.6781757812499 0 233 2.8329 0.0 8.181805246746432 0.0 4.0 
795 7134759.1 94.44737236918536 82.91838040992194 143.6781757812499 0 233 2.8329 0.0 8.181805246746432 0.0 4.0 
796 7134792.4 94.44737236918536 82.91838040992194 143.6781757812499 0 233 2.8329 0.0 8.181805246746432 0.0 4.0 
797 7134825.7 94.44737236918536 82.91838040992194 143.6781757812499 0 233 2.8329 0.0 8.181805246746432 0.0 4.0 
798 7134859.1 94.46797010092199 82.91838040992194 143.6781757812499 0 233 2.8329 0.0 8.181805246746432 0.0 4.0 
799 7134892.4 94.46797010092199 82.94082514740911 143.6781757812499 0 233 2.8329 0.0 8.181805246746432 0.0 4.0 
800 7134925.7 94.46797010092199 82.94082514740911 143.6781757812499 0 233 2.8329 0.0 8.181805246746432 0.0 4.0 
801 7134959.1 94.46797010092199 82.94082514740911 143.6781757812499 0 233 2.8329 0.0 8.181805246746432 0.0 4.0 
802 7134992.4 94.46797010092199 82.94082514740911 143.6781757812499 0 233 2.8329 0.0 8.181805246746432 0.0 4.0 
803 7135025.7 94.46797010092199 82.94082514740911 143.6781757812499 0 233 2.8329 0.0 8.181805246746432 0.0 4.0 
804 7135059.1 94.50768983521246 82.97671706680111 143.6781757812499 0 233 2.8329 0.0 8.181805246746432 0.0 4.0 
805 7135092.4 94.50768983521246 82.97671706680111 143.6781757812499 0 233 2.8329 0.0 8.181805246746432 0.0 4.0 
806 7135125.7 94.50768983521246 82.97671706680111 143.6781757812499 0 233 2.8329 0.0 8.181805246746432 0.0 4.0 
807 7135159.1 94.50768983521246 82.97671706680111 143.6781757812499 0 233 2.8329 0.0 8.181805246746432 0.0 4.0 
808 7135192.4 94.50768983521246 82.97671706680111 143.6781757812499 0 233 2.8329 0.0 8.181805246746432 0.0 4.0 
809 7135225.8 94.50768983521246 82.97671706680111 143.6781757812499 0 233 2.8329 0.0 8.181805246746432 0.0 4.0 
810 7135259.1 94.53017823820302 83.00042051772634 143.6781757812499 0 233 2.8329 0.0 8.181805246746432 0.0 4.0 
811 7135292.4 94.53017823820302 83.00042051772634 143.6781757812499 0 233 2.8329 0.0 8.181805246746432 0.0 4.0 
812 7135325.8 94.53017823820302 83.00042051772634 143.6781757812499 0 233 2.8329 0.0 8.181805246746432 0.0 4.0 
813 7135359.1 94.53017823820302 83.00042051772634 143.6781757812499 0 233 2.8329 0.0 8.181805246746432 0.0 4.0 
814 7135392.4 94.53017823820302 83.00042051772634 143.6781757812499 0 233 2.8329 0.0 8.181805246746432 0.0 4.0 
815 7135425.8 94.53017823820302 83.00042051772634 143.6781757812499 0 233 2.8329 0.0 8.181805246746432 0.0 4.0 
816 7135459.1 94.55468104887136 83.00042051772634 143.6781757812499 0 233 2.8329 0.0 8.181805246746432 0.0 4.0 
817 7135492.4 94.55468104887136 83.01972942861335 143.6781757812499 0 233 2.8329 0.0 8.181805246746432 0.0 4.0 
818 7135525.8 94.55468104887136 83.01972942861335 143.6781757812499 0 233 2.8329 0.0 8.181805246746432 0.0 4.0 
819 7135559.1 94.55468104887136 83.01972942861335 143.6781757812499 0 233 2.8329 0.0 8.181805246746432 0.0 4.0 
820 7135592.5 94.55468104887136 83.01972942861335 143.6781757812499 0 233 2.8329 0.0 8.181805246746432 0.0 4.0 
821 7135625.8 94.55468104887136 83.01972942861335 143.6781757812499 0 233 2.8329 0.0 8.181805246746432 0.0 4.0 
822 7135659.1 94.58446566142844 83.03904518212516 143.6781757812499 0 233 2.8329 0.0 8.181805246746432 0.0 4.0 
823 7135692.5 94.58446566142844 83.03904518212516 143.6781757812499 0 233 2.8329 0.0 8.181805246746432 0.0 4.0 
824 7135725.8 94.58446566142844 83.03904518212516 143.6781757812499 0 233 2.8329 0.0 8.181805246746432 0.0 4.0 
825 7135759.1 94.58446566142844 83.03904518212516 143.6781757812499 0 233 2.8329 0.0 8.181805246746432 0.0 4.0 
826 7135792.5 94.58446566142844 83.03904518212516 143.6781757812499 0 233 2.8329 0.0 8.181805246746432 0.0 4.0 
827 7135825.8 94.58446566142844 83.03904518212516 143.6781757812499 0 233 2.8329 0.0 8.181805246746432 0.0 4.0 
828 7135859.1 94.62483628436516 83.05329366472405 143.6781757812499 0 233 2.8329 0.0 8.181805246746432 0.0 4.0 
829 7135892.5 94.62483628436516 83.05329366472405 143.6781757812499 0 233 2.8329 0.0 8.181805246746432 0.0 4.0 
830 7135925.8 94.62483628436516 83.05329366472405 143.6781757812499 0 233 2.8329 0.0 8.181805246746432 0.0 4.0 
831 7135959.1 94.62483628436516 83.05329366472405 143.6781757812499 0 233 2.8329 0.0 8.181805246746432 0.0 4.0 
832 7135992.5 94.62483628436516 83.05329366472405 143.6781757812499 0 233 2.8329 0.0 8.181805246746432 0.0 4.0 
833 7136025.8 94.62483628436516 83.05329366472405 143.6781757812499 0 233 2.8329 0.0 8.181805246746432 0.0 4.0 
834 7136059.2 94.65813382694301 83.0561487914053 143.6781757812499 0 233 2.8329 0.0 8.181805246746432 0.0 4.0 
835 7136092.5 94.65813382694301 83.0561487914053 143.6781757812499 0 233 2.8329 0.0 8.181805246746432 0.0 4.0 
836 7136125.8 94.65813382694301 83.0561487914053 143.6781757812499 0 233 2.8329 0.0 8.181805246746432 0.0 4.0 
837 7136159.2 94.65813382694301 83.0561487914053 143.6781757812499 0 233 2.8329 0.0 8.181805246746432 0.0 4.0 
838 7136192.5 94.65813382694301 83.0561487914053 143.6781757812499 0 233 2.8329 0.0 8.181805246746432 0.0 4.0 
839 7136225.8 94.65813382694301 83.0561487914053 143.6781757812499 0 233 2.8329 0.0 8.181805246746432 0.0 4.0 
840 7136259.2 94.68545019724132 83.05324077974493 143.6781757812499 0 233 2.8329 0.0 8.181805246746432 0.0 4.0 
841 7136292.5 94.68545019724132 83.05324077974493 143.6781757812499 0 233 2.8329 0.0 8.181805246746432 0.0 4.0 
842 7136325.8 94.68545019724132 83.05324077974493 143.6781757812499 0 233 2.8329 0.0 8.181805246746432 0.0 4.0 
843 7136359.2 94.68545019724132 83.05324077974493 143.6781757812499 0 233 2.8329 0.0 8.181805246746432 0.0 4.0 
844 7136392.5 94.68918966340469 83.05324077974493 143.6781757812499 0 233 2.8329 0.0 8.181805246746432 0.0 4.0 
845 7136425.9 94.68918966340469 83.04800853591202 143.6781757812499 0 233 2.8329 0.0 8.181805246746432 0.0 4.0 
846 7136459.2 94.68918966340469 83.04800853591202 143.6781757812499 0 233 2.8329 0.0 8.181805246746432 0.0 4.0 
847 7136492.5 94.68918966340469 83.04800853591202 143.6781757812499 0 233 2.8329 0.0 8.181805246746432 0.0 4.0 
848 7136525.9 94.69139139149107 83.04552715363529 143.6781757812499 0 233 2.8329 0.0 8.181805246746432 0.0 4.0 
849 7136559.2 94.69139139149107 83.04552715363529 143.6781757812499 0 233 2.8329 0.0 8.181805246746432 0.0 4.0 
850 7136592.5 94.69139139149107 83.04552715363529 143.6781757812499 0 233 2.8329 0.0 8.181805246746432 0.0 4.0 
851 7136625.9 94.69139139149107 83.04552715363529 143.6781757812499 0 233 2.8329 0.0 8.181805246746432 0.0 4.0 
852 7136659.2 94.69286526533448 83.05049964994065 143.6781757812499 0 233 2.8329 0.0 8.181805246746432 0.0 4.0 
853 7136692.5 94.69286526533448 83.05049964994065 143.6781757812499 0 233 2.8329 0.0 8.181805246746432 0.0 4.0 
854 7136725.9 94.69286526533448 83.05049964994065 143.6781757812499 0 233 2.8329 0.0 8.181805246746432 0.0 4.0 
855 7136759.2 94.69286526533448 83.05049964994065 143.6781757812499 0 233 2.8329 0.0 8.181805246746432 0.0 4.0 
856 7136792.5 94.69079585728467 83.05049964994065 143.6781757812499 0 233 2.8329 0.0 8.181805246746432 0.0 4.0 
857 7136825.9 94.69079585728467 83.05751908869046 143.6781757812499 0 233 2.8329 0.0 8.181805246746432 0.0 4.0 
858 7136859.2 94.69079585728467 83.05751908869046 143.6781757812499 0 233 2.8329 0.0 8.181805246746432 0.0 4.0 
859 7136892.6 94.69079585728467 83.05751908869046 143.6781757812499 0 233 2.8329 0.0 8.181805246746432 0.0 4.0 
860 7136925.9 94.66191633287924 83.05751908869046 143.6781757812499 0 233 2.8329 0.0 8.181805246746432 0.0 4.0 
861 7136959.2 94.66191633287924 83.05751908869046 143.6781757812499 0 233 2.8329 0.0 8.181805246746432 0.0 4.0 
862 7136992.6 94.66191633287924 83.05751908869046 143.6781757812499 0 233 2.8329 0.0 8.181805246746432 0.0 4.0 
863 7137025.9 94.66191633287924 83.05751908869046 143.6781757812499 0 233 2.8329 0.0 8.181805246746432 0.0 4.0 
864 7137059.2 94.61957998577425 83.04979791464964 143.6781757812499 0 233 2.8329 0.0 8.181805246746432 0.0 4.0 
865 7137092.6 94.61957998577425 83.04979791464964 143.6781757812499 0 233 2.8329 0.0 8.181805246746432 0.0 4.0 
866 7137125.9 94.61957998577425 83.04979791464964 143.6781757812499 0 233 2.8329 0.0 8.181805246746432 0.0 4.0 
867 7137159.2 94.61957998577425 83.04979791464964 143.6781757812499 0 233 2.8329 0.0 8.181805246746432 0.0 4.0 
868 7137192.6 94.61957998577425 83.04979791464964 143.6781757812499 0 233 2.8329 0.0 8.181805246746432 0.0 4.0 
869 7137225.9 94.61957998577425 83.04979791464964 143.6781757812499 0 233 2.8329 0.0 8.181805246746432 0.0 4.0 
870 7137259.3 94.58890793924336 83.0265879751558 143.6781757812499 0 233 2.8329 0.0 8.181805246746432 0.0 4.0 
871 7137292.6 94.58890793924336 83.0265879751558 143.6781757812499 0 233 2.8329 0.0 8.181805246746432 0.0 4.0 
872 7137325.9 94.58890793924336 83.0265879751558 143.6781757812499 0 233 2.8329 0.0 8.181805246746432 0.0 4.0 
873 7137359.3 94.58890793924336 83.0265879751558 143.6781757812499 0 233 2.8329 0.0 8.181805246746432 0.0 4.0 
874 7137392.6 94.58890793924336 83.0265879751558 143.6781757812499 0 233 2.8329 0.0 8.181805246746432 0.0 4.0 
875 7137425.9 94.58890793924336 83.0265879751558 143.6781757812499 0 233 2.8329 0.0 8.181805246746432 0.0 4.0 
876 7137459.3 94.56488297154598 83.0265879751558 143.6781757812499 0 233 2.8329 0.0 8.181805246746432 0.0 4.0 
877 7137492.6 94.56488297154598 83.00291632574334 143.6781757812499 0 233 2.8329 0.0 8.181805246746432 0.0 4.0 
878 7137525.9 94.56488297154598 83.00291632574334 143.6781757812499 0 233 2.8329 0.0 8.181805246746432 0.0 4.0 
879 7137559.3 94.56488297154598 83.00291632574334 143.6781757812499 0 233 2.8329 0.0 8.181805246746432 0.0 4.0 
880 7137592.6 94.56488297154598 83.00291632574334 143.6781757812499 0 233 2.8329 0.0 8.181805246746432 0.0 4.0 
881 7137625.9 94.56488297154598 83.00291632574334 143.6781757812499 0 233 2.8329 0.0 8.181805246746432 0.0 4.0 
882 7137659.3 94.53881451159154 82.97495139483402 143.6781757812499 0 233 2.8329 0.0 8.181805246746432 0.0 4.0 
883 7137692.6 94.53881451159154 82.97495139483402 143.6781757812499 0 233 2.8329 0.0 8.181805246746432 0.0 4.0 
884 7137726.0 94.53881451159154 82.97495139483402 143.6781757812499 0 233 2.8329 0.0 8.181805246746432 0.0 4.0 
885 7137759.3 94.53881451159154 82.97495139483402 143.6781757812499 0 233 2.8329 0.0 8.181805246746432 0.0 4.0 
886 7137792.6 94.53881451159154 82.97495139483402 143.6781757812499 0 233 2.8329 0.0 8.181805246746432 0.0 4.0 
887 7137826.0 94.53881451159154 82.97495139483402 143.6781757812499 0 233 2.8329 0.0 8.181805246746432 0.0 4.0 
888 7137859.3 94.52353230812327 82.95326448516185 143.6781757812499 0 233 2.8329 0.0 8.181805246746432 0.0 4.0 
889 7137892.6 94.52353230812327 82.95326448516185 143.6781757812499 0 233 2.8329 0.0 8.181805246746432 0.0 4.0 
890 7137926.0 94.52353230812327 82.95326448516185 143.6781757812499 0 233 2.8329 0.0 8.181805246746432 0.0 4.0 
891 7137959.3 94.52353230812327 82.95326448516185 143.6781757812499 0 233 2.8329 0.0 8.181805246746432 0.0 4.0 
892 7137992.6 94.5209646820208 82.95326448516185 143.6781757812499 0 233 2.8329 0.0 8.181805246746432 0.0 4.0 
893 7138026.0 94.5209646820208 82.92842904380223 143.6781757812499 0 233 2.8329 0.0 8.181805246746432 0.0 4.0 
894 7138059.3 94.5209646820208 82.92842904380223 143.6781757812499 0 233 2.8329 0.0 8.181805246746432 0.0 4.0 
895 7138092.7 94.5209646820208 82.92842904380223 143.6781757812499 0 233 2.8329 0.0 8.181805246746432 0.0 4.0 
896 7138126.0 94.5209646820208 82.92842904380223 143.6781757812499 0 233 2.8329 0.0 8.181805246746432 0.0 4.0 
897 7138159.3 94.5209646820208 82.92842904380223 143.6781757812499 0 233 2.8329 0.0 8.181805246746432 0.0 4.0 
898 7138192.7 94.53686158859938 82.88444669995017 143.6781757812499 0 233 2.8329 0.0 8.181805246746432 0.0 4.0 
899 7138226.0 94.53686158859938 82.88444669995017 143.6781757812499 0 233 2.8329 0.0 8.181805246746432 0.0 4.0 
900 7138259.3 94.53686158859938 82.88444669995017 143.6781757812499 0 233 2.8329 0.0 8.181805246746432 0.0 4.0 
901 7138292.7 94.53686158859938 82.88444669995017 143.6781757812499 0 233 2.8329 0.0 8.181805246746432 0.0 4.0 
902 7138326.0 94.53686158859938 82.88444669995017 143.6781757812499 0 233 2.8329 0.0 8.181805246746432 0.0 4.0 
903 7138359.3 94.53686158859938 82.88444669995017 143.6781757812499 0 233 2.8329 0.0 8.181805246746432 0.0 4.0 
904 7138392.7 94.55738716725453 82.88444669995017 143.6781757812499 0 233 2.8329 0.0 8.181805246746432 0.0 4.0 
905 7138426.0 94.55738716725453 82.8318756541517 143.6781757812499 0 233 2.8329 0.0 8.181805246746432 0.0 4.0 
906 7138459.3 94.55738716725453 82.8318756541517 143.6781757812499 0 233 2.8329 0.0 8.181805246746432 0.0 4.0 
907 7138492.7 94.55738716725453 82.8318756541517 143.6781757812499 0 233 2.8329 0.0 8.181805246746432 0.0 4.0 
908 7138526.0 94.55738716725453 82.8318756541517 143.6781757812499 0 233 2.8329 0.0 8.181805246746432 0.0 4.0 
909 7138559.4 94.55738716725453 82.8318756541517 143.6781757812499 0 233 2.8329 0.0 8.181805246746432 0.0 4.0 
910 7138592.7 94.55403023805128 82.79715727558515 143.6781757812499 0 233 2.8329 0.0 8.181805246746432 0.0 4.0 
911 7138626.0 94.55403023805128 82.79715727558515 143.6781757812499 0 233 2.8329 0.0 8.181805246746432 0.0 4.0 
912 7138659.4 94.55403023805128 82.79715727558515 143.6781757812499 0 233 2.8329 0.0 8.181805246746432 0.0 4.0 
913 7138692.7 94.55403023805128 82.79715727558515 143.6781757812499 0 233 2.8329 0.0 8.181805246746432 0.0 4.0 
914 7138726.0 94.55403023805128 82.79715727558515 143.6781757812499 0 233 2.8329 0.0 8.181805246746432 0.0 4.0 
915 7138759.4 94.55403023805128 82.79715727558515 143.6781757812499 0 233 2.8329 0.0 8.181805246746432 0.0 4.0 
916 7138792.7 94.555469448565 82.79715727558515 143.6781757812499 0 233 2.8329 0.0 8.181805246746432 0.0 4.0 
917 7138826.0 94.555469448565 82.76775465499388 143.6781757812499 0 233 2.8329 0.0 8.181805246746432 0.0 4.0 
918 7138859.4 94.555469448565 82.76775465499388 143.6781757812499 0 233 2.8329 0.0 8.181805246746432 0.0 4.0 
919 7138892.7 94.555469448565 82.76775465499388 143.6781757812499 0 233 2.8329 0.0 8.181805246746432 0.0 4.0 
920 7138926.1 94.555469448565 82.76775465499388 143.6781757812499 0 233 2.8329 0.0 8.181805246746432 0.0 4.0 
921 7138959.4 94.555469448565 82.76775465499388 143.6781757812499 0 233 2.8329 0.0 8.181805246746432 0.0 4.0 
922 7138992.7 94.54499561576742 82.73968523114992 143.6781757812499 0 233 2.8329 0.0 8.181805246746432 0.0 4.0 
923 7139026.1 94.54499561576742 82.73968523114992 143.6781757812499 0 233 2.8329 0.0 8.181805246746432 0.0 4.0 
924 7139059.4 94.54499561576742 82.73968523114992 143.6781757812499 0 233 2.8329 0.0 8.181805246746432 0.0 4.0 
925 7139092.7 94.54499561576742 82.73968523114992 143.6781757812499 0 233 2.8329 0.0 8.181805246746432 0.0 4.0 
926 7139126.1 94.53464872281852 82.73968523114992 143.6781757812499 0 233 2.8329 0.0 8.181805246746432 0.0 4.0 
927 7139159.4 94.53464872281852 82.72339540717401 143.6781757812499 0 233 2.8329 0.0 8.181805246746432 0.0 4.0 
928 7139192.7 94.53464872281852 82.72339540717401 143.6781757812499 0 233 2.8329 0.0 8.181805246746432 0.0 4.0 
929 7139226.1 94.53464872281852 82.72339540717401 143.6781757812499 0 233 2.8329 0.0 8.181805246746432 0.0 4.0 
930 7139259.4 94.52880605903374 82.7169840108085 143.6781757812499 0 233 2.8329 0.0 8.181805246746432 0.0 4.0 
931 7139292.7 94.52880605903374 82.7169840108085 143.6781757812499 0 233 2.8329 0.0 8.181805246746432 0.0 4.0 
932 7139326.1 94.52880605903374 82.7169840108085 143.6781757812499 0 233 2.8329 0.0 8.181805246746432 0.0 4.0 
933 7139359.4 94.52880605903374 82.7169840108085 143.6781757812499 0 233 2.8329 0.0 8.181805246746432 0.0 4.0 
934 7139392.8 94.52127224484248 82.7169840108085 143.6781757812499 0 233 2.8329 0.0 8.181805246746432 0.0 4.0 
935 7139426.1 94.52127224484248 82.70574896548949 143.6781757812499 0 233 2.8329 0.0 8.181805246746432 0.0 4.0 
936 7139459.4 94.52127224484248 82.70574896548949 143.6781757812499 0 233 2.8329 0.0 8.181805246746432 0.0 4.0 
937 7139492.8 94.52127224484248 82.70574896548949 143.6781757812499 0 233 2.8329 0.0 8.181805246746432 0.0 4.0 
938 7139526.1 94.50790601031615 82.70574896548949 143.6781757812499 0 233 2.8329 0.0 8.181805246746432 0.0 4.0 
939 7139559.4 94.50790601031615 82.69318034391557 143.6781757812499 0 233 2.8329 0.0 8.181805246746432 0.0 4.0 
940 7139592.8 94.50790601031615 82.69318034391557 143.6781757812499 0 233 2.8329 0.0 8.181805246746432 0.0 4.0 
941 7139626.1 94.50790601031615 82.69318034391557 143.6781757812499 0 233 2.8329 0.0 8.181805246746432 0.0 4.0 
942 7139659.4 94.49510314207076 82.68069250990882 143.6781757812499 0 233 2.8329 0.0 8.181805246746432 0.0 4.0 
943 7139692.8 94.49510314207076 82.68069250990882 143.6781757812499 0 233 2.8329 0.0 8.181805246746432 0.0 4.0 
944 7139726.1 94.49510314207076 82.68069250990882 143.6781757812499 0 233 2.8329 0.0 8.181805246746432 0.0 4.0 
945 7139759.5 94.49510314207076 82.68069250990882 143.6781757812499 0 233 2.8329 0.0 8.181805246746432 0.0 4.0 
946 7139792.8 94.48214967068184 82.68069250990882 143.6781757812499 0 233 2.8329 0.0 8.181805246746432 0.0 4.0 
947 7139826.1 94.48214967068184 82.67191763210425 143.6781757812499 0 233 2.8329 0.0 8.181805246746432 0.0 4.0 
948 7139859.5 94.48214967068184 82.67191763210425 143.6781757812499 0 233 2.8329 0.0 8.181805246746432 0.0 4.0 
949 7139892.8 94.48214967068184 82.67191763210425 143.6781757812499 0 233 2.8329 0.0 8.181805246746432 0.0 4.0 
950 7139926.1 94.46988225448997 82.67191763210425 143.6781757812499 0 233 2.8329 0.0 8.181805246746432 0.0 4.0 
951 7139959.5 94.46988225448997 82.66932411058819 143.6781757812499 0 233 2.8329 0.0 8.181805246746432 0.0 4.0 
952 7139992.8 94.46988225448997 82.66932411058819 143.6781757812499 0 233 2.8329 0.0 8.181805246746432 0.0 4.0 
953 7140026.1 94.46988225448997 82.66932411058819 143.6781757812499 0 233 2.8329 0.0 8.181805246746432 0.0 4.0 
954 7140059.5 94.4531003632512 82.6629935749473 143.6781757812499 0 233 2.8329 0.0 8.181805246746432 0.0 4.0 
955 7140092.8 94.4531003632512 82.6629935749473 143.6781757812499 0 233 2.8329 0.0 8.181805246746432 0.0 4.0 
956 7140126.1 94.4531003632512 82.6629935749473 143.6781757812499 0 233 2.8329 0.0 8.181805246746432 0.0 4.0 
957 7140159.5 94.4531003632512 82.6629935749473 143.6781757812499 0 233 2.8329 0.0 8.181805246746432 0.0 4.0 
958 7140192.8 94.44427003965691 82.66038344111966 143.6781757812499 0 233 2.8329 0.0 8.181805246746432 0.0 4.0 
959 7140226.2 94.44427003965691 82.66038344111966 143.6781757812499 0 233 2.8329 0.0 8.181805246746432 0.0 4.0 
960 7140259.5 94.44427003965691 82.66038344111966 143.6781757812499 0 233 2.8329 0.0 8.181805246746432 0.0 4.0 
961 7140292.8 94.44427003965691 82.66038344111966 143.6781757812499 0 233 2.8329 0.0 8.181805246746432 0.0 4.0 
962 7140326.2 94.42815558593962 82.66038344111966 143.6781757812499 0 233 2.8329 0.0 8.181805246746432 0.0 4.0 
963 7140359.5 94.42815558593962 82.65702834040678 143.6781757812499 0 233 2.8329 0.0 8.181805246746432 0.0 4.0 
964 7140392.8 94.42815558593962 82.65702834040678 143.6781757812499 0 233 2.8329 0.0 8.181805246746432 0.0 4.0 
965 7140426.2 94.42815558593962 82.65702834040678 143.6781757812499 0 233 2.8329 0.0 8.181805246746432 0.0 4.0 
966 7140459.5 94.40554100857476 82.65316543946713 143.6781757812499 0 233 2.8329 0.0 8.181805246746432 0.0 4.0 
967 7140492.8 94.40554100857476 82.65316543946713 143.6781757812499 0 233 2.8329 0.0 8.181805246746432 0.0 4.0 
968 7140526.2 94.40554100857476 82.65316543946713 143.6781757812499 0 233 2.8329 0.0 8.181805246746432 0.0 4.0 
969 7140559.5 94.40554100857476 82.65316543946713 143.6781757812499 0 233 2.8329 0.0 8.181805246746432 0.0 4.0 
970 7140592.9 94.39305209233079 82.65316543946713 143.6781757812499 0 233 2.8329 0.0 8.181805246746432 0.0 4.0 
971 7140626.2 94.39305209233079 82.6486534980973 143.6781757812499 0 233 2.8329 0.0 8.181805246746432 0.0 4.0 
972 7140659.5 94.39305209233079 82.6486534980973 143.6781757812499 0 233 2.8329 0.0 8.181805246746432 0.0 4.0 
973 7140692.9 94.39305209233079 82.6486534980973 143.6781757812499 0 233 2.8329 0.0 8.181805246746432 0.0 4.0 
974 7140726.2 94.39305209233079 82.64453899562463 143.6781757812499 0 233 2.8329 0.0 8.181805246746432 0.0 4.0 
975 7140759.5 94.39305209233079 82.64453899562463 143.6781757812499 0 233 2.8329 0.0 8.181805246746432 0.0 4.0 
976 7140792.9 94.39305209233079 82.64453899562463 143.6781757812499 0 233 2.8329 0.0 8.181805246746432 0.0 4.0 
977 7140826.2 94.39305209233079 82.64453899562463 143.6781757812499 0 233 2.8329 0.0 8.181805246746432 0.0 4.0 
978 7140859.5 94.39106284545943 82.64343319540822 143.6781757812499 0 233 2.8329 0.0 8.181805246746432 0.0 4.0 
979 7140892.9 94.39106284545943 82.64343319540822 143.6781757812499 0 233 2.8329 0.0 8.181805246746432 0.0 4.0 
980 7140926.2 94.39106284545943 82.64343319540822 143.6781757812499 0 233 2.8329 0.0 8.181805246746432 0.0 4.0 
981 7140959.5 94.39106284545943 82.64343319540822 143.6781757812499 0 233 2.8329 0.0 8.181805246746432 0.0 4.0 
982 7140992.9 94.3793294144804 82.64343319540822 143.6781757812499 0 233 2.8329 0.0 8.181805246746432 0.0 4.0 
983 7141026.2 94.3793294144804 82.64343319540822 143.6781757812499 0 233 2.8329 0.0 8.181805246746432 0.0 4.0 
984 7141059.6 94.3793294144804 82.64343319540822 143.6781757812499 0 233 2.8329 0.0 8.181805246746432 0.0 4.0 
985 7141092.9 94.3793294144804 82.64343319540822 143.6781757812499 0 233 2.8329 0.0 8.181805246746432 0.0 4.0 
986 7141126.2 94.36434950757003 82.64343319540822 143.6781757812499 0 233 2.8329 0.0 8.181805246746432 0.0 4.0 
987 7141159.6 94.36434950757003 82.64207470123074 143.6781757812499 0 233 2.8329 0.0 8.181805246746432 0.0 4.0 
988 7141192.9 94.36434950757003 82.64207470123074 143.6781757812499 0 233 2.8329 0.0 8.181805246746432 0.0 4.0 
989 7141226.2 94.36434950757003 82.64207470123074 143.6781757812499 0 233 2.8329 0.0 8.181805246746432 0.0 4.0 
990 7141259.6 94.34914890758036 82.6374373336541 143.6781757812499 0 233 2.8329 0.0 8.181805246746432 0.0 4.0 
991 7141292.9 94.34914890758036 82.6374373336541 143.6781757812499 0 233 2.8329 0.0 8.181805246746432 0.0 4.0 
992 7141326.2 94.34914890758036 82.6374373336541 143.6781757812499 0 233 2.8329 0.0 8.181805246746432 0.0 4.0 
993 7141359.6 94.34914890758036 82.6374373336541 143.6781757812499 0 233 2.8329 0.0 8.181805246746432 0.0 4.0 
994 7141392.9 94.34215840315596 82.6374373336541 143.6781757812499 0 233 2.8329 0.0 8.181805246746432 0.0 4.0 
995 7141426.3 94.34215840315596 82.63413648440235 143.6781757812499 0 233 2.8329 0.0 8.181805246746432 0.0 4.0 
996 7141459.6 94.34215840315596 82.63413648440235 143.6781757812499 0 233 2.8329 0.0 8.181805246746432 0.0 4.0 
997 7141492.9 94.34215840315596 82.63413648440235 143.6781757812499 0 233 2.8329 0.0 8.181805246746432 0.0 4.0 
998 7141526.3 94.34472631671986 82.63413648440235 143.6781757812499 0 233 2.8329 0.0 8.181805246746432 0.0 4.0 
999 7141559.6 94.34472631671986 82.63259984891698 143.6781757812499 0 233 2.8329 0.0 8.181805246746432 0.0 4.0 
1000 7141592.9 94.34472631671986 82.63259984891698 143.6781757812499 0 233 2.8329 0.0 8.181805246746432 0.0 4.0 
1001 7141626.3 94.34472631671986 82.63259984891698 143.6781757812499 0 233 2.8329 0.0 8.181805246746432 0.0 4.0 
1002 7141659.6 94.34676708401737 82.63259984891698 143.6781757812499 0 233 2.8329 0.0 8.181805246746432 0.0 4.0 
1003 7141692.9 94.34676708401737 82.63259984891698 143.6781757812499 0 233 2.8329 0.0 8.181805246746432 0.0 4.0 
1004 7141726.3 94.34676708401737 82.63259984891698 143.6781757812499 0 233 2.8329 0.0 8.181805246746432 0.0 4.0 
1005 7141759.6 94.34676708401737 82.63259984891698 143.6781757812499 0 233 2.8329 0.0 8.181805246746432 0.0 4.0 
1006 7141792.9 94.34848511211422 82.63259984891698 143.6781757812499 0 233 2.8329 0.0 8.181805246746432 0.0 4.0 
1007 7141826.3 94.34848511211422 82.63259984891698 143.6781757812499 0 233 2.8329 0.0 8.181805246746432 0.0 4.0 
1008 7141859.6 94.34848511211422 82.63259984891698 143.6781757812499 0 233 2.8329 0.0 8.181805246746432 0.0 4.0 
1009 7141893.0 94.34848511211422 82.63259984891698 143.6781757812499 0 233 2.8329 0.0 8.181805246746432 0.0 4.0 
1010 7141926.3 94.35189547924134 82.63259984891698 143.6781757812499 0 233 2.8329 0.0 8.181805246746432 0.0 4.0 
1011 7141959.6 94.35189547924134 82.63259984891698 143.6781757812499 0 233 2.8329 0.0 8.181805246746432 0.0 4.0 
1012 7141993.0 94.35189547924134 82.63259984891698 143.6781757812499 0 233 2.8329 0.0 8.181805246746432 0.0 4.0 
1013 7142026.3 94.35189547924134 82.63259984891698 143.6781757812499 0 233 2.8329 0.0 8.181805246746432 0.0 4.0 
1014 7142059.6 94.35889690312153 82.63259984891698 143.6781757812499 0 233 2.8329 0.0 8.181805246746432 0.0 4.0 
1015 7142093.0 94.35889690312153 82.63259984891698 143.6781757812499 0 233 2.8329 0.0 8.181805246746432 0.0 4.0 
1016 7142126.3 94.35889690312153 82.63259984891698 143.6781757812499 0 233 2.8329 0.0 8.181805246746432 0.0 4.0 
1017 7142159.6 94.35889690312153 82.63259984891698 143.6781757812499 0 233 2.8329 0.0 8.181805246746432 0.0 4.0 
1018 7142193.0 94.36377788186994 82.6339213389648 143.6781757812499 0 233 2.8329 0.0 8.181805246746432 0.0 4.0 
1019 7142226.3 94.36377788186994 82.6339213389648 143.6781757812499 0 233 2.8329 0.0 8.181805246746432 0.0 4.0 
1020 7142259.7 94.36377788186994 82.6339213389648 143.6781757812499 0 233 2.8329 0.0 8.181805246746432 0.0 4.0 
1021 7142293.0 94.36377788186994 82.6339213389648 143.6781757812499 0 233 2.8329 0.0 8.181805246746432 0.0 4.0 
1022 7142326.3 94.36556428815702 82.6339213389648 143.6781757812499 0 233 2.8329 0.0 8.181805246746432 0.0 4.0 
1023 7142359.7 94.36556428815702 82.6352358545274 143.6781757812499 0 233 2.8329 0.0 8.181805246746432 0.0 4.0 
1024 7142393.0 94.36556428815702 82.6352358545274 143.6781757812499 0 233 2.8329 0.0 8.181805246746432 0.0 4.0 
1025 7142426.3 94.36556428815702 82.6352358545274 143.6781757812499 0 233 2.8329 0.0 8.181805246746432 0.0 4.0 
1026 7142459.7 94.37715351447758 82.63816283839063 143.6781757812499 0 233 2.8329 0.0 8.181805246746432 0.0 4.0 
1027 7142493.0 94.37715351447758 82.63816283839063 143.6781757812499 0 233 2.8329 0.0 8.181805246746432 0.0 4.0 
1028 7142526.3 94.37715351447758 82.63816283839063 143.6781757812499 0 233 2.8329 0.0 8.181805246746432 0.0 4.0 
1029 7142559.7 94.37715351447758 82.63816283839063 143.6781757812499 0 233 2.8329 0.0 8.181805246746432 0.0 4.0 
1030 7142593.0 94.396084397843 82.64285751903886 143.6781757812499 0 233 2.8329 0.0 8.181805246746432 0.0 4.0 
1031 7142626.3 94.396084397843 82.64285751903886 143.6781757812499 0 233 2.8329 0.0 8.181805246746432 0.0 4.0 
1032 7142659.7 94.396084397843 82.64285751903886 143.6781757812499 0 233 2.8329 0.0 8.181805246746432 0.0 4.0 
1033 7142693.0 94.396084397843 82.64285751903886 143.6781757812499 0 233 2.8329 0.0 8.181805246746432 0.0 4.0 
1034 7142726.4 94.4303713068974 82.64285751903886 143.6781757812499 0 233 2.8329 0.0 8.181805246746432 0.0 4.0 
1035 7142759.7 94.4303713068974 82.65334437759014 143.6781757812499 0 233 2.8329 0.0 8.181805246746432 0.0 4.0 
1036 7142793.0 94.4303713068974 82.65334437759014 143.6781757812499 0 233 2.8329 0.0 8.181805246746432 0.0 4.0 
1037 7142826.4 94.4303713068974 82.65334437759014 143.6781757812499 0 233 2.8329 0.0 8.181805246746432 0.0 4.0 
1038 7142859.7 94.4303713068974 82.65334437759014 143.6781757812499 0 233 2.8329 0.0 8.181805246746432 0.0 4.0 
1039 7142893.0 94.4303713068974 82.65334437759014 143.6781757812499 0 233 2.8329 0.0 8.181805246746432 0.0 4.0 
1040 7142926.4 94.4617131017485 82.66868370686785 143.6781757812499 0 233 2.8329 0.0 8.181805246746432 0.0 4.0 
1041 7142959.7 94.4617131017485 82.66868370686785 143.6781757812499 0 233 2.8329 0.0 8.181805246746432 0.0 4.0 
1042 7142993.0 94.4617131017485 82.66868370686785 143.6781757812499 0 233 2.8329 0.0 8.181805246746432 0.0 4.0 
1043 7143026.4 94.4617131017485 82.66868370686785 143.6781757812499 0 233 2.8329 0.0 8.181805246746432 0.0 4.0 
1044 7143059.7 94.4617131017485 82.66868370686785 143.6781757812499 0 233 2.8329 0.0 8.181805246746432 0.0 4.0 
1045 7143093.1 94.4617131017485 82.66868370686785 143.6781757812499 0 233 2.8329 0.0 8.181805246746432 0.0 4.0 
1046 7143126.4 94.47799124137991 82.66868370686785 143.6781757812499 0 233 2.8329 0.0 8.181805246746432 0.0 4.0 
1047 7143159.7 94.47799124137991 82.68149925475332 143.6781757812499 0 233 2.8329 0.0 8.181805246746432 0.0 4.0 
1048 7143193.1 94.47799124137991 82.68149925475332 143.6781757812499 0 233 2.8329 0.0 8.181805246746432 0.0 4.0 
1049 7143226.4 94.47799124137991 82.68149925475332 143.6781757812499 0 233 2.8329 0.0 8.181805246746432 0.0 4.0 
1050 7143259.7 94.48662163922151 82.69029887708406 143.6781757812499 0 233 2.8329 0.0 8.181805246746432 0.0 4.0 
1051 7143293.1 94.48662163922151 82.69029887708406 143.6781757812499 0 233 2.8329 0.0 8.181805246746432 0.0 4.0 
1052 7143326.4 94.48662163922151 82.69029887708406 143.6781757812499 0 233 2.8329 0.0 8.181805246746432 0.0 4.0 
1053 7143359.7 94.48662163922151 82.69029887708406 143.6781757812499 0 233 2.8329 0.0 8.181805246746432 0.0 4.0 
1054 7143393.1 94.49012338251829 82.69371848812312 143.6781757812499 0 233 2.8329 0.0 8.181805246746432 0.0 4.0 
1055 7143426.4 94.49012338251829 82.69371848812312 143.6781757812499 0 233 2.8329 0.0 8.181805246746432 0.0 4.0 
1056 7143459.7 94.49012338251829 82.69371848812312 143.6781757812499 0 233 2.8329 0.0 8.181805246746432 0.0 4.0 
1057 7143493.1 94.49012338251829 82.69371848812312 143.6781757812499 0 233 2.8329 0.0 8.181805246746432 0.0 4.0 
1058 7143526.4 94.49012338251829 82.69233981694715 143.6781757812499 0 233 2.8329 0.0 8.181805246746432 0.0 4.0 
1059 7143559.8 94.49012338251829 82.69233981694715 143.6781757812499 0 233 2.8329 0.0 8.181805246746432 0.0 4.0 
1060 7143593.1 94.49012338251829 82.69233981694715 143.6781757812499 0 233 2.8329 0.0 8.181805246746432 0.0 4.0 
1061 7143626.4 94.49012338251829 82.69233981694715 143.6781757812499 0 233 2.8329 0.0 8.181805246746432 0.0 4.0 
1062 7143659.8 94.49849881769109 82.69471715585796 143.6781757812499 0 233 2.8329 0.0 8.181805246746432 0.0 4.0 
1063 7143693.1 94.49849881769109 82.69471715585796 143.6781757812499 0 233 2.8329 0.0 8.181805246746432 0.0 4.0 
1064 7143726.4 94.49849881769109 82.69471715585796 143.6781757812499 0 233 2.8329 0.0 8.181805246746432 0.0 4.0 
1065 7143759.8 94.49849881769109 82.69471715585796 143.6781757812499 0 233 2.8329 0.0 8.181805246746432 0.0 4.0 
1066 7143793.1 94.50519257721513 82.69471715585796 143.6781757812499 0 233 2.8329 0.0 8.181805246746432 0.0 4.0 
1067 7143826.4 94.50519257721513 82.70366212585913 143.6781757812499 0 233 2.8329 0.0 8.181805246746432 0.0 4.0 
1068 7143859.8 94.50519257721513 82.70366212585913 143.6781757812499 0 233 2.8329 0.0 8.181805246746432 0.0 4.0 
1069 7143893.1 94.50519257721513 82.70366212585913 143.6781757812499 0 233 2.8329 0.0 8.181805246746432 0.0 4.0 
1070 7143926.5 94.51815648876216 82.72956560074368 143.6781757812499 0 233 2.8329 0.0 8.181805246746432 0.0 4.0 
1071 7143959.8 94.51815648876216 82.72956560074368 143.6781757812499 0 233 2.8329 0.0 8.181805246746432 0.0 4.0 
1072 7143993.1 94.51815648876216 82.72956560074368 143.6781757812499 0 233 2.8329 0.0 8.181805246746432 0.0 4.0 
1073 7144026.5 94.51815648876216 82.72956560074368 143.6781757812499 0 233 2.8329 0.0 8.181805246746432 0.0 4.0 
1074 7144059.8 94.51815648876216 82.72956560074368 143.6781757812499 0 233 2.8329 0.0 8.181805246746432 0.0 4.0 
1075 7144093.1 94.51815648876216 82.72956560074368 143.6781757812499 0 233 2.8329 0.0 8.181805246746432 0.0 4.0 
1076 7144126.5 94.53260491019961 82.72956560074368 143.6781757812499 0 233 2.8329 0.0 8.181805246746432 0.0 4.0 
1077 7144159.8 94.53260491019961 82.76552068768095 143.6781757812499 0 233 2.8329 0.0 8.181805246746432 0.0 4.0 
1078 7144193.1 94.53260491019961 82.76552068768095 143.6781757812499 0 233 2.8329 0.0 8.181805246746432 0.0 4.0 
1079 7144226.5 94.53260491019961 82.76552068768095 143.6781757812499 0 233 2.8329 0.0 8.181805246746432 0.0 4.0 
1080 7144259.8 94.53260491019961 82.76552068768095 143.6781757812499 0 233 2.8329 0.0 8.181805246746432 0.0 4.0 
1081 7144293.1 94.53260491019961 82.76552068768095 143.6781757812499 0 233 2.8329 0.0 8.181805246746432 0.0 4.0 
1082 7144326.5 94.5391878360515 82.7870615126067 143.6781757812499 0 233 2.8329 0.0 8.181805246746432 0.0 4.0 
1083 7144359.8 94.5391878360515 82.7870615126067 143.6781757812499 0 233 2.8329 0.0 8.181805246746432 0.0 4.0 
1084 7144393.2 94.5391878360515 82.7870615126067 143.6781757812499 0 233 2.8329 0.0 8.181805246746432 0.0 4.0 
1085 7144426.5 94.5391878360515 82.7870615126067 143.6781757812499 0 233 2.8329 0.0 8.181805246746432 0.0 4.0 
1086 7144459.8 94.54074520443231 82.7870615126067 143.6781757812499 0 233 2.8329 0.0 8.181805246746432 0.0 4.0 
1087 7144493.2 94.54074520443231 82.79795297269253 143.6781757812499 0 233 2.8329 0.0 8.181805246746432 0.0 4.0 
1088 7144526.5 94.54074520443231 82.79795297269253 143.6781757812499 0 233 2.8329 0.0 8.181805246746432 0.0 4.0 
1089 7144559.8 94.54074520443231 82.79795297269253 143.6781757812499 0 233 2.8329 0.0 8.181805246746432 0.0 4.0 
1090 7144593.2 94.54189526065483 82.79795297269253 143.6781757812499 0 233 2.8329 0.0 8.181805246746432 0.0 4.0 
1091 7144626.5 94.54189526065483 82.79795297269253 143.6781757812499 0 233 2.8329 0.0 8.181805246746432 0.0 4.0 
1092 7144659.8 94.54189526065483 82.79795297269253 143.6781757812499 0 233 2.8329 0.0 8.181805246746432 0.0 4.0 
1093 7144693.2 94.54189526065483 82.79795297269253 143.6781757812499 0 233 2.8329 0.0 8.181805246746432 0.0 4.0 
1094 7144726.5 94.5441556600198 82.80234944792859 143.6781757812499 0 233 2.8329 0.0 8.181805246746432 0.0 4.0 
1095 7144759.9 94.5441556600198 82.80234944792859 143.6781757812499 0 233 2.8329 0.0 8.181805246746432 0.0 4.0 
1096 7144793.2 94.5441556600198 82.80234944792859 143.6781757812499 0 233 2.8329 0.0 8.181805246746432 0.0 4.0 
1097 7144826.5 94.5441556600198 82.80234944792859 143.6781757812499 0 233 2.8329 0.0 8.181805246746432 0.0 4.0 
1098 7144859.9 94.5441556600198 82.82476849440903 143.6781757812499 0 233 2.8329 0.0 8.181805246746432 0.0 4.0 
1099 7144893.2 94.5441556600198 82.82476849440903 143.6781757812499 0 233 2.8329 0.0 8.181805246746432 0.0 4.0 
1100 7144926.5 94.5441556600198 82.82476849440903 143.6781757812499 0 233 2.8329 0.0 8.181805246746432 0.0 4.0 
1101 7144959.9 94.5441556600198 82.82476849440903 143.6781757812499 0 233 2.8329 0.0 8.181805246746432 0.0 4.0 
1102 7144993.2 94.54232485788741 82.8479961493129 143.6781757812499 0 233 2.8329 0.0 8.181805246746432 0.0 4.0 
1103 7145026.5 94.54232485788741 82.8479961493129 143.6781757812499 0 233 2.8329 0.0 8.181805246746432 0.0 4.0 
1104 7145059.9 94.54232485788741 82.8479961493129 143.6781757812499 0 233 2.8329 0.0 8.181805246746432 0.0 4.0 
1105 7145093.2 94.54232485788741 82.8479961493129 143.6781757812499 0 233 2.8329 0.0 8.181805246746432 0.0 4.0 
1106 7145126.5 94.5383978297234 82.8479961493129 143.6781757812499 0 233 2.8329 0.0 8.181805246746432 0.0 4.0 
1107 7145159.9 94.5383978297234 82.87187617233208 143.6781757812499 0 233 2.8329 0.0 8.181805246746432 0.0 4.0 
1108 7145193.2 94.5383978297234 82.87187617233208 143.6781757812499 0 233 2.8329 0.0 8.181805246746432 0.0 4.0 
1109 7145226.6 94.5383978297234 82.87187617233208 143.6781757812499 0 233 2.8329 0.0 8.181805246746432 0.0 4.0 
1110 7145259.9 94.5383978297234 82.87187617233208 143.6781757812499 0 233 2.8329 0.0 8.181805246746432 0.0 4.0 
1111 7145293.2 94.5383978297234 82.87187617233208 143.6781757812499 0 233 2.8329 0.0 8.181805246746432 0.0 4.0 
1112 7145326.6 94.53199064099587 82.87187617233208 143.6781757812499 0 233 2.8329 0.0 8.181805246746432 0.0 4.0 
1113 7145359.9 94.53199064099587 82.91724674249534 143.6781757812499 0 233 2.8329 0.0 8.181805246746432 0.0 4.0 
1114 7145393.2 94.53199064099587 82.91724674249534 143.6781757812499 0 233 2.8329 0.0 8.181805246746432 0.0 4.0 
1115 7145426.6 94.53199064099587 82.91724674249534 143.6781757812499 0 233 2.8329 0.0 8.181805246746432 0.0 4.0 
1116 7145459.9 94.53199064099587 82.91724674249534 143.6781757812499 0 233 2.8329 0.0 8.181805246746432 0.0 4.0 
1117 7145493.2 94.53199064099587 82.91724674249534 143.6781757812499 0 233 2.8329 0.0 8.181805246746432 0.0 4.0 
1118 7145526.6 94.53675566332244 82.96016554822435 143.6781757812499 0 233 2.8329 0.0 8.181805246746432 0.0 4.0 
1119 7145559.9 94.53675566332244 82.96016554822435 143.6781757812499 0 233 2.8329 0.0 8.181805246746432 0.0 4.0 
1120 7145593.3 94.53675566332244 82.96016554822435 143.6781757812499 0 233 2.8329 0.0 8.181805246746432 0.0 4.0 
1121 7145626.6 94.53675566332244 82.96016554822435 143.6781757812499 0 233 2.8329 0.0 8.181805246746432 0.0 4.0 
1122 7145659.9 94.53675566332244 82.96016554822435 143.6781757812499 0 233 2.8329 0.0 8.181805246746432 0.0 4.0 
1123 7145693.3 94.53675566332244 82.96016554822435 143.6781757812499 0 233 2.8329 0.0 8.181805246746432 0.0 4.0 
1124 7145726.6 94.56115827198339 83.00083171466622 143.6781757812499 0 233 2.8329 0.0 8.181805246746432 0.0 4.0 
1125 7145759.9 94.56115827198339 83.00083171466622 143.6781757812499 0 233 2.8329 0.0 8.181805246746432 0.0 4.0 
1126 7145793.3 94.56115827198339 83.00083171466622 143.6781757812499 0 233 2.8329 0.0 8.181805246746432 0.0 4.0 
1127 7145826.6 94.56115827198339 83.00083171466622 143.6781757812499 0 233 2.8329 0.0 8.181805246746432 0.0 4.0 
1128 7145859.9 94.56115827198339 83.00083171466622 143.6781757812499 0 233 2.8329 0.0 8.181805246746432 0.0 4.0 
1129 7145893.3 94.56115827198339 83.00083171466622 143.6781757812499 0 233 2.8329 0.0 8.181805246746432 0.0 4.0 
1130 7145926.6 94.57595210920468 83.01327916684788 143.6781757812499 0 233 2.8329 0.0 8.181805246746432 0.0 4.0 
1131 7145959.9 94.57595210920468 83.01327916684788 143.6781757812499 0 233 2.8329 0.0 8.181805246746432 0.0 4.0 
1132 7145993.3 94.57595210920468 83.01327916684788 143.6781757812499 0 233 2.8329 0.0 8.181805246746432 0.0 4.0 
1133 7146026.6 94.57595210920468 83.01327916684788 143.6781757812499 0 233 2.8329 0.0 8.181805246746432 0.0 4.0 
1134 7146060.0 94.57929898665698 83.01327916684788 143.6781757812499 0 233 2.8329 0.0 8.181805246746432 0.0 4.0 
1135 7146093.3 94.57929898665698 83.01659240651927 143.6781757812499 0 233 2.8329 0.0 8.181805246746432 0.0 4.0 
1136 7146126.6 94.57929898665698 83.01659240651927 143.6781757812499 0 233 2.8329 0.0 8.181805246746432 0.0 4.0 
1137 7146160.0 94.57929898665698 83.01659240651927 143.6781757812499 0 233 2.8329 0.0 8.181805246746432 0.0 4.0 
1138 7146193.3 94.58206531152906 83.01659240651927 143.6781757812499 0 233 2.8329 0.0 8.181805246746432 0.0 4.0 
1139 7146226.6 94.58206531152906 83.01659240651927 143.6781757812499 0 233 2.8329 0.0 8.181805246746432 0.0 4.0 
1140 7146260.0 94.58206531152906 83.01659240651927 143.6781757812499 0 233 2.8329 0.0 8.181805246746432 0.0 4.0 
1141 7146293.3 94.58206531152906 83.01659240651927 143.6781757812499 0 233 2.8329 0.0 8.181805246746432 0.0 4.0 
1142 7146326.6 94.57874260074922 83.01791546943083 143.6781757812499 0 233 2.8329 0.0 8.181805246746432 0.0 4.0 
1143 7146360.0 94.57874260074922 83.01791546943083 143.6781757812499 0 233 2.8329 0.0 8.181805246746432 0.0 4.0 
1144 7146393.3 94.57874260074922 83.01791546943083 143.6781757812499 0 233 2.8329 0.0 8.181805246746432 0.0 4.0 
1145 7146426.7 94.57874260074922 83.01791546943083 143.6781757812499 0 233 2.8329 0.0 8.181805246746432 0.0 4.0 
1146 7146460.0 94.57310744988581 83.01791546943083 143.6781757812499 0 233 2.8329 0.0 8.181805246746432 0.0 4.0 
1147 7146493.3 94.57310744988581 83.02230652665234 143.6781757812499 0 233 2.8329 0.0 8.181805246746432 0.0 4.0 
1148 7146526.7 94.57310744988581 83.02230652665234 143.6781757812499 0 233 2.8329 0.0 8.181805246746432 0.0 4.0 
1149 7146560.0 94.57310744988581 83.02230652665234 143.6781757812499 0 233 2.8329 0.0 8.181805246746432 0.0 4.0 
1150 7146593.3 94.56720980046454 83.02759969427726 143.6781757812499 0 233 2.8329 0.0 8.181805246746432 0.0 4.0 
1151 7146626.7 94.56720980046454 83.02759969427726 143.6781757812499 0 233 2.8329 0.0 8.181805246746432 0.0 4.0 
1152 7146660.0 94.56720980046454 83.02759969427726 143.6781757812499 0 233 2.8329 0.0 8.181805246746432 0.0 4.0 
1153 7146693.3 94.56720980046454 83.02759969427726 143.6781757812499 0 233 2.8329 0.0 8.181805246746432 0.0 4.0 
1154 7146726.7 94.55563399188337 83.03093018206607 143.6781757812499 0 233 2.8329 0.0 8.181805246746432 0.0 4.0 
1155 7146760.0 94.55563399188337 83.03093018206607 143.6781757812499 0 233 2.8329 0.0 8.181805246746432 0.0 4.0 
1156 7146793.3 94.55563399188337 83.03093018206607 143.6781757812499 0 233 2.8329 0.0 8.181805246746432 0.0 4.0 
1157 7146826.7 94.55563399188337 83.03093018206607 143.6781757812499 0 233 2.8329 0.0 8.181805246746432 0.0 4.0 
1158 7146860.0 94.54028091057911 83.03093018206607 143.6781757812499 0 233 2.8329 0.0 8.181805246746432 0.0 4.0 
1159 7146893.4 94.54028091057911 83.02837068142824 143.6781757812499 0 233 2.8329 0.0 8.181805246746432 0.0 4.0 
1160 7146926.7 94.54028091057911 83.02837068142824 143.6781757812499 0 233 2.8329 0.0 8.181805246746432 0.0 4.0 
1161 7146960.0 94.54028091057911 83.02837068142824 143.6781757812499 0 233 2.8329 0.0 8.181805246746432 0.0 4.0 
1162 7146993.4 94.52882933341525 83.02492318169125 143.6781757812499 0 233 2.8329 0.0 8.181805246746432 0.0 4.0 
1163 7147026.7 94.52882933341525 83.02492318169125 143.6781757812499 0 233 2.8329 0.0 8.181805246746432 0.0 4.0 
1164 7147060.0 94.52882933341525 83.02492318169125 143.6781757812499 0 233 2.8329 0.0 8.181805246746432 0.0 4.0 
1165 7147093.4 94.52882933341525 83.02492318169125 143.6781757812499 0 233 2.8329 0.0 8.181805246746432 0.0 4.0 
1166 7147126.7 94.5250774127217 83.01968968254558 143.6781757812499 0 233 2.8329 0.0 8.181805246746432 0.0 4.0 
1167 7147160.0 94.5250774127217 83.01968968254558 143.6781757812499 0 233 2.8329 0.0 8.181805246746432 0.0 4.0 
1168 7147193.4 94.5250774127217 83.01968968254558 143.6781757812499 0 233 2.8329 0.0 8.181805246746432 0.0 4.0 
1169 7147226.7 94.5250774127217 83.01968968254558 143.6781757812499 0 233 2.8329 0.0 8.181805246746432 0.0 4.0 
1170 7147260.1 94.5231923540119 83.01968968254558 143.6781757812499 0 233 2.8329 0.0 8.181805246746432 0.0 4.0 
1171 7147293.4 94.5231923540119 83.01468267594382 143.6781757812499 0 233 2.8329 0.0 8.181805246746432 0.0 4.0 
1172 7147326.7 94.5231923540119 83.01468267594382 143.6781757812499 0 233 2.8329 0.0 8.181805246746432 0.0 4.0 
1173 7147360.1 94.5231923540119 83.01468267594382 143.6781757812499 0 233 2.8329 0.0 8.181805246746432 0.0 4.0 
1174 7147393.4 94.51700561473719 83.00468378340689 143.6781757812499 0 233 2.8329 0.0 8.181805246746432 0.0 4.0 
1175 7147426.7 94.51700561473719 83.00468378340689 143.6781757812499 0 233 2.8329 0.0 8.181805246746432 0.0 4.0 
1176 7147460.1 94.51700561473719 83.00468378340689 143.6781757812499 0 233 2.8329 0.0 8.181805246746432 0.0 4.0 
1177 7147493.4 94.51700561473719 83.00468378340689 143.6781757812499 0 233 2.8329 0.0 8.181805246746432 0.0 4.0 
1178 7147526.7 94.51185392007064 83.00468378340689 143.6781757812499 0 233 2.8329 0.0 8.181805246746432 0.0 4.0 
1179 7147560.1 94.51185392007064 82.99080124121241 143.6781757812499 0 233 2.8329 0.0 8.181805246746432 0.0 4.0 
1180 7147593.4 94.51185392007064 82.99080124121241 143.6781757812499 0 233 2.8329 0.0 8.181805246746432 0.0 4.0 
1181 7147626.7 94.51185392007064 82.99080124121241 143.6781757812499 0 233 2.8329 0.0 8.181805246746432 0.0 4.0 
1182 7147660.1 94.50879172825131 82.99080124121241 143.6781757812499 0 233 2.8329 0.0 8.181805246746432 0.0 4.0 
1183 7147693.4 94.50879172825131 82.9824690747525 143.6781757812499 0 233 2.8329 0.0 8.181805246746432 0.0 4.0 
1184 7147726.8 94.50879172825131 82.9824690747525 143.6781757812499 0 233 2.8329 0.0 8.181805246746432 0.0 4.0 
1185 7147760.1 94.50879172825131 82.9824690747525 143.6781757812499 0 233 2.8329 0.0 8.181805246746432 0.0 4.0 
1186 7147793.4 94.5017610445914 82.96348817390681 143.6781757812499 0 233 2.8329 0.0 8.181805246746432 0.0 4.0 
1187 7147826.8 94.5017610445914 82.96348817390681 143.6781757812499 0 233 2.8329 0.0 8.181805246746432 0.0 4.0 
1188 7147860.1 94.5017610445914 82.96348817390681 143.6781757812499 0 233 2.8329 0.0 8.181805246746432 0.0 4.0 
1189 7147893.4 94.5017610445914 82.96348817390681 143.6781757812499 0 233 2.8329 0.0 8.181805246746432 0.0 4.0 
1190 7147926.8 94.5017610445914 82.95739600220477 143.6781757812499 0 233 2.8329 0.0 8.181805246746432 0.0 4.0 
1191 7147960.1 94.5017610445914 82.95739600220477 143.6781757812499 0 233 2.8329 0.0 8.181805246746432 0.0 4.0 
1192 7147993.4 94.5017610445914 82.95739600220477 143.6781757812499 0 233 2.8329 0.0 8.181805246746432 0.0 4.0 
1193 7148026.8 94.5017610445914 82.95739600220477 143.6781757812499 0 233 2.8329 0.0 8.181805246746432 0.0 4.0 
1194 7148060.1 94.51767568030786 82.95739600220477 143.6781757812499 0 233 2.8329 0.0 8.181805246746432 0.0 4.0 
1195 7148093.5 94.51767568030786 82.98502588311554 143.6781757812499 0 233 2.8329 0.0 8.181805246746432 0.0 4.0 
1196 7148126.8 94.51767568030786 82.98502588311554 143.6781757812499 0 233 2.8329 0.0 8.181805246746432 0.0 4.0 
1197 7148160.1 94.51767568030786 82.98502588311554 143.6781757812499 0 233 2.8329 0.0 8.181805246746432 0.0 4.0 
1198 7148193.5 94.51767568030786 82.98502588311554 143.6781757812499 0 233 2.8329 0.0 8.181805246746432 0.0 4.0 
1199 7148226.8 94.51767568030786 82.98502588311554 143.6781757812499 0 233 2.8329 0.0 8.181805246746432 0.0 4.0 
1200 7148260.1 94.56886617260008 83.02668260491535 143.6781757812499 0 233 2.8329 0.0 8.181805246746432 0.0 4.0 
1201 7148293.5 94.56886617260008 83.02668260491535 143.6781757812499 0 233 2.8329 0.0 8.181805246746432 0.0 4.0 
1202 7148326.8 94.56886617260008 83.02668260491535 143.6781757812499 0 233 2.8329 0.0 8.181805246746432 0.0 4.0 
1203 7148360.1 94.56886617260008 83.02668260491535 143.6781757812499 0 233 2.8329 0.0 8.181805246746432 0.0 4.0 
1204 7148393.5 94.56886617260008 83.02668260491535 143.6781757812499 0 233 2.8329 0.0 8.181805246746432 0.0 4.0 
1205 7148426.8 94.56886617260008 83.02668260491535 143.6781757812499 0 233 2.8329 0.0 8.181805246746432 0.0 4.0 
1206 7148460.1 94.57644851889467 83.02668260491535 143.6781757812499 0 233 2.8329 0.0 8.181805246746432 0.0 4.0 
1207 7148493.5 94.57644851889467 83.02996725879076 143.6781757812499 0 233 2.8329 0.0 8.181805246746432 0.0 4.0 
1208 7148526.8 94.57644851889467 83.02996725879076 143.6781757812499 0 233 2.8329 0.0 8.181805246746432 0.0 4.0 
1209 7148560.2 94.57644851889467 83.02996725879076 143.6781757812499 0 233 2.8329 0.0 8.181805246746432 0.0 4.0 
1210 7148593.5 94.56800242142744 83.02996725879076 143.6781757812499 0 233 2.8329 0.0 8.181805246746432 0.0 4.0 
1211 7148626.8 94.56800242142744 83.02996725879076 143.6781757812499 0 233 2.8329 0.0 8.181805246746432 0.0 4.0 
1212 7148660.2 94.56800242142744 83.02996725879076 143.6781757812499 0 233 2.8329 0.0 8.181805246746432 0.0 4.0 
1213 7148693.5 94.56800242142744 83.02996725879076 143.6781757812499 0 233 2.8329 0.0 8.181805246746432 0.0 4.0 
1214 7148726.8 94.55597134459423 83.02546526529463 143.6781757812499 0 233 2.8329 0.0 8.181805246746432 0.0 4.0 
1215 7148760.2 94.55597134459423 83.02546526529463 143.6781757812499 0 233 2.8329 0.0 8.181805246746432 0.0 4.0 
1216 7148793.5 94.55597134459423 83.02546526529463 143.6781757812499 0 233 2.8329 0.0 8.181805246746432 0.0 4.0 
1217 7148826.8 94.55597134459423 83.02546526529463 143.6781757812499 0 233 2.8329 0.0 8.181805246746432 0.0 4.0 
1218 7148860.2 94.53464704325538 83.02546526529463 143.6781757812499 0 233 2.8329 0.0 8.181805246746432 0.0 4.0 
1219 7148893.5 94.53464704325538 83.00804038876625 143.6781757812499 0 233 2.8329 0.0 8.181805246746432 0.0 4.0 
1220 7148926.9 94.53464704325538 83.00804038876625 143.6781757812499 0 233 2.8329 0.0 8.181805246746432 0.0 4.0 
1221 7148960.2 94.53464704325538 83.00804038876625 143.6781757812499 0 233 2.8329 0.0 8.181805246746432 0.0 4.0 
1222 7148993.5 94.53464704325538 83.00804038876625 143.6781757812499 0 233 2.8329 0.0 8.181805246746432 0.0 4.0 
1223 7149026.9 94.53464704325538 83.00804038876625 143.6781757812499 0 233 2.8329 0.0 8.181805246746432 0.0 4.0 
1224 7149060.2 94.51287993565988 82.98317487002477 143.6781757812499 0 233 2.8329 0.0 8.181805246746432 0.0 4.0 
1225 7149093.5 94.51287993565988 82.98317487002477 143.6781757812499 0 233 2.8329 0.0 8.181805246746432 0.0 4.0 
1226 7149126.9 94.51287993565988 82.98317487002477 143.6781757812499 0 233 2.8329 0.0 8.181805246746432 0.0 4.0 
1227 7149160.2 94.51287993565988 82.98317487002477 143.6781757812499 0 233 2.8329 0.0 8.181805246746432 0.0 4.0 
1228 7149193.5 94.500254544636 82.98317487002477 143.6781757812499 0 233 2.8329 0.0 8.181805246746432 0.0 4.0 
1229 7149226.9 94.500254544636 82.95784389238653 143.6781757812499 0 233 2.8329 0.0 8.181805246746432 0.0 4.0 
1230 7149260.2 94.500254544636 82.95784389238653 143.6781757812499 0 233 2.8329 0.0 8.181805246746432 0.0 4.0 
1231 7149293.5 94.500254544636 82.95784389238653 143.6781757812499 0 233 2.8329 0.0 8.181805246746432 0.0 4.0 
1232 7149326.9 94.500254544636 82.95784389238653 143.6781757812499 0 233 2.8329 0.0 8.181805246746432 0.0 4.0 
1233 7149360.2 94.500254544636 82.95784389238653 143.6781757812499 0 233 2.8329 0.0 8.181805246746432 0.0 4.0 
1234 7149393.6 94.4899102539688 82.93067232038536 143.6781757812499 0 233 2.8329 0.0 8.181805246746432 0.0 4.0 
1235 7149426.9 94.4899102539688 82.93067232038536 143.6781757812499 0 233 2.8329 0.0 8.181805246746432 0.0 4.0 
1236 7149460.2 94.4899102539688 82.93067232038536 143.6781757812499 0 233 2.8329 0.0 8.181805246746432 0.0 4.0 
1237 7149493.6 94.4899102539688 82.93067232038536 143.6781757812499 0 233 2.8329 0.0 8.181805246746432 0.0 4.0 
1238 7149526.9 94.48238778662497 82.93067232038536 143.6781757812499 0 233 2.8329 0.0 8.181805246746432 0.0 4.0 
1239 7149560.2 94.48238778662497 82.90875876549809 143.6781757812499 0 233 2.8329 0.0 8.181805246746432 0.0 4.0 
1240 7149593.6 94.48238778662497 82.90875876549809 143.6781757812499 0 233 2.8329 0.0 8.181805246746432 0.0 4.0 
1241 7149626.9 94.48238778662497 82.90875876549809 143.6781757812499 0 233 2.8329 0.0 8.181805246746432 0.0 4.0 
1242 7149660.2 94.48238778662497 82.90875876549809 143.6781757812499 0 233 2.8329 0.0 8.181805246746432 0.0 4.0 
1243 7149693.6 94.48238778662497 82.90875876549809 143.6781757812499 0 233 2.8329 0.0 8.181805246746432 0.0 4.0 
1244 7149726.9 94.465866878459 82.89806043835479 143.6781757812499 0 233 2.8329 0.0 8.181805246746432 0.0 4.0 
1245 7149760.3 94.465866878459 82.89806043835479 143.6781757812499 0 233 2.8329 0.0 8.181805246746432 0.0 4.0 
1246 7149793.6 94.465866878459 82.89806043835479 143.6781757812499 0 233 2.8329 0.0 8.181805246746432 0.0 4.0 
1247 7149826.9 94.465866878459 82.89806043835479 143.6781757812499 0 233 2.8329 0.0 8.181805246746432 0.0 4.0 
1248 7149860.3 94.45806740583303 82.8905793135671 143.6781757812499 0 233 2.8329 0.0 8.181805246746432 0.0 4.0 
1249 7149893.6 94.45806740583303 82.8905793135671 143.6781757812499 0 233 2.8329 0.0 8.181805246746432 0.0 4.0 
1250 7149926.9 94.45806740583303 82.8905793135671 143.6781757812499 0 233 2.8329 0.0 8.181805246746432 0.0 4.0 
1251 7149960.3 94.45806740583303 82.8905793135671 143.6781757812499 0 233 2.8329 0.0 8.181805246746432 0.0 4.0 
1252 7149993.6 94.45387802244426 82.8905793135671 143.6781757812499 0 233 2.8329 0.0 8.181805246746432 0.0 4.0 
1253 7150026.9 94.45387802244426 82.88265090393604 143.6781757812499 0 233 2.8329 0.0 8.181805246746432 0.0 4.0 
1254 7150060.3 94.45387802244426 82.88265090393604 143.6781757812499 0 233 2.8329 0.0 8.181805246746432 0.0 4.0 
1255 7150093.6 94.45387802244426 82.88265090393604 143.6781757812499 0 233 2.8329 0.0 8.181805246746432 0.0 4.0 
1256 7150126.9 94.44697325670056 82.87225020855011 143.6781757812499 0 233 2.8329 0.0 8.181805246746432 0.0 4.0 
1257 7150160.3 94.44697325670056 82.87225020855011 143.6781757812499 0 233 2.8329 0.0 8.181805246746432 0.0 4.0 
1258 7150193.6 94.44697325670056 82.87225020855011 143.6781757812499 0 233 2.8329 0.0 8.181805246746432 0.0 4.0 
1259 7150227.0 94.44697325670056 82.87225020855011 143.6781757812499 0 233 2.8329 0.0 8.181805246746432 0.0 4.0 
1260 7150260.3 94.42936692867153 82.85807214379638 143.6781757812499 0 233 2.8329 0.0 8.181805246746432 0.0 4.0 
1261 7150293.6 94.42936692867153 82.85807214379638 143.6781757812499 0 233 2.8329 0.0 8.181805246746432 0.0 4.0 
1262 7150327.0 94.42936692867153 82.85807214379638 143.6781757812499 0 233 2.8329 0.0 8.181805246746432 0.0 4.0 
1263 7150360.3 94.42936692867153 82.85807214379638 143.6781757812499 0 233 2.8329 0.0 8.181805246746432 0.0 4.0 
1264 7150393.6 94.40940009384505 82.85807214379638 143.6781757812499 0 233 2.8329 0.0 8.181805246746432 0.0 4.0 
1265 7150427.0 94.40940009384505 82.847244929162 143.6781757812499 0 233 2.8329 0.0 8.181805246746432 0.0 4.0 
1266 7150460.3 94.40940009384505 82.847244929162 143.6781757812499 0 233 2.8329 0.0 8.181805246746432 0.0 4.0 
1267 7150493.6 94.40940009384505 82.847244929162 143.6781757812499 0 233 2.8329 0.0 8.181805246746432 0.0 4.0 
1268 7150527.0 94.40940009384505 82.847244929162 143.6781757812499 0 233 2.8329 0.0 8.181805246746432 0.0 4.0 
1269 7150560.3 94.40940009384505 82.847244929162 143.6781757812499 0 233 2.8329 0.0 8.181805246746432 0.0 4.0 
1270 7150593.7 94.37829451981501 82.8418576097225 143.6781757812499 0 233 2.8329 0.0 8.181805246746432 0.0 4.0 
1271 7150627.0 94.37829451981501 82.8418576097225 143.6781757812499 0 233 2.8329 0.0 8.181805246746432 0.0 4.0 
1272 7150660.3 94.37829451981501 82.8418576097225 143.6781757812499 0 233 2.8329 0.0 8.181805246746432 0.0 4.0 
1273 7150693.7 94.37829451981501 82.8418576097225 143.6781757812499 0 233 2.8329 0.0 8.181805246746432 0.0 4.0 
1274 7150727.0 94.37829451981501 82.8418576097225 143.6781757812499 0 233 2.8329 0.0 8.181805246746432 0.0 4.0 
1275 7150760.3 94.37829451981501 82.8418576097225 143.6781757812499 0 233 2.8329 0.0 8.181805246746432 0.0 4.0 
1276 7150793.7 94.34257643874807 82.8418576097225 143.6781757812499 0 233 2.8329 0.0 8.181805246746432 0.0 4.0 
1277 7150827.0 94.34257643874807 82.83662474848846 143.6781757812499 0 233 2.8329 0.0 8.181805246746432 0.0 4.0 
1278 7150860.3 94.34257643874807 82.83662474848846 143.6781757812499 0 233 2.8329 0.0 8.181805246746432 0.0 4.0 
1279 7150893.7 94.34257643874807 82.83662474848846 143.6781757812499 0 233 2.8329 0.0 8.181805246746432 0.0 4.0 
1280 7150927.0 94.34257643874807 82.83662474848846 143.6781757812499 0 233 2.8329 0.0 8.181805246746432 0.0 4.0 
1281 7150960.3 94.34257643874807 82.83662474848846 143.6781757812499 0 233 2.8329 0.0 8.181805246746432 0.0 4.0 
1282 7150993.7 94.31290345788034 82.84849330407496 143.6781757812499 0 233 2.8329 0.0 8.181805246746432 0.0 4.0 
1283 7151027.0 94.31290345788034 82.84849330407496 143.6781757812499 0 233 2.8329 0.0 8.181805246746432 0.0 4.0 
1284 7151060.4 94.31290345788034 82.84849330407496 143.6781757812499 0 233 2.8329 0.0 8.181805246746432 0.0 4.0 
1285 7151093.7 94.31290345788034 82.84849330407496 143.6781757812499 0 233 2.8329 0.0 8.181805246746432 0.0 4.0 
1286 7151127.0 94.31290345788034 82.84849330407496 143.6781757812499 0 233 2.8329 0.0 8.181805246746432 0.0 4.0 
1287 7151160.4 94.31290345788034 82.84849330407496 143.6781757812499 0 233 2.8329 0.0 8.181805246746432 0.0 4.0 
1288 7151193.7 94.28760573339908 82.84849330407496 143.6781757812499 0 233 2.8329 0.0 8.181805246746432 0.0 4.0 
1289 7151227.0 94.28760573339908 82.8663421792587 143.6781757812499 0 233 2.8329 0.0 8.181805246746432 0.0 4.0 
1290 7151260.4 94.28760573339908 82.8663421792587 143.6781757812499 0 233 2.8329 0.0 8.181805246746432 0.0 4.0 
1291 7151293.7 94.28760573339908 82.8663421792587 143.6781757812499 0 233 2.8329 0.0 8.181805246746432 0.0 4.0 
1292 7151327.0 94.28760573339908 82.8663421792587 143.6781757812499 0 233 2.8329 0.0 8.181805246746432 0.0 4.0 
1293 7151360.4 94.28760573339908 82.8663421792587 143.6781757812499 0 233 2.8329 0.0 8.181805246746432 0.0 4.0 
1294 7151393.7 94.27638661428087 82.87756636536953 143.6781757812499 0 233 2.8329 0.0 8.181805246746432 0.0 4.0 
1295 7151427.1 94.27638661428087 82.87756636536953 143.6781757812499 0 233 2.8329 0.0 8.181805246746432 0.0 4.0 
1296 7151460.4 94.27638661428087 82.87756636536953 143.6781757812499 0 233 2.8329 0.0 8.181805246746432 0.0 4.0 
1297 7151493.7 94.27638661428087 82.87756636536953 143.6781757812499 0 233 2.8329 0.0 8.181805246746432 0.0 4.0 
1298 7151527.1 94.27186188115478 82.87756636536953 143.6781757812499 0 233 2.8329 0.0 8.181805246746432 0.0 4.0 
1299 7151560.4 94.27186188115478 82.87629926226471 143.6781757812499 0 233 2.8329 0.0 8.181805246746432 0.0 4.0 
1300 7151593.7 94.27186188115478 82.87629926226471 143.6781757812499 0 233 2.8329 0.0 8.181805246746432 0.0 4.0 
1301 7151627.1 94.27186188115478 82.87629926226471 143.6781757812499 0 233 2.8329 0.0 8.181805246746432 0.0 4.0 
1302 7151660.4 94.26559791166068 82.87179521722351 143.6781757812499 0 233 2.8329 0.0 8.181805246746432 0.0 4.0 
1303 7151693.7 94.26559791166068 82.87179521722351 143.6781757812499 0 233 2.8329 0.0 8.181805246746432 0.0 4.0 
1304 7151727.1 94.26559791166068 82.87179521722351 143.6781757812499 0 233 2.8329 0.0 8.181805246746432 0.0 4.0 
1305 7151760.4 94.26559791166068 82.87179521722351 143.6781757812499 0 233 2.8329 0.0 8.181805246746432 0.0 4.0 
1306 7151793.7 94.26559791166068 82.86763621164971 143.6781757812499 0 233 2.8329 0.0 8.181805246746432 0.0 4.0 
1307 7151827.1 94.26559791166068 82.86763621164971 143.6781757812499 0 233 2.8329 0.0 8.181805246746432 0.0 4.0 
1308 7151860.4 94.26559791166068 82.86763621164971 143.6781757812499 0 233 2.8329 0.0 8.181805246746432 0.0 4.0 
1309 7151893.8 94.26559791166068 82.86763621164971 143.6781757812499 0 233 2.8329 0.0 8.181805246746432 0.0 4.0 
1310 7151927.1 94.26855100237192 82.86763621164971 143.6781757812499 0 233 2.8329 0.0 8.181805246746432 0.0 4.0 
1311 7151960.4 94.26855100237192 82.86263374435944 143.6781757812499 0 233 2.8329 0.0 8.181805246746432 0.0 4.0 
1312 7151993.8 94.26855100237192 82.86263374435944 143.6781757812499 0 233 2.8329 0.0 8.181805246746432 0.0 4.0 
1313 7152027.1 94.26855100237192 82.86263374435944 143.6781757812499 0 233 2.8329 0.0 8.181805246746432 0.0 4.0 
1314 7152060.4 94.27315043438664 82.86080468274731 143.6781757812499 0 233 2.8329 0.0 8.181805246746432 0.0 4.0 
1315 7152093.8 94.27315043438664 82.86080468274731 143.6781757812499 0 233 2.8329 0.0 8.181805246746432 0.0 4.0 
1316 7152127.1 94.27315043438664 82.86080468274731 143.6781757812499 0 233 2.8329 0.0 8.181805246746432 0.0 4.0 
1317 7152160.4 94.27315043438664 82.86080468274731 143.6781757812499 0 233 2.8329 0.0 8.181805246746432 0.0 4.0 
1318 7152193.8 94.29984312366868 82.86080468274731 143.6781757812499 0 233 2.8329 0.0 8.181805246746432 0.0 4.0 
1319 7152227.1 94.29984312366868 82.85216292937241 143.6781757812499 0 233 2.8329 0.0 8.181805246746432 0.0 4.0 
1320 7152260.5 94.29984312366868 82.85216292937241 143.6781757812499 0 233 2.8329 0.0 8.181805246746432 0.0 4.0 
1321 7152293.8 94.29984312366868 82.85216292937241 143.6781757812499 0 233 2.8329 0.0 8.181805246746432 0.0 4.0 
1322 7152327.1 94.29984312366868 82.85216292937241 143.6781757812499 0 233 2.8329 0.0 8.181805246746432 0.0 4.0 
1323 7152360.5 94.29984312366868 82.85216292937241 143.6781757812499 0 233 2.8329 0.0 8.181805246746432 0.0 4.0 
1324 7152393.8 94.36126957485631 82.85216292937241 143.6781757812499 0 233 2.8329 0.0 8.181805246746432 0.0 4.0 
1325 7152427.1 94.36126957485631 82.8450952349443 143.6781757812499 0 233 2.8329 0.0 8.181805246746432 0.0 4.0 
1326 7152460.5 94.36126957485631 82.8450952349443 143.6781757812499 0 233 2.8329 0.0 8.181805246746432 0.0 4.0 
1327 7152493.8 94.36126957485631 82.8450952349443 143.6781757812499 0 233 2.8329 0.0 8.181805246746432 0.0 4.0 
1328 7152527.1 94.36126957485631 82.8450952349443 143.6781757812499 0 233 2.8329 0.0 8.181805246746432 0.0 4.0 
1329 7152560.5 94.36126957485631 82.8450952349443 143.6781757812499 0 233 2.8329 0.0 8.181805246746432 0.0 4.0 
1330 7152593.8 94.39080084368446 82.8450952349443 143.6781757812499 0 233 2.8329 0.0 8.181805246746432 0.0 4.0 
1331 7152627.1 94.39080084368446 82.8450952349443 143.6781757812499 0 233 2.8329 0.0 8.181805246746432 0.0 4.0 
1332 7152660.5 94.39080084368446 82.8450952349443 143.6781757812499 0 233 2.8329 0.0 8.181805246746432 0.0 4.0 
1333 7152693.8 94.39080084368446 82.8450952349443 143.6781757812499 0 233 2.8329 0.0 8.181805246746432 0.0 4.0 
1334 7152727.2 94.3970310203661 82.8450952349443 143.6781757812499 0 233 2.8329 0.0 8.181805246746432 0.0 4.0 
1335 7152760.5 94.3970310203661 82.84359925220458 143.6781757812499 0 233 2.8329 0.0 8.181805246746432 0.0 4.0 
1336 7152793.8 94.3970310203661 82.84359925220458 143.6781757812499 0 233 2.8329 0.0 8.181805246746432 0.0 4.0 
1337 7152827.2 94.3970310203661 82.84359925220458 143.6781757812499 0 233 2.8329 0.0 8.181805246746432 0.0 4.0 
1338 7152860.5 94.39568589437313 82.84185378923989 143.6781757812499 0 233 2.8329 0.0 8.181805246746432 0.0 4.0 
1339 7152893.8 94.39568589437313 82.84185378923989 143.6781757812499 0 233 2.8329 0.0 8.181805246746432 0.0 4.0 
1340 7152927.2 94.39568589437313 82.84185378923989 143.6781757812499 0 233 2.8329 0.0 8.181805246746432 0.0 4.0 
1341 7152960.5 94.39568589437313 82.84185378923989 143.6781757812499 0 233 2.8329 0.0 8.181805246746432 0.0 4.0 
1342 7152993.8 94.41239797116357 82.84746981854015 143.6781757812499 0 233 2.8329 0.0 8.181805246746432 0.0 4.0 
1343 7153027.2 94.41239797116357 82.84746981854015 143.6781757812499 0 233 2.8329 0.0 8.181805246746432 0.0 4.0 
1344 7153060.5 94.41239797116357 82.84746981854015 143.6781757812499 0 233 2.8329 0.0 8.181805246746432 0.0 4.0 
1345 7153093.9 94.41239797116357 82.84746981854015 143.6781757812499 0 233 2.8329 0.0 8.181805246746432 0.0 4.0 
1346 7153127.2 94.44299770252184 82.84746981854015 143.6781757812499 0 233 2.8329 0.0 8.181805246746432 0.0 4.0 
1347 7153160.5 94.44299770252184 82.87362652713242 143.6781757812499 0 233 2.8329 0.0 8.181805246746432 0.0 4.0 
1348 7153193.9 94.44299770252184 82.87362652713242 143.6781757812499 0 233 2.8329 0.0 8.181805246746432 0.0 4.0 
1349 7153227.2 94.44299770252184 82.87362652713242 143.6781757812499 0 233 2.8329 0.0 8.181805246746432 0.0 4.0 
1350 7153260.5 94.44299770252184 82.87362652713242 143.6781757812499 0 233 2.8329 0.0 8.181805246746432 0.0 4.0 
1351 7153293.9 94.44299770252184 82.87362652713242 143.6781757812499 0 233 2.8329 0.0 8.181805246746432 0.0 4.0 
1352 7153327.2 94.46233217166305 82.8952853115225 143.6781757812499 0 233 2.8329 0.0 8.181805246746432 0.0 4.0 
1353 7153360.5 94.46233217166305 82.8952853115225 143.6781757812499 0 233 2.8329 0.0 8.181805246746432 0.0 4.0 
1354 7153393.9 94.46233217166305 82.8952853115225 143.6781757812499 0 233 2.8329 0.0 8.181805246746432 0.0 4.0 
1355 7153427.2 94.46233217166305 82.8952853115225 143.6781757812499 0 233 2.8329 0.0 8.181805246746432 0.0 4.0 
1356 7153460.5 94.46922057387286 82.90061430774432 143.6781757812499 0 233 2.8329 0.0 8.181805246746432 0.0 4.0 
1357 7153493.9 94.46922057387286 82.90061430774432 143.6781757812499 0 233 2.8329 0.0 8.181805246746432 0.0 4.0 
1358 7153527.2 94.46922057387286 82.90061430774432 143.6781757812499 0 233 2.8329 0.0 8.181805246746432 0.0 4.0 
1359 7153560.6 94.46922057387286 82.90061430774432 143.6781757812499 0 233 2.8329 0.0 8.181805246746432 0.0 4.0 
1360 7153593.9 94.4735314501445 82.90061430774432 143.6781757812499 0 233 2.8329 0.0 8.181805246746432 0.0 4.0 
1361 7153627.2 94.4735314501445 82.89831909461898 143.6781757812499 0 233 2.8329 0.0 8.181805246746432 0.0 4.0 
1362 7153660.6 94.4735314501445 82.89831909461898 143.6781757812499 0 233 2.8329 0.0 8.181805246746432 0.0 4.0 
1363 7153693.9 94.4735314501445 82.89831909461898 143.6781757812499 0 233 2.8329 0.0 8.181805246746432 0.0 4.0 
1364 7153727.2 94.47519833401172 82.88095207933532 143.6781757812499 0 233 2.8329 0.0 8.181805246746432 0.0 4.0 
1365 7153760.6 94.47519833401172 82.88095207933532 143.6781757812499 0 233 2.8329 0.0 8.181805246746432 0.0 4.0 
1366 7153793.9 94.47519833401172 82.88095207933532 143.6781757812499 0 233 2.8329 0.0 8.181805246746432 0.0 4.0 
1367 7153827.2 94.47519833401172 82.88095207933532 143.6781757812499 0 233 2.8329 0.0 8.181805246746432 0.0 4.0 
1368 7153860.6 94.47747975846258 82.85006765639783 143.6781757812499 0 233 2.8329 0.0 8.181805246746432 0.0 4.0 
1369 7153893.9 94.47747975846258 82.85006765639783 143.6781757812499 0 233 2.8329 0.0 8.181805246746432 0.0 4.0 
1370 7153927.3 94.47747975846258 82.85006765639783 143.6781757812499 0 233 2.8329 0.0 8.181805246746432 0.0 4.0 
1371 7153960.6 94.47747975846258 82.85006765639783 143.6781757812499 0 233 2.8329 0.0 8.181805246746432 0.0 4.0 
1372 7153993.9 94.47747975846258 82.82755370329197 143.6781757812499 0 233 2.8329 0.0 8.181805246746432 0.0 4.0 
1373 7154027.3 94.47747975846258 82.82755370329197 143.6781757812499 0 233 2.8329 0.0 8.181805246746432 0.0 4.0 
1374 7154060.6 94.47747975846258 82.82755370329197 143.6781757812499 0 233 2.8329 0.0 8.181805246746432 0.0 4.0 
1375 7154093.9 94.47747975846258 82.82755370329197 143.6781757812499 0 233 2.8329 0.0 8.181805246746432 0.0 4.0 
1376 7154127.3 94.48132355169902 82.82755370329197 143.6781757812499 0 233 2.8329 0.0 8.181805246746432 0.0 4.0 
1377 7154160.6 94.48132355169902 82.81498739451158 143.6781757812499 0 233 2.8329 0.0 8.181805246746432 0.0 4.0 
1378 7154193.9 94.48132355169902 82.81498739451158 143.6781757812499 0 233 2.8329 0.0 8.181805246746432 0.0 4.0 
1379 7154227.3 94.48132355169902 82.81498739451158 143.6781757812499 0 233 2.8329 0.0 8.181805246746432 0.0 4.0 
1380 7154260.6 94.4944554384914 82.79444678187666 143.6781757812499 0 233 2.8329 0.0 8.181805246746432 0.0 4.0 
1381 7154293.9 94.4944554384914 82.79444678187666 143.6781757812499 0 233 2.8329 0.0 8.181805246746432 0.0 4.0 
1382 7154327.3 94.4944554384914 82.79444678187666 143.6781757812499 0 233 2.8329 0.0 8.181805246746432 0.0 4.0 
1383 7154360.6 94.4944554384914 82.79444678187666 143.6781757812499 0 233 2.8329 0.0 8.181805246746432 0.0 4.0 
1384 7154394.0 94.52258102277375 82.76480914074037 143.6781757812499 0 233 2.8329 0.0 8.181805246746432 0.0 4.0 
1385 7154427.3 94.52258102277375 82.76480914074037 143.6781757812499 0 233 2.8329 0.0 8.181805246746432 0.0 4.0 
1386 7154460.6 94.52258102277375 82.76480914074037 143.6781757812499 0 233 2.8329 0.0 8.181805246746432 0.0 4.0 
1387 7154494.0 94.52258102277375 82.76480914074037 143.6781757812499 0 233 2.8329 0.0 8.181805246746432 0.0 4.0 
1388 7154527.3 94.52897579514583 82.76480914074037 143.6781757812499 0 233 2.8329 0.0 8.181805246746432 0.0 4.0 
1389 7154560.6 94.52897579514583 82.75229247724585 143.6781757812499 0 233 2.8329 0.0 8.181805246746432 0.0 4.0 
1390 7154594.0 94.52897579514583 82.75229247724585 143.6781757812499 0 233 2.8329 0.0 8.181805246746432 0.0 4.0 
1391 7154627.3 94.52897579514583 82.75229247724585 143.6781757812499 0 233 2.8329 0.0 8.181805246746432 0.0 4.0 
1392 7154660.6 94.53169050016385 82.74767469764568 143.6781757812499 0 233 2.8329 0.0 8.181805246746432 0.0 4.0 
1393 7154694.0 94.53169050016385 82.74767469764568 143.6781757812499 0 233 2.8329 0.0 8.181805246746432 0.0 4.0 
1394 7154727.3 94.53169050016385 82.74767469764568 143.6781757812499 0 233 2.8329 0.0 8.181805246746432 0.0 4.0 
1395 7154760.7 94.53169050016385 82.74767469764568 143.6781757812499 0 233 2.8329 0.0 8.181805246746432 0.0 4.0 
1396 7154794.0 94.5347107649455 82.74325561755407 143.6781757812499 0 233 2.8329 0.0 8.181805246746432 0.0 4.0 
1397 7154827.3 94.5347107649455 82.74325561755407 143.6781757812499 0 233 2.8329 0.0 8.181805246746432 0.0 4.0 
1398 7154860.7 94.5347107649455 82.74325561755407 143.6781757812499 0 233 2.8329 0.0 8.181805246746432 0.0 4.0 
1399 7154894.0 94.5347107649455 82.74325561755407 143.6781757812499 0 233 2.8329 0.0 8.181805246746432 0.0 4.0 
1400 7154927.3 94.54526156011406 82.74325561755407 143.6781757812499 0 233 2.8329 0.0 8.181805246746432 0.0 4.0 
1401 7154960.7 94.54526156011406 82.73080563249906 143.6781757812499 0 233 2.8329 0.0 8.181805246746432 0.0 4.0 
1402 7154994.0 94.54526156011406 82.73080563249906 143.6781757812499 0 233 2.8329 0.0 8.181805246746432 0.0 4.0 
1403 7155027.3 94.54526156011406 82.73080563249906 143.6781757812499 0 233 2.8329 0.0 8.181805246746432 0.0 4.0 
1404 7155060.7 94.54880356211747 82.70659225684606 143.6781757812499 0 233 2.8329 0.0 8.181805246746432 0.0 4.0 
1405 7155094.0 94.54880356211747 82.70659225684606 143.6781757812499 0 233 2.8329 0.0 8.181805246746432 0.0 4.0 
1406 7155127.3 94.54880356211747 82.70659225684606 143.6781757812499 0 233 2.8329 0.0 8.181805246746432 0.0 4.0 
1407 7155160.7 94.54880356211747 82.70659225684606 143.6781757812499 0 233 2.8329 0.0 8.181805246746432 0.0 4.0 
1408 7155194.0 94.54457818173145 82.69944934253755 143.6781757812499 0 233 2.8329 0.0 8.181805246746432 0.0 4.0 
1409 7155227.4 94.54457818173145 82.69944934253755 143.6781757812499 0 233 2.8329 0.0 8.181805246746432 0.0 4.0 
1410 7155260.7 94.54457818173145 82.69944934253755 143.6781757812499 0 233 2.8329 0.0 8.181805246746432 0.0 4.0 
1411 7155294.0 94.54457818173145 82.69944934253755 143.6781757812499 0 233 2.8329 0.0 8.181805246746432 0.0 4.0 
1412 7155327.4 94.53936965167621 82.69944934253755 143.6781757812499 0 233 2.8329 0.0 8.181805246746432 0.0 4.0 
1413 7155360.7 94.53936965167621 82.69062336809873 143.6781757812499 0 233 2.8329 0.0 8.181805246746432 0.0 4.0 
1414 7155394.0 94.53936965167621 82.69062336809873 143.6781757812499 0 233 2.8329 0.0 8.181805246746432 0.0 4.0 
1415 7155427.4 94.53936965167621 82.69062336809873 143.6781757812499 0 233 2.8329 0.0 8.181805246746432 0.0 4.0 
1416 7155460.7 94.54206287621386 82.6770677167141 143.6781757812499 0 233 2.8329 0.0 8.181805246746432 0.0 4.0 
1417 7155494.0 94.54206287621386 82.6770677167141 143.6781757812499 0 233 2.8329 0.0 8.181805246746432 0.0 4.0 
1418 7155527.4 94.54206287621386 82.6770677167141 143.6781757812499 0 233 2.8329 0.0 8.181805246746432 0.0 4.0 
1419 7155560.7 94.54206287621386 82.6770677167141 143.6781757812499 0 233 2.8329 0.0 8.181805246746432 0.0 4.0 
1420 7155594.1 94.54690523979423 82.6698483972087 143.6781757812499 0 233 2.8329 0.0 8.181805246746432 0.0 4.0 
1421 7155627.4 94.54690523979423 82.6698483972087 143.6781757812499 0 233 2.8329 0.0 8.181805246746432 0.0 4.0 
1422 7155660.7 94.54690523979423 82.6698483972087 143.6781757812499 0 233 2.8329 0.0 8.181805246746432 0.0 4.0 
1423 7155694.1 94.54690523979423 82.6698483972087 143.6781757812499 0 233 2.8329 0.0 8.181805246746432 0.0 4.0 
1424 7155727.4 94.54534661053607 82.6698483972087 143.6781757812499 0 233 2.8329 0.0 8.181805246746432 0.0 4.0 
1425 7155760.7 94.54534661053607 82.6527616429074 143.6781757812499 0 233 2.8329 0.0 8.181805246746432 0.0 4.0 
1426 7155794.1 94.54534661053607 82.6527616429074 143.6781757812499 0 233 2.8329 0.0 8.181805246746432 0.0 4.0 
1427 7155827.4 94.54534661053607 82.6527616429074 143.6781757812499 0 233 2.8329 0.0 8.181805246746432 0.0 4.0 
1428 7155860.7 94.52984158639617 82.63753035124664 143.6781757812499 0 233 2.8329 0.0 8.181805246746432 0.0 4.0 
1429 7155894.1 94.52984158639617 82.63753035124664 143.6781757812499 0 233 2.8329 0.0 8.181805246746432 0.0 4.0 
1430 7155927.4 94.52984158639617 82.63753035124664 143.6781757812499 0 233 2.8329 0.0 8.181805246746432 0.0 4.0 
1431 7155960.7 94.52984158639617 82.63753035124664 143.6781757812499 0 233 2.8329 0.0 8.181805246746432 0.0 4.0 
1432 7155994.1 94.52346496020479 82.63753035124664 143.6781757812499 0 233 2.8329 0.0 8.181805246746432 0.0 4.0 
1433 7156027.4 94.52346496020479 82.63230105527539 143.6781757812499 0 233 2.8329 0.0 8.181805246746432 0.0 4.0 
1434 7156060.8 94.52346496020479 82.63230105527539 143.6781757812499 0 233 2.8329 0.0 8.181805246746432 0.0 4.0 
1435 7156094.1 94.52346496020479 82.63230105527539 143.6781757812499 0 233 2.8329 0.0 8.181805246746432 0.0 4.0 
1436 7156127.4 94.51833896892633 82.63230105527539 143.6781757812499 0 233 2.8329 0.0 8.181805246746432 0.0 4.0 
1437 7156160.8 94.51833896892633 82.62764768394906 143.6781757812499 0 233 2.8329 0.0 8.181805246746432 0.0 4.0 
1438 7156194.1 94.51833896892633 82.62764768394906 143.6781757812499 0 233 2.8329 0.0 8.181805246746432 0.0 4.0 
1439 7156227.4 94.51833896892633 82.62764768394906 143.6781757812499 0 233 2.8329 0.0 8.181805246746432 0.0 4.0 
1440 7156260.8 94.50409760565765 82.62033680609528 143.6781757812499 0 233 2.8329 0.0 8.181805246746432 0.0 4.0 
1441 7156294.1 94.50409760565765 82.62033680609528 143.6781757812499 0 233 2.8329 0.0 8.181805246746432 0.0 4.0 
1442 7156327.4 94.50409760565765 82.62033680609528 143.6781757812499 0 233 2.8329 0.0 8.181805246746432 0.0 4.0 
1443 7156360.8 94.50409760565765 82.62033680609528 143.6781757812499 0 233 2.8329 0.0 8.181805246746432 0.0 4.0 
1444 7156394.1 94.47801630116722 82.62033680609528 143.6781757812499 0 233 2.8329 0.0 8.181805246746432 0.0 4.0 
1445 7156427.5 94.47801630116722 82.60902471798337 143.6781757812499 0 233 2.8329 0.0 8.181805246746432 0.0 4.0 
1446 7156460.8 94.47801630116722 82.60902471798337 143.6781757812499 0 233 2.8329 0.0 8.181805246746432 0.0 4.0 
1447 7156494.1 94.47801630116722 82.60902471798337 143.6781757812499 0 233 2.8329 0.0 8.181805246746432 0.0 4.0 
1448 7156527.5 94.47801630116722 82.60902471798337 143.6781757812499 0 233 2.8329 0.0 8.181805246746432 0.0 4.0 
1449 7156560.8 94.47801630116722 82.60902471798337 143.6781757812499 0 233 2.8329 0.0 8.181805246746432 0.0 4.0 
1450 7156594.1 94.45245649055093 82.59590544251192 143.6781757812499 0 233 2.8329 0.0 8.181805246746432 0.0 4.0 
1451 7156627.5 94.45245649055093 82.59590544251192 143.6781757812499 0 233 2.8329 0.0 8.181805246746432 0.0 4.0 
1452 7156660.8 94.45245649055093 82.59590544251192 143.6781757812499 0 233 2.8329 0.0 8.181805246746432 0.0 4.0 
1453 7156694.1 94.45245649055093 82.59590544251192 143.6781757812499 0 233 2.8329 0.0 8.181805246746432 0.0 4.0 
1454 7156727.5 94.45245649055093 82.59590544251192 143.6781757812499 0 233 2.8329 0.0 8.181805246746432 0.0 4.0 
1455 7156760.8 94.45245649055093 82.59590544251192 143.6781757812499 0 233 2.8329 0.0 8.181805246746432 0.0 4.0 
1456 7156794.1 94.43872804151975 82.58641768198109 143.6781757812499 0 233 2.8329 0.0 8.181805246746432 0.0 4.0 
1457 7156827.5 94.43872804151975 82.58641768198109 143.6781757812499 0 233 2.8329 0.0 8.181805246746432 0.0 4.0 
1458 7156860.8 94.43872804151975 82.58641768198109 143.6781757812499 0 233 2.8329 0.0 8.181805246746432 0.0 4.0 
1459 7156894.2 94.43872804151975 82.58641768198109 143.6781757812499 0 233 2.8329 0.0 8.181805246746432 0.0 4.0 
1460 7156927.5 94.43187958379893 82.58641768198109 143.6781757812499 0 233 2.8329 0.0 8.181805246746432 0.0 4.0 
1461 7156960.8 94.43187958379893 82.58291493808957 143.6781757812499 0 233 2.8329 0.0 8.181805246746432 0.0 4.0 
1462 7156994.2 94.43187958379893 82.58291493808957 143.6781757812499 0 233 2.8329 0.0 8.181805246746432 0.0 4.0 
1463 7157027.5 94.43187958379893 82.58291493808957 143.6781757812499 0 233 2.8329 0.0 8.181805246746432 0.0 4.0 
1464 7157060.8 94.42846783783644 82.58118598699346 143.6781757812499 0 233 2.8329 0.0 8.181805246746432 0.0 4.0 
1465 7157094.2 94.42846783783644 82.58118598699346 143.6781757812499 0 233 2.8329 0.0 8.181805246746432 0.0 4.0 
1466 7157127.5 94.42846783783644 82.58118598699346 143.6781757812499 0 233 2.8329 0.0 8.181805246746432 0.0 4.0 
1467 7157160.8 94.42846783783644 82.58118598699346 143.6781757812499 0 233 2.8329 0.0 8.181805246746432 0.0 4.0 
1468 7157194.2 94.42846783783644 82.5793778638481 143.6781757812499 0 233 2.8329 0.0 8.181805246746432 0.0 4.0 
1469 7157227.5 94.42846783783644 82.5793778638481 143.6781757812499 0 233 2.8329 0.0 8.181805246746432 0.0 4.0 
1470 7157260.9 94.42846783783644 82.5793778638481 143.6781757812499 0 233 2.8329 0.0 8.181805246746432 0.0 4.0 
1471 7157294.2 94.42846783783644 82.5793778638481 143.6781757812499 0 233 2.8329 0.0 8.181805246746432 0.0 4.0 
1472 7157327.5 94.429918918717 82.5793778638481 143.6781757812499 0 233 2.8329 0.0 8.181805246746432 0.0 4.0 
1473 7157360.9 94.429918918717 82.57598558832306 143.6781757812499 0 233 2.8329 0.0 8.181805246746432 0.0 4.0 
1474 7157394.2 94.429918918717 82.57598558832306 143.6781757812499 0 233 2.8329 0.0 8.181805246746432 0.0 4.0 
1475 7157427.5 94.429918918717 82.57598558832306 143.6781757812499 0 233 2.8329 0.0 8.181805246746432 0.0 4.0 
1476 7157460.9 94.43370928261658 82.57020146404305 143.6781757812499 0 233 2.8329 0.0 8.181805246746432 0.0 4.0 
1477 7157494.2 94.43370928261658 82.57020146404305 143.6781757812499 0 233 2.8329 0.0 8.181805246746432 0.0 4.0 
1478 7157527.5 94.43370928261658 82.57020146404305 143.6781757812499 0 233 2.8329 0.0 8.181805246746432 0.0 4.0 
1479 7157560.9 94.43370928261658 82.57020146404305 143.6781757812499 0 233 2.8329 0.0 8.181805246746432 0.0 4.0 
1480 7157594.2 94.44001465836969 82.56607853858146 143.6781757812499 0 233 2.8329 0.0 8.181805246746432 0.0 4.0 
1481 7157627.5 94.44001465836969 82.56607853858146 143.6781757812499 0 233 2.8329 0.0 8.181805246746432 0.0 4.0 
1482 7157660.9 94.44001465836969 82.56607853858146 143.6781757812499 0 233 2.8329 0.0 8.181805246746432 0.0 4.0 
1483 7157694.2 94.44001465836969 82.56607853858146 143.6781757812499 0 233 2.8329 0.0 8.181805246746432 0.0 4.0 
1484 7157727.6 94.44363468299412 82.56607853858146 143.6781757812499 0 233 2.8329 0.0 8.181805246746432 0.0 4.0 
1485 7157760.9 94.44363468299412 82.56233547138616 143.6781757812499 0 233 2.8329 0.0 8.181805246746432 0.0 4.0 
1486 7157794.2 94.44363468299412 82.56233547138616 143.6781757812499 0 233 2.8329 0.0 8.181805246746432 0.0 4.0 
1487 7157827.6 94.44363468299412 82.56233547138616 143.6781757812499 0 233 2.8329 0.0 8.181805246746432 0.0 4.0 
1488 7157860.9 94.4469807194261 82.55843775574563 143.6781757812499 0 233 2.8329 0.0 8.181805246746432 0.0 4.0 
1489 7157894.2 94.4469807194261 82.55843775574563 143.6781757812499 0 233 2.8329 0.0 8.181805246746432 0.0 4.0 
1490 7157927.6 94.4469807194261 82.55843775574563 143.6781757812499 0 233 2.8329 0.0 8.181805246746432 0.0 4.0 
1491 7157960.9 94.4469807194261 82.55843775574563 143.6781757812499 0 233 2.8329 0.0 8.181805246746432 0.0 4.0 
1492 7157994.2 94.44804182807788 82.55843775574563 143.6781757812499 0 233 2.8329 0.0 8.181805246746432 0.0 4.0 
1493 7158027.6 94.44804182807788 82.56106035283254 143.6781757812499 0 233 2.8329 0.0 8.181805246746432 0.0 4.0 
1494 7158060.9 94.44804182807788 82.56106035283254 143.6781757812499 0 233 2.8329 0.0 8.181805246746432 0.0 4.0 
1495 7158094.3 94.44804182807788 82.56106035283254 143.6781757812499 0 233 2.8329 0.0 8.181805246746432 0.0 4.0 
1496 7158127.6 94.45488516178938 82.56106035283254 143.6781757812499 0 233 2.8329 0.0 8.181805246746432 0.0 4.0 
1497 7158160.9 94.45488516178938 82.5651036022505 143.6781757812499 0 233 2.8329 0.0 8.181805246746432 0.0 4.0 
1498 7158194.3 94.45488516178938 82.5651036022505 143.6781757812499 0 233 2.8329 0.0 8.181805246746432 0.0 4.0 
1499 7158227.6 94.45488516178938 82.5651036022505 143.6781757812499 0 233 2.8329 0.0 8.181805246746432 0.0 4.0 
1500 7158260.9 94.46023305866365 82.56017241600958 143.6781757812499 0 233 2.8329 0.0 8.181805246746432 0.0 4.0 
1501 7158294.3 94.46023305866365 82.56017241600958 143.6781757812499 0 233 2.8329 0.0 8.181805246746432 0.0 4.0 
1502 7158327.6 94.46023305866365 82.56017241600958 143.6781757812499 0 233 2.8329 0.0 8.181805246746432 0.0 4.0 
1503 7158360.9 94.46023305866365 82.56017241600958 143.6781757812499 0 233 2.8329 0.0 8.181805246746432 0.0 4.0 
1504 7158394.3 94.47037563940648 82.53847317132883 143.6781757812499 0 233 2.8329 0.0 8.181805246746432 0.0 4.0 
1505 7158427.6 94.47037563940648 82.53847317132883 143.6781757812499 0 233 2.8329 0.0 8.181805246746432 0.0 4.0 
1506 7158460.9 94.47037563940648 82.53847317132883 143.6781757812499 0 233 2.8329 0.0 8.181805246746432 0.0 4.0 
1507 7158494.3 94.47037563940648 82.53847317132883 143.6781757812499 0 233 2.8329 0.0 8.181805246746432 0.0 4.0 
1508 7158527.6 94.47037563940648 82.52611585797288 143.6781757812499 0 233 2.8329 0.0 8.181805246746432 0.0 4.0 
1509 7158561.0 94.47037563940648 82.52611585797288 143.6781757812499 0 233 2.8329 0.0 8.181805246746432 0.0 4.0 
1510 7158594.3 94.47037563940648 82.52611585797288 143.6781757812499 0 233 2.8329 0.0 8.181805246746432 0.0 4.0 
1511 7158627.6 94.47037563940648 82.52611585797288 143.6781757812499 0 233 2.8329 0.0 8.181805246746432 0.0 4.0 
1512 7158661.0 94.46922440342048 82.51867254361852 143.6781757812499 0 233 2.8329 0.0 8.181805246746432 0.0 4.0 
1513 7158694.3 94.46922440342048 82.51867254361852 143.6781757812499 0 233 2.8329 0.0 8.181805246746432 0.0 4.0 
1514 7158727.6 94.46922440342048 82.51867254361852 143.6781757812499 0 233 2.8329 0.0 8.181805246746432 0.0 4.0 
1515 7158761.0 94.46922440342048 82.51867254361852 143.6781757812499 0 233 2.8329 0.0 8.181805246746432 0.0 4.0 
1516 7158794.3 94.47411961427353 82.51867254361852 143.6781757812499 0 233 2.8329 0.0 8.181805246746432 0.0 4.0 
1517 7158827.6 94.47411961427353 82.51506900201107 143.6781757812499 0 233 2.8329 0.0 8.181805246746432 0.0 4.0 
1518 7158861.0 94.47411961427353 82.51506900201107 143.6781757812499 0 233 2.8329 0.0 8.181805246746432 0.0 4.0 
1519 7158894.3 94.47411961427353 82.51506900201107 143.6781757812499 0 233 2.8329 0.0 8.181805246746432 0.0 4.0 
1520 7158927.7 94.48898564327831 82.50974666958818 143.6781757812499 0 233 2.8329 0.0 8.181805246746432 0.0 4.0 
1521 7158961.0 94.48898564327831 82.50974666958818 143.6781757812499 0 233 2.8329 0.0 8.181805246746432 0.0 4.0 
1522 7158994.3 94.48898564327831 82.50974666958818 143.6781757812499 0 233 2.8329 0.0 8.181805246746432 0.0 4.0 
1523 7159027.7 94.48898564327831 82.50974666958818 143.6781757812499 0 233 2.8329 0.0 8.181805246746432 0.0 4.0 
1524 7159061.0 94.5003524999822 82.5026169830124 143.6781757812499 0 233 2.8329 0.0 8.181805246746432 0.0 4.0 
1525 7159094.3 94.5003524999822 82.5026169830124 143.6781757812499 0 233 2.8329 0.0 8.181805246746432 0.0 4.0 
1526 7159127.7 94.5003524999822 82.5026169830124 143.6781757812499 0 233 2.8329 0.0 8.181805246746432 0.0 4.0 
1527 7159161.0 94.5003524999822 82.5026169830124 143.6781757812499 0 233 2.8329 0.0 8.181805246746432 0.0 4.0 
1528 7159194.3 94.5044426176765 82.48866601759185 143.6781757812499 0 233 2.8329 0.0 8.181805246746432 0.0 4.0 
1529 7159227.7 94.5044426176765 82.48866601759185 143.6781757812499 0 233 2.8329 0.0 8.181805246746432 0.0 4.0 
1530 7159261.0 94.5044426176765 82.48866601759185 143.6781757812499 0 233 2.8329 0.0 8.181805246746432 0.0 4.0 
1531 7159294.3 94.5044426176765 82.48866601759185 143.6781757812499 0 233 2.8329 0.0 8.181805246746432 0.0 4.0 
1532 7159327.7 94.49935024395936 82.47922241111507 143.6781757812499 0 233 2.8329 0.0 8.181805246746432 0.0 4.0 
1533 7159361.0 94.49935024395936 82.47922241111507 143.6781757812499 0 233 2.8329 0.0 8.181805246746432 0.0 4.0 
1534 7159394.4 94.49935024395936 82.47922241111507 143.6781757812499 0 233 2.8329 0.0 8.181805246746432 0.0 4.0 
1535 7159427.7 94.49935024395936 82.47922241111507 143.6781757812499 0 233 2.8329 0.0 8.181805246746432 0.0 4.0 
1536 7159461.0 94.49452373908127 82.47480340857231 143.6781757812499 0 233 2.8329 0.0 8.181805246746432 0.0 4.0 
1537 7159494.4 94.49452373908127 82.47480340857231 143.6781757812499 0 233 2.8329 0.0 8.181805246746432 0.0 4.0 
1538 7159527.7 94.49452373908127 82.47480340857231 143.6781757812499 0 233 2.8329 0.0 8.181805246746432 0.0 4.0 
1539 7159561.0 94.49452373908127 82.47480340857231 143.6781757812499 0 233 2.8329 0.0 8.181805246746432 0.0 4.0 
1540 7159594.4 94.48248364342419 82.47480340857231 143.6781757812499 0 233 2.8329 0.0 8.181805246746432 0.0 4.0 
1541 7159627.7 94.48248364342419 82.48718954991237 143.6781757812499 0 233 2.8329 0.0 8.181805246746432 0.0 4.0 
1542 7159661.0 94.48248364342419 82.48718954991237 143.6781757812499 0 233 2.8329 0.0 8.181805246746432 0.0 4.0 
1543 7159694.4 94.48248364342419 82.48718954991237 143.6781757812499 0 233 2.8329 0.0 8.181805246746432 0.0 4.0 
1544 7159727.7 94.47405925564699 82.51639002180782 143.6781757812499 0 233 2.8329 0.0 8.181805246746432 0.0 4.0 
1545 7159761.1 94.47405925564699 82.51639002180782 143.6781757812499 0 233 2.8329 0.0 8.181805246746432 0.0 4.0 
1546 7159794.4 94.47405925564699 82.51639002180782 143.6781757812499 0 233 2.8329 0.0 8.181805246746432 0.0 4.0 
1547 7159827.7 94.47405925564699 82.51639002180782 143.6781757812499 0 233 2.8329 0.0 8.181805246746432 0.0 4.0 
1548 7159861.1 94.47405925564699 82.51639002180782 143.6781757812499 0 233 2.8329 0.0 8.181805246746432 0.0 4.0 
1549 7159894.4 94.47405925564699 82.51639002180782 143.6781757812499 0 233 2.8329 0.0 8.181805246746432 0.0 4.0 
1550 7159927.7 94.47721326090476 82.51639002180782 143.6781757812499 0 233 2.8329 0.0 8.181805246746432 0.0 4.0 
1551 7159961.1 94.47721326090476 82.56908773644017 143.6781757812499 0 233 2.8329 0.0 8.181805246746432 0.0 4.0 
1552 7159994.4 94.47721326090476 82.56908773644017 143.6781757812499 0 233 2.8329 0.0 8.181805246746432 0.0 4.0 
1553 7160027.7 94.47721326090476 82.56908773644017 143.6781757812499 0 233 2.8329 0.0 8.181805246746432 0.0 4.0 
1554 7160061.1 94.47721326090476 82.56908773644017 143.6781757812499 0 233 2.8329 0.0 8.181805246746432 0.0 4.0 
1555 7160094.4 94.47721326090476 82.56908773644017 143.6781757812499 0 233 2.8329 0.0 8.181805246746432 0.0 4.0 
1556 7160127.7 94.49611735546384 82.61790409899946 143.6781757812499 0 233 2.8329 0.0 8.181805246746432 0.0 4.0 
1557 7160161.1 94.49611735546384 82.61790409899946 143.6781757812499 0 233 2.8329 0.0 8.181805246746432 0.0 4.0 
1558 7160194.4 94.49611735546384 82.61790409899946 143.6781757812499 0 233 2.8329 0.0 8.181805246746432 0.0 4.0 
1559 7160227.8 94.49611735546384 82.61790409899946 143.6781757812499 0 233 2.8329 0.0 8.181805246746432 0.0 4.0 
1560 7160261.1 94.49611735546384 82.61790409899946 143.6781757812499 0 233 2.8329 0.0 8.181805246746432 0.0 4.0 
1561 7160294.4 94.49611735546384 82.61790409899946 143.6781757812499 0 233 2.8329 0.0 8.181805246746432 0.0 4.0 
1562 7160327.8 94.51429381973048 82.65874074413004 143.6781757812499 0 233 2.8329 0.0 8.181805246746432 0.0 4.0 
1563 7160361.1 94.51429381973048 82.65874074413004 143.6781757812499 0 233 2.8329 0.0 8.181805246746432 0.0 4.0 
1564 7160394.4 94.51429381973048 82.65874074413004 143.6781757812499 0 233 2.8329 0.0 8.181805246746432 0.0 4.0 
1565 7160427.8 94.51429381973048 82.65874074413004 143.6781757812499 0 233 2.8329 0.0 8.181805246746432 0.0 4.0 
1566 7160461.1 94.51429381973048 82.65874074413004 143.6781757812499 0 233 2.8329 0.0 8.181805246746432 0.0 4.0 
1567 7160494.4 94.51429381973048 82.65874074413004 143.6781757812499 0 233 2.8329 0.0 8.181805246746432 0.0 4.0 
1568 7160527.8 94.52221537994195 82.6959832556596 143.6781757812499 0 233 2.8329 0.0 8.181805246746432 0.0 4.0 
1569 7160561.1 94.52221537994195 82.6959832556596 143.6781757812499 0 233 2.8329 0.0 8.181805246746432 0.0 4.0 
1570 7160594.5 94.52221537994195 82.6959832556596 143.6781757812499 0 233 2.8329 0.0 8.181805246746432 0.0 4.0 
1571 7160627.8 94.52221537994195 82.6959832556596 143.6781757812499 0 233 2.8329 0.0 8.181805246746432 0.0 4.0 
1572 7160661.1 94.52221537994195 82.6959832556596 143.6781757812499 0 233 2.8329 0.0 8.181805246746432 0.0 4.0 
1573 7160694.5 94.52221537994195 82.6959832556596 143.6781757812499 0 233 2.8329 0.0 8.181805246746432 0.0 4.0 
1574 7160727.8 94.52441487071881 82.73107887373669 143.6781757812499 0 233 2.8329 0.0 8.181805246746432 0.0 4.0 
1575 7160761.1 94.52441487071881 82.73107887373669 143.6781757812499 0 233 2.8329 0.0 8.181805246746432 0.0 4.0 
1576 7160794.5 94.52441487071881 82.73107887373669 143.6781757812499 0 233 2.8329 0.0 8.181805246746432 0.0 4.0 
1577 7160827.8 94.52441487071881 82.73107887373669 143.6781757812499 0 233 2.8329 0.0 8.181805246746432 0.0 4.0 
1578 7160861.1 94.52441487071881 82.73107887373669 143.6781757812499 0 233 2.8329 0.0 8.181805246746432 0.0 4.0 
1579 7160894.5 94.52441487071881 82.73107887373669 143.6781757812499 0 233 2.8329 0.0 8.181805246746432 0.0 4.0 
1580 7160927.8 94.51992176459132 82.7711763986305 143.6781757812499 0 233 2.8329 0.0 8.181805246746432 0.0 4.0 
1581 7160961.1 94.51992176459132 82.7711763986305 143.6781757812499 0 233 2.8329 0.0 8.181805246746432 0.0 4.0 
1582 7160994.5 94.51992176459132 82.7711763986305 143.6781757812499 0 233 2.8329 0.0 8.181805246746432 0.0 4.0 
1583 7161027.8 94.51992176459132 82.7711763986305 143.6781757812499 0 233 2.8329 0.0 8.181805246746432 0.0 4.0 
1584 7161061.2 94.51992176459132 82.7711763986305 143.6781757812499 0 233 2.8329 0.0 8.181805246746432 0.0 4.0 
1585 7161094.5 94.51992176459132 82.7711763986305 143.6781757812499 0 233 2.8329 0.0 8.181805246746432 0.0 4.0 
1586 7161127.8 94.50901433147334 82.80862882339976 143.6781757812499 0 233 2.8329 0.0 8.181805246746432 0.0 4.0 
1587 7161161.2 94.50901433147334 82.80862882339976 143.6781757812499 0 233 2.8329 0.0 8.181805246746432 0.0 4.0 
1588 7161194.5 94.50901433147334 82.80862882339976 143.6781757812499 0 233 2.8329 0.0 8.181805246746432 0.0 4.0 
1589 7161227.8 94.50901433147334 82.80862882339976 143.6781757812499 0 233 2.8329 0.0 8.181805246746432 0.0 4.0 
1590 7161261.2 94.50901433147334 82.80862882339976 143.6781757812499 0 233 2.8329 0.0 8.181805246746432 0.0 4.0 
1591 7161294.5 94.50901433147334 82.80862882339976 143.6781757812499 0 233 2.8329 0.0 8.181805246746432 0.0 4.0 
1592 7161327.8 94.49810266772779 82.84696554650449 143.6781757812499 0 233 2.8329 0.0 8.181805246746432 0.0 4.0 
1593 7161361.2 94.49810266772779 82.84696554650449 143.6781757812499 0 233 2.8329 0.0 8.181805246746432 0.0 4.0 
1594 7161394.5 94.49810266772779 82.84696554650449 143.6781757812499 0 233 2.8329 0.0 8.181805246746432 0.0 4.0 
1595 7161427.9 94.49810266772779 82.84696554650449 143.6781757812499 0 233 2.8329 0.0 8.181805246746432 0.0 4.0 
1596 7161461.2 94.49810266772779 82.84696554650449 143.6781757812499 0 233 2.8329 0.0 8.181805246746432 0.0 4.0 
1597 7161494.5 94.49810266772779 82.84696554650449 143.6781757812499 0 233 2.8329 0.0 8.181805246746432 0.0 4.0 
1598 7161527.9 94.48758313921908 82.89412704483226 143.6781757812499 0 233 2.8329 0.0 8.181805246746432 0.0 4.0 
1599 7161561.2 94.48758313921908 82.89412704483226 143.6781757812499 0 233 2.8329 0.0 8.181805246746432 0.0 4.0 
1600 7161594.5 94.48758313921908 82.89412704483226 143.6781757812499 0 233 2.8329 0.0 8.181805246746432 0.0 4.0 
1601 7161627.9 94.48758313921908 82.89412704483226 143.6781757812499 0 233 2.8329 0.0 8.181805246746432 0.0 4.0 
1602 7161661.2 94.48758313921908 82.89412704483226 143.6781757812499 0 233 2.8329 0.0 8.181805246746432 0.0 4.0 
1603 7161694.5 94.48758313921908 82.89412704483226 143.6781757812499 0 233 2.8329 0.0 8.181805246746432 0.0 4.0 
1604 7161727.9 94.4916000256354 82.95178695210363 143.6781757812499 0 233 2.8329 0.0 8.181805246746432 0.0 4.0 
1605 7161761.2 94.4916000256354 82.95178695210363 143.6781757812499 0 233 2.8329 0.0 8.181805246746432 0.0 4.0 
1606 7161794.5 94.4916000256354 82.95178695210363 143.6781757812499 0 233 2.8329 0.0 8.181805246746432 0.0 4.0 
1607 7161827.9 94.4916000256354 82.95178695210363 143.6781757812499 0 233 2.8329 0.0 8.181805246746432 0.0 4.0 
1608 7161861.2 94.4916000256354 82.95178695210363 143.6781757812499 0 233 2.8329 0.0 8.181805246746432 0.0 4.0 
1609 7161894.6 94.4916000256354 82.95178695210363 143.6781757812499 0 233 2.8329 0.0 8.181805246746432 0.0 4.0 
1610 7161927.9 94.5230734506036 82.99565576797617 143.6781757812499 0 233 2.8329 0.0 8.181805246746432 0.0 4.0 
1611 7161961.2 94.5230734506036 82.99565576797617 143.6781757812499 0 233 2.8329 0.0 8.181805246746432 0.0 4.0 
1612 7161994.6 94.5230734506036 82.99565576797617 143.6781757812499 0 233 2.8329 0.0 8.181805246746432 0.0 4.0 
1613 7162027.9 94.5230734506036 82.99565576797617 143.6781757812499 0 233 2.8329 0.0 8.181805246746432 0.0 4.0 
1614 7162061.2 94.5230734506036 82.99565576797617 143.6781757812499 0 233 2.8329 0.0 8.181805246746432 0.0 4.0 
1615 7162094.6 94.5230734506036 82.99565576797617 143.6781757812499 0 233 2.8329 0.0 8.181805246746432 0.0 4.0 
1616 7162127.9 94.5696817247488 83.0244532376063 143.6781757812499 0 233 2.8329 0.0 8.181805246746432 0.0 4.0 
1617 7162161.2 94.5696817247488 83.0244532376063 143.6781757812499 0 233 2.8329 0.0 8.181805246746432 0.0 4.0 
1618 7162194.6 94.5696817247488 83.0244532376063 143.6781757812499 0 233 2.8329 0.0 8.181805246746432 0.0 4.0 
1619 7162227.9 94.5696817247488 83.0244532376063 143.6781757812499 0 233 2.8329 0.0 8.181805246746432 0.0 4.0 
1620 7162261.3 94.5696817247488 83.0244532376063 143.6781757812499 0 233 2.8329 0.0 8.181805246746432 0.0 4.0 
1621 7162294.6 94.5696817247488 83.0244532376063 143.6781757812499 0 233 2.8329 0.0 8.181805246746432 0.0 4.0 
1622 7162327.9 94.5990966607969 83.03296728872256 143.6781757812499 0 233 2.8329 0.0 8.181805246746432 0.0 4.0 
1623 7162361.3 94.5990966607969 83.03296728872256 143.6781757812499 0 233 2.8329 0.0 8.181805246746432 0.0 4.0 
1624 7162394.6 94.5990966607969 83.03296728872256 143.6781757812499 0 233 2.8329 0.0 8.181805246746432 0.0 4.0 
1625 7162427.9 94.5990966607969 83.03296728872256 143.6781757812499 0 233 2.8329 0.0 8.181805246746432 0.0 4.0 
1626 7162461.3 94.61496270204249 83.03296728872256 143.6781757812499 0 233 2.8329 0.0 8.181805246746432 0.0 4.0 
1627 7162494.6 94.61496270204249 83.03771290098256 143.6781757812499 0 233 2.8329 0.0 8.181805246746432 0.0 4.0 
1628 7162527.9 94.61496270204249 83.03771290098256 143.6781757812499 0 233 2.8329 0.0 8.181805246746432 0.0 4.0 
1629 7162561.3 94.61496270204249 83.03771290098256 143.6781757812499 0 233 2.8329 0.0 8.181805246746432 0.0 4.0 
1630 7162594.6 94.63205744880588 83.04167116628142 143.6781757812499 0 233 2.8329 0.0 8.181805246746432 0.0 4.0 
1631 7162627.9 94.63205744880588 83.04167116628142 143.6781757812499 0 233 2.8329 0.0 8.181805246746432 0.0 4.0 
1632 7162661.3 94.63205744880588 83.04167116628142 143.6781757812499 0 233 2.8329 0.0 8.181805246746432 0.0 4.0 
1633 7162694.6 94.63205744880588 83.04167116628142 143.6781757812499 0 233 2.8329 0.0 8.181805246746432 0.0 4.0 
1634 7162728.0 94.65596894969353 83.04167116628142 143.6781757812499 0 233 2.8329 0.0 8.181805246746432 0.0 4.0 
1635 7162761.3 94.65596894969353 83.0466331505715 143.6781757812499 0 233 2.8329 0.0 8.181805246746432 0.0 4.0 
1636 7162794.6 94.65596894969353 83.0466331505715 143.6781757812499 0 233 2.8329 0.0 8.181805246746432 0.0 4.0 
1637 7162828.0 94.65596894969353 83.0466331505715 143.6781757812499 0 233 2.8329 0.0 8.181805246746432 0.0 4.0 
1638 7162861.3 94.65596894969353 83.0466331505715 143.6781757812499 0 233 2.8329 0.0 8.181805246746432 0.0 4.0 
1639 7162894.6 94.65596894969353 83.0466331505715 143.6781757812499 0 233 2.8329 0.0 8.181805246746432 0.0 4.0 
1640 7162928.0 94.6867970963562 83.0466331505715 143.6781757812499 0 233 2.8329 0.0 8.181805246746432 0.0 4.0 
1641 7162961.3 94.6867970963562 83.0466331505715 143.6781757812499 0 233 2.8329 0.0 8.181805246746432 0.0 4.0 
1642 7162994.6 94.6867970963562 83.0466331505715 143.6781757812499 0 233 2.8329 0.0 8.181805246746432 0.0 4.0 
1643 7163028.0 94.6867970963562 83.0466331505715 143.6781757812499 0 233 2.8329 0.0 8.181805246746432 0.0 4.0 
1644 7163061.3 94.70971857989107 83.04469388520448 143.6781757812499 0 233 2.8329 0.0 8.181805246746432 0.0 4.0 
1645 7163094.7 94.70971857989107 83.04469388520448 143.6781757812499 0 233 2.8329 0.0 8.181805246746432 0.0 4.0 
1646 7163128.0 94.70971857989107 83.04469388520448 143.6781757812499 0 233 2.8329 0.0 8.181805246746432 0.0 4.0 
1647 7163161.3 94.70971857989107 83.04469388520448 143.6781757812499 0 233 2.8329 0.0 8.181805246746432 0.0 4.0 
1648 7163194.7 94.72762277158982 83.04469388520448 143.6781757812499 0 233 2.8329 0.0 8.181805246746432 0.0 4.0 
1649 7163228.0 94.72762277158982 83.03848802620107 143.6781757812499 0 233 2.8329 0.0 8.181805246746432 0.0 4.0 
1650 7163261.3 94.72762277158982 83.03848802620107 143.6781757812499 0 233 2.8329 0.0 8.181805246746432 0.0 4.0 
1651 7163294.7 94.72762277158982 83.03848802620107 143.6781757812499 0 233 2.8329 0.0 8.181805246746432 0.0 4.0 
1652 7163328.0 94.72762277158982 83.03848802620107 143.6781757812499 0 233 2.8329 0.0 8.181805246746432 0.0 4.0 
1653 7163361.3 94.72762277158982 83.03848802620107 143.6781757812499 0 233 2.8329 0.0 8.181805246746432 0.0 4.0 
1654 7163394.7 94.74939400453155 83.0309982861894 143.6781757812499 0 233 2.8329 0.0 8.181805246746432 0.0 4.0 
1655 7163428.0 94.74939400453155 83.0309982861894 143.6781757812499 0 233 2.8329 0.0 8.181805246746432 0.0 4.0 
1656 7163461.3 94.74939400453155 83.0309982861894 143.6781757812499 0 233 2.8329 0.0 8.181805246746432 0.0 4.0 
1657 7163494.7 94.74939400453155 83.0309982861894 143.6781757812499 0 233 2.8329 0.0 8.181805246746432 0.0 4.0 
1658 7163528.0 94.75683050149183 83.0309982861894 143.6781757812499 0 233 2.8329 0.0 8.181805246746432 0.0 4.0 
1659 7163561.4 94.75683050149183 83.0309982861894 143.6781757812499 0 233 2.8329 0.0 8.181805246746432 0.0 4.0 
1660 7163594.7 94.75683050149183 83.0309982861894 143.6781757812499 0 233 2.8329 0.0 8.181805246746432 0.0 4.0 
1661 7163628.0 94.75683050149183 83.0309982861894 143.6781757812499 0 233 2.8329 0.0 8.181805246746432 0.0 4.0 
1662 7163661.4 94.76062809398074 83.0383120792702 143.6781757812499 0 233 2.8329 0.0 8.181805246746432 0.0 4.0 
1663 7163694.7 94.76062809398074 83.0383120792702 143.6781757812499 0 233 2.8329 0.0 8.181805246746432 0.0 4.0 
1664 7163728.0 94.76062809398074 83.0383120792702 143.6781757812499 0 233 2.8329 0.0 8.181805246746432 0.0 4.0 
1665 7163761.4 94.76062809398074 83.0383120792702 143.6781757812499 0 233 2.8329 0.0 8.181805246746432 0.0 4.0 
1666 7163794.7 94.76516890175559 83.04530988044608 143.6781757812499 0 233 2.8329 0.0 8.181805246746432 0.0 4.0 
1667 7163828.0 94.76516890175559 83.04530988044608 143.6781757812499 0 233 2.8329 0.0 8.181805246746432 0.0 4.0 
1668 7163861.4 94.76516890175559 83.04530988044608 143.6781757812499 0 233 2.8329 0.0 8.181805246746432 0.0 4.0 
1669 7163894.7 94.76516890175559 83.04530988044608 143.6781757812499 0 233 2.8329 0.0 8.181805246746432 0.0 4.0 
1670 7163928.1 94.76655125657129 83.05466547179387 143.6781757812499 0 233 2.8329 0.0 8.181805246746432 0.0 4.0 
1671 7163961.4 94.76655125657129 83.05466547179387 143.6781757812499 0 233 2.8329 0.0 8.181805246746432 0.0 4.0 
1672 7163994.7 94.76655125657129 83.05466547179387 143.6781757812499 0 233 2.8329 0.0 8.181805246746432 0.0 4.0 
1673 7164028.1 94.76655125657129 83.05466547179387 143.6781757812499 0 233 2.8329 0.0 8.181805246746432 0.0 4.0 
1674 7164061.4 94.76777324679247 83.06776569536929 143.6781757812499 0 233 2.8329 0.0 8.181805246746432 0.0 4.0 
1675 7164094.7 94.76777324679247 83.06776569536929 143.6781757812499 0 233 2.8329 0.0 8.181805246746432 0.0 4.0 
1676 7164128.1 94.76777324679247 83.06776569536929 143.6781757812499 0 233 2.8329 0.0 8.181805246746432 0.0 4.0 
1677 7164161.4 94.76777324679247 83.06776569536929 143.6781757812499 0 233 2.8329 0.0 8.181805246746432 0.0 4.0 
1678 7164194.7 94.76584038157294 83.08162367332949 143.6781757812499 0 233 2.8329 0.0 8.181805246746432 0.0 4.0 
1679 7164228.1 94.76584038157294 83.08162367332949 143.6781757812499 0 233 2.8329 0.0 8.181805246746432 0.0 4.0 
1680 7164261.4 94.76584038157294 83.08162367332949 143.6781757812499 0 233 2.8329 0.0 8.181805246746432 0.0 4.0 
1681 7164294.7 94.76584038157294 83.08162367332949 143.6781757812499 0 233 2.8329 0.0 8.181805246746432 0.0 4.0 
1682 7164328.1 94.7622716581567 83.08162367332949 143.6781757812499 0 233 2.8329 0.0 8.181805246746432 0.0 4.0 
1683 7164361.4 94.7622716581567 83.08861306650392 143.6781757812499 0 233 2.8329 0.0 8.181805246746432 0.0 4.0 
1684 7164394.8 94.7622716581567 83.08861306650392 143.6781757812499 0 233 2.8329 0.0 8.181805246746432 0.0 4.0 
1685 7164428.1 94.7622716581567 83.08861306650392 143.6781757812499 0 233 2.8329 0.0 8.181805246746432 0.0 4.0 
1686 7164461.4 94.7622716581567 83.10080903650278 143.6781757812499 0 233 2.8329 0.0 8.181805246746432 0.0 4.0 
1687 7164494.8 94.7622716581567 83.10080903650278 143.6781757812499 0 233 2.8329 0.0 8.181805246746432 0.0 4.0 
1688 7164528.1 94.7622716581567 83.10080903650278 143.6781757812499 0 233 2.8329 0.0 8.181805246746432 0.0 4.0 
1689 7164561.4 94.7622716581567 83.10080903650278 143.6781757812499 0 233 2.8329 0.0 8.181805246746432 0.0 4.0 
1690 7164594.8 94.77083003360035 83.10080903650278 143.6781757812499 0 233 2.8329 0.0 8.181805246746432 0.0 4.0 
1691 7164628.1 94.77083003360035 83.11215060651838 143.6781757812499 0 233 2.8329 0.0 8.181805246746432 0.0 4.0 
1692 7164661.4 94.77083003360035 83.11215060651838 143.6781757812499 0 233 2.8329 0.0 8.181805246746432 0.0 4.0 
1693 7164694.8 94.77083003360035 83.11215060651838 143.6781757812499 0 233 2.8329 0.0 8.181805246746432 0.0 4.0 
1694 7164728.1 94.78703023241374 83.11215060651838 143.6781757812499 0 233 2.8329 0.0 8.181805246746432 0.0 4.0 
1695 7164761.5 94.78703023241374 83.12342549603339 143.6781757812499 0 233 2.8329 0.0 8.181805246746432 0.0 4.0 
1696 7164794.8 94.78703023241374 83.12342549603339 143.6781757812499 0 233 2.8329 0.0 8.181805246746432 0.0 4.0 
1697 7164828.1 94.78703023241374 83.12342549603339 143.6781757812499 0 233 2.8329 0.0 8.181805246746432 0.0 4.0 
1698 7164861.5 94.79924676890543 83.14016456004568 143.6781757812499 0 233 2.8329 0.0 8.181805246746432 0.0 4.0 
1699 7164894.8 94.79924676890543 83.14016456004568 143.6781757812499 0 233 2.8329 0.0 8.181805246746432 0.0 4.0 
1700 7164928.1 94.79924676890543 83.14016456004568 143.6781757812499 0 233 2.8329 0.0 8.181805246746432 0.0 4.0 
1701 7164961.5 94.79924676890543 83.14016456004568 143.6781757812499 0 233 2.8329 0.0 8.181805246746432 0.0 4.0 
1702 7164994.8 94.80628589547962 83.15498094408726 143.6781757812499 0 233 2.8329 0.0 8.181805246746432 0.0 4.0 
1703 7165028.1 94.80628589547962 83.15498094408726 143.6781757812499 0 233 2.8329 0.0 8.181805246746432 0.0 4.0 
1704 7165061.5 94.80628589547962 83.15498094408726 143.6781757812499 0 233 2.8329 0.0 8.181805246746432 0.0 4.0 
1705 7165094.8 94.80628589547962 83.15498094408726 143.6781757812499 0 233 2.8329 0.0 8.181805246746432 0.0 4.0 
1706 7165128.1 94.81237633078291 83.15498094408726 143.6781757812499 0 233 2.8329 0.0 8.181805246746432 0.0 4.0 
1707 7165161.5 94.81237633078291 83.17226159679123 143.6781757812499 0 233 2.8329 0.0 8.181805246746432 0.0 4.0 
1708 7165194.8 94.81237633078291 83.17226159679123 143.6781757812499 0 233 2.8329 0.0 8.181805246746432 0.0 4.0 
1709 7165228.2 94.81237633078291 83.17226159679123 143.6781757812499 0 233 2.8329 0.0 8.181805246746432 0.0 4.0 
1710 7165261.5 94.81003889593752 83.17771307532466 143.6781757812499 0 233 2.8329 0.0 8.181805246746432 0.0 4.0 
1711 7165294.8 94.81003889593752 83.17771307532466 143.6781757812499 0 233 2.8329 0.0 8.181805246746432 0.0 4.0 
1712 7165328.2 94.81003889593752 83.17771307532466 143.6781757812499 0 233 2.8329 0.0 8.181805246746432 0.0 4.0 
1713 7165361.5 94.81003889593752 83.17771307532466 143.6781757812499 0 233 2.8329 0.0 8.181805246746432 0.0 4.0 
1714 7165394.8 94.81003889593752 83.17515472843878 143.6781757812499 0 233 2.8329 0.0 8.181805246746432 0.0 4.0 
1715 7165428.2 94.81003889593752 83.17515472843878 143.6781757812499 0 233 2.8329 0.0 8.181805246746432 0.0 4.0 
1716 7165461.5 94.81003889593752 83.17515472843878 143.6781757812499 0 233 2.8329 0.0 8.181805246746432 0.0 4.0 
1717 7165494.8 94.81003889593752 83.17515472843878 143.6781757812499 0 233 2.8329 0.0 8.181805246746432 0.0 4.0 
1718 7165528.2 94.81003889593752 83.17099548755083 143.6781757812499 0 233 2.8329 0.0 8.181805246746432 0.0 4.0 
1719 7165561.5 94.81003889593752 83.17099548755083 143.6781757812499 0 233 2.8329 0.0 8.181805246746432 0.0 4.0 
1720 7165594.9 94.81003889593752 83.17099548755083 143.6781757812499 0 233 2.8329 0.0 8.181805246746432 0.0 4.0 
1721 7165628.2 94.81003889593752 83.17099548755083 143.6781757812499 0 233 2.8329 0.0 8.181805246746432 0.0 4.0 
1722 7165661.5 94.8155243050978 83.1773308097163 143.6781757812499 0 233 2.8329 0.0 8.181805246746432 0.0 4.0 
1723 7165694.9 94.8155243050978 83.1773308097163 143.6781757812499 0 233 2.8329 0.0 8.181805246746432 0.0 4.0 
1724 7165728.2 94.8155243050978 83.1773308097163 143.6781757812499 0 233 2.8329 0.0 8.181805246746432 0.0 4.0 
1725 7165761.5 94.8155243050978 83.1773308097163 143.6781757812499 0 233 2.8329 0.0 8.181805246746432 0.0 4.0 
1726 7165794.9 94.82219336741657 83.1773308097163 143.6781757812499 0 233 2.8329 0.0 8.181805246746432 0.0 4.0 
1727 7165828.2 94.82219336741657 83.20016388894032 143.6781757812499 0 233 2.8329 0.0 8.181805246746432 0.0 4.0 
1728 7165861.5 94.82219336741657 83.20016388894032 143.6781757812499 0 233 2.8329 0.0 8.181805246746432 0.0 4.0 
1729 7165894.9 94.82219336741657 83.20016388894032 143.6781757812499 0 233 2.8329 0.0 8.181805246746432 0.0 4.0 
1730 7165928.2 94.82219336741657 83.20016388894032 143.6781757812499 0 233 2.8329 0.0 8.181805246746432 0.0 4.0 
1731 7165961.5 94.82219336741657 83.20016388894032 143.6781757812499 0 233 2.8329 0.0 8.181805246746432 0.0 4.0 
1732 7165994.9 94.81847213859861 83.21005012777553 143.6781757812499 0 233 2.8329 0.0 8.181805246746432 0.0 4.0 
1733 7166028.2 94.81847213859861 83.21005012777553 143.6781757812499 0 233 2.8329 0.0 8.181805246746432 0.0 4.0 
1734 7166061.6 94.81847213859861 83.21005012777553 143.6781757812499 0 233 2.8329 0.0 8.181805246746432 0.0 4.0 
1735 7166094.9 94.81847213859861 83.21005012777553 143.6781757812499 0 233 2.8329 0.0 8.181805246746432 0.0 4.0 
1736 7166128.2 94.8106581993649 83.2286515367348 143.6781757812499 0 233 2.8329 0.0 8.181805246746432 0.0 4.0 
1737 7166161.6 94.8106581993649 83.2286515367348 143.6781757812499 0 233 2.8329 0.0 8.181805246746432 0.0 4.0 
1738 7166194.9 94.8106581993649 83.2286515367348 143.6781757812499 0 233 2.8329 0.0 8.181805246746432 0.0 4.0 
1739 7166228.2 94.8106581993649 83.2286515367348 143.6781757812499 0 233 2.8329 0.0 8.181805246746432 0.0 4.0 
1740 7166261.6 94.80147444627143 83.2286515367348 143.6781757812499 0 233 2.8329 0.0 8.181805246746432 0.0 4.0 
1741 7166294.9 94.80202734374996 83.23002050781245 143.6241015624999 0 233 2.8329 0.0 8.181805246746432 0.0 4.0 
1742 7166328.2 94.80202734374996 83.23002050781245 143.6241015624999 0 233 2.8329 0.0 8.181805246746432 0.0 4.0 
1743 7166361.6 94.80202734374996 83.23002050781245 143.6241015624999 0 233 2.8329 0.0 8.181805246746432 0.0 4.0 
1744 7166394.9 94.80202734374996 83.23002050781245 143.6241015624999 0 233 2.8329 0.0 8.181805246746432 0.0 4.0 
1745 7166428.3 94.80202734374996 83.23002050781245 143.6241015624999 0 233 2.8329 0.0 8.181805246746432 0.0 4.0 
1746 7166461.6 94.79279697232394 83.23002050781245 143.6241015624999 0 233 2.8329 0.0 8.181805246746432 0.0 4.0 
1747 7166494.9 94.79279697232394 83.23385722166653 143.6241015624999 0 233 2.8329 0.0 8.181805246746432 0.0 4.0 
1748 7166528.3 94.79279697232394 83.23385722166653 143.6241015624999 0 233 2.8329 0.0 8.181805246746432 0.0 4.0 
1749 7166561.6 94.79279697232394 83.23385722166653 143.6241015624999 0 233 2.8329 0.0 8.181805246746432 0.0 4.0 
1750 7166594.9 94.78365028139761 83.23188543452952 143.6241015624999 0 233 2.8329 0.0 8.181805246746432 0.0 4.0 
1751 7166628.3 94.78365028139761 83.23188543452952 143.6241015624999 0 233 2.8329 0.0 8.181805246746432 0.0 4.0 
1752 7166661.6 94.78365028139761 83.23188543452952 143.6241015624999 0 233 2.8329 0.0 8.181805246746432 0.0 4.0 
1753 7166694.9 94.78365028139761 83.23188543452952 143.6241015624999 0 233 2.8329 0.0 8.181805246746432 0.0 4.0 
1754 7166728.3 94.78028504240491 83.21871930395388 143.6241015624999 0 233 2.8329 0.0 8.181805246746432 0.0 4.0 
1755 7166761.6 94.78028504240491 83.21871930395388 143.6241015624999 0 233 2.8329 0.0 8.181805246746432 0.0 4.0 
1756 7166794.9 94.78028504240491 83.21871930395388 143.6241015624999 0 233 2.8329 0.0 8.181805246746432 0.0 4.0 
1757 7166828.3 94.78028504240491 83.21871930395388 143.6241015624999 0 233 2.8329 0.0 8.181805246746432 0.0 4.0 
1758 7166861.6 94.78028504240491 83.2082848693945 143.6241015624999 0 233 2.8329 0.0 8.181805246746432 0.0 4.0 
1759 7166895.0 94.78028504240491 83.2082848693945 143.6241015624999 0 233 2.8329 0.0 8.181805246746432 0.0 4.0 
1760 7166928.3 94.78028504240491 83.2082848693945 143.6241015624999 0 233 2.8329 0.0 8.181805246746432 0.0 4.0 
1761 7166961.6 94.78028504240491 83.2082848693945 143.6241015624999 0 233 2.8329 0.0 8.181805246746432 0.0 4.0 
1762 7166995.0 94.78028504240491 83.204463812085 143.6241015624999 0 233 2.8329 0.0 8.181805246746432 0.0 4.0 
1763 7167028.3 94.78028504240491 83.204463812085 143.6241015624999 0 233 2.8329 0.0 8.181805246746432 0.0 4.0 
1764 7167061.6 94.78028504240491 83.204463812085 143.6241015624999 0 233 2.8329 0.0 8.181805246746432 0.0 4.0 
1765 7167095.0 94.78028504240491 83.204463812085 143.6241015624999 0 233 2.8329 0.0 8.181805246746432 0.0 4.0 
1766 7167128.3 94.77660388351863 83.20239694148583 143.6241015624999 0 233 2.8329 0.0 8.181805246746432 0.0 4.0 
1767 7167161.6 94.77660388351863 83.20239694148583 143.6241015624999 0 233 2.8329 0.0 8.181805246746432 0.0 4.0 
1768 7167195.0 94.77660388351863 83.20239694148583 143.6241015624999 0 233 2.8329 0.0 8.181805246746432 0.0 4.0 
1769 7167228.3 94.77660388351863 83.20239694148583 143.6241015624999 0 233 2.8329 0.0 8.181805246746432 0.0 4.0 
1770 7167261.7 94.771181546159 83.19888198875262 143.6241015624999 0 233 2.8329 0.0 8.181805246746432 0.0 4.0 
1771 7167295.0 94.771181546159 83.19888198875262 143.6241015624999 0 233 2.8329 0.0 8.181805246746432 0.0 4.0 
1772 7167328.3 94.771181546159 83.19888198875262 143.6241015624999 0 233 2.8329 0.0 8.181805246746432 0.0 4.0 
1773 7167361.7 94.77102148437496 83.20943261718746 143.55266406249993 0 233 2.8329 0.0 8.181805246746432 0.0 4.0 
1774 7167395.0 94.77102148437496 83.2160141819802 143.55266406249993 0 233 2.8329 0.0 8.181805246746432 0.0 4.0 
1775 7167428.3 94.77102148437496 83.2160141819802 143.55266406249993 0 233 2.8329 0.0 8.181805246746432 0.0 4.0 
1776 7167461.7 94.77102148437496 83.2160141819802 143.55266406249993 0 233 2.8329 0.0 8.181805246746432 0.0 4.0 
1777 7167495.0 94.77102148437496 83.2160141819802 143.55266406249993 0 233 2.8329 0.0 8.181805246746432 0.0 4.0 
1778 7167528.3 94.76930727142863 83.2160141819802 143.55266406249993 0 233 2.8329 0.0 8.181805246746432 0.0 4.0 
1779 7167561.7 94.76930727142863 83.22876536959582 143.55266406249993 0 233 2.8329 0.0 8.181805246746432 0.0 4.0 
1780 7167595.0 94.76930727142863 83.22876536959582 143.55266406249993 0 233 2.8329 0.0 8.181805246746432 0.0 4.0 
1781 7167628.3 94.76930727142863 83.22876536959582 143.55266406249993 0 233 2.8329 0.0 8.181805246746432 0.0 4.0 
1782 7167661.7 94.76477751529151 83.24295315118168 143.55266406249993 0 233 2.8329 0.0 8.181805246746432 0.0 4.0 
1783 7167695.0 94.76477751529151 83.24295315118168 143.55266406249993 0 233 2.8329 0.0 8.181805246746432 0.0 4.0 
1784 7167728.4 94.76477751529151 83.24295315118168 143.55266406249993 0 233 2.8329 0.0 8.181805246746432 0.0 4.0 
1785 7167761.7 94.76477751529151 83.24295315118168 143.55266406249993 0 233 2.8329 0.0 8.181805246746432 0.0 4.0 
1786 7167795.0 94.7511086275407 83.26153757534573 143.55266406249993 0 233 2.8329 0.0 8.181805246746432 0.0 4.0 
1787 7167828.4 94.7511086275407 83.26153757534573 143.55266406249993 0 233 2.8329 0.0 8.181805246746432 0.0 4.0 
1788 7167861.7 94.7511086275407 83.26153757534573 143.55266406249993 0 233 2.8329 0.0 8.181805246746432 0.0 4.0 
1789 7167895.0 94.75105371093746 83.26152246093746 143.62124902343743 0 233 2.8329 0.0 8.181805246746432 0.0 4.0 
1790 7167928.4 94.72612793066523 83.27249273286805 143.62124902343743 0 233 2.8329 0.0 8.181805246746432 0.0 4.0 
1791 7167961.7 94.72612793066523 83.27249273286805 143.62124902343743 0 233 2.8329 0.0 8.181805246746432 0.0 4.0 
1792 7167995.0 94.72612793066523 83.27249273286805 143.62124902343743 0 233 2.8329 0.0 8.181805246746432 0.0 4.0 
1793 7168028.4 94.72612499999995 83.27243652343745 143.66763378906242 0 233 2.8329 0.0 8.181805246746432 0.0 4.0 
1794 7168061.7 94.72612499999995 83.27243652343745 143.66763378906242 0 233 2.8329 0.0 8.181805246746432 0.0 4.0 
1795 7168095.1 94.72612499999995 83.27243652343745 143.66763378906242 0 233 2.8329 0.0 8.181805246746432 0.0 4.0 
1796 7168128.4 94.70229129089942 83.27934165185042 143.66763378906242 0 233 2.8329 0.0 8.181805246746432 0.0 4.0 
1797 7168161.7 94.70229129089942 83.27934165185042 143.66763378906242 0 233 2.8329 0.0 8.181805246746432 0.0 4.0 
1798 7168195.1 94.70229129089942 83.27934165185042 143.66763378906242 0 233 2.8329 0.0 8.181805246746432 0.0 4.0 
1799 7168228.4 94.70229129089942 83.27934165185042 143.66763378906242 0 233 2.8329 0.0 8.181805246746432 0.0 4.0 
1800 7168261.7 94.70229129089942 83.27934165185042 143.66763378906242 0 233 2.8329 0.0 8.181805246746432 0.0 4.0 
1801 7168295.1 94.70229129089942 83.27934165185042 143.66763378906242 0 233 2.8329 0.0 8.181805246746432 0.0 4.0 
1802 7168328.4 94.68450973149571 83.29481612242618 143.66763378906242 0 233 2.8329 0.0 8.181805246746432 0.0 4.0 
1803 7168361.7 94.68450973149571 83.29481612242618 143.66763378906242 0 233 2.8329 0.0 8.181805246746432 0.0 4.0 
1804 7168395.1 94.68450973149571 83.29481612242618 143.66763378906242 0 233 2.8329 0.0 8.181805246746432 0.0 4.0 
1805 7168428.4 94.68450973149571 83.29481612242618 143.66763378906242 0 233 2.8329 0.0 8.181805246746432 0.0 4.0 
1806 7168461.7 94.67543335881895 83.29481612242618 143.66763378906242 0 233 2.8329 0.0 8.181805246746432 0.0 4.0 
1807 7168495.1 94.67543335881895 83.29599735128143 143.66763378906242 0 233 2.8329 0.0 8.181805246746432 0.0 4.0 
1808 7168528.4 94.67543335881895 83.29599735128143 143.66763378906242 0 233 2.8329 0.0 8.181805246746432 0.0 4.0 
1809 7168561.8 94.67543335881895 83.29599735128143 143.66763378906242 0 233 2.8329 0.0 8.181805246746432 0.0 4.0 
1810 7168595.1 94.67110814941101 83.3011070431993 143.66763378906242 0 233 2.8329 0.0 8.181805246746432 0.0 4.0 
1811 7168628.4 94.67110814941101 83.3011070431993 143.66763378906242 0 233 2.8329 0.0 8.181805246746432 0.0 4.0 
1812 7168661.8 94.67110814941101 83.3011070431993 143.66763378906242 0 233 2.8329 0.0 8.181805246746432 0.0 4.0 
1813 7168695.1 94.67110814941101 83.3011070431993 143.66763378906242 0 233 2.8329 0.0 8.181805246746432 0.0 4.0 
1814 7168728.4 94.66246742416043 83.3011070431993 143.66763378906242 0 233 2.8329 0.0 8.181805246746432 0.0 4.0 
1815 7168761.8 94.66246742416043 83.31095894035325 143.66763378906242 0 233 2.8329 0.0 8.181805246746432 0.0 4.0 
1816 7168795.1 94.66246742416043 83.31095894035325 143.66763378906242 0 233 2.8329 0.0 8.181805246746432 0.0 4.0 
1817 7168828.4 94.66246742416043 83.31095894035325 143.66763378906242 0 233 2.8329 0.0 8.181805246746432 0.0 4.0 
1818 7168861.8 94.65793609047972 83.31095894035325 143.66763378906242 0 233 2.8329 0.0 8.181805246746432 0.0 4.0 
1819 7168895.1 94.65793609047972 83.31095894035325 143.66763378906242 0 233 2.8329 0.0 8.181805246746432 0.0 4.0 
1820 7168928.5 94.65793609047972 83.31095894035325 143.66763378906242 0 233 2.8329 0.0 8.181805246746432 0.0 4.0 
1821 7168961.8 94.65793609047972 83.31095894035325 143.66763378906242 0 233 2.8329 0.0 8.181805246746432 0.0 4.0 
1822 7168995.1 94.6539772726794 83.31312028851097 143.66763378906242 0 233 2.8329 0.0 8.181805246746432 0.0 4.0 
1823 7169028.5 94.6539772726794 83.31312028851097 143.66763378906242 0 233 2.8329 0.0 8.181805246746432 0.0 4.0 
1824 7169061.8 94.6539772726794 83.31312028851097 143.66763378906242 0 233 2.8329 0.0 8.181805246746432 0.0 4.0 
1825 7169095.1 94.6539772726794 83.31312028851097 143.66763378906242 0 233 2.8329 0.0 8.181805246746432 0.0 4.0 
1826 7169128.5 94.65047800100389 83.31312028851097 143.66763378906242 0 233 2.8329 0.0 8.181805246746432 0.0 4.0 
1827 7169161.8 94.65047800100389 83.31312028851097 143.66763378906242 0 233 2.8329 0.0 8.181805246746432 0.0 4.0 
1828 7169195.1 94.65047800100389 83.31312028851097 143.66763378906242 0 233 2.8329 0.0 8.181805246746432 0.0 4.0 
1829 7169228.5 94.65047800100389 83.31312028851097 143.66763378906242 0 233 2.8329 0.0 8.181805246746432 0.0 4.0 
1830 7169261.8 94.6457721940077 83.31312028851097 143.66763378906242 0 233 2.8329 0.0 8.181805246746432 0.0 4.0 
1831 7169295.1 94.6457721940077 83.31509650987493 143.66763378906242 0 233 2.8329 0.0 8.181805246746432 0.0 4.0 
1832 7169328.5 94.6457721940077 83.31509650987493 143.66763378906242 0 233 2.8329 0.0 8.181805246746432 0.0 4.0 
1833 7169361.8 94.6457721940077 83.31509650987493 143.66763378906242 0 233 2.8329 0.0 8.181805246746432 0.0 4.0 
1834 7169395.2 94.6398295868946 83.32073324813008 143.66763378906242 0 233 2.8329 0.0 8.181805246746432 0.0 4.0 
1835 7169428.5 94.6398295868946 83.32073324813008 143.66763378906242 0 233 2.8329 0.0 8.181805246746432 0.0 4.0 
1836 7169461.8 94.6398295868946 83.32073324813008 143.66763378906242 0 233 2.8329 0.0 8.181805246746432 0.0 4.0 
1837 7169495.2 94.6398295868946 83.32073324813008 143.66763378906242 0 233 2.8329 0.0 8.181805246746432 0.0 4.0 
1838 7169528.5 94.6203946243286 83.32878242275898 143.66763378906242 0 233 2.8329 0.0 8.181805246746432 0.0 4.0 
1839 7169561.8 94.6203946243286 83.32878242275898 143.66763378906242 0 233 2.8329 0.0 8.181805246746432 0.0 4.0 
1840 7169595.2 94.6203946243286 83.32878242275898 143.66763378906242 0 233 2.8329 0.0 8.181805246746432 0.0 4.0 
1841 7169628.5 94.6203946243286 83.32878242275898 143.66763378906242 0 233 2.8329 0.0 8.181805246746432 0.0 4.0 
1842 7169661.8 94.60212836185599 83.32878242275898 143.66763378906242 0 233 2.8329 0.0 8.181805246746432 0.0 4.0 
1843 7169695.2 94.60212836185599 83.33202725453074 143.66763378906242 0 233 2.8329 0.0 8.181805246746432 0.0 4.0 
1844 7169728.5 94.60212836185599 83.33202725453074 143.66763378906242 0 233 2.8329 0.0 8.181805246746432 0.0 4.0 
1845 7169761.9 94.60212836185599 83.33202725453074 143.66763378906242 0 233 2.8329 0.0 8.181805246746432 0.0 4.0 
1846 7169795.2 94.58148071596413 83.33202725453074 143.66763378906242 0 233 2.8329 0.0 8.181805246746432 0.0 4.0 
1847 7169828.5 94.58148071596413 83.33202725453074 143.66763378906242 0 233 2.8329 0.0 8.181805246746432 0.0 4.0 
1848 7169861.9 94.58148071596413 83.33202725453074 143.66763378906242 0 233 2.8329 0.0 8.181805246746432 0.0 4.0 
1849 7169895.2 94.58148071596413 83.33202725453074 143.66763378906242 0 233 2.8329 0.0 8.181805246746432 0.0 4.0 
1850 7169928.5 94.56345141714273 83.33202725453074 143.66763378906242 0 233 2.8329 0.0 8.181805246746432 0.0 4.0 
1851 7169961.9 94.56345141714273 83.33202725453074 143.66763378906242 0 233 2.8329 0.0 8.181805246746432 0.0 4.0 
1852 7169995.2 94.56345141714273 83.33202725453074 143.66763378906242 0 233 2.8329 0.0 8.181805246746432 0.0 4.0 
1853 7170028.5 94.56345141714273 83.33202725453074 143.66763378906242 0 233 2.8329 0.0 8.181805246746432 0.0 4.0 
1854 7170061.9 94.54304042797853 83.33202725453074 143.66763378906242 0 233 2.8329 0.0 8.181805246746432 0.0 4.0 
1855 7170095.2 94.54304042797853 83.32643568256938 143.66763378906242 0 233 2.8329 0.0 8.181805246746432 0.0 4.0 
1856 7170128.5 94.54304042797853 83.32643568256938 143.66763378906242 0 233 2.8329 0.0 8.181805246746432 0.0 4.0 
1857 7170161.9 94.54304042797853 83.32643568256938 143.66763378906242 0 233 2.8329 0.0 8.181805246746432 0.0 4.0 
1858 7170195.2 94.52438580294248 83.31797126234187 143.66763378906242 0 233 2.8329 0.0 8.181805246746432 0.0 4.0 
1859 7170228.6 94.52438580294248 83.31797126234187 143.66763378906242 0 233 2.8329 0.0 8.181805246746432 0.0 4.0 
1860 7170261.9 94.52438580294248 83.31797126234187 143.66763378906242 0 233 2.8329 0.0 8.181805246746432 0.0 4.0 
1861 7170295.2 94.52438580294248 83.31797126234187 143.66763378906242 0 233 2.8329 0.0 8.181805246746432 0.0 4.0 
1862 7170328.6 94.50840650599022 83.31797126234187 143.66763378906242 0 233 2.8329 0.0 8.181805246746432 0.0 4.0 
1863 7170361.9 94.50840650599022 83.30877696020441 143.66763378906242 0 233 2.8329 0.0 8.181805246746432 0.0 4.0 
1864 7170395.2 94.50840650599022 83.30877696020441 143.66763378906242 0 233 2.8329 0.0 8.181805246746432 0.0 4.0 
1865 7170428.6 94.50840650599022 83.30877696020441 143.66763378906242 0 233 2.8329 0.0 8.181805246746432 0.0 4.0 
1866 7170461.9 94.50840650599022 83.30877696020441 143.66763378906242 0 233 2.8329 0.0 8.181805246746432 0.0 4.0 
1867 7170495.2 94.50840650599022 83.30877696020441 143.66763378906242 0 233 2.8329 0.0 8.181805246746432 0.0 4.0 
1868 7170528.6 94.48850304184649 83.29906030591917 143.66763378906242 0 233 2.8329 0.0 8.181805246746432 0.0 4.0 
1869 7170561.9 94.48850304184649 83.29906030591917 143.66763378906242 0 233 2.8329 0.0 8.181805246746432 0.0 4.0 
1870 7170595.3 94.48850304184649 83.29906030591917 143.66763378906242 0 233 2.8329 0.0 8.181805246746432 0.0 4.0 
1871 7170628.6 94.48850304184649 83.29906030591917 143.66763378906242 0 233 2.8329 0.0 8.181805246746432 0.0 4.0 
1872 7170661.9 94.4689573447123 83.29507980645626 143.66763378906242 0 233 2.8329 0.0 8.181805246746432 0.0 4.0 
1873 7170695.3 94.4689573447123 83.29507980645626 143.66763378906242 0 233 2.8329 0.0 8.181805246746432 0.0 4.0 
1874 7170728.6 94.4689573447123 83.29507980645626 143.66763378906242 0 233 2.8329 0.0 8.181805246746432 0.0 4.0 
1875 7170761.9 94.4689573447123 83.29507980645626 143.66763378906242 0 233 2.8329 0.0 8.181805246746432 0.0 4.0 
1876 7170795.3 94.45396336576857 83.29507980645626 143.66763378906242 0 233 2.8329 0.0 8.181805246746432 0.0 4.0 
1877 7170828.6 94.45396336576857 83.2905012615404 143.66763378906242 0 233 2.8329 0.0 8.181805246746432 0.0 4.0 
1878 7170861.9 94.45396336576857 83.2905012615404 143.66763378906242 0 233 2.8329 0.0 8.181805246746432 0.0 4.0 
1879 7170895.3 94.45396336576857 83.2905012615404 143.66763378906242 0 233 2.8329 0.0 8.181805246746432 0.0 4.0 
1880 7170928.6 94.43499618891983 83.28324000399554 143.66763378906242 0 233 2.8329 0.0 8.181805246746432 0.0 4.0 
1881 7170961.9 94.43499618891983 83.28324000399554 143.66763378906242 0 233 2.8329 0.0 8.181805246746432 0.0 4.0 
1882 7170995.3 94.43499618891983 83.28324000399554 143.66763378906242 0 233 2.8329 0.0 8.181805246746432 0.0 4.0 
1883 7171028.6 94.43499618891983 83.28324000399554 143.66763378906242 0 233 2.8329 0.0 8.181805246746432 0.0 4.0 
1884 7171062.0 94.41558922733452 83.28627331809844 143.66763378906242 0 233 2.8329 0.0 8.181805246746432 0.0 4.0 
1885 7171095.3 94.41558922733452 83.28627331809844 143.66763378906242 0 233 2.8329 0.0 8.181805246746432 0.0 4.0 
1886 7171128.6 94.41558922733452 83.28627331809844 143.66763378906242 0 233 2.8329 0.0 8.181805246746432 0.0 4.0 
1887 7171162.0 94.41558922733452 83.28627331809844 143.66763378906242 0 233 2.8329 0.0 8.181805246746432 0.0 4.0 
1888 7171195.3 94.39313512309883 83.28627331809844 143.66763378906242 0 233 2.8329 0.0 8.181805246746432 0.0 4.0 
1889 7171228.6 94.39313512309883 83.29981712097626 143.66763378906242 0 233 2.8329 0.0 8.181805246746432 0.0 4.0 
1890 7171262.0 94.39313512309883 83.29981712097626 143.66763378906242 0 233 2.8329 0.0 8.181805246746432 0.0 4.0 
1891 7171295.3 94.39313512309883 83.29981712097626 143.66763378906242 0 233 2.8329 0.0 8.181805246746432 0.0 4.0 
1892 7171328.6 94.39313512309883 83.29981712097626 143.66763378906242 0 233 2.8329 0.0 8.181805246746432 0.0 4.0 
1893 7171362.0 94.39313512309883 83.29981712097626 143.66763378906242 0 233 2.8329 0.0 8.181805246746432 0.0 4.0 
1894 7171395.3 94.37745853843376 83.3176858625292 143.66763378906242 0 233 2.8329 0.0 8.181805246746432 0.0 4.0 
1895 7171428.7 94.37745853843376 83.3176858625292 143.66763378906242 0 233 2.8329 0.0 8.181805246746432 0.0 4.0 
1896 7171462.0 94.37745853843376 83.3176858625292 143.66763378906242 0 233 2.8329 0.0 8.181805246746432 0.0 4.0 
1897 7171495.3 94.37745853843376 83.3176858625292 143.66763378906242 0 233 2.8329 0.0 8.181805246746432 0.0 4.0 
1898 7171528.7 94.37119004242648 83.3176858625292 143.66763378906242 0 233 2.8329 0.0 8.181805246746432 0.0 4.0 
1899 7171562.0 94.37119004242648 83.32487960470242 143.66763378906242 0 233 2.8329 0.0 8.181805246746432 0.0 4.0 
1900 7171595.3 94.37119004242648 83.32487960470242 143.66763378906242 0 233 2.8329 0.0 8.181805246746432 0.0 4.0 
1901 7171628.7 94.37119004242648 83.32487960470242 143.66763378906242 0 233 2.8329 0.0 8.181805246746432 0.0 4.0 
1902 7171662.0 94.36909786027931 83.32487960470242 143.66763378906242 0 233 2.8329 0.0 8.181805246746432 0.0 4.0 
1903 7171695.3 94.36909786027931 83.32487960470242 143.66763378906242 0 233 2.8329 0.0 8.181805246746432 0.0 4.0 
1904 7171728.7 94.36909786027931 83.32487960470242 143.66763378906242 0 233 2.8329 0.0 8.181805246746432 0.0 4.0 
1905 7171762.0 94.36909786027931 83.32487960470242 143.66763378906242 0 233 2.8329 0.0 8.181805246746432 0.0 4.0 
1906 7171795.3 94.36909786027931 83.32307669299281 143.66763378906242 0 233 2.8329 0.0 8.181805246746432 0.0 4.0 
1907 7171828.7 94.36909786027931 83.32307669299281 143.66763378906242 0 233 2.8329 0.0 8.181805246746432 0.0 4.0 
1908 7171862.0 94.36909786027931 83.32307669299281 143.66763378906242 0 233 2.8329 0.0 8.181805246746432 0.0 4.0 
1909 7171895.4 94.36909786027931 83.32307669299281 143.66763378906242 0 233 2.8329 0.0 8.181805246746432 0.0 4.0 
1910 7171928.7 94.36770925666967 83.32307669299281 143.66763378906242 0 233 2.8329 0.0 8.181805246746432 0.0 4.0 
1911 7171962.0 94.36770925666967 83.32307669299281 143.66763378906242 0 233 2.8329 0.0 8.181805246746432 0.0 4.0 
1912 7171995.4 94.36770925666967 83.32307669299281 143.66763378906242 0 233 2.8329 0.0 8.181805246746432 0.0 4.0 
1913 7172028.7 94.36770925666967 83.32307669299281 143.66763378906242 0 233 2.8329 0.0 8.181805246746432 0.0 4.0 
1914 7172062.0 94.38217447750782 83.31902330110064 143.66763378906242 0 233 2.8329 0.0 8.181805246746432 0.0 4.0 
1915 7172095.4 94.38217447750782 83.31902330110064 143.66763378906242 0 233 2.8329 0.0 8.181805246746432 0.0 4.0 
1916 7172128.7 94.38217447750782 83.31902330110064 143.66763378906242 0 233 2.8329 0.0 8.181805246746432 0.0 4.0 
1917 7172162.0 94.38217447750782 83.31902330110064 143.66763378906242 0 233 2.8329 0.0 8.181805246746432 0.0 4.0 
1918 7172195.4 94.43150118322411 83.31584896289698 143.66763378906242 0 233 2.8329 0.0 8.181805246746432 0.0 4.0 
1919 7172228.7 94.43150118322411 83.31584896289698 143.66763378906242 0 233 2.8329 0.0 8.181805246746432 0.0 4.0 
1920 7172262.1 94.43150118322411 83.31584896289698 143.66763378906242 0 233 2.8329 0.0 8.181805246746432 0.0 4.0 
1921 7172295.4 94.43150118322411 83.31584896289698 143.66763378906242 0 233 2.8329 0.0 8.181805246746432 0.0 4.0 
1922 7172328.7 94.43150118322411 83.31584896289698 143.66763378906242 0 233 2.8329 0.0 8.181805246746432 0.0 4.0 
1923 7172362.1 94.43150118322411 83.31584896289698 143.66763378906242 0 233 2.8329 0.0 8.181805246746432 0.0 4.0 
1924 7172395.4 94.47952544925982 83.31584896289698 143.66763378906242 0 233 2.8329 0.0 8.181805246746432 0.0 4.0 
1925 7172428.7 94.47952544925982 83.32045901567551 143.66763378906242 0 233 2.8329 0.0 8.181805246746432 0.0 4.0 
1926 7172462.1 94.47952544925982 83.32045901567551 143.66763378906242 0 233 2.8329 0.0 8.181805246746432 0.0 4.0 
1927 7172495.4 94.47952544925982 83.32045901567551 143.66763378906242 0 233 2.8329 0.0 8.181805246746432 0.0 4.0 
1928 7172528.7 94.47952544925982 83.32045901567551 143.66763378906242 0 233 2.8329 0.0 8.181805246746432 0.0 4.0 
1929 7172562.1 94.47952544925982 83.32045901567551 143.66763378906242 0 233 2.8329 0.0 8.181805246746432 0.0 4.0 
1930 7172595.4 94.52076296397397 83.33483178938677 143.66763378906242 0 233 2.8329 0.0 8.181805246746432 0.0 4.0 
1931 7172628.7 94.52076296397397 83.33483178938677 143.66763378906242 0 233 2.8329 0.0 8.181805246746432 0.0 4.0 
1932 7172662.1 94.52076296397397 83.33483178938677 143.66763378906242 0 233 2.8329 0.0 8.181805246746432 0.0 4.0 
1933 7172695.4 94.52076296397397 83.33483178938677 143.66763378906242 0 233 2.8329 0.0 8.181805246746432 0.0 4.0 
1934 7172728.8 94.52076296397397 83.33483178938677 143.66763378906242 0 233 2.8329 0.0 8.181805246746432 0.0 4.0 
1935 7172762.1 94.52076296397397 83.33483178938677 143.66763378906242 0 233 2.8329 0.0 8.181805246746432 0.0 4.0 
1936 7172795.4 94.56922720627016 83.33483178938677 143.66763378906242 0 233 2.8329 0.0 8.181805246746432 0.0 4.0 
1937 7172828.8 94.56922720627016 83.34727215002104 143.66763378906242 0 233 2.8329 0.0 8.181805246746432 0.0 4.0 
1938 7172862.1 94.56922720627016 83.34727215002104 143.66763378906242 0 233 2.8329 0.0 8.181805246746432 0.0 4.0 
1939 7172895.4 94.56922720627016 83.34727215002104 143.66763378906242 0 233 2.8329 0.0 8.181805246746432 0.0 4.0 
1940 7172928.8 94.56922720627016 83.34727215002104 143.66763378906242 0 233 2.8329 0.0 8.181805246746432 0.0 4.0 
1941 7172962.1 94.56922720627016 83.34727215002104 143.66763378906242 0 233 2.8329 0.0 8.181805246746432 0.0 4.0 
1942 7172995.4 94.62905432035137 83.33581750070975 143.66763378906242 0 233 2.8329 0.0 8.181805246746432 0.0 4.0 
1943 7173028.8 94.62905432035137 83.33581750070975 143.66763378906242 0 233 2.8329 0.0 8.181805246746432 0.0 4.0 
1944 7173062.1 94.62905432035137 83.33581750070975 143.66763378906242 0 233 2.8329 0.0 8.181805246746432 0.0 4.0 
1945 7173095.5 94.62905432035137 83.33581750070975 143.66763378906242 0 233 2.8329 0.0 8.181805246746432 0.0 4.0 
1946 7173128.8 94.62905432035137 83.33581750070975 143.66763378906242 0 233 2.8329 0.0 8.181805246746432 0.0 4.0 
1947 7173162.1 94.62905432035137 83.33581750070975 143.66763378906242 0 233 2.8329 0.0 8.181805246746432 0.0 4.0 
1948 7173195.5 94.68100548054143 83.33581750070975 143.66763378906242 0 233 2.8329 0.0 8.181805246746432 0.0 4.0 
1949 7173228.8 94.68100548054143 83.29070412499789 143.66763378906242 0 233 2.8329 0.0 8.181805246746432 0.0 4.0 
1950 7173262.1 94.68100548054143 83.29070412499789 143.66763378906242 0 233 2.8329 0.0 8.181805246746432 0.0 4.0 
1951 7173295.5 94.68100548054143 83.29070412499789 143.66763378906242 0 233 2.8329 0.0 8.181805246746432 0.0 4.0 
1952 7173328.8 94.68100548054143 83.29070412499789 143.66763378906242 0 233 2.8329 0.0 8.181805246746432 0.0 4.0 
1953 7173362.1 94.68100548054143 83.29070412499789 143.66763378906242 0 233 2.8329 0.0 8.181805246746432 0.0 4.0 
1954 7173395.5 94.7110658828085 83.23344734837514 143.66763378906242 0 233 2.8329 0.0 8.181805246746432 0.0 4.0 
1955 7173428.8 94.7110658828085 83.23344734837514 143.66763378906242 0 233 2.8329 0.0 8.181805246746432 0.0 4.0 
1956 7173462.1 94.7110658828085 83.23344734837514 143.66763378906242 0 233 2.8329 0.0 8.181805246746432 0.0 4.0 
1957 7173495.5 94.7110658828085 83.23344734837514 143.66763378906242 0 233 2.8329 0.0 8.181805246746432 0.0 4.0 
1958 7173528.8 94.7110658828085 83.23344734837514 143.66763378906242 0 233 2.8329 0.0 8.181805246746432 0.0 4.0 
1959 7173562.2 94.7110658828085 83.23344734837514 143.66763378906242 0 233 2.8329 0.0 8.181805246746432 0.0 4.0 
1960 7173595.5 94.7295412195072 83.23344734837514 143.66763378906242 0 233 2.8329 0.0 8.181805246746432 0.0 4.0 
1961 7173628.8 94.7295412195072 83.20317037172752 143.66763378906242 0 233 2.8329 0.0 8.181805246746432 0.0 4.0 
1962 7173662.2 94.7295412195072 83.20317037172752 143.66763378906242 0 233 2.8329 0.0 8.181805246746432 0.0 4.0 
1963 7173695.5 94.7295412195072 83.20317037172752 143.66763378906242 0 233 2.8329 0.0 8.181805246746432 0.0 4.0 
1964 7173728.8 94.7295412195072 83.20317037172752 143.66763378906242 0 233 2.8329 0.0 8.181805246746432 0.0 4.0 
1965 7173762.2 94.7295412195072 83.20317037172752 143.66763378906242 0 233 2.8329 0.0 8.181805246746432 0.0 4.0 
1966 7173795.5 94.74939291237452 83.18942309048022 143.66763378906242 0 233 2.8329 0.0 8.181805246746432 0.0 4.0 
1967 7173828.8 94.74939291237452 83.18942309048022 143.66763378906242 0 233 2.8329 0.0 8.181805246746432 0.0 4.0 
1968 7173862.2 94.74939291237452 83.18942309048022 143.66763378906242 0 233 2.8329 0.0 8.181805246746432 0.0 4.0 
1969 7173895.5 94.74939291237452 83.18942309048022 143.66763378906242 0 233 2.8329 0.0 8.181805246746432 0.0 4.0 
1970 7173928.9 94.76526854681991 83.18182150231141 143.66763378906242 0 233 2.8329 0.0 8.181805246746432 0.0 4.0 
1971 7173962.2 94.76526854681991 83.18182150231141 143.66763378906242 0 233 2.8329 0.0 8.181805246746432 0.0 4.0 
1972 7173995.5 94.76526854681991 83.18182150231141 143.66763378906242 0 233 2.8329 0.0 8.181805246746432 0.0 4.0 
1973 7174028.9 94.76526854681991 83.18182150231141 143.66763378906242 0 233 2.8329 0.0 8.181805246746432 0.0 4.0 
1974 7174062.2 94.77872690585558 83.17816344799074 143.66763378906242 0 233 2.8329 0.0 8.181805246746432 0.0 4.0 
1975 7174095.5 94.77872690585558 83.17816344799074 143.66763378906242 0 233 2.8329 0.0 8.181805246746432 0.0 4.0 
1976 7174128.9 94.77872690585558 83.17816344799074 143.66763378906242 0 233 2.8329 0.0 8.181805246746432 0.0 4.0 
1977 7174162.2 94.77872690585558 83.17816344799074 143.66763378906242 0 233 2.8329 0.0 8.181805246746432 0.0 4.0 
1978 7174195.5 94.79497261321833 83.17816344799074 143.66763378906242 0 233 2.8329 0.0 8.181805246746432 0.0 4.0 
1979 7174228.9 94.79497261321833 83.17557667664647 143.66763378906242 0 233 2.8329 0.0 8.181805246746432 0.0 4.0 
1980 7174262.2 94.79497261321833 83.17557667664647 143.66763378906242 0 233 2.8329 0.0 8.181805246746432 0.0 4.0 
1981 7174295.5 94.79497261321833 83.17557667664647 143.66763378906242 0 233 2.8329 0.0 8.181805246746432 0.0 4.0 
1982 7174328.9 94.80723160689013 83.17353441634555 143.66763378906242 0 233 2.8329 0.0 8.181805246746432 0.0 4.0 
1983 7174362.2 94.80723160689013 83.17353441634555 143.66763378906242 0 233 2.8329 0.0 8.181805246746432 0.0 4.0 
1984 7174395.6 94.80723160689013 83.17353441634555 143.66763378906242 0 233 2.8329 0.0 8.181805246746432 0.0 4.0 
1985 7174428.9 94.80723160689013 83.17353441634555 143.66763378906242 0 233 2.8329 0.0 8.181805246746432 0.0 4.0 
1986 7174462.2 94.81907535706125 83.17353441634555 143.66763378906242 0 233 2.8329 0.0 8.181805246746432 0.0 4.0 
1987 7174495.6 94.81907535706125 83.17353441634555 143.66763378906242 0 233 2.8329 0.0 8.181805246746432 0.0 4.0 
1988 7174528.9 94.81907535706125 83.17353441634555 143.66763378906242 0 233 2.8329 0.0 8.181805246746432 0.0 4.0 
1989 7174562.2 94.81907535706125 83.17353441634555 143.66763378906242 0 233 2.8329 0.0 8.181805246746432 0.0 4.0 
1990 7174595.6 94.83423490152491 83.17353441634555 143.66763378906242 0 233 2.8329 0.0 8.181805246746432 0.0 4.0 
1991 7174628.9 94.83423490152491 83.17241973621799 143.66763378906242 0 233 2.8329 0.0 8.181805246746432 0.0 4.0 
1992 7174662.2 94.83423490152491 83.17241973621799 143.66763378906242 0 233 2.8329 0.0 8.181805246746432 0.0 4.0 
1993 7174695.6 94.83423490152491 83.17241973621799 143.66763378906242 0 233 2.8329 0.0 8.181805246746432 0.0 4.0 
1994 7174728.9 94.85125831334517 83.1749042257069 143.66763378906242 0 233 2.8329 0.0 8.181805246746432 0.0 4.0 
1995 7174762.3 94.85125831334517 83.1749042257069 143.66763378906242 0 233 2.8329 0.0 8.181805246746432 0.0 4.0 
1996 7174795.6 94.85125831334517 83.1749042257069 143.66763378906242 0 233 2.8329 0.0 8.181805246746432 0.0 4.0 
1997 7174828.9 94.85125831334517 83.1749042257069 143.66763378906242 0 233 2.8329 0.0 8.181805246746432 0.0 4.0 
1998 7174862.3 94.87337986930616 83.1900644086861 143.66763378906242 0 233 2.8329 0.0 8.181805246746432 0.0 4.0 
1999 7174895.6 94.87337986930616 83.1900644086861 143.66763378906242 0 233 2.8329 0.0 8.181805246746432 0.0 4.0 
2000 7174928.9 94.87337986930616 83.1900644086861 143.66763378906242 0 233 2.8329 0.0 8.181805246746432 0.0 4.0 
2001 7174962.3 94.87337986930616 83.1900644086861 143.66763378906242 0 233 2.8329 0.0 8.181805246746432 0.0 4.0 
2002 7174995.6 94.89330360606824 83.1900644086861 143.66763378906242 0 233 2.8329 0.0 8.181805246746432 0.0 4.0 
2003 7175028.9 94.89330360606824 83.19732657447574 143.66763378906242 0 233 2.8329 0.0 8.181805246746432 0.0 4.0 
2004 7175062.3 94.89330360606824 83.19732657447574 143.66763378906242 0 233 2.8329 0.0 8.181805246746432 0.0 4.0 
2005 7175095.6 94.89330360606824 83.19732657447574 143.66763378906242 0 233 2.8329 0.0 8.181805246746432 0.0 4.0 
2006 7175128.9 94.89330360606824 83.19732657447574 143.66763378906242 0 233 2.8329 0.0 8.181805246746432 0.0 4.0 
2007 7175162.3 94.89330360606824 83.19732657447574 143.66763378906242 0 233 2.8329 0.0 8.181805246746432 0.0 4.0 
2008 7175195.6 94.90124755216178 83.19936375117675 143.66763378906242 0 233 2.8329 0.0 8.181805246746432 0.0 4.0 
2009 7175229.0 94.90124755216178 83.19936375117675 143.66763378906242 0 233 2.8329 0.0 8.181805246746432 0.0 4.0 
2010 7175262.3 94.90124755216178 83.19936375117675 143.66763378906242 0 233 2.8329 0.0 8.181805246746432 0.0 4.0 
2011 7175295.6 94.90124755216178 83.19936375117675 143.66763378906242 0 233 2.8329 0.0 8.181805246746432 0.0 4.0 
2012 7175329.0 94.90836230283152 83.2032911686773 143.66763378906242 0 233 2.8329 0.0 8.181805246746432 0.0 4.0 
2013 7175362.3 94.90836230283152 83.2032911686773 143.66763378906242 0 233 2.8329 0.0 8.181805246746432 0.0 4.0 
2014 7175395.6 94.90836230283152 83.2032911686773 143.66763378906242 0 233 2.8329 0.0 8.181805246746432 0.0 4.0 
2015 7175429.0 94.90836230283152 83.2032911686773 143.66763378906242 0 233 2.8329 0.0 8.181805246746432 0.0 4.0 
2016 7175462.3 94.91324360554674 83.2032911686773 143.66763378906242 0 233 2.8329 0.0 8.181805246746432 0.0 4.0 
2017 7175495.6 94.91324360554674 83.21060846969893 143.66763378906242 0 233 2.8329 0.0 8.181805246746432 0.0 4.0 
2018 7175529.0 94.91324360554674 83.21060846969893 143.66763378906242 0 233 2.8329 0.0 8.181805246746432 0.0 4.0 
2019 7175562.3 94.91324360554674 83.21060846969893 143.66763378906242 0 233 2.8329 0.0 8.181805246746432 0.0 4.0 
2020 7175595.7 94.92189355811414 83.21935039813903 143.66763378906242 0 233 2.8329 0.0 8.181805246746432 0.0 4.0 
2021 7175629.0 94.92189355811414 83.21935039813903 143.66763378906242 0 233 2.8329 0.0 8.181805246746432 0.0 4.0 
2022 7175662.3 94.92189355811414 83.21935039813903 143.66763378906242 0 233 2.8329 0.0 8.181805246746432 0.0 4.0 
2023 7175695.7 94.92189355811414 83.21935039813903 143.66763378906242 0 233 2.8329 0.0 8.181805246746432 0.0 4.0 
2024 7175729.0 94.93683851099638 83.21935039813903 143.66763378906242 0 233 2.8329 0.0 8.181805246746432 0.0 4.0 
2025 7175762.3 94.93683851099638 83.23072398502376 143.66763378906242 0 233 2.8329 0.0 8.181805246746432 0.0 4.0 
2026 7175795.7 94.93683851099638 83.23072398502376 143.66763378906242 0 233 2.8329 0.0 8.181805246746432 0.0 4.0 
2027 7175829.0 94.93683851099638 83.23072398502376 143.66763378906242 0 233 2.8329 0.0 8.181805246746432 0.0 4.0 
2028 7175862.3 94.94484843934698 83.24140359336577 143.66763378906242 0 233 2.8329 0.0 8.181805246746432 0.0 4.0 
2029 7175895.7 94.94484843934698 83.24140359336577 143.66763378906242 0 233 2.8329 0.0 8.181805246746432 0.0 4.0 
2030 7175929.0 94.94484843934698 83.24140359336577 143.66763378906242 0 233 2.8329 0.0 8.181805246746432 0.0 4.0 
2031 7175962.3 94.94484843934698 83.24140359336577 143.66763378906242 0 233 2.8329 0.0 8.181805246746432 0.0 4.0 
2032 7175995.7 94.94705373696397 83.25062536246288 143.66763378906242 0 233 2.8329 0.0 8.181805246746432 0.0 4.0 
2033 7176029.0 94.94705373696397 83.25062536246288 143.66763378906242 0 233 2.8329 0.0 8.181805246746432 0.0 4.0 
2034 7176062.4 94.94705373696397 83.25062536246288 143.66763378906242 0 233 2.8329 0.0 8.181805246746432 0.0 4.0 
2035 7176095.7 94.94705373696397 83.25062536246288 143.66763378906242 0 233 2.8329 0.0 8.181805246746432 0.0 4.0 
2036 7176129.0 94.94970254272886 83.2573745739227 143.66763378906242 0 233 2.8329 0.0 8.181805246746432 0.0 4.0 
2037 7176162.4 94.94970254272886 83.2573745739227 143.66763378906242 0 233 2.8329 0.0 8.181805246746432 0.0 4.0 
2038 7176195.7 94.94970254272886 83.2573745739227 143.66763378906242 0 233 2.8329 0.0 8.181805246746432 0.0 4.0 
2039 7176229.0 94.94970254272886 83.2573745739227 143.66763378906242 0 233 2.8329 0.0 8.181805246746432 0.0 4.0 
2040 7176262.4 94.95982088196068 83.2573745739227 143.66763378906242 0 233 2.8329 0.0 8.181805246746432 0.0 4.0 
2041 7176295.7 94.95982088196068 83.26775924025662 143.66763378906242 0 233 2.8329 0.0 8.181805246746432 0.0 4.0 
2042 7176329.0 94.95982088196068 83.26775924025662 143.66763378906242 0 233 2.8329 0.0 8.181805246746432 0.0 4.0 
2043 7176362.4 94.95982088196068 83.26775924025662 143.66763378906242 0 233 2.8329 0.0 8.181805246746432 0.0 4.0 
2044 7176395.7 94.97288894993405 83.29264824976744 143.66763378906242 0 233 2.8329 0.0 8.181805246746432 0.0 4.0 
2045 7176429.1 94.97288894993405 83.29264824976744 143.66763378906242 0 233 2.8329 0.0 8.181805246746432 0.0 4.0 
2046 7176462.4 94.97288894993405 83.29264824976744 143.66763378906242 0 233 2.8329 0.0 8.181805246746432 0.0 4.0 
2047 7176495.7 94.97288894993405 83.29264824976744 143.66763378906242 0 233 2.8329 0.0 8.181805246746432 0.0 4.0 
2048 7176529.1 94.98665931904429 83.29264824976744 143.66763378906242 0 233 2.8329 0.0 8.181805246746432 0.0 4.0 
2049 7176562.4 94.98665931904429 83.32448169035021 143.66763378906242 0 233 2.8329 0.0 8.181805246746432 0.0 4.0 
2050 7176595.7 94.98665931904429 83.32448169035021 143.66763378906242 0 233 2.8329 0.0 8.181805246746432 0.0 4.0 
2051 7176629.1 94.98665931904429 83.32448169035021 143.66763378906242 0 233 2.8329 0.0 8.181805246746432 0.0 4.0 
2052 7176662.4 94.98665931904429 83.32448169035021 143.66763378906242 0 233 2.8329 0.0 8.181805246746432 0.0 4.0 
2053 7176695.7 94.98665931904429 83.32448169035021 143.66763378906242 0 233 2.8329 0.0 8.181805246746432 0.0 4.0 
2054 7176729.1 95.01192721132247 83.36818303762831 143.66763378906242 0 233 2.8329 0.0 8.181805246746432 0.0 4.0 
2055 7176762.4 95.01192721132247 83.36818303762831 143.66763378906242 0 233 2.8329 0.0 8.181805246746432 0.0 4.0 
2056 7176795.7 95.01192721132247 83.36818303762831 143.66763378906242 0 233 2.8329 0.0 8.181805246746432 0.0 4.0 
2057 7176829.1 95.01192721132247 83.36818303762831 143.66763378906242 0 233 2.8329 0.0 8.181805246746432 0.0 4.0 
2058 7176862.4 95.01192721132247 83.36818303762831 143.66763378906242 0 233 2.8329 0.0 8.181805246746432 0.0 4.0 
2059 7176895.8 95.01192721132247 83.36818303762831 143.66763378906242 0 233 2.8329 0.0 8.181805246746432 0.0 4.0 
2060 7176929.1 95.03111794776665 83.36818303762831 143.66763378906242 0 233 2.8329 0.0 8.181805246746432 0.0 4.0 
2061 7176962.4 95.03111794776665 83.42495212232399 143.66763378906242 0 233 2.8329 0.0 8.181805246746432 0.0 4.0 
2062 7176995.8 95.03111794776665 83.42495212232399 143.66763378906242 0 233 2.8329 0.0 8.181805246746432 0.0 4.0 
2063 7177029.1 95.03111794776665 83.42495212232399 143.66763378906242 0 233 2.8329 0.0 8.181805246746432 0.0 4.0 
2064 7177062.4 95.03111794776665 83.42495212232399 143.66763378906242 0 233 2.8329 0.0 8.181805246746432 0.0 4.0 
2065 7177095.8 95.03111794776665 83.42495212232399 143.66763378906242 0 233 2.8329 0.0 8.181805246746432 0.0 4.0 
2066 7177129.1 95.0152012921332 83.48972249282764 143.66763378906242 0 233 2.8329 0.0 8.181805246746432 0.0 4.0 
2067 7177162.4 95.0152012921332 83.48972249282764 143.66763378906242 0 233 2.8329 0.0 8.181805246746432 0.0 4.0 
2068 7177195.8 95.0152012921332 83.48972249282764 143.66763378906242 0 233 2.8329 0.0 8.181805246746432 0.0 4.0 
2069 7177229.1 95.0152012921332 83.48972249282764 143.66763378906242 0 233 2.8329 0.0 8.181805246746432 0.0 4.0 
2070 7177262.5 95.0152012921332 83.48972249282764 143.66763378906242 0 233 2.8329 0.0 8.181805246746432 0.0 4.0 
2071 7177295.8 95.0152012921332 83.48972249282764 143.66763378906242 0 233 2.8329 0.0 8.181805246746432 0.0 4.0 
2072 7177329.1 94.99086481531948 83.48972249282764 143.66763378906242 0 233 2.8329 0.0 8.181805246746432 0.0 4.0 
2073 7177362.5 94.99086481531948 83.55335420240047 143.66763378906242 0 233 2.8329 0.0 8.181805246746432 0.0 4.0 
2074 7177395.8 94.99086481531948 83.55335420240047 143.66763378906242 0 233 2.8329 0.0 8.181805246746432 0.0 4.0 
2075 7177429.1 94.99086481531948 83.55335420240047 143.66763378906242 0 233 2.8329 0.0 8.181805246746432 0.0 4.0 
2076 7177462.5 94.99086481531948 83.55335420240047 143.66763378906242 0 233 2.8329 0.0 8.181805246746432 0.0 4.0 
2077 7177495.8 94.99086481531948 83.55335420240047 143.66763378906242 0 233 2.8329 0.0 8.181805246746432 0.0 4.0 
2078 7177529.1 94.98479677935241 83.59826180485067 143.66763378906242 0 233 2.8329 0.0 8.181805246746432 0.0 4.0 
2079 7177562.5 94.98479677935241 83.59826180485067 143.66763378906242 0 233 2.8329 0.0 8.181805246746432 0.0 4.0 
2080 7177595.8 94.98479677935241 83.59826180485067 143.66763378906242 0 233 2.8329 0.0 8.181805246746432 0.0 4.0 
2081 7177629.1 94.98479677935241 83.59826180485067 143.66763378906242 0 233 2.8329 0.0 8.181805246746432 0.0 4.0 
2082 7177662.5 94.98479677935241 83.59826180485067 143.66763378906242 0 233 2.8329 0.0 8.181805246746432 0.0 4.0 
2083 7177695.8 94.98479677935241 83.59826180485067 143.66763378906242 0 233 2.8329 0.0 8.181805246746432 0.0 4.0 
2084 7177729.2 94.99761046399787 83.64130615794483 143.66763378906242 0 233 2.8329 0.0 8.181805246746432 0.0 4.0 
2085 7177762.5 94.99761046399787 83.64130615794483 143.66763378906242 0 233 2.8329 0.0 8.181805246746432 0.0 4.0 
2086 7177795.8 94.99761046399787 83.64130615794483 143.66763378906242 0 233 2.8329 0.0 8.181805246746432 0.0 4.0 
2087 7177829.2 94.99761046399787 83.64130615794483 143.66763378906242 0 233 2.8329 0.0 8.181805246746432 0.0 4.0 
2088 7177862.5 94.99761046399787 83.64130615794483 143.66763378906242 0 233 2.8329 0.0 8.181805246746432 0.0 4.0 
2089 7177895.8 94.99761046399787 83.64130615794483 143.66763378906242 0 233 2.8329 0.0 8.181805246746432 0.0 4.0 
2090 7177929.2 95.02926989118895 83.67344052023063 143.66763378906242 0 233 2.8329 0.0 8.181805246746432 0.0 4.0 
2091 7177962.5 95.02926989118895 83.67344052023063 143.66763378906242 0 233 2.8329 0.0 8.181805246746432 0.0 4.0 
2092 7177995.8 95.02926989118895 83.67344052023063 143.66763378906242 0 233 2.8329 0.0 8.181805246746432 0.0 4.0 
2093 7178029.2 95.02926989118895 83.67344052023063 143.66763378906242 0 233 2.8329 0.0 8.181805246746432 0.0 4.0 
2094 7178062.5 95.02926989118895 83.67344052023063 143.66763378906242 0 233 2.8329 0.0 8.181805246746432 0.0 4.0 
2095 7178095.9 95.02926989118895 83.67344052023063 143.66763378906242 0 233 2.8329 0.0 8.181805246746432 0.0 4.0 
2096 7178129.2 95.06198263901554 83.67344052023063 143.66763378906242 0 233 2.8329 0.0 8.181805246746432 0.0 4.0 
2097 7178162.5 95.06198263901554 83.69689211273933 143.66763378906242 0 233 2.8329 0.0 8.181805246746432 0.0 4.0 
2098 7178195.9 95.06198263901554 83.69689211273933 143.66763378906242 0 233 2.8329 0.0 8.181805246746432 0.0 4.0 
2099 7178229.2 95.06198263901554 83.69689211273933 143.66763378906242 0 233 2.8329 0.0 8.181805246746432 0.0 4.0 
2100 7178262.5 95.06198263901554 83.69689211273933 143.66763378906242 0 233 2.8329 0.0 8.181805246746432 0.0 4.0 
2101 7178295.9 95.06198263901554 83.69689211273933 143.66763378906242 0 233 2.8329 0.0 8.181805246746432 0.0 4.0 
2102 7178329.2 95.08952857835092 83.7149890323708 143.66763378906242 0 233 2.8329 0.0 8.181805246746432 0.0 4.0 
2103 7178362.5 95.08952857835092 83.7149890323708 143.66763378906242 0 233 2.8329 0.0 8.181805246746432 0.0 4.0 
2104 7178395.9 95.08952857835092 83.7149890323708 143.66763378906242 0 233 2.8329 0.0 8.181805246746432 0.0 4.0 
2105 7178429.2 95.08952857835092 83.7149890323708 143.66763378906242 0 233 2.8329 0.0 8.181805246746432 0.0 4.0 
2106 7178462.5 95.08952857835092 83.7149890323708 143.66763378906242 0 233 2.8329 0.0 8.181805246746432 0.0 4.0 
2107 7178495.9 95.08952857835092 83.7149890323708 143.66763378906242 0 233 2.8329 0.0 8.181805246746432 0.0 4.0 
2108 7178529.2 95.12223686951597 83.72593703232788 143.66763378906242 0 233 2.8329 0.0 8.181805246746432 0.0 4.0 
2109 7178562.6 95.12223686951597 83.72593703232788 143.66763378906242 0 233 2.8329 0.0 8.181805246746432 0.0 4.0 
2110 7178595.9 95.12223686951597 83.72593703232788 143.66763378906242 0 233 2.8329 0.0 8.181805246746432 0.0 4.0 
2111 7178629.2 95.12223686951597 83.72593703232788 143.66763378906242 0 233 2.8329 0.0 8.181805246746432 0.0 4.0 
2112 7178662.6 95.14519917503482 83.72867146043447 143.66763378906242 0 233 2.8329 0.0 8.181805246746432 0.0 4.0 
2113 7178695.9 95.14519917503482 83.72867146043447 143.66763378906242 0 233 2.8329 0.0 8.181805246746432 0.0 4.0 
2114 7178729.2 95.14519917503482 83.72867146043447 143.66763378906242 0 233 2.8329 0.0 8.181805246746432 0.0 4.0 
2115 7178762.6 95.14519917503482 83.72867146043447 143.66763378906242 0 233 2.8329 0.0 8.181805246746432 0.0 4.0 
2116 7178795.9 95.14519917503482 83.72867146043447 143.66763378906242 0 233 2.8329 0.0 8.181805246746432 0.0 4.0 
2117 7178829.2 95.14519917503482 83.72867146043447 143.66763378906242 0 233 2.8329 0.0 8.181805246746432 0.0 4.0 
2118 7178862.6 95.17567494054322 83.72867146043447 143.66763378906242 0 233 2.8329 0.0 8.181805246746432 0.0 4.0 
2119 7178895.9 95.17567494054322 83.72867146043447 143.66763378906242 0 233 2.8329 0.0 8.181805246746432 0.0 4.0 
2120 7178929.3 95.17567494054322 83.72867146043447 143.66763378906242 0 233 2.8329 0.0 8.181805246746432 0.0 4.0 
2121 7178962.6 95.17567494054322 83.72867146043447 143.66763378906242 0 233 2.8329 0.0 8.181805246746432 0.0 4.0 
2122 7178995.9 95.19798124248321 83.72867146043447 143.66763378906242 0 233 2.8329 0.0 8.181805246746432 0.0 4.0 
2123 7179029.3 95.19798124248321 83.73368313765933 143.66763378906242 0 233 2.8329 0.0 8.181805246746432 0.0 4.0 
2124 7179062.6 95.19798124248321 83.73368313765933 143.66763378906242 0 233 2.8329 0.0 8.181805246746432 0.0 4.0 
2125 7179095.9 95.19798124248321 83.73368313765933 143.66763378906242 0 233 2.8329 0.0 8.181805246746432 0.0 4.0 
2126 7179129.3 95.19798124248321 83.73368313765933 143.66763378906242 0 233 2.8329 0.0 8.181805246746432 0.0 4.0 
2127 7179162.6 95.19798124248321 83.73368313765933 143.66763378906242 0 233 2.8329 0.0 8.181805246746432 0.0 4.0 
2128 7179195.9 95.219040166654 83.73368313765933 143.66763378906242 0 233 2.8329 0.0 8.181805246746432 0.0 4.0 
2129 7179229.3 95.219040166654 83.7393022353673 143.66763378906242 0 233 2.8329 0.0 8.181805246746432 0.0 4.0 
2130 7179262.6 95.219040166654 83.7393022353673 143.66763378906242 0 233 2.8329 0.0 8.181805246746432 0.0 4.0 
2131 7179295.9 95.219040166654 83.7393022353673 143.66763378906242 0 233 2.8329 0.0 8.181805246746432 0.0 4.0 
2132 7179329.3 95.219040166654 83.7393022353673 143.66763378906242 0 233 2.8329 0.0 8.181805246746432 0.0 4.0 
2133 7179362.6 95.219040166654 83.7393022353673 143.66763378906242 0 233 2.8329 0.0 8.181805246746432 0.0 4.0 
2134 7179396.0 95.23045825415558 83.7393022353673 143.66763378906242 0 233 2.8329 0.0 8.181805246746432 0.0 4.0 
2135 7179429.3 95.23045825415558 83.74381022511479 143.66763378906242 0 233 2.8329 0.0 8.181805246746432 0.0 4.0 
2136 7179462.6 95.23045825415558 83.74381022511479 143.66763378906242 0 233 2.8329 0.0 8.181805246746432 0.0 4.0 
2137 7179496.0 95.23045825415558 83.74381022511479 143.66763378906242 0 233 2.8329 0.0 8.181805246746432 0.0 4.0 
2138 7179529.3 95.23678385020779 83.74942163589608 143.66763378906242 0 233 2.8329 0.0 8.181805246746432 0.0 4.0 
2139 7179562.6 95.23678385020779 83.74942163589608 143.66763378906242 0 233 2.8329 0.0 8.181805246746432 0.0 4.0 
2140 7179596.0 95.23678385020779 83.74942163589608 143.66763378906242 0 233 2.8329 0.0 8.181805246746432 0.0 4.0 
2141 7179629.3 95.23678385020779 83.74942163589608 143.66763378906242 0 233 2.8329 0.0 8.181805246746432 0.0 4.0 
2142 7179662.6 95.2459731219506 83.7557437548827 143.66763378906242 0 233 2.8329 0.0 8.181805246746432 0.0 4.0 
2143 7179696.0 95.2459731219506 83.7557437548827 143.66763378906242 0 233 2.8329 0.0 8.181805246746432 0.0 4.0 
2144 7179729.3 95.2459731219506 83.7557437548827 143.66763378906242 0 233 2.8329 0.0 8.181805246746432 0.0 4.0 
2145 7179762.7 95.2459731219506 83.7557437548827 143.66763378906242 0 233 2.8329 0.0 8.181805246746432 0.0 4.0 
2146 7179796.0 95.25961145216911 83.7557437548827 143.66763378906242 0 233 2.8329 0.0 8.181805246746432 0.0 4.0 
2147 7179829.3 95.25961145216911 83.76812506377915 143.66763378906242 0 233 2.8329 0.0 8.181805246746432 0.0 4.0 
2148 7179862.7 95.25961145216911 83.76812506377915 143.66763378906242 0 233 2.8329 0.0 8.181805246746432 0.0 4.0 
2149 7179896.0 95.25979785156245 83.76766210937495 143.62149707031244 0 233 2.8329 0.0 8.181805246746432 0.0 4.0 
2150 7179929.3 95.2717021432516 83.78007211469107 143.62149707031244 0 233 2.8329 0.0 8.181805246746432 0.0 4.0 
2151 7179962.7 95.2717021432516 83.78007211469107 143.62149707031244 0 233 2.8329 0.0 8.181805246746432 0.0 4.0 
2152 7179996.0 95.2717021432516 83.78007211469107 143.62149707031244 0 233 2.8329 0.0 8.181805246746432 0.0 4.0 
2153 7180029.3 95.2717021432516 83.78007211469107 143.62149707031244 0 233 2.8329 0.0 8.181805246746432 0.0 4.0 
2154 7180062.7 95.27975691736515 83.78706661845423 143.62149707031244 0 233 2.8329 0.0 8.181805246746432 0.0 4.0 
2155 7180096.0 95.27975691736515 83.78706661845423 143.62149707031244 0 233 2.8329 0.0 8.181805246746432 0.0 4.0 
2156 7180129.3 95.27975691736515 83.78706661845423 143.62149707031244 0 233 2.8329 0.0 8.181805246746432 0.0 4.0 
2157 7180162.7 95.27975691736515 83.78706661845423 143.62149707031244 0 233 2.8329 0.0 8.181805246746432 0.0 4.0 
2158 7180196.0 95.2857236029338 83.79549736619092 143.62149707031244 0 233 2.8329 0.0 8.181805246746432 0.0 4.0 
2159 7180229.4 95.2857236029338 83.79549736619092 143.62149707031244 0 233 2.8329 0.0 8.181805246746432 0.0 4.0 
2160 7180262.7 95.2857236029338 83.79549736619092 143.62149707031244 0 233 2.8329 0.0 8.181805246746432 0.0 4.0 
2161 7180296.0 95.2857236029338 83.79549736619092 143.62149707031244 0 233 2.8329 0.0 8.181805246746432 0.0 4.0 
2162 7180329.4 95.29151631975303 83.8029069386771 143.62149707031244 0 233 2.8329 0.0 8.181805246746432 0.0 4.0 
2163 7180362.7 95.29151631975303 83.8029069386771 143.62149707031244 0 233 2.8329 0.0 8.181805246746432 0.0 4.0 
2164 7180396.0 95.29151631975303 83.8029069386771 143.62149707031244 0 233 2.8329 0.0 8.181805246746432 0.0 4.0 
2165 7180429.4 95.29151631975303 83.8029069386771 143.62149707031244 0 233 2.8329 0.0 8.181805246746432 0.0 4.0 
2166 7180462.7 95.29509860527313 83.80493869882848 143.62149707031244 0 233 2.8329 0.0 8.181805246746432 0.0 4.0 
2167 7180496.0 95.29509860527313 83.80493869882848 143.62149707031244 0 233 2.8329 0.0 8.181805246746432 0.0 4.0 
2168 7180529.4 95.29509860527313 83.80493869882848 143.62149707031244 0 233 2.8329 0.0 8.181805246746432 0.0 4.0 
2169 7180562.7 95.29509860527313 83.80493869882848 143.62149707031244 0 233 2.8329 0.0 8.181805246746432 0.0 4.0 
2170 7180596.1 95.29509860527313 83.8109523692627 143.62149707031244 0 233 2.8329 0.0 8.181805246746432 0.0 4.0 
2171 7180629.4 95.29509860527313 83.8109523692627 143.62149707031244 0 233 2.8329 0.0 8.181805246746432 0.0 4.0 
2172 7180662.7 95.29509860527313 83.8109523692627 143.62149707031244 0 233 2.8329 0.0 8.181805246746432 0.0 4.0 
2173 7180696.1 95.29509860527313 83.8109523692627 143.62149707031244 0 233 2.8329 0.0 8.181805246746432 0.0 4.0 
2174 7180729.4 95.29834667017678 83.81789045854971 143.62149707031244 0 233 2.8329 0.0 8.181805246746432 0.0 4.0 
2175 7180762.7 95.29834667017678 83.81789045854971 143.62149707031244 0 233 2.8329 0.0 8.181805246746432 0.0 4.0 
2176 7180796.1 95.29834667017678 83.81789045854971 143.62149707031244 0 233 2.8329 0.0 8.181805246746432 0.0 4.0 
2177 7180829.4 95.29834667017678 83.81789045854971 143.62149707031244 0 233 2.8329 0.0 8.181805246746432 0.0 4.0 
2178 7180862.7 95.30154280953516 83.8208709956294 143.62149707031244 0 233 2.8329 0.0 8.181805246746432 0.0 4.0 
2179 7180896.1 95.30154280953516 83.8208709956294 143.62149707031244 0 233 2.8329 0.0 8.181805246746432 0.0 4.0 
2180 7180929.4 95.30154280953516 83.8208709956294 143.62149707031244 0 233 2.8329 0.0 8.181805246746432 0.0 4.0 
2181 7180962.7 95.30154280953516 83.8208709956294 143.62149707031244 0 233 2.8329 0.0 8.181805246746432 0.0 4.0 
2182 7180996.1 95.30750839353433 83.82953558234301 143.62149707031244 0 233 2.8329 0.0 8.181805246746432 0.0 4.0 
2183 7181029.4 95.30750839353433 83.82953558234301 143.62149707031244 0 233 2.8329 0.0 8.181805246746432 0.0 4.0 
2184 7181062.8 95.30750839353433 83.82953558234301 143.62149707031244 0 233 2.8329 0.0 8.181805246746432 0.0 4.0 
2185 7181096.1 95.30750839353433 83.82953558234301 143.62149707031244 0 233 2.8329 0.0 8.181805246746432 0.0 4.0 
2186 7181129.4 95.31083488065545 83.82953558234301 143.62149707031244 0 233 2.8329 0.0 8.181805246746432 0.0 4.0 
2187 7181162.8 95.31083488065545 83.83115154494624 143.62149707031244 0 233 2.8329 0.0 8.181805246746432 0.0 4.0 
2188 7181196.1 95.31083488065545 83.83115154494624 143.62149707031244 0 233 2.8329 0.0 8.181805246746432 0.0 4.0 
2189 7181229.4 95.31083488065545 83.83115154494624 143.62149707031244 0 233 2.8329 0.0 8.181805246746432 0.0 4.0 
2190 7181262.8 95.3139326608989 83.84084105610296 143.62149707031244 0 233 2.8329 0.0 8.181805246746432 0.0 4.0 
2191 7181296.1 95.3139326608989 83.84084105610296 143.62149707031244 0 233 2.8329 0.0 8.181805246746432 0.0 4.0 
2192 7181329.4 95.3139326608989 83.84084105610296 143.62149707031244 0 233 2.8329 0.0 8.181805246746432 0.0 4.0 
2193 7181362.8 95.3139326608989 83.84084105610296 143.62149707031244 0 233 2.8329 0.0 8.181805246746432 0.0 4.0 
2194 7181396.1 95.31865302097908 83.84084105610296 143.62149707031244 0 233 2.8329 0.0 8.181805246746432 0.0 4.0 
2195 7181429.5 95.31865302097908 83.85113426498202 143.62149707031244 0 233 2.8329 0.0 8.181805246746432 0.0 4.0 
2196 7181462.8 95.31865302097908 83.85113426498202 143.62149707031244 0 233 2.8329 0.0 8.181805246746432 0.0 4.0 
2197 7181496.1 95.31865302097908 83.85113426498202 143.62149707031244 0 233 2.8329 0.0 8.181805246746432 0.0 4.0 
2198 7181529.5 95.32211933547916 83.85113426498202 143.62149707031244 0 233 2.8329 0.0 8.181805246746432 0.0 4.0 
2199 7181562.8 95.32211933547916 83.85503889106526 143.62149707031244 0 233 2.8329 0.0 8.181805246746432 0.0 4.0 
2200 7181596.1 95.32211933547916 83.85503889106526 143.62149707031244 0 233 2.8329 0.0 8.181805246746432 0.0 4.0 
2201 7181629.5 95.32211933547916 83.85503889106526 143.62149707031244 0 233 2.8329 0.0 8.181805246746432 0.0 4.0 
2202 7181662.8 95.3290522308409 83.8604196389151 143.62149707031244 0 233 2.8329 0.0 8.181805246746432 0.0 4.0 
2203 7181696.1 95.3290522308409 83.8604196389151 143.62149707031244 0 233 2.8329 0.0 8.181805246746432 0.0 4.0 
2204 7181729.5 95.3290522308409 83.8604196389151 143.62149707031244 0 233 2.8329 0.0 8.181805246746432 0.0 4.0 
2205 7181762.8 95.3290522308409 83.8604196389151 143.62149707031244 0 233 2.8329 0.0 8.181805246746432 0.0 4.0 
2206 7181796.1 95.331793442048 83.85860056391859 143.62149707031244 0 233 2.8329 0.0 8.181805246746432 0.0 4.0 
2207 7181829.5 95.331793442048 83.85860056391859 143.62149707031244 0 233 2.8329 0.0 8.181805246746432 0.0 4.0 
2208 7181862.8 95.331793442048 83.85860056391859 143.62149707031244 0 233 2.8329 0.0 8.181805246746432 0.0 4.0 
2209 7181896.2 95.331793442048 83.85860056391859 143.62149707031244 0 233 2.8329 0.0 8.181805246746432 0.0 4.0 
2210 7181929.5 95.33381584084273 83.85860056391859 143.62149707031244 0 233 2.8329 0.0 8.181805246746432 0.0 4.0 
2211 7181962.8 95.33381584084273 83.8612129829309 143.62149707031244 0 233 2.8329 0.0 8.181805246746432 0.0 4.0 
2212 7181996.2 95.33381584084273 83.8612129829309 143.62149707031244 0 233 2.8329 0.0 8.181805246746432 0.0 4.0 
2213 7182029.5 95.33381584084273 83.8612129829309 143.62149707031244 0 233 2.8329 0.0 8.181805246746432 0.0 4.0 
2214 7182062.8 95.33522392615843 83.86744874109176 143.62149707031244 0 233 2.8329 0.0 8.181805246746432 0.0 4.0 
2215 7182096.2 95.33522392615843 83.86744874109176 143.62149707031244 0 233 2.8329 0.0 8.181805246746432 0.0 4.0 
2216 7182129.5 95.33522392615843 83.86744874109176 143.62149707031244 0 233 2.8329 0.0 8.181805246746432 0.0 4.0 
2217 7182162.8 95.33522392615843 83.86744874109176 143.62149707031244 0 233 2.8329 0.0 8.181805246746432 0.0 4.0 
2218 7182196.2 95.3376065597011 83.87002483736175 143.62149707031244 0 233 2.8329 0.0 8.181805246746432 0.0 4.0 
2219 7182229.5 95.3376065597011 83.87002483736175 143.62149707031244 0 233 2.8329 0.0 8.181805246746432 0.0 4.0 
2220 7182262.9 95.3376065597011 83.87002483736175 143.62149707031244 0 233 2.8329 0.0 8.181805246746432 0.0 4.0 
2221 7182296.2 95.3376065597011 83.87002483736175 143.62149707031244 0 233 2.8329 0.0 8.181805246746432 0.0 4.0 
2222 7182329.5 95.3376065597011 83.87656372144565 143.62149707031244 0 233 2.8329 0.0 8.181805246746432 0.0 4.0 
2223 7182362.9 95.3376065597011 83.87656372144565 143.62149707031244 0 233 2.8329 0.0 8.181805246746432 0.0 4.0 
2224 7182396.2 95.3376065597011 83.87656372144565 143.62149707031244 0 233 2.8329 0.0 8.181805246746432 0.0 4.0 
2225 7182429.5 95.3376065597011 83.87656372144565 143.62149707031244 0 233 2.8329 0.0 8.181805246746432 0.0 4.0 
2226 7182462.9 95.3376065597011 83.88064839618036 143.62149707031244 0 233 2.8329 0.0 8.181805246746432 0.0 4.0 
2227 7182496.2 95.3376065597011 83.88064839618036 143.62149707031244 0 233 2.8329 0.0 8.181805246746432 0.0 4.0 
2228 7182529.5 95.3376065597011 83.88064839618036 143.62149707031244 0 233 2.8329 0.0 8.181805246746432 0.0 4.0 
2229 7182562.9 95.3376065597011 83.88064839618036 143.62149707031244 0 233 2.8329 0.0 8.181805246746432 0.0 4.0 
2230 7182596.2 95.33610813178711 83.88800453284053 143.62149707031244 0 233 2.8329 0.0 8.181805246746432 0.0 4.0 
2231 7182629.5 95.33610813178711 83.88800453284053 143.62149707031244 0 233 2.8329 0.0 8.181805246746432 0.0 4.0 
2232 7182662.9 95.33610813178711 83.88800453284053 143.62149707031244 0 233 2.8329 0.0 8.181805246746432 0.0 4.0 
2233 7182696.2 95.33610813178711 83.88800453284053 143.62149707031244 0 233 2.8329 0.0 8.181805246746432 0.0 4.0 
2234 7182729.6 95.33220352462932 83.90463956122872 143.62149707031244 0 233 2.8329 0.0 8.181805246746432 0.0 4.0 
2235 7182762.9 95.33220352462932 83.90463956122872 143.62149707031244 0 233 2.8329 0.0 8.181805246746432 0.0 4.0 
2236 7182796.2 95.33220352462932 83.90463956122872 143.62149707031244 0 233 2.8329 0.0 8.181805246746432 0.0 4.0 
2237 7182829.6 95.33220352462932 83.90463956122872 143.62149707031244 0 233 2.8329 0.0 8.181805246746432 0.0 4.0 
2238 7182862.9 95.33220352462932 83.91812517184253 143.62149707031244 0 233 2.8329 0.0 8.181805246746432 0.0 4.0 
2239 7182896.2 95.33220352462932 83.91812517184253 143.62149707031244 0 233 2.8329 0.0 8.181805246746432 0.0 4.0 
2240 7182929.6 95.33220352462932 83.91812517184253 143.62149707031244 0 233 2.8329 0.0 8.181805246746432 0.0 4.0 
2241 7182962.9 95.33220352462932 83.91812517184253 143.62149707031244 0 233 2.8329 0.0 8.181805246746432 0.0 4.0 
2242 7182996.2 95.33777356885459 83.91812517184253 143.62149707031244 0 233 2.8329 0.0 8.181805246746432 0.0 4.0 
2243 7183029.6 95.33777356885459 83.9318245863665 143.62149707031244 0 233 2.8329 0.0 8.181805246746432 0.0 4.0 
2244 7183062.9 95.33777356885459 83.9318245863665 143.62149707031244 0 233 2.8329 0.0 8.181805246746432 0.0 4.0 
2245 7183096.3 95.33777356885459 83.9318245863665 143.62149707031244 0 233 2.8329 0.0 8.181805246746432 0.0 4.0 
2246 7183129.6 95.33777356885459 83.9318245863665 143.62149707031244 0 233 2.8329 0.0 8.181805246746432 0.0 4.0 
2247 7183162.9 95.33777356885459 83.9318245863665 143.62149707031244 0 233 2.8329 0.0 8.181805246746432 0.0 4.0 
2248 7183196.3 95.35163289621356 83.9318245863665 143.62149707031244 0 233 2.8329 0.0 8.181805246746432 0.0 4.0 
2249 7183229.6 95.35163289621356 83.94989674365719 143.62149707031244 0 233 2.8329 0.0 8.181805246746432 0.0 4.0 
