# Recording
duration 75.006
nframes 2250
# Camera
framerate 29.997600191984642
imageToStage -0.993727445602417,-0.06086360290646553,0.06086360290646553,-0.993727445602417
rotation -3.080421285766743
imagenormaldir +Z
pixelsize 0.9955896
# Dual color
dualcolormode False
mainside Right
viewmode Splitted
recordingmode Original
translation_x 0.0
translation_y 0.0
rotation 0.0
# Tracking
roi_x 400
roi_y 400
capture_radius 400
min_step 1
threshold 30
binning 4
dark_bg True
mode CMS
area 400
# Frame Time X Y Z minBrightness maxBrightness meanBrightness medianBrightness skewness percentile_5 percentile_95
0 7835172.7 96.23629596365426 79.67003201971025 143.67991210937492 0 233 2.8329 0.0 8.181805246746432 0.0 4.0 
1 7835206.1 96.23629596365426 79.67003201971025 143.67991210937492 0 233 2.8329 0.0 8.181805246746432 0.0 4.0 
2 7835239.4 96.23629596365426 79.67003201971025 143.67991210937492 0 233 2.8329 0.0 8.181805246746432 0.0 4.0 
3 7835272.8 96.2375316242624 79.67003201971025 143.67991210937492 0 233 2.8329 0.0 8.181805246746432 0.0 4.0 
4 7835306.1 96.2375316242624 79.66833592364237 143.67991210937492 0 233 2.8329 0.0 8.181805246746432 0.0 4.0 
5 7835339.4 96.2375316242624 79.66833592364237 143.67991210937492 0 233 2.8329 0.0 8.181805246746432 0.0 4.0 
6 7835372.8 96.23937795815604 79.66833592364237 143.67991210937492 0 233 2.8329 0.0 8.181805246746432 0.0 4.0 
7 7835406.1 96.23937795815604 79.66280808295036 143.67991210937492 0 233 2.8329 0.0 8.181805246746432 0.0 4.0 
8 7835439.4 96.23937795815604 79.66280808295036 143.67991210937492 0 233 2.8329 0.0 8.181805246746432 0.0 4.0 
9 7835472.8 96.23937795815604 79.66280808295036 143.67991210937492 0 233 2.8329 0.0 8.181805246746432 0.0 4.0 
10 7835506.1 96.24662751779844 79.65973579442823 143.67991210937492 0 233 2.8329 0.0 8.181805246746432 0.0 4.0 
11 7835539.4 96.24662751779844 79.65973579442823 143.67991210937492 0 233 2.8329 0.0 8.181805246746432 0.0 4.0 
12 7835572.8 96.24662751779844 79.65973579442823 143.67991210937492 0 233 2.8329 0.0 8.181805246746432 0.0 4.0 
13 7835606.1 96.25205509673079 79.65863432435795 143.67991210937492 0 233 2.8329 0.0 8.181805246746432 0.0 4.0 
14 7835639.5 96.25205509673079 79.65863432435795 143.67991210937492 0 233 2.8329 0.0 8.181805246746432 0.0 4.0 
15 7835672.8 96.25205509673079 79.65863432435795 143.67991210937492 0 233 2.8329 0.0 8.181805246746432 0.0 4.0 
16 7835706.1 96.25963436725888 79.65863432435795 143.67991210937492 0 233 2.8329 0.0 8.181805246746432 0.0 4.0 
17 7835739.5 96.25963436725888 79.66129967290172 143.67991210937492 0 233 2.8329 0.0 8.181805246746432 0.0 4.0 
18 7835772.8 96.25963436725888 79.66129967290172 143.67991210937492 0 233 2.8329 0.0 8.181805246746432 0.0 4.0 
19 7835806.1 96.26134390775474 79.66129967290172 143.67991210937492 0 233 2.8329 0.0 8.181805246746432 0.0 4.0 
20 7835839.5 96.26134390775474 79.66487996314123 143.67991210937492 0 233 2.8329 0.0 8.181805246746432 0.0 4.0 
21 7835872.8 96.26134390775474 79.66487996314123 143.67991210937492 0 233 2.8329 0.0 8.181805246746432 0.0 4.0 
22 7835906.1 96.26134390775474 79.66487996314123 143.67991210937492 0 233 2.8329 0.0 8.181805246746432 0.0 4.0 
23 7835939.5 96.25830041125089 79.66487996314123 143.67991210937492 0 233 2.8329 0.0 8.181805246746432 0.0 4.0 
24 7835972.8 96.25830041125089 79.66487996314123 143.67991210937492 0 233 2.8329 0.0 8.181805246746432 0.0 4.0 
25 7836006.1 96.25830041125089 79.66487996314123 143.67991210937492 0 233 2.8329 0.0 8.181805246746432 0.0 4.0 
26 7836039.5 96.25656996277722 79.66487996314123 143.67991210937492 0 233 2.8329 0.0 8.181805246746432 0.0 4.0 
27 7836072.8 96.25656996277722 79.66487996314123 143.67991210937492 0 233 2.8329 0.0 8.181805246746432 0.0 4.0 
28 7836106.2 96.25656996277722 79.66487996314123 143.67991210937492 0 233 2.8329 0.0 8.181805246746432 0.0 4.0 
29 7836139.5 96.25993803209481 79.66487996314123 143.67991210937492 0 233 2.8329 0.0 8.181805246746432 0.0 4.0 
30 7836172.8 96.25993803209481 79.66164842760499 143.67991210937492 0 233 2.8329 0.0 8.181805246746432 0.0 4.0 
31 7836206.2 96.25993803209481 79.66164842760499 143.67991210937492 0 233 2.8329 0.0 8.181805246746432 0.0 4.0 
32 7836239.5 96.26890845199412 79.6560310567182 143.67991210937492 0 233 2.8329 0.0 8.181805246746432 0.0 4.0 
33 7836272.8 96.26890845199412 79.6560310567182 143.67991210937492 0 233 2.8329 0.0 8.181805246746432 0.0 4.0 
34 7836306.2 96.26890845199412 79.6560310567182 143.67991210937492 0 233 2.8329 0.0 8.181805246746432 0.0 4.0 
35 7836339.5 96.26890845199412 79.6560310567182 143.67991210937492 0 233 2.8329 0.0 8.181805246746432 0.0 4.0 
36 7836372.8 96.27642572547711 79.65362472777042 143.67991210937492 0 233 2.8329 0.0 8.181805246746432 0.0 4.0 
37 7836406.2 96.27642572547711 79.65362472777042 143.67991210937492 0 233 2.8329 0.0 8.181805246746432 0.0 4.0 
38 7836439.5 96.27642572547711 79.65362472777042 143.67991210937492 0 233 2.8329 0.0 8.181805246746432 0.0 4.0 
39 7836472.9 96.28332776381087 79.65362472777042 143.67991210937492 0 233 2.8329 0.0 8.181805246746432 0.0 4.0 
40 7836506.2 96.28332776381087 79.65833957072576 143.67991210937492 0 233 2.8329 0.0 8.181805246746432 0.0 4.0 
41 7836539.5 96.28332776381087 79.65833957072576 143.67991210937492 0 233 2.8329 0.0 8.181805246746432 0.0 4.0 
42 7836572.9 96.28332776381087 79.65833957072576 143.67991210937492 0 233 2.8329 0.0 8.181805246746432 0.0 4.0 
43 7836606.2 96.28612869566436 79.66403420803401 143.67991210937492 0 233 2.8329 0.0 8.181805246746432 0.0 4.0 
44 7836639.5 96.28612869566436 79.66403420803401 143.67991210937492 0 233 2.8329 0.0 8.181805246746432 0.0 4.0 
45 7836672.9 96.28612869566436 79.66403420803401 143.67991210937492 0 233 2.8329 0.0 8.181805246746432 0.0 4.0 
46 7836706.2 96.28306739563108 79.66403420803401 143.67991210937492 0 233 2.8329 0.0 8.181805246746432 0.0 4.0 
47 7836739.5 96.28306739563108 79.66403420803401 143.67991210937492 0 233 2.8329 0.0 8.181805246746432 0.0 4.0 
48 7836772.9 96.28306739563108 79.66403420803401 143.67991210937492 0 233 2.8329 0.0 8.181805246746432 0.0 4.0 
49 7836806.2 96.27920405582638 79.66403420803401 143.67991210937492 0 233 2.8329 0.0 8.181805246746432 0.0 4.0 
50 7836839.5 96.27920405582638 79.66255412041141 143.67991210937492 0 233 2.8329 0.0 8.181805246746432 0.0 4.0 
51 7836872.9 96.27920405582638 79.66255412041141 143.67991210937492 0 233 2.8329 0.0 8.181805246746432 0.0 4.0 
52 7836906.2 96.28656498201227 79.66255412041141 143.67991210937492 0 233 2.8329 0.0 8.181805246746432 0.0 4.0 
53 7836939.6 96.28656498201227 79.65880762312513 143.67991210937492 0 233 2.8329 0.0 8.181805246746432 0.0 4.0 
54 7836972.9 96.28656498201227 79.65880762312513 143.67991210937492 0 233 2.8329 0.0 8.181805246746432 0.0 4.0 
55 7837006.2 96.28656498201227 79.65880762312513 143.67991210937492 0 233 2.8329 0.0 8.181805246746432 0.0 4.0 
56 7837039.6 96.29329341559415 79.65880762312513 143.67991210937492 0 233 2.8329 0.0 8.181805246746432 0.0 4.0 
57 7837072.9 96.29329341559415 79.65607051798291 143.67991210937492 0 233 2.8329 0.0 8.181805246746432 0.0 4.0 
58 7837106.2 96.29329341559415 79.65607051798291 143.67991210937492 0 233 2.8329 0.0 8.181805246746432 0.0 4.0 
59 7837139.6 96.29329341559415 79.65607051798291 143.67991210937492 0 233 2.8329 0.0 8.181805246746432 0.0 4.0 
60 7837172.9 96.29645968855493 79.65607051798291 143.67991210937492 0 233 2.8329 0.0 8.181805246746432 0.0 4.0 
61 7837206.2 96.29645968855493 79.65607051798291 143.67991210937492 0 233 2.8329 0.0 8.181805246746432 0.0 4.0 
62 7837239.6 96.29645968855493 79.65607051798291 143.67991210937492 0 233 2.8329 0.0 8.181805246746432 0.0 4.0 
63 7837272.9 96.29645968855493 79.65837110798253 143.67991210937492 0 233 2.8329 0.0 8.181805246746432 0.0 4.0 
64 7837306.3 96.29645968855493 79.65837110798253 143.67991210937492 0 233 2.8329 0.0 8.181805246746432 0.0 4.0 
65 7837339.6 96.29498339406285 79.65837110798253 143.67991210937492 0 233 2.8329 0.0 8.181805246746432 0.0 4.0 
66 7837372.9 96.29498339406285 79.66279529864369 143.67991210937492 0 233 2.8329 0.0 8.181805246746432 0.0 4.0 
67 7837406.3 96.29498339406285 79.66279529864369 143.67991210937492 0 233 2.8329 0.0 8.181805246746432 0.0 4.0 
68 7837439.6 96.29498339406285 79.66279529864369 143.67991210937492 0 233 2.8329 0.0 8.181805246746432 0.0 4.0 
69 7837472.9 96.2928337340836 79.66448377299123 143.67991210937492 0 233 2.8329 0.0 8.181805246746432 0.0 4.0 
70 7837506.3 96.2928337340836 79.66448377299123 143.67991210937492 0 233 2.8329 0.0 8.181805246746432 0.0 4.0 
71 7837539.6 96.2928337340836 79.66448377299123 143.67991210937492 0 233 2.8329 0.0 8.181805246746432 0.0 4.0 
72 7837572.9 96.2928337340836 79.66448377299123 143.67991210937492 0 233 2.8329 0.0 8.181805246746432 0.0 4.0 
73 7837606.3 96.2928337340836 79.66448377299123 143.67991210937492 0 233 2.8329 0.0 8.181805246746432 0.0 4.0 
74 7837639.6 96.29788316833117 79.66448377299123 143.67991210937492 0 233 2.8329 0.0 8.181805246746432 0.0 4.0 
75 7837672.9 96.29788316833117 79.6628147754011 143.67991210937492 0 233 2.8329 0.0 8.181805246746432 0.0 4.0 
76 7837706.3 96.29788316833117 79.6628147754011 143.67991210937492 0 233 2.8329 0.0 8.181805246746432 0.0 4.0 
77 7837739.6 96.30282673718953 79.6628147754011 143.67991210937492 0 233 2.8329 0.0 8.181805246746432 0.0 4.0 
78 7837773.0 96.30282673718953 79.6628147754011 143.67991210937492 0 233 2.8329 0.0 8.181805246746432 0.0 4.0 
79 7837806.3 96.30282673718953 79.6628147754011 143.67991210937492 0 233 2.8329 0.0 8.181805246746432 0.0 4.0 
80 7837839.6 96.30282673718953 79.6628147754011 143.67991210937492 0 233 2.8329 0.0 8.181805246746432 0.0 4.0 
81 7837873.0 96.30282673718953 79.6628147754011 143.67991210937492 0 233 2.8329 0.0 8.181805246746432 0.0 4.0 
82 7837906.3 96.30077417584644 79.6628147754011 143.67991210937492 0 233 2.8329 0.0 8.181805246746432 0.0 4.0 
83 7837939.6 96.30077417584644 79.6628147754011 143.67991210937492 0 233 2.8329 0.0 8.181805246746432 0.0 4.0 
84 7837973.0 96.30077417584644 79.6628147754011 143.67991210937492 0 233 2.8329 0.0 8.181805246746432 0.0 4.0 
85 7838006.3 96.29731537845332 79.6628147754011 143.67991210937492 0 233 2.8329 0.0 8.181805246746432 0.0 4.0 
86 7838039.6 96.29731537845332 79.66060810699386 143.67991210937492 0 233 2.8329 0.0 8.181805246746432 0.0 4.0 
87 7838073.0 96.29731537845332 79.66060810699386 143.67991210937492 0 233 2.8329 0.0 8.181805246746432 0.0 4.0 
88 7838106.3 96.3011978778679 79.66060810699386 143.67991210937492 0 233 2.8329 0.0 8.181805246746432 0.0 4.0 
89 7838139.7 96.3011978778679 79.65669644434907 143.67991210937492 0 233 2.8329 0.0 8.181805246746432 0.0 4.0 
90 7838173.0 96.3011978778679 79.65669644434907 143.67991210937492 0 233 2.8329 0.0 8.181805246746432 0.0 4.0 
91 7838206.3 96.30523249392134 79.65295406289042 143.67991210937492 0 233 2.8329 0.0 8.181805246746432 0.0 4.0 
92 7838239.7 96.30523249392134 79.65295406289042 143.67991210937492 0 233 2.8329 0.0 8.181805246746432 0.0 4.0 
93 7838273.0 96.30523249392134 79.65295406289042 143.67991210937492 0 233 2.8329 0.0 8.181805246746432 0.0 4.0 
94 7838306.3 96.30694847687553 79.65486841510743 143.67991210937492 0 233 2.8329 0.0 8.181805246746432 0.0 4.0 
95 7838339.7 96.30694847687553 79.65486841510743 143.67991210937492 0 233 2.8329 0.0 8.181805246746432 0.0 4.0 
96 7838373.0 96.30694847687553 79.65486841510743 143.67991210937492 0 233 2.8329 0.0 8.181805246746432 0.0 4.0 
97 7838406.3 96.30694847687553 79.65626258664696 143.67991210937492 0 233 2.8329 0.0 8.181805246746432 0.0 4.0 
98 7838439.7 96.30694847687553 79.65626258664696 143.67991210937492 0 233 2.8329 0.0 8.181805246746432 0.0 4.0 
99 7838473.0 96.30828913076645 79.65626258664696 143.67991210937492 0 233 2.8329 0.0 8.181805246746432 0.0 4.0 
100 7838506.3 96.30828913076645 79.65777939152841 143.67991210937492 0 233 2.8329 0.0 8.181805246746432 0.0 4.0 
101 7838539.7 96.30828913076645 79.65777939152841 143.67991210937492 0 233 2.8329 0.0 8.181805246746432 0.0 4.0 
102 7838573.0 96.30828913076645 79.65777939152841 143.67991210937492 0 233 2.8329 0.0 8.181805246746432 0.0 4.0 
103 7838606.4 96.31306463167178 79.65777939152841 143.67991210937492 0 233 2.8329 0.0 8.181805246746432 0.0 4.0 
104 7838639.7 96.31306463167178 79.65777939152841 143.67991210937492 0 233 2.8329 0.0 8.181805246746432 0.0 4.0 
105 7838673.0 96.31306463167178 79.65777939152841 143.67991210937492 0 233 2.8329 0.0 8.181805246746432 0.0 4.0 
106 7838706.4 96.3155504859781 79.65777939152841 143.67991210937492 0 233 2.8329 0.0 8.181805246746432 0.0 4.0 
107 7838739.7 96.3155504859781 79.65639615926138 143.67991210937492 0 233 2.8329 0.0 8.181805246746432 0.0 4.0 
108 7838773.0 96.3155504859781 79.65639615926138 143.67991210937492 0 233 2.8329 0.0 8.181805246746432 0.0 4.0 
109 7838806.4 96.3155504859781 79.65639615926138 143.67991210937492 0 233 2.8329 0.0 8.181805246746432 0.0 4.0 
110 7838839.7 96.3155504859781 79.65639615926138 143.67991210937492 0 233 2.8329 0.0 8.181805246746432 0.0 4.0 
111 7838873.0 96.3155504859781 79.65639615926138 143.67991210937492 0 233 2.8329 0.0 8.181805246746432 0.0 4.0 
112 7838906.4 96.31291178156002 79.65639615926138 143.67991210937492 0 233 2.8329 0.0 8.181805246746432 0.0 4.0 
113 7838939.7 96.31291178156002 79.65798271006592 143.67991210937492 0 233 2.8329 0.0 8.181805246746432 0.0 4.0 
114 7838973.1 96.31291178156002 79.65798271006592 143.67991210937492 0 233 2.8329 0.0 8.181805246746432 0.0 4.0 
115 7839006.4 96.31291178156002 79.65798271006592 143.67991210937492 0 233 2.8329 0.0 8.181805246746432 0.0 4.0 
116 7839039.7 96.31104067093912 79.65955005108162 143.67991210937492 0 233 2.8329 0.0 8.181805246746432 0.0 4.0 
117 7839073.1 96.31104067093912 79.65955005108162 143.67991210937492 0 233 2.8329 0.0 8.181805246746432 0.0 4.0 
118 7839106.4 96.31104067093912 79.65955005108162 143.67991210937492 0 233 2.8329 0.0 8.181805246746432 0.0 4.0 
119 7839139.7 96.31104067093912 79.65955005108162 143.67991210937492 0 233 2.8329 0.0 8.181805246746432 0.0 4.0 
120 7839173.1 96.31104067093912 79.65955005108162 143.67991210937492 0 233 2.8329 0.0 8.181805246746432 0.0 4.0 
121 7839206.4 96.30982270675896 79.65955005108162 143.67991210937492 0 233 2.8329 0.0 8.181805246746432 0.0 4.0 
122 7839239.7 96.30982270675896 79.65955005108162 143.67991210937492 0 233 2.8329 0.0 8.181805246746432 0.0 4.0 
123 7839273.1 96.30982270675896 79.65955005108162 143.67991210937492 0 233 2.8329 0.0 8.181805246746432 0.0 4.0 
124 7839306.4 96.31202459507074 79.65955005108162 143.67991210937492 0 233 2.8329 0.0 8.181805246746432 0.0 4.0 
125 7839339.7 96.31202459507074 79.65955005108162 143.67991210937492 0 233 2.8329 0.0 8.181805246746432 0.0 4.0 
126 7839373.1 96.31202459507074 79.65955005108162 143.67991210937492 0 233 2.8329 0.0 8.181805246746432 0.0 4.0 
127 7839406.4 96.31202459507074 79.65692588694975 143.67991210937492 0 233 2.8329 0.0 8.181805246746432 0.0 4.0 
128 7839439.8 96.31202459507074 79.65692588694975 143.67991210937492 0 233 2.8329 0.0 8.181805246746432 0.0 4.0 
129 7839473.1 96.31202459507074 79.65692588694975 143.67991210937492 0 233 2.8329 0.0 8.181805246746432 0.0 4.0 
130 7839506.4 96.31202459507074 79.654734454099 143.67991210937492 0 233 2.8329 0.0 8.181805246746432 0.0 4.0 
131 7839539.8 96.31202459507074 79.654734454099 143.67991210937492 0 233 2.8329 0.0 8.181805246746432 0.0 4.0 
132 7839573.1 96.31364508319142 79.654734454099 143.67991210937492 0 233 2.8329 0.0 8.181805246746432 0.0 4.0 
133 7839606.4 96.31364508319142 79.654734454099 143.67991210937492 0 233 2.8329 0.0 8.181805246746432 0.0 4.0 
134 7839639.8 96.31364508319142 79.654734454099 143.67991210937492 0 233 2.8329 0.0 8.181805246746432 0.0 4.0 
135 7839673.1 96.31618345605558 79.654734454099 143.67991210937492 0 233 2.8329 0.0 8.181805246746432 0.0 4.0 
136 7839706.4 96.31618345605558 79.65645786811702 143.67991210937492 0 233 2.8329 0.0 8.181805246746432 0.0 4.0 
137 7839739.8 96.31618345605558 79.65645786811702 143.67991210937492 0 233 2.8329 0.0 8.181805246746432 0.0 4.0 
138 7839773.1 96.31285983632297 79.65838941823704 143.67991210937492 0 233 2.8329 0.0 8.181805246746432 0.0 4.0 
139 7839806.5 96.31285983632297 79.65838941823704 143.67991210937492 0 233 2.8329 0.0 8.181805246746432 0.0 4.0 
140 7839839.8 96.31285983632297 79.65838941823704 143.67991210937492 0 233 2.8329 0.0 8.181805246746432 0.0 4.0 
141 7839873.1 96.30792588886939 79.65838941823704 143.67991210937492 0 233 2.8329 0.0 8.181805246746432 0.0 4.0 
142 7839906.5 96.30792588886939 79.65943523409922 143.67991210937492 0 233 2.8329 0.0 8.181805246746432 0.0 4.0 
143 7839939.8 96.30792588886939 79.65943523409922 143.67991210937492 0 233 2.8329 0.0 8.181805246746432 0.0 4.0 
144 7839973.1 96.30792588886939 79.65943523409922 143.67991210937492 0 233 2.8329 0.0 8.181805246746432 0.0 4.0 
145 7840006.5 96.3056775298435 79.65943523409922 143.67991210937492 0 233 2.8329 0.0 8.181805246746432 0.0 4.0 
146 7840039.8 96.3056775298435 79.65777718418514 143.67991210937492 0 233 2.8329 0.0 8.181805246746432 0.0 4.0 
147 7840073.1 96.3056775298435 79.65777718418514 143.67991210937492 0 233 2.8329 0.0 8.181805246746432 0.0 4.0 
148 7840106.5 96.3056775298435 79.65777718418514 143.67991210937492 0 233 2.8329 0.0 8.181805246746432 0.0 4.0 
149 7840139.8 96.30690584676948 79.6542179839545 143.67991210937492 0 233 2.8329 0.0 8.181805246746432 0.0 4.0 
150 7840173.1 96.30690584676948 79.6542179839545 143.67991210937492 0 233 2.8329 0.0 8.181805246746432 0.0 4.0 
151 7840206.5 96.30690584676948 79.6542179839545 143.67991210937492 0 233 2.8329 0.0 8.181805246746432 0.0 4.0 
152 7840239.8 96.31201289079277 79.6542179839545 143.67991210937492 0 233 2.8329 0.0 8.181805246746432 0.0 4.0 
153 7840273.2 96.31201289079277 79.65109515373317 143.67991210937492 0 233 2.8329 0.0 8.181805246746432 0.0 4.0 
154 7840306.5 96.31201289079277 79.65109515373317 143.67991210937492 0 233 2.8329 0.0 8.181805246746432 0.0 4.0 
155 7840339.8 96.3196410539094 79.65109515373317 143.67991210937492 0 233 2.8329 0.0 8.181805246746432 0.0 4.0 
156 7840373.2 96.3196410539094 79.64756058340315 143.67991210937492 0 233 2.8329 0.0 8.181805246746432 0.0 4.0 
157 7840406.5 96.3196410539094 79.64756058340315 143.67991210937492 0 233 2.8329 0.0 8.181805246746432 0.0 4.0 
158 7840439.8 96.3196410539094 79.64756058340315 143.67991210937492 0 233 2.8329 0.0 8.181805246746432 0.0 4.0 
159 7840473.2 96.32163737672023 79.64756058340315 143.67991210937492 0 233 2.8329 0.0 8.181805246746432 0.0 4.0 
160 7840506.5 96.32163737672023 79.64575114744474 143.67991210937492 0 233 2.8329 0.0 8.181805246746432 0.0 4.0 
161 7840539.8 96.32163737672023 79.64575114744474 143.67991210937492 0 233 2.8329 0.0 8.181805246746432 0.0 4.0 
162 7840573.2 96.32606125814613 79.64575114744474 143.67991210937492 0 233 2.8329 0.0 8.181805246746432 0.0 4.0 
163 7840606.5 96.32606125814613 79.64575114744474 143.67991210937492 0 233 2.8329 0.0 8.181805246746432 0.0 4.0 
164 7840639.9 96.32606125814613 79.64575114744474 143.67991210937492 0 233 2.8329 0.0 8.181805246746432 0.0 4.0 
165 7840673.2 96.32606125814613 79.64575114744474 143.67991210937492 0 233 2.8329 0.0 8.181805246746432 0.0 4.0 
166 7840706.5 96.3287052685606 79.64575114744474 143.67991210937492 0 233 2.8329 0.0 8.181805246746432 0.0 4.0 
167 7840739.9 96.3287052685606 79.64808997036464 143.67991210937492 0 233 2.8329 0.0 8.181805246746432 0.0 4.0 
168 7840773.2 96.3287052685606 79.64808997036464 143.67991210937492 0 233 2.8329 0.0 8.181805246746432 0.0 4.0 
169 7840806.5 96.33009044197391 79.64808997036464 143.67991210937492 0 233 2.8329 0.0 8.181805246746432 0.0 4.0 
170 7840839.9 96.33009044197391 79.65387944340658 143.67991210937492 0 233 2.8329 0.0 8.181805246746432 0.0 4.0 
171 7840873.2 96.33009044197391 79.65387944340658 143.67991210937492 0 233 2.8329 0.0 8.181805246746432 0.0 4.0 
172 7840906.5 96.32745733126355 79.65387944340658 143.67991210937492 0 233 2.8329 0.0 8.181805246746432 0.0 4.0 
173 7840939.9 96.32745733126355 79.65629773103028 143.67991210937492 0 233 2.8329 0.0 8.181805246746432 0.0 4.0 
174 7840973.2 96.32745733126355 79.65629773103028 143.67991210937492 0 233 2.8329 0.0 8.181805246746432 0.0 4.0 
175 7841006.5 96.32286041983592 79.65629773103028 143.67991210937492 0 233 2.8329 0.0 8.181805246746432 0.0 4.0 
176 7841039.9 96.32286041983592 79.65326181953294 143.67991210937492 0 233 2.8329 0.0 8.181805246746432 0.0 4.0 
177 7841073.2 96.32286041983592 79.65326181953294 143.67991210937492 0 233 2.8329 0.0 8.181805246746432 0.0 4.0 
178 7841106.6 96.32286041983592 79.65326181953294 143.67991210937492 0 233 2.8329 0.0 8.181805246746432 0.0 4.0 
179 7841139.9 96.32485555289283 79.65326181953294 143.67991210937492 0 233 2.8329 0.0 8.181805246746432 0.0 4.0 
180 7841173.2 96.32485555289283 79.64976178570036 143.67991210937492 0 233 2.8329 0.0 8.181805246746432 0.0 4.0 
181 7841206.6 96.32485555289283 79.64976178570036 143.67991210937492 0 233 2.8329 0.0 8.181805246746432 0.0 4.0 
182 7841239.9 96.32808409954241 79.64976178570036 143.67991210937492 0 233 2.8329 0.0 8.181805246746432 0.0 4.0 
183 7841273.2 96.32808409954241 79.64976178570036 143.67991210937492 0 233 2.8329 0.0 8.181805246746432 0.0 4.0 
184 7841306.6 96.33221469665689 79.6520602572909 143.67991210937492 0 233 2.8329 0.0 8.181805246746432 0.0 4.0 
185 7841339.9 96.33221469665689 79.6520602572909 143.67991210937492 0 233 2.8329 0.0 8.181805246746432 0.0 4.0 
186 7841373.2 96.33221469665689 79.6520602572909 143.67991210937492 0 233 2.8329 0.0 8.181805246746432 0.0 4.0 
187 7841406.6 96.3356286468475 79.65566318173396 143.67991210937492 0 233 2.8329 0.0 8.181805246746432 0.0 4.0 
188 7841439.9 96.3356286468475 79.65566318173396 143.67991210937492 0 233 2.8329 0.0 8.181805246746432 0.0 4.0 
189 7841473.3 96.3356286468475 79.65566318173396 143.67991210937492 0 233 2.8329 0.0 8.181805246746432 0.0 4.0 
190 7841506.6 96.3356286468475 79.65881093775428 143.67991210937492 0 233 2.8329 0.0 8.181805246746432 0.0 4.0 
191 7841539.9 96.3356286468475 79.65881093775428 143.67991210937492 0 233 2.8329 0.0 8.181805246746432 0.0 4.0 
192 7841573.3 96.3356286468475 79.65881093775428 143.67991210937492 0 233 2.8329 0.0 8.181805246746432 0.0 4.0 
193 7841606.6 96.33448409621674 79.65881093775428 143.67991210937492 0 233 2.8329 0.0 8.181805246746432 0.0 4.0 
194 7841639.9 96.33448409621674 79.66050997658203 143.67991210937492 0 233 2.8329 0.0 8.181805246746432 0.0 4.0 
195 7841673.3 96.33448409621674 79.66050997658203 143.67991210937492 0 233 2.8329 0.0 8.181805246746432 0.0 4.0 
196 7841706.6 96.33582101870947 79.66050997658203 143.67991210937492 0 233 2.8329 0.0 8.181805246746432 0.0 4.0 
197 7841739.9 96.33582101870947 79.66050997658203 143.67991210937492 0 233 2.8329 0.0 8.181805246746432 0.0 4.0 
198 7841773.3 96.33582101870947 79.66050997658203 143.67991210937492 0 233 2.8329 0.0 8.181805246746432 0.0 4.0 
199 7841806.6 96.33582101870947 79.66050997658203 143.67991210937492 0 233 2.8329 0.0 8.181805246746432 0.0 4.0 
200 7841839.9 96.33582101870947 79.66050997658203 143.67991210937492 0 233 2.8329 0.0 8.181805246746432 0.0 4.0 
201 7841873.3 96.33460299518526 79.66050997658203 143.67991210937492 0 233 2.8329 0.0 8.181805246746432 0.0 4.0 
202 7841906.6 96.33460299518526 79.6589149245423 143.67991210937492 0 233 2.8329 0.0 8.181805246746432 0.0 4.0 
203 7841940.0 96.33460299518526 79.6589149245423 143.67991210937492 0 233 2.8329 0.0 8.181805246746432 0.0 4.0 
204 7841973.3 96.33460299518526 79.6589149245423 143.67991210937492 0 233 2.8329 0.0 8.181805246746432 0.0 4.0 
205 7842006.6 96.33460299518526 79.65573532846237 143.67991210937492 0 233 2.8329 0.0 8.181805246746432 0.0 4.0 
206 7842040.0 96.33460299518526 79.65573532846237 143.67991210937492 0 233 2.8329 0.0 8.181805246746432 0.0 4.0 
207 7842073.3 96.33460299518526 79.65573532846237 143.67991210937492 0 233 2.8329 0.0 8.181805246746432 0.0 4.0 
208 7842106.6 96.33460299518526 79.65272478000058 143.67991210937492 0 233 2.8329 0.0 8.181805246746432 0.0 4.0 
209 7842140.0 96.33460299518526 79.65272478000058 143.67991210937492 0 233 2.8329 0.0 8.181805246746432 0.0 4.0 
210 7842173.3 96.33460299518526 79.65272478000058 143.67991210937492 0 233 2.8329 0.0 8.181805246746432 0.0 4.0 
211 7842206.6 96.33705061609764 79.65272478000058 143.67991210937492 0 233 2.8329 0.0 8.181805246746432 0.0 4.0 
212 7842240.0 96.33705061609764 79.65272478000058 143.67991210937492 0 233 2.8329 0.0 8.181805246746432 0.0 4.0 
213 7842273.3 96.33705061609764 79.65272478000058 143.67991210937492 0 233 2.8329 0.0 8.181805246746432 0.0 4.0 
214 7842306.7 96.33705061609764 79.65139942224963 143.67991210937492 0 233 2.8329 0.0 8.181805246746432 0.0 4.0 
215 7842340.0 96.33705061609764 79.65139942224963 143.67991210937492 0 233 2.8329 0.0 8.181805246746432 0.0 4.0 
216 7842373.3 96.34022116577185 79.65139942224963 143.67991210937492 0 233 2.8329 0.0 8.181805246746432 0.0 4.0 
217 7842406.7 96.34022116577185 79.65700338999424 143.67991210937492 0 233 2.8329 0.0 8.181805246746432 0.0 4.0 
218 7842440.0 96.34022116577185 79.65700338999424 143.67991210937492 0 233 2.8329 0.0 8.181805246746432 0.0 4.0 
219 7842473.3 96.34144624527981 79.65700338999424 143.67991210937492 0 233 2.8329 0.0 8.181805246746432 0.0 4.0 
220 7842506.7 96.34144624527981 79.66309032939635 143.67991210937492 0 233 2.8329 0.0 8.181805246746432 0.0 4.0 
221 7842540.0 96.34144624527981 79.66309032939635 143.67991210937492 0 233 2.8329 0.0 8.181805246746432 0.0 4.0 
222 7842573.3 96.34144624527981 79.66309032939635 143.67991210937492 0 233 2.8329 0.0 8.181805246746432 0.0 4.0 
223 7842606.7 96.33917932416503 79.66457120393004 143.67991210937492 0 233 2.8329 0.0 8.181805246746432 0.0 4.0 
224 7842640.0 96.33917932416503 79.66457120393004 143.67991210937492 0 233 2.8329 0.0 8.181805246746432 0.0 4.0 
225 7842673.3 96.33917932416503 79.66457120393004 143.67991210937492 0 233 2.8329 0.0 8.181805246746432 0.0 4.0 
226 7842706.7 96.33917932416503 79.66351861642576 143.67991210937492 0 233 2.8329 0.0 8.181805246746432 0.0 4.0 
227 7842740.0 96.33917932416503 79.66351861642576 143.67991210937492 0 233 2.8329 0.0 8.181805246746432 0.0 4.0 
228 7842773.4 96.33917932416503 79.66351861642576 143.67991210937492 0 233 2.8329 0.0 8.181805246746432 0.0 4.0 
229 7842806.7 96.33917932416503 79.660160688166 143.67991210937492 0 233 2.8329 0.0 8.181805246746432 0.0 4.0 
230 7842840.0 96.33917932416503 79.660160688166 143.67991210937492 0 233 2.8329 0.0 8.181805246746432 0.0 4.0 
231 7842873.4 96.34022783112833 79.660160688166 143.67991210937492 0 233 2.8329 0.0 8.181805246746432 0.0 4.0 
232 7842906.7 96.34022783112833 79.656228420524 143.67991210937492 0 233 2.8329 0.0 8.181805246746432 0.0 4.0 
233 7842940.0 96.34022783112833 79.656228420524 143.67991210937492 0 233 2.8329 0.0 8.181805246746432 0.0 4.0 
234 7842973.4 96.34022783112833 79.656228420524 143.67991210937492 0 233 2.8329 0.0 8.181805246746432 0.0 4.0 
235 7843006.7 96.3387746244338 79.6537938292944 143.67991210937492 0 233 2.8329 0.0 8.181805246746432 0.0 4.0 
236 7843040.0 96.3387746244338 79.6537938292944 143.67991210937492 0 233 2.8329 0.0 8.181805246746432 0.0 4.0 
237 7843073.4 96.3387746244338 79.6537938292944 143.67991210937492 0 233 2.8329 0.0 8.181805246746432 0.0 4.0 
238 7843106.7 96.34133182383664 79.6537938292944 143.67991210937492 0 233 2.8329 0.0 8.181805246746432 0.0 4.0 
239 7843140.1 96.34133182383664 79.65726228624285 143.67991210937492 0 233 2.8329 0.0 8.181805246746432 0.0 4.0 
240 7843173.4 96.34133182383664 79.65726228624285 143.67991210937492 0 233 2.8329 0.0 8.181805246746432 0.0 4.0 
241 7843206.7 96.34133182383664 79.65726228624285 143.67991210937492 0 233 2.8329 0.0 8.181805246746432 0.0 4.0 
242 7843240.1 96.3399721271014 79.65726228624285 143.67991210937492 0 233 2.8329 0.0 8.181805246746432 0.0 4.0 
243 7843273.4 96.3399721271014 79.65934047506607 143.67991210937492 0 233 2.8329 0.0 8.181805246746432 0.0 4.0 
244 7843306.7 96.3399721271014 79.65934047506607 143.67991210937492 0 233 2.8329 0.0 8.181805246746432 0.0 4.0 
245 7843340.1 96.33437821686358 79.65654333375895 143.67991210937492 0 233 2.8329 0.0 8.181805246746432 0.0 4.0 
246 7843373.4 96.33437821686358 79.65654333375895 143.67991210937492 0 233 2.8329 0.0 8.181805246746432 0.0 4.0 
247 7843406.7 96.33437821686358 79.65654333375895 143.67991210937492 0 233 2.8329 0.0 8.181805246746432 0.0 4.0 
248 7843440.1 96.33437821686358 79.65654333375895 143.67991210937492 0 233 2.8329 0.0 8.181805246746432 0.0 4.0 
249 7843473.4 96.33098256320751 79.65654333375895 143.67991210937492 0 233 2.8329 0.0 8.181805246746432 0.0 4.0 
250 7843506.7 96.33098256320751 79.65456124532489 143.67991210937492 0 233 2.8329 0.0 8.181805246746432 0.0 4.0 
251 7843540.1 96.33098256320751 79.65456124532489 143.67991210937492 0 233 2.8329 0.0 8.181805246746432 0.0 4.0 
252 7843573.4 96.33098256320751 79.65456124532489 143.67991210937492 0 233 2.8329 0.0 8.181805246746432 0.0 4.0 
253 7843606.8 96.33098256320751 79.65456124532489 143.67991210937492 0 233 2.8329 0.0 8.181805246746432 0.0 4.0 
254 7843640.1 96.33098256320751 79.65456124532489 143.67991210937492 0 233 2.8329 0.0 8.181805246746432 0.0 4.0 
255 7843673.4 96.33098256320751 79.65456124532489 143.67991210937492 0 233 2.8329 0.0 8.181805246746432 0.0 4.0 
256 7843706.8 96.3279430540578 79.65456124532489 143.67991210937492 0 233 2.8329 0.0 8.181805246746432 0.0 4.0 
257 7843740.1 96.3279430540578 79.65456124532489 143.67991210937492 0 233 2.8329 0.0 8.181805246746432 0.0 4.0 
258 7843773.4 96.32559997324606 79.65456124532489 143.67991210937492 0 233 2.8329 0.0 8.181805246746432 0.0 4.0 
259 7843806.8 96.32559997324606 79.65456124532489 143.67991210937492 0 233 2.8329 0.0 8.181805246746432 0.0 4.0 
260 7843840.1 96.32559997324606 79.65456124532489 143.67991210937492 0 233 2.8329 0.0 8.181805246746432 0.0 4.0 
261 7843873.4 96.32677002627712 79.65456124532489 143.67991210937492 0 233 2.8329 0.0 8.181805246746432 0.0 4.0 
262 7843906.8 96.32677002627712 79.65784792056337 143.67991210937492 0 233 2.8329 0.0 8.181805246746432 0.0 4.0 
263 7843940.1 96.32677002627712 79.65784792056337 143.67991210937492 0 233 2.8329 0.0 8.181805246746432 0.0 4.0 
264 7843973.5 96.33208038375493 79.65784792056337 143.67991210937492 0 233 2.8329 0.0 8.181805246746432 0.0 4.0 
265 7844006.8 96.33208038375493 79.66440861370775 143.67991210937492 0 233 2.8329 0.0 8.181805246746432 0.0 4.0 
266 7844040.1 96.33208038375493 79.66440861370775 143.67991210937492 0 233 2.8329 0.0 8.181805246746432 0.0 4.0 
267 7844073.5 96.33208038375493 79.66440861370775 143.67991210937492 0 233 2.8329 0.0 8.181805246746432 0.0 4.0 
268 7844106.8 96.33208038375493 79.66440861370775 143.67991210937492 0 233 2.8329 0.0 8.181805246746432 0.0 4.0 
269 7844140.1 96.33208038375493 79.66440861370775 143.67991210937492 0 233 2.8329 0.0 8.181805246746432 0.0 4.0 
270 7844173.5 96.32975835898381 79.66255981087852 143.67991210937492 0 233 2.8329 0.0 8.181805246746432 0.0 4.0 
271 7844206.8 96.32975835898381 79.66255981087852 143.67991210937492 0 233 2.8329 0.0 8.181805246746432 0.0 4.0 
272 7844240.1 96.32975835898381 79.66255981087852 143.67991210937492 0 233 2.8329 0.0 8.181805246746432 0.0 4.0 
273 7844273.5 96.3239994054942 79.6597099122364 143.67991210937492 0 233 2.8329 0.0 8.181805246746432 0.0 4.0 
274 7844306.8 96.3239994054942 79.6597099122364 143.67991210937492 0 233 2.8329 0.0 8.181805246746432 0.0 4.0 
275 7844340.1 96.32027505800797 79.6597099122364 143.67991210937492 0 233 2.8329 0.0 8.181805246746432 0.0 4.0 
276 7844373.5 96.32027505800797 79.6597099122364 143.67991210937492 0 233 2.8329 0.0 8.181805246746432 0.0 4.0 
277 7844406.8 96.32027505800797 79.6597099122364 143.67991210937492 0 233 2.8329 0.0 8.181805246746432 0.0 4.0 
278 7844440.2 96.31862340016296 79.6597099122364 143.67991210937492 0 233 2.8329 0.0 8.181805246746432 0.0 4.0 
279 7844473.5 96.31862340016296 79.6640804831599 143.67991210937492 0 233 2.8329 0.0 8.181805246746432 0.0 4.0 
280 7844506.8 96.31862340016296 79.6640804831599 143.67991210937492 0 233 2.8329 0.0 8.181805246746432 0.0 4.0 
281 7844540.2 96.31862340016296 79.6640804831599 143.67991210937492 0 233 2.8329 0.0 8.181805246746432 0.0 4.0 
282 7844573.5 96.32009598575792 79.67916347533156 143.67991210937492 0 233 2.8329 0.0 8.181805246746432 0.0 4.0 
283 7844606.8 96.32009598575792 79.67916347533156 143.67991210937492 0 233 2.8329 0.0 8.181805246746432 0.0 4.0 
284 7844640.2 96.32009598575792 79.67916347533156 143.67991210937492 0 233 2.8329 0.0 8.181805246746432 0.0 4.0 
285 7844673.5 96.32009598575792 79.67916347533156 143.67991210937492 0 233 2.8329 0.0 8.181805246746432 0.0 4.0 
286 7844706.8 96.32527401550425 79.67916347533156 143.67991210937492 0 233 2.8329 0.0 8.181805246746432 0.0 4.0 
287 7844740.2 96.32527401550425 79.68785830540277 143.67991210937492 0 233 2.8329 0.0 8.181805246746432 0.0 4.0 
288 7844773.5 96.32527401550425 79.68785830540277 143.67991210937492 0 233 2.8329 0.0 8.181805246746432 0.0 4.0 
289 7844806.9 96.32527401550425 79.68785830540277 143.67991210937492 0 233 2.8329 0.0 8.181805246746432 0.0 4.0 
290 7844840.2 96.33023416104152 79.68785830540277 143.67991210937492 0 233 2.8329 0.0 8.181805246746432 0.0 4.0 
291 7844873.5 96.33023416104152 79.68901767970229 143.67991210937492 0 233 2.8329 0.0 8.181805246746432 0.0 4.0 
292 7844906.9 96.33023416104152 79.68901767970229 143.67991210937492 0 233 2.8329 0.0 8.181805246746432 0.0 4.0 
293 7844940.2 96.33023416104152 79.68901767970229 143.67991210937492 0 233 2.8329 0.0 8.181805246746432 0.0 4.0 
294 7844973.5 96.33380694371442 79.68901767970229 143.67991210937492 0 233 2.8329 0.0 8.181805246746432 0.0 4.0 
295 7845006.9 96.33380694371442 79.68576833504127 143.67991210937492 0 233 2.8329 0.0 8.181805246746432 0.0 4.0 
296 7845040.2 96.33380694371442 79.68576833504127 143.67991210937492 0 233 2.8329 0.0 8.181805246746432 0.0 4.0 
297 7845073.5 96.33380694371442 79.68130437065349 143.67991210937492 0 233 2.8329 0.0 8.181805246746432 0.0 4.0 
298 7845106.9 96.33380694371442 79.68130437065349 143.67991210937492 0 233 2.8329 0.0 8.181805246746432 0.0 4.0 
299 7845140.2 96.33380694371442 79.68130437065349 143.67991210937492 0 233 2.8329 0.0 8.181805246746432 0.0 4.0 
300 7845173.5 96.33555819500997 79.68130437065349 143.67991210937492 0 233 2.8329 0.0 8.181805246746432 0.0 4.0 
301 7845206.9 96.33555819500997 79.68130437065349 143.67991210937492 0 233 2.8329 0.0 8.181805246746432 0.0 4.0 
302 7845240.2 96.33555819500997 79.68130437065349 143.67991210937492 0 233 2.8329 0.0 8.181805246746432 0.0 4.0 
303 7845273.6 96.33036274249832 79.67609593990244 143.67991210937492 0 233 2.8329 0.0 8.181805246746432 0.0 4.0 
304 7845306.9 96.33036274249832 79.67609593990244 143.67991210937492 0 233 2.8329 0.0 8.181805246746432 0.0 4.0 
305 7845340.2 96.33036274249832 79.67609593990244 143.67991210937492 0 233 2.8329 0.0 8.181805246746432 0.0 4.0 
306 7845373.6 96.33036274249832 79.67609593990244 143.67991210937492 0 233 2.8329 0.0 8.181805246746432 0.0 4.0 
307 7845406.9 96.31782842946012 79.67609593990244 143.67991210937492 0 233 2.8329 0.0 8.181805246746432 0.0 4.0 
308 7845440.2 96.31782842946012 79.66641073342737 143.67991210937492 0 233 2.8329 0.0 8.181805246746432 0.0 4.0 
309 7845473.6 96.31782842946012 79.66641073342737 143.67991210937492 0 233 2.8329 0.0 8.181805246746432 0.0 4.0 
310 7845506.9 96.31782842946012 79.66641073342737 143.67991210937492 0 233 2.8329 0.0 8.181805246746432 0.0 4.0 
311 7845540.2 96.30101551130782 79.66641073342737 143.67991210937492 0 233 2.8329 0.0 8.181805246746432 0.0 4.0 
312 7845573.6 96.30101551130782 79.65161619802544 143.67991210937492 0 233 2.8329 0.0 8.181805246746432 0.0 4.0 
313 7845606.9 96.30101551130782 79.65161619802544 143.67991210937492 0 233 2.8329 0.0 8.181805246746432 0.0 4.0 
314 7845640.3 96.30101551130782 79.65161619802544 143.67991210937492 0 233 2.8329 0.0 8.181805246746432 0.0 4.0 
315 7845673.6 96.2820372874759 79.63529602976891 143.67991210937492 0 233 2.8329 0.0 8.181805246746432 0.0 4.0 
316 7845706.9 96.2820372874759 79.63529602976891 143.67991210937492 0 233 2.8329 0.0 8.181805246746432 0.0 4.0 
317 7845740.3 96.2820372874759 79.63529602976891 143.67991210937492 0 233 2.8329 0.0 8.181805246746432 0.0 4.0 
318 7845773.6 96.2820372874759 79.63529602976891 143.67991210937492 0 233 2.8329 0.0 8.181805246746432 0.0 4.0 
319 7845806.9 96.26669627637209 79.62541831098432 143.67991210937492 0 233 2.8329 0.0 8.181805246746432 0.0 4.0 
320 7845840.3 96.26669627637209 79.62541831098432 143.67991210937492 0 233 2.8329 0.0 8.181805246746432 0.0 4.0 
321 7845873.6 96.26669627637209 79.62541831098432 143.67991210937492 0 233 2.8329 0.0 8.181805246746432 0.0 4.0 
322 7845906.9 96.26669627637209 79.62541831098432 143.67991210937492 0 233 2.8329 0.0 8.181805246746432 0.0 4.0 
323 7845940.3 96.25451290853766 79.62541831098432 143.67991210937492 0 233 2.8329 0.0 8.181805246746432 0.0 4.0 
324 7845973.6 96.25451290853766 79.61990070328375 143.67991210937492 0 233 2.8329 0.0 8.181805246746432 0.0 4.0 
325 7846006.9 96.25451290853766 79.61990070328375 143.67991210937492 0 233 2.8329 0.0 8.181805246746432 0.0 4.0 
326 7846040.3 96.25451290853766 79.61990070328375 143.67991210937492 0 233 2.8329 0.0 8.181805246746432 0.0 4.0 
327 7846073.6 96.24527296243713 79.6133989468921 143.67991210937492 0 233 2.8329 0.0 8.181805246746432 0.0 4.0 
328 7846107.0 96.24527296243713 79.6133989468921 143.67991210937492 0 233 2.8329 0.0 8.181805246746432 0.0 4.0 
329 7846140.3 96.24527296243713 79.6133989468921 143.67991210937492 0 233 2.8329 0.0 8.181805246746432 0.0 4.0 
330 7846173.6 96.23660878158373 79.60824776967935 143.67991210937492 0 233 2.8329 0.0 8.181805246746432 0.0 4.0 
331 7846207.0 96.23660878158373 79.60824776967935 143.67991210937492 0 233 2.8329 0.0 8.181805246746432 0.0 4.0 
332 7846240.3 96.23660878158373 79.60824776967935 143.67991210937492 0 233 2.8329 0.0 8.181805246746432 0.0 4.0 
333 7846273.6 96.23407580564566 79.60824776967935 143.67991210937492 0 233 2.8329 0.0 8.181805246746432 0.0 4.0 
334 7846307.0 96.23407580564566 79.60824776967935 143.67991210937492 0 233 2.8329 0.0 8.181805246746432 0.0 4.0 
335 7846340.3 96.23407580564566 79.60824776967935 143.67991210937492 0 233 2.8329 0.0 8.181805246746432 0.0 4.0 
336 7846373.6 96.22842684385239 79.60824776967935 143.67991210937492 0 233 2.8329 0.0 8.181805246746432 0.0 4.0 
337 7846407.0 96.22842684385239 79.60666485371763 143.67991210937492 0 233 2.8329 0.0 8.181805246746432 0.0 4.0 
338 7846440.3 96.22842684385239 79.60666485371763 143.67991210937492 0 233 2.8329 0.0 8.181805246746432 0.0 4.0 
339 7846473.7 96.22842684385239 79.60666485371763 143.67991210937492 0 233 2.8329 0.0 8.181805246746432 0.0 4.0 
340 7846507.0 96.22330908312968 79.60666485371763 143.67991210937492 0 233 2.8329 0.0 8.181805246746432 0.0 4.0 
341 7846540.3 96.22330908312968 79.60666485371763 143.67991210937492 0 233 2.8329 0.0 8.181805246746432 0.0 4.0 
342 7846573.7 96.22330908312968 79.60666485371763 143.67991210937492 0 233 2.8329 0.0 8.181805246746432 0.0 4.0 
343 7846607.0 96.22024526612087 79.60666485371763 143.67991210937492 0 233 2.8329 0.0 8.181805246746432 0.0 4.0 
344 7846640.3 96.22024526612087 79.60666485371763 143.67991210937492 0 233 2.8329 0.0 8.181805246746432 0.0 4.0 
345 7846673.7 96.22024526612087 79.60666485371763 143.67991210937492 0 233 2.8329 0.0 8.181805246746432 0.0 4.0 
346 7846707.0 96.22024526612087 79.60666485371763 143.67991210937492 0 233 2.8329 0.0 8.181805246746432 0.0 4.0 
347 7846740.3 96.22024526612087 79.60416129283463 143.67991210937492 0 233 2.8329 0.0 8.181805246746432 0.0 4.0 
348 7846773.7 96.22024526612087 79.60416129283463 143.67991210937492 0 233 2.8329 0.0 8.181805246746432 0.0 4.0 
349 7846807.0 96.22024526612087 79.60416129283463 143.67991210937492 0 233 2.8329 0.0 8.181805246746432 0.0 4.0 
350 7846840.3 96.2213418622451 79.60416129283463 143.67991210937492 0 233 2.8329 0.0 8.181805246746432 0.0 4.0 
351 7846873.7 96.2213418622451 79.60416129283463 143.67991210937492 0 233 2.8329 0.0 8.181805246746432 0.0 4.0 
352 7846907.0 96.2213418622451 79.60416129283463 143.67991210937492 0 233 2.8329 0.0 8.181805246746432 0.0 4.0 
353 7846940.4 96.2213418622451 79.6028111223641 143.67991210937492 0 233 2.8329 0.0 8.181805246746432 0.0 4.0 
354 7846973.7 96.2213418622451 79.6028111223641 143.67991210937492 0 233 2.8329 0.0 8.181805246746432 0.0 4.0 
355 7847007.0 96.2213418622451 79.6028111223641 143.67991210937492 0 233 2.8329 0.0 8.181805246746432 0.0 4.0 
356 7847040.4 96.22301906732802 79.60411293767783 143.67991210937492 0 233 2.8329 0.0 8.181805246746432 0.0 4.0 
357 7847073.7 96.22301906732802 79.60411293767783 143.67991210937492 0 233 2.8329 0.0 8.181805246746432 0.0 4.0 
358 7847107.0 96.22301906732802 79.60411293767783 143.67991210937492 0 233 2.8329 0.0 8.181805246746432 0.0 4.0 
359 7847140.4 96.22041837242249 79.60411293767783 143.67991210937492 0 233 2.8329 0.0 8.181805246746432 0.0 4.0 
360 7847173.7 96.22041837242249 79.60700769665716 143.67991210937492 0 233 2.8329 0.0 8.181805246746432 0.0 4.0 
361 7847207.0 96.22041837242249 79.60700769665716 143.67991210937492 0 233 2.8329 0.0 8.181805246746432 0.0 4.0 
362 7847240.4 96.22041837242249 79.60700769665716 143.67991210937492 0 233 2.8329 0.0 8.181805246746432 0.0 4.0 
363 7847273.7 96.21734480340065 79.60700769665716 143.67991210937492 0 233 2.8329 0.0 8.181805246746432 0.0 4.0 
364 7847307.1 96.21734480340065 79.60937087589821 143.67991210937492 0 233 2.8329 0.0 8.181805246746432 0.0 4.0 
365 7847340.4 96.21734480340065 79.60937087589821 143.67991210937492 0 233 2.8329 0.0 8.181805246746432 0.0 4.0 
366 7847373.7 96.21734480340065 79.60937087589821 143.67991210937492 0 233 2.8329 0.0 8.181805246746432 0.0 4.0 
367 7847407.1 96.21734480340065 79.60937087589821 143.67991210937492 0 233 2.8329 0.0 8.181805246746432 0.0 4.0 
368 7847440.4 96.21734480340065 79.60937087589821 143.67991210937492 0 233 2.8329 0.0 8.181805246746432 0.0 4.0 
369 7847473.7 96.21460308182938 79.60937087589821 143.67991210937492 0 233 2.8329 0.0 8.181805246746432 0.0 4.0 
370 7847507.1 96.21460308182938 79.60736712563947 143.67991210937492 0 233 2.8329 0.0 8.181805246746432 0.0 4.0 
371 7847540.4 96.21460308182938 79.60736712563947 143.67991210937492 0 233 2.8329 0.0 8.181805246746432 0.0 4.0 
372 7847573.7 96.21460308182938 79.60736712563947 143.67991210937492 0 233 2.8329 0.0 8.181805246746432 0.0 4.0 
373 7847607.1 96.21339778687054 79.60736712563947 143.67991210937492 0 233 2.8329 0.0 8.181805246746432 0.0 4.0 
374 7847640.4 96.21339778687054 79.60736712563947 143.67991210937492 0 233 2.8329 0.0 8.181805246746432 0.0 4.0 
375 7847673.7 96.21056880580913 79.60736712563947 143.67991210937492 0 233 2.8329 0.0 8.181805246746432 0.0 4.0 
376 7847707.1 96.21056880580913 79.60736712563947 143.67991210937492 0 233 2.8329 0.0 8.181805246746432 0.0 4.0 
377 7847740.4 96.21056880580913 79.60736712563947 143.67991210937492 0 233 2.8329 0.0 8.181805246746432 0.0 4.0 
378 7847773.8 96.21056880580913 79.60910140407174 143.67991210937492 0 233 2.8329 0.0 8.181805246746432 0.0 4.0 
379 7847807.1 96.21056880580913 79.60910140407174 143.67991210937492 0 233 2.8329 0.0 8.181805246746432 0.0 4.0 
380 7847840.4 96.21056880580913 79.60910140407174 143.67991210937492 0 233 2.8329 0.0 8.181805246746432 0.0 4.0 
381 7847873.8 96.20811242971729 79.60910140407174 143.67991210937492 0 233 2.8329 0.0 8.181805246746432 0.0 4.0 
382 7847907.1 96.20811242971729 79.60910140407174 143.67991210937492 0 233 2.8329 0.0 8.181805246746432 0.0 4.0 
383 7847940.4 96.20811242971729 79.60910140407174 143.67991210937492 0 233 2.8329 0.0 8.181805246746432 0.0 4.0 
384 7847973.8 96.20650332656264 79.60910140407174 143.67991210937492 0 233 2.8329 0.0 8.181805246746432 0.0 4.0 
385 7848007.1 96.20650332656264 79.60800301182489 143.67991210937492 0 233 2.8329 0.0 8.181805246746432 0.0 4.0 
386 7848040.4 96.20650332656264 79.60800301182489 143.67991210937492 0 233 2.8329 0.0 8.181805246746432 0.0 4.0 
387 7848073.8 96.20650332656264 79.60800301182489 143.67991210937492 0 233 2.8329 0.0 8.181805246746432 0.0 4.0 
388 7848107.1 96.20650332656264 79.6045177780737 143.67991210937492 0 233 2.8329 0.0 8.181805246746432 0.0 4.0 
389 7848140.5 96.20650332656264 79.6045177780737 143.67991210937492 0 233 2.8329 0.0 8.181805246746432 0.0 4.0 
390 7848173.8 96.20650332656264 79.6045177780737 143.67991210937492 0 233 2.8329 0.0 8.181805246746432 0.0 4.0 
391 7848207.1 96.20328794122109 79.59983826562177 143.67991210937492 0 233 2.8329 0.0 8.181805246746432 0.0 4.0 
392 7848240.5 96.20328794122109 79.59983826562177 143.67991210937492 0 233 2.8329 0.0 8.181805246746432 0.0 4.0 
393 7848273.8 96.20328794122109 79.59983826562177 143.67991210937492 0 233 2.8329 0.0 8.181805246746432 0.0 4.0 
394 7848307.1 96.20328794122109 79.59983826562177 143.67991210937492 0 233 2.8329 0.0 8.181805246746432 0.0 4.0 
395 7848340.5 96.1961633482008 79.59983826562177 143.67991210937492 0 233 2.8329 0.0 8.181805246746432 0.0 4.0 
396 7848373.8 96.1961633482008 79.59741565774293 143.67991210937492 0 233 2.8329 0.0 8.181805246746432 0.0 4.0 
397 7848407.1 96.1961633482008 79.59741565774293 143.67991210937492 0 233 2.8329 0.0 8.181805246746432 0.0 4.0 
398 7848440.5 96.1961633482008 79.59741565774293 143.67991210937492 0 233 2.8329 0.0 8.181805246746432 0.0 4.0 
399 7848473.8 96.18065065675165 79.59741565774293 143.67991210937492 0 233 2.8329 0.0 8.181805246746432 0.0 4.0 
400 7848507.1 96.18065065675165 79.59205033739006 143.67991210937492 0 233 2.8329 0.0 8.181805246746432 0.0 4.0 
401 7848540.5 96.18065065675165 79.59205033739006 143.67991210937492 0 233 2.8329 0.0 8.181805246746432 0.0 4.0 
402 7848573.8 96.18065065675165 79.59205033739006 143.67991210937492 0 233 2.8329 0.0 8.181805246746432 0.0 4.0 
403 7848607.2 96.16120129772054 79.58577344135034 143.67991210937492 0 233 2.8329 0.0 8.181805246746432 0.0 4.0 
404 7848640.5 96.16120129772054 79.58577344135034 143.67991210937492 0 233 2.8329 0.0 8.181805246746432 0.0 4.0 
405 7848673.8 96.16120129772054 79.58577344135034 143.67991210937492 0 233 2.8329 0.0 8.181805246746432 0.0 4.0 
406 7848707.2 96.14781979740411 79.58577344135034 143.67991210937492 0 233 2.8329 0.0 8.181805246746432 0.0 4.0 
407 7848740.5 96.14781979740411 79.57888475341657 143.67991210937492 0 233 2.8329 0.0 8.181805246746432 0.0 4.0 
408 7848773.8 96.14781979740411 79.57888475341657 143.67991210937492 0 233 2.8329 0.0 8.181805246746432 0.0 4.0 
409 7848807.2 96.13849742744836 79.57888475341657 143.67991210937492 0 233 2.8329 0.0 8.181805246746432 0.0 4.0 
410 7848840.5 96.13849742744836 79.57354353886703 143.67991210937492 0 233 2.8329 0.0 8.181805246746432 0.0 4.0 
411 7848873.8 96.13849742744836 79.57354353886703 143.67991210937492 0 233 2.8329 0.0 8.181805246746432 0.0 4.0 
412 7848907.2 96.13849742744836 79.57354353886703 143.67991210937492 0 233 2.8329 0.0 8.181805246746432 0.0 4.0 
413 7848940.5 96.12798643773374 79.56904389825507 143.67991210937492 0 233 2.8329 0.0 8.181805246746432 0.0 4.0 
414 7848973.9 96.12798643773374 79.56904389825507 143.67991210937492 0 233 2.8329 0.0 8.181805246746432 0.0 4.0 
415 7849007.2 96.12798643773374 79.56904389825507 143.67991210937492 0 233 2.8329 0.0 8.181805246746432 0.0 4.0 
416 7849040.5 96.12798643773374 79.56904389825507 143.67991210937492 0 233 2.8329 0.0 8.181805246746432 0.0 4.0 
417 7849073.9 96.11937800509867 79.56904389825507 143.67991210937492 0 233 2.8329 0.0 8.181805246746432 0.0 4.0 
418 7849107.2 96.11937800509867 79.56801676304913 143.67991210937492 0 233 2.8329 0.0 8.181805246746432 0.0 4.0 
419 7849140.5 96.11937800509867 79.56801676304913 143.67991210937492 0 233 2.8329 0.0 8.181805246746432 0.0 4.0 
420 7849173.9 96.11937800509867 79.56801676304913 143.67991210937492 0 233 2.8329 0.0 8.181805246746432 0.0 4.0 
421 7849207.2 96.10980915605523 79.56801676304913 143.67991210937492 0 233 2.8329 0.0 8.181805246746432 0.0 4.0 
422 7849240.5 96.10980915605523 79.56630299236825 143.67991210937492 0 233 2.8329 0.0 8.181805246746432 0.0 4.0 
423 7849273.9 96.10980915605523 79.56630299236825 143.67991210937492 0 233 2.8329 0.0 8.181805246746432 0.0 4.0 
424 7849307.2 96.1042506704309 79.56630299236825 143.67991210937492 0 233 2.8329 0.0 8.181805246746432 0.0 4.0 
425 7849340.5 96.1042506704309 79.56490447764658 143.67991210937492 0 233 2.8329 0.0 8.181805246746432 0.0 4.0 
426 7849373.9 96.1042506704309 79.56490447764658 143.67991210937492 0 233 2.8329 0.0 8.181805246746432 0.0 4.0 
427 7849407.2 96.1042506704309 79.56490447764658 143.67991210937492 0 233 2.8329 0.0 8.181805246746432 0.0 4.0 
428 7849440.6 96.10058512541244 79.56490447764658 143.67991210937492 0 233 2.8329 0.0 8.181805246746432 0.0 4.0 
429 7849473.9 96.10058512541244 79.56287046057793 143.67991210937492 0 233 2.8329 0.0 8.181805246746432 0.0 4.0 
430 7849507.2 96.10058512541244 79.56287046057793 143.67991210937492 0 233 2.8329 0.0 8.181805246746432 0.0 4.0 
431 7849540.6 96.10058512541244 79.56287046057793 143.67991210937492 0 233 2.8329 0.0 8.181805246746432 0.0 4.0 
432 7849573.9 96.09617802821039 79.56287046057793 143.67991210937492 0 233 2.8329 0.0 8.181805246746432 0.0 4.0 
433 7849607.2 96.09617802821039 79.56171184206883 143.67991210937492 0 233 2.8329 0.0 8.181805246746432 0.0 4.0 
434 7849640.6 96.09617802821039 79.56171184206883 143.67991210937492 0 233 2.8329 0.0 8.181805246746432 0.0 4.0 
435 7849673.9 96.09617802821039 79.56171184206883 143.67991210937492 0 233 2.8329 0.0 8.181805246746432 0.0 4.0 
436 7849707.2 96.08835690848326 79.56171184206883 143.67991210937492 0 233 2.8329 0.0 8.181805246746432 0.0 4.0 
437 7849740.6 96.08835690848326 79.55947469399385 143.67991210937492 0 233 2.8329 0.0 8.181805246746432 0.0 4.0 
438 7849773.9 96.08835690848326 79.55947469399385 143.67991210937492 0 233 2.8329 0.0 8.181805246746432 0.0 4.0 
439 7849807.3 96.08835690848326 79.55947469399385 143.67991210937492 0 233 2.8329 0.0 8.181805246746432 0.0 4.0 
440 7849840.6 96.07819586338135 79.55947469399385 143.67991210937492 0 233 2.8329 0.0 8.181805246746432 0.0 4.0 
441 7849873.9 96.07819586338135 79.55653800926088 143.67991210937492 0 233 2.8329 0.0 8.181805246746432 0.0 4.0 
442 7849907.3 96.07819586338135 79.55653800926088 143.67991210937492 0 233 2.8329 0.0 8.181805246746432 0.0 4.0 
443 7849940.6 96.07819586338135 79.55653800926088 143.67991210937492 0 233 2.8329 0.0 8.181805246746432 0.0 4.0 
444 7849973.9 96.06660295755847 79.55653800926088 143.67991210937492 0 233 2.8329 0.0 8.181805246746432 0.0 4.0 
445 7850007.3 96.06660295755847 79.55194214148459 143.67991210937492 0 233 2.8329 0.0 8.181805246746432 0.0 4.0 
446 7850040.6 96.06660295755847 79.55194214148459 143.67991210937492 0 233 2.8329 0.0 8.181805246746432 0.0 4.0 
447 7850073.9 96.06660295755847 79.55194214148459 143.67991210937492 0 233 2.8329 0.0 8.181805246746432 0.0 4.0 
448 7850107.3 96.0569584460483 79.55194214148459 143.67991210937492 0 233 2.8329 0.0 8.181805246746432 0.0 4.0 
449 7850140.6 96.0569584460483 79.5483874902188 143.67991210937492 0 233 2.8329 0.0 8.181805246746432 0.0 4.0 
450 7850173.9 96.0569584460483 79.5483874902188 143.67991210937492 0 233 2.8329 0.0 8.181805246746432 0.0 4.0 
451 7850207.3 96.0569584460483 79.5483874902188 143.67991210937492 0 233 2.8329 0.0 8.181805246746432 0.0 4.0 
452 7850240.6 96.04775149488515 79.5483874902188 143.67991210937492 0 233 2.8329 0.0 8.181805246746432 0.0 4.0 
453 7850274.0 96.04775149488515 79.5441581168457 143.67991210937492 0 233 2.8329 0.0 8.181805246746432 0.0 4.0 
454 7850307.3 96.04775149488515 79.5441581168457 143.67991210937492 0 233 2.8329 0.0 8.181805246746432 0.0 4.0 
455 7850340.6 96.04775149488515 79.5441581168457 143.67991210937492 0 233 2.8329 0.0 8.181805246746432 0.0 4.0 
456 7850374.0 96.0389226465095 79.5441581168457 143.67991210937492 0 233 2.8329 0.0 8.181805246746432 0.0 4.0 
457 7850407.3 96.0389226465095 79.53894305714242 143.67991210937492 0 233 2.8329 0.0 8.181805246746432 0.0 4.0 
458 7850440.6 96.0389226465095 79.53894305714242 143.67991210937492 0 233 2.8329 0.0 8.181805246746432 0.0 4.0 
459 7850474.0 96.03229696624088 79.53894305714242 143.67991210937492 0 233 2.8329 0.0 8.181805246746432 0.0 4.0 
460 7850507.3 96.03229696624088 79.53416134973722 143.67991210937492 0 233 2.8329 0.0 8.181805246746432 0.0 4.0 
461 7850540.6 96.03229696624088 79.53416134973722 143.67991210937492 0 233 2.8329 0.0 8.181805246746432 0.0 4.0 
462 7850574.0 96.03229696624088 79.53416134973722 143.67991210937492 0 233 2.8329 0.0 8.181805246746432 0.0 4.0 
463 7850607.3 96.02507410823911 79.53416134973722 143.67991210937492 0 233 2.8329 0.0 8.181805246746432 0.0 4.0 
464 7850640.7 96.02507410823911 79.53084149631366 143.67991210937492 0 233 2.8329 0.0 8.181805246746432 0.0 4.0 
465 7850674.0 96.02507410823911 79.53084149631366 143.67991210937492 0 233 2.8329 0.0 8.181805246746432 0.0 4.0 
466 7850707.3 96.02507410823911 79.53084149631366 143.67991210937492 0 233 2.8329 0.0 8.181805246746432 0.0 4.0 
467 7850740.7 96.01848374964112 79.53084149631366 143.67991210937492 0 233 2.8329 0.0 8.181805246746432 0.0 4.0 
468 7850774.0 96.01848374964112 79.52629748770792 143.67991210937492 0 233 2.8329 0.0 8.181805246746432 0.0 4.0 
469 7850807.3 96.01848374964112 79.52629748770792 143.67991210937492 0 233 2.8329 0.0 8.181805246746432 0.0 4.0 
470 7850840.7 96.01848374964112 79.52629748770792 143.67991210937492 0 233 2.8329 0.0 8.181805246746432 0.0 4.0 
471 7850874.0 96.01000826877102 79.52629748770792 143.67991210937492 0 233 2.8329 0.0 8.181805246746432 0.0 4.0 
472 7850907.3 96.01000826877102 79.51912750580539 143.67991210937492 0 233 2.8329 0.0 8.181805246746432 0.0 4.0 
473 7850940.7 96.01000826877102 79.51912750580539 143.67991210937492 0 233 2.8329 0.0 8.181805246746432 0.0 4.0 
474 7850974.0 96.00004810171343 79.50862731255604 143.67991210937492 0 233 2.8329 0.0 8.181805246746432 0.0 4.0 
475 7851007.3 96.00004810171343 79.50862731255604 143.67991210937492 0 233 2.8329 0.0 8.181805246746432 0.0 4.0 
476 7851040.7 96.00004810171343 79.50862731255604 143.67991210937492 0 233 2.8329 0.0 8.181805246746432 0.0 4.0 
477 7851074.0 95.99334032092129 79.50862731255604 143.67991210937492 0 233 2.8329 0.0 8.181805246746432 0.0 4.0 
478 7851107.4 95.99334032092129 79.49944517401859 143.67991210937492 0 233 2.8329 0.0 8.181805246746432 0.0 4.0 
479 7851140.7 95.99334032092129 79.49944517401859 143.67991210937492 0 233 2.8329 0.0 8.181805246746432 0.0 4.0 
480 7851174.0 95.99334032092129 79.49944517401859 143.67991210937492 0 233 2.8329 0.0 8.181805246746432 0.0 4.0 
481 7851207.4 95.98567930074684 79.49944517401859 143.67991210937492 0 233 2.8329 0.0 8.181805246746432 0.0 4.0 
482 7851240.7 95.98567930074684 79.48763497902054 143.67991210937492 0 233 2.8329 0.0 8.181805246746432 0.0 4.0 
483 7851274.0 95.98567930074684 79.48763497902054 143.67991210937492 0 233 2.8329 0.0 8.181805246746432 0.0 4.0 
484 7851307.4 95.98567930074684 79.48763497902054 143.67991210937492 0 233 2.8329 0.0 8.181805246746432 0.0 4.0 
485 7851340.7 95.97907214969487 79.48763497902054 143.67991210937492 0 233 2.8329 0.0 8.181805246746432 0.0 4.0 
486 7851374.0 95.97907214969487 79.48459233730642 143.67991210937492 0 233 2.8329 0.0 8.181805246746432 0.0 4.0 
487 7851407.4 95.97907214969487 79.48459233730642 143.67991210937492 0 233 2.8329 0.0 8.181805246746432 0.0 4.0 
488 7851440.7 95.97907214969487 79.48459233730642 143.67991210937492 0 233 2.8329 0.0 8.181805246746432 0.0 4.0 
489 7851474.1 95.97572534963227 79.48459233730642 143.67991210937492 0 233 2.8329 0.0 8.181805246746432 0.0 4.0 
490 7851507.4 95.97572534963227 79.47752988819286 143.67991210937492 0 233 2.8329 0.0 8.181805246746432 0.0 4.0 
491 7851540.7 95.97572534963227 79.47752988819286 143.67991210937492 0 233 2.8329 0.0 8.181805246746432 0.0 4.0 
492 7851574.1 95.97572534963227 79.47752988819286 143.67991210937492 0 233 2.8329 0.0 8.181805246746432 0.0 4.0 
493 7851607.4 95.97121004031395 79.47752988819286 143.67991210937492 0 233 2.8329 0.0 8.181805246746432 0.0 4.0 
494 7851640.7 95.97121004031395 79.46516771813437 143.67991210937492 0 233 2.8329 0.0 8.181805246746432 0.0 4.0 
495 7851674.1 95.97121004031395 79.46516771813437 143.67991210937492 0 233 2.8329 0.0 8.181805246746432 0.0 4.0 
496 7851707.4 95.96828564026328 79.45497329700798 143.67991210937492 0 233 2.8329 0.0 8.181805246746432 0.0 4.0 
497 7851740.7 95.96828564026328 79.45497329700798 143.67991210937492 0 233 2.8329 0.0 8.181805246746432 0.0 4.0 
498 7851774.1 95.96828564026328 79.45497329700798 143.67991210937492 0 233 2.8329 0.0 8.181805246746432 0.0 4.0 
499 7851807.4 95.96828564026328 79.45497329700798 143.67991210937492 0 233 2.8329 0.0 8.181805246746432 0.0 4.0 
500 7851840.7 95.96567949367258 79.45497329700798 143.67991210937492 0 233 2.8329 0.0 8.181805246746432 0.0 4.0 
501 7851874.1 95.96567949367258 79.45102116687511 143.67991210937492 0 233 2.8329 0.0 8.181805246746432 0.0 4.0 
502 7851907.4 95.96567949367258 79.45102116687511 143.67991210937492 0 233 2.8329 0.0 8.181805246746432 0.0 4.0 
503 7851940.8 95.96567949367258 79.45102116687511 143.67991210937492 0 233 2.8329 0.0 8.181805246746432 0.0 4.0 
504 7851974.1 95.96393258389902 79.45102116687511 143.67991210937492 0 233 2.8329 0.0 8.181805246746432 0.0 4.0 
505 7852007.4 95.96393258389902 79.44502608231637 143.67991210937492 0 233 2.8329 0.0 8.181805246746432 0.0 4.0 
506 7852040.8 95.96393258389902 79.44502608231637 143.67991210937492 0 233 2.8329 0.0 8.181805246746432 0.0 4.0 
507 7852074.1 95.96393258389902 79.44502608231637 143.67991210937492 0 233 2.8329 0.0 8.181805246746432 0.0 4.0 
508 7852107.4 95.96126978692173 79.43451519611543 143.67991210937492 0 233 2.8329 0.0 8.181805246746432 0.0 4.0 
509 7852140.8 95.96126978692173 79.43451519611543 143.67991210937492 0 233 2.8329 0.0 8.181805246746432 0.0 4.0 
510 7852174.1 95.96126978692173 79.43451519611543 143.67991210937492 0 233 2.8329 0.0 8.181805246746432 0.0 4.0 
511 7852207.4 95.96126978692173 79.43451519611543 143.67991210937492 0 233 2.8329 0.0 8.181805246746432 0.0 4.0 
512 7852240.8 95.95464075247874 79.43451519611543 143.67991210937492 0 233 2.8329 0.0 8.181805246746432 0.0 4.0 
513 7852274.1 95.95464075247874 79.42804558159578 143.67991210937492 0 233 2.8329 0.0 8.181805246746432 0.0 4.0 
514 7852307.5 95.95464075247874 79.42804558159578 143.67991210937492 0 233 2.8329 0.0 8.181805246746432 0.0 4.0 
515 7852340.8 95.95464075247874 79.42804558159578 143.67991210937492 0 233 2.8329 0.0 8.181805246746432 0.0 4.0 
516 7852374.1 95.9482642244328 79.42804558159578 143.67991210937492 0 233 2.8329 0.0 8.181805246746432 0.0 4.0 
517 7852407.5 95.9482642244328 79.4236843640269 143.67991210937492 0 233 2.8329 0.0 8.181805246746432 0.0 4.0 
518 7852440.8 95.9482642244328 79.4236843640269 143.67991210937492 0 233 2.8329 0.0 8.181805246746432 0.0 4.0 
519 7852474.1 95.9482642244328 79.4236843640269 143.67991210937492 0 233 2.8329 0.0 8.181805246746432 0.0 4.0 
520 7852507.5 95.94064578572744 79.41770744985907 143.67991210937492 0 233 2.8329 0.0 8.181805246746432 0.0 4.0 
521 7852540.8 95.94064578572744 79.41770744985907 143.67991210937492 0 233 2.8329 0.0 8.181805246746432 0.0 4.0 
522 7852574.1 95.94064578572744 79.41770744985907 143.67991210937492 0 233 2.8329 0.0 8.181805246746432 0.0 4.0 
523 7852607.5 95.94064578572744 79.41770744985907 143.67991210937492 0 233 2.8329 0.0 8.181805246746432 0.0 4.0 
524 7852640.8 95.93184861799544 79.41770744985907 143.67991210937492 0 233 2.8329 0.0 8.181805246746432 0.0 4.0 
525 7852674.1 95.93184861799544 79.41259243495105 143.67991210937492 0 233 2.8329 0.0 8.181805246746432 0.0 4.0 
526 7852707.5 95.93184861799544 79.41259243495105 143.67991210937492 0 233 2.8329 0.0 8.181805246746432 0.0 4.0 
527 7852740.8 95.93184861799544 79.41259243495105 143.67991210937492 0 233 2.8329 0.0 8.181805246746432 0.0 4.0 
528 7852774.2 95.92232990917186 79.41259243495105 143.67991210937492 0 233 2.8329 0.0 8.181805246746432 0.0 4.0 
529 7852807.5 95.92232990917186 79.40910363131803 143.67991210937492 0 233 2.8329 0.0 8.181805246746432 0.0 4.0 
530 7852840.8 95.92232990917186 79.40910363131803 143.67991210937492 0 233 2.8329 0.0 8.181805246746432 0.0 4.0 
531 7852874.2 95.91481278846786 79.40910363131803 143.67991210937492 0 233 2.8329 0.0 8.181805246746432 0.0 4.0 
532 7852907.5 95.91481278846786 79.40910363131803 143.67991210937492 0 233 2.8329 0.0 8.181805246746432 0.0 4.0 
533 7852940.8 95.91481278846786 79.40910363131803 143.67991210937492 0 233 2.8329 0.0 8.181805246746432 0.0 4.0 
534 7852974.2 95.91046624821135 79.40910363131803 143.67991210937492 0 233 2.8329 0.0 8.181805246746432 0.0 4.0 
535 7853007.5 95.91046624821135 79.41574347801317 143.67991210937492 0 233 2.8329 0.0 8.181805246746432 0.0 4.0 
536 7853040.8 95.91046624821135 79.41574347801317 143.67991210937492 0 233 2.8329 0.0 8.181805246746432 0.0 4.0 
537 7853074.2 95.91046624821135 79.41574347801317 143.67991210937492 0 233 2.8329 0.0 8.181805246746432 0.0 4.0 
538 7853107.5 95.91046624821135 79.43713904989508 143.67991210937492 0 233 2.8329 0.0 8.181805246746432 0.0 4.0 
539 7853140.9 95.91046624821135 79.43713904989508 143.67991210937492 0 233 2.8329 0.0 8.181805246746432 0.0 4.0 
540 7853174.2 95.91046624821135 79.43713904989508 143.67991210937492 0 233 2.8329 0.0 8.181805246746432 0.0 4.0 
541 7853207.5 95.91046624821135 79.43713904989508 143.67991210937492 0 233 2.8329 0.0 8.181805246746432 0.0 4.0 
542 7853240.9 95.91601136211365 79.43713904989508 143.67991210937492 0 233 2.8329 0.0 8.181805246746432 0.0 4.0 
543 7853274.2 95.91601136211365 79.4499923408653 143.67991210937492 0 233 2.8329 0.0 8.181805246746432 0.0 4.0 
544 7853307.5 95.91601136211365 79.4499923408653 143.67991210937492 0 233 2.8329 0.0 8.181805246746432 0.0 4.0 
545 7853340.9 95.91601136211365 79.4499923408653 143.67991210937492 0 233 2.8329 0.0 8.181805246746432 0.0 4.0 
546 7853374.2 95.92387804297965 79.4499923408653 143.67991210937492 0 233 2.8329 0.0 8.181805246746432 0.0 4.0 
547 7853407.5 95.92387804297965 79.44290668273689 143.67991210937492 0 233 2.8329 0.0 8.181805246746432 0.0 4.0 
548 7853440.9 95.92387804297965 79.44290668273689 143.67991210937492 0 233 2.8329 0.0 8.181805246746432 0.0 4.0 
549 7853474.2 95.92387804297965 79.44290668273689 143.67991210937492 0 233 2.8329 0.0 8.181805246746432 0.0 4.0 
550 7853507.5 95.93870984480485 79.44290668273689 143.67991210937492 0 233 2.8329 0.0 8.181805246746432 0.0 4.0 
551 7853540.9 95.93870984480485 79.42037206044334 143.67991210937492 0 233 2.8329 0.0 8.181805246746432 0.0 4.0 
552 7853574.2 95.93870984480485 79.42037206044334 143.67991210937492 0 233 2.8329 0.0 8.181805246746432 0.0 4.0 
553 7853607.6 95.93870984480485 79.42037206044334 143.67991210937492 0 233 2.8329 0.0 8.181805246746432 0.0 4.0 
554 7853640.9 95.9593534397584 79.42037206044334 143.67991210937492 0 233 2.8329 0.0 8.181805246746432 0.0 4.0 
555 7853674.2 95.9593534397584 79.38709780309549 143.67991210937492 0 233 2.8329 0.0 8.181805246746432 0.0 4.0 
556 7853707.6 95.9593534397584 79.38709780309549 143.67991210937492 0 233 2.8329 0.0 8.181805246746432 0.0 4.0 
557 7853740.9 95.9593534397584 79.38709780309549 143.67991210937492 0 233 2.8329 0.0 8.181805246746432 0.0 4.0 
558 7853774.2 95.9593534397584 79.38709780309549 143.67991210937492 0 233 2.8329 0.0 8.181805246746432 0.0 4.0 
559 7853807.6 95.97449098851736 79.38709780309549 143.67991210937492 0 233 2.8329 0.0 8.181805246746432 0.0 4.0 
560 7853840.9 95.97449098851736 79.35760717179477 143.67991210937492 0 233 2.8329 0.0 8.181805246746432 0.0 4.0 
561 7853874.2 95.97449098851736 79.35760717179477 143.67991210937492 0 233 2.8329 0.0 8.181805246746432 0.0 4.0 
562 7853907.6 95.97449098851736 79.35760717179477 143.67991210937492 0 233 2.8329 0.0 8.181805246746432 0.0 4.0 
563 7853940.9 95.97449098851736 79.35760717179477 143.67991210937492 0 233 2.8329 0.0 8.181805246746432 0.0 4.0 
564 7853974.3 95.97939592493846 79.35760717179477 143.67991210937492 0 233 2.8329 0.0 8.181805246746432 0.0 4.0 
565 7854007.6 95.97939592493846 79.33997723051635 143.67991210937492 0 233 2.8329 0.0 8.181805246746432 0.0 4.0 
566 7854040.9 95.97939592493846 79.33997723051635 143.67991210937492 0 233 2.8329 0.0 8.181805246746432 0.0 4.0 
567 7854074.3 95.97939592493846 79.33997723051635 143.67991210937492 0 233 2.8329 0.0 8.181805246746432 0.0 4.0 
568 7854107.6 95.97939592493846 79.33584245293181 143.67991210937492 0 233 2.8329 0.0 8.181805246746432 0.0 4.0 
569 7854140.9 95.97939592493846 79.33584245293181 143.67991210937492 0 233 2.8329 0.0 8.181805246746432 0.0 4.0 
570 7854174.3 95.97939592493846 79.33584245293181 143.67991210937492 0 233 2.8329 0.0 8.181805246746432 0.0 4.0 
571 7854207.6 95.97939592493846 79.33584245293181 143.67991210937492 0 233 2.8329 0.0 8.181805246746432 0.0 4.0 
572 7854240.9 95.97939592493846 79.32327705356722 143.67991210937492 0 233 2.8329 0.0 8.181805246746432 0.0 4.0 
573 7854274.3 95.97939592493846 79.32327705356722 143.67991210937492 0 233 2.8329 0.0 8.181805246746432 0.0 4.0 
574 7854307.6 95.97939592493846 79.32327705356722 143.67991210937492 0 233 2.8329 0.0 8.181805246746432 0.0 4.0 
575 7854340.9 95.97939592493846 79.30682503889702 143.67991210937492 0 233 2.8329 0.0 8.181805246746432 0.0 4.0 
576 7854374.3 95.97939592493846 79.30682503889702 143.67991210937492 0 233 2.8329 0.0 8.181805246746432 0.0 4.0 
577 7854407.6 95.97939592493846 79.30682503889702 143.67991210937492 0 233 2.8329 0.0 8.181805246746432 0.0 4.0 
578 7854441.0 95.98091154173545 79.30682503889702 143.67991210937492 0 233 2.8329 0.0 8.181805246746432 0.0 4.0 
579 7854474.3 95.98091154173545 79.29454583871811 143.67991210937492 0 233 2.8329 0.0 8.181805246746432 0.0 4.0 
580 7854507.6 95.98091154173545 79.29454583871811 143.67991210937492 0 233 2.8329 0.0 8.181805246746432 0.0 4.0 
581 7854541.0 95.98091154173545 79.29454583871811 143.67991210937492 0 233 2.8329 0.0 8.181805246746432 0.0 4.0 
582 7854574.3 95.98091154173545 79.29014026577472 143.67991210937492 0 233 2.8329 0.0 8.181805246746432 0.0 4.0 
583 7854607.6 95.98091154173545 79.29014026577472 143.67991210937492 0 233 2.8329 0.0 8.181805246746432 0.0 4.0 
584 7854641.0 95.98091154173545 79.29014026577472 143.67991210937492 0 233 2.8329 0.0 8.181805246746432 0.0 4.0 
585 7854674.3 95.97976594179706 79.29014026577472 143.67991210937492 0 233 2.8329 0.0 8.181805246746432 0.0 4.0 
586 7854707.6 95.97976594179706 79.28572446688341 143.67991210937492 0 233 2.8329 0.0 8.181805246746432 0.0 4.0 
587 7854741.0 95.97976594179706 79.28572446688341 143.67991210937492 0 233 2.8329 0.0 8.181805246746432 0.0 4.0 
588 7854774.3 95.97667622624762 79.28572446688341 143.67991210937492 0 233 2.8329 0.0 8.181805246746432 0.0 4.0 
589 7854807.7 95.97667622624762 79.27768637324101 143.67991210937492 0 233 2.8329 0.0 8.181805246746432 0.0 4.0 
590 7854841.0 95.97667622624762 79.27768637324101 143.67991210937492 0 233 2.8329 0.0 8.181805246746432 0.0 4.0 
591 7854874.3 95.97667622624762 79.27768637324101 143.67991210937492 0 233 2.8329 0.0 8.181805246746432 0.0 4.0 
592 7854907.7 95.97092291399923 79.27084823516452 143.67991210937492 0 233 2.8329 0.0 8.181805246746432 0.0 4.0 
593 7854941.0 95.97092291399923 79.27084823516452 143.67991210937492 0 233 2.8329 0.0 8.181805246746432 0.0 4.0 
594 7854974.3 95.97092291399923 79.27084823516452 143.67991210937492 0 233 2.8329 0.0 8.181805246746432 0.0 4.0 
595 7855007.7 95.97092291399923 79.27084823516452 143.67991210937492 0 233 2.8329 0.0 8.181805246746432 0.0 4.0 
596 7855041.0 95.9727750265569 79.27084823516452 143.67991210937492 0 233 2.8329 0.0 8.181805246746432 0.0 4.0 
597 7855074.3 95.9727750265569 79.27196684258656 143.67991210937492 0 233 2.8329 0.0 8.181805246746432 0.0 4.0 
598 7855107.7 95.9727750265569 79.27196684258656 143.67991210937492 0 233 2.8329 0.0 8.181805246746432 0.0 4.0 
599 7855141.0 95.9727750265569 79.27196684258656 143.67991210937492 0 233 2.8329 0.0 8.181805246746432 0.0 4.0 
600 7855174.3 95.97750247245598 79.27196684258656 143.67991210937492 0 233 2.8329 0.0 8.181805246746432 0.0 4.0 
601 7855207.7 95.97750247245598 79.2760335299482 143.67991210937492 0 233 2.8329 0.0 8.181805246746432 0.0 4.0 
602 7855241.0 95.97750247245598 79.2760335299482 143.67991210937492 0 233 2.8329 0.0 8.181805246746432 0.0 4.0 
603 7855274.4 95.98342530524702 79.28233240936912 143.67991210937492 0 233 2.8329 0.0 8.181805246746432 0.0 4.0 
604 7855307.7 95.98342530524702 79.28233240936912 143.67991210937492 0 233 2.8329 0.0 8.181805246746432 0.0 4.0 
605 7855341.0 95.98342530524702 79.28233240936912 143.67991210937492 0 233 2.8329 0.0 8.181805246746432 0.0 4.0 
606 7855374.4 95.99282566933059 79.28233240936912 143.67991210937492 0 233 2.8329 0.0 8.181805246746432 0.0 4.0 
607 7855407.7 95.99282566933059 79.287143611115 143.67991210937492 0 233 2.8329 0.0 8.181805246746432 0.0 4.0 
608 7855441.0 95.99282566933059 79.287143611115 143.67991210937492 0 233 2.8329 0.0 8.181805246746432 0.0 4.0 
609 7855474.4 95.99282566933059 79.287143611115 143.67991210937492 0 233 2.8329 0.0 8.181805246746432 0.0 4.0 
610 7855507.7 96.00413260434874 79.287143611115 143.67991210937492 0 233 2.8329 0.0 8.181805246746432 0.0 4.0 
611 7855541.0 96.00413260434874 79.28944697660883 143.67991210937492 0 233 2.8329 0.0 8.181805246746432 0.0 4.0 
612 7855574.4 96.00413260434874 79.28944697660883 143.67991210937492 0 233 2.8329 0.0 8.181805246746432 0.0 4.0 
613 7855607.7 96.00413260434874 79.28944697660883 143.67991210937492 0 233 2.8329 0.0 8.181805246746432 0.0 4.0 
614 7855641.1 96.01715887217021 79.2879973441725 143.67991210937492 0 233 2.8329 0.0 8.181805246746432 0.0 4.0 
615 7855674.4 96.01715887217021 79.2879973441725 143.67991210937492 0 233 2.8329 0.0 8.181805246746432 0.0 4.0 
616 7855707.7 96.01715887217021 79.2879973441725 143.67991210937492 0 233 2.8329 0.0 8.181805246746432 0.0 4.0 
617 7855741.1 96.01715887217021 79.2879973441725 143.67991210937492 0 233 2.8329 0.0 8.181805246746432 0.0 4.0 
618 7855774.4 96.02161224668403 79.2879973441725 143.67991210937492 0 233 2.8329 0.0 8.181805246746432 0.0 4.0 
619 7855807.7 96.02161224668403 79.2837824240072 143.67991210937492 0 233 2.8329 0.0 8.181805246746432 0.0 4.0 
620 7855841.1 96.02161224668403 79.2837824240072 143.67991210937492 0 233 2.8329 0.0 8.181805246746432 0.0 4.0 
621 7855874.4 96.02161224668403 79.2837824240072 143.67991210937492 0 233 2.8329 0.0 8.181805246746432 0.0 4.0 
622 7855907.7 96.02775323728378 79.2837824240072 143.67991210937492 0 233 2.8329 0.0 8.181805246746432 0.0 4.0 
623 7855941.1 96.02775323728378 79.27784192683242 143.67991210937492 0 233 2.8329 0.0 8.181805246746432 0.0 4.0 
624 7855974.4 96.02775323728378 79.27784192683242 143.67991210937492 0 233 2.8329 0.0 8.181805246746432 0.0 4.0 
625 7856007.7 96.02775323728378 79.27784192683242 143.67991210937492 0 233 2.8329 0.0 8.181805246746432 0.0 4.0 
626 7856041.1 96.03440627980069 79.27784192683242 143.67991210937492 0 233 2.8329 0.0 8.181805246746432 0.0 4.0 
627 7856074.4 96.03440627980069 79.275360785852 143.67991210937492 0 233 2.8329 0.0 8.181805246746432 0.0 4.0 
628 7856107.8 96.03440627980069 79.275360785852 143.67991210937492 0 233 2.8329 0.0 8.181805246746432 0.0 4.0 
629 7856141.1 96.03885595061675 79.27213696911177 143.67991210937492 0 233 2.8329 0.0 8.181805246746432 0.0 4.0 
630 7856174.4 96.03885595061675 79.27213696911177 143.67991210937492 0 233 2.8329 0.0 8.181805246746432 0.0 4.0 
631 7856207.8 96.03885595061675 79.27213696911177 143.67991210937492 0 233 2.8329 0.0 8.181805246746432 0.0 4.0 
632 7856241.1 96.04225527213289 79.27213696911177 143.67991210937492 0 233 2.8329 0.0 8.181805246746432 0.0 4.0 
633 7856274.4 96.04225527213289 79.26975793391267 143.67991210937492 0 233 2.8329 0.0 8.181805246746432 0.0 4.0 
634 7856307.8 96.04225527213289 79.26975793391267 143.67991210937492 0 233 2.8329 0.0 8.181805246746432 0.0 4.0 
635 7856341.1 96.04225527213289 79.26975793391267 143.67991210937492 0 233 2.8329 0.0 8.181805246746432 0.0 4.0 
636 7856374.4 96.05016539657957 79.26975793391267 143.67991210937492 0 233 2.8329 0.0 8.181805246746432 0.0 4.0 
637 7856407.8 96.05016539657957 79.26336431477549 143.67991210937492 0 233 2.8329 0.0 8.181805246746432 0.0 4.0 
638 7856441.1 96.05016539657957 79.26336431477549 143.67991210937492 0 233 2.8329 0.0 8.181805246746432 0.0 4.0 
639 7856474.5 96.05016539657957 79.26336431477549 143.67991210937492 0 233 2.8329 0.0 8.181805246746432 0.0 4.0 
640 7856507.8 96.05864469604023 79.2602075232556 143.67991210937492 0 233 2.8329 0.0 8.181805246746432 0.0 4.0 
641 7856541.1 96.05864469604023 79.2602075232556 143.67991210937492 0 233 2.8329 0.0 8.181805246746432 0.0 4.0 
642 7856574.5 96.05864469604023 79.2602075232556 143.67991210937492 0 233 2.8329 0.0 8.181805246746432 0.0 4.0 
643 7856607.8 96.0666661706176 79.2602075232556 143.67991210937492 0 233 2.8329 0.0 8.181805246746432 0.0 4.0 
644 7856641.1 96.0666661706176 79.2602075232556 143.67991210937492 0 233 2.8329 0.0 8.181805246746432 0.0 4.0 
645 7856674.5 96.0666661706176 79.2602075232556 143.67991210937492 0 233 2.8329 0.0 8.181805246746432 0.0 4.0 
646 7856707.8 96.07090858152395 79.2602075232556 143.67991210937492 0 233 2.8329 0.0 8.181805246746432 0.0 4.0 
647 7856741.1 96.07090858152395 79.2602075232556 143.67991210937492 0 233 2.8329 0.0 8.181805246746432 0.0 4.0 
648 7856774.5 96.07090858152395 79.2602075232556 143.67991210937492 0 233 2.8329 0.0 8.181805246746432 0.0 4.0 
649 7856807.8 96.07264944486671 79.2602075232556 143.67991210937492 0 233 2.8329 0.0 8.181805246746432 0.0 4.0 
650 7856841.1 96.07264944486671 79.25627900016197 143.67991210937492 0 233 2.8329 0.0 8.181805246746432 0.0 4.0 
651 7856874.5 96.07264944486671 79.25627900016197 143.67991210937492 0 233 2.8329 0.0 8.181805246746432 0.0 4.0 
652 7856907.8 96.08057242107449 79.25627900016197 143.67991210937492 0 233 2.8329 0.0 8.181805246746432 0.0 4.0 
653 7856941.2 96.08057242107449 79.24909421544955 143.67991210937492 0 233 2.8329 0.0 8.181805246746432 0.0 4.0 
654 7856974.5 96.08057242107449 79.24909421544955 143.67991210937492 0 233 2.8329 0.0 8.181805246746432 0.0 4.0 
655 7857007.8 96.09080347744457 79.24909421544955 143.67991210937492 0 233 2.8329 0.0 8.181805246746432 0.0 4.0 
656 7857041.2 96.09080347744457 79.25038440376383 143.67991210937492 0 233 2.8329 0.0 8.181805246746432 0.0 4.0 
657 7857074.5 96.09080347744457 79.25038440376383 143.67991210937492 0 233 2.8329 0.0 8.181805246746432 0.0 4.0 
658 7857107.8 96.09080347744457 79.25038440376383 143.67991210937492 0 233 2.8329 0.0 8.181805246746432 0.0 4.0 
659 7857141.2 96.09681221439718 79.25038440376383 143.67991210937492 0 233 2.8329 0.0 8.181805246746432 0.0 4.0 
660 7857174.5 96.09681221439718 79.2556567149706 143.67991210937492 0 233 2.8329 0.0 8.181805246746432 0.0 4.0 
661 7857207.8 96.09681221439718 79.2556567149706 143.67991210937492 0 233 2.8329 0.0 8.181805246746432 0.0 4.0 
662 7857241.2 96.10720270620423 79.2556567149706 143.67991210937492 0 233 2.8329 0.0 8.181805246746432 0.0 4.0 
663 7857274.5 96.10720270620423 79.26523962616152 143.67991210937492 0 233 2.8329 0.0 8.181805246746432 0.0 4.0 
664 7857307.9 96.10720270620423 79.26523962616152 143.67991210937492 0 233 2.8329 0.0 8.181805246746432 0.0 4.0 
665 7857341.2 96.10720270620423 79.26523962616152 143.67991210937492 0 233 2.8329 0.0 8.181805246746432 0.0 4.0 
666 7857374.5 96.10720270620423 79.27214246996178 143.67991210937492 0 233 2.8329 0.0 8.181805246746432 0.0 4.0 
667 7857407.9 96.10720270620423 79.27214246996178 143.67991210937492 0 233 2.8329 0.0 8.181805246746432 0.0 4.0 
668 7857441.2 96.10720270620423 79.27214246996178 143.67991210937492 0 233 2.8329 0.0 8.181805246746432 0.0 4.0 
669 7857474.5 96.10720270620423 79.27214246996178 143.67991210937492 0 233 2.8329 0.0 8.181805246746432 0.0 4.0 
670 7857507.9 96.10720270620423 79.27214246996178 143.67991210937492 0 233 2.8329 0.0 8.181805246746432 0.0 4.0 
671 7857541.2 96.10720270620423 79.27214246996178 143.67991210937492 0 233 2.8329 0.0 8.181805246746432 0.0 4.0 
672 7857574.5 96.11044751319898 79.27214246996178 143.67991210937492 0 233 2.8329 0.0 8.181805246746432 0.0 4.0 
673 7857607.9 96.11044751319898 79.27214246996178 143.67991210937492 0 233 2.8329 0.0 8.181805246746432 0.0 4.0 
674 7857641.2 96.11044751319898 79.27214246996178 143.67991210937492 0 233 2.8329 0.0 8.181805246746432 0.0 4.0 
675 7857674.5 96.11044751319898 79.27214246996178 143.67991210937492 0 233 2.8329 0.0 8.181805246746432 0.0 4.0 
676 7857707.9 96.11044751319898 79.27214246996178 143.67991210937492 0 233 2.8329 0.0 8.181805246746432 0.0 4.0 
677 7857741.2 96.11044751319898 79.27214246996178 143.67991210937492 0 233 2.8329 0.0 8.181805246746432 0.0 4.0 
678 7857774.6 96.11154132294692 79.27214246996178 143.67991210937492 0 233 2.8329 0.0 8.181805246746432 0.0 4.0 
679 7857807.9 96.11154132294692 79.27214246996178 143.67991210937492 0 233 2.8329 0.0 8.181805246746432 0.0 4.0 
680 7857841.2 96.10557242095062 79.2754853046371 143.67991210937492 0 233 2.8329 0.0 8.181805246746432 0.0 4.0 
681 7857874.6 96.10557242095062 79.2754853046371 143.67991210937492 0 233 2.8329 0.0 8.181805246746432 0.0 4.0 
682 7857907.9 96.10557242095062 79.2754853046371 143.67991210937492 0 233 2.8329 0.0 8.181805246746432 0.0 4.0 
683 7857941.2 96.09447126265746 79.27717058494265 143.67991210937492 0 233 2.8329 0.0 8.181805246746432 0.0 4.0 
684 7857974.6 96.09447126265746 79.27717058494265 143.67991210937492 0 233 2.8329 0.0 8.181805246746432 0.0 4.0 
685 7858007.9 96.09447126265746 79.27717058494265 143.67991210937492 0 233 2.8329 0.0 8.181805246746432 0.0 4.0 
686 7858041.2 96.09447126265746 79.27717058494265 143.67991210937492 0 233 2.8329 0.0 8.181805246746432 0.0 4.0 
687 7858074.6 96.06337486947082 79.27717058494265 143.67991210937492 0 233 2.8329 0.0 8.181805246746432 0.0 4.0 
688 7858107.9 96.06337486947082 79.2799922933267 143.67991210937492 0 233 2.8329 0.0 8.181805246746432 0.0 4.0 
689 7858141.3 96.06337486947082 79.2799922933267 143.67991210937492 0 233 2.8329 0.0 8.181805246746432 0.0 4.0 
690 7858174.6 96.06337486947082 79.2799922933267 143.67991210937492 0 233 2.8329 0.0 8.181805246746432 0.0 4.0 
691 7858207.9 96.06337486947082 79.2799922933267 143.67991210937492 0 233 2.8329 0.0 8.181805246746432 0.0 4.0 
692 7858241.3 96.03213072264857 79.2799922933267 143.67991210937492 0 233 2.8329 0.0 8.181805246746432 0.0 4.0 
693 7858274.6 96.03213072264857 79.2799922933267 143.67991210937492 0 233 2.8329 0.0 8.181805246746432 0.0 4.0 
694 7858307.9 96.03213072264857 79.2799922933267 143.67991210937492 0 233 2.8329 0.0 8.181805246746432 0.0 4.0 
695 7858341.3 96.03213072264857 79.2799922933267 143.67991210937492 0 233 2.8329 0.0 8.181805246746432 0.0 4.0 
696 7858374.6 96.01217144584386 79.2799922933267 143.67991210937492 0 233 2.8329 0.0 8.181805246746432 0.0 4.0 
697 7858407.9 96.01217144584386 79.2799922933267 143.67991210937492 0 233 2.8329 0.0 8.181805246746432 0.0 4.0 
698 7858441.3 96.01217144584386 79.2799922933267 143.67991210937492 0 233 2.8329 0.0 8.181805246746432 0.0 4.0 
699 7858474.6 96.01217144584386 79.2799922933267 143.67991210937492 0 233 2.8329 0.0 8.181805246746432 0.0 4.0 
700 7858507.9 95.99650684113043 79.2799922933267 143.67991210937492 0 233 2.8329 0.0 8.181805246746432 0.0 4.0 
701 7858541.3 95.99650684113043 79.27500118286245 143.67991210937492 0 233 2.8329 0.0 8.181805246746432 0.0 4.0 
702 7858574.6 95.99650684113043 79.27500118286245 143.67991210937492 0 233 2.8329 0.0 8.181805246746432 0.0 4.0 
703 7858608.0 95.98684492058644 79.26739746965816 143.67991210937492 0 233 2.8329 0.0 8.181805246746432 0.0 4.0 
704 7858641.3 95.98684492058644 79.26739746965816 143.67991210937492 0 233 2.8329 0.0 8.181805246746432 0.0 4.0 
705 7858674.6 95.98684492058644 79.26739746965816 143.67991210937492 0 233 2.8329 0.0 8.181805246746432 0.0 4.0 
706 7858708.0 95.98270106952475 79.26739746965816 143.67991210937492 0 233 2.8329 0.0 8.181805246746432 0.0 4.0 
707 7858741.3 95.98270106952475 79.26739746965816 143.67991210937492 0 233 2.8329 0.0 8.181805246746432 0.0 4.0 
708 7858774.6 95.98270106952475 79.26739746965816 143.67991210937492 0 233 2.8329 0.0 8.181805246746432 0.0 4.0 
709 7858808.0 95.97704593226526 79.26739746965816 143.67991210937492 0 233 2.8329 0.0 8.181805246746432 0.0 4.0 
710 7858841.3 95.97704593226526 79.27080639723523 143.67991210937492 0 233 2.8329 0.0 8.181805246746432 0.0 4.0 
711 7858874.6 95.97704593226526 79.27080639723523 143.67991210937492 0 233 2.8329 0.0 8.181805246746432 0.0 4.0 
712 7858908.0 95.97704593226526 79.27080639723523 143.67991210937492 0 233 2.8329 0.0 8.181805246746432 0.0 4.0 
713 7858941.3 95.96922581486375 79.27080639723523 143.67991210937492 0 233 2.8329 0.0 8.181805246746432 0.0 4.0 
714 7858974.7 95.96922581486375 79.28643942700528 143.67991210937492 0 233 2.8329 0.0 8.181805246746432 0.0 4.0 
715 7859008.0 95.96922581486375 79.28643942700528 143.67991210937492 0 233 2.8329 0.0 8.181805246746432 0.0 4.0 
716 7859041.3 95.9640558487442 79.29804071845176 143.67991210937492 0 233 2.8329 0.0 8.181805246746432 0.0 4.0 
717 7859074.7 95.9640558487442 79.29804071845176 143.67991210937492 0 233 2.8329 0.0 8.181805246746432 0.0 4.0 
718 7859108.0 95.9640558487442 79.29804071845176 143.67991210937492 0 233 2.8329 0.0 8.181805246746432 0.0 4.0 
719 7859141.3 95.9640558487442 79.29804071845176 143.67991210937492 0 233 2.8329 0.0 8.181805246746432 0.0 4.0 
720 7859174.7 95.95304015936108 79.31349571422398 143.67991210937492 0 233 2.8329 0.0 8.181805246746432 0.0 4.0 
721 7859208.0 95.95304015936108 79.31349571422398 143.67991210937492 0 233 2.8329 0.0 8.181805246746432 0.0 4.0 
722 7859241.3 95.95304015936108 79.31349571422398 143.67991210937492 0 233 2.8329 0.0 8.181805246746432 0.0 4.0 
723 7859274.7 95.95304015936108 79.31349571422398 143.67991210937492 0 233 2.8329 0.0 8.181805246746432 0.0 4.0 
724 7859308.0 95.9370028856312 79.31349571422398 143.67991210937492 0 233 2.8329 0.0 8.181805246746432 0.0 4.0 
725 7859341.3 95.9370028856312 79.33522799638608 143.67991210937492 0 233 2.8329 0.0 8.181805246746432 0.0 4.0 
726 7859374.7 95.9370028856312 79.33522799638608 143.67991210937492 0 233 2.8329 0.0 8.181805246746432 0.0 4.0 
727 7859408.0 95.92442815983479 79.35089395313642 143.67991210937492 0 233 2.8329 0.0 8.181805246746432 0.0 4.0 
728 7859441.4 95.92442815983479 79.35089395313642 143.67991210937492 0 233 2.8329 0.0 8.181805246746432 0.0 4.0 
729 7859474.7 95.92442815983479 79.35089395313642 143.67991210937492 0 233 2.8329 0.0 8.181805246746432 0.0 4.0 
730 7859508.0 95.91100365830494 79.35773448968087 143.67991210937492 0 233 2.8329 0.0 8.181805246746432 0.0 4.0 
731 7859541.4 95.91100365830494 79.35773448968087 143.67991210937492 0 233 2.8329 0.0 8.181805246746432 0.0 4.0 
732 7859574.7 95.91100365830494 79.35773448968087 143.67991210937492 0 233 2.8329 0.0 8.181805246746432 0.0 4.0 
733 7859608.0 95.89930026535191 79.35773448968087 143.67991210937492 0 233 2.8329 0.0 8.181805246746432 0.0 4.0 
734 7859641.4 95.89930026535191 79.36165356710057 143.67991210937492 0 233 2.8329 0.0 8.181805246746432 0.0 4.0 
735 7859674.7 95.89930026535191 79.36165356710057 143.67991210937492 0 233 2.8329 0.0 8.181805246746432 0.0 4.0 
736 7859708.0 95.88967027844176 79.36165356710057 143.67991210937492 0 233 2.8329 0.0 8.181805246746432 0.0 4.0 
737 7859741.4 95.88967027844176 79.36862709576933 143.67991210937492 0 233 2.8329 0.0 8.181805246746432 0.0 4.0 
738 7859774.7 95.88967027844176 79.36862709576933 143.67991210937492 0 233 2.8329 0.0 8.181805246746432 0.0 4.0 
739 7859808.1 95.88967027844176 79.36862709576933 143.67991210937492 0 233 2.8329 0.0 8.181805246746432 0.0 4.0 
740 7859841.4 95.88027218083636 79.37622312484656 143.67991210937492 0 233 2.8329 0.0 8.181805246746432 0.0 4.0 
741 7859874.7 95.88027218083636 79.37622312484656 143.67991210937492 0 233 2.8329 0.0 8.181805246746432 0.0 4.0 
742 7859908.1 95.88027218083636 79.37622312484656 143.67991210937492 0 233 2.8329 0.0 8.181805246746432 0.0 4.0 
743 7859941.4 95.88027218083636 79.37622312484656 143.67991210937492 0 233 2.8329 0.0 8.181805246746432 0.0 4.0 
744 7859974.7 95.86971890478382 79.37622312484656 143.67991210937492 0 233 2.8329 0.0 8.181805246746432 0.0 4.0 
745 7860008.1 95.86971890478382 79.38059768283797 143.67991210937492 0 233 2.8329 0.0 8.181805246746432 0.0 4.0 
746 7860041.4 95.86971890478382 79.38059768283797 143.67991210937492 0 233 2.8329 0.0 8.181805246746432 0.0 4.0 
747 7860074.7 95.86971890478382 79.38059768283797 143.67991210937492 0 233 2.8329 0.0 8.181805246746432 0.0 4.0 
748 7860108.1 95.85294791785354 79.38059768283797 143.67991210937492 0 233 2.8329 0.0 8.181805246746432 0.0 4.0 
749 7860141.4 95.85294791785354 79.3782397767205 143.67991210937492 0 233 2.8329 0.0 8.181805246746432 0.0 4.0 
750 7860174.7 95.85294791785354 79.3782397767205 143.67991210937492 0 233 2.8329 0.0 8.181805246746432 0.0 4.0 
751 7860208.1 95.83783183768776 79.37433931403272 143.67991210937492 0 233 2.8329 0.0 8.181805246746432 0.0 4.0 
752 7860241.4 95.83783183768776 79.37433931403272 143.67991210937492 0 233 2.8329 0.0 8.181805246746432 0.0 4.0 
753 7860274.8 95.83783183768776 79.37433931403272 143.67991210937492 0 233 2.8329 0.0 8.181805246746432 0.0 4.0 
754 7860308.1 95.83783183768776 79.37433931403272 143.67991210937492 0 233 2.8329 0.0 8.181805246746432 0.0 4.0 
755 7860341.4 95.82376731360284 79.37058912386739 143.67991210937492 0 233 2.8329 0.0 8.181805246746432 0.0 4.0 
756 7860374.8 95.82376731360284 79.37058912386739 143.67991210937492 0 233 2.8329 0.0 8.181805246746432 0.0 4.0 
757 7860408.1 95.82376731360284 79.37058912386739 143.67991210937492 0 233 2.8329 0.0 8.181805246746432 0.0 4.0 
758 7860441.4 95.80921132513801 79.37058912386739 143.67991210937492 0 233 2.8329 0.0 8.181805246746432 0.0 4.0 
759 7860474.8 95.80921132513801 79.36853346116843 143.67991210937492 0 233 2.8329 0.0 8.181805246746432 0.0 4.0 
760 7860508.1 95.80921132513801 79.36853346116843 143.67991210937492 0 233 2.8329 0.0 8.181805246746432 0.0 4.0 
761 7860541.4 95.80921132513801 79.36853346116843 143.67991210937492 0 233 2.8329 0.0 8.181805246746432 0.0 4.0 
762 7860574.8 95.7964336867081 79.36853346116843 143.67991210937492 0 233 2.8329 0.0 8.181805246746432 0.0 4.0 
763 7860608.1 95.7964336867081 79.36576955579335 143.67991210937492 0 233 2.8329 0.0 8.181805246746432 0.0 4.0 
764 7860641.5 95.7964336867081 79.36576955579335 143.67991210937492 0 233 2.8329 0.0 8.181805246746432 0.0 4.0 
765 7860674.8 95.7964336867081 79.36576955579335 143.67991210937492 0 233 2.8329 0.0 8.181805246746432 0.0 4.0 
766 7860708.1 95.7790587288709 79.36576955579335 143.67991210937492 0 233 2.8329 0.0 8.181805246746432 0.0 4.0 
767 7860741.5 95.7790587288709 79.35756385122369 143.67991210937492 0 233 2.8329 0.0 8.181805246746432 0.0 4.0 
768 7860774.8 95.7790587288709 79.35756385122369 143.67991210937492 0 233 2.8329 0.0 8.181805246746432 0.0 4.0 
769 7860808.1 95.7790587288709 79.35756385122369 143.67991210937492 0 233 2.8329 0.0 8.181805246746432 0.0 4.0 
770 7860841.5 95.76293647878467 79.35756385122369 143.67991210937492 0 233 2.8329 0.0 8.181805246746432 0.0 4.0 
771 7860874.8 95.76293647878467 79.3504615529554 143.67991210937492 0 233 2.8329 0.0 8.181805246746432 0.0 4.0 
772 7860908.1 95.76293647878467 79.3504615529554 143.67991210937492 0 233 2.8329 0.0 8.181805246746432 0.0 4.0 
773 7860941.5 95.75126974882481 79.3504615529554 143.67991210937492 0 233 2.8329 0.0 8.181805246746432 0.0 4.0 
774 7860974.8 95.75126974882481 79.34636542124719 143.67991210937492 0 233 2.8329 0.0 8.181805246746432 0.0 4.0 
775 7861008.1 95.75126974882481 79.34636542124719 143.67991210937492 0 233 2.8329 0.0 8.181805246746432 0.0 4.0 
776 7861041.5 95.75126974882481 79.34636542124719 143.67991210937492 0 233 2.8329 0.0 8.181805246746432 0.0 4.0 
777 7861074.8 95.74054249217805 79.34636542124719 143.67991210937492 0 233 2.8329 0.0 8.181805246746432 0.0 4.0 
778 7861108.2 95.74054249217805 79.34413943186917 143.67991210937492 0 233 2.8329 0.0 8.181805246746432 0.0 4.0 
779 7861141.5 95.74054249217805 79.34413943186917 143.67991210937492 0 233 2.8329 0.0 8.181805246746432 0.0 4.0 
780 7861174.8 95.71975521779683 79.34413943186917 143.67991210937492 0 233 2.8329 0.0 8.181805246746432 0.0 4.0 
781 7861208.2 95.71975521779683 79.3457285704103 143.67991210937492 0 233 2.8329 0.0 8.181805246746432 0.0 4.0 
782 7861241.5 95.71975521779683 79.3457285704103 143.67991210937492 0 233 2.8329 0.0 8.181805246746432 0.0 4.0 
783 7861274.8 95.71975521779683 79.3457285704103 143.67991210937492 0 233 2.8329 0.0 8.181805246746432 0.0 4.0 
784 7861308.2 95.70434628469107 79.3457285704103 143.67991210937492 0 233 2.8329 0.0 8.181805246746432 0.0 4.0 
785 7861341.5 95.70434628469107 79.3529076488179 143.67991210937492 0 233 2.8329 0.0 8.181805246746432 0.0 4.0 
786 7861374.8 95.70434628469107 79.3529076488179 143.67991210937492 0 233 2.8329 0.0 8.181805246746432 0.0 4.0 
787 7861408.2 95.68146318937869 79.36387484505555 143.67991210937492 0 233 2.8329 0.0 8.181805246746432 0.0 4.0 
788 7861441.5 95.68146318937869 79.36387484505555 143.67991210937492 0 233 2.8329 0.0 8.181805246746432 0.0 4.0 
789 7861474.9 95.68146318937869 79.36387484505555 143.67991210937492 0 233 2.8329 0.0 8.181805246746432 0.0 4.0 
790 7861508.2 95.66777439983223 79.36387484505555 143.67991210937492 0 233 2.8329 0.0 8.181805246746432 0.0 4.0 
791 7861541.5 95.66777439983223 79.37055839873645 143.67991210937492 0 233 2.8329 0.0 8.181805246746432 0.0 4.0 
792 7861574.9 95.66777439983223 79.37055839873645 143.67991210937492 0 233 2.8329 0.0 8.181805246746432 0.0 4.0 
793 7861608.2 95.66777439983223 79.37055839873645 143.67991210937492 0 233 2.8329 0.0 8.181805246746432 0.0 4.0 
794 7861641.5 95.65347427394836 79.37055839873645 143.67991210937492 0 233 2.8329 0.0 8.181805246746432 0.0 4.0 
795 7861674.9 95.65347427394836 79.37055839873645 143.67991210937492 0 233 2.8329 0.0 8.181805246746432 0.0 4.0 
796 7861708.2 95.65347427394836 79.37055839873645 143.67991210937492 0 233 2.8329 0.0 8.181805246746432 0.0 4.0 
797 7861741.5 95.65347427394836 79.37055839873645 143.67991210937492 0 233 2.8329 0.0 8.181805246746432 0.0 4.0 
798 7861774.9 95.6314927555042 79.36878281275096 143.67991210937492 0 233 2.8329 0.0 8.181805246746432 0.0 4.0 
799 7861808.2 95.6314927555042 79.36878281275096 143.67991210937492 0 233 2.8329 0.0 8.181805246746432 0.0 4.0 
800 7861841.5 95.6314927555042 79.36878281275096 143.67991210937492 0 233 2.8329 0.0 8.181805246746432 0.0 4.0 
801 7861874.9 95.6314927555042 79.36878281275096 143.67991210937492 0 233 2.8329 0.0 8.181805246746432 0.0 4.0 
802 7861908.2 95.61354208993832 79.36878281275096 143.67991210937492 0 233 2.8329 0.0 8.181805246746432 0.0 4.0 
803 7861941.6 95.61354208993832 79.36436796154142 143.67991210937492 0 233 2.8329 0.0 8.181805246746432 0.0 4.0 
804 7861974.9 95.61354208993832 79.36436796154142 143.67991210937492 0 233 2.8329 0.0 8.181805246746432 0.0 4.0 
805 7862008.2 95.61354208993832 79.36436796154142 143.67991210937492 0 233 2.8329 0.0 8.181805246746432 0.0 4.0 
806 7862041.6 95.60331622210681 79.36436796154142 143.67991210937492 0 233 2.8329 0.0 8.181805246746432 0.0 4.0 
807 7862074.9 95.60331622210681 79.36026469843632 143.67991210937492 0 233 2.8329 0.0 8.181805246746432 0.0 4.0 
808 7862108.2 95.60331622210681 79.36026469843632 143.67991210937492 0 233 2.8329 0.0 8.181805246746432 0.0 4.0 
809 7862141.6 95.60331622210681 79.36026469843632 143.67991210937492 0 233 2.8329 0.0 8.181805246746432 0.0 4.0 
810 7862174.9 95.5904786857547 79.35825144479738 143.67991210937492 0 233 2.8329 0.0 8.181805246746432 0.0 4.0 
811 7862208.2 95.5904786857547 79.35825144479738 143.67991210937492 0 233 2.8329 0.0 8.181805246746432 0.0 4.0 
812 7862241.6 95.5904786857547 79.35825144479738 143.67991210937492 0 233 2.8329 0.0 8.181805246746432 0.0 4.0 
813 7862274.9 95.5904786857547 79.35825144479738 143.67991210937492 0 233 2.8329 0.0 8.181805246746432 0.0 4.0 
814 7862308.3 95.57169016179972 79.35825144479738 143.67991210937492 0 233 2.8329 0.0 8.181805246746432 0.0 4.0 
815 7862341.6 95.57169016179972 79.35825144479738 143.67991210937492 0 233 2.8329 0.0 8.181805246746432 0.0 4.0 
816 7862374.9 95.57169016179972 79.35825144479738 143.67991210937492 0 233 2.8329 0.0 8.181805246746432 0.0 4.0 
817 7862408.3 95.55865533029338 79.35825144479738 143.67991210937492 0 233 2.8329 0.0 8.181805246746432 0.0 4.0 
818 7862441.6 95.55865533029338 79.3569311065957 143.67991210937492 0 233 2.8329 0.0 8.181805246746432 0.0 4.0 
819 7862474.9 95.55865533029338 79.3569311065957 143.67991210937492 0 233 2.8329 0.0 8.181805246746432 0.0 4.0 
820 7862508.3 95.55865533029338 79.3569311065957 143.67991210937492 0 233 2.8329 0.0 8.181805246746432 0.0 4.0 
821 7862541.6 95.5396672402985 79.3569311065957 143.67991210937492 0 233 2.8329 0.0 8.181805246746432 0.0 4.0 
822 7862574.9 95.5396672402985 79.3569311065957 143.67991210937492 0 233 2.8329 0.0 8.181805246746432 0.0 4.0 
823 7862608.3 95.5396672402985 79.3569311065957 143.67991210937492 0 233 2.8329 0.0 8.181805246746432 0.0 4.0 
824 7862641.6 95.51674276587954 79.36061232837112 143.67991210937492 0 233 2.8329 0.0 8.181805246746432 0.0 4.0 
825 7862674.9 95.51674276587954 79.36061232837112 143.67991210937492 0 233 2.8329 0.0 8.181805246746432 0.0 4.0 
826 7862708.3 95.51674276587954 79.36061232837112 143.67991210937492 0 233 2.8329 0.0 8.181805246746432 0.0 4.0 
827 7862741.6 95.50605927611197 79.36061232837112 143.67991210937492 0 233 2.8329 0.0 8.181805246746432 0.0 4.0 
828 7862775.0 95.50605927611197 79.36923516533346 143.67991210937492 0 233 2.8329 0.0 8.181805246746432 0.0 4.0 
829 7862808.3 95.50605927611197 79.36923516533346 143.67991210937492 0 233 2.8329 0.0 8.181805246746432 0.0 4.0 
830 7862841.6 95.50605927611197 79.36923516533346 143.67991210937492 0 233 2.8329 0.0 8.181805246746432 0.0 4.0 
831 7862875.0 95.48307775553404 79.36923516533346 143.67991210937492 0 233 2.8329 0.0 8.181805246746432 0.0 4.0 
832 7862908.3 95.48307775553404 79.38427462033786 143.67991210937492 0 233 2.8329 0.0 8.181805246746432 0.0 4.0 
833 7862941.6 95.48307775553404 79.38427462033786 143.67991210937492 0 233 2.8329 0.0 8.181805246746432 0.0 4.0 
834 7862975.0 95.48307775553404 79.38427462033786 143.67991210937492 0 233 2.8329 0.0 8.181805246746432 0.0 4.0 
835 7863008.3 95.45872172703135 79.38427462033786 143.67991210937492 0 233 2.8329 0.0 8.181805246746432 0.0 4.0 
836 7863041.6 95.45872172703135 79.39196359875523 143.67991210937492 0 233 2.8329 0.0 8.181805246746432 0.0 4.0 
837 7863075.0 95.45872172703135 79.39196359875523 143.67991210937492 0 233 2.8329 0.0 8.181805246746432 0.0 4.0 
838 7863108.3 95.45872172703135 79.39196359875523 143.67991210937492 0 233 2.8329 0.0 8.181805246746432 0.0 4.0 
839 7863141.7 95.45872172703135 79.39196359875523 143.67991210937492 0 233 2.8329 0.0 8.181805246746432 0.0 4.0 
840 7863175.0 95.4401711320896 79.39196359875523 143.67991210937492 0 233 2.8329 0.0 8.181805246746432 0.0 4.0 
841 7863208.3 95.4401711320896 79.40228455971432 143.67991210937492 0 233 2.8329 0.0 8.181805246746432 0.0 4.0 
842 7863241.7 95.4401711320896 79.40228455971432 143.67991210937492 0 233 2.8329 0.0 8.181805246746432 0.0 4.0 
843 7863275.0 95.4401711320896 79.40228455971432 143.67991210937492 0 233 2.8329 0.0 8.181805246746432 0.0 4.0 
844 7863308.3 95.43009263383479 79.40228455971432 143.67991210937492 0 233 2.8329 0.0 8.181805246746432 0.0 4.0 
845 7863341.7 95.43009263383479 79.41942944619073 143.67991210937492 0 233 2.8329 0.0 8.181805246746432 0.0 4.0 
846 7863375.0 95.43009263383479 79.41942944619073 143.67991210937492 0 233 2.8329 0.0 8.181805246746432 0.0 4.0 
847 7863408.3 95.42556485891701 79.43713861184973 143.67991210937492 0 233 2.8329 0.0 8.181805246746432 0.0 4.0 
848 7863441.7 95.42556485891701 79.43713861184973 143.67991210937492 0 233 2.8329 0.0 8.181805246746432 0.0 4.0 
849 7863475.0 95.42556485891701 79.43713861184973 143.67991210937492 0 233 2.8329 0.0 8.181805246746432 0.0 4.0 
850 7863508.3 95.42556485891701 79.43713861184973 143.67991210937492 0 233 2.8329 0.0 8.181805246746432 0.0 4.0 
851 7863541.7 95.42394153595093 79.43713861184973 143.67991210937492 0 233 2.8329 0.0 8.181805246746432 0.0 4.0 
852 7863575.0 95.42394153595093 79.45572540475105 143.67991210937492 0 233 2.8329 0.0 8.181805246746432 0.0 4.0 
853 7863608.4 95.42394153595093 79.45572540475105 143.67991210937492 0 233 2.8329 0.0 8.181805246746432 0.0 4.0 
854 7863641.7 95.42394153595093 79.46048655682658 143.67991210937492 0 233 2.8329 0.0 8.181805246746432 0.0 4.0 
855 7863675.0 95.42394153595093 79.46048655682658 143.67991210937492 0 233 2.8329 0.0 8.181805246746432 0.0 4.0 
856 7863708.4 95.42394153595093 79.46048655682658 143.67991210937492 0 233 2.8329 0.0 8.181805246746432 0.0 4.0 
857 7863741.7 95.42552442037888 79.46048655682658 143.67991210937492 0 233 2.8329 0.0 8.181805246746432 0.0 4.0 
858 7863775.0 95.42552442037888 79.46048655682658 143.67991210937492 0 233 2.8329 0.0 8.181805246746432 0.0 4.0 
859 7863808.4 95.42552442037888 79.46048655682658 143.67991210937492 0 233 2.8329 0.0 8.181805246746432 0.0 4.0 
860 7863841.7 95.43308645723609 79.46048655682658 143.67991210937492 0 233 2.8329 0.0 8.181805246746432 0.0 4.0 
861 7863875.0 95.43308645723609 79.46870110868389 143.67991210937492 0 233 2.8329 0.0 8.181805246746432 0.0 4.0 
862 7863908.4 95.43308645723609 79.46870110868389 143.67991210937492 0 233 2.8329 0.0 8.181805246746432 0.0 4.0 
863 7863941.7 95.43308645723609 79.46870110868389 143.67991210937492 0 233 2.8329 0.0 8.181805246746432 0.0 4.0 
864 7863975.1 95.45098779482925 79.46870110868389 143.67991210937492 0 233 2.8329 0.0 8.181805246746432 0.0 4.0 
865 7864008.4 95.45098779482925 79.48763015577839 143.67991210937492 0 233 2.8329 0.0 8.181805246746432 0.0 4.0 
866 7864041.7 95.45098779482925 79.48763015577839 143.67991210937492 0 233 2.8329 0.0 8.181805246746432 0.0 4.0 
867 7864075.1 95.45098779482925 79.48763015577839 143.67991210937492 0 233 2.8329 0.0 8.181805246746432 0.0 4.0 
868 7864108.4 95.46193223516421 79.48763015577839 143.67991210937492 0 233 2.8329 0.0 8.181805246746432 0.0 4.0 
869 7864141.7 95.46193223516421 79.4992213761358 143.67991210937492 0 233 2.8329 0.0 8.181805246746432 0.0 4.0 
870 7864175.1 95.46193223516421 79.4992213761358 143.67991210937492 0 233 2.8329 0.0 8.181805246746432 0.0 4.0 
871 7864208.4 95.46193223516421 79.4992213761358 143.67991210937492 0 233 2.8329 0.0 8.181805246746432 0.0 4.0 
872 7864241.7 95.45947654244736 79.51128304598757 143.67991210937492 0 233 2.8329 0.0 8.181805246746432 0.0 4.0 
873 7864275.1 95.45947654244736 79.51128304598757 143.67991210937492 0 233 2.8329 0.0 8.181805246746432 0.0 4.0 
874 7864308.4 95.45947654244736 79.51128304598757 143.67991210937492 0 233 2.8329 0.0 8.181805246746432 0.0 4.0 
875 7864341.7 95.45947654244736 79.51128304598757 143.67991210937492 0 233 2.8329 0.0 8.181805246746432 0.0 4.0 
876 7864375.1 95.45136091886313 79.51128304598757 143.67991210937492 0 233 2.8329 0.0 8.181805246746432 0.0 4.0 
877 7864408.4 95.45136091886313 79.5094149729096 143.67991210937492 0 233 2.8329 0.0 8.181805246746432 0.0 4.0 
878 7864441.8 95.45136091886313 79.5094149729096 143.67991210937492 0 233 2.8329 0.0 8.181805246746432 0.0 4.0 
879 7864475.1 95.44394444997654 79.5094149729096 143.67991210937492 0 233 2.8329 0.0 8.181805246746432 0.0 4.0 
880 7864508.4 95.44394444997654 79.5121714809823 143.67991210937492 0 233 2.8329 0.0 8.181805246746432 0.0 4.0 
881 7864541.8 95.44394444997654 79.5121714809823 143.67991210937492 0 233 2.8329 0.0 8.181805246746432 0.0 4.0 
882 7864575.1 95.44394444997654 79.5121714809823 143.67991210937492 0 233 2.8329 0.0 8.181805246746432 0.0 4.0 
883 7864608.4 95.43650488375982 79.52008180314559 143.67991210937492 0 233 2.8329 0.0 8.181805246746432 0.0 4.0 
884 7864641.8 95.43650488375982 79.52008180314559 143.67991210937492 0 233 2.8329 0.0 8.181805246746432 0.0 4.0 
885 7864675.1 95.43650488375982 79.52008180314559 143.67991210937492 0 233 2.8329 0.0 8.181805246746432 0.0 4.0 
886 7864708.4 95.43650488375982 79.52008180314559 143.67991210937492 0 233 2.8329 0.0 8.181805246746432 0.0 4.0 
887 7864741.8 95.42378440178223 79.52008180314559 143.67991210937492 0 233 2.8329 0.0 8.181805246746432 0.0 4.0 
888 7864775.1 95.42378440178223 79.52753800556088 143.67991210937492 0 233 2.8329 0.0 8.181805246746432 0.0 4.0 
889 7864808.5 95.42378440178223 79.52753800556088 143.67991210937492 0 233 2.8329 0.0 8.181805246746432 0.0 4.0 
890 7864841.8 95.41450660666084 79.52753800556088 143.67991210937492 0 233 2.8329 0.0 8.181805246746432 0.0 4.0 
891 7864875.1 95.41450660666084 79.53354750640285 143.67991210937492 0 233 2.8329 0.0 8.181805246746432 0.0 4.0 
892 7864908.5 95.41450660666084 79.53354750640285 143.67991210937492 0 233 2.8329 0.0 8.181805246746432 0.0 4.0 
893 7864941.8 95.41450660666084 79.53354750640285 143.67991210937492 0 233 2.8329 0.0 8.181805246746432 0.0 4.0 
894 7864975.1 95.40838039962985 79.53589063462658 143.67991210937492 0 233 2.8329 0.0 8.181805246746432 0.0 4.0 
895 7865008.5 95.40838039962985 79.53589063462658 143.67991210937492 0 233 2.8329 0.0 8.181805246746432 0.0 4.0 
896 7865041.8 95.40838039962985 79.53589063462658 143.67991210937492 0 233 2.8329 0.0 8.181805246746432 0.0 4.0 
897 7865075.1 95.40287691817927 79.54284885503982 143.67991210937492 0 233 2.8329 0.0 8.181805246746432 0.0 4.0 
898 7865108.5 95.40287691817927 79.54284885503982 143.67991210937492 0 233 2.8329 0.0 8.181805246746432 0.0 4.0 
899 7865141.8 95.40287691817927 79.54284885503982 143.67991210937492 0 233 2.8329 0.0 8.181805246746432 0.0 4.0 
900 7865175.1 95.40287691817927 79.54284885503982 143.67991210937492 0 233 2.8329 0.0 8.181805246746432 0.0 4.0 
901 7865208.5 95.3929745484182 79.54284885503982 143.67991210937492 0 233 2.8329 0.0 8.181805246746432 0.0 4.0 
902 7865241.8 95.3929745484182 79.5504866408486 143.67991210937492 0 233 2.8329 0.0 8.181805246746432 0.0 4.0 
903 7865275.2 95.3929745484182 79.5504866408486 143.67991210937492 0 233 2.8329 0.0 8.181805246746432 0.0 4.0 
904 7865308.5 95.3929745484182 79.5504866408486 143.67991210937492 0 233 2.8329 0.0 8.181805246746432 0.0 4.0 
905 7865341.8 95.3728557905926 79.55810747896754 143.67991210937492 0 233 2.8329 0.0 8.181805246746432 0.0 4.0 
906 7865375.2 95.3728557905926 79.55810747896754 143.67991210937492 0 233 2.8329 0.0 8.181805246746432 0.0 4.0 
907 7865408.5 95.3728557905926 79.55810747896754 143.67991210937492 0 233 2.8329 0.0 8.181805246746432 0.0 4.0 
908 7865441.8 95.3728557905926 79.55810747896754 143.67991210937492 0 233 2.8329 0.0 8.181805246746432 0.0 4.0 
909 7865475.2 95.36512855570544 79.55810747896754 143.67991210937492 0 233 2.8329 0.0 8.181805246746432 0.0 4.0 
910 7865508.5 95.36512855570544 79.56182013927926 143.67991210937492 0 233 2.8329 0.0 8.181805246746432 0.0 4.0 
911 7865541.8 95.36512855570544 79.56182013927926 143.67991210937492 0 233 2.8329 0.0 8.181805246746432 0.0 4.0 
912 7865575.2 95.36512855570544 79.56182013927926 143.67991210937492 0 233 2.8329 0.0 8.181805246746432 0.0 4.0 
913 7865608.5 95.35625393071915 79.56182013927926 143.67991210937492 0 233 2.8329 0.0 8.181805246746432 0.0 4.0 
914 7865641.9 95.35625393071915 79.56743446723232 143.67991210937492 0 233 2.8329 0.0 8.181805246746432 0.0 4.0 
915 7865675.2 95.35625393071915 79.56743446723232 143.67991210937492 0 233 2.8329 0.0 8.181805246746432 0.0 4.0 
916 7865708.5 95.35625393071915 79.56743446723232 143.67991210937492 0 233 2.8329 0.0 8.181805246746432 0.0 4.0 
917 7865741.9 95.34179148450981 79.57142067021628 143.67991210937492 0 233 2.8329 0.0 8.181805246746432 0.0 4.0 
918 7865775.2 95.34179148450981 79.57142067021628 143.67991210937492 0 233 2.8329 0.0 8.181805246746432 0.0 4.0 
919 7865808.5 95.34179148450981 79.57142067021628 143.67991210937492 0 233 2.8329 0.0 8.181805246746432 0.0 4.0 
920 7865841.9 95.32968415814 79.57142067021628 143.67991210937492 0 233 2.8329 0.0 8.181805246746432 0.0 4.0 
921 7865875.2 95.32968415814 79.56751271208218 143.67991210937492 0 233 2.8329 0.0 8.181805246746432 0.0 4.0 
922 7865908.5 95.32968415814 79.56751271208218 143.67991210937492 0 233 2.8329 0.0 8.181805246746432 0.0 4.0 
923 7865941.9 95.32968415814 79.56751271208218 143.67991210937492 0 233 2.8329 0.0 8.181805246746432 0.0 4.0 
924 7865975.2 95.30282605991009 79.56751271208218 143.67991210937492 0 233 2.8329 0.0 8.181805246746432 0.0 4.0 
925 7866008.5 95.30282605991009 79.55333357632163 143.67991210937492 0 233 2.8329 0.0 8.181805246746432 0.0 4.0 
926 7866041.9 95.30282605991009 79.55333357632163 143.67991210937492 0 233 2.8329 0.0 8.181805246746432 0.0 4.0 
927 7866075.2 95.30282605991009 79.55333357632163 143.67991210937492 0 233 2.8329 0.0 8.181805246746432 0.0 4.0 
928 7866108.6 95.29510302242603 79.54457036271043 143.67991210937492 0 233 2.8329 0.0 8.181805246746432 0.0 4.0 
929 7866141.9 95.29510302242603 79.54457036271043 143.67991210937492 0 233 2.8329 0.0 8.181805246746432 0.0 4.0 
930 7866175.2 95.29510302242603 79.54457036271043 143.67991210937492 0 233 2.8329 0.0 8.181805246746432 0.0 4.0 
931 7866208.6 95.29510302242603 79.54457036271043 143.67991210937492 0 233 2.8329 0.0 8.181805246746432 0.0 4.0 
932 7866241.9 95.28491522648959 79.5357082199544 143.67991210937492 0 233 2.8329 0.0 8.181805246746432 0.0 4.0 
933 7866275.2 95.28491522648959 79.5357082199544 143.67991210937492 0 233 2.8329 0.0 8.181805246746432 0.0 4.0 
934 7866308.6 95.28491522648959 79.5357082199544 143.67991210937492 0 233 2.8329 0.0 8.181805246746432 0.0 4.0 
935 7866341.9 95.28491522648959 79.5357082199544 143.67991210937492 0 233 2.8329 0.0 8.181805246746432 0.0 4.0 
936 7866375.2 95.27107892113784 79.5357082199544 143.67991210937492 0 233 2.8329 0.0 8.181805246746432 0.0 4.0 
937 7866408.6 95.27107892113784 79.52298576390312 143.67991210937492 0 233 2.8329 0.0 8.181805246746432 0.0 4.0 
938 7866441.9 95.27107892113784 79.52298576390312 143.67991210937492 0 233 2.8329 0.0 8.181805246746432 0.0 4.0 
939 7866475.3 95.27107892113784 79.52298576390312 143.67991210937492 0 233 2.8329 0.0 8.181805246746432 0.0 4.0 
940 7866508.6 95.25511570730177 79.51129869141168 143.67991210937492 0 233 2.8329 0.0 8.181805246746432 0.0 4.0 
941 7866541.9 95.25511570730177 79.51129869141168 143.67991210937492 0 233 2.8329 0.0 8.181805246746432 0.0 4.0 
942 7866575.3 95.25511570730177 79.51129869141168 143.67991210937492 0 233 2.8329 0.0 8.181805246746432 0.0 4.0 
943 7866608.6 95.25511570730177 79.51129869141168 143.67991210937492 0 233 2.8329 0.0 8.181805246746432 0.0 4.0 
944 7866641.9 95.24686106948842 79.51129869141168 143.67991210937492 0 233 2.8329 0.0 8.181805246746432 0.0 4.0 
945 7866675.3 95.24686106948842 79.50915204345912 143.67991210937492 0 233 2.8329 0.0 8.181805246746432 0.0 4.0 
946 7866708.6 95.24686106948842 79.50915204345912 143.67991210937492 0 233 2.8329 0.0 8.181805246746432 0.0 4.0 
947 7866741.9 95.24686106948842 79.50915204345912 143.67991210937492 0 233 2.8329 0.0 8.181805246746432 0.0 4.0 
948 7866775.3 95.24233722391688 79.50232387927164 143.67991210937492 0 233 2.8329 0.0 8.181805246746432 0.0 4.0 
949 7866808.6 95.24233722391688 79.50232387927164 143.67991210937492 0 233 2.8329 0.0 8.181805246746432 0.0 4.0 
950 7866841.9 95.24233722391688 79.50232387927164 143.67991210937492 0 233 2.8329 0.0 8.181805246746432 0.0 4.0 
951 7866875.3 95.23782918046557 79.50232387927164 143.67991210937492 0 233 2.8329 0.0 8.181805246746432 0.0 4.0 
952 7866908.6 95.23782918046557 79.4939535228657 143.67991210937492 0 233 2.8329 0.0 8.181805246746432 0.0 4.0 
953 7866942.0 95.23782918046557 79.4939535228657 143.67991210937492 0 233 2.8329 0.0 8.181805246746432 0.0 4.0 
954 7866975.3 95.23782918046557 79.4939535228657 143.67991210937492 0 233 2.8329 0.0 8.181805246746432 0.0 4.0 
955 7867008.6 95.22961684830892 79.4939535228657 143.67991210937492 0 233 2.8329 0.0 8.181805246746432 0.0 4.0 
956 7867042.0 95.22961684830892 79.47852504972 143.67991210937492 0 233 2.8329 0.0 8.181805246746432 0.0 4.0 
957 7867075.3 95.22961684830892 79.47852504972 143.67991210937492 0 233 2.8329 0.0 8.181805246746432 0.0 4.0 
958 7867108.6 95.21188614723086 79.4643066962968 143.67991210937492 0 233 2.8329 0.0 8.181805246746432 0.0 4.0 
959 7867142.0 95.21188614723086 79.4643066962968 143.67991210937492 0 233 2.8329 0.0 8.181805246746432 0.0 4.0 
960 7867175.3 95.21188614723086 79.4643066962968 143.67991210937492 0 233 2.8329 0.0 8.181805246746432 0.0 4.0 
961 7867208.6 95.2064859385893 79.4643066962968 143.67991210937492 0 233 2.8329 0.0 8.181805246746432 0.0 4.0 
962 7867242.0 95.2064859385893 79.45832216384949 143.67991210937492 0 233 2.8329 0.0 8.181805246746432 0.0 4.0 
963 7867275.3 95.2064859385893 79.45832216384949 143.67991210937492 0 233 2.8329 0.0 8.181805246746432 0.0 4.0 
964 7867308.7 95.2064859385893 79.45832216384949 143.67991210937492 0 233 2.8329 0.0 8.181805246746432 0.0 4.0 
965 7867342.0 95.19941616349968 79.45832216384949 143.67991210937492 0 233 2.8329 0.0 8.181805246746432 0.0 4.0 
966 7867375.3 95.19941616349968 79.45408266083496 143.67991210937492 0 233 2.8329 0.0 8.181805246746432 0.0 4.0 
967 7867408.7 95.19941616349968 79.45408266083496 143.67991210937492 0 233 2.8329 0.0 8.181805246746432 0.0 4.0 
968 7867442.0 95.19941616349968 79.45408266083496 143.67991210937492 0 233 2.8329 0.0 8.181805246746432 0.0 4.0 
969 7867475.3 95.1856798503753 79.45408266083496 143.67991210937492 0 233 2.8329 0.0 8.181805246746432 0.0 4.0 
970 7867508.7 95.1856798503753 79.4481995624384 143.67991210937492 0 233 2.8329 0.0 8.181805246746432 0.0 4.0 
971 7867542.0 95.1856798503753 79.4481995624384 143.67991210937492 0 233 2.8329 0.0 8.181805246746432 0.0 4.0 
972 7867575.3 95.1856798503753 79.4481995624384 143.67991210937492 0 233 2.8329 0.0 8.181805246746432 0.0 4.0 
973 7867608.7 95.16864649283708 79.44522629137055 143.67991210937492 0 233 2.8329 0.0 8.181805246746432 0.0 4.0 
974 7867642.0 95.16864649283708 79.44522629137055 143.67991210937492 0 233 2.8329 0.0 8.181805246746432 0.0 4.0 
975 7867675.3 95.16864649283708 79.44522629137055 143.67991210937492 0 233 2.8329 0.0 8.181805246746432 0.0 4.0 
976 7867708.7 95.15295366218776 79.44522629137055 143.67991210937492 0 233 2.8329 0.0 8.181805246746432 0.0 4.0 
977 7867742.0 95.15295366218776 79.44221353846916 143.67991210937492 0 233 2.8329 0.0 8.181805246746432 0.0 4.0 
978 7867775.4 95.15295366218776 79.44221353846916 143.67991210937492 0 233 2.8329 0.0 8.181805246746432 0.0 4.0 
979 7867808.7 95.15295366218776 79.44221353846916 143.67991210937492 0 233 2.8329 0.0 8.181805246746432 0.0 4.0 
980 7867842.0 95.1385138120653 79.44221353846916 143.67991210937492 0 233 2.8329 0.0 8.181805246746432 0.0 4.0 
981 7867875.4 95.1385138120653 79.44038403245446 143.67991210937492 0 233 2.8329 0.0 8.181805246746432 0.0 4.0 
982 7867908.7 95.1385138120653 79.44038403245446 143.67991210937492 0 233 2.8329 0.0 8.181805246746432 0.0 4.0 
983 7867942.0 95.1385138120653 79.44038403245446 143.67991210937492 0 233 2.8329 0.0 8.181805246746432 0.0 4.0 
984 7867975.4 95.11664788875653 79.44182479393783 143.67991210937492 0 233 2.8329 0.0 8.181805246746432 0.0 4.0 
985 7868008.7 95.11664788875653 79.44182479393783 143.67991210937492 0 233 2.8329 0.0 8.181805246746432 0.0 4.0 
986 7868042.0 95.11664788875653 79.44182479393783 143.67991210937492 0 233 2.8329 0.0 8.181805246746432 0.0 4.0 
987 7868075.4 95.11664788875653 79.44182479393783 143.67991210937492 0 233 2.8329 0.0 8.181805246746432 0.0 4.0 
988 7868108.7 95.10582183509108 79.44182479393783 143.67991210937492 0 233 2.8329 0.0 8.181805246746432 0.0 4.0 
989 7868142.1 95.10582183509108 79.44455331752228 143.67991210937492 0 233 2.8329 0.0 8.181805246746432 0.0 4.0 
990 7868175.4 95.10582183509108 79.44455331752228 143.67991210937492 0 233 2.8329 0.0 8.181805246746432 0.0 4.0 
991 7868208.7 95.10582183509108 79.44455331752228 143.67991210937492 0 233 2.8329 0.0 8.181805246746432 0.0 4.0 
992 7868242.1 95.10089691262993 79.44455331752228 143.67991210937492 0 233 2.8329 0.0 8.181805246746432 0.0 4.0 
993 7868275.4 95.10089691262993 79.44337947719525 143.67991210937492 0 233 2.8329 0.0 8.181805246746432 0.0 4.0 
994 7868308.7 95.10089691262993 79.44337947719525 143.67991210937492 0 233 2.8329 0.0 8.181805246746432 0.0 4.0 
995 7868342.1 95.09657400272333 79.44508572949599 143.67991210937492 0 233 2.8329 0.0 8.181805246746432 0.0 4.0 
996 7868375.4 95.09657400272333 79.44508572949599 143.67991210937492 0 233 2.8329 0.0 8.181805246746432 0.0 4.0 
997 7868408.7 95.09657400272333 79.44508572949599 143.67991210937492 0 233 2.8329 0.0 8.181805246746432 0.0 4.0 
998 7868442.1 95.09657400272333 79.44508572949599 143.67991210937492 0 233 2.8329 0.0 8.181805246746432 0.0 4.0 
999 7868475.4 95.07838722372978 79.44508572949599 143.67991210937492 0 233 2.8329 0.0 8.181805246746432 0.0 4.0 
1000 7868508.7 95.07838722372978 79.45897920776821 143.67991210937492 0 233 2.8329 0.0 8.181805246746432 0.0 4.0 
1001 7868542.1 95.07838722372978 79.45897920776821 143.67991210937492 0 233 2.8329 0.0 8.181805246746432 0.0 4.0 
1002 7868575.4 95.0630174462849 79.45897920776821 143.67991210937492 0 233 2.8329 0.0 8.181805246746432 0.0 4.0 
1003 7868608.8 95.0630174462849 79.46999537137908 143.67991210937492 0 233 2.8329 0.0 8.181805246746432 0.0 4.0 
1004 7868642.1 95.0630174462849 79.46999537137908 143.67991210937492 0 233 2.8329 0.0 8.181805246746432 0.0 4.0 
1005 7868675.4 95.05566285657764 79.46999537137908 143.67991210937492 0 233 2.8329 0.0 8.181805246746432 0.0 4.0 
1006 7868708.8 95.05566285657764 79.47448339503379 143.67991210937492 0 233 2.8329 0.0 8.181805246746432 0.0 4.0 
1007 7868742.1 95.05566285657764 79.47448339503379 143.67991210937492 0 233 2.8329 0.0 8.181805246746432 0.0 4.0 
1008 7868775.4 95.05566285657764 79.47448339503379 143.67991210937492 0 233 2.8329 0.0 8.181805246746432 0.0 4.0 
1009 7868808.8 95.04474718681985 79.46938222835506 143.67991210937492 0 233 2.8329 0.0 8.181805246746432 0.0 4.0 
1010 7868842.1 95.04474718681985 79.46938222835506 143.67991210937492 0 233 2.8329 0.0 8.181805246746432 0.0 4.0 
1011 7868875.4 95.04474718681985 79.46938222835506 143.67991210937492 0 233 2.8329 0.0 8.181805246746432 0.0 4.0 
1012 7868908.8 95.04474718681985 79.46938222835506 143.67991210937492 0 233 2.8329 0.0 8.181805246746432 0.0 4.0 
1013 7868942.1 95.04474718681985 79.45966978753967 143.67991210937492 0 233 2.8329 0.0 8.181805246746432 0.0 4.0 
1014 7868975.5 95.04474718681985 79.45966978753967 143.67991210937492 0 233 2.8329 0.0 8.181805246746432 0.0 4.0 
1015 7869008.8 95.04474718681985 79.45966978753967 143.67991210937492 0 233 2.8329 0.0 8.181805246746432 0.0 4.0 
1016 7869042.1 95.04062976455737 79.45966978753967 143.67991210937492 0 233 2.8329 0.0 8.181805246746432 0.0 4.0 
1017 7869075.5 95.04062976455737 79.46124872912456 143.67991210937492 0 233 2.8329 0.0 8.181805246746432 0.0 4.0 
1018 7869108.8 95.04062976455737 79.46124872912456 143.67991210937492 0 233 2.8329 0.0 8.181805246746432 0.0 4.0 
1019 7869142.1 95.03301901847156 79.46459346796753 143.67991210937492 0 233 2.8329 0.0 8.181805246746432 0.0 4.0 
1020 7869175.5 95.03301901847156 79.46459346796753 143.67991210937492 0 233 2.8329 0.0 8.181805246746432 0.0 4.0 
1021 7869208.8 95.03301901847156 79.46459346796753 143.67991210937492 0 233 2.8329 0.0 8.181805246746432 0.0 4.0 
1022 7869242.1 95.03301901847156 79.46459346796753 143.67991210937492 0 233 2.8329 0.0 8.181805246746432 0.0 4.0 
1023 7869275.5 95.02390493060008 79.46459346796753 143.67991210937492 0 233 2.8329 0.0 8.181805246746432 0.0 4.0 
1024 7869308.8 95.02390493060008 79.46603149228687 143.67991210937492 0 233 2.8329 0.0 8.181805246746432 0.0 4.0 
1025 7869342.1 95.02390493060008 79.46603149228687 143.67991210937492 0 233 2.8329 0.0 8.181805246746432 0.0 4.0 
1026 7869375.5 95.02390493060008 79.46603149228687 143.67991210937492 0 233 2.8329 0.0 8.181805246746432 0.0 4.0 
1027 7869408.8 95.01280529522225 79.46603149228687 143.67991210937492 0 233 2.8329 0.0 8.181805246746432 0.0 4.0 
1028 7869442.2 95.01280529522225 79.4644947532202 143.67991210937492 0 233 2.8329 0.0 8.181805246746432 0.0 4.0 
1029 7869475.5 95.01280529522225 79.4644947532202 143.67991210937492 0 233 2.8329 0.0 8.181805246746432 0.0 4.0 
1030 7869508.8 94.99852054618471 79.46039684226967 143.67991210937492 0 233 2.8329 0.0 8.181805246746432 0.0 4.0 
1031 7869542.2 94.99852054618471 79.46039684226967 143.67991210937492 0 233 2.8329 0.0 8.181805246746432 0.0 4.0 
1032 7869575.5 94.99852054618471 79.46039684226967 143.67991210937492 0 233 2.8329 0.0 8.181805246746432 0.0 4.0 
1033 7869608.8 94.99727372841882 79.46169929812808 143.67991210937492 0 233 2.8329 0.0 8.181805246746432 0.0 4.0 
1034 7869642.2 94.99727372841882 79.46169929812808 143.67991210937492 0 233 2.8329 0.0 8.181805246746432 0.0 4.0 
1035 7869675.5 94.99727372841882 79.46169929812808 143.67991210937492 0 233 2.8329 0.0 8.181805246746432 0.0 4.0 
1036 7869708.8 94.99727372841882 79.46652788469622 143.67991210937492 0 233 2.8329 0.0 8.181805246746432 0.0 4.0 
1037 7869742.2 94.99727372841882 79.46652788469622 143.67991210937492 0 233 2.8329 0.0 8.181805246746432 0.0 4.0 
1038 7869775.5 94.99563307634351 79.46652788469622 143.67991210937492 0 233 2.8329 0.0 8.181805246746432 0.0 4.0 
1039 7869808.9 94.99563307634351 79.47551010392107 143.67991210937492 0 233 2.8329 0.0 8.181805246746432 0.0 4.0 
1040 7869842.2 94.99563307634351 79.47551010392107 143.67991210937492 0 233 2.8329 0.0 8.181805246746432 0.0 4.0 
1041 7869875.5 94.98886859766569 79.48738661243564 143.67991210937492 0 233 2.8329 0.0 8.181805246746432 0.0 4.0 
1042 7869908.9 94.98886859766569 79.48738661243564 143.67991210937492 0 233 2.8329 0.0 8.181805246746432 0.0 4.0 
1043 7869942.2 94.98886859766569 79.48738661243564 143.67991210937492 0 233 2.8329 0.0 8.181805246746432 0.0 4.0 
1044 7869975.5 94.98886859766569 79.48738661243564 143.67991210937492 0 233 2.8329 0.0 8.181805246746432 0.0 4.0 
1045 7870008.9 94.98403334396706 79.4985823822263 143.67991210937492 0 233 2.8329 0.0 8.181805246746432 0.0 4.0 
1046 7870042.2 94.98403334396706 79.4985823822263 143.67991210937492 0 233 2.8329 0.0 8.181805246746432 0.0 4.0 
1047 7870075.5 94.98403334396706 79.4985823822263 143.67991210937492 0 233 2.8329 0.0 8.181805246746432 0.0 4.0 
1048 7870108.9 94.98403334396706 79.4985823822263 143.67991210937492 0 233 2.8329 0.0 8.181805246746432 0.0 4.0 
1049 7870142.2 94.97967385592597 79.4985823822263 143.67991210937492 0 233 2.8329 0.0 8.181805246746432 0.0 4.0 
1050 7870175.5 94.97967385592597 79.50609705022235 143.67991210937492 0 233 2.8329 0.0 8.181805246746432 0.0 4.0 
1051 7870208.9 94.97967385592597 79.50609705022235 143.67991210937492 0 233 2.8329 0.0 8.181805246746432 0.0 4.0 
1052 7870242.2 94.97073777113603 79.50609705022235 143.67991210937492 0 233 2.8329 0.0 8.181805246746432 0.0 4.0 
1053 7870275.6 94.97073777113603 79.52325304021127 143.67991210937492 0 233 2.8329 0.0 8.181805246746432 0.0 4.0 
1054 7870308.9 94.97073777113603 79.52325304021127 143.67991210937492 0 233 2.8329 0.0 8.181805246746432 0.0 4.0 
1055 7870342.2 94.97073777113603 79.52325304021127 143.67991210937492 0 233 2.8329 0.0 8.181805246746432 0.0 4.0 
1056 7870375.6 94.95950045744011 79.53338050303465 143.67991210937492 0 233 2.8329 0.0 8.181805246746432 0.0 4.0 
1057 7870408.9 94.95950045744011 79.53338050303465 143.67991210937492 0 233 2.8329 0.0 8.181805246746432 0.0 4.0 
1058 7870442.2 94.95950045744011 79.53338050303465 143.67991210937492 0 233 2.8329 0.0 8.181805246746432 0.0 4.0 
1059 7870475.6 94.95950045744011 79.53338050303465 143.67991210937492 0 233 2.8329 0.0 8.181805246746432 0.0 4.0 
1060 7870508.9 94.95950045744011 79.53338050303465 143.67991210937492 0 233 2.8329 0.0 8.181805246746432 0.0 4.0 
1061 7870542.2 94.95950045744011 79.53338050303465 143.67991210937492 0 233 2.8329 0.0 8.181805246746432 0.0 4.0 
1062 7870575.6 94.95950045744011 79.53735633029528 143.67991210937492 0 233 2.8329 0.0 8.181805246746432 0.0 4.0 
1063 7870608.9 94.95950045744011 79.53735633029528 143.67991210937492 0 233 2.8329 0.0 8.181805246746432 0.0 4.0 
1064 7870642.3 94.95950045744011 79.53735633029528 143.67991210937492 0 233 2.8329 0.0 8.181805246746432 0.0 4.0 
1065 7870675.6 94.95950045744011 79.53735633029528 143.67991210937492 0 233 2.8329 0.0 8.181805246746432 0.0 4.0 
1066 7870708.9 94.95950045744011 79.53944502912152 143.67991210937492 0 233 2.8329 0.0 8.181805246746432 0.0 4.0 
1067 7870742.3 94.95950045744011 79.53944502912152 143.67991210937492 0 233 2.8329 0.0 8.181805246746432 0.0 4.0 
1068 7870775.6 94.95847699477643 79.54188947009872 143.67991210937492 0 233 2.8329 0.0 8.181805246746432 0.0 4.0 
1069 7870808.9 94.95847699477643 79.54188947009872 143.67991210937492 0 233 2.8329 0.0 8.181805246746432 0.0 4.0 
1070 7870842.3 94.95847699477643 79.54188947009872 143.67991210937492 0 233 2.8329 0.0 8.181805246746432 0.0 4.0 
1071 7870875.6 94.95847699477643 79.55144729808102 143.67991210937492 0 233 2.8329 0.0 8.181805246746432 0.0 4.0 
1072 7870908.9 94.95847699477643 79.55144729808102 143.67991210937492 0 233 2.8329 0.0 8.181805246746432 0.0 4.0 
1073 7870942.3 94.95847699477643 79.55144729808102 143.67991210937492 0 233 2.8329 0.0 8.181805246746432 0.0 4.0 
1074 7870975.6 94.95847699477643 79.55144729808102 143.67991210937492 0 233 2.8329 0.0 8.181805246746432 0.0 4.0 
1075 7871008.9 94.95409272836264 79.55144729808102 143.67991210937492 0 233 2.8329 0.0 8.181805246746432 0.0 4.0 
1076 7871042.3 94.95409272836264 79.55957742429324 143.67991210937492 0 233 2.8329 0.0 8.181805246746432 0.0 4.0 
1077 7871075.6 94.95409272836264 79.55957742429324 143.67991210937492 0 233 2.8329 0.0 8.181805246746432 0.0 4.0 
1078 7871109.0 94.95409272836264 79.55957742429324 143.67991210937492 0 233 2.8329 0.0 8.181805246746432 0.0 4.0 
1079 7871142.3 94.9428227940937 79.56331646283436 143.67991210937492 0 233 2.8329 0.0 8.181805246746432 0.0 4.0 
1080 7871175.6 94.9428227940937 79.56331646283436 143.67991210937492 0 233 2.8329 0.0 8.181805246746432 0.0 4.0 
1081 7871209.0 94.9428227940937 79.56331646283436 143.67991210937492 0 233 2.8329 0.0 8.181805246746432 0.0 4.0 
1082 7871242.3 94.9355233403534 79.56331646283436 143.67991210937492 0 233 2.8329 0.0 8.181805246746432 0.0 4.0 
1083 7871275.6 94.9355233403534 79.56331646283436 143.67991210937492 0 233 2.8329 0.0 8.181805246746432 0.0 4.0 
1084 7871309.0 94.9355233403534 79.56331646283436 143.67991210937492 0 233 2.8329 0.0 8.181805246746432 0.0 4.0 
1085 7871342.3 94.9450412468575 79.56331646283436 143.67991210937492 0 233 2.8329 0.0 8.181805246746432 0.0 4.0 
1086 7871375.6 94.9450412468575 79.55218406559777 143.67991210937492 0 233 2.8329 0.0 8.181805246746432 0.0 4.0 
1087 7871409.0 94.9450412468575 79.55218406559777 143.67991210937492 0 233 2.8329 0.0 8.181805246746432 0.0 4.0 
1088 7871442.3 94.9450412468575 79.55218406559777 143.67991210937492 0 233 2.8329 0.0 8.181805246746432 0.0 4.0 
1089 7871475.7 94.9675840013494 79.5263925889949 143.67991210937492 0 233 2.8329 0.0 8.181805246746432 0.0 4.0 
1090 7871509.0 94.9675840013494 79.5263925889949 143.67991210937492 0 233 2.8329 0.0 8.181805246746432 0.0 4.0 
1091 7871542.3 94.9675840013494 79.5263925889949 143.67991210937492 0 233 2.8329 0.0 8.181805246746432 0.0 4.0 
1092 7871575.7 94.9675840013494 79.5263925889949 143.67991210937492 0 233 2.8329 0.0 8.181805246746432 0.0 4.0 
1093 7871609.0 94.99661809709131 79.5263925889949 143.67991210937492 0 233 2.8329 0.0 8.181805246746432 0.0 4.0 
1094 7871642.3 94.99661809709131 79.49687556069081 143.67991210937492 0 233 2.8329 0.0 8.181805246746432 0.0 4.0 
1095 7871675.7 94.99661809709131 79.49687556069081 143.67991210937492 0 233 2.8329 0.0 8.181805246746432 0.0 4.0 
1096 7871709.0 94.99661809709131 79.49687556069081 143.67991210937492 0 233 2.8329 0.0 8.181805246746432 0.0 4.0 
1097 7871742.3 95.02079391854946 79.49687556069081 143.67991210937492 0 233 2.8329 0.0 8.181805246746432 0.0 4.0 
1098 7871775.7 95.02079391854946 79.47150490852334 143.67991210937492 0 233 2.8329 0.0 8.181805246746432 0.0 4.0 
1099 7871809.0 95.02079391854946 79.47150490852334 143.67991210937492 0 233 2.8329 0.0 8.181805246746432 0.0 4.0 
1100 7871842.3 95.02079391854946 79.47150490852334 143.67991210937492 0 233 2.8329 0.0 8.181805246746432 0.0 4.0 
1101 7871875.7 95.0481371226281 79.44632384280224 143.67991210937492 0 233 2.8329 0.0 8.181805246746432 0.0 4.0 
1102 7871909.0 95.0481371226281 79.44632384280224 143.67991210937492 0 233 2.8329 0.0 8.181805246746432 0.0 4.0 
1103 7871942.4 95.0481371226281 79.44632384280224 143.67991210937492 0 233 2.8329 0.0 8.181805246746432 0.0 4.0 
1104 7871975.7 95.0717394440389 79.4301770737268 143.67991210937492 0 233 2.8329 0.0 8.181805246746432 0.0 4.0 
1105 7872009.0 95.0717394440389 79.4301770737268 143.67991210937492 0 233 2.8329 0.0 8.181805246746432 0.0 4.0 
1106 7872042.4 95.0717394440389 79.4301770737268 143.67991210937492 0 233 2.8329 0.0 8.181805246746432 0.0 4.0 
1107 7872075.7 95.0920681511608 79.4301770737268 143.67991210937492 0 233 2.8329 0.0 8.181805246746432 0.0 4.0 
1108 7872109.0 95.0920681511608 79.42388185611172 143.67991210937492 0 233 2.8329 0.0 8.181805246746432 0.0 4.0 
1109 7872142.4 95.0920681511608 79.42388185611172 143.67991210937492 0 233 2.8329 0.0 8.181805246746432 0.0 4.0 
1110 7872175.7 95.0920681511608 79.42388185611172 143.67991210937492 0 233 2.8329 0.0 8.181805246746432 0.0 4.0 
1111 7872209.0 95.1135948722901 79.42388185611172 143.67991210937492 0 233 2.8329 0.0 8.181805246746432 0.0 4.0 
1112 7872242.4 95.1135948722901 79.42200630282426 143.67991210937492 0 233 2.8329 0.0 8.181805246746432 0.0 4.0 
1113 7872275.7 95.1135948722901 79.42200630282426 143.67991210937492 0 233 2.8329 0.0 8.181805246746432 0.0 4.0 
1114 7872309.1 95.1135948722901 79.42200630282426 143.67991210937492 0 233 2.8329 0.0 8.181805246746432 0.0 4.0 
1115 7872342.4 95.13922796971471 79.42401583339368 143.67991210937492 0 233 2.8329 0.0 8.181805246746432 0.0 4.0 
1116 7872375.7 95.13922796971471 79.42401583339368 143.67991210937492 0 233 2.8329 0.0 8.181805246746432 0.0 4.0 
1117 7872409.1 95.13922796971471 79.42401583339368 143.67991210937492 0 233 2.8329 0.0 8.181805246746432 0.0 4.0 
1118 7872442.4 95.15764763155615 79.42401583339368 143.67991210937492 0 233 2.8329 0.0 8.181805246746432 0.0 4.0 
1119 7872475.7 95.15764763155615 79.43241923028933 143.67991210937492 0 233 2.8329 0.0 8.181805246746432 0.0 4.0 
1120 7872509.1 95.15764763155615 79.43241923028933 143.67991210937492 0 233 2.8329 0.0 8.181805246746432 0.0 4.0 
1121 7872542.4 95.17537474498474 79.43241923028933 143.67991210937492 0 233 2.8329 0.0 8.181805246746432 0.0 4.0 
1122 7872575.7 95.17537474498474 79.44481321752961 143.67991210937492 0 233 2.8329 0.0 8.181805246746432 0.0 4.0 
1123 7872609.1 95.17537474498474 79.44481321752961 143.67991210937492 0 233 2.8329 0.0 8.181805246746432 0.0 4.0 
1124 7872642.4 95.18676373362037 79.45630005098923 143.67991210937492 0 233 2.8329 0.0 8.181805246746432 0.0 4.0 
1125 7872675.7 95.18676373362037 79.45630005098923 143.67991210937492 0 233 2.8329 0.0 8.181805246746432 0.0 4.0 
1126 7872709.1 95.18676373362037 79.45630005098923 143.67991210937492 0 233 2.8329 0.0 8.181805246746432 0.0 4.0 
1127 7872742.4 95.18676373362037 79.45630005098923 143.67991210937492 0 233 2.8329 0.0 8.181805246746432 0.0 4.0 
1128 7872775.8 95.19604552835499 79.46127489028662 143.67991210937492 0 233 2.8329 0.0 8.181805246746432 0.0 4.0 
1129 7872809.1 95.19604552835499 79.46127489028662 143.67991210937492 0 233 2.8329 0.0 8.181805246746432 0.0 4.0 
1130 7872842.4 95.19604552835499 79.46127489028662 143.67991210937492 0 233 2.8329 0.0 8.181805246746432 0.0 4.0 
1131 7872875.8 95.20772071737346 79.46127489028662 143.67991210937492 0 233 2.8329 0.0 8.181805246746432 0.0 4.0 
1132 7872909.1 95.20772071737346 79.45873692750133 143.67991210937492 0 233 2.8329 0.0 8.181805246746432 0.0 4.0 
1133 7872942.4 95.20772071737346 79.45873692750133 143.67991210937492 0 233 2.8329 0.0 8.181805246746432 0.0 4.0 
1134 7872975.8 95.20772071737346 79.45873692750133 143.67991210937492 0 233 2.8329 0.0 8.181805246746432 0.0 4.0 
1135 7873009.1 95.21376403840365 79.45873692750133 143.67991210937492 0 233 2.8329 0.0 8.181805246746432 0.0 4.0 
1136 7873042.4 95.21376403840365 79.44877399525748 143.67991210937492 0 233 2.8329 0.0 8.181805246746432 0.0 4.0 
1137 7873075.8 95.21376403840365 79.44877399525748 143.67991210937492 0 233 2.8329 0.0 8.181805246746432 0.0 4.0 
1138 7873109.1 95.21529900554877 79.42049511355312 143.67991210937492 0 233 2.8329 0.0 8.181805246746432 0.0 4.0 
1139 7873142.5 95.21529900554877 79.42049511355312 143.67991210937492 0 233 2.8329 0.0 8.181805246746432 0.0 4.0 
1140 7873175.8 95.21529900554877 79.42049511355312 143.67991210937492 0 233 2.8329 0.0 8.181805246746432 0.0 4.0 
1141 7873209.1 95.21313983422507 79.42049511355312 143.67991210937492 0 233 2.8329 0.0 8.181805246746432 0.0 4.0 
1142 7873242.5 95.21313983422507 79.39599007130612 143.67991210937492 0 233 2.8329 0.0 8.181805246746432 0.0 4.0 
1143 7873275.8 95.21313983422507 79.39599007130612 143.67991210937492 0 233 2.8329 0.0 8.181805246746432 0.0 4.0 
1144 7873309.1 95.21313983422507 79.39599007130612 143.67991210937492 0 233 2.8329 0.0 8.181805246746432 0.0 4.0 
1145 7873342.5 95.21313983422507 79.39599007130612 143.67991210937492 0 233 2.8329 0.0 8.181805246746432 0.0 4.0 
1146 7873375.8 95.20902579224455 79.39599007130612 143.67991210937492 0 233 2.8329 0.0 8.181805246746432 0.0 4.0 
1147 7873409.1 95.20902579224455 79.38845055249618 143.67991210937492 0 233 2.8329 0.0 8.181805246746432 0.0 4.0 
1148 7873442.5 95.20902579224455 79.38845055249618 143.67991210937492 0 233 2.8329 0.0 8.181805246746432 0.0 4.0 
1149 7873475.8 95.20902579224455 79.37590695427212 143.67991210937492 0 233 2.8329 0.0 8.181805246746432 0.0 4.0 
1150 7873509.1 95.20902579224455 79.37590695427212 143.67991210937492 0 233 2.8329 0.0 8.181805246746432 0.0 4.0 
1151 7873542.5 95.20902579224455 79.37590695427212 143.67991210937492 0 233 2.8329 0.0 8.181805246746432 0.0 4.0 
1152 7873575.8 95.21263534879898 79.36728565588172 143.67991210937492 0 233 2.8329 0.0 8.181805246746432 0.0 4.0 
1153 7873609.2 95.21263534879898 79.36728565588172 143.67991210937492 0 233 2.8329 0.0 8.181805246746432 0.0 4.0 
1154 7873642.5 95.21263534879898 79.36728565588172 143.67991210937492 0 233 2.8329 0.0 8.181805246746432 0.0 4.0 
1155 7873675.8 95.21263534879898 79.36728565588172 143.67991210937492 0 233 2.8329 0.0 8.181805246746432 0.0 4.0 
1156 7873709.2 95.22492199051463 79.36728565588172 143.67991210937492 0 233 2.8329 0.0 8.181805246746432 0.0 4.0 
1157 7873742.5 95.22492199051463 79.34026117054279 143.67991210937492 0 233 2.8329 0.0 8.181805246746432 0.0 4.0 
1158 7873775.8 95.22492199051463 79.34026117054279 143.67991210937492 0 233 2.8329 0.0 8.181805246746432 0.0 4.0 
1159 7873809.2 95.22728845783945 79.3283219033575 143.67991210937492 0 233 2.8329 0.0 8.181805246746432 0.0 4.0 
1160 7873842.5 95.22728845783945 79.3283219033575 143.67991210937492 0 233 2.8329 0.0 8.181805246746432 0.0 4.0 
1161 7873875.8 95.22728845783945 79.3283219033575 143.67991210937492 0 233 2.8329 0.0 8.181805246746432 0.0 4.0 
1162 7873909.2 95.22728845783945 79.3283219033575 143.67991210937492 0 233 2.8329 0.0 8.181805246746432 0.0 4.0 
1163 7873942.5 95.22728845783945 79.32596153119633 143.67991210937492 0 233 2.8329 0.0 8.181805246746432 0.0 4.0 
1164 7873975.9 95.22728845783945 79.32596153119633 143.67991210937492 0 233 2.8329 0.0 8.181805246746432 0.0 4.0 
1165 7874009.2 95.23309746582532 79.32596153119633 143.67991210937492 0 233 2.8329 0.0 8.181805246746432 0.0 4.0 
1166 7874042.5 95.23309746582532 79.31577473008201 143.67991210937492 0 233 2.8329 0.0 8.181805246746432 0.0 4.0 
1167 7874075.9 95.23309746582532 79.31577473008201 143.67991210937492 0 233 2.8329 0.0 8.181805246746432 0.0 4.0 
1168 7874109.2 95.23726995032058 79.31577473008201 143.67991210937492 0 233 2.8329 0.0 8.181805246746432 0.0 4.0 
1169 7874142.5 95.23726995032058 79.30876368257793 143.67991210937492 0 233 2.8329 0.0 8.181805246746432 0.0 4.0 
1170 7874175.9 95.23726995032058 79.30876368257793 143.67991210937492 0 233 2.8329 0.0 8.181805246746432 0.0 4.0 
1171 7874209.2 95.23726995032058 79.30876368257793 143.67991210937492 0 233 2.8329 0.0 8.181805246746432 0.0 4.0 
1172 7874242.5 95.24992362591621 79.29288276804316 143.67991210937492 0 233 2.8329 0.0 8.181805246746432 0.0 4.0 
1173 7874275.9 95.24992362591621 79.29288276804316 143.67991210937492 0 233 2.8329 0.0 8.181805246746432 0.0 4.0 
1174 7874309.2 95.24992362591621 79.29288276804316 143.67991210937492 0 233 2.8329 0.0 8.181805246746432 0.0 4.0 
1175 7874342.5 95.24992362591621 79.29288276804316 143.67991210937492 0 233 2.8329 0.0 8.181805246746432 0.0 4.0 
1176 7874375.9 95.25873383680698 79.29288276804316 143.67991210937492 0 233 2.8329 0.0 8.181805246746432 0.0 4.0 
1177 7874409.2 95.25873383680698 79.27533879618537 143.67991210937492 0 233 2.8329 0.0 8.181805246746432 0.0 4.0 
1178 7874442.6 95.25873383680698 79.27533879618537 143.67991210937492 0 233 2.8329 0.0 8.181805246746432 0.0 4.0 
1179 7874475.9 95.2646000589337 79.27533879618537 143.67991210937492 0 233 2.8329 0.0 8.181805246746432 0.0 4.0 
1180 7874509.2 95.2646000589337 79.2535328932645 143.67991210937492 0 233 2.8329 0.0 8.181805246746432 0.0 4.0 
1181 7874542.6 95.2646000589337 79.2535328932645 143.67991210937492 0 233 2.8329 0.0 8.181805246746432 0.0 4.0 
1182 7874575.9 95.2646000589337 79.2393564243248 143.67991210937492 0 233 2.8329 0.0 8.181805246746432 0.0 4.0 
1183 7874609.2 95.2646000589337 79.2393564243248 143.67991210937492 0 233 2.8329 0.0 8.181805246746432 0.0 4.0 
1184 7874642.6 95.2646000589337 79.2393564243248 143.67991210937492 0 233 2.8329 0.0 8.181805246746432 0.0 4.0 
1185 7874675.9 95.2646000589337 79.2393564243248 143.67991210937492 0 233 2.8329 0.0 8.181805246746432 0.0 4.0 
1186 7874709.2 95.26759134818614 79.23353697516713 143.67991210937492 0 233 2.8329 0.0 8.181805246746432 0.0 4.0 
1187 7874742.6 95.26759134818614 79.23353697516713 143.67991210937492 0 233 2.8329 0.0 8.181805246746432 0.0 4.0 
1188 7874775.9 95.26759134818614 79.23353697516713 143.67991210937492 0 233 2.8329 0.0 8.181805246746432 0.0 4.0 
1189 7874809.3 95.26759134818614 79.23353697516713 143.67991210937492 0 233 2.8329 0.0 8.181805246746432 0.0 4.0 
1190 7874842.6 95.26759134818614 79.21602437621114 143.67991210937492 0 233 2.8329 0.0 8.181805246746432 0.0 4.0 
1191 7874875.9 95.26759134818614 79.21602437621114 143.67991210937492 0 233 2.8329 0.0 8.181805246746432 0.0 4.0 
1192 7874909.3 95.26759134818614 79.21602437621114 143.67991210937492 0 233 2.8329 0.0 8.181805246746432 0.0 4.0 
1193 7874942.6 95.26427839117386 79.21602437621114 143.67991210937492 0 233 2.8329 0.0 8.181805246746432 0.0 4.0 
1194 7874975.9 95.26427839117386 79.20025740704801 143.67991210937492 0 233 2.8329 0.0 8.181805246746432 0.0 4.0 
1195 7875009.3 95.26427839117386 79.20025740704801 143.67991210937492 0 233 2.8329 0.0 8.181805246746432 0.0 4.0 
1196 7875042.6 95.26427839117386 79.20025740704801 143.67991210937492 0 233 2.8329 0.0 8.181805246746432 0.0 4.0 
1197 7875075.9 95.25564846575745 79.17892595253521 143.67991210937492 0 233 2.8329 0.0 8.181805246746432 0.0 4.0 
1198 7875109.3 95.25564846575745 79.17892595253521 143.67991210937492 0 233 2.8329 0.0 8.181805246746432 0.0 4.0 
1199 7875142.6 95.25564846575745 79.17892595253521 143.67991210937492 0 233 2.8329 0.0 8.181805246746432 0.0 4.0 
1200 7875175.9 95.25564846575745 79.1748984346153 143.67991210937492 0 233 2.8329 0.0 8.181805246746432 0.0 4.0 
1201 7875209.3 95.25564846575745 79.1748984346153 143.67991210937492 0 233 2.8329 0.0 8.181805246746432 0.0 4.0 
1202 7875242.6 95.25564846575745 79.16980455751393 143.67991210937492 0 233 2.8329 0.0 8.181805246746432 0.0 4.0 
1203 7875276.0 95.25564846575745 79.16980455751393 143.67991210937492 0 233 2.8329 0.0 8.181805246746432 0.0 4.0 
1204 7875309.3 95.25442977226155 79.16980455751393 143.67991210937492 0 233 2.8329 0.0 8.181805246746432 0.0 4.0 
1205 7875342.6 95.25442977226155 79.16265952400941 143.67991210937492 0 233 2.8329 0.0 8.181805246746432 0.0 4.0 
1206 7875376.0 95.25442977226155 79.16265952400941 143.67991210937492 0 233 2.8329 0.0 8.181805246746432 0.0 4.0 
1207 7875409.3 95.25442977226155 79.16265952400941 143.67991210937492 0 233 2.8329 0.0 8.181805246746432 0.0 4.0 
1208 7875442.6 95.25286725316137 79.15375298205346 143.67991210937492 0 233 2.8329 0.0 8.181805246746432 0.0 4.0 
1209 7875476.0 95.25286725316137 79.15375298205346 143.67991210937492 0 233 2.8329 0.0 8.181805246746432 0.0 4.0 
1210 7875509.3 95.25286725316137 79.15375298205346 143.67991210937492 0 233 2.8329 0.0 8.181805246746432 0.0 4.0 
1211 7875542.6 95.24547083850419 79.15375298205346 143.67991210937492 0 233 2.8329 0.0 8.181805246746432 0.0 4.0 
1212 7875576.0 95.24547083850419 79.13890183810915 143.67991210937492 0 233 2.8329 0.0 8.181805246746432 0.0 4.0 
1213 7875609.3 95.24547083850419 79.13890183810915 143.67991210937492 0 233 2.8329 0.0 8.181805246746432 0.0 4.0 
1214 7875642.7 95.24547083850419 79.13890183810915 143.67991210937492 0 233 2.8329 0.0 8.181805246746432 0.0 4.0 
1215 7875676.0 95.23298023822255 79.13890183810915 143.67991210937492 0 233 2.8329 0.0 8.181805246746432 0.0 4.0 
1216 7875709.3 95.23298023822255 79.12656125839015 143.67991210937492 0 233 2.8329 0.0 8.181805246746432 0.0 4.0 
1217 7875742.7 95.23298023822255 79.12656125839015 143.67991210937492 0 233 2.8329 0.0 8.181805246746432 0.0 4.0 
1218 7875776.0 95.23298023822255 79.12656125839015 143.67991210937492 0 233 2.8329 0.0 8.181805246746432 0.0 4.0 
1219 7875809.3 95.22733989780932 79.11089236689824 143.67991210937492 0 233 2.8329 0.0 8.181805246746432 0.0 4.0 
1220 7875842.7 95.22733989780932 79.11089236689824 143.67991210937492 0 233 2.8329 0.0 8.181805246746432 0.0 4.0 
1221 7875876.0 95.22733989780932 79.11089236689824 143.67991210937492 0 233 2.8329 0.0 8.181805246746432 0.0 4.0 
1222 7875909.3 95.22733989780932 79.10257220637125 143.67991210937492 0 233 2.8329 0.0 8.181805246746432 0.0 4.0 
1223 7875942.7 95.22733989780932 79.10257220637125 143.67991210937492 0 233 2.8329 0.0 8.181805246746432 0.0 4.0 
1224 7875976.0 95.22733989780932 79.10257220637125 143.67991210937492 0 233 2.8329 0.0 8.181805246746432 0.0 4.0 
1225 7876009.3 95.22733989780932 79.10257220637125 143.67991210937492 0 233 2.8329 0.0 8.181805246746432 0.0 4.0 
1226 7876042.7 95.22733989780932 79.10257220637125 143.67991210937492 0 233 2.8329 0.0 8.181805246746432 0.0 4.0 
1227 7876076.0 95.22400018702152 79.10257220637125 143.67991210937492 0 233 2.8329 0.0 8.181805246746432 0.0 4.0 
1228 7876109.4 95.22400018702152 79.10101357785767 143.67991210937492 0 233 2.8329 0.0 8.181805246746432 0.0 4.0 
1229 7876142.7 95.22400018702152 79.10101357785767 143.67991210937492 0 233 2.8329 0.0 8.181805246746432 0.0 4.0 
1230 7876176.0 95.21347032310112 79.0957148038748 143.67991210937492 0 233 2.8329 0.0 8.181805246746432 0.0 4.0 
1231 7876209.4 95.21347032310112 79.0957148038748 143.67991210937492 0 233 2.8329 0.0 8.181805246746432 0.0 4.0 
1232 7876242.7 95.21347032310112 79.0957148038748 143.67991210937492 0 233 2.8329 0.0 8.181805246746432 0.0 4.0 
1233 7876276.0 95.21347032310112 79.0957148038748 143.67991210937492 0 233 2.8329 0.0 8.181805246746432 0.0 4.0 
1234 7876309.4 95.19750050513548 79.0866522100127 143.67991210937492 0 233 2.8329 0.0 8.181805246746432 0.0 4.0 
1235 7876342.7 95.19750050513548 79.0866522100127 143.67991210937492 0 233 2.8329 0.0 8.181805246746432 0.0 4.0 
1236 7876376.0 95.19750050513548 79.0866522100127 143.67991210937492 0 233 2.8329 0.0 8.181805246746432 0.0 4.0 
1237 7876409.4 95.19750050513548 79.0866522100127 143.67991210937492 0 233 2.8329 0.0 8.181805246746432 0.0 4.0 
1238 7876442.7 95.18189682304887 79.0866522100127 143.67991210937492 0 233 2.8329 0.0 8.181805246746432 0.0 4.0 
1239 7876476.1 95.18189682304887 79.07466154935074 143.67991210937492 0 233 2.8329 0.0 8.181805246746432 0.0 4.0 
1240 7876509.4 95.18189682304887 79.07466154935074 143.67991210937492 0 233 2.8329 0.0 8.181805246746432 0.0 4.0 
1241 7876542.7 95.17414594639696 79.07466154935074 143.67991210937492 0 233 2.8329 0.0 8.181805246746432 0.0 4.0 
1242 7876576.1 95.17414594639696 79.06734268553177 143.67991210937492 0 233 2.8329 0.0 8.181805246746432 0.0 4.0 
1243 7876609.4 95.17414594639696 79.06734268553177 143.67991210937492 0 233 2.8329 0.0 8.181805246746432 0.0 4.0 
1244 7876642.7 95.17414594639696 79.06734268553177 143.67991210937492 0 233 2.8329 0.0 8.181805246746432 0.0 4.0 
1245 7876676.1 95.16774409699539 79.06492748899755 143.67991210937492 0 233 2.8329 0.0 8.181805246746432 0.0 4.0 
1246 7876709.4 95.16774409699539 79.06492748899755 143.67991210937492 0 233 2.8329 0.0 8.181805246746432 0.0 4.0 
1247 7876742.7 95.16774409699539 79.06492748899755 143.67991210937492 0 233 2.8329 0.0 8.181805246746432 0.0 4.0 
1248 7876776.1 95.16774409699539 79.06492748899755 143.67991210937492 0 233 2.8329 0.0 8.181805246746432 0.0 4.0 
1249 7876809.4 95.15894459007127 79.06492748899755 143.67991210937492 0 233 2.8329 0.0 8.181805246746432 0.0 4.0 
1250 7876842.7 95.15894459007127 79.06153354812935 143.67991210937492 0 233 2.8329 0.0 8.181805246746432 0.0 4.0 
1251 7876876.1 95.15894459007127 79.06153354812935 143.67991210937492 0 233 2.8329 0.0 8.181805246746432 0.0 4.0 
1252 7876909.4 95.15894459007127 79.06153354812935 143.67991210937492 0 233 2.8329 0.0 8.181805246746432 0.0 4.0 
1253 7876942.8 95.1458354996725 79.06153354812935 143.67991210937492 0 233 2.8329 0.0 8.181805246746432 0.0 4.0 
1254 7876976.1 95.1458354996725 79.05561560040901 143.67991210937492 0 233 2.8329 0.0 8.181805246746432 0.0 4.0 
1255 7877009.4 95.1458354996725 79.05561560040901 143.67991210937492 0 233 2.8329 0.0 8.181805246746432 0.0 4.0 
1256 7877042.8 95.1367557663314 79.05561560040901 143.67991210937492 0 233 2.8329 0.0 8.181805246746432 0.0 4.0 
1257 7877076.1 95.1367557663314 79.04837388691514 143.67991210937492 0 233 2.8329 0.0 8.181805246746432 0.0 4.0 
1258 7877109.4 95.1367557663314 79.04837388691514 143.67991210937492 0 233 2.8329 0.0 8.181805246746432 0.0 4.0 
1259 7877142.8 95.13000208051672 79.04837388691514 143.67991210937492 0 233 2.8329 0.0 8.181805246746432 0.0 4.0 
1260 7877176.1 95.13000208051672 79.03736609689182 143.67991210937492 0 233 2.8329 0.0 8.181805246746432 0.0 4.0 
1261 7877209.4 95.13000208051672 79.03736609689182 143.67991210937492 0 233 2.8329 0.0 8.181805246746432 0.0 4.0 
1262 7877242.8 95.13000208051672 79.03736609689182 143.67991210937492 0 233 2.8329 0.0 8.181805246746432 0.0 4.0 
1263 7877276.1 95.12690932004247 79.03736609689182 143.67991210937492 0 233 2.8329 0.0 8.181805246746432 0.0 4.0 
1264 7877309.5 95.12690932004247 79.03148936546121 143.67991210937492 0 233 2.8329 0.0 8.181805246746432 0.0 4.0 
1265 7877342.8 95.12690932004247 79.03148936546121 143.67991210937492 0 233 2.8329 0.0 8.181805246746432 0.0 4.0 
1266 7877376.1 95.12690932004247 79.03148936546121 143.67991210937492 0 233 2.8329 0.0 8.181805246746432 0.0 4.0 
1267 7877409.5 95.1248751944263 79.0232397660262 143.67991210937492 0 233 2.8329 0.0 8.181805246746432 0.0 4.0 
1268 7877442.8 95.1248751944263 79.0232397660262 143.67991210937492 0 233 2.8329 0.0 8.181805246746432 0.0 4.0 
1269 7877476.1 95.1248751944263 79.0232397660262 143.67991210937492 0 233 2.8329 0.0 8.181805246746432 0.0 4.0 
1270 7877509.5 95.1232253605004 79.01534189854891 143.67991210937492 0 233 2.8329 0.0 8.181805246746432 0.0 4.0 
1271 7877542.8 95.1232253605004 79.01534189854891 143.67991210937492 0 233 2.8329 0.0 8.181805246746432 0.0 4.0 
1272 7877576.1 95.1232253605004 79.01534189854891 143.67991210937492 0 233 2.8329 0.0 8.181805246746432 0.0 4.0 
1273 7877609.5 95.12150859199157 79.01534189854891 143.67991210937492 0 233 2.8329 0.0 8.181805246746432 0.0 4.0 
1274 7877642.8 95.12150859199157 79.00243432761688 143.67991210937492 0 233 2.8329 0.0 8.181805246746432 0.0 4.0 
1275 7877676.1 95.12150859199157 79.00243432761688 143.67991210937492 0 233 2.8329 0.0 8.181805246746432 0.0 4.0 
1276 7877709.5 95.12381724659697 79.00243432761688 143.67991210937492 0 233 2.8329 0.0 8.181805246746432 0.0 4.0 
1277 7877742.8 95.12381724659697 78.99006714940245 143.67991210937492 0 233 2.8329 0.0 8.181805246746432 0.0 4.0 
1278 7877776.2 95.12381724659697 78.99006714940245 143.67991210937492 0 233 2.8329 0.0 8.181805246746432 0.0 4.0 
1279 7877809.5 95.12381724659697 78.99006714940245 143.67991210937492 0 233 2.8329 0.0 8.181805246746432 0.0 4.0 
1280 7877842.8 95.12640513323707 78.98022104991227 143.67991210937492 0 233 2.8329 0.0 8.181805246746432 0.0 4.0 
1281 7877876.2 95.12640513323707 78.98022104991227 143.67991210937492 0 233 2.8329 0.0 8.181805246746432 0.0 4.0 
1282 7877909.5 95.12640513323707 78.98022104991227 143.67991210937492 0 233 2.8329 0.0 8.181805246746432 0.0 4.0 
1283 7877942.8 95.12640513323707 78.98022104991227 143.67991210937492 0 233 2.8329 0.0 8.181805246746432 0.0 4.0 
1284 7877976.2 95.12640513323707 78.98022104991227 143.67991210937492 0 233 2.8329 0.0 8.181805246746432 0.0 4.0 
1285 7878009.5 95.12517301464406 78.98022104991227 143.67991210937492 0 233 2.8329 0.0 8.181805246746432 0.0 4.0 
1286 7878042.8 95.12517301464406 78.98022104991227 143.67991210937492 0 233 2.8329 0.0 8.181805246746432 0.0 4.0 
1287 7878076.2 95.12376529547538 78.98022104991227 143.67991210937492 0 233 2.8329 0.0 8.181805246746432 0.0 4.0 
1288 7878109.5 95.12376529547538 78.98022104991227 143.67991210937492 0 233 2.8329 0.0 8.181805246746432 0.0 4.0 
1289 7878142.9 95.12376529547538 78.98022104991227 143.67991210937492 0 233 2.8329 0.0 8.181805246746432 0.0 4.0 
1290 7878176.2 95.12247766084371 78.97423051880776 143.67991210937492 0 233 2.8329 0.0 8.181805246746432 0.0 4.0 
1291 7878209.5 95.12247766084371 78.97423051880776 143.67991210937492 0 233 2.8329 0.0 8.181805246746432 0.0 4.0 
1292 7878242.9 95.12247766084371 78.97423051880776 143.67991210937492 0 233 2.8329 0.0 8.181805246746432 0.0 4.0 
1293 7878276.2 95.12247766084371 78.97423051880776 143.67991210937492 0 233 2.8329 0.0 8.181805246746432 0.0 4.0 
1294 7878309.5 95.12519450516261 78.97279037250098 143.67991210937492 0 233 2.8329 0.0 8.181805246746432 0.0 4.0 
1295 7878342.9 95.12519450516261 78.97279037250098 143.67991210937492 0 233 2.8329 0.0 8.181805246746432 0.0 4.0 
1296 7878376.2 95.12519450516261 78.97279037250098 143.67991210937492 0 233 2.8329 0.0 8.181805246746432 0.0 4.0 
1297 7878409.5 95.12886103921687 78.97279037250098 143.67991210937492 0 233 2.8329 0.0 8.181805246746432 0.0 4.0 
1298 7878442.9 95.12886103921687 78.96383119110224 143.67991210937492 0 233 2.8329 0.0 8.181805246746432 0.0 4.0 
1299 7878476.2 95.12886103921687 78.96383119110224 143.67991210937492 0 233 2.8329 0.0 8.181805246746432 0.0 4.0 
1300 7878509.5 95.12679505532061 78.96383119110224 143.67991210937492 0 233 2.8329 0.0 8.181805246746432 0.0 4.0 
1301 7878542.9 95.12679505532061 78.95745474604968 143.67991210937492 0 233 2.8329 0.0 8.181805246746432 0.0 4.0 
1302 7878576.2 95.12679505532061 78.95745474604968 143.67991210937492 0 233 2.8329 0.0 8.181805246746432 0.0 4.0 
1303 7878609.6 95.12679505532061 78.95745474604968 143.67991210937492 0 233 2.8329 0.0 8.181805246746432 0.0 4.0 
1304 7878642.9 95.12410793334753 78.95745474604968 143.67991210937492 0 233 2.8329 0.0 8.181805246746432 0.0 4.0 
1305 7878676.2 95.12410793334753 78.96015656566429 143.67991210937492 0 233 2.8329 0.0 8.181805246746432 0.0 4.0 
1306 7878709.6 95.12410793334753 78.96015656566429 143.67991210937492 0 233 2.8329 0.0 8.181805246746432 0.0 4.0 
1307 7878742.9 95.12248815390613 78.96015656566429 143.67991210937492 0 233 2.8329 0.0 8.181805246746432 0.0 4.0 
1308 7878776.2 95.12248815390613 78.96473810344384 143.67991210937492 0 233 2.8329 0.0 8.181805246746432 0.0 4.0 
1309 7878809.6 95.12248815390613 78.96473810344384 143.67991210937492 0 233 2.8329 0.0 8.181805246746432 0.0 4.0 
1310 7878842.9 95.12248815390613 78.96473810344384 143.67991210937492 0 233 2.8329 0.0 8.181805246746432 0.0 4.0 
1311 7878876.2 95.12248815390613 78.96778238085008 143.67991210937492 0 233 2.8329 0.0 8.181805246746432 0.0 4.0 
1312 7878909.6 95.12248815390613 78.96778238085008 143.67991210937492 0 233 2.8329 0.0 8.181805246746432 0.0 4.0 
1313 7878942.9 95.12248815390613 78.96778238085008 143.67991210937492 0 233 2.8329 0.0 8.181805246746432 0.0 4.0 
1314 7878976.3 95.12248815390613 78.9633854907155 143.67991210937492 0 233 2.8329 0.0 8.181805246746432 0.0 4.0 
1315 7879009.6 95.12248815390613 78.9633854907155 143.67991210937492 0 233 2.8329 0.0 8.181805246746432 0.0 4.0 
1316 7879042.9 95.1255282577748 78.955020401387 143.67991210937492 0 233 2.8329 0.0 8.181805246746432 0.0 4.0 
1317 7879076.3 95.1255282577748 78.955020401387 143.67991210937492 0 233 2.8329 0.0 8.181805246746432 0.0 4.0 
1318 7879109.6 95.1255282577748 78.955020401387 143.67991210937492 0 233 2.8329 0.0 8.181805246746432 0.0 4.0 
1319 7879142.9 95.1255282577748 78.955020401387 143.67991210937492 0 233 2.8329 0.0 8.181805246746432 0.0 4.0 
1320 7879176.3 95.1284016857292 78.955020401387 143.67991210937492 0 233 2.8329 0.0 8.181805246746432 0.0 4.0 
1321 7879209.6 95.1284016857292 78.95120965549187 143.67991210937492 0 233 2.8329 0.0 8.181805246746432 0.0 4.0 
1322 7879242.9 95.1284016857292 78.95120965549187 143.67991210937492 0 233 2.8329 0.0 8.181805246746432 0.0 4.0 
1323 7879276.3 95.13232065577941 78.95120965549187 143.67991210937492 0 233 2.8329 0.0 8.181805246746432 0.0 4.0 
1324 7879309.6 95.13232065577941 78.93636164874086 143.67991210937492 0 233 2.8329 0.0 8.181805246746432 0.0 4.0 
1325 7879342.9 95.13232065577941 78.93636164874086 143.67991210937492 0 233 2.8329 0.0 8.181805246746432 0.0 4.0 
1326 7879376.3 95.13232065577941 78.93636164874086 143.67991210937492 0 233 2.8329 0.0 8.181805246746432 0.0 4.0 
1327 7879409.6 95.13087699715777 78.92447100469779 143.67991210937492 0 233 2.8329 0.0 8.181805246746432 0.0 4.0 
1328 7879443.0 95.13087699715777 78.92447100469779 143.67991210937492 0 233 2.8329 0.0 8.181805246746432 0.0 4.0 
1329 7879476.3 95.13087699715777 78.92447100469779 143.67991210937492 0 233 2.8329 0.0 8.181805246746432 0.0 4.0 
1330 7879509.6 95.12877633863688 78.92447100469779 143.67991210937492 0 233 2.8329 0.0 8.181805246746432 0.0 4.0 
1331 7879543.0 95.12877633863688 78.92635518653812 143.67991210937492 0 233 2.8329 0.0 8.181805246746432 0.0 4.0 
1332 7879576.3 95.12877633863688 78.92635518653812 143.67991210937492 0 233 2.8329 0.0 8.181805246746432 0.0 4.0 
1333 7879609.6 95.12877633863688 78.92635518653812 143.67991210937492 0 233 2.8329 0.0 8.181805246746432 0.0 4.0 
1334 7879643.0 95.12772090532508 78.92635518653812 143.67991210937492 0 233 2.8329 0.0 8.181805246746432 0.0 4.0 
1335 7879676.3 95.12772090532508 78.92920508020484 143.67991210937492 0 233 2.8329 0.0 8.181805246746432 0.0 4.0 
1336 7879709.6 95.12772090532508 78.92920508020484 143.67991210937492 0 233 2.8329 0.0 8.181805246746432 0.0 4.0 
1337 7879743.0 95.12772090532508 78.92920508020484 143.67991210937492 0 233 2.8329 0.0 8.181805246746432 0.0 4.0 
1338 7879776.3 95.12772090532508 78.92920508020484 143.67991210937492 0 233 2.8329 0.0 8.181805246746432 0.0 4.0 
1339 7879809.7 95.12772090532508 78.92920508020484 143.67991210937492 0 233 2.8329 0.0 8.181805246746432 0.0 4.0 
1340 7879843.0 95.12772090532508 78.92920508020484 143.67991210937492 0 233 2.8329 0.0 8.181805246746432 0.0 4.0 
1341 7879876.3 95.12772090532508 78.93066986251472 143.67991210937492 0 233 2.8329 0.0 8.181805246746432 0.0 4.0 
1342 7879909.7 95.12772090532508 78.93066986251472 143.67991210937492 0 233 2.8329 0.0 8.181805246746432 0.0 4.0 
1343 7879943.0 95.12772090532508 78.93066986251472 143.67991210937492 0 233 2.8329 0.0 8.181805246746432 0.0 4.0 
1344 7879976.3 95.12772090532508 78.92936543624263 143.67991210937492 0 233 2.8329 0.0 8.181805246746432 0.0 4.0 
1345 7880009.7 95.12772090532508 78.92936543624263 143.67991210937492 0 233 2.8329 0.0 8.181805246746432 0.0 4.0 
1346 7880043.0 95.12772090532508 78.92936543624263 143.67991210937492 0 233 2.8329 0.0 8.181805246746432 0.0 4.0 
1347 7880076.3 95.12772090532508 78.93204524786387 143.67991210937492 0 233 2.8329 0.0 8.181805246746432 0.0 4.0 
1348 7880109.7 95.12772090532508 78.93204524786387 143.67991210937492 0 233 2.8329 0.0 8.181805246746432 0.0 4.0 
1349 7880143.0 95.12772090532508 78.93204524786387 143.67991210937492 0 233 2.8329 0.0 8.181805246746432 0.0 4.0 
1350 7880176.3 95.12926546504941 78.93204524786387 143.67991210937492 0 233 2.8329 0.0 8.181805246746432 0.0 4.0 
1351 7880209.7 95.12926546504941 78.93909103500643 143.67991210937492 0 233 2.8329 0.0 8.181805246746432 0.0 4.0 
1352 7880243.0 95.12926546504941 78.93909103500643 143.67991210937492 0 233 2.8329 0.0 8.181805246746432 0.0 4.0 
1353 7880276.4 95.12926546504941 78.93909103500643 143.67991210937492 0 233 2.8329 0.0 8.181805246746432 0.0 4.0 
1354 7880309.7 95.13296277676704 78.93909103500643 143.67991210937492 0 233 2.8329 0.0 8.181805246746432 0.0 4.0 
1355 7880343.0 95.13296277676704 78.93909103500643 143.67991210937492 0 233 2.8329 0.0 8.181805246746432 0.0 4.0 
1356 7880376.4 95.13296277676704 78.93909103500643 143.67991210937492 0 233 2.8329 0.0 8.181805246746432 0.0 4.0 
1357 7880409.7 95.13758007095726 78.93909103500643 143.67991210937492 0 233 2.8329 0.0 8.181805246746432 0.0 4.0 
1358 7880443.0 95.13758007095726 78.93325981847534 143.67991210937492 0 233 2.8329 0.0 8.181805246746432 0.0 4.0 
1359 7880476.4 95.13758007095726 78.93325981847534 143.67991210937492 0 233 2.8329 0.0 8.181805246746432 0.0 4.0 
1360 7880509.7 95.13758007095726 78.93325981847534 143.67991210937492 0 233 2.8329 0.0 8.181805246746432 0.0 4.0 
1361 7880543.0 95.13758007095726 78.9176805653437 143.67991210937492 0 233 2.8329 0.0 8.181805246746432 0.0 4.0 
1362 7880576.4 95.13758007095726 78.9176805653437 143.67991210937492 0 233 2.8329 0.0 8.181805246746432 0.0 4.0 
1363 7880609.7 95.13758007095726 78.9176805653437 143.67991210937492 0 233 2.8329 0.0 8.181805246746432 0.0 4.0 
1364 7880643.1 95.13758007095726 78.9176805653437 143.67991210937492 0 233 2.8329 0.0 8.181805246746432 0.0 4.0 
1365 7880676.4 95.1400714625924 78.9176805653437 143.67991210937492 0 233 2.8329 0.0 8.181805246746432 0.0 4.0 
1366 7880709.7 95.1400714625924 78.91138761058272 143.67991210937492 0 233 2.8329 0.0 8.181805246746432 0.0 4.0 
1367 7880743.1 95.1400714625924 78.91138761058272 143.67991210937492 0 233 2.8329 0.0 8.181805246746432 0.0 4.0 
1368 7880776.4 95.1400714625924 78.91138761058272 143.67991210937492 0 233 2.8329 0.0 8.181805246746432 0.0 4.0 
1369 7880809.7 95.14582112420436 78.91138761058272 143.67991210937492 0 233 2.8329 0.0 8.181805246746432 0.0 4.0 
1370 7880843.1 95.14582112420436 78.90562873782237 143.67991210937492 0 233 2.8329 0.0 8.181805246746432 0.0 4.0 
1371 7880876.4 95.14582112420436 78.90562873782237 143.67991210937492 0 233 2.8329 0.0 8.181805246746432 0.0 4.0 
1372 7880909.7 95.14582112420436 78.90562873782237 143.67991210937492 0 233 2.8329 0.0 8.181805246746432 0.0 4.0 
1373 7880943.1 95.15353088020638 78.90562873782237 143.67991210937492 0 233 2.8329 0.0 8.181805246746432 0.0 4.0 
1374 7880976.4 95.15353088020638 78.89698083071794 143.67991210937492 0 233 2.8329 0.0 8.181805246746432 0.0 4.0 
1375 7881009.7 95.15353088020638 78.89698083071794 143.67991210937492 0 233 2.8329 0.0 8.181805246746432 0.0 4.0 
1376 7881043.1 95.15353088020638 78.89698083071794 143.67991210937492 0 233 2.8329 0.0 8.181805246746432 0.0 4.0 
1377 7881076.4 95.15586392895308 78.89698083071794 143.67991210937492 0 233 2.8329 0.0 8.181805246746432 0.0 4.0 
1378 7881109.8 95.15586392895308 78.88405330079766 143.67991210937492 0 233 2.8329 0.0 8.181805246746432 0.0 4.0 
1379 7881143.1 95.15586392895308 78.88405330079766 143.67991210937492 0 233 2.8329 0.0 8.181805246746432 0.0 4.0 
1380 7881176.4 95.15586392895308 78.88006374220944 143.67991210937492 0 233 2.8329 0.0 8.181805246746432 0.0 4.0 
1381 7881209.8 95.15586392895308 78.88006374220944 143.67991210937492 0 233 2.8329 0.0 8.181805246746432 0.0 4.0 
1382 7881243.1 95.15586392895308 78.88006374220944 143.67991210937492 0 233 2.8329 0.0 8.181805246746432 0.0 4.0 
1383 7881276.4 95.15240473386544 78.88232378282328 143.67991210937492 0 233 2.8329 0.0 8.181805246746432 0.0 4.0 
1384 7881309.8 95.15240473386544 78.88232378282328 143.67991210937492 0 233 2.8329 0.0 8.181805246746432 0.0 4.0 
1385 7881343.1 95.15240473386544 78.88232378282328 143.67991210937492 0 233 2.8329 0.0 8.181805246746432 0.0 4.0 
1386 7881376.4 95.15240473386544 78.88232378282328 143.67991210937492 0 233 2.8329 0.0 8.181805246746432 0.0 4.0 
1387 7881409.8 95.14575482378153 78.88232378282328 143.67991210937492 0 233 2.8329 0.0 8.181805246746432 0.0 4.0 
1388 7881443.1 95.14575482378153 78.88232378282328 143.67991210937492 0 233 2.8329 0.0 8.181805246746432 0.0 4.0 
1389 7881476.5 95.14575482378153 78.88232378282328 143.67991210937492 0 233 2.8329 0.0 8.181805246746432 0.0 4.0 
1390 7881509.8 95.14575482378153 78.88232378282328 143.67991210937492 0 233 2.8329 0.0 8.181805246746432 0.0 4.0 
1391 7881543.1 95.14459604416297 78.88232378282328 143.67991210937492 0 233 2.8329 0.0 8.181805246746432 0.0 4.0 
1392 7881576.5 95.14459604416297 78.88232378282328 143.67991210937492 0 233 2.8329 0.0 8.181805246746432 0.0 4.0 
1393 7881609.8 95.14339309910352 78.88232378282328 143.67991210937492 0 233 2.8329 0.0 8.181805246746432 0.0 4.0 
1394 7881643.1 95.14339309910352 78.88232378282328 143.67991210937492 0 233 2.8329 0.0 8.181805246746432 0.0 4.0 
1395 7881676.5 95.14339309910352 78.88232378282328 143.67991210937492 0 233 2.8329 0.0 8.181805246746432 0.0 4.0 
1396 7881709.8 95.14339309910352 78.88232378282328 143.67991210937492 0 233 2.8329 0.0 8.181805246746432 0.0 4.0 
1397 7881743.1 95.14339309910352 78.88232378282328 143.67991210937492 0 233 2.8329 0.0 8.181805246746432 0.0 4.0 
1398 7881776.5 95.14106291191676 78.88232378282328 143.67991210937492 0 233 2.8329 0.0 8.181805246746432 0.0 4.0 
1399 7881809.8 95.14106291191676 78.89014171763786 143.67991210937492 0 233 2.8329 0.0 8.181805246746432 0.0 4.0 
1400 7881843.1 95.14106291191676 78.89014171763786 143.67991210937492 0 233 2.8329 0.0 8.181805246746432 0.0 4.0 
1401 7881876.5 95.14106291191676 78.89014171763786 143.67991210937492 0 233 2.8329 0.0 8.181805246746432 0.0 4.0 
1402 7881909.8 95.13174332681974 78.89014171763786 143.67991210937492 0 233 2.8329 0.0 8.181805246746432 0.0 4.0 
1403 7881943.2 95.13174332681974 78.91984635607983 143.67991210937492 0 233 2.8329 0.0 8.181805246746432 0.0 4.0 
1404 7881976.5 95.13174332681974 78.91984635607983 143.67991210937492 0 233 2.8329 0.0 8.181805246746432 0.0 4.0 
1405 7882009.8 95.13174332681974 78.91984635607983 143.67991210937492 0 233 2.8329 0.0 8.181805246746432 0.0 4.0 
1406 7882043.2 95.13174332681974 78.91984635607983 143.67991210937492 0 233 2.8329 0.0 8.181805246746432 0.0 4.0 
1407 7882076.5 95.12604719881878 78.95849937561717 143.67991210937492 0 233 2.8329 0.0 8.181805246746432 0.0 4.0 
1408 7882109.8 95.12604719881878 78.95849937561717 143.67991210937492 0 233 2.8329 0.0 8.181805246746432 0.0 4.0 
1409 7882143.2 95.12604719881878 78.95849937561717 143.67991210937492 0 233 2.8329 0.0 8.181805246746432 0.0 4.0 
1410 7882176.5 95.12604719881878 78.95849937561717 143.67991210937492 0 233 2.8329 0.0 8.181805246746432 0.0 4.0 
1411 7882209.8 95.12604719881878 78.95849937561717 143.67991210937492 0 233 2.8329 0.0 8.181805246746432 0.0 4.0 
1412 7882243.2 95.12492276168196 78.95849937561717 143.67991210937492 0 233 2.8329 0.0 8.181805246746432 0.0 4.0 
1413 7882276.5 95.12492276168196 78.98727791646081 143.67991210937492 0 233 2.8329 0.0 8.181805246746432 0.0 4.0 
1414 7882309.9 95.12492276168196 78.98727791646081 143.67991210937492 0 233 2.8329 0.0 8.181805246746432 0.0 4.0 
1415 7882343.2 95.12492276168196 78.98727791646081 143.67991210937492 0 233 2.8329 0.0 8.181805246746432 0.0 4.0 
1416 7882376.5 95.12492276168196 78.98727791646081 143.67991210937492 0 233 2.8329 0.0 8.181805246746432 0.0 4.0 
1417 7882409.9 95.12166206271154 78.98727791646081 143.67991210937492 0 233 2.8329 0.0 8.181805246746432 0.0 4.0 
1418 7882443.2 95.12166206271154 78.98621794159877 143.67991210937492 0 233 2.8329 0.0 8.181805246746432 0.0 4.0 
1419 7882476.5 95.12166206271154 78.98621794159877 143.67991210937492 0 233 2.8329 0.0 8.181805246746432 0.0 4.0 
1420 7882509.9 95.11672355679755 78.98621794159877 143.67991210937492 0 233 2.8329 0.0 8.181805246746432 0.0 4.0 
1421 7882543.2 95.11672355679755 78.98483858304989 143.67991210937492 0 233 2.8329 0.0 8.181805246746432 0.0 4.0 
1422 7882576.5 95.11672355679755 78.98483858304989 143.67991210937492 0 233 2.8329 0.0 8.181805246746432 0.0 4.0 
1423 7882609.9 95.11672355679755 78.98483858304989 143.67991210937492 0 233 2.8329 0.0 8.181805246746432 0.0 4.0 
1424 7882643.2 95.11672355679755 78.9821344938333 143.67991210937492 0 233 2.8329 0.0 8.181805246746432 0.0 4.0 
1425 7882676.5 95.11672355679755 78.9821344938333 143.67991210937492 0 233 2.8329 0.0 8.181805246746432 0.0 4.0 
1426 7882709.9 95.11672355679755 78.9821344938333 143.67991210937492 0 233 2.8329 0.0 8.181805246746432 0.0 4.0 
1427 7882743.2 95.11672355679755 78.97444366356126 143.67991210937492 0 233 2.8329 0.0 8.181805246746432 0.0 4.0 
1428 7882776.6 95.11672355679755 78.97444366356126 143.67991210937492 0 233 2.8329 0.0 8.181805246746432 0.0 4.0 
1429 7882809.9 95.11672355679755 78.97444366356126 143.67991210937492 0 233 2.8329 0.0 8.181805246746432 0.0 4.0 
1430 7882843.2 95.11777890032232 78.97444366356126 143.67991210937492 0 233 2.8329 0.0 8.181805246746432 0.0 4.0 
1431 7882876.6 95.11777890032232 78.97052629628466 143.67991210937492 0 233 2.8329 0.0 8.181805246746432 0.0 4.0 
1432 7882909.9 95.11777890032232 78.97052629628466 143.67991210937492 0 233 2.8329 0.0 8.181805246746432 0.0 4.0 
1433 7882943.2 95.11777890032232 78.97052629628466 143.67991210937492 0 233 2.8329 0.0 8.181805246746432 0.0 4.0 
1434 7882976.6 95.11777890032232 78.96525614677248 143.67991210937492 0 233 2.8329 0.0 8.181805246746432 0.0 4.0 
1435 7883009.9 95.11777890032232 78.96525614677248 143.67991210937492 0 233 2.8329 0.0 8.181805246746432 0.0 4.0 
1436 7883043.2 95.11777890032232 78.96525614677248 143.67991210937492 0 233 2.8329 0.0 8.181805246746432 0.0 4.0 
1437 7883076.6 95.11777890032232 78.96525614677248 143.67991210937492 0 233 2.8329 0.0 8.181805246746432 0.0 4.0 
1438 7883109.9 95.1163266052176 78.96525614677248 143.67991210937492 0 233 2.8329 0.0 8.181805246746432 0.0 4.0 
1439 7883143.3 95.1163266052176 78.9624992104447 143.67991210937492 0 233 2.8329 0.0 8.181805246746432 0.0 4.0 
1440 7883176.6 95.1163266052176 78.9624992104447 143.67991210937492 0 233 2.8329 0.0 8.181805246746432 0.0 4.0 
1441 7883209.9 95.1163266052176 78.9624992104447 143.67991210937492 0 233 2.8329 0.0 8.181805246746432 0.0 4.0 
1442 7883243.3 95.11208743276146 78.9624992104447 143.67991210937492 0 233 2.8329 0.0 8.181805246746432 0.0 4.0 
1443 7883276.6 95.11208743276146 78.95613816586233 143.67991210937492 0 233 2.8329 0.0 8.181805246746432 0.0 4.0 
1444 7883309.9 95.11208743276146 78.95613816586233 143.67991210937492 0 233 2.8329 0.0 8.181805246746432 0.0 4.0 
1445 7883343.3 95.11208743276146 78.95613816586233 143.67991210937492 0 233 2.8329 0.0 8.181805246746432 0.0 4.0 
1446 7883376.6 95.1045364039832 78.95613816586233 143.67991210937492 0 233 2.8329 0.0 8.181805246746432 0.0 4.0 
1447 7883409.9 95.1045364039832 78.94931128840291 143.67991210937492 0 233 2.8329 0.0 8.181805246746432 0.0 4.0 
1448 7883443.3 95.1045364039832 78.94931128840291 143.67991210937492 0 233 2.8329 0.0 8.181805246746432 0.0 4.0 
1449 7883476.6 95.1045364039832 78.94931128840291 143.67991210937492 0 233 2.8329 0.0 8.181805246746432 0.0 4.0 
1450 7883509.9 95.09617972960773 78.94931128840291 143.67991210937492 0 233 2.8329 0.0 8.181805246746432 0.0 4.0 
1451 7883543.3 95.09617972960773 78.94546543953514 143.67991210937492 0 233 2.8329 0.0 8.181805246746432 0.0 4.0 
1452 7883576.6 95.09617972960773 78.94546543953514 143.67991210937492 0 233 2.8329 0.0 8.181805246746432 0.0 4.0 
1453 7883610.0 95.09617972960773 78.94546543953514 143.67991210937492 0 233 2.8329 0.0 8.181805246746432 0.0 4.0 
1454 7883643.3 95.09025984523363 78.94117322836549 143.67991210937492 0 233 2.8329 0.0 8.181805246746432 0.0 4.0 
1455 7883676.6 95.09025984523363 78.94117322836549 143.67991210937492 0 233 2.8329 0.0 8.181805246746432 0.0 4.0 
1456 7883710.0 95.09025984523363 78.94117322836549 143.67991210937492 0 233 2.8329 0.0 8.181805246746432 0.0 4.0 
1457 7883743.3 95.09025984523363 78.94117322836549 143.67991210937492 0 233 2.8329 0.0 8.181805246746432 0.0 4.0 
1458 7883776.6 95.08881123290502 78.94117322836549 143.67991210937492 0 233 2.8329 0.0 8.181805246746432 0.0 4.0 
1459 7883810.0 95.08881123290502 78.93876531387535 143.67991210937492 0 233 2.8329 0.0 8.181805246746432 0.0 4.0 
1460 7883843.3 95.08881123290502 78.93876531387535 143.67991210937492 0 233 2.8329 0.0 8.181805246746432 0.0 4.0 
1461 7883876.6 95.08881123290502 78.93876531387535 143.67991210937492 0 233 2.8329 0.0 8.181805246746432 0.0 4.0 
1462 7883910.0 95.09069808971716 78.93876531387535 143.67991210937492 0 233 2.8329 0.0 8.181805246746432 0.0 4.0 
1463 7883943.3 95.09069808971716 78.9363129868208 143.67991210937492 0 233 2.8329 0.0 8.181805246746432 0.0 4.0 
1464 7883976.7 95.09069808971716 78.9363129868208 143.67991210937492 0 233 2.8329 0.0 8.181805246746432 0.0 4.0 
1465 7884010.0 95.09069808971716 78.9363129868208 143.67991210937492 0 233 2.8329 0.0 8.181805246746432 0.0 4.0 
1466 7884043.3 95.09300356407816 78.9373217888066 143.67991210937492 0 233 2.8329 0.0 8.181805246746432 0.0 4.0 
1467 7884076.7 95.09300356407816 78.9373217888066 143.67991210937492 0 233 2.8329 0.0 8.181805246746432 0.0 4.0 
1468 7884110.0 95.09300356407816 78.9373217888066 143.67991210937492 0 233 2.8329 0.0 8.181805246746432 0.0 4.0 
1469 7884143.3 95.09300356407816 78.9373217888066 143.67991210937492 0 233 2.8329 0.0 8.181805246746432 0.0 4.0 
1470 7884176.7 95.09300356407816 78.9373217888066 143.67991210937492 0 233 2.8329 0.0 8.181805246746432 0.0 4.0 
1471 7884210.0 95.09300356407816 78.9373217888066 143.67991210937492 0 233 2.8329 0.0 8.181805246746432 0.0 4.0 
1472 7884243.3 95.08679022301544 78.9373217888066 143.67991210937492 0 233 2.8329 0.0 8.181805246746432 0.0 4.0 
1473 7884276.7 95.08679022301544 78.93096386644497 143.67991210937492 0 233 2.8329 0.0 8.181805246746432 0.0 4.0 
1474 7884310.0 95.08679022301544 78.93096386644497 143.67991210937492 0 233 2.8329 0.0 8.181805246746432 0.0 4.0 
1475 7884343.3 95.08679022301544 78.93096386644497 143.67991210937492 0 233 2.8329 0.0 8.181805246746432 0.0 4.0 
1476 7884376.7 95.0794221534893 78.93096386644497 143.67991210937492 0 233 2.8329 0.0 8.181805246746432 0.0 4.0 
1477 7884410.0 95.0794221534893 78.92529904098093 143.67991210937492 0 233 2.8329 0.0 8.181805246746432 0.0 4.0 
1478 7884443.4 95.0794221534893 78.92529904098093 143.67991210937492 0 233 2.8329 0.0 8.181805246746432 0.0 4.0 
1479 7884476.7 95.06571728696628 78.91990007079141 143.67991210937492 0 233 2.8329 0.0 8.181805246746432 0.0 4.0 
1480 7884510.0 95.06571728696628 78.91990007079141 143.67991210937492 0 233 2.8329 0.0 8.181805246746432 0.0 4.0 
1481 7884543.4 95.06571728696628 78.91990007079141 143.67991210937492 0 233 2.8329 0.0 8.181805246746432 0.0 4.0 
1482 7884576.7 95.06571728696628 78.91990007079141 143.67991210937492 0 233 2.8329 0.0 8.181805246746432 0.0 4.0 
1483 7884610.0 95.05517773781759 78.91990007079141 143.67991210937492 0 233 2.8329 0.0 8.181805246746432 0.0 4.0 
1484 7884643.4 95.05517773781759 78.91735558742948 143.67991210937492 0 233 2.8329 0.0 8.181805246746432 0.0 4.0 
1485 7884676.7 95.05517773781759 78.91735558742948 143.67991210937492 0 233 2.8329 0.0 8.181805246746432 0.0 4.0 
1486 7884710.0 95.05517773781759 78.91735558742948 143.67991210937492 0 233 2.8329 0.0 8.181805246746432 0.0 4.0 
1487 7884743.4 95.04712104547897 78.91735558742948 143.67991210937492 0 233 2.8329 0.0 8.181805246746432 0.0 4.0 
1488 7884776.7 95.04712104547897 78.91097818879783 143.67991210937492 0 233 2.8329 0.0 8.181805246746432 0.0 4.0 
1489 7884810.1 95.04712104547897 78.91097818879783 143.67991210937492 0 233 2.8329 0.0 8.181805246746432 0.0 4.0 
1490 7884843.4 95.04712104547897 78.91097818879783 143.67991210937492 0 233 2.8329 0.0 8.181805246746432 0.0 4.0 
1491 7884876.7 95.04561740623969 78.91097818879783 143.67991210937492 0 233 2.8329 0.0 8.181805246746432 0.0 4.0 
1492 7884910.1 95.04561740623969 78.90722144561026 143.67991210937492 0 233 2.8329 0.0 8.181805246746432 0.0 4.0 
1493 7884943.4 95.04561740623969 78.90722144561026 143.67991210937492 0 233 2.8329 0.0 8.181805246746432 0.0 4.0 
1494 7884976.7 95.04561740623969 78.90722144561026 143.67991210937492 0 233 2.8329 0.0 8.181805246746432 0.0 4.0 
1495 7885010.1 95.04561740623969 78.90467213763968 143.67991210937492 0 233 2.8329 0.0 8.181805246746432 0.0 4.0 
1496 7885043.4 95.04561740623969 78.90467213763968 143.67991210937492 0 233 2.8329 0.0 8.181805246746432 0.0 4.0 
1497 7885076.7 95.04561740623969 78.9061246204211 143.67991210937492 0 233 2.8329 0.0 8.181805246746432 0.0 4.0 
1498 7885110.1 95.04561740623969 78.9061246204211 143.67991210937492 0 233 2.8329 0.0 8.181805246746432 0.0 4.0 
1499 7885143.4 95.04561740623969 78.90817050364404 143.67991210937492 0 233 2.8329 0.0 8.181805246746432 0.0 4.0 
1500 7885176.7 95.04561740623969 78.90817050364404 143.67991210937492 0 233 2.8329 0.0 8.181805246746432 0.0 4.0 
1501 7885210.1 95.04561740623969 78.90817050364404 143.67991210937492 0 233 2.8329 0.0 8.181805246746432 0.0 4.0 
1502 7885243.4 95.04138993552256 78.90278647249 143.67991210937492 0 233 2.8329 0.0 8.181805246746432 0.0 4.0 
1503 7885276.8 95.04138993552256 78.90278647249 143.67991210937492 0 233 2.8329 0.0 8.181805246746432 0.0 4.0 
1504 7885310.1 95.04138993552256 78.90278647249 143.67991210937492 0 233 2.8329 0.0 8.181805246746432 0.0 4.0 
1505 7885343.4 95.04138993552256 78.90278647249 143.67991210937492 0 233 2.8329 0.0 8.181805246746432 0.0 4.0 
1506 7885376.8 95.03883076553234 78.90278647249 143.67991210937492 0 233 2.8329 0.0 8.181805246746432 0.0 4.0 
1507 7885410.1 95.03883076553234 78.89623010465212 143.67991210937492 0 233 2.8329 0.0 8.181805246746432 0.0 4.0 
1508 7885443.4 95.03883076553234 78.89623010465212 143.67991210937492 0 233 2.8329 0.0 8.181805246746432 0.0 4.0 
1509 7885476.8 95.03883076553234 78.89623010465212 143.67991210937492 0 233 2.8329 0.0 8.181805246746432 0.0 4.0 
1510 7885510.1 95.03654434562701 78.89623010465212 143.67991210937492 0 233 2.8329 0.0 8.181805246746432 0.0 4.0 
1511 7885543.4 95.03654434562701 78.89276054005056 143.67991210937492 0 233 2.8329 0.0 8.181805246746432 0.0 4.0 
1512 7885576.8 95.03654434562701 78.89276054005056 143.67991210937492 0 233 2.8329 0.0 8.181805246746432 0.0 4.0 
1513 7885610.1 95.03654434562701 78.89276054005056 143.67991210937492 0 233 2.8329 0.0 8.181805246746432 0.0 4.0 
1514 7885643.5 95.0290825041945 78.89010400952948 143.67991210937492 0 233 2.8329 0.0 8.181805246746432 0.0 4.0 
1515 7885676.8 95.0290825041945 78.89010400952948 143.67991210937492 0 233 2.8329 0.0 8.181805246746432 0.0 4.0 
1516 7885710.1 95.0290825041945 78.89010400952948 143.67991210937492 0 233 2.8329 0.0 8.181805246746432 0.0 4.0 
1517 7885743.5 95.0290825041945 78.89010400952948 143.67991210937492 0 233 2.8329 0.0 8.181805246746432 0.0 4.0 
1518 7885776.8 95.01202420447909 78.89010400952948 143.67991210937492 0 233 2.8329 0.0 8.181805246746432 0.0 4.0 
1519 7885810.1 95.01202420447909 78.88644852015705 143.67991210937492 0 233 2.8329 0.0 8.181805246746432 0.0 4.0 
1520 7885843.5 95.01202420447909 78.88644852015705 143.67991210937492 0 233 2.8329 0.0 8.181805246746432 0.0 4.0 
1521 7885876.8 95.01202420447909 78.88644852015705 143.67991210937492 0 233 2.8329 0.0 8.181805246746432 0.0 4.0 
1522 7885910.1 95.0014911031566 78.88644852015705 143.67991210937492 0 233 2.8329 0.0 8.181805246746432 0.0 4.0 
1523 7885943.5 95.0014911031566 78.88264522834046 143.67991210937492 0 233 2.8329 0.0 8.181805246746432 0.0 4.0 
1524 7885976.8 95.0014911031566 78.88264522834046 143.67991210937492 0 233 2.8329 0.0 8.181805246746432 0.0 4.0 
1525 7886010.1 95.0014911031566 78.88264522834046 143.67991210937492 0 233 2.8329 0.0 8.181805246746432 0.0 4.0 
1526 7886043.5 94.99447828623437 78.87536265886914 143.67991210937492 0 233 2.8329 0.0 8.181805246746432 0.0 4.0 
1527 7886076.8 94.99447828623437 78.87536265886914 143.67991210937492 0 233 2.8329 0.0 8.181805246746432 0.0 4.0 
1528 7886110.2 94.99447828623437 78.87536265886914 143.67991210937492 0 233 2.8329 0.0 8.181805246746432 0.0 4.0 
1529 7886143.5 94.99447828623437 78.87536265886914 143.67991210937492 0 233 2.8329 0.0 8.181805246746432 0.0 4.0 
1530 7886176.8 94.99205322052043 78.87536265886914 143.67991210937492 0 233 2.8329 0.0 8.181805246746432 0.0 4.0 
1531 7886210.2 94.99205322052043 78.86967800115994 143.67991210937492 0 233 2.8329 0.0 8.181805246746432 0.0 4.0 
1532 7886243.5 94.99205322052043 78.86967800115994 143.67991210937492 0 233 2.8329 0.0 8.181805246746432 0.0 4.0 
1533 7886276.8 94.99205322052043 78.86967800115994 143.67991210937492 0 233 2.8329 0.0 8.181805246746432 0.0 4.0 
1534 7886310.2 94.98707662314479 78.86967800115994 143.67991210937492 0 233 2.8329 0.0 8.181805246746432 0.0 4.0 
1535 7886343.5 94.98707662314479 78.86086456053712 143.67991210937492 0 233 2.8329 0.0 8.181805246746432 0.0 4.0 
1536 7886376.8 94.98707662314479 78.86086456053712 143.67991210937492 0 233 2.8329 0.0 8.181805246746432 0.0 4.0 
1537 7886410.2 94.98707662314479 78.86086456053712 143.67991210937492 0 233 2.8329 0.0 8.181805246746432 0.0 4.0 
1538 7886443.5 94.98375170072863 78.85794456541225 143.67991210937492 0 233 2.8329 0.0 8.181805246746432 0.0 4.0 
1539 7886476.9 94.98375170072863 78.85794456541225 143.67991210937492 0 233 2.8329 0.0 8.181805246746432 0.0 4.0 
1540 7886510.2 94.98375170072863 78.85794456541225 143.67991210937492 0 233 2.8329 0.0 8.181805246746432 0.0 4.0 
1541 7886543.5 94.98375170072863 78.85794456541225 143.67991210937492 0 233 2.8329 0.0 8.181805246746432 0.0 4.0 
1542 7886576.9 94.98207234834975 78.85794456541225 143.67991210937492 0 233 2.8329 0.0 8.181805246746432 0.0 4.0 
1543 7886610.2 94.98207234834975 78.85604030285552 143.67991210937492 0 233 2.8329 0.0 8.181805246746432 0.0 4.0 
1544 7886643.5 94.98207234834975 78.85604030285552 143.67991210937492 0 233 2.8329 0.0 8.181805246746432 0.0 4.0 
1545 7886676.9 94.98207234834975 78.85604030285552 143.67991210937492 0 233 2.8329 0.0 8.181805246746432 0.0 4.0 
1546 7886710.2 94.97836483399583 78.85604030285552 143.67991210937492 0 233 2.8329 0.0 8.181805246746432 0.0 4.0 
1547 7886743.5 94.97836483399583 78.84563395833244 143.67991210937492 0 233 2.8329 0.0 8.181805246746432 0.0 4.0 
1548 7886776.9 94.97836483399583 78.84563395833244 143.67991210937492 0 233 2.8329 0.0 8.181805246746432 0.0 4.0 
1549 7886810.2 94.97836483399583 78.84563395833244 143.67991210937492 0 233 2.8329 0.0 8.181805246746432 0.0 4.0 
1550 7886843.5 94.97708229240253 78.84563395833244 143.67991210937492 0 233 2.8329 0.0 8.181805246746432 0.0 4.0 
1551 7886876.9 94.97708229240253 78.84563395833244 143.67991210937492 0 233 2.8329 0.0 8.181805246746432 0.0 4.0 
1552 7886910.2 94.97708229240253 78.84563395833244 143.67991210937492 0 233 2.8329 0.0 8.181805246746432 0.0 4.0 
1553 7886943.6 94.97811669864623 78.84563395833244 143.67991210937492 0 233 2.8329 0.0 8.181805246746432 0.0 4.0 
1554 7886976.9 94.97811669864623 78.84759598819817 143.67991210937492 0 233 2.8329 0.0 8.181805246746432 0.0 4.0 
1555 7887010.2 94.97811669864623 78.84759598819817 143.67991210937492 0 233 2.8329 0.0 8.181805246746432 0.0 4.0 
1556 7887043.6 94.97811669864623 78.84759598819817 143.67991210937492 0 233 2.8329 0.0 8.181805246746432 0.0 4.0 
1557 7887076.9 94.97811669864623 78.84440815644624 143.67991210937492 0 233 2.8329 0.0 8.181805246746432 0.0 4.0 
1558 7887110.2 94.97811669864623 78.84440815644624 143.67991210937492 0 233 2.8329 0.0 8.181805246746432 0.0 4.0 
1559 7887143.6 94.97811669864623 78.84440815644624 143.67991210937492 0 233 2.8329 0.0 8.181805246746432 0.0 4.0 
1560 7887176.9 94.9768643086194 78.84440815644624 143.67991210937492 0 233 2.8329 0.0 8.181805246746432 0.0 4.0 
1561 7887210.2 94.9768643086194 78.83781327609002 143.67991210937492 0 233 2.8329 0.0 8.181805246746432 0.0 4.0 
1562 7887243.6 94.9768643086194 78.83781327609002 143.67991210937492 0 233 2.8329 0.0 8.181805246746432 0.0 4.0 
1563 7887276.9 94.9768643086194 78.83781327609002 143.67991210937492 0 233 2.8329 0.0 8.181805246746432 0.0 4.0 
1564 7887310.3 94.97874283036538 78.83781327609002 143.67991210937492 0 233 2.8329 0.0 8.181805246746432 0.0 4.0 
1565 7887343.6 94.97874283036538 78.82632899685298 143.67991210937492 0 233 2.8329 0.0 8.181805246746432 0.0 4.0 
1566 7887376.9 94.97874283036538 78.82632899685298 143.67991210937492 0 233 2.8329 0.0 8.181805246746432 0.0 4.0 
1567 7887410.3 94.97874283036538 78.82632899685298 143.67991210937492 0 233 2.8329 0.0 8.181805246746432 0.0 4.0 
1568 7887443.6 94.98527448186321 78.82632899685298 143.67991210937492 0 233 2.8329 0.0 8.181805246746432 0.0 4.0 
1569 7887476.9 94.98527448186321 78.81694855889123 143.67991210937492 0 233 2.8329 0.0 8.181805246746432 0.0 4.0 
1570 7887510.3 94.98527448186321 78.81694855889123 143.67991210937492 0 233 2.8329 0.0 8.181805246746432 0.0 4.0 
1571 7887543.6 94.98527448186321 78.81694855889123 143.67991210937492 0 233 2.8329 0.0 8.181805246746432 0.0 4.0 
1572 7887576.9 94.99482905638065 78.81694855889123 143.67991210937492 0 233 2.8329 0.0 8.181805246746432 0.0 4.0 
1573 7887610.3 94.99482905638065 78.80258075298705 143.67991210937492 0 233 2.8329 0.0 8.181805246746432 0.0 4.0 
1574 7887643.6 94.99482905638065 78.80258075298705 143.67991210937492 0 233 2.8329 0.0 8.181805246746432 0.0 4.0 
1575 7887676.9 94.99915964118968 78.80258075298705 143.67991210937492 0 233 2.8329 0.0 8.181805246746432 0.0 4.0 
1576 7887710.3 94.99915964118968 78.79797297679161 143.67991210937492 0 233 2.8329 0.0 8.181805246746432 0.0 4.0 
1577 7887743.6 94.99915964118968 78.79797297679161 143.67991210937492 0 233 2.8329 0.0 8.181805246746432 0.0 4.0 
1578 7887777.0 94.99915964118968 78.79797297679161 143.67991210937492 0 233 2.8329 0.0 8.181805246746432 0.0 4.0 
1579 7887810.3 95.00030815024226 78.79797297679161 143.67991210937492 0 233 2.8329 0.0 8.181805246746432 0.0 4.0 
1580 7887843.6 95.00030815024226 78.80061588441387 143.67991210937492 0 233 2.8329 0.0 8.181805246746432 0.0 4.0 
1581 7887877.0 95.00030815024226 78.80061588441387 143.67991210937492 0 233 2.8329 0.0 8.181805246746432 0.0 4.0 
1582 7887910.3 95.00030815024226 78.80061588441387 143.67991210937492 0 233 2.8329 0.0 8.181805246746432 0.0 4.0 
1583 7887943.6 95.00409211840119 78.80061588441387 143.67991210937492 0 233 2.8329 0.0 8.181805246746432 0.0 4.0 
1584 7887977.0 95.00409211840119 78.79926042379114 143.67991210937492 0 233 2.8329 0.0 8.181805246746432 0.0 4.0 
1585 7888010.3 95.00409211840119 78.79926042379114 143.67991210937492 0 233 2.8329 0.0 8.181805246746432 0.0 4.0 
1586 7888043.6 95.00409211840119 78.79926042379114 143.67991210937492 0 233 2.8329 0.0 8.181805246746432 0.0 4.0 
1587 7888077.0 95.01213889032937 78.79926042379114 143.67991210937492 0 233 2.8329 0.0 8.181805246746432 0.0 4.0 
1588 7888110.3 95.01213889032937 78.79084386726748 143.67991210937492 0 233 2.8329 0.0 8.181805246746432 0.0 4.0 
1589 7888143.7 95.01213889032937 78.79084386726748 143.67991210937492 0 233 2.8329 0.0 8.181805246746432 0.0 4.0 
1590 7888177.0 95.01213889032937 78.79084386726748 143.67991210937492 0 233 2.8329 0.0 8.181805246746432 0.0 4.0 
1591 7888210.3 95.02700493419225 78.79084386726748 143.67991210937492 0 233 2.8329 0.0 8.181805246746432 0.0 4.0 
1592 7888243.7 95.02700493419225 78.778516131712 143.67991210937492 0 233 2.8329 0.0 8.181805246746432 0.0 4.0 
1593 7888277.0 95.02700493419225 78.778516131712 143.67991210937492 0 233 2.8329 0.0 8.181805246746432 0.0 4.0 
1594 7888310.3 95.02700493419225 78.778516131712 143.67991210937492 0 233 2.8329 0.0 8.181805246746432 0.0 4.0 
1595 7888343.7 95.04148217569943 78.778516131712 143.67991210937492 0 233 2.8329 0.0 8.181805246746432 0.0 4.0 
1596 7888377.0 95.04148217569943 78.76546977298112 143.67991210937492 0 233 2.8329 0.0 8.181805246746432 0.0 4.0 
1597 7888410.3 95.04148217569943 78.76546977298112 143.67991210937492 0 233 2.8329 0.0 8.181805246746432 0.0 4.0 
1598 7888443.7 95.04148217569943 78.76546977298112 143.67991210937492 0 233 2.8329 0.0 8.181805246746432 0.0 4.0 
1599 7888477.0 95.04980889461103 78.76546977298112 143.67991210937492 0 233 2.8329 0.0 8.181805246746432 0.0 4.0 
1600 7888510.3 95.04980889461103 78.75703123025899 143.67991210937492 0 233 2.8329 0.0 8.181805246746432 0.0 4.0 
1601 7888543.7 95.04980889461103 78.75703123025899 143.67991210937492 0 233 2.8329 0.0 8.181805246746432 0.0 4.0 
1602 7888577.0 95.04980889461103 78.75703123025899 143.67991210937492 0 233 2.8329 0.0 8.181805246746432 0.0 4.0 
1603 7888610.4 95.05344307852857 78.75703123025899 143.67991210937492 0 233 2.8329 0.0 8.181805246746432 0.0 4.0 
1604 7888643.7 95.05344307852857 78.75268254009337 143.67991210937492 0 233 2.8329 0.0 8.181805246746432 0.0 4.0 
1605 7888677.0 95.05344307852857 78.75268254009337 143.67991210937492 0 233 2.8329 0.0 8.181805246746432 0.0 4.0 
1606 7888710.4 95.05344307852857 78.75268254009337 143.67991210937492 0 233 2.8329 0.0 8.181805246746432 0.0 4.0 
1607 7888743.7 95.05698410770715 78.75268254009337 143.67991210937492 0 233 2.8329 0.0 8.181805246746432 0.0 4.0 
1608 7888777.0 95.05698410770715 78.74997256575965 143.67991210937492 0 233 2.8329 0.0 8.181805246746432 0.0 4.0 
1609 7888810.4 95.05698410770715 78.74997256575965 143.67991210937492 0 233 2.8329 0.0 8.181805246746432 0.0 4.0 
1610 7888843.7 95.05698410770715 78.74997256575965 143.67991210937492 0 233 2.8329 0.0 8.181805246746432 0.0 4.0 
1611 7888877.0 95.06509958501124 78.74170071405959 143.67991210937492 0 233 2.8329 0.0 8.181805246746432 0.0 4.0 
1612 7888910.4 95.06509958501124 78.74170071405959 143.67991210937492 0 233 2.8329 0.0 8.181805246746432 0.0 4.0 
1613 7888943.7 95.06509958501124 78.74170071405959 143.67991210937492 0 233 2.8329 0.0 8.181805246746432 0.0 4.0 
1614 7888977.1 95.06509958501124 78.74170071405959 143.67991210937492 0 233 2.8329 0.0 8.181805246746432 0.0 4.0 
1615 7889010.4 95.0737299516692 78.74170071405959 143.67991210937492 0 233 2.8329 0.0 8.181805246746432 0.0 4.0 
1616 7889043.7 95.0737299516692 78.73071219716032 143.67991210937492 0 233 2.8329 0.0 8.181805246746432 0.0 4.0 
1617 7889077.1 95.0737299516692 78.73071219716032 143.67991210937492 0 233 2.8329 0.0 8.181805246746432 0.0 4.0 
1618 7889110.4 95.0737299516692 78.73071219716032 143.67991210937492 0 233 2.8329 0.0 8.181805246746432 0.0 4.0 
1619 7889143.7 95.08009105247893 78.73071219716032 143.67991210937492 0 233 2.8329 0.0 8.181805246746432 0.0 4.0 
1620 7889177.1 95.08009105247893 78.71715031773125 143.67991210937492 0 233 2.8329 0.0 8.181805246746432 0.0 4.0 
1621 7889210.4 95.08009105247893 78.71715031773125 143.67991210937492 0 233 2.8329 0.0 8.181805246746432 0.0 4.0 
1622 7889243.7 95.08009105247893 78.71715031773125 143.67991210937492 0 233 2.8329 0.0 8.181805246746432 0.0 4.0 
1623 7889277.1 95.08412620209151 78.71715031773125 143.67991210937492 0 233 2.8329 0.0 8.181805246746432 0.0 4.0 
1624 7889310.4 95.08412620209151 78.70718693980582 143.67991210937492 0 233 2.8329 0.0 8.181805246746432 0.0 4.0 
1625 7889343.7 95.08412620209151 78.70718693980582 143.67991210937492 0 233 2.8329 0.0 8.181805246746432 0.0 4.0 
1626 7889377.1 95.08412620209151 78.70718693980582 143.67991210937492 0 233 2.8329 0.0 8.181805246746432 0.0 4.0 
1627 7889410.4 95.08804048110783 78.70718693980582 143.67991210937492 0 233 2.8329 0.0 8.181805246746432 0.0 4.0 
1628 7889443.8 95.08804048110783 78.70078466042371 143.67991210937492 0 233 2.8329 0.0 8.181805246746432 0.0 4.0 
1629 7889477.1 95.08804048110783 78.70078466042371 143.67991210937492 0 233 2.8329 0.0 8.181805246746432 0.0 4.0 
1630 7889510.4 95.09284048171605 78.70078466042371 143.67991210937492 0 233 2.8329 0.0 8.181805246746432 0.0 4.0 
1631 7889543.8 95.09284048171605 78.69676282982651 143.67991210937492 0 233 2.8329 0.0 8.181805246746432 0.0 4.0 
1632 7889577.1 95.09284048171605 78.69676282982651 143.67991210937492 0 233 2.8329 0.0 8.181805246746432 0.0 4.0 
1633 7889610.4 95.09284048171605 78.69676282982651 143.67991210937492 0 233 2.8329 0.0 8.181805246746432 0.0 4.0 
1634 7889643.8 95.09453696596306 78.69676282982651 143.67991210937492 0 233 2.8329 0.0 8.181805246746432 0.0 4.0 
1635 7889677.1 95.09453696596306 78.69309410575532 143.67991210937492 0 233 2.8329 0.0 8.181805246746432 0.0 4.0 
1636 7889710.4 95.09453696596306 78.69309410575532 143.67991210937492 0 233 2.8329 0.0 8.181805246746432 0.0 4.0 
1637 7889743.8 95.09453696596306 78.69309410575532 143.67991210937492 0 233 2.8329 0.0 8.181805246746432 0.0 4.0 
1638 7889777.1 95.09593394718597 78.69309410575532 143.67991210937492 0 233 2.8329 0.0 8.181805246746432 0.0 4.0 
1639 7889810.5 95.09593394718597 78.68616885090908 143.67991210937492 0 233 2.8329 0.0 8.181805246746432 0.0 4.0 
1640 7889843.8 95.09593394718597 78.68616885090908 143.67991210937492 0 233 2.8329 0.0 8.181805246746432 0.0 4.0 
1641 7889877.1 95.09593394718597 78.68616885090908 143.67991210937492 0 233 2.8329 0.0 8.181805246746432 0.0 4.0 
1642 7889910.5 95.09593394718597 78.67606677968186 143.67991210937492 0 233 2.8329 0.0 8.181805246746432 0.0 4.0 
1643 7889943.8 95.09593394718597 78.67606677968186 143.67991210937492 0 233 2.8329 0.0 8.181805246746432 0.0 4.0 
1644 7889977.1 95.09593394718597 78.67606677968186 143.67991210937492 0 233 2.8329 0.0 8.181805246746432 0.0 4.0 
1645 7890010.5 95.09593394718597 78.67606677968186 143.67991210937492 0 233 2.8329 0.0 8.181805246746432 0.0 4.0 
1646 7890043.8 95.0994098493963 78.67606677968186 143.67991210937492 0 233 2.8329 0.0 8.181805246746432 0.0 4.0 
1647 7890077.1 95.0994098493963 78.66915807856351 143.67991210937492 0 233 2.8329 0.0 8.181805246746432 0.0 4.0 
1648 7890110.5 95.0994098493963 78.66915807856351 143.67991210937492 0 233 2.8329 0.0 8.181805246746432 0.0 4.0 
1649 7890143.8 95.10211848712163 78.66360694542473 143.67991210937492 0 233 2.8329 0.0 8.181805246746432 0.0 4.0 
1650 7890177.1 95.10211848712163 78.66360694542473 143.67991210937492 0 233 2.8329 0.0 8.181805246746432 0.0 4.0 
1651 7890210.5 95.10211848712163 78.66360694542473 143.67991210937492 0 233 2.8329 0.0 8.181805246746432 0.0 4.0 
1652 7890243.8 95.10211848712163 78.66360694542473 143.67991210937492 0 233 2.8329 0.0 8.181805246746432 0.0 4.0 
1653 7890277.2 95.10211848712163 78.65158198350073 143.67991210937492 0 233 2.8329 0.0 8.181805246746432 0.0 4.0 
1654 7890310.5 95.10211848712163 78.65158198350073 143.67991210937492 0 233 2.8329 0.0 8.181805246746432 0.0 4.0 
1655 7890343.8 95.10211848712163 78.65158198350073 143.67991210937492 0 233 2.8329 0.0 8.181805246746432 0.0 4.0 
1656 7890377.2 95.10211848712163 78.65158198350073 143.67991210937492 0 233 2.8329 0.0 8.181805246746432 0.0 4.0 
1657 7890410.5 95.10312919246712 78.65158198350073 143.67991210937492 0 233 2.8329 0.0 8.181805246746432 0.0 4.0 
1658 7890443.8 95.10312919246712 78.63971309895406 143.67991210937492 0 233 2.8329 0.0 8.181805246746432 0.0 4.0 
1659 7890477.2 95.10312919246712 78.63971309895406 143.67991210937492 0 233 2.8329 0.0 8.181805246746432 0.0 4.0 
1660 7890510.5 95.10312919246712 78.63971309895406 143.67991210937492 0 233 2.8329 0.0 8.181805246746432 0.0 4.0 
1661 7890543.8 95.10868759622963 78.63158130107549 143.67991210937492 0 233 2.8329 0.0 8.181805246746432 0.0 4.0 
1662 7890577.2 95.10868759622963 78.63158130107549 143.67991210937492 0 233 2.8329 0.0 8.181805246746432 0.0 4.0 
1663 7890610.5 95.10868759622963 78.63158130107549 143.67991210937492 0 233 2.8329 0.0 8.181805246746432 0.0 4.0 
1664 7890643.9 95.10868759622963 78.63158130107549 143.67991210937492 0 233 2.8329 0.0 8.181805246746432 0.0 4.0 
1665 7890677.2 95.11146161357827 78.63158130107549 143.67991210937492 0 233 2.8329 0.0 8.181805246746432 0.0 4.0 
1666 7890710.5 95.11146161357827 78.63158130107549 143.67991210937492 0 233 2.8329 0.0 8.181805246746432 0.0 4.0 
1667 7890743.9 95.11146161357827 78.63158130107549 143.67991210937492 0 233 2.8329 0.0 8.181805246746432 0.0 4.0 
1668 7890777.2 95.11146161357827 78.63158130107549 143.67991210937492 0 233 2.8329 0.0 8.181805246746432 0.0 4.0 
1669 7890810.5 95.11146161357827 78.63158130107549 143.67991210937492 0 233 2.8329 0.0 8.181805246746432 0.0 4.0 
1670 7890843.9 95.11146161357827 78.63158130107549 143.67991210937492 0 233 2.8329 0.0 8.181805246746432 0.0 4.0 
1671 7890877.2 95.11146161357827 78.63287253711042 143.67991210937492 0 233 2.8329 0.0 8.181805246746432 0.0 4.0 
1672 7890910.5 95.11146161357827 78.63287253711042 143.67991210937492 0 233 2.8329 0.0 8.181805246746432 0.0 4.0 
1673 7890943.9 95.1144613343108 78.63827087852601 143.67991210937492 0 233 2.8329 0.0 8.181805246746432 0.0 4.0 
1674 7890977.2 95.1144613343108 78.63827087852601 143.67991210937492 0 233 2.8329 0.0 8.181805246746432 0.0 4.0 
1675 7891010.5 95.1144613343108 78.63827087852601 143.67991210937492 0 233 2.8329 0.0 8.181805246746432 0.0 4.0 
1676 7891043.9 95.12251285194266 78.63827087852601 143.67991210937492 0 233 2.8329 0.0 8.181805246746432 0.0 4.0 
1677 7891077.2 95.12251285194266 78.64015170597298 143.67991210937492 0 233 2.8329 0.0 8.181805246746432 0.0 4.0 
1678 7891110.6 95.12251285194266 78.64015170597298 143.67991210937492 0 233 2.8329 0.0 8.181805246746432 0.0 4.0 
1679 7891143.9 95.1207560611465 78.64015170597298 143.67991210937492 0 233 2.8329 0.0 8.181805246746432 0.0 4.0 
1680 7891177.2 95.1207560611465 78.64283840878109 143.67991210937492 0 233 2.8329 0.0 8.181805246746432 0.0 4.0 
1681 7891210.6 95.1207560611465 78.64283840878109 143.67991210937492 0 233 2.8329 0.0 8.181805246746432 0.0 4.0 
1682 7891243.9 95.1207560611465 78.64283840878109 143.67991210937492 0 233 2.8329 0.0 8.181805246746432 0.0 4.0 
1683 7891277.2 95.11626569583319 78.6446192839785 143.67991210937492 0 233 2.8329 0.0 8.181805246746432 0.0 4.0 
1684 7891310.6 95.11626569583319 78.6446192839785 143.67991210937492 0 233 2.8329 0.0 8.181805246746432 0.0 4.0 
1685 7891343.9 95.11626569583319 78.6446192839785 143.67991210937492 0 233 2.8329 0.0 8.181805246746432 0.0 4.0 
1686 7891377.2 95.10821117774506 78.6446192839785 143.67991210937492 0 233 2.8329 0.0 8.181805246746432 0.0 4.0 
1687 7891410.6 95.10821117774506 78.6446192839785 143.67991210937492 0 233 2.8329 0.0 8.181805246746432 0.0 4.0 
1688 7891443.9 95.10821117774506 78.6446192839785 143.67991210937492 0 233 2.8329 0.0 8.181805246746432 0.0 4.0 
1689 7891477.3 95.10192833644396 78.6446192839785 143.67991210937492 0 233 2.8329 0.0 8.181805246746432 0.0 4.0 
1690 7891510.6 95.10192833644396 78.64597732386837 143.67991210937492 0 233 2.8329 0.0 8.181805246746432 0.0 4.0 
1691 7891543.9 95.10192833644396 78.64597732386837 143.67991210937492 0 233 2.8329 0.0 8.181805246746432 0.0 4.0 
1692 7891577.3 95.09467627395759 78.64597732386837 143.67991210937492 0 233 2.8329 0.0 8.181805246746432 0.0 4.0 
1693 7891610.6 95.09467627395759 78.63123068944365 143.67991210937492 0 233 2.8329 0.0 8.181805246746432 0.0 4.0 
1694 7891643.9 95.09467627395759 78.63123068944365 143.67991210937492 0 233 2.8329 0.0 8.181805246746432 0.0 4.0 
1695 7891677.3 95.09467627395759 78.63123068944365 143.67991210937492 0 233 2.8329 0.0 8.181805246746432 0.0 4.0 
1696 7891710.6 95.08727311641255 78.63123068944365 143.67991210937492 0 233 2.8329 0.0 8.181805246746432 0.0 4.0 
1697 7891743.9 95.08727311641255 78.60814329859976 143.67991210937492 0 233 2.8329 0.0 8.181805246746432 0.0 4.0 
1698 7891777.3 95.08727311641255 78.60814329859976 143.67991210937492 0 233 2.8329 0.0 8.181805246746432 0.0 4.0 
1699 7891810.6 95.08727311641255 78.60814329859976 143.67991210937492 0 233 2.8329 0.0 8.181805246746432 0.0 4.0 
1700 7891843.9 95.08727311641255 78.60814329859976 143.67991210937492 0 233 2.8329 0.0 8.181805246746432 0.0 4.0 
1701 7891877.3 95.0850328199693 78.60814329859976 143.67991210937492 0 233 2.8329 0.0 8.181805246746432 0.0 4.0 
1702 7891910.6 95.0850328199693 78.59904998225818 143.67991210937492 0 233 2.8329 0.0 8.181805246746432 0.0 4.0 
1703 7891944.0 95.0850328199693 78.59904998225818 143.67991210937492 0 233 2.8329 0.0 8.181805246746432 0.0 4.0 
1704 7891977.3 95.0850328199693 78.59904998225818 143.67991210937492 0 233 2.8329 0.0 8.181805246746432 0.0 4.0 
1705 7892010.6 95.087165625357 78.59904998225818 143.67991210937492 0 233 2.8329 0.0 8.181805246746432 0.0 4.0 
1706 7892044.0 95.087165625357 78.5940927327938 143.67991210937492 0 233 2.8329 0.0 8.181805246746432 0.0 4.0 
1707 7892077.3 95.087165625357 78.5940927327938 143.67991210937492 0 233 2.8329 0.0 8.181805246746432 0.0 4.0 
1708 7892110.6 95.087165625357 78.5940927327938 143.67991210937492 0 233 2.8329 0.0 8.181805246746432 0.0 4.0 
1709 7892144.0 95.08908647227831 78.5940927327938 143.67991210937492 0 233 2.8329 0.0 8.181805246746432 0.0 4.0 
1710 7892177.3 95.08908647227831 78.59277503918105 143.67991210937492 0 233 2.8329 0.0 8.181805246746432 0.0 4.0 
1711 7892210.6 95.08908647227831 78.59277503918105 143.67991210937492 0 233 2.8329 0.0 8.181805246746432 0.0 4.0 
1712 7892244.0 95.08908647227831 78.59008988711943 143.67991210937492 0 233 2.8329 0.0 8.181805246746432 0.0 4.0 
1713 7892277.3 95.08908647227831 78.59008988711943 143.67991210937492 0 233 2.8329 0.0 8.181805246746432 0.0 4.0 
1714 7892310.7 95.08908647227831 78.59008988711943 143.67991210937492 0 233 2.8329 0.0 8.181805246746432 0.0 4.0 
1715 7892344.0 95.0901897565152 78.59008988711943 143.67991210937492 0 233 2.8329 0.0 8.181805246746432 0.0 4.0 
1716 7892377.3 95.0901897565152 78.59008988711943 143.67991210937492 0 233 2.8329 0.0 8.181805246746432 0.0 4.0 
1717 7892410.7 95.09119424776212 78.59008988711943 143.67991210937492 0 233 2.8329 0.0 8.181805246746432 0.0 4.0 
1718 7892444.0 95.09119424776212 78.59008988711943 143.67991210937492 0 233 2.8329 0.0 8.181805246746432 0.0 4.0 
1719 7892477.3 95.09119424776212 78.58871828734654 143.67991210937492 0 233 2.8329 0.0 8.181805246746432 0.0 4.0 
1720 7892510.7 95.09119424776212 78.58871828734654 143.67991210937492 0 233 2.8329 0.0 8.181805246746432 0.0 4.0 
1721 7892544.0 95.09119424776212 78.58871828734654 143.67991210937492 0 233 2.8329 0.0 8.181805246746432 0.0 4.0 
1722 7892577.3 95.09119424776212 78.58871828734654 143.67991210937492 0 233 2.8329 0.0 8.181805246746432 0.0 4.0 
1723 7892610.7 95.09119424776212 78.58871828734654 143.67991210937492 0 233 2.8329 0.0 8.181805246746432 0.0 4.0 
1724 7892644.0 95.09119424776212 78.58871828734654 143.67991210937492 0 233 2.8329 0.0 8.181805246746432 0.0 4.0 
1725 7892677.3 95.09119424776212 78.58871828734654 143.67991210937492 0 233 2.8329 0.0 8.181805246746432 0.0 4.0 
1726 7892710.7 95.09119424776212 78.58871828734654 143.67991210937492 0 233 2.8329 0.0 8.181805246746432 0.0 4.0 
1727 7892744.0 95.09119424776212 78.58871828734654 143.67991210937492 0 233 2.8329 0.0 8.181805246746432 0.0 4.0 
1728 7892777.4 95.09119424776212 78.58871828734654 143.67991210937492 0 233 2.8329 0.0 8.181805246746432 0.0 4.0 
1729 7892810.7 95.09119424776212 78.58748621792498 143.67991210937492 0 233 2.8329 0.0 8.181805246746432 0.0 4.0 
1730 7892844.0 95.09119424776212 78.58748621792498 143.67991210937492 0 233 2.8329 0.0 8.181805246746432 0.0 4.0 
1731 7892877.4 95.09119424776212 78.58748621792498 143.67991210937492 0 233 2.8329 0.0 8.181805246746432 0.0 4.0 
1732 7892910.7 95.09119424776212 78.58631594925258 143.67991210937492 0 233 2.8329 0.0 8.181805246746432 0.0 4.0 
1733 7892944.0 95.09119424776212 78.58631594925258 143.67991210937492 0 233 2.8329 0.0 8.181805246746432 0.0 4.0 
1734 7892977.4 95.09362737666127 78.58910559078332 143.67991210937492 0 233 2.8329 0.0 8.181805246746432 0.0 4.0 
1735 7893010.7 95.09362737666127 78.58910559078332 143.67991210937492 0 233 2.8329 0.0 8.181805246746432 0.0 4.0 
1736 7893044.0 95.09362737666127 78.58910559078332 143.67991210937492 0 233 2.8329 0.0 8.181805246746432 0.0 4.0 
1737 7893077.4 95.09488505722818 78.58910559078332 143.67991210937492 0 233 2.8329 0.0 8.181805246746432 0.0 4.0 
1738 7893110.7 95.09488505722818 78.5967800895544 143.67991210937492 0 233 2.8329 0.0 8.181805246746432 0.0 4.0 
1739 7893144.1 95.09488505722818 78.5967800895544 143.67991210937492 0 233 2.8329 0.0 8.181805246746432 0.0 4.0 
1740 7893177.4 95.09488505722818 78.5967800895544 143.67991210937492 0 233 2.8329 0.0 8.181805246746432 0.0 4.0 
1741 7893210.7 95.09326475265631 78.59827576690603 143.67991210937492 0 233 2.8329 0.0 8.181805246746432 0.0 4.0 
1742 7893244.1 95.09326475265631 78.59827576690603 143.67991210937492 0 233 2.8329 0.0 8.181805246746432 0.0 4.0 
1743 7893277.4 95.08930521545922 78.59529690105137 143.67991210937492 0 233 2.8329 0.0 8.181805246746432 0.0 4.0 
1744 7893310.7 95.08930521545922 78.59529690105137 143.67991210937492 0 233 2.8329 0.0 8.181805246746432 0.0 4.0 
1745 7893344.1 95.08930521545922 78.59529690105137 143.67991210937492 0 233 2.8329 0.0 8.181805246746432 0.0 4.0 
1746 7893377.4 95.08731287790867 78.59529690105137 143.67991210937492 0 233 2.8329 0.0 8.181805246746432 0.0 4.0 
1747 7893410.7 95.08731287790867 78.59328418672744 143.67991210937492 0 233 2.8329 0.0 8.181805246746432 0.0 4.0 
1748 7893444.1 95.08731287790867 78.59328418672744 143.67991210937492 0 233 2.8329 0.0 8.181805246746432 0.0 4.0 
1749 7893477.4 95.08731287790867 78.58832630894885 143.67991210937492 0 233 2.8329 0.0 8.181805246746432 0.0 4.0 
1750 7893510.7 95.08731287790867 78.58832630894885 143.67991210937492 0 233 2.8329 0.0 8.181805246746432 0.0 4.0 
1751 7893544.1 95.091153228918 78.58832630894885 143.67991210937492 0 233 2.8329 0.0 8.181805246746432 0.0 4.0 
1752 7893577.4 95.091153228918 78.58115609386904 143.67991210937492 0 233 2.8329 0.0 8.181805246746432 0.0 4.0 
1753 7893610.8 95.091153228918 78.58115609386904 143.67991210937492 0 233 2.8329 0.0 8.181805246746432 0.0 4.0 
1754 7893644.1 95.091153228918 78.58115609386904 143.67991210937492 0 233 2.8329 0.0 8.181805246746432 0.0 4.0 
1755 7893677.4 95.09377248944975 78.58115609386904 143.67991210937492 0 233 2.8329 0.0 8.181805246746432 0.0 4.0 
1756 7893710.8 95.09377248944975 78.57936551744164 143.67991210937492 0 233 2.8329 0.0 8.181805246746432 0.0 4.0 
1757 7893744.1 95.09377248944975 78.57936551744164 143.67991210937492 0 233 2.8329 0.0 8.181805246746432 0.0 4.0 
1758 7893777.4 95.09377248944975 78.57936551744164 143.67991210937492 0 233 2.8329 0.0 8.181805246746432 0.0 4.0 
1759 7893810.8 95.09377248944975 78.58317916627702 143.67991210937492 0 233 2.8329 0.0 8.181805246746432 0.0 4.0 
1760 7893844.1 95.09377248944975 78.58317916627702 143.67991210937492 0 233 2.8329 0.0 8.181805246746432 0.0 4.0 
1761 7893877.4 95.09509588816134 78.58317916627702 143.67991210937492 0 233 2.8329 0.0 8.181805246746432 0.0 4.0 
1762 7893910.8 95.09509588816134 78.5858164505034 143.67991210937492 0 233 2.8329 0.0 8.181805246746432 0.0 4.0 
1763 7893944.1 95.09509588816134 78.5858164505034 143.67991210937492 0 233 2.8329 0.0 8.181805246746432 0.0 4.0 
1764 7893977.5 95.09509588816134 78.5858164505034 143.67991210937492 0 233 2.8329 0.0 8.181805246746432 0.0 4.0 
1765 7894010.8 95.09667702999687 78.59173733221267 143.67991210937492 0 233 2.8329 0.0 8.181805246746432 0.0 4.0 
1766 7894044.1 95.09667702999687 78.59173733221267 143.67991210937492 0 233 2.8329 0.0 8.181805246746432 0.0 4.0 
1767 7894077.5 95.09667702999687 78.59173733221267 143.67991210937492 0 233 2.8329 0.0 8.181805246746432 0.0 4.0 
1768 7894110.8 95.09525869160667 78.59346115921241 143.67991210937492 0 233 2.8329 0.0 8.181805246746432 0.0 4.0 
1769 7894144.1 95.09525869160667 78.59346115921241 143.67991210937492 0 233 2.8329 0.0 8.181805246746432 0.0 4.0 
1770 7894177.5 95.09525869160667 78.59346115921241 143.67991210937492 0 233 2.8329 0.0 8.181805246746432 0.0 4.0 
1771 7894210.8 95.09235843935505 78.59346115921241 143.67991210937492 0 233 2.8329 0.0 8.181805246746432 0.0 4.0 
1772 7894244.1 95.09235843935505 78.5901731508221 143.67991210937492 0 233 2.8329 0.0 8.181805246746432 0.0 4.0 
1773 7894277.5 95.09235843935505 78.5901731508221 143.67991210937492 0 233 2.8329 0.0 8.181805246746432 0.0 4.0 
1774 7894310.8 95.09235843935505 78.5901731508221 143.67991210937492 0 233 2.8329 0.0 8.181805246746432 0.0 4.0 
1775 7894344.1 95.08992868822855 78.5901731508221 143.67991210937492 0 233 2.8329 0.0 8.181805246746432 0.0 4.0 
1776 7894377.5 95.08992868822855 78.5852857048317 143.67991210937492 0 233 2.8329 0.0 8.181805246746432 0.0 4.0 
1777 7894410.8 95.08992868822855 78.5852857048317 143.67991210937492 0 233 2.8329 0.0 8.181805246746432 0.0 4.0 
1778 7894444.2 95.08992868822855 78.5852857048317 143.67991210937492 0 233 2.8329 0.0 8.181805246746432 0.0 4.0 
1779 7894477.5 95.09408264792967 78.57779634873455 143.67991210937492 0 233 2.8329 0.0 8.181805246746432 0.0 4.0 
1780 7894510.8 95.09408264792967 78.57779634873455 143.67991210937492 0 233 2.8329 0.0 8.181805246746432 0.0 4.0 
1781 7894544.2 95.09408264792967 78.57779634873455 143.67991210937492 0 233 2.8329 0.0 8.181805246746432 0.0 4.0 
1782 7894577.5 95.09799108344777 78.5720461385435 143.67991210937492 0 233 2.8329 0.0 8.181805246746432 0.0 4.0 
1783 7894610.8 95.09799108344777 78.5720461385435 143.67991210937492 0 233 2.8329 0.0 8.181805246746432 0.0 4.0 
1784 7894644.2 95.09799108344777 78.5720461385435 143.67991210937492 0 233 2.8329 0.0 8.181805246746432 0.0 4.0 
1785 7894677.5 95.09965799296687 78.5720461385435 143.67991210937492 0 233 2.8329 0.0 8.181805246746432 0.0 4.0 
1786 7894710.8 95.09965799296687 78.5733190916897 143.67991210937492 0 233 2.8329 0.0 8.181805246746432 0.0 4.0 
1787 7894744.2 95.09965799296687 78.5733190916897 143.67991210937492 0 233 2.8329 0.0 8.181805246746432 0.0 4.0 
1788 7894777.5 95.09965799296687 78.5733190916897 143.67991210937492 0 233 2.8329 0.0 8.181805246746432 0.0 4.0 
1789 7894810.9 95.09722337769252 78.56821300558464 143.67991210937492 0 233 2.8329 0.0 8.181805246746432 0.0 4.0 
1790 7894844.2 95.09722337769252 78.56821300558464 143.67991210937492 0 233 2.8329 0.0 8.181805246746432 0.0 4.0 
1791 7894877.5 95.09722337769252 78.56821300558464 143.67991210937492 0 233 2.8329 0.0 8.181805246746432 0.0 4.0 
1792 7894910.9 95.09722337769252 78.56821300558464 143.67991210937492 0 233 2.8329 0.0 8.181805246746432 0.0 4.0 
1793 7894944.2 95.09467463378466 78.56606947853584 143.67991210937492 0 233 2.8329 0.0 8.181805246746432 0.0 4.0 
1794 7894977.5 95.09467463378466 78.56606947853584 143.67991210937492 0 233 2.8329 0.0 8.181805246746432 0.0 4.0 
1795 7895010.9 95.09467463378466 78.56606947853584 143.67991210937492 0 233 2.8329 0.0 8.181805246746432 0.0 4.0 
1796 7895044.2 95.09467463378466 78.57090667977057 143.67991210937492 0 233 2.8329 0.0 8.181805246746432 0.0 4.0 
1797 7895077.5 95.09467463378466 78.57090667977057 143.67991210937492 0 233 2.8329 0.0 8.181805246746432 0.0 4.0 
1798 7895110.9 95.09467463378466 78.57090667977057 143.67991210937492 0 233 2.8329 0.0 8.181805246746432 0.0 4.0 
1799 7895144.2 95.09467463378466 78.57916849976672 143.67991210937492 0 233 2.8329 0.0 8.181805246746432 0.0 4.0 
1800 7895177.5 95.09467463378466 78.57916849976672 143.67991210937492 0 233 2.8329 0.0 8.181805246746432 0.0 4.0 
1801 7895210.9 95.09467463378466 78.58799402121657 143.67991210937492 0 233 2.8329 0.0 8.181805246746432 0.0 4.0 
1802 7895244.2 95.09467463378466 78.58799402121657 143.67991210937492 0 233 2.8329 0.0 8.181805246746432 0.0 4.0 
1803 7895277.6 95.09350456177398 78.59178356968883 143.67991210937492 0 233 2.8329 0.0 8.181805246746432 0.0 4.0 
1804 7895310.9 95.09350456177398 78.59178356968883 143.67991210937492 0 233 2.8329 0.0 8.181805246746432 0.0 4.0 
1805 7895344.2 95.09350456177398 78.60210938752127 143.67991210937492 0 233 2.8329 0.0 8.181805246746432 0.0 4.0 
1806 7895377.6 95.09350456177398 78.60210938752127 143.67991210937492 0 233 2.8329 0.0 8.181805246746432 0.0 4.0 
1807 7895410.9 95.09350456177398 78.60210938752127 143.67991210937492 0 233 2.8329 0.0 8.181805246746432 0.0 4.0 
1808 7895444.2 95.09350456177398 78.61320840488526 143.67991210937492 0 233 2.8329 0.0 8.181805246746432 0.0 4.0 
1809 7895477.6 95.09350456177398 78.61320840488526 143.67991210937492 0 233 2.8329 0.0 8.181805246746432 0.0 4.0 
1810 7895510.9 95.09350456177398 78.61320840488526 143.67991210937492 0 233 2.8329 0.0 8.181805246746432 0.0 4.0 
1811 7895544.2 95.09350456177398 78.61320840488526 143.67991210937492 0 233 2.8329 0.0 8.181805246746432 0.0 4.0 
1812 7895577.6 95.08993813817308 78.61320840488526 143.67991210937492 0 233 2.8329 0.0 8.181805246746432 0.0 4.0 
1813 7895610.9 95.08993813817308 78.64149069124532 143.67991210937492 0 233 2.8329 0.0 8.181805246746432 0.0 4.0 
1814 7895644.3 95.08993813817308 78.64149069124532 143.67991210937492 0 233 2.8329 0.0 8.181805246746432 0.0 4.0 
1815 7895677.6 95.08993813817308 78.64149069124532 143.67991210937492 0 233 2.8329 0.0 8.181805246746432 0.0 4.0 
1816 7895710.9 95.08574762654814 78.66231371419434 143.67991210937492 0 233 2.8329 0.0 8.181805246746432 0.0 4.0 
1817 7895744.3 95.08574762654814 78.66231371419434 143.67991210937492 0 233 2.8329 0.0 8.181805246746432 0.0 4.0 
1818 7895777.6 95.08574762654814 78.66231371419434 143.67991210937492 0 233 2.8329 0.0 8.181805246746432 0.0 4.0 
1819 7895810.9 95.08574762654814 78.66231371419434 143.67991210937492 0 233 2.8329 0.0 8.181805246746432 0.0 4.0 
1820 7895844.3 95.08574762654814 78.66900190622376 143.67991210937492 0 233 2.8329 0.0 8.181805246746432 0.0 4.0 
1821 7895877.6 95.08574762654814 78.66900190622376 143.67991210937492 0 233 2.8329 0.0 8.181805246746432 0.0 4.0 
1822 7895910.9 95.08574762654814 78.67529611302308 143.67991210937492 0 233 2.8329 0.0 8.181805246746432 0.0 4.0 
1823 7895944.3 95.08574762654814 78.67529611302308 143.67991210937492 0 233 2.8329 0.0 8.181805246746432 0.0 4.0 
1824 7895977.6 95.08574762654814 78.67529611302308 143.67991210937492 0 233 2.8329 0.0 8.181805246746432 0.0 4.0 
1825 7896010.9 95.08416149250006 78.67529611302308 143.67991210937492 0 233 2.8329 0.0 8.181805246746432 0.0 4.0 
1826 7896044.3 95.08416149250006 78.67529611302308 143.67991210937492 0 233 2.8329 0.0 8.181805246746432 0.0 4.0 
1827 7896077.6 95.08416149250006 78.67529611302308 143.67991210937492 0 233 2.8329 0.0 8.181805246746432 0.0 4.0 
1828 7896111.0 95.08085481152422 78.67529611302308 143.67991210937492 0 233 2.8329 0.0 8.181805246746432 0.0 4.0 
1829 7896144.3 95.08085481152422 78.68084772713846 143.67991210937492 0 233 2.8329 0.0 8.181805246746432 0.0 4.0 
1830 7896177.6 95.08085481152422 78.68084772713846 143.67991210937492 0 233 2.8329 0.0 8.181805246746432 0.0 4.0 
1831 7896211.0 95.08085481152422 78.68084772713846 143.67991210937492 0 233 2.8329 0.0 8.181805246746432 0.0 4.0 
1832 7896244.3 95.07888094528427 78.68084772713846 143.67991210937492 0 233 2.8329 0.0 8.181805246746432 0.0 4.0 
1833 7896277.6 95.07888094528427 78.6889396742244 143.67991210937492 0 233 2.8329 0.0 8.181805246746432 0.0 4.0 
1834 7896311.0 95.07888094528427 78.6889396742244 143.67991210937492 0 233 2.8329 0.0 8.181805246746432 0.0 4.0 
1835 7896344.3 95.07888094528427 78.6889396742244 143.67991210937492 0 233 2.8329 0.0 8.181805246746432 0.0 4.0 
1836 7896377.6 95.07888094528427 78.69258731842126 143.67991210937492 0 233 2.8329 0.0 8.181805246746432 0.0 4.0 
1837 7896411.0 95.07888094528427 78.69258731842126 143.67991210937492 0 233 2.8329 0.0 8.181805246746432 0.0 4.0 
1838 7896444.3 95.07888094528427 78.69258731842126 143.67991210937492 0 233 2.8329 0.0 8.181805246746432 0.0 4.0 
1839 7896477.7 95.07775801121414 78.6977411614013 143.67991210937492 0 233 2.8329 0.0 8.181805246746432 0.0 4.0 
1840 7896511.0 95.07775801121414 78.6977411614013 143.67991210937492 0 233 2.8329 0.0 8.181805246746432 0.0 4.0 
1841 7896544.3 95.07775801121414 78.6977411614013 143.67991210937492 0 233 2.8329 0.0 8.181805246746432 0.0 4.0 
1842 7896577.7 95.07775801121414 78.6977411614013 143.67991210937492 0 233 2.8329 0.0 8.181805246746432 0.0 4.0 
1843 7896611.0 95.07963104430497 78.6977411614013 143.67991210937492 0 233 2.8329 0.0 8.181805246746432 0.0 4.0 
1844 7896644.3 95.07963104430497 78.6977411614013 143.67991210937492 0 233 2.8329 0.0 8.181805246746432 0.0 4.0 
1845 7896677.7 95.08066775669242 78.6977411614013 143.67991210937492 0 233 2.8329 0.0 8.181805246746432 0.0 4.0 
1846 7896711.0 95.08066775669242 78.70209387895669 143.67991210937492 0 233 2.8329 0.0 8.181805246746432 0.0 4.0 
1847 7896744.3 95.08066775669242 78.70209387895669 143.67991210937492 0 233 2.8329 0.0 8.181805246746432 0.0 4.0 
1848 7896777.7 95.08367748788224 78.70209387895669 143.67991210937492 0 233 2.8329 0.0 8.181805246746432 0.0 4.0 
1849 7896811.0 95.08367748788224 78.70209387895669 143.67991210937492 0 233 2.8329 0.0 8.181805246746432 0.0 4.0 
1850 7896844.3 95.08367748788224 78.70209387895669 143.67991210937492 0 233 2.8329 0.0 8.181805246746432 0.0 4.0 
1851 7896877.7 95.09131754060587 78.70054536619216 143.67991210937492 0 233 2.8329 0.0 8.181805246746432 0.0 4.0 
1852 7896911.0 95.09131754060587 78.70054536619216 143.67991210937492 0 233 2.8329 0.0 8.181805246746432 0.0 4.0 
1853 7896944.4 95.09131754060587 78.70054536619216 143.67991210937492 0 233 2.8329 0.0 8.181805246746432 0.0 4.0 
1854 7896977.7 95.09131754060587 78.70054536619216 143.67991210937492 0 233 2.8329 0.0 8.181805246746432 0.0 4.0 
1855 7897011.0 95.11238949119286 78.70054536619216 143.67991210937492 0 233 2.8329 0.0 8.181805246746432 0.0 4.0 
1856 7897044.4 95.11238949119286 78.68872230519797 143.67991210937492 0 233 2.8329 0.0 8.181805246746432 0.0 4.0 
1857 7897077.7 95.11238949119286 78.68872230519797 143.67991210937492 0 233 2.8329 0.0 8.181805246746432 0.0 4.0 
1858 7897111.0 95.12793826690425 78.67681144901259 143.67991210937492 0 233 2.8329 0.0 8.181805246746432 0.0 4.0 
1859 7897144.4 95.12793826690425 78.67681144901259 143.67991210937492 0 233 2.8329 0.0 8.181805246746432 0.0 4.0 
1860 7897177.7 95.12793826690425 78.67681144901259 143.67991210937492 0 233 2.8329 0.0 8.181805246746432 0.0 4.0 
1861 7897211.0 95.12793826690425 78.67681144901259 143.67991210937492 0 233 2.8329 0.0 8.181805246746432 0.0 4.0 
1862 7897244.4 95.14078043506332 78.66551422482848 143.67991210937492 0 233 2.8329 0.0 8.181805246746432 0.0 4.0 
1863 7897277.7 95.14078043506332 78.66551422482848 143.67991210937492 0 233 2.8329 0.0 8.181805246746432 0.0 4.0 
1864 7897311.1 95.14078043506332 78.66551422482848 143.67991210937492 0 233 2.8329 0.0 8.181805246746432 0.0 4.0 
1865 7897344.4 95.14078043506332 78.66551422482848 143.67991210937492 0 233 2.8329 0.0 8.181805246746432 0.0 4.0 
1866 7897377.7 95.14602336260201 78.66551422482848 143.67991210937492 0 233 2.8329 0.0 8.181805246746432 0.0 4.0 
1867 7897411.1 95.14602336260201 78.66067440308947 143.67991210937492 0 233 2.8329 0.0 8.181805246746432 0.0 4.0 
1868 7897444.4 95.14602336260201 78.66067440308947 143.67991210937492 0 233 2.8329 0.0 8.181805246746432 0.0 4.0 
1869 7897477.7 95.15450010004267 78.66067440308947 143.67991210937492 0 233 2.8329 0.0 8.181805246746432 0.0 4.0 
1870 7897511.1 95.15450010004267 78.65540064330345 143.67991210937492 0 233 2.8329 0.0 8.181805246746432 0.0 4.0 
1871 7897544.4 95.15450010004267 78.65540064330345 143.67991210937492 0 233 2.8329 0.0 8.181805246746432 0.0 4.0 
1872 7897577.7 95.16233580753146 78.65540064330345 143.67991210937492 0 233 2.8329 0.0 8.181805246746432 0.0 4.0 
1873 7897611.1 95.16233580753146 78.65148719778443 143.67991210937492 0 233 2.8329 0.0 8.181805246746432 0.0 4.0 
1874 7897644.4 95.16233580753146 78.65148719778443 143.67991210937492 0 233 2.8329 0.0 8.181805246746432 0.0 4.0 
1875 7897677.7 95.16233580753146 78.65148719778443 143.67991210937492 0 233 2.8329 0.0 8.181805246746432 0.0 4.0 
1876 7897711.1 95.16668087823138 78.65148719778443 143.67991210937492 0 233 2.8329 0.0 8.181805246746432 0.0 4.0 
1877 7897744.4 95.16668087823138 78.64982780107286 143.67991210937492 0 233 2.8329 0.0 8.181805246746432 0.0 4.0 
1878 7897777.8 95.16668087823138 78.64982780107286 143.67991210937492 0 233 2.8329 0.0 8.181805246746432 0.0 4.0 
1879 7897811.1 95.17357609866833 78.64982780107286 143.67991210937492 0 233 2.8329 0.0 8.181805246746432 0.0 4.0 
1880 7897844.4 95.17357609866833 78.6437548757963 143.67991210937492 0 233 2.8329 0.0 8.181805246746432 0.0 4.0 
1881 7897877.8 95.17357609866833 78.6437548757963 143.67991210937492 0 233 2.8329 0.0 8.181805246746432 0.0 4.0 
1882 7897911.1 95.1749445882215 78.64125994410178 143.67991210937492 0 233 2.8329 0.0 8.181805246746432 0.0 4.0 
1883 7897944.4 95.1749445882215 78.64125994410178 143.67991210937492 0 233 2.8329 0.0 8.181805246746432 0.0 4.0 
1884 7897977.8 95.1749445882215 78.64125994410178 143.67991210937492 0 233 2.8329 0.0 8.181805246746432 0.0 4.0 
1885 7898011.1 95.17871181845345 78.64125994410178 143.67991210937492 0 233 2.8329 0.0 8.181805246746432 0.0 4.0 
1886 7898044.4 95.17871181845345 78.639656089448 143.67991210937492 0 233 2.8329 0.0 8.181805246746432 0.0 4.0 
1887 7898077.8 95.17871181845345 78.639656089448 143.67991210937492 0 233 2.8329 0.0 8.181805246746432 0.0 4.0 
1888 7898111.1 95.17871181845345 78.639656089448 143.67991210937492 0 233 2.8329 0.0 8.181805246746432 0.0 4.0 
1889 7898144.5 95.18852503607347 78.639656089448 143.67991210937492 0 233 2.8329 0.0 8.181805246746432 0.0 4.0 
1890 7898177.8 95.18852503607347 78.63767665875201 143.67991210937492 0 233 2.8329 0.0 8.181805246746432 0.0 4.0 
1891 7898211.1 95.18852503607347 78.63767665875201 143.67991210937492 0 233 2.8329 0.0 8.181805246746432 0.0 4.0 
1892 7898244.5 95.18852503607347 78.63767665875201 143.67991210937492 0 233 2.8329 0.0 8.181805246746432 0.0 4.0 
1893 7898277.8 95.19421428442749 78.63767665875201 143.67991210937492 0 233 2.8329 0.0 8.181805246746432 0.0 4.0 
1894 7898311.1 95.19421428442749 78.63515283791087 143.67991210937492 0 233 2.8329 0.0 8.181805246746432 0.0 4.0 
1895 7898344.5 95.19421428442749 78.63515283791087 143.67991210937492 0 233 2.8329 0.0 8.181805246746432 0.0 4.0 
1896 7898377.8 95.2007723686788 78.62688593160381 143.67991210937492 0 233 2.8329 0.0 8.181805246746432 0.0 4.0 
1897 7898411.1 95.2007723686788 78.62688593160381 143.67991210937492 0 233 2.8329 0.0 8.181805246746432 0.0 4.0 
1898 7898444.5 95.2007723686788 78.62688593160381 143.67991210937492 0 233 2.8329 0.0 8.181805246746432 0.0 4.0 
1899 7898477.8 95.2007723686788 78.62688593160381 143.67991210937492 0 233 2.8329 0.0 8.181805246746432 0.0 4.0 
1900 7898511.1 95.2007723686788 78.62214694386859 143.67991210937492 0 233 2.8329 0.0 8.181805246746432 0.0 4.0 
1901 7898544.5 95.2007723686788 78.62214694386859 143.67991210937492 0 233 2.8329 0.0 8.181805246746432 0.0 4.0 
1902 7898577.8 95.2007723686788 78.62082690418974 143.67991210937492 0 233 2.8329 0.0 8.181805246746432 0.0 4.0 
1903 7898611.2 95.2007723686788 78.62082690418974 143.67991210937492 0 233 2.8329 0.0 8.181805246746432 0.0 4.0 
1904 7898644.5 95.2007723686788 78.62082690418974 143.67991210937492 0 233 2.8329 0.0 8.181805246746432 0.0 4.0 
1905 7898677.8 95.20587173120103 78.62082690418974 143.67991210937492 0 233 2.8329 0.0 8.181805246746432 0.0 4.0 
1906 7898711.2 95.20587173120103 78.62082690418974 143.67991210937492 0 233 2.8329 0.0 8.181805246746432 0.0 4.0 
1907 7898744.5 95.20750725966224 78.62082690418974 143.67991210937492 0 233 2.8329 0.0 8.181805246746432 0.0 4.0 
1908 7898777.8 95.20750725966224 78.62082690418974 143.67991210937492 0 233 2.8329 0.0 8.181805246746432 0.0 4.0 
1909 7898811.2 95.19940860397766 78.62679745286674 143.67991210937492 0 233 2.8329 0.0 8.181805246746432 0.0 4.0 
1910 7898844.5 95.19940860397766 78.62679745286674 143.67991210937492 0 233 2.8329 0.0 8.181805246746432 0.0 4.0 
1911 7898877.8 95.19940860397766 78.62679745286674 143.67991210937492 0 233 2.8329 0.0 8.181805246746432 0.0 4.0 
1912 7898911.2 95.18154712482188 78.62679745286674 143.67991210937492 0 233 2.8329 0.0 8.181805246746432 0.0 4.0 
1913 7898944.5 95.18154712482188 78.64097314318282 143.67991210937492 0 233 2.8329 0.0 8.181805246746432 0.0 4.0 
1914 7898977.9 95.18154712482188 78.64097314318282 143.67991210937492 0 233 2.8329 0.0 8.181805246746432 0.0 4.0 
1915 7899011.2 95.18154712482188 78.64097314318282 143.67991210937492 0 233 2.8329 0.0 8.181805246746432 0.0 4.0 
1916 7899044.5 95.18154712482188 78.64097314318282 143.67991210937492 0 233 2.8329 0.0 8.181805246746432 0.0 4.0 
1917 7899077.9 95.1578502281136 78.66174854148838 143.67991210937492 0 233 2.8329 0.0 8.181805246746432 0.0 4.0 
1918 7899111.2 95.1578502281136 78.66174854148838 143.67991210937492 0 233 2.8329 0.0 8.181805246746432 0.0 4.0 
1919 7899144.5 95.1578502281136 78.66174854148838 143.67991210937492 0 233 2.8329 0.0 8.181805246746432 0.0 4.0 
1920 7899177.9 95.12273216440578 78.68504304766385 143.67991210937492 0 233 2.8329 0.0 8.181805246746432 0.0 4.0 
1921 7899211.2 95.12273216440578 78.68504304766385 143.67991210937492 0 233 2.8329 0.0 8.181805246746432 0.0 4.0 
1922 7899244.5 95.12273216440578 78.68504304766385 143.67991210937492 0 233 2.8329 0.0 8.181805246746432 0.0 4.0 
1923 7899277.9 95.12273216440578 78.68504304766385 143.67991210937492 0 233 2.8329 0.0 8.181805246746432 0.0 4.0 
1924 7899311.2 95.09502682315102 78.68504304766385 143.67991210937492 0 233 2.8329 0.0 8.181805246746432 0.0 4.0 
1925 7899344.5 95.09502682315102 78.70333170143321 143.67991210937492 0 233 2.8329 0.0 8.181805246746432 0.0 4.0 
1926 7899377.9 95.09502682315102 78.70333170143321 143.67991210937492 0 233 2.8329 0.0 8.181805246746432 0.0 4.0 
1927 7899411.2 95.09502682315102 78.70333170143321 143.67991210937492 0 233 2.8329 0.0 8.181805246746432 0.0 4.0 
1928 7899444.6 95.09502682315102 78.70333170143321 143.67991210937492 0 233 2.8329 0.0 8.181805246746432 0.0 4.0 
1929 7899477.9 95.06136945595644 78.7268160450088 143.67991210937492 0 233 2.8329 0.0 8.181805246746432 0.0 4.0 
1930 7899511.2 95.06136945595644 78.7268160450088 143.67991210937492 0 233 2.8329 0.0 8.181805246746432 0.0 4.0 
1931 7899544.6 95.06136945595644 78.7268160450088 143.67991210937492 0 233 2.8329 0.0 8.181805246746432 0.0 4.0 
1932 7899577.9 95.06136945595644 78.7268160450088 143.67991210937492 0 233 2.8329 0.0 8.181805246746432 0.0 4.0 
1933 7899611.2 95.06136945595644 78.7268160450088 143.67991210937492 0 233 2.8329 0.0 8.181805246746432 0.0 4.0 
1934 7899644.6 95.02790849022945 78.7268160450088 143.67991210937492 0 233 2.8329 0.0 8.181805246746432 0.0 4.0 
1935 7899677.9 95.02790849022945 78.75501056847745 143.67991210937492 0 233 2.8329 0.0 8.181805246746432 0.0 4.0 
1936 7899711.2 95.02790849022945 78.75501056847745 143.67991210937492 0 233 2.8329 0.0 8.181805246746432 0.0 4.0 
1937 7899744.6 95.02790849022945 78.75501056847745 143.67991210937492 0 233 2.8329 0.0 8.181805246746432 0.0 4.0 
1938 7899777.9 95.02790849022945 78.75501056847745 143.67991210937492 0 233 2.8329 0.0 8.181805246746432 0.0 4.0 
1939 7899811.3 95.00731577798642 78.75501056847745 143.67991210937492 0 233 2.8329 0.0 8.181805246746432 0.0 4.0 
1940 7899844.6 95.00731577798642 78.77953985725193 143.67991210937492 0 233 2.8329 0.0 8.181805246746432 0.0 4.0 
1941 7899877.9 95.00731577798642 78.77953985725193 143.67991210937492 0 233 2.8329 0.0 8.181805246746432 0.0 4.0 
1942 7899911.3 95.00731577798642 78.77953985725193 143.67991210937492 0 233 2.8329 0.0 8.181805246746432 0.0 4.0 
1943 7899944.6 94.99942378615242 78.79275197887388 143.67991210937492 0 233 2.8329 0.0 8.181805246746432 0.0 4.0 
1944 7899977.9 94.99942378615242 78.79275197887388 143.67991210937492 0 233 2.8329 0.0 8.181805246746432 0.0 4.0 
1945 7900011.3 94.99942378615242 78.79275197887388 143.67991210937492 0 233 2.8329 0.0 8.181805246746432 0.0 4.0 
1946 7900044.6 94.99942378615242 78.79275197887388 143.67991210937492 0 233 2.8329 0.0 8.181805246746432 0.0 4.0 
1947 7900077.9 94.9981565402197 78.79275197887388 143.67991210937492 0 233 2.8329 0.0 8.181805246746432 0.0 4.0 
1948 7900111.3 94.9981565402197 78.79914143613726 143.67991210937492 0 233 2.8329 0.0 8.181805246746432 0.0 4.0 
1949 7900144.6 94.9981565402197 78.79914143613726 143.67991210937492 0 233 2.8329 0.0 8.181805246746432 0.0 4.0 
1950 7900177.9 94.9981565402197 78.80302953596744 143.67991210937492 0 233 2.8329 0.0 8.181805246746432 0.0 4.0 
1951 7900211.3 94.9981565402197 78.80302953596744 143.67991210937492 0 233 2.8329 0.0 8.181805246746432 0.0 4.0 
1952 7900244.6 94.9981565402197 78.80478578997595 143.67991210937492 0 233 2.8329 0.0 8.181805246746432 0.0 4.0 
1953 7900278.0 94.9981565402197 78.80478578997595 143.67991210937492 0 233 2.8329 0.0 8.181805246746432 0.0 4.0 
1954 7900311.3 94.9981565402197 78.80478578997595 143.67991210937492 0 233 2.8329 0.0 8.181805246746432 0.0 4.0 
1955 7900344.6 94.9981565402197 78.80645959045569 143.67991210937492 0 233 2.8329 0.0 8.181805246746432 0.0 4.0 
1956 7900378.0 94.9981565402197 78.80645959045569 143.67991210937492 0 233 2.8329 0.0 8.181805246746432 0.0 4.0 
1957 7900411.3 94.9981565402197 78.80645959045569 143.67991210937492 0 233 2.8329 0.0 8.181805246746432 0.0 4.0 
1958 7900444.6 94.9981565402197 78.80892721176899 143.67991210937492 0 233 2.8329 0.0 8.181805246746432 0.0 4.0 
1959 7900478.0 94.9981565402197 78.80892721176899 143.67991210937492 0 233 2.8329 0.0 8.181805246746432 0.0 4.0 
1960 7900511.3 94.9981565402197 78.80892721176899 143.67991210937492 0 233 2.8329 0.0 8.181805246746432 0.0 4.0 
1961 7900544.6 94.9981565402197 78.80752856513342 143.67991210937492 0 233 2.8329 0.0 8.181805246746432 0.0 4.0 
1962 7900578.0 94.9981565402197 78.80752856513342 143.67991210937492 0 233 2.8329 0.0 8.181805246746432 0.0 4.0 
1963 7900611.3 94.9981565402197 78.80752856513342 143.67991210937492 0 233 2.8329 0.0 8.181805246746432 0.0 4.0 
1964 7900644.7 94.9993669928138 78.80752856513342 143.67991210937492 0 233 2.8329 0.0 8.181805246746432 0.0 4.0 
1965 7900678.0 94.9993669928138 78.80587893804882 143.67991210937492 0 233 2.8329 0.0 8.181805246746432 0.0 4.0 
1966 7900711.3 95.00342447625655 78.79934770002909 143.67991210937492 0 233 2.8329 0.0 8.181805246746432 0.0 4.0 
1967 7900744.7 95.00342447625655 78.79934770002909 143.67991210937492 0 233 2.8329 0.0 8.181805246746432 0.0 4.0 
1968 7900778.0 95.00342447625655 78.79934770002909 143.67991210937492 0 233 2.8329 0.0 8.181805246746432 0.0 4.0 
1969 7900811.3 95.00843709243875 78.79480642372455 143.67991210937492 0 233 2.8329 0.0 8.181805246746432 0.0 4.0 
1970 7900844.7 95.00843709243875 78.79480642372455 143.67991210937492 0 233 2.8329 0.0 8.181805246746432 0.0 4.0 
1971 7900878.0 95.00843709243875 78.79480642372455 143.67991210937492 0 233 2.8329 0.0 8.181805246746432 0.0 4.0 
1972 7900911.3 95.01178042427584 78.79480642372455 143.67991210937492 0 233 2.8329 0.0 8.181805246746432 0.0 4.0 
1973 7900944.7 95.01178042427584 78.79480642372455 143.67991210937492 0 233 2.8329 0.0 8.181805246746432 0.0 4.0 
1974 7900978.0 95.01178042427584 78.79480642372455 143.67991210937492 0 233 2.8329 0.0 8.181805246746432 0.0 4.0 
1975 7901011.3 95.01178042427584 78.7915285791633 143.67991210937492 0 233 2.8329 0.0 8.181805246746432 0.0 4.0 
1976 7901044.7 95.01178042427584 78.7915285791633 143.67991210937492 0 233 2.8329 0.0 8.181805246746432 0.0 4.0 
1977 7901078.0 95.01178042427584 78.7915285791633 143.67991210937492 0 233 2.8329 0.0 8.181805246746432 0.0 4.0 
1978 7901111.4 95.01074735295987 78.7875074453961 143.67991210937492 0 233 2.8329 0.0 8.181805246746432 0.0 4.0 
1979 7901144.7 95.01074735295987 78.7875074453961 143.67991210937492 0 233 2.8329 0.0 8.181805246746432 0.0 4.0 
1980 7901178.0 95.01074735295987 78.7875074453961 143.67991210937492 0 233 2.8329 0.0 8.181805246746432 0.0 4.0 
1981 7901211.4 95.01074735295987 78.7875074453961 143.67991210937492 0 233 2.8329 0.0 8.181805246746432 0.0 4.0 
1982 7901244.7 95.01074735295987 78.78563488960178 143.67991210937492 0 233 2.8329 0.0 8.181805246746432 0.0 4.0 
1983 7901278.0 95.01074735295987 78.78563488960178 143.67991210937492 0 233 2.8329 0.0 8.181805246746432 0.0 4.0 
1984 7901311.4 95.00823377378632 78.78563488960178 143.67991210937492 0 233 2.8329 0.0 8.181805246746432 0.0 4.0 
1985 7901344.7 95.00823377378632 78.77913626693663 143.67991210937492 0 233 2.8329 0.0 8.181805246746432 0.0 4.0 
1986 7901378.0 95.00823377378632 78.77913626693663 143.67991210937492 0 233 2.8329 0.0 8.181805246746432 0.0 4.0 
1987 7901411.4 95.00823377378632 78.77913626693663 143.67991210937492 0 233 2.8329 0.0 8.181805246746432 0.0 4.0 
1988 7901444.7 95.00448143821691 78.77289800959524 143.67991210937492 0 233 2.8329 0.0 8.181805246746432 0.0 4.0 
1989 7901478.1 95.00448143821691 78.77289800959524 143.67991210937492 0 233 2.8329 0.0 8.181805246746432 0.0 4.0 
1990 7901511.4 95.00448143821691 78.77289800959524 143.67991210937492 0 233 2.8329 0.0 8.181805246746432 0.0 4.0 
1991 7901544.7 95.00175772888069 78.76788959495458 143.67991210937492 0 233 2.8329 0.0 8.181805246746432 0.0 4.0 
1992 7901578.1 95.00175772888069 78.76788959495458 143.67991210937492 0 233 2.8329 0.0 8.181805246746432 0.0 4.0 
1993 7901611.4 95.00175772888069 78.76788959495458 143.67991210937492 0 233 2.8329 0.0 8.181805246746432 0.0 4.0 
1994 7901644.7 95.00175772888069 78.76172551641322 143.67991210937492 0 233 2.8329 0.0 8.181805246746432 0.0 4.0 
1995 7901678.1 95.00175772888069 78.76172551641322 143.67991210937492 0 233 2.8329 0.0 8.181805246746432 0.0 4.0 
1996 7901711.4 95.00175772888069 78.76172551641322 143.67991210937492 0 233 2.8329 0.0 8.181805246746432 0.0 4.0 
1997 7901744.7 95.0005020216975 78.76172551641322 143.67991210937492 0 233 2.8329 0.0 8.181805246746432 0.0 4.0 
1998 7901778.1 95.0005020216975 78.75500353230058 143.67991210937492 0 233 2.8329 0.0 8.181805246746432 0.0 4.0 
1999 7901811.4 95.0005020216975 78.75500353230058 143.67991210937492 0 233 2.8329 0.0 8.181805246746432 0.0 4.0 
2000 7901844.7 95.0005020216975 78.75500353230058 143.67991210937492 0 233 2.8329 0.0 8.181805246746432 0.0 4.0 
2001 7901878.1 94.9962337713735 78.74359684950093 143.67991210937492 0 233 2.8329 0.0 8.181805246746432 0.0 4.0 
2002 7901911.4 94.9962337713735 78.74359684950093 143.67991210937492 0 233 2.8329 0.0 8.181805246746432 0.0 4.0 
2003 7901944.8 94.9962337713735 78.74359684950093 143.67991210937492 0 233 2.8329 0.0 8.181805246746432 0.0 4.0 
2004 7901978.1 94.9962337713735 78.74359684950093 143.67991210937492 0 233 2.8329 0.0 8.181805246746432 0.0 4.0 
2005 7902011.4 94.98761415985031 78.72650081114809 143.67991210937492 0 233 2.8329 0.0 8.181805246746432 0.0 4.0 
2006 7902044.8 94.98761415985031 78.72650081114809 143.67991210937492 0 233 2.8329 0.0 8.181805246746432 0.0 4.0 
2007 7902078.1 94.98761415985031 78.72650081114809 143.67991210937492 0 233 2.8329 0.0 8.181805246746432 0.0 4.0 
2008 7902111.4 94.98126784596487 78.72650081114809 143.67991210937492 0 233 2.8329 0.0 8.181805246746432 0.0 4.0 
2009 7902144.8 94.98126784596487 78.71620919982519 143.67991210937492 0 233 2.8329 0.0 8.181805246746432 0.0 4.0 
2010 7902178.1 94.98126784596487 78.71620919982519 143.67991210937492 0 233 2.8329 0.0 8.181805246746432 0.0 4.0 
2011 7902211.4 94.9773997437453 78.71620919982519 143.67991210937492 0 233 2.8329 0.0 8.181805246746432 0.0 4.0 
2012 7902244.8 94.9773997437453 78.70459387457059 143.67991210937492 0 233 2.8329 0.0 8.181805246746432 0.0 4.0 
2013 7902278.1 94.9773997437453 78.70459387457059 143.67991210937492 0 233 2.8329 0.0 8.181805246746432 0.0 4.0 
2014 7902311.5 94.9773997437453 78.70459387457059 143.67991210937492 0 233 2.8329 0.0 8.181805246746432 0.0 4.0 
2015 7902344.8 94.97635207899978 78.69523027451696 143.67991210937492 0 233 2.8329 0.0 8.181805246746432 0.0 4.0 
2016 7902378.1 94.97635207899978 78.69523027451696 143.67991210937492 0 233 2.8329 0.0 8.181805246746432 0.0 4.0 
2017 7902411.5 94.97635207899978 78.69523027451696 143.67991210937492 0 233 2.8329 0.0 8.181805246746432 0.0 4.0 
2018 7902444.8 94.97635207899978 78.69523027451696 143.67991210937492 0 233 2.8329 0.0 8.181805246746432 0.0 4.0 
2019 7902478.1 94.97795218298634 78.69523027451696 143.67991210937492 0 233 2.8329 0.0 8.181805246746432 0.0 4.0 
2020 7902511.5 94.97795218298634 78.69320238990804 143.67991210937492 0 233 2.8329 0.0 8.181805246746432 0.0 4.0 
2021 7902544.8 94.97795218298634 78.69320238990804 143.67991210937492 0 233 2.8329 0.0 8.181805246746432 0.0 4.0 
2022 7902578.1 94.97795218298634 78.69320238990804 143.67991210937492 0 233 2.8329 0.0 8.181805246746432 0.0 4.0 
2023 7902611.5 94.97795218298634 78.68964823580622 143.67991210937492 0 233 2.8329 0.0 8.181805246746432 0.0 4.0 
2024 7902644.8 94.97795218298634 78.68964823580622 143.67991210937492 0 233 2.8329 0.0 8.181805246746432 0.0 4.0 
2025 7902678.1 94.97795218298634 78.68964823580622 143.67991210937492 0 233 2.8329 0.0 8.181805246746432 0.0 4.0 
2026 7902711.5 94.97795218298634 78.68717924767249 143.67991210937492 0 233 2.8329 0.0 8.181805246746432 0.0 4.0 
2027 7902744.8 94.97795218298634 78.68717924767249 143.67991210937492 0 233 2.8329 0.0 8.181805246746432 0.0 4.0 
2028 7902778.2 94.97795218298634 78.68717924767249 143.67991210937492 0 233 2.8329 0.0 8.181805246746432 0.0 4.0 
2029 7902811.5 94.97341774868623 78.68717924767249 143.67991210937492 0 233 2.8329 0.0 8.181805246746432 0.0 4.0 
2030 7902844.8 94.97341774868623 78.68102098643806 143.67991210937492 0 233 2.8329 0.0 8.181805246746432 0.0 4.0 
2031 7902878.2 94.97341774868623 78.68102098643806 143.67991210937492 0 233 2.8329 0.0 8.181805246746432 0.0 4.0 
2032 7902911.5 94.96653405084282 78.68102098643806 143.67991210937492 0 233 2.8329 0.0 8.181805246746432 0.0 4.0 
2033 7902944.8 94.96653405084282 78.67547373053016 143.67991210937492 0 233 2.8329 0.0 8.181805246746432 0.0 4.0 
2034 7902978.2 94.96653405084282 78.67547373053016 143.67991210937492 0 233 2.8329 0.0 8.181805246746432 0.0 4.0 
2035 7903011.5 94.95799150515049 78.67547373053016 143.67991210937492 0 233 2.8329 0.0 8.181805246746432 0.0 4.0 
2036 7903044.8 94.95799150515049 78.6694440405894 143.67991210937492 0 233 2.8329 0.0 8.181805246746432 0.0 4.0 
2037 7903078.2 94.95799150515049 78.6694440405894 143.67991210937492 0 233 2.8329 0.0 8.181805246746432 0.0 4.0 
2038 7903111.5 94.95799150515049 78.6694440405894 143.67991210937492 0 233 2.8329 0.0 8.181805246746432 0.0 4.0 
2039 7903144.9 94.94475722870376 78.66382610519292 143.67991210937492 0 233 2.8329 0.0 8.181805246746432 0.0 4.0 
2040 7903178.2 94.94475722870376 78.66382610519292 143.67991210937492 0 233 2.8329 0.0 8.181805246746432 0.0 4.0 
2041 7903211.5 94.94475722870376 78.66382610519292 143.67991210937492 0 233 2.8329 0.0 8.181805246746432 0.0 4.0 
2042 7903244.9 94.94475722870376 78.66382610519292 143.67991210937492 0 233 2.8329 0.0 8.181805246746432 0.0 4.0 
2043 7903278.2 94.93345611308531 78.66382610519292 143.67991210937492 0 233 2.8329 0.0 8.181805246746432 0.0 4.0 
2044 7903311.5 94.93345611308531 78.65339856999269 143.67991210937492 0 233 2.8329 0.0 8.181805246746432 0.0 4.0 
2045 7903344.9 94.93345611308531 78.65339856999269 143.67991210937492 0 233 2.8329 0.0 8.181805246746432 0.0 4.0 
2046 7903378.2 94.93345611308531 78.65339856999269 143.67991210937492 0 233 2.8329 0.0 8.181805246746432 0.0 4.0 
2047 7903411.5 94.9311596471435 78.64552759009905 143.67991210937492 0 233 2.8329 0.0 8.181805246746432 0.0 4.0 
2048 7903444.9 94.9311596471435 78.64552759009905 143.67991210937492 0 233 2.8329 0.0 8.181805246746432 0.0 4.0 
2049 7903478.2 94.9311596471435 78.64552759009905 143.67991210937492 0 233 2.8329 0.0 8.181805246746432 0.0 4.0 
2050 7903511.5 94.9311596471435 78.64552759009905 143.67991210937492 0 233 2.8329 0.0 8.181805246746432 0.0 4.0 
2051 7903544.9 94.9311596471435 78.64844785590823 143.67991210937492 0 233 2.8329 0.0 8.181805246746432 0.0 4.0 
2052 7903578.2 94.9311596471435 78.64844785590823 143.67991210937492 0 233 2.8329 0.0 8.181805246746432 0.0 4.0 
2053 7903611.6 94.9311596471435 78.64844785590823 143.67991210937492 0 233 2.8329 0.0 8.181805246746432 0.0 4.0 
2054 7903644.9 94.92675105159665 78.64844785590823 143.67991210937492 0 233 2.8329 0.0 8.181805246746432 0.0 4.0 
2055 7903678.2 94.92675105159665 78.65050313371748 143.67991210937492 0 233 2.8329 0.0 8.181805246746432 0.0 4.0 
2056 7903711.6 94.92675105159665 78.65050313371748 143.67991210937492 0 233 2.8329 0.0 8.181805246746432 0.0 4.0 
2057 7903744.9 94.92675105159665 78.65050313371748 143.67991210937492 0 233 2.8329 0.0 8.181805246746432 0.0 4.0 
2058 7903778.2 94.91222707176942 78.65050313371748 143.67991210937492 0 233 2.8329 0.0 8.181805246746432 0.0 4.0 
2059 7903811.6 94.91222707176942 78.64877201297105 143.67991210937492 0 233 2.8329 0.0 8.181805246746432 0.0 4.0 
2060 7903844.9 94.91222707176942 78.64877201297105 143.67991210937492 0 233 2.8329 0.0 8.181805246746432 0.0 4.0 
2061 7903878.2 94.91222707176942 78.64877201297105 143.67991210937492 0 233 2.8329 0.0 8.181805246746432 0.0 4.0 
2062 7903911.6 94.90217971066511 78.6368374428605 143.67991210937492 0 233 2.8329 0.0 8.181805246746432 0.0 4.0 
2063 7903944.9 94.90217971066511 78.6368374428605 143.67991210937492 0 233 2.8329 0.0 8.181805246746432 0.0 4.0 
2064 7903978.3 94.90217971066511 78.6368374428605 143.67991210937492 0 233 2.8329 0.0 8.181805246746432 0.0 4.0 
2065 7904011.6 94.90217971066511 78.6368374428605 143.67991210937492 0 233 2.8329 0.0 8.181805246746432 0.0 4.0 
2066 7904044.9 94.89865665567523 78.6368374428605 143.67991210937492 0 233 2.8329 0.0 8.181805246746432 0.0 4.0 
2067 7904078.3 94.89865665567523 78.62639712750239 143.67991210937492 0 233 2.8329 0.0 8.181805246746432 0.0 4.0 
2068 7904111.6 94.89865665567523 78.62639712750239 143.67991210937492 0 233 2.8329 0.0 8.181805246746432 0.0 4.0 
2069 7904144.9 94.89865665567523 78.62639712750239 143.67991210937492 0 233 2.8329 0.0 8.181805246746432 0.0 4.0 
2070 7904178.3 94.89665277988459 78.62639712750239 143.67991210937492 0 233 2.8329 0.0 8.181805246746432 0.0 4.0 
2071 7904211.6 94.89665277988459 78.61630115517376 143.67991210937492 0 233 2.8329 0.0 8.181805246746432 0.0 4.0 
2072 7904244.9 94.89665277988459 78.61630115517376 143.67991210937492 0 233 2.8329 0.0 8.181805246746432 0.0 4.0 
2073 7904278.3 94.89665277988459 78.60883096073307 143.67991210937492 0 233 2.8329 0.0 8.181805246746432 0.0 4.0 
2074 7904311.6 94.89665277988459 78.60883096073307 143.67991210937492 0 233 2.8329 0.0 8.181805246746432 0.0 4.0 
2075 7904344.9 94.89665277988459 78.60883096073307 143.67991210937492 0 233 2.8329 0.0 8.181805246746432 0.0 4.0 
2076 7904378.3 94.89826123321089 78.60883096073307 143.67991210937492 0 233 2.8329 0.0 8.181805246746432 0.0 4.0 
2077 7904411.6 94.89826123321089 78.60883096073307 143.67991210937492 0 233 2.8329 0.0 8.181805246746432 0.0 4.0 
2078 7904445.0 94.89826123321089 78.60883096073307 143.67991210937492 0 233 2.8329 0.0 8.181805246746432 0.0 4.0 
2079 7904478.3 94.9011031680302 78.60883096073307 143.67991210937492 0 233 2.8329 0.0 8.181805246746432 0.0 4.0 
2080 7904511.6 94.9011031680302 78.60883096073307 143.67991210937492 0 233 2.8329 0.0 8.181805246746432 0.0 4.0 
2081 7904545.0 94.9011031680302 78.60883096073307 143.67991210937492 0 233 2.8329 0.0 8.181805246746432 0.0 4.0 
2082 7904578.3 94.9011031680302 78.60883096073307 143.67991210937492 0 233 2.8329 0.0 8.181805246746432 0.0 4.0 
2083 7904611.6 94.9011031680302 78.60883096073307 143.67991210937492 0 233 2.8329 0.0 8.181805246746432 0.0 4.0 
2084 7904645.0 94.9011031680302 78.60883096073307 143.67991210937492 0 233 2.8329 0.0 8.181805246746432 0.0 4.0 
2085 7904678.3 94.89362749200166 78.60883096073307 143.67991210937492 0 233 2.8329 0.0 8.181805246746432 0.0 4.0 
2086 7904711.6 94.89362749200166 78.60883096073307 143.67991210937492 0 233 2.8329 0.0 8.181805246746432 0.0 4.0 
2087 7904745.0 94.89362749200166 78.60883096073307 143.67991210937492 0 233 2.8329 0.0 8.181805246746432 0.0 4.0 
2088 7904778.3 94.89362749200166 78.60883096073307 143.67991210937492 0 233 2.8329 0.0 8.181805246746432 0.0 4.0 
2089 7904811.7 94.87782304040806 78.60883096073307 143.67991210937492 0 233 2.8329 0.0 8.181805246746432 0.0 4.0 
2090 7904845.0 94.87782304040806 78.60883096073307 143.67991210937492 0 233 2.8329 0.0 8.181805246746432 0.0 4.0 
2091 7904878.3 94.87782304040806 78.60883096073307 143.67991210937492 0 233 2.8329 0.0 8.181805246746432 0.0 4.0 
2092 7904911.7 94.87782304040806 78.60883096073307 143.67991210937492 0 233 2.8329 0.0 8.181805246746432 0.0 4.0 
2093 7904945.0 94.85202714500647 78.60883096073307 143.67991210937492 0 233 2.8329 0.0 8.181805246746432 0.0 4.0 
2094 7904978.3 94.85202714500647 78.60883096073307 143.67991210937492 0 233 2.8329 0.0 8.181805246746432 0.0 4.0 
2095 7905011.7 94.85202714500647 78.60883096073307 143.67991210937492 0 233 2.8329 0.0 8.181805246746432 0.0 4.0 
2096 7905045.0 94.85202714500647 78.60883096073307 143.67991210937492 0 233 2.8329 0.0 8.181805246746432 0.0 4.0 
2097 7905078.3 94.82136183070314 78.60883096073307 143.67991210937492 0 233 2.8329 0.0 8.181805246746432 0.0 4.0 
2098 7905111.7 94.82136183070314 78.61840407627662 143.67991210937492 0 233 2.8329 0.0 8.181805246746432 0.0 4.0 
2099 7905145.0 94.82136183070314 78.61840407627662 143.67991210937492 0 233 2.8329 0.0 8.181805246746432 0.0 4.0 
2100 7905178.3 94.82136183070314 78.61840407627662 143.67991210937492 0 233 2.8329 0.0 8.181805246746432 0.0 4.0 
2101 7905211.7 94.82136183070314 78.61840407627662 143.67991210937492 0 233 2.8329 0.0 8.181805246746432 0.0 4.0 
2102 7905245.0 94.80733251945493 78.61840407627662 143.67991210937492 0 233 2.8329 0.0 8.181805246746432 0.0 4.0 
2103 7905278.4 94.80733251945493 78.63527695986976 143.67991210937492 0 233 2.8329 0.0 8.181805246746432 0.0 4.0 
2104 7905311.7 94.80733251945493 78.63527695986976 143.67991210937492 0 233 2.8329 0.0 8.181805246746432 0.0 4.0 
2105 7905345.0 94.79474034066523 78.63527695986976 143.67991210937492 0 233 2.8329 0.0 8.181805246746432 0.0 4.0 
2106 7905378.4 94.79474034066523 78.6508117477737 143.67991210937492 0 233 2.8329 0.0 8.181805246746432 0.0 4.0 
2107 7905411.7 94.79474034066523 78.6508117477737 143.67991210937492 0 233 2.8329 0.0 8.181805246746432 0.0 4.0 
2108 7905445.0 94.7908585774759 78.65855650456001 143.67991210937492 0 233 2.8329 0.0 8.181805246746432 0.0 4.0 
2109 7905478.4 94.7908585774759 78.65855650456001 143.67991210937492 0 233 2.8329 0.0 8.181805246746432 0.0 4.0 
2110 7905511.7 94.7908585774759 78.65855650456001 143.67991210937492 0 233 2.8329 0.0 8.181805246746432 0.0 4.0 
2111 7905545.0 94.7908585774759 78.65855650456001 143.67991210937492 0 233 2.8329 0.0 8.181805246746432 0.0 4.0 
2112 7905578.4 94.77250500582467 78.65855650456001 143.67991210937492 0 233 2.8329 0.0 8.181805246746432 0.0 4.0 
2113 7905611.7 94.77250500582467 78.67702189616655 143.67991210937492 0 233 2.8329 0.0 8.181805246746432 0.0 4.0 
2114 7905645.1 94.77250500582467 78.67702189616655 143.67991210937492 0 233 2.8329 0.0 8.181805246746432 0.0 4.0 
2115 7905678.4 94.75326593341535 78.67702189616655 143.67991210937492 0 233 2.8329 0.0 8.181805246746432 0.0 4.0 
2116 7905711.7 94.75326593341535 78.68997180139485 143.67991210937492 0 233 2.8329 0.0 8.181805246746432 0.0 4.0 
2117 7905745.1 94.75326593341535 78.68997180139485 143.67991210937492 0 233 2.8329 0.0 8.181805246746432 0.0 4.0 
2118 7905778.4 94.74565183866183 78.69543318614676 143.67991210937492 0 233 2.8329 0.0 8.181805246746432 0.0 4.0 
2119 7905811.7 94.74565183866183 78.69543318614676 143.67991210937492 0 233 2.8329 0.0 8.181805246746432 0.0 4.0 
2120 7905845.1 94.74565183866183 78.69543318614676 143.67991210937492 0 233 2.8329 0.0 8.181805246746432 0.0 4.0 
2121 7905878.4 94.74565183866183 78.69543318614676 143.67991210937492 0 233 2.8329 0.0 8.181805246746432 0.0 4.0 
2122 7905911.7 94.73309605659705 78.69750823402545 143.67991210937492 0 233 2.8329 0.0 8.181805246746432 0.0 4.0 
2123 7905945.1 94.73309605659705 78.69750823402545 143.67991210937492 0 233 2.8329 0.0 8.181805246746432 0.0 4.0 
2124 7905978.4 94.73309605659705 78.69750823402545 143.67991210937492 0 233 2.8329 0.0 8.181805246746432 0.0 4.0 
2125 7906011.7 94.73309605659705 78.69750823402545 143.67991210937492 0 233 2.8329 0.0 8.181805246746432 0.0 4.0 
2126 7906045.1 94.7211127612756 78.69750823402545 143.67991210937492 0 233 2.8329 0.0 8.181805246746432 0.0 4.0 
2127 7906078.4 94.7211127612756 78.70173233116641 143.67991210937492 0 233 2.8329 0.0 8.181805246746432 0.0 4.0 
2128 7906111.8 94.7211127612756 78.70173233116641 143.67991210937492 0 233 2.8329 0.0 8.181805246746432 0.0 4.0 
2129 7906145.1 94.7211127612756 78.70173233116641 143.67991210937492 0 233 2.8329 0.0 8.181805246746432 0.0 4.0 
2130 7906178.4 94.70448920158753 78.70173233116641 143.67991210937492 0 233 2.8329 0.0 8.181805246746432 0.0 4.0 
2131 7906211.8 94.70448920158753 78.70173233116641 143.67991210937492 0 233 2.8329 0.0 8.181805246746432 0.0 4.0 
2132 7906245.1 94.70448920158753 78.70173233116641 143.67991210937492 0 233 2.8329 0.0 8.181805246746432 0.0 4.0 
2133 7906278.4 94.70448920158753 78.70173233116641 143.67991210937492 0 233 2.8329 0.0 8.181805246746432 0.0 4.0 
2134 7906311.8 94.67681645729424 78.6916719814944 143.67991210937492 0 233 2.8329 0.0 8.181805246746432 0.0 4.0 
2135 7906345.1 94.67681645729424 78.6916719814944 143.67991210937492 0 233 2.8329 0.0 8.181805246746432 0.0 4.0 
2136 7906378.4 94.67681645729424 78.6916719814944 143.67991210937492 0 233 2.8329 0.0 8.181805246746432 0.0 4.0 
2137 7906411.8 94.67681645729424 78.6916719814944 143.67991210937492 0 233 2.8329 0.0 8.181805246746432 0.0 4.0 
2138 7906445.1 94.65025210958044 78.6916719814944 143.67991210937492 0 233 2.8329 0.0 8.181805246746432 0.0 4.0 
2139 7906478.5 94.65025210958044 78.67049946098645 143.67991210937492 0 233 2.8329 0.0 8.181805246746432 0.0 4.0 
2140 7906511.8 94.65025210958044 78.67049946098645 143.67991210937492 0 233 2.8329 0.0 8.181805246746432 0.0 4.0 
2141 7906545.1 94.65025210958044 78.67049946098645 143.67991210937492 0 233 2.8329 0.0 8.181805246746432 0.0 4.0 
2142 7906578.5 94.62975074742803 78.67049946098645 143.67991210937492 0 233 2.8329 0.0 8.181805246746432 0.0 4.0 
2143 7906611.8 94.62975074742803 78.6431614080507 143.67991210937492 0 233 2.8329 0.0 8.181805246746432 0.0 4.0 
2144 7906645.1 94.62975074742803 78.6431614080507 143.67991210937492 0 233 2.8329 0.0 8.181805246746432 0.0 4.0 
2145 7906678.5 94.62975074742803 78.6431614080507 143.67991210937492 0 233 2.8329 0.0 8.181805246746432 0.0 4.0 
2146 7906711.8 94.62975074742803 78.6431614080507 143.67991210937492 0 233 2.8329 0.0 8.181805246746432 0.0 4.0 
2147 7906745.1 94.61806074342115 78.6431614080507 143.67991210937492 0 233 2.8329 0.0 8.181805246746432 0.0 4.0 
2148 7906778.5 94.61806074342115 78.61503669005548 143.67991210937492 0 233 2.8329 0.0 8.181805246746432 0.0 4.0 
2149 7906811.8 94.61806074342115 78.61503669005548 143.67991210937492 0 233 2.8329 0.0 8.181805246746432 0.0 4.0 
2150 7906845.1 94.61806074342115 78.61503669005548 143.67991210937492 0 233 2.8329 0.0 8.181805246746432 0.0 4.0 
2151 7906878.5 94.6052831525555 78.58647910259654 143.67991210937492 0 233 2.8329 0.0 8.181805246746432 0.0 4.0 
2152 7906911.8 94.6052831525555 78.58647910259654 143.67991210937492 0 233 2.8329 0.0 8.181805246746432 0.0 4.0 
2153 7906945.2 94.6052831525555 78.58647910259654 143.67991210937492 0 233 2.8329 0.0 8.181805246746432 0.0 4.0 
2154 7906978.5 94.59382967255759 78.57102429136316 143.67991210937492 0 233 2.8329 0.0 8.181805246746432 0.0 4.0 
2155 7907011.8 94.59382967255759 78.57102429136316 143.67991210937492 0 233 2.8329 0.0 8.181805246746432 0.0 4.0 
2156 7907045.2 94.59382967255759 78.57102429136316 143.67991210937492 0 233 2.8329 0.0 8.181805246746432 0.0 4.0 
2157 7907078.5 94.58935307875664 78.57102429136316 143.67991210937492 0 233 2.8329 0.0 8.181805246746432 0.0 4.0 
2158 7907111.8 94.58935307875664 78.56136241901636 143.67991210937492 0 233 2.8329 0.0 8.181805246746432 0.0 4.0 
2159 7907145.2 94.58935307875664 78.56136241901636 143.67991210937492 0 233 2.8329 0.0 8.181805246746432 0.0 4.0 
2160 7907178.5 94.58935307875664 78.56136241901636 143.67991210937492 0 233 2.8329 0.0 8.181805246746432 0.0 4.0 
2161 7907211.8 94.587066038189 78.56136241901636 143.67991210937492 0 233 2.8329 0.0 8.181805246746432 0.0 4.0 
2162 7907245.2 94.587066038189 78.5472520736852 143.67991210937492 0 233 2.8329 0.0 8.181805246746432 0.0 4.0 
2163 7907278.5 94.587066038189 78.5472520736852 143.67991210937492 0 233 2.8329 0.0 8.181805246746432 0.0 4.0 
2164 7907311.9 94.587066038189 78.5472520736852 143.67991210937492 0 233 2.8329 0.0 8.181805246746432 0.0 4.0 
2165 7907345.2 94.587066038189 78.53736042608199 143.67991210937492 0 233 2.8329 0.0 8.181805246746432 0.0 4.0 
2166 7907378.5 94.587066038189 78.53736042608199 143.67991210937492 0 233 2.8329 0.0 8.181805246746432 0.0 4.0 
2167 7907411.9 94.587066038189 78.53736042608199 143.67991210937492 0 233 2.8329 0.0 8.181805246746432 0.0 4.0 
2168 7907445.2 94.58359307146034 78.53736042608199 143.67991210937492 0 233 2.8329 0.0 8.181805246746432 0.0 4.0 
2169 7907478.5 94.58359307146034 78.53332511027945 143.67991210937492 0 233 2.8329 0.0 8.181805246746432 0.0 4.0 
2170 7907511.9 94.58359307146034 78.53332511027945 143.67991210937492 0 233 2.8329 0.0 8.181805246746432 0.0 4.0 
2171 7907545.2 94.58359307146034 78.53332511027945 143.67991210937492 0 233 2.8329 0.0 8.181805246746432 0.0 4.0 
2172 7907578.5 94.57183030281745 78.53332511027945 143.67991210937492 0 233 2.8329 0.0 8.181805246746432 0.0 4.0 
2173 7907611.9 94.57183030281745 78.5091648412956 143.67991210937492 0 233 2.8329 0.0 8.181805246746432 0.0 4.0 
2174 7907645.2 94.57183030281745 78.5091648412956 143.67991210937492 0 233 2.8329 0.0 8.181805246746432 0.0 4.0 
2175 7907678.5 94.57183030281745 78.5091648412956 143.67991210937492 0 233 2.8329 0.0 8.181805246746432 0.0 4.0 
2176 7907711.9 94.56109640399698 78.45506529386142 143.67991210937492 0 233 2.8329 0.0 8.181805246746432 0.0 4.0 
2177 7907745.2 94.56109640399698 78.45506529386142 143.67991210937492 0 233 2.8329 0.0 8.181805246746432 0.0 4.0 
2178 7907778.6 94.56109640399698 78.45506529386142 143.67991210937492 0 233 2.8329 0.0 8.181805246746432 0.0 4.0 
2179 7907811.9 94.56109640399698 78.45506529386142 143.67991210937492 0 233 2.8329 0.0 8.181805246746432 0.0 4.0 
2180 7907845.2 94.54953536633766 78.45506529386142 143.67991210937492 0 233 2.8329 0.0 8.181805246746432 0.0 4.0 
2181 7907878.6 94.54953536633766 78.43272457434148 143.67991210937492 0 233 2.8329 0.0 8.181805246746432 0.0 4.0 
2182 7907911.9 94.54953536633766 78.43272457434148 143.67991210937492 0 233 2.8329 0.0 8.181805246746432 0.0 4.0 
2183 7907945.2 94.54953536633766 78.43272457434148 143.67991210937492 0 233 2.8329 0.0 8.181805246746432 0.0 4.0 
2184 7907978.6 94.54953536633766 78.43272457434148 143.67991210937492 0 233 2.8329 0.0 8.181805246746432 0.0 4.0 
2185 7908011.9 94.52383728823231 78.43272457434148 143.67991210937492 0 233 2.8329 0.0 8.181805246746432 0.0 4.0 
2186 7908045.2 94.52383728823231 78.4039475083137 143.67991210937492 0 233 2.8329 0.0 8.181805246746432 0.0 4.0 
2187 7908078.6 94.52383728823231 78.4039475083137 143.67991210937492 0 233 2.8329 0.0 8.181805246746432 0.0 4.0 
2188 7908111.9 94.52383728823231 78.4039475083137 143.67991210937492 0 233 2.8329 0.0 8.181805246746432 0.0 4.0 
2189 7908145.3 94.50873829556025 78.38531202248316 143.67991210937492 0 233 2.8329 0.0 8.181805246746432 0.0 4.0 
2190 7908178.6 94.50873829556025 78.38531202248316 143.67991210937492 0 233 2.8329 0.0 8.181805246746432 0.0 4.0 
2191 7908211.9 94.50873829556025 78.38531202248316 143.67991210937492 0 233 2.8329 0.0 8.181805246746432 0.0 4.0 
2192 7908245.3 94.50321184557558 78.38531202248316 143.67991210937492 0 233 2.8329 0.0 8.181805246746432 0.0 4.0 
2193 7908278.6 94.50321184557558 78.37803905180502 143.67991210937492 0 233 2.8329 0.0 8.181805246746432 0.0 4.0 
2194 7908311.9 94.50321184557558 78.37803905180502 143.67991210937492 0 233 2.8329 0.0 8.181805246746432 0.0 4.0 
2195 7908345.3 94.49006186876447 78.37803905180502 143.67991210937492 0 233 2.8329 0.0 8.181805246746432 0.0 4.0 
2196 7908378.6 94.49006186876447 78.36711066786732 143.67991210937492 0 233 2.8329 0.0 8.181805246746432 0.0 4.0 
2197 7908411.9 94.49006186876447 78.36711066786732 143.67991210937492 0 233 2.8329 0.0 8.181805246746432 0.0 4.0 
2198 7908445.3 94.49006186876447 78.36711066786732 143.67991210937492 0 233 2.8329 0.0 8.181805246746432 0.0 4.0 
2199 7908478.6 94.4721618995729 78.36014551716609 143.67991210937492 0 233 2.8329 0.0 8.181805246746432 0.0 4.0 
2200 7908511.9 94.4721618995729 78.36014551716609 143.67991210937492 0 233 2.8329 0.0 8.181805246746432 0.0 4.0 
2201 7908545.3 94.4721618995729 78.36014551716609 143.67991210937492 0 233 2.8329 0.0 8.181805246746432 0.0 4.0 
2202 7908578.6 94.4721618995729 78.36014551716609 143.67991210937492 0 233 2.8329 0.0 8.181805246746432 0.0 4.0 
2203 7908612.0 94.44528731626575 78.36014551716609 143.67991210937492 0 233 2.8329 0.0 8.181805246746432 0.0 4.0 
2204 7908645.3 94.44528731626575 78.35455977495107 143.67991210937492 0 233 2.8329 0.0 8.181805246746432 0.0 4.0 
2205 7908678.6 94.44528731626575 78.35455977495107 143.67991210937492 0 233 2.8329 0.0 8.181805246746432 0.0 4.0 
2206 7908712.0 94.44528731626575 78.35455977495107 143.67991210937492 0 233 2.8329 0.0 8.181805246746432 0.0 4.0 
2207 7908745.3 94.44528731626575 78.35455977495107 143.67991210937492 0 233 2.8329 0.0 8.181805246746432 0.0 4.0 
2208 7908778.6 94.41065716735132 78.35455977495107 143.67991210937492 0 233 2.8329 0.0 8.181805246746432 0.0 4.0 
2209 7908812.0 94.41065716735132 78.35151806278778 143.67991210937492 0 233 2.8329 0.0 8.181805246746432 0.0 4.0 
2210 7908845.3 94.41065716735132 78.35151806278778 143.67991210937492 0 233 2.8329 0.0 8.181805246746432 0.0 4.0 
2211 7908878.6 94.41065716735132 78.35151806278778 143.67991210937492 0 233 2.8329 0.0 8.181805246746432 0.0 4.0 
2212 7908912.0 94.38253702540906 78.35255441202466 143.67991210937492 0 233 2.8329 0.0 8.181805246746432 0.0 4.0 
2213 7908945.3 94.38253702540906 78.35255441202466 143.67991210937492 0 233 2.8329 0.0 8.181805246746432 0.0 4.0 
2214 7908978.7 94.38253702540906 78.35255441202466 143.67991210937492 0 233 2.8329 0.0 8.181805246746432 0.0 4.0 
2215 7909012.0 94.36784242447906 78.35255441202466 143.67991210937492 0 233 2.8329 0.0 8.181805246746432 0.0 4.0 
2216 7909045.3 94.36784242447906 78.35255441202466 143.67991210937492 0 233 2.8329 0.0 8.181805246746432 0.0 4.0 
2217 7909078.7 94.36784242447906 78.35255441202466 143.67991210937492 0 233 2.8329 0.0 8.181805246746432 0.0 4.0 
2218 7909112.0 94.36784242447906 78.35255441202466 143.67991210937492 0 233 2.8329 0.0 8.181805246746432 0.0 4.0 
2219 7909145.3 94.35686152696714 78.35255441202466 143.67991210937492 0 233 2.8329 0.0 8.181805246746432 0.0 4.0 
2220 7909178.7 94.35686152696714 78.35370953096145 143.67991210937492 0 233 2.8329 0.0 8.181805246746432 0.0 4.0 
2221 7909212.0 94.35686152696714 78.35370953096145 143.67991210937492 0 233 2.8329 0.0 8.181805246746432 0.0 4.0 
2222 7909245.3 94.35686152696714 78.35370953096145 143.67991210937492 0 233 2.8329 0.0 8.181805246746432 0.0 4.0 
2223 7909278.7 94.34076796687737 78.35370953096145 143.67991210937492 0 233 2.8329 0.0 8.181805246746432 0.0 4.0 
2224 7909312.0 94.34076796687737 78.35516717351423 143.67991210937492 0 233 2.8329 0.0 8.181805246746432 0.0 4.0 
2225 7909345.3 94.34076796687737 78.35516717351423 143.67991210937492 0 233 2.8329 0.0 8.181805246746432 0.0 4.0 
2226 7909378.7 94.34076796687737 78.35516717351423 143.67991210937492 0 233 2.8329 0.0 8.181805246746432 0.0 4.0 
2227 7909412.0 94.31984320566896 78.35516717351423 143.67991210937492 0 233 2.8329 0.0 8.181805246746432 0.0 4.0 
2228 7909445.4 94.31984320566896 78.35516717351423 143.67991210937492 0 233 2.8329 0.0 8.181805246746432 0.0 4.0 
2229 7909478.7 94.31984320566896 78.35516717351423 143.67991210937492 0 233 2.8329 0.0 8.181805246746432 0.0 4.0 
2230 7909512.0 94.31984320566896 78.35516717351423 143.67991210937492 0 233 2.8329 0.0 8.181805246746432 0.0 4.0 
2231 7909545.4 94.30202019831673 78.35516717351423 143.67991210937492 0 233 2.8329 0.0 8.181805246746432 0.0 4.0 
2232 7909578.7 94.30202019831673 78.3607311320392 143.67991210937492 0 233 2.8329 0.0 8.181805246746432 0.0 4.0 
2233 7909612.0 94.30202019831673 78.3607311320392 143.67991210937492 0 233 2.8329 0.0 8.181805246746432 0.0 4.0 
2234 7909645.4 94.2835936952847 78.37083681135465 143.67991210937492 0 233 2.8329 0.0 8.181805246746432 0.0 4.0 
2235 7909678.7 94.2835936952847 78.37083681135465 143.67991210937492 0 233 2.8329 0.0 8.181805246746432 0.0 4.0 
2236 7909712.0 94.2835936952847 78.37083681135465 143.67991210937492 0 233 2.8329 0.0 8.181805246746432 0.0 4.0 
2237 7909745.4 94.27385194062845 78.37543590908906 143.67991210937492 0 233 2.8329 0.0 8.181805246746432 0.0 4.0 
2238 7909778.7 94.27385194062845 78.37543590908906 143.67991210937492 0 233 2.8329 0.0 8.181805246746432 0.0 4.0 
2239 7909812.1 94.27385194062845 78.37543590908906 143.67991210937492 0 233 2.8329 0.0 8.181805246746432 0.0 4.0 
2240 7909845.4 94.26455431466341 78.37543590908906 143.67991210937492 0 233 2.8329 0.0 8.181805246746432 0.0 4.0 
2241 7909878.7 94.26455431466341 78.37435578990423 143.67991210937492 0 233 2.8329 0.0 8.181805246746432 0.0 4.0 
2242 7909912.1 94.26455431466341 78.37435578990423 143.67991210937492 0 233 2.8329 0.0 8.181805246746432 0.0 4.0 
2243 7909945.4 94.2397831805772 78.37435578990423 143.67991210937492 0 233 2.8329 0.0 8.181805246746432 0.0 4.0 
2244 7909978.7 94.2397831805772 78.36110648616362 143.67991210937492 0 233 2.8329 0.0 8.181805246746432 0.0 4.0 
2245 7910012.1 94.2397831805772 78.36110648616362 143.67991210937492 0 233 2.8329 0.0 8.181805246746432 0.0 4.0 
2246 7910045.4 94.22470565000665 78.34363552290976 143.67991210937492 0 233 2.8329 0.0 8.181805246746432 0.0 4.0 
2247 7910078.7 94.22470565000665 78.34363552290976 143.67991210937492 0 233 2.8329 0.0 8.181805246746432 0.0 4.0 
2248 7910112.1 94.22470565000665 78.34363552290976 143.67991210937492 0 233 2.8329 0.0 8.181805246746432 0.0 4.0 
2249 7910145.4 94.21791380383631 78.33590730607584 143.67991210937492 0 233 2.8329 0.0 8.181805246746432 0.0 4.0 
