# Recording
duration 75.006
nframes 2250
# Camera
framerate 29.997600191984642
imageToStage -0.993727445602417,-0.06086360290646553,0.06086360290646553,-0.993727445602417
rotation -3.080421285766743
imagenormaldir +Z
pixelsize 0.9955896
# Dual color
dualcolormode False
mainside Right
viewmode Splitted
recordingmode Original
translation_x 0.0
translation_y 0.0
rotation 0.0
# Tracking
roi_x 400
roi_y 400
capture_radius 400
min_step 1
threshold 30
binning 4
dark_bg True
mode CMS
area 400
# Frame Time X Y Z minBrightness maxBrightness meanBrightness medianBrightness skewness percentile_5 percentile_95
0 8378083.1 97.92954814687023 80.9811578531583 144.30598242187492 0 233 2.8329 0.0 8.181805246746432 0.0 4.0 
1 8378116.4 97.92954814687023 80.9811578531583 144.30598242187492 0 233 2.8329 0.0 8.181805246746432 0.0 4.0 
2 8378149.7 97.9271171968728 80.9811578531583 144.30598242187492 0 233 2.8329 0.0 8.181805246746432 0.0 4.0 
3 8378183.1 97.9271171968728 80.99950136611254 144.30598242187492 0 233 2.8329 0.0 8.181805246746432 0.0 4.0 
4 8378216.4 97.9271171968728 80.99950136611254 144.30598242187492 0 233 2.8329 0.0 8.181805246746432 0.0 4.0 
5 8378249.7 97.92191495594373 80.99950136611254 144.30598242187492 0 233 2.8329 0.0 8.181805246746432 0.0 4.0 
6 8378283.1 97.92191495594373 81.02619974835184 144.30598242187492 0 233 2.8329 0.0 8.181805246746432 0.0 4.0 
7 8378316.4 97.92191495594373 81.02619974835184 144.30598242187492 0 233 2.8329 0.0 8.181805246746432 0.0 4.0 
8 8378349.7 97.92191495594373 81.02619974835184 144.30598242187492 0 233 2.8329 0.0 8.181805246746432 0.0 4.0 
9 8378383.1 97.91953227074082 81.04204588656512 144.30598242187492 0 233 2.8329 0.0 8.181805246746432 0.0 4.0 
10 8378416.4 97.91953227074082 81.04204588656512 144.30598242187492 0 233 2.8329 0.0 8.181805246746432 0.0 4.0 
11 8378449.7 97.91953227074082 81.04204588656512 144.30598242187492 0 233 2.8329 0.0 8.181805246746432 0.0 4.0 
12 8378483.1 97.91693976256713 81.04204588656512 144.30598242187492 0 233 2.8329 0.0 8.181805246746432 0.0 4.0 
13 8378516.4 97.91693976256713 81.05493247365139 144.30598242187492 0 233 2.8329 0.0 8.181805246746432 0.0 4.0 
14 8378549.8 97.91693976256713 81.05493247365139 144.30598242187492 0 233 2.8329 0.0 8.181805246746432 0.0 4.0 
15 8378583.1 97.91693976256713 81.05493247365139 144.30598242187492 0 233 2.8329 0.0 8.181805246746432 0.0 4.0 
16 8378616.4 97.91568499593619 81.05493247365139 144.30598242187492 0 233 2.8329 0.0 8.181805246746432 0.0 4.0 
17 8378649.8 97.91568499593619 81.0654771643275 144.30598242187492 0 233 2.8329 0.0 8.181805246746432 0.0 4.0 
18 8378683.1 97.91568499593619 81.0654771643275 144.30598242187492 0 233 2.8329 0.0 8.181805246746432 0.0 4.0 
19 8378716.4 97.91568499593619 81.0654771643275 144.30598242187492 0 233 2.8329 0.0 8.181805246746432 0.0 4.0 
20 8378749.8 97.92043480609233 81.0654771643275 144.30598242187492 0 233 2.8329 0.0 8.181805246746432 0.0 4.0 
21 8378783.1 97.92043480609233 81.08662870759946 144.30598242187492 0 233 2.8329 0.0 8.181805246746432 0.0 4.0 
22 8378816.4 97.92043480609233 81.08662870759946 144.30598242187492 0 233 2.8329 0.0 8.181805246746432 0.0 4.0 
23 8378849.8 97.92043480609233 81.08662870759946 144.30598242187492 0 233 2.8329 0.0 8.181805246746432 0.0 4.0 
24 8378883.1 97.92043480609233 81.08662870759946 144.30598242187492 0 233 2.8329 0.0 8.181805246746432 0.0 4.0 
25 8378916.5 97.93161335631714 81.08662870759946 144.30598242187492 0 233 2.8329 0.0 8.181805246746432 0.0 4.0 
26 8378949.8 97.93161335631714 81.11254019180345 144.30598242187492 0 233 2.8329 0.0 8.181805246746432 0.0 4.0 
27 8378983.1 97.93161335631714 81.11254019180345 144.30598242187492 0 233 2.8329 0.0 8.181805246746432 0.0 4.0 
28 8379016.5 97.93161335631714 81.11254019180345 144.30598242187492 0 233 2.8329 0.0 8.181805246746432 0.0 4.0 
29 8379049.8 97.93161335631714 81.11254019180345 144.30598242187492 0 233 2.8329 0.0 8.181805246746432 0.0 4.0 
30 8379083.1 97.93392439102088 81.12968311984143 144.30598242187492 0 233 2.8329 0.0 8.181805246746432 0.0 4.0 
31 8379116.5 97.93392439102088 81.12968311984143 144.30598242187492 0 233 2.8329 0.0 8.181805246746432 0.0 4.0 
32 8379149.8 97.93392439102088 81.12968311984143 144.30598242187492 0 233 2.8329 0.0 8.181805246746432 0.0 4.0 
33 8379183.1 97.93392439102088 81.12968311984143 144.30598242187492 0 233 2.8329 0.0 8.181805246746432 0.0 4.0 
34 8379216.5 97.93162265993641 81.12968311984143 144.30598242187492 0 233 2.8329 0.0 8.181805246746432 0.0 4.0 
35 8379249.8 97.93162265993641 81.14165932128108 144.30598242187492 0 233 2.8329 0.0 8.181805246746432 0.0 4.0 
36 8379283.1 97.93162265993641 81.14165932128108 144.30598242187492 0 233 2.8329 0.0 8.181805246746432 0.0 4.0 
37 8379316.5 97.92530363915787 81.14165932128108 144.30598242187492 0 233 2.8329 0.0 8.181805246746432 0.0 4.0 
38 8379349.8 97.92530363915787 81.1490730935932 144.30598242187492 0 233 2.8329 0.0 8.181805246746432 0.0 4.0 
39 8379383.2 97.92530363915787 81.1490730935932 144.30598242187492 0 233 2.8329 0.0 8.181805246746432 0.0 4.0 
40 8379416.5 97.92530363915787 81.1490730935932 144.30598242187492 0 233 2.8329 0.0 8.181805246746432 0.0 4.0 
41 8379449.8 97.91522779205538 81.1490730935932 144.30598242187492 0 233 2.8329 0.0 8.181805246746432 0.0 4.0 
42 8379483.2 97.91522779205538 81.15667240333404 144.30598242187492 0 233 2.8329 0.0 8.181805246746432 0.0 4.0 
43 8379516.5 97.91522779205538 81.15667240333404 144.30598242187492 0 233 2.8329 0.0 8.181805246746432 0.0 4.0 
44 8379549.8 97.90311023252119 81.16338419527075 144.30598242187492 0 233 2.8329 0.0 8.181805246746432 0.0 4.0 
45 8379583.2 97.90311023252119 81.16338419527075 144.30598242187492 0 233 2.8329 0.0 8.181805246746432 0.0 4.0 
46 8379616.5 97.90311023252119 81.16338419527075 144.30598242187492 0 233 2.8329 0.0 8.181805246746432 0.0 4.0 
47 8379649.8 97.90311023252119 81.16338419527075 144.30598242187492 0 233 2.8329 0.0 8.181805246746432 0.0 4.0 
48 8379683.2 97.89155686737872 81.16338419527075 144.30598242187492 0 233 2.8329 0.0 8.181805246746432 0.0 4.0 
49 8379716.5 97.89155686737872 81.16810404882052 144.30598242187492 0 233 2.8329 0.0 8.181805246746432 0.0 4.0 
50 8379749.9 97.89155686737872 81.16810404882052 144.30598242187492 0 233 2.8329 0.0 8.181805246746432 0.0 4.0 
51 8379783.2 97.87620577058844 81.16810404882052 144.30598242187492 0 233 2.8329 0.0 8.181805246746432 0.0 4.0 
52 8379816.5 97.87620577058844 81.17498227307165 144.30598242187492 0 233 2.8329 0.0 8.181805246746432 0.0 4.0 
53 8379849.9 97.87607226562494 81.17557226562495 144.25476074218744 0 233 2.8329 0.0 8.181805246746432 0.0 4.0 
54 8379883.2 97.87607226562494 81.17557226562495 144.25476074218744 0 233 2.8329 0.0 8.181805246746432 0.0 4.0 
55 8379916.5 97.86597316619395 81.17557226562495 144.25476074218744 0 233 2.8329 0.0 8.181805246746432 0.0 4.0 
56 8379949.9 97.86597316619395 81.18281469036756 144.25476074218744 0 233 2.8329 0.0 8.181805246746432 0.0 4.0 
57 8379983.2 97.86597316619395 81.18281469036756 144.25476074218744 0 233 2.8329 0.0 8.181805246746432 0.0 4.0 
58 8380016.5 97.86597316619395 81.18281469036756 144.25476074218744 0 233 2.8329 0.0 8.181805246746432 0.0 4.0 
59 8380049.9 97.8748577964209 81.18281469036756 144.25476074218744 0 233 2.8329 0.0 8.181805246746432 0.0 4.0 
60 8380083.2 97.8748577964209 81.18661151129437 144.25476074218744 0 233 2.8329 0.0 8.181805246746432 0.0 4.0 
61 8380116.5 97.8748577964209 81.18661151129437 144.25476074218744 0 233 2.8329 0.0 8.181805246746432 0.0 4.0 
62 8380149.9 97.8748577964209 81.18661151129437 144.25476074218744 0 233 2.8329 0.0 8.181805246746432 0.0 4.0 
63 8380183.2 97.89389287199013 81.18163082643343 144.25476074218744 0 233 2.8329 0.0 8.181805246746432 0.0 4.0 
64 8380216.6 97.89389287199013 81.18163082643343 144.25476074218744 0 233 2.8329 0.0 8.181805246746432 0.0 4.0 
65 8380249.9 97.89389287199013 81.18163082643343 144.25476074218744 0 233 2.8329 0.0 8.181805246746432 0.0 4.0 
66 8380283.2 97.89389287199013 81.18163082643343 144.25476074218744 0 233 2.8329 0.0 8.181805246746432 0.0 4.0 
67 8380316.6 97.92169369876707 81.18163082643343 144.25476074218744 0 233 2.8329 0.0 8.181805246746432 0.0 4.0 
68 8380349.9 97.92169369876707 81.14934386487687 144.25476074218744 0 233 2.8329 0.0 8.181805246746432 0.0 4.0 
69 8380383.2 97.92169369876707 81.14934386487687 144.25476074218744 0 233 2.8329 0.0 8.181805246746432 0.0 4.0 
70 8380416.6 97.92169369876707 81.14934386487687 144.25476074218744 0 233 2.8329 0.0 8.181805246746432 0.0 4.0 
71 8380449.9 97.9346187762354 81.14934386487687 144.25476074218744 0 233 2.8329 0.0 8.181805246746432 0.0 4.0 
72 8380483.2 97.9346187762354 81.10292520890998 144.25476074218744 0 233 2.8329 0.0 8.181805246746432 0.0 4.0 
73 8380516.6 97.93461132812494 81.11839746093746 144.22759960937492 0 233 2.8329 0.0 8.181805246746432 0.0 4.0 
74 8380549.9 97.93461132812494 81.11839746093746 144.22759960937492 0 233 2.8329 0.0 8.181805246746432 0.0 4.0 
75 8380583.3 97.93461132812494 81.11839746093746 144.22759960937492 0 233 2.8329 0.0 8.181805246746432 0.0 4.0 
76 8380616.6 97.93052086125972 81.11839746093746 144.22759960937492 0 233 2.8329 0.0 8.181805246746432 0.0 4.0 
77 8380649.9 97.93052086125972 81.07957966744216 144.22759960937492 0 233 2.8329 0.0 8.181805246746432 0.0 4.0 
78 8380683.3 97.93052086125972 81.07957966744216 144.22759960937492 0 233 2.8329 0.0 8.181805246746432 0.0 4.0 
79 8380716.6 97.93052086125972 81.07957966744216 144.22759960937492 0 233 2.8329 0.0 8.181805246746432 0.0 4.0 
80 8380749.9 97.92270248706681 81.07957966744216 144.22759960937492 0 233 2.8329 0.0 8.181805246746432 0.0 4.0 
81 8380783.3 97.92270248706681 81.0285082891023 144.22759960937492 0 233 2.8329 0.0 8.181805246746432 0.0 4.0 
82 8380816.6 97.92270248706681 81.0285082891023 144.22759960937492 0 233 2.8329 0.0 8.181805246746432 0.0 4.0 
83 8380849.9 97.92270507812495 81.01310156249995 144.29345605468743 0 233 2.8329 0.0 8.181805246746432 0.0 4.0 
84 8380883.3 97.92162137015899 81.01310156249995 144.29345605468743 0 233 2.8329 0.0 8.181805246746432 0.0 4.0 
85 8380916.6 97.92162137015899 80.98788226768337 144.29345605468743 0 233 2.8329 0.0 8.181805246746432 0.0 4.0 
86 8380949.9 97.92162137015899 80.98788226768337 144.29345605468743 0 233 2.8329 0.0 8.181805246746432 0.0 4.0 
87 8380983.3 97.92162137015899 80.98788226768337 144.29345605468743 0 233 2.8329 0.0 8.181805246746432 0.0 4.0 
88 8381016.6 97.92158886718745 80.98792480468745 144.35497167968742 0 233 2.8329 0.0 8.181805246746432 0.0 4.0 
89 8381050.0 97.92158886718745 80.97031201287079 144.35497167968742 0 233 2.8329 0.0 8.181805246746432 0.0 4.0 
90 8381083.3 97.92158886718745 80.97031201287079 144.35497167968742 0 233 2.8329 0.0 8.181805246746432 0.0 4.0 
91 8381116.6 97.92158886718745 80.97031201287079 144.35497167968742 0 233 2.8329 0.0 8.181805246746432 0.0 4.0 
92 8381150.0 97.92909094492839 80.97031201287079 144.35497167968742 0 233 2.8329 0.0 8.181805246746432 0.0 4.0 
93 8381183.3 97.92909094492839 80.96260537008173 144.35497167968742 0 233 2.8329 0.0 8.181805246746432 0.0 4.0 
94 8381216.6 97.92909094492839 80.96260537008173 144.35497167968742 0 233 2.8329 0.0 8.181805246746432 0.0 4.0 
95 8381250.0 97.94072876008119 80.94332028599527 144.35497167968742 0 233 2.8329 0.0 8.181805246746432 0.0 4.0 
96 8381283.3 97.94072876008119 80.94332028599527 144.35497167968742 0 233 2.8329 0.0 8.181805246746432 0.0 4.0 
97 8381316.6 97.94072876008119 80.94332028599527 144.35497167968742 0 233 2.8329 0.0 8.181805246746432 0.0 4.0 
98 8381350.0 97.95147907207219 80.94332028599527 144.35497167968742 0 233 2.8329 0.0 8.181805246746432 0.0 4.0 
99 8381383.3 97.95147907207219 80.9322055756305 144.35497167968742 0 233 2.8329 0.0 8.181805246746432 0.0 4.0 
100 8381416.7 97.95147907207219 80.9322055756305 144.35497167968742 0 233 2.8329 0.0 8.181805246746432 0.0 4.0 
101 8381450.0 97.97247851757939 80.9322055756305 144.35497167968742 0 233 2.8329 0.0 8.181805246746432 0.0 4.0 
102 8381483.3 97.97247851757939 80.9218284692964 144.35497167968742 0 233 2.8329 0.0 8.181805246746432 0.0 4.0 
103 8381516.7 97.97247851757939 80.9218284692964 144.35497167968742 0 233 2.8329 0.0 8.181805246746432 0.0 4.0 
104 8381550.0 97.98599279170466 80.9218284692964 144.35497167968742 0 233 2.8329 0.0 8.181805246746432 0.0 4.0 
105 8381583.3 97.98599279170466 80.91529512990694 144.35497167968742 0 233 2.8329 0.0 8.181805246746432 0.0 4.0 
106 8381616.7 97.98599279170466 80.91529512990694 144.35497167968742 0 233 2.8329 0.0 8.181805246746432 0.0 4.0 
107 8381650.0 97.99141406249994 80.91524707031246 144.2884951171874 0 233 2.8329 0.0 8.181805246746432 0.0 4.0 
108 8381683.3 97.99141406249994 80.91630418062115 144.2884951171874 0 233 2.8329 0.0 8.181805246746432 0.0 4.0 
109 8381716.7 97.99141406249994 80.91630418062115 144.2884951171874 0 233 2.8329 0.0 8.181805246746432 0.0 4.0 
110 8381750.0 97.99141406249994 80.91630418062115 144.2884951171874 0 233 2.8329 0.0 8.181805246746432 0.0 4.0 
111 8381783.3 97.98202359643145 80.91630418062115 144.2884951171874 0 233 2.8329 0.0 8.181805246746432 0.0 4.0 
112 8381816.7 97.98202359643145 80.91900622466306 144.2884951171874 0 233 2.8329 0.0 8.181805246746432 0.0 4.0 
113 8381850.0 97.98202359643145 80.91900622466306 144.2884951171874 0 233 2.8329 0.0 8.181805246746432 0.0 4.0 
114 8381883.4 97.98202359643145 80.91900622466306 144.2884951171874 0 233 2.8329 0.0 8.181805246746432 0.0 4.0 
115 8381916.7 97.98025846747048 80.92329379985823 144.2884951171874 0 233 2.8329 0.0 8.181805246746432 0.0 4.0 
116 8381950.0 97.98025846747048 80.92329379985823 144.2884951171874 0 233 2.8329 0.0 8.181805246746432 0.0 4.0 
117 8381983.4 97.98025846747048 80.92329379985823 144.2884951171874 0 233 2.8329 0.0 8.181805246746432 0.0 4.0 
118 8382016.7 97.98025846747048 80.92329379985823 144.2884951171874 0 233 2.8329 0.0 8.181805246746432 0.0 4.0 
119 8382050.0 98.00600845703107 80.92329379985823 144.2884951171874 0 233 2.8329 0.0 8.181805246746432 0.0 4.0 
120 8382083.4 98.00600845703107 80.91953193875482 144.2884951171874 0 233 2.8329 0.0 8.181805246746432 0.0 4.0 
121 8382116.7 98.00600845703107 80.91953193875482 144.2884951171874 0 233 2.8329 0.0 8.181805246746432 0.0 4.0 
122 8382150.0 98.00600845703107 80.91953193875482 144.2884951171874 0 233 2.8329 0.0 8.181805246746432 0.0 4.0 
123 8382183.4 98.00600845703107 80.91953193875482 144.2884951171874 0 233 2.8329 0.0 8.181805246746432 0.0 4.0 
124 8382216.7 98.02933189714045 80.91953193875482 144.2884951171874 0 233 2.8329 0.0 8.181805246746432 0.0 4.0 
125 8382250.1 98.02933189714045 80.91259077655572 144.2884951171874 0 233 2.8329 0.0 8.181805246746432 0.0 4.0 
126 8382283.4 98.02933189714045 80.91259077655572 144.2884951171874 0 233 2.8329 0.0 8.181805246746432 0.0 4.0 
127 8382316.7 98.04397317800115 80.90700382698954 144.2884951171874 0 233 2.8329 0.0 8.181805246746432 0.0 4.0 
128 8382350.1 98.04397317800115 80.90700382698954 144.2884951171874 0 233 2.8329 0.0 8.181805246746432 0.0 4.0 
129 8382383.4 98.04397317800115 80.90700382698954 144.2884951171874 0 233 2.8329 0.0 8.181805246746432 0.0 4.0 
130 8382416.7 98.04519434097004 80.905401867578 144.2884951171874 0 233 2.8329 0.0 8.181805246746432 0.0 4.0 
131 8382450.1 98.04519434097004 80.905401867578 144.2884951171874 0 233 2.8329 0.0 8.181805246746432 0.0 4.0 
132 8382483.4 98.04519434097004 80.905401867578 144.2884951171874 0 233 2.8329 0.0 8.181805246746432 0.0 4.0 
133 8382516.7 98.0404967298543 80.905401867578 144.2884951171874 0 233 2.8329 0.0 8.181805246746432 0.0 4.0 
134 8382550.1 98.0404967298543 80.90252318019837 144.2884951171874 0 233 2.8329 0.0 8.181805246746432 0.0 4.0 
135 8382583.4 98.0404967298543 80.90252318019837 144.2884951171874 0 233 2.8329 0.0 8.181805246746432 0.0 4.0 
136 8382616.7 98.0315709959564 80.90252318019837 144.2884951171874 0 233 2.8329 0.0 8.181805246746432 0.0 4.0 
137 8382650.1 98.0315709959564 80.90018176645721 144.2884951171874 0 233 2.8329 0.0 8.181805246746432 0.0 4.0 
138 8382683.4 98.0315709959564 80.90018176645721 144.2884951171874 0 233 2.8329 0.0 8.181805246746432 0.0 4.0 
139 8382716.8 98.0315709959564 80.90018176645721 144.2884951171874 0 233 2.8329 0.0 8.181805246746432 0.0 4.0 
140 8382750.1 98.02409652586361 80.89906876557863 144.2884951171874 0 233 2.8329 0.0 8.181805246746432 0.0 4.0 
141 8382783.4 98.02409652586361 80.89906876557863 144.2884951171874 0 233 2.8329 0.0 8.181805246746432 0.0 4.0 
142 8382816.8 98.02409652586361 80.89906876557863 144.2884951171874 0 233 2.8329 0.0 8.181805246746432 0.0 4.0 
143 8382850.1 98.02409652586361 80.89906876557863 144.2884951171874 0 233 2.8329 0.0 8.181805246746432 0.0 4.0 
144 8382883.4 98.00931043305393 80.89906876557863 144.2884951171874 0 233 2.8329 0.0 8.181805246746432 0.0 4.0 
145 8382916.8 98.00931043305393 80.89256147524377 144.2884951171874 0 233 2.8329 0.0 8.181805246746432 0.0 4.0 
146 8382950.1 98.00931043305393 80.89256147524377 144.2884951171874 0 233 2.8329 0.0 8.181805246746432 0.0 4.0 
147 8382983.4 98.00931043305393 80.89256147524377 144.2884951171874 0 233 2.8329 0.0 8.181805246746432 0.0 4.0 
148 8383016.8 97.99381497441246 80.89256147524377 144.2884951171874 0 233 2.8329 0.0 8.181805246746432 0.0 4.0 
149 8383050.1 97.99381497441246 80.88578312613289 144.2884951171874 0 233 2.8329 0.0 8.181805246746432 0.0 4.0 
150 8383083.5 97.99381497441246 80.88578312613289 144.2884951171874 0 233 2.8329 0.0 8.181805246746432 0.0 4.0 
151 8383116.8 97.9814446093291 80.88578312613289 144.2884951171874 0 233 2.8329 0.0 8.181805246746432 0.0 4.0 
152 8383150.1 97.9814446093291 80.87795337351257 144.2884951171874 0 233 2.8329 0.0 8.181805246746432 0.0 4.0 
153 8383183.5 97.9814446093291 80.87795337351257 144.2884951171874 0 233 2.8329 0.0 8.181805246746432 0.0 4.0 
154 8383216.8 97.9814446093291 80.87795337351257 144.2884951171874 0 233 2.8329 0.0 8.181805246746432 0.0 4.0 
155 8383250.1 97.97297052489729 80.87659871963331 144.2884951171874 0 233 2.8329 0.0 8.181805246746432 0.0 4.0 
156 8383283.5 97.97297052489729 80.87659871963331 144.2884951171874 0 233 2.8329 0.0 8.181805246746432 0.0 4.0 
157 8383316.8 97.97297052489729 80.87659871963331 144.2884951171874 0 233 2.8329 0.0 8.181805246746432 0.0 4.0 
158 8383350.1 97.97297052489729 80.87659871963331 144.2884951171874 0 233 2.8329 0.0 8.181805246746432 0.0 4.0 
159 8383383.5 97.96130229647248 80.87659871963331 144.2884951171874 0 233 2.8329 0.0 8.181805246746432 0.0 4.0 
160 8383416.8 97.96130229647248 80.87014295402334 144.2884951171874 0 233 2.8329 0.0 8.181805246746432 0.0 4.0 
161 8383450.1 97.96130229647248 80.87014295402334 144.2884951171874 0 233 2.8329 0.0 8.181805246746432 0.0 4.0 
162 8383483.5 97.95391254358678 80.87014295402334 144.2884951171874 0 233 2.8329 0.0 8.181805246746432 0.0 4.0 
163 8383516.8 97.95391254358678 80.86444654202626 144.2884951171874 0 233 2.8329 0.0 8.181805246746432 0.0 4.0 
164 8383550.2 97.95391254358678 80.86444654202626 144.2884951171874 0 233 2.8329 0.0 8.181805246746432 0.0 4.0 
165 8383583.5 97.95391254358678 80.86444654202626 144.2884951171874 0 233 2.8329 0.0 8.181805246746432 0.0 4.0 
166 8383616.8 97.94293251374414 80.85240521247783 144.2884951171874 0 233 2.8329 0.0 8.181805246746432 0.0 4.0 
167 8383650.2 97.94293251374414 80.85240521247783 144.2884951171874 0 233 2.8329 0.0 8.181805246746432 0.0 4.0 
168 8383683.5 97.94293251374414 80.85240521247783 144.2884951171874 0 233 2.8329 0.0 8.181805246746432 0.0 4.0 
169 8383716.8 97.92758184187635 80.85240521247783 144.2884951171874 0 233 2.8329 0.0 8.181805246746432 0.0 4.0 
170 8383750.2 97.92758184187635 80.8393188228644 144.2884951171874 0 233 2.8329 0.0 8.181805246746432 0.0 4.0 
171 8383783.5 97.92758184187635 80.8393188228644 144.2884951171874 0 233 2.8329 0.0 8.181805246746432 0.0 4.0 
172 8383816.8 97.90926542305118 80.8393188228644 144.2884951171874 0 233 2.8329 0.0 8.181805246746432 0.0 4.0 
173 8383850.2 97.90926542305118 80.8318306592321 144.2884951171874 0 233 2.8329 0.0 8.181805246746432 0.0 4.0 
174 8383883.5 97.90926542305118 80.8318306592321 144.2884951171874 0 233 2.8329 0.0 8.181805246746432 0.0 4.0 
175 8383916.9 97.90926542305118 80.8318306592321 144.2884951171874 0 233 2.8329 0.0 8.181805246746432 0.0 4.0 
176 8383950.2 97.89637045315455 80.8318306592321 144.2884951171874 0 233 2.8329 0.0 8.181805246746432 0.0 4.0 
177 8383983.5 97.89637045315455 80.82881584084375 144.2884951171874 0 233 2.8329 0.0 8.181805246746432 0.0 4.0 
178 8384016.9 97.89637045315455 80.82881584084375 144.2884951171874 0 233 2.8329 0.0 8.181805246746432 0.0 4.0 
179 8384050.2 97.89637045315455 80.82881584084375 144.2884951171874 0 233 2.8329 0.0 8.181805246746432 0.0 4.0 
180 8384083.5 97.88951183913927 80.82881584084375 144.2884951171874 0 233 2.8329 0.0 8.181805246746432 0.0 4.0 
181 8384116.9 97.88951183913927 80.82881584084375 144.2884951171874 0 233 2.8329 0.0 8.181805246746432 0.0 4.0 
182 8384150.2 97.88672750003157 80.82881584084375 144.2884951171874 0 233 2.8329 0.0 8.181805246746432 0.0 4.0 
183 8384183.5 97.88672750003157 80.82881584084375 144.2884951171874 0 233 2.8329 0.0 8.181805246746432 0.0 4.0 
184 8384216.9 97.88253769522754 80.82881584084375 144.2884951171874 0 233 2.8329 0.0 8.181805246746432 0.0 4.0 
185 8384250.2 97.88253769522754 80.8275627951651 144.2884951171874 0 233 2.8329 0.0 8.181805246746432 0.0 4.0 
186 8384283.5 97.88253769522754 80.8275627951651 144.2884951171874 0 233 2.8329 0.0 8.181805246746432 0.0 4.0 
187 8384316.9 97.87534288645938 80.8275627951651 144.2884951171874 0 233 2.8329 0.0 8.181805246746432 0.0 4.0 
188 8384350.2 97.87534288645938 80.8275627951651 144.2884951171874 0 233 2.8329 0.0 8.181805246746432 0.0 4.0 
189 8384383.6 97.87534288645938 80.8275627951651 144.2884951171874 0 233 2.8329 0.0 8.181805246746432 0.0 4.0 
190 8384416.9 97.86599026540159 80.8234190583246 144.2884951171874 0 233 2.8329 0.0 8.181805246746432 0.0 4.0 
191 8384450.2 97.86599026540159 80.8234190583246 144.2884951171874 0 233 2.8329 0.0 8.181805246746432 0.0 4.0 
192 8384483.6 97.86599026540159 80.8234190583246 144.2884951171874 0 233 2.8329 0.0 8.181805246746432 0.0 4.0 
193 8384516.9 97.86599026540159 80.8234190583246 144.2884951171874 0 233 2.8329 0.0 8.181805246746432 0.0 4.0 
194 8384550.2 97.85137428419425 80.81001533168705 144.2884951171874 0 233 2.8329 0.0 8.181805246746432 0.0 4.0 
195 8384583.6 97.85137428419425 80.81001533168705 144.2884951171874 0 233 2.8329 0.0 8.181805246746432 0.0 4.0 
196 8384616.9 97.85137428419425 80.81001533168705 144.2884951171874 0 233 2.8329 0.0 8.181805246746432 0.0 4.0 
197 8384650.2 97.85137428419425 80.81001533168705 144.2884951171874 0 233 2.8329 0.0 8.181805246746432 0.0 4.0 
198 8384683.6 97.83574442075773 80.81001533168705 144.2884951171874 0 233 2.8329 0.0 8.181805246746432 0.0 4.0 
199 8384716.9 97.83574442075773 80.79542878590186 144.2884951171874 0 233 2.8329 0.0 8.181805246746432 0.0 4.0 
200 8384750.3 97.83574442075773 80.79542878590186 144.2884951171874 0 233 2.8329 0.0 8.181805246746432 0.0 4.0 
201 8384783.6 97.83574442075773 80.79542878590186 144.2884951171874 0 233 2.8329 0.0 8.181805246746432 0.0 4.0 
202 8384816.9 97.81929671328099 80.78452648164006 144.2884951171874 0 233 2.8329 0.0 8.181805246746432 0.0 4.0 
203 8384850.3 97.81929671328099 80.78452648164006 144.2884951171874 0 233 2.8329 0.0 8.181805246746432 0.0 4.0 
204 8384883.6 97.81929671328099 80.78452648164006 144.2884951171874 0 233 2.8329 0.0 8.181805246746432 0.0 4.0 
205 8384916.9 97.81929671328099 80.78452648164006 144.2884951171874 0 233 2.8329 0.0 8.181805246746432 0.0 4.0 
206 8384950.3 97.8031322688699 80.77908293194206 144.2884951171874 0 233 2.8329 0.0 8.181805246746432 0.0 4.0 
207 8384983.6 97.8031322688699 80.77908293194206 144.2884951171874 0 233 2.8329 0.0 8.181805246746432 0.0 4.0 
208 8385016.9 97.8031322688699 80.77908293194206 144.2884951171874 0 233 2.8329 0.0 8.181805246746432 0.0 4.0 
209 8385050.3 97.8031322688699 80.77908293194206 144.2884951171874 0 233 2.8329 0.0 8.181805246746432 0.0 4.0 
210 8385083.6 97.78425270220498 80.77908293194206 144.2884951171874 0 233 2.8329 0.0 8.181805246746432 0.0 4.0 
211 8385116.9 97.78425270220498 80.77156087919126 144.2884951171874 0 233 2.8329 0.0 8.181805246746432 0.0 4.0 
212 8385150.3 97.78425270220498 80.77156087919126 144.2884951171874 0 233 2.8329 0.0 8.181805246746432 0.0 4.0 
213 8385183.6 97.77096670382656 80.7677709777224 144.2884951171874 0 233 2.8329 0.0 8.181805246746432 0.0 4.0 
214 8385217.0 97.77096670382656 80.7677709777224 144.2884951171874 0 233 2.8329 0.0 8.181805246746432 0.0 4.0 
215 8385250.3 97.77096670382656 80.7677709777224 144.2884951171874 0 233 2.8329 0.0 8.181805246746432 0.0 4.0 
216 8385283.6 97.77096670382656 80.7677709777224 144.2884951171874 0 233 2.8329 0.0 8.181805246746432 0.0 4.0 
217 8385317.0 97.74788955542967 80.76581019795847 144.2884951171874 0 233 2.8329 0.0 8.181805246746432 0.0 4.0 
218 8385350.3 97.74788955542967 80.76581019795847 144.2884951171874 0 233 2.8329 0.0 8.181805246746432 0.0 4.0 
219 8385383.6 97.74788955542967 80.76581019795847 144.2884951171874 0 233 2.8329 0.0 8.181805246746432 0.0 4.0 
220 8385417.0 97.74788955542967 80.76581019795847 144.2884951171874 0 233 2.8329 0.0 8.181805246746432 0.0 4.0 
221 8385450.3 97.72001379071664 80.76581019795847 144.2884951171874 0 233 2.8329 0.0 8.181805246746432 0.0 4.0 
222 8385483.6 97.72001379071664 80.76880667130654 144.2884951171874 0 233 2.8329 0.0 8.181805246746432 0.0 4.0 
223 8385517.0 97.72001379071664 80.76880667130654 144.2884951171874 0 233 2.8329 0.0 8.181805246746432 0.0 4.0 
224 8385550.3 97.72001379071664 80.76880667130654 144.2884951171874 0 233 2.8329 0.0 8.181805246746432 0.0 4.0 
225 8385583.7 97.72001379071664 80.76880667130654 144.2884951171874 0 233 2.8329 0.0 8.181805246746432 0.0 4.0 
226 8385617.0 97.69314543843113 80.76880667130654 144.2884951171874 0 233 2.8329 0.0 8.181805246746432 0.0 4.0 
227 8385650.3 97.69314543843113 80.78055891761902 144.2884951171874 0 233 2.8329 0.0 8.181805246746432 0.0 4.0 
228 8385683.7 97.69314543843113 80.78055891761902 144.2884951171874 0 233 2.8329 0.0 8.181805246746432 0.0 4.0 
229 8385717.0 97.69314543843113 80.78055891761902 144.2884951171874 0 233 2.8329 0.0 8.181805246746432 0.0 4.0 
230 8385750.3 97.69314543843113 80.78055891761902 144.2884951171874 0 233 2.8329 0.0 8.181805246746432 0.0 4.0 
231 8385783.7 97.65795596893241 80.78055891761902 144.2884951171874 0 233 2.8329 0.0 8.181805246746432 0.0 4.0 
232 8385817.0 97.65795596893241 80.79702278733396 144.2884951171874 0 233 2.8329 0.0 8.181805246746432 0.0 4.0 
233 8385850.3 97.65795596893241 80.79702278733396 144.2884951171874 0 233 2.8329 0.0 8.181805246746432 0.0 4.0 
234 8385883.7 97.65795596893241 80.79702278733396 144.2884951171874 0 233 2.8329 0.0 8.181805246746432 0.0 4.0 
235 8385917.0 97.62774791021025 80.79702278733396 144.2884951171874 0 233 2.8329 0.0 8.181805246746432 0.0 4.0 
236 8385950.3 97.62774791021025 80.80809457318097 144.2884951171874 0 233 2.8329 0.0 8.181805246746432 0.0 4.0 
237 8385983.7 97.62774791021025 80.80809457318097 144.2884951171874 0 233 2.8329 0.0 8.181805246746432 0.0 4.0 
238 8386017.0 97.62774791021025 80.80809457318097 144.2884951171874 0 233 2.8329 0.0 8.181805246746432 0.0 4.0 
239 8386050.4 97.6124644810159 80.81537111634604 144.2884951171874 0 233 2.8329 0.0 8.181805246746432 0.0 4.0 
240 8386083.7 97.6124644810159 80.81537111634604 144.2884951171874 0 233 2.8329 0.0 8.181805246746432 0.0 4.0 
241 8386117.0 97.6124644810159 80.81537111634604 144.2884951171874 0 233 2.8329 0.0 8.181805246746432 0.0 4.0 
242 8386150.4 97.5962743987265 80.81537111634604 144.2884951171874 0 233 2.8329 0.0 8.181805246746432 0.0 4.0 
243 8386183.7 97.5962743987265 80.819251634353 144.2884951171874 0 233 2.8329 0.0 8.181805246746432 0.0 4.0 
244 8386217.0 97.5962743987265 80.819251634353 144.2884951171874 0 233 2.8329 0.0 8.181805246746432 0.0 4.0 
245 8386250.4 97.5962743987265 80.819251634353 144.2884951171874 0 233 2.8329 0.0 8.181805246746432 0.0 4.0 
246 8386283.7 97.58056516419404 80.819251634353 144.2884951171874 0 233 2.8329 0.0 8.181805246746432 0.0 4.0 
247 8386317.0 97.58056516419404 80.82311301478056 144.2884951171874 0 233 2.8329 0.0 8.181805246746432 0.0 4.0 
248 8386350.4 97.58056516419404 80.82311301478056 144.2884951171874 0 233 2.8329 0.0 8.181805246746432 0.0 4.0 
249 8386383.7 97.58056516419404 80.82311301478056 144.2884951171874 0 233 2.8329 0.0 8.181805246746432 0.0 4.0 
250 8386417.1 97.55904709289021 80.82311301478056 144.2884951171874 0 233 2.8329 0.0 8.181805246746432 0.0 4.0 
251 8386450.4 97.55904709289021 80.82311301478056 144.2884951171874 0 233 2.8329 0.0 8.181805246746432 0.0 4.0 
252 8386483.7 97.55904709289021 80.82311301478056 144.2884951171874 0 233 2.8329 0.0 8.181805246746432 0.0 4.0 
253 8386517.1 97.55904709289021 80.82311301478056 144.2884951171874 0 233 2.8329 0.0 8.181805246746432 0.0 4.0 
254 8386550.4 97.53837752666902 80.82311301478056 144.2884951171874 0 233 2.8329 0.0 8.181805246746432 0.0 4.0 
255 8386583.7 97.53837752666902 80.81883756207327 144.2884951171874 0 233 2.8329 0.0 8.181805246746432 0.0 4.0 
256 8386617.1 97.53837752666902 80.81883756207327 144.2884951171874 0 233 2.8329 0.0 8.181805246746432 0.0 4.0 
257 8386650.4 97.53837752666902 80.81883756207327 144.2884951171874 0 233 2.8329 0.0 8.181805246746432 0.0 4.0 
258 8386683.7 97.52054085516225 80.81883756207327 144.2884951171874 0 233 2.8329 0.0 8.181805246746432 0.0 4.0 
259 8386717.1 97.52054085516225 80.81054174204168 144.2884951171874 0 233 2.8329 0.0 8.181805246746432 0.0 4.0 
260 8386750.4 97.52054085516225 80.81054174204168 144.2884951171874 0 233 2.8329 0.0 8.181805246746432 0.0 4.0 
261 8386783.7 97.52054085516225 80.81054174204168 144.2884951171874 0 233 2.8329 0.0 8.181805246746432 0.0 4.0 
262 8386817.1 97.49884405064178 80.8069286860571 144.2884951171874 0 233 2.8329 0.0 8.181805246746432 0.0 4.0 
263 8386850.4 97.49884405064178 80.8069286860571 144.2884951171874 0 233 2.8329 0.0 8.181805246746432 0.0 4.0 
264 8386883.8 97.49884405064178 80.8069286860571 144.2884951171874 0 233 2.8329 0.0 8.181805246746432 0.0 4.0 
265 8386917.1 97.48675132067328 80.8069286860571 144.2884951171874 0 233 2.8329 0.0 8.181805246746432 0.0 4.0 
266 8386950.4 97.48675132067328 80.8069286860571 144.2884951171874 0 233 2.8329 0.0 8.181805246746432 0.0 4.0 
267 8386983.8 97.48675132067328 80.8069286860571 144.2884951171874 0 233 2.8329 0.0 8.181805246746432 0.0 4.0 
268 8387017.1 97.48675132067328 80.8069286860571 144.2884951171874 0 233 2.8329 0.0 8.181805246746432 0.0 4.0 
269 8387050.4 97.47145008425814 80.8069286860571 144.2884951171874 0 233 2.8329 0.0 8.181805246746432 0.0 4.0 
270 8387083.8 97.47145008425814 80.80147913402868 144.2884951171874 0 233 2.8329 0.0 8.181805246746432 0.0 4.0 
271 8387117.1 97.47145008425814 80.80147913402868 144.2884951171874 0 233 2.8329 0.0 8.181805246746432 0.0 4.0 
272 8387150.4 97.46239429785871 80.79660500827012 144.2884951171874 0 233 2.8329 0.0 8.181805246746432 0.0 4.0 
273 8387183.8 97.46239429785871 80.79660500827012 144.2884951171874 0 233 2.8329 0.0 8.181805246746432 0.0 4.0 
274 8387217.1 97.46239429785871 80.79660500827012 144.2884951171874 0 233 2.8329 0.0 8.181805246746432 0.0 4.0 
275 8387250.5 97.45438296940377 80.79157513300359 144.2884951171874 0 233 2.8329 0.0 8.181805246746432 0.0 4.0 
276 8387283.8 97.45438296940377 80.79157513300359 144.2884951171874 0 233 2.8329 0.0 8.181805246746432 0.0 4.0 
277 8387317.1 97.45438296940377 80.79157513300359 144.2884951171874 0 233 2.8329 0.0 8.181805246746432 0.0 4.0 
278 8387350.5 97.44253180805602 80.79157513300359 144.2884951171874 0 233 2.8329 0.0 8.181805246746432 0.0 4.0 
279 8387383.8 97.44253180805602 80.7824234131099 144.2884951171874 0 233 2.8329 0.0 8.181805246746432 0.0 4.0 
280 8387417.1 97.44253180805602 80.7824234131099 144.2884951171874 0 233 2.8329 0.0 8.181805246746432 0.0 4.0 
281 8387450.5 97.43472749961684 80.7824234131099 144.2884951171874 0 233 2.8329 0.0 8.181805246746432 0.0 4.0 
282 8387483.8 97.43472749961684 80.77251773807755 144.2884951171874 0 233 2.8329 0.0 8.181805246746432 0.0 4.0 
283 8387517.1 97.43472749961684 80.77251773807755 144.2884951171874 0 233 2.8329 0.0 8.181805246746432 0.0 4.0 
284 8387550.5 97.42484184899737 80.7618011546736 144.2884951171874 0 233 2.8329 0.0 8.181805246746432 0.0 4.0 
285 8387583.8 97.42484184899737 80.7618011546736 144.2884951171874 0 233 2.8329 0.0 8.181805246746432 0.0 4.0 
286 8387617.1 97.42484184899737 80.7618011546736 144.2884951171874 0 233 2.8329 0.0 8.181805246746432 0.0 4.0 
287 8387650.5 97.41733887944885 80.75429424276363 144.2884951171874 0 233 2.8329 0.0 8.181805246746432 0.0 4.0 
288 8387683.8 97.41733887944885 80.75429424276363 144.2884951171874 0 233 2.8329 0.0 8.181805246746432 0.0 4.0 
289 8387717.2 97.41733887944885 80.75429424276363 144.2884951171874 0 233 2.8329 0.0 8.181805246746432 0.0 4.0 
290 8387750.5 97.41733887944885 80.75429424276363 144.2884951171874 0 233 2.8329 0.0 8.181805246746432 0.0 4.0 
291 8387783.8 97.40667597509726 80.75429424276363 144.2884951171874 0 233 2.8329 0.0 8.181805246746432 0.0 4.0 
292 8387817.2 97.40667597509726 80.74462638679314 144.2884951171874 0 233 2.8329 0.0 8.181805246746432 0.0 4.0 
293 8387850.5 97.40667597509726 80.74462638679314 144.2884951171874 0 233 2.8329 0.0 8.181805246746432 0.0 4.0 
294 8387883.8 97.40667597509726 80.74462638679314 144.2884951171874 0 233 2.8329 0.0 8.181805246746432 0.0 4.0 
295 8387917.2 97.40667597509726 80.74462638679314 144.2884951171874 0 233 2.8329 0.0 8.181805246746432 0.0 4.0 
296 8387950.5 97.39339256292573 80.73254392502277 144.2884951171874 0 233 2.8329 0.0 8.181805246746432 0.0 4.0 
297 8387983.8 97.39339256292573 80.73254392502277 144.2884951171874 0 233 2.8329 0.0 8.181805246746432 0.0 4.0 
298 8388017.2 97.39339256292573 80.73254392502277 144.2884951171874 0 233 2.8329 0.0 8.181805246746432 0.0 4.0 
299 8388050.5 97.38318667599368 80.73254392502277 144.2884951171874 0 233 2.8329 0.0 8.181805246746432 0.0 4.0 
300 8388083.9 97.38318667599368 80.71974380505806 144.2884951171874 0 233 2.8329 0.0 8.181805246746432 0.0 4.0 
301 8388117.2 97.38318667599368 80.71974380505806 144.2884951171874 0 233 2.8329 0.0 8.181805246746432 0.0 4.0 
302 8388150.5 97.38318667599368 80.71974380505806 144.2884951171874 0 233 2.8329 0.0 8.181805246746432 0.0 4.0 
303 8388183.9 97.37628717531652 80.71974380505806 144.2884951171874 0 233 2.8329 0.0 8.181805246746432 0.0 4.0 
304 8388217.2 97.37628717531652 80.70163573907838 144.2884951171874 0 233 2.8329 0.0 8.181805246746432 0.0 4.0 
305 8388250.5 97.37628717531652 80.70163573907838 144.2884951171874 0 233 2.8329 0.0 8.181805246746432 0.0 4.0 
306 8388283.9 97.37628717531652 80.70163573907838 144.2884951171874 0 233 2.8329 0.0 8.181805246746432 0.0 4.0 
307 8388317.2 97.37016346298114 80.68737247377308 144.2884951171874 0 233 2.8329 0.0 8.181805246746432 0.0 4.0 
308 8388350.5 97.37016346298114 80.68737247377308 144.2884951171874 0 233 2.8329 0.0 8.181805246746432 0.0 4.0 
309 8388383.9 97.37016346298114 80.68737247377308 144.2884951171874 0 233 2.8329 0.0 8.181805246746432 0.0 4.0 
310 8388417.2 97.36459198762441 80.67036127599843 144.2884951171874 0 233 2.8329 0.0 8.181805246746432 0.0 4.0 
311 8388450.5 97.36459198762441 80.67036127599843 144.2884951171874 0 233 2.8329 0.0 8.181805246746432 0.0 4.0 
312 8388483.9 97.36459198762441 80.67036127599843 144.2884951171874 0 233 2.8329 0.0 8.181805246746432 0.0 4.0 
313 8388517.2 97.36459198762441 80.67036127599843 144.2884951171874 0 233 2.8329 0.0 8.181805246746432 0.0 4.0 
314 8388550.6 97.36017378727786 80.67036127599843 144.2884951171874 0 233 2.8329 0.0 8.181805246746432 0.0 4.0 
315 8388583.9 97.36017378727786 80.6551062738495 144.2884951171874 0 233 2.8329 0.0 8.181805246746432 0.0 4.0 
316 8388617.2 97.36017378727786 80.6551062738495 144.2884951171874 0 233 2.8329 0.0 8.181805246746432 0.0 4.0 
317 8388650.6 97.36017378727786 80.63249077297486 144.2884951171874 0 233 2.8329 0.0 8.181805246746432 0.0 4.0 
318 8388683.9 97.36017378727786 80.63249077297486 144.2884951171874 0 233 2.8329 0.0 8.181805246746432 0.0 4.0 
319 8388717.2 97.36017378727786 80.63249077297486 144.2884951171874 0 233 2.8329 0.0 8.181805246746432 0.0 4.0 
320 8388750.6 97.36017378727786 80.63249077297486 144.2884951171874 0 233 2.8329 0.0 8.181805246746432 0.0 4.0 
321 8388783.9 97.36017378727786 80.6142957759599 144.2884951171874 0 233 2.8329 0.0 8.181805246746432 0.0 4.0 
322 8388817.2 97.36017378727786 80.6142957759599 144.2884951171874 0 233 2.8329 0.0 8.181805246746432 0.0 4.0 
323 8388850.6 97.36017378727786 80.6142957759599 144.2884951171874 0 233 2.8329 0.0 8.181805246746432 0.0 4.0 
324 8388883.9 97.35680169220994 80.6142957759599 144.2884951171874 0 233 2.8329 0.0 8.181805246746432 0.0 4.0 
325 8388917.3 97.35680169220994 80.60134467683862 144.2884951171874 0 233 2.8329 0.0 8.181805246746432 0.0 4.0 
326 8388950.6 97.35680169220994 80.60134467683862 144.2884951171874 0 233 2.8329 0.0 8.181805246746432 0.0 4.0 
327 8388983.9 97.35680169220994 80.60134467683862 144.2884951171874 0 233 2.8329 0.0 8.181805246746432 0.0 4.0 
328 8389017.3 97.34543645273337 80.60134467683862 144.2884951171874 0 233 2.8329 0.0 8.181805246746432 0.0 4.0 
329 8389050.6 97.34543645273337 80.57909464905664 144.2884951171874 0 233 2.8329 0.0 8.181805246746432 0.0 4.0 
330 8389083.9 97.34543645273337 80.57909464905664 144.2884951171874 0 233 2.8329 0.0 8.181805246746432 0.0 4.0 
331 8389117.3 97.34543645273337 80.57909464905664 144.2884951171874 0 233 2.8329 0.0 8.181805246746432 0.0 4.0 
332 8389150.6 97.32522955193522 80.56399069372459 144.2884951171874 0 233 2.8329 0.0 8.181805246746432 0.0 4.0 
333 8389183.9 97.32522955193522 80.56399069372459 144.2884951171874 0 233 2.8329 0.0 8.181805246746432 0.0 4.0 
334 8389217.3 97.32522955193522 80.56399069372459 144.2884951171874 0 233 2.8329 0.0 8.181805246746432 0.0 4.0 
335 8389250.6 97.32522955193522 80.56399069372459 144.2884951171874 0 233 2.8329 0.0 8.181805246746432 0.0 4.0 
336 8389283.9 97.30800177602963 80.55057015308748 144.2884951171874 0 233 2.8329 0.0 8.181805246746432 0.0 4.0 
337 8389317.3 97.30800177602963 80.55057015308748 144.2884951171874 0 233 2.8329 0.0 8.181805246746432 0.0 4.0 
338 8389350.6 97.30800177602963 80.55057015308748 144.2884951171874 0 233 2.8329 0.0 8.181805246746432 0.0 4.0 
339 8389384.0 97.29663583041679 80.55057015308748 144.2884951171874 0 233 2.8329 0.0 8.181805246746432 0.0 4.0 
340 8389417.3 97.29663583041679 80.54391518382442 144.2884951171874 0 233 2.8329 0.0 8.181805246746432 0.0 4.0 
341 8389450.6 97.29663583041679 80.54391518382442 144.2884951171874 0 233 2.8329 0.0 8.181805246746432 0.0 4.0 
342 8389484.0 97.29663583041679 80.54391518382442 144.2884951171874 0 233 2.8329 0.0 8.181805246746432 0.0 4.0 
343 8389517.3 97.280357825321 80.53650849496846 144.2884951171874 0 233 2.8329 0.0 8.181805246746432 0.0 4.0 
344 8389550.6 97.280357825321 80.53650849496846 144.2884951171874 0 233 2.8329 0.0 8.181805246746432 0.0 4.0 
345 8389584.0 97.280357825321 80.53650849496846 144.2884951171874 0 233 2.8329 0.0 8.181805246746432 0.0 4.0 
346 8389617.3 97.280357825321 80.53650849496846 144.2884951171874 0 233 2.8329 0.0 8.181805246746432 0.0 4.0 
347 8389650.6 97.26140857183032 80.53156222612319 144.2884951171874 0 233 2.8329 0.0 8.181805246746432 0.0 4.0 
348 8389684.0 97.26140857183032 80.53156222612319 144.2884951171874 0 233 2.8329 0.0 8.181805246746432 0.0 4.0 
349 8389717.3 97.26140857183032 80.53156222612319 144.2884951171874 0 233 2.8329 0.0 8.181805246746432 0.0 4.0 
350 8389750.7 97.26140857183032 80.53156222612319 144.2884951171874 0 233 2.8329 0.0 8.181805246746432 0.0 4.0 
351 8389784.0 97.2365863166242 80.53156222612319 144.2884951171874 0 233 2.8329 0.0 8.181805246746432 0.0 4.0 
352 8389817.3 97.2365863166242 80.53156222612319 144.2884951171874 0 233 2.8329 0.0 8.181805246746432 0.0 4.0 
353 8389850.7 97.2365863166242 80.53156222612319 144.2884951171874 0 233 2.8329 0.0 8.181805246746432 0.0 4.0 
354 8389884.0 97.2365863166242 80.53156222612319 144.2884951171874 0 233 2.8329 0.0 8.181805246746432 0.0 4.0 
355 8389917.3 97.20946650529648 80.53617960519408 144.2884951171874 0 233 2.8329 0.0 8.181805246746432 0.0 4.0 
356 8389950.7 97.20946650529648 80.53617960519408 144.2884951171874 0 233 2.8329 0.0 8.181805246746432 0.0 4.0 
357 8389984.0 97.20946650529648 80.53617960519408 144.2884951171874 0 233 2.8329 0.0 8.181805246746432 0.0 4.0 
358 8390017.3 97.20946650529648 80.53617960519408 144.2884951171874 0 233 2.8329 0.0 8.181805246746432 0.0 4.0 
359 8390050.7 97.18180450783126 80.54865346097804 144.2884951171874 0 233 2.8329 0.0 8.181805246746432 0.0 4.0 
360 8390084.0 97.18180450783126 80.54865346097804 144.2884951171874 0 233 2.8329 0.0 8.181805246746432 0.0 4.0 
361 8390117.3 97.18180450783126 80.54865346097804 144.2884951171874 0 233 2.8329 0.0 8.181805246746432 0.0 4.0 
362 8390150.7 97.18180450783126 80.54865346097804 144.2884951171874 0 233 2.8329 0.0 8.181805246746432 0.0 4.0 
363 8390184.0 97.15600918211305 80.54865346097804 144.2884951171874 0 233 2.8329 0.0 8.181805246746432 0.0 4.0 
364 8390217.4 97.15600918211305 80.56416020950167 144.2884951171874 0 233 2.8329 0.0 8.181805246746432 0.0 4.0 
365 8390250.7 97.15600918211305 80.56416020950167 144.2884951171874 0 233 2.8329 0.0 8.181805246746432 0.0 4.0 
366 8390284.0 97.11809656689694 80.56438476562495 144.25054394531242 0 233 2.8329 0.0 8.181805246746432 0.0 4.0 
367 8390317.4 97.11809656689694 80.57522891166585 144.25054394531242 0 233 2.8329 0.0 8.181805246746432 0.0 4.0 
368 8390350.7 97.11809656689694 80.57522891166585 144.25054394531242 0 233 2.8329 0.0 8.181805246746432 0.0 4.0 
369 8390384.0 97.11809656689694 80.57522891166585 144.25054394531242 0 233 2.8329 0.0 8.181805246746432 0.0 4.0 
370 8390417.4 97.09559170859974 80.57522891166585 144.25054394531242 0 233 2.8329 0.0 8.181805246746432 0.0 4.0 
371 8390450.7 97.09559170859974 80.58248376462774 144.25054394531242 0 233 2.8329 0.0 8.181805246746432 0.0 4.0 
372 8390484.0 97.09559170859974 80.58248376462774 144.25054394531242 0 233 2.8329 0.0 8.181805246746432 0.0 4.0 
373 8390517.4 97.08441316647524 80.58248376462774 144.25054394531242 0 233 2.8329 0.0 8.181805246746432 0.0 4.0 
374 8390550.7 97.08441316647524 80.58848818665005 144.25054394531242 0 233 2.8329 0.0 8.181805246746432 0.0 4.0 
375 8390584.1 97.08441316647524 80.58848818665005 144.25054394531242 0 233 2.8329 0.0 8.181805246746432 0.0 4.0 
376 8390617.4 97.08441316647524 80.58848818665005 144.25054394531242 0 233 2.8329 0.0 8.181805246746432 0.0 4.0 
377 8390650.7 97.05715935668276 80.59521420063719 144.25054394531242 0 233 2.8329 0.0 8.181805246746432 0.0 4.0 
378 8390684.1 97.05715935668276 80.59521420063719 144.25054394531242 0 233 2.8329 0.0 8.181805246746432 0.0 4.0 
379 8390717.4 97.05715935668276 80.59521420063719 144.25054394531242 0 233 2.8329 0.0 8.181805246746432 0.0 4.0 
380 8390750.7 97.05715935668276 80.59521420063719 144.25054394531242 0 233 2.8329 0.0 8.181805246746432 0.0 4.0 
381 8390784.1 97.04354925238033 80.59521420063719 144.25054394531242 0 233 2.8329 0.0 8.181805246746432 0.0 4.0 
382 8390817.4 97.04354925238033 80.59958225019139 144.25054394531242 0 233 2.8329 0.0 8.181805246746432 0.0 4.0 
383 8390850.7 97.04354925238033 80.59958225019139 144.25054394531242 0 233 2.8329 0.0 8.181805246746432 0.0 4.0 
384 8390884.1 97.04354925238033 80.59958225019139 144.25054394531242 0 233 2.8329 0.0 8.181805246746432 0.0 4.0 
385 8390917.4 97.02426891229759 80.59958225019139 144.25054394531242 0 233 2.8329 0.0 8.181805246746432 0.0 4.0 
386 8390950.7 97.02426891229759 80.60447197580392 144.25054394531242 0 233 2.8329 0.0 8.181805246746432 0.0 4.0 
387 8390984.1 97.02426891229759 80.60447197580392 144.25054394531242 0 233 2.8329 0.0 8.181805246746432 0.0 4.0 
388 8391017.4 97.02426891229759 80.60447197580392 144.25054394531242 0 233 2.8329 0.0 8.181805246746432 0.0 4.0 
389 8391050.8 97.01063559982347 80.6061548228927 144.25054394531242 0 233 2.8329 0.0 8.181805246746432 0.0 4.0 
390 8391084.1 97.01063559982347 80.6061548228927 144.25054394531242 0 233 2.8329 0.0 8.181805246746432 0.0 4.0 
391 8391117.4 97.01063559982347 80.6061548228927 144.25054394531242 0 233 2.8329 0.0 8.181805246746432 0.0 4.0 
392 8391150.8 97.00407619263831 80.6061548228927 144.25054394531242 0 233 2.8329 0.0 8.181805246746432 0.0 4.0 
393 8391184.1 97.00407619263831 80.6061548228927 144.25054394531242 0 233 2.8329 0.0 8.181805246746432 0.0 4.0 
394 8391217.4 97.00407619263831 80.6061548228927 144.25054394531242 0 233 2.8329 0.0 8.181805246746432 0.0 4.0 
395 8391250.8 96.99657780071246 80.6061548228927 144.25054394531242 0 233 2.8329 0.0 8.181805246746432 0.0 4.0 
396 8391284.1 96.99657780071246 80.6061548228927 144.25054394531242 0 233 2.8329 0.0 8.181805246746432 0.0 4.0 
397 8391317.4 96.99657780071246 80.6061548228927 144.25054394531242 0 233 2.8329 0.0 8.181805246746432 0.0 4.0 
398 8391350.8 96.98993290770137 80.60497817955314 144.25054394531242 0 233 2.8329 0.0 8.181805246746432 0.0 4.0 
399 8391384.1 96.98993290770137 80.60497817955314 144.25054394531242 0 233 2.8329 0.0 8.181805246746432 0.0 4.0 
400 8391417.5 96.98993290770137 80.60497817955314 144.25054394531242 0 233 2.8329 0.0 8.181805246746432 0.0 4.0 
401 8391450.8 96.9878305597188 80.60364084866787 144.25054394531242 0 233 2.8329 0.0 8.181805246746432 0.0 4.0 
402 8391484.1 96.9878305597188 80.60364084866787 144.25054394531242 0 233 2.8329 0.0 8.181805246746432 0.0 4.0 
403 8391517.5 96.98947984930454 80.60364084866787 144.25054394531242 0 233 2.8329 0.0 8.181805246746432 0.0 4.0 
404 8391550.8 96.98947984930454 80.60364084866787 144.25054394531242 0 233 2.8329 0.0 8.181805246746432 0.0 4.0 
405 8391584.1 96.98947984930454 80.60364084866787 144.25054394531242 0 233 2.8329 0.0 8.181805246746432 0.0 4.0 
406 8391617.5 97.00244221992331 80.60364084866787 144.25054394531242 0 233 2.8329 0.0 8.181805246746432 0.0 4.0 
407 8391650.8 97.00244221992331 80.60793899925122 144.25054394531242 0 233 2.8329 0.0 8.181805246746432 0.0 4.0 
408 8391684.1 97.00244221992331 80.60793899925122 144.25054394531242 0 233 2.8329 0.0 8.181805246746432 0.0 4.0 
409 8391717.5 97.00244221992331 80.60793899925122 144.25054394531242 0 233 2.8329 0.0 8.181805246746432 0.0 4.0 
410 8391750.8 97.05034624181565 80.60793899925122 144.25054394531242 0 233 2.8329 0.0 8.181805246746432 0.0 4.0 
411 8391784.1 97.05034624181565 80.60793899925122 144.25054394531242 0 233 2.8329 0.0 8.181805246746432 0.0 4.0 
412 8391817.5 97.05034624181565 80.60793899925122 144.25054394531242 0 233 2.8329 0.0 8.181805246746432 0.0 4.0 
413 8391850.8 97.05034624181565 80.60793899925122 144.25054394531242 0 233 2.8329 0.0 8.181805246746432 0.0 4.0 
414 8391884.2 97.094271494272 80.59843846351362 144.25054394531242 0 233 2.8329 0.0 8.181805246746432 0.0 4.0 
415 8391917.5 97.094271494272 80.59843846351362 144.25054394531242 0 233 2.8329 0.0 8.181805246746432 0.0 4.0 
416 8391950.8 97.094271494272 80.59843846351362 144.25054394531242 0 233 2.8329 0.0 8.181805246746432 0.0 4.0 
417 8391984.2 97.094271494272 80.59843846351362 144.25054394531242 0 233 2.8329 0.0 8.181805246746432 0.0 4.0 
418 8392017.5 97.12612201783207 80.59843846351362 144.25054394531242 0 233 2.8329 0.0 8.181805246746432 0.0 4.0 
419 8392050.8 97.12612201783207 80.57965977367984 144.25054394531242 0 233 2.8329 0.0 8.181805246746432 0.0 4.0 
420 8392084.2 97.12612201783207 80.57965977367984 144.25054394531242 0 233 2.8329 0.0 8.181805246746432 0.0 4.0 
421 8392117.5 97.12612201783207 80.57965977367984 144.25054394531242 0 233 2.8329 0.0 8.181805246746432 0.0 4.0 
422 8392150.8 97.16233850180909 80.55480272335433 144.25054394531242 0 233 2.8329 0.0 8.181805246746432 0.0 4.0 
423 8392184.2 97.16233850180909 80.55480272335433 144.25054394531242 0 233 2.8329 0.0 8.181805246746432 0.0 4.0 
424 8392217.5 97.16233850180909 80.55480272335433 144.25054394531242 0 233 2.8329 0.0 8.181805246746432 0.0 4.0 
425 8392250.9 97.16233850180909 80.55480272335433 144.25054394531242 0 233 2.8329 0.0 8.181805246746432 0.0 4.0 
426 8392284.2 97.16233850180909 80.55480272335433 144.25054394531242 0 233 2.8329 0.0 8.181805246746432 0.0 4.0 
427 8392317.5 97.20567251182565 80.55480272335433 144.25054394531242 0 233 2.8329 0.0 8.181805246746432 0.0 4.0 
428 8392350.9 97.20567251182565 80.5301187231476 144.25054394531242 0 233 2.8329 0.0 8.181805246746432 0.0 4.0 
429 8392384.2 97.20567251182565 80.5301187231476 144.25054394531242 0 233 2.8329 0.0 8.181805246746432 0.0 4.0 
430 8392417.5 97.20567251182565 80.5301187231476 144.25054394531242 0 233 2.8329 0.0 8.181805246746432 0.0 4.0 
431 8392450.9 97.20567251182565 80.5301187231476 144.25054394531242 0 233 2.8329 0.0 8.181805246746432 0.0 4.0 
432 8392484.2 97.26495260017212 80.5301187231476 144.25054394531242 0 233 2.8329 0.0 8.181805246746432 0.0 4.0 
433 8392517.5 97.26495260017212 80.52395960116732 144.25054394531242 0 233 2.8329 0.0 8.181805246746432 0.0 4.0 
434 8392550.9 97.26495260017212 80.52395960116732 144.25054394531242 0 233 2.8329 0.0 8.181805246746432 0.0 4.0 
435 8392584.2 97.26495260017212 80.52395960116732 144.25054394531242 0 233 2.8329 0.0 8.181805246746432 0.0 4.0 
436 8392617.5 97.26495260017212 80.52395960116732 144.25054394531242 0 233 2.8329 0.0 8.181805246746432 0.0 4.0 
437 8392650.9 97.29396561156253 80.52395960116732 144.25054394531242 0 233 2.8329 0.0 8.181805246746432 0.0 4.0 
438 8392684.2 97.29396561156253 80.53130422304459 144.25054394531242 0 233 2.8329 0.0 8.181805246746432 0.0 4.0 
439 8392717.6 97.29396561156253 80.53130422304459 144.25054394531242 0 233 2.8329 0.0 8.181805246746432 0.0 4.0 
440 8392750.9 97.29396561156253 80.53130422304459 144.25054394531242 0 233 2.8329 0.0 8.181805246746432 0.0 4.0 
441 8392784.2 97.29396561156253 80.53130422304459 144.25054394531242 0 233 2.8329 0.0 8.181805246746432 0.0 4.0 
442 8392817.6 97.3205503448666 80.53130422304459 144.25054394531242 0 233 2.8329 0.0 8.181805246746432 0.0 4.0 
443 8392850.9 97.3205503448666 80.55129798308204 144.25054394531242 0 233 2.8329 0.0 8.181805246746432 0.0 4.0 
444 8392884.2 97.3205503448666 80.55129798308204 144.25054394531242 0 233 2.8329 0.0 8.181805246746432 0.0 4.0 
445 8392917.6 97.3205503448666 80.55129798308204 144.25054394531242 0 233 2.8329 0.0 8.181805246746432 0.0 4.0 
446 8392950.9 97.32263023223658 80.55129798308204 144.25054394531242 0 233 2.8329 0.0 8.181805246746432 0.0 4.0 
447 8392984.2 97.32263023223658 80.56070096738368 144.25054394531242 0 233 2.8329 0.0 8.181805246746432 0.0 4.0 
448 8393017.6 97.32263023223658 80.56070096738368 144.25054394531242 0 233 2.8329 0.0 8.181805246746432 0.0 4.0 
449 8393050.9 97.32263023223658 80.56070096738368 144.25054394531242 0 233 2.8329 0.0 8.181805246746432 0.0 4.0 
450 8393084.3 97.31838768835463 80.56070096738368 144.25054394531242 0 233 2.8329 0.0 8.181805246746432 0.0 4.0 
451 8393117.6 97.31838768835463 80.56070096738368 144.25054394531242 0 233 2.8329 0.0 8.181805246746432 0.0 4.0 
452 8393150.9 97.31838768835463 80.56070096738368 144.25054394531242 0 233 2.8329 0.0 8.181805246746432 0.0 4.0 
453 8393184.3 97.31147484221925 80.56070096738368 144.25054394531242 0 233 2.8329 0.0 8.181805246746432 0.0 4.0 
454 8393217.6 97.31147484221925 80.55790209479575 144.25054394531242 0 233 2.8329 0.0 8.181805246746432 0.0 4.0 
455 8393250.9 97.31147484221925 80.55790209479575 144.25054394531242 0 233 2.8329 0.0 8.181805246746432 0.0 4.0 
456 8393284.3 97.31147484221925 80.55790209479575 144.25054394531242 0 233 2.8329 0.0 8.181805246746432 0.0 4.0 
457 8393317.6 97.29604553615312 80.55790209479575 144.25054394531242 0 233 2.8329 0.0 8.181805246746432 0.0 4.0 
458 8393350.9 97.29604553615312 80.54886051180868 144.25054394531242 0 233 2.8329 0.0 8.181805246746432 0.0 4.0 
459 8393384.3 97.29604553615312 80.54886051180868 144.25054394531242 0 233 2.8329 0.0 8.181805246746432 0.0 4.0 
460 8393417.6 97.29604553615312 80.54886051180868 144.25054394531242 0 233 2.8329 0.0 8.181805246746432 0.0 4.0 
461 8393450.9 97.27781900275097 80.54886051180868 144.25054394531242 0 233 2.8329 0.0 8.181805246746432 0.0 4.0 
462 8393484.3 97.27781900275097 80.54334413348312 144.25054394531242 0 233 2.8329 0.0 8.181805246746432 0.0 4.0 
463 8393517.6 97.27781900275097 80.54334413348312 144.25054394531242 0 233 2.8329 0.0 8.181805246746432 0.0 4.0 
464 8393551.0 97.27781900275097 80.54334413348312 144.25054394531242 0 233 2.8329 0.0 8.181805246746432 0.0 4.0 
465 8393584.3 97.25703397500298 80.54334413348312 144.25054394531242 0 233 2.8329 0.0 8.181805246746432 0.0 4.0 
466 8393617.6 97.25703397500298 80.54627758063425 144.25054394531242 0 233 2.8329 0.0 8.181805246746432 0.0 4.0 
467 8393651.0 97.25703397500298 80.54627758063425 144.25054394531242 0 233 2.8329 0.0 8.181805246746432 0.0 4.0 
468 8393684.3 97.25703397500298 80.54627758063425 144.25054394531242 0 233 2.8329 0.0 8.181805246746432 0.0 4.0 
469 8393717.6 97.25703397500298 80.54627758063425 144.25054394531242 0 233 2.8329 0.0 8.181805246746432 0.0 4.0 
470 8393751.0 97.2324490558708 80.54627758063425 144.25054394531242 0 233 2.8329 0.0 8.181805246746432 0.0 4.0 
471 8393784.3 97.2324490558708 80.56233776923895 144.25054394531242 0 233 2.8329 0.0 8.181805246746432 0.0 4.0 
472 8393817.6 97.2324490558708 80.56233776923895 144.25054394531242 0 233 2.8329 0.0 8.181805246746432 0.0 4.0 
473 8393851.0 97.2324490558708 80.56233776923895 144.25054394531242 0 233 2.8329 0.0 8.181805246746432 0.0 4.0 
474 8393884.3 97.2324490558708 80.56233776923895 144.25054394531242 0 233 2.8329 0.0 8.181805246746432 0.0 4.0 
475 8393917.7 97.20415670391594 80.57315534897896 144.25054394531242 0 233 2.8329 0.0 8.181805246746432 0.0 4.0 
476 8393951.0 97.20415670391594 80.57315534897896 144.25054394531242 0 233 2.8329 0.0 8.181805246746432 0.0 4.0 
477 8393984.3 97.20415670391594 80.57315534897896 144.25054394531242 0 233 2.8329 0.0 8.181805246746432 0.0 4.0 
478 8394017.7 97.18857188144837 80.57734572373998 144.25054394531242 0 233 2.8329 0.0 8.181805246746432 0.0 4.0 
479 8394051.0 97.18857188144837 80.57734572373998 144.25054394531242 0 233 2.8329 0.0 8.181805246746432 0.0 4.0 
480 8394084.3 97.18857188144837 80.57734572373998 144.25054394531242 0 233 2.8329 0.0 8.181805246746432 0.0 4.0 
481 8394117.7 97.18857188144837 80.57734572373998 144.25054394531242 0 233 2.8329 0.0 8.181805246746432 0.0 4.0 
482 8394151.0 97.16925201848673 80.57734572373998 144.25054394531242 0 233 2.8329 0.0 8.181805246746432 0.0 4.0 
483 8394184.3 97.16925201848673 80.57437014148357 144.25054394531242 0 233 2.8329 0.0 8.181805246746432 0.0 4.0 
484 8394217.7 97.16925201848673 80.57437014148357 144.25054394531242 0 233 2.8329 0.0 8.181805246746432 0.0 4.0 
485 8394251.0 97.16925201848673 80.57437014148357 144.25054394531242 0 233 2.8329 0.0 8.181805246746432 0.0 4.0 
486 8394284.3 97.14737145821394 80.57437014148357 144.25054394531242 0 233 2.8329 0.0 8.181805246746432 0.0 4.0 
487 8394317.7 97.14737145821394 80.56341268001717 144.25054394531242 0 233 2.8329 0.0 8.181805246746432 0.0 4.0 
488 8394351.0 97.14737145821394 80.56341268001717 144.25054394531242 0 233 2.8329 0.0 8.181805246746432 0.0 4.0 
489 8394384.4 97.14737145821394 80.56341268001717 144.25054394531242 0 233 2.8329 0.0 8.181805246746432 0.0 4.0 
490 8394417.7 97.13086520659017 80.5547057344009 144.25054394531242 0 233 2.8329 0.0 8.181805246746432 0.0 4.0 
491 8394451.0 97.13086520659017 80.5547057344009 144.25054394531242 0 233 2.8329 0.0 8.181805246746432 0.0 4.0 
492 8394484.4 97.13086520659017 80.5547057344009 144.25054394531242 0 233 2.8329 0.0 8.181805246746432 0.0 4.0 
493 8394517.7 97.1202171241199 80.5547057344009 144.25054394531242 0 233 2.8329 0.0 8.181805246746432 0.0 4.0 
494 8394551.0 97.1202171241199 80.55014590670349 144.25054394531242 0 233 2.8329 0.0 8.181805246746432 0.0 4.0 
495 8394584.4 97.1202171241199 80.55014590670349 144.25054394531242 0 233 2.8329 0.0 8.181805246746432 0.0 4.0 
496 8394617.7 97.1202171241199 80.55014590670349 144.25054394531242 0 233 2.8329 0.0 8.181805246746432 0.0 4.0 
497 8394651.0 97.10892409112631 80.55014590670349 144.25054394531242 0 233 2.8329 0.0 8.181805246746432 0.0 4.0 
498 8394684.4 97.10892409112631 80.54401506146368 144.25054394531242 0 233 2.8329 0.0 8.181805246746432 0.0 4.0 
499 8394717.7 97.10892409112631 80.54401506146368 144.25054394531242 0 233 2.8329 0.0 8.181805246746432 0.0 4.0 
500 8394751.1 97.10892409112631 80.54401506146368 144.25054394531242 0 233 2.8329 0.0 8.181805246746432 0.0 4.0 
501 8394784.4 97.09757574994619 80.53756204320669 144.25054394531242 0 233 2.8329 0.0 8.181805246746432 0.0 4.0 
502 8394817.7 97.09757574994619 80.53756204320669 144.25054394531242 0 233 2.8329 0.0 8.181805246746432 0.0 4.0 
503 8394851.1 97.09757574994619 80.53756204320669 144.25054394531242 0 233 2.8329 0.0 8.181805246746432 0.0 4.0 
504 8394884.4 97.09757574994619 80.53756204320669 144.25054394531242 0 233 2.8329 0.0 8.181805246746432 0.0 4.0 
505 8394917.7 97.08698235432243 80.53756204320669 144.25054394531242 0 233 2.8329 0.0 8.181805246746432 0.0 4.0 
506 8394951.1 97.08698235432243 80.53169444142388 144.25054394531242 0 233 2.8329 0.0 8.181805246746432 0.0 4.0 
507 8394984.4 97.08698235432243 80.53169444142388 144.25054394531242 0 233 2.8329 0.0 8.181805246746432 0.0 4.0 
508 8395017.7 97.08698235432243 80.53169444142388 144.25054394531242 0 233 2.8329 0.0 8.181805246746432 0.0 4.0 
509 8395051.1 97.07752049354582 80.53169444142388 144.25054394531242 0 233 2.8329 0.0 8.181805246746432 0.0 4.0 
510 8395084.4 97.07752049354582 80.52608731417165 144.25054394531242 0 233 2.8329 0.0 8.181805246746432 0.0 4.0 
511 8395117.7 97.07752049354582 80.52608731417165 144.25054394531242 0 233 2.8329 0.0 8.181805246746432 0.0 4.0 
512 8395151.1 97.07752049354582 80.52608731417165 144.25054394531242 0 233 2.8329 0.0 8.181805246746432 0.0 4.0 
513 8395184.4 97.06389302221159 80.51761238465231 144.25054394531242 0 233 2.8329 0.0 8.181805246746432 0.0 4.0 
514 8395217.8 97.06389302221159 80.51761238465231 144.25054394531242 0 233 2.8329 0.0 8.181805246746432 0.0 4.0 
515 8395251.1 97.06389302221159 80.51761238465231 144.25054394531242 0 233 2.8329 0.0 8.181805246746432 0.0 4.0 
516 8395284.4 97.06389302221159 80.51761238465231 144.25054394531242 0 233 2.8329 0.0 8.181805246746432 0.0 4.0 
517 8395317.8 97.04872158087001 80.51761238465231 144.25054394531242 0 233 2.8329 0.0 8.181805246746432 0.0 4.0 
518 8395351.1 97.04872158087001 80.50352867068543 144.25054394531242 0 233 2.8329 0.0 8.181805246746432 0.0 4.0 
519 8395384.4 97.04872158087001 80.50352867068543 144.25054394531242 0 233 2.8329 0.0 8.181805246746432 0.0 4.0 
520 8395417.8 97.04872158087001 80.50352867068543 144.25054394531242 0 233 2.8329 0.0 8.181805246746432 0.0 4.0 
521 8395451.1 97.03884793431018 80.50352867068543 144.25054394531242 0 233 2.8329 0.0 8.181805246746432 0.0 4.0 
522 8395484.4 97.03884793431018 80.49350697740925 144.25054394531242 0 233 2.8329 0.0 8.181805246746432 0.0 4.0 
523 8395517.8 97.03884793431018 80.49350697740925 144.25054394531242 0 233 2.8329 0.0 8.181805246746432 0.0 4.0 
524 8395551.1 97.03884793431018 80.49350697740925 144.25054394531242 0 233 2.8329 0.0 8.181805246746432 0.0 4.0 
525 8395584.5 97.02558329503495 80.47437030302972 144.25054394531242 0 233 2.8329 0.0 8.181805246746432 0.0 4.0 
526 8395617.8 97.02558329503495 80.47437030302972 144.25054394531242 0 233 2.8329 0.0 8.181805246746432 0.0 4.0 
527 8395651.1 97.02558329503495 80.47437030302972 144.25054394531242 0 233 2.8329 0.0 8.181805246746432 0.0 4.0 
528 8395684.5 97.01892634161919 80.47437030302972 144.25054394531242 0 233 2.8329 0.0 8.181805246746432 0.0 4.0 
529 8395717.8 97.01892634161919 80.46593669957552 144.25054394531242 0 233 2.8329 0.0 8.181805246746432 0.0 4.0 
530 8395751.1 97.01892634161919 80.46593669957552 144.25054394531242 0 233 2.8329 0.0 8.181805246746432 0.0 4.0 
531 8395784.5 97.01892634161919 80.46593669957552 144.25054394531242 0 233 2.8329 0.0 8.181805246746432 0.0 4.0 
532 8395817.8 97.00808668850857 80.46593669957552 144.25054394531242 0 233 2.8329 0.0 8.181805246746432 0.0 4.0 
533 8395851.1 97.00808668850857 80.4517516607424 144.25054394531242 0 233 2.8329 0.0 8.181805246746432 0.0 4.0 
534 8395884.5 97.00808668850857 80.4517516607424 144.25054394531242 0 233 2.8329 0.0 8.181805246746432 0.0 4.0 
535 8395917.8 97.00085857169769 80.4411797965786 144.25054394531242 0 233 2.8329 0.0 8.181805246746432 0.0 4.0 
536 8395951.1 97.00085857169769 80.4411797965786 144.25054394531242 0 233 2.8329 0.0 8.181805246746432 0.0 4.0 
537 8395984.5 97.00085857169769 80.4411797965786 144.25054394531242 0 233 2.8329 0.0 8.181805246746432 0.0 4.0 
538 8396017.8 97.00085857169769 80.4411797965786 144.25054394531242 0 233 2.8329 0.0 8.181805246746432 0.0 4.0 
539 8396051.2 96.99356642029908 80.4411797965786 144.25054394531242 0 233 2.8329 0.0 8.181805246746432 0.0 4.0 
540 8396084.5 96.99356642029908 80.43056195115324 144.25054394531242 0 233 2.8329 0.0 8.181805246746432 0.0 4.0 
541 8396117.8 96.99356642029908 80.43056195115324 144.25054394531242 0 233 2.8329 0.0 8.181805246746432 0.0 4.0 
542 8396151.2 96.98877684367848 80.43056195115324 144.25054394531242 0 233 2.8329 0.0 8.181805246746432 0.0 4.0 
543 8396184.5 96.98877684367848 80.41813977556966 144.25054394531242 0 233 2.8329 0.0 8.181805246746432 0.0 4.0 
544 8396217.8 96.98877684367848 80.41813977556966 144.25054394531242 0 233 2.8329 0.0 8.181805246746432 0.0 4.0 
545 8396251.2 96.98877684367848 80.41813977556966 144.25054394531242 0 233 2.8329 0.0 8.181805246746432 0.0 4.0 
546 8396284.5 96.9827904937143 80.4014214161343 144.25054394531242 0 233 2.8329 0.0 8.181805246746432 0.0 4.0 
547 8396317.8 96.9827904937143 80.4014214161343 144.25054394531242 0 233 2.8329 0.0 8.181805246746432 0.0 4.0 
548 8396351.2 96.9827904937143 80.4014214161343 144.25054394531242 0 233 2.8329 0.0 8.181805246746432 0.0 4.0 
549 8396384.5 96.97870665739707 80.38793468787411 144.25054394531242 0 233 2.8329 0.0 8.181805246746432 0.0 4.0 
550 8396417.9 96.97870665739707 80.38793468787411 144.25054394531242 0 233 2.8329 0.0 8.181805246746432 0.0 4.0 
551 8396451.2 96.97870665739707 80.38793468787411 144.25054394531242 0 233 2.8329 0.0 8.181805246746432 0.0 4.0 
552 8396484.5 96.97870665739707 80.38793468787411 144.25054394531242 0 233 2.8329 0.0 8.181805246746432 0.0 4.0 
553 8396517.9 96.9737676160535 80.38793468787411 144.25054394531242 0 233 2.8329 0.0 8.181805246746432 0.0 4.0 
554 8396551.2 96.9737676160535 80.3772246703479 144.25054394531242 0 233 2.8329 0.0 8.181805246746432 0.0 4.0 
555 8396584.5 96.9737676160535 80.3772246703479 144.25054394531242 0 233 2.8329 0.0 8.181805246746432 0.0 4.0 
556 8396617.9 96.97010144148646 80.3772246703479 144.25054394531242 0 233 2.8329 0.0 8.181805246746432 0.0 4.0 
557 8396651.2 96.97010144148646 80.36260102145435 144.25054394531242 0 233 2.8329 0.0 8.181805246746432 0.0 4.0 
558 8396684.5 96.97010144148646 80.36260102145435 144.25054394531242 0 233 2.8329 0.0 8.181805246746432 0.0 4.0 
559 8396717.9 96.96724697620576 80.35113529860872 144.25054394531242 0 233 2.8329 0.0 8.181805246746432 0.0 4.0 
560 8396751.2 96.96724697620576 80.35113529860872 144.25054394531242 0 233 2.8329 0.0 8.181805246746432 0.0 4.0 
561 8396784.5 96.96724697620576 80.35113529860872 144.25054394531242 0 233 2.8329 0.0 8.181805246746432 0.0 4.0 
562 8396817.9 96.96380885045721 80.34085495066614 144.25054394531242 0 233 2.8329 0.0 8.181805246746432 0.0 4.0 
563 8396851.2 96.96380885045721 80.34085495066614 144.25054394531242 0 233 2.8329 0.0 8.181805246746432 0.0 4.0 
564 8396884.6 96.96380885045721 80.34085495066614 144.25054394531242 0 233 2.8329 0.0 8.181805246746432 0.0 4.0 
565 8396917.9 96.96380885045721 80.34085495066614 144.25054394531242 0 233 2.8329 0.0 8.181805246746432 0.0 4.0 
566 8396951.2 96.95848790280445 80.34085495066614 144.25054394531242 0 233 2.8329 0.0 8.181805246746432 0.0 4.0 
567 8396984.6 96.95848790280445 80.32400999498401 144.25054394531242 0 233 2.8329 0.0 8.181805246746432 0.0 4.0 
568 8397017.9 96.95848790280445 80.32400999498401 144.25054394531242 0 233 2.8329 0.0 8.181805246746432 0.0 4.0 
569 8397051.2 96.95848790280445 80.32400999498401 144.25054394531242 0 233 2.8329 0.0 8.181805246746432 0.0 4.0 
570 8397084.6 96.95159348771455 80.32400999498401 144.25054394531242 0 233 2.8329 0.0 8.181805246746432 0.0 4.0 
571 8397117.9 96.95159348771455 80.30557635547626 144.25054394531242 0 233 2.8329 0.0 8.181805246746432 0.0 4.0 
572 8397151.2 96.95159348771455 80.30557635547626 144.25054394531242 0 233 2.8329 0.0 8.181805246746432 0.0 4.0 
573 8397184.6 96.94711463300946 80.29661633135704 144.25054394531242 0 233 2.8329 0.0 8.181805246746432 0.0 4.0 
574 8397217.9 96.94711463300946 80.29661633135704 144.25054394531242 0 233 2.8329 0.0 8.181805246746432 0.0 4.0 
575 8397251.3 96.94711463300946 80.29661633135704 144.25054394531242 0 233 2.8329 0.0 8.181805246746432 0.0 4.0 
576 8397284.6 96.94711463300946 80.29661633135704 144.25054394531242 0 233 2.8329 0.0 8.181805246746432 0.0 4.0 
577 8397317.9 96.93796139145064 80.29661633135704 144.25054394531242 0 233 2.8329 0.0 8.181805246746432 0.0 4.0 
578 8397351.3 96.93796139145064 80.28147044355197 144.25054394531242 0 233 2.8329 0.0 8.181805246746432 0.0 4.0 
579 8397384.6 96.93796139145064 80.28147044355197 144.25054394531242 0 233 2.8329 0.0 8.181805246746432 0.0 4.0 
580 8397417.9 96.92885759549459 80.28147044355197 144.25054394531242 0 233 2.8329 0.0 8.181805246746432 0.0 4.0 
581 8397451.3 96.92885759549459 80.27147989697077 144.25054394531242 0 233 2.8329 0.0 8.181805246746432 0.0 4.0 
582 8397484.6 96.92885759549459 80.27147989697077 144.25054394531242 0 233 2.8329 0.0 8.181805246746432 0.0 4.0 
583 8397517.9 96.91960222303906 80.26403325691663 144.25054394531242 0 233 2.8329 0.0 8.181805246746432 0.0 4.0 
584 8397551.3 96.91960222303906 80.26403325691663 144.25054394531242 0 233 2.8329 0.0 8.181805246746432 0.0 4.0 
585 8397584.6 96.91960222303906 80.26403325691663 144.25054394531242 0 233 2.8329 0.0 8.181805246746432 0.0 4.0 
586 8397617.9 96.91960222303906 80.26403325691663 144.25054394531242 0 233 2.8329 0.0 8.181805246746432 0.0 4.0 
587 8397651.3 96.90786719110906 80.25285547918081 144.25054394531242 0 233 2.8329 0.0 8.181805246746432 0.0 4.0 
588 8397684.6 96.90786719110906 80.25285547918081 144.25054394531242 0 233 2.8329 0.0 8.181805246746432 0.0 4.0 
589 8397718.0 96.90786719110906 80.25285547918081 144.25054394531242 0 233 2.8329 0.0 8.181805246746432 0.0 4.0 
590 8397751.3 96.9003685775064 80.25285547918081 144.25054394531242 0 233 2.8329 0.0 8.181805246746432 0.0 4.0 
591 8397784.6 96.9003685775064 80.24457203050275 144.25054394531242 0 233 2.8329 0.0 8.181805246746432 0.0 4.0 
592 8397818.0 96.9003685775064 80.24457203050275 144.25054394531242 0 233 2.8329 0.0 8.181805246746432 0.0 4.0 
593 8397851.3 96.88956663847692 80.24457203050275 144.25054394531242 0 233 2.8329 0.0 8.181805246746432 0.0 4.0 
594 8397884.6 96.88956663847692 80.2345552159764 144.25054394531242 0 233 2.8329 0.0 8.181805246746432 0.0 4.0 
595 8397918.0 96.88956663847692 80.2345552159764 144.25054394531242 0 233 2.8329 0.0 8.181805246746432 0.0 4.0 
596 8397951.3 96.886350851858 80.2345552159764 144.25054394531242 0 233 2.8329 0.0 8.181805246746432 0.0 4.0 
597 8397984.6 96.886350851858 80.23235441592745 144.25054394531242 0 233 2.8329 0.0 8.181805246746432 0.0 4.0 
598 8398018.0 96.886350851858 80.23235441592745 144.25054394531242 0 233 2.8329 0.0 8.181805246746432 0.0 4.0 
599 8398051.3 96.886350851858 80.23235441592745 144.25054394531242 0 233 2.8329 0.0 8.181805246746432 0.0 4.0 
600 8398084.7 96.87322042966275 80.23235441592745 144.25054394531242 0 233 2.8329 0.0 8.181805246746432 0.0 4.0 
601 8398118.0 96.87322042966275 80.22483562545098 144.25054394531242 0 233 2.8329 0.0 8.181805246746432 0.0 4.0 
602 8398151.3 96.87322042966275 80.22483562545098 144.25054394531242 0 233 2.8329 0.0 8.181805246746432 0.0 4.0 
603 8398184.7 96.87322042966275 80.22483562545098 144.25054394531242 0 233 2.8329 0.0 8.181805246746432 0.0 4.0 
604 8398218.0 96.86284194907365 80.22483562545098 144.25054394531242 0 233 2.8329 0.0 8.181805246746432 0.0 4.0 
605 8398251.3 96.86284194907365 80.21980308874 144.25054394531242 0 233 2.8329 0.0 8.181805246746432 0.0 4.0 
606 8398284.7 96.86284194907365 80.21980308874 144.25054394531242 0 233 2.8329 0.0 8.181805246746432 0.0 4.0 
607 8398318.0 96.85157631646211 80.21732053268539 144.25054394531242 0 233 2.8329 0.0 8.181805246746432 0.0 4.0 
608 8398351.3 96.85157631646211 80.21732053268539 144.25054394531242 0 233 2.8329 0.0 8.181805246746432 0.0 4.0 
609 8398384.7 96.85157631646211 80.21732053268539 144.25054394531242 0 233 2.8329 0.0 8.181805246746432 0.0 4.0 
610 8398418.0 96.85157631646211 80.21732053268539 144.25054394531242 0 233 2.8329 0.0 8.181805246746432 0.0 4.0 
611 8398451.3 96.8344791557974 80.21732053268539 144.25054394531242 0 233 2.8329 0.0 8.181805246746432 0.0 4.0 
612 8398484.7 96.8344791557974 80.21732053268539 144.25054394531242 0 233 2.8329 0.0 8.181805246746432 0.0 4.0 
613 8398518.0 96.8344791557974 80.21732053268539 144.25054394531242 0 233 2.8329 0.0 8.181805246746432 0.0 4.0 
614 8398551.4 96.8344791557974 80.21732053268539 144.25054394531242 0 233 2.8329 0.0 8.181805246746432 0.0 4.0 
615 8398584.7 96.81497217685448 80.21732053268539 144.25054394531242 0 233 2.8329 0.0 8.181805246746432 0.0 4.0 
616 8398618.0 96.81497217685448 80.21732053268539 144.25054394531242 0 233 2.8329 0.0 8.181805246746432 0.0 4.0 
617 8398651.4 96.81497217685448 80.21732053268539 144.25054394531242 0 233 2.8329 0.0 8.181805246746432 0.0 4.0 
618 8398684.7 96.81497217685448 80.21732053268539 144.25054394531242 0 233 2.8329 0.0 8.181805246746432 0.0 4.0 
619 8398718.0 96.79527502417234 80.21995882653415 144.25054394531242 0 233 2.8329 0.0 8.181805246746432 0.0 4.0 
620 8398751.4 96.79527502417234 80.21995882653415 144.25054394531242 0 233 2.8329 0.0 8.181805246746432 0.0 4.0 
621 8398784.7 96.79527502417234 80.21995882653415 144.25054394531242 0 233 2.8329 0.0 8.181805246746432 0.0 4.0 
622 8398818.0 96.77585057956814 80.21995882653415 144.25054394531242 0 233 2.8329 0.0 8.181805246746432 0.0 4.0 
623 8398851.4 96.77585057956814 80.22423932939994 144.25054394531242 0 233 2.8329 0.0 8.181805246746432 0.0 4.0 
624 8398884.7 96.77585057956814 80.22423932939994 144.25054394531242 0 233 2.8329 0.0 8.181805246746432 0.0 4.0 
625 8398918.1 96.77585057956814 80.22423932939994 144.25054394531242 0 233 2.8329 0.0 8.181805246746432 0.0 4.0 
626 8398951.4 96.75713608141449 80.22423932939994 144.25054394531242 0 233 2.8329 0.0 8.181805246746432 0.0 4.0 
627 8398984.7 96.75713608141449 80.22888682225755 144.25054394531242 0 233 2.8329 0.0 8.181805246746432 0.0 4.0 
628 8399018.1 96.75713608141449 80.22888682225755 144.25054394531242 0 233 2.8329 0.0 8.181805246746432 0.0 4.0 
629 8399051.4 96.73632150239253 80.23212738567759 144.25054394531242 0 233 2.8329 0.0 8.181805246746432 0.0 4.0 
630 8399084.7 96.73632150239253 80.23212738567759 144.25054394531242 0 233 2.8329 0.0 8.181805246746432 0.0 4.0 
631 8399118.1 96.73632150239253 80.23212738567759 144.25054394531242 0 233 2.8329 0.0 8.181805246746432 0.0 4.0 
632 8399151.4 96.71683273263976 80.23212738567759 144.25054394531242 0 233 2.8329 0.0 8.181805246746432 0.0 4.0 
633 8399184.7 96.71683273263976 80.23212738567759 144.25054394531242 0 233 2.8329 0.0 8.181805246746432 0.0 4.0 
634 8399218.1 96.71683273263976 80.23212738567759 144.25054394531242 0 233 2.8329 0.0 8.181805246746432 0.0 4.0 
635 8399251.4 96.71683273263976 80.23212738567759 144.25054394531242 0 233 2.8329 0.0 8.181805246746432 0.0 4.0 
636 8399284.7 96.70012459827039 80.23212738567759 144.25054394531242 0 233 2.8329 0.0 8.181805246746432 0.0 4.0 
637 8399318.1 96.70012459827039 80.23212738567759 144.25054394531242 0 233 2.8329 0.0 8.181805246746432 0.0 4.0 
638 8399351.4 96.70012459827039 80.23212738567759 144.25054394531242 0 233 2.8329 0.0 8.181805246746432 0.0 4.0 
639 8399384.8 96.68990366029233 80.23212738567759 144.25054394531242 0 233 2.8329 0.0 8.181805246746432 0.0 4.0 
640 8399418.1 96.68990366029233 80.23315789343235 144.25054394531242 0 233 2.8329 0.0 8.181805246746432 0.0 4.0 
641 8399451.4 96.68990366029233 80.23315789343235 144.25054394531242 0 233 2.8329 0.0 8.181805246746432 0.0 4.0 
642 8399484.8 96.68990366029233 80.23315789343235 144.25054394531242 0 233 2.8329 0.0 8.181805246746432 0.0 4.0 
643 8399518.1 96.66787342050041 80.23107151773354 144.25054394531242 0 233 2.8329 0.0 8.181805246746432 0.0 4.0 
644 8399551.4 96.66787342050041 80.23107151773354 144.25054394531242 0 233 2.8329 0.0 8.181805246746432 0.0 4.0 
645 8399584.8 96.66787342050041 80.23107151773354 144.25054394531242 0 233 2.8329 0.0 8.181805246746432 0.0 4.0 
646 8399618.1 96.64873592400807 80.23107151773354 144.25054394531242 0 233 2.8329 0.0 8.181805246746432 0.0 4.0 
647 8399651.4 96.64873592400807 80.22644698808912 144.25054394531242 0 233 2.8329 0.0 8.181805246746432 0.0 4.0 
648 8399684.8 96.64873592400807 80.22644698808912 144.25054394531242 0 233 2.8329 0.0 8.181805246746432 0.0 4.0 
649 8399718.1 96.64873592400807 80.22644698808912 144.25054394531242 0 233 2.8329 0.0 8.181805246746432 0.0 4.0 
650 8399751.5 96.63453722246182 80.22644698808912 144.25054394531242 0 233 2.8329 0.0 8.181805246746432 0.0 4.0 
651 8399784.8 96.63453722246182 80.21926217628848 144.25054394531242 0 233 2.8329 0.0 8.181805246746432 0.0 4.0 
652 8399818.1 96.63453722246182 80.21926217628848 144.25054394531242 0 233 2.8329 0.0 8.181805246746432 0.0 4.0 
653 8399851.5 96.63453722246182 80.21926217628848 144.25054394531242 0 233 2.8329 0.0 8.181805246746432 0.0 4.0 
654 8399884.8 96.61714237725776 80.21039631514631 144.25054394531242 0 233 2.8329 0.0 8.181805246746432 0.0 4.0 
655 8399918.1 96.61714237725776 80.21039631514631 144.25054394531242 0 233 2.8329 0.0 8.181805246746432 0.0 4.0 
656 8399951.5 96.61714237725776 80.21039631514631 144.25054394531242 0 233 2.8329 0.0 8.181805246746432 0.0 4.0 
657 8399984.8 96.61714237725776 80.21039631514631 144.25054394531242 0 233 2.8329 0.0 8.181805246746432 0.0 4.0 
658 8400018.1 96.60290126946947 80.21039631514631 144.25054394531242 0 233 2.8329 0.0 8.181805246746432 0.0 4.0 
659 8400051.5 96.60290126946947 80.20448058893186 144.25054394531242 0 233 2.8329 0.0 8.181805246746432 0.0 4.0 
660 8400084.8 96.60290126946947 80.20448058893186 144.25054394531242 0 233 2.8329 0.0 8.181805246746432 0.0 4.0 
661 8400118.1 96.59383023568864 80.20448058893186 144.25054394531242 0 233 2.8329 0.0 8.181805246746432 0.0 4.0 
662 8400151.5 96.59383023568864 80.20080146460235 144.25054394531242 0 233 2.8329 0.0 8.181805246746432 0.0 4.0 
663 8400184.8 96.59383023568864 80.20080146460235 144.25054394531242 0 233 2.8329 0.0 8.181805246746432 0.0 4.0 
664 8400218.2 96.5832977769461 80.20080146460235 144.25054394531242 0 233 2.8329 0.0 8.181805246746432 0.0 4.0 
665 8400251.5 96.5832977769461 80.19372815096699 144.25054394531242 0 233 2.8329 0.0 8.181805246746432 0.0 4.0 
666 8400284.8 96.5832977769461 80.19372815096699 144.25054394531242 0 233 2.8329 0.0 8.181805246746432 0.0 4.0 
667 8400318.2 96.5832977769461 80.19372815096699 144.25054394531242 0 233 2.8329 0.0 8.181805246746432 0.0 4.0 
668 8400351.5 96.5718249027962 80.18632135118219 144.25054394531242 0 233 2.8329 0.0 8.181805246746432 0.0 4.0 
669 8400384.8 96.5718249027962 80.18632135118219 144.25054394531242 0 233 2.8329 0.0 8.181805246746432 0.0 4.0 
670 8400418.2 96.5718249027962 80.18632135118219 144.25054394531242 0 233 2.8329 0.0 8.181805246746432 0.0 4.0 
671 8400451.5 96.5718249027962 80.18632135118219 144.25054394531242 0 233 2.8329 0.0 8.181805246746432 0.0 4.0 
672 8400484.8 96.56304931805258 80.18632135118219 144.25054394531242 0 233 2.8329 0.0 8.181805246746432 0.0 4.0 
673 8400518.2 96.56304931805258 80.17950146027445 144.25054394531242 0 233 2.8329 0.0 8.181805246746432 0.0 4.0 
674 8400551.5 96.56304931805258 80.17950146027445 144.25054394531242 0 233 2.8329 0.0 8.181805246746432 0.0 4.0 
675 8400584.9 96.56304931805258 80.17950146027445 144.25054394531242 0 233 2.8329 0.0 8.181805246746432 0.0 4.0 
676 8400618.2 96.55130855300466 80.17950146027445 144.25054394531242 0 233 2.8329 0.0 8.181805246746432 0.0 4.0 
677 8400651.5 96.55130855300466 80.16593201027298 144.25054394531242 0 233 2.8329 0.0 8.181805246746432 0.0 4.0 
678 8400684.9 96.55130855300466 80.16593201027298 144.25054394531242 0 233 2.8329 0.0 8.181805246746432 0.0 4.0 
679 8400718.2 96.54034233506668 80.15473034459384 144.25054394531242 0 233 2.8329 0.0 8.181805246746432 0.0 4.0 
680 8400751.5 96.54034233506668 80.15473034459384 144.25054394531242 0 233 2.8329 0.0 8.181805246746432 0.0 4.0 
681 8400784.9 96.53996777343744 80.15448730468745 144.19907421874993 0 233 2.8329 0.0 8.181805246746432 0.0 4.0 
682 8400818.2 96.53996777343744 80.15448730468745 144.19907421874993 0 233 2.8329 0.0 8.181805246746432 0.0 4.0 
683 8400851.5 96.53182528388507 80.15448730468745 144.19907421874993 0 233 2.8329 0.0 8.181805246746432 0.0 4.0 
684 8400884.9 96.53182528388507 80.14545090036454 144.19907421874993 0 233 2.8329 0.0 8.181805246746432 0.0 4.0 
685 8400918.2 96.53182528388507 80.14545090036454 144.19907421874993 0 233 2.8329 0.0 8.181805246746432 0.0 4.0 
686 8400951.5 96.52478911609602 80.12513192166358 144.19907421874993 0 233 2.8329 0.0 8.181805246746432 0.0 4.0 
687 8400984.9 96.52478911609602 80.12513192166358 144.19907421874993 0 233 2.8329 0.0 8.181805246746432 0.0 4.0 
688 8401018.2 96.52478911609602 80.12513192166358 144.19907421874993 0 233 2.8329 0.0 8.181805246746432 0.0 4.0 
689 8401051.6 96.51856917469193 80.12513192166358 144.19907421874993 0 233 2.8329 0.0 8.181805246746432 0.0 4.0 
690 8401084.9 96.51856917469193 80.11221822632015 144.19907421874993 0 233 2.8329 0.0 8.181805246746432 0.0 4.0 
691 8401118.2 96.51856917469193 80.11221822632015 144.19907421874993 0 233 2.8329 0.0 8.181805246746432 0.0 4.0 
692 8401151.6 96.51856917469193 80.11221822632015 144.19907421874993 0 233 2.8329 0.0 8.181805246746432 0.0 4.0 
693 8401184.9 96.51026208322523 80.11221822632015 144.19907421874993 0 233 2.8329 0.0 8.181805246746432 0.0 4.0 
694 8401218.2 96.51026208322523 80.10079713633499 144.19907421874993 0 233 2.8329 0.0 8.181805246746432 0.0 4.0 
695 8401251.6 96.51026208322523 80.10079713633499 144.19907421874993 0 233 2.8329 0.0 8.181805246746432 0.0 4.0 
696 8401284.9 96.50548970622025 80.09312467958637 144.19907421874993 0 233 2.8329 0.0 8.181805246746432 0.0 4.0 
697 8401318.2 96.50548970622025 80.09312467958637 144.19907421874993 0 233 2.8329 0.0 8.181805246746432 0.0 4.0 
698 8401351.6 96.50548970622025 80.09312467958637 144.19907421874993 0 233 2.8329 0.0 8.181805246746432 0.0 4.0 
699 8401384.9 96.50548970622025 80.09312467958637 144.19907421874993 0 233 2.8329 0.0 8.181805246746432 0.0 4.0 
700 8401418.3 96.50081111040349 80.09312467958637 144.19907421874993 0 233 2.8329 0.0 8.181805246746432 0.0 4.0 
701 8401451.6 96.50081111040349 80.08254777855771 144.19907421874993 0 233 2.8329 0.0 8.181805246746432 0.0 4.0 
702 8401484.9 96.50081111040349 80.08254777855771 144.19907421874993 0 233 2.8329 0.0 8.181805246746432 0.0 4.0 
703 8401518.3 96.50081111040349 80.08254777855771 144.19907421874993 0 233 2.8329 0.0 8.181805246746432 0.0 4.0 
704 8401551.6 96.49423945522788 80.08254777855771 144.19907421874993 0 233 2.8329 0.0 8.181805246746432 0.0 4.0 
705 8401584.9 96.49423945522788 80.07213637993578 144.19907421874993 0 233 2.8329 0.0 8.181805246746432 0.0 4.0 
706 8401618.3 96.49423945522788 80.07213637993578 144.19907421874993 0 233 2.8329 0.0 8.181805246746432 0.0 4.0 
707 8401651.6 96.49423945522788 80.07213637993578 144.19907421874993 0 233 2.8329 0.0 8.181805246746432 0.0 4.0 
708 8401684.9 96.48531925369215 80.05278881352626 144.19907421874993 0 233 2.8329 0.0 8.181805246746432 0.0 4.0 
709 8401718.3 96.48531925369215 80.05278881352626 144.19907421874993 0 233 2.8329 0.0 8.181805246746432 0.0 4.0 
710 8401751.6 96.48531925369215 80.05278881352626 144.19907421874993 0 233 2.8329 0.0 8.181805246746432 0.0 4.0 
711 8401784.9 96.48021389687027 80.0439015497003 144.19907421874993 0 233 2.8329 0.0 8.181805246746432 0.0 4.0 
712 8401818.3 96.48021389687027 80.0439015497003 144.19907421874993 0 233 2.8329 0.0 8.181805246746432 0.0 4.0 
713 8401851.6 96.48021389687027 80.0439015497003 144.19907421874993 0 233 2.8329 0.0 8.181805246746432 0.0 4.0 
714 8401885.0 96.48021389687027 80.0439015497003 144.19907421874993 0 233 2.8329 0.0 8.181805246746432 0.0 4.0 
715 8401918.3 96.4719097405596 80.0439015497003 144.19907421874993 0 233 2.8329 0.0 8.181805246746432 0.0 4.0 
716 8401951.6 96.4719097405596 80.03031695814389 144.19907421874993 0 233 2.8329 0.0 8.181805246746432 0.0 4.0 
717 8401985.0 96.4719097405596 80.03031695814389 144.19907421874993 0 233 2.8329 0.0 8.181805246746432 0.0 4.0 
718 8402018.3 96.46491261609701 80.03031695814389 144.19907421874993 0 233 2.8329 0.0 8.181805246746432 0.0 4.0 
719 8402051.6 96.46491261609701 80.01863329207774 144.19907421874993 0 233 2.8329 0.0 8.181805246746432 0.0 4.0 
720 8402085.0 96.46491261609701 80.01863329207774 144.19907421874993 0 233 2.8329 0.0 8.181805246746432 0.0 4.0 
721 8402118.3 96.46202440164211 80.01183973713253 144.19907421874993 0 233 2.8329 0.0 8.181805246746432 0.0 4.0 
722 8402151.6 96.46202440164211 80.01183973713253 144.19907421874993 0 233 2.8329 0.0 8.181805246746432 0.0 4.0 
723 8402185.0 96.46202440164211 80.01183973713253 144.19907421874993 0 233 2.8329 0.0 8.181805246746432 0.0 4.0 
724 8402218.3 96.46202440164211 80.01183973713253 144.19907421874993 0 233 2.8329 0.0 8.181805246746432 0.0 4.0 
725 8402251.7 96.460502110922 80.01183973713253 144.19907421874993 0 233 2.8329 0.0 8.181805246746432 0.0 4.0 
726 8402285.0 96.460502110922 80.00690122550732 144.19907421874993 0 233 2.8329 0.0 8.181805246746432 0.0 4.0 
727 8402318.3 96.460502110922 80.00690122550732 144.19907421874993 0 233 2.8329 0.0 8.181805246746432 0.0 4.0 
728 8402351.7 96.460502110922 80.00690122550732 144.19907421874993 0 233 2.8329 0.0 8.181805246746432 0.0 4.0 
729 8402385.0 96.44954785420902 80.00690122550732 144.19907421874993 0 233 2.8329 0.0 8.181805246746432 0.0 4.0 
730 8402418.3 96.44954785420902 79.99058169972734 144.19907421874993 0 233 2.8329 0.0 8.181805246746432 0.0 4.0 
731 8402451.7 96.44954785420902 79.99058169972734 144.19907421874993 0 233 2.8329 0.0 8.181805246746432 0.0 4.0 
732 8402485.0 96.43397822737842 79.99058169972734 144.19907421874993 0 233 2.8329 0.0 8.181805246746432 0.0 4.0 
733 8402518.3 96.43397822737842 79.97922113359152 144.19907421874993 0 233 2.8329 0.0 8.181805246746432 0.0 4.0 
734 8402551.7 96.43397822737842 79.97922113359152 144.19907421874993 0 233 2.8329 0.0 8.181805246746432 0.0 4.0 
735 8402585.0 96.43397822737842 79.97922113359152 144.19907421874993 0 233 2.8329 0.0 8.181805246746432 0.0 4.0 
736 8402618.3 96.4109230592406 79.97922113359152 144.19907421874993 0 233 2.8329 0.0 8.181805246746432 0.0 4.0 
737 8402651.7 96.4109230592406 79.97037594760734 144.19907421874993 0 233 2.8329 0.0 8.181805246746432 0.0 4.0 
738 8402685.0 96.4109230592406 79.97037594760734 144.19907421874993 0 233 2.8329 0.0 8.181805246746432 0.0 4.0 
739 8402718.4 96.4109230592406 79.97037594760734 144.19907421874993 0 233 2.8329 0.0 8.181805246746432 0.0 4.0 
740 8402751.7 96.4004459489271 79.97037594760734 144.19907421874993 0 233 2.8329 0.0 8.181805246746432 0.0 4.0 
741 8402785.0 96.4004459489271 79.96272977923356 144.19907421874993 0 233 2.8329 0.0 8.181805246746432 0.0 4.0 
742 8402818.4 96.4004459489271 79.96272977923356 144.19907421874993 0 233 2.8329 0.0 8.181805246746432 0.0 4.0 
743 8402851.7 96.4004459489271 79.96272977923356 144.19907421874993 0 233 2.8329 0.0 8.181805246746432 0.0 4.0 
744 8402885.0 96.38511771161639 79.96272977923356 144.19907421874993 0 233 2.8329 0.0 8.181805246746432 0.0 4.0 
745 8402918.4 96.38511771161639 79.95506738604824 144.19907421874993 0 233 2.8329 0.0 8.181805246746432 0.0 4.0 
746 8402951.7 96.38511771161639 79.95506738604824 144.19907421874993 0 233 2.8329 0.0 8.181805246746432 0.0 4.0 
747 8402985.0 96.38511771161639 79.95506738604824 144.19907421874993 0 233 2.8329 0.0 8.181805246746432 0.0 4.0 
748 8403018.4 96.365851185947 79.95506738604824 144.19907421874993 0 233 2.8329 0.0 8.181805246746432 0.0 4.0 
749 8403051.7 96.365851185947 79.94995785522094 144.19907421874993 0 233 2.8329 0.0 8.181805246746432 0.0 4.0 
750 8403085.1 96.365851185947 79.94995785522094 144.19907421874993 0 233 2.8329 0.0 8.181805246746432 0.0 4.0 
751 8403118.4 96.35706460397878 79.94995785522094 144.19907421874993 0 233 2.8329 0.0 8.181805246746432 0.0 4.0 
752 8403151.7 96.35706460397878 79.9480390470177 144.19907421874993 0 233 2.8329 0.0 8.181805246746432 0.0 4.0 
753 8403185.1 96.35706460397878 79.9480390470177 144.19907421874993 0 233 2.8329 0.0 8.181805246746432 0.0 4.0 
754 8403218.4 96.34872900600092 79.9480390470177 144.19907421874993 0 233 2.8329 0.0 8.181805246746432 0.0 4.0 
755 8403251.7 96.34872900600092 79.9480390470177 144.19907421874993 0 233 2.8329 0.0 8.181805246746432 0.0 4.0 
756 8403285.1 96.34872900600092 79.9480390470177 144.19907421874993 0 233 2.8329 0.0 8.181805246746432 0.0 4.0 
757 8403318.4 96.34872900600092 79.9480390470177 144.19907421874993 0 233 2.8329 0.0 8.181805246746432 0.0 4.0 
758 8403351.7 96.33083336163857 79.9480390470177 144.19907421874993 0 233 2.8329 0.0 8.181805246746432 0.0 4.0 
759 8403385.1 96.33083336163857 79.95217266207635 144.19907421874993 0 233 2.8329 0.0 8.181805246746432 0.0 4.0 
760 8403418.4 96.33083336163857 79.95217266207635 144.19907421874993 0 233 2.8329 0.0 8.181805246746432 0.0 4.0 
761 8403451.7 96.33083336163857 79.95217266207635 144.19907421874993 0 233 2.8329 0.0 8.181805246746432 0.0 4.0 
762 8403485.1 96.30716501163666 79.95217266207635 144.19907421874993 0 233 2.8329 0.0 8.181805246746432 0.0 4.0 
763 8403518.4 96.30716501163666 79.96637364648028 144.19907421874993 0 233 2.8329 0.0 8.181805246746432 0.0 4.0 
764 8403551.8 96.30716501163666 79.96637364648028 144.19907421874993 0 233 2.8329 0.0 8.181805246746432 0.0 4.0 
765 8403585.1 96.28560476773194 79.98323175854102 144.19907421874993 0 233 2.8329 0.0 8.181805246746432 0.0 4.0 
766 8403618.4 96.28560476773194 79.98323175854102 144.19907421874993 0 233 2.8329 0.0 8.181805246746432 0.0 4.0 
767 8403651.8 96.28560476773194 79.98323175854102 144.19907421874993 0 233 2.8329 0.0 8.181805246746432 0.0 4.0 
768 8403685.1 96.28560476773194 79.98323175854102 144.19907421874993 0 233 2.8329 0.0 8.181805246746432 0.0 4.0 
769 8403718.4 96.27210228555498 79.98323175854102 144.19907421874993 0 233 2.8329 0.0 8.181805246746432 0.0 4.0 
770 8403751.8 96.27210228555498 79.98971100180806 144.19907421874993 0 233 2.8329 0.0 8.181805246746432 0.0 4.0 
771 8403785.1 96.27210228555498 79.98971100180806 144.19907421874993 0 233 2.8329 0.0 8.181805246746432 0.0 4.0 
772 8403818.4 96.27210228555498 79.98971100180806 144.19907421874993 0 233 2.8329 0.0 8.181805246746432 0.0 4.0 
773 8403851.8 96.2450332411462 79.98971100180806 144.19907421874993 0 233 2.8329 0.0 8.181805246746432 0.0 4.0 
774 8403885.1 96.2450332411462 79.98971100180806 144.19907421874993 0 233 2.8329 0.0 8.181805246746432 0.0 4.0 
775 8403918.5 96.2450332411462 79.98971100180806 144.19907421874993 0 233 2.8329 0.0 8.181805246746432 0.0 4.0 
776 8403951.8 96.2450332411462 79.98971100180806 144.19907421874993 0 233 2.8329 0.0 8.181805246746432 0.0 4.0 
777 8403985.1 96.22209337774285 79.99164746488961 144.19907421874993 0 233 2.8329 0.0 8.181805246746432 0.0 4.0 
778 8404018.5 96.22209337774285 79.99164746488961 144.19907421874993 0 233 2.8329 0.0 8.181805246746432 0.0 4.0 
779 8404051.8 96.22209337774285 79.99164746488961 144.19907421874993 0 233 2.8329 0.0 8.181805246746432 0.0 4.0 
780 8404085.1 96.2089513547338 79.99164746488961 144.19907421874993 0 233 2.8329 0.0 8.181805246746432 0.0 4.0 
781 8404118.5 96.2089513547338 79.99033256930446 144.19907421874993 0 233 2.8329 0.0 8.181805246746432 0.0 4.0 
782 8404151.8 96.2089513547338 79.99033256930446 144.19907421874993 0 233 2.8329 0.0 8.181805246746432 0.0 4.0 
783 8404185.1 96.2089513547338 79.99033256930446 144.19907421874993 0 233 2.8329 0.0 8.181805246746432 0.0 4.0 
784 8404218.5 96.19573826543562 79.99033256930446 144.19907421874993 0 233 2.8329 0.0 8.181805246746432 0.0 4.0 
785 8404251.8 96.19573826543562 79.98480591936664 144.19907421874993 0 233 2.8329 0.0 8.181805246746432 0.0 4.0 
786 8404285.1 96.19573826543562 79.98480591936664 144.19907421874993 0 233 2.8329 0.0 8.181805246746432 0.0 4.0 
787 8404318.5 96.18085206272917 79.98480591936664 144.19907421874993 0 233 2.8329 0.0 8.181805246746432 0.0 4.0 
788 8404351.8 96.18085206272917 79.97800812855266 144.19907421874993 0 233 2.8329 0.0 8.181805246746432 0.0 4.0 
789 8404385.2 96.18085206272917 79.97800812855266 144.19907421874993 0 233 2.8329 0.0 8.181805246746432 0.0 4.0 
790 8404418.5 96.17697502976179 79.97543106345807 144.19907421874993 0 233 2.8329 0.0 8.181805246746432 0.0 4.0 
791 8404451.8 96.17697502976179 79.97543106345807 144.19907421874993 0 233 2.8329 0.0 8.181805246746432 0.0 4.0 
792 8404485.2 96.17697502976179 79.97543106345807 144.19907421874993 0 233 2.8329 0.0 8.181805246746432 0.0 4.0 
793 8404518.5 96.16137827615833 79.97543106345807 144.19907421874993 0 233 2.8329 0.0 8.181805246746432 0.0 4.0 
794 8404551.8 96.16137827615833 79.9704727119287 144.19907421874993 0 233 2.8329 0.0 8.181805246746432 0.0 4.0 
795 8404585.2 96.16137827615833 79.9704727119287 144.19907421874993 0 233 2.8329 0.0 8.181805246746432 0.0 4.0 
796 8404618.5 96.16137827615833 79.9704727119287 144.19907421874993 0 233 2.8329 0.0 8.181805246746432 0.0 4.0 
797 8404651.8 96.14241444348508 79.9704727119287 144.19907421874993 0 233 2.8329 0.0 8.181805246746432 0.0 4.0 
798 8404685.2 96.14241444348508 79.96488562294283 144.19907421874993 0 233 2.8329 0.0 8.181805246746432 0.0 4.0 
799 8404718.5 96.14241444348508 79.96488562294283 144.19907421874993 0 233 2.8329 0.0 8.181805246746432 0.0 4.0 
800 8404751.9 96.13470729547379 79.96122170056309 144.19907421874993 0 233 2.8329 0.0 8.181805246746432 0.0 4.0 
801 8404785.2 96.13470729547379 79.96122170056309 144.19907421874993 0 233 2.8329 0.0 8.181805246746432 0.0 4.0 
802 8404818.5 96.13470729547379 79.96122170056309 144.19907421874993 0 233 2.8329 0.0 8.181805246746432 0.0 4.0 
803 8404851.9 96.12152586567784 79.95561797101546 144.19907421874993 0 233 2.8329 0.0 8.181805246746432 0.0 4.0 
804 8404885.2 96.12152586567784 79.95561797101546 144.19907421874993 0 233 2.8329 0.0 8.181805246746432 0.0 4.0 
805 8404918.5 96.12152586567784 79.95561797101546 144.19907421874993 0 233 2.8329 0.0 8.181805246746432 0.0 4.0 
806 8404951.9 96.11167541907828 79.95561797101546 144.19907421874993 0 233 2.8329 0.0 8.181805246746432 0.0 4.0 
807 8404985.2 96.11167541907828 79.95044292783544 144.19907421874993 0 233 2.8329 0.0 8.181805246746432 0.0 4.0 
808 8405018.5 96.11167541907828 79.95044292783544 144.19907421874993 0 233 2.8329 0.0 8.181805246746432 0.0 4.0 
809 8405051.9 96.10146051059643 79.95044292783544 144.19907421874993 0 233 2.8329 0.0 8.181805246746432 0.0 4.0 
810 8405085.2 96.10146051059643 79.94481759179814 144.19907421874993 0 233 2.8329 0.0 8.181805246746432 0.0 4.0 
811 8405118.5 96.10146051059643 79.94481759179814 144.19907421874993 0 233 2.8329 0.0 8.181805246746432 0.0 4.0 
812 8405151.9 96.09273420940283 79.94174671121746 144.19907421874993 0 233 2.8329 0.0 8.181805246746432 0.0 4.0 
813 8405185.2 96.09273420940283 79.94174671121746 144.19907421874993 0 233 2.8329 0.0 8.181805246746432 0.0 4.0 
814 8405218.6 96.09273420940283 79.94174671121746 144.19907421874993 0 233 2.8329 0.0 8.181805246746432 0.0 4.0 
815 8405251.9 96.09273420940283 79.94174671121746 144.19907421874993 0 233 2.8329 0.0 8.181805246746432 0.0 4.0 
816 8405285.2 96.0829294278225 79.94174671121746 144.19907421874993 0 233 2.8329 0.0 8.181805246746432 0.0 4.0 
817 8405318.6 96.0829294278225 79.93881667147738 144.19907421874993 0 233 2.8329 0.0 8.181805246746432 0.0 4.0 
818 8405351.9 96.0829294278225 79.93881667147738 144.19907421874993 0 233 2.8329 0.0 8.181805246746432 0.0 4.0 
819 8405385.2 96.0829294278225 79.93881667147738 144.19907421874993 0 233 2.8329 0.0 8.181805246746432 0.0 4.0 
820 8405418.6 96.06778279564202 79.93881667147738 144.19907421874993 0 233 2.8329 0.0 8.181805246746432 0.0 4.0 
821 8405451.9 96.06778279564202 79.92579943980017 144.19907421874993 0 233 2.8329 0.0 8.181805246746432 0.0 4.0 
822 8405485.2 96.06778279564202 79.92579943980017 144.19907421874993 0 233 2.8329 0.0 8.181805246746432 0.0 4.0 
823 8405518.6 96.06778279564202 79.92579943980017 144.19907421874993 0 233 2.8329 0.0 8.181805246746432 0.0 4.0 
824 8405551.9 96.04951695531358 79.90627105755406 144.19907421874993 0 233 2.8329 0.0 8.181805246746432 0.0 4.0 
825 8405585.3 96.04951695531358 79.90627105755406 144.19907421874993 0 233 2.8329 0.0 8.181805246746432 0.0 4.0 
826 8405618.6 96.04951695531358 79.90627105755406 144.19907421874993 0 233 2.8329 0.0 8.181805246746432 0.0 4.0 
827 8405651.9 96.04951695531358 79.90627105755406 144.19907421874993 0 233 2.8329 0.0 8.181805246746432 0.0 4.0 
828 8405685.3 96.03941936426128 79.90627105755406 144.19907421874993 0 233 2.8329 0.0 8.181805246746432 0.0 4.0 
829 8405718.6 96.03941936426128 79.8967457669705 144.19907421874993 0 233 2.8329 0.0 8.181805246746432 0.0 4.0 
830 8405751.9 96.03941936426128 79.8967457669705 144.19907421874993 0 233 2.8329 0.0 8.181805246746432 0.0 4.0 
831 8405785.3 96.02720114500764 79.8967457669705 144.19907421874993 0 233 2.8329 0.0 8.181805246746432 0.0 4.0 
832 8405818.6 96.02720114500764 79.8852296213729 144.19907421874993 0 233 2.8329 0.0 8.181805246746432 0.0 4.0 
833 8405851.9 96.02720114500764 79.8852296213729 144.19907421874993 0 233 2.8329 0.0 8.181805246746432 0.0 4.0 
834 8405885.3 96.02720114500764 79.8852296213729 144.19907421874993 0 233 2.8329 0.0 8.181805246746432 0.0 4.0 
835 8405918.6 96.02004114279211 79.8783274532619 144.19907421874993 0 233 2.8329 0.0 8.181805246746432 0.0 4.0 
836 8405951.9 96.02004114279211 79.8783274532619 144.19907421874993 0 233 2.8329 0.0 8.181805246746432 0.0 4.0 
837 8405985.3 96.02004114279211 79.8783274532619 144.19907421874993 0 233 2.8329 0.0 8.181805246746432 0.0 4.0 
838 8406018.6 96.01071269855872 79.86641565667816 144.19907421874993 0 233 2.8329 0.0 8.181805246746432 0.0 4.0 
839 8406052.0 96.01071269855872 79.86641565667816 144.19907421874993 0 233 2.8329 0.0 8.181805246746432 0.0 4.0 
840 8406085.3 96.01071269855872 79.86641565667816 144.19907421874993 0 233 2.8329 0.0 8.181805246746432 0.0 4.0 
841 8406118.6 96.01071269855872 79.86641565667816 144.19907421874993 0 233 2.8329 0.0 8.181805246746432 0.0 4.0 
842 8406152.0 96.00619260212486 79.86641565667816 144.19907421874993 0 233 2.8329 0.0 8.181805246746432 0.0 4.0 
843 8406185.3 96.00619260212486 79.85796758037209 144.19907421874993 0 233 2.8329 0.0 8.181805246746432 0.0 4.0 
844 8406218.6 96.00619260212486 79.85796758037209 144.19907421874993 0 233 2.8329 0.0 8.181805246746432 0.0 4.0 
845 8406252.0 96.00179126367208 79.85796758037209 144.19907421874993 0 233 2.8329 0.0 8.181805246746432 0.0 4.0 
846 8406285.3 96.00179126367208 79.84880147615225 144.19907421874993 0 233 2.8329 0.0 8.181805246746432 0.0 4.0 
847 8406318.6 96.00179126367208 79.84880147615225 144.19907421874993 0 233 2.8329 0.0 8.181805246746432 0.0 4.0 
848 8406352.0 96.00179126367208 79.84880147615225 144.19907421874993 0 233 2.8329 0.0 8.181805246746432 0.0 4.0 
849 8406385.3 95.99119976663569 79.83785765433208 144.19907421874993 0 233 2.8329 0.0 8.181805246746432 0.0 4.0 
850 8406418.7 95.99119976663569 79.83785765433208 144.19907421874993 0 233 2.8329 0.0 8.181805246746432 0.0 4.0 
851 8406452.0 95.99119976663569 79.83785765433208 144.19907421874993 0 233 2.8329 0.0 8.181805246746432 0.0 4.0 
852 8406485.3 95.97693093540398 79.83785765433208 144.19907421874993 0 233 2.8329 0.0 8.181805246746432 0.0 4.0 
853 8406518.7 95.97693093540398 79.82918817103177 144.19907421874993 0 233 2.8329 0.0 8.181805246746432 0.0 4.0 
854 8406552.0 95.97693093540398 79.82918817103177 144.19907421874993 0 233 2.8329 0.0 8.181805246746432 0.0 4.0 
855 8406585.3 95.97693093540398 79.82918817103177 144.19907421874993 0 233 2.8329 0.0 8.181805246746432 0.0 4.0 
856 8406618.7 95.96683620106596 79.82918817103177 144.19907421874993 0 233 2.8329 0.0 8.181805246746432 0.0 4.0 
857 8406652.0 95.96683620106596 79.82253901793212 144.19907421874993 0 233 2.8329 0.0 8.181805246746432 0.0 4.0 
858 8406685.3 95.96683620106596 79.82253901793212 144.19907421874993 0 233 2.8329 0.0 8.181805246746432 0.0 4.0 
859 8406718.7 95.96683620106596 79.82253901793212 144.19907421874993 0 233 2.8329 0.0 8.181805246746432 0.0 4.0 
860 8406752.0 95.95995628687743 79.82253901793212 144.19907421874993 0 233 2.8329 0.0 8.181805246746432 0.0 4.0 
861 8406785.3 95.95995628687743 79.81479373292116 144.19907421874993 0 233 2.8329 0.0 8.181805246746432 0.0 4.0 
862 8406818.7 95.95995628687743 79.81479373292116 144.19907421874993 0 233 2.8329 0.0 8.181805246746432 0.0 4.0 
863 8406852.0 95.95995628687743 79.81479373292116 144.19907421874993 0 233 2.8329 0.0 8.181805246746432 0.0 4.0 
864 8406885.4 95.95042365895785 79.81479373292116 144.19907421874993 0 233 2.8329 0.0 8.181805246746432 0.0 4.0 
865 8406918.7 95.95042365895785 79.80680184133371 144.19907421874993 0 233 2.8329 0.0 8.181805246746432 0.0 4.0 
866 8406952.0 95.95042365895785 79.80680184133371 144.19907421874993 0 233 2.8329 0.0 8.181805246746432 0.0 4.0 
867 8406985.4 95.95042365895785 79.80680184133371 144.19907421874993 0 233 2.8329 0.0 8.181805246746432 0.0 4.0 
868 8407018.7 95.94121214071015 79.80680184133371 144.19907421874993 0 233 2.8329 0.0 8.181805246746432 0.0 4.0 
869 8407052.0 95.94121214071015 79.79876977608029 144.19907421874993 0 233 2.8329 0.0 8.181805246746432 0.0 4.0 
870 8407085.4 95.94121214071015 79.79876977608029 144.19907421874993 0 233 2.8329 0.0 8.181805246746432 0.0 4.0 
871 8407118.7 95.94121214071015 79.79876977608029 144.19907421874993 0 233 2.8329 0.0 8.181805246746432 0.0 4.0 
872 8407152.0 95.92043606056153 79.791805215482 144.19907421874993 0 233 2.8329 0.0 8.181805246746432 0.0 4.0 
873 8407185.4 95.92043606056153 79.791805215482 144.19907421874993 0 233 2.8329 0.0 8.181805246746432 0.0 4.0 
874 8407218.7 95.92043606056153 79.791805215482 144.19907421874993 0 233 2.8329 0.0 8.181805246746432 0.0 4.0 
875 8407252.1 95.92043606056153 79.791805215482 144.19907421874993 0 233 2.8329 0.0 8.181805246746432 0.0 4.0 
876 8407285.4 95.90160988515407 79.791805215482 144.19907421874993 0 233 2.8329 0.0 8.181805246746432 0.0 4.0 
877 8407318.7 95.90160988515407 79.79301497071124 144.19907421874993 0 233 2.8329 0.0 8.181805246746432 0.0 4.0 
878 8407352.1 95.90160988515407 79.79301497071124 144.19907421874993 0 233 2.8329 0.0 8.181805246746432 0.0 4.0 
879 8407385.4 95.8799668208778 79.79301497071124 144.19907421874993 0 233 2.8329 0.0 8.181805246746432 0.0 4.0 
880 8407418.7 95.8799668208778 79.80287132517542 144.19907421874993 0 233 2.8329 0.0 8.181805246746432 0.0 4.0 
881 8407452.1 95.8799668208778 79.80287132517542 144.19907421874993 0 233 2.8329 0.0 8.181805246746432 0.0 4.0 
882 8407485.4 95.8799668208778 79.80287132517542 144.19907421874993 0 233 2.8329 0.0 8.181805246746432 0.0 4.0 
883 8407518.7 95.8578077271889 79.8235291025501 144.19907421874993 0 233 2.8329 0.0 8.181805246746432 0.0 4.0 
884 8407552.1 95.8578077271889 79.8235291025501 144.19907421874993 0 233 2.8329 0.0 8.181805246746432 0.0 4.0 
885 8407585.4 95.8578077271889 79.8235291025501 144.19907421874993 0 233 2.8329 0.0 8.181805246746432 0.0 4.0 
886 8407618.7 95.8578077271889 79.8235291025501 144.19907421874993 0 233 2.8329 0.0 8.181805246746432 0.0 4.0 
887 8407652.1 95.8244740856337 79.83973119691922 144.19907421874993 0 233 2.8329 0.0 8.181805246746432 0.0 4.0 
888 8407685.4 95.8244740856337 79.83973119691922 144.19907421874993 0 233 2.8329 0.0 8.181805246746432 0.0 4.0 
889 8407718.8 95.8244740856337 79.83973119691922 144.19907421874993 0 233 2.8329 0.0 8.181805246746432 0.0 4.0 
890 8407752.1 95.81312875847141 79.83973119691922 144.19907421874993 0 233 2.8329 0.0 8.181805246746432 0.0 4.0 
891 8407785.4 95.81312875847141 79.84504693696992 144.19907421874993 0 233 2.8329 0.0 8.181805246746432 0.0 4.0 
892 8407818.8 95.81312875847141 79.84504693696992 144.19907421874993 0 233 2.8329 0.0 8.181805246746432 0.0 4.0 
893 8407852.1 95.81312875847141 79.84504693696992 144.19907421874993 0 233 2.8329 0.0 8.181805246746432 0.0 4.0 
894 8407885.4 95.80380123083286 79.8495875525287 144.19907421874993 0 233 2.8329 0.0 8.181805246746432 0.0 4.0 
895 8407918.8 95.80380123083286 79.8495875525287 144.19907421874993 0 233 2.8329 0.0 8.181805246746432 0.0 4.0 
896 8407952.1 95.80380123083286 79.8495875525287 144.19907421874993 0 233 2.8329 0.0 8.181805246746432 0.0 4.0 
897 8407985.4 95.79470365956573 79.8525148103372 144.19907421874993 0 233 2.8329 0.0 8.181805246746432 0.0 4.0 
898 8408018.8 95.79470365956573 79.8525148103372 144.19907421874993 0 233 2.8329 0.0 8.181805246746432 0.0 4.0 
899 8408052.1 95.79470365956573 79.8525148103372 144.19907421874993 0 233 2.8329 0.0 8.181805246746432 0.0 4.0 
900 8408085.5 95.79470365956573 79.8525148103372 144.19907421874993 0 233 2.8329 0.0 8.181805246746432 0.0 4.0 
901 8408118.8 95.77959608389845 79.8525148103372 144.19907421874993 0 233 2.8329 0.0 8.181805246746432 0.0 4.0 
902 8408152.1 95.77959608389845 79.85489897890956 144.19907421874993 0 233 2.8329 0.0 8.181805246746432 0.0 4.0 
903 8408185.5 95.77959608389845 79.85489897890956 144.19907421874993 0 233 2.8329 0.0 8.181805246746432 0.0 4.0 
904 8408218.8 95.76984319306982 79.85489897890956 144.19907421874993 0 233 2.8329 0.0 8.181805246746432 0.0 4.0 
905 8408252.1 95.76984319306982 79.85687187379544 144.19907421874993 0 233 2.8329 0.0 8.181805246746432 0.0 4.0 
906 8408285.5 95.76984319306982 79.85687187379544 144.19907421874993 0 233 2.8329 0.0 8.181805246746432 0.0 4.0 
907 8408318.8 95.76984319306982 79.85687187379544 144.19907421874993 0 233 2.8329 0.0 8.181805246746432 0.0 4.0 
908 8408352.1 95.76057996536981 79.85982321463976 144.19907421874993 0 233 2.8329 0.0 8.181805246746432 0.0 4.0 
909 8408385.5 95.76057996536981 79.85982321463976 144.19907421874993 0 233 2.8329 0.0 8.181805246746432 0.0 4.0 
910 8408418.8 95.76057996536981 79.85982321463976 144.19907421874993 0 233 2.8329 0.0 8.181805246746432 0.0 4.0 
911 8408452.1 95.76057996536981 79.85982321463976 144.19907421874993 0 233 2.8329 0.0 8.181805246746432 0.0 4.0 
912 8408485.5 95.75119742802056 79.85982321463976 144.19907421874993 0 233 2.8329 0.0 8.181805246746432 0.0 4.0 
913 8408518.8 95.75119742802056 79.86244670116123 144.19907421874993 0 233 2.8329 0.0 8.181805246746432 0.0 4.0 
914 8408552.2 95.75119742802056 79.86244670116123 144.19907421874993 0 233 2.8329 0.0 8.181805246746432 0.0 4.0 
915 8408585.5 95.74687582559245 79.86244670116123 144.19907421874993 0 233 2.8329 0.0 8.181805246746432 0.0 4.0 
916 8408618.8 95.74687582559245 79.86373866917717 144.19907421874993 0 233 2.8329 0.0 8.181805246746432 0.0 4.0 
917 8408652.2 95.74687582559245 79.86373866917717 144.19907421874993 0 233 2.8329 0.0 8.181805246746432 0.0 4.0 
918 8408685.5 95.74687582559245 79.86373866917717 144.19907421874993 0 233 2.8329 0.0 8.181805246746432 0.0 4.0 
919 8408718.8 95.74569541325108 79.86373866917717 144.19907421874993 0 233 2.8329 0.0 8.181805246746432 0.0 4.0 
920 8408752.2 95.74569541325108 79.86373866917717 144.19907421874993 0 233 2.8329 0.0 8.181805246746432 0.0 4.0 
921 8408785.5 95.74569541325108 79.86373866917717 144.19907421874993 0 233 2.8329 0.0 8.181805246746432 0.0 4.0 
922 8408818.8 95.74304394370314 79.86373866917717 144.19907421874993 0 233 2.8329 0.0 8.181805246746432 0.0 4.0 
923 8408852.2 95.74304394370314 79.86183100466114 144.19907421874993 0 233 2.8329 0.0 8.181805246746432 0.0 4.0 
924 8408885.5 95.74304394370314 79.86183100466114 144.19907421874993 0 233 2.8329 0.0 8.181805246746432 0.0 4.0 
925 8408918.9 95.74304394370314 79.86183100466114 144.19907421874993 0 233 2.8329 0.0 8.181805246746432 0.0 4.0 
926 8408952.2 95.75987425842472 79.86183100466114 144.19907421874993 0 233 2.8329 0.0 8.181805246746432 0.0 4.0 
927 8408985.5 95.76010839843745 79.85819531249996 144.15343359374992 0 233 2.8329 0.0 8.181805246746432 0.0 4.0 
928 8409018.9 95.76010839843745 79.85819531249996 144.15343359374992 0 233 2.8329 0.0 8.181805246746432 0.0 4.0 
929 8409052.2 95.76010839843745 79.85819531249996 144.15343359374992 0 233 2.8329 0.0 8.181805246746432 0.0 4.0 
930 8409085.5 95.80145586073567 79.85819531249996 144.15343359374992 0 233 2.8329 0.0 8.181805246746432 0.0 4.0 
931 8409118.9 95.80145586073567 79.84298802693982 144.15343359374992 0 233 2.8329 0.0 8.181805246746432 0.0 4.0 
932 8409152.2 95.80145586073567 79.84298802693982 144.15343359374992 0 233 2.8329 0.0 8.181805246746432 0.0 4.0 
933 8409185.5 95.80145586073567 79.84298802693982 144.15343359374992 0 233 2.8329 0.0 8.181805246746432 0.0 4.0 
934 8409218.9 95.80145586073567 79.84298802693982 144.15343359374992 0 233 2.8329 0.0 8.181805246746432 0.0 4.0 
935 8409252.2 95.85145155949843 79.84298802693982 144.15343359374992 0 233 2.8329 0.0 8.181805246746432 0.0 4.0 
936 8409285.5 95.85145155949843 79.81532428343841 144.15343359374992 0 233 2.8329 0.0 8.181805246746432 0.0 4.0 
937 8409318.9 95.85145155949843 79.81532428343841 144.15343359374992 0 233 2.8329 0.0 8.181805246746432 0.0 4.0 
938 8409352.2 95.85145155949843 79.81532428343841 144.15343359374992 0 233 2.8329 0.0 8.181805246746432 0.0 4.0 
939 8409385.6 95.85145155949843 79.81532428343841 144.15343359374992 0 233 2.8329 0.0 8.181805246746432 0.0 4.0 
940 8409418.9 95.90510502838984 79.81532428343841 144.15343359374992 0 233 2.8329 0.0 8.181805246746432 0.0 4.0 
941 8409452.2 95.90510502838984 79.79287915147711 144.15343359374992 0 233 2.8329 0.0 8.181805246746432 0.0 4.0 
942 8409485.6 95.90510502838984 79.79287915147711 144.15343359374992 0 233 2.8329 0.0 8.181805246746432 0.0 4.0 
943 8409518.9 95.90510502838984 79.79287915147711 144.15343359374992 0 233 2.8329 0.0 8.181805246746432 0.0 4.0 
944 8409552.2 95.90510502838984 79.79287915147711 144.15343359374992 0 233 2.8329 0.0 8.181805246746432 0.0 4.0 
945 8409585.6 95.95103567708614 79.79287915147711 144.15343359374992 0 233 2.8329 0.0 8.181805246746432 0.0 4.0 
946 8409618.9 95.95103567708614 79.79134660485575 144.15343359374992 0 233 2.8329 0.0 8.181805246746432 0.0 4.0 
947 8409652.2 95.95103567708614 79.79134660485575 144.15343359374992 0 233 2.8329 0.0 8.181805246746432 0.0 4.0 
948 8409685.6 95.95103567708614 79.79134660485575 144.15343359374992 0 233 2.8329 0.0 8.181805246746432 0.0 4.0 
949 8409718.9 95.95103567708614 79.79134660485575 144.15343359374992 0 233 2.8329 0.0 8.181805246746432 0.0 4.0 
950 8409752.3 95.97447597326271 79.79625678727177 144.15343359374992 0 233 2.8329 0.0 8.181805246746432 0.0 4.0 
951 8409785.6 95.97447597326271 79.79625678727177 144.15343359374992 0 233 2.8329 0.0 8.181805246746432 0.0 4.0 
952 8409818.9 95.97447597326271 79.79625678727177 144.15343359374992 0 233 2.8329 0.0 8.181805246746432 0.0 4.0 
953 8409852.3 95.93673873094889 79.8040973102123 144.15343359374992 0 233 2.8329 0.0 8.181805246746432 0.0 4.0 
954 8409885.6 95.93673873094889 79.8040973102123 144.15343359374992 0 233 2.8329 0.0 8.181805246746432 0.0 4.0 
955 8409918.9 95.93673873094889 79.8040973102123 144.15343359374992 0 233 2.8329 0.0 8.181805246746432 0.0 4.0 
956 8409952.3 95.93673873094889 79.8040973102123 144.15343359374992 0 233 2.8329 0.0 8.181805246746432 0.0 4.0 
957 8409985.6 95.88113340803324 79.8040973102123 144.15343359374992 0 233 2.8329 0.0 8.181805246746432 0.0 4.0 
958 8410018.9 95.88113340803324 79.85533611721183 144.15343359374992 0 233 2.8329 0.0 8.181805246746432 0.0 4.0 
959 8410052.3 95.88113340803324 79.85533611721183 144.15343359374992 0 233 2.8329 0.0 8.181805246746432 0.0 4.0 
960 8410085.6 95.88113340803324 79.85533611721183 144.15343359374992 0 233 2.8329 0.0 8.181805246746432 0.0 4.0 
961 8410118.9 95.85766597780808 79.93128426429517 144.15343359374992 0 233 2.8329 0.0 8.181805246746432 0.0 4.0 
962 8410152.3 95.85766597780808 79.93128426429517 144.15343359374992 0 233 2.8329 0.0 8.181805246746432 0.0 4.0 
963 8410185.6 95.85766597780808 79.93128426429517 144.15343359374992 0 233 2.8329 0.0 8.181805246746432 0.0 4.0 
964 8410219.0 95.85766597780808 79.93128426429517 144.15343359374992 0 233 2.8329 0.0 8.181805246746432 0.0 4.0 
965 8410252.3 95.85766597780808 79.93128426429517 144.15343359374992 0 233 2.8329 0.0 8.181805246746432 0.0 4.0 
966 8410285.6 95.83793021393828 79.93128426429517 144.15343359374992 0 233 2.8329 0.0 8.181805246746432 0.0 4.0 
967 8410319.0 95.83793021393828 79.97679129548987 144.15343359374992 0 233 2.8329 0.0 8.181805246746432 0.0 4.0 
968 8410352.3 95.83793021393828 79.97679129548987 144.15343359374992 0 233 2.8329 0.0 8.181805246746432 0.0 4.0 
969 8410385.6 95.83793021393828 79.97679129548987 144.15343359374992 0 233 2.8329 0.0 8.181805246746432 0.0 4.0 
970 8410419.0 95.80714507959757 79.97679129548987 144.15343359374992 0 233 2.8329 0.0 8.181805246746432 0.0 4.0 
971 8410452.3 95.80714507959757 80.00220601259385 144.15343359374992 0 233 2.8329 0.0 8.181805246746432 0.0 4.0 
972 8410485.6 95.80714507959757 80.00220601259385 144.15343359374992 0 233 2.8329 0.0 8.181805246746432 0.0 4.0 
973 8410519.0 95.80714507959757 80.00220601259385 144.15343359374992 0 233 2.8329 0.0 8.181805246746432 0.0 4.0 
974 8410552.3 95.80714507959757 80.00220601259385 144.15343359374992 0 233 2.8329 0.0 8.181805246746432 0.0 4.0 
975 8410585.7 95.79379144820766 80.00220601259385 144.15343359374992 0 233 2.8329 0.0 8.181805246746432 0.0 4.0 
976 8410619.0 95.79379144820766 80.01284238055429 144.15343359374992 0 233 2.8329 0.0 8.181805246746432 0.0 4.0 
977 8410652.3 95.79379144820766 80.01284238055429 144.15343359374992 0 233 2.8329 0.0 8.181805246746432 0.0 4.0 
978 8410685.7 95.79396679687495 80.01285253906245 144.21284082031244 0 233 2.8329 0.0 8.181805246746432 0.0 4.0 
979 8410719.0 95.78963420982409 80.01712984593874 144.21284082031244 0 233 2.8329 0.0 8.181805246746432 0.0 4.0 
980 8410752.3 95.78963420982409 80.01712984593874 144.21284082031244 0 233 2.8329 0.0 8.181805246746432 0.0 4.0 
981 8410785.7 95.78963420982409 80.01712984593874 144.21284082031244 0 233 2.8329 0.0 8.181805246746432 0.0 4.0 
982 8410819.0 95.78963420982409 80.01712984593874 144.21284082031244 0 233 2.8329 0.0 8.181805246746432 0.0 4.0 
983 8410852.3 95.78652080739138 80.01904870591417 144.21284082031244 0 233 2.8329 0.0 8.181805246746432 0.0 4.0 
984 8410885.7 95.78652080739138 80.01904870591417 144.21284082031244 0 233 2.8329 0.0 8.181805246746432 0.0 4.0 
985 8410919.0 95.78652080739138 80.01904870591417 144.21284082031244 0 233 2.8329 0.0 8.181805246746432 0.0 4.0 
986 8410952.3 95.78428277418516 80.01904870591417 144.21284082031244 0 233 2.8329 0.0 8.181805246746432 0.0 4.0 
987 8410985.7 95.78428277418516 80.02021608083803 144.21284082031244 0 233 2.8329 0.0 8.181805246746432 0.0 4.0 
988 8411019.0 95.78428277418516 80.02021608083803 144.21284082031244 0 233 2.8329 0.0 8.181805246746432 0.0 4.0 
989 8411052.4 95.78428277418516 80.02021608083803 144.21284082031244 0 233 2.8329 0.0 8.181805246746432 0.0 4.0 
990 8411085.7 95.78152176295369 80.02021608083803 144.21284082031244 0 233 2.8329 0.0 8.181805246746432 0.0 4.0 
991 8411119.0 95.78152176295369 80.01809748117164 144.21284082031244 0 233 2.8329 0.0 8.181805246746432 0.0 4.0 
992 8411152.4 95.78152176295369 80.01809748117164 144.21284082031244 0 233 2.8329 0.0 8.181805246746432 0.0 4.0 
993 8411185.7 95.78152176295369 80.01809748117164 144.21284082031244 0 233 2.8329 0.0 8.181805246746432 0.0 4.0 
994 8411219.0 95.77353205333978 80.01449162085308 144.21284082031244 0 233 2.8329 0.0 8.181805246746432 0.0 4.0 
995 8411252.4 95.77353205333978 80.01449162085308 144.21284082031244 0 233 2.8329 0.0 8.181805246746432 0.0 4.0 
996 8411285.7 95.77353205333978 80.01449162085308 144.21284082031244 0 233 2.8329 0.0 8.181805246746432 0.0 4.0 
997 8411319.0 95.77353205333978 80.01449162085308 144.21284082031244 0 233 2.8329 0.0 8.181805246746432 0.0 4.0 
998 8411352.4 95.75921225004818 80.01449162085308 144.21284082031244 0 233 2.8329 0.0 8.181805246746432 0.0 4.0 
999 8411385.7 95.75921225004818 80.0111412837132 144.21284082031244 0 233 2.8329 0.0 8.181805246746432 0.0 4.0 
1000 8411419.1 95.75921225004818 80.0111412837132 144.21284082031244 0 233 2.8329 0.0 8.181805246746432 0.0 4.0 
1001 8411452.4 95.75921225004818 80.0111412837132 144.21284082031244 0 233 2.8329 0.0 8.181805246746432 0.0 4.0 
1002 8411485.7 95.74837915031682 80.0111412837132 144.21284082031244 0 233 2.8329 0.0 8.181805246746432 0.0 4.0 
1003 8411519.1 95.74837915031682 80.00938292164554 144.21284082031244 0 233 2.8329 0.0 8.181805246746432 0.0 4.0 
1004 8411552.4 95.74837915031682 80.00938292164554 144.21284082031244 0 233 2.8329 0.0 8.181805246746432 0.0 4.0 
1005 8411585.7 95.74381794467598 80.00815262344473 144.21284082031244 0 233 2.8329 0.0 8.181805246746432 0.0 4.0 
1006 8411619.1 95.74381794467598 80.00815262344473 144.21284082031244 0 233 2.8329 0.0 8.181805246746432 0.0 4.0 
1007 8411652.4 95.74381794467598 80.00815262344473 144.21284082031244 0 233 2.8329 0.0 8.181805246746432 0.0 4.0 
1008 8411685.7 95.73916912137406 80.00815262344473 144.21284082031244 0 233 2.8329 0.0 8.181805246746432 0.0 4.0 
1009 8411719.1 95.73916912137406 80.00940184938224 144.21284082031244 0 233 2.8329 0.0 8.181805246746432 0.0 4.0 
1010 8411752.4 95.73916912137406 80.00940184938224 144.21284082031244 0 233 2.8329 0.0 8.181805246746432 0.0 4.0 
1011 8411785.7 95.73916912137406 80.00940184938224 144.21284082031244 0 233 2.8329 0.0 8.181805246746432 0.0 4.0 
1012 8411819.1 95.72750277791349 80.00940184938224 144.21284082031244 0 233 2.8329 0.0 8.181805246746432 0.0 4.0 
1013 8411852.4 95.72750277791349 80.01458356144282 144.21284082031244 0 233 2.8329 0.0 8.181805246746432 0.0 4.0 
1014 8411885.8 95.72750277791349 80.01458356144282 144.21284082031244 0 233 2.8329 0.0 8.181805246746432 0.0 4.0 
1015 8411919.1 95.71526808578348 80.0194280950229 144.21284082031244 0 233 2.8329 0.0 8.181805246746432 0.0 4.0 
1016 8411952.4 95.71526808578348 80.0194280950229 144.21284082031244 0 233 2.8329 0.0 8.181805246746432 0.0 4.0 
1017 8411985.8 95.71526808578348 80.0194280950229 144.21284082031244 0 233 2.8329 0.0 8.181805246746432 0.0 4.0 
1018 8412019.1 95.71526808578348 80.0194280950229 144.21284082031244 0 233 2.8329 0.0 8.181805246746432 0.0 4.0 
1019 8412052.4 95.6969688507626 80.0194280950229 144.21284082031244 0 233 2.8329 0.0 8.181805246746432 0.0 4.0 
1020 8412085.8 95.6969688507626 80.01717231201035 144.21284082031244 0 233 2.8329 0.0 8.181805246746432 0.0 4.0 
1021 8412119.1 95.6969688507626 80.01717231201035 144.21284082031244 0 233 2.8329 0.0 8.181805246746432 0.0 4.0 
1022 8412152.4 95.68099744210917 80.01717231201035 144.21284082031244 0 233 2.8329 0.0 8.181805246746432 0.0 4.0 
1023 8412185.8 95.68099744210917 80.01020486857551 144.21284082031244 0 233 2.8329 0.0 8.181805246746432 0.0 4.0 
1024 8412219.1 95.68099744210917 80.01020486857551 144.21284082031244 0 233 2.8329 0.0 8.181805246746432 0.0 4.0 
1025 8412252.5 95.68099744210917 80.01020486857551 144.21284082031244 0 233 2.8329 0.0 8.181805246746432 0.0 4.0 
1026 8412285.8 95.6706347751984 80.01020486857551 144.21284082031244 0 233 2.8329 0.0 8.181805246746432 0.0 4.0 
1027 8412319.1 95.6706347751984 80.00521786546204 144.21284082031244 0 233 2.8329 0.0 8.181805246746432 0.0 4.0 
1028 8412352.5 95.6706347751984 80.00521786546204 144.21284082031244 0 233 2.8329 0.0 8.181805246746432 0.0 4.0 
1029 8412385.8 95.66105047836692 80.00521786546204 144.21284082031244 0 233 2.8329 0.0 8.181805246746432 0.0 4.0 
1030 8412419.1 95.66105047836692 80.00521786546204 144.21284082031244 0 233 2.8329 0.0 8.181805246746432 0.0 4.0 
1031 8412452.5 95.6560609176135 80.00521786546204 144.21284082031244 0 233 2.8329 0.0 8.181805246746432 0.0 4.0 
1032 8412485.8 95.6560609176135 80.00521786546204 144.21284082031244 0 233 2.8329 0.0 8.181805246746432 0.0 4.0 
1033 8412519.1 95.65445080385356 80.00521786546204 144.21284082031244 0 233 2.8329 0.0 8.181805246746432 0.0 4.0 
1034 8412552.5 95.65445080385356 80.0066363653761 144.21284082031244 0 233 2.8329 0.0 8.181805246746432 0.0 4.0 
1035 8412585.8 95.65445080385356 80.0066363653761 144.21284082031244 0 233 2.8329 0.0 8.181805246746432 0.0 4.0 
1036 8412619.1 95.65445080385356 80.0066363653761 144.21284082031244 0 233 2.8329 0.0 8.181805246746432 0.0 4.0 
1037 8412652.5 95.6530093581186 80.0066363653761 144.21284082031244 0 233 2.8329 0.0 8.181805246746432 0.0 4.0 
1038 8412685.8 95.6530093581186 80.0088774317525 144.21284082031244 0 233 2.8329 0.0 8.181805246746432 0.0 4.0 
1039 8412719.2 95.6530093581186 80.0088774317525 144.21284082031244 0 233 2.8329 0.0 8.181805246746432 0.0 4.0 
1040 8412752.5 95.6530093581186 80.0088774317525 144.21284082031244 0 233 2.8329 0.0 8.181805246746432 0.0 4.0 
1041 8412785.8 95.6490806451584 80.01000042093217 144.21284082031244 0 233 2.8329 0.0 8.181805246746432 0.0 4.0 
1042 8412819.2 95.6490806451584 80.01000042093217 144.21284082031244 0 233 2.8329 0.0 8.181805246746432 0.0 4.0 
1043 8412852.5 95.6490806451584 80.01000042093217 144.21284082031244 0 233 2.8329 0.0 8.181805246746432 0.0 4.0 
1044 8412885.8 95.6460084074691 80.01000042093217 144.21284082031244 0 233 2.8329 0.0 8.181805246746432 0.0 4.0 
1045 8412919.2 95.6460084074691 80.01109206876708 144.21284082031244 0 233 2.8329 0.0 8.181805246746432 0.0 4.0 
1046 8412952.5 95.6460084074691 80.01109206876708 144.21284082031244 0 233 2.8329 0.0 8.181805246746432 0.0 4.0 
1047 8412985.8 95.6460084074691 80.01109206876708 144.21284082031244 0 233 2.8329 0.0 8.181805246746432 0.0 4.0 
1048 8413019.2 95.64284578066598 80.01109206876708 144.21284082031244 0 233 2.8329 0.0 8.181805246746432 0.0 4.0 
1049 8413052.5 95.64284578066598 80.01109206876708 144.21284082031244 0 233 2.8329 0.0 8.181805246746432 0.0 4.0 
1050 8413085.9 95.64284578066598 80.01109206876708 144.21284082031244 0 233 2.8329 0.0 8.181805246746432 0.0 4.0 
1051 8413119.2 95.6319677870169 80.00475074554782 144.21284082031244 0 233 2.8329 0.0 8.181805246746432 0.0 4.0 
1052 8413152.5 95.6319677870169 80.00475074554782 144.21284082031244 0 233 2.8329 0.0 8.181805246746432 0.0 4.0 
1053 8413185.9 95.6319677870169 80.00475074554782 144.21284082031244 0 233 2.8329 0.0 8.181805246746432 0.0 4.0 
1054 8413219.2 95.6319677870169 80.00475074554782 144.21284082031244 0 233 2.8329 0.0 8.181805246746432 0.0 4.0 
1055 8413252.5 95.619314322079 80.00475074554782 144.21284082031244 0 233 2.8329 0.0 8.181805246746432 0.0 4.0 
1056 8413285.9 95.619314322079 79.99086869210656 144.21284082031244 0 233 2.8329 0.0 8.181805246746432 0.0 4.0 
1057 8413319.2 95.619314322079 79.99086869210656 144.21284082031244 0 233 2.8329 0.0 8.181805246746432 0.0 4.0 
1058 8413352.5 95.619314322079 79.99086869210656 144.21284082031244 0 233 2.8329 0.0 8.181805246746432 0.0 4.0 
1059 8413385.9 95.60814141325592 79.99086869210656 144.21284082031244 0 233 2.8329 0.0 8.181805246746432 0.0 4.0 
1060 8413419.2 95.60814141325592 79.97758863511234 144.21284082031244 0 233 2.8329 0.0 8.181805246746432 0.0 4.0 
1061 8413452.5 95.60814141325592 79.97758863511234 144.21284082031244 0 233 2.8329 0.0 8.181805246746432 0.0 4.0 
1062 8413485.9 95.60814141325592 79.97758863511234 144.21284082031244 0 233 2.8329 0.0 8.181805246746432 0.0 4.0 
1063 8413519.2 95.5963640891828 79.96992161509739 144.21284082031244 0 233 2.8329 0.0 8.181805246746432 0.0 4.0 
1064 8413552.6 95.5963640891828 79.96992161509739 144.21284082031244 0 233 2.8329 0.0 8.181805246746432 0.0 4.0 
1065 8413585.9 95.5963640891828 79.96992161509739 144.21284082031244 0 233 2.8329 0.0 8.181805246746432 0.0 4.0 
1066 8413619.2 95.5963640891828 79.96992161509739 144.21284082031244 0 233 2.8329 0.0 8.181805246746432 0.0 4.0 
1067 8413652.6 95.57470469130645 79.96992161509739 144.21284082031244 0 233 2.8329 0.0 8.181805246746432 0.0 4.0 
1068 8413685.9 95.57470469130645 79.96281970870389 144.21284082031244 0 233 2.8329 0.0 8.181805246746432 0.0 4.0 
1069 8413719.2 95.57470469130645 79.96281970870389 144.21284082031244 0 233 2.8329 0.0 8.181805246746432 0.0 4.0 
1070 8413752.6 95.56224188072225 79.96281970870389 144.21284082031244 0 233 2.8329 0.0 8.181805246746432 0.0 4.0 
1071 8413785.9 95.56224188072225 79.95857686749576 144.21284082031244 0 233 2.8329 0.0 8.181805246746432 0.0 4.0 
1072 8413819.2 95.56224188072225 79.95857686749576 144.21284082031244 0 233 2.8329 0.0 8.181805246746432 0.0 4.0 
1073 8413852.6 95.55263341711176 79.95857686749576 144.21284082031244 0 233 2.8329 0.0 8.181805246746432 0.0 4.0 
1074 8413885.9 95.55263341711176 79.95857686749576 144.21284082031244 0 233 2.8329 0.0 8.181805246746432 0.0 4.0 
1075 8413919.3 95.55263341711176 79.95857686749576 144.21284082031244 0 233 2.8329 0.0 8.181805246746432 0.0 4.0 
1076 8413952.6 95.55018878371918 79.95857686749576 144.21284082031244 0 233 2.8329 0.0 8.181805246746432 0.0 4.0 
1077 8413985.9 95.55018878371918 79.9575523342236 144.21284082031244 0 233 2.8329 0.0 8.181805246746432 0.0 4.0 
1078 8414019.3 95.55018878371918 79.9575523342236 144.21284082031244 0 233 2.8329 0.0 8.181805246746432 0.0 4.0 
1079 8414052.6 95.55018878371918 79.9575523342236 144.21284082031244 0 233 2.8329 0.0 8.181805246746432 0.0 4.0 
1080 8414085.9 95.54596935366071 79.9575523342236 144.21284082031244 0 233 2.8329 0.0 8.181805246746432 0.0 4.0 
1081 8414119.3 95.54596935366071 79.95434452527287 144.21284082031244 0 233 2.8329 0.0 8.181805246746432 0.0 4.0 
1082 8414152.6 95.54596935366071 79.95434452527287 144.21284082031244 0 233 2.8329 0.0 8.181805246746432 0.0 4.0 
1083 8414185.9 95.54129794814581 79.95434452527287 144.21284082031244 0 233 2.8329 0.0 8.181805246746432 0.0 4.0 
1084 8414219.3 95.54129794814581 79.95168595238809 144.21284082031244 0 233 2.8329 0.0 8.181805246746432 0.0 4.0 
1085 8414252.6 95.54129794814581 79.95168595238809 144.21284082031244 0 233 2.8329 0.0 8.181805246746432 0.0 4.0 
1086 8414285.9 95.54129794814581 79.95168595238809 144.21284082031244 0 233 2.8329 0.0 8.181805246746432 0.0 4.0 
1087 8414319.3 95.54000169223383 79.95168595238809 144.21284082031244 0 233 2.8329 0.0 8.181805246746432 0.0 4.0 
1088 8414352.6 95.54000169223383 79.95168595238809 144.21284082031244 0 233 2.8329 0.0 8.181805246746432 0.0 4.0 
1089 8414386.0 95.53813157039123 79.95168595238809 144.21284082031244 0 233 2.8329 0.0 8.181805246746432 0.0 4.0 
1090 8414419.3 95.53813157039123 79.95168595238809 144.21284082031244 0 233 2.8329 0.0 8.181805246746432 0.0 4.0 
1091 8414452.6 95.53813157039123 79.95168595238809 144.21284082031244 0 233 2.8329 0.0 8.181805246746432 0.0 4.0 
1092 8414486.0 95.53813157039123 79.95168595238809 144.21284082031244 0 233 2.8329 0.0 8.181805246746432 0.0 4.0 
1093 8414519.3 95.53813157039123 79.95168595238809 144.21284082031244 0 233 2.8329 0.0 8.181805246746432 0.0 4.0 
1094 8414552.6 95.53813157039123 79.95168595238809 144.21284082031244 0 233 2.8329 0.0 8.181805246746432 0.0 4.0 
1095 8414586.0 95.53813157039123 79.95168595238809 144.21284082031244 0 233 2.8329 0.0 8.181805246746432 0.0 4.0 
1096 8414619.3 95.53813157039123 79.95168595238809 144.21284082031244 0 233 2.8329 0.0 8.181805246746432 0.0 4.0 
1097 8414652.6 95.53813157039123 79.95168595238809 144.21284082031244 0 233 2.8329 0.0 8.181805246746432 0.0 4.0 
1098 8414686.0 95.53996450275716 79.95168595238809 144.21284082031244 0 233 2.8329 0.0 8.181805246746432 0.0 4.0 
1099 8414719.3 95.53996450275716 79.95168595238809 144.21284082031244 0 233 2.8329 0.0 8.181805246746432 0.0 4.0 
1100 8414752.7 95.54493492182245 79.95168595238809 144.21284082031244 0 233 2.8329 0.0 8.181805246746432 0.0 4.0 
1101 8414786.0 95.54493492182245 79.95399478426766 144.21284082031244 0 233 2.8329 0.0 8.181805246746432 0.0 4.0 
1102 8414819.3 95.54493492182245 79.95399478426766 144.21284082031244 0 233 2.8329 0.0 8.181805246746432 0.0 4.0 
1103 8414852.7 95.55548783279443 79.95399478426766 144.21284082031244 0 233 2.8329 0.0 8.181805246746432 0.0 4.0 
1104 8414886.0 95.55548783279443 79.95966388017871 144.21284082031244 0 233 2.8329 0.0 8.181805246746432 0.0 4.0 
1105 8414919.3 95.55548783279443 79.95966388017871 144.21284082031244 0 233 2.8329 0.0 8.181805246746432 0.0 4.0 
1106 8414952.7 95.5669470855066 79.95966388017871 144.21284082031244 0 233 2.8329 0.0 8.181805246746432 0.0 4.0 
1107 8414986.0 95.5669470855066 79.96530086295704 144.21284082031244 0 233 2.8329 0.0 8.181805246746432 0.0 4.0 
1108 8415019.3 95.5669470855066 79.96530086295704 144.21284082031244 0 233 2.8329 0.0 8.181805246746432 0.0 4.0 
1109 8415052.7 95.58468820577721 79.97279272159975 144.21284082031244 0 233 2.8329 0.0 8.181805246746432 0.0 4.0 
1110 8415086.0 95.58468820577721 79.97279272159975 144.21284082031244 0 233 2.8329 0.0 8.181805246746432 0.0 4.0 
1111 8415119.3 95.58468820577721 79.97279272159975 144.21284082031244 0 233 2.8329 0.0 8.181805246746432 0.0 4.0 
1112 8415152.7 95.60747942331854 79.98173037196952 144.21284082031244 0 233 2.8329 0.0 8.181805246746432 0.0 4.0 
1113 8415186.0 95.60747942331854 79.98173037196952 144.21284082031244 0 233 2.8329 0.0 8.181805246746432 0.0 4.0 
1114 8415219.4 95.60747942331854 79.98173037196952 144.21284082031244 0 233 2.8329 0.0 8.181805246746432 0.0 4.0 
1115 8415252.7 95.62547571428006 79.98173037196952 144.21284082031244 0 233 2.8329 0.0 8.181805246746432 0.0 4.0 
1116 8415286.0 95.62547571428006 79.98886407127128 144.21284082031244 0 233 2.8329 0.0 8.181805246746432 0.0 4.0 
1117 8415319.4 95.62547571428006 79.98886407127128 144.21284082031244 0 233 2.8329 0.0 8.181805246746432 0.0 4.0 
1118 8415352.7 95.62547571428006 79.98886407127128 144.21284082031244 0 233 2.8329 0.0 8.181805246746432 0.0 4.0 
1119 8415386.0 95.65695603451377 80.00265558353603 144.21284082031244 0 233 2.8329 0.0 8.181805246746432 0.0 4.0 
1120 8415419.4 95.65695603451377 80.00265558353603 144.21284082031244 0 233 2.8329 0.0 8.181805246746432 0.0 4.0 
1121 8415452.7 95.65695603451377 80.00265558353603 144.21284082031244 0 233 2.8329 0.0 8.181805246746432 0.0 4.0 
1122 8415486.0 95.65695603451377 80.00265558353603 144.21284082031244 0 233 2.8329 0.0 8.181805246746432 0.0 4.0 
1123 8415519.4 95.6949688630816 80.00265558353603 144.21284082031244 0 233 2.8329 0.0 8.181805246746432 0.0 4.0 
1124 8415552.7 95.6949688630816 80.01762889713872 144.21284082031244 0 233 2.8329 0.0 8.181805246746432 0.0 4.0 
1125 8415586.1 95.6949688630816 80.01762889713872 144.21284082031244 0 233 2.8329 0.0 8.181805246746432 0.0 4.0 
1126 8415619.4 95.6949688630816 80.01762889713872 144.21284082031244 0 233 2.8329 0.0 8.181805246746432 0.0 4.0 
1127 8415652.7 95.75696948693444 80.01762889713872 144.21284082031244 0 233 2.8329 0.0 8.181805246746432 0.0 4.0 
1128 8415686.1 95.75696948693444 80.02672935947705 144.21284082031244 0 233 2.8329 0.0 8.181805246746432 0.0 4.0 
1129 8415719.4 95.75696948693444 80.02672935947705 144.21284082031244 0 233 2.8329 0.0 8.181805246746432 0.0 4.0 
1130 8415752.7 95.75696948693444 80.02672935947705 144.21284082031244 0 233 2.8329 0.0 8.181805246746432 0.0 4.0 
1131 8415786.1 95.77589080448817 80.02111939893841 144.21284082031244 0 233 2.8329 0.0 8.181805246746432 0.0 4.0 
1132 8415819.4 95.77589080448817 80.02111939893841 144.21284082031244 0 233 2.8329 0.0 8.181805246746432 0.0 4.0 
1133 8415852.7 95.77589080448817 80.02111939893841 144.21284082031244 0 233 2.8329 0.0 8.181805246746432 0.0 4.0 
1134 8415886.1 95.78272398065597 80.01294417836203 144.21284082031244 0 233 2.8329 0.0 8.181805246746432 0.0 4.0 
1135 8415919.4 95.78272398065597 80.01294417836203 144.21284082031244 0 233 2.8329 0.0 8.181805246746432 0.0 4.0 
1136 8415952.7 95.78272398065597 80.01294417836203 144.21284082031244 0 233 2.8329 0.0 8.181805246746432 0.0 4.0 
1137 8415986.1 95.79554714290703 80.01294417836203 144.21284082031244 0 233 2.8329 0.0 8.181805246746432 0.0 4.0 
1138 8416019.4 95.79554714290703 80.00440734653702 144.21284082031244 0 233 2.8329 0.0 8.181805246746432 0.0 4.0 
1139 8416052.8 95.79554714290703 80.00440734653702 144.21284082031244 0 233 2.8329 0.0 8.181805246746432 0.0 4.0 
1140 8416086.1 95.79554714290703 80.00440734653702 144.21284082031244 0 233 2.8329 0.0 8.181805246746432 0.0 4.0 
1141 8416119.4 95.81164246527722 80.00440734653702 144.21284082031244 0 233 2.8329 0.0 8.181805246746432 0.0 4.0 
1142 8416152.8 95.81164246527722 79.9912578203107 144.21284082031244 0 233 2.8329 0.0 8.181805246746432 0.0 4.0 
1143 8416186.1 95.81164246527722 79.9912578203107 144.21284082031244 0 233 2.8329 0.0 8.181805246746432 0.0 4.0 
1144 8416219.4 95.82054703637378 79.9912578203107 144.21284082031244 0 233 2.8329 0.0 8.181805246746432 0.0 4.0 
1145 8416252.8 95.82054703637378 79.98045180599038 144.21284082031244 0 233 2.8329 0.0 8.181805246746432 0.0 4.0 
1146 8416286.1 95.82054703637378 79.98045180599038 144.21284082031244 0 233 2.8329 0.0 8.181805246746432 0.0 4.0 
1147 8416319.4 95.82054703637378 79.98045180599038 144.21284082031244 0 233 2.8329 0.0 8.181805246746432 0.0 4.0 
1148 8416352.8 95.8370502121288 79.98045180599038 144.21284082031244 0 233 2.8329 0.0 8.181805246746432 0.0 4.0 
1149 8416386.1 95.8370502121288 79.9624227592814 144.21284082031244 0 233 2.8329 0.0 8.181805246746432 0.0 4.0 
1150 8416419.5 95.8370502121288 79.9624227592814 144.21284082031244 0 233 2.8329 0.0 8.181805246746432 0.0 4.0 
1151 8416452.8 95.8370502121288 79.9624227592814 144.21284082031244 0 233 2.8329 0.0 8.181805246746432 0.0 4.0 
1152 8416486.1 95.8543364285992 79.9624227592814 144.21284082031244 0 233 2.8329 0.0 8.181805246746432 0.0 4.0 
1153 8416519.5 95.8543364285992 79.93615286600881 144.21284082031244 0 233 2.8329 0.0 8.181805246746432 0.0 4.0 
1154 8416552.8 95.8543364285992 79.93615286600881 144.21284082031244 0 233 2.8329 0.0 8.181805246746432 0.0 4.0 
1155 8416586.1 95.86417900363504 79.9141118244979 144.21284082031244 0 233 2.8329 0.0 8.181805246746432 0.0 4.0 
1156 8416619.5 95.86417900363504 79.9141118244979 144.21284082031244 0 233 2.8329 0.0 8.181805246746432 0.0 4.0 
1157 8416652.8 95.86417900363504 79.9141118244979 144.21284082031244 0 233 2.8329 0.0 8.181805246746432 0.0 4.0 
1158 8416686.1 95.86417900363504 79.9141118244979 144.21284082031244 0 233 2.8329 0.0 8.181805246746432 0.0 4.0 
1159 8416719.5 95.87645396890122 79.9141118244979 144.21284082031244 0 233 2.8329 0.0 8.181805246746432 0.0 4.0 
1160 8416752.8 95.87645396890122 79.89365568024637 144.21284082031244 0 233 2.8329 0.0 8.181805246746432 0.0 4.0 
1161 8416786.1 95.87645396890122 79.89365568024637 144.21284082031244 0 233 2.8329 0.0 8.181805246746432 0.0 4.0 
1162 8416819.5 95.87645396890122 79.89365568024637 144.21284082031244 0 233 2.8329 0.0 8.181805246746432 0.0 4.0 
1163 8416852.8 95.89223219697791 79.89365568024637 144.21284082031244 0 233 2.8329 0.0 8.181805246746432 0.0 4.0 
1164 8416886.2 95.89223219697791 79.87207031696457 144.21284082031244 0 233 2.8329 0.0 8.181805246746432 0.0 4.0 
1165 8416919.5 95.89223219697791 79.87207031696457 144.21284082031244 0 233 2.8329 0.0 8.181805246746432 0.0 4.0 
1166 8416952.8 95.89223219697791 79.87207031696457 144.21284082031244 0 233 2.8329 0.0 8.181805246746432 0.0 4.0 
1167 8416986.2 95.92178850568189 79.84385879651157 144.21284082031244 0 233 2.8329 0.0 8.181805246746432 0.0 4.0 
1168 8417019.5 95.92178850568189 79.84385879651157 144.21284082031244 0 233 2.8329 0.0 8.181805246746432 0.0 4.0 
1169 8417052.8 95.92178850568189 79.84385879651157 144.21284082031244 0 233 2.8329 0.0 8.181805246746432 0.0 4.0 
1170 8417086.2 95.92178850568189 79.84385879651157 144.21284082031244 0 233 2.8329 0.0 8.181805246746432 0.0 4.0 
1171 8417119.5 95.9409783075637 79.83404845435948 144.21284082031244 0 233 2.8329 0.0 8.181805246746432 0.0 4.0 
1172 8417152.8 95.9409783075637 79.83404845435948 144.21284082031244 0 233 2.8329 0.0 8.181805246746432 0.0 4.0 
1173 8417186.2 95.9409783075637 79.83404845435948 144.21284082031244 0 233 2.8329 0.0 8.181805246746432 0.0 4.0 
1174 8417219.5 95.96913457900835 79.83404845435948 144.21284082031244 0 233 2.8329 0.0 8.181805246746432 0.0 4.0 
1175 8417252.9 95.96913457900835 79.82497388991189 144.21284082031244 0 233 2.8329 0.0 8.181805246746432 0.0 4.0 
1176 8417286.2 95.96913457900835 79.82497388991189 144.21284082031244 0 233 2.8329 0.0 8.181805246746432 0.0 4.0 
1177 8417319.5 95.96913457900835 79.82497388991189 144.21284082031244 0 233 2.8329 0.0 8.181805246746432 0.0 4.0 
1178 8417352.9 95.99557956458717 79.82107724370383 144.21284082031244 0 233 2.8329 0.0 8.181805246746432 0.0 4.0 
1179 8417386.2 95.99557956458717 79.82107724370383 144.21284082031244 0 233 2.8329 0.0 8.181805246746432 0.0 4.0 
1180 8417419.5 95.99557956458717 79.82107724370383 144.21284082031244 0 233 2.8329 0.0 8.181805246746432 0.0 4.0 
1181 8417452.9 96.01705340350459 79.82213922899612 144.21284082031244 0 233 2.8329 0.0 8.181805246746432 0.0 4.0 
1182 8417486.2 96.01705340350459 79.82213922899612 144.21284082031244 0 233 2.8329 0.0 8.181805246746432 0.0 4.0 
1183 8417519.5 96.01705340350459 79.82213922899612 144.21284082031244 0 233 2.8329 0.0 8.181805246746432 0.0 4.0 
1184 8417552.9 96.03065449999332 79.82213922899612 144.21284082031244 0 233 2.8329 0.0 8.181805246746432 0.0 4.0 
1185 8417586.2 96.03065449999332 79.82450099316792 144.21284082031244 0 233 2.8329 0.0 8.181805246746432 0.0 4.0 
1186 8417619.5 96.03065449999332 79.82450099316792 144.21284082031244 0 233 2.8329 0.0 8.181805246746432 0.0 4.0 
1187 8417652.9 96.03065449999332 79.82450099316792 144.21284082031244 0 233 2.8329 0.0 8.181805246746432 0.0 4.0 
1188 8417686.2 96.0501398759215 79.82450099316792 144.21284082031244 0 233 2.8329 0.0 8.181805246746432 0.0 4.0 
1189 8417719.6 96.0501398759215 79.83496705340862 144.21284082031244 0 233 2.8329 0.0 8.181805246746432 0.0 4.0 
1190 8417752.9 96.0501398759215 79.83496705340862 144.21284082031244 0 233 2.8329 0.0 8.181805246746432 0.0 4.0 
1191 8417786.2 96.06740451695828 79.84951851229728 144.21284082031244 0 233 2.8329 0.0 8.181805246746432 0.0 4.0 
1192 8417819.6 96.06740451695828 79.84951851229728 144.21284082031244 0 233 2.8329 0.0 8.181805246746432 0.0 4.0 
1193 8417852.9 96.06740451695828 79.84951851229728 144.21284082031244 0 233 2.8329 0.0 8.181805246746432 0.0 4.0 
1194 8417886.2 96.07192840019395 79.85194680594383 144.21284082031244 0 233 2.8329 0.0 8.181805246746432 0.0 4.0 
1195 8417919.6 96.07192840019395 79.85194680594383 144.21284082031244 0 233 2.8329 0.0 8.181805246746432 0.0 4.0 
1196 8417952.9 96.07481839704484 79.85194680594383 144.21284082031244 0 233 2.8329 0.0 8.181805246746432 0.0 4.0 
1197 8417986.2 96.07481839704484 79.85194680594383 144.21284082031244 0 233 2.8329 0.0 8.181805246746432 0.0 4.0 
1198 8418019.6 96.0815521564065 79.85194680594383 144.21284082031244 0 233 2.8329 0.0 8.181805246746432 0.0 4.0 
1199 8418052.9 96.0815521564065 79.85064102164631 144.21284082031244 0 233 2.8329 0.0 8.181805246746432 0.0 4.0 
1200 8418086.3 96.0815521564065 79.85064102164631 144.21284082031244 0 233 2.8329 0.0 8.181805246746432 0.0 4.0 
1201 8418119.6 96.09519524622569 79.85064102164631 144.21284082031244 0 233 2.8329 0.0 8.181805246746432 0.0 4.0 
1202 8418152.9 96.09519524622569 79.86322381004965 144.21284082031244 0 233 2.8329 0.0 8.181805246746432 0.0 4.0 
1203 8418186.3 96.09519524622569 79.86322381004965 144.21284082031244 0 233 2.8329 0.0 8.181805246746432 0.0 4.0 
1204 8418219.6 96.10621224876249 79.88448143677164 144.21284082031244 0 233 2.8329 0.0 8.181805246746432 0.0 4.0 
1205 8418252.9 96.10621224876249 79.88448143677164 144.21284082031244 0 233 2.8329 0.0 8.181805246746432 0.0 4.0 
1206 8418286.3 96.10621224876249 79.88448143677164 144.21284082031244 0 233 2.8329 0.0 8.181805246746432 0.0 4.0 
1207 8418319.6 96.11066191039806 79.88448143677164 144.21284082031244 0 233 2.8329 0.0 8.181805246746432 0.0 4.0 
1208 8418352.9 96.11066191039806 79.8973554409145 144.21284082031244 0 233 2.8329 0.0 8.181805246746432 0.0 4.0 
1209 8418386.3 96.11066191039806 79.8973554409145 144.21284082031244 0 233 2.8329 0.0 8.181805246746432 0.0 4.0 
1210 8418419.6 96.10869272442115 79.8973554409145 144.21284082031244 0 233 2.8329 0.0 8.181805246746432 0.0 4.0 
1211 8418452.9 96.10869272442115 79.89373377199229 144.21284082031244 0 233 2.8329 0.0 8.181805246746432 0.0 4.0 
1212 8418486.3 96.10869272442115 79.89373377199229 144.21284082031244 0 233 2.8329 0.0 8.181805246746432 0.0 4.0 
1213 8418519.6 96.10413549049903 79.89373377199229 144.21284082031244 0 233 2.8329 0.0 8.181805246746432 0.0 4.0 
1214 8418553.0 96.10413549049903 79.8845926916897 144.21284082031244 0 233 2.8329 0.0 8.181805246746432 0.0 4.0 
1215 8418586.3 96.10413549049903 79.8845926916897 144.21284082031244 0 233 2.8329 0.0 8.181805246746432 0.0 4.0 
1216 8418619.6 96.09996864942175 79.87316496113336 144.21284082031244 0 233 2.8329 0.0 8.181805246746432 0.0 4.0 
1217 8418653.0 96.09996864942175 79.87316496113336 144.21284082031244 0 233 2.8329 0.0 8.181805246746432 0.0 4.0 
1218 8418686.3 96.09996864942175 79.87316496113336 144.21284082031244 0 233 2.8329 0.0 8.181805246746432 0.0 4.0 
1219 8418719.6 96.09996864942175 79.87316496113336 144.21284082031244 0 233 2.8329 0.0 8.181805246746432 0.0 4.0 
1220 8418753.0 96.10140402777994 79.87316496113336 144.21284082031244 0 233 2.8329 0.0 8.181805246746432 0.0 4.0 
1221 8418786.3 96.10140402777994 79.85976555427384 144.21284082031244 0 233 2.8329 0.0 8.181805246746432 0.0 4.0 
1222 8418819.6 96.10140402777994 79.85976555427384 144.21284082031244 0 233 2.8329 0.0 8.181805246746432 0.0 4.0 
1223 8418853.0 96.10140402777994 79.85976555427384 144.21284082031244 0 233 2.8329 0.0 8.181805246746432 0.0 4.0 
1224 8418886.3 96.11011666548637 79.85976555427384 144.21284082031244 0 233 2.8329 0.0 8.181805246746432 0.0 4.0 
1225 8418919.7 96.11011666548637 79.83264789614229 144.21284082031244 0 233 2.8329 0.0 8.181805246746432 0.0 4.0 
1226 8418953.0 96.11011666548637 79.83264789614229 144.21284082031244 0 233 2.8329 0.0 8.181805246746432 0.0 4.0 
1227 8418986.3 96.11011666548637 79.83264789614229 144.21284082031244 0 233 2.8329 0.0 8.181805246746432 0.0 4.0 
1228 8419019.7 96.11179531154308 79.80606932294585 144.21284082031244 0 233 2.8329 0.0 8.181805246746432 0.0 4.0 
1229 8419053.0 96.11179531154308 79.80606932294585 144.21284082031244 0 233 2.8329 0.0 8.181805246746432 0.0 4.0 
1230 8419086.3 96.11179531154308 79.80606932294585 144.21284082031244 0 233 2.8329 0.0 8.181805246746432 0.0 4.0 
1231 8419119.7 96.10739094372333 79.80606932294585 144.21284082031244 0 233 2.8329 0.0 8.181805246746432 0.0 4.0 
1232 8419153.0 96.10739094372333 79.7979438327234 144.21284082031244 0 233 2.8329 0.0 8.181805246746432 0.0 4.0 
1233 8419186.3 96.10739094372333 79.7979438327234 144.21284082031244 0 233 2.8329 0.0 8.181805246746432 0.0 4.0 
1234 8419219.7 96.10739094372333 79.7979438327234 144.21284082031244 0 233 2.8329 0.0 8.181805246746432 0.0 4.0 
1235 8419253.0 96.10212026160045 79.7979438327234 144.21284082031244 0 233 2.8329 0.0 8.181805246746432 0.0 4.0 
1236 8419286.3 96.10212026160045 79.79395112983352 144.21284082031244 0 233 2.8329 0.0 8.181805246746432 0.0 4.0 
1237 8419319.7 96.10212026160045 79.79395112983352 144.21284082031244 0 233 2.8329 0.0 8.181805246746432 0.0 4.0 
1238 8419353.0 96.10212026160045 79.79395112983352 144.21284082031244 0 233 2.8329 0.0 8.181805246746432 0.0 4.0 
1239 8419386.4 96.09658903763355 79.79053774502044 144.21284082031244 0 233 2.8329 0.0 8.181805246746432 0.0 4.0 
1240 8419419.7 96.09658903763355 79.79053774502044 144.21284082031244 0 233 2.8329 0.0 8.181805246746432 0.0 4.0 
1241 8419453.0 96.09658903763355 79.79053774502044 144.21284082031244 0 233 2.8329 0.0 8.181805246746432 0.0 4.0 
1242 8419486.4 96.09658903763355 79.79053774502044 144.21284082031244 0 233 2.8329 0.0 8.181805246746432 0.0 4.0 
1243 8419519.7 96.08449411898914 79.79053774502044 144.21284082031244 0 233 2.8329 0.0 8.181805246746432 0.0 4.0 
1244 8419553.0 96.08449411898914 79.78263392018415 144.21284082031244 0 233 2.8329 0.0 8.181805246746432 0.0 4.0 
1245 8419586.4 96.08449411898914 79.78263392018415 144.21284082031244 0 233 2.8329 0.0 8.181805246746432 0.0 4.0 
1246 8419619.7 96.0790410971356 79.78263392018415 144.21284082031244 0 233 2.8329 0.0 8.181805246746432 0.0 4.0 
1247 8419653.0 96.0790410971356 79.7785254873819 144.21284082031244 0 233 2.8329 0.0 8.181805246746432 0.0 4.0 
1248 8419686.4 96.0790410971356 79.7785254873819 144.21284082031244 0 233 2.8329 0.0 8.181805246746432 0.0 4.0 
1249 8419719.7 96.0790410971356 79.7785254873819 144.21284082031244 0 233 2.8329 0.0 8.181805246746432 0.0 4.0 
1250 8419753.1 96.07497300484889 79.7785254873819 144.21284082031244 0 233 2.8329 0.0 8.181805246746432 0.0 4.0 
1251 8419786.4 96.07497300484889 79.77235047946958 144.21284082031244 0 233 2.8329 0.0 8.181805246746432 0.0 4.0 
1252 8419819.7 96.07497300484889 79.77235047946958 144.21284082031244 0 233 2.8329 0.0 8.181805246746432 0.0 4.0 
1253 8419853.1 96.07497300484889 79.77235047946958 144.21284082031244 0 233 2.8329 0.0 8.181805246746432 0.0 4.0 
1254 8419886.4 96.07497300484889 79.75615859086183 144.21284082031244 0 233 2.8329 0.0 8.181805246746432 0.0 4.0 
1255 8419919.7 96.07497300484889 79.75615859086183 144.21284082031244 0 233 2.8329 0.0 8.181805246746432 0.0 4.0 
1256 8419953.1 96.07497300484889 79.75615859086183 144.21284082031244 0 233 2.8329 0.0 8.181805246746432 0.0 4.0 
1257 8419986.4 96.07214963214882 79.75615859086183 144.21284082031244 0 233 2.8329 0.0 8.181805246746432 0.0 4.0 
1258 8420019.7 96.07214963214882 79.74644682494613 144.21284082031244 0 233 2.8329 0.0 8.181805246746432 0.0 4.0 
1259 8420053.1 96.07214963214882 79.74644682494613 144.21284082031244 0 233 2.8329 0.0 8.181805246746432 0.0 4.0 
1260 8420086.4 96.06277600190552 79.74644682494613 144.21284082031244 0 233 2.8329 0.0 8.181805246746432 0.0 4.0 
1261 8420119.7 96.06277600190552 79.7342082669848 144.21284082031244 0 233 2.8329 0.0 8.181805246746432 0.0 4.0 
1262 8420153.1 96.06277600190552 79.7342082669848 144.21284082031244 0 233 2.8329 0.0 8.181805246746432 0.0 4.0 
1263 8420186.4 96.04376180207092 79.7342082669848 144.21284082031244 0 233 2.8329 0.0 8.181805246746432 0.0 4.0 
1264 8420219.8 96.04376180207092 79.7342082669848 144.21284082031244 0 233 2.8329 0.0 8.181805246746432 0.0 4.0 
1265 8420253.1 96.04376180207092 79.7342082669848 144.21284082031244 0 233 2.8329 0.0 8.181805246746432 0.0 4.0 
1266 8420286.4 96.03829449634308 79.7342082669848 144.21284082031244 0 233 2.8329 0.0 8.181805246746432 0.0 4.0 
1267 8420319.8 96.03829449634308 79.74034253903089 144.21284082031244 0 233 2.8329 0.0 8.181805246746432 0.0 4.0 
1268 8420353.1 96.03829449634308 79.74034253903089 144.21284082031244 0 233 2.8329 0.0 8.181805246746432 0.0 4.0 
1269 8420386.4 96.03829449634308 79.74034253903089 144.21284082031244 0 233 2.8329 0.0 8.181805246746432 0.0 4.0 
1270 8420419.8 96.0257197964043 79.74034253903089 144.21284082031244 0 233 2.8329 0.0 8.181805246746432 0.0 4.0 
1271 8420453.1 96.0257197964043 79.73618754808705 144.21284082031244 0 233 2.8329 0.0 8.181805246746432 0.0 4.0 
1272 8420486.4 96.0257197964043 79.73618754808705 144.21284082031244 0 233 2.8329 0.0 8.181805246746432 0.0 4.0 
1273 8420519.8 96.02174770240624 79.72965579397689 144.21284082031244 0 233 2.8329 0.0 8.181805246746432 0.0 4.0 
1274 8420553.1 96.02174770240624 79.72965579397689 144.21284082031244 0 233 2.8329 0.0 8.181805246746432 0.0 4.0 
1275 8420586.5 96.02174770240624 79.72965579397689 144.21284082031244 0 233 2.8329 0.0 8.181805246746432 0.0 4.0 
1276 8420619.8 96.02174770240624 79.72965579397689 144.21284082031244 0 233 2.8329 0.0 8.181805246746432 0.0 4.0 
1277 8420653.1 96.02174770240624 79.72589945228744 144.21284082031244 0 233 2.8329 0.0 8.181805246746432 0.0 4.0 
1278 8420686.5 96.02174770240624 79.72589945228744 144.21284082031244 0 233 2.8329 0.0 8.181805246746432 0.0 4.0 
1279 8420719.8 96.02174770240624 79.72438819592506 144.21284082031244 0 233 2.8329 0.0 8.181805246746432 0.0 4.0 
1280 8420753.1 96.02174770240624 79.72438819592506 144.21284082031244 0 233 2.8329 0.0 8.181805246746432 0.0 4.0 
1281 8420786.5 96.02174770240624 79.72438819592506 144.21284082031244 0 233 2.8329 0.0 8.181805246746432 0.0 4.0 
1282 8420819.8 96.02174770240624 79.72438819592506 144.21284082031244 0 233 2.8329 0.0 8.181805246746432 0.0 4.0 
1283 8420853.1 96.02174770240624 79.72438819592506 144.21284082031244 0 233 2.8329 0.0 8.181805246746432 0.0 4.0 
1284 8420886.5 96.02174770240624 79.72438819592506 144.21284082031244 0 233 2.8329 0.0 8.181805246746432 0.0 4.0 
1285 8420919.8 96.02174770240624 79.72438819592506 144.21284082031244 0 233 2.8329 0.0 8.181805246746432 0.0 4.0 
1286 8420953.1 96.02513008214564 79.72576176167762 144.21284082031244 0 233 2.8329 0.0 8.181805246746432 0.0 4.0 
1287 8420986.5 96.02513008214564 79.72576176167762 144.21284082031244 0 233 2.8329 0.0 8.181805246746432 0.0 4.0 
1288 8421019.8 96.03067598255339 79.72576176167762 144.21284082031244 0 233 2.8329 0.0 8.181805246746432 0.0 4.0 
1289 8421053.2 96.03067598255339 79.72986444006114 144.21284082031244 0 233 2.8329 0.0 8.181805246746432 0.0 4.0 
1290 8421086.5 96.03067598255339 79.72986444006114 144.21284082031244 0 233 2.8329 0.0 8.181805246746432 0.0 4.0 
1291 8421119.8 96.03067598255339 79.72986444006114 144.21284082031244 0 233 2.8329 0.0 8.181805246746432 0.0 4.0 
1292 8421153.2 96.04151529487673 79.72986444006114 144.21284082031244 0 233 2.8329 0.0 8.181805246746432 0.0 4.0 
1293 8421186.5 96.04151529487673 79.7424269887894 144.21284082031244 0 233 2.8329 0.0 8.181805246746432 0.0 4.0 
1294 8421219.8 96.04151529487673 79.7424269887894 144.21284082031244 0 233 2.8329 0.0 8.181805246746432 0.0 4.0 
1295 8421253.2 96.04151529487673 79.7424269887894 144.21284082031244 0 233 2.8329 0.0 8.181805246746432 0.0 4.0 
1296 8421286.5 96.05265415318395 79.7424269887894 144.21284082031244 0 233 2.8329 0.0 8.181805246746432 0.0 4.0 
1297 8421319.8 96.05265415318395 79.75577221147337 144.21284082031244 0 233 2.8329 0.0 8.181805246746432 0.0 4.0 
1298 8421353.2 96.05265415318395 79.75577221147337 144.21284082031244 0 233 2.8329 0.0 8.181805246746432 0.0 4.0 
1299 8421386.5 96.05265415318395 79.75577221147337 144.21284082031244 0 233 2.8329 0.0 8.181805246746432 0.0 4.0 
1300 8421419.9 96.07130157565692 79.77865575837662 144.21284082031244 0 233 2.8329 0.0 8.181805246746432 0.0 4.0 
1301 8421453.2 96.07130157565692 79.77865575837662 144.21284082031244 0 233 2.8329 0.0 8.181805246746432 0.0 4.0 
1302 8421486.5 96.07130157565692 79.77865575837662 144.21284082031244 0 233 2.8329 0.0 8.181805246746432 0.0 4.0 
1303 8421519.9 96.08769810796112 79.77865575837662 144.21284082031244 0 233 2.8329 0.0 8.181805246746432 0.0 4.0 
1304 8421553.2 96.08769810796112 79.80499584876705 144.21284082031244 0 233 2.8329 0.0 8.181805246746432 0.0 4.0 
1305 8421586.5 96.08769810796112 79.80499584876705 144.21284082031244 0 233 2.8329 0.0 8.181805246746432 0.0 4.0 
1306 8421619.9 96.08769810796112 79.80499584876705 144.21284082031244 0 233 2.8329 0.0 8.181805246746432 0.0 4.0 
1307 8421653.2 96.0966096880263 79.80499584876705 144.21284082031244 0 233 2.8329 0.0 8.181805246746432 0.0 4.0 
1308 8421686.5 96.0966096880263 79.82361555193991 144.21284082031244 0 233 2.8329 0.0 8.181805246746432 0.0 4.0 
1309 8421719.9 96.0966096880263 79.82361555193991 144.21284082031244 0 233 2.8329 0.0 8.181805246746432 0.0 4.0 
1310 8421753.2 96.0966096880263 79.82361555193991 144.21284082031244 0 233 2.8329 0.0 8.181805246746432 0.0 4.0 
1311 8421786.5 96.10545419799283 79.84136979658804 144.21284082031244 0 233 2.8329 0.0 8.181805246746432 0.0 4.0 
1312 8421819.9 96.10545419799283 79.84136979658804 144.21284082031244 0 233 2.8329 0.0 8.181805246746432 0.0 4.0 
1313 8421853.2 96.10545419799283 79.84136979658804 144.21284082031244 0 233 2.8329 0.0 8.181805246746432 0.0 4.0 
1314 8421886.6 96.11152133428207 79.84136979658804 144.21284082031244 0 233 2.8329 0.0 8.181805246746432 0.0 4.0 
1315 8421919.9 96.11152133428207 79.85466217891481 144.21284082031244 0 233 2.8329 0.0 8.181805246746432 0.0 4.0 
1316 8421953.2 96.11152133428207 79.85466217891481 144.21284082031244 0 233 2.8329 0.0 8.181805246746432 0.0 4.0 
1317 8421986.6 96.11152133428207 79.85466217891481 144.21284082031244 0 233 2.8329 0.0 8.181805246746432 0.0 4.0 
1318 8422019.9 96.11398800502704 79.85466217891481 144.21284082031244 0 233 2.8329 0.0 8.181805246746432 0.0 4.0 
1319 8422053.2 96.11398800502704 79.85947715438091 144.21284082031244 0 233 2.8329 0.0 8.181805246746432 0.0 4.0 
1320 8422086.6 96.11398800502704 79.85947715438091 144.21284082031244 0 233 2.8329 0.0 8.181805246746432 0.0 4.0 
1321 8422119.9 96.11398800502704 79.85839103345093 144.21284082031244 0 233 2.8329 0.0 8.181805246746432 0.0 4.0 
1322 8422153.2 96.11398800502704 79.85839103345093 144.21284082031244 0 233 2.8329 0.0 8.181805246746432 0.0 4.0 
1323 8422186.6 96.11398800502704 79.85839103345093 144.21284082031244 0 233 2.8329 0.0 8.181805246746432 0.0 4.0 
1324 8422219.9 96.11518291217696 79.85839103345093 144.21284082031244 0 233 2.8329 0.0 8.181805246746432 0.0 4.0 
1325 8422253.3 96.11518291217696 79.85839103345093 144.21284082031244 0 233 2.8329 0.0 8.181805246746432 0.0 4.0 
1326 8422286.6 96.11331679279442 79.85839103345093 144.21284082031244 0 233 2.8329 0.0 8.181805246746432 0.0 4.0 
1327 8422319.9 96.11331679279442 79.85603915213254 144.21284082031244 0 233 2.8329 0.0 8.181805246746432 0.0 4.0 
1328 8422353.3 96.11331679279442 79.85603915213254 144.21284082031244 0 233 2.8329 0.0 8.181805246746432 0.0 4.0 
1329 8422386.6 96.11331679279442 79.85603915213254 144.21284082031244 0 233 2.8329 0.0 8.181805246746432 0.0 4.0 
1330 8422419.9 96.106987224039 79.85603915213254 144.21284082031244 0 233 2.8329 0.0 8.181805246746432 0.0 4.0 
1331 8422453.3 96.106987224039 79.84349614292583 144.21284082031244 0 233 2.8329 0.0 8.181805246746432 0.0 4.0 
1332 8422486.6 96.106987224039 79.84349614292583 144.21284082031244 0 233 2.8329 0.0 8.181805246746432 0.0 4.0 
1333 8422519.9 96.106987224039 79.84349614292583 144.21284082031244 0 233 2.8329 0.0 8.181805246746432 0.0 4.0 
1334 8422553.3 96.09606966016922 79.82274619721589 144.21284082031244 0 233 2.8329 0.0 8.181805246746432 0.0 4.0 
1335 8422586.6 96.09606966016922 79.82274619721589 144.21284082031244 0 233 2.8329 0.0 8.181805246746432 0.0 4.0 
1336 8422619.9 96.09606966016922 79.82274619721589 144.21284082031244 0 233 2.8329 0.0 8.181805246746432 0.0 4.0 
1337 8422653.3 96.09606966016922 79.82274619721589 144.21284082031244 0 233 2.8329 0.0 8.181805246746432 0.0 4.0 
1338 8422686.6 96.08227709952834 79.82274619721589 144.21284082031244 0 233 2.8329 0.0 8.181805246746432 0.0 4.0 
1339 8422720.0 96.08227709952834 79.80510527653188 144.21284082031244 0 233 2.8329 0.0 8.181805246746432 0.0 4.0 
1340 8422753.3 96.08227709952834 79.80510527653188 144.21284082031244 0 233 2.8329 0.0 8.181805246746432 0.0 4.0 
1341 8422786.6 96.08227709952834 79.80510527653188 144.21284082031244 0 233 2.8329 0.0 8.181805246746432 0.0 4.0 
1342 8422820.0 96.06608094007461 79.80510527653188 144.21284082031244 0 233 2.8329 0.0 8.181805246746432 0.0 4.0 
1343 8422853.3 96.06608094007461 79.79324196626936 144.21284082031244 0 233 2.8329 0.0 8.181805246746432 0.0 4.0 
1344 8422886.6 96.06608094007461 79.79324196626936 144.21284082031244 0 233 2.8329 0.0 8.181805246746432 0.0 4.0 
1345 8422920.0 96.0515751817581 79.79324196626936 144.21284082031244 0 233 2.8329 0.0 8.181805246746432 0.0 4.0 
1346 8422953.3 96.0515751817581 79.78586300530075 144.21284082031244 0 233 2.8329 0.0 8.181805246746432 0.0 4.0 
1347 8422986.6 96.0515751817581 79.78586300530075 144.21284082031244 0 233 2.8329 0.0 8.181805246746432 0.0 4.0 
1348 8423020.0 96.0515751817581 79.78586300530075 144.21284082031244 0 233 2.8329 0.0 8.181805246746432 0.0 4.0 
1349 8423053.3 96.03469604992237 79.78586300530075 144.21284082031244 0 233 2.8329 0.0 8.181805246746432 0.0 4.0 
1350 8423086.7 96.03469604992237 79.77908541850968 144.21284082031244 0 233 2.8329 0.0 8.181805246746432 0.0 4.0 
1351 8423120.0 96.03469604992237 79.77908541850968 144.21284082031244 0 233 2.8329 0.0 8.181805246746432 0.0 4.0 
1352 8423153.3 96.03469604992237 79.77908541850968 144.21284082031244 0 233 2.8329 0.0 8.181805246746432 0.0 4.0 
1353 8423186.7 96.01475915908061 79.77908541850968 144.21284082031244 0 233 2.8329 0.0 8.181805246746432 0.0 4.0 
1354 8423220.0 96.01475915908061 79.77071656115919 144.21284082031244 0 233 2.8329 0.0 8.181805246746432 0.0 4.0 
1355 8423253.3 96.01475915908061 79.77071656115919 144.21284082031244 0 233 2.8329 0.0 8.181805246746432 0.0 4.0 
1356 8423286.7 96.01475915908061 79.77071656115919 144.21284082031244 0 233 2.8329 0.0 8.181805246746432 0.0 4.0 
1357 8423320.0 95.99093963816776 79.76405125362989 144.21284082031244 0 233 2.8329 0.0 8.181805246746432 0.0 4.0 
1358 8423353.3 95.99093963816776 79.76405125362989 144.21284082031244 0 233 2.8329 0.0 8.181805246746432 0.0 4.0 
1359 8423386.7 95.99093963816776 79.76405125362989 144.21284082031244 0 233 2.8329 0.0 8.181805246746432 0.0 4.0 
1360 8423420.0 95.99093963816776 79.76405125362989 144.21284082031244 0 233 2.8329 0.0 8.181805246746432 0.0 4.0 
1361 8423453.3 95.9738783664107 79.76405125362989 144.21284082031244 0 233 2.8329 0.0 8.181805246746432 0.0 4.0 
1362 8423486.7 95.9738783664107 79.76025196697104 144.21284082031244 0 233 2.8329 0.0 8.181805246746432 0.0 4.0 
1363 8423520.0 95.9738783664107 79.76025196697104 144.21284082031244 0 233 2.8329 0.0 8.181805246746432 0.0 4.0 
1364 8423553.4 95.9738783664107 79.76025196697104 144.21284082031244 0 233 2.8329 0.0 8.181805246746432 0.0 4.0 
1365 8423586.7 95.97183818105498 79.76025196697104 144.21284082031244 0 233 2.8329 0.0 8.181805246746432 0.0 4.0 
1366 8423620.0 95.97183818105498 79.76025196697104 144.21284082031244 0 233 2.8329 0.0 8.181805246746432 0.0 4.0 
1367 8423653.4 95.97183818105498 79.76025196697104 144.21284082031244 0 233 2.8329 0.0 8.181805246746432 0.0 4.0 
1368 8423686.7 95.97490890738432 79.76025196697104 144.21284082031244 0 233 2.8329 0.0 8.181805246746432 0.0 4.0 
1369 8423720.0 95.97490890738432 79.76025196697104 144.21284082031244 0 233 2.8329 0.0 8.181805246746432 0.0 4.0 
1370 8423753.4 95.97490890738432 79.76025196697104 144.21284082031244 0 233 2.8329 0.0 8.181805246746432 0.0 4.0 
1371 8423786.7 95.9848737994597 79.76025196697104 144.21284082031244 0 233 2.8329 0.0 8.181805246746432 0.0 4.0 
1372 8423820.0 95.9848737994597 79.76265102646295 144.21284082031244 0 233 2.8329 0.0 8.181805246746432 0.0 4.0 
1373 8423853.4 95.9848737994597 79.76265102646295 144.21284082031244 0 233 2.8329 0.0 8.181805246746432 0.0 4.0 
1374 8423886.7 95.9848737994597 79.76265102646295 144.21284082031244 0 233 2.8329 0.0 8.181805246746432 0.0 4.0 
1375 8423920.1 95.99662709872477 79.76265102646295 144.21284082031244 0 233 2.8329 0.0 8.181805246746432 0.0 4.0 
1376 8423953.4 95.99662709872477 79.76740835513367 144.21284082031244 0 233 2.8329 0.0 8.181805246746432 0.0 4.0 
1377 8423986.7 95.99662709872477 79.76740835513367 144.21284082031244 0 233 2.8329 0.0 8.181805246746432 0.0 4.0 
1378 8424020.1 95.99662709872477 79.76740835513367 144.21284082031244 0 233 2.8329 0.0 8.181805246746432 0.0 4.0 
1379 8424053.4 95.99834524353778 79.76938040810154 144.21284082031244 0 233 2.8329 0.0 8.181805246746432 0.0 4.0 
1380 8424086.7 95.99834524353778 79.76938040810154 144.21284082031244 0 233 2.8329 0.0 8.181805246746432 0.0 4.0 
1381 8424120.1 95.99834524353778 79.76938040810154 144.21284082031244 0 233 2.8329 0.0 8.181805246746432 0.0 4.0 
1382 8424153.4 96.00048109750617 79.76938040810154 144.21284082031244 0 233 2.8329 0.0 8.181805246746432 0.0 4.0 
1383 8424186.7 96.00048109750617 79.76938040810154 144.21284082031244 0 233 2.8329 0.0 8.181805246746432 0.0 4.0 
1384 8424220.1 96.00048109750617 79.76938040810154 144.21284082031244 0 233 2.8329 0.0 8.181805246746432 0.0 4.0 
1385 8424253.4 96.00501222537248 79.76938040810154 144.21284082031244 0 233 2.8329 0.0 8.181805246746432 0.0 4.0 
1386 8424286.7 96.00501222537248 79.76938040810154 144.21284082031244 0 233 2.8329 0.0 8.181805246746432 0.0 4.0 
1387 8424320.1 96.00501222537248 79.76938040810154 144.21284082031244 0 233 2.8329 0.0 8.181805246746432 0.0 4.0 
1388 8424353.4 96.00501222537248 79.76938040810154 144.21284082031244 0 233 2.8329 0.0 8.181805246746432 0.0 4.0 
1389 8424386.8 96.00312829114299 79.76938040810154 144.21284082031244 0 233 2.8329 0.0 8.181805246746432 0.0 4.0 
1390 8424420.1 96.00312829114299 79.76938040810154 144.21284082031244 0 233 2.8329 0.0 8.181805246746432 0.0 4.0 
1391 8424453.4 95.99802587624865 79.76705717599839 144.21284082031244 0 233 2.8329 0.0 8.181805246746432 0.0 4.0 
1392 8424486.8 95.99802587624865 79.76705717599839 144.21284082031244 0 233 2.8329 0.0 8.181805246746432 0.0 4.0 
1393 8424520.1 95.99802587624865 79.76705717599839 144.21284082031244 0 233 2.8329 0.0 8.181805246746432 0.0 4.0 
1394 8424553.4 95.99802587624865 79.76705717599839 144.21284082031244 0 233 2.8329 0.0 8.181805246746432 0.0 4.0 
1395 8424586.8 95.99947415580898 79.76705717599839 144.21284082031244 0 233 2.8329 0.0 8.181805246746432 0.0 4.0 
1396 8424620.1 95.99947415580898 79.76705717599839 144.21284082031244 0 233 2.8329 0.0 8.181805246746432 0.0 4.0 
1397 8424653.4 95.99947415580898 79.76705717599839 144.21284082031244 0 233 2.8329 0.0 8.181805246746432 0.0 4.0 
1398 8424686.8 95.99947415580898 79.76705717599839 144.21284082031244 0 233 2.8329 0.0 8.181805246746432 0.0 4.0 
1399 8424720.1 95.99947415580898 79.76705717599839 144.21284082031244 0 233 2.8329 0.0 8.181805246746432 0.0 4.0 
1400 8424753.5 96.00062034499179 79.76705717599839 144.21284082031244 0 233 2.8329 0.0 8.181805246746432 0.0 4.0 
1401 8424786.8 96.00062034499179 79.76705717599839 144.21284082031244 0 233 2.8329 0.0 8.181805246746432 0.0 4.0 
1402 8424820.1 96.00062034499179 79.76705717599839 144.21284082031244 0 233 2.8329 0.0 8.181805246746432 0.0 4.0 
1403 8424853.5 95.99908765588555 79.76568710414405 144.21284082031244 0 233 2.8329 0.0 8.181805246746432 0.0 4.0 
1404 8424886.8 95.99908765588555 79.76568710414405 144.21284082031244 0 233 2.8329 0.0 8.181805246746432 0.0 4.0 
1405 8424920.1 95.9951058887826 79.76275441388725 144.21284082031244 0 233 2.8329 0.0 8.181805246746432 0.0 4.0 
1406 8424953.5 95.9951058887826 79.76275441388725 144.21284082031244 0 233 2.8329 0.0 8.181805246746432 0.0 4.0 
1407 8424986.8 95.99184086576722 79.76275441388725 144.21284082031244 0 233 2.8329 0.0 8.181805246746432 0.0 4.0 
1408 8425020.1 95.99184086576722 79.7602662121564 144.21284082031244 0 233 2.8329 0.0 8.181805246746432 0.0 4.0 
1409 8425053.5 95.99184086576722 79.7602662121564 144.21284082031244 0 233 2.8329 0.0 8.181805246746432 0.0 4.0 
1410 8425086.8 95.9893209593122 79.7602662121564 144.21284082031244 0 233 2.8329 0.0 8.181805246746432 0.0 4.0 
1411 8425120.1 95.9893209593122 79.75746428359989 144.21284082031244 0 233 2.8329 0.0 8.181805246746432 0.0 4.0 
1412 8425153.5 95.9893209593122 79.75746428359989 144.21284082031244 0 233 2.8329 0.0 8.181805246746432 0.0 4.0 
1413 8425186.8 95.9893209593122 79.75746428359989 144.21284082031244 0 233 2.8329 0.0 8.181805246746432 0.0 4.0 
1414 8425220.2 95.9866842099224 79.75746428359989 144.21284082031244 0 233 2.8329 0.0 8.181805246746432 0.0 4.0 
1415 8425253.5 95.9866842099224 79.75746428359989 144.21284082031244 0 233 2.8329 0.0 8.181805246746432 0.0 4.0 
1416 8425286.8 95.9866842099224 79.75746428359989 144.21284082031244 0 233 2.8329 0.0 8.181805246746432 0.0 4.0 
1417 8425320.2 95.98466950984493 79.75746428359989 144.21284082031244 0 233 2.8329 0.0 8.181805246746432 0.0 4.0 
1418 8425353.5 95.98466950984493 79.7564638925508 144.21284082031244 0 233 2.8329 0.0 8.181805246746432 0.0 4.0 
1419 8425386.8 95.98466950984493 79.7564638925508 144.21284082031244 0 233 2.8329 0.0 8.181805246746432 0.0 4.0 
1420 8425420.2 95.98466950984493 79.7564638925508 144.21284082031244 0 233 2.8329 0.0 8.181805246746432 0.0 4.0 
1421 8425453.5 95.97980020651198 79.7564638925508 144.21284082031244 0 233 2.8329 0.0 8.181805246746432 0.0 4.0 
1422 8425486.8 95.97980020651198 79.7587293299081 144.21284082031244 0 233 2.8329 0.0 8.181805246746432 0.0 4.0 
1423 8425520.2 95.97980020651198 79.7587293299081 144.21284082031244 0 233 2.8329 0.0 8.181805246746432 0.0 4.0 
1424 8425553.5 95.97980020651198 79.7587293299081 144.21284082031244 0 233 2.8329 0.0 8.181805246746432 0.0 4.0 
1425 8425586.9 95.9588891044087 79.7587293299081 144.21284082031244 0 233 2.8329 0.0 8.181805246746432 0.0 4.0 
1426 8425620.2 95.9588891044087 79.76019013461725 144.21284082031244 0 233 2.8329 0.0 8.181805246746432 0.0 4.0 
1427 8425653.5 95.9588891044087 79.76019013461725 144.21284082031244 0 233 2.8329 0.0 8.181805246746432 0.0 4.0 
1428 8425686.9 95.93819780555731 79.76489407022683 144.21284082031244 0 233 2.8329 0.0 8.181805246746432 0.0 4.0 
1429 8425720.2 95.93819780555731 79.76489407022683 144.21284082031244 0 233 2.8329 0.0 8.181805246746432 0.0 4.0 
1430 8425753.5 95.93819780555731 79.76489407022683 144.21284082031244 0 233 2.8329 0.0 8.181805246746432 0.0 4.0 
1431 8425786.9 95.91560279055787 79.76826102426116 144.21284082031244 0 233 2.8329 0.0 8.181805246746432 0.0 4.0 
1432 8425820.2 95.91560279055787 79.76826102426116 144.21284082031244 0 233 2.8329 0.0 8.181805246746432 0.0 4.0 
1433 8425853.5 95.91560279055787 79.76826102426116 144.21284082031244 0 233 2.8329 0.0 8.181805246746432 0.0 4.0 
1434 8425886.9 95.90414833553214 79.76826102426116 144.21284082031244 0 233 2.8329 0.0 8.181805246746432 0.0 4.0 
1435 8425920.2 95.90414833553214 79.76987108233712 144.21284082031244 0 233 2.8329 0.0 8.181805246746432 0.0 4.0 
1436 8425953.5 95.90414833553214 79.76987108233712 144.21284082031244 0 233 2.8329 0.0 8.181805246746432 0.0 4.0 
1437 8425986.9 95.90414833553214 79.76987108233712 144.21284082031244 0 233 2.8329 0.0 8.181805246746432 0.0 4.0 
1438 8426020.2 95.8881184109132 79.76987108233712 144.21284082031244 0 233 2.8329 0.0 8.181805246746432 0.0 4.0 
1439 8426053.6 95.8881184109132 79.76987108233712 144.21284082031244 0 233 2.8329 0.0 8.181805246746432 0.0 4.0 
1440 8426086.9 95.8881184109132 79.76987108233712 144.21284082031244 0 233 2.8329 0.0 8.181805246746432 0.0 4.0 
1441 8426120.2 95.87282325943006 79.76987108233712 144.21284082031244 0 233 2.8329 0.0 8.181805246746432 0.0 4.0 
1442 8426153.6 95.87282325943006 79.77324896830979 144.21284082031244 0 233 2.8329 0.0 8.181805246746432 0.0 4.0 
1443 8426186.9 95.87282325943006 79.77324896830979 144.21284082031244 0 233 2.8329 0.0 8.181805246746432 0.0 4.0 
1444 8426220.2 95.8566542107453 79.77324896830979 144.21284082031244 0 233 2.8329 0.0 8.181805246746432 0.0 4.0 
1445 8426253.6 95.8566542107453 79.77324896830979 144.21284082031244 0 233 2.8329 0.0 8.181805246746432 0.0 4.0 
1446 8426286.9 95.8566542107453 79.77324896830979 144.21284082031244 0 233 2.8329 0.0 8.181805246746432 0.0 4.0 
1447 8426320.2 95.8468288634609 79.77324896830979 144.21284082031244 0 233 2.8329 0.0 8.181805246746432 0.0 4.0 
1448 8426353.6 95.8468288634609 79.77324896830979 144.21284082031244 0 233 2.8329 0.0 8.181805246746432 0.0 4.0 
1449 8426386.9 95.8468288634609 79.77324896830979 144.21284082031244 0 233 2.8329 0.0 8.181805246746432 0.0 4.0 
1450 8426420.3 95.84021632868281 79.7714660051456 144.21284082031244 0 233 2.8329 0.0 8.181805246746432 0.0 4.0 
1451 8426453.6 95.84021632868281 79.7714660051456 144.21284082031244 0 233 2.8329 0.0 8.181805246746432 0.0 4.0 
1452 8426486.9 95.84021632868281 79.7714660051456 144.21284082031244 0 233 2.8329 0.0 8.181805246746432 0.0 4.0 
1453 8426520.3 95.83384818608805 79.76756272607145 144.21284082031244 0 233 2.8329 0.0 8.181805246746432 0.0 4.0 
1454 8426553.6 95.83384818608805 79.76756272607145 144.21284082031244 0 233 2.8329 0.0 8.181805246746432 0.0 4.0 
1455 8426586.9 95.83384818608805 79.76756272607145 144.21284082031244 0 233 2.8329 0.0 8.181805246746432 0.0 4.0 
1456 8426620.3 95.8266978643923 79.76756272607145 144.21284082031244 0 233 2.8329 0.0 8.181805246746432 0.0 4.0 
1457 8426653.6 95.8266978643923 79.76284897569766 144.21284082031244 0 233 2.8329 0.0 8.181805246746432 0.0 4.0 
1458 8426686.9 95.8266978643923 79.76284897569766 144.21284082031244 0 233 2.8329 0.0 8.181805246746432 0.0 4.0 
1459 8426720.3 95.8266978643923 79.76284897569766 144.21284082031244 0 233 2.8329 0.0 8.181805246746432 0.0 4.0 
1460 8426753.6 95.82133549214728 79.76284897569766 144.21284082031244 0 233 2.8329 0.0 8.181805246746432 0.0 4.0 
1461 8426786.9 95.82133549214728 79.76043996771944 144.21284082031244 0 233 2.8329 0.0 8.181805246746432 0.0 4.0 
1462 8426820.3 95.82133549214728 79.76043996771944 144.21284082031244 0 233 2.8329 0.0 8.181805246746432 0.0 4.0 
1463 8426853.6 95.82133549214728 79.76043996771944 144.21284082031244 0 233 2.8329 0.0 8.181805246746432 0.0 4.0 
1464 8426887.0 95.81402066700426 79.76225036238498 144.21284082031244 0 233 2.8329 0.0 8.181805246746432 0.0 4.0 
1465 8426920.3 95.81402066700426 79.76225036238498 144.21284082031244 0 233 2.8329 0.0 8.181805246746432 0.0 4.0 
1466 8426953.6 95.81402066700426 79.76225036238498 144.21284082031244 0 233 2.8329 0.0 8.181805246746432 0.0 4.0 
1467 8426987.0 95.80610364515601 79.76225036238498 144.21284082031244 0 233 2.8329 0.0 8.181805246746432 0.0 4.0 
1468 8427020.3 95.80610364515601 79.76576386446224 144.21284082031244 0 233 2.8329 0.0 8.181805246746432 0.0 4.0 
1469 8427053.6 95.80610364515601 79.76576386446224 144.21284082031244 0 233 2.8329 0.0 8.181805246746432 0.0 4.0 
1470 8427087.0 95.80610364515601 79.76576386446224 144.21284082031244 0 233 2.8329 0.0 8.181805246746432 0.0 4.0 
1471 8427120.3 95.79595140139304 79.76576386446224 144.21284082031244 0 233 2.8329 0.0 8.181805246746432 0.0 4.0 
1472 8427153.6 95.79595140139304 79.77294880410047 144.21284082031244 0 233 2.8329 0.0 8.181805246746432 0.0 4.0 
1473 8427187.0 95.79595140139304 79.77294880410047 144.21284082031244 0 233 2.8329 0.0 8.181805246746432 0.0 4.0 
1474 8427220.3 95.79595140139304 79.77294880410047 144.21284082031244 0 233 2.8329 0.0 8.181805246746432 0.0 4.0 
1475 8427253.7 95.77454104024896 79.77294880410047 144.21284082031244 0 233 2.8329 0.0 8.181805246746432 0.0 4.0 
1476 8427287.0 95.77454104024896 79.77294880410047 144.21284082031244 0 233 2.8329 0.0 8.181805246746432 0.0 4.0 
1477 8427320.3 95.77454104024896 79.77294880410047 144.21284082031244 0 233 2.8329 0.0 8.181805246746432 0.0 4.0 
1478 8427353.7 95.76465600015779 79.77294880410047 144.21284082031244 0 233 2.8329 0.0 8.181805246746432 0.0 4.0 
1479 8427387.0 95.76465600015779 79.77294880410047 144.21284082031244 0 233 2.8329 0.0 8.181805246746432 0.0 4.0 
1480 8427420.3 95.76465600015779 79.77294880410047 144.21284082031244 0 233 2.8329 0.0 8.181805246746432 0.0 4.0 
1481 8427453.7 95.76465600015779 79.77294880410047 144.21284082031244 0 233 2.8329 0.0 8.181805246746432 0.0 4.0 
1482 8427487.0 95.75508317150329 79.77294880410047 144.21284082031244 0 233 2.8329 0.0 8.181805246746432 0.0 4.0 
1483 8427520.3 95.75508317150329 79.76790198080019 144.21284082031244 0 233 2.8329 0.0 8.181805246746432 0.0 4.0 
1484 8427553.7 95.75508317150329 79.76790198080019 144.21284082031244 0 233 2.8329 0.0 8.181805246746432 0.0 4.0 
1485 8427587.0 95.75508317150329 79.76790198080019 144.21284082031244 0 233 2.8329 0.0 8.181805246746432 0.0 4.0 
1486 8427620.3 95.74269322104001 79.76790198080019 144.21284082031244 0 233 2.8329 0.0 8.181805246746432 0.0 4.0 
1487 8427653.7 95.74269322104001 79.75630759945203 144.21284082031244 0 233 2.8329 0.0 8.181805246746432 0.0 4.0 
1488 8427687.0 95.74269322104001 79.75630759945203 144.21284082031244 0 233 2.8329 0.0 8.181805246746432 0.0 4.0 
1489 8427720.4 95.74269322104001 79.75630759945203 144.21284082031244 0 233 2.8329 0.0 8.181805246746432 0.0 4.0 
1490 8427753.7 95.73058713928849 79.75630759945203 144.21284082031244 0 233 2.8329 0.0 8.181805246746432 0.0 4.0 
1491 8427787.0 95.73058713928849 79.74487895901397 144.21284082031244 0 233 2.8329 0.0 8.181805246746432 0.0 4.0 
1492 8427820.4 95.73058713928849 79.74487895901397 144.21284082031244 0 233 2.8329 0.0 8.181805246746432 0.0 4.0 
1493 8427853.7 95.73058713928849 79.74487895901397 144.21284082031244 0 233 2.8329 0.0 8.181805246746432 0.0 4.0 
1494 8427887.0 95.72103032220788 79.74487895901397 144.21284082031244 0 233 2.8329 0.0 8.181805246746432 0.0 4.0 
1495 8427920.4 95.72103032220788 79.73271469783255 144.21284082031244 0 233 2.8329 0.0 8.181805246746432 0.0 4.0 
1496 8427953.7 95.72103032220788 79.73271469783255 144.21284082031244 0 233 2.8329 0.0 8.181805246746432 0.0 4.0 
1497 8427987.0 95.72103032220788 79.73271469783255 144.21284082031244 0 233 2.8329 0.0 8.181805246746432 0.0 4.0 
1498 8428020.4 95.70995064663751 79.73271469783255 144.21284082031244 0 233 2.8329 0.0 8.181805246746432 0.0 4.0 
1499 8428053.7 95.70995064663751 79.72520716455023 144.21284082031244 0 233 2.8329 0.0 8.181805246746432 0.0 4.0 
1500 8428087.1 95.70995064663751 79.72520716455023 144.21284082031244 0 233 2.8329 0.0 8.181805246746432 0.0 4.0 
1501 8428120.4 95.70995064663751 79.72520716455023 144.21284082031244 0 233 2.8329 0.0 8.181805246746432 0.0 4.0 
1502 8428153.7 95.70239187839913 79.72520716455023 144.21284082031244 0 233 2.8329 0.0 8.181805246746432 0.0 4.0 
1503 8428187.1 95.70239187839913 79.72036350294854 144.21284082031244 0 233 2.8329 0.0 8.181805246746432 0.0 4.0 
1504 8428220.4 95.70239187839913 79.72036350294854 144.21284082031244 0 233 2.8329 0.0 8.181805246746432 0.0 4.0 
1505 8428253.7 95.6958024753013 79.72036350294854 144.21284082031244 0 233 2.8329 0.0 8.181805246746432 0.0 4.0 
1506 8428287.1 95.6958024753013 79.71493523902613 144.21284082031244 0 233 2.8329 0.0 8.181805246746432 0.0 4.0 
1507 8428320.4 95.6958024753013 79.71493523902613 144.21284082031244 0 233 2.8329 0.0 8.181805246746432 0.0 4.0 
1508 8428353.7 95.69119873072191 79.71493523902613 144.21284082031244 0 233 2.8329 0.0 8.181805246746432 0.0 4.0 
1509 8428387.1 95.69119873072191 79.7119508164003 144.21284082031244 0 233 2.8329 0.0 8.181805246746432 0.0 4.0 
1510 8428420.4 95.69119873072191 79.7119508164003 144.21284082031244 0 233 2.8329 0.0 8.181805246746432 0.0 4.0 
1511 8428453.7 95.6845104589473 79.70790349906214 144.21284082031244 0 233 2.8329 0.0 8.181805246746432 0.0 4.0 
1512 8428487.1 95.6845104589473 79.70790349906214 144.21284082031244 0 233 2.8329 0.0 8.181805246746432 0.0 4.0 
1513 8428520.4 95.6845104589473 79.70790349906214 144.21284082031244 0 233 2.8329 0.0 8.181805246746432 0.0 4.0 
1514 8428553.8 95.67894215649211 79.70790349906214 144.21284082031244 0 233 2.8329 0.0 8.181805246746432 0.0 4.0 
1515 8428587.1 95.67894215649211 79.70202655222829 144.21284082031244 0 233 2.8329 0.0 8.181805246746432 0.0 4.0 
1516 8428620.4 95.67894215649211 79.70202655222829 144.21284082031244 0 233 2.8329 0.0 8.181805246746432 0.0 4.0 
1517 8428653.8 95.67894215649211 79.70202655222829 144.21284082031244 0 233 2.8329 0.0 8.181805246746432 0.0 4.0 
1518 8428687.1 95.66641226753424 79.70202655222829 144.21284082031244 0 233 2.8329 0.0 8.181805246746432 0.0 4.0 
1519 8428720.4 95.66641226753424 79.690217531943 144.21284082031244 0 233 2.8329 0.0 8.181805246746432 0.0 4.0 
1520 8428753.8 95.66641226753424 79.690217531943 144.21284082031244 0 233 2.8329 0.0 8.181805246746432 0.0 4.0 
1521 8428787.1 95.66641226753424 79.690217531943 144.21284082031244 0 233 2.8329 0.0 8.181805246746432 0.0 4.0 
1522 8428820.4 95.65853125488412 79.6831501458458 144.21284082031244 0 233 2.8329 0.0 8.181805246746432 0.0 4.0 
1523 8428853.8 95.65853125488412 79.6831501458458 144.21284082031244 0 233 2.8329 0.0 8.181805246746432 0.0 4.0 
1524 8428887.1 95.65853125488412 79.6831501458458 144.21284082031244 0 233 2.8329 0.0 8.181805246746432 0.0 4.0 
1525 8428920.5 95.65853125488412 79.6831501458458 144.21284082031244 0 233 2.8329 0.0 8.181805246746432 0.0 4.0 
1526 8428953.8 95.65365568647411 79.6831501458458 144.21284082031244 0 233 2.8329 0.0 8.181805246746432 0.0 4.0 
1527 8428987.1 95.65365568647411 79.6796834154542 144.21284082031244 0 233 2.8329 0.0 8.181805246746432 0.0 4.0 
1528 8429020.5 95.65365568647411 79.6796834154542 144.21284082031244 0 233 2.8329 0.0 8.181805246746432 0.0 4.0 
1529 8429053.8 95.64710351851126 79.6796834154542 144.21284082031244 0 233 2.8329 0.0 8.181805246746432 0.0 4.0 
1530 8429087.1 95.64710351851126 79.67589437213373 144.21284082031244 0 233 2.8329 0.0 8.181805246746432 0.0 4.0 
1531 8429120.5 95.64710351851126 79.67589437213373 144.21284082031244 0 233 2.8329 0.0 8.181805246746432 0.0 4.0 
1532 8429153.8 95.64710351851126 79.67589437213373 144.21284082031244 0 233 2.8329 0.0 8.181805246746432 0.0 4.0 
1533 8429187.1 95.64010339581198 79.67216176829666 144.21284082031244 0 233 2.8329 0.0 8.181805246746432 0.0 4.0 
1534 8429220.5 95.64010339581198 79.67216176829666 144.21284082031244 0 233 2.8329 0.0 8.181805246746432 0.0 4.0 
1535 8429253.8 95.64010339581198 79.67216176829666 144.21284082031244 0 233 2.8329 0.0 8.181805246746432 0.0 4.0 
1536 8429287.1 95.64010339581198 79.67216176829666 144.21284082031244 0 233 2.8329 0.0 8.181805246746432 0.0 4.0 
1537 8429320.5 95.63155131656686 79.66777624557932 144.21284082031244 0 233 2.8329 0.0 8.181805246746432 0.0 4.0 
1538 8429353.8 95.63155131656686 79.66777624557932 144.21284082031244 0 233 2.8329 0.0 8.181805246746432 0.0 4.0 
1539 8429387.2 95.63155131656686 79.66777624557932 144.21284082031244 0 233 2.8329 0.0 8.181805246746432 0.0 4.0 
1540 8429420.5 95.62904648097124 79.66777624557932 144.21284082031244 0 233 2.8329 0.0 8.181805246746432 0.0 4.0 
1541 8429453.8 95.62904648097124 79.66664166709933 144.21284082031244 0 233 2.8329 0.0 8.181805246746432 0.0 4.0 
1542 8429487.2 95.62904648097124 79.66664166709933 144.21284082031244 0 233 2.8329 0.0 8.181805246746432 0.0 4.0 
1543 8429520.5 95.62667296339926 79.66664166709933 144.21284082031244 0 233 2.8329 0.0 8.181805246746432 0.0 4.0 
1544 8429553.8 95.62667296339926 79.66206781844653 144.21284082031244 0 233 2.8329 0.0 8.181805246746432 0.0 4.0 
1545 8429587.2 95.62667296339926 79.66206781844653 144.21284082031244 0 233 2.8329 0.0 8.181805246746432 0.0 4.0 
1546 8429620.5 95.62667296339926 79.66206781844653 144.21284082031244 0 233 2.8329 0.0 8.181805246746432 0.0 4.0 
1547 8429653.8 95.62667296339926 79.65538332112142 144.21284082031244 0 233 2.8329 0.0 8.181805246746432 0.0 4.0 
1548 8429687.2 95.62667296339926 79.65538332112142 144.21284082031244 0 233 2.8329 0.0 8.181805246746432 0.0 4.0 
1549 8429720.5 95.62667296339926 79.65538332112142 144.21284082031244 0 233 2.8329 0.0 8.181805246746432 0.0 4.0 
1550 8429753.9 95.62514884470956 79.65538332112142 144.21284082031244 0 233 2.8329 0.0 8.181805246746432 0.0 4.0 
1551 8429787.2 95.62514884470956 79.63809878375051 144.21284082031244 0 233 2.8329 0.0 8.181805246746432 0.0 4.0 
1552 8429820.5 95.62514884470956 79.63809878375051 144.21284082031244 0 233 2.8329 0.0 8.181805246746432 0.0 4.0 
1553 8429853.9 95.62514884470956 79.63809878375051 144.21284082031244 0 233 2.8329 0.0 8.181805246746432 0.0 4.0 
1554 8429887.2 95.6232447182393 79.63809878375051 144.21284082031244 0 233 2.8329 0.0 8.181805246746432 0.0 4.0 
1555 8429920.5 95.6232447182393 79.61093869447302 144.21284082031244 0 233 2.8329 0.0 8.181805246746432 0.0 4.0 
1556 8429953.9 95.6232447182393 79.61093869447302 144.21284082031244 0 233 2.8329 0.0 8.181805246746432 0.0 4.0 
1557 8429987.2 95.6232447182393 79.61093869447302 144.21284082031244 0 233 2.8329 0.0 8.181805246746432 0.0 4.0 
1558 8430020.5 95.62677019999198 79.58888130957567 144.21284082031244 0 233 2.8329 0.0 8.181805246746432 0.0 4.0 
1559 8430053.9 95.62677019999198 79.58888130957567 144.21284082031244 0 233 2.8329 0.0 8.181805246746432 0.0 4.0 
1560 8430087.2 95.62677019999198 79.58888130957567 144.21284082031244 0 233 2.8329 0.0 8.181805246746432 0.0 4.0 
1561 8430120.5 95.63119705171974 79.58888130957567 144.21284082031244 0 233 2.8329 0.0 8.181805246746432 0.0 4.0 
1562 8430153.9 95.63119705171974 79.57441289351077 144.21284082031244 0 233 2.8329 0.0 8.181805246746432 0.0 4.0 
1563 8430187.2 95.63119705171974 79.57441289351077 144.21284082031244 0 233 2.8329 0.0 8.181805246746432 0.0 4.0 
1564 8430220.6 95.63119705171974 79.57441289351077 144.21284082031244 0 233 2.8329 0.0 8.181805246746432 0.0 4.0 
1565 8430253.9 95.63646274024836 79.57441289351077 144.21284082031244 0 233 2.8329 0.0 8.181805246746432 0.0 4.0 
1566 8430287.2 95.63646274024836 79.55724447161107 144.21284082031244 0 233 2.8329 0.0 8.181805246746432 0.0 4.0 
1567 8430320.6 95.63646274024836 79.55724447161107 144.21284082031244 0 233 2.8329 0.0 8.181805246746432 0.0 4.0 
1568 8430353.9 95.63646274024836 79.55724447161107 144.21284082031244 0 233 2.8329 0.0 8.181805246746432 0.0 4.0 
1569 8430387.2 95.63646274024836 79.53336526775584 144.21284082031244 0 233 2.8329 0.0 8.181805246746432 0.0 4.0 
1570 8430420.6 95.63646274024836 79.53336526775584 144.21284082031244 0 233 2.8329 0.0 8.181805246746432 0.0 4.0 
1571 8430453.9 95.63646274024836 79.53336526775584 144.21284082031244 0 233 2.8329 0.0 8.181805246746432 0.0 4.0 
1572 8430487.2 95.63488293632174 79.53336526775584 144.21284082031244 0 233 2.8329 0.0 8.181805246746432 0.0 4.0 
1573 8430520.6 95.63488293632174 79.5255006875235 144.21284082031244 0 233 2.8329 0.0 8.181805246746432 0.0 4.0 
1574 8430553.9 95.63488293632174 79.5255006875235 144.21284082031244 0 233 2.8329 0.0 8.181805246746432 0.0 4.0 
1575 8430587.3 95.63018507062522 79.5255006875235 144.21284082031244 0 233 2.8329 0.0 8.181805246746432 0.0 4.0 
1576 8430620.6 95.63018507062522 79.51288191088342 144.21284082031244 0 233 2.8329 0.0 8.181805246746432 0.0 4.0 
1577 8430653.9 95.63018507062522 79.51288191088342 144.21284082031244 0 233 2.8329 0.0 8.181805246746432 0.0 4.0 
1578 8430687.3 95.63018507062522 79.51288191088342 144.21284082031244 0 233 2.8329 0.0 8.181805246746432 0.0 4.0 
1579 8430720.6 95.63013183593745 79.51254199218747 144.16521582031243 0 233 2.8329 0.0 8.181805246746432 0.0 4.0 
1580 8430753.9 95.63013183593745 79.49815793259197 144.16521582031243 0 233 2.8329 0.0 8.181805246746432 0.0 4.0 
1581 8430787.3 95.63013183593745 79.49815793259197 144.16521582031243 0 233 2.8329 0.0 8.181805246746432 0.0 4.0 
1582 8430820.6 95.62426308519676 79.49815793259197 144.16521582031243 0 233 2.8329 0.0 8.181805246746432 0.0 4.0 
1583 8430853.9 95.62426308519676 79.49126252117915 144.16521582031243 0 233 2.8329 0.0 8.181805246746432 0.0 4.0 
1584 8430887.3 95.62426308519676 79.49126252117915 144.16521582031243 0 233 2.8329 0.0 8.181805246746432 0.0 4.0 
1585 8430920.6 95.62426308519676 79.49126252117915 144.16521582031243 0 233 2.8329 0.0 8.181805246746432 0.0 4.0 
1586 8430953.9 95.61565040386759 79.49126252117915 144.16521582031243 0 233 2.8329 0.0 8.181805246746432 0.0 4.0 
1587 8430987.3 95.61565040386759 79.47774315963181 144.16521582031243 0 233 2.8329 0.0 8.181805246746432 0.0 4.0 
1588 8431020.6 95.61565040386759 79.47774315963181 144.16521582031243 0 233 2.8329 0.0 8.181805246746432 0.0 4.0 
1589 8431054.0 95.61565040386759 79.47774315963181 144.16521582031243 0 233 2.8329 0.0 8.181805246746432 0.0 4.0 
1590 8431087.3 95.60879091737242 79.46723364366453 144.16521582031243 0 233 2.8329 0.0 8.181805246746432 0.0 4.0 
1591 8431120.6 95.60879091737242 79.46723364366453 144.16521582031243 0 233 2.8329 0.0 8.181805246746432 0.0 4.0 
1592 8431154.0 95.60879091737242 79.46723364366453 144.16521582031243 0 233 2.8329 0.0 8.181805246746432 0.0 4.0 
1593 8431187.3 95.60166809484532 79.46723364366453 144.16521582031243 0 233 2.8329 0.0 8.181805246746432 0.0 4.0 
1594 8431220.6 95.60166809484532 79.45566243998302 144.16521582031243 0 233 2.8329 0.0 8.181805246746432 0.0 4.0 
1595 8431254.0 95.60166809484532 79.45566243998302 144.16521582031243 0 233 2.8329 0.0 8.181805246746432 0.0 4.0 
1596 8431287.3 95.59618559623972 79.45566243998302 144.16521582031243 0 233 2.8329 0.0 8.181805246746432 0.0 4.0 
1597 8431320.6 95.59618559623972 79.44726748305118 144.16521582031243 0 233 2.8329 0.0 8.181805246746432 0.0 4.0 
1598 8431354.0 95.59618559623972 79.44726748305118 144.16521582031243 0 233 2.8329 0.0 8.181805246746432 0.0 4.0 
1599 8431387.3 95.59618559623972 79.44726748305118 144.16521582031243 0 233 2.8329 0.0 8.181805246746432 0.0 4.0 
1600 8431420.7 95.5784441948778 79.42985048079724 144.16521582031243 0 233 2.8329 0.0 8.181805246746432 0.0 4.0 
1601 8431454.0 95.5784441948778 79.42985048079724 144.16521582031243 0 233 2.8329 0.0 8.181805246746432 0.0 4.0 
1602 8431487.3 95.5784441948778 79.42985048079724 144.16521582031243 0 233 2.8329 0.0 8.181805246746432 0.0 4.0 
1603 8431520.7 95.5784441948778 79.42985048079724 144.16521582031243 0 233 2.8329 0.0 8.181805246746432 0.0 4.0 
1604 8431554.0 95.56136258750612 79.42985048079724 144.16521582031243 0 233 2.8329 0.0 8.181805246746432 0.0 4.0 
1605 8431587.3 95.56136258750612 79.41860959268092 144.16521582031243 0 233 2.8329 0.0 8.181805246746432 0.0 4.0 
1606 8431620.7 95.56136258750612 79.41860959268092 144.16521582031243 0 233 2.8329 0.0 8.181805246746432 0.0 4.0 
1607 8431654.0 95.56136258750612 79.41860959268092 144.16521582031243 0 233 2.8329 0.0 8.181805246746432 0.0 4.0 
1608 8431687.3 95.53948748928644 79.41860959268092 144.16521582031243 0 233 2.8329 0.0 8.181805246746432 0.0 4.0 
1609 8431720.7 95.53948748928644 79.41103646087696 144.16521582031243 0 233 2.8329 0.0 8.181805246746432 0.0 4.0 
1610 8431754.0 95.53948748928644 79.41103646087696 144.16521582031243 0 233 2.8329 0.0 8.181805246746432 0.0 4.0 
1611 8431787.3 95.52520656732467 79.40819913603966 144.16521582031243 0 233 2.8329 0.0 8.181805246746432 0.0 4.0 
1612 8431820.7 95.52520656732467 79.40819913603966 144.16521582031243 0 233 2.8329 0.0 8.181805246746432 0.0 4.0 
1613 8431854.0 95.52520656732467 79.40819913603966 144.16521582031243 0 233 2.8329 0.0 8.181805246746432 0.0 4.0 
1614 8431887.4 95.5113078307788 79.40593015834736 144.16521582031243 0 233 2.8329 0.0 8.181805246746432 0.0 4.0 
1615 8431920.7 95.5113078307788 79.40593015834736 144.16521582031243 0 233 2.8329 0.0 8.181805246746432 0.0 4.0 
1616 8431954.0 95.5113078307788 79.40593015834736 144.16521582031243 0 233 2.8329 0.0 8.181805246746432 0.0 4.0 
1617 8431987.4 95.50121008416782 79.40593015834736 144.16521582031243 0 233 2.8329 0.0 8.181805246746432 0.0 4.0 
1618 8432020.7 95.50121008416782 79.4024212220863 144.16521582031243 0 233 2.8329 0.0 8.181805246746432 0.0 4.0 
1619 8432054.0 95.50121008416782 79.4024212220863 144.16521582031243 0 233 2.8329 0.0 8.181805246746432 0.0 4.0 
1620 8432087.4 95.50121008416782 79.4024212220863 144.16521582031243 0 233 2.8329 0.0 8.181805246746432 0.0 4.0 
1621 8432120.7 95.49146695674034 79.4024212220863 144.16521582031243 0 233 2.8329 0.0 8.181805246746432 0.0 4.0 
1622 8432154.0 95.49146695674034 79.39981076491529 144.16521582031243 0 233 2.8329 0.0 8.181805246746432 0.0 4.0 
1623 8432187.4 95.49146695674034 79.39981076491529 144.16521582031243 0 233 2.8329 0.0 8.181805246746432 0.0 4.0 
1624 8432220.7 95.49146695674034 79.39981076491529 144.16521582031243 0 233 2.8329 0.0 8.181805246746432 0.0 4.0 
1625 8432254.1 95.47526742148591 79.39981076491529 144.16521582031243 0 233 2.8329 0.0 8.181805246746432 0.0 4.0 
1626 8432287.4 95.47526742148591 79.39981076491529 144.16521582031243 0 233 2.8329 0.0 8.181805246746432 0.0 4.0 
1627 8432320.7 95.47526742148591 79.39981076491529 144.16521582031243 0 233 2.8329 0.0 8.181805246746432 0.0 4.0 
1628 8432354.1 95.46109650642673 79.39981076491529 144.16521582031243 0 233 2.8329 0.0 8.181805246746432 0.0 4.0 
1629 8432387.4 95.46109650642673 79.39854744883445 144.16521582031243 0 233 2.8329 0.0 8.181805246746432 0.0 4.0 
1630 8432420.7 95.46109650642673 79.39854744883445 144.16521582031243 0 233 2.8329 0.0 8.181805246746432 0.0 4.0 
1631 8432454.1 95.44897122602173 79.39854744883445 144.16521582031243 0 233 2.8329 0.0 8.181805246746432 0.0 4.0 
1632 8432487.4 95.44897122602173 79.3964832601002 144.16521582031243 0 233 2.8329 0.0 8.181805246746432 0.0 4.0 
1633 8432520.7 95.44897122602173 79.3964832601002 144.16521582031243 0 233 2.8329 0.0 8.181805246746432 0.0 4.0 
1634 8432554.1 95.44897122602173 79.3964832601002 144.16521582031243 0 233 2.8329 0.0 8.181805246746432 0.0 4.0 
1635 8432587.4 95.43863443657463 79.3964832601002 144.16521582031243 0 233 2.8329 0.0 8.181805246746432 0.0 4.0 
1636 8432620.7 95.43863443657463 79.394275337949 144.16521582031243 0 233 2.8329 0.0 8.181805246746432 0.0 4.0 
1637 8432654.1 95.43863443657463 79.394275337949 144.16521582031243 0 233 2.8329 0.0 8.181805246746432 0.0 4.0 
1638 8432687.4 95.43863443657463 79.394275337949 144.16521582031243 0 233 2.8329 0.0 8.181805246746432 0.0 4.0 
1639 8432720.8 95.41963056983205 79.394275337949 144.16521582031243 0 233 2.8329 0.0 8.181805246746432 0.0 4.0 
1640 8432754.1 95.41963056983205 79.394275337949 144.16521582031243 0 233 2.8329 0.0 8.181805246746432 0.0 4.0 
1641 8432787.4 95.41963056983205 79.394275337949 144.16521582031243 0 233 2.8329 0.0 8.181805246746432 0.0 4.0 
1642 8432820.8 95.41963056983205 79.394275337949 144.16521582031243 0 233 2.8329 0.0 8.181805246746432 0.0 4.0 
1643 8432854.1 95.4018359771106 79.394275337949 144.16521582031243 0 233 2.8329 0.0 8.181805246746432 0.0 4.0 
1644 8432887.4 95.4018359771106 79.39858348741008 144.16521582031243 0 233 2.8329 0.0 8.181805246746432 0.0 4.0 
1645 8432920.8 95.4018359771106 79.39858348741008 144.16521582031243 0 233 2.8329 0.0 8.181805246746432 0.0 4.0 
1646 8432954.1 95.4018359771106 79.39858348741008 144.16521582031243 0 233 2.8329 0.0 8.181805246746432 0.0 4.0 
1647 8432987.4 95.37454737759677 79.40137143450299 144.16521582031243 0 233 2.8329 0.0 8.181805246746432 0.0 4.0 
1648 8433020.8 95.37454737759677 79.40137143450299 144.16521582031243 0 233 2.8329 0.0 8.181805246746432 0.0 4.0 
1649 8433054.1 95.37454737759677 79.40137143450299 144.16521582031243 0 233 2.8329 0.0 8.181805246746432 0.0 4.0 
1650 8433087.5 95.37454737759677 79.40137143450299 144.16521582031243 0 233 2.8329 0.0 8.181805246746432 0.0 4.0 
1651 8433120.8 95.36096037226415 79.40137143450299 144.16521582031243 0 233 2.8329 0.0 8.181805246746432 0.0 4.0 
1652 8433154.1 95.36096037226415 79.39898747912211 144.16521582031243 0 233 2.8329 0.0 8.181805246746432 0.0 4.0 
1653 8433187.5 95.36096037226415 79.39898747912211 144.16521582031243 0 233 2.8329 0.0 8.181805246746432 0.0 4.0 
1654 8433220.8 95.34193916706185 79.39898747912211 144.16521582031243 0 233 2.8329 0.0 8.181805246746432 0.0 4.0 
1655 8433254.1 95.34193916706185 79.3906660909751 144.16521582031243 0 233 2.8329 0.0 8.181805246746432 0.0 4.0 
1656 8433287.5 95.34193916706185 79.3906660909751 144.16521582031243 0 233 2.8329 0.0 8.181805246746432 0.0 4.0 
1657 8433320.8 95.32232041580194 79.37901676147521 144.16521582031243 0 233 2.8329 0.0 8.181805246746432 0.0 4.0 
1658 8433354.1 95.32232041580194 79.37901676147521 144.16521582031243 0 233 2.8329 0.0 8.181805246746432 0.0 4.0 
1659 8433387.5 95.32232041580194 79.37901676147521 144.16521582031243 0 233 2.8329 0.0 8.181805246746432 0.0 4.0 
1660 8433420.8 95.30926870036893 79.37130548914004 144.16521582031243 0 233 2.8329 0.0 8.181805246746432 0.0 4.0 
1661 8433454.1 95.30926870036893 79.37130548914004 144.16521582031243 0 233 2.8329 0.0 8.181805246746432 0.0 4.0 
1662 8433487.5 95.30926870036893 79.37130548914004 144.16521582031243 0 233 2.8329 0.0 8.181805246746432 0.0 4.0 
1663 8433520.8 95.30926870036893 79.37130548914004 144.16521582031243 0 233 2.8329 0.0 8.181805246746432 0.0 4.0 
1664 8433554.2 95.28837136982851 79.37130548914004 144.16521582031243 0 233 2.8329 0.0 8.181805246746432 0.0 4.0 
1665 8433587.5 95.28837136982851 79.35677120539752 144.16521582031243 0 233 2.8329 0.0 8.181805246746432 0.0 4.0 
1666 8433620.8 95.28837136982851 79.35677120539752 144.16521582031243 0 233 2.8329 0.0 8.181805246746432 0.0 4.0 
1667 8433654.2 95.27408157241723 79.35677120539752 144.16521582031243 0 233 2.8329 0.0 8.181805246746432 0.0 4.0 
1668 8433687.5 95.27408157241723 79.34761877526957 144.16521582031243 0 233 2.8329 0.0 8.181805246746432 0.0 4.0 
1669 8433720.8 95.27408157241723 79.34761877526957 144.16521582031243 0 233 2.8329 0.0 8.181805246746432 0.0 4.0 
1670 8433754.2 95.27408157241723 79.34761877526957 144.16521582031243 0 233 2.8329 0.0 8.181805246746432 0.0 4.0 
1671 8433787.5 95.2575158975356 79.33794711734565 144.16521582031243 0 233 2.8329 0.0 8.181805246746432 0.0 4.0 
1672 8433820.8 95.2575158975356 79.33794711734565 144.16521582031243 0 233 2.8329 0.0 8.181805246746432 0.0 4.0 
1673 8433854.2 95.2575158975356 79.33794711734565 144.16521582031243 0 233 2.8329 0.0 8.181805246746432 0.0 4.0 
1674 8433887.5 95.24681588514613 79.33794711734565 144.16521582031243 0 233 2.8329 0.0 8.181805246746432 0.0 4.0 
1675 8433920.9 95.24681588514613 79.33038383680007 144.16521582031243 0 233 2.8329 0.0 8.181805246746432 0.0 4.0 
1676 8433954.2 95.24681588514613 79.33038383680007 144.16521582031243 0 233 2.8329 0.0 8.181805246746432 0.0 4.0 
1677 8433987.5 95.24681588514613 79.33038383680007 144.16521582031243 0 233 2.8329 0.0 8.181805246746432 0.0 4.0 
1678 8434020.9 95.23174745384381 79.33038383680007 144.16521582031243 0 233 2.8329 0.0 8.181805246746432 0.0 4.0 
1679 8434054.2 95.23174745384381 79.31624342127277 144.16521582031243 0 233 2.8329 0.0 8.181805246746432 0.0 4.0 
1680 8434087.5 95.23174745384381 79.31624342127277 144.16521582031243 0 233 2.8329 0.0 8.181805246746432 0.0 4.0 
1681 8434120.9 95.21917472243086 79.30024144861679 144.16521582031243 0 233 2.8329 0.0 8.181805246746432 0.0 4.0 
1682 8434154.2 95.21917472243086 79.30024144861679 144.16521582031243 0 233 2.8329 0.0 8.181805246746432 0.0 4.0 
1683 8434187.5 95.21917472243086 79.30024144861679 144.16521582031243 0 233 2.8329 0.0 8.181805246746432 0.0 4.0 
1684 8434220.9 95.21313001823077 79.30024144861679 144.16521582031243 0 233 2.8329 0.0 8.181805246746432 0.0 4.0 
1685 8434254.2 95.21313001823077 79.29169775503533 144.16521582031243 0 233 2.8329 0.0 8.181805246746432 0.0 4.0 
1686 8434287.5 95.21313001823077 79.29169775503533 144.16521582031243 0 233 2.8329 0.0 8.181805246746432 0.0 4.0 
1687 8434320.9 95.21313001823077 79.29169775503533 144.16521582031243 0 233 2.8329 0.0 8.181805246746432 0.0 4.0 
1688 8434354.2 95.20068598974557 79.29169775503533 144.16521582031243 0 233 2.8329 0.0 8.181805246746432 0.0 4.0 
1689 8434387.6 95.20068598974557 79.27959134716278 144.16521582031243 0 233 2.8329 0.0 8.181805246746432 0.0 4.0 
1690 8434420.9 95.20068598974557 79.27959134716278 144.16521582031243 0 233 2.8329 0.0 8.181805246746432 0.0 4.0 
1691 8434454.2 95.20068598974557 79.27959134716278 144.16521582031243 0 233 2.8329 0.0 8.181805246746432 0.0 4.0 
1692 8434487.6 95.18948644798428 79.27186397643837 144.16521582031243 0 233 2.8329 0.0 8.181805246746432 0.0 4.0 
1693 8434520.9 95.18948644798428 79.27186397643837 144.16521582031243 0 233 2.8329 0.0 8.181805246746432 0.0 4.0 
1694 8434554.2 95.18948644798428 79.27186397643837 144.16521582031243 0 233 2.8329 0.0 8.181805246746432 0.0 4.0 
1695 8434587.6 95.18948644798428 79.27186397643837 144.16521582031243 0 233 2.8329 0.0 8.181805246746432 0.0 4.0 
1696 8434620.9 95.16744279711331 79.27186397643837 144.16521582031243 0 233 2.8329 0.0 8.181805246746432 0.0 4.0 
1697 8434654.2 95.16744279711331 79.26131577003389 144.16521582031243 0 233 2.8329 0.0 8.181805246746432 0.0 4.0 
1698 8434687.6 95.16744279711331 79.26131577003389 144.16521582031243 0 233 2.8329 0.0 8.181805246746432 0.0 4.0 
1699 8434720.9 95.16744279711331 79.26131577003389 144.16521582031243 0 233 2.8329 0.0 8.181805246746432 0.0 4.0 
1700 8434754.3 95.16744279711331 79.26131577003389 144.16521582031243 0 233 2.8329 0.0 8.181805246746432 0.0 4.0 
1701 8434787.6 95.1474887376099 79.26131577003389 144.16521582031243 0 233 2.8329 0.0 8.181805246746432 0.0 4.0 
1702 8434820.9 95.1474887376099 79.25592435024522 144.16521582031243 0 233 2.8329 0.0 8.181805246746432 0.0 4.0 
1703 8434854.3 95.1474887376099 79.25592435024522 144.16521582031243 0 233 2.8329 0.0 8.181805246746432 0.0 4.0 
1704 8434887.6 95.12159972028785 79.25592435024522 144.16521582031243 0 233 2.8329 0.0 8.181805246746432 0.0 4.0 
1705 8434920.9 95.12159972028785 79.25592435024522 144.16521582031243 0 233 2.8329 0.0 8.181805246746432 0.0 4.0 
1706 8434954.3 95.12159972028785 79.25592435024522 144.16521582031243 0 233 2.8329 0.0 8.181805246746432 0.0 4.0 
1707 8434987.6 95.1063052380318 79.25879055040615 144.16521582031243 0 233 2.8329 0.0 8.181805246746432 0.0 4.0 
1708 8435020.9 95.1063052380318 79.25879055040615 144.16521582031243 0 233 2.8329 0.0 8.181805246746432 0.0 4.0 
1709 8435054.3 95.1063052380318 79.25879055040615 144.16521582031243 0 233 2.8329 0.0 8.181805246746432 0.0 4.0 
1710 8435087.6 95.09619264765848 79.25879055040615 144.16521582031243 0 233 2.8329 0.0 8.181805246746432 0.0 4.0 
1711 8435120.9 95.09619264765848 79.26411550323714 144.16521582031243 0 233 2.8329 0.0 8.181805246746432 0.0 4.0 
1712 8435154.3 95.09619264765848 79.26411550323714 144.16521582031243 0 233 2.8329 0.0 8.181805246746432 0.0 4.0 
1713 8435187.6 95.07586236584693 79.26411550323714 144.16521582031243 0 233 2.8329 0.0 8.181805246746432 0.0 4.0 
1714 8435221.0 95.07586236584693 79.27188948563922 144.16521582031243 0 233 2.8329 0.0 8.181805246746432 0.0 4.0 
1715 8435254.3 95.07586236584693 79.27188948563922 144.16521582031243 0 233 2.8329 0.0 8.181805246746432 0.0 4.0 
1716 8435287.6 95.07586236584693 79.27188948563922 144.16521582031243 0 233 2.8329 0.0 8.181805246746432 0.0 4.0 
1717 8435321.0 95.06060426361255 79.27188948563922 144.16521582031243 0 233 2.8329 0.0 8.181805246746432 0.0 4.0 
1718 8435354.3 95.06060426361255 79.27550706081466 144.16521582031243 0 233 2.8329 0.0 8.181805246746432 0.0 4.0 
1719 8435387.6 95.06060426361255 79.27550706081466 144.16521582031243 0 233 2.8329 0.0 8.181805246746432 0.0 4.0 
1720 8435421.0 95.06060426361255 79.27550706081466 144.16521582031243 0 233 2.8329 0.0 8.181805246746432 0.0 4.0 
1721 8435454.3 95.04462493422429 79.27550706081466 144.16521582031243 0 233 2.8329 0.0 8.181805246746432 0.0 4.0 
1722 8435487.6 95.04462493422429 79.27722255549313 144.16521582031243 0 233 2.8329 0.0 8.181805246746432 0.0 4.0 
1723 8435521.0 95.04462493422429 79.27722255549313 144.16521582031243 0 233 2.8329 0.0 8.181805246746432 0.0 4.0 
1724 8435554.3 95.0349557579593 79.27722255549313 144.16521582031243 0 233 2.8329 0.0 8.181805246746432 0.0 4.0 
1725 8435587.7 95.0349557579593 79.28088801146787 144.16521582031243 0 233 2.8329 0.0 8.181805246746432 0.0 4.0 
1726 8435621.0 95.0349557579593 79.28088801146787 144.16521582031243 0 233 2.8329 0.0 8.181805246746432 0.0 4.0 
1727 8435654.3 95.0349557579593 79.28088801146787 144.16521582031243 0 233 2.8329 0.0 8.181805246746432 0.0 4.0 
1728 8435687.7 95.0222379358094 79.28088801146787 144.16521582031243 0 233 2.8329 0.0 8.181805246746432 0.0 4.0 
1729 8435721.0 95.0222379358094 79.28919373515384 144.16521582031243 0 233 2.8329 0.0 8.181805246746432 0.0 4.0 
1730 8435754.3 95.0222379358094 79.28919373515384 144.16521582031243 0 233 2.8329 0.0 8.181805246746432 0.0 4.0 
1731 8435787.7 95.01283274084275 79.28919373515384 144.16521582031243 0 233 2.8329 0.0 8.181805246746432 0.0 4.0 
1732 8435821.0 95.01283274084275 79.2983110625423 144.16521582031243 0 233 2.8329 0.0 8.181805246746432 0.0 4.0 
1733 8435854.3 95.01283274084275 79.2983110625423 144.16521582031243 0 233 2.8329 0.0 8.181805246746432 0.0 4.0 
1734 8435887.7 95.01283274084275 79.2983110625423 144.16521582031243 0 233 2.8329 0.0 8.181805246746432 0.0 4.0 
1735 8435921.0 95.00844114097445 79.2983110625423 144.16521582031243 0 233 2.8329 0.0 8.181805246746432 0.0 4.0 
1736 8435954.3 95.00844114097445 79.3032034034509 144.16521582031243 0 233 2.8329 0.0 8.181805246746432 0.0 4.0 
1737 8435987.7 95.00844114097445 79.3032034034509 144.16521582031243 0 233 2.8329 0.0 8.181805246746432 0.0 4.0 
1738 8436021.0 95.00271420190273 79.3032034034509 144.16521582031243 0 233 2.8329 0.0 8.181805246746432 0.0 4.0 
1739 8436054.4 95.00271420190273 79.3032034034509 144.16521582031243 0 233 2.8329 0.0 8.181805246746432 0.0 4.0 
1740 8436087.7 95.00271420190273 79.3032034034509 144.16521582031243 0 233 2.8329 0.0 8.181805246746432 0.0 4.0 
1741 8436121.0 95.00112359861794 79.3032034034509 144.16521582031243 0 233 2.8329 0.0 8.181805246746432 0.0 4.0 
1742 8436154.4 95.00112359861794 79.30094287621219 144.16521582031243 0 233 2.8329 0.0 8.181805246746432 0.0 4.0 
1743 8436187.7 95.00112359861794 79.30094287621219 144.16521582031243 0 233 2.8329 0.0 8.181805246746432 0.0 4.0 
1744 8436221.0 95.00112359861794 79.30094287621219 144.16521582031243 0 233 2.8329 0.0 8.181805246746432 0.0 4.0 
1745 8436254.4 94.99947972639566 79.30094287621219 144.16521582031243 0 233 2.8329 0.0 8.181805246746432 0.0 4.0 
1746 8436287.7 94.99947972639566 79.30094287621219 144.16521582031243 0 233 2.8329 0.0 8.181805246746432 0.0 4.0 
1747 8436321.0 94.99947972639566 79.30094287621219 144.16521582031243 0 233 2.8329 0.0 8.181805246746432 0.0 4.0 
1748 8436354.4 94.99689057471709 79.30094287621219 144.16521582031243 0 233 2.8329 0.0 8.181805246746432 0.0 4.0 
1749 8436387.7 94.99689057471709 79.30198093264579 144.16521582031243 0 233 2.8329 0.0 8.181805246746432 0.0 4.0 
1750 8436421.1 94.99689057471709 79.30198093264579 144.16521582031243 0 233 2.8329 0.0 8.181805246746432 0.0 4.0 
1751 8436454.4 94.97765007860295 79.30486482319917 144.16521582031243 0 233 2.8329 0.0 8.181805246746432 0.0 4.0 
1752 8436487.7 94.97765007860295 79.30486482319917 144.16521582031243 0 233 2.8329 0.0 8.181805246746432 0.0 4.0 
1753 8436521.1 94.97765007860295 79.30486482319917 144.16521582031243 0 233 2.8329 0.0 8.181805246746432 0.0 4.0 
1754 8436554.4 94.97765007860295 79.30486482319917 144.16521582031243 0 233 2.8329 0.0 8.181805246746432 0.0 4.0 
1755 8436587.7 94.96666439016639 79.30869272002981 144.16521582031243 0 233 2.8329 0.0 8.181805246746432 0.0 4.0 
1756 8436621.1 94.96666439016639 79.30869272002981 144.16521582031243 0 233 2.8329 0.0 8.181805246746432 0.0 4.0 
1757 8436654.4 94.96666439016639 79.30869272002981 144.16521582031243 0 233 2.8329 0.0 8.181805246746432 0.0 4.0 
1758 8436687.7 94.96666439016639 79.30869272002981 144.16521582031243 0 233 2.8329 0.0 8.181805246746432 0.0 4.0 
1759 8436721.1 94.95488612705172 79.30869272002981 144.16521582031243 0 233 2.8329 0.0 8.181805246746432 0.0 4.0 
1760 8436754.4 94.95488612705172 79.31030951786641 144.16521582031243 0 233 2.8329 0.0 8.181805246746432 0.0 4.0 
1761 8436787.7 94.95488612705172 79.31030951786641 144.16521582031243 0 233 2.8329 0.0 8.181805246746432 0.0 4.0 
1762 8436821.1 94.95488612705172 79.31030951786641 144.16521582031243 0 233 2.8329 0.0 8.181805246746432 0.0 4.0 
1763 8436854.4 94.94226749643363 79.31030951786641 144.16521582031243 0 233 2.8329 0.0 8.181805246746432 0.0 4.0 
1764 8436887.8 94.94226749643363 79.31030951786641 144.16521582031243 0 233 2.8329 0.0 8.181805246746432 0.0 4.0 
1765 8436921.1 94.93193735206975 79.31030951786641 144.16521582031243 0 233 2.8329 0.0 8.181805246746432 0.0 4.0 
1766 8436954.4 94.93193735206975 79.3115399943394 144.16521582031243 0 233 2.8329 0.0 8.181805246746432 0.0 4.0 
1767 8436987.8 94.93193735206975 79.3115399943394 144.16521582031243 0 233 2.8329 0.0 8.181805246746432 0.0 4.0 
1768 8437021.1 94.93193735206975 79.3115399943394 144.16521582031243 0 233 2.8329 0.0 8.181805246746432 0.0 4.0 
1769 8437054.4 94.92789622552884 79.3115399943394 144.16521582031243 0 233 2.8329 0.0 8.181805246746432 0.0 4.0 
1770 8437087.8 94.92789622552884 79.31256666130953 144.16521582031243 0 233 2.8329 0.0 8.181805246746432 0.0 4.0 
1771 8437121.1 94.92789622552884 79.31256666130953 144.16521582031243 0 233 2.8329 0.0 8.181805246746432 0.0 4.0 
1772 8437154.4 94.92789622552884 79.31256666130953 144.16521582031243 0 233 2.8329 0.0 8.181805246746432 0.0 4.0 
1773 8437187.8 94.91924412572843 79.31256666130953 144.16521582031243 0 233 2.8329 0.0 8.181805246746432 0.0 4.0 
1774 8437221.1 94.91924412572843 79.31256666130953 144.16521582031243 0 233 2.8329 0.0 8.181805246746432 0.0 4.0 
1775 8437254.5 94.91924412572843 79.31256666130953 144.16521582031243 0 233 2.8329 0.0 8.181805246746432 0.0 4.0 
1776 8437287.8 94.91032190817424 79.31036199875722 144.16521582031243 0 233 2.8329 0.0 8.181805246746432 0.0 4.0 
1777 8437321.1 94.91032190817424 79.31036199875722 144.16521582031243 0 233 2.8329 0.0 8.181805246746432 0.0 4.0 
1778 8437354.5 94.91032190817424 79.31036199875722 144.16521582031243 0 233 2.8329 0.0 8.181805246746432 0.0 4.0 
1779 8437387.8 94.90042555558087 79.31036199875722 144.16521582031243 0 233 2.8329 0.0 8.181805246746432 0.0 4.0 
1780 8437421.1 94.90042555558087 79.30214595915332 144.16521582031243 0 233 2.8329 0.0 8.181805246746432 0.0 4.0 
1781 8437454.5 94.90042555558087 79.30214595915332 144.16521582031243 0 233 2.8329 0.0 8.181805246746432 0.0 4.0 
1782 8437487.8 94.90042555558087 79.30214595915332 144.16521582031243 0 233 2.8329 0.0 8.181805246746432 0.0 4.0 
1783 8437521.1 94.88707198780332 79.30214595915332 144.16521582031243 0 233 2.8329 0.0 8.181805246746432 0.0 4.0 
1784 8437554.5 94.88707198780332 79.28942427325033 144.16521582031243 0 233 2.8329 0.0 8.181805246746432 0.0 4.0 
1785 8437587.8 94.88707198780332 79.28942427325033 144.16521582031243 0 233 2.8329 0.0 8.181805246746432 0.0 4.0 
1786 8437621.1 94.87048640066415 79.27413789364152 144.16521582031243 0 233 2.8329 0.0 8.181805246746432 0.0 4.0 
1787 8437654.5 94.87048640066415 79.27413789364152 144.16521582031243 0 233 2.8329 0.0 8.181805246746432 0.0 4.0 
1788 8437687.8 94.87048640066415 79.27413789364152 144.16521582031243 0 233 2.8329 0.0 8.181805246746432 0.0 4.0 
1789 8437721.2 94.87048640066415 79.27413789364152 144.16521582031243 0 233 2.8329 0.0 8.181805246746432 0.0 4.0 
1790 8437754.5 94.86097343611188 79.27413789364152 144.16521582031243 0 233 2.8329 0.0 8.181805246746432 0.0 4.0 
1791 8437787.8 94.86097343611188 79.26208831821913 144.16521582031243 0 233 2.8329 0.0 8.181805246746432 0.0 4.0 
1792 8437821.2 94.86097343611188 79.26208831821913 144.16521582031243 0 233 2.8329 0.0 8.181805246746432 0.0 4.0 
1793 8437854.5 94.86097343611188 79.26208831821913 144.16521582031243 0 233 2.8329 0.0 8.181805246746432 0.0 4.0 
1794 8437887.8 94.84969048699033 79.26208831821913 144.16521582031243 0 233 2.8329 0.0 8.181805246746432 0.0 4.0 
1795 8437921.2 94.84969048699033 79.25185787062934 144.16521582031243 0 233 2.8329 0.0 8.181805246746432 0.0 4.0 
1796 8437954.5 94.84969048699033 79.25185787062934 144.16521582031243 0 233 2.8329 0.0 8.181805246746432 0.0 4.0 
1797 8437987.8 94.84969048699033 79.25185787062934 144.16521582031243 0 233 2.8329 0.0 8.181805246746432 0.0 4.0 
1798 8438021.2 94.83769157425387 79.2473123249114 144.16521582031243 0 233 2.8329 0.0 8.181805246746432 0.0 4.0 
1799 8438054.5 94.83769157425387 79.2473123249114 144.16521582031243 0 233 2.8329 0.0 8.181805246746432 0.0 4.0 
1800 8438087.9 94.83769157425387 79.2473123249114 144.16521582031243 0 233 2.8329 0.0 8.181805246746432 0.0 4.0 
1801 8438121.2 94.83221022061583 79.24529438666143 144.16521582031243 0 233 2.8329 0.0 8.181805246746432 0.0 4.0 
1802 8438154.5 94.83221022061583 79.24529438666143 144.16521582031243 0 233 2.8329 0.0 8.181805246746432 0.0 4.0 
1803 8438187.9 94.83221022061583 79.24529438666143 144.16521582031243 0 233 2.8329 0.0 8.181805246746432 0.0 4.0 
1804 8438221.2 94.83221022061583 79.24529438666143 144.16521582031243 0 233 2.8329 0.0 8.181805246746432 0.0 4.0 
1805 8438254.5 94.82450305814604 79.24529438666143 144.16521582031243 0 233 2.8329 0.0 8.181805246746432 0.0 4.0 
1806 8438287.9 94.82450305814604 79.23897768249515 144.16521582031243 0 233 2.8329 0.0 8.181805246746432 0.0 4.0 
1807 8438321.2 94.82450305814604 79.23897768249515 144.16521582031243 0 233 2.8329 0.0 8.181805246746432 0.0 4.0 
1808 8438354.5 94.81988313418762 79.23897768249515 144.16521582031243 0 233 2.8329 0.0 8.181805246746432 0.0 4.0 
1809 8438387.9 94.81988313418762 79.23413659176913 144.16521582031243 0 233 2.8329 0.0 8.181805246746432 0.0 4.0 
1810 8438421.2 94.80996484374995 79.23423339843747 144.13718652343744 0 233 2.8329 0.0 8.181805246746432 0.0 4.0 
1811 8438454.5 94.80996484374995 79.23423339843747 144.13718652343744 0 233 2.8329 0.0 8.181805246746432 0.0 4.0 
1812 8438487.9 94.79987708492892 79.23423339843747 144.13718652343744 0 233 2.8329 0.0 8.181805246746432 0.0 4.0 
1813 8438521.2 94.79987708492892 79.22613945696197 144.13718652343744 0 233 2.8329 0.0 8.181805246746432 0.0 4.0 
1814 8438554.6 94.79987708492892 79.22613945696197 144.13718652343744 0 233 2.8329 0.0 8.181805246746432 0.0 4.0 
1815 8438587.9 94.79987708492892 79.22613945696197 144.13718652343744 0 233 2.8329 0.0 8.181805246746432 0.0 4.0 
1816 8438621.2 94.78996889290092 79.22613945696197 144.13718652343744 0 233 2.8329 0.0 8.181805246746432 0.0 4.0 
1817 8438654.6 94.78996889290092 79.21725216669071 144.13718652343744 0 233 2.8329 0.0 8.181805246746432 0.0 4.0 
1818 8438687.9 94.78996889290092 79.21725216669071 144.13718652343744 0 233 2.8329 0.0 8.181805246746432 0.0 4.0 
1819 8438721.2 94.78996889290092 79.21725216669071 144.13718652343744 0 233 2.8329 0.0 8.181805246746432 0.0 4.0 
1820 8438754.6 94.78346553329257 79.21166575181044 144.13718652343744 0 233 2.8329 0.0 8.181805246746432 0.0 4.0 
1821 8438787.9 94.78346553329257 79.21166575181044 144.13718652343744 0 233 2.8329 0.0 8.181805246746432 0.0 4.0 
1822 8438821.2 94.78346553329257 79.21166575181044 144.13718652343744 0 233 2.8329 0.0 8.181805246746432 0.0 4.0 
1823 8438854.6 94.78346553329257 79.21166575181044 144.13718652343744 0 233 2.8329 0.0 8.181805246746432 0.0 4.0 
1824 8438887.9 94.7738491505313 79.21166575181044 144.13718652343744 0 233 2.8329 0.0 8.181805246746432 0.0 4.0 
1825 8438921.3 94.7738491505313 79.20646775903313 144.13718652343744 0 233 2.8329 0.0 8.181805246746432 0.0 4.0 
1826 8438954.6 94.7738491505313 79.20646775903313 144.13718652343744 0 233 2.8329 0.0 8.181805246746432 0.0 4.0 
1827 8438987.9 94.76060031314935 79.20646775903313 144.13718652343744 0 233 2.8329 0.0 8.181805246746432 0.0 4.0 
1828 8439021.3 94.76060031314935 79.20083895898732 144.13718652343744 0 233 2.8329 0.0 8.181805246746432 0.0 4.0 
1829 8439054.6 94.76060031314935 79.20083895898732 144.13718652343744 0 233 2.8329 0.0 8.181805246746432 0.0 4.0 
1830 8439087.9 94.75592201230637 79.20083895898732 144.13718652343744 0 233 2.8329 0.0 8.181805246746432 0.0 4.0 
1831 8439121.3 94.75592201230637 79.20083895898732 144.13718652343744 0 233 2.8329 0.0 8.181805246746432 0.0 4.0 
1832 8439154.6 94.75592201230637 79.20083895898732 144.13718652343744 0 233 2.8329 0.0 8.181805246746432 0.0 4.0 
1833 8439187.9 94.75056313246762 79.20083895898732 144.13718652343744 0 233 2.8329 0.0 8.181805246746432 0.0 4.0 
1834 8439221.3 94.75056313246762 79.20083895898732 144.13718652343744 0 233 2.8329 0.0 8.181805246746432 0.0 4.0 
1835 8439254.6 94.75056313246762 79.20083895898732 144.13718652343744 0 233 2.8329 0.0 8.181805246746432 0.0 4.0 
1836 8439287.9 94.74408596749787 79.20083895898732 144.13718652343744 0 233 2.8329 0.0 8.181805246746432 0.0 4.0 
1837 8439321.3 94.74408596749787 79.20083895898732 144.13718652343744 0 233 2.8329 0.0 8.181805246746432 0.0 4.0 
1838 8439354.6 94.74408596749787 79.20083895898732 144.13718652343744 0 233 2.8329 0.0 8.181805246746432 0.0 4.0 
1839 8439388.0 94.73486185983394 79.20083895898732 144.13718652343744 0 233 2.8329 0.0 8.181805246746432 0.0 4.0 
1840 8439421.3 94.73486185983394 79.20083895898732 144.13718652343744 0 233 2.8329 0.0 8.181805246746432 0.0 4.0 
1841 8439454.6 94.73777681021969 79.20217286110653 144.13718652343744 0 233 2.8329 0.0 8.181805246746432 0.0 4.0 
1842 8439488.0 94.73777681021969 79.20217286110653 144.13718652343744 0 233 2.8329 0.0 8.181805246746432 0.0 4.0 
1843 8439521.3 94.73777681021969 79.20217286110653 144.13718652343744 0 233 2.8329 0.0 8.181805246746432 0.0 4.0 
1844 8439554.6 94.74189076771204 79.20385619885081 144.13718652343744 0 233 2.8329 0.0 8.181805246746432 0.0 4.0 
1845 8439588.0 94.74189076771204 79.20385619885081 144.13718652343744 0 233 2.8329 0.0 8.181805246746432 0.0 4.0 
1846 8439621.3 94.74189076771204 79.20385619885081 144.13718652343744 0 233 2.8329 0.0 8.181805246746432 0.0 4.0 
1847 8439654.6 94.7684813265381 79.20385619885081 144.13718652343744 0 233 2.8329 0.0 8.181805246746432 0.0 4.0 
1848 8439688.0 94.7684813265381 79.21353583530713 144.13718652343744 0 233 2.8329 0.0 8.181805246746432 0.0 4.0 
1849 8439721.3 94.7684813265381 79.21353583530713 144.13718652343744 0 233 2.8329 0.0 8.181805246746432 0.0 4.0 
1850 8439754.7 94.7684813265381 79.21353583530713 144.13718652343744 0 233 2.8329 0.0 8.181805246746432 0.0 4.0 
1851 8439788.0 94.7684813265381 79.21353583530713 144.13718652343744 0 233 2.8329 0.0 8.181805246746432 0.0 4.0 
1852 8439821.3 94.80078571927478 79.23085375690127 144.13718652343744 0 233 2.8329 0.0 8.181805246746432 0.0 4.0 
1853 8439854.7 94.80078571927478 79.23085375690127 144.13718652343744 0 233 2.8329 0.0 8.181805246746432 0.0 4.0 
1854 8439888.0 94.80078571927478 79.23085375690127 144.13718652343744 0 233 2.8329 0.0 8.181805246746432 0.0 4.0 
1855 8439921.3 94.80078571927478 79.23085375690127 144.13718652343744 0 233 2.8329 0.0 8.181805246746432 0.0 4.0 
1856 8439954.7 94.80078571927478 79.23085375690127 144.13718652343744 0 233 2.8329 0.0 8.181805246746432 0.0 4.0 
1857 8439988.0 94.82816399747259 79.25485723652213 144.13718652343744 0 233 2.8329 0.0 8.181805246746432 0.0 4.0 
1858 8440021.3 94.82816399747259 79.25485723652213 144.13718652343744 0 233 2.8329 0.0 8.181805246746432 0.0 4.0 
1859 8440054.7 94.82816399747259 79.25485723652213 144.13718652343744 0 233 2.8329 0.0 8.181805246746432 0.0 4.0 
1860 8440088.0 94.82816399747259 79.25485723652213 144.13718652343744 0 233 2.8329 0.0 8.181805246746432 0.0 4.0 
1861 8440121.3 94.84785271017701 79.25485723652213 144.13718652343744 0 233 2.8329 0.0 8.181805246746432 0.0 4.0 
1862 8440154.7 94.84785271017701 79.27829435749995 144.13718652343744 0 233 2.8329 0.0 8.181805246746432 0.0 4.0 
1863 8440188.0 94.84785271017701 79.27829435749995 144.13718652343744 0 233 2.8329 0.0 8.181805246746432 0.0 4.0 
1864 8440221.4 94.84785271017701 79.27829435749995 144.13718652343744 0 233 2.8329 0.0 8.181805246746432 0.0 4.0 
1865 8440254.7 94.86489062964675 79.30044060408576 144.13718652343744 0 233 2.8329 0.0 8.181805246746432 0.0 4.0 
1866 8440288.0 94.86489062964675 79.30044060408576 144.13718652343744 0 233 2.8329 0.0 8.181805246746432 0.0 4.0 
1867 8440321.4 94.86489062964675 79.30044060408576 144.13718652343744 0 233 2.8329 0.0 8.181805246746432 0.0 4.0 
1868 8440354.7 94.88184372575017 79.31470458938752 144.13718652343744 0 233 2.8329 0.0 8.181805246746432 0.0 4.0 
1869 8440388.0 94.88184372575017 79.31470458938752 144.13718652343744 0 233 2.8329 0.0 8.181805246746432 0.0 4.0 
1870 8440421.4 94.88184372575017 79.31470458938752 144.13718652343744 0 233 2.8329 0.0 8.181805246746432 0.0 4.0 
1871 8440454.7 94.88606106218386 79.31470458938752 144.13718652343744 0 233 2.8329 0.0 8.181805246746432 0.0 4.0 
1872 8440488.0 94.88606106218386 79.31721540277209 144.13718652343744 0 233 2.8329 0.0 8.181805246746432 0.0 4.0 
1873 8440521.4 94.88606106218386 79.31721540277209 144.13718652343744 0 233 2.8329 0.0 8.181805246746432 0.0 4.0 
1874 8440554.7 94.87922705203145 79.31721540277209 144.13718652343744 0 233 2.8329 0.0 8.181805246746432 0.0 4.0 
1875 8440588.1 94.87922705203145 79.31474902337659 144.13718652343744 0 233 2.8329 0.0 8.181805246746432 0.0 4.0 
1876 8440621.4 94.87922705203145 79.31474902337659 144.13718652343744 0 233 2.8329 0.0 8.181805246746432 0.0 4.0 
1877 8440654.7 94.87922705203145 79.31474902337659 144.13718652343744 0 233 2.8329 0.0 8.181805246746432 0.0 4.0 
1878 8440688.1 94.87419940954766 79.31007567602519 144.13718652343744 0 233 2.8329 0.0 8.181805246746432 0.0 4.0 
1879 8440721.4 94.87419940954766 79.31007567602519 144.13718652343744 0 233 2.8329 0.0 8.181805246746432 0.0 4.0 
1880 8440754.7 94.87419940954766 79.31007567602519 144.13718652343744 0 233 2.8329 0.0 8.181805246746432 0.0 4.0 
1881 8440788.1 94.87419940954766 79.31007567602519 144.13718652343744 0 233 2.8329 0.0 8.181805246746432 0.0 4.0 
1882 8440821.4 94.86121579511615 79.31007567602519 144.13718652343744 0 233 2.8329 0.0 8.181805246746432 0.0 4.0 
1883 8440854.7 94.86121579511615 79.29517365363932 144.13718652343744 0 233 2.8329 0.0 8.181805246746432 0.0 4.0 
1884 8440888.1 94.86121579511615 79.29517365363932 144.13718652343744 0 233 2.8329 0.0 8.181805246746432 0.0 4.0 
1885 8440921.4 94.85394170718334 79.29517365363932 144.13718652343744 0 233 2.8329 0.0 8.181805246746432 0.0 4.0 
1886 8440954.7 94.85394170718334 79.28383637120635 144.13718652343744 0 233 2.8329 0.0 8.181805246746432 0.0 4.0 
1887 8440988.1 94.85394170718334 79.28383637120635 144.13718652343744 0 233 2.8329 0.0 8.181805246746432 0.0 4.0 
1888 8441021.4 94.85394170718334 79.28383637120635 144.13718652343744 0 233 2.8329 0.0 8.181805246746432 0.0 4.0 
1889 8441054.8 94.87427648034804 79.29942204447049 144.13718652343744 0 233 2.8329 0.0 8.181805246746432 0.0 4.0 
1890 8441088.1 94.87427648034804 79.29942204447049 144.13718652343744 0 233 2.8329 0.0 8.181805246746432 0.0 4.0 
1891 8441121.4 94.87427648034804 79.29942204447049 144.13718652343744 0 233 2.8329 0.0 8.181805246746432 0.0 4.0 
1892 8441154.8 94.91904930598506 79.29942204447049 144.13718652343744 0 233 2.8329 0.0 8.181805246746432 0.0 4.0 
1893 8441188.1 94.91904930598506 79.32399591350729 144.13718652343744 0 233 2.8329 0.0 8.181805246746432 0.0 4.0 
1894 8441221.4 94.91904930598506 79.32399591350729 144.13718652343744 0 233 2.8329 0.0 8.181805246746432 0.0 4.0 
1895 8441254.8 94.91904930598506 79.32399591350729 144.13718652343744 0 233 2.8329 0.0 8.181805246746432 0.0 4.0 
1896 8441288.1 94.94696854970267 79.32399591350729 144.13718652343744 0 233 2.8329 0.0 8.181805246746432 0.0 4.0 
1897 8441321.4 94.94696854970267 79.32868149438839 144.13718652343744 0 233 2.8329 0.0 8.181805246746432 0.0 4.0 
1898 8441354.8 94.94696854970267 79.32868149438839 144.13718652343744 0 233 2.8329 0.0 8.181805246746432 0.0 4.0 
1899 8441388.1 94.94696854970267 79.32868149438839 144.13718652343744 0 233 2.8329 0.0 8.181805246746432 0.0 4.0 
1900 8441421.5 94.94957259158859 79.3274740924572 144.13718652343744 0 233 2.8329 0.0 8.181805246746432 0.0 4.0 
1901 8441454.8 94.94957259158859 79.3274740924572 144.13718652343744 0 233 2.8329 0.0 8.181805246746432 0.0 4.0 
1902 8441488.1 94.95222693232725 79.3274740924572 144.13718652343744 0 233 2.8329 0.0 8.181805246746432 0.0 4.0 
1903 8441521.5 94.95222693232725 79.32557789720147 144.13718652343744 0 233 2.8329 0.0 8.181805246746432 0.0 4.0 
1904 8441554.8 94.95222693232725 79.32557789720147 144.13718652343744 0 233 2.8329 0.0 8.181805246746432 0.0 4.0 
1905 8441588.1 94.95222693232725 79.32557789720147 144.13718652343744 0 233 2.8329 0.0 8.181805246746432 0.0 4.0 
1906 8441621.5 94.9667428162031 79.32557789720147 144.13718652343744 0 233 2.8329 0.0 8.181805246746432 0.0 4.0 
1907 8441654.8 94.9667428162031 79.31796206816092 144.13718652343744 0 233 2.8329 0.0 8.181805246746432 0.0 4.0 
1908 8441688.1 94.9667428162031 79.31796206816092 144.13718652343744 0 233 2.8329 0.0 8.181805246746432 0.0 4.0 
1909 8441721.5 94.9667428162031 79.31796206816092 144.13718652343744 0 233 2.8329 0.0 8.181805246746432 0.0 4.0 
1910 8441754.8 94.98034600826821 79.31796206816092 144.13718652343744 0 233 2.8329 0.0 8.181805246746432 0.0 4.0 
1911 8441788.1 94.98034600826821 79.30841540404764 144.13718652343744 0 233 2.8329 0.0 8.181805246746432 0.0 4.0 
1912 8441821.5 94.98034600826821 79.30841540404764 144.13718652343744 0 233 2.8329 0.0 8.181805246746432 0.0 4.0 
1913 8441854.8 94.98034600826821 79.30841540404764 144.13718652343744 0 233 2.8329 0.0 8.181805246746432 0.0 4.0 
1914 8441888.2 94.99528459442524 79.29812705012728 144.13718652343744 0 233 2.8329 0.0 8.181805246746432 0.0 4.0 
1915 8441921.5 94.99528459442524 79.29812705012728 144.13718652343744 0 233 2.8329 0.0 8.181805246746432 0.0 4.0 
1916 8441954.8 94.99528459442524 79.29812705012728 144.13718652343744 0 233 2.8329 0.0 8.181805246746432 0.0 4.0 
1917 8441988.2 94.99528459442524 79.29812705012728 144.13718652343744 0 233 2.8329 0.0 8.181805246746432 0.0 4.0 
1918 8442021.5 95.01723937271748 79.29812705012728 144.13718652343744 0 233 2.8329 0.0 8.181805246746432 0.0 4.0 
1919 8442054.8 95.01723937271748 79.27898516402857 144.13718652343744 0 233 2.8329 0.0 8.181805246746432 0.0 4.0 
1920 8442088.2 95.01723937271748 79.27898516402857 144.13718652343744 0 233 2.8329 0.0 8.181805246746432 0.0 4.0 
1921 8442121.5 95.01723937271748 79.27898516402857 144.13718652343744 0 233 2.8329 0.0 8.181805246746432 0.0 4.0 
1922 8442154.8 95.02931720087167 79.27898516402857 144.13718652343744 0 233 2.8329 0.0 8.181805246746432 0.0 4.0 
1923 8442188.2 95.02931720087167 79.26297604704742 144.13718652343744 0 233 2.8329 0.0 8.181805246746432 0.0 4.0 
1924 8442221.5 95.02931720087167 79.26297604704742 144.13718652343744 0 233 2.8329 0.0 8.181805246746432 0.0 4.0 
1925 8442254.9 95.02931720087167 79.26297604704742 144.13718652343744 0 233 2.8329 0.0 8.181805246746432 0.0 4.0 
1926 8442288.2 95.05280654871086 79.24198559899753 144.13718652343744 0 233 2.8329 0.0 8.181805246746432 0.0 4.0 
1927 8442321.5 95.05280654871086 79.24198559899753 144.13718652343744 0 233 2.8329 0.0 8.181805246746432 0.0 4.0 
1928 8442354.9 95.05280654871086 79.24198559899753 144.13718652343744 0 233 2.8329 0.0 8.181805246746432 0.0 4.0 
1929 8442388.2 95.05280654871086 79.24198559899753 144.13718652343744 0 233 2.8329 0.0 8.181805246746432 0.0 4.0 
1930 8442421.5 95.08147910920904 79.24198559899753 144.13718652343744 0 233 2.8329 0.0 8.181805246746432 0.0 4.0 
1931 8442454.9 95.08147910920904 79.22491932244907 144.13718652343744 0 233 2.8329 0.0 8.181805246746432 0.0 4.0 
1932 8442488.2 95.08147910920904 79.22491932244907 144.13718652343744 0 233 2.8329 0.0 8.181805246746432 0.0 4.0 
1933 8442521.5 95.08147910920904 79.22491932244907 144.13718652343744 0 233 2.8329 0.0 8.181805246746432 0.0 4.0 
1934 8442554.9 95.11571716221013 79.22491932244907 144.13718652343744 0 233 2.8329 0.0 8.181805246746432 0.0 4.0 
1935 8442588.2 95.11571716221013 79.21812841075662 144.13718652343744 0 233 2.8329 0.0 8.181805246746432 0.0 4.0 
1936 8442621.5 95.11571716221013 79.21812841075662 144.13718652343744 0 233 2.8329 0.0 8.181805246746432 0.0 4.0 
1937 8442654.9 95.11571716221013 79.21812841075662 144.13718652343744 0 233 2.8329 0.0 8.181805246746432 0.0 4.0 
1938 8442688.2 95.11571716221013 79.21812841075662 144.13718652343744 0 233 2.8329 0.0 8.181805246746432 0.0 4.0 
1939 8442721.6 95.14235256406309 79.21812841075662 144.13718652343744 0 233 2.8329 0.0 8.181805246746432 0.0 4.0 
1940 8442754.9 95.14235256406309 79.21812841075662 144.13718652343744 0 233 2.8329 0.0 8.181805246746432 0.0 4.0 
1941 8442788.2 95.14235256406309 79.21812841075662 144.13718652343744 0 233 2.8329 0.0 8.181805246746432 0.0 4.0 
1942 8442821.6 95.14235256406309 79.21812841075662 144.13718652343744 0 233 2.8329 0.0 8.181805246746432 0.0 4.0 
1943 8442854.9 95.15287428030761 79.21812841075662 144.13718652343744 0 233 2.8329 0.0 8.181805246746432 0.0 4.0 
1944 8442888.2 95.15287428030761 79.22062822047839 144.13718652343744 0 233 2.8329 0.0 8.181805246746432 0.0 4.0 
1945 8442921.6 95.15287428030761 79.22062822047839 144.13718652343744 0 233 2.8329 0.0 8.181805246746432 0.0 4.0 
1946 8442954.9 95.15287428030761 79.22062822047839 144.13718652343744 0 233 2.8329 0.0 8.181805246746432 0.0 4.0 
1947 8442988.2 95.15287428030761 79.22062822047839 144.13718652343744 0 233 2.8329 0.0 8.181805246746432 0.0 4.0 
1948 8443021.6 95.16991480077716 79.23087337236157 144.13718652343744 0 233 2.8329 0.0 8.181805246746432 0.0 4.0 
1949 8443054.9 95.16991480077716 79.23087337236157 144.13718652343744 0 233 2.8329 0.0 8.181805246746432 0.0 4.0 
1950 8443088.3 95.16991480077716 79.23087337236157 144.13718652343744 0 233 2.8329 0.0 8.181805246746432 0.0 4.0 
1951 8443121.6 95.17814138183206 79.23087337236157 144.13718652343744 0 233 2.8329 0.0 8.181805246746432 0.0 4.0 
1952 8443154.9 95.17814138183206 79.24085070848841 144.13718652343744 0 233 2.8329 0.0 8.181805246746432 0.0 4.0 
1953 8443188.3 95.17814138183206 79.24085070848841 144.13718652343744 0 233 2.8329 0.0 8.181805246746432 0.0 4.0 
1954 8443221.6 95.17814138183206 79.24085070848841 144.13718652343744 0 233 2.8329 0.0 8.181805246746432 0.0 4.0 
1955 8443254.9 95.18282778279726 79.24085070848841 144.13718652343744 0 233 2.8329 0.0 8.181805246746432 0.0 4.0 
1956 8443288.3 95.18282778279726 79.24343088646181 144.13718652343744 0 233 2.8329 0.0 8.181805246746432 0.0 4.0 
1957 8443321.6 95.18282778279726 79.24343088646181 144.13718652343744 0 233 2.8329 0.0 8.181805246746432 0.0 4.0 
1958 8443354.9 95.18063751725869 79.24343088646181 144.13718652343744 0 233 2.8329 0.0 8.181805246746432 0.0 4.0 
1959 8443388.3 95.18063751725869 79.23652595984552 144.13718652343744 0 233 2.8329 0.0 8.181805246746432 0.0 4.0 
1960 8443421.6 95.18063751725869 79.23652595984552 144.13718652343744 0 233 2.8329 0.0 8.181805246746432 0.0 4.0 
1961 8443454.9 95.18063751725869 79.23652595984552 144.13718652343744 0 233 2.8329 0.0 8.181805246746432 0.0 4.0 
1962 8443488.3 95.1786010292156 79.23652595984552 144.13718652343744 0 233 2.8329 0.0 8.181805246746432 0.0 4.0 
1963 8443521.6 95.1786010292156 79.2315774910838 144.13718652343744 0 233 2.8329 0.0 8.181805246746432 0.0 4.0 
1964 8443555.0 95.1786010292156 79.2315774910838 144.13718652343744 0 233 2.8329 0.0 8.181805246746432 0.0 4.0 
1965 8443588.3 95.1786010292156 79.2315774910838 144.13718652343744 0 233 2.8329 0.0 8.181805246746432 0.0 4.0 
1966 8443621.6 95.17421455036963 79.2315774910838 144.13718652343744 0 233 2.8329 0.0 8.181805246746432 0.0 4.0 
1967 8443655.0 95.17421455036963 79.22745574794251 144.13718652343744 0 233 2.8329 0.0 8.181805246746432 0.0 4.0 
1968 8443688.3 95.17421455036963 79.22745574794251 144.13718652343744 0 233 2.8329 0.0 8.181805246746432 0.0 4.0 
1969 8443721.6 95.17421455036963 79.22745574794251 144.13718652343744 0 233 2.8329 0.0 8.181805246746432 0.0 4.0 
1970 8443755.0 95.17421455036963 79.22589724080521 144.13718652343744 0 233 2.8329 0.0 8.181805246746432 0.0 4.0 
1971 8443788.3 95.17421455036963 79.22589724080521 144.13718652343744 0 233 2.8329 0.0 8.181805246746432 0.0 4.0 
1972 8443821.6 95.17827165628289 79.22249926518118 144.13718652343744 0 233 2.8329 0.0 8.181805246746432 0.0 4.0 
1973 8443855.0 95.17827165628289 79.22249926518118 144.13718652343744 0 233 2.8329 0.0 8.181805246746432 0.0 4.0 
1974 8443888.3 95.18625598632609 79.21191834293288 144.13718652343744 0 233 2.8329 0.0 8.181805246746432 0.0 4.0 
1975 8443921.7 95.18625598632609 79.21191834293288 144.13718652343744 0 233 2.8329 0.0 8.181805246746432 0.0 4.0 
1976 8443955.0 95.18625598632609 79.21191834293288 144.13718652343744 0 233 2.8329 0.0 8.181805246746432 0.0 4.0 
1977 8443988.3 95.19311846648024 79.21191834293288 144.13718652343744 0 233 2.8329 0.0 8.181805246746432 0.0 4.0 
1978 8444021.7 95.19311846648024 79.19327866538292 144.13718652343744 0 233 2.8329 0.0 8.181805246746432 0.0 4.0 
1979 8444055.0 95.19311846648024 79.19327866538292 144.13718652343744 0 233 2.8329 0.0 8.181805246746432 0.0 4.0 
1980 8444088.3 95.19311846648024 79.19327866538292 144.13718652343744 0 233 2.8329 0.0 8.181805246746432 0.0 4.0 
1981 8444121.7 95.19689627752236 79.17847710542732 144.13718652343744 0 233 2.8329 0.0 8.181805246746432 0.0 4.0 
1982 8444155.0 95.19689627752236 79.17847710542732 144.13718652343744 0 233 2.8329 0.0 8.181805246746432 0.0 4.0 
1983 8444188.3 95.19689627752236 79.17847710542732 144.13718652343744 0 233 2.8329 0.0 8.181805246746432 0.0 4.0 
1984 8444221.7 95.19689627752236 79.17847710542732 144.13718652343744 0 233 2.8329 0.0 8.181805246746432 0.0 4.0 
1985 8444255.0 95.19887419812295 79.16988118089012 144.13718652343744 0 233 2.8329 0.0 8.181805246746432 0.0 4.0 
1986 8444288.3 95.19887419812295 79.16988118089012 144.13718652343744 0 233 2.8329 0.0 8.181805246746432 0.0 4.0 
1987 8444321.7 95.19887419812295 79.16988118089012 144.13718652343744 0 233 2.8329 0.0 8.181805246746432 0.0 4.0 
1988 8444355.0 95.19887419812295 79.16988118089012 144.13718652343744 0 233 2.8329 0.0 8.181805246746432 0.0 4.0 
1989 8444388.4 95.19765623971821 79.16988118089012 144.13718652343744 0 233 2.8329 0.0 8.181805246746432 0.0 4.0 
1990 8444421.7 95.19765623971821 79.16677450055221 144.13718652343744 0 233 2.8329 0.0 8.181805246746432 0.0 4.0 
1991 8444455.0 95.19765623971821 79.16677450055221 144.13718652343744 0 233 2.8329 0.0 8.181805246746432 0.0 4.0 
1992 8444488.4 95.19765623971821 79.16677450055221 144.13718652343744 0 233 2.8329 0.0 8.181805246746432 0.0 4.0 
1993 8444521.7 95.19868769256725 79.1554192401727 144.13718652343744 0 233 2.8329 0.0 8.181805246746432 0.0 4.0 
1994 8444555.0 95.19868769256725 79.1554192401727 144.13718652343744 0 233 2.8329 0.0 8.181805246746432 0.0 4.0 
1995 8444588.4 95.19868769256725 79.1554192401727 144.13718652343744 0 233 2.8329 0.0 8.181805246746432 0.0 4.0 
1996 8444621.7 95.20334891407546 79.13827814581089 144.13718652343744 0 233 2.8329 0.0 8.181805246746432 0.0 4.0 
1997 8444655.0 95.20334891407546 79.13827814581089 144.13718652343744 0 233 2.8329 0.0 8.181805246746432 0.0 4.0 
1998 8444688.4 95.20334891407546 79.13827814581089 144.13718652343744 0 233 2.8329 0.0 8.181805246746432 0.0 4.0 
1999 8444721.7 95.20676147166968 79.13827814581089 144.13718652343744 0 233 2.8329 0.0 8.181805246746432 0.0 4.0 
2000 8444755.1 95.20676147166968 79.12942452243573 144.13718652343744 0 233 2.8329 0.0 8.181805246746432 0.0 4.0 
2001 8444788.4 95.20676147166968 79.12942452243573 144.13718652343744 0 233 2.8329 0.0 8.181805246746432 0.0 4.0 
2002 8444821.7 95.20676147166968 79.12942452243573 144.13718652343744 0 233 2.8329 0.0 8.181805246746432 0.0 4.0 
2003 8444855.1 95.20836803353424 79.12942452243573 144.13718652343744 0 233 2.8329 0.0 8.181805246746432 0.0 4.0 
2004 8444888.4 95.20836803353424 79.11310546523644 144.13718652343744 0 233 2.8329 0.0 8.181805246746432 0.0 4.0 
2005 8444921.7 95.20836803353424 79.11310546523644 144.13718652343744 0 233 2.8329 0.0 8.181805246746432 0.0 4.0 
2006 8444955.1 95.20836803353424 79.11310546523644 144.13718652343744 0 233 2.8329 0.0 8.181805246746432 0.0 4.0 
2007 8444988.4 95.20836803353424 79.10519354796241 144.13718652343744 0 233 2.8329 0.0 8.181805246746432 0.0 4.0 
2008 8445021.7 95.20836803353424 79.10519354796241 144.13718652343744 0 233 2.8329 0.0 8.181805246746432 0.0 4.0 
2009 8445055.1 95.20836803353424 79.10519354796241 144.13718652343744 0 233 2.8329 0.0 8.181805246746432 0.0 4.0 
2010 8445088.4 95.21271749258942 79.10519354796241 144.13718652343744 0 233 2.8329 0.0 8.181805246746432 0.0 4.0 
2011 8445121.7 95.21271749258942 79.09317058633974 144.13718652343744 0 233 2.8329 0.0 8.181805246746432 0.0 4.0 
2012 8445155.1 95.21271749258942 79.09317058633974 144.13718652343744 0 233 2.8329 0.0 8.181805246746432 0.0 4.0 
2013 8445188.4 95.21896215708796 79.09317058633974 144.13718652343744 0 233 2.8329 0.0 8.181805246746432 0.0 4.0 
2014 8445221.8 95.21896215708796 79.07983541714043 144.13718652343744 0 233 2.8329 0.0 8.181805246746432 0.0 4.0 
2015 8445255.1 95.21896215708796 79.07983541714043 144.13718652343744 0 233 2.8329 0.0 8.181805246746432 0.0 4.0 
2016 8445288.4 95.21896215708796 79.07983541714043 144.13718652343744 0 233 2.8329 0.0 8.181805246746432 0.0 4.0 
2017 8445321.8 95.22266158893952 79.06712972401962 144.13718652343744 0 233 2.8329 0.0 8.181805246746432 0.0 4.0 
2018 8445355.1 95.22266158893952 79.06712972401962 144.13718652343744 0 233 2.8329 0.0 8.181805246746432 0.0 4.0 
2019 8445388.4 95.22266158893952 79.06712972401962 144.13718652343744 0 233 2.8329 0.0 8.181805246746432 0.0 4.0 
2020 8445421.8 95.22396211003176 79.05244853939888 144.13718652343744 0 233 2.8329 0.0 8.181805246746432 0.0 4.0 
2021 8445455.1 95.22396211003176 79.05244853939888 144.13718652343744 0 233 2.8329 0.0 8.181805246746432 0.0 4.0 
2022 8445488.4 95.22396211003176 79.05244853939888 144.13718652343744 0 233 2.8329 0.0 8.181805246746432 0.0 4.0 
2023 8445521.8 95.22396211003176 79.03898116725915 144.13718652343744 0 233 2.8329 0.0 8.181805246746432 0.0 4.0 
2024 8445555.1 95.22396211003176 79.03898116725915 144.13718652343744 0 233 2.8329 0.0 8.181805246746432 0.0 4.0 
2025 8445588.5 95.22396211003176 79.03898116725915 144.13718652343744 0 233 2.8329 0.0 8.181805246746432 0.0 4.0 
2026 8445621.8 95.22396211003176 79.03898116725915 144.13718652343744 0 233 2.8329 0.0 8.181805246746432 0.0 4.0 
2027 8445655.1 95.22223170938487 79.03898116725915 144.13718652343744 0 233 2.8329 0.0 8.181805246746432 0.0 4.0 
2028 8445688.5 95.22223170938487 79.02698395097538 144.13718652343744 0 233 2.8329 0.0 8.181805246746432 0.0 4.0 
2029 8445721.8 95.22223170938487 79.02698395097538 144.13718652343744 0 233 2.8329 0.0 8.181805246746432 0.0 4.0 
2030 8445755.1 95.22223170938487 79.02698395097538 144.13718652343744 0 233 2.8329 0.0 8.181805246746432 0.0 4.0 
2031 8445788.5 95.21091841812313 79.00132726435052 144.13718652343744 0 233 2.8329 0.0 8.181805246746432 0.0 4.0 
2032 8445821.8 95.21091841812313 79.00132726435052 144.13718652343744 0 233 2.8329 0.0 8.181805246746432 0.0 4.0 
2033 8445855.1 95.21091841812313 79.00132726435052 144.13718652343744 0 233 2.8329 0.0 8.181805246746432 0.0 4.0 
2034 8445888.5 95.19733779998266 79.00132726435052 144.13718652343744 0 233 2.8329 0.0 8.181805246746432 0.0 4.0 
2035 8445921.8 95.19733779998266 78.98708992302929 144.13718652343744 0 233 2.8329 0.0 8.181805246746432 0.0 4.0 
2036 8445955.1 95.19733779998266 78.98708992302929 144.13718652343744 0 233 2.8329 0.0 8.181805246746432 0.0 4.0 
2037 8445988.5 95.17250856187974 78.98708992302929 144.13718652343744 0 233 2.8329 0.0 8.181805246746432 0.0 4.0 
2038 8446021.8 95.17250856187974 78.9688567514023 144.13718652343744 0 233 2.8329 0.0 8.181805246746432 0.0 4.0 
2039 8446055.2 95.17250856187974 78.9688567514023 144.13718652343744 0 233 2.8329 0.0 8.181805246746432 0.0 4.0 
2040 8446088.5 95.15362314703307 78.95921976088434 144.13718652343744 0 233 2.8329 0.0 8.181805246746432 0.0 4.0 
2041 8446121.8 95.15362314703307 78.95921976088434 144.13718652343744 0 233 2.8329 0.0 8.181805246746432 0.0 4.0 
2042 8446155.2 95.15362314703307 78.95921976088434 144.13718652343744 0 233 2.8329 0.0 8.181805246746432 0.0 4.0 
2043 8446188.5 95.15362314703307 78.95921976088434 144.13718652343744 0 233 2.8329 0.0 8.181805246746432 0.0 4.0 
2044 8446221.8 95.1261268562722 78.94804066539197 144.13718652343744 0 233 2.8329 0.0 8.181805246746432 0.0 4.0 
2045 8446255.2 95.1261268562722 78.94804066539197 144.13718652343744 0 233 2.8329 0.0 8.181805246746432 0.0 4.0 
2046 8446288.5 95.1261268562722 78.94804066539197 144.13718652343744 0 233 2.8329 0.0 8.181805246746432 0.0 4.0 
2047 8446321.8 95.10341174502776 78.94804066539197 144.13718652343744 0 233 2.8329 0.0 8.181805246746432 0.0 4.0 
2048 8446355.2 95.10341174502776 78.93524772929305 144.13718652343744 0 233 2.8329 0.0 8.181805246746432 0.0 4.0 
2049 8446388.5 95.10341174502776 78.93524772929305 144.13718652343744 0 233 2.8329 0.0 8.181805246746432 0.0 4.0 
2050 8446421.9 95.10341174502776 78.93524772929305 144.13718652343744 0 233 2.8329 0.0 8.181805246746432 0.0 4.0 
2051 8446455.2 95.091313990873 78.93524772929305 144.13718652343744 0 233 2.8329 0.0 8.181805246746432 0.0 4.0 
2052 8446488.5 95.091313990873 78.926698630047 144.13718652343744 0 233 2.8329 0.0 8.181805246746432 0.0 4.0 
2053 8446521.9 95.091313990873 78.926698630047 144.13718652343744 0 233 2.8329 0.0 8.181805246746432 0.0 4.0 
2054 8446555.2 95.07627654333396 78.91479412438355 144.13718652343744 0 233 2.8329 0.0 8.181805246746432 0.0 4.0 
2055 8446588.5 95.07627654333396 78.91479412438355 144.13718652343744 0 233 2.8329 0.0 8.181805246746432 0.0 4.0 
2056 8446621.9 95.07627654333396 78.91479412438355 144.13718652343744 0 233 2.8329 0.0 8.181805246746432 0.0 4.0 
2057 8446655.2 95.0662604659515 78.91479412438355 144.13718652343744 0 233 2.8329 0.0 8.181805246746432 0.0 4.0 
2058 8446688.5 95.0662604659515 78.90798889037254 144.13718652343744 0 233 2.8329 0.0 8.181805246746432 0.0 4.0 
2059 8446721.9 95.0662604659515 78.90798889037254 144.13718652343744 0 233 2.8329 0.0 8.181805246746432 0.0 4.0 
2060 8446755.2 95.0662604659515 78.90798889037254 144.13718652343744 0 233 2.8329 0.0 8.181805246746432 0.0 4.0 
2061 8446788.5 95.0556160791521 78.90798889037254 144.13718652343744 0 233 2.8329 0.0 8.181805246746432 0.0 4.0 
2062 8446821.9 95.0556160791521 78.89286729801192 144.13718652343744 0 233 2.8329 0.0 8.181805246746432 0.0 4.0 
2063 8446855.2 95.0556160791521 78.89286729801192 144.13718652343744 0 233 2.8329 0.0 8.181805246746432 0.0 4.0 
2064 8446888.6 95.0556160791521 78.89286729801192 144.13718652343744 0 233 2.8329 0.0 8.181805246746432 0.0 4.0 
2065 8446921.9 95.04515864328475 78.87742561971423 144.13718652343744 0 233 2.8329 0.0 8.181805246746432 0.0 4.0 
2066 8446955.2 95.04515864328475 78.87742561971423 144.13718652343744 0 233 2.8329 0.0 8.181805246746432 0.0 4.0 
2067 8446988.6 95.04515864328475 78.87742561971423 144.13718652343744 0 233 2.8329 0.0 8.181805246746432 0.0 4.0 
2068 8447021.9 95.0368620635152 78.86151189560796 144.13718652343744 0 233 2.8329 0.0 8.181805246746432 0.0 4.0 
2069 8447055.2 95.0368620635152 78.86151189560796 144.13718652343744 0 233 2.8329 0.0 8.181805246746432 0.0 4.0 
2070 8447088.6 95.0368620635152 78.86151189560796 144.13718652343744 0 233 2.8329 0.0 8.181805246746432 0.0 4.0 
2071 8447121.9 95.0368620635152 78.86151189560796 144.13718652343744 0 233 2.8329 0.0 8.181805246746432 0.0 4.0 
2072 8447155.2 95.031773510612 78.86151189560796 144.13718652343744 0 233 2.8329 0.0 8.181805246746432 0.0 4.0 
2073 8447188.6 95.031773510612 78.85399552973236 144.13718652343744 0 233 2.8329 0.0 8.181805246746432 0.0 4.0 
2074 8447221.9 95.031773510612 78.85399552973236 144.13718652343744 0 233 2.8329 0.0 8.181805246746432 0.0 4.0 
2075 8447255.3 95.031773510612 78.85399552973236 144.13718652343744 0 233 2.8329 0.0 8.181805246746432 0.0 4.0 
2076 8447288.6 95.02895334739378 78.84084022687449 144.13718652343744 0 233 2.8329 0.0 8.181805246746432 0.0 4.0 
2077 8447321.9 95.02895334739378 78.84084022687449 144.13718652343744 0 233 2.8329 0.0 8.181805246746432 0.0 4.0 
2078 8447355.3 95.02895334739378 78.84084022687449 144.13718652343744 0 233 2.8329 0.0 8.181805246746432 0.0 4.0 
2079 8447388.6 95.02775299565441 78.83060218941056 144.13718652343744 0 233 2.8329 0.0 8.181805246746432 0.0 4.0 
2080 8447421.9 95.02775299565441 78.83060218941056 144.13718652343744 0 233 2.8329 0.0 8.181805246746432 0.0 4.0 
2081 8447455.3 95.02775299565441 78.83060218941056 144.13718652343744 0 233 2.8329 0.0 8.181805246746432 0.0 4.0 
2082 8447488.6 95.02775299565441 78.82442517549578 144.13718652343744 0 233 2.8329 0.0 8.181805246746432 0.0 4.0 
2083 8447521.9 95.02775299565441 78.82442517549578 144.13718652343744 0 233 2.8329 0.0 8.181805246746432 0.0 4.0 
2084 8447555.3 95.0305687289444 78.82442517549578 144.13718652343744 0 233 2.8329 0.0 8.181805246746432 0.0 4.0 
2085 8447588.6 95.0305687289444 78.8062243641218 144.13718652343744 0 233 2.8329 0.0 8.181805246746432 0.0 4.0 
2086 8447621.9 95.0305687289444 78.8062243641218 144.13718652343744 0 233 2.8329 0.0 8.181805246746432 0.0 4.0 
2087 8447655.3 95.0305687289444 78.8062243641218 144.13718652343744 0 233 2.8329 0.0 8.181805246746432 0.0 4.0 
2088 8447688.6 95.03402406749538 78.79279171005545 144.13718652343744 0 233 2.8329 0.0 8.181805246746432 0.0 4.0 
2089 8447722.0 95.03402406749538 78.79279171005545 144.13718652343744 0 233 2.8329 0.0 8.181805246746432 0.0 4.0 
2090 8447755.3 95.03402406749538 78.79279171005545 144.13718652343744 0 233 2.8329 0.0 8.181805246746432 0.0 4.0 
2091 8447788.6 95.03402406749538 78.79279171005545 144.13718652343744 0 233 2.8329 0.0 8.181805246746432 0.0 4.0 
2092 8447822.0 95.03683091054816 78.79279171005545 144.13718652343744 0 233 2.8329 0.0 8.181805246746432 0.0 4.0 
2093 8447855.3 95.03683091054816 78.77503666411168 144.13718652343744 0 233 2.8329 0.0 8.181805246746432 0.0 4.0 
2094 8447888.6 95.03683091054816 78.77503666411168 144.13718652343744 0 233 2.8329 0.0 8.181805246746432 0.0 4.0 
2095 8447922.0 95.03683091054816 78.77503666411168 144.13718652343744 0 233 2.8329 0.0 8.181805246746432 0.0 4.0 
2096 8447955.3 95.03853813606055 78.77503666411168 144.13718652343744 0 233 2.8329 0.0 8.181805246746432 0.0 4.0 
2097 8447988.6 95.03853813606055 78.75679581540572 144.13718652343744 0 233 2.8329 0.0 8.181805246746432 0.0 4.0 
2098 8448022.0 95.03853813606055 78.75679581540572 144.13718652343744 0 233 2.8329 0.0 8.181805246746432 0.0 4.0 
2099 8448055.3 95.03853813606055 78.75679581540572 144.13718652343744 0 233 2.8329 0.0 8.181805246746432 0.0 4.0 
2100 8448088.7 95.04046942725944 78.7491937963839 144.13718652343744 0 233 2.8329 0.0 8.181805246746432 0.0 4.0 
2101 8448122.0 95.04046942725944 78.7491937963839 144.13718652343744 0 233 2.8329 0.0 8.181805246746432 0.0 4.0 
2102 8448155.3 95.04046942725944 78.7491937963839 144.13718652343744 0 233 2.8329 0.0 8.181805246746432 0.0 4.0 
2103 8448188.7 95.04046942725944 78.7491937963839 144.13718652343744 0 233 2.8329 0.0 8.181805246746432 0.0 4.0 
2104 8448222.0 95.04399910800824 78.73947871399598 144.13718652343744 0 233 2.8329 0.0 8.181805246746432 0.0 4.0 
2105 8448255.3 95.04399910800824 78.73947871399598 144.13718652343744 0 233 2.8329 0.0 8.181805246746432 0.0 4.0 
2106 8448288.7 95.04399910800824 78.73947871399598 144.13718652343744 0 233 2.8329 0.0 8.181805246746432 0.0 4.0 
2107 8448322.0 95.04147892250887 78.73947871399598 144.13718652343744 0 233 2.8329 0.0 8.181805246746432 0.0 4.0 
2108 8448355.3 95.04147892250887 78.72426052482564 144.13718652343744 0 233 2.8329 0.0 8.181805246746432 0.0 4.0 
2109 8448388.7 95.04147892250887 78.72426052482564 144.13718652343744 0 233 2.8329 0.0 8.181805246746432 0.0 4.0 
2110 8448422.0 95.03714790589372 78.72426052482564 144.13718652343744 0 233 2.8329 0.0 8.181805246746432 0.0 4.0 
2111 8448455.3 95.03714790589372 78.71666986371496 144.13718652343744 0 233 2.8329 0.0 8.181805246746432 0.0 4.0 
2112 8448488.7 95.03714790589372 78.71666986371496 144.13718652343744 0 233 2.8329 0.0 8.181805246746432 0.0 4.0 
2113 8448522.0 95.03480777069268 78.70502020217592 144.13718652343744 0 233 2.8329 0.0 8.181805246746432 0.0 4.0 
2114 8448555.4 95.03480777069268 78.70502020217592 144.13718652343744 0 233 2.8329 0.0 8.181805246746432 0.0 4.0 
2115 8448588.7 95.03480777069268 78.70502020217592 144.13718652343744 0 233 2.8329 0.0 8.181805246746432 0.0 4.0 
2116 8448622.0 95.03480777069268 78.69804710550585 144.13718652343744 0 233 2.8329 0.0 8.181805246746432 0.0 4.0 
2117 8448655.4 95.03480777069268 78.69804710550585 144.13718652343744 0 233 2.8329 0.0 8.181805246746432 0.0 4.0 
2118 8448688.7 95.03480777069268 78.69804710550585 144.13718652343744 0 233 2.8329 0.0 8.181805246746432 0.0 4.0 
2119 8448722.0 95.03480777069268 78.69031288363608 144.13718652343744 0 233 2.8329 0.0 8.181805246746432 0.0 4.0 
2120 8448755.4 95.03480777069268 78.69031288363608 144.13718652343744 0 233 2.8329 0.0 8.181805246746432 0.0 4.0 
2121 8448788.7 95.03480777069268 78.68011254088741 144.13718652343744 0 233 2.8329 0.0 8.181805246746432 0.0 4.0 
2122 8448822.0 95.03480777069268 78.68011254088741 144.13718652343744 0 233 2.8329 0.0 8.181805246746432 0.0 4.0 
2123 8448855.4 95.03480777069268 78.6742176487966 144.13718652343744 0 233 2.8329 0.0 8.181805246746432 0.0 4.0 
2124 8448888.7 95.03480777069268 78.6742176487966 144.13718652343744 0 233 2.8329 0.0 8.181805246746432 0.0 4.0 
2125 8448922.1 95.0358098268856 78.66492707415615 144.13718652343744 0 233 2.8329 0.0 8.181805246746432 0.0 4.0 
2126 8448955.4 95.0358098268856 78.66492707415615 144.13718652343744 0 233 2.8329 0.0 8.181805246746432 0.0 4.0 
2127 8448988.7 95.0358098268856 78.66492707415615 144.13718652343744 0 233 2.8329 0.0 8.181805246746432 0.0 4.0 
2128 8449022.1 95.0374535193634 78.66492707415615 144.13718652343744 0 233 2.8329 0.0 8.181805246746432 0.0 4.0 
2129 8449055.4 95.0374535193634 78.65990854556372 144.13718652343744 0 233 2.8329 0.0 8.181805246746432 0.0 4.0 
2130 8449088.7 95.0374535193634 78.65990854556372 144.13718652343744 0 233 2.8329 0.0 8.181805246746432 0.0 4.0 
2131 8449122.1 95.0374535193634 78.65990854556372 144.13718652343744 0 233 2.8329 0.0 8.181805246746432 0.0 4.0 
2132 8449155.4 95.03990061403002 78.65990854556372 144.13718652343744 0 233 2.8329 0.0 8.181805246746432 0.0 4.0 
2133 8449188.7 95.03990061403002 78.6477738289325 144.13718652343744 0 233 2.8329 0.0 8.181805246746432 0.0 4.0 
2134 8449222.1 95.03990061403002 78.6477738289325 144.13718652343744 0 233 2.8329 0.0 8.181805246746432 0.0 4.0 
2135 8449255.4 95.03990061403002 78.6477738289325 144.13718652343744 0 233 2.8329 0.0 8.181805246746432 0.0 4.0 
2136 8449288.7 95.03990061403002 78.63390204113279 144.13718652343744 0 233 2.8329 0.0 8.181805246746432 0.0 4.0 
2137 8449322.1 95.03990061403002 78.63390204113279 144.13718652343744 0 233 2.8329 0.0 8.181805246746432 0.0 4.0 
2138 8449355.4 95.03990061403002 78.63390204113279 144.13718652343744 0 233 2.8329 0.0 8.181805246746432 0.0 4.0 
2139 8449388.8 95.03697861073304 78.63390204113279 144.13718652343744 0 233 2.8329 0.0 8.181805246746432 0.0 4.0 
2140 8449422.1 95.03697861073304 78.62435714315025 144.13718652343744 0 233 2.8329 0.0 8.181805246746432 0.0 4.0 
2141 8449455.4 95.03697861073304 78.62435714315025 144.13718652343744 0 233 2.8329 0.0 8.181805246746432 0.0 4.0 
2142 8449488.8 95.03697861073304 78.62435714315025 144.13718652343744 0 233 2.8329 0.0 8.181805246746432 0.0 4.0 
2143 8449522.1 95.03153087537939 78.62435714315025 144.13718652343744 0 233 2.8329 0.0 8.181805246746432 0.0 4.0 
2144 8449555.4 95.03153087537939 78.60649912181377 144.13718652343744 0 233 2.8329 0.0 8.181805246746432 0.0 4.0 
2145 8449588.8 95.03153087537939 78.60649912181377 144.13718652343744 0 233 2.8329 0.0 8.181805246746432 0.0 4.0 
2146 8449622.1 95.03153087537939 78.60649912181377 144.13718652343744 0 233 2.8329 0.0 8.181805246746432 0.0 4.0 
2147 8449655.4 95.02599041937373 78.60649912181377 144.13718652343744 0 233 2.8329 0.0 8.181805246746432 0.0 4.0 
2148 8449688.8 95.02599041937373 78.59201912796644 144.13718652343744 0 233 2.8329 0.0 8.181805246746432 0.0 4.0 
2149 8449722.1 95.02599041937373 78.59201912796644 144.13718652343744 0 233 2.8329 0.0 8.181805246746432 0.0 4.0 
2150 8449755.5 95.02599041937373 78.59201912796644 144.13718652343744 0 233 2.8329 0.0 8.181805246746432 0.0 4.0 
2151 8449788.8 95.02202419986735 78.58492108035071 144.13718652343744 0 233 2.8329 0.0 8.181805246746432 0.0 4.0 
2152 8449822.1 95.02202419986735 78.58492108035071 144.13718652343744 0 233 2.8329 0.0 8.181805246746432 0.0 4.0 
2153 8449855.5 95.02202419986735 78.58492108035071 144.13718652343744 0 233 2.8329 0.0 8.181805246746432 0.0 4.0 
2154 8449888.8 95.02202419986735 78.58492108035071 144.13718652343744 0 233 2.8329 0.0 8.181805246746432 0.0 4.0 
2155 8449922.1 95.01654886600308 78.58492108035071 144.13718652343744 0 233 2.8329 0.0 8.181805246746432 0.0 4.0 
2156 8449955.5 95.01654886600308 78.57570909579891 144.13718652343744 0 233 2.8329 0.0 8.181805246746432 0.0 4.0 
2157 8449988.8 95.01654886600308 78.57570909579891 144.13718652343744 0 233 2.8329 0.0 8.181805246746432 0.0 4.0 
2158 8450022.1 95.00077466970876 78.57570909579891 144.13718652343744 0 233 2.8329 0.0 8.181805246746432 0.0 4.0 
2159 8450055.5 95.00077466970876 78.55723805842666 144.13718652343744 0 233 2.8329 0.0 8.181805246746432 0.0 4.0 
2160 8450088.8 95.00077466970876 78.55723805842666 144.13718652343744 0 233 2.8329 0.0 8.181805246746432 0.0 4.0 
2161 8450122.1 95.00077466970876 78.55723805842666 144.13718652343744 0 233 2.8329 0.0 8.181805246746432 0.0 4.0 
2162 8450155.5 94.989704108891 78.55723805842666 144.13718652343744 0 233 2.8329 0.0 8.181805246746432 0.0 4.0 
2163 8450188.8 94.989704108891 78.5532151536159 144.13718652343744 0 233 2.8329 0.0 8.181805246746432 0.0 4.0 
2164 8450222.2 94.989704108891 78.5532151536159 144.13718652343744 0 233 2.8329 0.0 8.181805246746432 0.0 4.0 
2165 8450255.5 94.989704108891 78.5532151536159 144.13718652343744 0 233 2.8329 0.0 8.181805246746432 0.0 4.0 
2166 8450288.8 94.97469218744743 78.5532151536159 144.13718652343744 0 233 2.8329 0.0 8.181805246746432 0.0 4.0 
2167 8450322.2 94.97469218744743 78.5440855497297 144.13718652343744 0 233 2.8329 0.0 8.181805246746432 0.0 4.0 
2168 8450355.5 94.97469218744743 78.5440855497297 144.13718652343744 0 233 2.8329 0.0 8.181805246746432 0.0 4.0 
2169 8450388.8 94.97469218744743 78.5440855497297 144.13718652343744 0 233 2.8329 0.0 8.181805246746432 0.0 4.0 
2170 8450422.2 94.95419022050403 78.5440855497297 144.13718652343744 0 233 2.8329 0.0 8.181805246746432 0.0 4.0 
2171 8450455.5 94.95419022050403 78.53630682788229 144.13718652343744 0 233 2.8329 0.0 8.181805246746432 0.0 4.0 
2172 8450488.8 94.95419022050403 78.53630682788229 144.13718652343744 0 233 2.8329 0.0 8.181805246746432 0.0 4.0 
2173 8450522.2 94.93554565016058 78.53319460969932 144.13718652343744 0 233 2.8329 0.0 8.181805246746432 0.0 4.0 
2174 8450555.5 94.93554565016058 78.53319460969932 144.13718652343744 0 233 2.8329 0.0 8.181805246746432 0.0 4.0 
2175 8450588.9 94.93554565016058 78.53319460969932 144.13718652343744 0 233 2.8329 0.0 8.181805246746432 0.0 4.0 
2176 8450622.2 94.93554565016058 78.53319460969932 144.13718652343744 0 233 2.8329 0.0 8.181805246746432 0.0 4.0 
2177 8450655.5 94.91773464026325 78.53319460969932 144.13718652343744 0 233 2.8329 0.0 8.181805246746432 0.0 4.0 
2178 8450688.9 94.91773464026325 78.52930555276549 144.13718652343744 0 233 2.8329 0.0 8.181805246746432 0.0 4.0 
2179 8450722.2 94.91773464026325 78.52930555276549 144.13718652343744 0 233 2.8329 0.0 8.181805246746432 0.0 4.0 
2180 8450755.5 94.91773464026325 78.52930555276549 144.13718652343744 0 233 2.8329 0.0 8.181805246746432 0.0 4.0 
2181 8450788.9 94.89920601054567 78.52930555276549 144.13718652343744 0 233 2.8329 0.0 8.181805246746432 0.0 4.0 
2182 8450822.2 94.89920601054567 78.5193766844785 144.13718652343744 0 233 2.8329 0.0 8.181805246746432 0.0 4.0 
2183 8450855.5 94.89920601054567 78.5193766844785 144.13718652343744 0 233 2.8329 0.0 8.181805246746432 0.0 4.0 
2184 8450888.9 94.89920601054567 78.5193766844785 144.13718652343744 0 233 2.8329 0.0 8.181805246746432 0.0 4.0 
2185 8450922.2 94.88863162751132 78.5193766844785 144.13718652343744 0 233 2.8329 0.0 8.181805246746432 0.0 4.0 
2186 8450955.5 94.88863162751132 78.51439608959406 144.13718652343744 0 233 2.8329 0.0 8.181805246746432 0.0 4.0 
2187 8450988.9 94.88863162751132 78.51439608959406 144.13718652343744 0 233 2.8329 0.0 8.181805246746432 0.0 4.0 
2188 8451022.2 94.88863162751132 78.51439608959406 144.13718652343744 0 233 2.8329 0.0 8.181805246746432 0.0 4.0 
2189 8451055.6 94.88348081801166 78.51439608959406 144.13718652343744 0 233 2.8329 0.0 8.181805246746432 0.0 4.0 
2190 8451088.9 94.88348081801166 78.51102810567292 144.13718652343744 0 233 2.8329 0.0 8.181805246746432 0.0 4.0 
2191 8451122.2 94.88348081801166 78.51102810567292 144.13718652343744 0 233 2.8329 0.0 8.181805246746432 0.0 4.0 
2192 8451155.6 94.88348081801166 78.51102810567292 144.13718652343744 0 233 2.8329 0.0 8.181805246746432 0.0 4.0 
2193 8451188.9 94.88032607229567 78.51102810567292 144.13718652343744 0 233 2.8329 0.0 8.181805246746432 0.0 4.0 
2194 8451222.2 94.88032607229567 78.50804723862635 144.13718652343744 0 233 2.8329 0.0 8.181805246746432 0.0 4.0 
2195 8451255.6 94.88032607229567 78.50804723862635 144.13718652343744 0 233 2.8329 0.0 8.181805246746432 0.0 4.0 
2196 8451288.9 94.88032607229567 78.50804723862635 144.13718652343744 0 233 2.8329 0.0 8.181805246746432 0.0 4.0 
2197 8451322.2 94.88233230606608 78.50804723862635 144.13718652343744 0 233 2.8329 0.0 8.181805246746432 0.0 4.0 
2198 8451355.6 94.88233230606608 78.50553354376702 144.13718652343744 0 233 2.8329 0.0 8.181805246746432 0.0 4.0 
2199 8451388.9 94.88233230606608 78.50553354376702 144.13718652343744 0 233 2.8329 0.0 8.181805246746432 0.0 4.0 
2200 8451422.3 94.88233230606608 78.50553354376702 144.13718652343744 0 233 2.8329 0.0 8.181805246746432 0.0 4.0 
2201 8451455.6 94.88703616715514 78.50553354376702 144.13718652343744 0 233 2.8329 0.0 8.181805246746432 0.0 4.0 
2202 8451488.9 94.88703616715514 78.50228114805698 144.13718652343744 0 233 2.8329 0.0 8.181805246746432 0.0 4.0 
2203 8451522.3 94.88703616715514 78.50228114805698 144.13718652343744 0 233 2.8329 0.0 8.181805246746432 0.0 4.0 
2204 8451555.6 94.88703616715514 78.50228114805698 144.13718652343744 0 233 2.8329 0.0 8.181805246746432 0.0 4.0 
2205 8451588.9 94.89050985372663 78.50228114805698 144.13718652343744 0 233 2.8329 0.0 8.181805246746432 0.0 4.0 
2206 8451622.3 94.89050985372663 78.49976604721923 144.13718652343744 0 233 2.8329 0.0 8.181805246746432 0.0 4.0 
2207 8451655.6 94.89050985372663 78.49976604721923 144.13718652343744 0 233 2.8329 0.0 8.181805246746432 0.0 4.0 
2208 8451688.9 94.89050985372663 78.49800899612111 144.13718652343744 0 233 2.8329 0.0 8.181805246746432 0.0 4.0 
2209 8451722.3 94.89050985372663 78.49800899612111 144.13718652343744 0 233 2.8329 0.0 8.181805246746432 0.0 4.0 
2210 8451755.6 94.89050985372663 78.49800899612111 144.13718652343744 0 233 2.8329 0.0 8.181805246746432 0.0 4.0 
2211 8451788.9 94.88945500817846 78.49800899612111 144.13718652343744 0 233 2.8329 0.0 8.181805246746432 0.0 4.0 
2212 8451822.3 94.88945500817846 78.49800899612111 144.13718652343744 0 233 2.8329 0.0 8.181805246746432 0.0 4.0 
2213 8451855.6 94.88766130910741 78.49800899612111 144.13718652343744 0 233 2.8329 0.0 8.181805246746432 0.0 4.0 
2214 8451889.0 94.88766130910741 78.49800899612111 144.13718652343744 0 233 2.8329 0.0 8.181805246746432 0.0 4.0 
2215 8451922.3 94.88613260641111 78.49800899612111 144.13718652343744 0 233 2.8329 0.0 8.181805246746432 0.0 4.0 
2216 8451955.6 94.88613260641111 78.49995379044324 144.13718652343744 0 233 2.8329 0.0 8.181805246746432 0.0 4.0 
2217 8451989.0 94.88613260641111 78.49995379044324 144.13718652343744 0 233 2.8329 0.0 8.181805246746432 0.0 4.0 
2218 8452022.3 94.88613260641111 78.49995379044324 144.13718652343744 0 233 2.8329 0.0 8.181805246746432 0.0 4.0 
2219 8452055.6 94.88613260641111 78.50337151502458 144.13718652343744 0 233 2.8329 0.0 8.181805246746432 0.0 4.0 
2220 8452089.0 94.88613260641111 78.50337151502458 144.13718652343744 0 233 2.8329 0.0 8.181805246746432 0.0 4.0 
2221 8452122.3 94.88613260641111 78.50337151502458 144.13718652343744 0 233 2.8329 0.0 8.181805246746432 0.0 4.0 
2222 8452155.6 94.8919895791668 78.50337151502458 144.13718652343744 0 233 2.8329 0.0 8.181805246746432 0.0 4.0 
2223 8452189.0 94.8919895791668 78.51222231980152 144.13718652343744 0 233 2.8329 0.0 8.181805246746432 0.0 4.0 
2224 8452222.3 94.8919895791668 78.51222231980152 144.13718652343744 0 233 2.8329 0.0 8.181805246746432 0.0 4.0 
2225 8452255.7 94.8919895791668 78.51222231980152 144.13718652343744 0 233 2.8329 0.0 8.181805246746432 0.0 4.0 
2226 8452289.0 94.92156987626542 78.51222231980152 144.13718652343744 0 233 2.8329 0.0 8.181805246746432 0.0 4.0 
2227 8452322.3 94.92156987626542 78.53668698792384 144.13718652343744 0 233 2.8329 0.0 8.181805246746432 0.0 4.0 
2228 8452355.7 94.92156987626542 78.53668698792384 144.13718652343744 0 233 2.8329 0.0 8.181805246746432 0.0 4.0 
2229 8452389.0 94.92156987626542 78.53668698792384 144.13718652343744 0 233 2.8329 0.0 8.181805246746432 0.0 4.0 
2230 8452422.3 94.92156987626542 78.53668698792384 144.13718652343744 0 233 2.8329 0.0 8.181805246746432 0.0 4.0 
2231 8452455.7 94.96968189319954 78.56010102391404 144.13718652343744 0 233 2.8329 0.0 8.181805246746432 0.0 4.0 
2232 8452489.0 94.96968189319954 78.56010102391404 144.13718652343744 0 233 2.8329 0.0 8.181805246746432 0.0 4.0 
2233 8452522.3 94.96968189319954 78.56010102391404 144.13718652343744 0 233 2.8329 0.0 8.181805246746432 0.0 4.0 
2234 8452555.7 94.96968189319954 78.56010102391404 144.13718652343744 0 233 2.8329 0.0 8.181805246746432 0.0 4.0 
2235 8452589.0 94.96968189319954 78.56010102391404 144.13718652343744 0 233 2.8329 0.0 8.181805246746432 0.0 4.0 
2236 8452622.3 95.01187468206386 78.56010102391404 144.13718652343744 0 233 2.8329 0.0 8.181805246746432 0.0 4.0 
2237 8452655.7 95.01187468206386 78.58032137326867 144.13718652343744 0 233 2.8329 0.0 8.181805246746432 0.0 4.0 
2238 8452689.0 95.01187468206386 78.58032137326867 144.13718652343744 0 233 2.8329 0.0 8.181805246746432 0.0 4.0 
2239 8452722.4 95.01187468206386 78.58032137326867 144.13718652343744 0 233 2.8329 0.0 8.181805246746432 0.0 4.0 
2240 8452755.7 95.01187468206386 78.58032137326867 144.13718652343744 0 233 2.8329 0.0 8.181805246746432 0.0 4.0 
2241 8452789.0 95.04818876711396 78.61213184149055 144.13718652343744 0 233 2.8329 0.0 8.181805246746432 0.0 4.0 
2242 8452822.4 95.04818876711396 78.61213184149055 144.13718652343744 0 233 2.8329 0.0 8.181805246746432 0.0 4.0 
2243 8452855.7 95.04818876711396 78.61213184149055 144.13718652343744 0 233 2.8329 0.0 8.181805246746432 0.0 4.0 
2244 8452889.0 95.04818876711396 78.61213184149055 144.13718652343744 0 233 2.8329 0.0 8.181805246746432 0.0 4.0 
2245 8452922.4 95.04818876711396 78.61213184149055 144.13718652343744 0 233 2.8329 0.0 8.181805246746432 0.0 4.0 
2246 8452955.7 95.06288158927133 78.61213184149055 144.13718652343744 0 233 2.8329 0.0 8.181805246746432 0.0 4.0 
2247 8452989.0 95.06288158927133 78.6358227438345 144.13718652343744 0 233 2.8329 0.0 8.181805246746432 0.0 4.0 
2248 8453022.4 95.06288158927133 78.6358227438345 144.13718652343744 0 233 2.8329 0.0 8.181805246746432 0.0 4.0 
2249 8453055.7 95.06288158927133 78.6358227438345 144.13718652343744 0 233 2.8329 0.0 8.181805246746432 0.0 4.0 
