# Recording
duration 75.006
nframes 2250
# Camera
framerate 29.997600191984642
imageToStage -0.993727445602417,-0.06086360290646553,0.06086360290646553,-0.993727445602417
rotation -3.080421285766743
imagenormaldir +Z
pixelsize 0.9955896
# Dual color
dualcolormode False
mainside Right
viewmode Splitted
recordingmode Original
translation_x 0.0
translation_y 0.0
rotation 0.0
# Tracking
roi_x 400
roi_y 400
capture_radius 400
min_step 1
threshold 30
binning 4
dark_bg True
mode CMS
area 400
# Frame Time X Y Z minBrightness maxBrightness meanBrightness medianBrightness skewness percentile_5 percentile_95
0 7485506.0 98.37792392570447 81.18439302681182 143.59346777343742 0 233 2.8329 0.0 8.181805246746432 0.0 4.0 
1 7485539.4 98.37792392570447 81.18439302681182 143.59346777343742 0 233 2.8329 0.0 8.181805246746432 0.0 4.0 
2 7485572.7 98.38158759606738 81.18439302681182 143.59346777343742 0 233 2.8329 0.0 8.181805246746432 0.0 4.0 
3 7485606.0 98.38158759606738 81.18233131879076 143.59346777343742 0 233 2.8329 0.0 8.181805246746432 0.0 4.0 
4 7485639.4 98.38158759606738 81.18233131879076 143.59346777343742 0 233 2.8329 0.0 8.181805246746432 0.0 4.0 
5 7485672.7 98.3850995275442 81.18233131879076 143.59346777343742 0 233 2.8329 0.0 8.181805246746432 0.0 4.0 
6 7485706.1 98.3850995275442 81.18233131879076 143.59346777343742 0 233 2.8329 0.0 8.181805246746432 0.0 4.0 
7 7485739.4 98.3850995275442 81.18233131879076 143.59346777343742 0 233 2.8329 0.0 8.181805246746432 0.0 4.0 
8 7485772.7 98.38929785487078 81.18233131879076 143.59346777343742 0 233 2.8329 0.0 8.181805246746432 0.0 4.0 
9 7485806.1 98.38929785487078 81.18233131879076 143.59346777343742 0 233 2.8329 0.0 8.181805246746432 0.0 4.0 
10 7485839.4 98.38929785487078 81.18233131879076 143.59346777343742 0 233 2.8329 0.0 8.181805246746432 0.0 4.0 
11 7485872.7 98.39353795294922 81.18233131879076 143.59346777343742 0 233 2.8329 0.0 8.181805246746432 0.0 4.0 
12 7485906.1 98.39353795294922 81.18233131879076 143.59346777343742 0 233 2.8329 0.0 8.181805246746432 0.0 4.0 
13 7485939.4 98.39353795294922 81.18233131879076 143.59346777343742 0 233 2.8329 0.0 8.181805246746432 0.0 4.0 
14 7485972.7 98.39121627509112 81.18233131879076 143.59346777343742 0 233 2.8329 0.0 8.181805246746432 0.0 4.0 
15 7486006.1 98.39121627509112 81.18104487927076 143.59346777343742 0 233 2.8329 0.0 8.181805246746432 0.0 4.0 
16 7486039.4 98.39121627509112 81.18104487927076 143.59346777343742 0 233 2.8329 0.0 8.181805246746432 0.0 4.0 
17 7486072.7 98.38785330450457 81.18104487927076 143.59346777343742 0 233 2.8329 0.0 8.181805246746432 0.0 4.0 
18 7486106.1 98.38785330450457 81.17540960796099 143.59346777343742 0 233 2.8329 0.0 8.181805246746432 0.0 4.0 
19 7486139.4 98.38785330450457 81.17540960796099 143.59346777343742 0 233 2.8329 0.0 8.181805246746432 0.0 4.0 
20 7486172.8 98.39054240700902 81.17540960796099 143.59346777343742 0 233 2.8329 0.0 8.181805246746432 0.0 4.0 
21 7486206.1 98.39054240700902 81.16928471711225 143.59346777343742 0 233 2.8329 0.0 8.181805246746432 0.0 4.0 
22 7486239.4 98.39054240700902 81.16928471711225 143.59346777343742 0 233 2.8329 0.0 8.181805246746432 0.0 4.0 
23 7486272.8 98.39054240700902 81.16928471711225 143.59346777343742 0 233 2.8329 0.0 8.181805246746432 0.0 4.0 
24 7486306.1 98.39590439872347 81.162222086063 143.59346777343742 0 233 2.8329 0.0 8.181805246746432 0.0 4.0 
25 7486339.4 98.39590439872347 81.162222086063 143.59346777343742 0 233 2.8329 0.0 8.181805246746432 0.0 4.0 
26 7486372.8 98.39590439872347 81.162222086063 143.59346777343742 0 233 2.8329 0.0 8.181805246746432 0.0 4.0 
27 7486406.1 98.40336849694442 81.162222086063 143.59346777343742 0 233 2.8329 0.0 8.181805246746432 0.0 4.0 
28 7486439.4 98.40336849694442 81.164643907685 143.59346777343742 0 233 2.8329 0.0 8.181805246746432 0.0 4.0 
29 7486472.8 98.40336849694442 81.164643907685 143.59346777343742 0 233 2.8329 0.0 8.181805246746432 0.0 4.0 
30 7486506.1 98.40336849694442 81.164643907685 143.59346777343742 0 233 2.8329 0.0 8.181805246746432 0.0 4.0 
31 7486539.5 98.39863030099839 81.164643907685 143.59346777343742 0 233 2.8329 0.0 8.181805246746432 0.0 4.0 
32 7486572.8 98.39863030099839 81.17856002671627 143.59346777343742 0 233 2.8329 0.0 8.181805246746432 0.0 4.0 
33 7486606.1 98.39863030099839 81.17856002671627 143.59346777343742 0 233 2.8329 0.0 8.181805246746432 0.0 4.0 
34 7486639.5 98.39863030099839 81.17856002671627 143.59346777343742 0 233 2.8329 0.0 8.181805246746432 0.0 4.0 
35 7486672.8 98.39739765985128 81.17702903585143 143.59346777343742 0 233 2.8329 0.0 8.181805246746432 0.0 4.0 
36 7486706.1 98.39739765985128 81.17702903585143 143.59346777343742 0 233 2.8329 0.0 8.181805246746432 0.0 4.0 
37 7486739.5 98.39739765985128 81.17702903585143 143.59346777343742 0 233 2.8329 0.0 8.181805246746432 0.0 4.0 
38 7486772.8 98.39626512480571 81.17702903585143 143.59346777343742 0 233 2.8329 0.0 8.181805246746432 0.0 4.0 
39 7486806.1 98.39626512480571 81.19469141815257 143.59346777343742 0 233 2.8329 0.0 8.181805246746432 0.0 4.0 
40 7486839.5 98.39626512480571 81.19469141815257 143.59346777343742 0 233 2.8329 0.0 8.181805246746432 0.0 4.0 
41 7486872.8 98.39626512480571 81.18236310274216 143.59346777343742 0 233 2.8329 0.0 8.181805246746432 0.0 4.0 
42 7486906.1 98.39626512480571 81.18236310274216 143.59346777343742 0 233 2.8329 0.0 8.181805246746432 0.0 4.0 
43 7486939.5 98.39626512480571 81.18236310274216 143.59346777343742 0 233 2.8329 0.0 8.181805246746432 0.0 4.0 
44 7486972.8 98.39626512480571 81.18236310274216 143.59346777343742 0 233 2.8329 0.0 8.181805246746432 0.0 4.0 
45 7487006.2 98.39919460117225 81.17706366159061 143.59346777343742 0 233 2.8329 0.0 8.181805246746432 0.0 4.0 
46 7487039.5 98.39919460117225 81.17706366159061 143.59346777343742 0 233 2.8329 0.0 8.181805246746432 0.0 4.0 
47 7487072.8 98.39919460117225 81.17706366159061 143.59346777343742 0 233 2.8329 0.0 8.181805246746432 0.0 4.0 
48 7487106.2 98.39919460117225 81.17706366159061 143.59346777343742 0 233 2.8329 0.0 8.181805246746432 0.0 4.0 
49 7487139.5 98.40542842332124 81.17706366159061 143.59346777343742 0 233 2.8329 0.0 8.181805246746432 0.0 4.0 
50 7487172.8 98.40542842332124 81.17706366159061 143.59346777343742 0 233 2.8329 0.0 8.181805246746432 0.0 4.0 
51 7487206.2 98.40542842332124 81.17706366159061 143.59346777343742 0 233 2.8329 0.0 8.181805246746432 0.0 4.0 
52 7487239.5 98.40542842332124 81.17706366159061 143.59346777343742 0 233 2.8329 0.0 8.181805246746432 0.0 4.0 
53 7487272.8 98.41092021616419 81.17706366159061 143.59346777343742 0 233 2.8329 0.0 8.181805246746432 0.0 4.0 
54 7487306.2 98.41092021616419 81.17706366159061 143.59346777343742 0 233 2.8329 0.0 8.181805246746432 0.0 4.0 
55 7487339.5 98.41092021616419 81.17706366159061 143.59346777343742 0 233 2.8329 0.0 8.181805246746432 0.0 4.0 
56 7487372.9 98.41364173332015 81.17912069204027 143.59346777343742 0 233 2.8329 0.0 8.181805246746432 0.0 4.0 
57 7487406.2 98.41364173332015 81.17912069204027 143.59346777343742 0 233 2.8329 0.0 8.181805246746432 0.0 4.0 
58 7487439.5 98.41364173332015 81.17912069204027 143.59346777343742 0 233 2.8329 0.0 8.181805246746432 0.0 4.0 
59 7487472.9 98.42172123053983 81.18161631366281 143.59346777343742 0 233 2.8329 0.0 8.181805246746432 0.0 4.0 
60 7487506.2 98.42172123053983 81.18161631366281 143.59346777343742 0 233 2.8329 0.0 8.181805246746432 0.0 4.0 
61 7487539.5 98.42172123053983 81.18161631366281 143.59346777343742 0 233 2.8329 0.0 8.181805246746432 0.0 4.0 
62 7487572.9 98.4300204144148 81.18161631366281 143.59346777343742 0 233 2.8329 0.0 8.181805246746432 0.0 4.0 
63 7487606.2 98.4300204144148 81.17931219728527 143.59346777343742 0 233 2.8329 0.0 8.181805246746432 0.0 4.0 
64 7487639.5 98.4300204144148 81.17931219728527 143.59346777343742 0 233 2.8329 0.0 8.181805246746432 0.0 4.0 
65 7487672.9 98.4300204144148 81.17931219728527 143.59346777343742 0 233 2.8329 0.0 8.181805246746432 0.0 4.0 
66 7487706.2 98.43440744943746 81.17931219728527 143.59346777343742 0 233 2.8329 0.0 8.181805246746432 0.0 4.0 
67 7487739.5 98.43440744943746 81.1761555622157 143.59346777343742 0 233 2.8329 0.0 8.181805246746432 0.0 4.0 
68 7487772.9 98.43440744943746 81.1761555622157 143.59346777343742 0 233 2.8329 0.0 8.181805246746432 0.0 4.0 
69 7487806.2 98.43440744943746 81.1761555622157 143.59346777343742 0 233 2.8329 0.0 8.181805246746432 0.0 4.0 
70 7487839.6 98.44031596040614 81.17062396246165 143.59346777343742 0 233 2.8329 0.0 8.181805246746432 0.0 4.0 
71 7487872.9 98.44031596040614 81.17062396246165 143.59346777343742 0 233 2.8329 0.0 8.181805246746432 0.0 4.0 
72 7487906.2 98.44031596040614 81.17062396246165 143.59346777343742 0 233 2.8329 0.0 8.181805246746432 0.0 4.0 
73 7487939.6 98.44031596040614 81.17062396246165 143.59346777343742 0 233 2.8329 0.0 8.181805246746432 0.0 4.0 
74 7487972.9 98.44887074417203 81.17062396246165 143.59346777343742 0 233 2.8329 0.0 8.181805246746432 0.0 4.0 
75 7488006.2 98.44887074417203 81.16586361813582 143.59346777343742 0 233 2.8329 0.0 8.181805246746432 0.0 4.0 
76 7488039.6 98.44887074417203 81.16586361813582 143.59346777343742 0 233 2.8329 0.0 8.181805246746432 0.0 4.0 
77 7488072.9 98.44887074417203 81.16586361813582 143.59346777343742 0 233 2.8329 0.0 8.181805246746432 0.0 4.0 
78 7488106.2 98.45059429774446 81.16586361813582 143.59346777343742 0 233 2.8329 0.0 8.181805246746432 0.0 4.0 
79 7488139.6 98.45059429774446 81.1624272344016 143.59346777343742 0 233 2.8329 0.0 8.181805246746432 0.0 4.0 
80 7488172.9 98.45059429774446 81.1624272344016 143.59346777343742 0 233 2.8329 0.0 8.181805246746432 0.0 4.0 
81 7488206.3 98.45059429774446 81.1624272344016 143.59346777343742 0 233 2.8329 0.0 8.181805246746432 0.0 4.0 
82 7488239.6 98.45767609159613 81.15568766039695 143.59346777343742 0 233 2.8329 0.0 8.181805246746432 0.0 4.0 
83 7488272.9 98.45767609159613 81.15568766039695 143.59346777343742 0 233 2.8329 0.0 8.181805246746432 0.0 4.0 
84 7488306.3 98.45767609159613 81.15568766039695 143.59346777343742 0 233 2.8329 0.0 8.181805246746432 0.0 4.0 
85 7488339.6 98.45767609159613 81.15568766039695 143.59346777343742 0 233 2.8329 0.0 8.181805246746432 0.0 4.0 
86 7488372.9 98.46514535984309 81.15568766039695 143.59346777343742 0 233 2.8329 0.0 8.181805246746432 0.0 4.0 
87 7488406.3 98.46514535984309 81.14248529150709 143.59346777343742 0 233 2.8329 0.0 8.181805246746432 0.0 4.0 
88 7488439.6 98.46514535984309 81.14248529150709 143.59346777343742 0 233 2.8329 0.0 8.181805246746432 0.0 4.0 
89 7488472.9 98.47250593997803 81.14248529150709 143.59346777343742 0 233 2.8329 0.0 8.181805246746432 0.0 4.0 
90 7488506.3 98.47250593997803 81.1287108487747 143.59346777343742 0 233 2.8329 0.0 8.181805246746432 0.0 4.0 
91 7488539.6 98.47250593997803 81.1287108487747 143.59346777343742 0 233 2.8329 0.0 8.181805246746432 0.0 4.0 
92 7488572.9 98.47250593997803 81.1287108487747 143.59346777343742 0 233 2.8329 0.0 8.181805246746432 0.0 4.0 
93 7488606.3 98.4778046820226 81.1194727369587 143.59346777343742 0 233 2.8329 0.0 8.181805246746432 0.0 4.0 
94 7488639.6 98.4778046820226 81.1194727369587 143.59346777343742 0 233 2.8329 0.0 8.181805246746432 0.0 4.0 
95 7488673.0 98.4778046820226 81.1194727369587 143.59346777343742 0 233 2.8329 0.0 8.181805246746432 0.0 4.0 
96 7488706.3 98.4778046820226 81.1194727369587 143.59346777343742 0 233 2.8329 0.0 8.181805246746432 0.0 4.0 
97 7488739.6 98.48567039459648 81.1194727369587 143.59346777343742 0 233 2.8329 0.0 8.181805246746432 0.0 4.0 
98 7488773.0 98.48567039459648 81.1095429118744 143.59346777343742 0 233 2.8329 0.0 8.181805246746432 0.0 4.0 
99 7488806.3 98.48567039459648 81.1095429118744 143.59346777343742 0 233 2.8329 0.0 8.181805246746432 0.0 4.0 
100 7488839.6 98.48567039459648 81.1095429118744 143.59346777343742 0 233 2.8329 0.0 8.181805246746432 0.0 4.0 
101 7488873.0 98.49452098310974 81.1095429118744 143.59346777343742 0 233 2.8329 0.0 8.181805246746432 0.0 4.0 
102 7488906.3 98.49452098310974 81.10185359996076 143.59346777343742 0 233 2.8329 0.0 8.181805246746432 0.0 4.0 
103 7488939.6 98.49452098310974 81.10185359996076 143.59346777343742 0 233 2.8329 0.0 8.181805246746432 0.0 4.0 
104 7488973.0 98.50096102026953 81.09608291691217 143.59346777343742 0 233 2.8329 0.0 8.181805246746432 0.0 4.0 
105 7489006.3 98.50096102026953 81.09608291691217 143.59346777343742 0 233 2.8329 0.0 8.181805246746432 0.0 4.0 
106 7489039.7 98.50096102026953 81.09608291691217 143.59346777343742 0 233 2.8329 0.0 8.181805246746432 0.0 4.0 
107 7489073.0 98.50096102026953 81.09608291691217 143.59346777343742 0 233 2.8329 0.0 8.181805246746432 0.0 4.0 
108 7489106.3 98.50096102026953 81.09608291691217 143.59346777343742 0 233 2.8329 0.0 8.181805246746432 0.0 4.0 
109 7489139.7 98.50096102026953 81.09608291691217 143.59346777343742 0 233 2.8329 0.0 8.181805246746432 0.0 4.0 
110 7489173.0 98.50096102026953 81.09608291691217 143.59346777343742 0 233 2.8329 0.0 8.181805246746432 0.0 4.0 
111 7489206.3 98.50341103004378 81.09608291691217 143.59346777343742 0 233 2.8329 0.0 8.181805246746432 0.0 4.0 
112 7489239.7 98.50341103004378 81.09608291691217 143.59346777343742 0 233 2.8329 0.0 8.181805246746432 0.0 4.0 
113 7489273.0 98.50749588483522 81.09608291691217 143.59346777343742 0 233 2.8329 0.0 8.181805246746432 0.0 4.0 
114 7489306.3 98.50749588483522 81.09608291691217 143.59346777343742 0 233 2.8329 0.0 8.181805246746432 0.0 4.0 
115 7489339.7 98.50749588483522 81.09608291691217 143.59346777343742 0 233 2.8329 0.0 8.181805246746432 0.0 4.0 
116 7489373.0 98.50942230986298 81.09608291691217 143.59346777343742 0 233 2.8329 0.0 8.181805246746432 0.0 4.0 
117 7489406.3 98.50942230986298 81.09608291691217 143.59346777343742 0 233 2.8329 0.0 8.181805246746432 0.0 4.0 
118 7489439.7 98.51110972964715 81.09133711025638 143.59346777343742 0 233 2.8329 0.0 8.181805246746432 0.0 4.0 
119 7489473.0 98.51110972964715 81.09133711025638 143.59346777343742 0 233 2.8329 0.0 8.181805246746432 0.0 4.0 
120 7489506.4 98.51110972964715 81.09133711025638 143.59346777343742 0 233 2.8329 0.0 8.181805246746432 0.0 4.0 
121 7489539.7 98.51110972964715 81.09133711025638 143.59346777343742 0 233 2.8329 0.0 8.181805246746432 0.0 4.0 
122 7489573.0 98.51394722311699 81.09133711025638 143.59346777343742 0 233 2.8329 0.0 8.181805246746432 0.0 4.0 
123 7489606.4 98.51394722311699 81.08732798725858 143.59346777343742 0 233 2.8329 0.0 8.181805246746432 0.0 4.0 
124 7489639.7 98.51394722311699 81.08732798725858 143.59346777343742 0 233 2.8329 0.0 8.181805246746432 0.0 4.0 
125 7489673.0 98.51394722311699 81.08732798725858 143.59346777343742 0 233 2.8329 0.0 8.181805246746432 0.0 4.0 
126 7489706.4 98.51594536878048 81.08732798725858 143.59346777343742 0 233 2.8329 0.0 8.181805246746432 0.0 4.0 
127 7489739.7 98.51594536878048 81.08091630755338 143.59346777343742 0 233 2.8329 0.0 8.181805246746432 0.0 4.0 
128 7489773.0 98.51594536878048 81.08091630755338 143.59346777343742 0 233 2.8329 0.0 8.181805246746432 0.0 4.0 
129 7489806.4 98.52020645949622 81.07137770116759 143.59346777343742 0 233 2.8329 0.0 8.181805246746432 0.0 4.0 
130 7489839.7 98.52020645949622 81.07137770116759 143.59346777343742 0 233 2.8329 0.0 8.181805246746432 0.0 4.0 
131 7489873.1 98.52020645949622 81.07137770116759 143.59346777343742 0 233 2.8329 0.0 8.181805246746432 0.0 4.0 
132 7489906.4 98.52020645949622 81.07137770116759 143.59346777343742 0 233 2.8329 0.0 8.181805246746432 0.0 4.0 
133 7489939.7 98.5214061773153 81.07137770116759 143.59346777343742 0 233 2.8329 0.0 8.181805246746432 0.0 4.0 
134 7489973.1 98.5214061773153 81.06603874328704 143.59346777343742 0 233 2.8329 0.0 8.181805246746432 0.0 4.0 
135 7490006.4 98.5214061773153 81.06603874328704 143.59346777343742 0 233 2.8329 0.0 8.181805246746432 0.0 4.0 
136 7490039.7 98.5214061773153 81.05792393402123 143.59346777343742 0 233 2.8329 0.0 8.181805246746432 0.0 4.0 
137 7490073.1 98.5214061773153 81.05792393402123 143.59346777343742 0 233 2.8329 0.0 8.181805246746432 0.0 4.0 
138 7490106.4 98.5214061773153 81.05792393402123 143.59346777343742 0 233 2.8329 0.0 8.181805246746432 0.0 4.0 
139 7490139.7 98.5214061773153 81.05247908177904 143.59346777343742 0 233 2.8329 0.0 8.181805246746432 0.0 4.0 
140 7490173.1 98.5214061773153 81.05247908177904 143.59346777343742 0 233 2.8329 0.0 8.181805246746432 0.0 4.0 
141 7490206.4 98.51831332893171 81.04075115527843 143.59346777343742 0 233 2.8329 0.0 8.181805246746432 0.0 4.0 
142 7490239.7 98.51831332893171 81.04075115527843 143.59346777343742 0 233 2.8329 0.0 8.181805246746432 0.0 4.0 
143 7490273.1 98.51831332893171 81.04075115527843 143.59346777343742 0 233 2.8329 0.0 8.181805246746432 0.0 4.0 
144 7490306.4 98.51831332893171 81.04075115527843 143.59346777343742 0 233 2.8329 0.0 8.181805246746432 0.0 4.0 
145 7490339.8 98.51371418443665 81.04075115527843 143.59346777343742 0 233 2.8329 0.0 8.181805246746432 0.0 4.0 
146 7490373.1 98.51371418443665 81.03262227066303 143.59346777343742 0 233 2.8329 0.0 8.181805246746432 0.0 4.0 
147 7490406.4 98.51371418443665 81.03262227066303 143.59346777343742 0 233 2.8329 0.0 8.181805246746432 0.0 4.0 
148 7490439.8 98.51208556464655 81.03262227066303 143.59346777343742 0 233 2.8329 0.0 8.181805246746432 0.0 4.0 
149 7490473.1 98.51208556464655 81.02234569089768 143.59346777343742 0 233 2.8329 0.0 8.181805246746432 0.0 4.0 
150 7490506.4 98.51208556464655 81.02234569089768 143.59346777343742 0 233 2.8329 0.0 8.181805246746432 0.0 4.0 
151 7490539.8 98.51208556464655 81.01256463582963 143.59346777343742 0 233 2.8329 0.0 8.181805246746432 0.0 4.0 
152 7490573.1 98.51208556464655 81.01256463582963 143.59346777343742 0 233 2.8329 0.0 8.181805246746432 0.0 4.0 
153 7490606.4 98.51208556464655 81.01256463582963 143.59346777343742 0 233 2.8329 0.0 8.181805246746432 0.0 4.0 
154 7490639.8 98.51208556464655 81.00939182225983 143.59346777343742 0 233 2.8329 0.0 8.181805246746432 0.0 4.0 
155 7490673.1 98.51208556464655 81.00939182225983 143.59346777343742 0 233 2.8329 0.0 8.181805246746432 0.0 4.0 
156 7490706.5 98.51208556464655 81.00939182225983 143.59346777343742 0 233 2.8329 0.0 8.181805246746432 0.0 4.0 
157 7490739.8 98.5096584599726 81.00939182225983 143.59346777343742 0 233 2.8329 0.0 8.181805246746432 0.0 4.0 
158 7490773.1 98.5096584599726 81.00562127251253 143.59346777343742 0 233 2.8329 0.0 8.181805246746432 0.0 4.0 
159 7490806.5 98.5096584599726 81.00562127251253 143.59346777343742 0 233 2.8329 0.0 8.181805246746432 0.0 4.0 
160 7490839.8 98.5096584599726 81.00562127251253 143.59346777343742 0 233 2.8329 0.0 8.181805246746432 0.0 4.0 
161 7490873.1 98.50503695328818 81.00562127251253 143.59346777343742 0 233 2.8329 0.0 8.181805246746432 0.0 4.0 
162 7490906.5 98.50503695328818 80.99748714249363 143.59346777343742 0 233 2.8329 0.0 8.181805246746432 0.0 4.0 
163 7490939.8 98.50503695328818 80.99748714249363 143.59346777343742 0 233 2.8329 0.0 8.181805246746432 0.0 4.0 
164 7490973.1 98.50503695328818 80.99748714249363 143.59346777343742 0 233 2.8329 0.0 8.181805246746432 0.0 4.0 
165 7491006.5 98.50248843209705 80.98814612779432 143.59346777343742 0 233 2.8329 0.0 8.181805246746432 0.0 4.0 
166 7491039.8 98.50248843209705 80.98814612779432 143.59346777343742 0 233 2.8329 0.0 8.181805246746432 0.0 4.0 
167 7491073.1 98.50248843209705 80.98814612779432 143.59346777343742 0 233 2.8329 0.0 8.181805246746432 0.0 4.0 
168 7491106.5 98.50248843209705 80.98814612779432 143.59346777343742 0 233 2.8329 0.0 8.181805246746432 0.0 4.0 
169 7491139.8 98.5010530790552 80.98814612779432 143.59346777343742 0 233 2.8329 0.0 8.181805246746432 0.0 4.0 
170 7491173.2 98.5010530790552 80.98551864468732 143.59346777343742 0 233 2.8329 0.0 8.181805246746432 0.0 4.0 
171 7491206.5 98.5010530790552 80.98551864468732 143.59346777343742 0 233 2.8329 0.0 8.181805246746432 0.0 4.0 
172 7491239.8 98.5010530790552 80.98551864468732 143.59346777343742 0 233 2.8329 0.0 8.181805246746432 0.0 4.0 
173 7491273.2 98.49734110146487 80.98551864468732 143.59346777343742 0 233 2.8329 0.0 8.181805246746432 0.0 4.0 
174 7491306.5 98.49734110146487 80.9839703055969 143.59346777343742 0 233 2.8329 0.0 8.181805246746432 0.0 4.0 
175 7491339.8 98.49734110146487 80.9839703055969 143.59346777343742 0 233 2.8329 0.0 8.181805246746432 0.0 4.0 
176 7491373.2 98.49734110146487 80.9839703055969 143.59346777343742 0 233 2.8329 0.0 8.181805246746432 0.0 4.0 
177 7491406.5 98.4873170160755 80.9778649528767 143.59346777343742 0 233 2.8329 0.0 8.181805246746432 0.0 4.0 
178 7491439.8 98.4873170160755 80.9778649528767 143.59346777343742 0 233 2.8329 0.0 8.181805246746432 0.0 4.0 
179 7491473.2 98.4873170160755 80.9778649528767 143.59346777343742 0 233 2.8329 0.0 8.181805246746432 0.0 4.0 
180 7491506.5 98.4873170160755 80.9778649528767 143.59346777343742 0 233 2.8329 0.0 8.181805246746432 0.0 4.0 
181 7491539.9 98.47342323993469 80.9778649528767 143.59346777343742 0 233 2.8329 0.0 8.181805246746432 0.0 4.0 
182 7491573.2 98.47342323993469 80.97032379273517 143.59346777343742 0 233 2.8329 0.0 8.181805246746432 0.0 4.0 
183 7491606.5 98.47342323993469 80.97032379273517 143.59346777343742 0 233 2.8329 0.0 8.181805246746432 0.0 4.0 
184 7491639.9 98.46369701868298 80.97032379273517 143.59346777343742 0 233 2.8329 0.0 8.181805246746432 0.0 4.0 
185 7491673.2 98.46369701868298 80.9641881154566 143.59346777343742 0 233 2.8329 0.0 8.181805246746432 0.0 4.0 
186 7491706.5 98.46369701868298 80.9641881154566 143.59346777343742 0 233 2.8329 0.0 8.181805246746432 0.0 4.0 
187 7491739.9 98.4605842604342 80.96245510138598 143.59346777343742 0 233 2.8329 0.0 8.181805246746432 0.0 4.0 
188 7491773.2 98.4605842604342 80.96245510138598 143.59346777343742 0 233 2.8329 0.0 8.181805246746432 0.0 4.0 
189 7491806.5 98.45819681983455 80.96245510138598 143.59346777343742 0 233 2.8329 0.0 8.181805246746432 0.0 4.0 
190 7491839.9 98.45819681983455 80.96245510138598 143.59346777343742 0 233 2.8329 0.0 8.181805246746432 0.0 4.0 
191 7491873.2 98.45652552465815 80.96245510138598 143.59346777343742 0 233 2.8329 0.0 8.181805246746432 0.0 4.0 
192 7491906.5 98.45652552465815 80.96348532981843 143.59346777343742 0 233 2.8329 0.0 8.181805246746432 0.0 4.0 
193 7491939.9 98.45652552465815 80.96348532981843 143.59346777343742 0 233 2.8329 0.0 8.181805246746432 0.0 4.0 
194 7491973.2 98.45652552465815 80.96348532981843 143.59346777343742 0 233 2.8329 0.0 8.181805246746432 0.0 4.0 
195 7492006.6 98.44401202034402 80.96348532981843 143.59346777343742 0 233 2.8329 0.0 8.181805246746432 0.0 4.0 
196 7492039.9 98.44401202034402 80.95847362660172 143.59346777343742 0 233 2.8329 0.0 8.181805246746432 0.0 4.0 
197 7492073.2 98.44401202034402 80.95847362660172 143.59346777343742 0 233 2.8329 0.0 8.181805246746432 0.0 4.0 
198 7492106.6 98.44401202034402 80.95847362660172 143.59346777343742 0 233 2.8329 0.0 8.181805246746432 0.0 4.0 
199 7492139.9 98.43466821848583 80.95171088600803 143.59346777343742 0 233 2.8329 0.0 8.181805246746432 0.0 4.0 
200 7492173.2 98.43466821848583 80.95171088600803 143.59346777343742 0 233 2.8329 0.0 8.181805246746432 0.0 4.0 
201 7492206.6 98.43466821848583 80.95171088600803 143.59346777343742 0 233 2.8329 0.0 8.181805246746432 0.0 4.0 
202 7492239.9 98.43466821848583 80.95171088600803 143.59346777343742 0 233 2.8329 0.0 8.181805246746432 0.0 4.0 
203 7492273.2 98.42714859494785 80.95171088600803 143.59346777343742 0 233 2.8329 0.0 8.181805246746432 0.0 4.0 
204 7492306.6 98.42714859494785 80.94439886119744 143.59346777343742 0 233 2.8329 0.0 8.181805246746432 0.0 4.0 
205 7492339.9 98.42714859494785 80.94439886119744 143.59346777343742 0 233 2.8329 0.0 8.181805246746432 0.0 4.0 
206 7492373.3 98.42714859494785 80.94439886119744 143.59346777343742 0 233 2.8329 0.0 8.181805246746432 0.0 4.0 
207 7492406.6 98.42137976868624 80.94439886119744 143.59346777343742 0 233 2.8329 0.0 8.181805246746432 0.0 4.0 
208 7492439.9 98.42137976868624 80.92925514105426 143.59346777343742 0 233 2.8329 0.0 8.181805246746432 0.0 4.0 
209 7492473.3 98.42137976868624 80.92925514105426 143.59346777343742 0 233 2.8329 0.0 8.181805246746432 0.0 4.0 
210 7492506.6 98.42137976868624 80.92925514105426 143.59346777343742 0 233 2.8329 0.0 8.181805246746432 0.0 4.0 
211 7492539.9 98.42021270041688 80.91808528264824 143.59346777343742 0 233 2.8329 0.0 8.181805246746432 0.0 4.0 
212 7492573.3 98.42021270041688 80.91808528264824 143.59346777343742 0 233 2.8329 0.0 8.181805246746432 0.0 4.0 
213 7492606.6 98.42021270041688 80.91808528264824 143.59346777343742 0 233 2.8329 0.0 8.181805246746432 0.0 4.0 
214 7492639.9 98.42021270041688 80.91808528264824 143.59346777343742 0 233 2.8329 0.0 8.181805246746432 0.0 4.0 
215 7492673.3 98.42021270041688 80.91178204847495 143.59346777343742 0 233 2.8329 0.0 8.181805246746432 0.0 4.0 
216 7492706.6 98.42021270041688 80.91178204847495 143.59346777343742 0 233 2.8329 0.0 8.181805246746432 0.0 4.0 
217 7492739.9 98.42169540712912 80.91178204847495 143.59346777343742 0 233 2.8329 0.0 8.181805246746432 0.0 4.0 
218 7492773.3 98.42169540712912 80.90805436083907 143.59346777343742 0 233 2.8329 0.0 8.181805246746432 0.0 4.0 
219 7492806.6 98.42169540712912 80.90805436083907 143.59346777343742 0 233 2.8329 0.0 8.181805246746432 0.0 4.0 
220 7492840.0 98.42518343381695 80.9009697878602 143.59346777343742 0 233 2.8329 0.0 8.181805246746432 0.0 4.0 
221 7492873.3 98.42518343381695 80.9009697878602 143.59346777343742 0 233 2.8329 0.0 8.181805246746432 0.0 4.0 
222 7492906.6 98.42518343381695 80.9009697878602 143.59346777343742 0 233 2.8329 0.0 8.181805246746432 0.0 4.0 
223 7492940.0 98.42901196074679 80.9009697878602 143.59346777343742 0 233 2.8329 0.0 8.181805246746432 0.0 4.0 
224 7492973.3 98.42901196074679 80.89417309376887 143.59346777343742 0 233 2.8329 0.0 8.181805246746432 0.0 4.0 
225 7493006.6 98.42901196074679 80.89417309376887 143.59346777343742 0 233 2.8329 0.0 8.181805246746432 0.0 4.0 
226 7493040.0 98.42901196074679 80.89417309376887 143.59346777343742 0 233 2.8329 0.0 8.181805246746432 0.0 4.0 
227 7493073.3 98.43284722746873 80.89417309376887 143.59346777343742 0 233 2.8329 0.0 8.181805246746432 0.0 4.0 
228 7493106.6 98.43284722746873 80.8863904760916 143.59346777343742 0 233 2.8329 0.0 8.181805246746432 0.0 4.0 
229 7493140.0 98.43284722746873 80.8863904760916 143.59346777343742 0 233 2.8329 0.0 8.181805246746432 0.0 4.0 
230 7493173.3 98.43284722746873 80.8863904760916 143.59346777343742 0 233 2.8329 0.0 8.181805246746432 0.0 4.0 
231 7493206.7 98.43819258334543 80.87736211970525 143.59346777343742 0 233 2.8329 0.0 8.181805246746432 0.0 4.0 
232 7493240.0 98.43819258334543 80.87736211970525 143.59346777343742 0 233 2.8329 0.0 8.181805246746432 0.0 4.0 
233 7493273.3 98.43819258334543 80.87736211970525 143.59346777343742 0 233 2.8329 0.0 8.181805246746432 0.0 4.0 
234 7493306.7 98.43819258334543 80.87736211970525 143.59346777343742 0 233 2.8329 0.0 8.181805246746432 0.0 4.0 
235 7493340.0 98.44536084777411 80.87736211970525 143.59346777343742 0 233 2.8329 0.0 8.181805246746432 0.0 4.0 
236 7493373.3 98.44536084777411 80.86957420942394 143.59346777343742 0 233 2.8329 0.0 8.181805246746432 0.0 4.0 
237 7493406.7 98.44536084777411 80.86957420942394 143.59346777343742 0 233 2.8329 0.0 8.181805246746432 0.0 4.0 
238 7493440.0 98.44536084777411 80.86957420942394 143.59346777343742 0 233 2.8329 0.0 8.181805246746432 0.0 4.0 
239 7493473.3 98.4604015773552 80.86957420942394 143.59346777343742 0 233 2.8329 0.0 8.181805246746432 0.0 4.0 
240 7493506.7 98.4604015773552 80.85872350559772 143.59346777343742 0 233 2.8329 0.0 8.181805246746432 0.0 4.0 
241 7493540.0 98.4604015773552 80.85872350559772 143.59346777343742 0 233 2.8329 0.0 8.181805246746432 0.0 4.0 
242 7493573.3 98.4604015773552 80.85872350559772 143.59346777343742 0 233 2.8329 0.0 8.181805246746432 0.0 4.0 
243 7493606.7 98.47357640139582 80.85113472494517 143.59346777343742 0 233 2.8329 0.0 8.181805246746432 0.0 4.0 
244 7493640.0 98.47357640139582 80.85113472494517 143.59346777343742 0 233 2.8329 0.0 8.181805246746432 0.0 4.0 
245 7493673.4 98.47357640139582 80.85113472494517 143.59346777343742 0 233 2.8329 0.0 8.181805246746432 0.0 4.0 
246 7493706.7 98.47357640139582 80.85113472494517 143.59346777343742 0 233 2.8329 0.0 8.181805246746432 0.0 4.0 
247 7493740.0 98.48550528456866 80.85113472494517 143.59346777343742 0 233 2.8329 0.0 8.181805246746432 0.0 4.0 
248 7493773.4 98.48550528456866 80.84367365053534 143.59346777343742 0 233 2.8329 0.0 8.181805246746432 0.0 4.0 
249 7493806.7 98.48550528456866 80.84367365053534 143.59346777343742 0 233 2.8329 0.0 8.181805246746432 0.0 4.0 
250 7493840.0 98.48550528456866 80.84367365053534 143.59346777343742 0 233 2.8329 0.0 8.181805246746432 0.0 4.0 
251 7493873.4 98.48743550508055 80.84367365053534 143.59346777343742 0 233 2.8329 0.0 8.181805246746432 0.0 4.0 
252 7493906.7 98.48743550508055 80.84093480848765 143.59346777343742 0 233 2.8329 0.0 8.181805246746432 0.0 4.0 
253 7493940.0 98.48743550508055 80.84093480848765 143.59346777343742 0 233 2.8329 0.0 8.181805246746432 0.0 4.0 
254 7493973.4 98.48921685136361 80.84197346165293 143.59346777343742 0 233 2.8329 0.0 8.181805246746432 0.0 4.0 
255 7494006.7 98.48921685136361 80.84197346165293 143.59346777343742 0 233 2.8329 0.0 8.181805246746432 0.0 4.0 
256 7494040.1 98.49146709273778 80.84323312476057 143.59346777343742 0 233 2.8329 0.0 8.181805246746432 0.0 4.0 
257 7494073.4 98.49146709273778 80.84323312476057 143.59346777343742 0 233 2.8329 0.0 8.181805246746432 0.0 4.0 
258 7494106.7 98.49427019017111 80.84323312476057 143.59346777343742 0 233 2.8329 0.0 8.181805246746432 0.0 4.0 
259 7494140.1 98.49427019017111 80.84323312476057 143.59346777343742 0 233 2.8329 0.0 8.181805246746432 0.0 4.0 
260 7494173.4 98.49427019017111 80.84323312476057 143.59346777343742 0 233 2.8329 0.0 8.181805246746432 0.0 4.0 
261 7494206.7 98.49635583691621 80.84323312476057 143.59346777343742 0 233 2.8329 0.0 8.181805246746432 0.0 4.0 
262 7494240.1 98.49635583691621 80.84194388558737 143.59346777343742 0 233 2.8329 0.0 8.181805246746432 0.0 4.0 
263 7494273.4 98.49635583691621 80.84194388558737 143.59346777343742 0 233 2.8329 0.0 8.181805246746432 0.0 4.0 
264 7494306.7 98.49635583691621 80.84194388558737 143.59346777343742 0 233 2.8329 0.0 8.181805246746432 0.0 4.0 
265 7494340.1 98.50036584176306 80.84194388558737 143.59346777343742 0 233 2.8329 0.0 8.181805246746432 0.0 4.0 
266 7494373.4 98.50036584176306 80.83923345903763 143.59346777343742 0 233 2.8329 0.0 8.181805246746432 0.0 4.0 
267 7494406.7 98.50036584176306 80.83923345903763 143.59346777343742 0 233 2.8329 0.0 8.181805246746432 0.0 4.0 
268 7494440.1 98.50036584176306 80.83923345903763 143.59346777343742 0 233 2.8329 0.0 8.181805246746432 0.0 4.0 
269 7494473.4 98.51737440754991 80.83923345903763 143.59346777343742 0 233 2.8329 0.0 8.181805246746432 0.0 4.0 
270 7494506.8 98.51737440754991 80.83923345903763 143.59346777343742 0 233 2.8329 0.0 8.181805246746432 0.0 4.0 
271 7494540.1 98.51737440754991 80.83923345903763 143.59346777343742 0 233 2.8329 0.0 8.181805246746432 0.0 4.0 
272 7494573.4 98.52710361691717 80.83923345903763 143.59346777343742 0 233 2.8329 0.0 8.181805246746432 0.0 4.0 
273 7494606.8 98.52710361691717 80.83923345903763 143.59346777343742 0 233 2.8329 0.0 8.181805246746432 0.0 4.0 
274 7494640.1 98.52710361691717 80.83923345903763 143.59346777343742 0 233 2.8329 0.0 8.181805246746432 0.0 4.0 
275 7494673.4 98.52710361691717 80.83923345903763 143.59346777343742 0 233 2.8329 0.0 8.181805246746432 0.0 4.0 
276 7494706.8 98.54243373882994 80.83923345903763 143.59346777343742 0 233 2.8329 0.0 8.181805246746432 0.0 4.0 
277 7494740.1 98.54243373882994 80.84275030835934 143.59346777343742 0 233 2.8329 0.0 8.181805246746432 0.0 4.0 
278 7494773.4 98.54243373882994 80.84275030835934 143.59346777343742 0 233 2.8329 0.0 8.181805246746432 0.0 4.0 
279 7494806.8 98.54243373882994 80.84275030835934 143.59346777343742 0 233 2.8329 0.0 8.181805246746432 0.0 4.0 
280 7494840.1 98.55337207502335 80.84551063230106 143.59346777343742 0 233 2.8329 0.0 8.181805246746432 0.0 4.0 
281 7494873.5 98.55337207502335 80.84551063230106 143.59346777343742 0 233 2.8329 0.0 8.181805246746432 0.0 4.0 
282 7494906.8 98.55337207502335 80.84551063230106 143.59346777343742 0 233 2.8329 0.0 8.181805246746432 0.0 4.0 
283 7494940.1 98.55337207502335 80.84551063230106 143.59346777343742 0 233 2.8329 0.0 8.181805246746432 0.0 4.0 
284 7494973.5 98.56800013625408 80.84551063230106 143.59346777343742 0 233 2.8329 0.0 8.181805246746432 0.0 4.0 
285 7495006.8 98.56800013625408 80.84551063230106 143.59346777343742 0 233 2.8329 0.0 8.181805246746432 0.0 4.0 
286 7495040.1 98.56800013625408 80.84551063230106 143.59346777343742 0 233 2.8329 0.0 8.181805246746432 0.0 4.0 
287 7495073.5 98.57123421160675 80.84551063230106 143.59346777343742 0 233 2.8329 0.0 8.181805246746432 0.0 4.0 
288 7495106.8 98.57123421160675 80.84392892641819 143.59346777343742 0 233 2.8329 0.0 8.181805246746432 0.0 4.0 
289 7495140.1 98.57123421160675 80.84392892641819 143.59346777343742 0 233 2.8329 0.0 8.181805246746432 0.0 4.0 
290 7495173.5 98.57123421160675 80.84392892641819 143.59346777343742 0 233 2.8329 0.0 8.181805246746432 0.0 4.0 
291 7495206.8 98.57769871569701 80.84036522804713 143.59346777343742 0 233 2.8329 0.0 8.181805246746432 0.0 4.0 
292 7495240.1 98.57769871569701 80.84036522804713 143.59346777343742 0 233 2.8329 0.0 8.181805246746432 0.0 4.0 
293 7495273.5 98.57769871569701 80.84036522804713 143.59346777343742 0 233 2.8329 0.0 8.181805246746432 0.0 4.0 
294 7495306.8 98.57769871569701 80.84036522804713 143.59346777343742 0 233 2.8329 0.0 8.181805246746432 0.0 4.0 
295 7495340.2 98.5805568183136 80.84036522804713 143.59346777343742 0 233 2.8329 0.0 8.181805246746432 0.0 4.0 
296 7495373.5 98.5805568183136 80.83526607811143 143.59346777343742 0 233 2.8329 0.0 8.181805246746432 0.0 4.0 
297 7495406.8 98.5805568183136 80.83526607811143 143.59346777343742 0 233 2.8329 0.0 8.181805246746432 0.0 4.0 
298 7495440.2 98.5805568183136 80.83526607811143 143.59346777343742 0 233 2.8329 0.0 8.181805246746432 0.0 4.0 
299 7495473.5 98.58529677444966 80.83526607811143 143.59346777343742 0 233 2.8329 0.0 8.181805246746432 0.0 4.0 
300 7495506.8 98.58529677444966 80.83202525195516 143.59346777343742 0 233 2.8329 0.0 8.181805246746432 0.0 4.0 
301 7495540.2 98.58529677444966 80.83202525195516 143.59346777343742 0 233 2.8329 0.0 8.181805246746432 0.0 4.0 
302 7495573.5 98.58529677444966 80.83202525195516 143.59346777343742 0 233 2.8329 0.0 8.181805246746432 0.0 4.0 
303 7495606.8 98.58529677444966 80.83202525195516 143.59346777343742 0 233 2.8329 0.0 8.181805246746432 0.0 4.0 
304 7495640.2 98.58529677444966 80.83202525195516 143.59346777343742 0 233 2.8329 0.0 8.181805246746432 0.0 4.0 
305 7495673.5 98.58790251964083 80.83202525195516 143.59346777343742 0 233 2.8329 0.0 8.181805246746432 0.0 4.0 
306 7495706.9 98.58790251964083 80.83339033736894 143.59346777343742 0 233 2.8329 0.0 8.181805246746432 0.0 4.0 
307 7495740.2 98.58790251964083 80.83339033736894 143.59346777343742 0 233 2.8329 0.0 8.181805246746432 0.0 4.0 
308 7495773.5 98.58790251964083 80.83339033736894 143.59346777343742 0 233 2.8329 0.0 8.181805246746432 0.0 4.0 
309 7495806.9 98.58984103304164 80.83339033736894 143.59346777343742 0 233 2.8329 0.0 8.181805246746432 0.0 4.0 
310 7495840.2 98.58984103304164 80.83970756869518 143.59346777343742 0 233 2.8329 0.0 8.181805246746432 0.0 4.0 
311 7495873.5 98.58984103304164 80.83970756869518 143.59346777343742 0 233 2.8329 0.0 8.181805246746432 0.0 4.0 
312 7495906.9 98.58984103304164 80.83970756869518 143.59346777343742 0 233 2.8329 0.0 8.181805246746432 0.0 4.0 
313 7495940.2 98.59556469695738 80.84921227573035 143.59346777343742 0 233 2.8329 0.0 8.181805246746432 0.0 4.0 
314 7495973.5 98.59556469695738 80.84921227573035 143.59346777343742 0 233 2.8329 0.0 8.181805246746432 0.0 4.0 
315 7496006.9 98.59556469695738 80.84921227573035 143.59346777343742 0 233 2.8329 0.0 8.181805246746432 0.0 4.0 
316 7496040.2 98.59556469695738 80.84921227573035 143.59346777343742 0 233 2.8329 0.0 8.181805246746432 0.0 4.0 
317 7496073.5 98.60090423762854 80.85618677051309 143.59346777343742 0 233 2.8329 0.0 8.181805246746432 0.0 4.0 
318 7496106.9 98.60090423762854 80.85618677051309 143.59346777343742 0 233 2.8329 0.0 8.181805246746432 0.0 4.0 
319 7496140.2 98.60090423762854 80.85618677051309 143.59346777343742 0 233 2.8329 0.0 8.181805246746432 0.0 4.0 
320 7496173.6 98.60565532305613 80.85618677051309 143.59346777343742 0 233 2.8329 0.0 8.181805246746432 0.0 4.0 
321 7496206.9 98.60565532305613 80.86200565028368 143.59346777343742 0 233 2.8329 0.0 8.181805246746432 0.0 4.0 
322 7496240.2 98.60565532305613 80.86200565028368 143.59346777343742 0 233 2.8329 0.0 8.181805246746432 0.0 4.0 
323 7496273.6 98.60565532305613 80.86200565028368 143.59346777343742 0 233 2.8329 0.0 8.181805246746432 0.0 4.0 
324 7496306.9 98.61145278984215 80.87343798571571 143.59346777343742 0 233 2.8329 0.0 8.181805246746432 0.0 4.0 
325 7496340.2 98.61145278984215 80.87343798571571 143.59346777343742 0 233 2.8329 0.0 8.181805246746432 0.0 4.0 
326 7496373.6 98.61145278984215 80.87343798571571 143.59346777343742 0 233 2.8329 0.0 8.181805246746432 0.0 4.0 
327 7496406.9 98.61145278984215 80.87343798571571 143.59346777343742 0 233 2.8329 0.0 8.181805246746432 0.0 4.0 
328 7496440.2 98.6261222642559 80.88513497754013 143.59346777343742 0 233 2.8329 0.0 8.181805246746432 0.0 4.0 
329 7496473.6 98.6261222642559 80.88513497754013 143.59346777343742 0 233 2.8329 0.0 8.181805246746432 0.0 4.0 
330 7496506.9 98.6261222642559 80.88513497754013 143.59346777343742 0 233 2.8329 0.0 8.181805246746432 0.0 4.0 
331 7496540.3 98.63730748111446 80.88513497754013 143.59346777343742 0 233 2.8329 0.0 8.181805246746432 0.0 4.0 
332 7496573.6 98.63730748111446 80.89062889998277 143.59346777343742 0 233 2.8329 0.0 8.181805246746432 0.0 4.0 
333 7496606.9 98.63730748111446 80.89062889998277 143.59346777343742 0 233 2.8329 0.0 8.181805246746432 0.0 4.0 
334 7496640.3 98.63730748111446 80.89062889998277 143.59346777343742 0 233 2.8329 0.0 8.181805246746432 0.0 4.0 
335 7496673.6 98.64174946618715 80.89062889998277 143.59346777343742 0 233 2.8329 0.0 8.181805246746432 0.0 4.0 
336 7496706.9 98.64174946618715 80.8932101164848 143.59346777343742 0 233 2.8329 0.0 8.181805246746432 0.0 4.0 
337 7496740.3 98.64174946618715 80.8932101164848 143.59346777343742 0 233 2.8329 0.0 8.181805246746432 0.0 4.0 
338 7496773.6 98.6466060072002 80.8947755321568 143.59346777343742 0 233 2.8329 0.0 8.181805246746432 0.0 4.0 
339 7496806.9 98.6466060072002 80.8947755321568 143.59346777343742 0 233 2.8329 0.0 8.181805246746432 0.0 4.0 
340 7496840.3 98.6466060072002 80.8947755321568 143.59346777343742 0 233 2.8329 0.0 8.181805246746432 0.0 4.0 
341 7496873.6 98.6466060072002 80.8947755321568 143.59346777343742 0 233 2.8329 0.0 8.181805246746432 0.0 4.0 
342 7496906.9 98.65111168410458 80.8947755321568 143.59346777343742 0 233 2.8329 0.0 8.181805246746432 0.0 4.0 
343 7496940.3 98.65111168410458 80.8947755321568 143.59346777343742 0 233 2.8329 0.0 8.181805246746432 0.0 4.0 
344 7496973.6 98.65111168410458 80.8947755321568 143.59346777343742 0 233 2.8329 0.0 8.181805246746432 0.0 4.0 
345 7497007.0 98.65431357948759 80.8947755321568 143.59346777343742 0 233 2.8329 0.0 8.181805246746432 0.0 4.0 
346 7497040.3 98.65431357948759 80.89606217524745 143.59346777343742 0 233 2.8329 0.0 8.181805246746432 0.0 4.0 
347 7497073.6 98.65431357948759 80.89606217524745 143.59346777343742 0 233 2.8329 0.0 8.181805246746432 0.0 4.0 
348 7497107.0 98.66081083763714 80.89824887929306 143.59346777343742 0 233 2.8329 0.0 8.181805246746432 0.0 4.0 
349 7497140.3 98.66081083763714 80.89824887929306 143.59346777343742 0 233 2.8329 0.0 8.181805246746432 0.0 4.0 
350 7497173.6 98.66081083763714 80.89824887929306 143.59346777343742 0 233 2.8329 0.0 8.181805246746432 0.0 4.0 
351 7497207.0 98.66081083763714 80.89824887929306 143.59346777343742 0 233 2.8329 0.0 8.181805246746432 0.0 4.0 
352 7497240.3 98.66918798400631 80.90072611510683 143.59346777343742 0 233 2.8329 0.0 8.181805246746432 0.0 4.0 
353 7497273.6 98.66918798400631 80.90072611510683 143.59346777343742 0 233 2.8329 0.0 8.181805246746432 0.0 4.0 
354 7497307.0 98.66918798400631 80.90072611510683 143.59346777343742 0 233 2.8329 0.0 8.181805246746432 0.0 4.0 
355 7497340.3 98.66918798400631 80.90072611510683 143.59346777343742 0 233 2.8329 0.0 8.181805246746432 0.0 4.0 
356 7497373.7 98.68144637995093 80.90072611510683 143.59346777343742 0 233 2.8329 0.0 8.181805246746432 0.0 4.0 
357 7497407.0 98.68144637995093 80.90072611510683 143.59346777343742 0 233 2.8329 0.0 8.181805246746432 0.0 4.0 
358 7497440.3 98.68144637995093 80.90072611510683 143.59346777343742 0 233 2.8329 0.0 8.181805246746432 0.0 4.0 
359 7497473.7 98.68144637995093 80.90072611510683 143.59346777343742 0 233 2.8329 0.0 8.181805246746432 0.0 4.0 
360 7497507.0 98.68881846037819 80.9023393626135 143.59346777343742 0 233 2.8329 0.0 8.181805246746432 0.0 4.0 
361 7497540.3 98.68881846037819 80.9023393626135 143.59346777343742 0 233 2.8329 0.0 8.181805246746432 0.0 4.0 
362 7497573.7 98.68881846037819 80.9023393626135 143.59346777343742 0 233 2.8329 0.0 8.181805246746432 0.0 4.0 
363 7497607.0 98.68881846037819 80.9023393626135 143.59346777343742 0 233 2.8329 0.0 8.181805246746432 0.0 4.0 
364 7497640.3 98.69301198759626 80.9023393626135 143.59346777343742 0 233 2.8329 0.0 8.181805246746432 0.0 4.0 
365 7497673.7 98.69301198759626 80.9023393626135 143.59346777343742 0 233 2.8329 0.0 8.181805246746432 0.0 4.0 
366 7497707.0 98.6982402091745 80.9023393626135 143.59346777343742 0 233 2.8329 0.0 8.181805246746432 0.0 4.0 
367 7497740.3 98.6982402091745 80.9023393626135 143.59346777343742 0 233 2.8329 0.0 8.181805246746432 0.0 4.0 
368 7497773.7 98.6982402091745 80.9023393626135 143.59346777343742 0 233 2.8329 0.0 8.181805246746432 0.0 4.0 
369 7497807.0 98.70737768415545 80.9023393626135 143.59346777343742 0 233 2.8329 0.0 8.181805246746432 0.0 4.0 
370 7497840.4 98.70737768415545 80.9023393626135 143.59346777343742 0 233 2.8329 0.0 8.181805246746432 0.0 4.0 
371 7497873.7 98.70737768415545 80.9023393626135 143.59346777343742 0 233 2.8329 0.0 8.181805246746432 0.0 4.0 
372 7497907.0 98.70940860025357 80.9043267731998 143.59346777343742 0 233 2.8329 0.0 8.181805246746432 0.0 4.0 
373 7497940.4 98.70940860025357 80.9043267731998 143.59346777343742 0 233 2.8329 0.0 8.181805246746432 0.0 4.0 
374 7497973.7 98.70940860025357 80.9043267731998 143.59346777343742 0 233 2.8329 0.0 8.181805246746432 0.0 4.0 
375 7498007.0 98.71058094232339 80.9043267731998 143.59346777343742 0 233 2.8329 0.0 8.181805246746432 0.0 4.0 
376 7498040.4 98.71058094232339 80.9043267731998 143.59346777343742 0 233 2.8329 0.0 8.181805246746432 0.0 4.0 
377 7498073.7 98.71058094232339 80.9043267731998 143.59346777343742 0 233 2.8329 0.0 8.181805246746432 0.0 4.0 
378 7498107.0 98.71058094232339 80.90559422796007 143.59346777343742 0 233 2.8329 0.0 8.181805246746432 0.0 4.0 
379 7498140.4 98.71058094232339 80.90559422796007 143.59346777343742 0 233 2.8329 0.0 8.181805246746432 0.0 4.0 
380 7498173.7 98.71058094232339 80.90559422796007 143.59346777343742 0 233 2.8329 0.0 8.181805246746432 0.0 4.0 
381 7498207.1 98.71058094232339 80.90796977353615 143.59346777343742 0 233 2.8329 0.0 8.181805246746432 0.0 4.0 
382 7498240.4 98.71058094232339 80.90796977353615 143.59346777343742 0 233 2.8329 0.0 8.181805246746432 0.0 4.0 
383 7498273.7 98.71058094232339 80.90796977353615 143.59346777343742 0 233 2.8329 0.0 8.181805246746432 0.0 4.0 
384 7498307.1 98.70722782434713 80.90796977353615 143.59346777343742 0 233 2.8329 0.0 8.181805246746432 0.0 4.0 
385 7498340.4 98.70722782434713 80.90796977353615 143.59346777343742 0 233 2.8329 0.0 8.181805246746432 0.0 4.0 
386 7498373.7 98.6952531246124 80.90654801208012 143.59346777343742 0 233 2.8329 0.0 8.181805246746432 0.0 4.0 
387 7498407.1 98.6952531246124 80.90654801208012 143.59346777343742 0 233 2.8329 0.0 8.181805246746432 0.0 4.0 
388 7498440.4 98.6952531246124 80.90654801208012 143.59346777343742 0 233 2.8329 0.0 8.181805246746432 0.0 4.0 
389 7498473.7 98.6784453069784 80.90654801208012 143.59346777343742 0 233 2.8329 0.0 8.181805246746432 0.0 4.0 
390 7498507.1 98.6784453069784 80.9006319241633 143.59346777343742 0 233 2.8329 0.0 8.181805246746432 0.0 4.0 
391 7498540.4 98.6784453069784 80.9006319241633 143.59346777343742 0 233 2.8329 0.0 8.181805246746432 0.0 4.0 
392 7498573.7 98.66039285893956 80.9006319241633 143.59346777343742 0 233 2.8329 0.0 8.181805246746432 0.0 4.0 
393 7498607.1 98.66039285893956 80.8903132329669 143.59346777343742 0 233 2.8329 0.0 8.181805246746432 0.0 4.0 
394 7498640.4 98.66039285893956 80.8903132329669 143.59346777343742 0 233 2.8329 0.0 8.181805246746432 0.0 4.0 
395 7498673.8 98.64989258206994 80.88350626803168 143.59346777343742 0 233 2.8329 0.0 8.181805246746432 0.0 4.0 
396 7498707.1 98.64989258206994 80.88350626803168 143.59346777343742 0 233 2.8329 0.0 8.181805246746432 0.0 4.0 
397 7498740.4 98.64989258206994 80.88350626803168 143.59346777343742 0 233 2.8329 0.0 8.181805246746432 0.0 4.0 
398 7498773.8 98.64989258206994 80.88350626803168 143.59346777343742 0 233 2.8329 0.0 8.181805246746432 0.0 4.0 
399 7498807.1 98.63580074805698 80.87589651333863 143.59346777343742 0 233 2.8329 0.0 8.181805246746432 0.0 4.0 
400 7498840.4 98.63580074805698 80.87589651333863 143.59346777343742 0 233 2.8329 0.0 8.181805246746432 0.0 4.0 
401 7498873.8 98.63580074805698 80.87589651333863 143.59346777343742 0 233 2.8329 0.0 8.181805246746432 0.0 4.0 
402 7498907.1 98.62246010209431 80.87589651333863 143.59346777343742 0 233 2.8329 0.0 8.181805246746432 0.0 4.0 
403 7498940.4 98.62246010209431 80.86829671603792 143.59346777343742 0 233 2.8329 0.0 8.181805246746432 0.0 4.0 
404 7498973.8 98.62246010209431 80.86829671603792 143.59346777343742 0 233 2.8329 0.0 8.181805246746432 0.0 4.0 
405 7499007.1 98.61140131495917 80.86829671603792 143.59346777343742 0 233 2.8329 0.0 8.181805246746432 0.0 4.0 
406 7499040.5 98.61140131495917 80.86006618710607 143.59346777343742 0 233 2.8329 0.0 8.181805246746432 0.0 4.0 
407 7499073.8 98.61140131495917 80.86006618710607 143.59346777343742 0 233 2.8329 0.0 8.181805246746432 0.0 4.0 
408 7499107.1 98.61140131495917 80.86006618710607 143.59346777343742 0 233 2.8329 0.0 8.181805246746432 0.0 4.0 
409 7499140.5 98.60694499012351 80.85645143481644 143.59346777343742 0 233 2.8329 0.0 8.181805246746432 0.0 4.0 
410 7499173.8 98.60694499012351 80.85645143481644 143.59346777343742 0 233 2.8329 0.0 8.181805246746432 0.0 4.0 
411 7499207.1 98.60694499012351 80.85645143481644 143.59346777343742 0 233 2.8329 0.0 8.181805246746432 0.0 4.0 
412 7499240.5 98.60180467594358 80.85266883756292 143.59346777343742 0 233 2.8329 0.0 8.181805246746432 0.0 4.0 
413 7499273.8 98.60180467594358 80.85266883756292 143.59346777343742 0 233 2.8329 0.0 8.181805246746432 0.0 4.0 
414 7499307.1 98.60180467594358 80.85266883756292 143.59346777343742 0 233 2.8329 0.0 8.181805246746432 0.0 4.0 
415 7499340.5 98.59528244006576 80.85266883756292 143.59346777343742 0 233 2.8329 0.0 8.181805246746432 0.0 4.0 
416 7499373.8 98.59528244006576 80.84840468646699 143.59346777343742 0 233 2.8329 0.0 8.181805246746432 0.0 4.0 
417 7499407.1 98.59528244006576 80.84840468646699 143.59346777343742 0 233 2.8329 0.0 8.181805246746432 0.0 4.0 
418 7499440.5 98.58905339479826 80.84840468646699 143.59346777343742 0 233 2.8329 0.0 8.181805246746432 0.0 4.0 
419 7499473.8 98.58905339479826 80.84312189646634 143.59346777343742 0 233 2.8329 0.0 8.181805246746432 0.0 4.0 
420 7499507.2 98.58905339479826 80.84312189646634 143.59346777343742 0 233 2.8329 0.0 8.181805246746432 0.0 4.0 
421 7499540.5 98.58905339479826 80.84312189646634 143.59346777343742 0 233 2.8329 0.0 8.181805246746432 0.0 4.0 
422 7499573.8 98.58203709733688 80.83831126744933 143.59346777343742 0 233 2.8329 0.0 8.181805246746432 0.0 4.0 
423 7499607.2 98.58203709733688 80.83831126744933 143.59346777343742 0 233 2.8329 0.0 8.181805246746432 0.0 4.0 
424 7499640.5 98.58203709733688 80.83831126744933 143.59346777343742 0 233 2.8329 0.0 8.181805246746432 0.0 4.0 
425 7499673.8 98.57261166925365 80.83831126744933 143.59346777343742 0 233 2.8329 0.0 8.181805246746432 0.0 4.0 
426 7499707.2 98.57261166925365 80.83357873640104 143.59346777343742 0 233 2.8329 0.0 8.181805246746432 0.0 4.0 
427 7499740.5 98.57261166925365 80.83357873640104 143.59346777343742 0 233 2.8329 0.0 8.181805246746432 0.0 4.0 
428 7499773.8 98.57261166925365 80.83357873640104 143.59346777343742 0 233 2.8329 0.0 8.181805246746432 0.0 4.0 
429 7499807.2 98.56030763312528 80.83357873640104 143.59346777343742 0 233 2.8329 0.0 8.181805246746432 0.0 4.0 
430 7499840.5 98.56030763312528 80.8286068257441 143.59346777343742 0 233 2.8329 0.0 8.181805246746432 0.0 4.0 
431 7499873.9 98.56030763312528 80.8286068257441 143.59346777343742 0 233 2.8329 0.0 8.181805246746432 0.0 4.0 
432 7499907.2 98.54940163068822 80.8260485038283 143.59346777343742 0 233 2.8329 0.0 8.181805246746432 0.0 4.0 
433 7499940.5 98.54940163068822 80.8260485038283 143.59346777343742 0 233 2.8329 0.0 8.181805246746432 0.0 4.0 
434 7499973.9 98.54940163068822 80.8260485038283 143.59346777343742 0 233 2.8329 0.0 8.181805246746432 0.0 4.0 
435 7500007.2 98.54940163068822 80.8260485038283 143.59346777343742 0 233 2.8329 0.0 8.181805246746432 0.0 4.0 
436 7500040.5 98.53973248877958 80.8260485038283 143.59346777343742 0 233 2.8329 0.0 8.181805246746432 0.0 4.0 
437 7500073.9 98.53973248877958 80.8240996717506 143.59346777343742 0 233 2.8329 0.0 8.181805246746432 0.0 4.0 
438 7500107.2 98.53973248877958 80.8240996717506 143.59346777343742 0 233 2.8329 0.0 8.181805246746432 0.0 4.0 
439 7500140.5 98.53973248877958 80.8240996717506 143.59346777343742 0 233 2.8329 0.0 8.181805246746432 0.0 4.0 
440 7500173.9 98.5358276405278 80.8240996717506 143.59346777343742 0 233 2.8329 0.0 8.181805246746432 0.0 4.0 
441 7500207.2 98.5358276405278 80.82101878558943 143.59346777343742 0 233 2.8329 0.0 8.181805246746432 0.0 4.0 
442 7500240.5 98.5358276405278 80.82101878558943 143.59346777343742 0 233 2.8329 0.0 8.181805246746432 0.0 4.0 
443 7500273.9 98.5358276405278 80.82101878558943 143.59346777343742 0 233 2.8329 0.0 8.181805246746432 0.0 4.0 
444 7500307.2 98.53783185416783 80.81570843882456 143.59346777343742 0 233 2.8329 0.0 8.181805246746432 0.0 4.0 
445 7500340.6 98.53783185416783 80.81570843882456 143.59346777343742 0 233 2.8329 0.0 8.181805246746432 0.0 4.0 
446 7500373.9 98.53783185416783 80.81570843882456 143.59346777343742 0 233 2.8329 0.0 8.181805246746432 0.0 4.0 
447 7500407.2 98.53783185416783 80.81570843882456 143.59346777343742 0 233 2.8329 0.0 8.181805246746432 0.0 4.0 
448 7500440.6 98.54915826780821 80.81570843882456 143.59346777343742 0 233 2.8329 0.0 8.181805246746432 0.0 4.0 
449 7500473.9 98.54915826780821 80.80264556279903 143.59346777343742 0 233 2.8329 0.0 8.181805246746432 0.0 4.0 
450 7500507.2 98.54915826780821 80.80264556279903 143.59346777343742 0 233 2.8329 0.0 8.181805246746432 0.0 4.0 
451 7500540.6 98.54915826780821 80.80264556279903 143.59346777343742 0 233 2.8329 0.0 8.181805246746432 0.0 4.0 
452 7500573.9 98.56304006347975 80.80264556279903 143.59346777343742 0 233 2.8329 0.0 8.181805246746432 0.0 4.0 
453 7500607.2 98.56304006347975 80.79011617524179 143.59346777343742 0 233 2.8329 0.0 8.181805246746432 0.0 4.0 
454 7500640.6 98.56304006347975 80.79011617524179 143.59346777343742 0 233 2.8329 0.0 8.181805246746432 0.0 4.0 
455 7500673.9 98.56304006347975 80.79011617524179 143.59346777343742 0 233 2.8329 0.0 8.181805246746432 0.0 4.0 
456 7500707.3 98.57398457203561 80.7796672874922 143.59346777343742 0 233 2.8329 0.0 8.181805246746432 0.0 4.0 
457 7500740.6 98.57398457203561 80.7796672874922 143.59346777343742 0 233 2.8329 0.0 8.181805246746432 0.0 4.0 
458 7500773.9 98.57398457203561 80.7796672874922 143.59346777343742 0 233 2.8329 0.0 8.181805246746432 0.0 4.0 
459 7500807.3 98.57398457203561 80.7796672874922 143.59346777343742 0 233 2.8329 0.0 8.181805246746432 0.0 4.0 
460 7500840.6 98.57810381968609 80.7796672874922 143.59346777343742 0 233 2.8329 0.0 8.181805246746432 0.0 4.0 
461 7500873.9 98.57810381968609 80.76870310977725 143.59346777343742 0 233 2.8329 0.0 8.181805246746432 0.0 4.0 
462 7500907.3 98.57810381968609 80.76870310977725 143.59346777343742 0 233 2.8329 0.0 8.181805246746432 0.0 4.0 
463 7500940.6 98.58692888273647 80.76870310977725 143.59346777343742 0 233 2.8329 0.0 8.181805246746432 0.0 4.0 
464 7500973.9 98.58692888273647 80.7537362043884 143.59346777343742 0 233 2.8329 0.0 8.181805246746432 0.0 4.0 
465 7501007.3 98.58692888273647 80.7537362043884 143.59346777343742 0 233 2.8329 0.0 8.181805246746432 0.0 4.0 
466 7501040.6 98.59132537981229 80.74787846997847 143.59346777343742 0 233 2.8329 0.0 8.181805246746432 0.0 4.0 
467 7501073.9 98.59132537981229 80.74787846997847 143.59346777343742 0 233 2.8329 0.0 8.181805246746432 0.0 4.0 
468 7501107.3 98.59132537981229 80.74787846997847 143.59346777343742 0 233 2.8329 0.0 8.181805246746432 0.0 4.0 
469 7501140.6 98.59378601745114 80.7510841617443 143.59346777343742 0 233 2.8329 0.0 8.181805246746432 0.0 4.0 
470 7501174.0 98.59378601745114 80.7510841617443 143.59346777343742 0 233 2.8329 0.0 8.181805246746432 0.0 4.0 
471 7501207.3 98.59378601745114 80.7510841617443 143.59346777343742 0 233 2.8329 0.0 8.181805246746432 0.0 4.0 
472 7501240.6 98.59532417508781 80.7510841617443 143.59346777343742 0 233 2.8329 0.0 8.181805246746432 0.0 4.0 
473 7501274.0 98.59532417508781 80.7510841617443 143.59346777343742 0 233 2.8329 0.0 8.181805246746432 0.0 4.0 
474 7501307.3 98.59532417508781 80.7510841617443 143.59346777343742 0 233 2.8329 0.0 8.181805246746432 0.0 4.0 
475 7501340.6 98.59733023168465 80.7510841617443 143.59346777343742 0 233 2.8329 0.0 8.181805246746432 0.0 4.0 
476 7501374.0 98.59733023168465 80.74799179894958 143.59346777343742 0 233 2.8329 0.0 8.181805246746432 0.0 4.0 
477 7501407.3 98.59733023168465 80.74799179894958 143.59346777343742 0 233 2.8329 0.0 8.181805246746432 0.0 4.0 
478 7501440.6 98.60100030139483 80.73811816291231 143.59346777343742 0 233 2.8329 0.0 8.181805246746432 0.0 4.0 
479 7501474.0 98.60100030139483 80.73811816291231 143.59346777343742 0 233 2.8329 0.0 8.181805246746432 0.0 4.0 
480 7501507.3 98.60100030139483 80.73811816291231 143.59346777343742 0 233 2.8329 0.0 8.181805246746432 0.0 4.0 
481 7501540.7 98.60100030139483 80.73811816291231 143.59346777343742 0 233 2.8329 0.0 8.181805246746432 0.0 4.0 
482 7501574.0 98.60432320469218 80.73679482285269 143.59346777343742 0 233 2.8329 0.0 8.181805246746432 0.0 4.0 
483 7501607.3 98.60432320469218 80.73679482285269 143.59346777343742 0 233 2.8329 0.0 8.181805246746432 0.0 4.0 
484 7501640.7 98.60912673358106 80.73679482285269 143.59346777343742 0 233 2.8329 0.0 8.181805246746432 0.0 4.0 
485 7501674.0 98.60912673358106 80.73679482285269 143.59346777343742 0 233 2.8329 0.0 8.181805246746432 0.0 4.0 
486 7501707.3 98.60912673358106 80.73679482285269 143.59346777343742 0 233 2.8329 0.0 8.181805246746432 0.0 4.0 
487 7501740.7 98.61307316003814 80.73679482285269 143.59346777343742 0 233 2.8329 0.0 8.181805246746432 0.0 4.0 
488 7501774.0 98.61307316003814 80.73523557886575 143.59346777343742 0 233 2.8329 0.0 8.181805246746432 0.0 4.0 
489 7501807.3 98.61307316003814 80.73523557886575 143.59346777343742 0 233 2.8329 0.0 8.181805246746432 0.0 4.0 
490 7501840.7 98.61307316003814 80.73523557886575 143.59346777343742 0 233 2.8329 0.0 8.181805246746432 0.0 4.0 
491 7501874.0 98.61563108000432 80.73523557886575 143.59346777343742 0 233 2.8329 0.0 8.181805246746432 0.0 4.0 
492 7501907.3 98.61563108000432 80.73523557886575 143.59346777343742 0 233 2.8329 0.0 8.181805246746432 0.0 4.0 
493 7501940.7 98.61701894096578 80.73635223409323 143.59346777343742 0 233 2.8329 0.0 8.181805246746432 0.0 4.0 
494 7501974.0 98.61701894096578 80.73635223409323 143.59346777343742 0 233 2.8329 0.0 8.181805246746432 0.0 4.0 
495 7502007.4 98.61701894096578 80.73635223409323 143.59346777343742 0 233 2.8329 0.0 8.181805246746432 0.0 4.0 
496 7502040.7 98.61701894096578 80.74111206048084 143.59346777343742 0 233 2.8329 0.0 8.181805246746432 0.0 4.0 
497 7502074.0 98.61701894096578 80.74111206048084 143.59346777343742 0 233 2.8329 0.0 8.181805246746432 0.0 4.0 
498 7502107.4 98.61701894096578 80.74111206048084 143.59346777343742 0 233 2.8329 0.0 8.181805246746432 0.0 4.0 
499 7502140.7 98.62003094909015 80.74111206048084 143.59346777343742 0 233 2.8329 0.0 8.181805246746432 0.0 4.0 
500 7502174.0 98.62003094909015 80.74370986379407 143.59346777343742 0 233 2.8329 0.0 8.181805246746432 0.0 4.0 
501 7502207.4 98.62003094909015 80.74370986379407 143.59346777343742 0 233 2.8329 0.0 8.181805246746432 0.0 4.0 
502 7502240.7 98.62003094909015 80.74370986379407 143.59346777343742 0 233 2.8329 0.0 8.181805246746432 0.0 4.0 
503 7502274.0 98.62316662335796 80.7406582121533 143.59346777343742 0 233 2.8329 0.0 8.181805246746432 0.0 4.0 
504 7502307.4 98.62316662335796 80.7406582121533 143.59346777343742 0 233 2.8329 0.0 8.181805246746432 0.0 4.0 
505 7502340.7 98.62316662335796 80.7406582121533 143.59346777343742 0 233 2.8329 0.0 8.181805246746432 0.0 4.0 
506 7502374.1 98.62488374538081 80.73306715086737 143.59346777343742 0 233 2.8329 0.0 8.181805246746432 0.0 4.0 
507 7502407.4 98.62488374538081 80.73306715086737 143.59346777343742 0 233 2.8329 0.0 8.181805246746432 0.0 4.0 
508 7502440.7 98.62488374538081 80.73306715086737 143.59346777343742 0 233 2.8329 0.0 8.181805246746432 0.0 4.0 
509 7502474.1 98.62488374538081 80.73306715086737 143.59346777343742 0 233 2.8329 0.0 8.181805246746432 0.0 4.0 
510 7502507.4 98.62645466249695 80.73306715086737 143.59346777343742 0 233 2.8329 0.0 8.181805246746432 0.0 4.0 
511 7502540.7 98.62645466249695 80.72547984351488 143.59346777343742 0 233 2.8329 0.0 8.181805246746432 0.0 4.0 
512 7502574.1 98.62645466249695 80.72547984351488 143.59346777343742 0 233 2.8329 0.0 8.181805246746432 0.0 4.0 
513 7502607.4 98.62645466249695 80.72547984351488 143.59346777343742 0 233 2.8329 0.0 8.181805246746432 0.0 4.0 
514 7502640.7 98.62766256356518 80.72547984351488 143.59346777343742 0 233 2.8329 0.0 8.181805246746432 0.0 4.0 
515 7502674.1 98.62766256356518 80.71980075948841 143.59346777343742 0 233 2.8329 0.0 8.181805246746432 0.0 4.0 
516 7502707.4 98.62766256356518 80.71980075948841 143.59346777343742 0 233 2.8329 0.0 8.181805246746432 0.0 4.0 
517 7502740.7 98.62766256356518 80.71980075948841 143.59346777343742 0 233 2.8329 0.0 8.181805246746432 0.0 4.0 
518 7502774.1 98.62766256356518 80.71513096559522 143.59346777343742 0 233 2.8329 0.0 8.181805246746432 0.0 4.0 
519 7502807.4 98.62766256356518 80.71513096559522 143.59346777343742 0 233 2.8329 0.0 8.181805246746432 0.0 4.0 
520 7502840.8 98.62766256356518 80.70917340685001 143.59346777343742 0 233 2.8329 0.0 8.181805246746432 0.0 4.0 
521 7502874.1 98.62766256356518 80.70917340685001 143.59346777343742 0 233 2.8329 0.0 8.181805246746432 0.0 4.0 
522 7502907.4 98.62766256356518 80.70610494778754 143.59346777343742 0 233 2.8329 0.0 8.181805246746432 0.0 4.0 
523 7502940.8 98.62766256356518 80.70610494778754 143.59346777343742 0 233 2.8329 0.0 8.181805246746432 0.0 4.0 
524 7502974.1 98.62766256356518 80.70610494778754 143.59346777343742 0 233 2.8329 0.0 8.181805246746432 0.0 4.0 
525 7503007.4 98.62766256356518 80.70438385185018 143.59346777343742 0 233 2.8329 0.0 8.181805246746432 0.0 4.0 
526 7503040.8 98.62766256356518 80.70438385185018 143.59346777343742 0 233 2.8329 0.0 8.181805246746432 0.0 4.0 
527 7503074.1 98.62766256356518 80.70438385185018 143.59346777343742 0 233 2.8329 0.0 8.181805246746432 0.0 4.0 
528 7503107.4 98.62766256356518 80.70065413442983 143.59346777343742 0 233 2.8329 0.0 8.181805246746432 0.0 4.0 
529 7503140.8 98.62766256356518 80.70065413442983 143.59346777343742 0 233 2.8329 0.0 8.181805246746432 0.0 4.0 
530 7503174.1 98.62766256356518 80.6971079753094 143.59346777343742 0 233 2.8329 0.0 8.181805246746432 0.0 4.0 
531 7503207.5 98.62766256356518 80.6971079753094 143.59346777343742 0 233 2.8329 0.0 8.181805246746432 0.0 4.0 
532 7503240.8 98.62766256356518 80.6971079753094 143.59346777343742 0 233 2.8329 0.0 8.181805246746432 0.0 4.0 
533 7503274.1 98.62933729197115 80.6971079753094 143.59346777343742 0 233 2.8329 0.0 8.181805246746432 0.0 4.0 
534 7503307.5 98.62933729197115 80.69288524210776 143.59346777343742 0 233 2.8329 0.0 8.181805246746432 0.0 4.0 
535 7503340.8 98.62933729197115 80.69288524210776 143.59346777343742 0 233 2.8329 0.0 8.181805246746432 0.0 4.0 
536 7503374.1 98.62933729197115 80.69288524210776 143.59346777343742 0 233 2.8329 0.0 8.181805246746432 0.0 4.0 
537 7503407.5 98.63172415761048 80.6894616990583 143.59346777343742 0 233 2.8329 0.0 8.181805246746432 0.0 4.0 
538 7503440.8 98.63172415761048 80.6894616990583 143.59346777343742 0 233 2.8329 0.0 8.181805246746432 0.0 4.0 
539 7503474.1 98.63529740040977 80.68334158367574 143.59346777343742 0 233 2.8329 0.0 8.181805246746432 0.0 4.0 
540 7503507.5 98.63529740040977 80.68334158367574 143.59346777343742 0 233 2.8329 0.0 8.181805246746432 0.0 4.0 
541 7503540.8 98.63529740040977 80.68334158367574 143.59346777343742 0 233 2.8329 0.0 8.181805246746432 0.0 4.0 
542 7503574.1 98.63529740040977 80.68334158367574 143.59346777343742 0 233 2.8329 0.0 8.181805246746432 0.0 4.0 
543 7503607.5 98.63700057489315 80.68334158367574 143.59346777343742 0 233 2.8329 0.0 8.181805246746432 0.0 4.0 
544 7503640.8 98.63700057489315 80.67999945530296 143.59346777343742 0 233 2.8329 0.0 8.181805246746432 0.0 4.0 
545 7503674.2 98.63700057489315 80.67999945530296 143.59346777343742 0 233 2.8329 0.0 8.181805246746432 0.0 4.0 
546 7503707.5 98.63510856397622 80.67999945530296 143.59346777343742 0 233 2.8329 0.0 8.181805246746432 0.0 4.0 
547 7503740.8 98.63510856397622 80.6758890821249 143.59346777343742 0 233 2.8329 0.0 8.181805246746432 0.0 4.0 
548 7503774.2 98.63510856397622 80.6758890821249 143.59346777343742 0 233 2.8329 0.0 8.181805246746432 0.0 4.0 
549 7503807.5 98.63333461210071 80.67288068522453 143.59346777343742 0 233 2.8329 0.0 8.181805246746432 0.0 4.0 
550 7503840.8 98.63333461210071 80.67288068522453 143.59346777343742 0 233 2.8329 0.0 8.181805246746432 0.0 4.0 
551 7503874.2 98.63333461210071 80.67288068522453 143.59346777343742 0 233 2.8329 0.0 8.181805246746432 0.0 4.0 
552 7503907.5 98.63333461210071 80.67288068522453 143.59346777343742 0 233 2.8329 0.0 8.181805246746432 0.0 4.0 
553 7503940.8 98.63333461210071 80.67288068522453 143.59346777343742 0 233 2.8329 0.0 8.181805246746432 0.0 4.0 
554 7503974.2 98.63333461210071 80.67027061975116 143.59346777343742 0 233 2.8329 0.0 8.181805246746432 0.0 4.0 
555 7504007.5 98.63333461210071 80.67027061975116 143.59346777343742 0 233 2.8329 0.0 8.181805246746432 0.0 4.0 
556 7504040.9 98.63333461210071 80.6680436907539 143.59346777343742 0 233 2.8329 0.0 8.181805246746432 0.0 4.0 
557 7504074.2 98.63333461210071 80.6680436907539 143.59346777343742 0 233 2.8329 0.0 8.181805246746432 0.0 4.0 
558 7504107.5 98.63333461210071 80.66568054736237 143.59346777343742 0 233 2.8329 0.0 8.181805246746432 0.0 4.0 
559 7504140.9 98.63333461210071 80.66568054736237 143.59346777343742 0 233 2.8329 0.0 8.181805246746432 0.0 4.0 
560 7504174.2 98.63333461210071 80.66568054736237 143.59346777343742 0 233 2.8329 0.0 8.181805246746432 0.0 4.0 
561 7504207.5 98.63176316205302 80.66308005062741 143.59346777343742 0 233 2.8329 0.0 8.181805246746432 0.0 4.0 
562 7504240.9 98.63176316205302 80.66308005062741 143.59346777343742 0 233 2.8329 0.0 8.181805246746432 0.0 4.0 
563 7504274.2 98.63176316205302 80.66308005062741 143.59346777343742 0 233 2.8329 0.0 8.181805246746432 0.0 4.0 
564 7504307.5 98.62891834079447 80.6581322223466 143.59346777343742 0 233 2.8329 0.0 8.181805246746432 0.0 4.0 
565 7504340.9 98.62891834079447 80.6581322223466 143.59346777343742 0 233 2.8329 0.0 8.181805246746432 0.0 4.0 
566 7504374.2 98.62891834079447 80.6581322223466 143.59346777343742 0 233 2.8329 0.0 8.181805246746432 0.0 4.0 
567 7504407.5 98.62474984675414 80.6581322223466 143.59346777343742 0 233 2.8329 0.0 8.181805246746432 0.0 4.0 
568 7504440.9 98.62474984675414 80.65509929737377 143.59346777343742 0 233 2.8329 0.0 8.181805246746432 0.0 4.0 
569 7504474.2 98.62474984675414 80.65509929737377 143.59346777343742 0 233 2.8329 0.0 8.181805246746432 0.0 4.0 
570 7504507.6 98.62474984675414 80.65509929737377 143.59346777343742 0 233 2.8329 0.0 8.181805246746432 0.0 4.0 
571 7504540.9 98.61772778468394 80.64477968833918 143.59346777343742 0 233 2.8329 0.0 8.181805246746432 0.0 4.0 
572 7504574.2 98.61772778468394 80.64477968833918 143.59346777343742 0 233 2.8329 0.0 8.181805246746432 0.0 4.0 
573 7504607.6 98.61772778468394 80.64477968833918 143.59346777343742 0 233 2.8329 0.0 8.181805246746432 0.0 4.0 
574 7504640.9 98.61772778468394 80.64477968833918 143.59346777343742 0 233 2.8329 0.0 8.181805246746432 0.0 4.0 
575 7504674.2 98.61261667288184 80.63625596214627 143.59346777343742 0 233 2.8329 0.0 8.181805246746432 0.0 4.0 
576 7504707.6 98.61261667288184 80.63625596214627 143.59346777343742 0 233 2.8329 0.0 8.181805246746432 0.0 4.0 
577 7504740.9 98.61261667288184 80.63625596214627 143.59346777343742 0 233 2.8329 0.0 8.181805246746432 0.0 4.0 
578 7504774.2 98.61261667288184 80.63625596214627 143.59346777343742 0 233 2.8329 0.0 8.181805246746432 0.0 4.0 
579 7504807.6 98.60814038214913 80.63625596214627 143.59346777343742 0 233 2.8329 0.0 8.181805246746432 0.0 4.0 
580 7504840.9 98.60814038214913 80.62867655578403 143.59346777343742 0 233 2.8329 0.0 8.181805246746432 0.0 4.0 
581 7504874.3 98.60814038214913 80.62867655578403 143.59346777343742 0 233 2.8329 0.0 8.181805246746432 0.0 4.0 
582 7504907.6 98.60814038214913 80.62867655578403 143.59346777343742 0 233 2.8329 0.0 8.181805246746432 0.0 4.0 
583 7504940.9 98.6044545234204 80.62194086104958 143.59346777343742 0 233 2.8329 0.0 8.181805246746432 0.0 4.0 
584 7504974.3 98.6044545234204 80.62194086104958 143.59346777343742 0 233 2.8329 0.0 8.181805246746432 0.0 4.0 
585 7505007.6 98.6044545234204 80.62194086104958 143.59346777343742 0 233 2.8329 0.0 8.181805246746432 0.0 4.0 
586 7505040.9 98.60225032341432 80.6177456141897 143.59346777343742 0 233 2.8329 0.0 8.181805246746432 0.0 4.0 
587 7505074.3 98.60225032341432 80.6177456141897 143.59346777343742 0 233 2.8329 0.0 8.181805246746432 0.0 4.0 
588 7505107.6 98.60225032341432 80.6177456141897 143.59346777343742 0 233 2.8329 0.0 8.181805246746432 0.0 4.0 
589 7505140.9 98.59940777982624 80.6177456141897 143.59346777343742 0 233 2.8329 0.0 8.181805246746432 0.0 4.0 
590 7505174.3 98.59940777982624 80.6134707468097 143.59346777343742 0 233 2.8329 0.0 8.181805246746432 0.0 4.0 
591 7505207.6 98.59940777982624 80.6134707468097 143.59346777343742 0 233 2.8329 0.0 8.181805246746432 0.0 4.0 
592 7505240.9 98.59753295601446 80.6134707468097 143.59346777343742 0 233 2.8329 0.0 8.181805246746432 0.0 4.0 
593 7505274.3 98.59753295601446 80.60967587167028 143.59346777343742 0 233 2.8329 0.0 8.181805246746432 0.0 4.0 
594 7505307.6 98.59753295601446 80.60967587167028 143.59346777343742 0 233 2.8329 0.0 8.181805246746432 0.0 4.0 
595 7505341.0 98.59753295601446 80.60967587167028 143.59346777343742 0 233 2.8329 0.0 8.181805246746432 0.0 4.0 
596 7505374.3 98.59391090121198 80.6022152662035 143.59346777343742 0 233 2.8329 0.0 8.181805246746432 0.0 4.0 
597 7505407.6 98.59391090121198 80.6022152662035 143.59346777343742 0 233 2.8329 0.0 8.181805246746432 0.0 4.0 
598 7505441.0 98.59391090121198 80.6022152662035 143.59346777343742 0 233 2.8329 0.0 8.181805246746432 0.0 4.0 
599 7505474.3 98.59391090121198 80.6022152662035 143.59346777343742 0 233 2.8329 0.0 8.181805246746432 0.0 4.0 
600 7505507.6 98.59152347718575 80.6022152662035 143.59346777343742 0 233 2.8329 0.0 8.181805246746432 0.0 4.0 
601 7505541.0 98.59152347718575 80.59738777224395 143.59346777343742 0 233 2.8329 0.0 8.181805246746432 0.0 4.0 
602 7505574.3 98.59152347718575 80.59738777224395 143.59346777343742 0 233 2.8329 0.0 8.181805246746432 0.0 4.0 
603 7505607.6 98.59152347718575 80.59738777224395 143.59346777343742 0 233 2.8329 0.0 8.181805246746432 0.0 4.0 
604 7505641.0 98.58992055276455 80.59738777224395 143.59346777343742 0 233 2.8329 0.0 8.181805246746432 0.0 4.0 
605 7505674.3 98.58992055276455 80.59152981743907 143.59346777343742 0 233 2.8329 0.0 8.181805246746432 0.0 4.0 
606 7505707.7 98.58992055276455 80.59152981743907 143.59346777343742 0 233 2.8329 0.0 8.181805246746432 0.0 4.0 
607 7505741.0 98.58992055276455 80.59152981743907 143.59346777343742 0 233 2.8329 0.0 8.181805246746432 0.0 4.0 
608 7505774.3 98.58629275361558 80.58585401609123 143.59346777343742 0 233 2.8329 0.0 8.181805246746432 0.0 4.0 
609 7505807.7 98.58629275361558 80.58585401609123 143.59346777343742 0 233 2.8329 0.0 8.181805246746432 0.0 4.0 
610 7505841.0 98.58629275361558 80.58585401609123 143.59346777343742 0 233 2.8329 0.0 8.181805246746432 0.0 4.0 
611 7505874.3 98.58629275361558 80.58585401609123 143.59346777343742 0 233 2.8329 0.0 8.181805246746432 0.0 4.0 
612 7505907.7 98.58351457399606 80.58585401609123 143.59346777343742 0 233 2.8329 0.0 8.181805246746432 0.0 4.0 
613 7505941.0 98.58351457399606 80.5811451483545 143.59346777343742 0 233 2.8329 0.0 8.181805246746432 0.0 4.0 
614 7505974.3 98.58351457399606 80.5811451483545 143.59346777343742 0 233 2.8329 0.0 8.181805246746432 0.0 4.0 
615 7506007.7 98.58068887729381 80.5811451483545 143.59346777343742 0 233 2.8329 0.0 8.181805246746432 0.0 4.0 
616 7506041.0 98.58068887729381 80.57352986714137 143.59346777343742 0 233 2.8329 0.0 8.181805246746432 0.0 4.0 
617 7506074.3 98.58068887729381 80.57352986714137 143.59346777343742 0 233 2.8329 0.0 8.181805246746432 0.0 4.0 
618 7506107.7 98.58068887729381 80.57352986714137 143.59346777343742 0 233 2.8329 0.0 8.181805246746432 0.0 4.0 
619 7506141.0 98.57924469733886 80.56840192209512 143.59346777343742 0 233 2.8329 0.0 8.181805246746432 0.0 4.0 
620 7506174.4 98.57924469733886 80.56840192209512 143.59346777343742 0 233 2.8329 0.0 8.181805246746432 0.0 4.0 
621 7506207.7 98.57924469733886 80.56840192209512 143.59346777343742 0 233 2.8329 0.0 8.181805246746432 0.0 4.0 
622 7506241.0 98.57924469733886 80.56840192209512 143.59346777343742 0 233 2.8329 0.0 8.181805246746432 0.0 4.0 
623 7506274.4 98.57700388874602 80.56008526328196 143.59346777343742 0 233 2.8329 0.0 8.181805246746432 0.0 4.0 
624 7506307.7 98.57700388874602 80.56008526328196 143.59346777343742 0 233 2.8329 0.0 8.181805246746432 0.0 4.0 
625 7506341.0 98.57700388874602 80.56008526328196 143.59346777343742 0 233 2.8329 0.0 8.181805246746432 0.0 4.0 
626 7506374.4 98.57700388874602 80.56008526328196 143.59346777343742 0 233 2.8329 0.0 8.181805246746432 0.0 4.0 
627 7506407.7 98.57522439768096 80.56008526328196 143.59346777343742 0 233 2.8329 0.0 8.181805246746432 0.0 4.0 
628 7506441.0 98.57522439768096 80.55007490921626 143.59346777343742 0 233 2.8329 0.0 8.181805246746432 0.0 4.0 
629 7506474.4 98.57522439768096 80.55007490921626 143.59346777343742 0 233 2.8329 0.0 8.181805246746432 0.0 4.0 
630 7506507.7 98.57522439768096 80.53938673740491 143.59346777343742 0 233 2.8329 0.0 8.181805246746432 0.0 4.0 
631 7506541.1 98.57522439768096 80.53938673740491 143.59346777343742 0 233 2.8329 0.0 8.181805246746432 0.0 4.0 
632 7506574.4 98.57522439768096 80.53938673740491 143.59346777343742 0 233 2.8329 0.0 8.181805246746432 0.0 4.0 
633 7506607.7 98.57522439768096 80.53134647562081 143.59346777343742 0 233 2.8329 0.0 8.181805246746432 0.0 4.0 
634 7506641.1 98.57522439768096 80.53134647562081 143.59346777343742 0 233 2.8329 0.0 8.181805246746432 0.0 4.0 
635 7506674.4 98.57522439768096 80.53134647562081 143.59346777343742 0 233 2.8329 0.0 8.181805246746432 0.0 4.0 
636 7506707.7 98.57522439768096 80.52285913090962 143.59346777343742 0 233 2.8329 0.0 8.181805246746432 0.0 4.0 
637 7506741.1 98.57522439768096 80.52285913090962 143.59346777343742 0 233 2.8329 0.0 8.181805246746432 0.0 4.0 
638 7506774.4 98.57522439768096 80.52285913090962 143.59346777343742 0 233 2.8329 0.0 8.181805246746432 0.0 4.0 
639 7506807.7 98.57634503816972 80.52285913090962 143.59346777343742 0 233 2.8329 0.0 8.181805246746432 0.0 4.0 
640 7506841.1 98.57634503816972 80.51296939674789 143.59346777343742 0 233 2.8329 0.0 8.181805246746432 0.0 4.0 
641 7506874.4 98.57634503816972 80.51296939674789 143.59346777343742 0 233 2.8329 0.0 8.181805246746432 0.0 4.0 
642 7506907.7 98.57881463901049 80.50672431127035 143.59346777343742 0 233 2.8329 0.0 8.181805246746432 0.0 4.0 
643 7506941.1 98.57881463901049 80.50672431127035 143.59346777343742 0 233 2.8329 0.0 8.181805246746432 0.0 4.0 
644 7506974.4 98.57881463901049 80.50672431127035 143.59346777343742 0 233 2.8329 0.0 8.181805246746432 0.0 4.0 
645 7507007.8 98.57881463901049 80.50672431127035 143.59346777343742 0 233 2.8329 0.0 8.181805246746432 0.0 4.0 
646 7507041.1 98.58187125476455 80.50248739476635 143.59346777343742 0 233 2.8329 0.0 8.181805246746432 0.0 4.0 
647 7507074.4 98.58187125476455 80.50248739476635 143.59346777343742 0 233 2.8329 0.0 8.181805246746432 0.0 4.0 
648 7507107.8 98.58187125476455 80.50248739476635 143.59346777343742 0 233 2.8329 0.0 8.181805246746432 0.0 4.0 
649 7507141.1 98.58187125476455 80.49833505593604 143.59346777343742 0 233 2.8329 0.0 8.181805246746432 0.0 4.0 
650 7507174.4 98.58187125476455 80.49833505593604 143.59346777343742 0 233 2.8329 0.0 8.181805246746432 0.0 4.0 
651 7507207.8 98.58187125476455 80.49833505593604 143.59346777343742 0 233 2.8329 0.0 8.181805246746432 0.0 4.0 
652 7507241.1 98.58187125476455 80.494176863401 143.59346777343742 0 233 2.8329 0.0 8.181805246746432 0.0 4.0 
653 7507274.4 98.58187125476455 80.494176863401 143.59346777343742 0 233 2.8329 0.0 8.181805246746432 0.0 4.0 
654 7507307.8 98.58072745791671 80.494176863401 143.59346777343742 0 233 2.8329 0.0 8.181805246746432 0.0 4.0 
655 7507341.1 98.58072745791671 80.49151834260968 143.59346777343742 0 233 2.8329 0.0 8.181805246746432 0.0 4.0 
656 7507374.5 98.58072745791671 80.49151834260968 143.59346777343742 0 233 2.8329 0.0 8.181805246746432 0.0 4.0 
657 7507407.8 98.58072745791671 80.49151834260968 143.59346777343742 0 233 2.8329 0.0 8.181805246746432 0.0 4.0 
658 7507441.1 98.58072745791671 80.48798598555254 143.59346777343742 0 233 2.8329 0.0 8.181805246746432 0.0 4.0 
659 7507474.5 98.58072745791671 80.48798598555254 143.59346777343742 0 233 2.8329 0.0 8.181805246746432 0.0 4.0 
660 7507507.8 98.58072745791671 80.48798598555254 143.59346777343742 0 233 2.8329 0.0 8.181805246746432 0.0 4.0 
661 7507541.1 98.58072745791671 80.48436264555568 143.59346777343742 0 233 2.8329 0.0 8.181805246746432 0.0 4.0 
662 7507574.5 98.58072745791671 80.48436264555568 143.59346777343742 0 233 2.8329 0.0 8.181805246746432 0.0 4.0 
663 7507607.8 98.5819763251159 80.48436264555568 143.59346777343742 0 233 2.8329 0.0 8.181805246746432 0.0 4.0 
664 7507641.1 98.5819763251159 80.48101281629192 143.59346777343742 0 233 2.8329 0.0 8.181805246746432 0.0 4.0 
665 7507674.5 98.5819763251159 80.48101281629192 143.59346777343742 0 233 2.8329 0.0 8.181805246746432 0.0 4.0 
666 7507707.8 98.5819763251159 80.48101281629192 143.59346777343742 0 233 2.8329 0.0 8.181805246746432 0.0 4.0 
667 7507741.1 98.58469270787143 80.47424234044715 143.59346777343742 0 233 2.8329 0.0 8.181805246746432 0.0 4.0 
668 7507774.5 98.58469270787143 80.47424234044715 143.59346777343742 0 233 2.8329 0.0 8.181805246746432 0.0 4.0 
669 7507807.8 98.58469270787143 80.47424234044715 143.59346777343742 0 233 2.8329 0.0 8.181805246746432 0.0 4.0 
670 7507841.2 98.58469270787143 80.47424234044715 143.59346777343742 0 233 2.8329 0.0 8.181805246746432 0.0 4.0 
671 7507874.5 98.58469270787143 80.47063963555338 143.59346777343742 0 233 2.8329 0.0 8.181805246746432 0.0 4.0 
672 7507907.8 98.58469270787143 80.47063963555338 143.59346777343742 0 233 2.8329 0.0 8.181805246746432 0.0 4.0 
673 7507941.2 98.58469270787143 80.47063963555338 143.59346777343742 0 233 2.8329 0.0 8.181805246746432 0.0 4.0 
674 7507974.5 98.58646401782946 80.47063963555338 143.59346777343742 0 233 2.8329 0.0 8.181805246746432 0.0 4.0 
675 7508007.8 98.58646401782946 80.46848847604672 143.59346777343742 0 233 2.8329 0.0 8.181805246746432 0.0 4.0 
676 7508041.2 98.58646401782946 80.46848847604672 143.59346777343742 0 233 2.8329 0.0 8.181805246746432 0.0 4.0 
677 7508074.5 98.58646401782946 80.46848847604672 143.59346777343742 0 233 2.8329 0.0 8.181805246746432 0.0 4.0 
678 7508107.8 98.58646401782946 80.46848847604672 143.59346777343742 0 233 2.8329 0.0 8.181805246746432 0.0 4.0 
679 7508141.2 98.58646401782946 80.46848847604672 143.59346777343742 0 233 2.8329 0.0 8.181805246746432 0.0 4.0 
680 7508174.5 98.58646401782946 80.46701581117577 143.59346777343742 0 233 2.8329 0.0 8.181805246746432 0.0 4.0 
681 7508207.9 98.58646401782946 80.46701581117577 143.59346777343742 0 233 2.8329 0.0 8.181805246746432 0.0 4.0 
682 7508241.2 98.58646401782946 80.46701581117577 143.59346777343742 0 233 2.8329 0.0 8.181805246746432 0.0 4.0 
683 7508274.5 98.58646401782946 80.46466567529825 143.59346777343742 0 233 2.8329 0.0 8.181805246746432 0.0 4.0 
684 7508307.9 98.58646401782946 80.46466567529825 143.59346777343742 0 233 2.8329 0.0 8.181805246746432 0.0 4.0 
685 7508341.2 98.58808569028423 80.46466567529825 143.59346777343742 0 233 2.8329 0.0 8.181805246746432 0.0 4.0 
686 7508374.5 98.58808569028423 80.46065632704685 143.59346777343742 0 233 2.8329 0.0 8.181805246746432 0.0 4.0 
687 7508407.9 98.58808569028423 80.46065632704685 143.59346777343742 0 233 2.8329 0.0 8.181805246746432 0.0 4.0 
688 7508441.2 98.58808569028423 80.46065632704685 143.59346777343742 0 233 2.8329 0.0 8.181805246746432 0.0 4.0 
689 7508474.5 98.59009192452574 80.46065632704685 143.59346777343742 0 233 2.8329 0.0 8.181805246746432 0.0 4.0 
690 7508507.9 98.59009192452574 80.45873228952665 143.59346777343742 0 233 2.8329 0.0 8.181805246746432 0.0 4.0 
691 7508541.2 98.59009192452574 80.45873228952665 143.59346777343742 0 233 2.8329 0.0 8.181805246746432 0.0 4.0 
692 7508574.5 98.59332982693005 80.45383502604682 143.59346777343742 0 233 2.8329 0.0 8.181805246746432 0.0 4.0 
693 7508607.9 98.59332982693005 80.45383502604682 143.59346777343742 0 233 2.8329 0.0 8.181805246746432 0.0 4.0 
694 7508641.2 98.59332982693005 80.45383502604682 143.59346777343742 0 233 2.8329 0.0 8.181805246746432 0.0 4.0 
695 7508674.6 98.59332982693005 80.45383502604682 143.59346777343742 0 233 2.8329 0.0 8.181805246746432 0.0 4.0 
696 7508707.9 98.59695802480039 80.45383502604682 143.59346777343742 0 233 2.8329 0.0 8.181805246746432 0.0 4.0 
697 7508741.2 98.59695802480039 80.45039412798596 143.59346777343742 0 233 2.8329 0.0 8.181805246746432 0.0 4.0 
698 7508774.6 98.59695802480039 80.45039412798596 143.59346777343742 0 233 2.8329 0.0 8.181805246746432 0.0 4.0 
699 7508807.9 98.59695802480039 80.45039412798596 143.59346777343742 0 233 2.8329 0.0 8.181805246746432 0.0 4.0 
700 7508841.2 98.60283474590054 80.45039412798596 143.59346777343742 0 233 2.8329 0.0 8.181805246746432 0.0 4.0 
701 7508874.6 98.60283474590054 80.44456756617676 143.59346777343742 0 233 2.8329 0.0 8.181805246746432 0.0 4.0 
702 7508907.9 98.60283474590054 80.44456756617676 143.59346777343742 0 233 2.8329 0.0 8.181805246746432 0.0 4.0 
703 7508941.2 98.60283474590054 80.44456756617676 143.59346777343742 0 233 2.8329 0.0 8.181805246746432 0.0 4.0 
704 7508974.6 98.60766037643839 80.4424462762739 143.59346777343742 0 233 2.8329 0.0 8.181805246746432 0.0 4.0 
705 7509007.9 98.60766037643839 80.4424462762739 143.59346777343742 0 233 2.8329 0.0 8.181805246746432 0.0 4.0 
706 7509041.3 98.60766037643839 80.4424462762739 143.59346777343742 0 233 2.8329 0.0 8.181805246746432 0.0 4.0 
707 7509074.6 98.60766037643839 80.4424462762739 143.59346777343742 0 233 2.8329 0.0 8.181805246746432 0.0 4.0 
708 7509107.9 98.61177768560665 80.4424462762739 143.59346777343742 0 233 2.8329 0.0 8.181805246746432 0.0 4.0 
709 7509141.3 98.61177768560665 80.43927640014944 143.59346777343742 0 233 2.8329 0.0 8.181805246746432 0.0 4.0 
710 7509174.6 98.61177768560665 80.43927640014944 143.59346777343742 0 233 2.8329 0.0 8.181805246746432 0.0 4.0 
711 7509207.9 98.61177768560665 80.43927640014944 143.59346777343742 0 233 2.8329 0.0 8.181805246746432 0.0 4.0 
712 7509241.3 98.61314735735235 80.43927640014944 143.59346777343742 0 233 2.8329 0.0 8.181805246746432 0.0 4.0 
713 7509274.6 98.61314735735235 80.43927640014944 143.59346777343742 0 233 2.8329 0.0 8.181805246746432 0.0 4.0 
714 7509307.9 98.61742926491782 80.43805377497347 143.59346777343742 0 233 2.8329 0.0 8.181805246746432 0.0 4.0 
715 7509341.3 98.61742926491782 80.43805377497347 143.59346777343742 0 233 2.8329 0.0 8.181805246746432 0.0 4.0 
716 7509374.6 98.61742926491782 80.43805377497347 143.59346777343742 0 233 2.8329 0.0 8.181805246746432 0.0 4.0 
717 7509407.9 98.61742926491782 80.43805377497347 143.59346777343742 0 233 2.8329 0.0 8.181805246746432 0.0 4.0 
718 7509441.3 98.62252375551716 80.43704006243884 143.59346777343742 0 233 2.8329 0.0 8.181805246746432 0.0 4.0 
719 7509474.6 98.62252375551716 80.43704006243884 143.59346777343742 0 233 2.8329 0.0 8.181805246746432 0.0 4.0 
720 7509508.0 98.62252375551716 80.43704006243884 143.59346777343742 0 233 2.8329 0.0 8.181805246746432 0.0 4.0 
721 7509541.3 98.62974050108402 80.43704006243884 143.59346777343742 0 233 2.8329 0.0 8.181805246746432 0.0 4.0 
722 7509574.6 98.62974050108402 80.43570601966134 143.59346777343742 0 233 2.8329 0.0 8.181805246746432 0.0 4.0 
723 7509608.0 98.62974050108402 80.43570601966134 143.59346777343742 0 233 2.8329 0.0 8.181805246746432 0.0 4.0 
724 7509641.3 98.62974050108402 80.43570601966134 143.59346777343742 0 233 2.8329 0.0 8.181805246746432 0.0 4.0 
725 7509674.6 98.63811648522008 80.43570601966134 143.59346777343742 0 233 2.8329 0.0 8.181805246746432 0.0 4.0 
726 7509708.0 98.63811648522008 80.43570601966134 143.59346777343742 0 233 2.8329 0.0 8.181805246746432 0.0 4.0 
727 7509741.3 98.63811648522008 80.43570601966134 143.59346777343742 0 233 2.8329 0.0 8.181805246746432 0.0 4.0 
728 7509774.6 98.64808637789503 80.43260497931917 143.59346777343742 0 233 2.8329 0.0 8.181805246746432 0.0 4.0 
729 7509808.0 98.64808637789503 80.43260497931917 143.59346777343742 0 233 2.8329 0.0 8.181805246746432 0.0 4.0 
730 7509841.3 98.64808637789503 80.43260497931917 143.59346777343742 0 233 2.8329 0.0 8.181805246746432 0.0 4.0 
731 7509874.7 98.64808637789503 80.43260497931917 143.59346777343742 0 233 2.8329 0.0 8.181805246746432 0.0 4.0 
732 7509908.0 98.65492373194402 80.43260497931917 143.59346777343742 0 233 2.8329 0.0 8.181805246746432 0.0 4.0 
733 7509941.3 98.65492373194402 80.43017540042919 143.59346777343742 0 233 2.8329 0.0 8.181805246746432 0.0 4.0 
734 7509974.7 98.65492373194402 80.43017540042919 143.59346777343742 0 233 2.8329 0.0 8.181805246746432 0.0 4.0 
735 7510008.0 98.65492373194402 80.43017540042919 143.59346777343742 0 233 2.8329 0.0 8.181805246746432 0.0 4.0 
736 7510041.3 98.66026056359311 80.43017540042919 143.59346777343742 0 233 2.8329 0.0 8.181805246746432 0.0 4.0 
737 7510074.7 98.66026056359311 80.42662947133856 143.59346777343742 0 233 2.8329 0.0 8.181805246746432 0.0 4.0 
738 7510108.0 98.66026056359311 80.42662947133856 143.59346777343742 0 233 2.8329 0.0 8.181805246746432 0.0 4.0 
739 7510141.3 98.66026056359311 80.42662947133856 143.59346777343742 0 233 2.8329 0.0 8.181805246746432 0.0 4.0 
740 7510174.7 98.66539990729231 80.42296792515087 143.59346777343742 0 233 2.8329 0.0 8.181805246746432 0.0 4.0 
741 7510208.0 98.66539990729231 80.42296792515087 143.59346777343742 0 233 2.8329 0.0 8.181805246746432 0.0 4.0 
742 7510241.3 98.66539990729231 80.42296792515087 143.59346777343742 0 233 2.8329 0.0 8.181805246746432 0.0 4.0 
743 7510274.7 98.66792186848849 80.42296792515087 143.59346777343742 0 233 2.8329 0.0 8.181805246746432 0.0 4.0 
744 7510308.0 98.66792186848849 80.42058911606519 143.59346777343742 0 233 2.8329 0.0 8.181805246746432 0.0 4.0 
745 7510341.4 98.66792186848849 80.42058911606519 143.59346777343742 0 233 2.8329 0.0 8.181805246746432 0.0 4.0 
746 7510374.7 98.66792186848849 80.42058911606519 143.59346777343742 0 233 2.8329 0.0 8.181805246746432 0.0 4.0 
747 7510408.0 98.67534396911172 80.42058911606519 143.59346777343742 0 233 2.8329 0.0 8.181805246746432 0.0 4.0 
748 7510441.4 98.67534396911172 80.41577528017756 143.59346777343742 0 233 2.8329 0.0 8.181805246746432 0.0 4.0 
749 7510474.7 98.67534396911172 80.41577528017756 143.59346777343742 0 233 2.8329 0.0 8.181805246746432 0.0 4.0 
750 7510508.0 98.68041794404965 80.41261145422916 143.59346777343742 0 233 2.8329 0.0 8.181805246746432 0.0 4.0 
751 7510541.4 98.68041794404965 80.41261145422916 143.59346777343742 0 233 2.8329 0.0 8.181805246746432 0.0 4.0 
752 7510574.7 98.68041794404965 80.41261145422916 143.59346777343742 0 233 2.8329 0.0 8.181805246746432 0.0 4.0 
753 7510608.0 98.68332481110812 80.41085360722452 143.59346777343742 0 233 2.8329 0.0 8.181805246746432 0.0 4.0 
754 7510641.4 98.68332481110812 80.41085360722452 143.59346777343742 0 233 2.8329 0.0 8.181805246746432 0.0 4.0 
755 7510674.7 98.68556051573248 80.41085360722452 143.59346777343742 0 233 2.8329 0.0 8.181805246746432 0.0 4.0 
756 7510708.1 98.68556051573248 80.4096958422102 143.59346777343742 0 233 2.8329 0.0 8.181805246746432 0.0 4.0 
757 7510741.4 98.68556051573248 80.4096958422102 143.59346777343742 0 233 2.8329 0.0 8.181805246746432 0.0 4.0 
758 7510774.7 98.69022215897287 80.4096958422102 143.59346777343742 0 233 2.8329 0.0 8.181805246746432 0.0 4.0 
759 7510808.1 98.69022215897287 80.40743470962155 143.59346777343742 0 233 2.8329 0.0 8.181805246746432 0.0 4.0 
760 7510841.4 98.69022215897287 80.40743470962155 143.59346777343742 0 233 2.8329 0.0 8.181805246746432 0.0 4.0 
761 7510874.7 98.6916394757431 80.40743470962155 143.59346777343742 0 233 2.8329 0.0 8.181805246746432 0.0 4.0 
762 7510908.1 98.6916394757431 80.40743470962155 143.59346777343742 0 233 2.8329 0.0 8.181805246746432 0.0 4.0 
763 7510941.4 98.6916394757431 80.40743470962155 143.59346777343742 0 233 2.8329 0.0 8.181805246746432 0.0 4.0 
764 7510974.7 98.6916394757431 80.40743470962155 143.59346777343742 0 233 2.8329 0.0 8.181805246746432 0.0 4.0 
765 7511008.1 98.6916394757431 80.40743470962155 143.59346777343742 0 233 2.8329 0.0 8.181805246746432 0.0 4.0 
766 7511041.4 98.69296231207521 80.40743470962155 143.59346777343742 0 233 2.8329 0.0 8.181805246746432 0.0 4.0 
767 7511074.7 98.69296231207521 80.40743470962155 143.59346777343742 0 233 2.8329 0.0 8.181805246746432 0.0 4.0 
768 7511108.1 98.69296231207521 80.40632455682999 143.59346777343742 0 233 2.8329 0.0 8.181805246746432 0.0 4.0 
769 7511141.4 98.69296231207521 80.40632455682999 143.59346777343742 0 233 2.8329 0.0 8.181805246746432 0.0 4.0 
770 7511174.8 98.69296231207521 80.40632455682999 143.59346777343742 0 233 2.8329 0.0 8.181805246746432 0.0 4.0 
771 7511208.1 98.69296231207521 80.40632455682999 143.59346777343742 0 233 2.8329 0.0 8.181805246746432 0.0 4.0 
772 7511241.4 98.69296231207521 80.40632455682999 143.59346777343742 0 233 2.8329 0.0 8.181805246746432 0.0 4.0 
773 7511274.8 98.6974536506462 80.40632455682999 143.59346777343742 0 233 2.8329 0.0 8.181805246746432 0.0 4.0 
774 7511308.1 98.6974536506462 80.40632455682999 143.59346777343742 0 233 2.8329 0.0 8.181805246746432 0.0 4.0 
775 7511341.4 98.6974536506462 80.40632455682999 143.59346777343742 0 233 2.8329 0.0 8.181805246746432 0.0 4.0 
776 7511374.8 98.7057458247442 80.40632455682999 143.59346777343742 0 233 2.8329 0.0 8.181805246746432 0.0 4.0 
777 7511408.1 98.7057458247442 80.40632455682999 143.59346777343742 0 233 2.8329 0.0 8.181805246746432 0.0 4.0 
778 7511441.4 98.7057458247442 80.40632455682999 143.59346777343742 0 233 2.8329 0.0 8.181805246746432 0.0 4.0 
779 7511474.8 98.71207444563868 80.40632455682999 143.59346777343742 0 233 2.8329 0.0 8.181805246746432 0.0 4.0 
780 7511508.1 98.71207444563868 80.4043456270105 143.59346777343742 0 233 2.8329 0.0 8.181805246746432 0.0 4.0 
781 7511541.5 98.71207444563868 80.4043456270105 143.59346777343742 0 233 2.8329 0.0 8.181805246746432 0.0 4.0 
782 7511574.8 98.71207444563868 80.4043456270105 143.59346777343742 0 233 2.8329 0.0 8.181805246746432 0.0 4.0 
783 7511608.1 98.71773650862744 80.4043456270105 143.59346777343742 0 233 2.8329 0.0 8.181805246746432 0.0 4.0 
784 7511641.5 98.71773650862744 80.39730077536531 143.59346777343742 0 233 2.8329 0.0 8.181805246746432 0.0 4.0 
785 7511674.8 98.71773650862744 80.39730077536531 143.59346777343742 0 233 2.8329 0.0 8.181805246746432 0.0 4.0 
786 7511708.1 98.71773650862744 80.39730077536531 143.59346777343742 0 233 2.8329 0.0 8.181805246746432 0.0 4.0 
787 7511741.5 98.72303016087731 80.38908296420949 143.59346777343742 0 233 2.8329 0.0 8.181805246746432 0.0 4.0 
788 7511774.8 98.72303016087731 80.38908296420949 143.59346777343742 0 233 2.8329 0.0 8.181805246746432 0.0 4.0 
789 7511808.1 98.72303016087731 80.38908296420949 143.59346777343742 0 233 2.8329 0.0 8.181805246746432 0.0 4.0 
790 7511841.5 98.72591188391293 80.38908296420949 143.59346777343742 0 233 2.8329 0.0 8.181805246746432 0.0 4.0 
791 7511874.8 98.72591188391293 80.38449910484839 143.59346777343742 0 233 2.8329 0.0 8.181805246746432 0.0 4.0 
792 7511908.1 98.72591188391293 80.38449910484839 143.59346777343742 0 233 2.8329 0.0 8.181805246746432 0.0 4.0 
793 7511941.5 98.72876079670348 80.38449910484839 143.59346777343742 0 233 2.8329 0.0 8.181805246746432 0.0 4.0 
794 7511974.8 98.72876079670348 80.38142224559557 143.59346777343742 0 233 2.8329 0.0 8.181805246746432 0.0 4.0 
795 7512008.2 98.72876079670348 80.38142224559557 143.59346777343742 0 233 2.8329 0.0 8.181805246746432 0.0 4.0 
796 7512041.5 98.72876079670348 80.38142224559557 143.59346777343742 0 233 2.8329 0.0 8.181805246746432 0.0 4.0 
797 7512074.8 98.73155601219973 80.37917770205566 143.59346777343742 0 233 2.8329 0.0 8.181805246746432 0.0 4.0 
798 7512108.2 98.73155601219973 80.37917770205566 143.59346777343742 0 233 2.8329 0.0 8.181805246746432 0.0 4.0 
799 7512141.5 98.73311824933499 80.37917770205566 143.59346777343742 0 233 2.8329 0.0 8.181805246746432 0.0 4.0 
800 7512174.8 98.73311824933499 80.37751225292403 143.59346777343742 0 233 2.8329 0.0 8.181805246746432 0.0 4.0 
801 7512208.2 98.73311824933499 80.37751225292403 143.59346777343742 0 233 2.8329 0.0 8.181805246746432 0.0 4.0 
802 7512241.5 98.73311824933499 80.37751225292403 143.59346777343742 0 233 2.8329 0.0 8.181805246746432 0.0 4.0 
803 7512274.8 98.73492062124394 80.37751225292403 143.59346777343742 0 233 2.8329 0.0 8.181805246746432 0.0 4.0 
804 7512308.2 98.73492062124394 80.3758435731295 143.59346777343742 0 233 2.8329 0.0 8.181805246746432 0.0 4.0 
805 7512341.5 98.73492062124394 80.3758435731295 143.59346777343742 0 233 2.8329 0.0 8.181805246746432 0.0 4.0 
806 7512374.9 98.73492062124394 80.3758435731295 143.59346777343742 0 233 2.8329 0.0 8.181805246746432 0.0 4.0 
807 7512408.2 98.73887833179184 80.3758435731295 143.59346777343742 0 233 2.8329 0.0 8.181805246746432 0.0 4.0 
808 7512441.5 98.73887833179184 80.37004699709898 143.59346777343742 0 233 2.8329 0.0 8.181805246746432 0.0 4.0 
809 7512474.9 98.73887833179184 80.37004699709898 143.59346777343742 0 233 2.8329 0.0 8.181805246746432 0.0 4.0 
810 7512508.2 98.73887833179184 80.37004699709898 143.59346777343742 0 233 2.8329 0.0 8.181805246746432 0.0 4.0 
811 7512541.5 98.74033416462449 80.36443101289535 143.59346777343742 0 233 2.8329 0.0 8.181805246746432 0.0 4.0 
812 7512574.9 98.74033416462449 80.36443101289535 143.59346777343742 0 233 2.8329 0.0 8.181805246746432 0.0 4.0 
813 7512608.2 98.74033416462449 80.36443101289535 143.59346777343742 0 233 2.8329 0.0 8.181805246746432 0.0 4.0 
814 7512641.5 98.74033416462449 80.36443101289535 143.59346777343742 0 233 2.8329 0.0 8.181805246746432 0.0 4.0 
815 7512674.9 98.74147065995221 80.36302917574723 143.59346777343742 0 233 2.8329 0.0 8.181805246746432 0.0 4.0 
816 7512708.2 98.74147065995221 80.36302917574723 143.59346777343742 0 233 2.8329 0.0 8.181805246746432 0.0 4.0 
817 7512741.5 98.74147065995221 80.36302917574723 143.59346777343742 0 233 2.8329 0.0 8.181805246746432 0.0 4.0 
818 7512774.9 98.74406956664754 80.35923955489211 143.59346777343742 0 233 2.8329 0.0 8.181805246746432 0.0 4.0 
819 7512808.2 98.74406956664754 80.35923955489211 143.59346777343742 0 233 2.8329 0.0 8.181805246746432 0.0 4.0 
820 7512841.6 98.74406956664754 80.35923955489211 143.59346777343742 0 233 2.8329 0.0 8.181805246746432 0.0 4.0 
821 7512874.9 98.74525894205507 80.35923955489211 143.59346777343742 0 233 2.8329 0.0 8.181805246746432 0.0 4.0 
822 7512908.2 98.74525894205507 80.35616438802349 143.59346777343742 0 233 2.8329 0.0 8.181805246746432 0.0 4.0 
823 7512941.6 98.74525894205507 80.35616438802349 143.59346777343742 0 233 2.8329 0.0 8.181805246746432 0.0 4.0 
824 7512974.9 98.74853329468415 80.35616438802349 143.59346777343742 0 233 2.8329 0.0 8.181805246746432 0.0 4.0 
825 7513008.2 98.74853329468415 80.35076745116687 143.59346777343742 0 233 2.8329 0.0 8.181805246746432 0.0 4.0 
826 7513041.6 98.74853329468415 80.35076745116687 143.59346777343742 0 233 2.8329 0.0 8.181805246746432 0.0 4.0 
827 7513074.9 98.74970058041752 80.34898033454871 143.59346777343742 0 233 2.8329 0.0 8.181805246746432 0.0 4.0 
828 7513108.2 98.74970058041752 80.34898033454871 143.59346777343742 0 233 2.8329 0.0 8.181805246746432 0.0 4.0 
829 7513141.6 98.74970058041752 80.34898033454871 143.59346777343742 0 233 2.8329 0.0 8.181805246746432 0.0 4.0 
830 7513174.9 98.75108020383135 80.34670143421934 143.59346777343742 0 233 2.8329 0.0 8.181805246746432 0.0 4.0 
831 7513208.3 98.75108020383135 80.34670143421934 143.59346777343742 0 233 2.8329 0.0 8.181805246746432 0.0 4.0 
832 7513241.6 98.75108020383135 80.34670143421934 143.59346777343742 0 233 2.8329 0.0 8.181805246746432 0.0 4.0 
833 7513274.9 98.75383981424977 80.34670143421934 143.59346777343742 0 233 2.8329 0.0 8.181805246746432 0.0 4.0 
834 7513308.3 98.75383981424977 80.34139692193219 143.59346777343742 0 233 2.8329 0.0 8.181805246746432 0.0 4.0 
835 7513341.6 98.75383981424977 80.34139692193219 143.59346777343742 0 233 2.8329 0.0 8.181805246746432 0.0 4.0 
836 7513374.9 98.75383981424977 80.34139692193219 143.59346777343742 0 233 2.8329 0.0 8.181805246746432 0.0 4.0 
837 7513408.3 98.7567446459566 80.33490934760228 143.59346777343742 0 233 2.8329 0.0 8.181805246746432 0.0 4.0 
838 7513441.6 98.7567446459566 80.33490934760228 143.59346777343742 0 233 2.8329 0.0 8.181805246746432 0.0 4.0 
839 7513474.9 98.7567446459566 80.33490934760228 143.59346777343742 0 233 2.8329 0.0 8.181805246746432 0.0 4.0 
840 7513508.3 98.7567446459566 80.33490934760228 143.59346777343742 0 233 2.8329 0.0 8.181805246746432 0.0 4.0 
841 7513541.6 98.7596617636374 80.3281588070663 143.59346777343742 0 233 2.8329 0.0 8.181805246746432 0.0 4.0 
842 7513574.9 98.7596617636374 80.3281588070663 143.59346777343742 0 233 2.8329 0.0 8.181805246746432 0.0 4.0 
843 7513608.3 98.7596617636374 80.3281588070663 143.59346777343742 0 233 2.8329 0.0 8.181805246746432 0.0 4.0 
844 7513641.6 98.7596617636374 80.3281588070663 143.59346777343742 0 233 2.8329 0.0 8.181805246746432 0.0 4.0 
845 7513675.0 98.76229904972836 80.3281588070663 143.59346777343742 0 233 2.8329 0.0 8.181805246746432 0.0 4.0 
846 7513708.3 98.76229904972836 80.31863186002721 143.59346777343742 0 233 2.8329 0.0 8.181805246746432 0.0 4.0 
847 7513741.6 98.76229904972836 80.31863186002721 143.59346777343742 0 233 2.8329 0.0 8.181805246746432 0.0 4.0 
848 7513775.0 98.76229904972836 80.31863186002721 143.59346777343742 0 233 2.8329 0.0 8.181805246746432 0.0 4.0 
849 7513808.3 98.76394207725441 80.30860436327197 143.59346777343742 0 233 2.8329 0.0 8.181805246746432 0.0 4.0 
850 7513841.6 98.76394207725441 80.30860436327197 143.59346777343742 0 233 2.8329 0.0 8.181805246746432 0.0 4.0 
851 7513875.0 98.76394207725441 80.30860436327197 143.59346777343742 0 233 2.8329 0.0 8.181805246746432 0.0 4.0 
852 7513908.3 98.76522719566027 80.30413453453437 143.59346777343742 0 233 2.8329 0.0 8.181805246746432 0.0 4.0 
853 7513941.6 98.76522719566027 80.30413453453437 143.59346777343742 0 233 2.8329 0.0 8.181805246746432 0.0 4.0 
854 7513975.0 98.76522719566027 80.30413453453437 143.59346777343742 0 233 2.8329 0.0 8.181805246746432 0.0 4.0 
855 7514008.3 98.76522719566027 80.30413453453437 143.59346777343742 0 233 2.8329 0.0 8.181805246746432 0.0 4.0 
856 7514041.7 98.76839513496775 80.30413453453437 143.59346777343742 0 233 2.8329 0.0 8.181805246746432 0.0 4.0 
857 7514075.0 98.76839513496775 80.29714160363665 143.59346777343742 0 233 2.8329 0.0 8.181805246746432 0.0 4.0 
858 7514108.3 98.76839513496775 80.29714160363665 143.59346777343742 0 233 2.8329 0.0 8.181805246746432 0.0 4.0 
859 7514141.7 98.76839513496775 80.29714160363665 143.59346777343742 0 233 2.8329 0.0 8.181805246746432 0.0 4.0 
860 7514175.0 98.77086972122099 80.29714160363665 143.59346777343742 0 233 2.8329 0.0 8.181805246746432 0.0 4.0 
861 7514208.3 98.77086972122099 80.29186027108227 143.59346777343742 0 233 2.8329 0.0 8.181805246746432 0.0 4.0 
862 7514241.7 98.77086972122099 80.29186027108227 143.59346777343742 0 233 2.8329 0.0 8.181805246746432 0.0 4.0 
863 7514275.0 98.77267476894036 80.28395256086797 143.59346777343742 0 233 2.8329 0.0 8.181805246746432 0.0 4.0 
864 7514308.3 98.77267476894036 80.28395256086797 143.59346777343742 0 233 2.8329 0.0 8.181805246746432 0.0 4.0 
865 7514341.7 98.77267476894036 80.28395256086797 143.59346777343742 0 233 2.8329 0.0 8.181805246746432 0.0 4.0 
866 7514375.0 98.77267476894036 80.28395256086797 143.59346777343742 0 233 2.8329 0.0 8.181805246746432 0.0 4.0 
867 7514408.3 98.77407014797099 80.28395256086797 143.59346777343742 0 233 2.8329 0.0 8.181805246746432 0.0 4.0 
868 7514441.7 98.77407014797099 80.27952374774303 143.59346777343742 0 233 2.8329 0.0 8.181805246746432 0.0 4.0 
869 7514475.0 98.77407014797099 80.27952374774303 143.59346777343742 0 233 2.8329 0.0 8.181805246746432 0.0 4.0 
870 7514508.4 98.77407014797099 80.27952374774303 143.59346777343742 0 233 2.8329 0.0 8.181805246746432 0.0 4.0 
871 7514541.7 98.77555914954252 80.27952374774303 143.59346777343742 0 233 2.8329 0.0 8.181805246746432 0.0 4.0 
872 7514575.0 98.77555914954252 80.27175193102127 143.59346777343742 0 233 2.8329 0.0 8.181805246746432 0.0 4.0 
873 7514608.4 98.77555914954252 80.27175193102127 143.59346777343742 0 233 2.8329 0.0 8.181805246746432 0.0 4.0 
874 7514641.7 98.77731845394017 80.26527073212802 143.59346777343742 0 233 2.8329 0.0 8.181805246746432 0.0 4.0 
875 7514675.0 98.77731845394017 80.26527073212802 143.59346777343742 0 233 2.8329 0.0 8.181805246746432 0.0 4.0 
876 7514708.4 98.77731845394017 80.26527073212802 143.59346777343742 0 233 2.8329 0.0 8.181805246746432 0.0 4.0 
877 7514741.7 98.77731845394017 80.26527073212802 143.59346777343742 0 233 2.8329 0.0 8.181805246746432 0.0 4.0 
878 7514775.0 98.77979560529657 80.26527073212802 143.59346777343742 0 233 2.8329 0.0 8.181805246746432 0.0 4.0 
879 7514808.4 98.77979560529657 80.26119377470464 143.59346777343742 0 233 2.8329 0.0 8.181805246746432 0.0 4.0 
880 7514841.7 98.77979560529657 80.26119377470464 143.59346777343742 0 233 2.8329 0.0 8.181805246746432 0.0 4.0 
881 7514875.1 98.78138922895083 80.26119377470464 143.59346777343742 0 233 2.8329 0.0 8.181805246746432 0.0 4.0 
882 7514908.4 98.78138922895083 80.25470615989309 143.59346777343742 0 233 2.8329 0.0 8.181805246746432 0.0 4.0 
883 7514941.7 98.78138922895083 80.25470615989309 143.59346777343742 0 233 2.8329 0.0 8.181805246746432 0.0 4.0 
884 7514975.1 98.78138922895083 80.25470615989309 143.59346777343742 0 233 2.8329 0.0 8.181805246746432 0.0 4.0 
885 7515008.4 98.78450840230526 80.2480626416768 143.59346777343742 0 233 2.8329 0.0 8.181805246746432 0.0 4.0 
886 7515041.7 98.78450840230526 80.2480626416768 143.59346777343742 0 233 2.8329 0.0 8.181805246746432 0.0 4.0 
887 7515075.1 98.78450840230526 80.2480626416768 143.59346777343742 0 233 2.8329 0.0 8.181805246746432 0.0 4.0 
888 7515108.4 98.78450840230526 80.2480626416768 143.59346777343742 0 233 2.8329 0.0 8.181805246746432 0.0 4.0 
889 7515141.7 98.78696652856573 80.2480626416768 143.59346777343742 0 233 2.8329 0.0 8.181805246746432 0.0 4.0 
890 7515175.1 98.78696652856573 80.2429489578217 143.59346777343742 0 233 2.8329 0.0 8.181805246746432 0.0 4.0 
891 7515208.4 98.78696652856573 80.2429489578217 143.59346777343742 0 233 2.8329 0.0 8.181805246746432 0.0 4.0 
892 7515241.7 98.78696652856573 80.2429489578217 143.59346777343742 0 233 2.8329 0.0 8.181805246746432 0.0 4.0 
893 7515275.1 98.78983095199968 80.2429489578217 143.59346777343742 0 233 2.8329 0.0 8.181805246746432 0.0 4.0 
894 7515308.4 98.78983095199968 80.23639463131248 143.59346777343742 0 233 2.8329 0.0 8.181805246746432 0.0 4.0 
895 7515341.8 98.78983095199968 80.23639463131248 143.59346777343742 0 233 2.8329 0.0 8.181805246746432 0.0 4.0 
896 7515375.1 98.79544591253251 80.23639463131248 143.59346777343742 0 233 2.8329 0.0 8.181805246746432 0.0 4.0 
897 7515408.4 98.79544591253251 80.23041938032064 143.59346777343742 0 233 2.8329 0.0 8.181805246746432 0.0 4.0 
898 7515441.8 98.79544591253251 80.23041938032064 143.59346777343742 0 233 2.8329 0.0 8.181805246746432 0.0 4.0 
899 7515475.1 98.79544591253251 80.23041938032064 143.59346777343742 0 233 2.8329 0.0 8.181805246746432 0.0 4.0 
900 7515508.4 98.79874005283983 80.22727813744848 143.59346777343742 0 233 2.8329 0.0 8.181805246746432 0.0 4.0 
901 7515541.8 98.79874005283983 80.22727813744848 143.59346777343742 0 233 2.8329 0.0 8.181805246746432 0.0 4.0 
902 7515575.1 98.79874005283983 80.22727813744848 143.59346777343742 0 233 2.8329 0.0 8.181805246746432 0.0 4.0 
903 7515608.4 98.8009982081978 80.22727813744848 143.59346777343742 0 233 2.8329 0.0 8.181805246746432 0.0 4.0 
904 7515641.8 98.8009982081978 80.22406953863221 143.59346777343742 0 233 2.8329 0.0 8.181805246746432 0.0 4.0 
905 7515675.1 98.8009982081978 80.22406953863221 143.59346777343742 0 233 2.8329 0.0 8.181805246746432 0.0 4.0 
906 7515708.5 98.8009982081978 80.22406953863221 143.59346777343742 0 233 2.8329 0.0 8.181805246746432 0.0 4.0 
907 7515741.8 98.80301544606547 80.22406953863221 143.59346777343742 0 233 2.8329 0.0 8.181805246746432 0.0 4.0 
908 7515775.1 98.80301544606547 80.21983433986965 143.59346777343742 0 233 2.8329 0.0 8.181805246746432 0.0 4.0 
909 7515808.5 98.80301544606547 80.21983433986965 143.59346777343742 0 233 2.8329 0.0 8.181805246746432 0.0 4.0 
910 7515841.8 98.80408424996689 80.217161668352 143.59346777343742 0 233 2.8329 0.0 8.181805246746432 0.0 4.0 
911 7515875.1 98.80408424996689 80.217161668352 143.59346777343742 0 233 2.8329 0.0 8.181805246746432 0.0 4.0 
912 7515908.5 98.80408424996689 80.217161668352 143.59346777343742 0 233 2.8329 0.0 8.181805246746432 0.0 4.0 
913 7515941.8 98.80408424996689 80.217161668352 143.59346777343742 0 233 2.8329 0.0 8.181805246746432 0.0 4.0 
914 7515975.1 98.805487627694 80.217161668352 143.59346777343742 0 233 2.8329 0.0 8.181805246746432 0.0 4.0 
915 7516008.5 98.805487627694 80.21608696316883 143.59346777343742 0 233 2.8329 0.0 8.181805246746432 0.0 4.0 
916 7516041.8 98.805487627694 80.21608696316883 143.59346777343742 0 233 2.8329 0.0 8.181805246746432 0.0 4.0 
917 7516075.1 98.805487627694 80.21608696316883 143.59346777343742 0 233 2.8329 0.0 8.181805246746432 0.0 4.0 
918 7516108.5 98.805487627694 80.21342911768338 143.59346777343742 0 233 2.8329 0.0 8.181805246746432 0.0 4.0 
919 7516141.8 98.805487627694 80.21342911768338 143.59346777343742 0 233 2.8329 0.0 8.181805246746432 0.0 4.0 
920 7516175.2 98.805487627694 80.21342911768338 143.59346777343742 0 233 2.8329 0.0 8.181805246746432 0.0 4.0 
921 7516208.5 98.80818259168251 80.21212933742966 143.59346777343742 0 233 2.8329 0.0 8.181805246746432 0.0 4.0 
922 7516241.8 98.80818259168251 80.21212933742966 143.59346777343742 0 233 2.8329 0.0 8.181805246746432 0.0 4.0 
923 7516275.2 98.80818259168251 80.21212933742966 143.59346777343742 0 233 2.8329 0.0 8.181805246746432 0.0 4.0 
924 7516308.5 98.81025441885332 80.20864533590684 143.59346777343742 0 233 2.8329 0.0 8.181805246746432 0.0 4.0 
925 7516341.8 98.81025441885332 80.20864533590684 143.59346777343742 0 233 2.8329 0.0 8.181805246746432 0.0 4.0 
926 7516375.2 98.81025441885332 80.20864533590684 143.59346777343742 0 233 2.8329 0.0 8.181805246746432 0.0 4.0 
927 7516408.5 98.81025441885332 80.20637424908314 143.59346777343742 0 233 2.8329 0.0 8.181805246746432 0.0 4.0 
928 7516441.8 98.81025441885332 80.20637424908314 143.59346777343742 0 233 2.8329 0.0 8.181805246746432 0.0 4.0 
929 7516475.2 98.81025441885332 80.20637424908314 143.59346777343742 0 233 2.8329 0.0 8.181805246746432 0.0 4.0 
930 7516508.5 98.81314024849786 80.20637424908314 143.59346777343742 0 233 2.8329 0.0 8.181805246746432 0.0 4.0 
931 7516541.9 98.81314024849786 80.20105141466749 143.59346777343742 0 233 2.8329 0.0 8.181805246746432 0.0 4.0 
932 7516575.2 98.81314024849786 80.20105141466749 143.59346777343742 0 233 2.8329 0.0 8.181805246746432 0.0 4.0 
933 7516608.5 98.81314024849786 80.20105141466749 143.59346777343742 0 233 2.8329 0.0 8.181805246746432 0.0 4.0 
934 7516641.9 98.81459321493975 80.1969226408907 143.59346777343742 0 233 2.8329 0.0 8.181805246746432 0.0 4.0 
935 7516675.2 98.81459321493975 80.1969226408907 143.59346777343742 0 233 2.8329 0.0 8.181805246746432 0.0 4.0 
936 7516708.5 98.81459321493975 80.1969226408907 143.59346777343742 0 233 2.8329 0.0 8.181805246746432 0.0 4.0 
937 7516741.9 98.81459321493975 80.1969226408907 143.59346777343742 0 233 2.8329 0.0 8.181805246746432 0.0 4.0 
938 7516775.2 98.81651162493996 80.1969226408907 143.59346777343742 0 233 2.8329 0.0 8.181805246746432 0.0 4.0 
939 7516808.5 98.81651162493996 80.19151038030824 143.59346777343742 0 233 2.8329 0.0 8.181805246746432 0.0 4.0 
940 7516841.9 98.81651162493996 80.19151038030824 143.59346777343742 0 233 2.8329 0.0 8.181805246746432 0.0 4.0 
941 7516875.2 98.81651162493996 80.19151038030824 143.59346777343742 0 233 2.8329 0.0 8.181805246746432 0.0 4.0 
942 7516908.5 98.81771601414633 80.19151038030824 143.59346777343742 0 233 2.8329 0.0 8.181805246746432 0.0 4.0 
943 7516941.9 98.81771601414633 80.1883308576589 143.59346777343742 0 233 2.8329 0.0 8.181805246746432 0.0 4.0 
944 7516975.2 98.81771601414633 80.1883308576589 143.59346777343742 0 233 2.8329 0.0 8.181805246746432 0.0 4.0 
945 7517008.6 98.81771601414633 80.1883308576589 143.59346777343742 0 233 2.8329 0.0 8.181805246746432 0.0 4.0 
946 7517041.9 98.81771601414633 80.1883308576589 143.59346777343742 0 233 2.8329 0.0 8.181805246746432 0.0 4.0 
947 7517075.2 98.81771601414633 80.1883308576589 143.59346777343742 0 233 2.8329 0.0 8.181805246746432 0.0 4.0 
948 7517108.6 98.81771601414633 80.18628723826951 143.59346777343742 0 233 2.8329 0.0 8.181805246746432 0.0 4.0 
949 7517141.9 98.81771601414633 80.18628723826951 143.59346777343742 0 233 2.8329 0.0 8.181805246746432 0.0 4.0 
950 7517175.2 98.81771601414633 80.18628723826951 143.59346777343742 0 233 2.8329 0.0 8.181805246746432 0.0 4.0 
951 7517208.6 98.82017073336945 80.18628723826951 143.59346777343742 0 233 2.8329 0.0 8.181805246746432 0.0 4.0 
952 7517241.9 98.82017073336945 80.18351220851616 143.59346777343742 0 233 2.8329 0.0 8.181805246746432 0.0 4.0 
953 7517275.2 98.82017073336945 80.18351220851616 143.59346777343742 0 233 2.8329 0.0 8.181805246746432 0.0 4.0 
954 7517308.6 98.82017073336945 80.18351220851616 143.59346777343742 0 233 2.8329 0.0 8.181805246746432 0.0 4.0 
955 7517341.9 98.82374183771925 80.17798099262473 143.59346777343742 0 233 2.8329 0.0 8.181805246746432 0.0 4.0 
956 7517375.3 98.82374183771925 80.17798099262473 143.59346777343742 0 233 2.8329 0.0 8.181805246746432 0.0 4.0 
957 7517408.6 98.82374183771925 80.17798099262473 143.59346777343742 0 233 2.8329 0.0 8.181805246746432 0.0 4.0 
958 7517441.9 98.82374183771925 80.17798099262473 143.59346777343742 0 233 2.8329 0.0 8.181805246746432 0.0 4.0 
959 7517475.3 98.82586173775381 80.17561685378531 143.59346777343742 0 233 2.8329 0.0 8.181805246746432 0.0 4.0 
960 7517508.6 98.82586173775381 80.17561685378531 143.59346777343742 0 233 2.8329 0.0 8.181805246746432 0.0 4.0 
961 7517541.9 98.82586173775381 80.17561685378531 143.59346777343742 0 233 2.8329 0.0 8.181805246746432 0.0 4.0 
962 7517575.3 98.82586173775381 80.17353151688475 143.59346777343742 0 233 2.8329 0.0 8.181805246746432 0.0 4.0 
963 7517608.6 98.82586173775381 80.17353151688475 143.59346777343742 0 233 2.8329 0.0 8.181805246746432 0.0 4.0 
964 7517641.9 98.82586173775381 80.17353151688475 143.59346777343742 0 233 2.8329 0.0 8.181805246746432 0.0 4.0 
965 7517675.3 98.82586173775381 80.17240523723984 143.59346777343742 0 233 2.8329 0.0 8.181805246746432 0.0 4.0 
966 7517708.6 98.82586173775381 80.17240523723984 143.59346777343742 0 233 2.8329 0.0 8.181805246746432 0.0 4.0 
967 7517741.9 98.82586173775381 80.17240523723984 143.59346777343742 0 233 2.8329 0.0 8.181805246746432 0.0 4.0 
968 7517775.3 98.82802748910264 80.16820224045219 143.59346777343742 0 233 2.8329 0.0 8.181805246746432 0.0 4.0 
969 7517808.6 98.82802748910264 80.16820224045219 143.59346777343742 0 233 2.8329 0.0 8.181805246746432 0.0 4.0 
970 7517842.0 98.82802748910264 80.16820224045219 143.59346777343742 0 233 2.8329 0.0 8.181805246746432 0.0 4.0 
971 7517875.3 98.82802748910264 80.16820224045219 143.59346777343742 0 233 2.8329 0.0 8.181805246746432 0.0 4.0 
972 7517908.6 98.83053135888298 80.15963310806832 143.59346777343742 0 233 2.8329 0.0 8.181805246746432 0.0 4.0 
973 7517942.0 98.83053135888298 80.15963310806832 143.59346777343742 0 233 2.8329 0.0 8.181805246746432 0.0 4.0 
974 7517975.3 98.83053135888298 80.15963310806832 143.59346777343742 0 233 2.8329 0.0 8.181805246746432 0.0 4.0 
975 7518008.6 98.83053135888298 80.15963310806832 143.59346777343742 0 233 2.8329 0.0 8.181805246746432 0.0 4.0 
976 7518042.0 98.83358363196774 80.15963310806832 143.59346777343742 0 233 2.8329 0.0 8.181805246746432 0.0 4.0 
977 7518075.3 98.83358363196774 80.14997791151897 143.59346777343742 0 233 2.8329 0.0 8.181805246746432 0.0 4.0 
978 7518108.6 98.83358363196774 80.14997791151897 143.59346777343742 0 233 2.8329 0.0 8.181805246746432 0.0 4.0 
979 7518142.0 98.8350485613775 80.14411303863017 143.59346777343742 0 233 2.8329 0.0 8.181805246746432 0.0 4.0 
980 7518175.3 98.8350485613775 80.14411303863017 143.59346777343742 0 233 2.8329 0.0 8.181805246746432 0.0 4.0 
981 7518208.7 98.8350485613775 80.14411303863017 143.59346777343742 0 233 2.8329 0.0 8.181805246746432 0.0 4.0 
982 7518242.0 98.8350485613775 80.14411303863017 143.59346777343742 0 233 2.8329 0.0 8.181805246746432 0.0 4.0 
983 7518275.3 98.83713786835067 80.13576767687334 143.59346777343742 0 233 2.8329 0.0 8.181805246746432 0.0 4.0 
984 7518308.7 98.83713786835067 80.13576767687334 143.59346777343742 0 233 2.8329 0.0 8.181805246746432 0.0 4.0 
985 7518342.0 98.83713786835067 80.13576767687334 143.59346777343742 0 233 2.8329 0.0 8.181805246746432 0.0 4.0 
986 7518375.3 98.83943564778188 80.13576767687334 143.59346777343742 0 233 2.8329 0.0 8.181805246746432 0.0 4.0 
987 7518408.7 98.83943564778188 80.12745626018221 143.59346777343742 0 233 2.8329 0.0 8.181805246746432 0.0 4.0 
988 7518442.0 98.83943564778188 80.12745626018221 143.59346777343742 0 233 2.8329 0.0 8.181805246746432 0.0 4.0 
989 7518475.3 98.83943564778188 80.12745626018221 143.59346777343742 0 233 2.8329 0.0 8.181805246746432 0.0 4.0 
990 7518508.7 98.84094840703514 80.12745626018221 143.59346777343742 0 233 2.8329 0.0 8.181805246746432 0.0 4.0 
991 7518542.0 98.84094840703514 80.12020915220421 143.59346777343742 0 233 2.8329 0.0 8.181805246746432 0.0 4.0 
992 7518575.3 98.84094840703514 80.12020915220421 143.59346777343742 0 233 2.8329 0.0 8.181805246746432 0.0 4.0 
993 7518608.7 98.84094840703514 80.12020915220421 143.59346777343742 0 233 2.8329 0.0 8.181805246746432 0.0 4.0 
994 7518642.0 98.84281294877846 80.1165791004076 143.59346777343742 0 233 2.8329 0.0 8.181805246746432 0.0 4.0 
995 7518675.4 98.84281294877846 80.1165791004076 143.59346777343742 0 233 2.8329 0.0 8.181805246746432 0.0 4.0 
996 7518708.7 98.84281294877846 80.1165791004076 143.59346777343742 0 233 2.8329 0.0 8.181805246746432 0.0 4.0 
997 7518742.0 98.84281294877846 80.11310495518676 143.59346777343742 0 233 2.8329 0.0 8.181805246746432 0.0 4.0 
998 7518775.4 98.84281294877846 80.11310495518676 143.59346777343742 0 233 2.8329 0.0 8.181805246746432 0.0 4.0 
999 7518808.7 98.84281294877846 80.11310495518676 143.59346777343742 0 233 2.8329 0.0 8.181805246746432 0.0 4.0 
1000 7518842.0 98.84281294877846 80.10812325775485 143.59346777343742 0 233 2.8329 0.0 8.181805246746432 0.0 4.0 
1001 7518875.4 98.84281294877846 80.10812325775485 143.59346777343742 0 233 2.8329 0.0 8.181805246746432 0.0 4.0 
1002 7518908.7 98.84281294877846 80.10812325775485 143.59346777343742 0 233 2.8329 0.0 8.181805246746432 0.0 4.0 
1003 7518942.0 98.84559900048941 80.10543075038417 143.59346777343742 0 233 2.8329 0.0 8.181805246746432 0.0 4.0 
1004 7518975.4 98.84559900048941 80.10543075038417 143.59346777343742 0 233 2.8329 0.0 8.181805246746432 0.0 4.0 
1005 7519008.7 98.84559900048941 80.10543075038417 143.59346777343742 0 233 2.8329 0.0 8.181805246746432 0.0 4.0 
1006 7519042.1 98.84130738918321 80.09777924838839 143.59346777343742 0 233 2.8329 0.0 8.181805246746432 0.0 4.0 
1007 7519075.4 98.84130738918321 80.09777924838839 143.59346777343742 0 233 2.8329 0.0 8.181805246746432 0.0 4.0 
1008 7519108.7 98.84130738918321 80.09777924838839 143.59346777343742 0 233 2.8329 0.0 8.181805246746432 0.0 4.0 
1009 7519142.1 98.84130738918321 80.09777924838839 143.59346777343742 0 233 2.8329 0.0 8.181805246746432 0.0 4.0 
1010 7519175.4 98.83681936740125 80.09777924838839 143.59346777343742 0 233 2.8329 0.0 8.181805246746432 0.0 4.0 
1011 7519208.7 98.83681936740125 80.09271529165976 143.59346777343742 0 233 2.8329 0.0 8.181805246746432 0.0 4.0 
1012 7519242.1 98.83681936740125 80.09271529165976 143.59346777343742 0 233 2.8329 0.0 8.181805246746432 0.0 4.0 
1013 7519275.4 98.83681936740125 80.09271529165976 143.59346777343742 0 233 2.8329 0.0 8.181805246746432 0.0 4.0 
1014 7519308.7 98.83509208022458 80.09271529165976 143.59346777343742 0 233 2.8329 0.0 8.181805246746432 0.0 4.0 
1015 7519342.1 98.83509208022458 80.0912013803711 143.59346777343742 0 233 2.8329 0.0 8.181805246746432 0.0 4.0 
1016 7519375.4 98.83509208022458 80.0912013803711 143.59346777343742 0 233 2.8329 0.0 8.181805246746432 0.0 4.0 
1017 7519408.7 98.8331162435987 80.08947710385219 143.59346777343742 0 233 2.8329 0.0 8.181805246746432 0.0 4.0 
1018 7519442.1 98.8331162435987 80.08947710385219 143.59346777343742 0 233 2.8329 0.0 8.181805246746432 0.0 4.0 
1019 7519475.4 98.8331162435987 80.08947710385219 143.59346777343742 0 233 2.8329 0.0 8.181805246746432 0.0 4.0 
1020 7519508.8 98.8308316926625 80.08947710385219 143.59346777343742 0 233 2.8329 0.0 8.181805246746432 0.0 4.0 
1021 7519542.1 98.8308316926625 80.08123042415716 143.59346777343742 0 233 2.8329 0.0 8.181805246746432 0.0 4.0 
1022 7519575.4 98.8308316926625 80.08123042415716 143.59346777343742 0 233 2.8329 0.0 8.181805246746432 0.0 4.0 
1023 7519608.8 98.8308316926625 80.08123042415716 143.59346777343742 0 233 2.8329 0.0 8.181805246746432 0.0 4.0 
1024 7519642.1 98.8308316926625 80.07883080751508 143.59346777343742 0 233 2.8329 0.0 8.181805246746432 0.0 4.0 
1025 7519675.4 98.8308316926625 80.07883080751508 143.59346777343742 0 233 2.8329 0.0 8.181805246746432 0.0 4.0 
1026 7519708.8 98.8308316926625 80.07883080751508 143.59346777343742 0 233 2.8329 0.0 8.181805246746432 0.0 4.0 
1027 7519742.1 98.83204130538407 80.0759594624214 143.59346777343742 0 233 2.8329 0.0 8.181805246746432 0.0 4.0 
1028 7519775.4 98.83204130538407 80.0759594624214 143.59346777343742 0 233 2.8329 0.0 8.181805246746432 0.0 4.0 
1029 7519808.8 98.83204130538407 80.0759594624214 143.59346777343742 0 233 2.8329 0.0 8.181805246746432 0.0 4.0 
1030 7519842.1 98.83204130538407 80.0759594624214 143.59346777343742 0 233 2.8329 0.0 8.181805246746432 0.0 4.0 
1031 7519875.5 98.83204130538407 80.0759594624214 143.59346777343742 0 233 2.8329 0.0 8.181805246746432 0.0 4.0 
1032 7519908.8 98.83204130538407 80.07381113770923 143.59346777343742 0 233 2.8329 0.0 8.181805246746432 0.0 4.0 
1033 7519942.1 98.83204130538407 80.07381113770923 143.59346777343742 0 233 2.8329 0.0 8.181805246746432 0.0 4.0 
1034 7519975.5 98.83204130538407 80.07058276787346 143.59346777343742 0 233 2.8329 0.0 8.181805246746432 0.0 4.0 
1035 7520008.8 98.83204130538407 80.07058276787346 143.59346777343742 0 233 2.8329 0.0 8.181805246746432 0.0 4.0 
1036 7520042.1 98.83204130538407 80.07058276787346 143.59346777343742 0 233 2.8329 0.0 8.181805246746432 0.0 4.0 
1037 7520075.5 98.83204130538407 80.07254475038309 143.59346777343742 0 233 2.8329 0.0 8.181805246746432 0.0 4.0 
1038 7520108.8 98.83204130538407 80.07254475038309 143.59346777343742 0 233 2.8329 0.0 8.181805246746432 0.0 4.0 
1039 7520142.1 98.83204130538407 80.07254475038309 143.59346777343742 0 233 2.8329 0.0 8.181805246746432 0.0 4.0 
1040 7520175.5 98.83204130538407 80.07693991935996 143.59346777343742 0 233 2.8329 0.0 8.181805246746432 0.0 4.0 
1041 7520208.8 98.83204130538407 80.07693991935996 143.59346777343742 0 233 2.8329 0.0 8.181805246746432 0.0 4.0 
1042 7520242.1 98.83204130538407 80.07693991935996 143.59346777343742 0 233 2.8329 0.0 8.181805246746432 0.0 4.0 
1043 7520275.5 98.82941890550947 80.07693991935996 143.59346777343742 0 233 2.8329 0.0 8.181805246746432 0.0 4.0 
1044 7520308.8 98.82941890550947 80.08219238348681 143.59346777343742 0 233 2.8329 0.0 8.181805246746432 0.0 4.0 
1045 7520342.2 98.82941890550947 80.08219238348681 143.59346777343742 0 233 2.8329 0.0 8.181805246746432 0.0 4.0 
1046 7520375.5 98.82941890550947 80.08219238348681 143.59346777343742 0 233 2.8329 0.0 8.181805246746432 0.0 4.0 
1047 7520408.8 98.81936223506453 80.08219238348681 143.59346777343742 0 233 2.8329 0.0 8.181805246746432 0.0 4.0 
1048 7520442.2 98.81936223506453 80.08219238348681 143.59346777343742 0 233 2.8329 0.0 8.181805246746432 0.0 4.0 
1049 7520475.5 98.81936223506453 80.08219238348681 143.59346777343742 0 233 2.8329 0.0 8.181805246746432 0.0 4.0 
1050 7520508.8 98.81936223506453 80.08219238348681 143.59346777343742 0 233 2.8329 0.0 8.181805246746432 0.0 4.0 
1051 7520542.2 98.8163765413672 80.08935954583555 143.59346777343742 0 233 2.8329 0.0 8.181805246746432 0.0 4.0 
1052 7520575.5 98.8163765413672 80.08935954583555 143.59346777343742 0 233 2.8329 0.0 8.181805246746432 0.0 4.0 
1053 7520608.8 98.8163765413672 80.08935954583555 143.59346777343742 0 233 2.8329 0.0 8.181805246746432 0.0 4.0 
1054 7520642.2 98.82094863619001 80.08935954583555 143.59346777343742 0 233 2.8329 0.0 8.181805246746432 0.0 4.0 
1055 7520675.5 98.82094863619001 80.09471123756379 143.59346777343742 0 233 2.8329 0.0 8.181805246746432 0.0 4.0 
1056 7520708.9 98.82094863619001 80.09471123756379 143.59346777343742 0 233 2.8329 0.0 8.181805246746432 0.0 4.0 
1057 7520742.2 98.82094863619001 80.09471123756379 143.59346777343742 0 233 2.8329 0.0 8.181805246746432 0.0 4.0 
1058 7520775.5 98.82094863619001 80.10895998677486 143.59346777343742 0 233 2.8329 0.0 8.181805246746432 0.0 4.0 
1059 7520808.9 98.82094863619001 80.10895998677486 143.59346777343742 0 233 2.8329 0.0 8.181805246746432 0.0 4.0 
1060 7520842.2 98.82094863619001 80.10895998677486 143.59346777343742 0 233 2.8329 0.0 8.181805246746432 0.0 4.0 
1061 7520875.5 98.8131061306728 80.10895998677486 143.59346777343742 0 233 2.8329 0.0 8.181805246746432 0.0 4.0 
1062 7520908.9 98.8131061306728 80.12238507486182 143.59346777343742 0 233 2.8329 0.0 8.181805246746432 0.0 4.0 
1063 7520942.2 98.8131061306728 80.12238507486182 143.59346777343742 0 233 2.8329 0.0 8.181805246746432 0.0 4.0 
1064 7520975.5 98.8131061306728 80.12238507486182 143.59346777343742 0 233 2.8329 0.0 8.181805246746432 0.0 4.0 
1065 7521008.9 98.80539043866207 80.12721161503026 143.59346777343742 0 233 2.8329 0.0 8.181805246746432 0.0 4.0 
1066 7521042.2 98.80539043866207 80.12721161503026 143.59346777343742 0 233 2.8329 0.0 8.181805246746432 0.0 4.0 
1067 7521075.5 98.80539043866207 80.12721161503026 143.59346777343742 0 233 2.8329 0.0 8.181805246746432 0.0 4.0 
1068 7521108.9 98.80539043866207 80.12721161503026 143.59346777343742 0 233 2.8329 0.0 8.181805246746432 0.0 4.0 
1069 7521142.2 98.80152382575375 80.12721161503026 143.59346777343742 0 233 2.8329 0.0 8.181805246746432 0.0 4.0 
1070 7521175.6 98.80152382575375 80.13108800587732 143.59346777343742 0 233 2.8329 0.0 8.181805246746432 0.0 4.0 
1071 7521208.9 98.80152382575375 80.13108800587732 143.59346777343742 0 233 2.8329 0.0 8.181805246746432 0.0 4.0 
1072 7521242.2 98.80152382575375 80.13108800587732 143.59346777343742 0 233 2.8329 0.0 8.181805246746432 0.0 4.0 
1073 7521275.6 98.79735831992197 80.13994518757391 143.59346777343742 0 233 2.8329 0.0 8.181805246746432 0.0 4.0 
1074 7521308.9 98.79735831992197 80.13994518757391 143.59346777343742 0 233 2.8329 0.0 8.181805246746432 0.0 4.0 
1075 7521342.2 98.79735831992197 80.13994518757391 143.59346777343742 0 233 2.8329 0.0 8.181805246746432 0.0 4.0 
1076 7521375.6 98.79448421619868 80.147683322317 143.59346777343742 0 233 2.8329 0.0 8.181805246746432 0.0 4.0 
1077 7521408.9 98.79448421619868 80.147683322317 143.59346777343742 0 233 2.8329 0.0 8.181805246746432 0.0 4.0 
1078 7521442.2 98.79448421619868 80.147683322317 143.59346777343742 0 233 2.8329 0.0 8.181805246746432 0.0 4.0 
1079 7521475.6 98.79448421619868 80.147683322317 143.59346777343742 0 233 2.8329 0.0 8.181805246746432 0.0 4.0 
1080 7521508.9 98.79201546455681 80.147683322317 143.59346777343742 0 233 2.8329 0.0 8.181805246746432 0.0 4.0 
1081 7521542.3 98.79201546455681 80.15430346067626 143.59346777343742 0 233 2.8329 0.0 8.181805246746432 0.0 4.0 
1082 7521575.6 98.79201546455681 80.15430346067626 143.59346777343742 0 233 2.8329 0.0 8.181805246746432 0.0 4.0 
1083 7521608.9 98.79201546455681 80.15430346067626 143.59346777343742 0 233 2.8329 0.0 8.181805246746432 0.0 4.0 
1084 7521642.3 98.78821588198701 80.15430346067626 143.59346777343742 0 233 2.8329 0.0 8.181805246746432 0.0 4.0 
1085 7521675.6 98.78821588198701 80.16452354401856 143.59346777343742 0 233 2.8329 0.0 8.181805246746432 0.0 4.0 
1086 7521708.9 98.78821588198701 80.16452354401856 143.59346777343742 0 233 2.8329 0.0 8.181805246746432 0.0 4.0 
1087 7521742.3 98.78821588198701 80.16452354401856 143.59346777343742 0 233 2.8329 0.0 8.181805246746432 0.0 4.0 
1088 7521775.6 98.78652064540445 80.16968443034945 143.59346777343742 0 233 2.8329 0.0 8.181805246746432 0.0 4.0 
1089 7521808.9 98.78652064540445 80.16968443034945 143.59346777343742 0 233 2.8329 0.0 8.181805246746432 0.0 4.0 
1090 7521842.3 98.78652064540445 80.16968443034945 143.59346777343742 0 233 2.8329 0.0 8.181805246746432 0.0 4.0 
1091 7521875.6 98.78652064540445 80.17524452490859 143.59346777343742 0 233 2.8329 0.0 8.181805246746432 0.0 4.0 
1092 7521908.9 98.78652064540445 80.17524452490859 143.59346777343742 0 233 2.8329 0.0 8.181805246746432 0.0 4.0 
1093 7521942.3 98.78652064540445 80.17524452490859 143.59346777343742 0 233 2.8329 0.0 8.181805246746432 0.0 4.0 
1094 7521975.6 98.78492631316732 80.17524452490859 143.59346777343742 0 233 2.8329 0.0 8.181805246746432 0.0 4.0 
1095 7522009.0 98.78492631316732 80.18020879035113 143.59346777343742 0 233 2.8329 0.0 8.181805246746432 0.0 4.0 
1096 7522042.3 98.78492631316732 80.18020879035113 143.59346777343742 0 233 2.8329 0.0 8.181805246746432 0.0 4.0 
1097 7522075.6 98.78492631316732 80.18020879035113 143.59346777343742 0 233 2.8329 0.0 8.181805246746432 0.0 4.0 
1098 7522109.0 98.78121410841548 80.18461373176157 143.59346777343742 0 233 2.8329 0.0 8.181805246746432 0.0 4.0 
1099 7522142.3 98.78121410841548 80.18461373176157 143.59346777343742 0 233 2.8329 0.0 8.181805246746432 0.0 4.0 
1100 7522175.6 98.78121410841548 80.18461373176157 143.59346777343742 0 233 2.8329 0.0 8.181805246746432 0.0 4.0 
1101 7522209.0 98.77640372600675 80.18790903476503 143.59346777343742 0 233 2.8329 0.0 8.181805246746432 0.0 4.0 
1102 7522242.3 98.77640372600675 80.18790903476503 143.59346777343742 0 233 2.8329 0.0 8.181805246746432 0.0 4.0 
1103 7522275.6 98.77640372600675 80.18790903476503 143.59346777343742 0 233 2.8329 0.0 8.181805246746432 0.0 4.0 
1104 7522309.0 98.77640372600675 80.18790903476503 143.59346777343742 0 233 2.8329 0.0 8.181805246746432 0.0 4.0 
1105 7522342.3 98.77741019138584 80.18790903476503 143.59346777343742 0 233 2.8329 0.0 8.181805246746432 0.0 4.0 
1106 7522375.7 98.77741019138584 80.18401955007187 143.59346777343742 0 233 2.8329 0.0 8.181805246746432 0.0 4.0 
1107 7522409.0 98.77741019138584 80.18401955007187 143.59346777343742 0 233 2.8329 0.0 8.181805246746432 0.0 4.0 
1108 7522442.3 98.77741019138584 80.18401955007187 143.59346777343742 0 233 2.8329 0.0 8.181805246746432 0.0 4.0 
1109 7522475.7 98.77874369174384 80.17866192482816 143.59346777343742 0 233 2.8329 0.0 8.181805246746432 0.0 4.0 
1110 7522509.0 98.77874369174384 80.17866192482816 143.59346777343742 0 233 2.8329 0.0 8.181805246746432 0.0 4.0 
1111 7522542.3 98.77874369174384 80.17866192482816 143.59346777343742 0 233 2.8329 0.0 8.181805246746432 0.0 4.0 
1112 7522575.7 98.78397681329422 80.17050282035612 143.59346777343742 0 233 2.8329 0.0 8.181805246746432 0.0 4.0 
1113 7522609.0 98.78397681329422 80.17050282035612 143.59346777343742 0 233 2.8329 0.0 8.181805246746432 0.0 4.0 
1114 7522642.3 98.78397681329422 80.17050282035612 143.59346777343742 0 233 2.8329 0.0 8.181805246746432 0.0 4.0 
1115 7522675.7 98.7901858373747 80.16598964926699 143.59346777343742 0 233 2.8329 0.0 8.181805246746432 0.0 4.0 
1116 7522709.0 98.7901858373747 80.16598964926699 143.59346777343742 0 233 2.8329 0.0 8.181805246746432 0.0 4.0 
1117 7522742.3 98.7901858373747 80.16598964926699 143.59346777343742 0 233 2.8329 0.0 8.181805246746432 0.0 4.0 
1118 7522775.7 98.79307340368004 80.16345745682943 143.59346777343742 0 233 2.8329 0.0 8.181805246746432 0.0 4.0 
1119 7522809.0 98.79307340368004 80.16345745682943 143.59346777343742 0 233 2.8329 0.0 8.181805246746432 0.0 4.0 
1120 7522842.4 98.79307340368004 80.16345745682943 143.59346777343742 0 233 2.8329 0.0 8.181805246746432 0.0 4.0 
1121 7522875.7 98.79581698376587 80.16345745682943 143.59346777343742 0 233 2.8329 0.0 8.181805246746432 0.0 4.0 
1122 7522909.0 98.79581698376587 80.15954222204581 143.59346777343742 0 233 2.8329 0.0 8.181805246746432 0.0 4.0 
1123 7522942.4 98.79581698376587 80.15954222204581 143.59346777343742 0 233 2.8329 0.0 8.181805246746432 0.0 4.0 
1124 7522975.7 98.79857586618894 80.15954222204581 143.59346777343742 0 233 2.8329 0.0 8.181805246746432 0.0 4.0 
1125 7523009.0 98.79857586618894 80.15610884775684 143.59346777343742 0 233 2.8329 0.0 8.181805246746432 0.0 4.0 
1126 7523042.4 98.79857586618894 80.15610884775684 143.59346777343742 0 233 2.8329 0.0 8.181805246746432 0.0 4.0 
1127 7523075.7 98.79857586618894 80.15610884775684 143.59346777343742 0 233 2.8329 0.0 8.181805246746432 0.0 4.0 
1128 7523109.0 98.80131207513934 80.15400049223095 143.59346777343742 0 233 2.8329 0.0 8.181805246746432 0.0 4.0 
1129 7523142.4 98.80131207513934 80.15400049223095 143.59346777343742 0 233 2.8329 0.0 8.181805246746432 0.0 4.0 
1130 7523175.7 98.80131207513934 80.15400049223095 143.59346777343742 0 233 2.8329 0.0 8.181805246746432 0.0 4.0 
1131 7523209.1 98.8027343831621 80.15267824100269 143.59346777343742 0 233 2.8329 0.0 8.181805246746432 0.0 4.0 
1132 7523242.4 98.8027343831621 80.15267824100269 143.59346777343742 0 233 2.8329 0.0 8.181805246746432 0.0 4.0 
1133 7523275.7 98.8027343831621 80.15267824100269 143.59346777343742 0 233 2.8329 0.0 8.181805246746432 0.0 4.0 
1134 7523309.1 98.80963809358191 80.15267824100269 143.59346777343742 0 233 2.8329 0.0 8.181805246746432 0.0 4.0 
1135 7523342.4 98.80963809358191 80.14765430632329 143.59346777343742 0 233 2.8329 0.0 8.181805246746432 0.0 4.0 
1136 7523375.7 98.80963809358191 80.14765430632329 143.59346777343742 0 233 2.8329 0.0 8.181805246746432 0.0 4.0 
1137 7523409.1 98.80963809358191 80.14765430632329 143.59346777343742 0 233 2.8329 0.0 8.181805246746432 0.0 4.0 
1138 7523442.4 98.81821100090889 80.14428525090322 143.59346777343742 0 233 2.8329 0.0 8.181805246746432 0.0 4.0 
1139 7523475.7 98.81821100090889 80.14428525090322 143.59346777343742 0 233 2.8329 0.0 8.181805246746432 0.0 4.0 
1140 7523509.1 98.81821100090889 80.14428525090322 143.59346777343742 0 233 2.8329 0.0 8.181805246746432 0.0 4.0 
1141 7523542.4 98.81821100090889 80.14428525090322 143.59346777343742 0 233 2.8329 0.0 8.181805246746432 0.0 4.0 
1142 7523575.7 98.82224066326636 80.14428525090322 143.59346777343742 0 233 2.8329 0.0 8.181805246746432 0.0 4.0 
1143 7523609.1 98.82224066326636 80.14312624039316 143.59346777343742 0 233 2.8329 0.0 8.181805246746432 0.0 4.0 
1144 7523642.4 98.82224066326636 80.14312624039316 143.59346777343742 0 233 2.8329 0.0 8.181805246746432 0.0 4.0 
1145 7523675.8 98.82224066326636 80.14312624039316 143.59346777343742 0 233 2.8329 0.0 8.181805246746432 0.0 4.0 
1146 7523709.1 98.82833304898793 80.14312624039316 143.59346777343742 0 233 2.8329 0.0 8.181805246746432 0.0 4.0 
1147 7523742.4 98.82833304898793 80.13896190189311 143.59346777343742 0 233 2.8329 0.0 8.181805246746432 0.0 4.0 
1148 7523775.8 98.82833304898793 80.13896190189311 143.59346777343742 0 233 2.8329 0.0 8.181805246746432 0.0 4.0 
1149 7523809.1 98.82958250473858 80.13896190189311 143.59346777343742 0 233 2.8329 0.0 8.181805246746432 0.0 4.0 
1150 7523842.4 98.82958250473858 80.13699963928748 143.59346777343742 0 233 2.8329 0.0 8.181805246746432 0.0 4.0 
1151 7523875.8 98.83089602694513 80.13515068166072 143.59346777343742 0 233 2.8329 0.0 8.181805246746432 0.0 4.0 
1152 7523909.1 98.83089602694513 80.13515068166072 143.59346777343742 0 233 2.8329 0.0 8.181805246746432 0.0 4.0 
1153 7523942.4 98.83089602694513 80.13515068166072 143.59346777343742 0 233 2.8329 0.0 8.181805246746432 0.0 4.0 
1154 7523975.8 98.8324590226724 80.13373342870604 143.59346777343742 0 233 2.8329 0.0 8.181805246746432 0.0 4.0 
1155 7524009.1 98.8324590226724 80.13373342870604 143.59346777343742 0 233 2.8329 0.0 8.181805246746432 0.0 4.0 
1156 7524042.5 98.8324590226724 80.13373342870604 143.59346777343742 0 233 2.8329 0.0 8.181805246746432 0.0 4.0 
1157 7524075.8 98.8300575330718 80.13373342870604 143.59346777343742 0 233 2.8329 0.0 8.181805246746432 0.0 4.0 
1158 7524109.1 98.8300575330718 80.13373342870604 143.59346777343742 0 233 2.8329 0.0 8.181805246746432 0.0 4.0 
1159 7524142.5 98.8300575330718 80.13373342870604 143.59346777343742 0 233 2.8329 0.0 8.181805246746432 0.0 4.0 
1160 7524175.8 98.82900454956084 80.13373342870604 143.59346777343742 0 233 2.8329 0.0 8.181805246746432 0.0 4.0 
1161 7524209.1 98.82900454956084 80.13131034101599 143.59346777343742 0 233 2.8329 0.0 8.181805246746432 0.0 4.0 
1162 7524242.5 98.82900454956084 80.13131034101599 143.59346777343742 0 233 2.8329 0.0 8.181805246746432 0.0 4.0 
1163 7524275.8 98.82900454956084 80.13131034101599 143.59346777343742 0 233 2.8329 0.0 8.181805246746432 0.0 4.0 
1164 7524309.1 98.82900454956084 80.13131034101599 143.59346777343742 0 233 2.8329 0.0 8.181805246746432 0.0 4.0 
1165 7524342.5 98.82900454956084 80.13131034101599 143.59346777343742 0 233 2.8329 0.0 8.181805246746432 0.0 4.0 
1166 7524375.8 98.83089717320478 80.13017644303781 143.59346777343742 0 233 2.8329 0.0 8.181805246746432 0.0 4.0 
1167 7524409.1 98.83089717320478 80.13017644303781 143.59346777343742 0 233 2.8329 0.0 8.181805246746432 0.0 4.0 
1168 7524442.5 98.83089717320478 80.13017644303781 143.59346777343742 0 233 2.8329 0.0 8.181805246746432 0.0 4.0 
1169 7524475.8 98.83524370075699 80.13017644303781 143.59346777343742 0 233 2.8329 0.0 8.181805246746432 0.0 4.0 
1170 7524509.2 98.83524370075699 80.13017644303781 143.59346777343742 0 233 2.8329 0.0 8.181805246746432 0.0 4.0 
1171 7524542.5 98.83524370075699 80.13017644303781 143.59346777343742 0 233 2.8329 0.0 8.181805246746432 0.0 4.0 
1172 7524575.8 98.84144802829006 80.13017644303781 143.59346777343742 0 233 2.8329 0.0 8.181805246746432 0.0 4.0 
1173 7524609.2 98.84144802829006 80.13017644303781 143.59346777343742 0 233 2.8329 0.0 8.181805246746432 0.0 4.0 
1174 7524642.5 98.84144802829006 80.13017644303781 143.59346777343742 0 233 2.8329 0.0 8.181805246746432 0.0 4.0 
1175 7524675.8 98.84410745634628 80.1318361642561 143.59346777343742 0 233 2.8329 0.0 8.181805246746432 0.0 4.0 
1176 7524709.2 98.84410745634628 80.1318361642561 143.59346777343742 0 233 2.8329 0.0 8.181805246746432 0.0 4.0 
1177 7524742.5 98.84529135740217 80.13596991974262 143.59346777343742 0 233 2.8329 0.0 8.181805246746432 0.0 4.0 
1178 7524775.8 98.84529135740217 80.13596991974262 143.59346777343742 0 233 2.8329 0.0 8.181805246746432 0.0 4.0 
1179 7524809.2 98.84529135740217 80.13596991974262 143.59346777343742 0 233 2.8329 0.0 8.181805246746432 0.0 4.0 
1180 7524842.5 98.8472836748666 80.13596991974262 143.59346777343742 0 233 2.8329 0.0 8.181805246746432 0.0 4.0 
1181 7524875.9 98.8472836748666 80.13975948375946 143.59346777343742 0 233 2.8329 0.0 8.181805246746432 0.0 4.0 
1182 7524909.2 98.8472836748666 80.13975948375946 143.59346777343742 0 233 2.8329 0.0 8.181805246746432 0.0 4.0 
1183 7524942.5 98.8472836748666 80.13975948375946 143.59346777343742 0 233 2.8329 0.0 8.181805246746432 0.0 4.0 
1184 7524975.9 98.85170470060386 80.13975948375946 143.59346777343742 0 233 2.8329 0.0 8.181805246746432 0.0 4.0 
1185 7525009.2 98.85170470060386 80.14416907247211 143.59346777343742 0 233 2.8329 0.0 8.181805246746432 0.0 4.0 
1186 7525042.5 98.85170470060386 80.14416907247211 143.59346777343742 0 233 2.8329 0.0 8.181805246746432 0.0 4.0 
1187 7525075.9 98.86094928882127 80.14665483643535 143.59346777343742 0 233 2.8329 0.0 8.181805246746432 0.0 4.0 
1188 7525109.2 98.86094928882127 80.14665483643535 143.59346777343742 0 233 2.8329 0.0 8.181805246746432 0.0 4.0 
1189 7525142.5 98.86094928882127 80.14665483643535 143.59346777343742 0 233 2.8329 0.0 8.181805246746432 0.0 4.0 
1190 7525175.9 98.86694855665954 80.14665483643535 143.59346777343742 0 233 2.8329 0.0 8.181805246746432 0.0 4.0 
1191 7525209.2 98.86694855665954 80.14665483643535 143.59346777343742 0 233 2.8329 0.0 8.181805246746432 0.0 4.0 
1192 7525242.5 98.86694855665954 80.14665483643535 143.59346777343742 0 233 2.8329 0.0 8.181805246746432 0.0 4.0 
1193 7525275.9 98.8719788281158 80.14665483643535 143.59346777343742 0 233 2.8329 0.0 8.181805246746432 0.0 4.0 
1194 7525309.2 98.8719788281158 80.14665483643535 143.59346777343742 0 233 2.8329 0.0 8.181805246746432 0.0 4.0 
1195 7525342.6 98.87470944996254 80.14665483643535 143.59346777343742 0 233 2.8329 0.0 8.181805246746432 0.0 4.0 
1196 7525375.9 98.87470944996254 80.14551315489187 143.59346777343742 0 233 2.8329 0.0 8.181805246746432 0.0 4.0 
1197 7525409.2 98.87470944996254 80.14551315489187 143.59346777343742 0 233 2.8329 0.0 8.181805246746432 0.0 4.0 
1198 7525442.6 98.87885285385173 80.14372840283119 143.59346777343742 0 233 2.8329 0.0 8.181805246746432 0.0 4.0 
1199 7525475.9 98.87885285385173 80.14372840283119 143.59346777343742 0 233 2.8329 0.0 8.181805246746432 0.0 4.0 
1200 7525509.2 98.87885285385173 80.14372840283119 143.59346777343742 0 233 2.8329 0.0 8.181805246746432 0.0 4.0 
1201 7525542.6 98.87885285385173 80.14372840283119 143.59346777343742 0 233 2.8329 0.0 8.181805246746432 0.0 4.0 
1202 7525575.9 98.88235063332371 80.14372840283119 143.59346777343742 0 233 2.8329 0.0 8.181805246746432 0.0 4.0 
1203 7525609.2 98.88235063332371 80.14180187348903 143.59346777343742 0 233 2.8329 0.0 8.181805246746432 0.0 4.0 
1204 7525642.6 98.88235063332371 80.14180187348903 143.59346777343742 0 233 2.8329 0.0 8.181805246746432 0.0 4.0 
1205 7525675.9 98.88235063332371 80.14180187348903 143.59346777343742 0 233 2.8329 0.0 8.181805246746432 0.0 4.0 
1206 7525709.3 98.8871900678872 80.14180187348903 143.59346777343742 0 233 2.8329 0.0 8.181805246746432 0.0 4.0 
1207 7525742.6 98.8871900678872 80.14030602375969 143.59346777343742 0 233 2.8329 0.0 8.181805246746432 0.0 4.0 
1208 7525775.9 98.8871900678872 80.14030602375969 143.59346777343742 0 233 2.8329 0.0 8.181805246746432 0.0 4.0 
1209 7525809.3 98.8871900678872 80.14030602375969 143.59346777343742 0 233 2.8329 0.0 8.181805246746432 0.0 4.0 
1210 7525842.6 98.8897021014848 80.14030602375969 143.59346777343742 0 233 2.8329 0.0 8.181805246746432 0.0 4.0 
1211 7525875.9 98.8897021014848 80.14030602375969 143.59346777343742 0 233 2.8329 0.0 8.181805246746432 0.0 4.0 
1212 7525909.3 98.8897021014848 80.14030602375969 143.59346777343742 0 233 2.8329 0.0 8.181805246746432 0.0 4.0 
1213 7525942.6 98.89379341434936 80.1390620229912 143.59346777343742 0 233 2.8329 0.0 8.181805246746432 0.0 4.0 
1214 7525975.9 98.89379341434936 80.1390620229912 143.59346777343742 0 233 2.8329 0.0 8.181805246746432 0.0 4.0 
1215 7526009.3 98.89601705359303 80.1390620229912 143.59346777343742 0 233 2.8329 0.0 8.181805246746432 0.0 4.0 
1216 7526042.6 98.89601705359303 80.13767996642636 143.59346777343742 0 233 2.8329 0.0 8.181805246746432 0.0 4.0 
1217 7526075.9 98.89601705359303 80.13767996642636 143.59346777343742 0 233 2.8329 0.0 8.181805246746432 0.0 4.0 
1218 7526109.3 98.89601705359303 80.13767996642636 143.59346777343742 0 233 2.8329 0.0 8.181805246746432 0.0 4.0 
1219 7526142.6 98.8977477137194 80.13767996642636 143.59346777343742 0 233 2.8329 0.0 8.181805246746432 0.0 4.0 
1220 7526176.0 98.8977477137194 80.13660281418849 143.59346777343742 0 233 2.8329 0.0 8.181805246746432 0.0 4.0 
1221 7526209.3 98.8977477137194 80.13660281418849 143.59346777343742 0 233 2.8329 0.0 8.181805246746432 0.0 4.0 
1222 7526242.6 98.89969427079085 80.13543607135789 143.59346777343742 0 233 2.8329 0.0 8.181805246746432 0.0 4.0 
1223 7526276.0 98.89969427079085 80.13543607135789 143.59346777343742 0 233 2.8329 0.0 8.181805246746432 0.0 4.0 
1224 7526309.3 98.89969427079085 80.13543607135789 143.59346777343742 0 233 2.8329 0.0 8.181805246746432 0.0 4.0 
1225 7526342.6 98.90191404446242 80.13431395188123 143.59346777343742 0 233 2.8329 0.0 8.181805246746432 0.0 4.0 
1226 7526376.0 98.90191404446242 80.13431395188123 143.59346777343742 0 233 2.8329 0.0 8.181805246746432 0.0 4.0 
1227 7526409.3 98.90191404446242 80.13431395188123 143.59346777343742 0 233 2.8329 0.0 8.181805246746432 0.0 4.0 
1228 7526442.6 98.90335976773619 80.13431395188123 143.59346777343742 0 233 2.8329 0.0 8.181805246746432 0.0 4.0 
1229 7526476.0 98.90335976773619 80.13291122184701 143.59346777343742 0 233 2.8329 0.0 8.181805246746432 0.0 4.0 
1230 7526509.3 98.90335976773619 80.13291122184701 143.59346777343742 0 233 2.8329 0.0 8.181805246746432 0.0 4.0 
1231 7526542.7 98.9051100874065 80.13291122184701 143.59346777343742 0 233 2.8329 0.0 8.181805246746432 0.0 4.0 
1232 7526576.0 98.9051100874065 80.13132234022042 143.59346777343742 0 233 2.8329 0.0 8.181805246746432 0.0 4.0 
1233 7526609.3 98.9051100874065 80.13132234022042 143.59346777343742 0 233 2.8329 0.0 8.181805246746432 0.0 4.0 
1234 7526642.7 98.90780436673955 80.13132234022042 143.59346777343742 0 233 2.8329 0.0 8.181805246746432 0.0 4.0 
1235 7526676.0 98.90780436673955 80.13132234022042 143.59346777343742 0 233 2.8329 0.0 8.181805246746432 0.0 4.0 
1236 7526709.3 98.91037444970203 80.13132234022042 143.59346777343742 0 233 2.8329 0.0 8.181805246746432 0.0 4.0 
1237 7526742.7 98.91037444970203 80.13132234022042 143.59346777343742 0 233 2.8329 0.0 8.181805246746432 0.0 4.0 
1238 7526776.0 98.91037444970203 80.13132234022042 143.59346777343742 0 233 2.8329 0.0 8.181805246746432 0.0 4.0 
1239 7526809.3 98.91037444970203 80.13005030022305 143.59346777343742 0 233 2.8329 0.0 8.181805246746432 0.0 4.0 
1240 7526842.7 98.91037444970203 80.13005030022305 143.59346777343742 0 233 2.8329 0.0 8.181805246746432 0.0 4.0 
1241 7526876.0 98.91037444970203 80.13005030022305 143.59346777343742 0 233 2.8329 0.0 8.181805246746432 0.0 4.0 
1242 7526909.3 98.91147239150241 80.13005030022305 143.59346777343742 0 233 2.8329 0.0 8.181805246746432 0.0 4.0 
1243 7526942.7 98.91147239150241 80.13005030022305 143.59346777343742 0 233 2.8329 0.0 8.181805246746432 0.0 4.0 
1244 7526976.0 98.91147239150241 80.13005030022305 143.59346777343742 0 233 2.8329 0.0 8.181805246746432 0.0 4.0 
1245 7527009.4 98.91147239150241 80.12881008858274 143.59346777343742 0 233 2.8329 0.0 8.181805246746432 0.0 4.0 
1246 7527042.7 98.91147239150241 80.12881008858274 143.59346777343742 0 233 2.8329 0.0 8.181805246746432 0.0 4.0 
1247 7527076.0 98.91147239150241 80.12759794020099 143.59346777343742 0 233 2.8329 0.0 8.181805246746432 0.0 4.0 
1248 7527109.4 98.91147239150241 80.12759794020099 143.59346777343742 0 233 2.8329 0.0 8.181805246746432 0.0 4.0 
1249 7527142.7 98.913075661232 80.12759794020099 143.59346777343742 0 233 2.8329 0.0 8.181805246746432 0.0 4.0 
1250 7527176.0 98.913075661232 80.12759794020099 143.59346777343742 0 233 2.8329 0.0 8.181805246746432 0.0 4.0 
1251 7527209.4 98.913075661232 80.12759794020099 143.59346777343742 0 233 2.8329 0.0 8.181805246746432 0.0 4.0 
1252 7527242.7 98.9108120965613 80.12759794020099 143.59346777343742 0 233 2.8329 0.0 8.181805246746432 0.0 4.0 
1253 7527276.0 98.9108120965613 80.12759794020099 143.59346777343742 0 233 2.8329 0.0 8.181805246746432 0.0 4.0 
1254 7527309.4 98.9108120965613 80.12759794020099 143.59346777343742 0 233 2.8329 0.0 8.181805246746432 0.0 4.0 
1255 7527342.7 98.89848870543565 80.12464090987457 143.59346777343742 0 233 2.8329 0.0 8.181805246746432 0.0 4.0 
1256 7527376.1 98.89848870543565 80.12464090987457 143.59346777343742 0 233 2.8329 0.0 8.181805246746432 0.0 4.0 
1257 7527409.4 98.89848870543565 80.12464090987457 143.59346777343742 0 233 2.8329 0.0 8.181805246746432 0.0 4.0 
1258 7527442.7 98.870501647755 80.12176886106552 143.59346777343742 0 233 2.8329 0.0 8.181805246746432 0.0 4.0 
1259 7527476.1 98.870501647755 80.12176886106552 143.59346777343742 0 233 2.8329 0.0 8.181805246746432 0.0 4.0 
1260 7527509.4 98.870501647755 80.12176886106552 143.59346777343742 0 233 2.8329 0.0 8.181805246746432 0.0 4.0 
1261 7527542.7 98.8489087803438 80.12176886106552 143.59346777343742 0 233 2.8329 0.0 8.181805246746432 0.0 4.0 
1262 7527576.1 98.8489087803438 80.12176886106552 143.59346777343742 0 233 2.8329 0.0 8.181805246746432 0.0 4.0 
1263 7527609.4 98.8489087803438 80.12176886106552 143.59346777343742 0 233 2.8329 0.0 8.181805246746432 0.0 4.0 
1264 7527642.7 98.8335162798919 80.12176886106552 143.59346777343742 0 233 2.8329 0.0 8.181805246746432 0.0 4.0 
1265 7527676.1 98.8335162798919 80.1236777294743 143.59346777343742 0 233 2.8329 0.0 8.181805246746432 0.0 4.0 
1266 7527709.4 98.8335162798919 80.1236777294743 143.59346777343742 0 233 2.8329 0.0 8.181805246746432 0.0 4.0 
1267 7527742.7 98.82038340577756 80.1236777294743 143.59346777343742 0 233 2.8329 0.0 8.181805246746432 0.0 4.0 
1268 7527776.1 98.82038340577756 80.12763494119957 143.59346777343742 0 233 2.8329 0.0 8.181805246746432 0.0 4.0 
1269 7527809.4 98.82038340577756 80.12763494119957 143.59346777343742 0 233 2.8329 0.0 8.181805246746432 0.0 4.0 
1270 7527842.8 98.82038340577756 80.12763494119957 143.59346777343742 0 233 2.8329 0.0 8.181805246746432 0.0 4.0 
1271 7527876.1 98.80756991181991 80.13493328590894 143.59346777343742 0 233 2.8329 0.0 8.181805246746432 0.0 4.0 
1272 7527909.4 98.80756991181991 80.13493328590894 143.59346777343742 0 233 2.8329 0.0 8.181805246746432 0.0 4.0 
1273 7527942.8 98.80756991181991 80.13493328590894 143.59346777343742 0 233 2.8329 0.0 8.181805246746432 0.0 4.0 
1274 7527976.1 98.80756991181991 80.13493328590894 143.59346777343742 0 233 2.8329 0.0 8.181805246746432 0.0 4.0 
1275 7528009.4 98.79798552376468 80.13493328590894 143.59346777343742 0 233 2.8329 0.0 8.181805246746432 0.0 4.0 
1276 7528042.8 98.79798552376468 80.13831666756576 143.59346777343742 0 233 2.8329 0.0 8.181805246746432 0.0 4.0 
1277 7528076.1 98.79798552376468 80.13831666756576 143.59346777343742 0 233 2.8329 0.0 8.181805246746432 0.0 4.0 
1278 7528109.4 98.79798552376468 80.13831666756576 143.59346777343742 0 233 2.8329 0.0 8.181805246746432 0.0 4.0 
1279 7528142.8 98.78802703364049 80.13831666756576 143.59346777343742 0 233 2.8329 0.0 8.181805246746432 0.0 4.0 
1280 7528176.1 98.78802703364049 80.14652159274499 143.59346777343742 0 233 2.8329 0.0 8.181805246746432 0.0 4.0 
1281 7528209.5 98.78802703364049 80.14652159274499 143.59346777343742 0 233 2.8329 0.0 8.181805246746432 0.0 4.0 
1282 7528242.8 98.78802703364049 80.14652159274499 143.59346777343742 0 233 2.8329 0.0 8.181805246746432 0.0 4.0 
1283 7528276.1 98.77567991248213 80.15623782416682 143.59346777343742 0 233 2.8329 0.0 8.181805246746432 0.0 4.0 
1284 7528309.5 98.77567991248213 80.15623782416682 143.59346777343742 0 233 2.8329 0.0 8.181805246746432 0.0 4.0 
1285 7528342.8 98.77567991248213 80.15623782416682 143.59346777343742 0 233 2.8329 0.0 8.181805246746432 0.0 4.0 
1286 7528376.1 98.7688902410698 80.15623782416682 143.59346777343742 0 233 2.8329 0.0 8.181805246746432 0.0 4.0 
1287 7528409.5 98.7688902410698 80.16269165995456 143.59346777343742 0 233 2.8329 0.0 8.181805246746432 0.0 4.0 
1288 7528442.8 98.7688902410698 80.16269165995456 143.59346777343742 0 233 2.8329 0.0 8.181805246746432 0.0 4.0 
1289 7528476.1 98.7688902410698 80.16269165995456 143.59346777343742 0 233 2.8329 0.0 8.181805246746432 0.0 4.0 
1290 7528509.5 98.76186541312977 80.16269165995456 143.59346777343742 0 233 2.8329 0.0 8.181805246746432 0.0 4.0 
1291 7528542.8 98.76186541312977 80.17245979361901 143.59346777343742 0 233 2.8329 0.0 8.181805246746432 0.0 4.0 
1292 7528576.1 98.76186541312977 80.17245979361901 143.59346777343742 0 233 2.8329 0.0 8.181805246746432 0.0 4.0 
1293 7528609.5 98.76186541312977 80.17245979361901 143.59346777343742 0 233 2.8329 0.0 8.181805246746432 0.0 4.0 
1294 7528642.8 98.75507943983969 80.18462045449293 143.59346777343742 0 233 2.8329 0.0 8.181805246746432 0.0 4.0 
1295 7528676.2 98.75507943983969 80.18462045449293 143.59346777343742 0 233 2.8329 0.0 8.181805246746432 0.0 4.0 
1296 7528709.5 98.75507943983969 80.18462045449293 143.59346777343742 0 233 2.8329 0.0 8.181805246746432 0.0 4.0 
1297 7528742.8 98.74949174146893 80.18462045449293 143.59346777343742 0 233 2.8329 0.0 8.181805246746432 0.0 4.0 
1298 7528776.2 98.74949174146893 80.19467774015192 143.59346777343742 0 233 2.8329 0.0 8.181805246746432 0.0 4.0 
1299 7528809.5 98.74949174146893 80.19467774015192 143.59346777343742 0 233 2.8329 0.0 8.181805246746432 0.0 4.0 
1300 7528842.8 98.74949174146893 80.19467774015192 143.59346777343742 0 233 2.8329 0.0 8.181805246746432 0.0 4.0 
1301 7528876.2 98.74560005051543 80.19467774015192 143.59346777343742 0 233 2.8329 0.0 8.181805246746432 0.0 4.0 
1302 7528909.5 98.74560005051543 80.207938224975 143.59346777343742 0 233 2.8329 0.0 8.181805246746432 0.0 4.0 
1303 7528942.8 98.74560005051543 80.207938224975 143.59346777343742 0 233 2.8329 0.0 8.181805246746432 0.0 4.0 
1304 7528976.2 98.74359411086313 80.21437830063829 143.59346777343742 0 233 2.8329 0.0 8.181805246746432 0.0 4.0 
1305 7529009.5 98.74359411086313 80.21437830063829 143.59346777343742 0 233 2.8329 0.0 8.181805246746432 0.0 4.0 
1306 7529042.9 98.74359411086313 80.21437830063829 143.59346777343742 0 233 2.8329 0.0 8.181805246746432 0.0 4.0 
1307 7529076.2 98.74359411086313 80.21437830063829 143.59346777343742 0 233 2.8329 0.0 8.181805246746432 0.0 4.0 
1308 7529109.5 98.74251627044164 80.21437830063829 143.59346777343742 0 233 2.8329 0.0 8.181805246746432 0.0 4.0 
1309 7529142.9 98.74251627044164 80.2269187142812 143.59346777343742 0 233 2.8329 0.0 8.181805246746432 0.0 4.0 
1310 7529176.2 98.74251627044164 80.2269187142812 143.59346777343742 0 233 2.8329 0.0 8.181805246746432 0.0 4.0 
1311 7529209.5 98.74251627044164 80.2269187142812 143.59346777343742 0 233 2.8329 0.0 8.181805246746432 0.0 4.0 
1312 7529242.9 98.74251627044164 80.23872625380626 143.59346777343742 0 233 2.8329 0.0 8.181805246746432 0.0 4.0 
1313 7529276.2 98.74251627044164 80.23872625380626 143.59346777343742 0 233 2.8329 0.0 8.181805246746432 0.0 4.0 
1314 7529309.5 98.74251627044164 80.23872625380626 143.59346777343742 0 233 2.8329 0.0 8.181805246746432 0.0 4.0 
1315 7529342.9 98.74251627044164 80.23872625380626 143.59346777343742 0 233 2.8329 0.0 8.181805246746432 0.0 4.0 
1316 7529376.2 98.74251627044164 80.24716295153928 143.59346777343742 0 233 2.8329 0.0 8.181805246746432 0.0 4.0 
1317 7529409.5 98.74251627044164 80.24716295153928 143.59346777343742 0 233 2.8329 0.0 8.181805246746432 0.0 4.0 
1318 7529442.9 98.74251627044164 80.24716295153928 143.59346777343742 0 233 2.8329 0.0 8.181805246746432 0.0 4.0 
1319 7529476.2 98.74251627044164 80.25141594923986 143.59346777343742 0 233 2.8329 0.0 8.181805246746432 0.0 4.0 
1320 7529509.6 98.74251627044164 80.25141594923986 143.59346777343742 0 233 2.8329 0.0 8.181805246746432 0.0 4.0 
1321 7529542.9 98.74389563096213 80.25141594923986 143.59346777343742 0 233 2.8329 0.0 8.181805246746432 0.0 4.0 
1322 7529576.2 98.74389563096213 80.25774849439397 143.59346777343742 0 233 2.8329 0.0 8.181805246746432 0.0 4.0 
1323 7529609.6 98.74389563096213 80.25774849439397 143.59346777343742 0 233 2.8329 0.0 8.181805246746432 0.0 4.0 
1324 7529642.9 98.74657378636587 80.25774849439397 143.59346777343742 0 233 2.8329 0.0 8.181805246746432 0.0 4.0 
1325 7529676.2 98.74657378636587 80.26636844010027 143.59346777343742 0 233 2.8329 0.0 8.181805246746432 0.0 4.0 
1326 7529709.6 98.74657378636587 80.26636844010027 143.59346777343742 0 233 2.8329 0.0 8.181805246746432 0.0 4.0 
1327 7529742.9 98.74657378636587 80.26636844010027 143.59346777343742 0 233 2.8329 0.0 8.181805246746432 0.0 4.0 
1328 7529776.2 98.74950172743351 80.27269546472087 143.59346777343742 0 233 2.8329 0.0 8.181805246746432 0.0 4.0 
1329 7529809.6 98.74950172743351 80.27269546472087 143.59346777343742 0 233 2.8329 0.0 8.181805246746432 0.0 4.0 
1330 7529842.9 98.74950172743351 80.27269546472087 143.59346777343742 0 233 2.8329 0.0 8.181805246746432 0.0 4.0 
1331 7529876.3 98.74950172743351 80.27269546472087 143.59346777343742 0 233 2.8329 0.0 8.181805246746432 0.0 4.0 
1332 7529909.6 98.75202553393785 80.27269546472087 143.59346777343742 0 233 2.8329 0.0 8.181805246746432 0.0 4.0 
1333 7529942.9 98.75202553393785 80.27706118978837 143.59346777343742 0 233 2.8329 0.0 8.181805246746432 0.0 4.0 
1334 7529976.3 98.75202553393785 80.27706118978837 143.59346777343742 0 233 2.8329 0.0 8.181805246746432 0.0 4.0 
1335 7530009.6 98.75202553393785 80.28190805629188 143.59346777343742 0 233 2.8329 0.0 8.181805246746432 0.0 4.0 
1336 7530042.9 98.75202553393785 80.28190805629188 143.59346777343742 0 233 2.8329 0.0 8.181805246746432 0.0 4.0 
1337 7530076.3 98.75202553393785 80.28397438149182 143.59346777343742 0 233 2.8329 0.0 8.181805246746432 0.0 4.0 
1338 7530109.6 98.75202553393785 80.28397438149182 143.59346777343742 0 233 2.8329 0.0 8.181805246746432 0.0 4.0 
1339 7530142.9 98.75202553393785 80.28397438149182 143.59346777343742 0 233 2.8329 0.0 8.181805246746432 0.0 4.0 
1340 7530176.3 98.75202553393785 80.28611653032935 143.59346777343742 0 233 2.8329 0.0 8.181805246746432 0.0 4.0 
1341 7530209.6 98.75202553393785 80.28611653032935 143.59346777343742 0 233 2.8329 0.0 8.181805246746432 0.0 4.0 
1342 7530242.9 98.75202553393785 80.28611653032935 143.59346777343742 0 233 2.8329 0.0 8.181805246746432 0.0 4.0 
1343 7530276.3 98.75329803152788 80.28933487042536 143.59346777343742 0 233 2.8329 0.0 8.181805246746432 0.0 4.0 
1344 7530309.6 98.75329803152788 80.28933487042536 143.59346777343742 0 233 2.8329 0.0 8.181805246746432 0.0 4.0 
1345 7530343.0 98.75329803152788 80.28933487042536 143.59346777343742 0 233 2.8329 0.0 8.181805246746432 0.0 4.0 
1346 7530376.3 98.75329803152788 80.28933487042536 143.59346777343742 0 233 2.8329 0.0 8.181805246746432 0.0 4.0 
1347 7530409.6 98.75329803152788 80.28933487042536 143.59346777343742 0 233 2.8329 0.0 8.181805246746432 0.0 4.0 
1348 7530443.0 98.7543493483734 80.28933487042536 143.59346777343742 0 233 2.8329 0.0 8.181805246746432 0.0 4.0 
1349 7530476.3 98.7543493483734 80.2913280766609 143.59346777343742 0 233 2.8329 0.0 8.181805246746432 0.0 4.0 
1350 7530509.6 98.7543493483734 80.2913280766609 143.59346777343742 0 233 2.8329 0.0 8.181805246746432 0.0 4.0 
1351 7530543.0 98.7543493483734 80.28927562931493 143.59346777343742 0 233 2.8329 0.0 8.181805246746432 0.0 4.0 
1352 7530576.3 98.7543493483734 80.28927562931493 143.59346777343742 0 233 2.8329 0.0 8.181805246746432 0.0 4.0 
1353 7530609.6 98.7543493483734 80.28927562931493 143.59346777343742 0 233 2.8329 0.0 8.181805246746432 0.0 4.0 
1354 7530643.0 98.7543493483734 80.28458634969031 143.59346777343742 0 233 2.8329 0.0 8.181805246746432 0.0 4.0 
1355 7530676.3 98.7543493483734 80.28458634969031 143.59346777343742 0 233 2.8329 0.0 8.181805246746432 0.0 4.0 
1356 7530709.7 98.75608395301226 80.28458634969031 143.59346777343742 0 233 2.8329 0.0 8.181805246746432 0.0 4.0 
1357 7530743.0 98.75608395301226 80.28199872705189 143.59346777343742 0 233 2.8329 0.0 8.181805246746432 0.0 4.0 
1358 7530776.3 98.75608395301226 80.28199872705189 143.59346777343742 0 233 2.8329 0.0 8.181805246746432 0.0 4.0 
1359 7530809.7 98.7540806189904 80.28199872705189 143.59346777343742 0 233 2.8329 0.0 8.181805246746432 0.0 4.0 
1360 7530843.0 98.7540806189904 80.27480530022918 143.59346777343742 0 233 2.8329 0.0 8.181805246746432 0.0 4.0 
1361 7530876.3 98.7540806189904 80.27480530022918 143.59346777343742 0 233 2.8329 0.0 8.181805246746432 0.0 4.0 
1362 7530909.7 98.74910795468212 80.27034191457632 143.59346777343742 0 233 2.8329 0.0 8.181805246746432 0.0 4.0 
1363 7530943.0 98.74910795468212 80.27034191457632 143.59346777343742 0 233 2.8329 0.0 8.181805246746432 0.0 4.0 
1364 7530976.3 98.74910795468212 80.27034191457632 143.59346777343742 0 233 2.8329 0.0 8.181805246746432 0.0 4.0 
1365 7531009.7 98.74910795468212 80.27034191457632 143.59346777343742 0 233 2.8329 0.0 8.181805246746432 0.0 4.0 
1366 7531043.0 98.7408333747035 80.26606257116603 143.59346777343742 0 233 2.8329 0.0 8.181805246746432 0.0 4.0 
1367 7531076.3 98.7408333747035 80.26606257116603 143.59346777343742 0 233 2.8329 0.0 8.181805246746432 0.0 4.0 
1368 7531109.7 98.7408333747035 80.26606257116603 143.59346777343742 0 233 2.8329 0.0 8.181805246746432 0.0 4.0 
1369 7531143.0 98.73240243599405 80.26606257116603 143.59346777343742 0 233 2.8329 0.0 8.181805246746432 0.0 4.0 
1370 7531176.4 98.73240243599405 80.26325668421487 143.59346777343742 0 233 2.8329 0.0 8.181805246746432 0.0 4.0 
1371 7531209.7 98.73240243599405 80.26325668421487 143.59346777343742 0 233 2.8329 0.0 8.181805246746432 0.0 4.0 
1372 7531243.0 98.72540915481689 80.26325668421487 143.59346777343742 0 233 2.8329 0.0 8.181805246746432 0.0 4.0 
1373 7531276.4 98.72540915481689 80.25991942047334 143.59346777343742 0 233 2.8329 0.0 8.181805246746432 0.0 4.0 
1374 7531309.7 98.72540915481689 80.25991942047334 143.59346777343742 0 233 2.8329 0.0 8.181805246746432 0.0 4.0 
1375 7531343.0 98.71485541895436 80.2582120506275 143.59346777343742 0 233 2.8329 0.0 8.181805246746432 0.0 4.0 
1376 7531376.4 98.71485541895436 80.2582120506275 143.59346777343742 0 233 2.8329 0.0 8.181805246746432 0.0 4.0 
1377 7531409.7 98.71485541895436 80.2582120506275 143.59346777343742 0 233 2.8329 0.0 8.181805246746432 0.0 4.0 
1378 7531443.0 98.71485541895436 80.2582120506275 143.59346777343742 0 233 2.8329 0.0 8.181805246746432 0.0 4.0 
1379 7531476.4 98.70746820951906 80.2582120506275 143.59346777343742 0 233 2.8329 0.0 8.181805246746432 0.0 4.0 
1380 7531509.7 98.70746820951906 80.25640594586703 143.59346777343742 0 233 2.8329 0.0 8.181805246746432 0.0 4.0 
1381 7531543.1 98.70746820951906 80.25640594586703 143.59346777343742 0 233 2.8329 0.0 8.181805246746432 0.0 4.0 
1382 7531576.4 98.70746820951906 80.25640594586703 143.59346777343742 0 233 2.8329 0.0 8.181805246746432 0.0 4.0 
1383 7531609.7 98.70230284705805 80.25640594586703 143.59346777343742 0 233 2.8329 0.0 8.181805246746432 0.0 4.0 
1384 7531643.1 98.70230284705805 80.25640594586703 143.59346777343742 0 233 2.8329 0.0 8.181805246746432 0.0 4.0 
1385 7531676.4 98.70230284705805 80.25640594586703 143.59346777343742 0 233 2.8329 0.0 8.181805246746432 0.0 4.0 
1386 7531709.7 98.69605760482995 80.25519252477739 143.59346777343742 0 233 2.8329 0.0 8.181805246746432 0.0 4.0 
1387 7531743.1 98.69605760482995 80.25519252477739 143.59346777343742 0 233 2.8329 0.0 8.181805246746432 0.0 4.0 
1388 7531776.4 98.69605760482995 80.25519252477739 143.59346777343742 0 233 2.8329 0.0 8.181805246746432 0.0 4.0 
1389 7531809.7 98.69605760482995 80.25519252477739 143.59346777343742 0 233 2.8329 0.0 8.181805246746432 0.0 4.0 
1390 7531843.1 98.69126104953658 80.25519252477739 143.59346777343742 0 233 2.8329 0.0 8.181805246746432 0.0 4.0 
1391 7531876.4 98.69126104953658 80.25519252477739 143.59346777343742 0 233 2.8329 0.0 8.181805246746432 0.0 4.0 
1392 7531909.7 98.69126104953658 80.25519252477739 143.59346777343742 0 233 2.8329 0.0 8.181805246746432 0.0 4.0 
1393 7531943.1 98.68499415883946 80.25519252477739 143.59346777343742 0 233 2.8329 0.0 8.181805246746432 0.0 4.0 
1394 7531976.4 98.68499415883946 80.25519252477739 143.59346777343742 0 233 2.8329 0.0 8.181805246746432 0.0 4.0 
1395 7532009.8 98.67765987487387 80.25519252477739 143.59346777343742 0 233 2.8329 0.0 8.181805246746432 0.0 4.0 
1396 7532043.1 98.67765987487387 80.25519252477739 143.59346777343742 0 233 2.8329 0.0 8.181805246746432 0.0 4.0 
1397 7532076.4 98.67765987487387 80.25519252477739 143.59346777343742 0 233 2.8329 0.0 8.181805246746432 0.0 4.0 
1398 7532109.8 98.67191524014893 80.25519252477739 143.59346777343742 0 233 2.8329 0.0 8.181805246746432 0.0 4.0 
1399 7532143.1 98.67191524014893 80.25519252477739 143.59346777343742 0 233 2.8329 0.0 8.181805246746432 0.0 4.0 
1400 7532176.4 98.66766217031608 80.2562064584347 143.59346777343742 0 233 2.8329 0.0 8.181805246746432 0.0 4.0 
1401 7532209.8 98.66766217031608 80.2562064584347 143.59346777343742 0 233 2.8329 0.0 8.181805246746432 0.0 4.0 
1402 7532243.1 98.66766217031608 80.2562064584347 143.59346777343742 0 233 2.8329 0.0 8.181805246746432 0.0 4.0 
1403 7532276.4 98.66162356966551 80.2562064584347 143.59346777343742 0 233 2.8329 0.0 8.181805246746432 0.0 4.0 
1404 7532309.8 98.66162356966551 80.25933157494768 143.59346777343742 0 233 2.8329 0.0 8.181805246746432 0.0 4.0 
1405 7532343.1 98.66162356966551 80.25933157494768 143.59346777343742 0 233 2.8329 0.0 8.181805246746432 0.0 4.0 
1406 7532376.5 98.66162356966551 80.25933157494768 143.59346777343742 0 233 2.8329 0.0 8.181805246746432 0.0 4.0 
1407 7532409.8 98.65486448154626 80.25933157494768 143.59346777343742 0 233 2.8329 0.0 8.181805246746432 0.0 4.0 
1408 7532443.1 98.65486448154626 80.26294068783032 143.59346777343742 0 233 2.8329 0.0 8.181805246746432 0.0 4.0 
1409 7532476.5 98.65486448154626 80.26294068783032 143.59346777343742 0 233 2.8329 0.0 8.181805246746432 0.0 4.0 
1410 7532509.8 98.64214470880276 80.26294068783032 143.59346777343742 0 233 2.8329 0.0 8.181805246746432 0.0 4.0 
1411 7532543.1 98.64214470880276 80.26294068783032 143.59346777343742 0 233 2.8329 0.0 8.181805246746432 0.0 4.0 
1412 7532576.5 98.63332464100164 80.26294068783032 143.59346777343742 0 233 2.8329 0.0 8.181805246746432 0.0 4.0 
1413 7532609.8 98.63332464100164 80.26294068783032 143.59346777343742 0 233 2.8329 0.0 8.181805246746432 0.0 4.0 
1414 7532643.1 98.63332464100164 80.26294068783032 143.59346777343742 0 233 2.8329 0.0 8.181805246746432 0.0 4.0 
1415 7532676.5 98.6306802100247 80.26294068783032 143.59346777343742 0 233 2.8329 0.0 8.181805246746432 0.0 4.0 
1416 7532709.8 98.6306802100247 80.26120570730278 143.59346777343742 0 233 2.8329 0.0 8.181805246746432 0.0 4.0 
1417 7532743.1 98.6306802100247 80.26120570730278 143.59346777343742 0 233 2.8329 0.0 8.181805246746432 0.0 4.0 
1418 7532776.5 98.62833238726665 80.26120570730278 143.59346777343742 0 233 2.8329 0.0 8.181805246746432 0.0 4.0 
1419 7532809.8 98.62833238726665 80.26120570730278 143.59346777343742 0 233 2.8329 0.0 8.181805246746432 0.0 4.0 
1420 7532843.2 98.62833238726665 80.26120570730278 143.59346777343742 0 233 2.8329 0.0 8.181805246746432 0.0 4.0 
1421 7532876.5 98.62564386909557 80.26120570730278 143.59346777343742 0 233 2.8329 0.0 8.181805246746432 0.0 4.0 
1422 7532909.8 98.62564386909557 80.26120570730278 143.59346777343742 0 233 2.8329 0.0 8.181805246746432 0.0 4.0 
1423 7532943.2 98.6241463758933 80.26120570730278 143.59346777343742 0 233 2.8329 0.0 8.181805246746432 0.0 4.0 
1424 7532976.5 98.6241463758933 80.26120570730278 143.59346777343742 0 233 2.8329 0.0 8.181805246746432 0.0 4.0 
1425 7533009.8 98.61936484068255 80.26120570730278 143.59346777343742 0 233 2.8329 0.0 8.181805246746432 0.0 4.0 
1426 7533043.2 98.61936484068255 80.26120570730278 143.59346777343742 0 233 2.8329 0.0 8.181805246746432 0.0 4.0 
1427 7533076.5 98.61936484068255 80.26120570730278 143.59346777343742 0 233 2.8329 0.0 8.181805246746432 0.0 4.0 
1428 7533109.8 98.61690293353611 80.26120570730278 143.59346777343742 0 233 2.8329 0.0 8.181805246746432 0.0 4.0 
1429 7533143.2 98.61690293353611 80.26326430818922 143.59346777343742 0 233 2.8329 0.0 8.181805246746432 0.0 4.0 
1430 7533176.5 98.61690293353611 80.26326430818922 143.59346777343742 0 233 2.8329 0.0 8.181805246746432 0.0 4.0 
1431 7533209.9 98.61690293353611 80.26326430818922 143.59346777343742 0 233 2.8329 0.0 8.181805246746432 0.0 4.0 
1432 7533243.2 98.60987484409326 80.2692129426953 143.59346777343742 0 233 2.8329 0.0 8.181805246746432 0.0 4.0 
1433 7533276.5 98.60987484409326 80.2692129426953 143.59346777343742 0 233 2.8329 0.0 8.181805246746432 0.0 4.0 
1434 7533309.9 98.60987484409326 80.2692129426953 143.59346777343742 0 233 2.8329 0.0 8.181805246746432 0.0 4.0 
1435 7533343.2 98.60229346091579 80.27059180633518 143.59346777343742 0 233 2.8329 0.0 8.181805246746432 0.0 4.0 
1436 7533376.5 98.60229346091579 80.27059180633518 143.59346777343742 0 233 2.8329 0.0 8.181805246746432 0.0 4.0 
1437 7533409.9 98.60229346091579 80.27059180633518 143.59346777343742 0 233 2.8329 0.0 8.181805246746432 0.0 4.0 
1438 7533443.2 98.59855718094221 80.27059180633518 143.59346777343742 0 233 2.8329 0.0 8.181805246746432 0.0 4.0 
1439 7533476.5 98.59855718094221 80.27059180633518 143.59346777343742 0 233 2.8329 0.0 8.181805246746432 0.0 4.0 
1440 7533509.9 98.59855718094221 80.27059180633518 143.59346777343742 0 233 2.8329 0.0 8.181805246746432 0.0 4.0 
1441 7533543.2 98.5961943450095 80.27059180633518 143.59346777343742 0 233 2.8329 0.0 8.181805246746432 0.0 4.0 
1442 7533576.5 98.5961943450095 80.27059180633518 143.59346777343742 0 233 2.8329 0.0 8.181805246746432 0.0 4.0 
1443 7533609.9 98.58835504020868 80.27181080208256 143.59346777343742 0 233 2.8329 0.0 8.181805246746432 0.0 4.0 
1444 7533643.2 98.58835504020868 80.27181080208256 143.59346777343742 0 233 2.8329 0.0 8.181805246746432 0.0 4.0 
1445 7533676.6 98.58835504020868 80.27181080208256 143.59346777343742 0 233 2.8329 0.0 8.181805246746432 0.0 4.0 
1446 7533709.9 98.58835504020868 80.27181080208256 143.59346777343742 0 233 2.8329 0.0 8.181805246746432 0.0 4.0 
1447 7533743.2 98.57857749014758 80.27362224795034 143.59346777343742 0 233 2.8329 0.0 8.181805246746432 0.0 4.0 
1448 7533776.6 98.57857749014758 80.27362224795034 143.59346777343742 0 233 2.8329 0.0 8.181805246746432 0.0 4.0 
1449 7533809.9 98.57857749014758 80.27362224795034 143.59346777343742 0 233 2.8329 0.0 8.181805246746432 0.0 4.0 
1450 7533843.2 98.57857749014758 80.27362224795034 143.59346777343742 0 233 2.8329 0.0 8.181805246746432 0.0 4.0 
1451 7533876.6 98.57093855290638 80.27362224795034 143.59346777343742 0 233 2.8329 0.0 8.181805246746432 0.0 4.0 
1452 7533909.9 98.57093855290638 80.27362224795034 143.59346777343742 0 233 2.8329 0.0 8.181805246746432 0.0 4.0 
1453 7533943.2 98.56710828348355 80.27362224795034 143.59346777343742 0 233 2.8329 0.0 8.181805246746432 0.0 4.0 
1454 7533976.6 98.56710828348355 80.27362224795034 143.59346777343742 0 233 2.8329 0.0 8.181805246746432 0.0 4.0 
1455 7534009.9 98.56407381107968 80.2754982350905 143.59346777343742 0 233 2.8329 0.0 8.181805246746432 0.0 4.0 
1456 7534043.3 98.56407381107968 80.2754982350905 143.59346777343742 0 233 2.8329 0.0 8.181805246746432 0.0 4.0 
1457 7534076.6 98.56407381107968 80.2754982350905 143.59346777343742 0 233 2.8329 0.0 8.181805246746432 0.0 4.0 
1458 7534109.9 98.55956631603878 80.2754982350905 143.59346777343742 0 233 2.8329 0.0 8.181805246746432 0.0 4.0 
1459 7534143.3 98.55956631603878 80.2754982350905 143.59346777343742 0 233 2.8329 0.0 8.181805246746432 0.0 4.0 
1460 7534176.6 98.55956631603878 80.2754982350905 143.59346777343742 0 233 2.8329 0.0 8.181805246746432 0.0 4.0 
1461 7534209.9 98.55675954627993 80.2754982350905 143.59346777343742 0 233 2.8329 0.0 8.181805246746432 0.0 4.0 
1462 7534243.3 98.55675954627993 80.27720102904094 143.59346777343742 0 233 2.8329 0.0 8.181805246746432 0.0 4.0 
1463 7534276.6 98.55675954627993 80.27720102904094 143.59346777343742 0 233 2.8329 0.0 8.181805246746432 0.0 4.0 
1464 7534309.9 98.55192498198087 80.27720102904094 143.59346777343742 0 233 2.8329 0.0 8.181805246746432 0.0 4.0 
1465 7534343.3 98.55192498198087 80.27903286912711 143.59346777343742 0 233 2.8329 0.0 8.181805246746432 0.0 4.0 
1466 7534376.6 98.55192498198087 80.27903286912711 143.59346777343742 0 233 2.8329 0.0 8.181805246746432 0.0 4.0 
1467 7534409.9 98.55192498198087 80.27903286912711 143.59346777343742 0 233 2.8329 0.0 8.181805246746432 0.0 4.0 
1468 7534443.3 98.54447045499771 80.28114395141056 143.59346777343742 0 233 2.8329 0.0 8.181805246746432 0.0 4.0 
1469 7534476.6 98.54447045499771 80.28114395141056 143.59346777343742 0 233 2.8329 0.0 8.181805246746432 0.0 4.0 
1470 7534510.0 98.54447045499771 80.28114395141056 143.59346777343742 0 233 2.8329 0.0 8.181805246746432 0.0 4.0 
1471 7534543.3 98.54447045499771 80.28114395141056 143.59346777343742 0 233 2.8329 0.0 8.181805246746432 0.0 4.0 
1472 7534576.6 98.54345845287605 80.28114395141056 143.59346777343742 0 233 2.8329 0.0 8.181805246746432 0.0 4.0 
1473 7534610.0 98.54345845287605 80.28114395141056 143.59346777343742 0 233 2.8329 0.0 8.181805246746432 0.0 4.0 
1474 7534643.3 98.54345845287605 80.28114395141056 143.59346777343742 0 233 2.8329 0.0 8.181805246746432 0.0 4.0 
1475 7534676.6 98.53718850978343 80.28114395141056 143.59346777343742 0 233 2.8329 0.0 8.181805246746432 0.0 4.0 
1476 7534710.0 98.53718850978343 80.28291937962722 143.59346777343742 0 233 2.8329 0.0 8.181805246746432 0.0 4.0 
1477 7534743.3 98.53718850978343 80.28291937962722 143.59346777343742 0 233 2.8329 0.0 8.181805246746432 0.0 4.0 
1478 7534776.6 98.52649565828786 80.28524515712604 143.59346777343742 0 233 2.8329 0.0 8.181805246746432 0.0 4.0 
1479 7534810.0 98.52649565828786 80.28524515712604 143.59346777343742 0 233 2.8329 0.0 8.181805246746432 0.0 4.0 
1480 7534843.3 98.52649565828786 80.28524515712604 143.59346777343742 0 233 2.8329 0.0 8.181805246746432 0.0 4.0 
1481 7534876.7 98.51891017105109 80.28524515712604 143.59346777343742 0 233 2.8329 0.0 8.181805246746432 0.0 4.0 
1482 7534910.0 98.51891017105109 80.28524515712604 143.59346777343742 0 233 2.8329 0.0 8.181805246746432 0.0 4.0 
1483 7534943.3 98.51891017105109 80.28524515712604 143.59346777343742 0 233 2.8329 0.0 8.181805246746432 0.0 4.0 
1484 7534976.7 98.51458129896261 80.28524515712604 143.59346777343742 0 233 2.8329 0.0 8.181805246746432 0.0 4.0 
1485 7535010.0 98.51458129896261 80.28524515712604 143.59346777343742 0 233 2.8329 0.0 8.181805246746432 0.0 4.0 
1486 7535043.3 98.51458129896261 80.28524515712604 143.59346777343742 0 233 2.8329 0.0 8.181805246746432 0.0 4.0 
1487 7535076.7 98.51458129896261 80.28524515712604 143.59346777343742 0 233 2.8329 0.0 8.181805246746432 0.0 4.0 
1488 7535110.0 98.51566936408932 80.28524515712604 143.59346777343742 0 233 2.8329 0.0 8.181805246746432 0.0 4.0 
1489 7535143.3 98.51566936408932 80.28524515712604 143.59346777343742 0 233 2.8329 0.0 8.181805246746432 0.0 4.0 
1490 7535176.7 98.51387429137542 80.28524515712604 143.59346777343742 0 233 2.8329 0.0 8.181805246746432 0.0 4.0 
1491 7535210.0 98.51387429137542 80.28524515712604 143.59346777343742 0 233 2.8329 0.0 8.181805246746432 0.0 4.0 
1492 7535243.3 98.51387429137542 80.28524515712604 143.59346777343742 0 233 2.8329 0.0 8.181805246746432 0.0 4.0 
1493 7535276.7 98.51387429137542 80.28524515712604 143.59346777343742 0 233 2.8329 0.0 8.181805246746432 0.0 4.0 
1494 7535310.0 98.51387429137542 80.28524515712604 143.59346777343742 0 233 2.8329 0.0 8.181805246746432 0.0 4.0 
1495 7535343.4 98.51387429137542 80.28524515712604 143.59346777343742 0 233 2.8329 0.0 8.181805246746432 0.0 4.0 
1496 7535376.7 98.51034318558683 80.28524515712604 143.59346777343742 0 233 2.8329 0.0 8.181805246746432 0.0 4.0 
1497 7535410.0 98.51034318558683 80.28344901990015 143.59346777343742 0 233 2.8329 0.0 8.181805246746432 0.0 4.0 
1498 7535443.4 98.51034318558683 80.28344901990015 143.59346777343742 0 233 2.8329 0.0 8.181805246746432 0.0 4.0 
1499 7535476.7 98.51034318558683 80.28344901990015 143.59346777343742 0 233 2.8329 0.0 8.181805246746432 0.0 4.0 
1500 7535510.0 98.50782271201079 80.28344901990015 143.59346777343742 0 233 2.8329 0.0 8.181805246746432 0.0 4.0 
1501 7535543.4 98.50782271201079 80.28103381735501 143.59346777343742 0 233 2.8329 0.0 8.181805246746432 0.0 4.0 
1502 7535576.7 98.50782271201079 80.28103381735501 143.59346777343742 0 233 2.8329 0.0 8.181805246746432 0.0 4.0 
1503 7535610.0 98.50782271201079 80.28103381735501 143.59346777343742 0 233 2.8329 0.0 8.181805246746432 0.0 4.0 
1504 7535643.4 98.50782271201079 80.27683079633945 143.59346777343742 0 233 2.8329 0.0 8.181805246746432 0.0 4.0 
1505 7535676.7 98.50782271201079 80.27683079633945 143.59346777343742 0 233 2.8329 0.0 8.181805246746432 0.0 4.0 
1506 7535710.1 98.50782271201079 80.27683079633945 143.59346777343742 0 233 2.8329 0.0 8.181805246746432 0.0 4.0 
1507 7535743.4 98.50286468826678 80.27683079633945 143.59346777343742 0 233 2.8329 0.0 8.181805246746432 0.0 4.0 
1508 7535776.7 98.50286468826678 80.27230613609724 143.59346777343742 0 233 2.8329 0.0 8.181805246746432 0.0 4.0 
1509 7535810.1 98.50286468826678 80.27230613609724 143.59346777343742 0 233 2.8329 0.0 8.181805246746432 0.0 4.0 
1510 7535843.4 98.50051214774881 80.27230613609724 143.59346777343742 0 233 2.8329 0.0 8.181805246746432 0.0 4.0 
1511 7535876.7 98.50051214774881 80.27060193282642 143.59346777343742 0 233 2.8329 0.0 8.181805246746432 0.0 4.0 
1512 7535910.1 98.50051214774881 80.27060193282642 143.59346777343742 0 233 2.8329 0.0 8.181805246746432 0.0 4.0 
1513 7535943.4 98.50051214774881 80.27060193282642 143.59346777343742 0 233 2.8329 0.0 8.181805246746432 0.0 4.0 
1514 7535976.7 98.4975666245205 80.27060193282642 143.59346777343742 0 233 2.8329 0.0 8.181805246746432 0.0 4.0 
1515 7536010.1 98.4975666245205 80.27060193282642 143.59346777343742 0 233 2.8329 0.0 8.181805246746432 0.0 4.0 
1516 7536043.4 98.4975666245205 80.27060193282642 143.59346777343742 0 233 2.8329 0.0 8.181805246746432 0.0 4.0 
1517 7536076.7 98.50031289406895 80.27060193282642 143.59346777343742 0 233 2.8329 0.0 8.181805246746432 0.0 4.0 
1518 7536110.1 98.50031289406895 80.27060193282642 143.59346777343742 0 233 2.8329 0.0 8.181805246746432 0.0 4.0 
1519 7536143.4 98.50467322260604 80.27060193282642 143.59346777343742 0 233 2.8329 0.0 8.181805246746432 0.0 4.0 
1520 7536176.8 98.50467322260604 80.27060193282642 143.59346777343742 0 233 2.8329 0.0 8.181805246746432 0.0 4.0 
1521 7536210.1 98.50971601917534 80.27060193282642 143.59346777343742 0 233 2.8329 0.0 8.181805246746432 0.0 4.0 
1522 7536243.4 98.50971601917534 80.27060193282642 143.59346777343742 0 233 2.8329 0.0 8.181805246746432 0.0 4.0 
1523 7536276.8 98.50971601917534 80.27060193282642 143.59346777343742 0 233 2.8329 0.0 8.181805246746432 0.0 4.0 
1524 7536310.1 98.51515785378686 80.27060193282642 143.59346777343742 0 233 2.8329 0.0 8.181805246746432 0.0 4.0 
1525 7536343.4 98.51515785378686 80.27060193282642 143.59346777343742 0 233 2.8329 0.0 8.181805246746432 0.0 4.0 
1526 7536376.8 98.51515785378686 80.27060193282642 143.59346777343742 0 233 2.8329 0.0 8.181805246746432 0.0 4.0 
1527 7536410.1 98.51179769750702 80.27060193282642 143.59346777343742 0 233 2.8329 0.0 8.181805246746432 0.0 4.0 
1528 7536443.4 98.51179769750702 80.27060193282642 143.59346777343742 0 233 2.8329 0.0 8.181805246746432 0.0 4.0 
1529 7536476.8 98.51179769750702 80.27060193282642 143.59346777343742 0 233 2.8329 0.0 8.181805246746432 0.0 4.0 
1530 7536510.1 98.49908275449427 80.26696911711272 143.59346777343742 0 233 2.8329 0.0 8.181805246746432 0.0 4.0 
1531 7536543.5 98.49908275449427 80.26696911711272 143.59346777343742 0 233 2.8329 0.0 8.181805246746432 0.0 4.0 
1532 7536576.8 98.49908275449427 80.26696911711272 143.59346777343742 0 233 2.8329 0.0 8.181805246746432 0.0 4.0 
1533 7536610.1 98.48659222144059 80.26696911711272 143.59346777343742 0 233 2.8329 0.0 8.181805246746432 0.0 4.0 
1534 7536643.5 98.48659222144059 80.2634724797985 143.59346777343742 0 233 2.8329 0.0 8.181805246746432 0.0 4.0 
1535 7536676.8 98.48659222144059 80.2634724797985 143.59346777343742 0 233 2.8329 0.0 8.181805246746432 0.0 4.0 
1536 7536710.1 98.48659222144059 80.2634724797985 143.59346777343742 0 233 2.8329 0.0 8.181805246746432 0.0 4.0 
1537 7536743.5 98.4770248872257 80.25985243979501 143.59346777343742 0 233 2.8329 0.0 8.181805246746432 0.0 4.0 
1538 7536776.8 98.4770248872257 80.25985243979501 143.59346777343742 0 233 2.8329 0.0 8.181805246746432 0.0 4.0 
1539 7536810.1 98.4770248872257 80.25985243979501 143.59346777343742 0 233 2.8329 0.0 8.181805246746432 0.0 4.0 
1540 7536843.5 98.46787030617377 80.25325835777116 143.59346777343742 0 233 2.8329 0.0 8.181805246746432 0.0 4.0 
1541 7536876.8 98.46787030617377 80.25325835777116 143.59346777343742 0 233 2.8329 0.0 8.181805246746432 0.0 4.0 
1542 7536910.1 98.46787030617377 80.25325835777116 143.59346777343742 0 233 2.8329 0.0 8.181805246746432 0.0 4.0 
1543 7536943.5 98.46787030617377 80.25325835777116 143.59346777343742 0 233 2.8329 0.0 8.181805246746432 0.0 4.0 
1544 7536976.8 98.46501425016305 80.25325835777116 143.59346777343742 0 233 2.8329 0.0 8.181805246746432 0.0 4.0 
1545 7537010.2 98.46501425016305 80.24768324897443 143.59346777343742 0 233 2.8329 0.0 8.181805246746432 0.0 4.0 
1546 7537043.5 98.46501425016305 80.24768324897443 143.59346777343742 0 233 2.8329 0.0 8.181805246746432 0.0 4.0 
1547 7537076.8 98.46501425016305 80.24768324897443 143.59346777343742 0 233 2.8329 0.0 8.181805246746432 0.0 4.0 
1548 7537110.2 98.46140823187439 80.24768324897443 143.59346777343742 0 233 2.8329 0.0 8.181805246746432 0.0 4.0 
1549 7537143.5 98.46140823187439 80.24107815107939 143.59346777343742 0 233 2.8329 0.0 8.181805246746432 0.0 4.0 
1550 7537176.8 98.46140823187439 80.24107815107939 143.59346777343742 0 233 2.8329 0.0 8.181805246746432 0.0 4.0 
1551 7537210.2 98.45672192660138 80.23604209922783 143.59346777343742 0 233 2.8329 0.0 8.181805246746432 0.0 4.0 
1552 7537243.5 98.45672192660138 80.23604209922783 143.59346777343742 0 233 2.8329 0.0 8.181805246746432 0.0 4.0 
1553 7537276.8 98.45672192660138 80.23604209922783 143.59346777343742 0 233 2.8329 0.0 8.181805246746432 0.0 4.0 
1554 7537310.2 98.45391242208102 80.23604209922783 143.59346777343742 0 233 2.8329 0.0 8.181805246746432 0.0 4.0 
1555 7537343.5 98.45391242208102 80.2330064780109 143.59346777343742 0 233 2.8329 0.0 8.181805246746432 0.0 4.0 
1556 7537376.9 98.45391242208102 80.2330064780109 143.59346777343742 0 233 2.8329 0.0 8.181805246746432 0.0 4.0 
1557 7537410.2 98.45391242208102 80.2330064780109 143.59346777343742 0 233 2.8329 0.0 8.181805246746432 0.0 4.0 
1558 7537443.5 98.44871473765916 80.2330064780109 143.59346777343742 0 233 2.8329 0.0 8.181805246746432 0.0 4.0 
1559 7537476.9 98.44871473765916 80.22535466001659 143.59346777343742 0 233 2.8329 0.0 8.181805246746432 0.0 4.0 
1560 7537510.2 98.44871473765916 80.22535466001659 143.59346777343742 0 233 2.8329 0.0 8.181805246746432 0.0 4.0 
1561 7537543.5 98.44650893700164 80.2207584684643 143.59346777343742 0 233 2.8329 0.0 8.181805246746432 0.0 4.0 
1562 7537576.9 98.44650893700164 80.2207584684643 143.59346777343742 0 233 2.8329 0.0 8.181805246746432 0.0 4.0 
1563 7537610.2 98.44650893700164 80.2207584684643 143.59346777343742 0 233 2.8329 0.0 8.181805246746432 0.0 4.0 
1564 7537643.5 98.4453931304988 80.21323130778634 143.59346777343742 0 233 2.8329 0.0 8.181805246746432 0.0 4.0 
1565 7537676.9 98.4453931304988 80.21323130778634 143.59346777343742 0 233 2.8329 0.0 8.181805246746432 0.0 4.0 
1566 7537710.2 98.4453931304988 80.21323130778634 143.59346777343742 0 233 2.8329 0.0 8.181805246746432 0.0 4.0 
1567 7537743.5 98.4453931304988 80.21323130778634 143.59346777343742 0 233 2.8329 0.0 8.181805246746432 0.0 4.0 
1568 7537776.9 98.4439953646886 80.21323130778634 143.59346777343742 0 233 2.8329 0.0 8.181805246746432 0.0 4.0 
1569 7537810.2 98.4439953646886 80.206541750404 143.59346777343742 0 233 2.8329 0.0 8.181805246746432 0.0 4.0 
1570 7537843.6 98.4439953646886 80.206541750404 143.59346777343742 0 233 2.8329 0.0 8.181805246746432 0.0 4.0 
1571 7537876.9 98.4439953646886 80.206541750404 143.59346777343742 0 233 2.8329 0.0 8.181805246746432 0.0 4.0 
1572 7537910.2 98.44179202451666 80.206541750404 143.59346777343742 0 233 2.8329 0.0 8.181805246746432 0.0 4.0 
1573 7537943.6 98.44179202451666 80.19554304989627 143.59346777343742 0 233 2.8329 0.0 8.181805246746432 0.0 4.0 
1574 7537976.9 98.44179202451666 80.19554304989627 143.59346777343742 0 233 2.8329 0.0 8.181805246746432 0.0 4.0 
1575 7538010.2 98.44179202451666 80.19554304989627 143.59346777343742 0 233 2.8329 0.0 8.181805246746432 0.0 4.0 
1576 7538043.6 98.43630118183093 80.18279172301526 143.59346777343742 0 233 2.8329 0.0 8.181805246746432 0.0 4.0 
1577 7538076.9 98.43630118183093 80.18279172301526 143.59346777343742 0 233 2.8329 0.0 8.181805246746432 0.0 4.0 
1578 7538110.2 98.43630118183093 80.18279172301526 143.59346777343742 0 233 2.8329 0.0 8.181805246746432 0.0 4.0 
1579 7538143.6 98.43630118183093 80.18279172301526 143.59346777343742 0 233 2.8329 0.0 8.181805246746432 0.0 4.0 
1580 7538176.9 98.43092637980651 80.18279172301526 143.59346777343742 0 233 2.8329 0.0 8.181805246746432 0.0 4.0 
1581 7538210.3 98.43092637980651 80.17347885072843 143.59346777343742 0 233 2.8329 0.0 8.181805246746432 0.0 4.0 
1582 7538243.6 98.43092637980651 80.17347885072843 143.59346777343742 0 233 2.8329 0.0 8.181805246746432 0.0 4.0 
1583 7538276.9 98.43092637980651 80.17347885072843 143.59346777343742 0 233 2.8329 0.0 8.181805246746432 0.0 4.0 
1584 7538310.3 98.42493424075145 80.16624777721636 143.59346777343742 0 233 2.8329 0.0 8.181805246746432 0.0 4.0 
1585 7538343.6 98.42493424075145 80.16624777721636 143.59346777343742 0 233 2.8329 0.0 8.181805246746432 0.0 4.0 
1586 7538376.9 98.42493424075145 80.16624777721636 143.59346777343742 0 233 2.8329 0.0 8.181805246746432 0.0 4.0 
1587 7538410.3 98.42023613334962 80.15968431840089 143.59346777343742 0 233 2.8329 0.0 8.181805246746432 0.0 4.0 
1588 7538443.6 98.42023613334962 80.15968431840089 143.59346777343742 0 233 2.8329 0.0 8.181805246746432 0.0 4.0 
1589 7538476.9 98.42023613334962 80.15968431840089 143.59346777343742 0 233 2.8329 0.0 8.181805246746432 0.0 4.0 
1590 7538510.3 98.41694571749466 80.15968431840089 143.59346777343742 0 233 2.8329 0.0 8.181805246746432 0.0 4.0 
1591 7538543.6 98.41694571749466 80.15427516354133 143.59346777343742 0 233 2.8329 0.0 8.181805246746432 0.0 4.0 
1592 7538576.9 98.41694571749466 80.15427516354133 143.59346777343742 0 233 2.8329 0.0 8.181805246746432 0.0 4.0 
1593 7538610.3 98.41694571749466 80.15427516354133 143.59346777343742 0 233 2.8329 0.0 8.181805246746432 0.0 4.0 
1594 7538643.6 98.41444927782476 80.15427516354133 143.59346777343742 0 233 2.8329 0.0 8.181805246746432 0.0 4.0 
1595 7538677.0 98.41444927782476 80.14649892734673 143.59346777343742 0 233 2.8329 0.0 8.181805246746432 0.0 4.0 
1596 7538710.3 98.41444927782476 80.14649892734673 143.59346777343742 0 233 2.8329 0.0 8.181805246746432 0.0 4.0 
1597 7538743.6 98.41444927782476 80.14649892734673 143.59346777343742 0 233 2.8329 0.0 8.181805246746432 0.0 4.0 
1598 7538777.0 98.41151201090292 80.13421169274675 143.59346777343742 0 233 2.8329 0.0 8.181805246746432 0.0 4.0 
1599 7538810.3 98.41151201090292 80.13421169274675 143.59346777343742 0 233 2.8329 0.0 8.181805246746432 0.0 4.0 
1600 7538843.6 98.41151201090292 80.13421169274675 143.59346777343742 0 233 2.8329 0.0 8.181805246746432 0.0 4.0 
1601 7538877.0 98.40922675859392 80.12559198534734 143.59346777343742 0 233 2.8329 0.0 8.181805246746432 0.0 4.0 
1602 7538910.3 98.40922675859392 80.12559198534734 143.59346777343742 0 233 2.8329 0.0 8.181805246746432 0.0 4.0 
1603 7538943.6 98.40922675859392 80.12559198534734 143.59346777343742 0 233 2.8329 0.0 8.181805246746432 0.0 4.0 
1604 7538977.0 98.40801551957726 80.12559198534734 143.59346777343742 0 233 2.8329 0.0 8.181805246746432 0.0 4.0 
1605 7539010.3 98.40801551957726 80.11930354929498 143.59346777343742 0 233 2.8329 0.0 8.181805246746432 0.0 4.0 
1606 7539043.7 98.40801551957726 80.11930354929498 143.59346777343742 0 233 2.8329 0.0 8.181805246746432 0.0 4.0 
1607 7539077.0 98.40801551957726 80.11930354929498 143.59346777343742 0 233 2.8329 0.0 8.181805246746432 0.0 4.0 
1608 7539110.3 98.40801551957726 80.11478208846991 143.59346777343742 0 233 2.8329 0.0 8.181805246746432 0.0 4.0 
1609 7539143.7 98.40801551957726 80.11478208846991 143.59346777343742 0 233 2.8329 0.0 8.181805246746432 0.0 4.0 
1610 7539177.0 98.40801551957726 80.11478208846991 143.59346777343742 0 233 2.8329 0.0 8.181805246746432 0.0 4.0 
1611 7539210.3 98.40507611491518 80.10727323501143 143.59346777343742 0 233 2.8329 0.0 8.181805246746432 0.0 4.0 
1612 7539243.7 98.40507611491518 80.10727323501143 143.59346777343742 0 233 2.8329 0.0 8.181805246746432 0.0 4.0 
1613 7539277.0 98.40507611491518 80.10727323501143 143.59346777343742 0 233 2.8329 0.0 8.181805246746432 0.0 4.0 
1614 7539310.3 98.40507611491518 80.10727323501143 143.59346777343742 0 233 2.8329 0.0 8.181805246746432 0.0 4.0 
1615 7539343.7 98.40507611491518 80.1022153766748 143.59346777343742 0 233 2.8329 0.0 8.181805246746432 0.0 4.0 
1616 7539377.0 98.40507611491518 80.1022153766748 143.59346777343742 0 233 2.8329 0.0 8.181805246746432 0.0 4.0 
1617 7539410.3 98.40507611491518 80.1022153766748 143.59346777343742 0 233 2.8329 0.0 8.181805246746432 0.0 4.0 
1618 7539443.7 98.40654231550444 80.1022153766748 143.59346777343742 0 233 2.8329 0.0 8.181805246746432 0.0 4.0 
1619 7539477.0 98.40654231550444 80.09774914376888 143.59346777343742 0 233 2.8329 0.0 8.181805246746432 0.0 4.0 
1620 7539510.4 98.40654231550444 80.09774914376888 143.59346777343742 0 233 2.8329 0.0 8.181805246746432 0.0 4.0 
1621 7539543.7 98.40654231550444 80.09774914376888 143.59346777343742 0 233 2.8329 0.0 8.181805246746432 0.0 4.0 
1622 7539577.0 98.4049182552607 80.08863832020434 143.59346777343742 0 233 2.8329 0.0 8.181805246746432 0.0 4.0 
1623 7539610.4 98.4049182552607 80.08863832020434 143.59346777343742 0 233 2.8329 0.0 8.181805246746432 0.0 4.0 
1624 7539643.7 98.4049182552607 80.08863832020434 143.59346777343742 0 233 2.8329 0.0 8.181805246746432 0.0 4.0 
1625 7539677.0 98.40166993802825 80.08863832020434 143.59346777343742 0 233 2.8329 0.0 8.181805246746432 0.0 4.0 
1626 7539710.4 98.40166993802825 80.08621319796725 143.59346777343742 0 233 2.8329 0.0 8.181805246746432 0.0 4.0 
1627 7539743.7 98.40166993802825 80.08621319796725 143.59346777343742 0 233 2.8329 0.0 8.181805246746432 0.0 4.0 
1628 7539777.0 98.40166993802825 80.08621319796725 143.59346777343742 0 233 2.8329 0.0 8.181805246746432 0.0 4.0 
1629 7539810.4 98.3983713500339 80.08621319796725 143.59346777343742 0 233 2.8329 0.0 8.181805246746432 0.0 4.0 
1630 7539843.7 98.3983713500339 80.08334928078864 143.59346777343742 0 233 2.8329 0.0 8.181805246746432 0.0 4.0 
1631 7539877.1 98.3983713500339 80.08334928078864 143.59346777343742 0 233 2.8329 0.0 8.181805246746432 0.0 4.0 
1632 7539910.4 98.3983713500339 80.08334928078864 143.59346777343742 0 233 2.8329 0.0 8.181805246746432 0.0 4.0 
1633 7539943.7 98.3983713500339 80.08334928078864 143.59346777343742 0 233 2.8329 0.0 8.181805246746432 0.0 4.0 
1634 7539977.1 98.3983713500339 80.08334928078864 143.59346777343742 0 233 2.8329 0.0 8.181805246746432 0.0 4.0 
1635 7540010.4 98.39730166405816 80.07820120728525 143.59346777343742 0 233 2.8329 0.0 8.181805246746432 0.0 4.0 
1636 7540043.7 98.39730166405816 80.07820120728525 143.59346777343742 0 233 2.8329 0.0 8.181805246746432 0.0 4.0 
1637 7540077.1 98.39564120465671 80.07820120728525 143.59346777343742 0 233 2.8329 0.0 8.181805246746432 0.0 4.0 
1638 7540110.4 98.39564120465671 80.07337620491337 143.59346777343742 0 233 2.8329 0.0 8.181805246746432 0.0 4.0 
1639 7540143.7 98.39564120465671 80.07337620491337 143.59346777343742 0 233 2.8329 0.0 8.181805246746432 0.0 4.0 
1640 7540177.1 98.39564120465671 80.07337620491337 143.59346777343742 0 233 2.8329 0.0 8.181805246746432 0.0 4.0 
1641 7540210.4 98.3929205143692 80.07337620491337 143.59346777343742 0 233 2.8329 0.0 8.181805246746432 0.0 4.0 
1642 7540243.7 98.3929205143692 80.06870056963125 143.59346777343742 0 233 2.8329 0.0 8.181805246746432 0.0 4.0 
1643 7540277.1 98.3929205143692 80.06870056963125 143.59346777343742 0 233 2.8329 0.0 8.181805246746432 0.0 4.0 
1644 7540310.4 98.38645361479782 80.06384133823715 143.59346777343742 0 233 2.8329 0.0 8.181805246746432 0.0 4.0 
1645 7540343.8 98.38645361479782 80.06384133823715 143.59346777343742 0 233 2.8329 0.0 8.181805246746432 0.0 4.0 
1646 7540377.1 98.38645361479782 80.06384133823715 143.59346777343742 0 233 2.8329 0.0 8.181805246746432 0.0 4.0 
1647 7540410.4 98.38645361479782 80.06384133823715 143.59346777343742 0 233 2.8329 0.0 8.181805246746432 0.0 4.0 
1648 7540443.8 98.38315028204207 80.06275377821171 143.59346777343742 0 233 2.8329 0.0 8.181805246746432 0.0 4.0 
1649 7540477.1 98.38315028204207 80.06275377821171 143.59346777343742 0 233 2.8329 0.0 8.181805246746432 0.0 4.0 
1650 7540510.4 98.3796107318801 80.06275377821171 143.59346777343742 0 233 2.8329 0.0 8.181805246746432 0.0 4.0 
1651 7540543.8 98.3796107318801 80.0599721570097 143.59346777343742 0 233 2.8329 0.0 8.181805246746432 0.0 4.0 
1652 7540577.1 98.3796107318801 80.0599721570097 143.59346777343742 0 233 2.8329 0.0 8.181805246746432 0.0 4.0 
1653 7540610.4 98.37772501606204 80.0599721570097 143.59346777343742 0 233 2.8329 0.0 8.181805246746432 0.0 4.0 
1654 7540643.8 98.37772501606204 80.05607236515603 143.59346777343742 0 233 2.8329 0.0 8.181805246746432 0.0 4.0 
1655 7540677.1 98.37772501606204 80.05607236515603 143.59346777343742 0 233 2.8329 0.0 8.181805246746432 0.0 4.0 
1656 7540710.5 98.37772501606204 80.05402793427878 143.59346777343742 0 233 2.8329 0.0 8.181805246746432 0.0 4.0 
1657 7540743.8 98.37772501606204 80.05402793427878 143.59346777343742 0 233 2.8329 0.0 8.181805246746432 0.0 4.0 
1658 7540777.1 98.37772501606204 80.05141929219582 143.59346777343742 0 233 2.8329 0.0 8.181805246746432 0.0 4.0 
1659 7540810.5 98.37772501606204 80.05141929219582 143.59346777343742 0 233 2.8329 0.0 8.181805246746432 0.0 4.0 
1660 7540843.8 98.37772501606204 80.05141929219582 143.59346777343742 0 233 2.8329 0.0 8.181805246746432 0.0 4.0 
1661 7540877.1 98.37534324348873 80.05141929219582 143.59346777343742 0 233 2.8329 0.0 8.181805246746432 0.0 4.0 
1662 7540910.5 98.37534324348873 80.04935135685977 143.59346777343742 0 233 2.8329 0.0 8.181805246746432 0.0 4.0 
1663 7540943.8 98.37534324348873 80.04935135685977 143.59346777343742 0 233 2.8329 0.0 8.181805246746432 0.0 4.0 
1664 7540977.1 98.37534324348873 80.04935135685977 143.59346777343742 0 233 2.8329 0.0 8.181805246746432 0.0 4.0 
1665 7541010.5 98.37072246944867 80.04935135685977 143.59346777343742 0 233 2.8329 0.0 8.181805246746432 0.0 4.0 
1666 7541043.8 98.37072246944867 80.04630266297522 143.59346777343742 0 233 2.8329 0.0 8.181805246746432 0.0 4.0 
1667 7541077.1 98.37072246944867 80.04630266297522 143.59346777343742 0 233 2.8329 0.0 8.181805246746432 0.0 4.0 
1668 7541110.5 98.37072246944867 80.04630266297522 143.59346777343742 0 233 2.8329 0.0 8.181805246746432 0.0 4.0 
1669 7541143.8 98.36357923598084 80.04353283577477 143.59346777343742 0 233 2.8329 0.0 8.181805246746432 0.0 4.0 
1670 7541177.2 98.36357923598084 80.04353283577477 143.59346777343742 0 233 2.8329 0.0 8.181805246746432 0.0 4.0 
1671 7541210.5 98.36357923598084 80.04353283577477 143.59346777343742 0 233 2.8329 0.0 8.181805246746432 0.0 4.0 
1672 7541243.8 98.35813535812136 80.04176182631842 143.59346777343742 0 233 2.8329 0.0 8.181805246746432 0.0 4.0 
1673 7541277.2 98.35813535812136 80.04176182631842 143.59346777343742 0 233 2.8329 0.0 8.181805246746432 0.0 4.0 
1674 7541310.5 98.35813535812136 80.04176182631842 143.59346777343742 0 233 2.8329 0.0 8.181805246746432 0.0 4.0 
1675 7541343.8 98.35602617602434 80.04176182631842 143.59346777343742 0 233 2.8329 0.0 8.181805246746432 0.0 4.0 
1676 7541377.2 98.35602617602434 80.03989609863302 143.59346777343742 0 233 2.8329 0.0 8.181805246746432 0.0 4.0 
1677 7541410.5 98.35602617602434 80.03989609863302 143.59346777343742 0 233 2.8329 0.0 8.181805246746432 0.0 4.0 
1678 7541443.8 98.35602617602434 80.03989609863302 143.59346777343742 0 233 2.8329 0.0 8.181805246746432 0.0 4.0 
1679 7541477.2 98.35146863949774 80.03571423797531 143.59346777343742 0 233 2.8329 0.0 8.181805246746432 0.0 4.0 
1680 7541510.5 98.35146863949774 80.03571423797531 143.59346777343742 0 233 2.8329 0.0 8.181805246746432 0.0 4.0 
1681 7541543.9 98.35146863949774 80.03571423797531 143.59346777343742 0 233 2.8329 0.0 8.181805246746432 0.0 4.0 
1682 7541577.2 98.34847292381814 80.03329139301076 143.59346777343742 0 233 2.8329 0.0 8.181805246746432 0.0 4.0 
1683 7541610.5 98.34847292381814 80.03329139301076 143.59346777343742 0 233 2.8329 0.0 8.181805246746432 0.0 4.0 
1684 7541643.9 98.34412414926747 80.03329139301076 143.59346777343742 0 233 2.8329 0.0 8.181805246746432 0.0 4.0 
1685 7541677.2 98.34412414926747 80.03023972233156 143.59346777343742 0 233 2.8329 0.0 8.181805246746432 0.0 4.0 
1686 7541710.5 98.34412414926747 80.03023972233156 143.59346777343742 0 233 2.8329 0.0 8.181805246746432 0.0 4.0 
1687 7541743.9 98.34412414926747 80.03023972233156 143.59346777343742 0 233 2.8329 0.0 8.181805246746432 0.0 4.0 
1688 7541777.2 98.33629069610109 80.03023972233156 143.59346777343742 0 233 2.8329 0.0 8.181805246746432 0.0 4.0 
1689 7541810.5 98.33629069610109 80.02781111302016 143.59346777343742 0 233 2.8329 0.0 8.181805246746432 0.0 4.0 
1690 7541843.9 98.33629069610109 80.02781111302016 143.59346777343742 0 233 2.8329 0.0 8.181805246746432 0.0 4.0 
1691 7541877.2 98.32506912304832 80.02353200072295 143.59346777343742 0 233 2.8329 0.0 8.181805246746432 0.0 4.0 
1692 7541910.5 98.32506912304832 80.02353200072295 143.59346777343742 0 233 2.8329 0.0 8.181805246746432 0.0 4.0 
1693 7541943.9 98.32506912304832 80.02353200072295 143.59346777343742 0 233 2.8329 0.0 8.181805246746432 0.0 4.0 
1694 7541977.2 98.32506912304832 80.02353200072295 143.59346777343742 0 233 2.8329 0.0 8.181805246746432 0.0 4.0 
1695 7542010.6 98.3190233365887 80.02353200072295 143.59346777343742 0 233 2.8329 0.0 8.181805246746432 0.0 4.0 
1696 7542043.9 98.3190233365887 80.01941374331129 143.59346777343742 0 233 2.8329 0.0 8.181805246746432 0.0 4.0 
1697 7542077.2 98.3190233365887 80.01941374331129 143.59346777343742 0 233 2.8329 0.0 8.181805246746432 0.0 4.0 
1698 7542110.6 98.3190233365887 80.01941374331129 143.59346777343742 0 233 2.8329 0.0 8.181805246746432 0.0 4.0 
1699 7542143.9 98.30927964227519 80.01941374331129 143.59346777343742 0 233 2.8329 0.0 8.181805246746432 0.0 4.0 
1700 7542177.2 98.30927964227519 80.01193113581442 143.59346777343742 0 233 2.8329 0.0 8.181805246746432 0.0 4.0 
1701 7542210.6 98.30927964227519 80.01193113581442 143.59346777343742 0 233 2.8329 0.0 8.181805246746432 0.0 4.0 
1702 7542243.9 98.30250923290693 80.01193113581442 143.59346777343742 0 233 2.8329 0.0 8.181805246746432 0.0 4.0 
1703 7542277.2 98.30250923290693 80.01193113581442 143.59346777343742 0 233 2.8329 0.0 8.181805246746432 0.0 4.0 
1704 7542310.6 98.30250923290693 80.01193113581442 143.59346777343742 0 233 2.8329 0.0 8.181805246746432 0.0 4.0 
1705 7542343.9 98.29757626486439 80.00988778872706 143.59346777343742 0 233 2.8329 0.0 8.181805246746432 0.0 4.0 
1706 7542377.3 98.29757626486439 80.00988778872706 143.59346777343742 0 233 2.8329 0.0 8.181805246746432 0.0 4.0 
1707 7542410.6 98.29757626486439 80.00988778872706 143.59346777343742 0 233 2.8329 0.0 8.181805246746432 0.0 4.0 
1708 7542443.9 98.29757626486439 80.00988778872706 143.59346777343742 0 233 2.8329 0.0 8.181805246746432 0.0 4.0 
1709 7542477.3 98.29537951858327 80.00988778872706 143.59346777343742 0 233 2.8329 0.0 8.181805246746432 0.0 4.0 
1710 7542510.6 98.29537951858327 80.00438417674759 143.59346777343742 0 233 2.8329 0.0 8.181805246746432 0.0 4.0 
1711 7542543.9 98.29537951858327 80.00438417674759 143.59346777343742 0 233 2.8329 0.0 8.181805246746432 0.0 4.0 
1712 7542577.3 98.29537951858327 80.00438417674759 143.59346777343742 0 233 2.8329 0.0 8.181805246746432 0.0 4.0 
1713 7542610.6 98.28504577252737 80.00438417674759 143.59346777343742 0 233 2.8329 0.0 8.181805246746432 0.0 4.0 
1714 7542643.9 98.28504577252737 79.99922153708422 143.59346777343742 0 233 2.8329 0.0 8.181805246746432 0.0 4.0 
1715 7542677.3 98.28504577252737 79.99922153708422 143.59346777343742 0 233 2.8329 0.0 8.181805246746432 0.0 4.0 
1716 7542710.6 98.28504577252737 79.99922153708422 143.59346777343742 0 233 2.8329 0.0 8.181805246746432 0.0 4.0 
1717 7542743.9 98.2776405440244 80.00044081410103 143.59346777343742 0 233 2.8329 0.0 8.181805246746432 0.0 4.0 
1718 7542777.3 98.2776405440244 80.00044081410103 143.59346777343742 0 233 2.8329 0.0 8.181805246746432 0.0 4.0 
1719 7542810.6 98.2776405440244 80.00044081410103 143.59346777343742 0 233 2.8329 0.0 8.181805246746432 0.0 4.0 
1720 7542844.0 98.2776405440244 80.00044081410103 143.59346777343742 0 233 2.8329 0.0 8.181805246746432 0.0 4.0 
1721 7542877.3 98.2679015178708 80.00044081410103 143.59346777343742 0 233 2.8329 0.0 8.181805246746432 0.0 4.0 
1722 7542910.6 98.2679015178708 80.00414341837207 143.59346777343742 0 233 2.8329 0.0 8.181805246746432 0.0 4.0 
1723 7542944.0 98.2679015178708 80.00414341837207 143.59346777343742 0 233 2.8329 0.0 8.181805246746432 0.0 4.0 
1724 7542977.3 98.2679015178708 80.00414341837207 143.59346777343742 0 233 2.8329 0.0 8.181805246746432 0.0 4.0 
1725 7543010.6 98.26067419147594 80.00414341837207 143.59346777343742 0 233 2.8329 0.0 8.181805246746432 0.0 4.0 
1726 7543044.0 98.26067419147594 80.00747998046594 143.59346777343742 0 233 2.8329 0.0 8.181805246746432 0.0 4.0 
1727 7543077.3 98.26067419147594 80.00747998046594 143.59346777343742 0 233 2.8329 0.0 8.181805246746432 0.0 4.0 
1728 7543110.6 98.26067419147594 80.00747998046594 143.59346777343742 0 233 2.8329 0.0 8.181805246746432 0.0 4.0 
1729 7543144.0 98.24893621424144 80.01005033052493 143.59346777343742 0 233 2.8329 0.0 8.181805246746432 0.0 4.0 
1730 7543177.3 98.24893621424144 80.01005033052493 143.59346777343742 0 233 2.8329 0.0 8.181805246746432 0.0 4.0 
1731 7543210.7 98.24893621424144 80.01005033052493 143.59346777343742 0 233 2.8329 0.0 8.181805246746432 0.0 4.0 
1732 7543244.0 98.24893621424144 80.01005033052493 143.59346777343742 0 233 2.8329 0.0 8.181805246746432 0.0 4.0 
1733 7543277.3 98.24280215192174 80.01005033052493 143.59346777343742 0 233 2.8329 0.0 8.181805246746432 0.0 4.0 
1734 7543310.7 98.24280215192174 80.01005033052493 143.59346777343742 0 233 2.8329 0.0 8.181805246746432 0.0 4.0 
1735 7543344.0 98.24280215192174 80.01005033052493 143.59346777343742 0 233 2.8329 0.0 8.181805246746432 0.0 4.0 
1736 7543377.3 98.2349786670811 80.01005033052493 143.59346777343742 0 233 2.8329 0.0 8.181805246746432 0.0 4.0 
1737 7543410.7 98.2349786670811 80.00800482247344 143.59346777343742 0 233 2.8329 0.0 8.181805246746432 0.0 4.0 
1738 7543444.0 98.2349786670811 80.00800482247344 143.59346777343742 0 233 2.8329 0.0 8.181805246746432 0.0 4.0 
1739 7543477.3 98.2349786670811 80.00800482247344 143.59346777343742 0 233 2.8329 0.0 8.181805246746432 0.0 4.0 
1740 7543510.7 98.22752476811466 80.00339703353963 143.59346777343742 0 233 2.8329 0.0 8.181805246746432 0.0 4.0 
1741 7543544.0 98.22752476811466 80.00339703353963 143.59346777343742 0 233 2.8329 0.0 8.181805246746432 0.0 4.0 
1742 7543577.3 98.22752476811466 80.00339703353963 143.59346777343742 0 233 2.8329 0.0 8.181805246746432 0.0 4.0 
1743 7543610.7 98.21766895972327 80.00339703353963 143.59346777343742 0 233 2.8329 0.0 8.181805246746432 0.0 4.0 
1744 7543644.0 98.21766895972327 79.99246208365658 143.59346777343742 0 233 2.8329 0.0 8.181805246746432 0.0 4.0 
1745 7543677.4 98.21766895972327 79.99246208365658 143.59346777343742 0 233 2.8329 0.0 8.181805246746432 0.0 4.0 
1746 7543710.7 98.21058704965382 79.99246208365658 143.59346777343742 0 233 2.8329 0.0 8.181805246746432 0.0 4.0 
1747 7543744.0 98.21058704965382 79.99246208365658 143.59346777343742 0 233 2.8329 0.0 8.181805246746432 0.0 4.0 
1748 7543777.4 98.21058704965382 79.99246208365658 143.59346777343742 0 233 2.8329 0.0 8.181805246746432 0.0 4.0 
1749 7543810.7 98.20477423403776 79.99246208365658 143.59346777343742 0 233 2.8329 0.0 8.181805246746432 0.0 4.0 
1750 7543844.0 98.20477423403776 79.9892707204771 143.59346777343742 0 233 2.8329 0.0 8.181805246746432 0.0 4.0 
1751 7543877.4 98.20477423403776 79.9892707204771 143.59346777343742 0 233 2.8329 0.0 8.181805246746432 0.0 4.0 
1752 7543910.7 98.1980496158278 79.98804754421309 143.59346777343742 0 233 2.8329 0.0 8.181805246746432 0.0 4.0 
1753 7543944.0 98.1980496158278 79.98804754421309 143.59346777343742 0 233 2.8329 0.0 8.181805246746432 0.0 4.0 
1754 7543977.4 98.1980496158278 79.98804754421309 143.59346777343742 0 233 2.8329 0.0 8.181805246746432 0.0 4.0 
1755 7544010.7 98.19224746035314 79.98804754421309 143.59346777343742 0 233 2.8329 0.0 8.181805246746432 0.0 4.0 
1756 7544044.1 98.19224746035314 79.9857538015692 143.59346777343742 0 233 2.8329 0.0 8.181805246746432 0.0 4.0 
1757 7544077.4 98.19224746035314 79.9857538015692 143.59346777343742 0 233 2.8329 0.0 8.181805246746432 0.0 4.0 
1758 7544110.7 98.18409974178061 79.9857538015692 143.59346777343742 0 233 2.8329 0.0 8.181805246746432 0.0 4.0 
1759 7544144.1 98.18409974178061 79.98286673333061 143.59346777343742 0 233 2.8329 0.0 8.181805246746432 0.0 4.0 
1760 7544177.4 98.18409974178061 79.98286673333061 143.59346777343742 0 233 2.8329 0.0 8.181805246746432 0.0 4.0 
1761 7544210.7 98.17581617322499 79.97900062609642 143.59346777343742 0 233 2.8329 0.0 8.181805246746432 0.0 4.0 
1762 7544244.1 98.17581617322499 79.97900062609642 143.59346777343742 0 233 2.8329 0.0 8.181805246746432 0.0 4.0 
1763 7544277.4 98.17581617322499 79.97900062609642 143.59346777343742 0 233 2.8329 0.0 8.181805246746432 0.0 4.0 
1764 7544310.7 98.17581617322499 79.97900062609642 143.59346777343742 0 233 2.8329 0.0 8.181805246746432 0.0 4.0 
1765 7544344.1 98.16897359512735 79.97598471971911 143.59346777343742 0 233 2.8329 0.0 8.181805246746432 0.0 4.0 
1766 7544377.4 98.16897359512735 79.97598471971911 143.59346777343742 0 233 2.8329 0.0 8.181805246746432 0.0 4.0 
1767 7544410.7 98.16897359512735 79.97598471971911 143.59346777343742 0 233 2.8329 0.0 8.181805246746432 0.0 4.0 
1768 7544444.1 98.16185426143818 79.97598471971911 143.59346777343742 0 233 2.8329 0.0 8.181805246746432 0.0 4.0 
1769 7544477.4 98.16185426143818 79.97023935057734 143.59346777343742 0 233 2.8329 0.0 8.181805246746432 0.0 4.0 
1770 7544510.8 98.16185426143818 79.97023935057734 143.59346777343742 0 233 2.8329 0.0 8.181805246746432 0.0 4.0 
1771 7544544.1 98.15361906171168 79.97023935057734 143.59346777343742 0 233 2.8329 0.0 8.181805246746432 0.0 4.0 
1772 7544577.4 98.15361906171168 79.96357730854002 143.59346777343742 0 233 2.8329 0.0 8.181805246746432 0.0 4.0 
1773 7544610.8 98.15361906171168 79.96357730854002 143.59346777343742 0 233 2.8329 0.0 8.181805246746432 0.0 4.0 
1774 7544644.1 98.15361906171168 79.96357730854002 143.59346777343742 0 233 2.8329 0.0 8.181805246746432 0.0 4.0 
1775 7544677.4 98.1486023416216 79.96009380900371 143.59346777343742 0 233 2.8329 0.0 8.181805246746432 0.0 4.0 
1776 7544710.8 98.1486023416216 79.96009380900371 143.59346777343742 0 233 2.8329 0.0 8.181805246746432 0.0 4.0 
1777 7544744.1 98.1486023416216 79.96009380900371 143.59346777343742 0 233 2.8329 0.0 8.181805246746432 0.0 4.0 
1778 7544777.4 98.1486023416216 79.96009380900371 143.59346777343742 0 233 2.8329 0.0 8.181805246746432 0.0 4.0 
1779 7544810.8 98.14083926741382 79.96009380900371 143.59346777343742 0 233 2.8329 0.0 8.181805246746432 0.0 4.0 
1780 7544844.1 98.14083926741382 79.95195195649094 143.59346777343742 0 233 2.8329 0.0 8.181805246746432 0.0 4.0 
1781 7544877.5 98.14083926741382 79.95195195649094 143.59346777343742 0 233 2.8329 0.0 8.181805246746432 0.0 4.0 
1782 7544910.8 98.13630700719813 79.95195195649094 143.59346777343742 0 233 2.8329 0.0 8.181805246746432 0.0 4.0 
1783 7544944.1 98.13630700719813 79.94779042240856 143.59346777343742 0 233 2.8329 0.0 8.181805246746432 0.0 4.0 
1784 7544977.5 98.13630700719813 79.94779042240856 143.59346777343742 0 233 2.8329 0.0 8.181805246746432 0.0 4.0 
1785 7545010.8 98.13630700719813 79.94779042240856 143.59346777343742 0 233 2.8329 0.0 8.181805246746432 0.0 4.0 
1786 7545044.1 98.13456419539978 79.9464999208224 143.59346777343742 0 233 2.8329 0.0 8.181805246746432 0.0 4.0 
1787 7545077.5 98.13456419539978 79.9464999208224 143.59346777343742 0 233 2.8329 0.0 8.181805246746432 0.0 4.0 
1788 7545110.8 98.13456419539978 79.9464999208224 143.59346777343742 0 233 2.8329 0.0 8.181805246746432 0.0 4.0 
1789 7545144.1 98.13015972193136 79.94281270226355 143.59346777343742 0 233 2.8329 0.0 8.181805246746432 0.0 4.0 
1790 7545177.5 98.13015972193136 79.94281270226355 143.59346777343742 0 233 2.8329 0.0 8.181805246746432 0.0 4.0 
1791 7545210.8 98.13015972193136 79.94281270226355 143.59346777343742 0 233 2.8329 0.0 8.181805246746432 0.0 4.0 
1792 7545244.1 98.12825901321929 79.94281270226355 143.59346777343742 0 233 2.8329 0.0 8.181805246746432 0.0 4.0 
1793 7545277.5 98.12825901321929 79.94162566901726 143.59346777343742 0 233 2.8329 0.0 8.181805246746432 0.0 4.0 
1794 7545310.8 98.12825901321929 79.94162566901726 143.59346777343742 0 233 2.8329 0.0 8.181805246746432 0.0 4.0 
1795 7545344.2 98.12825901321929 79.94162566901726 143.59346777343742 0 233 2.8329 0.0 8.181805246746432 0.0 4.0 
1796 7545377.5 98.12825901321929 79.94162566901726 143.59346777343742 0 233 2.8329 0.0 8.181805246746432 0.0 4.0 
1797 7545410.8 98.13083208765887 79.9436279178632 143.59346777343742 0 233 2.8329 0.0 8.181805246746432 0.0 4.0 
1798 7545444.2 98.13083208765887 79.9436279178632 143.59346777343742 0 233 2.8329 0.0 8.181805246746432 0.0 4.0 
1799 7545477.5 98.13083208765887 79.9436279178632 143.59346777343742 0 233 2.8329 0.0 8.181805246746432 0.0 4.0 
1800 7545510.8 98.13434101632309 79.94542154681983 143.59346777343742 0 233 2.8329 0.0 8.181805246746432 0.0 4.0 
1801 7545544.2 98.13434101632309 79.94542154681983 143.59346777343742 0 233 2.8329 0.0 8.181805246746432 0.0 4.0 
1802 7545577.5 98.13434101632309 79.94542154681983 143.59346777343742 0 233 2.8329 0.0 8.181805246746432 0.0 4.0 
1803 7545610.8 98.13753363956718 79.94542154681983 143.59346777343742 0 233 2.8329 0.0 8.181805246746432 0.0 4.0 
1804 7545644.2 98.13753363956718 79.94298065201306 143.59346777343742 0 233 2.8329 0.0 8.181805246746432 0.0 4.0 
1805 7545677.5 98.13753363956718 79.94298065201306 143.59346777343742 0 233 2.8329 0.0 8.181805246746432 0.0 4.0 
1806 7545710.9 98.13923657565975 79.94298065201306 143.59346777343742 0 233 2.8329 0.0 8.181805246746432 0.0 4.0 
1807 7545744.2 98.13923657565975 79.93095410529126 143.59346777343742 0 233 2.8329 0.0 8.181805246746432 0.0 4.0 
1808 7545777.5 98.13923657565975 79.93095410529126 143.59346777343742 0 233 2.8329 0.0 8.181805246746432 0.0 4.0 
1809 7545810.9 98.14103395923827 79.92910123748628 143.59346777343742 0 233 2.8329 0.0 8.181805246746432 0.0 4.0 
1810 7545844.2 98.14103395923827 79.92910123748628 143.59346777343742 0 233 2.8329 0.0 8.181805246746432 0.0 4.0 
1811 7545877.5 98.14103395923827 79.92910123748628 143.59346777343742 0 233 2.8329 0.0 8.181805246746432 0.0 4.0 
1812 7545910.9 98.13963022963561 79.91959808929995 143.59346777343742 0 233 2.8329 0.0 8.181805246746432 0.0 4.0 
1813 7545944.2 98.13963022963561 79.91959808929995 143.59346777343742 0 233 2.8329 0.0 8.181805246746432 0.0 4.0 
1814 7545977.5 98.13963022963561 79.91959808929995 143.59346777343742 0 233 2.8329 0.0 8.181805246746432 0.0 4.0 
1815 7546010.9 98.13963022963561 79.91959808929995 143.59346777343742 0 233 2.8329 0.0 8.181805246746432 0.0 4.0 
1816 7546044.2 98.13285200416635 79.91959808929995 143.59346777343742 0 233 2.8329 0.0 8.181805246746432 0.0 4.0 
1817 7546077.5 98.13285200416635 79.9079941122868 143.59346777343742 0 233 2.8329 0.0 8.181805246746432 0.0 4.0 
1818 7546110.9 98.13285200416635 79.9079941122868 143.59346777343742 0 233 2.8329 0.0 8.181805246746432 0.0 4.0 
1819 7546144.2 98.13285200416635 79.9079941122868 143.59346777343742 0 233 2.8329 0.0 8.181805246746432 0.0 4.0 
1820 7546177.6 98.12547664761604 79.9029629434563 143.59346777343742 0 233 2.8329 0.0 8.181805246746432 0.0 4.0 
1821 7546210.9 98.12547664761604 79.9029629434563 143.59346777343742 0 233 2.8329 0.0 8.181805246746432 0.0 4.0 
1822 7546244.2 98.12547664761604 79.9029629434563 143.59346777343742 0 233 2.8329 0.0 8.181805246746432 0.0 4.0 
1823 7546277.6 98.12547664761604 79.9029629434563 143.59346777343742 0 233 2.8329 0.0 8.181805246746432 0.0 4.0 
1824 7546310.9 98.1225450809121 79.90398786339436 143.59346777343742 0 233 2.8329 0.0 8.181805246746432 0.0 4.0 
1825 7546344.2 98.1225450809121 79.90398786339436 143.59346777343742 0 233 2.8329 0.0 8.181805246746432 0.0 4.0 
1826 7546377.6 98.11960535504426 79.90398786339436 143.59346777343742 0 233 2.8329 0.0 8.181805246746432 0.0 4.0 
1827 7546410.9 98.11960535504426 79.90011032660357 143.59346777343742 0 233 2.8329 0.0 8.181805246746432 0.0 4.0 
1828 7546444.2 98.11960535504426 79.90011032660357 143.59346777343742 0 233 2.8329 0.0 8.181805246746432 0.0 4.0 
1829 7546477.6 98.118352304071 79.90011032660357 143.59346777343742 0 233 2.8329 0.0 8.181805246746432 0.0 4.0 
1830 7546510.9 98.118352304071 79.89448732916136 143.59346777343742 0 233 2.8329 0.0 8.181805246746432 0.0 4.0 
1831 7546544.3 98.118352304071 79.89448732916136 143.59346777343742 0 233 2.8329 0.0 8.181805246746432 0.0 4.0 
1832 7546577.6 98.118352304071 79.89448732916136 143.59346777343742 0 233 2.8329 0.0 8.181805246746432 0.0 4.0 
1833 7546610.9 98.1170354505986 79.88821116786491 143.59346777343742 0 233 2.8329 0.0 8.181805246746432 0.0 4.0 
1834 7546644.3 98.1170354505986 79.88821116786491 143.59346777343742 0 233 2.8329 0.0 8.181805246746432 0.0 4.0 
1835 7546677.6 98.1170354505986 79.88821116786491 143.59346777343742 0 233 2.8329 0.0 8.181805246746432 0.0 4.0 
1836 7546710.9 98.1170354505986 79.88821116786491 143.59346777343742 0 233 2.8329 0.0 8.181805246746432 0.0 4.0 
1837 7546744.3 98.1170354505986 79.88821116786491 143.59346777343742 0 233 2.8329 0.0 8.181805246746432 0.0 4.0 
1838 7546777.6 98.1170354505986 79.88821116786491 143.59346777343742 0 233 2.8329 0.0 8.181805246746432 0.0 4.0 
1839 7546810.9 98.1170354505986 79.88968038208279 143.59346777343742 0 233 2.8329 0.0 8.181805246746432 0.0 4.0 
1840 7546844.3 98.1170354505986 79.88968038208279 143.59346777343742 0 233 2.8329 0.0 8.181805246746432 0.0 4.0 
1841 7546877.6 98.1170354505986 79.88968038208279 143.59346777343742 0 233 2.8329 0.0 8.181805246746432 0.0 4.0 
1842 7546910.9 98.1170354505986 79.89091885230293 143.59346777343742 0 233 2.8329 0.0 8.181805246746432 0.0 4.0 
1843 7546944.3 98.1170354505986 79.89091885230293 143.59346777343742 0 233 2.8329 0.0 8.181805246746432 0.0 4.0 
1844 7546977.6 98.1170354505986 79.89091885230293 143.59346777343742 0 233 2.8329 0.0 8.181805246746432 0.0 4.0 
1845 7547011.0 98.11804855370744 79.89872949998336 143.59346777343742 0 233 2.8329 0.0 8.181805246746432 0.0 4.0 
1846 7547044.3 98.11804855370744 79.89872949998336 143.59346777343742 0 233 2.8329 0.0 8.181805246746432 0.0 4.0 
1847 7547077.6 98.11804855370744 79.89872949998336 143.59346777343742 0 233 2.8329 0.0 8.181805246746432 0.0 4.0 
1848 7547111.0 98.11804855370744 79.90536881286212 143.59346777343742 0 233 2.8329 0.0 8.181805246746432 0.0 4.0 
1849 7547144.3 98.11804855370744 79.90536881286212 143.59346777343742 0 233 2.8329 0.0 8.181805246746432 0.0 4.0 
1850 7547177.6 98.11804855370744 79.90536881286212 143.59346777343742 0 233 2.8329 0.0 8.181805246746432 0.0 4.0 
1851 7547211.0 98.11804855370744 79.90536881286212 143.59346777343742 0 233 2.8329 0.0 8.181805246746432 0.0 4.0 
1852 7547244.3 98.11922782084378 79.90536881286212 143.59346777343742 0 233 2.8329 0.0 8.181805246746432 0.0 4.0 
1853 7547277.6 98.11922782084378 79.91127727013114 143.59346777343742 0 233 2.8329 0.0 8.181805246746432 0.0 4.0 
1854 7547311.0 98.11922782084378 79.91127727013114 143.59346777343742 0 233 2.8329 0.0 8.181805246746432 0.0 4.0 
1855 7547344.3 98.11922782084378 79.91127727013114 143.59346777343742 0 233 2.8329 0.0 8.181805246746432 0.0 4.0 
1856 7547377.7 98.12247541435802 79.92116980357387 143.59346777343742 0 233 2.8329 0.0 8.181805246746432 0.0 4.0 
1857 7547411.0 98.12247541435802 79.92116980357387 143.59346777343742 0 233 2.8329 0.0 8.181805246746432 0.0 4.0 
1858 7547444.3 98.12247541435802 79.92116980357387 143.59346777343742 0 233 2.8329 0.0 8.181805246746432 0.0 4.0 
1859 7547477.7 98.12247541435802 79.92116980357387 143.59346777343742 0 233 2.8329 0.0 8.181805246746432 0.0 4.0 
1860 7547511.0 98.12522704854727 79.92116980357387 143.59346777343742 0 233 2.8329 0.0 8.181805246746432 0.0 4.0 
1861 7547544.3 98.12522704854727 79.93420477780978 143.59346777343742 0 233 2.8329 0.0 8.181805246746432 0.0 4.0 
1862 7547577.7 98.12522704854727 79.93420477780978 143.59346777343742 0 233 2.8329 0.0 8.181805246746432 0.0 4.0 
1863 7547611.0 98.12522704854727 79.93420477780978 143.59346777343742 0 233 2.8329 0.0 8.181805246746432 0.0 4.0 
1864 7547644.3 98.12522704854727 79.94728613679601 143.59346777343742 0 233 2.8329 0.0 8.181805246746432 0.0 4.0 
1865 7547677.7 98.12522704854727 79.94728613679601 143.59346777343742 0 233 2.8329 0.0 8.181805246746432 0.0 4.0 
1866 7547711.0 98.12522704854727 79.94728613679601 143.59346777343742 0 233 2.8329 0.0 8.181805246746432 0.0 4.0 
1867 7547744.3 98.12522704854727 79.94728613679601 143.59346777343742 0 233 2.8329 0.0 8.181805246746432 0.0 4.0 
1868 7547777.7 98.12751368163491 79.95778853717381 143.59346777343742 0 233 2.8329 0.0 8.181805246746432 0.0 4.0 
1869 7547811.0 98.12751368163491 79.95778853717381 143.59346777343742 0 233 2.8329 0.0 8.181805246746432 0.0 4.0 
1870 7547844.4 98.12751368163491 79.95778853717381 143.59346777343742 0 233 2.8329 0.0 8.181805246746432 0.0 4.0 
1871 7547877.7 98.12751368163491 79.95778853717381 143.59346777343742 0 233 2.8329 0.0 8.181805246746432 0.0 4.0 
1872 7547911.0 98.13127048443674 79.96509571478808 143.59346777343742 0 233 2.8329 0.0 8.181805246746432 0.0 4.0 
1873 7547944.4 98.13127048443674 79.96509571478808 143.59346777343742 0 233 2.8329 0.0 8.181805246746432 0.0 4.0 
1874 7547977.7 98.13127048443674 79.96509571478808 143.59346777343742 0 233 2.8329 0.0 8.181805246746432 0.0 4.0 
1875 7548011.0 98.13507306763879 79.96509571478808 143.59346777343742 0 233 2.8329 0.0 8.181805246746432 0.0 4.0 
1876 7548044.4 98.13507306763879 79.96722043639426 143.59346777343742 0 233 2.8329 0.0 8.181805246746432 0.0 4.0 
1877 7548077.7 98.13507306763879 79.96722043639426 143.59346777343742 0 233 2.8329 0.0 8.181805246746432 0.0 4.0 
1878 7548111.0 98.13344743820178 79.96722043639426 143.59346777343742 0 233 2.8329 0.0 8.181805246746432 0.0 4.0 
1879 7548144.4 98.13344743820178 79.96722043639426 143.59346777343742 0 233 2.8329 0.0 8.181805246746432 0.0 4.0 
1880 7548177.7 98.13344743820178 79.96722043639426 143.59346777343742 0 233 2.8329 0.0 8.181805246746432 0.0 4.0 
1881 7548211.1 98.12529637064452 79.97081679239952 143.59346777343742 0 233 2.8329 0.0 8.181805246746432 0.0 4.0 
1882 7548244.4 98.12529637064452 79.97081679239952 143.59346777343742 0 233 2.8329 0.0 8.181805246746432 0.0 4.0 
1883 7548277.7 98.12529637064452 79.97081679239952 143.59346777343742 0 233 2.8329 0.0 8.181805246746432 0.0 4.0 
1884 7548311.1 98.12529637064452 79.97081679239952 143.59346777343742 0 233 2.8329 0.0 8.181805246746432 0.0 4.0 
1885 7548344.4 98.1183170073235 79.97081679239952 143.59346777343742 0 233 2.8329 0.0 8.181805246746432 0.0 4.0 
1886 7548377.7 98.1183170073235 79.97594564415672 143.59346777343742 0 233 2.8329 0.0 8.181805246746432 0.0 4.0 
1887 7548411.1 98.1183170073235 79.97594564415672 143.59346777343742 0 233 2.8329 0.0 8.181805246746432 0.0 4.0 
1888 7548444.4 98.1183170073235 79.97594564415672 143.59346777343742 0 233 2.8329 0.0 8.181805246746432 0.0 4.0 
1889 7548477.7 98.10831623608323 79.97594564415672 143.59346777343742 0 233 2.8329 0.0 8.181805246746432 0.0 4.0 
1890 7548511.1 98.10831623608323 79.98341127322898 143.59346777343742 0 233 2.8329 0.0 8.181805246746432 0.0 4.0 
1891 7548544.4 98.10831623608323 79.98341127322898 143.59346777343742 0 233 2.8329 0.0 8.181805246746432 0.0 4.0 
1892 7548577.7 98.10831623608323 79.98341127322898 143.59346777343742 0 233 2.8329 0.0 8.181805246746432 0.0 4.0 
1893 7548611.1 98.10557823242301 79.98341127322898 143.59346777343742 0 233 2.8329 0.0 8.181805246746432 0.0 4.0 
1894 7548644.4 98.10557823242301 79.98341127322898 143.59346777343742 0 233 2.8329 0.0 8.181805246746432 0.0 4.0 
1895 7548677.8 98.10557823242301 79.98341127322898 143.59346777343742 0 233 2.8329 0.0 8.181805246746432 0.0 4.0 
1896 7548711.1 98.10384654346707 79.98473471942089 143.59346777343742 0 233 2.8329 0.0 8.181805246746432 0.0 4.0 
1897 7548744.4 98.10384654346707 79.98473471942089 143.59346777343742 0 233 2.8329 0.0 8.181805246746432 0.0 4.0 
1898 7548777.8 98.10384654346707 79.98473471942089 143.59346777343742 0 233 2.8329 0.0 8.181805246746432 0.0 4.0 
1899 7548811.1 98.09906975340301 79.98473471942089 143.59346777343742 0 233 2.8329 0.0 8.181805246746432 0.0 4.0 
1900 7548844.4 98.09906975340301 79.98806205026587 143.59346777343742 0 233 2.8329 0.0 8.181805246746432 0.0 4.0 
1901 7548877.8 98.09906975340301 79.98806205026587 143.59346777343742 0 233 2.8329 0.0 8.181805246746432 0.0 4.0 
1902 7548911.1 98.09906975340301 79.98806205026587 143.59346777343742 0 233 2.8329 0.0 8.181805246746432 0.0 4.0 
1903 7548944.4 98.09492396384688 79.99116714401433 143.59346777343742 0 233 2.8329 0.0 8.181805246746432 0.0 4.0 
1904 7548977.8 98.09492396384688 79.99116714401433 143.59346777343742 0 233 2.8329 0.0 8.181805246746432 0.0 4.0 
1905 7549011.1 98.09492396384688 79.99116714401433 143.59346777343742 0 233 2.8329 0.0 8.181805246746432 0.0 4.0 
1906 7549044.5 98.09492396384688 79.99116714401433 143.59346777343742 0 233 2.8329 0.0 8.181805246746432 0.0 4.0 
1907 7549077.8 98.09010842012364 79.99383418474737 143.59346777343742 0 233 2.8329 0.0 8.181805246746432 0.0 4.0 
1908 7549111.1 98.09010842012364 79.99383418474737 143.59346777343742 0 233 2.8329 0.0 8.181805246746432 0.0 4.0 
1909 7549144.5 98.09010842012364 79.99383418474737 143.59346777343742 0 233 2.8329 0.0 8.181805246746432 0.0 4.0 
1910 7549177.8 98.08872197754087 79.99383418474737 143.59346777343742 0 233 2.8329 0.0 8.181805246746432 0.0 4.0 
1911 7549211.1 98.08872197754087 79.99383418474737 143.59346777343742 0 233 2.8329 0.0 8.181805246746432 0.0 4.0 
1912 7549244.5 98.08872197754087 79.99383418474737 143.59346777343742 0 233 2.8329 0.0 8.181805246746432 0.0 4.0 
1913 7549277.8 98.08356103703382 79.99383418474737 143.59346777343742 0 233 2.8329 0.0 8.181805246746432 0.0 4.0 
1914 7549311.1 98.08356103703382 79.99757494741267 143.59346777343742 0 233 2.8329 0.0 8.181805246746432 0.0 4.0 
1915 7549344.5 98.08356103703382 79.99757494741267 143.59346777343742 0 233 2.8329 0.0 8.181805246746432 0.0 4.0 
1916 7549377.8 98.07604376933537 80.00191807493457 143.59346777343742 0 233 2.8329 0.0 8.181805246746432 0.0 4.0 
1917 7549411.1 98.07604376933537 80.00191807493457 143.59346777343742 0 233 2.8329 0.0 8.181805246746432 0.0 4.0 
1918 7549444.5 98.07604376933537 80.00191807493457 143.59346777343742 0 233 2.8329 0.0 8.181805246746432 0.0 4.0 
1919 7549477.8 98.07604376933537 80.00191807493457 143.59346777343742 0 233 2.8329 0.0 8.181805246746432 0.0 4.0 
1920 7549511.2 98.07080175792368 80.00191807493457 143.59346777343742 0 233 2.8329 0.0 8.181805246746432 0.0 4.0 
1921 7549544.5 98.07080175792368 80.0041721523293 143.59346777343742 0 233 2.8329 0.0 8.181805246746432 0.0 4.0 
1922 7549577.8 98.07080175792368 80.0041721523293 143.59346777343742 0 233 2.8329 0.0 8.181805246746432 0.0 4.0 
1923 7549611.2 98.06633846842644 80.0041721523293 143.59346777343742 0 233 2.8329 0.0 8.181805246746432 0.0 4.0 
1924 7549644.5 98.06633846842644 80.0041721523293 143.59346777343742 0 233 2.8329 0.0 8.181805246746432 0.0 4.0 
1925 7549677.8 98.06633846842644 80.0041721523293 143.59346777343742 0 233 2.8329 0.0 8.181805246746432 0.0 4.0 
1926 7549711.2 98.06633846842644 80.0041721523293 143.59346777343742 0 233 2.8329 0.0 8.181805246746432 0.0 4.0 
1927 7549744.5 98.06633846842644 80.0041721523293 143.59346777343742 0 233 2.8329 0.0 8.181805246746432 0.0 4.0 
1928 7549777.8 98.06633846842644 80.0041721523293 143.59346777343742 0 233 2.8329 0.0 8.181805246746432 0.0 4.0 
1929 7549811.2 98.06492119993179 80.0041721523293 143.59346777343742 0 233 2.8329 0.0 8.181805246746432 0.0 4.0 
1930 7549844.5 98.06492119993179 80.0041721523293 143.59346777343742 0 233 2.8329 0.0 8.181805246746432 0.0 4.0 
1931 7549877.9 98.0635481821057 80.0055623314713 143.59346777343742 0 233 2.8329 0.0 8.181805246746432 0.0 4.0 
1932 7549911.2 98.0635481821057 80.0055623314713 143.59346777343742 0 233 2.8329 0.0 8.181805246746432 0.0 4.0 
1933 7549944.5 98.0635481821057 80.0055623314713 143.59346777343742 0 233 2.8329 0.0 8.181805246746432 0.0 4.0 
1934 7549977.9 98.06118333800627 80.0055623314713 143.59346777343742 0 233 2.8329 0.0 8.181805246746432 0.0 4.0 
1935 7550011.2 98.06118333800627 80.00972284572559 143.59346777343742 0 233 2.8329 0.0 8.181805246746432 0.0 4.0 
1936 7550044.5 98.06118333800627 80.00972284572559 143.59346777343742 0 233 2.8329 0.0 8.181805246746432 0.0 4.0 
1937 7550077.9 98.06118333800627 80.00972284572559 143.59346777343742 0 233 2.8329 0.0 8.181805246746432 0.0 4.0 
1938 7550111.2 98.05874020019205 80.00647597554753 143.59346777343742 0 233 2.8329 0.0 8.181805246746432 0.0 4.0 
1939 7550144.5 98.05874020019205 80.00647597554753 143.59346777343742 0 233 2.8329 0.0 8.181805246746432 0.0 4.0 
1940 7550177.9 98.05874020019205 80.00647597554753 143.59346777343742 0 233 2.8329 0.0 8.181805246746432 0.0 4.0 
1941 7550211.2 98.05874020019205 80.00647597554753 143.59346777343742 0 233 2.8329 0.0 8.181805246746432 0.0 4.0 
1942 7550244.5 98.05874020019205 80.00231082840064 143.59346777343742 0 233 2.8329 0.0 8.181805246746432 0.0 4.0 
1943 7550277.9 98.05874020019205 80.00231082840064 143.59346777343742 0 233 2.8329 0.0 8.181805246746432 0.0 4.0 
1944 7550311.2 98.05874020019205 79.99973245737259 143.59346777343742 0 233 2.8329 0.0 8.181805246746432 0.0 4.0 
1945 7550344.6 98.05874020019205 79.99973245737259 143.59346777343742 0 233 2.8329 0.0 8.181805246746432 0.0 4.0 
1946 7550377.9 98.05874020019205 79.99973245737259 143.59346777343742 0 233 2.8329 0.0 8.181805246746432 0.0 4.0 
1947 7550411.2 98.0573581026413 79.99973245737259 143.59346777343742 0 233 2.8329 0.0 8.181805246746432 0.0 4.0 
1948 7550444.6 98.0573581026413 79.99973245737259 143.59346777343742 0 233 2.8329 0.0 8.181805246746432 0.0 4.0 
1949 7550477.9 98.0573581026413 79.99973245737259 143.59346777343742 0 233 2.8329 0.0 8.181805246746432 0.0 4.0 
1950 7550511.2 98.05959259030237 80.00119925675394 143.59346777343742 0 233 2.8329 0.0 8.181805246746432 0.0 4.0 
1951 7550544.6 98.05959259030237 80.00119925675394 143.59346777343742 0 233 2.8329 0.0 8.181805246746432 0.0 4.0 
1952 7550577.9 98.05959259030237 80.00119925675394 143.59346777343742 0 233 2.8329 0.0 8.181805246746432 0.0 4.0 
1953 7550611.2 98.06255045088335 80.00331744892311 143.59346777343742 0 233 2.8329 0.0 8.181805246746432 0.0 4.0 
1954 7550644.6 98.06255045088335 80.00331744892311 143.59346777343742 0 233 2.8329 0.0 8.181805246746432 0.0 4.0 
1955 7550677.9 98.06255045088335 80.00331744892311 143.59346777343742 0 233 2.8329 0.0 8.181805246746432 0.0 4.0 
1956 7550711.3 98.06369793979337 80.00331744892311 143.59346777343742 0 233 2.8329 0.0 8.181805246746432 0.0 4.0 
1957 7550744.6 98.06369793979337 80.00331744892311 143.59346777343742 0 233 2.8329 0.0 8.181805246746432 0.0 4.0 
1958 7550777.9 98.06369793979337 80.00331744892311 143.59346777343742 0 233 2.8329 0.0 8.181805246746432 0.0 4.0 
1959 7550811.3 98.06077250617889 80.00331744892311 143.59346777343742 0 233 2.8329 0.0 8.181805246746432 0.0 4.0 
1960 7550844.6 98.06077250617889 80.00331744892311 143.59346777343742 0 233 2.8329 0.0 8.181805246746432 0.0 4.0 
1961 7550877.9 98.06077250617889 80.00331744892311 143.59346777343742 0 233 2.8329 0.0 8.181805246746432 0.0 4.0 
1962 7550911.3 98.05149877854255 80.00331744892311 143.59346777343742 0 233 2.8329 0.0 8.181805246746432 0.0 4.0 
1963 7550944.6 98.05149877854255 80.00331744892311 143.59346777343742 0 233 2.8329 0.0 8.181805246746432 0.0 4.0 
1964 7550977.9 98.05149877854255 80.00331744892311 143.59346777343742 0 233 2.8329 0.0 8.181805246746432 0.0 4.0 
1965 7551011.3 98.04605448088483 80.00194212833698 143.59346777343742 0 233 2.8329 0.0 8.181805246746432 0.0 4.0 
1966 7551044.6 98.04605448088483 80.00194212833698 143.59346777343742 0 233 2.8329 0.0 8.181805246746432 0.0 4.0 
1967 7551077.9 98.04605448088483 80.00194212833698 143.59346777343742 0 233 2.8329 0.0 8.181805246746432 0.0 4.0 
1968 7551111.3 98.04278302134976 80.00194212833698 143.59346777343742 0 233 2.8329 0.0 8.181805246746432 0.0 4.0 
1969 7551144.6 98.04278302134976 80.00037381452186 143.59346777343742 0 233 2.8329 0.0 8.181805246746432 0.0 4.0 
1970 7551178.0 98.04278302134976 80.00037381452186 143.59346777343742 0 233 2.8329 0.0 8.181805246746432 0.0 4.0 
1971 7551211.3 98.04278302134976 80.00037381452186 143.59346777343742 0 233 2.8329 0.0 8.181805246746432 0.0 4.0 
1972 7551244.6 98.04278302134976 79.99899933358883 143.59346777343742 0 233 2.8329 0.0 8.181805246746432 0.0 4.0 
1973 7551278.0 98.04278302134976 79.99899933358883 143.59346777343742 0 233 2.8329 0.0 8.181805246746432 0.0 4.0 
1974 7551311.3 98.04278302134976 79.99899933358883 143.59346777343742 0 233 2.8329 0.0 8.181805246746432 0.0 4.0 
1975 7551344.6 98.05359882369311 79.99899933358883 143.59346777343742 0 233 2.8329 0.0 8.181805246746432 0.0 4.0 
1976 7551378.0 98.05359882369311 79.99899933358883 143.59346777343742 0 233 2.8329 0.0 8.181805246746432 0.0 4.0 
1977 7551411.3 98.07589037171903 80.00201468611 143.59346777343742 0 233 2.8329 0.0 8.181805246746432 0.0 4.0 
1978 7551444.6 98.07589037171903 80.00201468611 143.59346777343742 0 233 2.8329 0.0 8.181805246746432 0.0 4.0 
1979 7551478.0 98.07589037171903 80.00201468611 143.59346777343742 0 233 2.8329 0.0 8.181805246746432 0.0 4.0 
1980 7551511.3 98.08911293817347 80.00201468611 143.59346777343742 0 233 2.8329 0.0 8.181805246746432 0.0 4.0 
1981 7551544.7 98.08911293817347 80.00493042751032 143.59346777343742 0 233 2.8329 0.0 8.181805246746432 0.0 4.0 
1982 7551578.0 98.08911293817347 80.00493042751032 143.59346777343742 0 233 2.8329 0.0 8.181805246746432 0.0 4.0 
1983 7551611.3 98.08911293817347 80.00493042751032 143.59346777343742 0 233 2.8329 0.0 8.181805246746432 0.0 4.0 
1984 7551644.7 98.10274819801182 80.00493042751032 143.59346777343742 0 233 2.8329 0.0 8.181805246746432 0.0 4.0 
1985 7551678.0 98.10274819801182 80.00732556876531 143.59346777343742 0 233 2.8329 0.0 8.181805246746432 0.0 4.0 
1986 7551711.3 98.10274819801182 80.00732556876531 143.59346777343742 0 233 2.8329 0.0 8.181805246746432 0.0 4.0 
1987 7551744.7 98.11531383722492 80.00732556876531 143.59346777343742 0 233 2.8329 0.0 8.181805246746432 0.0 4.0 
1988 7551778.0 98.11531383722492 80.00732556876531 143.59346777343742 0 233 2.8329 0.0 8.181805246746432 0.0 4.0 
1989 7551811.3 98.11531383722492 80.00732556876531 143.59346777343742 0 233 2.8329 0.0 8.181805246746432 0.0 4.0 
1990 7551844.7 98.12834299776166 80.00865433173142 143.59346777343742 0 233 2.8329 0.0 8.181805246746432 0.0 4.0 
1991 7551878.0 98.12834299776166 80.00865433173142 143.59346777343742 0 233 2.8329 0.0 8.181805246746432 0.0 4.0 
1992 7551911.3 98.12834299776166 80.00865433173142 143.59346777343742 0 233 2.8329 0.0 8.181805246746432 0.0 4.0 
1993 7551944.7 98.14123840819504 80.00865433173142 143.59346777343742 0 233 2.8329 0.0 8.181805246746432 0.0 4.0 
1994 7551978.0 98.14123840819504 80.00865433173142 143.59346777343742 0 233 2.8329 0.0 8.181805246746432 0.0 4.0 
1995 7552011.4 98.14123840819504 80.00865433173142 143.59346777343742 0 233 2.8329 0.0 8.181805246746432 0.0 4.0 
1996 7552044.7 98.14123840819504 80.00865433173142 143.59346777343742 0 233 2.8329 0.0 8.181805246746432 0.0 4.0 
1997 7552078.0 98.14772068296686 80.00865433173142 143.59346777343742 0 233 2.8329 0.0 8.181805246746432 0.0 4.0 
1998 7552111.4 98.14772068296686 80.00865433173142 143.59346777343742 0 233 2.8329 0.0 8.181805246746432 0.0 4.0 
1999 7552144.7 98.15435700805996 80.00865433173142 143.59346777343742 0 233 2.8329 0.0 8.181805246746432 0.0 4.0 
2000 7552178.0 98.15435700805996 80.00865433173142 143.59346777343742 0 233 2.8329 0.0 8.181805246746432 0.0 4.0 
2001 7552211.4 98.15435700805996 80.00865433173142 143.59346777343742 0 233 2.8329 0.0 8.181805246746432 0.0 4.0 
2002 7552244.7 98.1594631692118 80.00865433173142 143.59346777343742 0 233 2.8329 0.0 8.181805246746432 0.0 4.0 
2003 7552278.0 98.1594631692118 80.00629486441389 143.59346777343742 0 233 2.8329 0.0 8.181805246746432 0.0 4.0 
2004 7552311.4 98.1594631692118 80.00629486441389 143.59346777343742 0 233 2.8329 0.0 8.181805246746432 0.0 4.0 
2005 7552344.7 98.1594631692118 80.00629486441389 143.59346777343742 0 233 2.8329 0.0 8.181805246746432 0.0 4.0 
2006 7552378.1 98.16418187143522 80.00629486441389 143.59346777343742 0 233 2.8329 0.0 8.181805246746432 0.0 4.0 
2007 7552411.4 98.16418187143522 80.00365470994932 143.59346777343742 0 233 2.8329 0.0 8.181805246746432 0.0 4.0 
2008 7552444.7 98.16418187143522 80.00365470994932 143.59346777343742 0 233 2.8329 0.0 8.181805246746432 0.0 4.0 
2009 7552478.1 98.16418187143522 80.00365470994932 143.59346777343742 0 233 2.8329 0.0 8.181805246746432 0.0 4.0 
2010 7552511.4 98.1718753824081 80.0023569230331 143.59346777343742 0 233 2.8329 0.0 8.181805246746432 0.0 4.0 
2011 7552544.7 98.1718753824081 80.0023569230331 143.59346777343742 0 233 2.8329 0.0 8.181805246746432 0.0 4.0 
2012 7552578.1 98.1718753824081 80.0023569230331 143.59346777343742 0 233 2.8329 0.0 8.181805246746432 0.0 4.0 
2013 7552611.4 98.1768385912154 80.0023569230331 143.59346777343742 0 233 2.8329 0.0 8.181805246746432 0.0 4.0 
2014 7552644.7 98.1768385912154 80.0023569230331 143.59346777343742 0 233 2.8329 0.0 8.181805246746432 0.0 4.0 
2015 7552678.1 98.1768385912154 80.0023569230331 143.59346777343742 0 233 2.8329 0.0 8.181805246746432 0.0 4.0 
2016 7552711.4 98.17927537874851 80.0023569230331 143.59346777343742 0 233 2.8329 0.0 8.181805246746432 0.0 4.0 
2017 7552744.7 98.17927537874851 80.0023569230331 143.59346777343742 0 233 2.8329 0.0 8.181805246746432 0.0 4.0 
2018 7552778.1 98.17927537874851 80.0023569230331 143.59346777343742 0 233 2.8329 0.0 8.181805246746432 0.0 4.0 
2019 7552811.4 98.18168592905472 80.0023569230331 143.59346777343742 0 233 2.8329 0.0 8.181805246746432 0.0 4.0 
2020 7552844.8 98.18168592905472 80.0023569230331 143.59346777343742 0 233 2.8329 0.0 8.181805246746432 0.0 4.0 
2021 7552878.1 98.18168592905472 80.0023569230331 143.59346777343742 0 233 2.8329 0.0 8.181805246746432 0.0 4.0 
2022 7552911.4 98.1888011907918 80.0023569230331 143.59346777343742 0 233 2.8329 0.0 8.181805246746432 0.0 4.0 
2023 7552944.8 98.1888011907918 80.0023569230331 143.59346777343742 0 233 2.8329 0.0 8.181805246746432 0.0 4.0 
2024 7552978.1 98.1888011907918 80.0023569230331 143.59346777343742 0 233 2.8329 0.0 8.181805246746432 0.0 4.0 
2025 7553011.4 98.19575844549856 79.99883435870542 143.59346777343742 0 233 2.8329 0.0 8.181805246746432 0.0 4.0 
2026 7553044.8 98.19575844549856 79.99883435870542 143.59346777343742 0 233 2.8329 0.0 8.181805246746432 0.0 4.0 
2027 7553078.1 98.19575844549856 79.99883435870542 143.59346777343742 0 233 2.8329 0.0 8.181805246746432 0.0 4.0 
2028 7553111.4 98.19575844549856 79.99883435870542 143.59346777343742 0 233 2.8329 0.0 8.181805246746432 0.0 4.0 
2029 7553144.8 98.20424817898063 79.99883435870542 143.59346777343742 0 233 2.8329 0.0 8.181805246746432 0.0 4.0 
2030 7553178.1 98.20424817898063 80.00038257418777 143.59346777343742 0 233 2.8329 0.0 8.181805246746432 0.0 4.0 
2031 7553211.5 98.20424817898063 80.00038257418777 143.59346777343742 0 233 2.8329 0.0 8.181805246746432 0.0 4.0 
2032 7553244.8 98.20424817898063 80.00038257418777 143.59346777343742 0 233 2.8329 0.0 8.181805246746432 0.0 4.0 
2033 7553278.1 98.21310667333334 80.00231729733949 143.59346777343742 0 233 2.8329 0.0 8.181805246746432 0.0 4.0 
2034 7553311.5 98.21310667333334 80.00231729733949 143.59346777343742 0 233 2.8329 0.0 8.181805246746432 0.0 4.0 
2035 7553344.8 98.21310667333334 80.00231729733949 143.59346777343742 0 233 2.8329 0.0 8.181805246746432 0.0 4.0 
2036 7553378.1 98.2227231871044 80.00231729733949 143.59346777343742 0 233 2.8329 0.0 8.181805246746432 0.0 4.0 
2037 7553411.5 98.2227231871044 80.00231729733949 143.59346777343742 0 233 2.8329 0.0 8.181805246746432 0.0 4.0 
2038 7553444.8 98.2227231871044 80.00231729733949 143.59346777343742 0 233 2.8329 0.0 8.181805246746432 0.0 4.0 
2039 7553478.1 98.22699509920058 80.00231729733949 143.59346777343742 0 233 2.8329 0.0 8.181805246746432 0.0 4.0 
2040 7553511.5 98.22699509920058 80.0012647968417 143.59346777343742 0 233 2.8329 0.0 8.181805246746432 0.0 4.0 
2041 7553544.8 98.22699509920058 80.0012647968417 143.59346777343742 0 233 2.8329 0.0 8.181805246746432 0.0 4.0 
2042 7553578.1 98.22699509920058 80.0012647968417 143.59346777343742 0 233 2.8329 0.0 8.181805246746432 0.0 4.0 
2043 7553611.5 98.23168352247622 80.0012647968417 143.59346777343742 0 233 2.8329 0.0 8.181805246746432 0.0 4.0 
2044 7553644.8 98.23168352247622 80.0012647968417 143.59346777343742 0 233 2.8329 0.0 8.181805246746432 0.0 4.0 
2045 7553678.2 98.23168352247622 80.0012647968417 143.59346777343742 0 233 2.8329 0.0 8.181805246746432 0.0 4.0 
2046 7553711.5 98.23857456382157 79.99867577021392 143.59346777343742 0 233 2.8329 0.0 8.181805246746432 0.0 4.0 
2047 7553744.8 98.23857456382157 79.99867577021392 143.59346777343742 0 233 2.8329 0.0 8.181805246746432 0.0 4.0 
2048 7553778.2 98.23857456382157 79.99867577021392 143.59346777343742 0 233 2.8329 0.0 8.181805246746432 0.0 4.0 
2049 7553811.5 98.23857456382157 79.99867577021392 143.59346777343742 0 233 2.8329 0.0 8.181805246746432 0.0 4.0 
2050 7553844.8 98.24435387799858 79.99649446209555 143.59346777343742 0 233 2.8329 0.0 8.181805246746432 0.0 4.0 
2051 7553878.2 98.24435387799858 79.99649446209555 143.59346777343742 0 233 2.8329 0.0 8.181805246746432 0.0 4.0 
2052 7553911.5 98.24435387799858 79.99649446209555 143.59346777343742 0 233 2.8329 0.0 8.181805246746432 0.0 4.0 
2053 7553944.8 98.24954621667686 79.99649446209555 143.59346777343742 0 233 2.8329 0.0 8.181805246746432 0.0 4.0 
2054 7553978.2 98.24954621667686 79.99480644414601 143.59346777343742 0 233 2.8329 0.0 8.181805246746432 0.0 4.0 
2055 7554011.5 98.24954621667686 79.99480644414601 143.59346777343742 0 233 2.8329 0.0 8.181805246746432 0.0 4.0 
2056 7554044.9 98.24954621667686 79.99480644414601 143.59346777343742 0 233 2.8329 0.0 8.181805246746432 0.0 4.0 
2057 7554078.2 98.25326255741528 79.99480644414601 143.59346777343742 0 233 2.8329 0.0 8.181805246746432 0.0 4.0 
2058 7554111.5 98.25326255741528 79.99480644414601 143.59346777343742 0 233 2.8329 0.0 8.181805246746432 0.0 4.0 
2059 7554144.9 98.25326255741528 79.99480644414601 143.59346777343742 0 233 2.8329 0.0 8.181805246746432 0.0 4.0 
2060 7554178.2 98.2592610707154 79.99480644414601 143.59346777343742 0 233 2.8329 0.0 8.181805246746432 0.0 4.0 
2061 7554211.5 98.2592610707154 79.99480644414601 143.59346777343742 0 233 2.8329 0.0 8.181805246746432 0.0 4.0 
2062 7554244.9 98.2592610707154 79.99480644414601 143.59346777343742 0 233 2.8329 0.0 8.181805246746432 0.0 4.0 
2063 7554278.2 98.26486382151074 79.99480644414601 143.59346777343742 0 233 2.8329 0.0 8.181805246746432 0.0 4.0 
2064 7554311.5 98.26486382151074 79.99274183729825 143.59346777343742 0 233 2.8329 0.0 8.181805246746432 0.0 4.0 
2065 7554344.9 98.26486382151074 79.99274183729825 143.59346777343742 0 233 2.8329 0.0 8.181805246746432 0.0 4.0 
2066 7554378.2 98.26486382151074 79.99274183729825 143.59346777343742 0 233 2.8329 0.0 8.181805246746432 0.0 4.0 
2067 7554411.5 98.2683837961233 79.99274183729825 143.59346777343742 0 233 2.8329 0.0 8.181805246746432 0.0 4.0 
2068 7554444.9 98.2683837961233 79.99274183729825 143.59346777343742 0 233 2.8329 0.0 8.181805246746432 0.0 4.0 
2069 7554478.2 98.27159201489174 79.99274183729825 143.59346777343742 0 233 2.8329 0.0 8.181805246746432 0.0 4.0 
2070 7554511.6 98.27159201489174 79.99274183729825 143.59346777343742 0 233 2.8329 0.0 8.181805246746432 0.0 4.0 
2071 7554544.9 98.27159201489174 79.99274183729825 143.59346777343742 0 233 2.8329 0.0 8.181805246746432 0.0 4.0 
2072 7554578.2 98.27299422512553 79.99274183729825 143.59346777343742 0 233 2.8329 0.0 8.181805246746432 0.0 4.0 
2073 7554611.6 98.27299422512553 79.99274183729825 143.59346777343742 0 233 2.8329 0.0 8.181805246746432 0.0 4.0 
2074 7554644.9 98.27299422512553 79.99274183729825 143.59346777343742 0 233 2.8329 0.0 8.181805246746432 0.0 4.0 
2075 7554678.2 98.27426833427225 79.99274183729825 143.59346777343742 0 233 2.8329 0.0 8.181805246746432 0.0 4.0 
2076 7554711.6 98.27426833427225 79.99138803338262 143.59346777343742 0 233 2.8329 0.0 8.181805246746432 0.0 4.0 
2077 7554744.9 98.27426833427225 79.99138803338262 143.59346777343742 0 233 2.8329 0.0 8.181805246746432 0.0 4.0 
2078 7554778.2 98.27426833427225 79.99138803338262 143.59346777343742 0 233 2.8329 0.0 8.181805246746432 0.0 4.0 
2079 7554811.6 98.2794854827704 79.99138803338262 143.59346777343742 0 233 2.8329 0.0 8.181805246746432 0.0 4.0 
2080 7554844.9 98.2794854827704 79.99138803338262 143.59346777343742 0 233 2.8329 0.0 8.181805246746432 0.0 4.0 
2081 7554878.3 98.2794854827704 79.99138803338262 143.59346777343742 0 233 2.8329 0.0 8.181805246746432 0.0 4.0 
2082 7554911.6 98.2811535628655 79.98992481718584 143.59346777343742 0 233 2.8329 0.0 8.181805246746432 0.0 4.0 
2083 7554944.9 98.2811535628655 79.98992481718584 143.59346777343742 0 233 2.8329 0.0 8.181805246746432 0.0 4.0 
2084 7554978.3 98.28539076311498 79.98992481718584 143.59346777343742 0 233 2.8329 0.0 8.181805246746432 0.0 4.0 
2085 7555011.6 98.28539076311498 79.98787032299396 143.59346777343742 0 233 2.8329 0.0 8.181805246746432 0.0 4.0 
2086 7555044.9 98.28539076311498 79.98787032299396 143.59346777343742 0 233 2.8329 0.0 8.181805246746432 0.0 4.0 
2087 7555078.3 98.28539076311498 79.98787032299396 143.59346777343742 0 233 2.8329 0.0 8.181805246746432 0.0 4.0 
2088 7555111.6 98.28896693293284 79.98787032299396 143.59346777343742 0 233 2.8329 0.0 8.181805246746432 0.0 4.0 
2089 7555144.9 98.28896693293284 79.98787032299396 143.59346777343742 0 233 2.8329 0.0 8.181805246746432 0.0 4.0 
2090 7555178.3 98.28896693293284 79.98787032299396 143.59346777343742 0 233 2.8329 0.0 8.181805246746432 0.0 4.0 
2091 7555211.6 98.28896693293284 79.98912136163615 143.59346777343742 0 233 2.8329 0.0 8.181805246746432 0.0 4.0 
2092 7555244.9 98.28896693293284 79.98912136163615 143.59346777343742 0 233 2.8329 0.0 8.181805246746432 0.0 4.0 
2093 7555278.3 98.28896693293284 79.98912136163615 143.59346777343742 0 233 2.8329 0.0 8.181805246746432 0.0 4.0 
2094 7555311.6 98.29299778990841 79.98802393738377 143.59346777343742 0 233 2.8329 0.0 8.181805246746432 0.0 4.0 
2095 7555345.0 98.29299778990841 79.98802393738377 143.59346777343742 0 233 2.8329 0.0 8.181805246746432 0.0 4.0 
2096 7555378.3 98.29299778990841 79.98802393738377 143.59346777343742 0 233 2.8329 0.0 8.181805246746432 0.0 4.0 
2097 7555411.6 98.29299778990841 79.98802393738377 143.59346777343742 0 233 2.8329 0.0 8.181805246746432 0.0 4.0 
2098 7555445.0 98.29447664831096 79.98802393738377 143.59346777343742 0 233 2.8329 0.0 8.181805246746432 0.0 4.0 
2099 7555478.3 98.29447664831096 79.9865251885293 143.59346777343742 0 233 2.8329 0.0 8.181805246746432 0.0 4.0 
2100 7555511.6 98.29447664831096 79.9865251885293 143.59346777343742 0 233 2.8329 0.0 8.181805246746432 0.0 4.0 
2101 7555545.0 98.29551288248032 79.9865251885293 143.59346777343742 0 233 2.8329 0.0 8.181805246746432 0.0 4.0 
2102 7555578.3 98.29551288248032 79.98417647199697 143.59346777343742 0 233 2.8329 0.0 8.181805246746432 0.0 4.0 
2103 7555611.6 98.29551288248032 79.98417647199697 143.59346777343742 0 233 2.8329 0.0 8.181805246746432 0.0 4.0 
2104 7555645.0 98.29551288248032 79.98417647199697 143.59346777343742 0 233 2.8329 0.0 8.181805246746432 0.0 4.0 
2105 7555678.3 98.29929207325216 79.98417647199697 143.59346777343742 0 233 2.8329 0.0 8.181805246746432 0.0 4.0 
2106 7555711.7 98.29929207325216 79.98417647199697 143.59346777343742 0 233 2.8329 0.0 8.181805246746432 0.0 4.0 
2107 7555745.0 98.30154331935869 79.98417647199697 143.59346777343742 0 233 2.8329 0.0 8.181805246746432 0.0 4.0 
2108 7555778.3 98.30154331935869 79.98417647199697 143.59346777343742 0 233 2.8329 0.0 8.181805246746432 0.0 4.0 
2109 7555811.7 98.30154331935869 79.98417647199697 143.59346777343742 0 233 2.8329 0.0 8.181805246746432 0.0 4.0 
2110 7555845.0 98.30385709835954 79.98417647199697 143.59346777343742 0 233 2.8329 0.0 8.181805246746432 0.0 4.0 
2111 7555878.3 98.30385709835954 79.98192995861733 143.59346777343742 0 233 2.8329 0.0 8.181805246746432 0.0 4.0 
2112 7555911.7 98.30385709835954 79.98192995861733 143.59346777343742 0 233 2.8329 0.0 8.181805246746432 0.0 4.0 
2113 7555945.0 98.30385709835954 79.98192995861733 143.59346777343742 0 233 2.8329 0.0 8.181805246746432 0.0 4.0 
2114 7555978.3 98.30502361741307 79.98192995861733 143.59346777343742 0 233 2.8329 0.0 8.181805246746432 0.0 4.0 
2115 7556011.7 98.30502361741307 79.98192995861733 143.59346777343742 0 233 2.8329 0.0 8.181805246746432 0.0 4.0 
2116 7556045.0 98.30502361741307 79.98192995861733 143.59346777343742 0 233 2.8329 0.0 8.181805246746432 0.0 4.0 
2117 7556078.3 98.30502361741307 79.98192995861733 143.59346777343742 0 233 2.8329 0.0 8.181805246746432 0.0 4.0 
2118 7556111.7 98.30683136274192 79.97922889703433 143.59346777343742 0 233 2.8329 0.0 8.181805246746432 0.0 4.0 
2119 7556145.0 98.30683136274192 79.97922889703433 143.59346777343742 0 233 2.8329 0.0 8.181805246746432 0.0 4.0 
2120 7556178.4 98.30683136274192 79.97922889703433 143.59346777343742 0 233 2.8329 0.0 8.181805246746432 0.0 4.0 
2121 7556211.7 98.31046471595243 79.97922889703433 143.59346777343742 0 233 2.8329 0.0 8.181805246746432 0.0 4.0 
2122 7556245.0 98.31046471595243 79.97644510010784 143.59346777343742 0 233 2.8329 0.0 8.181805246746432 0.0 4.0 
2123 7556278.4 98.31046471595243 79.97644510010784 143.59346777343742 0 233 2.8329 0.0 8.181805246746432 0.0 4.0 
2124 7556311.7 98.31046471595243 79.97644510010784 143.59346777343742 0 233 2.8329 0.0 8.181805246746432 0.0 4.0 
2125 7556345.0 98.31166069971212 79.97644510010784 143.59346777343742 0 233 2.8329 0.0 8.181805246746432 0.0 4.0 
2126 7556378.4 98.31166069971212 79.97528586202057 143.59346777343742 0 233 2.8329 0.0 8.181805246746432 0.0 4.0 
2127 7556411.7 98.31166069971212 79.97528586202057 143.59346777343742 0 233 2.8329 0.0 8.181805246746432 0.0 4.0 
2128 7556445.0 98.31281272177499 79.97528586202057 143.59346777343742 0 233 2.8329 0.0 8.181805246746432 0.0 4.0 
2129 7556478.4 98.31281272177499 79.97528586202057 143.59346777343742 0 233 2.8329 0.0 8.181805246746432 0.0 4.0 
2130 7556511.7 98.31281272177499 79.97528586202057 143.59346777343742 0 233 2.8329 0.0 8.181805246746432 0.0 4.0 
2131 7556545.1 98.31580417729649 79.9739958460684 143.59346777343742 0 233 2.8329 0.0 8.181805246746432 0.0 4.0 
2132 7556578.4 98.31580417729649 79.9739958460684 143.59346777343742 0 233 2.8329 0.0 8.181805246746432 0.0 4.0 
2133 7556611.7 98.31580417729649 79.9739958460684 143.59346777343742 0 233 2.8329 0.0 8.181805246746432 0.0 4.0 
2134 7556645.1 98.31580417729649 79.9739958460684 143.59346777343742 0 233 2.8329 0.0 8.181805246746432 0.0 4.0 
2135 7556678.4 98.31580417729649 79.9739958460684 143.59346777343742 0 233 2.8329 0.0 8.181805246746432 0.0 4.0 
2136 7556711.7 98.31580417729649 79.9739958460684 143.59346777343742 0 233 2.8329 0.0 8.181805246746432 0.0 4.0 
2137 7556745.1 98.31580417729649 79.97528485464716 143.59346777343742 0 233 2.8329 0.0 8.181805246746432 0.0 4.0 
2138 7556778.4 98.31580417729649 79.97528485464716 143.59346777343742 0 233 2.8329 0.0 8.181805246746432 0.0 4.0 
2139 7556811.7 98.31831859743933 79.97528485464716 143.59346777343742 0 233 2.8329 0.0 8.181805246746432 0.0 4.0 
2140 7556845.1 98.31831859743933 79.97528485464716 143.59346777343742 0 233 2.8329 0.0 8.181805246746432 0.0 4.0 
2141 7556878.4 98.31831859743933 79.97528485464716 143.59346777343742 0 233 2.8329 0.0 8.181805246746432 0.0 4.0 
2142 7556911.7 98.31967070878926 79.97528485464716 143.59346777343742 0 233 2.8329 0.0 8.181805246746432 0.0 4.0 
2143 7556945.1 98.31967070878926 79.97528485464716 143.59346777343742 0 233 2.8329 0.0 8.181805246746432 0.0 4.0 
2144 7556978.4 98.31967070878926 79.97407228740116 143.59346777343742 0 233 2.8329 0.0 8.181805246746432 0.0 4.0 
2145 7557011.8 98.31967070878926 79.97407228740116 143.59346777343742 0 233 2.8329 0.0 8.181805246746432 0.0 4.0 
2146 7557045.1 98.31967070878926 79.97407228740116 143.59346777343742 0 233 2.8329 0.0 8.181805246746432 0.0 4.0 
2147 7557078.4 98.32112023153203 79.97407228740116 143.59346777343742 0 233 2.8329 0.0 8.181805246746432 0.0 4.0 
2148 7557111.8 98.32112023153203 79.97271635395164 143.59346777343742 0 233 2.8329 0.0 8.181805246746432 0.0 4.0 
2149 7557145.1 98.32112023153203 79.97271635395164 143.59346777343742 0 233 2.8329 0.0 8.181805246746432 0.0 4.0 
2150 7557178.4 98.32112023153203 79.97271635395164 143.59346777343742 0 233 2.8329 0.0 8.181805246746432 0.0 4.0 
2151 7557211.8 98.32317570762793 79.97271635395164 143.59346777343742 0 233 2.8329 0.0 8.181805246746432 0.0 4.0 
2152 7557245.1 98.32317570762793 79.97271635395164 143.59346777343742 0 233 2.8329 0.0 8.181805246746432 0.0 4.0 
2153 7557278.4 98.32317570762793 79.97271635395164 143.59346777343742 0 233 2.8329 0.0 8.181805246746432 0.0 4.0 
2154 7557311.8 98.3246697480726 79.97031256476296 143.59346777343742 0 233 2.8329 0.0 8.181805246746432 0.0 4.0 
2155 7557345.1 98.3246697480726 79.97031256476296 143.59346777343742 0 233 2.8329 0.0 8.181805246746432 0.0 4.0 
2156 7557378.5 98.33407861356359 79.97031256476296 143.59346777343742 0 233 2.8329 0.0 8.181805246746432 0.0 4.0 
2157 7557411.8 98.33407861356359 79.97031256476296 143.59346777343742 0 233 2.8329 0.0 8.181805246746432 0.0 4.0 
2158 7557445.1 98.33407861356359 79.97031256476296 143.59346777343742 0 233 2.8329 0.0 8.181805246746432 0.0 4.0 
2159 7557478.5 98.33407861356359 79.97031256476296 143.59346777343742 0 233 2.8329 0.0 8.181805246746432 0.0 4.0 
2160 7557511.8 98.33771822726587 79.97031256476296 143.59346777343742 0 233 2.8329 0.0 8.181805246746432 0.0 4.0 
2161 7557545.1 98.33771822726587 79.97275537293444 143.59346777343742 0 233 2.8329 0.0 8.181805246746432 0.0 4.0 
2162 7557578.5 98.33771822726587 79.97275537293444 143.59346777343742 0 233 2.8329 0.0 8.181805246746432 0.0 4.0 
2163 7557611.8 98.33771822726587 79.97275537293444 143.59346777343742 0 233 2.8329 0.0 8.181805246746432 0.0 4.0 
2164 7557645.1 98.34732758299049 79.98045581277624 143.59346777343742 0 233 2.8329 0.0 8.181805246746432 0.0 4.0 
2165 7557678.5 98.34732758299049 79.98045581277624 143.59346777343742 0 233 2.8329 0.0 8.181805246746432 0.0 4.0 
2166 7557711.8 98.34732758299049 79.98045581277624 143.59346777343742 0 233 2.8329 0.0 8.181805246746432 0.0 4.0 
2167 7557745.1 98.34732758299049 79.98045581277624 143.59346777343742 0 233 2.8329 0.0 8.181805246746432 0.0 4.0 
2168 7557778.5 98.35341777601425 79.98939238388162 143.59346777343742 0 233 2.8329 0.0 8.181805246746432 0.0 4.0 
2169 7557811.8 98.35341777601425 79.98939238388162 143.59346777343742 0 233 2.8329 0.0 8.181805246746432 0.0 4.0 
2170 7557845.2 98.35341777601425 79.98939238388162 143.59346777343742 0 233 2.8329 0.0 8.181805246746432 0.0 4.0 
2171 7557878.5 98.35749777390195 79.98939238388162 143.59346777343742 0 233 2.8329 0.0 8.181805246746432 0.0 4.0 
2172 7557911.8 98.35749777390195 79.99505898792232 143.59346777343742 0 233 2.8329 0.0 8.181805246746432 0.0 4.0 
2173 7557945.2 98.35749777390195 79.99505898792232 143.59346777343742 0 233 2.8329 0.0 8.181805246746432 0.0 4.0 
2174 7557978.5 98.35749777390195 79.99505898792232 143.59346777343742 0 233 2.8329 0.0 8.181805246746432 0.0 4.0 
2175 7558011.8 98.35940631539138 79.99931018224996 143.59346777343742 0 233 2.8329 0.0 8.181805246746432 0.0 4.0 
2176 7558045.2 98.35940631539138 79.99931018224996 143.59346777343742 0 233 2.8329 0.0 8.181805246746432 0.0 4.0 
2177 7558078.5 98.35940631539138 79.99931018224996 143.59346777343742 0 233 2.8329 0.0 8.181805246746432 0.0 4.0 
2178 7558111.8 98.35940631539138 79.99931018224996 143.59346777343742 0 233 2.8329 0.0 8.181805246746432 0.0 4.0 
2179 7558145.2 98.3615807007261 80.00695291208815 143.59346777343742 0 233 2.8329 0.0 8.181805246746432 0.0 4.0 
2180 7558178.5 98.3615807007261 80.00695291208815 143.59346777343742 0 233 2.8329 0.0 8.181805246746432 0.0 4.0 
2181 7558211.9 98.3615807007261 80.00695291208815 143.59346777343742 0 233 2.8329 0.0 8.181805246746432 0.0 4.0 
2182 7558245.2 98.3615807007261 80.00695291208815 143.59346777343742 0 233 2.8329 0.0 8.181805246746432 0.0 4.0 
2183 7558278.5 98.36498960389969 80.00695291208815 143.59346777343742 0 233 2.8329 0.0 8.181805246746432 0.0 4.0 
2184 7558311.9 98.36498960389969 80.01507422321187 143.59346777343742 0 233 2.8329 0.0 8.181805246746432 0.0 4.0 
2185 7558345.2 98.36498960389969 80.01507422321187 143.59346777343742 0 233 2.8329 0.0 8.181805246746432 0.0 4.0 
2186 7558378.5 98.36782885119892 80.02266758136082 143.59346777343742 0 233 2.8329 0.0 8.181805246746432 0.0 4.0 
2187 7558411.9 98.36782885119892 80.02266758136082 143.59346777343742 0 233 2.8329 0.0 8.181805246746432 0.0 4.0 
2188 7558445.2 98.36782885119892 80.02266758136082 143.59346777343742 0 233 2.8329 0.0 8.181805246746432 0.0 4.0 
2189 7558478.5 98.36782885119892 80.02266758136082 143.59346777343742 0 233 2.8329 0.0 8.181805246746432 0.0 4.0 
2190 7558511.9 98.36898036103923 80.02266758136082 143.59346777343742 0 233 2.8329 0.0 8.181805246746432 0.0 4.0 
2191 7558545.2 98.36898036103923 80.02266758136082 143.59346777343742 0 233 2.8329 0.0 8.181805246746432 0.0 4.0 
2192 7558578.5 98.36898036103923 80.02266758136082 143.59346777343742 0 233 2.8329 0.0 8.181805246746432 0.0 4.0 
2193 7558611.9 98.37004938802855 80.02266758136082 143.59346777343742 0 233 2.8329 0.0 8.181805246746432 0.0 4.0 
2194 7558645.2 98.37004938802855 80.02790753567534 143.59346777343742 0 233 2.8329 0.0 8.181805246746432 0.0 4.0 
2195 7558678.6 98.37004938802855 80.02790753567534 143.59346777343742 0 233 2.8329 0.0 8.181805246746432 0.0 4.0 
2196 7558711.9 98.37189859478454 80.02790753567534 143.59346777343742 0 233 2.8329 0.0 8.181805246746432 0.0 4.0 
2197 7558745.2 98.37189859478454 80.03520394310843 143.59346777343742 0 233 2.8329 0.0 8.181805246746432 0.0 4.0 
2198 7558778.6 98.37189859478454 80.03520394310843 143.59346777343742 0 233 2.8329 0.0 8.181805246746432 0.0 4.0 
2199 7558811.9 98.37189859478454 80.03520394310843 143.59346777343742 0 233 2.8329 0.0 8.181805246746432 0.0 4.0 
2200 7558845.2 98.37451839314538 80.03765778418688 143.59346777343742 0 233 2.8329 0.0 8.181805246746432 0.0 4.0 
2201 7558878.6 98.37451839314538 80.03765778418688 143.59346777343742 0 233 2.8329 0.0 8.181805246746432 0.0 4.0 
2202 7558911.9 98.37451839314538 80.03765778418688 143.59346777343742 0 233 2.8329 0.0 8.181805246746432 0.0 4.0 
2203 7558945.2 98.37595327474028 80.03932826064126 143.59346777343742 0 233 2.8329 0.0 8.181805246746432 0.0 4.0 
2204 7558978.6 98.37595327474028 80.03932826064126 143.59346777343742 0 233 2.8329 0.0 8.181805246746432 0.0 4.0 
2205 7559011.9 98.37742137939972 80.03932826064126 143.59346777343742 0 233 2.8329 0.0 8.181805246746432 0.0 4.0 
2206 7559045.3 98.37742137939972 80.04104369127548 143.59346777343742 0 233 2.8329 0.0 8.181805246746432 0.0 4.0 
2207 7559078.6 98.37742137939972 80.04104369127548 143.59346777343742 0 233 2.8329 0.0 8.181805246746432 0.0 4.0 
2208 7559111.9 98.37742137939972 80.04104369127548 143.59346777343742 0 233 2.8329 0.0 8.181805246746432 0.0 4.0 
2209 7559145.3 98.38193059211773 80.04104369127548 143.59346777343742 0 233 2.8329 0.0 8.181805246746432 0.0 4.0 
2210 7559178.6 98.38193059211773 80.04213377416701 143.59346777343742 0 233 2.8329 0.0 8.181805246746432 0.0 4.0 
2211 7559211.9 98.38193059211773 80.04213377416701 143.59346777343742 0 233 2.8329 0.0 8.181805246746432 0.0 4.0 
2212 7559245.3 98.3879533565911 80.04480755067392 143.59346777343742 0 233 2.8329 0.0 8.181805246746432 0.0 4.0 
2213 7559278.6 98.3879533565911 80.04480755067392 143.59346777343742 0 233 2.8329 0.0 8.181805246746432 0.0 4.0 
2214 7559311.9 98.3879533565911 80.04480755067392 143.59346777343742 0 233 2.8329 0.0 8.181805246746432 0.0 4.0 
2215 7559345.3 98.39894357088222 80.04480755067392 143.59346777343742 0 233 2.8329 0.0 8.181805246746432 0.0 4.0 
2216 7559378.6 98.39894357088222 80.04480755067392 143.59346777343742 0 233 2.8329 0.0 8.181805246746432 0.0 4.0 
2217 7559411.9 98.39894357088222 80.04480755067392 143.59346777343742 0 233 2.8329 0.0 8.181805246746432 0.0 4.0 
2218 7559445.3 98.40611120122796 80.04480755067392 143.59346777343742 0 233 2.8329 0.0 8.181805246746432 0.0 4.0 
2219 7559478.6 98.40611120122796 80.04314286272383 143.59346777343742 0 233 2.8329 0.0 8.181805246746432 0.0 4.0 
2220 7559512.0 98.40611120122796 80.04314286272383 143.59346777343742 0 233 2.8329 0.0 8.181805246746432 0.0 4.0 
2221 7559545.3 98.41353406990505 80.04314286272383 143.59346777343742 0 233 2.8329 0.0 8.181805246746432 0.0 4.0 
2222 7559578.6 98.41353406990505 80.03766335435265 143.59346777343742 0 233 2.8329 0.0 8.181805246746432 0.0 4.0 
2223 7559612.0 98.41353406990505 80.03766335435265 143.59346777343742 0 233 2.8329 0.0 8.181805246746432 0.0 4.0 
2224 7559645.3 98.42435098504991 80.02751129137354 143.59346777343742 0 233 2.8329 0.0 8.181805246746432 0.0 4.0 
2225 7559678.6 98.42435098504991 80.02751129137354 143.59346777343742 0 233 2.8329 0.0 8.181805246746432 0.0 4.0 
2226 7559712.0 98.42435098504991 80.02751129137354 143.59346777343742 0 233 2.8329 0.0 8.181805246746432 0.0 4.0 
2227 7559745.3 98.42435098504991 80.02751129137354 143.59346777343742 0 233 2.8329 0.0 8.181805246746432 0.0 4.0 
2228 7559778.6 98.43308162625202 80.02751129137354 143.59346777343742 0 233 2.8329 0.0 8.181805246746432 0.0 4.0 
2229 7559812.0 98.43308162625202 80.023449594375 143.59346777343742 0 233 2.8329 0.0 8.181805246746432 0.0 4.0 
2230 7559845.3 98.43308162625202 80.023449594375 143.59346777343742 0 233 2.8329 0.0 8.181805246746432 0.0 4.0 
2231 7559878.7 98.44806893937316 80.023449594375 143.59346777343742 0 233 2.8329 0.0 8.181805246746432 0.0 4.0 
2232 7559912.0 98.44806893937316 80.02217411472208 143.59346777343742 0 233 2.8329 0.0 8.181805246746432 0.0 4.0 
2233 7559945.3 98.44806893937316 80.02217411472208 143.59346777343742 0 233 2.8329 0.0 8.181805246746432 0.0 4.0 
2234 7559978.7 98.45401587468778 80.02217411472208 143.59346777343742 0 233 2.8329 0.0 8.181805246746432 0.0 4.0 
2235 7560012.0 98.45401587468778 80.02217411472208 143.59346777343742 0 233 2.8329 0.0 8.181805246746432 0.0 4.0 
2236 7560045.3 98.45401587468778 80.02217411472208 143.59346777343742 0 233 2.8329 0.0 8.181805246746432 0.0 4.0 
2237 7560078.7 98.46672194272111 80.02217411472208 143.59346777343742 0 233 2.8329 0.0 8.181805246746432 0.0 4.0 
2238 7560112.0 98.46672194272111 80.02217411472208 143.59346777343742 0 233 2.8329 0.0 8.181805246746432 0.0 4.0 
2239 7560145.3 98.46672194272111 80.02217411472208 143.59346777343742 0 233 2.8329 0.0 8.181805246746432 0.0 4.0 
2240 7560178.7 98.48173028006173 80.02217411472208 143.59346777343742 0 233 2.8329 0.0 8.181805246746432 0.0 4.0 
2241 7560212.0 98.48173028006173 80.02717414011222 143.59346777343742 0 233 2.8329 0.0 8.181805246746432 0.0 4.0 
2242 7560245.3 98.48173028006173 80.02717414011222 143.59346777343742 0 233 2.8329 0.0 8.181805246746432 0.0 4.0 
2243 7560278.7 98.50238270253926 80.02717414011222 143.59346777343742 0 233 2.8329 0.0 8.181805246746432 0.0 4.0 
2244 7560312.0 98.50238270253926 80.03953365802064 143.59346777343742 0 233 2.8329 0.0 8.181805246746432 0.0 4.0 
2245 7560345.4 98.50238270253926 80.03953365802064 143.59346777343742 0 233 2.8329 0.0 8.181805246746432 0.0 4.0 
2246 7560378.7 98.50238270253926 80.03953365802064 143.59346777343742 0 233 2.8329 0.0 8.181805246746432 0.0 4.0 
2247 7560412.0 98.51455940282445 80.04726007424746 143.59346777343742 0 233 2.8329 0.0 8.181805246746432 0.0 4.0 
2248 7560445.4 98.51455940282445 80.04726007424746 143.59346777343742 0 233 2.8329 0.0 8.181805246746432 0.0 4.0 
2249 7560478.7 98.51455940282445 80.04726007424746 143.59346777343742 0 233 2.8329 0.0 8.181805246746432 0.0 4.0 
