# Recording
duration 75.006
nframes 2250
# Camera
framerate 29.997600191984642
imageToStage -0.993727445602417,-0.06086360290646553,0.06086360290646553,-0.993727445602417
rotation -3.080421285766743
imagenormaldir +Z
pixelsize 0.9955896
# Dual color
dualcolormode False
mainside Right
viewmode Splitted
recordingmode Original
translation_x 0.0
translation_y 0.0
rotation 0.0
# Tracking
roi_x 400
roi_y 400
capture_radius 400
min_step 1
threshold 30
binning 4
dark_bg True
mode CMS
area 400
# Frame Time X Y Z minBrightness maxBrightness meanBrightness medianBrightness skewness percentile_5 percentile_95
0 10171207.6 92.61985622887688 79.77712380803568 144.08311230468743 0 233 2.8329 0.0 8.181805246746432 0.0 4.0 
1 10171241.0 92.60787676590492 79.77712380803568 144.08311230468743 0 233 2.8329 0.0 8.181805246746432 0.0 4.0 
2 10171274.3 92.60787676590492 79.77284504110276 144.08311230468743 0 233 2.8329 0.0 8.181805246746432 0.0 4.0 
3 10171307.7 92.60787676590492 79.77284504110276 144.08311230468743 0 233 2.8329 0.0 8.181805246746432 0.0 4.0 
4 10171341.0 92.60787676590492 79.77284504110276 144.08311230468743 0 233 2.8329 0.0 8.181805246746432 0.0 4.0 
5 10171374.3 92.57190279491886 79.78361830306726 144.08311230468743 0 233 2.8329 0.0 8.181805246746432 0.0 4.0 
6 10171407.7 92.57190279491886 79.78361830306726 144.08311230468743 0 233 2.8329 0.0 8.181805246746432 0.0 4.0 
7 10171441.0 92.57190279491886 79.78361830306726 144.08311230468743 0 233 2.8329 0.0 8.181805246746432 0.0 4.0 
8 10171474.3 92.57190279491886 79.78361830306726 144.08311230468743 0 233 2.8329 0.0 8.181805246746432 0.0 4.0 
9 10171507.7 92.55190638855278 79.78361830306726 144.08311230468743 0 233 2.8329 0.0 8.181805246746432 0.0 4.0 
10 10171541.0 92.55190638855278 79.803617780395 144.08311230468743 0 233 2.8329 0.0 8.181805246746432 0.0 4.0 
11 10171574.3 92.55190638855278 79.803617780395 144.08311230468743 0 233 2.8329 0.0 8.181805246746432 0.0 4.0 
12 10171607.7 92.55190638855278 79.803617780395 144.08311230468743 0 233 2.8329 0.0 8.181805246746432 0.0 4.0 
13 10171641.0 92.53984822153193 79.803617780395 144.08311230468743 0 233 2.8329 0.0 8.181805246746432 0.0 4.0 
14 10171674.3 92.53984822153193 79.82089235950623 144.08311230468743 0 233 2.8329 0.0 8.181805246746432 0.0 4.0 
15 10171707.7 92.53984822153193 79.82089235950623 144.08311230468743 0 233 2.8329 0.0 8.181805246746432 0.0 4.0 
16 10171741.0 92.53984822153193 79.82089235950623 144.08311230468743 0 233 2.8329 0.0 8.181805246746432 0.0 4.0 
17 10171774.4 92.5303529840626 79.82089235950623 144.08311230468743 0 233 2.8329 0.0 8.181805246746432 0.0 4.0 
18 10171807.7 92.5303529840626 79.81728593101596 144.08311230468743 0 233 2.8329 0.0 8.181805246746432 0.0 4.0 
19 10171841.0 92.5303529840626 79.81728593101596 144.08311230468743 0 233 2.8329 0.0 8.181805246746432 0.0 4.0 
20 10171874.4 92.5228114076789 79.80667219686994 144.08311230468743 0 233 2.8329 0.0 8.181805246746432 0.0 4.0 
21 10171907.7 92.5228114076789 79.80667219686994 144.08311230468743 0 233 2.8329 0.0 8.181805246746432 0.0 4.0 
22 10171941.0 92.5228114076789 79.80667219686994 144.08311230468743 0 233 2.8329 0.0 8.181805246746432 0.0 4.0 
23 10171974.4 92.5228114076789 79.80667219686994 144.08311230468743 0 233 2.8329 0.0 8.181805246746432 0.0 4.0 
24 10172007.7 92.51892540184737 79.80667219686994 144.08311230468743 0 233 2.8329 0.0 8.181805246746432 0.0 4.0 
25 10172041.0 92.51892540184737 79.81275388307813 144.08311230468743 0 233 2.8329 0.0 8.181805246746432 0.0 4.0 
26 10172074.4 92.51892540184737 79.81275388307813 144.08311230468743 0 233 2.8329 0.0 8.181805246746432 0.0 4.0 
27 10172107.7 92.51325894836089 79.81275388307813 144.08311230468743 0 233 2.8329 0.0 8.181805246746432 0.0 4.0 
28 10172141.1 92.51325894836089 79.82473355160309 144.08311230468743 0 233 2.8329 0.0 8.181805246746432 0.0 4.0 
29 10172174.4 92.51325894836089 79.82473355160309 144.08311230468743 0 233 2.8329 0.0 8.181805246746432 0.0 4.0 
30 10172207.7 92.50343510429549 79.84219257602751 144.08311230468743 0 233 2.8329 0.0 8.181805246746432 0.0 4.0 
31 10172241.1 92.50343510429549 79.84219257602751 144.08311230468743 0 233 2.8329 0.0 8.181805246746432 0.0 4.0 
32 10172274.4 92.50343510429549 79.84219257602751 144.08311230468743 0 233 2.8329 0.0 8.181805246746432 0.0 4.0 
33 10172307.7 92.49895729449912 79.84937975067179 144.08311230468743 0 233 2.8329 0.0 8.181805246746432 0.0 4.0 
34 10172341.1 92.49895729449912 79.84937975067179 144.08311230468743 0 233 2.8329 0.0 8.181805246746432 0.0 4.0 
35 10172374.4 92.49895729449912 79.84937975067179 144.08311230468743 0 233 2.8329 0.0 8.181805246746432 0.0 4.0 
36 10172407.7 92.49895729449912 79.84937975067179 144.08311230468743 0 233 2.8329 0.0 8.181805246746432 0.0 4.0 
37 10172441.1 92.49599255348515 79.84937975067179 144.08311230468743 0 233 2.8329 0.0 8.181805246746432 0.0 4.0 
38 10172474.4 92.49599255348515 79.85595857262288 144.08311230468743 0 233 2.8329 0.0 8.181805246746432 0.0 4.0 
39 10172507.7 92.49599255348515 79.85595857262288 144.08311230468743 0 233 2.8329 0.0 8.181805246746432 0.0 4.0 
40 10172541.1 92.48997079387901 79.85467307609628 144.08311230468743 0 233 2.8329 0.0 8.181805246746432 0.0 4.0 
41 10172574.4 92.48997079387901 79.85467307609628 144.08311230468743 0 233 2.8329 0.0 8.181805246746432 0.0 4.0 
42 10172607.8 92.48997079387901 79.85467307609628 144.08311230468743 0 233 2.8329 0.0 8.181805246746432 0.0 4.0 
43 10172641.1 92.48997079387901 79.85467307609628 144.08311230468743 0 233 2.8329 0.0 8.181805246746432 0.0 4.0 
44 10172674.4 92.48743523155684 79.84664020479548 144.08311230468743 0 233 2.8329 0.0 8.181805246746432 0.0 4.0 
45 10172707.8 92.48743523155684 79.84664020479548 144.08311230468743 0 233 2.8329 0.0 8.181805246746432 0.0 4.0 
46 10172741.1 92.48743523155684 79.84664020479548 144.08311230468743 0 233 2.8329 0.0 8.181805246746432 0.0 4.0 
47 10172774.4 92.48743523155684 79.84664020479548 144.08311230468743 0 233 2.8329 0.0 8.181805246746432 0.0 4.0 
48 10172807.8 92.4900180694372 79.84664020479548 144.08311230468743 0 233 2.8329 0.0 8.181805246746432 0.0 4.0 
49 10172841.1 92.4900180694372 79.839924766067 144.08311230468743 0 233 2.8329 0.0 8.181805246746432 0.0 4.0 
50 10172874.4 92.4900180694372 79.839924766067 144.08311230468743 0 233 2.8329 0.0 8.181805246746432 0.0 4.0 
51 10172907.8 92.4900180694372 79.839924766067 144.08311230468743 0 233 2.8329 0.0 8.181805246746432 0.0 4.0 
52 10172941.1 92.49422057241539 79.839924766067 144.08311230468743 0 233 2.8329 0.0 8.181805246746432 0.0 4.0 
53 10172974.5 92.49422057241539 79.83674293351476 144.08311230468743 0 233 2.8329 0.0 8.181805246746432 0.0 4.0 
54 10173007.8 92.49422057241539 79.83674293351476 144.08311230468743 0 233 2.8329 0.0 8.181805246746432 0.0 4.0 
55 10173041.1 92.49422057241539 79.83674293351476 144.08311230468743 0 233 2.8329 0.0 8.181805246746432 0.0 4.0 
56 10173074.5 92.49729015484047 79.83674293351476 144.08311230468743 0 233 2.8329 0.0 8.181805246746432 0.0 4.0 
57 10173107.8 92.49729015484047 79.83352239679613 144.08311230468743 0 233 2.8329 0.0 8.181805246746432 0.0 4.0 
58 10173141.1 92.49729015484047 79.83352239679613 144.08311230468743 0 233 2.8329 0.0 8.181805246746432 0.0 4.0 
59 10173174.5 92.49729015484047 79.83352239679613 144.08311230468743 0 233 2.8329 0.0 8.181805246746432 0.0 4.0 
60 10173207.8 92.5074205638799 79.83352239679613 144.08311230468743 0 233 2.8329 0.0 8.181805246746432 0.0 4.0 
61 10173241.1 92.5074205638799 79.83803170133464 144.08311230468743 0 233 2.8329 0.0 8.181805246746432 0.0 4.0 
62 10173274.5 92.5074205638799 79.83803170133464 144.08311230468743 0 233 2.8329 0.0 8.181805246746432 0.0 4.0 
63 10173307.8 92.5074205638799 79.83803170133464 144.08311230468743 0 233 2.8329 0.0 8.181805246746432 0.0 4.0 
64 10173341.1 92.51609052777721 79.85381333434269 144.08311230468743 0 233 2.8329 0.0 8.181805246746432 0.0 4.0 
65 10173374.5 92.51609052777721 79.85381333434269 144.08311230468743 0 233 2.8329 0.0 8.181805246746432 0.0 4.0 
66 10173407.8 92.51609052777721 79.85381333434269 144.08311230468743 0 233 2.8329 0.0 8.181805246746432 0.0 4.0 
67 10173441.2 92.51609052777721 79.87160420967739 144.08311230468743 0 233 2.8329 0.0 8.181805246746432 0.0 4.0 
68 10173474.5 92.51609052777721 79.87160420967739 144.08311230468743 0 233 2.8329 0.0 8.181805246746432 0.0 4.0 
69 10173507.8 92.51609052777721 79.87160420967739 144.08311230468743 0 233 2.8329 0.0 8.181805246746432 0.0 4.0 
70 10173541.2 92.51248936279454 79.87160420967739 144.08311230468743 0 233 2.8329 0.0 8.181805246746432 0.0 4.0 
71 10173574.5 92.51248936279454 79.87505462800252 144.08311230468743 0 233 2.8329 0.0 8.181805246746432 0.0 4.0 
72 10173607.8 92.51248936279454 79.87505462800252 144.08311230468743 0 233 2.8329 0.0 8.181805246746432 0.0 4.0 
73 10173641.2 92.50144867482405 79.87505462800252 144.08311230468743 0 233 2.8329 0.0 8.181805246746432 0.0 4.0 
74 10173674.5 92.50144867482405 79.88768553102497 144.08311230468743 0 233 2.8329 0.0 8.181805246746432 0.0 4.0 
75 10173707.8 92.50144867482405 79.88768553102497 144.08311230468743 0 233 2.8329 0.0 8.181805246746432 0.0 4.0 
76 10173741.2 92.50144867482405 79.88768553102497 144.08311230468743 0 233 2.8329 0.0 8.181805246746432 0.0 4.0 
77 10173774.5 92.49187019525927 79.88768553102497 144.08311230468743 0 233 2.8329 0.0 8.181805246746432 0.0 4.0 
78 10173807.9 92.49187019525927 79.89112109925684 144.08311230468743 0 233 2.8329 0.0 8.181805246746432 0.0 4.0 
79 10173841.2 92.49187019525927 79.89112109925684 144.08311230468743 0 233 2.8329 0.0 8.181805246746432 0.0 4.0 
80 10173874.5 92.49187019525927 79.89112109925684 144.08311230468743 0 233 2.8329 0.0 8.181805246746432 0.0 4.0 
81 10173907.9 92.48056628244598 79.89112109925684 144.08311230468743 0 233 2.8329 0.0 8.181805246746432 0.0 4.0 
82 10173941.2 92.48056628244598 79.89112109925684 144.08311230468743 0 233 2.8329 0.0 8.181805246746432 0.0 4.0 
83 10173974.5 92.48056628244598 79.89112109925684 144.08311230468743 0 233 2.8329 0.0 8.181805246746432 0.0 4.0 
84 10174007.9 92.48056628244598 79.89112109925684 144.08311230468743 0 233 2.8329 0.0 8.181805246746432 0.0 4.0 
85 10174041.2 92.47563926818628 79.89112109925684 144.08311230468743 0 233 2.8329 0.0 8.181805246746432 0.0 4.0 
86 10174074.5 92.47563926818628 79.89112109925684 144.08311230468743 0 233 2.8329 0.0 8.181805246746432 0.0 4.0 
87 10174107.9 92.47563926818628 79.89112109925684 144.08311230468743 0 233 2.8329 0.0 8.181805246746432 0.0 4.0 
88 10174141.2 92.4731101305636 79.89112109925684 144.08311230468743 0 233 2.8329 0.0 8.181805246746432 0.0 4.0 
89 10174174.5 92.4731101305636 79.8934855337332 144.08311230468743 0 233 2.8329 0.0 8.181805246746432 0.0 4.0 
90 10174207.9 92.4731101305636 79.8934855337332 144.08311230468743 0 233 2.8329 0.0 8.181805246746432 0.0 4.0 
91 10174241.2 92.4731101305636 79.8934855337332 144.08311230468743 0 233 2.8329 0.0 8.181805246746432 0.0 4.0 
92 10174274.6 92.47487080970409 79.8934855337332 144.08311230468743 0 233 2.8329 0.0 8.181805246746432 0.0 4.0 
93 10174307.9 92.47487080970409 79.89232894313668 144.08311230468743 0 233 2.8329 0.0 8.181805246746432 0.0 4.0 
94 10174341.2 92.47487080970409 79.89232894313668 144.08311230468743 0 233 2.8329 0.0 8.181805246746432 0.0 4.0 
95 10174374.6 92.47487080970409 79.89232894313668 144.08311230468743 0 233 2.8329 0.0 8.181805246746432 0.0 4.0 
96 10174407.9 92.48044454660167 79.89232894313668 144.08311230468743 0 233 2.8329 0.0 8.181805246746432 0.0 4.0 
97 10174441.2 92.48044454660167 79.88551518810331 144.08311230468743 0 233 2.8329 0.0 8.181805246746432 0.0 4.0 
98 10174474.6 92.48044454660167 79.88551518810331 144.08311230468743 0 233 2.8329 0.0 8.181805246746432 0.0 4.0 
99 10174507.9 92.48332348821846 79.88004783955343 144.08311230468743 0 233 2.8329 0.0 8.181805246746432 0.0 4.0 
100 10174541.2 92.48332348821846 79.88004783955343 144.08311230468743 0 233 2.8329 0.0 8.181805246746432 0.0 4.0 
101 10174574.6 92.48332348821846 79.88004783955343 144.08311230468743 0 233 2.8329 0.0 8.181805246746432 0.0 4.0 
102 10174607.9 92.48469197661939 79.88004783955343 144.08311230468743 0 233 2.8329 0.0 8.181805246746432 0.0 4.0 
103 10174641.3 92.48469197661939 79.88004783955343 144.08311230468743 0 233 2.8329 0.0 8.181805246746432 0.0 4.0 
104 10174674.6 92.48469197661939 79.88004783955343 144.08311230468743 0 233 2.8329 0.0 8.181805246746432 0.0 4.0 
105 10174707.9 92.48303203857964 79.88004783955343 144.08311230468743 0 233 2.8329 0.0 8.181805246746432 0.0 4.0 
106 10174741.3 92.48303203857964 79.89360511086848 144.08311230468743 0 233 2.8329 0.0 8.181805246746432 0.0 4.0 
107 10174774.6 92.48303203857964 79.89360511086848 144.08311230468743 0 233 2.8329 0.0 8.181805246746432 0.0 4.0 
108 10174807.9 92.48303203857964 79.89360511086848 144.08311230468743 0 233 2.8329 0.0 8.181805246746432 0.0 4.0 
109 10174841.3 92.48432524482419 79.91920465331279 144.08311230468743 0 233 2.8329 0.0 8.181805246746432 0.0 4.0 
110 10174874.6 92.48432524482419 79.91920465331279 144.08311230468743 0 233 2.8329 0.0 8.181805246746432 0.0 4.0 
111 10174907.9 92.48432524482419 79.91920465331279 144.08311230468743 0 233 2.8329 0.0 8.181805246746432 0.0 4.0 
112 10174941.3 92.48432524482419 79.91920465331279 144.08311230468743 0 233 2.8329 0.0 8.181805246746432 0.0 4.0 
113 10174974.6 92.49356984876356 79.94581789540128 144.08311230468743 0 233 2.8329 0.0 8.181805246746432 0.0 4.0 
114 10175007.9 92.49356984876356 79.94581789540128 144.08311230468743 0 233 2.8329 0.0 8.181805246746432 0.0 4.0 
115 10175041.3 92.49356984876356 79.94581789540128 144.08311230468743 0 233 2.8329 0.0 8.181805246746432 0.0 4.0 
116 10175074.6 92.49356984876356 79.94581789540128 144.08311230468743 0 233 2.8329 0.0 8.181805246746432 0.0 4.0 
117 10175108.0 92.51362297429476 79.94581789540128 144.08311230468743 0 233 2.8329 0.0 8.181805246746432 0.0 4.0 
118 10175141.3 92.51362297429476 79.97627473458283 144.08311230468743 0 233 2.8329 0.0 8.181805246746432 0.0 4.0 
119 10175174.6 92.51362297429476 79.97627473458283 144.08311230468743 0 233 2.8329 0.0 8.181805246746432 0.0 4.0 
120 10175208.0 92.51362297429476 79.97627473458283 144.08311230468743 0 233 2.8329 0.0 8.181805246746432 0.0 4.0 
121 10175241.3 92.51691512571028 80.00827363034652 144.08311230468743 0 233 2.8329 0.0 8.181805246746432 0.0 4.0 
122 10175274.6 92.51691512571028 80.00827363034652 144.08311230468743 0 233 2.8329 0.0 8.181805246746432 0.0 4.0 
123 10175308.0 92.51691512571028 80.00827363034652 144.08311230468743 0 233 2.8329 0.0 8.181805246746432 0.0 4.0 
124 10175341.3 92.51691512571028 80.00827363034652 144.08311230468743 0 233 2.8329 0.0 8.181805246746432 0.0 4.0 
125 10175374.6 92.51217276423294 80.02238714251378 144.08311230468743 0 233 2.8329 0.0 8.181805246746432 0.0 4.0 
126 10175408.0 92.51217276423294 80.02238714251378 144.08311230468743 0 233 2.8329 0.0 8.181805246746432 0.0 4.0 
127 10175441.3 92.51217276423294 80.02238714251378 144.08311230468743 0 233 2.8329 0.0 8.181805246746432 0.0 4.0 
128 10175474.7 92.51217276423294 80.02238714251378 144.08311230468743 0 233 2.8329 0.0 8.181805246746432 0.0 4.0 
129 10175508.0 92.5034284899211 80.02238714251378 144.08311230468743 0 233 2.8329 0.0 8.181805246746432 0.0 4.0 
130 10175541.3 92.5034284899211 80.03845841636199 144.08311230468743 0 233 2.8329 0.0 8.181805246746432 0.0 4.0 
131 10175574.7 92.5034284899211 80.03845841636199 144.08311230468743 0 233 2.8329 0.0 8.181805246746432 0.0 4.0 
132 10175608.0 92.5034284899211 80.03845841636199 144.08311230468743 0 233 2.8329 0.0 8.181805246746432 0.0 4.0 
133 10175641.3 92.49430718547052 80.05874755984493 144.08311230468743 0 233 2.8329 0.0 8.181805246746432 0.0 4.0 
134 10175674.7 92.49430718547052 80.05874755984493 144.08311230468743 0 233 2.8329 0.0 8.181805246746432 0.0 4.0 
135 10175708.0 92.49430718547052 80.05874755984493 144.08311230468743 0 233 2.8329 0.0 8.181805246746432 0.0 4.0 
136 10175741.3 92.49430718547052 80.05874755984493 144.08311230468743 0 233 2.8329 0.0 8.181805246746432 0.0 4.0 
137 10175774.7 92.47926572064664 80.07404759078655 144.08311230468743 0 233 2.8329 0.0 8.181805246746432 0.0 4.0 
138 10175808.0 92.47926572064664 80.07404759078655 144.08311230468743 0 233 2.8329 0.0 8.181805246746432 0.0 4.0 
139 10175841.3 92.47926572064664 80.07404759078655 144.08311230468743 0 233 2.8329 0.0 8.181805246746432 0.0 4.0 
140 10175874.7 92.47926572064664 80.07404759078655 144.08311230468743 0 233 2.8329 0.0 8.181805246746432 0.0 4.0 
141 10175908.0 92.45511330892039 80.07404759078655 144.08311230468743 0 233 2.8329 0.0 8.181805246746432 0.0 4.0 
142 10175941.4 92.45511330892039 80.08676542658108 144.08311230468743 0 233 2.8329 0.0 8.181805246746432 0.0 4.0 
143 10175974.7 92.45511330892039 80.08676542658108 144.08311230468743 0 233 2.8329 0.0 8.181805246746432 0.0 4.0 
144 10176008.0 92.4321797316262 80.08676542658108 144.08311230468743 0 233 2.8329 0.0 8.181805246746432 0.0 4.0 
145 10176041.4 92.4321797316262 80.10019371093651 144.08311230468743 0 233 2.8329 0.0 8.181805246746432 0.0 4.0 
146 10176074.7 92.4321797316262 80.10019371093651 144.08311230468743 0 233 2.8329 0.0 8.181805246746432 0.0 4.0 
147 10176108.0 92.42341412855073 80.1077710639723 144.08311230468743 0 233 2.8329 0.0 8.181805246746432 0.0 4.0 
148 10176141.4 92.42341412855073 80.1077710639723 144.08311230468743 0 233 2.8329 0.0 8.181805246746432 0.0 4.0 
149 10176174.7 92.42341412855073 80.1077710639723 144.08311230468743 0 233 2.8329 0.0 8.181805246746432 0.0 4.0 
150 10176208.0 92.41084044752765 80.1077710639723 144.08311230468743 0 233 2.8329 0.0 8.181805246746432 0.0 4.0 
151 10176241.4 92.41084044752765 80.1144138997044 144.08311230468743 0 233 2.8329 0.0 8.181805246746432 0.0 4.0 
152 10176274.7 92.41084044752765 80.1144138997044 144.08311230468743 0 233 2.8329 0.0 8.181805246746432 0.0 4.0 
153 10176308.1 92.41084044752765 80.1144138997044 144.08311230468743 0 233 2.8329 0.0 8.181805246746432 0.0 4.0 
154 10176341.4 92.39495925883136 80.1144138997044 144.08311230468743 0 233 2.8329 0.0 8.181805246746432 0.0 4.0 
155 10176374.7 92.39495925883136 80.11989815392837 144.08311230468743 0 233 2.8329 0.0 8.181805246746432 0.0 4.0 
156 10176408.1 92.39495925883136 80.11989815392837 144.08311230468743 0 233 2.8329 0.0 8.181805246746432 0.0 4.0 
157 10176441.4 92.36977701274971 80.1232962412872 144.08311230468743 0 233 2.8329 0.0 8.181805246746432 0.0 4.0 
158 10176474.7 92.36977701274971 80.1232962412872 144.08311230468743 0 233 2.8329 0.0 8.181805246746432 0.0 4.0 
159 10176508.1 92.36977701274971 80.1232962412872 144.08311230468743 0 233 2.8329 0.0 8.181805246746432 0.0 4.0 
160 10176541.4 92.36037167809452 80.1232962412872 144.08311230468743 0 233 2.8329 0.0 8.181805246746432 0.0 4.0 
161 10176574.7 92.36037167809452 80.12521248353093 144.08311230468743 0 233 2.8329 0.0 8.181805246746432 0.0 4.0 
162 10176608.1 92.36037167809452 80.12521248353093 144.08311230468743 0 233 2.8329 0.0 8.181805246746432 0.0 4.0 
163 10176641.4 92.36037167809452 80.12521248353093 144.08311230468743 0 233 2.8329 0.0 8.181805246746432 0.0 4.0 
164 10176674.7 92.33652507869587 80.12521248353093 144.08311230468743 0 233 2.8329 0.0 8.181805246746432 0.0 4.0 
165 10176708.1 92.33652507869587 80.12339849442802 144.08311230468743 0 233 2.8329 0.0 8.181805246746432 0.0 4.0 
166 10176741.4 92.33652507869587 80.12339849442802 144.08311230468743 0 233 2.8329 0.0 8.181805246746432 0.0 4.0 
167 10176774.8 92.33652507869587 80.12339849442802 144.08311230468743 0 233 2.8329 0.0 8.181805246746432 0.0 4.0 
168 10176808.1 92.3151454322515 80.12149706625138 144.08311230468743 0 233 2.8329 0.0 8.181805246746432 0.0 4.0 
169 10176841.4 92.3151454322515 80.12149706625138 144.08311230468743 0 233 2.8329 0.0 8.181805246746432 0.0 4.0 
170 10176874.8 92.3151454322515 80.12149706625138 144.08311230468743 0 233 2.8329 0.0 8.181805246746432 0.0 4.0 
171 10176908.1 92.2886155538712 80.12487985383804 144.08311230468743 0 233 2.8329 0.0 8.181805246746432 0.0 4.0 
172 10176941.4 92.2886155538712 80.12487985383804 144.08311230468743 0 233 2.8329 0.0 8.181805246746432 0.0 4.0 
173 10176974.8 92.2886155538712 80.12487985383804 144.08311230468743 0 233 2.8329 0.0 8.181805246746432 0.0 4.0 
174 10177008.1 92.2886155538712 80.12487985383804 144.08311230468743 0 233 2.8329 0.0 8.181805246746432 0.0 4.0 
175 10177041.4 92.27885102659373 80.12487985383804 144.08311230468743 0 233 2.8329 0.0 8.181805246746432 0.0 4.0 
176 10177074.8 92.27885102659373 80.12989521111349 144.08311230468743 0 233 2.8329 0.0 8.181805246746432 0.0 4.0 
177 10177108.1 92.27885102659373 80.12989521111349 144.08311230468743 0 233 2.8329 0.0 8.181805246746432 0.0 4.0 
178 10177141.5 92.2659115991844 80.12989521111349 144.08311230468743 0 233 2.8329 0.0 8.181805246746432 0.0 4.0 
179 10177174.8 92.2659115991844 80.13271285868308 144.08311230468743 0 233 2.8329 0.0 8.181805246746432 0.0 4.0 
180 10177208.1 92.2659115991844 80.13271285868308 144.08311230468743 0 233 2.8329 0.0 8.181805246746432 0.0 4.0 
181 10177241.5 92.2659115991844 80.13271285868308 144.08311230468743 0 233 2.8329 0.0 8.181805246746432 0.0 4.0 
182 10177274.8 92.25621712845957 80.13614692953605 144.08311230468743 0 233 2.8329 0.0 8.181805246746432 0.0 4.0 
183 10177308.1 92.25621712845957 80.13614692953605 144.08311230468743 0 233 2.8329 0.0 8.181805246746432 0.0 4.0 
184 10177341.5 92.25621712845957 80.13614692953605 144.08311230468743 0 233 2.8329 0.0 8.181805246746432 0.0 4.0 
185 10177374.8 92.2445436880567 80.1393272538529 144.08311230468743 0 233 2.8329 0.0 8.181805246746432 0.0 4.0 
186 10177408.1 92.2445436880567 80.1393272538529 144.08311230468743 0 233 2.8329 0.0 8.181805246746432 0.0 4.0 
187 10177441.5 92.2445436880567 80.1393272538529 144.08311230468743 0 233 2.8329 0.0 8.181805246746432 0.0 4.0 
188 10177474.8 92.23824112008131 80.1393272538529 144.08311230468743 0 233 2.8329 0.0 8.181805246746432 0.0 4.0 
189 10177508.1 92.23824112008131 80.14197909634076 144.08311230468743 0 233 2.8329 0.0 8.181805246746432 0.0 4.0 
190 10177541.5 92.23824112008131 80.14197909634076 144.08311230468743 0 233 2.8329 0.0 8.181805246746432 0.0 4.0 
191 10177574.8 92.23824112008131 80.14197909634076 144.08311230468743 0 233 2.8329 0.0 8.181805246746432 0.0 4.0 
192 10177608.2 92.2213062527055 80.15481854389965 144.08311230468743 0 233 2.8329 0.0 8.181805246746432 0.0 4.0 
193 10177641.5 92.2213062527055 80.15481854389965 144.08311230468743 0 233 2.8329 0.0 8.181805246746432 0.0 4.0 
194 10177674.8 92.2213062527055 80.15481854389965 144.08311230468743 0 233 2.8329 0.0 8.181805246746432 0.0 4.0 
195 10177708.2 92.2213062527055 80.15481854389965 144.08311230468743 0 233 2.8329 0.0 8.181805246746432 0.0 4.0 
196 10177741.5 92.20654355635581 80.1633179666303 144.08311230468743 0 233 2.8329 0.0 8.181805246746432 0.0 4.0 
197 10177774.8 92.20654355635581 80.1633179666303 144.08311230468743 0 233 2.8329 0.0 8.181805246746432 0.0 4.0 
198 10177808.2 92.20654355635581 80.1633179666303 144.08311230468743 0 233 2.8329 0.0 8.181805246746432 0.0 4.0 
199 10177841.5 92.20043100256726 80.1633179666303 144.08311230468743 0 233 2.8329 0.0 8.181805246746432 0.0 4.0 
200 10177874.8 92.20043100256726 80.16711734379092 144.08311230468743 0 233 2.8329 0.0 8.181805246746432 0.0 4.0 
201 10177908.2 92.20043100256726 80.16711734379092 144.08311230468743 0 233 2.8329 0.0 8.181805246746432 0.0 4.0 
202 10177941.5 92.19169360424745 80.16711734379092 144.08311230468743 0 233 2.8329 0.0 8.181805246746432 0.0 4.0 
203 10177974.9 92.19169360424745 80.18189597413266 144.08311230468743 0 233 2.8329 0.0 8.181805246746432 0.0 4.0 
204 10178008.2 92.19169360424745 80.18189597413266 144.08311230468743 0 233 2.8329 0.0 8.181805246746432 0.0 4.0 
205 10178041.5 92.18540350034621 80.18828171787544 144.08311230468743 0 233 2.8329 0.0 8.181805246746432 0.0 4.0 
206 10178074.9 92.18540350034621 80.18828171787544 144.08311230468743 0 233 2.8329 0.0 8.181805246746432 0.0 4.0 
207 10178108.2 92.18540350034621 80.18828171787544 144.08311230468743 0 233 2.8329 0.0 8.181805246746432 0.0 4.0 
208 10178141.5 92.18540350034621 80.18828171787544 144.08311230468743 0 233 2.8329 0.0 8.181805246746432 0.0 4.0 
209 10178174.9 92.17422936564216 80.18828171787544 144.08311230468743 0 233 2.8329 0.0 8.181805246746432 0.0 4.0 
210 10178208.2 92.17422936564216 80.19144991280297 144.08311230468743 0 233 2.8329 0.0 8.181805246746432 0.0 4.0 
211 10178241.5 92.17422936564216 80.19144991280297 144.08311230468743 0 233 2.8329 0.0 8.181805246746432 0.0 4.0 
212 10178274.9 92.17422936564216 80.19144991280297 144.08311230468743 0 233 2.8329 0.0 8.181805246746432 0.0 4.0 
213 10178308.2 92.1616067956811 80.19144991280297 144.08311230468743 0 233 2.8329 0.0 8.181805246746432 0.0 4.0 
214 10178341.5 92.1616067956811 80.20053514394783 144.08311230468743 0 233 2.8329 0.0 8.181805246746432 0.0 4.0 
215 10178374.9 92.1616067956811 80.20053514394783 144.08311230468743 0 233 2.8329 0.0 8.181805246746432 0.0 4.0 
216 10178408.2 92.1616067956811 80.20053514394783 144.08311230468743 0 233 2.8329 0.0 8.181805246746432 0.0 4.0 
217 10178441.6 92.15224104701788 80.21121330735117 144.08311230468743 0 233 2.8329 0.0 8.181805246746432 0.0 4.0 
218 10178474.9 92.15224104701788 80.21121330735117 144.08311230468743 0 233 2.8329 0.0 8.181805246746432 0.0 4.0 
219 10178508.2 92.15224104701788 80.21121330735117 144.08311230468743 0 233 2.8329 0.0 8.181805246746432 0.0 4.0 
220 10178541.6 92.15224104701788 80.21121330735117 144.08311230468743 0 233 2.8329 0.0 8.181805246746432 0.0 4.0 
221 10178574.9 92.14579839977604 80.21121330735117 144.08311230468743 0 233 2.8329 0.0 8.181805246746432 0.0 4.0 
222 10178608.2 92.14579839977604 80.22087190051056 144.08311230468743 0 233 2.8329 0.0 8.181805246746432 0.0 4.0 
223 10178641.6 92.14579839977604 80.22087190051056 144.08311230468743 0 233 2.8329 0.0 8.181805246746432 0.0 4.0 
224 10178674.9 92.14579839977604 80.22087190051056 144.08311230468743 0 233 2.8329 0.0 8.181805246746432 0.0 4.0 
225 10178708.2 92.13601615986792 80.22087190051056 144.08311230468743 0 233 2.8329 0.0 8.181805246746432 0.0 4.0 
226 10178741.6 92.13601615986792 80.2315282225061 144.08311230468743 0 233 2.8329 0.0 8.181805246746432 0.0 4.0 
227 10178774.9 92.13601615986792 80.2315282225061 144.08311230468743 0 233 2.8329 0.0 8.181805246746432 0.0 4.0 
228 10178808.3 92.1311615308566 80.2433735602999 144.08311230468743 0 233 2.8329 0.0 8.181805246746432 0.0 4.0 
229 10178841.6 92.1311615308566 80.2433735602999 144.08311230468743 0 233 2.8329 0.0 8.181805246746432 0.0 4.0 
230 10178874.9 92.1311615308566 80.2433735602999 144.08311230468743 0 233 2.8329 0.0 8.181805246746432 0.0 4.0 
231 10178908.3 92.1311615308566 80.2433735602999 144.08311230468743 0 233 2.8329 0.0 8.181805246746432 0.0 4.0 
232 10178941.6 92.12964825726424 80.2433735602999 144.08311230468743 0 233 2.8329 0.0 8.181805246746432 0.0 4.0 
233 10178974.9 92.12964825726424 80.25132853893184 144.08311230468743 0 233 2.8329 0.0 8.181805246746432 0.0 4.0 
234 10179008.3 92.12964825726424 80.25132853893184 144.08311230468743 0 233 2.8329 0.0 8.181805246746432 0.0 4.0 
235 10179041.6 92.1331761887021 80.25132853893184 144.08311230468743 0 233 2.8329 0.0 8.181805246746432 0.0 4.0 
236 10179074.9 92.1331761887021 80.2750738637689 144.08311230468743 0 233 2.8329 0.0 8.181805246746432 0.0 4.0 
237 10179108.3 92.1331761887021 80.2750738637689 144.08311230468743 0 233 2.8329 0.0 8.181805246746432 0.0 4.0 
238 10179141.6 92.1331761887021 80.2750738637689 144.08311230468743 0 233 2.8329 0.0 8.181805246746432 0.0 4.0 
239 10179174.9 92.13934907924828 80.29019163407808 144.08311230468743 0 233 2.8329 0.0 8.181805246746432 0.0 4.0 
240 10179208.3 92.13934907924828 80.29019163407808 144.08311230468743 0 233 2.8329 0.0 8.181805246746432 0.0 4.0 
241 10179241.6 92.13934907924828 80.29019163407808 144.08311230468743 0 233 2.8329 0.0 8.181805246746432 0.0 4.0 
242 10179275.0 92.13715576033471 80.29019163407808 144.08311230468743 0 233 2.8329 0.0 8.181805246746432 0.0 4.0 
243 10179308.3 92.13715576033471 80.31243485316756 144.08311230468743 0 233 2.8329 0.0 8.181805246746432 0.0 4.0 
244 10179341.6 92.13715576033471 80.31243485316756 144.08311230468743 0 233 2.8329 0.0 8.181805246746432 0.0 4.0 
245 10179375.0 92.13715576033471 80.31243485316756 144.08311230468743 0 233 2.8329 0.0 8.181805246746432 0.0 4.0 
246 10179408.3 92.12976268069728 80.31243485316756 144.08311230468743 0 233 2.8329 0.0 8.181805246746432 0.0 4.0 
247 10179441.6 92.12976268069728 80.32056210268412 144.08311230468743 0 233 2.8329 0.0 8.181805246746432 0.0 4.0 
248 10179475.0 92.12976268069728 80.32056210268412 144.08311230468743 0 233 2.8329 0.0 8.181805246746432 0.0 4.0 
249 10179508.3 92.12976268069728 80.32056210268412 144.08311230468743 0 233 2.8329 0.0 8.181805246746432 0.0 4.0 
250 10179541.6 92.12070969822022 80.32056210268412 144.08311230468743 0 233 2.8329 0.0 8.181805246746432 0.0 4.0 
251 10179575.0 92.12070969822022 80.33569600348699 144.08311230468743 0 233 2.8329 0.0 8.181805246746432 0.0 4.0 
252 10179608.3 92.12070969822022 80.33569600348699 144.08311230468743 0 233 2.8329 0.0 8.181805246746432 0.0 4.0 
253 10179641.7 92.12070969822022 80.33569600348699 144.08311230468743 0 233 2.8329 0.0 8.181805246746432 0.0 4.0 
254 10179675.0 92.11090826649243 80.35381683698762 144.08311230468743 0 233 2.8329 0.0 8.181805246746432 0.0 4.0 
255 10179708.3 92.11090826649243 80.35381683698762 144.08311230468743 0 233 2.8329 0.0 8.181805246746432 0.0 4.0 
256 10179741.7 92.11090826649243 80.35381683698762 144.08311230468743 0 233 2.8329 0.0 8.181805246746432 0.0 4.0 
257 10179775.0 92.10760701264411 80.35381683698762 144.08311230468743 0 233 2.8329 0.0 8.181805246746432 0.0 4.0 
258 10179808.3 92.10760701264411 80.35785078562013 144.08311230468743 0 233 2.8329 0.0 8.181805246746432 0.0 4.0 
259 10179841.7 92.10760701264411 80.35785078562013 144.08311230468743 0 233 2.8329 0.0 8.181805246746432 0.0 4.0 
260 10179875.0 92.10760701264411 80.35785078562013 144.08311230468743 0 233 2.8329 0.0 8.181805246746432 0.0 4.0 
261 10179908.3 92.09953009173758 80.35785078562013 144.08311230468743 0 233 2.8329 0.0 8.181805246746432 0.0 4.0 
262 10179941.7 92.09953009173758 80.37169093243355 144.08311230468743 0 233 2.8329 0.0 8.181805246746432 0.0 4.0 
263 10179975.0 92.09953009173758 80.37169093243355 144.08311230468743 0 233 2.8329 0.0 8.181805246746432 0.0 4.0 
264 10180008.3 92.08505846310798 80.3829703122529 144.08311230468743 0 233 2.8329 0.0 8.181805246746432 0.0 4.0 
265 10180041.7 92.08505846310798 80.3829703122529 144.08311230468743 0 233 2.8329 0.0 8.181805246746432 0.0 4.0 
266 10180075.0 92.08505846310798 80.3829703122529 144.08311230468743 0 233 2.8329 0.0 8.181805246746432 0.0 4.0 
267 10180108.4 92.08505846310798 80.3829703122529 144.08311230468743 0 233 2.8329 0.0 8.181805246746432 0.0 4.0 
268 10180141.7 92.07044389960735 80.39092962717372 144.08311230468743 0 233 2.8329 0.0 8.181805246746432 0.0 4.0 
269 10180175.0 92.07044389960735 80.39092962717372 144.08311230468743 0 233 2.8329 0.0 8.181805246746432 0.0 4.0 
270 10180208.4 92.07044389960735 80.39092962717372 144.08311230468743 0 233 2.8329 0.0 8.181805246746432 0.0 4.0 
271 10180241.7 92.07044389960735 80.39092962717372 144.08311230468743 0 233 2.8329 0.0 8.181805246746432 0.0 4.0 
272 10180275.0 92.05405827967552 80.39092962717372 144.08311230468743 0 233 2.8329 0.0 8.181805246746432 0.0 4.0 
273 10180308.4 92.05405827967552 80.39521251485489 144.08311230468743 0 233 2.8329 0.0 8.181805246746432 0.0 4.0 
274 10180341.7 92.05405827967552 80.39521251485489 144.08311230468743 0 233 2.8329 0.0 8.181805246746432 0.0 4.0 
275 10180375.0 92.05405827967552 80.39521251485489 144.08311230468743 0 233 2.8329 0.0 8.181805246746432 0.0 4.0 
276 10180408.4 92.03961337322205 80.40105103773068 144.08311230468743 0 233 2.8329 0.0 8.181805246746432 0.0 4.0 
277 10180441.7 92.03961337322205 80.40105103773068 144.08311230468743 0 233 2.8329 0.0 8.181805246746432 0.0 4.0 
278 10180475.1 92.03961337322205 80.40105103773068 144.08311230468743 0 233 2.8329 0.0 8.181805246746432 0.0 4.0 
279 10180508.4 92.03961337322205 80.40105103773068 144.08311230468743 0 233 2.8329 0.0 8.181805246746432 0.0 4.0 
280 10180541.7 92.03142405060922 80.40105103773068 144.08311230468743 0 233 2.8329 0.0 8.181805246746432 0.0 4.0 
281 10180575.1 92.03142405060922 80.40374332801507 144.08311230468743 0 233 2.8329 0.0 8.181805246746432 0.0 4.0 
282 10180608.4 92.03142405060922 80.40374332801507 144.08311230468743 0 233 2.8329 0.0 8.181805246746432 0.0 4.0 
283 10180641.7 92.03142405060922 80.40374332801507 144.08311230468743 0 233 2.8329 0.0 8.181805246746432 0.0 4.0 
284 10180675.1 92.02104898862397 80.40374332801507 144.08311230468743 0 233 2.8329 0.0 8.181805246746432 0.0 4.0 
285 10180708.4 92.02104898862397 80.40264832212968 144.08311230468743 0 233 2.8329 0.0 8.181805246746432 0.0 4.0 
286 10180741.7 92.02104898862397 80.40264832212968 144.08311230468743 0 233 2.8329 0.0 8.181805246746432 0.0 4.0 
287 10180775.1 92.02104898862397 80.40264832212968 144.08311230468743 0 233 2.8329 0.0 8.181805246746432 0.0 4.0 
288 10180808.4 91.99759503785762 80.396051628323 144.08311230468743 0 233 2.8329 0.0 8.181805246746432 0.0 4.0 
289 10180841.7 91.99759503785762 80.396051628323 144.08311230468743 0 233 2.8329 0.0 8.181805246746432 0.0 4.0 
290 10180875.1 91.99759503785762 80.396051628323 144.08311230468743 0 233 2.8329 0.0 8.181805246746432 0.0 4.0 
291 10180908.4 91.98026477168291 80.38662024528541 144.08311230468743 0 233 2.8329 0.0 8.181805246746432 0.0 4.0 
292 10180941.8 91.98026477168291 80.38662024528541 144.08311230468743 0 233 2.8329 0.0 8.181805246746432 0.0 4.0 
293 10180975.1 91.98026477168291 80.38662024528541 144.08311230468743 0 233 2.8329 0.0 8.181805246746432 0.0 4.0 
294 10181008.4 91.95900293026497 80.38662024528541 144.08311230468743 0 233 2.8329 0.0 8.181805246746432 0.0 4.0 
295 10181041.8 91.95900293026497 80.38138597096462 144.08311230468743 0 233 2.8329 0.0 8.181805246746432 0.0 4.0 
296 10181075.1 91.95900293026497 80.38138597096462 144.08311230468743 0 233 2.8329 0.0 8.181805246746432 0.0 4.0 
297 10181108.4 91.94770564395466 80.38138597096462 144.08311230468743 0 233 2.8329 0.0 8.181805246746432 0.0 4.0 
298 10181141.8 91.94770564395466 80.38036726273654 144.08311230468743 0 233 2.8329 0.0 8.181805246746432 0.0 4.0 
299 10181175.1 91.94770564395466 80.38036726273654 144.08311230468743 0 233 2.8329 0.0 8.181805246746432 0.0 4.0 
300 10181208.4 91.94770564395466 80.38036726273654 144.08311230468743 0 233 2.8329 0.0 8.181805246746432 0.0 4.0 
301 10181241.8 91.9361177148155 80.38036726273654 144.08311230468743 0 233 2.8329 0.0 8.181805246746432 0.0 4.0 
302 10181275.1 91.9361177148155 80.38036726273654 144.08311230468743 0 233 2.8329 0.0 8.181805246746432 0.0 4.0 
303 10181308.5 91.9361177148155 80.38036726273654 144.08311230468743 0 233 2.8329 0.0 8.181805246746432 0.0 4.0 
304 10181341.8 91.9361177148155 80.38036726273654 144.08311230468743 0 233 2.8329 0.0 8.181805246746432 0.0 4.0 
305 10181375.1 91.92205031799378 80.38036726273654 144.08311230468743 0 233 2.8329 0.0 8.181805246746432 0.0 4.0 
306 10181408.5 91.92205031799378 80.38327201109337 144.08311230468743 0 233 2.8329 0.0 8.181805246746432 0.0 4.0 
307 10181441.8 91.92205031799378 80.38327201109337 144.08311230468743 0 233 2.8329 0.0 8.181805246746432 0.0 4.0 
308 10181475.1 91.92205031799378 80.38327201109337 144.08311230468743 0 233 2.8329 0.0 8.181805246746432 0.0 4.0 
309 10181508.5 91.91982308398191 80.38327201109337 144.08311230468743 0 233 2.8329 0.0 8.181805246746432 0.0 4.0 
310 10181541.8 91.91982308398191 80.38516731708145 144.08311230468743 0 233 2.8329 0.0 8.181805246746432 0.0 4.0 
311 10181575.1 91.91982308398191 80.38516731708145 144.08311230468743 0 233 2.8329 0.0 8.181805246746432 0.0 4.0 
312 10181608.5 91.90906334046657 80.38412655453519 144.08311230468743 0 233 2.8329 0.0 8.181805246746432 0.0 4.0 
313 10181641.8 91.90906334046657 80.38412655453519 144.08311230468743 0 233 2.8329 0.0 8.181805246746432 0.0 4.0 
314 10181675.1 91.90906334046657 80.38412655453519 144.08311230468743 0 233 2.8329 0.0 8.181805246746432 0.0 4.0 
315 10181708.5 91.90906334046657 80.38412655453519 144.08311230468743 0 233 2.8329 0.0 8.181805246746432 0.0 4.0 
316 10181741.8 91.89430600682796 80.38412655453519 144.08311230468743 0 233 2.8329 0.0 8.181805246746432 0.0 4.0 
317 10181775.2 91.89430600682796 80.38685617439182 144.08311230468743 0 233 2.8329 0.0 8.181805246746432 0.0 4.0 
318 10181808.5 91.89430600682796 80.38685617439182 144.08311230468743 0 233 2.8329 0.0 8.181805246746432 0.0 4.0 
319 10181841.8 91.89430600682796 80.38685617439182 144.08311230468743 0 233 2.8329 0.0 8.181805246746432 0.0 4.0 
320 10181875.2 91.87969558931454 80.38685617439182 144.08311230468743 0 233 2.8329 0.0 8.181805246746432 0.0 4.0 
321 10181908.5 91.87969558931454 80.3967414976429 144.08311230468743 0 233 2.8329 0.0 8.181805246746432 0.0 4.0 
322 10181941.8 91.87969558931454 80.3967414976429 144.08311230468743 0 233 2.8329 0.0 8.181805246746432 0.0 4.0 
323 10181975.2 91.87969558931454 80.3967414976429 144.08311230468743 0 233 2.8329 0.0 8.181805246746432 0.0 4.0 
324 10182008.5 91.86372150477307 80.4061006968875 144.08311230468743 0 233 2.8329 0.0 8.181805246746432 0.0 4.0 
325 10182041.8 91.86372150477307 80.4061006968875 144.08311230468743 0 233 2.8329 0.0 8.181805246746432 0.0 4.0 
326 10182075.2 91.86372150477307 80.4061006968875 144.08311230468743 0 233 2.8329 0.0 8.181805246746432 0.0 4.0 
327 10182108.5 91.85416612128641 80.4061006968875 144.08311230468743 0 233 2.8329 0.0 8.181805246746432 0.0 4.0 
328 10182141.9 91.85416612128641 80.41154460727026 144.08311230468743 0 233 2.8329 0.0 8.181805246746432 0.0 4.0 
329 10182175.2 91.85416612128641 80.41154460727026 144.08311230468743 0 233 2.8329 0.0 8.181805246746432 0.0 4.0 
330 10182208.5 91.84714930094692 80.41154460727026 144.08311230468743 0 233 2.8329 0.0 8.181805246746432 0.0 4.0 
331 10182241.9 91.84714930094692 80.41681083911382 144.08311230468743 0 233 2.8329 0.0 8.181805246746432 0.0 4.0 
332 10182275.2 91.84714930094692 80.41681083911382 144.08311230468743 0 233 2.8329 0.0 8.181805246746432 0.0 4.0 
333 10182308.5 91.84019068226533 80.41681083911382 144.08311230468743 0 233 2.8329 0.0 8.181805246746432 0.0 4.0 
334 10182341.9 91.84019068226533 80.42295490150839 144.08311230468743 0 233 2.8329 0.0 8.181805246746432 0.0 4.0 
335 10182375.2 91.84019068226533 80.42295490150839 144.08311230468743 0 233 2.8329 0.0 8.181805246746432 0.0 4.0 
336 10182408.5 91.83203212423454 80.4294194056919 144.08311230468743 0 233 2.8329 0.0 8.181805246746432 0.0 4.0 
337 10182441.9 91.83203212423454 80.4294194056919 144.08311230468743 0 233 2.8329 0.0 8.181805246746432 0.0 4.0 
338 10182475.2 91.83203212423454 80.4294194056919 144.08311230468743 0 233 2.8329 0.0 8.181805246746432 0.0 4.0 
339 10182508.5 91.82716646137348 80.4294194056919 144.08311230468743 0 233 2.8329 0.0 8.181805246746432 0.0 4.0 
340 10182541.9 91.82716646137348 80.43595083601174 144.08311230468743 0 233 2.8329 0.0 8.181805246746432 0.0 4.0 
341 10182575.2 91.82716646137348 80.43595083601174 144.08311230468743 0 233 2.8329 0.0 8.181805246746432 0.0 4.0 
342 10182608.6 91.82716646137348 80.43595083601174 144.08311230468743 0 233 2.8329 0.0 8.181805246746432 0.0 4.0 
343 10182641.9 91.81697761670597 80.43595083601174 144.08311230468743 0 233 2.8329 0.0 8.181805246746432 0.0 4.0 
344 10182675.2 91.81697761670597 80.4417456879482 144.08311230468743 0 233 2.8329 0.0 8.181805246746432 0.0 4.0 
345 10182708.6 91.81697761670597 80.4417456879482 144.08311230468743 0 233 2.8329 0.0 8.181805246746432 0.0 4.0 
346 10182741.9 91.81697761670597 80.4417456879482 144.08311230468743 0 233 2.8329 0.0 8.181805246746432 0.0 4.0 
347 10182775.2 91.81279031958701 80.44423280012178 144.08311230468743 0 233 2.8329 0.0 8.181805246746432 0.0 4.0 
348 10182808.6 91.81279031958701 80.44423280012178 144.08311230468743 0 233 2.8329 0.0 8.181805246746432 0.0 4.0 
349 10182841.9 91.81279031958701 80.44423280012178 144.08311230468743 0 233 2.8329 0.0 8.181805246746432 0.0 4.0 
350 10182875.2 91.8112662271765 80.45223767016155 144.08311230468743 0 233 2.8329 0.0 8.181805246746432 0.0 4.0 
351 10182908.6 91.8112662271765 80.45223767016155 144.08311230468743 0 233 2.8329 0.0 8.181805246746432 0.0 4.0 
352 10182941.9 91.8112662271765 80.45223767016155 144.08311230468743 0 233 2.8329 0.0 8.181805246746432 0.0 4.0 
353 10182975.3 91.80852699539754 80.45223767016155 144.08311230468743 0 233 2.8329 0.0 8.181805246746432 0.0 4.0 
354 10183008.6 91.80852699539754 80.45623676312897 144.08311230468743 0 233 2.8329 0.0 8.181805246746432 0.0 4.0 
355 10183041.9 91.80852699539754 80.45623676312897 144.08311230468743 0 233 2.8329 0.0 8.181805246746432 0.0 4.0 
356 10183075.3 91.80522927947152 80.45623676312897 144.08311230468743 0 233 2.8329 0.0 8.181805246746432 0.0 4.0 
357 10183108.6 91.80522927947152 80.46686091879414 144.08311230468743 0 233 2.8329 0.0 8.181805246746432 0.0 4.0 
358 10183141.9 91.80522927947152 80.46686091879414 144.08311230468743 0 233 2.8329 0.0 8.181805246746432 0.0 4.0 
359 10183175.3 91.80522927947152 80.46686091879414 144.08311230468743 0 233 2.8329 0.0 8.181805246746432 0.0 4.0 
360 10183208.6 91.80291977524686 80.46686091879414 144.08311230468743 0 233 2.8329 0.0 8.181805246746432 0.0 4.0 
361 10183241.9 91.80291977524686 80.47397125784929 144.08311230468743 0 233 2.8329 0.0 8.181805246746432 0.0 4.0 
362 10183275.3 91.80291977524686 80.47397125784929 144.08311230468743 0 233 2.8329 0.0 8.181805246746432 0.0 4.0 
363 10183308.6 91.80291977524686 80.47397125784929 144.08311230468743 0 233 2.8329 0.0 8.181805246746432 0.0 4.0 
364 10183341.9 91.80291977524686 80.48925293219513 144.08311230468743 0 233 2.8329 0.0 8.181805246746432 0.0 4.0 
365 10183375.3 91.80291977524686 80.48925293219513 144.08311230468743 0 233 2.8329 0.0 8.181805246746432 0.0 4.0 
366 10183408.6 91.80291977524686 80.48925293219513 144.08311230468743 0 233 2.8329 0.0 8.181805246746432 0.0 4.0 
367 10183442.0 91.80291977524686 80.51021730775841 144.08311230468743 0 233 2.8329 0.0 8.181805246746432 0.0 4.0 
368 10183475.3 91.80291977524686 80.51021730775841 144.08311230468743 0 233 2.8329 0.0 8.181805246746432 0.0 4.0 
369 10183508.6 91.80291977524686 80.51021730775841 144.08311230468743 0 233 2.8329 0.0 8.181805246746432 0.0 4.0 
370 10183542.0 91.80291977524686 80.51021730775841 144.08311230468743 0 233 2.8329 0.0 8.181805246746432 0.0 4.0 
371 10183575.3 91.79662848215018 80.51021730775841 144.08311230468743 0 233 2.8329 0.0 8.181805246746432 0.0 4.0 
372 10183608.6 91.79662848215018 80.5239651184349 144.08311230468743 0 233 2.8329 0.0 8.181805246746432 0.0 4.0 
373 10183642.0 91.79662848215018 80.5239651184349 144.08311230468743 0 233 2.8329 0.0 8.181805246746432 0.0 4.0 
374 10183675.3 91.79264160018103 80.53330749578329 144.08311230468743 0 233 2.8329 0.0 8.181805246746432 0.0 4.0 
375 10183708.6 91.79264160018103 80.53330749578329 144.08311230468743 0 233 2.8329 0.0 8.181805246746432 0.0 4.0 
376 10183742.0 91.79264160018103 80.53330749578329 144.08311230468743 0 233 2.8329 0.0 8.181805246746432 0.0 4.0 
377 10183775.3 91.79158570880361 80.53330749578329 144.08311230468743 0 233 2.8329 0.0 8.181805246746432 0.0 4.0 
378 10183808.7 91.79158570880361 80.54090440109145 144.08311230468743 0 233 2.8329 0.0 8.181805246746432 0.0 4.0 
379 10183842.0 91.79158570880361 80.54090440109145 144.08311230468743 0 233 2.8329 0.0 8.181805246746432 0.0 4.0 
380 10183875.3 91.79158570880361 80.54090440109145 144.08311230468743 0 233 2.8329 0.0 8.181805246746432 0.0 4.0 
381 10183908.7 91.79158570880361 80.5555830380075 144.08311230468743 0 233 2.8329 0.0 8.181805246746432 0.0 4.0 
382 10183942.0 91.79158570880361 80.5555830380075 144.08311230468743 0 233 2.8329 0.0 8.181805246746432 0.0 4.0 
383 10183975.3 91.79158570880361 80.5555830380075 144.08311230468743 0 233 2.8329 0.0 8.181805246746432 0.0 4.0 
384 10184008.7 91.79364647540784 80.56211522579503 144.08311230468743 0 233 2.8329 0.0 8.181805246746432 0.0 4.0 
385 10184042.0 91.79364647540784 80.56211522579503 144.08311230468743 0 233 2.8329 0.0 8.181805246746432 0.0 4.0 
386 10184075.3 91.79364647540784 80.56211522579503 144.08311230468743 0 233 2.8329 0.0 8.181805246746432 0.0 4.0 
387 10184108.7 91.79364647540784 80.56211522579503 144.08311230468743 0 233 2.8329 0.0 8.181805246746432 0.0 4.0 
388 10184142.0 91.80536759354456 80.56211522579503 144.08311230468743 0 233 2.8329 0.0 8.181805246746432 0.0 4.0 
389 10184175.3 91.80536759354456 80.5875556928594 144.08311230468743 0 233 2.8329 0.0 8.181805246746432 0.0 4.0 
390 10184208.7 91.80536759354456 80.5875556928594 144.08311230468743 0 233 2.8329 0.0 8.181805246746432 0.0 4.0 
391 10184242.0 91.80536759354456 80.5875556928594 144.08311230468743 0 233 2.8329 0.0 8.181805246746432 0.0 4.0 
392 10184275.4 91.80536759354456 80.5875556928594 144.08311230468743 0 233 2.8329 0.0 8.181805246746432 0.0 4.0 
393 10184308.7 91.80936639844695 80.60809244328878 144.08311230468743 0 233 2.8329 0.0 8.181805246746432 0.0 4.0 
394 10184342.0 91.80936639844695 80.60809244328878 144.08311230468743 0 233 2.8329 0.0 8.181805246746432 0.0 4.0 
395 10184375.4 91.80936639844695 80.60809244328878 144.08311230468743 0 233 2.8329 0.0 8.181805246746432 0.0 4.0 
396 10184408.7 91.80236965476776 80.62688229661525 144.08311230468743 0 233 2.8329 0.0 8.181805246746432 0.0 4.0 
397 10184442.0 91.80236965476776 80.62688229661525 144.08311230468743 0 233 2.8329 0.0 8.181805246746432 0.0 4.0 
398 10184475.4 91.80236965476776 80.62688229661525 144.08311230468743 0 233 2.8329 0.0 8.181805246746432 0.0 4.0 
399 10184508.7 91.79496758794299 80.62688229661525 144.08311230468743 0 233 2.8329 0.0 8.181805246746432 0.0 4.0 
400 10184542.0 91.79496758794299 80.63342734127453 144.08311230468743 0 233 2.8329 0.0 8.181805246746432 0.0 4.0 
401 10184575.4 91.79496758794299 80.63342734127453 144.08311230468743 0 233 2.8329 0.0 8.181805246746432 0.0 4.0 
402 10184608.7 91.79496758794299 80.63342734127453 144.08311230468743 0 233 2.8329 0.0 8.181805246746432 0.0 4.0 
403 10184642.1 91.7874710131579 80.63342734127453 144.08311230468743 0 233 2.8329 0.0 8.181805246746432 0.0 4.0 
404 10184675.4 91.7874710131579 80.6438926236185 144.08311230468743 0 233 2.8329 0.0 8.181805246746432 0.0 4.0 
405 10184708.7 91.7874710131579 80.6438926236185 144.08311230468743 0 233 2.8329 0.0 8.181805246746432 0.0 4.0 
406 10184742.1 91.7874710131579 80.6438926236185 144.08311230468743 0 233 2.8329 0.0 8.181805246746432 0.0 4.0 
407 10184775.4 91.77718759486912 80.6438926236185 144.08311230468743 0 233 2.8329 0.0 8.181805246746432 0.0 4.0 
408 10184808.7 91.77718759486912 80.6543597961932 144.08311230468743 0 233 2.8329 0.0 8.181805246746432 0.0 4.0 
409 10184842.1 91.77718759486912 80.6543597961932 144.08311230468743 0 233 2.8329 0.0 8.181805246746432 0.0 4.0 
410 10184875.4 91.75849678595272 80.6543597961932 144.08311230468743 0 233 2.8329 0.0 8.181805246746432 0.0 4.0 
411 10184908.7 91.75849678595272 80.6691009951093 144.08311230468743 0 233 2.8329 0.0 8.181805246746432 0.0 4.0 
412 10184942.1 91.75849678595272 80.6691009951093 144.08311230468743 0 233 2.8329 0.0 8.181805246746432 0.0 4.0 
413 10184975.4 91.74666820959912 80.6691009951093 144.08311230468743 0 233 2.8329 0.0 8.181805246746432 0.0 4.0 
414 10185008.7 91.74666820959912 80.67910534153987 144.08311230468743 0 233 2.8329 0.0 8.181805246746432 0.0 4.0 
415 10185042.1 91.74666820959912 80.67910534153987 144.08311230468743 0 233 2.8329 0.0 8.181805246746432 0.0 4.0 
416 10185075.4 91.74666820959912 80.67910534153987 144.08311230468743 0 233 2.8329 0.0 8.181805246746432 0.0 4.0 
417 10185108.8 91.73695317667615 80.67910534153987 144.08311230468743 0 233 2.8329 0.0 8.181805246746432 0.0 4.0 
418 10185142.1 91.73695317667615 80.68816631585462 144.08311230468743 0 233 2.8329 0.0 8.181805246746432 0.0 4.0 
419 10185175.4 91.73695317667615 80.68816631585462 144.08311230468743 0 233 2.8329 0.0 8.181805246746432 0.0 4.0 
420 10185208.8 91.73695317667615 80.68816631585462 144.08311230468743 0 233 2.8329 0.0 8.181805246746432 0.0 4.0 
421 10185242.1 91.72553895121769 80.68816631585462 144.08311230468743 0 233 2.8329 0.0 8.181805246746432 0.0 4.0 
422 10185275.4 91.72553895121769 80.69684025805114 144.08311230468743 0 233 2.8329 0.0 8.181805246746432 0.0 4.0 
423 10185308.8 91.72553895121769 80.69684025805114 144.08311230468743 0 233 2.8329 0.0 8.181805246746432 0.0 4.0 
424 10185342.1 91.72553895121769 80.69684025805114 144.08311230468743 0 233 2.8329 0.0 8.181805246746432 0.0 4.0 
425 10185375.4 91.71746679727673 80.7026739124808 144.08311230468743 0 233 2.8329 0.0 8.181805246746432 0.0 4.0 
426 10185408.8 91.71746679727673 80.7026739124808 144.08311230468743 0 233 2.8329 0.0 8.181805246746432 0.0 4.0 
427 10185442.1 91.71746679727673 80.7026739124808 144.08311230468743 0 233 2.8329 0.0 8.181805246746432 0.0 4.0 
428 10185475.5 91.71746679727673 80.7026739124808 144.08311230468743 0 233 2.8329 0.0 8.181805246746432 0.0 4.0 
429 10185508.8 91.70670878503243 80.7026739124808 144.08311230468743 0 233 2.8329 0.0 8.181805246746432 0.0 4.0 
430 10185542.1 91.70670878503243 80.7026739124808 144.08311230468743 0 233 2.8329 0.0 8.181805246746432 0.0 4.0 
431 10185575.5 91.70670878503243 80.7026739124808 144.08311230468743 0 233 2.8329 0.0 8.181805246746432 0.0 4.0 
432 10185608.8 91.70670878503243 80.7026739124808 144.08311230468743 0 233 2.8329 0.0 8.181805246746432 0.0 4.0 
433 10185642.1 91.68612283615307 80.7026739124808 144.08311230468743 0 233 2.8329 0.0 8.181805246746432 0.0 4.0 
434 10185675.5 91.68612283615307 80.70630192263243 144.08311230468743 0 233 2.8329 0.0 8.181805246746432 0.0 4.0 
435 10185708.8 91.68612283615307 80.70630192263243 144.08311230468743 0 233 2.8329 0.0 8.181805246746432 0.0 4.0 
436 10185742.1 91.68612283615307 80.70630192263243 144.08311230468743 0 233 2.8329 0.0 8.181805246746432 0.0 4.0 
437 10185775.5 91.66254993149562 80.70986530309403 144.08311230468743 0 233 2.8329 0.0 8.181805246746432 0.0 4.0 
438 10185808.8 91.66254993149562 80.70986530309403 144.08311230468743 0 233 2.8329 0.0 8.181805246746432 0.0 4.0 
439 10185842.1 91.66254993149562 80.70986530309403 144.08311230468743 0 233 2.8329 0.0 8.181805246746432 0.0 4.0 
440 10185875.5 91.65326041460506 80.70986530309403 144.08311230468743 0 233 2.8329 0.0 8.181805246746432 0.0 4.0 
441 10185908.8 91.65326041460506 80.71321926229108 144.08311230468743 0 233 2.8329 0.0 8.181805246746432 0.0 4.0 
442 10185942.2 91.65326041460506 80.71321926229108 144.08311230468743 0 233 2.8329 0.0 8.181805246746432 0.0 4.0 
443 10185975.5 91.65326041460506 80.71321926229108 144.08311230468743 0 233 2.8329 0.0 8.181805246746432 0.0 4.0 
444 10186008.8 91.64122366068352 80.71321926229108 144.08311230468743 0 233 2.8329 0.0 8.181805246746432 0.0 4.0 
445 10186042.2 91.64122366068352 80.71660349694325 144.08311230468743 0 233 2.8329 0.0 8.181805246746432 0.0 4.0 
446 10186075.5 91.64122366068352 80.71660349694325 144.08311230468743 0 233 2.8329 0.0 8.181805246746432 0.0 4.0 
447 10186108.8 91.64122366068352 80.71660349694325 144.08311230468743 0 233 2.8329 0.0 8.181805246746432 0.0 4.0 
448 10186142.2 91.63213658166258 80.71660349694325 144.08311230468743 0 233 2.8329 0.0 8.181805246746432 0.0 4.0 
449 10186175.5 91.63213658166258 80.71660349694325 144.08311230468743 0 233 2.8329 0.0 8.181805246746432 0.0 4.0 
450 10186208.8 91.63213658166258 80.71660349694325 144.08311230468743 0 233 2.8329 0.0 8.181805246746432 0.0 4.0 
451 10186242.2 91.62115762482475 80.71660349694325 144.08311230468743 0 233 2.8329 0.0 8.181805246746432 0.0 4.0 
452 10186275.5 91.62115762482475 80.7133128006481 144.08311230468743 0 233 2.8329 0.0 8.181805246746432 0.0 4.0 
453 10186308.9 91.62115762482475 80.7133128006481 144.08311230468743 0 233 2.8329 0.0 8.181805246746432 0.0 4.0 
454 10186342.2 91.62115762482475 80.7133128006481 144.08311230468743 0 233 2.8329 0.0 8.181805246746432 0.0 4.0 
455 10186375.5 91.60693046636706 80.7133128006481 144.08311230468743 0 233 2.8329 0.0 8.181805246746432 0.0 4.0 
456 10186408.9 91.60693046636706 80.70595397245303 144.08311230468743 0 233 2.8329 0.0 8.181805246746432 0.0 4.0 
457 10186442.2 91.60693046636706 80.70595397245303 144.08311230468743 0 233 2.8329 0.0 8.181805246746432 0.0 4.0 
458 10186475.5 91.60693046636706 80.70595397245303 144.08311230468743 0 233 2.8329 0.0 8.181805246746432 0.0 4.0 
459 10186508.9 91.58827398818411 80.70354593592901 144.08311230468743 0 233 2.8329 0.0 8.181805246746432 0.0 4.0 
460 10186542.2 91.58827398818411 80.70354593592901 144.08311230468743 0 233 2.8329 0.0 8.181805246746432 0.0 4.0 
461 10186575.5 91.58827398818411 80.70354593592901 144.08311230468743 0 233 2.8329 0.0 8.181805246746432 0.0 4.0 
462 10186608.9 91.57497694050194 80.70354593592901 144.08311230468743 0 233 2.8329 0.0 8.181805246746432 0.0 4.0 
463 10186642.2 91.57497694050194 80.7072543755843 144.08311230468743 0 233 2.8329 0.0 8.181805246746432 0.0 4.0 
464 10186675.5 91.57497694050194 80.7072543755843 144.08311230468743 0 233 2.8329 0.0 8.181805246746432 0.0 4.0 
465 10186708.9 91.56487259331567 80.7072543755843 144.08311230468743 0 233 2.8329 0.0 8.181805246746432 0.0 4.0 
466 10186742.2 91.56487259331567 80.71243498498181 144.08311230468743 0 233 2.8329 0.0 8.181805246746432 0.0 4.0 
467 10186775.6 91.56487259331567 80.71243498498181 144.08311230468743 0 233 2.8329 0.0 8.181805246746432 0.0 4.0 
468 10186808.9 91.55758099417027 80.71243498498181 144.08311230468743 0 233 2.8329 0.0 8.181805246746432 0.0 4.0 
469 10186842.2 91.55758099417027 80.71485361226337 144.08311230468743 0 233 2.8329 0.0 8.181805246746432 0.0 4.0 
470 10186875.6 91.55758099417027 80.71485361226337 144.08311230468743 0 233 2.8329 0.0 8.181805246746432 0.0 4.0 
471 10186908.9 91.54190789011614 80.71959539594236 144.08311230468743 0 233 2.8329 0.0 8.181805246746432 0.0 4.0 
472 10186942.2 91.54190789011614 80.71959539594236 144.08311230468743 0 233 2.8329 0.0 8.181805246746432 0.0 4.0 
473 10186975.6 91.54190789011614 80.71959539594236 144.08311230468743 0 233 2.8329 0.0 8.181805246746432 0.0 4.0 
474 10187008.9 91.5362648644686 80.71959539594236 144.08311230468743 0 233 2.8329 0.0 8.181805246746432 0.0 4.0 
475 10187042.2 91.5362648644686 80.72150844836241 144.08311230468743 0 233 2.8329 0.0 8.181805246746432 0.0 4.0 
476 10187075.6 91.5362648644686 80.72150844836241 144.08311230468743 0 233 2.8329 0.0 8.181805246746432 0.0 4.0 
477 10187108.9 91.5362648644686 80.72150844836241 144.08311230468743 0 233 2.8329 0.0 8.181805246746432 0.0 4.0 
478 10187142.3 91.51796079215082 80.72150844836241 144.08311230468743 0 233 2.8329 0.0 8.181805246746432 0.0 4.0 
479 10187175.6 91.51796079215082 80.72369316357695 144.08311230468743 0 233 2.8329 0.0 8.181805246746432 0.0 4.0 
480 10187208.9 91.51796079215082 80.72369316357695 144.08311230468743 0 233 2.8329 0.0 8.181805246746432 0.0 4.0 
481 10187242.3 91.51796079215082 80.72369316357695 144.08311230468743 0 233 2.8329 0.0 8.181805246746432 0.0 4.0 
482 10187275.6 91.50397969718549 80.72961904896296 144.08311230468743 0 233 2.8329 0.0 8.181805246746432 0.0 4.0 
483 10187308.9 91.50397969718549 80.72961904896296 144.08311230468743 0 233 2.8329 0.0 8.181805246746432 0.0 4.0 
484 10187342.3 91.50397969718549 80.72961904896296 144.08311230468743 0 233 2.8329 0.0 8.181805246746432 0.0 4.0 
485 10187375.6 91.50397969718549 80.72961904896296 144.08311230468743 0 233 2.8329 0.0 8.181805246746432 0.0 4.0 
486 10187408.9 91.48625335541597 80.72961904896296 144.08311230468743 0 233 2.8329 0.0 8.181805246746432 0.0 4.0 
487 10187442.3 91.48625335541597 80.73535430307388 144.08311230468743 0 233 2.8329 0.0 8.181805246746432 0.0 4.0 
488 10187475.6 91.48625335541597 80.73535430307388 144.08311230468743 0 233 2.8329 0.0 8.181805246746432 0.0 4.0 
489 10187508.9 91.48625335541597 80.73535430307388 144.08311230468743 0 233 2.8329 0.0 8.181805246746432 0.0 4.0 
490 10187542.3 91.476029090375 80.73535430307388 144.08311230468743 0 233 2.8329 0.0 8.181805246746432 0.0 4.0 
491 10187575.6 91.476029090375 80.74253032979753 144.08311230468743 0 233 2.8329 0.0 8.181805246746432 0.0 4.0 
492 10187609.0 91.476029090375 80.74253032979753 144.08311230468743 0 233 2.8329 0.0 8.181805246746432 0.0 4.0 
493 10187642.3 91.46618511173405 80.74991333934187 144.08311230468743 0 233 2.8329 0.0 8.181805246746432 0.0 4.0 
494 10187675.6 91.46618511173405 80.74991333934187 144.08311230468743 0 233 2.8329 0.0 8.181805246746432 0.0 4.0 
495 10187709.0 91.46618511173405 80.74991333934187 144.08311230468743 0 233 2.8329 0.0 8.181805246746432 0.0 4.0 
496 10187742.3 91.45495854495124 80.76074121184097 144.08311230468743 0 233 2.8329 0.0 8.181805246746432 0.0 4.0 
497 10187775.6 91.45495854495124 80.76074121184097 144.08311230468743 0 233 2.8329 0.0 8.181805246746432 0.0 4.0 
498 10187809.0 91.45495854495124 80.76074121184097 144.08311230468743 0 233 2.8329 0.0 8.181805246746432 0.0 4.0 
499 10187842.3 91.45495854495124 80.76074121184097 144.08311230468743 0 233 2.8329 0.0 8.181805246746432 0.0 4.0 
500 10187875.6 91.43479101562495 80.76145800781245 144.01006249999992 0 233 2.8329 0.0 8.181805246746432 0.0 4.0 
501 10187909.0 91.43479101562495 80.77158105708897 144.01006249999992 0 233 2.8329 0.0 8.181805246746432 0.0 4.0 
502 10187942.3 91.43479101562495 80.77158105708897 144.01006249999992 0 233 2.8329 0.0 8.181805246746432 0.0 4.0 
503 10187975.7 91.43479101562495 80.77158105708897 144.01006249999992 0 233 2.8329 0.0 8.181805246746432 0.0 4.0 
504 10188009.0 91.42238867187496 80.77162792968747 143.95325976562492 0 233 2.8329 0.0 8.181805246746432 0.0 4.0 
505 10188042.3 91.42238867187496 80.7842141420152 143.95325976562492 0 233 2.8329 0.0 8.181805246746432 0.0 4.0 
506 10188075.7 91.42238867187496 80.7842141420152 143.95325976562492 0 233 2.8329 0.0 8.181805246746432 0.0 4.0 
507 10188109.0 91.41654062621838 80.7947741421846 143.95325976562492 0 233 2.8329 0.0 8.181805246746432 0.0 4.0 
508 10188142.3 91.41654062621838 80.7947741421846 143.95325976562492 0 233 2.8329 0.0 8.181805246746432 0.0 4.0 
509 10188175.7 91.41654062621838 80.7947741421846 143.95325976562492 0 233 2.8329 0.0 8.181805246746432 0.0 4.0 
510 10188209.0 91.41172962565332 80.7947741421846 143.95325976562492 0 233 2.8329 0.0 8.181805246746432 0.0 4.0 
511 10188242.3 91.41172962565332 80.80261812007379 143.95325976562492 0 233 2.8329 0.0 8.181805246746432 0.0 4.0 
512 10188275.7 91.41172962565332 80.80261812007379 143.95325976562492 0 233 2.8329 0.0 8.181805246746432 0.0 4.0 
513 10188309.0 91.41172962565332 80.80261812007379 143.95325976562492 0 233 2.8329 0.0 8.181805246746432 0.0 4.0 
514 10188342.3 91.41172962565332 80.816197827467 143.95325976562492 0 233 2.8329 0.0 8.181805246746432 0.0 4.0 
515 10188375.7 91.41172962565332 80.816197827467 143.95325976562492 0 233 2.8329 0.0 8.181805246746432 0.0 4.0 
516 10188409.0 91.41172962565332 80.816197827467 143.95325976562492 0 233 2.8329 0.0 8.181805246746432 0.0 4.0 
517 10188442.4 91.41172962565332 80.816197827467 143.95325976562492 0 233 2.8329 0.0 8.181805246746432 0.0 4.0 
518 10188475.7 91.41321058423735 80.83903529238022 143.95325976562492 0 233 2.8329 0.0 8.181805246746432 0.0 4.0 
519 10188509.0 91.41321058423735 80.83903529238022 143.95325976562492 0 233 2.8329 0.0 8.181805246746432 0.0 4.0 
520 10188542.4 91.41321058423735 80.83903529238022 143.95325976562492 0 233 2.8329 0.0 8.181805246746432 0.0 4.0 
521 10188575.7 91.41321058423735 80.86477432664275 143.95325976562492 0 233 2.8329 0.0 8.181805246746432 0.0 4.0 
522 10188609.0 91.41321058423735 80.86477432664275 143.95325976562492 0 233 2.8329 0.0 8.181805246746432 0.0 4.0 
523 10188642.4 91.39485546874995 80.86464550781245 144.0277978515624 0 233 2.8329 0.0 8.181805246746432 0.0 4.0 
524 10188675.7 91.39485546874995 80.86464550781245 144.0277978515624 0 233 2.8329 0.0 8.181805246746432 0.0 4.0 
525 10188709.0 91.38746443940742 80.87390181835987 144.0277978515624 0 233 2.8329 0.0 8.181805246746432 0.0 4.0 
526 10188742.4 91.38746443940742 80.87390181835987 144.0277978515624 0 233 2.8329 0.0 8.181805246746432 0.0 4.0 
527 10188775.7 91.38746443940742 80.87390181835987 144.0277978515624 0 233 2.8329 0.0 8.181805246746432 0.0 4.0 
528 10188809.1 91.38746443940742 80.87390181835987 144.0277978515624 0 233 2.8329 0.0 8.181805246746432 0.0 4.0 
529 10188842.4 91.37333154217998 80.8880454937928 144.0277978515624 0 233 2.8329 0.0 8.181805246746432 0.0 4.0 
530 10188875.7 91.37333154217998 80.8880454937928 144.0277978515624 0 233 2.8329 0.0 8.181805246746432 0.0 4.0 
531 10188909.1 91.37333154217998 80.8880454937928 144.0277978515624 0 233 2.8329 0.0 8.181805246746432 0.0 4.0 
532 10188942.4 91.36278959662172 80.8880454937928 144.0277978515624 0 233 2.8329 0.0 8.181805246746432 0.0 4.0 
533 10188975.7 91.36278959662172 80.89675801543541 144.0277978515624 0 233 2.8329 0.0 8.181805246746432 0.0 4.0 
534 10189009.1 91.36278959662172 80.89675801543541 144.0277978515624 0 233 2.8329 0.0 8.181805246746432 0.0 4.0 
535 10189042.4 91.36278959662172 80.89675801543541 144.0277978515624 0 233 2.8329 0.0 8.181805246746432 0.0 4.0 
536 10189075.7 91.3583935843969 80.89675801543541 144.0277978515624 0 233 2.8329 0.0 8.181805246746432 0.0 4.0 
537 10189109.1 91.3583935843969 80.90372596061326 144.0277978515624 0 233 2.8329 0.0 8.181805246746432 0.0 4.0 
538 10189142.4 91.3583935843969 80.90372596061326 144.0277978515624 0 233 2.8329 0.0 8.181805246746432 0.0 4.0 
539 10189175.7 91.34017269828196 80.91565721380009 144.0277978515624 0 233 2.8329 0.0 8.181805246746432 0.0 4.0 
540 10189209.1 91.34017269828196 80.91565721380009 144.0277978515624 0 233 2.8329 0.0 8.181805246746432 0.0 4.0 
541 10189242.4 91.34017269828196 80.91565721380009 144.0277978515624 0 233 2.8329 0.0 8.181805246746432 0.0 4.0 
542 10189275.8 91.34017269828196 80.91565721380009 144.0277978515624 0 233 2.8329 0.0 8.181805246746432 0.0 4.0 
543 10189309.1 91.32928063916252 80.91565721380009 144.0277978515624 0 233 2.8329 0.0 8.181805246746432 0.0 4.0 
544 10189342.4 91.32928063916252 80.92322621868111 144.0277978515624 0 233 2.8329 0.0 8.181805246746432 0.0 4.0 
545 10189375.8 91.32928063916252 80.92322621868111 144.0277978515624 0 233 2.8329 0.0 8.181805246746432 0.0 4.0 
546 10189409.1 91.32928063916252 80.92322621868111 144.0277978515624 0 233 2.8329 0.0 8.181805246746432 0.0 4.0 
547 10189442.4 91.31272866752165 80.92322621868111 144.0277978515624 0 233 2.8329 0.0 8.181805246746432 0.0 4.0 
548 10189475.8 91.31272866752165 80.9285635321458 144.0277978515624 0 233 2.8329 0.0 8.181805246746432 0.0 4.0 
549 10189509.1 91.31272866752165 80.9285635321458 144.0277978515624 0 233 2.8329 0.0 8.181805246746432 0.0 4.0 
550 10189542.4 91.31272866752165 80.9285635321458 144.0277978515624 0 233 2.8329 0.0 8.181805246746432 0.0 4.0 
551 10189575.8 91.30124167101586 80.93151793316707 144.0277978515624 0 233 2.8329 0.0 8.181805246746432 0.0 4.0 
552 10189609.1 91.30124167101586 80.93151793316707 144.0277978515624 0 233 2.8329 0.0 8.181805246746432 0.0 4.0 
553 10189642.5 91.30124167101586 80.93151793316707 144.0277978515624 0 233 2.8329 0.0 8.181805246746432 0.0 4.0 
554 10189675.8 91.30124167101586 80.93151793316707 144.0277978515624 0 233 2.8329 0.0 8.181805246746432 0.0 4.0 
555 10189709.1 91.28921455406815 80.93151793316707 144.0277978515624 0 233 2.8329 0.0 8.181805246746432 0.0 4.0 
556 10189742.5 91.28921455406815 80.93386661623381 144.0277978515624 0 233 2.8329 0.0 8.181805246746432 0.0 4.0 
557 10189775.8 91.28921455406815 80.93386661623381 144.0277978515624 0 233 2.8329 0.0 8.181805246746432 0.0 4.0 
558 10189809.1 91.28921455406815 80.93386661623381 144.0277978515624 0 233 2.8329 0.0 8.181805246746432 0.0 4.0 
559 10189842.5 91.27606871469858 80.93386661623381 144.0277978515624 0 233 2.8329 0.0 8.181805246746432 0.0 4.0 
560 10189875.8 91.27606871469858 80.93211619824125 144.0277978515624 0 233 2.8329 0.0 8.181805246746432 0.0 4.0 
561 10189909.1 91.27606871469858 80.93211619824125 144.0277978515624 0 233 2.8329 0.0 8.181805246746432 0.0 4.0 
562 10189942.5 91.27606871469858 80.93211619824125 144.0277978515624 0 233 2.8329 0.0 8.181805246746432 0.0 4.0 
563 10189975.8 91.25649125308941 80.93211619824125 144.0277978515624 0 233 2.8329 0.0 8.181805246746432 0.0 4.0 
564 10190009.1 91.25649125308941 80.92647971926245 144.0277978515624 0 233 2.8329 0.0 8.181805246746432 0.0 4.0 
565 10190042.5 91.25649125308941 80.92647971926245 144.0277978515624 0 233 2.8329 0.0 8.181805246746432 0.0 4.0 
566 10190075.8 91.25649125308941 80.92647971926245 144.0277978515624 0 233 2.8329 0.0 8.181805246746432 0.0 4.0 
567 10190109.2 91.25649125308941 80.92647971926245 144.0277978515624 0 233 2.8329 0.0 8.181805246746432 0.0 4.0 
568 10190142.5 91.23917151443473 80.92647971926245 144.0277978515624 0 233 2.8329 0.0 8.181805246746432 0.0 4.0 
569 10190175.8 91.23917151443473 80.91986660660227 144.0277978515624 0 233 2.8329 0.0 8.181805246746432 0.0 4.0 
570 10190209.2 91.23917151443473 80.91986660660227 144.0277978515624 0 233 2.8329 0.0 8.181805246746432 0.0 4.0 
571 10190242.5 91.23917151443473 80.91986660660227 144.0277978515624 0 233 2.8329 0.0 8.181805246746432 0.0 4.0 
572 10190275.8 91.23160204426176 80.91739186806933 144.0277978515624 0 233 2.8329 0.0 8.181805246746432 0.0 4.0 
573 10190309.2 91.23160204426176 80.91739186806933 144.0277978515624 0 233 2.8329 0.0 8.181805246746432 0.0 4.0 
574 10190342.5 91.23160204426176 80.91739186806933 144.0277978515624 0 233 2.8329 0.0 8.181805246746432 0.0 4.0 
575 10190375.8 91.22972770352648 80.91739186806933 144.0277978515624 0 233 2.8329 0.0 8.181805246746432 0.0 4.0 
576 10190409.2 91.22972770352648 80.91739186806933 144.0277978515624 0 233 2.8329 0.0 8.181805246746432 0.0 4.0 
577 10190442.5 91.22972770352648 80.91739186806933 144.0277978515624 0 233 2.8329 0.0 8.181805246746432 0.0 4.0 
578 10190475.9 91.22972770352648 80.9142507089324 144.0277978515624 0 233 2.8329 0.0 8.181805246746432 0.0 4.0 
579 10190509.2 91.22972770352648 80.9142507089324 144.0277978515624 0 233 2.8329 0.0 8.181805246746432 0.0 4.0 
580 10190542.5 91.21626234740114 80.9142507089324 144.0277978515624 0 233 2.8329 0.0 8.181805246746432 0.0 4.0 
581 10190575.9 91.21626234740114 80.90437103480544 144.0277978515624 0 233 2.8329 0.0 8.181805246746432 0.0 4.0 
582 10190609.2 91.21626234740114 80.90437103480544 144.0277978515624 0 233 2.8329 0.0 8.181805246746432 0.0 4.0 
583 10190642.5 91.21626234740114 80.90437103480544 144.0277978515624 0 233 2.8329 0.0 8.181805246746432 0.0 4.0 
584 10190675.9 91.2009200752202 80.89465938156854 144.0277978515624 0 233 2.8329 0.0 8.181805246746432 0.0 4.0 
585 10190709.2 91.2009200752202 80.89465938156854 144.0277978515624 0 233 2.8329 0.0 8.181805246746432 0.0 4.0 
586 10190742.5 91.2009200752202 80.89465938156854 144.0277978515624 0 233 2.8329 0.0 8.181805246746432 0.0 4.0 
587 10190775.9 91.2009200752202 80.89465938156854 144.0277978515624 0 233 2.8329 0.0 8.181805246746432 0.0 4.0 
588 10190809.2 91.18860400994065 80.89465938156854 144.0277978515624 0 233 2.8329 0.0 8.181805246746432 0.0 4.0 
589 10190842.5 91.18860400994065 80.8888921456667 144.0277978515624 0 233 2.8329 0.0 8.181805246746432 0.0 4.0 
590 10190875.9 91.18860400994065 80.8888921456667 144.0277978515624 0 233 2.8329 0.0 8.181805246746432 0.0 4.0 
591 10190909.2 91.18860400994065 80.8888921456667 144.0277978515624 0 233 2.8329 0.0 8.181805246746432 0.0 4.0 
592 10190942.6 91.17891128670934 80.8888921456667 144.0277978515624 0 233 2.8329 0.0 8.181805246746432 0.0 4.0 
593 10190975.9 91.17891128670934 80.88681385450164 144.0277978515624 0 233 2.8329 0.0 8.181805246746432 0.0 4.0 
594 10191009.2 91.17891128670934 80.88681385450164 144.0277978515624 0 233 2.8329 0.0 8.181805246746432 0.0 4.0 
595 10191042.6 91.17891128670934 80.88681385450164 144.0277978515624 0 233 2.8329 0.0 8.181805246746432 0.0 4.0 
596 10191075.9 91.16754384012839 80.8851096522175 144.0277978515624 0 233 2.8329 0.0 8.181805246746432 0.0 4.0 
597 10191109.2 91.16754384012839 80.8851096522175 144.0277978515624 0 233 2.8329 0.0 8.181805246746432 0.0 4.0 
598 10191142.6 91.16754384012839 80.8851096522175 144.0277978515624 0 233 2.8329 0.0 8.181805246746432 0.0 4.0 
599 10191175.9 91.16754384012839 80.8851096522175 144.0277978515624 0 233 2.8329 0.0 8.181805246746432 0.0 4.0 
600 10191209.2 91.1522785757241 80.88312981000756 144.0277978515624 0 233 2.8329 0.0 8.181805246746432 0.0 4.0 
601 10191242.6 91.1522785757241 80.88312981000756 144.0277978515624 0 233 2.8329 0.0 8.181805246746432 0.0 4.0 
602 10191275.9 91.1522785757241 80.88312981000756 144.0277978515624 0 233 2.8329 0.0 8.181805246746432 0.0 4.0 
603 10191309.3 91.15027581194909 80.88312981000756 144.0277978515624 0 233 2.8329 0.0 8.181805246746432 0.0 4.0 
604 10191342.6 91.15027581194909 80.88312981000756 144.0277978515624 0 233 2.8329 0.0 8.181805246746432 0.0 4.0 
605 10191375.9 91.15027581194909 80.88312981000756 144.0277978515624 0 233 2.8329 0.0 8.181805246746432 0.0 4.0 
606 10191409.3 91.14594431715699 80.88312981000756 144.0277978515624 0 233 2.8329 0.0 8.181805246746432 0.0 4.0 
607 10191442.6 91.14594431715699 80.88312981000756 144.0277978515624 0 233 2.8329 0.0 8.181805246746432 0.0 4.0 
608 10191475.9 91.14594431715699 80.88312981000756 144.0277978515624 0 233 2.8329 0.0 8.181805246746432 0.0 4.0 
609 10191509.3 91.1383252481616 80.8857656150164 144.0277978515624 0 233 2.8329 0.0 8.181805246746432 0.0 4.0 
610 10191542.6 91.1383252481616 80.8857656150164 144.0277978515624 0 233 2.8329 0.0 8.181805246746432 0.0 4.0 
611 10191575.9 91.1383252481616 80.8857656150164 144.0277978515624 0 233 2.8329 0.0 8.181805246746432 0.0 4.0 
612 10191609.3 91.1383252481616 80.8857656150164 144.0277978515624 0 233 2.8329 0.0 8.181805246746432 0.0 4.0 
613 10191642.6 91.13075722219114 80.89123556421491 144.0277978515624 0 233 2.8329 0.0 8.181805246746432 0.0 4.0 
614 10191675.9 91.13075722219114 80.89123556421491 144.0277978515624 0 233 2.8329 0.0 8.181805246746432 0.0 4.0 
615 10191709.3 91.13075722219114 80.89123556421491 144.0277978515624 0 233 2.8329 0.0 8.181805246746432 0.0 4.0 
616 10191742.6 91.13075722219114 80.89123556421491 144.0277978515624 0 233 2.8329 0.0 8.181805246746432 0.0 4.0 
617 10191776.0 91.12442093508757 80.89123556421491 144.0277978515624 0 233 2.8329 0.0 8.181805246746432 0.0 4.0 
618 10191809.3 91.12442093508757 80.8959520880572 144.0277978515624 0 233 2.8329 0.0 8.181805246746432 0.0 4.0 
619 10191842.6 91.12442093508757 80.8959520880572 144.0277978515624 0 233 2.8329 0.0 8.181805246746432 0.0 4.0 
620 10191876.0 91.11315780925067 80.90149718944534 144.0277978515624 0 233 2.8329 0.0 8.181805246746432 0.0 4.0 
621 10191909.3 91.11315780925067 80.90149718944534 144.0277978515624 0 233 2.8329 0.0 8.181805246746432 0.0 4.0 
622 10191942.6 91.11315780925067 80.90149718944534 144.0277978515624 0 233 2.8329 0.0 8.181805246746432 0.0 4.0 
623 10191976.0 91.10755289719988 80.90149718944534 144.0277978515624 0 233 2.8329 0.0 8.181805246746432 0.0 4.0 
624 10192009.3 91.10755289719988 80.90575076739536 144.0277978515624 0 233 2.8329 0.0 8.181805246746432 0.0 4.0 
625 10192042.6 91.10755289719988 80.90575076739536 144.0277978515624 0 233 2.8329 0.0 8.181805246746432 0.0 4.0 
626 10192076.0 91.10755289719988 80.90575076739536 144.0277978515624 0 233 2.8329 0.0 8.181805246746432 0.0 4.0 
627 10192109.3 91.10473133820835 80.90575076739536 144.0277978515624 0 233 2.8329 0.0 8.181805246746432 0.0 4.0 
628 10192142.7 91.10473133820835 80.90423030715408 144.0277978515624 0 233 2.8329 0.0 8.181805246746432 0.0 4.0 
629 10192176.0 91.10473133820835 80.90423030715408 144.0277978515624 0 233 2.8329 0.0 8.181805246746432 0.0 4.0 
630 10192209.3 91.10473133820835 80.90423030715408 144.0277978515624 0 233 2.8329 0.0 8.181805246746432 0.0 4.0 
631 10192242.7 91.09436382924162 80.90423030715408 144.0277978515624 0 233 2.8329 0.0 8.181805246746432 0.0 4.0 
632 10192276.0 91.09436382924162 80.90253666260763 144.0277978515624 0 233 2.8329 0.0 8.181805246746432 0.0 4.0 
633 10192309.3 91.09436382924162 80.90253666260763 144.0277978515624 0 233 2.8329 0.0 8.181805246746432 0.0 4.0 
634 10192342.7 91.09436382924162 80.90253666260763 144.0277978515624 0 233 2.8329 0.0 8.181805246746432 0.0 4.0 
635 10192376.0 91.08391328989995 80.90608421078724 144.0277978515624 0 233 2.8329 0.0 8.181805246746432 0.0 4.0 
636 10192409.3 91.08391328989995 80.90608421078724 144.0277978515624 0 233 2.8329 0.0 8.181805246746432 0.0 4.0 
637 10192442.7 91.08391328989995 80.90608421078724 144.0277978515624 0 233 2.8329 0.0 8.181805246746432 0.0 4.0 
638 10192476.0 91.07685496996228 80.90608421078724 144.0277978515624 0 233 2.8329 0.0 8.181805246746432 0.0 4.0 
639 10192509.3 91.07685496996228 80.91313865508143 144.0277978515624 0 233 2.8329 0.0 8.181805246746432 0.0 4.0 
640 10192542.7 91.07685496996228 80.91313865508143 144.0277978515624 0 233 2.8329 0.0 8.181805246746432 0.0 4.0 
641 10192576.0 91.07233362088861 80.91313865508143 144.0277978515624 0 233 2.8329 0.0 8.181805246746432 0.0 4.0 
642 10192609.4 91.07233362088861 80.91313865508143 144.0277978515624 0 233 2.8329 0.0 8.181805246746432 0.0 4.0 
643 10192642.7 91.07003584749229 80.91432418620516 144.0277978515624 0 233 2.8329 0.0 8.181805246746432 0.0 4.0 
644 10192676.0 91.07003584749229 80.91432418620516 144.0277978515624 0 233 2.8329 0.0 8.181805246746432 0.0 4.0 
645 10192709.4 91.07003584749229 80.91432418620516 144.0277978515624 0 233 2.8329 0.0 8.181805246746432 0.0 4.0 
646 10192742.7 91.07003584749229 80.91873085529002 144.0277978515624 0 233 2.8329 0.0 8.181805246746432 0.0 4.0 
647 10192776.0 91.07003584749229 80.91873085529002 144.0277978515624 0 233 2.8329 0.0 8.181805246746432 0.0 4.0 
648 10192809.4 91.07003584749229 80.91873085529002 144.0277978515624 0 233 2.8329 0.0 8.181805246746432 0.0 4.0 
649 10192842.7 91.06735780278115 80.91873085529002 144.0277978515624 0 233 2.8329 0.0 8.181805246746432 0.0 4.0 
650 10192876.0 91.06735780278115 80.9265216799445 144.0277978515624 0 233 2.8329 0.0 8.181805246746432 0.0 4.0 
651 10192909.4 91.06735780278115 80.9265216799445 144.0277978515624 0 233 2.8329 0.0 8.181805246746432 0.0 4.0 
652 10192942.7 91.06735780278115 80.9265216799445 144.0277978515624 0 233 2.8329 0.0 8.181805246746432 0.0 4.0 
653 10192976.1 91.0567717013914 80.9265216799445 144.0277978515624 0 233 2.8329 0.0 8.181805246746432 0.0 4.0 
654 10193009.4 91.0567717013914 80.93634443061318 144.0277978515624 0 233 2.8329 0.0 8.181805246746432 0.0 4.0 
655 10193042.7 91.0567717013914 80.93634443061318 144.0277978515624 0 233 2.8329 0.0 8.181805246746432 0.0 4.0 
656 10193076.1 91.0567717013914 80.93634443061318 144.0277978515624 0 233 2.8329 0.0 8.181805246746432 0.0 4.0 
657 10193109.4 91.04901533373153 80.93634443061318 144.0277978515624 0 233 2.8329 0.0 8.181805246746432 0.0 4.0 
658 10193142.7 91.04901533373153 80.9453411935521 144.0277978515624 0 233 2.8329 0.0 8.181805246746432 0.0 4.0 
659 10193176.1 91.04901533373153 80.9453411935521 144.0277978515624 0 233 2.8329 0.0 8.181805246746432 0.0 4.0 
660 10193209.4 91.04901533373153 80.9453411935521 144.0277978515624 0 233 2.8329 0.0 8.181805246746432 0.0 4.0 
661 10193242.7 91.03850121586977 80.9453411935521 144.0277978515624 0 233 2.8329 0.0 8.181805246746432 0.0 4.0 
662 10193276.1 91.03850121586977 80.94724440573633 144.0277978515624 0 233 2.8329 0.0 8.181805246746432 0.0 4.0 
663 10193309.4 91.03850121586977 80.94724440573633 144.0277978515624 0 233 2.8329 0.0 8.181805246746432 0.0 4.0 
664 10193342.7 91.03850121586977 80.94724440573633 144.0277978515624 0 233 2.8329 0.0 8.181805246746432 0.0 4.0 
665 10193376.1 91.02593778623137 80.94724440573633 144.0277978515624 0 233 2.8329 0.0 8.181805246746432 0.0 4.0 
666 10193409.4 91.02593778623137 80.94842127646017 144.0277978515624 0 233 2.8329 0.0 8.181805246746432 0.0 4.0 
667 10193442.8 91.02593778623137 80.94842127646017 144.0277978515624 0 233 2.8329 0.0 8.181805246746432 0.0 4.0 
668 10193476.1 91.02104049153432 80.9513416022766 144.0277978515624 0 233 2.8329 0.0 8.181805246746432 0.0 4.0 
669 10193509.4 91.02104049153432 80.9513416022766 144.0277978515624 0 233 2.8329 0.0 8.181805246746432 0.0 4.0 
670 10193542.8 91.02104049153432 80.9513416022766 144.0277978515624 0 233 2.8329 0.0 8.181805246746432 0.0 4.0 
671 10193576.1 91.02104049153432 80.9513416022766 144.0277978515624 0 233 2.8329 0.0 8.181805246746432 0.0 4.0 
672 10193609.4 91.01751179669347 80.9513416022766 144.0277978515624 0 233 2.8329 0.0 8.181805246746432 0.0 4.0 
673 10193642.8 91.01751179669347 80.9537812209098 144.0277978515624 0 233 2.8329 0.0 8.181805246746432 0.0 4.0 
674 10193676.1 91.01751179669347 80.9537812209098 144.0277978515624 0 233 2.8329 0.0 8.181805246746432 0.0 4.0 
675 10193709.4 91.01751179669347 80.9537812209098 144.0277978515624 0 233 2.8329 0.0 8.181805246746432 0.0 4.0 
676 10193742.8 91.0129184821953 80.9537812209098 144.0277978515624 0 233 2.8329 0.0 8.181805246746432 0.0 4.0 
677 10193776.1 91.0129184821953 80.96009194465071 144.0277978515624 0 233 2.8329 0.0 8.181805246746432 0.0 4.0 
678 10193809.5 91.0129184821953 80.96009194465071 144.0277978515624 0 233 2.8329 0.0 8.181805246746432 0.0 4.0 
679 10193842.8 91.01012052572226 80.96639420627257 144.0277978515624 0 233 2.8329 0.0 8.181805246746432 0.0 4.0 
680 10193876.1 91.01012052572226 80.96639420627257 144.0277978515624 0 233 2.8329 0.0 8.181805246746432 0.0 4.0 
681 10193909.5 91.01012052572226 80.96639420627257 144.0277978515624 0 233 2.8329 0.0 8.181805246746432 0.0 4.0 
682 10193942.8 91.01012052572226 80.96639420627257 144.0277978515624 0 233 2.8329 0.0 8.181805246746432 0.0 4.0 
683 10193976.1 91.00349981344401 80.95635452788436 144.0277978515624 0 233 2.8329 0.0 8.181805246746432 0.0 4.0 
684 10194009.5 91.00349981344401 80.95635452788436 144.0277978515624 0 233 2.8329 0.0 8.181805246746432 0.0 4.0 
685 10194042.8 91.00349981344401 80.95635452788436 144.0277978515624 0 233 2.8329 0.0 8.181805246746432 0.0 4.0 
686 10194076.1 91.00349981344401 80.95635452788436 144.0277978515624 0 233 2.8329 0.0 8.181805246746432 0.0 4.0 
687 10194109.5 91.02475190948468 80.95635452788436 144.0277978515624 0 233 2.8329 0.0 8.181805246746432 0.0 4.0 
688 10194142.8 91.02475190948468 80.9304566323638 144.0277978515624 0 233 2.8329 0.0 8.181805246746432 0.0 4.0 
689 10194176.1 91.02475190948468 80.9304566323638 144.0277978515624 0 233 2.8329 0.0 8.181805246746432 0.0 4.0 
690 10194209.5 91.05063018874895 80.9304566323638 144.0277978515624 0 233 2.8329 0.0 8.181805246746432 0.0 4.0 
691 10194242.8 91.05063018874895 80.91273100633857 144.0277978515624 0 233 2.8329 0.0 8.181805246746432 0.0 4.0 
692 10194276.2 91.05063018874895 80.91273100633857 144.0277978515624 0 233 2.8329 0.0 8.181805246746432 0.0 4.0 
693 10194309.5 91.05063018874895 80.91273100633857 144.0277978515624 0 233 2.8329 0.0 8.181805246746432 0.0 4.0 
694 10194342.8 91.08395718192293 80.89755469894308 144.0277978515624 0 233 2.8329 0.0 8.181805246746432 0.0 4.0 
695 10194376.2 91.08395718192293 80.89755469894308 144.0277978515624 0 233 2.8329 0.0 8.181805246746432 0.0 4.0 
696 10194409.5 91.08395718192293 80.89755469894308 144.0277978515624 0 233 2.8329 0.0 8.181805246746432 0.0 4.0 
697 10194442.8 91.12219222310682 80.89755469894308 144.0277978515624 0 233 2.8329 0.0 8.181805246746432 0.0 4.0 
698 10194476.2 91.12219222310682 80.88744760357987 144.0277978515624 0 233 2.8329 0.0 8.181805246746432 0.0 4.0 
699 10194509.5 91.12219222310682 80.88744760357987 144.0277978515624 0 233 2.8329 0.0 8.181805246746432 0.0 4.0 
700 10194542.8 91.12219222310682 80.88744760357987 144.0277978515624 0 233 2.8329 0.0 8.181805246746432 0.0 4.0 
701 10194576.2 91.14961250998616 80.88744760357987 144.0277978515624 0 233 2.8329 0.0 8.181805246746432 0.0 4.0 
702 10194609.5 91.14961250998616 80.88574571502285 144.0277978515624 0 233 2.8329 0.0 8.181805246746432 0.0 4.0 
703 10194642.9 91.14961250998616 80.88574571502285 144.0277978515624 0 233 2.8329 0.0 8.181805246746432 0.0 4.0 
704 10194676.2 91.14961250998616 80.88574571502285 144.0277978515624 0 233 2.8329 0.0 8.181805246746432 0.0 4.0 
705 10194709.5 91.16014781867763 80.88574571502285 144.0277978515624 0 233 2.8329 0.0 8.181805246746432 0.0 4.0 
706 10194742.9 91.16014781867763 80.88574571502285 144.0277978515624 0 233 2.8329 0.0 8.181805246746432 0.0 4.0 
707 10194776.2 91.16014781867763 80.88574571502285 144.0277978515624 0 233 2.8329 0.0 8.181805246746432 0.0 4.0 
708 10194809.5 91.17235678923531 80.88574571502285 144.0277978515624 0 233 2.8329 0.0 8.181805246746432 0.0 4.0 
709 10194842.9 91.17235678923531 80.895443881856 144.0277978515624 0 233 2.8329 0.0 8.181805246746432 0.0 4.0 
710 10194876.2 91.17235678923531 80.895443881856 144.0277978515624 0 233 2.8329 0.0 8.181805246746432 0.0 4.0 
711 10194909.5 91.17235678923531 80.895443881856 144.0277978515624 0 233 2.8329 0.0 8.181805246746432 0.0 4.0 
712 10194942.9 91.18280588281792 80.895443881856 144.0277978515624 0 233 2.8329 0.0 8.181805246746432 0.0 4.0 
713 10194976.2 91.18280588281792 80.9081033007914 144.0277978515624 0 233 2.8329 0.0 8.181805246746432 0.0 4.0 
714 10195009.5 91.18280588281792 80.9081033007914 144.0277978515624 0 233 2.8329 0.0 8.181805246746432 0.0 4.0 
715 10195042.9 91.19908559029828 80.91983792220249 144.0277978515624 0 233 2.8329 0.0 8.181805246746432 0.0 4.0 
716 10195076.2 91.19908559029828 80.91983792220249 144.0277978515624 0 233 2.8329 0.0 8.181805246746432 0.0 4.0 
717 10195109.6 91.19908559029828 80.91983792220249 144.0277978515624 0 233 2.8329 0.0 8.181805246746432 0.0 4.0 
718 10195142.9 91.19908559029828 80.91983792220249 144.0277978515624 0 233 2.8329 0.0 8.181805246746432 0.0 4.0 
719 10195176.2 91.2154220379955 80.91983792220249 144.0277978515624 0 233 2.8329 0.0 8.181805246746432 0.0 4.0 
720 10195209.6 91.2154220379955 80.9280602994921 144.0277978515624 0 233 2.8329 0.0 8.181805246746432 0.0 4.0 
721 10195242.9 91.2154220379955 80.9280602994921 144.0277978515624 0 233 2.8329 0.0 8.181805246746432 0.0 4.0 
722 10195276.2 91.2154220379955 80.9280602994921 144.0277978515624 0 233 2.8329 0.0 8.181805246746432 0.0 4.0 
723 10195309.6 91.24853362594014 80.9280602994921 144.0277978515624 0 233 2.8329 0.0 8.181805246746432 0.0 4.0 
724 10195342.9 91.24853362594014 80.93986182306362 144.0277978515624 0 233 2.8329 0.0 8.181805246746432 0.0 4.0 
725 10195376.2 91.24853362594014 80.93986182306362 144.0277978515624 0 233 2.8329 0.0 8.181805246746432 0.0 4.0 
726 10195409.6 91.24853362594014 80.93986182306362 144.0277978515624 0 233 2.8329 0.0 8.181805246746432 0.0 4.0 
727 10195442.9 91.27252187218485 80.94397555034882 144.0277978515624 0 233 2.8329 0.0 8.181805246746432 0.0 4.0 
728 10195476.3 91.27252187218485 80.94397555034882 144.0277978515624 0 233 2.8329 0.0 8.181805246746432 0.0 4.0 
729 10195509.6 91.27252187218485 80.94397555034882 144.0277978515624 0 233 2.8329 0.0 8.181805246746432 0.0 4.0 
730 10195542.9 91.27252187218485 80.94397555034882 144.0277978515624 0 233 2.8329 0.0 8.181805246746432 0.0 4.0 
731 10195576.3 91.30177876289932 80.94397555034882 144.0277978515624 0 233 2.8329 0.0 8.181805246746432 0.0 4.0 
732 10195609.6 91.30177876289932 80.93876885518125 144.0277978515624 0 233 2.8329 0.0 8.181805246746432 0.0 4.0 
733 10195642.9 91.30177876289932 80.93876885518125 144.0277978515624 0 233 2.8329 0.0 8.181805246746432 0.0 4.0 
734 10195676.3 91.30177876289932 80.93876885518125 144.0277978515624 0 233 2.8329 0.0 8.181805246746432 0.0 4.0 
735 10195709.6 91.30177876289932 80.93876885518125 144.0277978515624 0 233 2.8329 0.0 8.181805246746432 0.0 4.0 
736 10195742.9 91.31700049044619 80.92694203910216 144.0277978515624 0 233 2.8329 0.0 8.181805246746432 0.0 4.0 
737 10195776.3 91.31700049044619 80.92694203910216 144.0277978515624 0 233 2.8329 0.0 8.181805246746432 0.0 4.0 
738 10195809.6 91.31700049044619 80.92694203910216 144.0277978515624 0 233 2.8329 0.0 8.181805246746432 0.0 4.0 
739 10195842.9 91.31700049044619 80.92223252707008 144.0277978515624 0 233 2.8329 0.0 8.181805246746432 0.0 4.0 
740 10195876.3 91.31700049044619 80.92223252707008 144.0277978515624 0 233 2.8329 0.0 8.181805246746432 0.0 4.0 
741 10195909.6 91.31597435705339 80.92060316626707 144.0277978515624 0 233 2.8329 0.0 8.181805246746432 0.0 4.0 
742 10195943.0 91.31597435705339 80.92060316626707 144.0277978515624 0 233 2.8329 0.0 8.181805246746432 0.0 4.0 
743 10195976.3 91.31597435705339 80.92060316626707 144.0277978515624 0 233 2.8329 0.0 8.181805246746432 0.0 4.0 
744 10196009.6 91.31204456555247 80.92060316626707 144.0277978515624 0 233 2.8329 0.0 8.181805246746432 0.0 4.0 
745 10196043.0 91.31204456555247 80.92305349763693 144.0277978515624 0 233 2.8329 0.0 8.181805246746432 0.0 4.0 
746 10196076.3 91.31204456555247 80.92305349763693 144.0277978515624 0 233 2.8329 0.0 8.181805246746432 0.0 4.0 
747 10196109.6 91.31204456555247 80.92305349763693 144.0277978515624 0 233 2.8329 0.0 8.181805246746432 0.0 4.0 
748 10196143.0 91.30344023374427 80.92945086720032 144.0277978515624 0 233 2.8329 0.0 8.181805246746432 0.0 4.0 
749 10196176.3 91.30344023374427 80.92945086720032 144.0277978515624 0 233 2.8329 0.0 8.181805246746432 0.0 4.0 
750 10196209.6 91.30344023374427 80.92945086720032 144.0277978515624 0 233 2.8329 0.0 8.181805246746432 0.0 4.0 
751 10196243.0 91.29363557958638 80.92945086720032 144.0277978515624 0 233 2.8329 0.0 8.181805246746432 0.0 4.0 
752 10196276.3 91.29363557958638 80.92945086720032 144.0277978515624 0 233 2.8329 0.0 8.181805246746432 0.0 4.0 
753 10196309.7 91.27759469806702 80.92945086720032 144.0277978515624 0 233 2.8329 0.0 8.181805246746432 0.0 4.0 
754 10196343.0 91.27759469806702 80.91764048069224 144.0277978515624 0 233 2.8329 0.0 8.181805246746432 0.0 4.0 
755 10196376.3 91.27759469806702 80.91764048069224 144.0277978515624 0 233 2.8329 0.0 8.181805246746432 0.0 4.0 
756 10196409.7 91.27759469806702 80.91764048069224 144.0277978515624 0 233 2.8329 0.0 8.181805246746432 0.0 4.0 
757 10196443.0 91.25517285548354 80.91764048069224 144.0277978515624 0 233 2.8329 0.0 8.181805246746432 0.0 4.0 
758 10196476.3 91.25517285548354 80.89844760982304 144.0277978515624 0 233 2.8329 0.0 8.181805246746432 0.0 4.0 
759 10196509.7 91.25517285548354 80.89844760982304 144.0277978515624 0 233 2.8329 0.0 8.181805246746432 0.0 4.0 
760 10196543.0 91.25517285548354 80.89844760982304 144.0277978515624 0 233 2.8329 0.0 8.181805246746432 0.0 4.0 
761 10196576.3 91.23864681054074 80.88697746174309 144.0277978515624 0 233 2.8329 0.0 8.181805246746432 0.0 4.0 
762 10196609.7 91.23864681054074 80.88697746174309 144.0277978515624 0 233 2.8329 0.0 8.181805246746432 0.0 4.0 
763 10196643.0 91.23864681054074 80.88697746174309 144.0277978515624 0 233 2.8329 0.0 8.181805246746432 0.0 4.0 
764 10196676.3 91.21358470194515 80.88530851330435 144.0277978515624 0 233 2.8329 0.0 8.181805246746432 0.0 4.0 
765 10196709.7 91.21358470194515 80.88530851330435 144.0277978515624 0 233 2.8329 0.0 8.181805246746432 0.0 4.0 
766 10196743.0 91.21358470194515 80.88530851330435 144.0277978515624 0 233 2.8329 0.0 8.181805246746432 0.0 4.0 
767 10196776.4 91.21358470194515 80.88530851330435 144.0277978515624 0 233 2.8329 0.0 8.181805246746432 0.0 4.0 
768 10196809.7 91.18989049333709 80.88530851330435 144.0277978515624 0 233 2.8329 0.0 8.181805246746432 0.0 4.0 
769 10196843.0 91.18989049333709 80.88832259871846 144.0277978515624 0 233 2.8329 0.0 8.181805246746432 0.0 4.0 
770 10196876.4 91.18989049333709 80.88832259871846 144.0277978515624 0 233 2.8329 0.0 8.181805246746432 0.0 4.0 
771 10196909.7 91.17123656248391 80.88832259871846 144.0277978515624 0 233 2.8329 0.0 8.181805246746432 0.0 4.0 
772 10196943.0 91.17123656248391 80.89556888715154 144.0277978515624 0 233 2.8329 0.0 8.181805246746432 0.0 4.0 
773 10196976.4 91.17123656248391 80.89556888715154 144.0277978515624 0 233 2.8329 0.0 8.181805246746432 0.0 4.0 
774 10197009.7 91.17123656248391 80.89556888715154 144.0277978515624 0 233 2.8329 0.0 8.181805246746432 0.0 4.0 
775 10197043.0 91.15368722529348 80.9026426750355 144.0277978515624 0 233 2.8329 0.0 8.181805246746432 0.0 4.0 
776 10197076.4 91.15368722529348 80.9026426750355 144.0277978515624 0 233 2.8329 0.0 8.181805246746432 0.0 4.0 
777 10197109.7 91.15368722529348 80.9026426750355 144.0277978515624 0 233 2.8329 0.0 8.181805246746432 0.0 4.0 
778 10197143.1 91.15368722529348 80.9026426750355 144.0277978515624 0 233 2.8329 0.0 8.181805246746432 0.0 4.0 
779 10197176.4 91.1398300784738 80.9026426750355 144.0277978515624 0 233 2.8329 0.0 8.181805246746432 0.0 4.0 
780 10197209.7 91.1398300784738 80.90403412753622 144.0277978515624 0 233 2.8329 0.0 8.181805246746432 0.0 4.0 
781 10197243.1 91.1398300784738 80.90403412753622 144.0277978515624 0 233 2.8329 0.0 8.181805246746432 0.0 4.0 
782 10197276.4 91.1398300784738 80.90403412753622 144.0277978515624 0 233 2.8329 0.0 8.181805246746432 0.0 4.0 
783 10197309.7 91.13678024427335 80.90403412753622 144.0277978515624 0 233 2.8329 0.0 8.181805246746432 0.0 4.0 
784 10197343.1 91.13678024427335 80.90053070422412 144.0277978515624 0 233 2.8329 0.0 8.181805246746432 0.0 4.0 
785 10197376.4 91.13678024427335 80.90053070422412 144.0277978515624 0 233 2.8329 0.0 8.181805246746432 0.0 4.0 
786 10197409.7 91.13678024427335 80.90053070422412 144.0277978515624 0 233 2.8329 0.0 8.181805246746432 0.0 4.0 
787 10197443.1 91.13192480641962 80.8920115581309 144.0277978515624 0 233 2.8329 0.0 8.181805246746432 0.0 4.0 
788 10197476.4 91.13192480641962 80.8920115581309 144.0277978515624 0 233 2.8329 0.0 8.181805246746432 0.0 4.0 
789 10197509.7 91.13192480641962 80.8920115581309 144.0277978515624 0 233 2.8329 0.0 8.181805246746432 0.0 4.0 
790 10197543.1 91.13192480641962 80.8920115581309 144.0277978515624 0 233 2.8329 0.0 8.181805246746432 0.0 4.0 
791 10197576.4 91.12790520566617 80.8920115581309 144.0277978515624 0 233 2.8329 0.0 8.181805246746432 0.0 4.0 
792 10197609.8 91.12790520566617 80.88784435207161 144.0277978515624 0 233 2.8329 0.0 8.181805246746432 0.0 4.0 
793 10197643.1 91.12790520566617 80.88784435207161 144.0277978515624 0 233 2.8329 0.0 8.181805246746432 0.0 4.0 
794 10197676.4 91.13282187643519 80.88784435207161 144.0277978515624 0 233 2.8329 0.0 8.181805246746432 0.0 4.0 
795 10197709.8 91.13282187643519 80.88784435207161 144.0277978515624 0 233 2.8329 0.0 8.181805246746432 0.0 4.0 
796 10197743.1 91.14046917392906 80.88632890072297 144.0277978515624 0 233 2.8329 0.0 8.181805246746432 0.0 4.0 
797 10197776.4 91.14046917392906 80.88632890072297 144.0277978515624 0 233 2.8329 0.0 8.181805246746432 0.0 4.0 
798 10197809.8 91.14046917392906 80.88632890072297 144.0277978515624 0 233 2.8329 0.0 8.181805246746432 0.0 4.0 
799 10197843.1 91.14689999843569 80.88632890072297 144.0277978515624 0 233 2.8329 0.0 8.181805246746432 0.0 4.0 
800 10197876.4 91.14689999843569 80.88632890072297 144.0277978515624 0 233 2.8329 0.0 8.181805246746432 0.0 4.0 
801 10197909.8 91.14689999843569 80.88632890072297 144.0277978515624 0 233 2.8329 0.0 8.181805246746432 0.0 4.0 
802 10197943.1 91.14063407656766 80.88632890072297 144.0277978515624 0 233 2.8329 0.0 8.181805246746432 0.0 4.0 
803 10197976.5 91.14063407656766 80.88156243904567 144.0277978515624 0 233 2.8329 0.0 8.181805246746432 0.0 4.0 
804 10198009.8 91.14063407656766 80.88156243904567 144.0277978515624 0 233 2.8329 0.0 8.181805246746432 0.0 4.0 
805 10198043.1 91.14063407656766 80.88156243904567 144.0277978515624 0 233 2.8329 0.0 8.181805246746432 0.0 4.0 
806 10198076.5 91.12782332972208 80.88156243904567 144.0277978515624 0 233 2.8329 0.0 8.181805246746432 0.0 4.0 
807 10198109.8 91.12782332972208 80.87921519904428 144.0277978515624 0 233 2.8329 0.0 8.181805246746432 0.0 4.0 
808 10198143.1 91.12782332972208 80.87921519904428 144.0277978515624 0 233 2.8329 0.0 8.181805246746432 0.0 4.0 
809 10198176.5 91.12782332972208 80.87921519904428 144.0277978515624 0 233 2.8329 0.0 8.181805246746432 0.0 4.0 
810 10198209.8 91.12314711928414 80.87921519904428 144.0277978515624 0 233 2.8329 0.0 8.181805246746432 0.0 4.0 
811 10198243.1 91.12314711928414 80.87921519904428 144.0277978515624 0 233 2.8329 0.0 8.181805246746432 0.0 4.0 
812 10198276.5 91.12314711928414 80.87921519904428 144.0277978515624 0 233 2.8329 0.0 8.181805246746432 0.0 4.0 
813 10198309.8 91.12124228174643 80.87921519904428 144.0277978515624 0 233 2.8329 0.0 8.181805246746432 0.0 4.0 
814 10198343.1 91.12124228174643 80.87921519904428 144.0277978515624 0 233 2.8329 0.0 8.181805246746432 0.0 4.0 
815 10198376.5 91.12124228174643 80.87786277171558 144.0277978515624 0 233 2.8329 0.0 8.181805246746432 0.0 4.0 
816 10198409.8 91.12124228174643 80.87786277171558 144.0277978515624 0 233 2.8329 0.0 8.181805246746432 0.0 4.0 
817 10198443.2 91.12124228174643 80.87786277171558 144.0277978515624 0 233 2.8329 0.0 8.181805246746432 0.0 4.0 
818 10198476.5 91.1180697865593 80.87786277171558 144.0277978515624 0 233 2.8329 0.0 8.181805246746432 0.0 4.0 
819 10198509.8 91.1180697865593 80.87786277171558 144.0277978515624 0 233 2.8329 0.0 8.181805246746432 0.0 4.0 
820 10198543.2 91.1180697865593 80.87786277171558 144.0277978515624 0 233 2.8329 0.0 8.181805246746432 0.0 4.0 
821 10198576.5 91.11027382759671 80.87903322579827 144.0277978515624 0 233 2.8329 0.0 8.181805246746432 0.0 4.0 
822 10198609.8 91.11027382759671 80.87903322579827 144.0277978515624 0 233 2.8329 0.0 8.181805246746432 0.0 4.0 
823 10198643.2 91.11027382759671 80.87903322579827 144.0277978515624 0 233 2.8329 0.0 8.181805246746432 0.0 4.0 
824 10198676.5 91.11027382759671 80.87903322579827 144.0277978515624 0 233 2.8329 0.0 8.181805246746432 0.0 4.0 
825 10198709.8 91.08641816352494 80.87903322579827 144.0277978515624 0 233 2.8329 0.0 8.181805246746432 0.0 4.0 
826 10198743.2 91.08641816352494 80.88646246697924 144.0277978515624 0 233 2.8329 0.0 8.181805246746432 0.0 4.0 
827 10198776.5 91.08641816352494 80.88646246697924 144.0277978515624 0 233 2.8329 0.0 8.181805246746432 0.0 4.0 
828 10198809.9 91.08641816352494 80.88646246697924 144.0277978515624 0 233 2.8329 0.0 8.181805246746432 0.0 4.0 
829 10198843.2 91.08641816352494 80.88646246697924 144.0277978515624 0 233 2.8329 0.0 8.181805246746432 0.0 4.0 
830 10198876.5 91.06877111458334 80.8936130698091 144.0277978515624 0 233 2.8329 0.0 8.181805246746432 0.0 4.0 
831 10198909.9 91.06877111458334 80.8936130698091 144.0277978515624 0 233 2.8329 0.0 8.181805246746432 0.0 4.0 
832 10198943.2 91.06877111458334 80.8936130698091 144.0277978515624 0 233 2.8329 0.0 8.181805246746432 0.0 4.0 
833 10198976.5 91.06877111458334 80.8936130698091 144.0277978515624 0 233 2.8329 0.0 8.181805246746432 0.0 4.0 
834 10199009.9 91.05557039926362 80.89838932130215 144.0277978515624 0 233 2.8329 0.0 8.181805246746432 0.0 4.0 
835 10199043.2 91.05557039926362 80.89838932130215 144.0277978515624 0 233 2.8329 0.0 8.181805246746432 0.0 4.0 
836 10199076.5 91.05557039926362 80.89838932130215 144.0277978515624 0 233 2.8329 0.0 8.181805246746432 0.0 4.0 
837 10199109.9 91.04754381661606 80.89838932130215 144.0277978515624 0 233 2.8329 0.0 8.181805246746432 0.0 4.0 
838 10199143.2 91.04754381661606 80.90331716603832 144.0277978515624 0 233 2.8329 0.0 8.181805246746432 0.0 4.0 
839 10199176.5 91.04754381661606 80.90331716603832 144.0277978515624 0 233 2.8329 0.0 8.181805246746432 0.0 4.0 
840 10199209.9 91.03958800237031 80.90331716603832 144.0277978515624 0 233 2.8329 0.0 8.181805246746432 0.0 4.0 
841 10199243.2 91.03958800237031 80.91392886214697 144.0277978515624 0 233 2.8329 0.0 8.181805246746432 0.0 4.0 
842 10199276.6 91.03958800237031 80.91392886214697 144.0277978515624 0 233 2.8329 0.0 8.181805246746432 0.0 4.0 
843 10199309.9 91.03958800237031 80.91392886214697 144.0277978515624 0 233 2.8329 0.0 8.181805246746432 0.0 4.0 
844 10199343.2 91.02641143667618 80.9296748332633 144.0277978515624 0 233 2.8329 0.0 8.181805246746432 0.0 4.0 
845 10199376.6 91.02641143667618 80.9296748332633 144.0277978515624 0 233 2.8329 0.0 8.181805246746432 0.0 4.0 
846 10199409.9 91.02641143667618 80.9296748332633 144.0277978515624 0 233 2.8329 0.0 8.181805246746432 0.0 4.0 
847 10199443.2 91.02641143667618 80.9296748332633 144.0277978515624 0 233 2.8329 0.0 8.181805246746432 0.0 4.0 
848 10199476.6 91.01259699342936 80.9296748332633 144.0277978515624 0 233 2.8329 0.0 8.181805246746432 0.0 4.0 
849 10199509.9 91.01259699342936 80.93949625614702 144.0277978515624 0 233 2.8329 0.0 8.181805246746432 0.0 4.0 
850 10199543.2 91.01259699342936 80.93949625614702 144.0277978515624 0 233 2.8329 0.0 8.181805246746432 0.0 4.0 
851 10199576.6 91.01075822961472 80.93949625614702 144.0277978515624 0 233 2.8329 0.0 8.181805246746432 0.0 4.0 
852 10199609.9 91.01075822961472 80.94639226323393 144.0277978515624 0 233 2.8329 0.0 8.181805246746432 0.0 4.0 
853 10199643.3 91.01075822961472 80.94639226323393 144.0277978515624 0 233 2.8329 0.0 8.181805246746432 0.0 4.0 
854 10199676.6 91.01075822961472 80.94639226323393 144.0277978515624 0 233 2.8329 0.0 8.181805246746432 0.0 4.0 
855 10199709.9 91.0123644541008 80.9559806147133 144.0277978515624 0 233 2.8329 0.0 8.181805246746432 0.0 4.0 
856 10199743.3 91.0123644541008 80.9559806147133 144.0277978515624 0 233 2.8329 0.0 8.181805246746432 0.0 4.0 
857 10199776.6 91.0123644541008 80.9559806147133 144.0277978515624 0 233 2.8329 0.0 8.181805246746432 0.0 4.0 
858 10199809.9 91.01591890131688 80.97159627142562 144.0277978515624 0 233 2.8329 0.0 8.181805246746432 0.0 4.0 
859 10199843.3 91.01591890131688 80.97159627142562 144.0277978515624 0 233 2.8329 0.0 8.181805246746432 0.0 4.0 
860 10199876.6 91.01591890131688 80.97159627142562 144.0277978515624 0 233 2.8329 0.0 8.181805246746432 0.0 4.0 
861 10199909.9 91.01591890131688 80.97159627142562 144.0277978515624 0 233 2.8329 0.0 8.181805246746432 0.0 4.0 
862 10199943.3 91.01764503357866 80.97159627142562 144.0277978515624 0 233 2.8329 0.0 8.181805246746432 0.0 4.0 
863 10199976.6 91.01764503357866 80.99518847871495 144.0277978515624 0 233 2.8329 0.0 8.181805246746432 0.0 4.0 
864 10200009.9 91.01764503357866 80.99518847871495 144.0277978515624 0 233 2.8329 0.0 8.181805246746432 0.0 4.0 
865 10200043.3 91.01428539878353 80.99518847871495 144.0277978515624 0 233 2.8329 0.0 8.181805246746432 0.0 4.0 
866 10200076.6 91.01428539878353 81.00422486631889 144.0277978515624 0 233 2.8329 0.0 8.181805246746432 0.0 4.0 
867 10200110.0 91.01428539878353 81.00422486631889 144.0277978515624 0 233 2.8329 0.0 8.181805246746432 0.0 4.0 
868 10200143.3 91.0053932355477 81.00422486631889 144.0277978515624 0 233 2.8329 0.0 8.181805246746432 0.0 4.0 
869 10200176.6 91.0053932355477 81.00798598523558 144.0277978515624 0 233 2.8329 0.0 8.181805246746432 0.0 4.0 
870 10200210.0 91.0053932355477 81.00798598523558 144.0277978515624 0 233 2.8329 0.0 8.181805246746432 0.0 4.0 
871 10200243.3 91.0053932355477 81.00798598523558 144.0277978515624 0 233 2.8329 0.0 8.181805246746432 0.0 4.0 
872 10200276.6 90.99811025267114 81.00798598523558 144.0277978515624 0 233 2.8329 0.0 8.181805246746432 0.0 4.0 
873 10200310.0 90.99811025267114 81.01461495293668 144.0277978515624 0 233 2.8329 0.0 8.181805246746432 0.0 4.0 
874 10200343.3 90.99811025267114 81.01461495293668 144.0277978515624 0 233 2.8329 0.0 8.181805246746432 0.0 4.0 
875 10200376.6 90.99157852713702 81.01461495293668 144.0277978515624 0 233 2.8329 0.0 8.181805246746432 0.0 4.0 
876 10200410.0 90.99157852713702 81.02415889109349 144.0277978515624 0 233 2.8329 0.0 8.181805246746432 0.0 4.0 
877 10200443.3 90.99157852713702 81.02415889109349 144.0277978515624 0 233 2.8329 0.0 8.181805246746432 0.0 4.0 
878 10200476.7 90.99157852713702 81.02415889109349 144.0277978515624 0 233 2.8329 0.0 8.181805246746432 0.0 4.0 
879 10200510.0 90.98846224597285 81.02667240210064 144.0277978515624 0 233 2.8329 0.0 8.181805246746432 0.0 4.0 
880 10200543.3 90.98846224597285 81.02667240210064 144.0277978515624 0 233 2.8329 0.0 8.181805246746432 0.0 4.0 
881 10200576.7 90.98846224597285 81.03404948743271 144.0277978515624 0 233 2.8329 0.0 8.181805246746432 0.0 4.0 
882 10200610.0 90.98846224597285 81.03404948743271 144.0277978515624 0 233 2.8329 0.0 8.181805246746432 0.0 4.0 
883 10200643.3 90.98846224597285 81.03404948743271 144.0277978515624 0 233 2.8329 0.0 8.181805246746432 0.0 4.0 
884 10200676.7 90.98644923090531 81.03404948743271 144.0277978515624 0 233 2.8329 0.0 8.181805246746432 0.0 4.0 
885 10200710.0 90.98644923090531 81.03793497252157 144.0277978515624 0 233 2.8329 0.0 8.181805246746432 0.0 4.0 
886 10200743.3 90.98644923090531 81.03793497252157 144.0277978515624 0 233 2.8329 0.0 8.181805246746432 0.0 4.0 
887 10200776.7 90.98644923090531 81.03793497252157 144.0277978515624 0 233 2.8329 0.0 8.181805246746432 0.0 4.0 
888 10200810.0 90.98168994240056 81.03793497252157 144.0277978515624 0 233 2.8329 0.0 8.181805246746432 0.0 4.0 
889 10200843.3 90.98168994240056 81.04311743840273 144.0277978515624 0 233 2.8329 0.0 8.181805246746432 0.0 4.0 
890 10200876.7 90.98168994240056 81.04311743840273 144.0277978515624 0 233 2.8329 0.0 8.181805246746432 0.0 4.0 
891 10200910.0 90.98168994240056 81.04311743840273 144.0277978515624 0 233 2.8329 0.0 8.181805246746432 0.0 4.0 
892 10200943.4 90.9765729851594 81.04857743248309 144.0277978515624 0 233 2.8329 0.0 8.181805246746432 0.0 4.0 
893 10200976.7 90.9765729851594 81.04857743248309 144.0277978515624 0 233 2.8329 0.0 8.181805246746432 0.0 4.0 
894 10201010.0 90.9765729851594 81.04857743248309 144.0277978515624 0 233 2.8329 0.0 8.181805246746432 0.0 4.0 
895 10201043.4 90.97158921232017 81.05572237036374 144.0277978515624 0 233 2.8329 0.0 8.181805246746432 0.0 4.0 
896 10201076.7 90.97158921232017 81.05572237036374 144.0277978515624 0 233 2.8329 0.0 8.181805246746432 0.0 4.0 
897 10201110.0 90.97158921232017 81.05572237036374 144.0277978515624 0 233 2.8329 0.0 8.181805246746432 0.0 4.0 
898 10201143.4 90.96773859397855 81.05572237036374 144.0277978515624 0 233 2.8329 0.0 8.181805246746432 0.0 4.0 
899 10201176.7 90.96773859397855 81.05747814394317 144.0277978515624 0 233 2.8329 0.0 8.181805246746432 0.0 4.0 
900 10201210.0 90.96773859397855 81.05747814394317 144.0277978515624 0 233 2.8329 0.0 8.181805246746432 0.0 4.0 
901 10201243.4 90.96773859397855 81.05747814394317 144.0277978515624 0 233 2.8329 0.0 8.181805246746432 0.0 4.0 
902 10201276.7 90.95312789109329 81.0647019406299 144.0277978515624 0 233 2.8329 0.0 8.181805246746432 0.0 4.0 
903 10201310.1 90.95312789109329 81.0647019406299 144.0277978515624 0 233 2.8329 0.0 8.181805246746432 0.0 4.0 
904 10201343.4 90.95312789109329 81.0647019406299 144.0277978515624 0 233 2.8329 0.0 8.181805246746432 0.0 4.0 
905 10201376.7 90.94797414197208 81.0647019406299 144.0277978515624 0 233 2.8329 0.0 8.181805246746432 0.0 4.0 
906 10201410.1 90.94797414197208 81.0671149850248 144.0277978515624 0 233 2.8329 0.0 8.181805246746432 0.0 4.0 
907 10201443.4 90.94797414197208 81.0671149850248 144.0277978515624 0 233 2.8329 0.0 8.181805246746432 0.0 4.0 
908 10201476.7 90.94797414197208 81.0671149850248 144.0277978515624 0 233 2.8329 0.0 8.181805246746432 0.0 4.0 
909 10201510.1 90.94150114884093 81.0671149850248 144.0277978515624 0 233 2.8329 0.0 8.181805246746432 0.0 4.0 
910 10201543.4 90.94150114884093 81.07290899156317 144.0277978515624 0 233 2.8329 0.0 8.181805246746432 0.0 4.0 
911 10201576.7 90.94150114884093 81.07290899156317 144.0277978515624 0 233 2.8329 0.0 8.181805246746432 0.0 4.0 
912 10201610.1 90.94150114884093 81.07290899156317 144.0277978515624 0 233 2.8329 0.0 8.181805246746432 0.0 4.0 
913 10201643.4 90.93418555804153 81.07290899156317 144.0277978515624 0 233 2.8329 0.0 8.181805246746432 0.0 4.0 
914 10201676.7 90.93418555804153 81.07290899156317 144.0277978515624 0 233 2.8329 0.0 8.181805246746432 0.0 4.0 
915 10201710.1 90.93418555804153 81.07290899156317 144.0277978515624 0 233 2.8329 0.0 8.181805246746432 0.0 4.0 
916 10201743.4 90.9206764840237 81.06807275975233 144.0277978515624 0 233 2.8329 0.0 8.181805246746432 0.0 4.0 
917 10201776.8 90.9206764840237 81.06807275975233 144.0277978515624 0 233 2.8329 0.0 8.181805246746432 0.0 4.0 
918 10201810.1 90.9206764840237 81.06807275975233 144.0277978515624 0 233 2.8329 0.0 8.181805246746432 0.0 4.0 
919 10201843.4 90.90664122250065 81.06807275975233 144.0277978515624 0 233 2.8329 0.0 8.181805246746432 0.0 4.0 
920 10201876.8 90.90664122250065 81.05816833115941 144.0277978515624 0 233 2.8329 0.0 8.181805246746432 0.0 4.0 
921 10201910.1 90.90664122250065 81.05816833115941 144.0277978515624 0 233 2.8329 0.0 8.181805246746432 0.0 4.0 
922 10201943.4 90.90664122250065 81.05816833115941 144.0277978515624 0 233 2.8329 0.0 8.181805246746432 0.0 4.0 
923 10201976.8 90.90088560712454 81.05816833115941 144.0277978515624 0 233 2.8329 0.0 8.181805246746432 0.0 4.0 
924 10202010.1 90.90088560712454 81.05440052085754 144.0277978515624 0 233 2.8329 0.0 8.181805246746432 0.0 4.0 
925 10202043.4 90.90088560712454 81.05440052085754 144.0277978515624 0 233 2.8329 0.0 8.181805246746432 0.0 4.0 
926 10202076.8 90.89454188755954 81.05099545948755 144.0277978515624 0 233 2.8329 0.0 8.181805246746432 0.0 4.0 
927 10202110.1 90.89454188755954 81.05099545948755 144.0277978515624 0 233 2.8329 0.0 8.181805246746432 0.0 4.0 
928 10202143.5 90.89454188755954 81.05099545948755 144.0277978515624 0 233 2.8329 0.0 8.181805246746432 0.0 4.0 
929 10202176.8 90.89061795193989 81.05099545948755 144.0277978515624 0 233 2.8329 0.0 8.181805246746432 0.0 4.0 
930 10202210.1 90.89061795193989 81.0488418993495 144.0277978515624 0 233 2.8329 0.0 8.181805246746432 0.0 4.0 
931 10202243.5 90.89061795193989 81.0488418993495 144.0277978515624 0 233 2.8329 0.0 8.181805246746432 0.0 4.0 
932 10202276.8 90.87864679738605 81.0488418993495 144.0277978515624 0 233 2.8329 0.0 8.181805246746432 0.0 4.0 
933 10202310.1 90.87864679738605 81.04051732002077 144.0277978515624 0 233 2.8329 0.0 8.181805246746432 0.0 4.0 
934 10202343.5 90.87864679738605 81.04051732002077 144.0277978515624 0 233 2.8329 0.0 8.181805246746432 0.0 4.0 
935 10202376.8 90.87864679738605 81.04051732002077 144.0277978515624 0 233 2.8329 0.0 8.181805246746432 0.0 4.0 
936 10202410.1 90.87012405873236 81.04051732002077 144.0277978515624 0 233 2.8329 0.0 8.181805246746432 0.0 4.0 
937 10202443.5 90.87012405873236 81.03528749595226 144.0277978515624 0 233 2.8329 0.0 8.181805246746432 0.0 4.0 
938 10202476.8 90.87012405873236 81.03528749595226 144.0277978515624 0 233 2.8329 0.0 8.181805246746432 0.0 4.0 
939 10202510.1 90.87012405873236 81.03528749595226 144.0277978515624 0 233 2.8329 0.0 8.181805246746432 0.0 4.0 
940 10202543.5 90.85731794884951 81.03326799863353 144.0277978515624 0 233 2.8329 0.0 8.181805246746432 0.0 4.0 
941 10202576.8 90.85731794884951 81.03326799863353 144.0277978515624 0 233 2.8329 0.0 8.181805246746432 0.0 4.0 
942 10202610.2 90.85731794884951 81.03326799863353 144.0277978515624 0 233 2.8329 0.0 8.181805246746432 0.0 4.0 
943 10202643.5 90.85731794884951 81.03326799863353 144.0277978515624 0 233 2.8329 0.0 8.181805246746432 0.0 4.0 
944 10202676.8 90.85621407279751 81.03326799863353 144.0277978515624 0 233 2.8329 0.0 8.181805246746432 0.0 4.0 
945 10202710.2 90.85621407279751 81.03326799863353 144.0277978515624 0 233 2.8329 0.0 8.181805246746432 0.0 4.0 
946 10202743.5 90.85621407279751 81.03326799863353 144.0277978515624 0 233 2.8329 0.0 8.181805246746432 0.0 4.0 
947 10202776.8 90.84343964248312 81.03326799863353 144.0277978515624 0 233 2.8329 0.0 8.181805246746432 0.0 4.0 
948 10202810.2 90.84343964248312 81.02411976522768 144.0277978515624 0 233 2.8329 0.0 8.181805246746432 0.0 4.0 
949 10202843.5 90.84343964248312 81.02411976522768 144.0277978515624 0 233 2.8329 0.0 8.181805246746432 0.0 4.0 
950 10202876.8 90.83315605244823 81.01825017400903 144.0277978515624 0 233 2.8329 0.0 8.181805246746432 0.0 4.0 
951 10202910.2 90.83315605244823 81.01825017400903 144.0277978515624 0 233 2.8329 0.0 8.181805246746432 0.0 4.0 
952 10202943.5 90.83315605244823 81.01825017400903 144.0277978515624 0 233 2.8329 0.0 8.181805246746432 0.0 4.0 
953 10202976.9 90.83315605244823 81.01825017400903 144.0277978515624 0 233 2.8329 0.0 8.181805246746432 0.0 4.0 
954 10203010.2 90.82198138022791 81.01825017400903 144.0277978515624 0 233 2.8329 0.0 8.181805246746432 0.0 4.0 
955 10203043.5 90.82198138022791 81.01146698326296 144.0277978515624 0 233 2.8329 0.0 8.181805246746432 0.0 4.0 
956 10203076.9 90.82198138022791 81.01146698326296 144.0277978515624 0 233 2.8329 0.0 8.181805246746432 0.0 4.0 
957 10203110.2 90.82198138022791 81.01146698326296 144.0277978515624 0 233 2.8329 0.0 8.181805246746432 0.0 4.0 
958 10203143.5 90.8130220432993 81.01146698326296 144.0277978515624 0 233 2.8329 0.0 8.181805246746432 0.0 4.0 
959 10203176.9 90.8130220432993 81.00689243013584 144.0277978515624 0 233 2.8329 0.0 8.181805246746432 0.0 4.0 
960 10203210.2 90.8130220432993 81.00689243013584 144.0277978515624 0 233 2.8329 0.0 8.181805246746432 0.0 4.0 
961 10203243.5 90.8130220432993 81.00689243013584 144.0277978515624 0 233 2.8329 0.0 8.181805246746432 0.0 4.0 
962 10203276.9 90.79715372305495 81.00274244885651 144.0277978515624 0 233 2.8329 0.0 8.181805246746432 0.0 4.0 
963 10203310.2 90.79715372305495 81.00274244885651 144.0277978515624 0 233 2.8329 0.0 8.181805246746432 0.0 4.0 
964 10203343.5 90.79715372305495 81.00274244885651 144.0277978515624 0 233 2.8329 0.0 8.181805246746432 0.0 4.0 
965 10203376.9 90.79715372305495 81.00274244885651 144.0277978515624 0 233 2.8329 0.0 8.181805246746432 0.0 4.0 
966 10203410.2 90.78293373074948 81.00274244885651 144.0277978515624 0 233 2.8329 0.0 8.181805246746432 0.0 4.0 
967 10203443.6 90.78293373074948 81.00274244885651 144.0277978515624 0 233 2.8329 0.0 8.181805246746432 0.0 4.0 
968 10203476.9 90.78293373074948 81.00274244885651 144.0277978515624 0 233 2.8329 0.0 8.181805246746432 0.0 4.0 
969 10203510.2 90.77115921587402 81.00274244885651 144.0277978515624 0 233 2.8329 0.0 8.181805246746432 0.0 4.0 
970 10203543.6 90.77115921587402 81.00274244885651 144.0277978515624 0 233 2.8329 0.0 8.181805246746432 0.0 4.0 
971 10203576.9 90.77115921587402 81.00274244885651 144.0277978515624 0 233 2.8329 0.0 8.181805246746432 0.0 4.0 
972 10203610.2 90.77115921587402 81.00274244885651 144.0277978515624 0 233 2.8329 0.0 8.181805246746432 0.0 4.0 
973 10203643.6 90.7658421345706 81.00437591978333 144.0277978515624 0 233 2.8329 0.0 8.181805246746432 0.0 4.0 
974 10203676.9 90.7658421345706 81.00437591978333 144.0277978515624 0 233 2.8329 0.0 8.181805246746432 0.0 4.0 
975 10203710.2 90.7658421345706 81.00437591978333 144.0277978515624 0 233 2.8329 0.0 8.181805246746432 0.0 4.0 
976 10203743.6 90.7658421345706 81.00437591978333 144.0277978515624 0 233 2.8329 0.0 8.181805246746432 0.0 4.0 
977 10203776.9 90.75986783020002 81.00921506183137 144.0277978515624 0 233 2.8329 0.0 8.181805246746432 0.0 4.0 
978 10203810.3 90.75986783020002 81.00921506183137 144.0277978515624 0 233 2.8329 0.0 8.181805246746432 0.0 4.0 
979 10203843.6 90.75986783020002 81.00921506183137 144.0277978515624 0 233 2.8329 0.0 8.181805246746432 0.0 4.0 
980 10203876.9 90.75615459116165 81.00921506183137 144.0277978515624 0 233 2.8329 0.0 8.181805246746432 0.0 4.0 
981 10203910.3 90.75615459116165 81.01433965274613 144.0277978515624 0 233 2.8329 0.0 8.181805246746432 0.0 4.0 
982 10203943.6 90.75615459116165 81.01433965274613 144.0277978515624 0 233 2.8329 0.0 8.181805246746432 0.0 4.0 
983 10203976.9 90.75962143569726 81.01433965274613 144.0277978515624 0 233 2.8329 0.0 8.181805246746432 0.0 4.0 
984 10204010.3 90.75962143569726 81.01433965274613 144.0277978515624 0 233 2.8329 0.0 8.181805246746432 0.0 4.0 
985 10204043.6 90.75962143569726 81.01433965274613 144.0277978515624 0 233 2.8329 0.0 8.181805246746432 0.0 4.0 
986 10204076.9 90.76489612761475 81.01196057378372 144.0277978515624 0 233 2.8329 0.0 8.181805246746432 0.0 4.0 
987 10204110.3 90.76489612761475 81.01196057378372 144.0277978515624 0 233 2.8329 0.0 8.181805246746432 0.0 4.0 
988 10204143.6 90.76489612761475 81.01196057378372 144.0277978515624 0 233 2.8329 0.0 8.181805246746432 0.0 4.0 
989 10204176.9 90.76489612761475 81.01196057378372 144.0277978515624 0 233 2.8329 0.0 8.181805246746432 0.0 4.0 
990 10204210.3 90.77309833525106 81.01196057378372 144.0277978515624 0 233 2.8329 0.0 8.181805246746432 0.0 4.0 
991 10204243.6 90.77309833525106 81.00764770371518 144.0277978515624 0 233 2.8329 0.0 8.181805246746432 0.0 4.0 
992 10204277.0 90.77309833525106 81.00764770371518 144.0277978515624 0 233 2.8329 0.0 8.181805246746432 0.0 4.0 
993 10204310.3 90.78049376234438 81.00764770371518 144.0277978515624 0 233 2.8329 0.0 8.181805246746432 0.0 4.0 
994 10204343.6 90.78049376234438 81.00516539078659 144.0277978515624 0 233 2.8329 0.0 8.181805246746432 0.0 4.0 
995 10204377.0 90.78049376234438 81.00516539078659 144.0277978515624 0 233 2.8329 0.0 8.181805246746432 0.0 4.0 
996 10204410.3 90.78897177965165 81.00273604357238 144.0277978515624 0 233 2.8329 0.0 8.181805246746432 0.0 4.0 
997 10204443.6 90.78897177965165 81.00273604357238 144.0277978515624 0 233 2.8329 0.0 8.181805246746432 0.0 4.0 
998 10204477.0 90.78897177965165 81.00273604357238 144.0277978515624 0 233 2.8329 0.0 8.181805246746432 0.0 4.0 
999 10204510.3 90.78897177965165 81.00273604357238 144.0277978515624 0 233 2.8329 0.0 8.181805246746432 0.0 4.0 
1000 10204543.6 90.79933416112935 81.00273604357238 144.0277978515624 0 233 2.8329 0.0 8.181805246746432 0.0 4.0 
1001 10204577.0 90.79933416112935 81.00273604357238 144.0277978515624 0 233 2.8329 0.0 8.181805246746432 0.0 4.0 
1002 10204610.3 90.79933416112935 81.00273604357238 144.0277978515624 0 233 2.8329 0.0 8.181805246746432 0.0 4.0 
1003 10204643.7 90.81051811611214 81.00273604357238 144.0277978515624 0 233 2.8329 0.0 8.181805246746432 0.0 4.0 
1004 10204677.0 90.81051811611214 81.0071665267287 144.0277978515624 0 233 2.8329 0.0 8.181805246746432 0.0 4.0 
1005 10204710.3 90.81051811611214 81.0071665267287 144.0277978515624 0 233 2.8329 0.0 8.181805246746432 0.0 4.0 
1006 10204743.7 90.817006838525 81.01308027799045 144.0277978515624 0 233 2.8329 0.0 8.181805246746432 0.0 4.0 
1007 10204777.0 90.817006838525 81.01308027799045 144.0277978515624 0 233 2.8329 0.0 8.181805246746432 0.0 4.0 
1008 10204810.3 90.817006838525 81.01308027799045 144.0277978515624 0 233 2.8329 0.0 8.181805246746432 0.0 4.0 
1009 10204843.7 90.817006838525 81.01308027799045 144.0277978515624 0 233 2.8329 0.0 8.181805246746432 0.0 4.0 
1010 10204877.0 90.82146091819786 81.01308027799045 144.0277978515624 0 233 2.8329 0.0 8.181805246746432 0.0 4.0 
1011 10204910.3 90.82146091819786 81.01562165849849 144.0277978515624 0 233 2.8329 0.0 8.181805246746432 0.0 4.0 
1012 10204943.7 90.82146091819786 81.01562165849849 144.0277978515624 0 233 2.8329 0.0 8.181805246746432 0.0 4.0 
1013 10204977.0 90.82146091819786 81.01562165849849 144.0277978515624 0 233 2.8329 0.0 8.181805246746432 0.0 4.0 
1014 10205010.3 90.8231688944566 81.01562165849849 144.0277978515624 0 233 2.8329 0.0 8.181805246746432 0.0 4.0 
1015 10205043.7 90.8231688944566 81.01562165849849 144.0277978515624 0 233 2.8329 0.0 8.181805246746432 0.0 4.0 
1016 10205077.0 90.8231688944566 81.0184567296602 144.0277978515624 0 233 2.8329 0.0 8.181805246746432 0.0 4.0 
1017 10205110.4 90.8231688944566 81.0184567296602 144.0277978515624 0 233 2.8329 0.0 8.181805246746432 0.0 4.0 
1018 10205143.7 90.821529613954 81.0184567296602 144.0277978515624 0 233 2.8329 0.0 8.181805246746432 0.0 4.0 
1019 10205177.0 90.821529613954 81.02038319415257 144.0277978515624 0 233 2.8329 0.0 8.181805246746432 0.0 4.0 
1020 10205210.4 90.821529613954 81.02038319415257 144.0277978515624 0 233 2.8329 0.0 8.181805246746432 0.0 4.0 
1021 10205243.7 90.821529613954 81.02038319415257 144.0277978515624 0 233 2.8329 0.0 8.181805246746432 0.0 4.0 
1022 10205277.0 90.8096659692157 81.02038319415257 144.0277978515624 0 233 2.8329 0.0 8.181805246746432 0.0 4.0 
1023 10205310.4 90.8096659692157 81.02421225741149 144.0277978515624 0 233 2.8329 0.0 8.181805246746432 0.0 4.0 
1024 10205343.7 90.8096659692157 81.02421225741149 144.0277978515624 0 233 2.8329 0.0 8.181805246746432 0.0 4.0 
1025 10205377.0 90.8096659692157 81.02421225741149 144.0277978515624 0 233 2.8329 0.0 8.181805246746432 0.0 4.0 
1026 10205410.4 90.79114091878381 81.03006952073821 144.0277978515624 0 233 2.8329 0.0 8.181805246746432 0.0 4.0 
1027 10205443.7 90.79114091878381 81.03006952073821 144.0277978515624 0 233 2.8329 0.0 8.181805246746432 0.0 4.0 
1028 10205477.1 90.79114091878381 81.03006952073821 144.0277978515624 0 233 2.8329 0.0 8.181805246746432 0.0 4.0 
1029 10205510.4 90.78112738611905 81.03491330409817 144.0277978515624 0 233 2.8329 0.0 8.181805246746432 0.0 4.0 
1030 10205543.7 90.78112738611905 81.03491330409817 144.0277978515624 0 233 2.8329 0.0 8.181805246746432 0.0 4.0 
1031 10205577.1 90.78112738611905 81.03491330409817 144.0277978515624 0 233 2.8329 0.0 8.181805246746432 0.0 4.0 
1032 10205610.4 90.77345042450851 81.03491330409817 144.0277978515624 0 233 2.8329 0.0 8.181805246746432 0.0 4.0 
1033 10205643.7 90.77345042450851 81.03491330409817 144.0277978515624 0 233 2.8329 0.0 8.181805246746432 0.0 4.0 
1034 10205677.1 90.77345042450851 81.03491330409817 144.0277978515624 0 233 2.8329 0.0 8.181805246746432 0.0 4.0 
1035 10205710.4 90.77345042450851 81.03491330409817 144.0277978515624 0 233 2.8329 0.0 8.181805246746432 0.0 4.0 
1036 10205743.7 90.76340086112498 81.03491330409817 144.0277978515624 0 233 2.8329 0.0 8.181805246746432 0.0 4.0 
1037 10205777.1 90.76340086112498 81.03824854543772 144.0277978515624 0 233 2.8329 0.0 8.181805246746432 0.0 4.0 
1038 10205810.4 90.76340086112498 81.03824854543772 144.0277978515624 0 233 2.8329 0.0 8.181805246746432 0.0 4.0 
1039 10205843.7 90.76340086112498 81.03824854543772 144.0277978515624 0 233 2.8329 0.0 8.181805246746432 0.0 4.0 
1040 10205877.1 90.75083161934786 81.0426070734568 144.0277978515624 0 233 2.8329 0.0 8.181805246746432 0.0 4.0 
1041 10205910.4 90.75083161934786 81.0426070734568 144.0277978515624 0 233 2.8329 0.0 8.181805246746432 0.0 4.0 
1042 10205943.8 90.75083161934786 81.0426070734568 144.0277978515624 0 233 2.8329 0.0 8.181805246746432 0.0 4.0 
1043 10205977.1 90.74053991140254 81.05148350291606 144.0277978515624 0 233 2.8329 0.0 8.181805246746432 0.0 4.0 
1044 10206010.4 90.74053991140254 81.05148350291606 144.0277978515624 0 233 2.8329 0.0 8.181805246746432 0.0 4.0 
1045 10206043.8 90.74053991140254 81.05148350291606 144.0277978515624 0 233 2.8329 0.0 8.181805246746432 0.0 4.0 
1046 10206077.1 90.74053991140254 81.05148350291606 144.0277978515624 0 233 2.8329 0.0 8.181805246746432 0.0 4.0 
1047 10206110.4 90.73637245860269 81.05148350291606 144.0277978515624 0 233 2.8329 0.0 8.181805246746432 0.0 4.0 
1048 10206143.8 90.73637245860269 81.05450531041208 144.0277978515624 0 233 2.8329 0.0 8.181805246746432 0.0 4.0 
1049 10206177.1 90.73637245860269 81.05450531041208 144.0277978515624 0 233 2.8329 0.0 8.181805246746432 0.0 4.0 
1050 10206210.4 90.73637245860269 81.05450531041208 144.0277978515624 0 233 2.8329 0.0 8.181805246746432 0.0 4.0 
1051 10206243.8 90.73173790051294 81.05725673893332 144.0277978515624 0 233 2.8329 0.0 8.181805246746432 0.0 4.0 
1052 10206277.1 90.73173790051294 81.05725673893332 144.0277978515624 0 233 2.8329 0.0 8.181805246746432 0.0 4.0 
1053 10206310.5 90.73173790051294 81.05725673893332 144.0277978515624 0 233 2.8329 0.0 8.181805246746432 0.0 4.0 
1054 10206343.8 90.72841556964224 81.05725673893332 144.0277978515624 0 233 2.8329 0.0 8.181805246746432 0.0 4.0 
1055 10206377.1 90.72841556964224 81.05862731477892 144.0277978515624 0 233 2.8329 0.0 8.181805246746432 0.0 4.0 
1056 10206410.5 90.72841556964224 81.05862731477892 144.0277978515624 0 233 2.8329 0.0 8.181805246746432 0.0 4.0 
1057 10206443.8 90.71995708546228 81.05862731477892 144.0277978515624 0 233 2.8329 0.0 8.181805246746432 0.0 4.0 
1058 10206477.1 90.71995708546228 81.0675729271794 144.0277978515624 0 233 2.8329 0.0 8.181805246746432 0.0 4.0 
1059 10206510.5 90.71995708546228 81.0675729271794 144.0277978515624 0 233 2.8329 0.0 8.181805246746432 0.0 4.0 
1060 10206543.8 90.71995708546228 81.0675729271794 144.0277978515624 0 233 2.8329 0.0 8.181805246746432 0.0 4.0 
1061 10206577.1 90.71539218348317 81.0675729271794 144.0277978515624 0 233 2.8329 0.0 8.181805246746432 0.0 4.0 
1062 10206610.5 90.71539218348317 81.07534347284798 144.0277978515624 0 233 2.8329 0.0 8.181805246746432 0.0 4.0 
1063 10206643.8 90.71539218348317 81.07534347284798 144.0277978515624 0 233 2.8329 0.0 8.181805246746432 0.0 4.0 
1064 10206677.1 90.71539218348317 81.07534347284798 144.0277978515624 0 233 2.8329 0.0 8.181805246746432 0.0 4.0 
1065 10206710.5 90.70888893050521 81.08556397035511 144.0277978515624 0 233 2.8329 0.0 8.181805246746432 0.0 4.0 
1066 10206743.8 90.70888893050521 81.08556397035511 144.0277978515624 0 233 2.8329 0.0 8.181805246746432 0.0 4.0 
1067 10206777.2 90.70888893050521 81.08556397035511 144.0277978515624 0 233 2.8329 0.0 8.181805246746432 0.0 4.0 
1068 10206810.5 90.70888893050521 81.08556397035511 144.0277978515624 0 233 2.8329 0.0 8.181805246746432 0.0 4.0 
1069 10206843.8 90.70216506404836 81.08556397035511 144.0277978515624 0 233 2.8329 0.0 8.181805246746432 0.0 4.0 
1070 10206877.2 90.70216506404836 81.09896634633024 144.0277978515624 0 233 2.8329 0.0 8.181805246746432 0.0 4.0 
1071 10206910.5 90.70216506404836 81.09896634633024 144.0277978515624 0 233 2.8329 0.0 8.181805246746432 0.0 4.0 
1072 10206943.8 90.69894436159228 81.09896634633024 144.0277978515624 0 233 2.8329 0.0 8.181805246746432 0.0 4.0 
1073 10206977.2 90.69894436159228 81.10430870843784 144.0277978515624 0 233 2.8329 0.0 8.181805246746432 0.0 4.0 
1074 10207010.5 90.69894436159228 81.10430870843784 144.0277978515624 0 233 2.8329 0.0 8.181805246746432 0.0 4.0 
1075 10207043.8 90.69451642765429 81.10430870843784 144.0277978515624 0 233 2.8329 0.0 8.181805246746432 0.0 4.0 
1076 10207077.2 90.69451642765429 81.11047541159294 144.0277978515624 0 233 2.8329 0.0 8.181805246746432 0.0 4.0 
1077 10207110.5 90.69451642765429 81.11047541159294 144.0277978515624 0 233 2.8329 0.0 8.181805246746432 0.0 4.0 
1078 10207143.9 90.69451642765429 81.11047541159294 144.0277978515624 0 233 2.8329 0.0 8.181805246746432 0.0 4.0 
1079 10207177.2 90.6899953188457 81.11752500906685 144.0277978515624 0 233 2.8329 0.0 8.181805246746432 0.0 4.0 
1080 10207210.5 90.6899953188457 81.11752500906685 144.0277978515624 0 233 2.8329 0.0 8.181805246746432 0.0 4.0 
1081 10207243.9 90.6899953188457 81.11752500906685 144.0277978515624 0 233 2.8329 0.0 8.181805246746432 0.0 4.0 
1082 10207277.2 90.6899953188457 81.11752500906685 144.0277978515624 0 233 2.8329 0.0 8.181805246746432 0.0 4.0 
1083 10207310.5 90.68303559422324 81.11752500906685 144.0277978515624 0 233 2.8329 0.0 8.181805246746432 0.0 4.0 
1084 10207343.9 90.68303559422324 81.1250850200125 144.0277978515624 0 233 2.8329 0.0 8.181805246746432 0.0 4.0 
1085 10207377.2 90.68303559422324 81.1250850200125 144.0277978515624 0 233 2.8329 0.0 8.181805246746432 0.0 4.0 
1086 10207410.5 90.68303559422324 81.1250850200125 144.0277978515624 0 233 2.8329 0.0 8.181805246746432 0.0 4.0 
1087 10207443.9 90.6757075684964 81.13166634772146 144.0277978515624 0 233 2.8329 0.0 8.181805246746432 0.0 4.0 
1088 10207477.2 90.6757075684964 81.13166634772146 144.0277978515624 0 233 2.8329 0.0 8.181805246746432 0.0 4.0 
1089 10207510.5 90.6757075684964 81.13166634772146 144.0277978515624 0 233 2.8329 0.0 8.181805246746432 0.0 4.0 
1090 10207543.9 90.66814630745009 81.13804492171231 144.0277978515624 0 233 2.8329 0.0 8.181805246746432 0.0 4.0 
1091 10207577.2 90.66814630745009 81.13804492171231 144.0277978515624 0 233 2.8329 0.0 8.181805246746432 0.0 4.0 
1092 10207610.6 90.66814630745009 81.13804492171231 144.0277978515624 0 233 2.8329 0.0 8.181805246746432 0.0 4.0 
1093 10207643.9 90.66814630745009 81.13804492171231 144.0277978515624 0 233 2.8329 0.0 8.181805246746432 0.0 4.0 
1094 10207677.2 90.66052780803642 81.13804492171231 144.0277978515624 0 233 2.8329 0.0 8.181805246746432 0.0 4.0 
1095 10207710.6 90.66052780803642 81.13936014474163 144.0277978515624 0 233 2.8329 0.0 8.181805246746432 0.0 4.0 
1096 10207743.9 90.66052780803642 81.13936014474163 144.0277978515624 0 233 2.8329 0.0 8.181805246746432 0.0 4.0 
1097 10207777.2 90.66052780803642 81.13936014474163 144.0277978515624 0 233 2.8329 0.0 8.181805246746432 0.0 4.0 
1098 10207810.6 90.65491825175557 81.14231977806953 144.0277978515624 0 233 2.8329 0.0 8.181805246746432 0.0 4.0 
1099 10207843.9 90.65491825175557 81.14231977806953 144.0277978515624 0 233 2.8329 0.0 8.181805246746432 0.0 4.0 
1100 10207877.2 90.65491825175557 81.14231977806953 144.0277978515624 0 233 2.8329 0.0 8.181805246746432 0.0 4.0 
1101 10207910.6 90.65491825175557 81.14231977806953 144.0277978515624 0 233 2.8329 0.0 8.181805246746432 0.0 4.0 
1102 10207943.9 90.65615220246734 81.14231977806953 144.0277978515624 0 233 2.8329 0.0 8.181805246746432 0.0 4.0 
1103 10207977.3 90.65615220246734 81.14231977806953 144.0277978515624 0 233 2.8329 0.0 8.181805246746432 0.0 4.0 
1104 10208010.6 90.65615220246734 81.14231977806953 144.0277978515624 0 233 2.8329 0.0 8.181805246746432 0.0 4.0 
1105 10208043.9 90.65615220246734 81.1406607111393 144.0277978515624 0 233 2.8329 0.0 8.181805246746432 0.0 4.0 
1106 10208077.3 90.65615220246734 81.1406607111393 144.0277978515624 0 233 2.8329 0.0 8.181805246746432 0.0 4.0 
1107 10208110.6 90.65615220246734 81.1406607111393 144.0277978515624 0 233 2.8329 0.0 8.181805246746432 0.0 4.0 
1108 10208143.9 90.65392436415168 81.1406607111393 144.0277978515624 0 233 2.8329 0.0 8.181805246746432 0.0 4.0 
1109 10208177.3 90.65392436415168 81.1406607111393 144.0277978515624 0 233 2.8329 0.0 8.181805246746432 0.0 4.0 
1110 10208210.6 90.65392436415168 81.1406607111393 144.0277978515624 0 233 2.8329 0.0 8.181805246746432 0.0 4.0 
1111 10208243.9 90.65392436415168 81.13842837767719 144.0277978515624 0 233 2.8329 0.0 8.181805246746432 0.0 4.0 
1112 10208277.3 90.65392436415168 81.13842837767719 144.0277978515624 0 233 2.8329 0.0 8.181805246746432 0.0 4.0 
1113 10208310.6 90.65392436415168 81.13842837767719 144.0277978515624 0 233 2.8329 0.0 8.181805246746432 0.0 4.0 
1114 10208343.9 90.65270542851842 81.13742805715059 144.0277978515624 0 233 2.8329 0.0 8.181805246746432 0.0 4.0 
1115 10208377.3 90.65270542851842 81.13742805715059 144.0277978515624 0 233 2.8329 0.0 8.181805246746432 0.0 4.0 
1116 10208410.6 90.65270542851842 81.13742805715059 144.0277978515624 0 233 2.8329 0.0 8.181805246746432 0.0 4.0 
1117 10208444.0 90.6608246450776 81.13742805715059 144.0277978515624 0 233 2.8329 0.0 8.181805246746432 0.0 4.0 
1118 10208477.3 90.6608246450776 81.1253058547736 144.0277978515624 0 233 2.8329 0.0 8.181805246746432 0.0 4.0 
1119 10208510.6 90.6608246450776 81.1253058547736 144.0277978515624 0 233 2.8329 0.0 8.181805246746432 0.0 4.0 
1120 10208544.0 90.67874709578153 81.1253058547736 144.0277978515624 0 233 2.8329 0.0 8.181805246746432 0.0 4.0 
1121 10208577.3 90.67874709578153 81.1073426984054 144.0277978515624 0 233 2.8329 0.0 8.181805246746432 0.0 4.0 
1122 10208610.6 90.67874709578153 81.1073426984054 144.0277978515624 0 233 2.8329 0.0 8.181805246746432 0.0 4.0 
1123 10208644.0 90.67874709578153 81.1073426984054 144.0277978515624 0 233 2.8329 0.0 8.181805246746432 0.0 4.0 
1124 10208677.3 90.69368940589628 81.1073426984054 144.0277978515624 0 233 2.8329 0.0 8.181805246746432 0.0 4.0 
1125 10208710.6 90.69368940589628 81.0920022369222 144.0277978515624 0 233 2.8329 0.0 8.181805246746432 0.0 4.0 
1126 10208744.0 90.69368940589628 81.0920022369222 144.0277978515624 0 233 2.8329 0.0 8.181805246746432 0.0 4.0 
1127 10208777.3 90.69368940589628 81.0920022369222 144.0277978515624 0 233 2.8329 0.0 8.181805246746432 0.0 4.0 
1128 10208810.7 90.71004156108697 81.0920022369222 144.0277978515624 0 233 2.8329 0.0 8.181805246746432 0.0 4.0 
1129 10208844.0 90.71004156108697 81.07437857473639 144.0277978515624 0 233 2.8329 0.0 8.181805246746432 0.0 4.0 
1130 10208877.3 90.71004156108697 81.07437857473639 144.0277978515624 0 233 2.8329 0.0 8.181805246746432 0.0 4.0 
1131 10208910.7 90.71004156108697 81.07437857473639 144.0277978515624 0 233 2.8329 0.0 8.181805246746432 0.0 4.0 
1132 10208944.0 90.733529197502 81.07437857473639 144.0277978515624 0 233 2.8329 0.0 8.181805246746432 0.0 4.0 
1133 10208977.3 90.733529197502 81.05231423134022 144.0277978515624 0 233 2.8329 0.0 8.181805246746432 0.0 4.0 
1134 10209010.7 90.733529197502 81.05231423134022 144.0277978515624 0 233 2.8329 0.0 8.181805246746432 0.0 4.0 
1135 10209044.0 90.733529197502 81.05231423134022 144.0277978515624 0 233 2.8329 0.0 8.181805246746432 0.0 4.0 
1136 10209077.3 90.75638048701829 81.03657866667162 144.0277978515624 0 233 2.8329 0.0 8.181805246746432 0.0 4.0 
1137 10209110.7 90.75638048701829 81.03657866667162 144.0277978515624 0 233 2.8329 0.0 8.181805246746432 0.0 4.0 
1138 10209144.0 90.75638048701829 81.03657866667162 144.0277978515624 0 233 2.8329 0.0 8.181805246746432 0.0 4.0 
1139 10209177.3 90.75638048701829 81.03657866667162 144.0277978515624 0 233 2.8329 0.0 8.181805246746432 0.0 4.0 
1140 10209210.7 90.76520759567498 81.03657866667162 144.0277978515624 0 233 2.8329 0.0 8.181805246746432 0.0 4.0 
1141 10209244.0 90.76520759567498 81.03123747341938 144.0277978515624 0 233 2.8329 0.0 8.181805246746432 0.0 4.0 
1142 10209277.4 90.76520759567498 81.03123747341938 144.0277978515624 0 233 2.8329 0.0 8.181805246746432 0.0 4.0 
1143 10209310.7 90.76520759567498 81.03123747341938 144.0277978515624 0 233 2.8329 0.0 8.181805246746432 0.0 4.0 
1144 10209344.0 90.76520759567498 81.03022215109317 144.0277978515624 0 233 2.8329 0.0 8.181805246746432 0.0 4.0 
1145 10209377.4 90.76520759567498 81.03022215109317 144.0277978515624 0 233 2.8329 0.0 8.181805246746432 0.0 4.0 
1146 10209410.7 90.76520759567498 81.03022215109317 144.0277978515624 0 233 2.8329 0.0 8.181805246746432 0.0 4.0 
1147 10209444.0 90.76054221687403 81.03022215109317 144.0277978515624 0 233 2.8329 0.0 8.181805246746432 0.0 4.0 
1148 10209477.4 90.76054221687403 81.03151645086312 144.0277978515624 0 233 2.8329 0.0 8.181805246746432 0.0 4.0 
1149 10209510.7 90.76054221687403 81.03151645086312 144.0277978515624 0 233 2.8329 0.0 8.181805246746432 0.0 4.0 
1150 10209544.0 90.76054221687403 81.03151645086312 144.0277978515624 0 233 2.8329 0.0 8.181805246746432 0.0 4.0 
1151 10209577.4 90.75021124102136 81.03151645086312 144.0277978515624 0 233 2.8329 0.0 8.181805246746432 0.0 4.0 
1152 10209610.7 90.75021124102136 81.03666056626118 144.0277978515624 0 233 2.8329 0.0 8.181805246746432 0.0 4.0 
1153 10209644.1 90.75021124102136 81.03666056626118 144.0277978515624 0 233 2.8329 0.0 8.181805246746432 0.0 4.0 
1154 10209677.4 90.75021124102136 81.03666056626118 144.0277978515624 0 233 2.8329 0.0 8.181805246746432 0.0 4.0 
1155 10209710.7 90.75360339670789 81.03666056626118 144.0277978515624 0 233 2.8329 0.0 8.181805246746432 0.0 4.0 
1156 10209744.1 90.75360339670789 81.03940687633785 144.0277978515624 0 233 2.8329 0.0 8.181805246746432 0.0 4.0 
1157 10209777.4 90.75360339670789 81.03940687633785 144.0277978515624 0 233 2.8329 0.0 8.181805246746432 0.0 4.0 
1158 10209810.7 90.75360339670789 81.03940687633785 144.0277978515624 0 233 2.8329 0.0 8.181805246746432 0.0 4.0 
1159 10209844.1 90.76973152498003 81.03940687633785 144.0277978515624 0 233 2.8329 0.0 8.181805246746432 0.0 4.0 
1160 10209877.4 90.76973152498003 81.03940687633785 144.0277978515624 0 233 2.8329 0.0 8.181805246746432 0.0 4.0 
1161 10209910.7 90.76973152498003 81.03940687633785 144.0277978515624 0 233 2.8329 0.0 8.181805246746432 0.0 4.0 
1162 10209944.1 90.78270141158106 81.03940687633785 144.0277978515624 0 233 2.8329 0.0 8.181805246746432 0.0 4.0 
1163 10209977.4 90.78270141158106 81.03754415082146 144.0277978515624 0 233 2.8329 0.0 8.181805246746432 0.0 4.0 
1164 10210010.7 90.78270141158106 81.03754415082146 144.0277978515624 0 233 2.8329 0.0 8.181805246746432 0.0 4.0 
1165 10210044.1 90.79044802131061 81.03754415082146 144.0277978515624 0 233 2.8329 0.0 8.181805246746432 0.0 4.0 
1166 10210077.4 90.79044802131061 81.03580935222581 144.0277978515624 0 233 2.8329 0.0 8.181805246746432 0.0 4.0 
1167 10210110.8 90.79044802131061 81.03580935222581 144.0277978515624 0 233 2.8329 0.0 8.181805246746432 0.0 4.0 
1168 10210144.1 90.79044802131061 81.03580935222581 144.0277978515624 0 233 2.8329 0.0 8.181805246746432 0.0 4.0 
1169 10210177.4 90.79044802131061 81.03427990251484 144.0277978515624 0 233 2.8329 0.0 8.181805246746432 0.0 4.0 
1170 10210210.8 90.79044802131061 81.03427990251484 144.0277978515624 0 233 2.8329 0.0 8.181805246746432 0.0 4.0 
1171 10210244.1 90.79044802131061 81.03427990251484 144.0277978515624 0 233 2.8329 0.0 8.181805246746432 0.0 4.0 
1172 10210277.4 90.79755448713406 81.03427990251484 144.0277978515624 0 233 2.8329 0.0 8.181805246746432 0.0 4.0 
1173 10210310.8 90.79755448713406 81.03427990251484 144.0277978515624 0 233 2.8329 0.0 8.181805246746432 0.0 4.0 
1174 10210344.1 90.79755448713406 81.03427990251484 144.0277978515624 0 233 2.8329 0.0 8.181805246746432 0.0 4.0 
1175 10210377.4 90.79755448713406 81.03427990251484 144.0277978515624 0 233 2.8329 0.0 8.181805246746432 0.0 4.0 
1176 10210410.8 90.80048257073905 81.03427990251484 144.0277978515624 0 233 2.8329 0.0 8.181805246746432 0.0 4.0 
1177 10210444.1 90.80048257073905 81.03122732393305 144.0277978515624 0 233 2.8329 0.0 8.181805246746432 0.0 4.0 
1178 10210477.5 90.80048257073905 81.03122732393305 144.0277978515624 0 233 2.8329 0.0 8.181805246746432 0.0 4.0 
1179 10210510.8 90.80048257073905 81.03122732393305 144.0277978515624 0 233 2.8329 0.0 8.181805246746432 0.0 4.0 
1180 10210544.1 90.80048257073905 81.0190213604849 144.0277978515624 0 233 2.8329 0.0 8.181805246746432 0.0 4.0 
1181 10210577.5 90.80048257073905 81.0190213604849 144.0277978515624 0 233 2.8329 0.0 8.181805246746432 0.0 4.0 
1182 10210610.8 90.80048257073905 81.00985500069149 144.0277978515624 0 233 2.8329 0.0 8.181805246746432 0.0 4.0 
1183 10210644.1 90.80048257073905 81.00985500069149 144.0277978515624 0 233 2.8329 0.0 8.181805246746432 0.0 4.0 
1184 10210677.5 90.80048257073905 81.00985500069149 144.0277978515624 0 233 2.8329 0.0 8.181805246746432 0.0 4.0 
1185 10210710.8 90.79426407041412 81.00985500069149 144.0277978515624 0 233 2.8329 0.0 8.181805246746432 0.0 4.0 
1186 10210744.1 90.79426407041412 81.00342381810539 144.0277978515624 0 233 2.8329 0.0 8.181805246746432 0.0 4.0 
1187 10210777.5 90.79426407041412 81.00342381810539 144.0277978515624 0 233 2.8329 0.0 8.181805246746432 0.0 4.0 
1188 10210810.8 90.7835180838597 81.00342381810539 144.0277978515624 0 233 2.8329 0.0 8.181805246746432 0.0 4.0 
1189 10210844.1 90.7835180838597 80.99464118918846 144.0277978515624 0 233 2.8329 0.0 8.181805246746432 0.0 4.0 
1190 10210877.5 90.7835180838597 80.99464118918846 144.0277978515624 0 233 2.8329 0.0 8.181805246746432 0.0 4.0 
1191 10210910.8 90.7835180838597 80.99464118918846 144.0277978515624 0 233 2.8329 0.0 8.181805246746432 0.0 4.0 
1192 10210944.2 90.77544767139526 80.98365686070069 144.0277978515624 0 233 2.8329 0.0 8.181805246746432 0.0 4.0 
1193 10210977.5 90.77544767139526 80.98365686070069 144.0277978515624 0 233 2.8329 0.0 8.181805246746432 0.0 4.0 
1194 10211010.8 90.77544767139526 80.98365686070069 144.0277978515624 0 233 2.8329 0.0 8.181805246746432 0.0 4.0 
1195 10211044.2 90.77544767139526 80.98365686070069 144.0277978515624 0 233 2.8329 0.0 8.181805246746432 0.0 4.0 
1196 10211077.5 90.76482131881103 80.96759562155376 144.0277978515624 0 233 2.8329 0.0 8.181805246746432 0.0 4.0 
1197 10211110.8 90.76482131881103 80.96759562155376 144.0277978515624 0 233 2.8329 0.0 8.181805246746432 0.0 4.0 
1198 10211144.2 90.76482131881103 80.96759562155376 144.0277978515624 0 233 2.8329 0.0 8.181805246746432 0.0 4.0 
1199 10211177.5 90.76482131881103 80.96759562155376 144.0277978515624 0 233 2.8329 0.0 8.181805246746432 0.0 4.0 
1200 10211210.8 90.75054926964829 80.96759562155376 144.0277978515624 0 233 2.8329 0.0 8.181805246746432 0.0 4.0 
1201 10211244.2 90.75054926964829 80.95312904649388 144.0277978515624 0 233 2.8329 0.0 8.181805246746432 0.0 4.0 
1202 10211277.5 90.75054926964829 80.95312904649388 144.0277978515624 0 233 2.8329 0.0 8.181805246746432 0.0 4.0 
1203 10211310.9 90.75054926964829 80.95312904649388 144.0277978515624 0 233 2.8329 0.0 8.181805246746432 0.0 4.0 
1204 10211344.2 90.72915662076245 80.94120342171107 144.0277978515624 0 233 2.8329 0.0 8.181805246746432 0.0 4.0 
1205 10211377.5 90.72915662076245 80.94120342171107 144.0277978515624 0 233 2.8329 0.0 8.181805246746432 0.0 4.0 
1206 10211410.9 90.72915662076245 80.94120342171107 144.0277978515624 0 233 2.8329 0.0 8.181805246746432 0.0 4.0 
1207 10211444.2 90.71757013622862 80.94120342171107 144.0277978515624 0 233 2.8329 0.0 8.181805246746432 0.0 4.0 
1208 10211477.5 90.71757013622862 80.93570747188156 144.0277978515624 0 233 2.8329 0.0 8.181805246746432 0.0 4.0 
1209 10211510.9 90.71757013622862 80.93570747188156 144.0277978515624 0 233 2.8329 0.0 8.181805246746432 0.0 4.0 
1210 10211544.2 90.71757013622862 80.93570747188156 144.0277978515624 0 233 2.8329 0.0 8.181805246746432 0.0 4.0 
1211 10211577.5 90.70299687393701 80.93570747188156 144.0277978515624 0 233 2.8329 0.0 8.181805246746432 0.0 4.0 
1212 10211610.9 90.70299687393701 80.92934994058172 144.0277978515624 0 233 2.8329 0.0 8.181805246746432 0.0 4.0 
1213 10211644.2 90.70299687393701 80.92934994058172 144.0277978515624 0 233 2.8329 0.0 8.181805246746432 0.0 4.0 
1214 10211677.5 90.68673828002967 80.92934994058172 144.0277978515624 0 233 2.8329 0.0 8.181805246746432 0.0 4.0 
1215 10211710.9 90.68673828002967 80.92642813653875 144.0277978515624 0 233 2.8329 0.0 8.181805246746432 0.0 4.0 
1216 10211744.2 90.68673828002967 80.92642813653875 144.0277978515624 0 233 2.8329 0.0 8.181805246746432 0.0 4.0 
1217 10211777.6 90.68673828002967 80.92642813653875 144.0277978515624 0 233 2.8329 0.0 8.181805246746432 0.0 4.0 
1218 10211810.9 90.67283243105396 80.92768248142725 144.0277978515624 0 233 2.8329 0.0 8.181805246746432 0.0 4.0 
1219 10211844.2 90.67283243105396 80.92768248142725 144.0277978515624 0 233 2.8329 0.0 8.181805246746432 0.0 4.0 
1220 10211877.6 90.67283243105396 80.92768248142725 144.0277978515624 0 233 2.8329 0.0 8.181805246746432 0.0 4.0 
1221 10211910.9 90.67303906249995 80.92777343749997 143.95698046874992 0 233 2.8329 0.0 8.181805246746432 0.0 4.0 
1222 10211944.2 90.64622577179195 80.92777343749997 143.95698046874992 0 233 2.8329 0.0 8.181805246746432 0.0 4.0 
1223 10211977.6 90.64622577179195 80.94553401506272 143.95698046874992 0 233 2.8329 0.0 8.181805246746432 0.0 4.0 
1224 10212010.9 90.64622577179195 80.94553401506272 143.95698046874992 0 233 2.8329 0.0 8.181805246746432 0.0 4.0 
1225 10212044.2 90.64622577179195 80.94553401506272 143.95698046874992 0 233 2.8329 0.0 8.181805246746432 0.0 4.0 
1226 10212077.6 90.63316270219477 80.96651338521171 143.95698046874992 0 233 2.8329 0.0 8.181805246746432 0.0 4.0 
1227 10212110.9 90.63316270219477 80.96651338521171 143.95698046874992 0 233 2.8329 0.0 8.181805246746432 0.0 4.0 
1228 10212144.3 90.63316270219477 80.96651338521171 143.95698046874992 0 233 2.8329 0.0 8.181805246746432 0.0 4.0 
1229 10212177.6 90.62234920973783 80.96651338521171 143.95698046874992 0 233 2.8329 0.0 8.181805246746432 0.0 4.0 
1230 10212210.9 90.62234920973783 80.97667374837354 143.95698046874992 0 233 2.8329 0.0 8.181805246746432 0.0 4.0 
1231 10212244.3 90.62234920973783 80.97667374837354 143.95698046874992 0 233 2.8329 0.0 8.181805246746432 0.0 4.0 
1232 10212277.6 90.62234920973783 80.97667374837354 143.95698046874992 0 233 2.8329 0.0 8.181805246746432 0.0 4.0 
1233 10212310.9 90.6207643520316 80.97667374837354 143.95698046874992 0 233 2.8329 0.0 8.181805246746432 0.0 4.0 
1234 10212344.3 90.6207643520316 80.97885585930159 143.95698046874992 0 233 2.8329 0.0 8.181805246746432 0.0 4.0 
1235 10212377.6 90.6207643520316 80.97885585930159 143.95698046874992 0 233 2.8329 0.0 8.181805246746432 0.0 4.0 
1236 10212410.9 90.6207643520316 80.97885585930159 143.95698046874992 0 233 2.8329 0.0 8.181805246746432 0.0 4.0 
1237 10212444.3 90.61909204887054 80.97885585930159 143.95698046874992 0 233 2.8329 0.0 8.181805246746432 0.0 4.0 
1238 10212477.6 90.61909204887054 80.97885585930159 143.95698046874992 0 233 2.8329 0.0 8.181805246746432 0.0 4.0 
1239 10212510.9 90.61401759046377 80.98665564270223 143.95698046874992 0 233 2.8329 0.0 8.181805246746432 0.0 4.0 
1240 10212544.3 90.61401759046377 80.98665564270223 143.95698046874992 0 233 2.8329 0.0 8.181805246746432 0.0 4.0 
1241 10212577.6 90.61401759046377 80.98665564270223 143.95698046874992 0 233 2.8329 0.0 8.181805246746432 0.0 4.0 
1242 10212611.0 90.61401759046377 80.98665564270223 143.95698046874992 0 233 2.8329 0.0 8.181805246746432 0.0 4.0 
1243 10212644.3 90.60524624889052 80.98665564270223 143.95698046874992 0 233 2.8329 0.0 8.181805246746432 0.0 4.0 
1244 10212677.6 90.60524624889052 80.98777542241099 143.95698046874992 0 233 2.8329 0.0 8.181805246746432 0.0 4.0 
1245 10212711.0 90.60532226562495 80.98780078124996 144.0217207031249 0 233 2.8329 0.0 8.181805246746432 0.0 4.0 
1246 10212744.3 90.60532226562495 80.98780078124996 144.0217207031249 0 233 2.8329 0.0 8.181805246746432 0.0 4.0 
1247 10212777.6 90.60365974515976 80.97755358364127 144.0217207031249 0 233 2.8329 0.0 8.181805246746432 0.0 4.0 
1248 10212811.0 90.60365974515976 80.97755358364127 144.0217207031249 0 233 2.8329 0.0 8.181805246746432 0.0 4.0 
1249 10212844.3 90.60370996093746 80.97750683593746 144.05669531249993 0 233 2.8329 0.0 8.181805246746432 0.0 4.0 
1250 10212877.6 90.60370996093746 80.97750683593746 144.05669531249993 0 233 2.8329 0.0 8.181805246746432 0.0 4.0 
1251 10212911.0 90.61318236038296 80.96669292766896 144.05669531249993 0 233 2.8329 0.0 8.181805246746432 0.0 4.0 
1252 10212944.3 90.61318236038296 80.96669292766896 144.05669531249993 0 233 2.8329 0.0 8.181805246746432 0.0 4.0 
1253 10212977.7 90.61318236038296 80.96669292766896 144.05669531249993 0 233 2.8329 0.0 8.181805246746432 0.0 4.0 
1254 10213011.0 90.6236092831477 80.96195381437815 144.05669531249993 0 233 2.8329 0.0 8.181805246746432 0.0 4.0 
1255 10213044.3 90.6236092831477 80.96195381437815 144.05669531249993 0 233 2.8329 0.0 8.181805246746432 0.0 4.0 
1256 10213077.7 90.6236092831477 80.96195381437815 144.05669531249993 0 233 2.8329 0.0 8.181805246746432 0.0 4.0 
1257 10213111.0 90.6236092831477 80.96195381437815 144.05669531249993 0 233 2.8329 0.0 8.181805246746432 0.0 4.0 
1258 10213144.3 90.64829386936037 80.96195381437815 144.05669531249993 0 233 2.8329 0.0 8.181805246746432 0.0 4.0 
1259 10213177.7 90.64829386936037 80.95349375590978 144.05669531249993 0 233 2.8329 0.0 8.181805246746432 0.0 4.0 
1260 10213211.0 90.64829386936037 80.95349375590978 144.05669531249993 0 233 2.8329 0.0 8.181805246746432 0.0 4.0 
1261 10213244.3 90.64829386936037 80.95349375590978 144.05669531249993 0 233 2.8329 0.0 8.181805246746432 0.0 4.0 
1262 10213277.7 90.66609335052114 80.94739653648497 144.05669531249993 0 233 2.8329 0.0 8.181805246746432 0.0 4.0 
1263 10213311.0 90.66609335052114 80.94739653648497 144.05669531249993 0 233 2.8329 0.0 8.181805246746432 0.0 4.0 
1264 10213344.3 90.66609335052114 80.94739653648497 144.05669531249993 0 233 2.8329 0.0 8.181805246746432 0.0 4.0 
1265 10213377.7 90.66609335052114 80.94739653648497 144.05669531249993 0 233 2.8329 0.0 8.181805246746432 0.0 4.0 
1266 10213411.0 90.68773890107909 80.94739653648497 144.05669531249993 0 233 2.8329 0.0 8.181805246746432 0.0 4.0 
1267 10213444.4 90.68773890107909 80.94612471100007 144.05669531249993 0 233 2.8329 0.0 8.181805246746432 0.0 4.0 
1268 10213477.7 90.68717773437496 80.94625292968746 143.98860644531243 0 233 2.8329 0.0 8.181805246746432 0.0 4.0 
1269 10213511.0 90.68717773437496 80.94625292968746 143.98860644531243 0 233 2.8329 0.0 8.181805246746432 0.0 4.0 
1270 10213544.4 90.71638095339978 80.94204215825265 143.98860644531243 0 233 2.8329 0.0 8.181805246746432 0.0 4.0 
1271 10213577.7 90.71638095339978 80.94204215825265 143.98860644531243 0 233 2.8329 0.0 8.181805246746432 0.0 4.0 
1272 10213611.0 90.71638095339978 80.94204215825265 143.98860644531243 0 233 2.8329 0.0 8.181805246746432 0.0 4.0 
1273 10213644.4 90.71638095339978 80.94204215825265 143.98860644531243 0 233 2.8329 0.0 8.181805246746432 0.0 4.0 
1274 10213677.7 90.7256377426992 80.94204215825265 143.98860644531243 0 233 2.8329 0.0 8.181805246746432 0.0 4.0 
1275 10213711.0 90.7256377426992 80.94331665619632 143.98860644531243 0 233 2.8329 0.0 8.181805246746432 0.0 4.0 
1276 10213744.4 90.7256377426992 80.94331665619632 143.98860644531243 0 233 2.8329 0.0 8.181805246746432 0.0 4.0 
1277 10213777.7 90.7256377426992 80.94331665619632 143.98860644531243 0 233 2.8329 0.0 8.181805246746432 0.0 4.0 
1278 10213811.1 90.73116003484002 80.94331665619632 143.98860644531243 0 233 2.8329 0.0 8.181805246746432 0.0 4.0 
1279 10213844.4 90.73116003484002 80.94801209734298 143.98860644531243 0 233 2.8329 0.0 8.181805246746432 0.0 4.0 
1280 10213877.7 90.73116003484002 80.94801209734298 143.98860644531243 0 233 2.8329 0.0 8.181805246746432 0.0 4.0 
1281 10213911.1 90.73116003484002 80.94801209734298 143.98860644531243 0 233 2.8329 0.0 8.181805246746432 0.0 4.0 
1282 10213944.4 90.7574460048146 80.96607632710337 143.98860644531243 0 233 2.8329 0.0 8.181805246746432 0.0 4.0 
1283 10213977.7 90.7574460048146 80.96607632710337 143.98860644531243 0 233 2.8329 0.0 8.181805246746432 0.0 4.0 
1284 10214011.1 90.7574460048146 80.96607632710337 143.98860644531243 0 233 2.8329 0.0 8.181805246746432 0.0 4.0 
1285 10214044.4 90.7574460048146 80.96607632710337 143.98860644531243 0 233 2.8329 0.0 8.181805246746432 0.0 4.0 
1286 10214077.7 90.77987271876506 80.96607632710337 143.98860644531243 0 233 2.8329 0.0 8.181805246746432 0.0 4.0 
1287 10214111.1 90.77987271876506 80.98176755151407 143.98860644531243 0 233 2.8329 0.0 8.181805246746432 0.0 4.0 
1288 10214144.4 90.77987271876506 80.98176755151407 143.98860644531243 0 233 2.8329 0.0 8.181805246746432 0.0 4.0 
1289 10214177.7 90.77987271876506 80.98176755151407 143.98860644531243 0 233 2.8329 0.0 8.181805246746432 0.0 4.0 
1290 10214211.1 90.77987271876506 80.98176755151407 143.98860644531243 0 233 2.8329 0.0 8.181805246746432 0.0 4.0 
1291 10214244.4 90.80254136114836 80.98176755151407 143.98860644531243 0 233 2.8329 0.0 8.181805246746432 0.0 4.0 
1292 10214277.8 90.80254136114836 81.00123436470679 143.98860644531243 0 233 2.8329 0.0 8.181805246746432 0.0 4.0 
1293 10214311.1 90.80254136114836 81.00123436470679 143.98860644531243 0 233 2.8329 0.0 8.181805246746432 0.0 4.0 
1294 10214344.4 90.80254136114836 81.00123436470679 143.98860644531243 0 233 2.8329 0.0 8.181805246746432 0.0 4.0 
1295 10214377.8 90.823728747522 81.02436008746007 143.98860644531243 0 233 2.8329 0.0 8.181805246746432 0.0 4.0 
1296 10214411.1 90.823728747522 81.02436008746007 143.98860644531243 0 233 2.8329 0.0 8.181805246746432 0.0 4.0 
1297 10214444.4 90.823728747522 81.02436008746007 143.98860644531243 0 233 2.8329 0.0 8.181805246746432 0.0 4.0 
1298 10214477.8 90.823728747522 81.02436008746007 143.98860644531243 0 233 2.8329 0.0 8.181805246746432 0.0 4.0 
1299 10214511.1 90.84339094529184 81.02436008746007 143.98860644531243 0 233 2.8329 0.0 8.181805246746432 0.0 4.0 
1300 10214544.4 90.84339094529184 81.04464890686137 143.98860644531243 0 233 2.8329 0.0 8.181805246746432 0.0 4.0 
1301 10214577.8 90.84339094529184 81.04464890686137 143.98860644531243 0 233 2.8329 0.0 8.181805246746432 0.0 4.0 
1302 10214611.1 90.84339094529184 81.04464890686137 143.98860644531243 0 233 2.8329 0.0 8.181805246746432 0.0 4.0 
1303 10214644.5 90.87745959871513 81.04464890686137 143.98860644531243 0 233 2.8329 0.0 8.181805246746432 0.0 4.0 
1304 10214677.8 90.87745959871513 81.06607913863249 143.98860644531243 0 233 2.8329 0.0 8.181805246746432 0.0 4.0 
1305 10214711.1 90.87745959871513 81.06607913863249 143.98860644531243 0 233 2.8329 0.0 8.181805246746432 0.0 4.0 
1306 10214744.5 90.87745959871513 81.06607913863249 143.98860644531243 0 233 2.8329 0.0 8.181805246746432 0.0 4.0 
1307 10214777.8 90.90401473893502 81.06607913863249 143.98860644531243 0 233 2.8329 0.0 8.181805246746432 0.0 4.0 
1308 10214811.1 90.90401473893502 81.07236692991988 143.98860644531243 0 233 2.8329 0.0 8.181805246746432 0.0 4.0 
1309 10214844.5 90.90401473893502 81.07236692991988 143.98860644531243 0 233 2.8329 0.0 8.181805246746432 0.0 4.0 
1310 10214877.8 90.93133965497594 81.07005442430331 143.98860644531243 0 233 2.8329 0.0 8.181805246746432 0.0 4.0 
1311 10214911.1 90.93133965497594 81.07005442430331 143.98860644531243 0 233 2.8329 0.0 8.181805246746432 0.0 4.0 
1312 10214944.5 90.93133965497594 81.07005442430331 143.98860644531243 0 233 2.8329 0.0 8.181805246746432 0.0 4.0 
1313 10214977.8 90.93133965497594 81.07005442430331 143.98860644531243 0 233 2.8329 0.0 8.181805246746432 0.0 4.0 
1314 10215011.1 90.9554661053555 81.06074461384301 143.98860644531243 0 233 2.8329 0.0 8.181805246746432 0.0 4.0 
1315 10215044.5 90.9554661053555 81.06074461384301 143.98860644531243 0 233 2.8329 0.0 8.181805246746432 0.0 4.0 
1316 10215077.8 90.9554661053555 81.06074461384301 143.98860644531243 0 233 2.8329 0.0 8.181805246746432 0.0 4.0 
1317 10215111.2 90.9554661053555 81.06074461384301 143.98860644531243 0 233 2.8329 0.0 8.181805246746432 0.0 4.0 
1318 10215144.5 90.97341620333982 81.06074461384301 143.98860644531243 0 233 2.8329 0.0 8.181805246746432 0.0 4.0 
1319 10215177.8 90.97341620333982 81.04775454125051 143.98860644531243 0 233 2.8329 0.0 8.181805246746432 0.0 4.0 
1320 10215211.2 90.97341620333982 81.04775454125051 143.98860644531243 0 233 2.8329 0.0 8.181805246746432 0.0 4.0 
1321 10215244.5 90.98820870269745 81.04775454125051 143.98860644531243 0 233 2.8329 0.0 8.181805246746432 0.0 4.0 
1322 10215277.8 90.98820870269745 81.03230997971488 143.98860644531243 0 233 2.8329 0.0 8.181805246746432 0.0 4.0 
1323 10215311.2 90.98820870269745 81.03230997971488 143.98860644531243 0 233 2.8329 0.0 8.181805246746432 0.0 4.0 
1324 10215344.5 90.98820870269745 81.03230997971488 143.98860644531243 0 233 2.8329 0.0 8.181805246746432 0.0 4.0 
1325 10215377.8 91.00346490748261 81.03230997971488 143.98860644531243 0 233 2.8329 0.0 8.181805246746432 0.0 4.0 
1326 10215411.2 91.00346490748261 81.01730317046697 143.98860644531243 0 233 2.8329 0.0 8.181805246746432 0.0 4.0 
1327 10215444.5 91.00346490748261 81.01730317046697 143.98860644531243 0 233 2.8329 0.0 8.181805246746432 0.0 4.0 
1328 10215477.9 91.00346490748261 81.01730317046697 143.98860644531243 0 233 2.8329 0.0 8.181805246746432 0.0 4.0 
1329 10215511.2 91.01531432707432 81.01730317046697 143.98860644531243 0 233 2.8329 0.0 8.181805246746432 0.0 4.0 
1330 10215544.5 91.01531432707432 80.99986921663024 143.98860644531243 0 233 2.8329 0.0 8.181805246746432 0.0 4.0 
1331 10215577.9 91.01531432707432 80.99986921663024 143.98860644531243 0 233 2.8329 0.0 8.181805246746432 0.0 4.0 
1332 10215611.2 91.01531432707432 80.99986921663024 143.98860644531243 0 233 2.8329 0.0 8.181805246746432 0.0 4.0 
1333 10215644.5 91.0216844434578 80.99986921663024 143.98860644531243 0 233 2.8329 0.0 8.181805246746432 0.0 4.0 
1334 10215677.9 91.0216844434578 80.98562050863094 143.98860644531243 0 233 2.8329 0.0 8.181805246746432 0.0 4.0 
1335 10215711.2 91.0216844434578 80.98562050863094 143.98860644531243 0 233 2.8329 0.0 8.181805246746432 0.0 4.0 
1336 10215744.5 91.0216844434578 80.98562050863094 143.98860644531243 0 233 2.8329 0.0 8.181805246746432 0.0 4.0 
1337 10215777.9 91.03325067476239 80.95775395399178 143.98860644531243 0 233 2.8329 0.0 8.181805246746432 0.0 4.0 
1338 10215811.2 91.03325067476239 80.95775395399178 143.98860644531243 0 233 2.8329 0.0 8.181805246746432 0.0 4.0 
1339 10215844.5 91.03325067476239 80.95775395399178 143.98860644531243 0 233 2.8329 0.0 8.181805246746432 0.0 4.0 
1340 10215877.9 91.04215880619081 80.95775395399178 143.98860644531243 0 233 2.8329 0.0 8.181805246746432 0.0 4.0 
1341 10215911.2 91.04215880619081 80.93447707265575 143.98860644531243 0 233 2.8329 0.0 8.181805246746432 0.0 4.0 
1342 10215944.6 91.04215880619081 80.93447707265575 143.98860644531243 0 233 2.8329 0.0 8.181805246746432 0.0 4.0 
1343 10215977.9 91.05602219233812 80.93447707265575 143.98860644531243 0 233 2.8329 0.0 8.181805246746432 0.0 4.0 
1344 10216011.2 91.05602219233812 80.9124639484496 143.98860644531243 0 233 2.8329 0.0 8.181805246746432 0.0 4.0 
1345 10216044.6 91.05602219233812 80.9124639484496 143.98860644531243 0 233 2.8329 0.0 8.181805246746432 0.0 4.0 
1346 10216077.9 91.05602219233812 80.9124639484496 143.98860644531243 0 233 2.8329 0.0 8.181805246746432 0.0 4.0 
1347 10216111.2 91.06974587523774 80.89552794863728 143.98860644531243 0 233 2.8329 0.0 8.181805246746432 0.0 4.0 
1348 10216144.6 91.06974587523774 80.89552794863728 143.98860644531243 0 233 2.8329 0.0 8.181805246746432 0.0 4.0 
1349 10216177.9 91.06974587523774 80.89552794863728 143.98860644531243 0 233 2.8329 0.0 8.181805246746432 0.0 4.0 
1350 10216211.2 91.06974587523774 80.89552794863728 143.98860644531243 0 233 2.8329 0.0 8.181805246746432 0.0 4.0 
1351 10216244.6 91.08685013196718 80.89552794863728 143.98860644531243 0 233 2.8329 0.0 8.181805246746432 0.0 4.0 
1352 10216277.9 91.08685013196718 80.88251088835736 143.98860644531243 0 233 2.8329 0.0 8.181805246746432 0.0 4.0 
1353 10216311.3 91.08685013196718 80.88251088835736 143.98860644531243 0 233 2.8329 0.0 8.181805246746432 0.0 4.0 
1354 10216344.6 91.11703460542746 80.88251088835736 143.98860644531243 0 233 2.8329 0.0 8.181805246746432 0.0 4.0 
1355 10216377.9 91.11703460542746 80.86829772831769 143.98860644531243 0 233 2.8329 0.0 8.181805246746432 0.0 4.0 
1356 10216411.3 91.11703460542746 80.86829772831769 143.98860644531243 0 233 2.8329 0.0 8.181805246746432 0.0 4.0 
1357 10216444.6 91.11703460542746 80.86829772831769 143.98860644531243 0 233 2.8329 0.0 8.181805246746432 0.0 4.0 
1358 10216477.9 91.13100113168609 80.86829772831769 143.98860644531243 0 233 2.8329 0.0 8.181805246746432 0.0 4.0 
1359 10216511.3 91.13100113168609 80.86829772831769 143.98860644531243 0 233 2.8329 0.0 8.181805246746432 0.0 4.0 
1360 10216544.6 91.13100113168609 80.86829772831769 143.98860644531243 0 233 2.8329 0.0 8.181805246746432 0.0 4.0 
1361 10216577.9 91.13924519466998 80.86829772831769 143.98860644531243 0 233 2.8329 0.0 8.181805246746432 0.0 4.0 
1362 10216611.3 91.13924519466998 80.86617103603497 143.98860644531243 0 233 2.8329 0.0 8.181805246746432 0.0 4.0 
1363 10216644.6 91.13924519466998 80.86617103603497 143.98860644531243 0 233 2.8329 0.0 8.181805246746432 0.0 4.0 
1364 10216677.9 91.13924519466998 80.86617103603497 143.98860644531243 0 233 2.8329 0.0 8.181805246746432 0.0 4.0 
1365 10216711.3 91.13924519466998 80.86617103603497 143.98860644531243 0 233 2.8329 0.0 8.181805246746432 0.0 4.0 
1366 10216744.6 91.13924519466998 80.86617103603497 143.98860644531243 0 233 2.8329 0.0 8.181805246746432 0.0 4.0 
1367 10216778.0 91.13654494826281 80.86617103603497 143.98860644531243 0 233 2.8329 0.0 8.181805246746432 0.0 4.0 
1368 10216811.3 91.13654494826281 80.86925958835977 143.98860644531243 0 233 2.8329 0.0 8.181805246746432 0.0 4.0 
1369 10216844.6 91.13654494826281 80.86925958835977 143.98860644531243 0 233 2.8329 0.0 8.181805246746432 0.0 4.0 
1370 10216878.0 91.13654494826281 80.86925958835977 143.98860644531243 0 233 2.8329 0.0 8.181805246746432 0.0 4.0 
1371 10216911.3 91.11554678134884 80.89048822145097 143.98860644531243 0 233 2.8329 0.0 8.181805246746432 0.0 4.0 
1372 10216944.6 91.11554678134884 80.89048822145097 143.98860644531243 0 233 2.8329 0.0 8.181805246746432 0.0 4.0 
1373 10216978.0 91.11554678134884 80.89048822145097 143.98860644531243 0 233 2.8329 0.0 8.181805246746432 0.0 4.0 
1374 10217011.3 91.11554678134884 80.89048822145097 143.98860644531243 0 233 2.8329 0.0 8.181805246746432 0.0 4.0 
1375 10217044.6 91.10223374620246 80.89048822145097 143.98860644531243 0 233 2.8329 0.0 8.181805246746432 0.0 4.0 
1376 10217078.0 91.10223374620246 80.91405294547138 143.98860644531243 0 233 2.8329 0.0 8.181805246746432 0.0 4.0 
1377 10217111.3 91.10223374620246 80.91405294547138 143.98860644531243 0 233 2.8329 0.0 8.181805246746432 0.0 4.0 
1378 10217144.7 91.10223374620246 80.91405294547138 143.98860644531243 0 233 2.8329 0.0 8.181805246746432 0.0 4.0 
1379 10217178.0 91.08890082990916 80.91405294547138 143.98860644531243 0 233 2.8329 0.0 8.181805246746432 0.0 4.0 
1380 10217211.3 91.08890082990916 80.93950499719743 143.98860644531243 0 233 2.8329 0.0 8.181805246746432 0.0 4.0 
1381 10217244.7 91.08890082990916 80.93950499719743 143.98860644531243 0 233 2.8329 0.0 8.181805246746432 0.0 4.0 
1382 10217278.0 91.07975044427292 80.9588073656003 143.98860644531243 0 233 2.8329 0.0 8.181805246746432 0.0 4.0 
1383 10217311.3 91.07975044427292 80.9588073656003 143.98860644531243 0 233 2.8329 0.0 8.181805246746432 0.0 4.0 
1384 10217344.7 91.07975044427292 80.9588073656003 143.98860644531243 0 233 2.8329 0.0 8.181805246746432 0.0 4.0 
1385 10217378.0 91.07975044427292 80.9588073656003 143.98860644531243 0 233 2.8329 0.0 8.181805246746432 0.0 4.0 
1386 10217411.3 91.06138051787298 80.9588073656003 143.98860644531243 0 233 2.8329 0.0 8.181805246746432 0.0 4.0 
1387 10217444.7 91.06138051787298 80.97495298479619 143.98860644531243 0 233 2.8329 0.0 8.181805246746432 0.0 4.0 
1388 10217478.0 91.06138051787298 80.97495298479619 143.98860644531243 0 233 2.8329 0.0 8.181805246746432 0.0 4.0 
1389 10217511.3 91.04643871402932 80.97495298479619 143.98860644531243 0 233 2.8329 0.0 8.181805246746432 0.0 4.0 
1390 10217544.7 91.04643871402932 80.98776246176246 143.98860644531243 0 233 2.8329 0.0 8.181805246746432 0.0 4.0 
1391 10217578.0 91.04643871402932 80.98776246176246 143.98860644531243 0 233 2.8329 0.0 8.181805246746432 0.0 4.0 
1392 10217611.4 91.04643871402932 80.98776246176246 143.98860644531243 0 233 2.8329 0.0 8.181805246746432 0.0 4.0 
1393 10217644.7 91.0368921723442 81.00072389419927 143.98860644531243 0 233 2.8329 0.0 8.181805246746432 0.0 4.0 
1394 10217678.0 91.0368921723442 81.00072389419927 143.98860644531243 0 233 2.8329 0.0 8.181805246746432 0.0 4.0 
1395 10217711.4 91.0368921723442 81.00072389419927 143.98860644531243 0 233 2.8329 0.0 8.181805246746432 0.0 4.0 
1396 10217744.7 91.03294439648198 81.00912155720422 143.98860644531243 0 233 2.8329 0.0 8.181805246746432 0.0 4.0 
1397 10217778.0 91.03294439648198 81.00912155720422 143.98860644531243 0 233 2.8329 0.0 8.181805246746432 0.0 4.0 
1398 10217811.4 91.03294439648198 81.00912155720422 143.98860644531243 0 233 2.8329 0.0 8.181805246746432 0.0 4.0 
1399 10217844.7 91.03294439648198 81.0162403200783 143.98860644531243 0 233 2.8329 0.0 8.181805246746432 0.0 4.0 
1400 10217878.0 91.03294439648198 81.0162403200783 143.98860644531243 0 233 2.8329 0.0 8.181805246746432 0.0 4.0 
1401 10217911.4 91.03294439648198 81.0162403200783 143.98860644531243 0 233 2.8329 0.0 8.181805246746432 0.0 4.0 
1402 10217944.7 91.03156398982226 81.0162403200783 143.98860644531243 0 233 2.8329 0.0 8.181805246746432 0.0 4.0 
1403 10217978.1 91.03156398982226 81.02471645948393 143.98860644531243 0 233 2.8329 0.0 8.181805246746432 0.0 4.0 
1404 10218011.4 91.03156398982226 81.02471645948393 143.98860644531243 0 233 2.8329 0.0 8.181805246746432 0.0 4.0 
1405 10218044.7 91.02347125269723 81.02588478569781 143.98860644531243 0 233 2.8329 0.0 8.181805246746432 0.0 4.0 
1406 10218078.1 91.02347125269723 81.02588478569781 143.98860644531243 0 233 2.8329 0.0 8.181805246746432 0.0 4.0 
1407 10218111.4 91.02347125269723 81.02588478569781 143.98860644531243 0 233 2.8329 0.0 8.181805246746432 0.0 4.0 
1408 10218144.7 91.02347125269723 81.02588478569781 143.98860644531243 0 233 2.8329 0.0 8.181805246746432 0.0 4.0 
1409 10218178.1 91.01705029224958 81.02588478569781 143.98860644531243 0 233 2.8329 0.0 8.181805246746432 0.0 4.0 
1410 10218211.4 91.01705029224958 81.02588478569781 143.98860644531243 0 233 2.8329 0.0 8.181805246746432 0.0 4.0 
1411 10218244.7 91.01705029224958 81.02588478569781 143.98860644531243 0 233 2.8329 0.0 8.181805246746432 0.0 4.0 
1412 10218278.1 91.01705029224958 81.02588478569781 143.98860644531243 0 233 2.8329 0.0 8.181805246746432 0.0 4.0 
1413 10218311.4 91.00724513825253 81.02588478569781 143.98860644531243 0 233 2.8329 0.0 8.181805246746432 0.0 4.0 
1414 10218344.7 91.00724513825253 81.02690568576436 143.98860644531243 0 233 2.8329 0.0 8.181805246746432 0.0 4.0 
1415 10218378.1 91.00724513825253 81.02690568576436 143.98860644531243 0 233 2.8329 0.0 8.181805246746432 0.0 4.0 
1416 10218411.4 91.00724513825253 81.02690568576436 143.98860644531243 0 233 2.8329 0.0 8.181805246746432 0.0 4.0 
1417 10218444.8 90.99976270509224 81.03029765998991 143.98860644531243 0 233 2.8329 0.0 8.181805246746432 0.0 4.0 
1418 10218478.1 90.99976270509224 81.03029765998991 143.98860644531243 0 233 2.8329 0.0 8.181805246746432 0.0 4.0 
1419 10218511.4 90.99976270509224 81.03029765998991 143.98860644531243 0 233 2.8329 0.0 8.181805246746432 0.0 4.0 
1420 10218544.8 90.9979862388223 81.03029765998991 143.98860644531243 0 233 2.8329 0.0 8.181805246746432 0.0 4.0 
1421 10218578.1 90.9979862388223 81.02929385027726 143.98860644531243 0 233 2.8329 0.0 8.181805246746432 0.0 4.0 
1422 10218611.4 90.9979862388223 81.02929385027726 143.98860644531243 0 233 2.8329 0.0 8.181805246746432 0.0 4.0 
1423 10218644.8 90.9979862388223 81.02929385027726 143.98860644531243 0 233 2.8329 0.0 8.181805246746432 0.0 4.0 
1424 10218678.1 90.9862385511846 81.02929385027726 143.98860644531243 0 233 2.8329 0.0 8.181805246746432 0.0 4.0 
1425 10218711.4 90.9862385511846 81.03167291429072 143.98860644531243 0 233 2.8329 0.0 8.181805246746432 0.0 4.0 
1426 10218744.8 90.9862385511846 81.03167291429072 143.98860644531243 0 233 2.8329 0.0 8.181805246746432 0.0 4.0 
1427 10218778.1 90.96391463314126 81.03167291429072 143.98860644531243 0 233 2.8329 0.0 8.181805246746432 0.0 4.0 
1428 10218811.5 90.96391463314126 81.03714442906768 143.98860644531243 0 233 2.8329 0.0 8.181805246746432 0.0 4.0 
1429 10218844.8 90.96391463314126 81.03714442906768 143.98860644531243 0 233 2.8329 0.0 8.181805246746432 0.0 4.0 
1430 10218878.1 90.96391463314126 81.03714442906768 143.98860644531243 0 233 2.8329 0.0 8.181805246746432 0.0 4.0 
1431 10218911.5 90.94076421745295 81.03936327127772 143.98860644531243 0 233 2.8329 0.0 8.181805246746432 0.0 4.0 
1432 10218944.8 90.94076421745295 81.03936327127772 143.98860644531243 0 233 2.8329 0.0 8.181805246746432 0.0 4.0 
1433 10218978.1 90.94076421745295 81.03936327127772 143.98860644531243 0 233 2.8329 0.0 8.181805246746432 0.0 4.0 
1434 10219011.5 90.94076421745295 81.03936327127772 143.98860644531243 0 233 2.8329 0.0 8.181805246746432 0.0 4.0 
1435 10219044.8 90.92209148790971 81.03936327127772 143.98860644531243 0 233 2.8329 0.0 8.181805246746432 0.0 4.0 
1436 10219078.1 90.92209148790971 81.03936327127772 143.98860644531243 0 233 2.8329 0.0 8.181805246746432 0.0 4.0 
1437 10219111.5 90.92209148790971 81.03936327127772 143.98860644531243 0 233 2.8329 0.0 8.181805246746432 0.0 4.0 
1438 10219144.8 90.92209148790971 81.03936327127772 143.98860644531243 0 233 2.8329 0.0 8.181805246746432 0.0 4.0 
1439 10219178.1 90.90472638591142 81.03936327127772 143.98860644531243 0 233 2.8329 0.0 8.181805246746432 0.0 4.0 
1440 10219211.5 90.90472638591142 81.03433304486187 143.98860644531243 0 233 2.8329 0.0 8.181805246746432 0.0 4.0 
1441 10219244.8 90.90472638591142 81.03433304486187 143.98860644531243 0 233 2.8329 0.0 8.181805246746432 0.0 4.0 
1442 10219278.2 90.88858545683418 81.02052925799266 143.98860644531243 0 233 2.8329 0.0 8.181805246746432 0.0 4.0 
1443 10219311.5 90.88858545683418 81.02052925799266 143.98860644531243 0 233 2.8329 0.0 8.181805246746432 0.0 4.0 
1444 10219344.8 90.88858545683418 81.02052925799266 143.98860644531243 0 233 2.8329 0.0 8.181805246746432 0.0 4.0 
1445 10219378.2 90.88858545683418 81.02052925799266 143.98860644531243 0 233 2.8329 0.0 8.181805246746432 0.0 4.0 
1446 10219411.5 90.87006930703227 81.02052925799266 143.98860644531243 0 233 2.8329 0.0 8.181805246746432 0.0 4.0 
1447 10219444.8 90.87006930703227 81.00567311897183 143.98860644531243 0 233 2.8329 0.0 8.181805246746432 0.0 4.0 
1448 10219478.2 90.87006930703227 81.00567311897183 143.98860644531243 0 233 2.8329 0.0 8.181805246746432 0.0 4.0 
1449 10219511.5 90.87006930703227 81.00567311897183 143.98860644531243 0 233 2.8329 0.0 8.181805246746432 0.0 4.0 
1450 10219544.8 90.85758240990712 81.00567311897183 143.98860644531243 0 233 2.8329 0.0 8.181805246746432 0.0 4.0 
1451 10219578.2 90.85758240990712 80.99526940966273 143.98860644531243 0 233 2.8329 0.0 8.181805246746432 0.0 4.0 
1452 10219611.5 90.85758240990712 80.99526940966273 143.98860644531243 0 233 2.8329 0.0 8.181805246746432 0.0 4.0 
1453 10219644.9 90.85758240990712 80.99526940966273 143.98860644531243 0 233 2.8329 0.0 8.181805246746432 0.0 4.0 
1454 10219678.2 90.84714309264966 80.98324245373072 143.98860644531243 0 233 2.8329 0.0 8.181805246746432 0.0 4.0 
1455 10219711.5 90.84714309264966 80.98324245373072 143.98860644531243 0 233 2.8329 0.0 8.181805246746432 0.0 4.0 
1456 10219744.9 90.84714309264966 80.98324245373072 143.98860644531243 0 233 2.8329 0.0 8.181805246746432 0.0 4.0 
1457 10219778.2 90.83941961587688 80.97134925932203 143.98860644531243 0 233 2.8329 0.0 8.181805246746432 0.0 4.0 
1458 10219811.5 90.83941961587688 80.97134925932203 143.98860644531243 0 233 2.8329 0.0 8.181805246746432 0.0 4.0 
1459 10219844.9 90.83941961587688 80.97134925932203 143.98860644531243 0 233 2.8329 0.0 8.181805246746432 0.0 4.0 
1460 10219878.2 90.83941961587688 80.97134925932203 143.98860644531243 0 233 2.8329 0.0 8.181805246746432 0.0 4.0 
1461 10219911.5 90.8278907744187 80.97134925932203 143.98860644531243 0 233 2.8329 0.0 8.181805246746432 0.0 4.0 
1462 10219944.9 90.8278907744187 80.9556167734236 143.98860644531243 0 233 2.8329 0.0 8.181805246746432 0.0 4.0 
1463 10219978.2 90.8278907744187 80.9556167734236 143.98860644531243 0 233 2.8329 0.0 8.181805246746432 0.0 4.0 
1464 10220011.5 90.8278907744187 80.9556167734236 143.98860644531243 0 233 2.8329 0.0 8.181805246746432 0.0 4.0 
1465 10220044.9 90.81933505143569 80.9556167734236 143.98860644531243 0 233 2.8329 0.0 8.181805246746432 0.0 4.0 
1466 10220078.2 90.81933505143569 80.94142278677653 143.98860644531243 0 233 2.8329 0.0 8.181805246746432 0.0 4.0 
1467 10220111.6 90.81933505143569 80.94142278677653 143.98860644531243 0 233 2.8329 0.0 8.181805246746432 0.0 4.0 
1468 10220144.9 90.81933505143569 80.94142278677653 143.98860644531243 0 233 2.8329 0.0 8.181805246746432 0.0 4.0 
1469 10220178.2 90.8103135892748 80.93051627836779 143.98860644531243 0 233 2.8329 0.0 8.181805246746432 0.0 4.0 
1470 10220211.6 90.8103135892748 80.93051627836779 143.98860644531243 0 233 2.8329 0.0 8.181805246746432 0.0 4.0 
1471 10220244.9 90.8103135892748 80.93051627836779 143.98860644531243 0 233 2.8329 0.0 8.181805246746432 0.0 4.0 
1472 10220278.2 90.80557481528415 80.93051627836779 143.98860644531243 0 233 2.8329 0.0 8.181805246746432 0.0 4.0 
1473 10220311.6 90.80557481528415 80.92368656126813 143.98860644531243 0 233 2.8329 0.0 8.181805246746432 0.0 4.0 
1474 10220344.9 90.80557481528415 80.92368656126813 143.98860644531243 0 233 2.8329 0.0 8.181805246746432 0.0 4.0 
1475 10220378.2 90.80557481528415 80.92368656126813 143.98860644531243 0 233 2.8329 0.0 8.181805246746432 0.0 4.0 
1476 10220411.6 90.80400345826003 80.92264285459484 143.98860644531243 0 233 2.8329 0.0 8.181805246746432 0.0 4.0 
1477 10220444.9 90.80400345826003 80.92264285459484 143.98860644531243 0 233 2.8329 0.0 8.181805246746432 0.0 4.0 
1478 10220478.3 90.80400345826003 80.92264285459484 143.98860644531243 0 233 2.8329 0.0 8.181805246746432 0.0 4.0 
1479 10220511.6 90.80400345826003 80.92152128672477 143.98860644531243 0 233 2.8329 0.0 8.181805246746432 0.0 4.0 
1480 10220544.9 90.80400345826003 80.92152128672477 143.98860644531243 0 233 2.8329 0.0 8.181805246746432 0.0 4.0 
1481 10220578.3 90.80400345826003 80.92152128672477 143.98860644531243 0 233 2.8329 0.0 8.181805246746432 0.0 4.0 
1482 10220611.6 90.80586916741967 80.92152128672477 143.98860644531243 0 233 2.8329 0.0 8.181805246746432 0.0 4.0 
1483 10220644.9 90.80586916741967 80.92556341003692 143.98860644531243 0 233 2.8329 0.0 8.181805246746432 0.0 4.0 
1484 10220678.3 90.80586916741967 80.92556341003692 143.98860644531243 0 233 2.8329 0.0 8.181805246746432 0.0 4.0 
1485 10220711.6 90.80586916741967 80.92556341003692 143.98860644531243 0 233 2.8329 0.0 8.181805246746432 0.0 4.0 
1486 10220744.9 90.8265852452534 80.92556341003692 143.98860644531243 0 233 2.8329 0.0 8.181805246746432 0.0 4.0 
1487 10220778.3 90.8265852452534 80.96379382236923 143.98860644531243 0 233 2.8329 0.0 8.181805246746432 0.0 4.0 
1488 10220811.6 90.8265852452534 80.96379382236923 143.98860644531243 0 233 2.8329 0.0 8.181805246746432 0.0 4.0 
1489 10220844.9 90.8265852452534 80.96379382236923 143.98860644531243 0 233 2.8329 0.0 8.181805246746432 0.0 4.0 
1490 10220878.3 90.85577437833774 81.00183990898631 143.98860644531243 0 233 2.8329 0.0 8.181805246746432 0.0 4.0 
1491 10220911.6 90.85577437833774 81.00183990898631 143.98860644531243 0 233 2.8329 0.0 8.181805246746432 0.0 4.0 
1492 10220945.0 90.85577437833774 81.00183990898631 143.98860644531243 0 233 2.8329 0.0 8.181805246746432 0.0 4.0 
1493 10220978.3 90.87104389365409 81.00183990898631 143.98860644531243 0 233 2.8329 0.0 8.181805246746432 0.0 4.0 
1494 10221011.6 90.87104389365409 81.01833748170085 143.98860644531243 0 233 2.8329 0.0 8.181805246746432 0.0 4.0 
1495 10221045.0 90.87104389365409 81.01833748170085 143.98860644531243 0 233 2.8329 0.0 8.181805246746432 0.0 4.0 
1496 10221078.3 90.89383528782326 81.01833748170085 143.98860644531243 0 233 2.8329 0.0 8.181805246746432 0.0 4.0 
1497 10221111.6 90.89383528782326 81.03519981002907 143.98860644531243 0 233 2.8329 0.0 8.181805246746432 0.0 4.0 
1498 10221145.0 90.89383528782326 81.03519981002907 143.98860644531243 0 233 2.8329 0.0 8.181805246746432 0.0 4.0 
1499 10221178.3 90.91282390541535 81.04665048972605 143.98860644531243 0 233 2.8329 0.0 8.181805246746432 0.0 4.0 
1500 10221211.6 90.91282390541535 81.04665048972605 143.98860644531243 0 233 2.8329 0.0 8.181805246746432 0.0 4.0 
1501 10221245.0 90.91282390541535 81.04665048972605 143.98860644531243 0 233 2.8329 0.0 8.181805246746432 0.0 4.0 
1502 10221278.3 90.93612895840982 81.0483383474342 143.98860644531243 0 233 2.8329 0.0 8.181805246746432 0.0 4.0 
1503 10221311.7 90.93612895840982 81.0483383474342 143.98860644531243 0 233 2.8329 0.0 8.181805246746432 0.0 4.0 
1504 10221345.0 90.93612895840982 81.0483383474342 143.98860644531243 0 233 2.8329 0.0 8.181805246746432 0.0 4.0 
1505 10221378.3 90.95538686002187 81.0483383474342 143.98860644531243 0 233 2.8329 0.0 8.181805246746432 0.0 4.0 
1506 10221411.7 90.95538686002187 81.04285165071957 143.98860644531243 0 233 2.8329 0.0 8.181805246746432 0.0 4.0 
1507 10221445.0 90.95538686002187 81.04285165071957 143.98860644531243 0 233 2.8329 0.0 8.181805246746432 0.0 4.0 
1508 10221478.3 90.96624006480344 81.04285165071957 143.98860644531243 0 233 2.8329 0.0 8.181805246746432 0.0 4.0 
1509 10221511.7 90.96624006480344 81.03334522892064 143.98860644531243 0 233 2.8329 0.0 8.181805246746432 0.0 4.0 
1510 10221545.0 90.96624006480344 81.03334522892064 143.98860644531243 0 233 2.8329 0.0 8.181805246746432 0.0 4.0 
1511 10221578.3 90.96624006480344 81.03334522892064 143.98860644531243 0 233 2.8329 0.0 8.181805246746432 0.0 4.0 
1512 10221611.7 90.9931364774257 81.00902844677023 143.98860644531243 0 233 2.8329 0.0 8.181805246746432 0.0 4.0 
1513 10221645.0 90.9931364774257 81.00902844677023 143.98860644531243 0 233 2.8329 0.0 8.181805246746432 0.0 4.0 
1514 10221678.3 90.9931364774257 81.00902844677023 143.98860644531243 0 233 2.8329 0.0 8.181805246746432 0.0 4.0 
1515 10221711.7 90.9931364774257 81.00902844677023 143.98860644531243 0 233 2.8329 0.0 8.181805246746432 0.0 4.0 
1516 10221745.0 91.0042813577118 81.00902844677023 143.98860644531243 0 233 2.8329 0.0 8.181805246746432 0.0 4.0 
1517 10221778.4 91.0042813577118 80.99008831326567 143.98860644531243 0 233 2.8329 0.0 8.181805246746432 0.0 4.0 
1518 10221811.7 91.0042813577118 80.99008831326567 143.98860644531243 0 233 2.8329 0.0 8.181805246746432 0.0 4.0 
1519 10221845.0 91.0042813577118 80.99008831326567 143.98860644531243 0 233 2.8329 0.0 8.181805246746432 0.0 4.0 
1520 10221878.4 91.01700528405294 80.99008831326567 143.98860644531243 0 233 2.8329 0.0 8.181805246746432 0.0 4.0 
1521 10221911.7 91.01700528405294 80.96494971991186 143.98860644531243 0 233 2.8329 0.0 8.181805246746432 0.0 4.0 
1522 10221945.0 91.01700528405294 80.96494971991186 143.98860644531243 0 233 2.8329 0.0 8.181805246746432 0.0 4.0 
1523 10221978.4 91.03104902242079 80.93677639865071 143.98860644531243 0 233 2.8329 0.0 8.181805246746432 0.0 4.0 
1524 10222011.7 91.03104902242079 80.93677639865071 143.98860644531243 0 233 2.8329 0.0 8.181805246746432 0.0 4.0 
1525 10222045.0 91.03104902242079 80.93677639865071 143.98860644531243 0 233 2.8329 0.0 8.181805246746432 0.0 4.0 
1526 10222078.4 91.05501556731726 80.91480315670316 143.98860644531243 0 233 2.8329 0.0 8.181805246746432 0.0 4.0 
1527 10222111.7 91.05501556731726 80.91480315670316 143.98860644531243 0 233 2.8329 0.0 8.181805246746432 0.0 4.0 
1528 10222145.1 91.05501556731726 80.91480315670316 143.98860644531243 0 233 2.8329 0.0 8.181805246746432 0.0 4.0 
1529 10222178.4 91.07304443216297 80.91480315670316 143.98860644531243 0 233 2.8329 0.0 8.181805246746432 0.0 4.0 
1530 10222211.7 91.07304443216297 80.90086088576314 143.98860644531243 0 233 2.8329 0.0 8.181805246746432 0.0 4.0 
1531 10222245.1 91.07304443216297 80.90086088576314 143.98860644531243 0 233 2.8329 0.0 8.181805246746432 0.0 4.0 
1532 10222278.4 91.07304443216297 80.90086088576314 143.98860644531243 0 233 2.8329 0.0 8.181805246746432 0.0 4.0 
1533 10222311.7 91.09920405900621 80.90086088576314 143.98860644531243 0 233 2.8329 0.0 8.181805246746432 0.0 4.0 
1534 10222345.1 91.09920405900621 80.89342416505876 143.98860644531243 0 233 2.8329 0.0 8.181805246746432 0.0 4.0 
1535 10222378.4 91.09920405900621 80.89342416505876 143.98860644531243 0 233 2.8329 0.0 8.181805246746432 0.0 4.0 
1536 10222411.7 91.09920405900621 80.89342416505876 143.98860644531243 0 233 2.8329 0.0 8.181805246746432 0.0 4.0 
1537 10222445.1 91.13751797643691 80.8914758295457 143.98860644531243 0 233 2.8329 0.0 8.181805246746432 0.0 4.0 
1538 10222478.4 91.13751797643691 80.8914758295457 143.98860644531243 0 233 2.8329 0.0 8.181805246746432 0.0 4.0 
1539 10222511.7 91.13751797643691 80.8914758295457 143.98860644531243 0 233 2.8329 0.0 8.181805246746432 0.0 4.0 
1540 10222545.1 91.13751797643691 80.8914758295457 143.98860644531243 0 233 2.8329 0.0 8.181805246746432 0.0 4.0 
1541 10222578.4 91.13751797643691 80.8914758295457 143.98860644531243 0 233 2.8329 0.0 8.181805246746432 0.0 4.0 
1542 10222611.8 91.17167024788566 80.8914758295457 143.98860644531243 0 233 2.8329 0.0 8.181805246746432 0.0 4.0 
1543 10222645.1 91.17167024788566 80.8914758295457 143.98860644531243 0 233 2.8329 0.0 8.181805246746432 0.0 4.0 
1544 10222678.4 91.17167024788566 80.8914758295457 143.98860644531243 0 233 2.8329 0.0 8.181805246746432 0.0 4.0 
1545 10222711.8 91.17936182153855 80.8914758295457 143.98860644531243 0 233 2.8329 0.0 8.181805246746432 0.0 4.0 
1546 10222745.1 91.17936182153855 80.8886779500643 143.98860644531243 0 233 2.8329 0.0 8.181805246746432 0.0 4.0 
1547 10222778.4 91.17936182153855 80.8886779500643 143.98860644531243 0 233 2.8329 0.0 8.181805246746432 0.0 4.0 
1548 10222811.8 91.17936182153855 80.8886779500643 143.98860644531243 0 233 2.8329 0.0 8.181805246746432 0.0 4.0 
1549 10222845.1 91.1924304695876 80.88745827872418 143.98860644531243 0 233 2.8329 0.0 8.181805246746432 0.0 4.0 
1550 10222878.4 91.1924304695876 80.88745827872418 143.98860644531243 0 233 2.8329 0.0 8.181805246746432 0.0 4.0 
1551 10222911.8 91.1924304695876 80.88745827872418 143.98860644531243 0 233 2.8329 0.0 8.181805246746432 0.0 4.0 
1552 10222945.1 91.1924304695876 80.88745827872418 143.98860644531243 0 233 2.8329 0.0 8.181805246746432 0.0 4.0 
1553 10222978.5 91.2011273351391 80.88745827872418 143.98860644531243 0 233 2.8329 0.0 8.181805246746432 0.0 4.0 
1554 10223011.8 91.2011273351391 80.87961442499635 143.98860644531243 0 233 2.8329 0.0 8.181805246746432 0.0 4.0 
1555 10223045.1 91.2011273351391 80.87961442499635 143.98860644531243 0 233 2.8329 0.0 8.181805246746432 0.0 4.0 
1556 10223078.5 91.2011273351391 80.87961442499635 143.98860644531243 0 233 2.8329 0.0 8.181805246746432 0.0 4.0 
1557 10223111.8 91.2024147494509 80.87961442499635 143.98860644531243 0 233 2.8329 0.0 8.181805246746432 0.0 4.0 
1558 10223145.1 91.2024147494509 80.86574925294853 143.98860644531243 0 233 2.8329 0.0 8.181805246746432 0.0 4.0 
1559 10223178.5 91.2024147494509 80.86574925294853 143.98860644531243 0 233 2.8329 0.0 8.181805246746432 0.0 4.0 
1560 10223211.8 91.2024147494509 80.86574925294853 143.98860644531243 0 233 2.8329 0.0 8.181805246746432 0.0 4.0 
1561 10223245.1 91.2024147494509 80.8476191790198 143.98860644531243 0 233 2.8329 0.0 8.181805246746432 0.0 4.0 
1562 10223278.5 91.2024147494509 80.8476191790198 143.98860644531243 0 233 2.8329 0.0 8.181805246746432 0.0 4.0 
1563 10223311.8 91.2024147494509 80.8476191790198 143.98860644531243 0 233 2.8329 0.0 8.181805246746432 0.0 4.0 
1564 10223345.1 91.2024147494509 80.8476191790198 143.98860644531243 0 233 2.8329 0.0 8.181805246746432 0.0 4.0 
1565 10223378.5 91.20694715102547 80.8476191790198 143.98860644531243 0 233 2.8329 0.0 8.181805246746432 0.0 4.0 
1566 10223411.8 91.20694715102547 80.8238505618662 143.98860644531243 0 233 2.8329 0.0 8.181805246746432 0.0 4.0 
1567 10223445.2 91.20694715102547 80.8238505618662 143.98860644531243 0 233 2.8329 0.0 8.181805246746432 0.0 4.0 
1568 10223478.5 91.2146833868491 80.8238505618662 143.98860644531243 0 233 2.8329 0.0 8.181805246746432 0.0 4.0 
1569 10223511.8 91.2146833868491 80.79984056755954 143.98860644531243 0 233 2.8329 0.0 8.181805246746432 0.0 4.0 
1570 10223545.2 91.2146833868491 80.79984056755954 143.98860644531243 0 233 2.8329 0.0 8.181805246746432 0.0 4.0 
1571 10223578.5 91.2146833868491 80.79984056755954 143.98860644531243 0 233 2.8329 0.0 8.181805246746432 0.0 4.0 
1572 10223611.8 91.2261661564891 80.78471951175793 143.98860644531243 0 233 2.8329 0.0 8.181805246746432 0.0 4.0 
1573 10223645.2 91.2261661564891 80.78471951175793 143.98860644531243 0 233 2.8329 0.0 8.181805246746432 0.0 4.0 
1574 10223678.5 91.2261661564891 80.78471951175793 143.98860644531243 0 233 2.8329 0.0 8.181805246746432 0.0 4.0 
1575 10223711.8 91.24449570390304 80.78471951175793 143.98860644531243 0 233 2.8329 0.0 8.181805246746432 0.0 4.0 
1576 10223745.2 91.24449570390304 80.77316993809862 143.98860644531243 0 233 2.8329 0.0 8.181805246746432 0.0 4.0 
1577 10223778.5 91.24449570390304 80.77316993809862 143.98860644531243 0 233 2.8329 0.0 8.181805246746432 0.0 4.0 
1578 10223811.9 91.25703376212351 80.77316993809862 143.98860644531243 0 233 2.8329 0.0 8.181805246746432 0.0 4.0 
1579 10223845.2 91.25703376212351 80.76758878638466 143.98860644531243 0 233 2.8329 0.0 8.181805246746432 0.0 4.0 
1580 10223878.5 91.25703376212351 80.76758878638466 143.98860644531243 0 233 2.8329 0.0 8.181805246746432 0.0 4.0 
1581 10223911.9 91.25703376212351 80.76758878638466 143.98860644531243 0 233 2.8329 0.0 8.181805246746432 0.0 4.0 
1582 10223945.2 91.2896298294527 80.77225682801743 143.98860644531243 0 233 2.8329 0.0 8.181805246746432 0.0 4.0 
1583 10223978.5 91.2896298294527 80.77225682801743 143.98860644531243 0 233 2.8329 0.0 8.181805246746432 0.0 4.0 
1584 10224011.9 91.2896298294527 80.77225682801743 143.98860644531243 0 233 2.8329 0.0 8.181805246746432 0.0 4.0 
1585 10224045.2 91.2896298294527 80.77225682801743 143.98860644531243 0 233 2.8329 0.0 8.181805246746432 0.0 4.0 
1586 10224078.5 91.3184351090137 80.79067325427368 143.98860644531243 0 233 2.8329 0.0 8.181805246746432 0.0 4.0 
1587 10224111.9 91.3184351090137 80.79067325427368 143.98860644531243 0 233 2.8329 0.0 8.181805246746432 0.0 4.0 
1588 10224145.2 91.3184351090137 80.79067325427368 143.98860644531243 0 233 2.8329 0.0 8.181805246746432 0.0 4.0 
1589 10224178.5 91.3380853881977 80.79067325427368 143.98860644531243 0 233 2.8329 0.0 8.181805246746432 0.0 4.0 
1590 10224211.9 91.3380853881977 80.80598254424979 143.98860644531243 0 233 2.8329 0.0 8.181805246746432 0.0 4.0 
1591 10224245.2 91.3380853881977 80.80598254424979 143.98860644531243 0 233 2.8329 0.0 8.181805246746432 0.0 4.0 
1592 10224278.6 91.3380853881977 80.80598254424979 143.98860644531243 0 233 2.8329 0.0 8.181805246746432 0.0 4.0 
1593 10224311.9 91.3474338276671 80.80381257246943 143.98860644531243 0 233 2.8329 0.0 8.181805246746432 0.0 4.0 
1594 10224345.2 91.3474338276671 80.80381257246943 143.98860644531243 0 233 2.8329 0.0 8.181805246746432 0.0 4.0 
1595 10224378.6 91.3474338276671 80.80381257246943 143.98860644531243 0 233 2.8329 0.0 8.181805246746432 0.0 4.0 
1596 10224411.9 91.3474338276671 80.80381257246943 143.98860644531243 0 233 2.8329 0.0 8.181805246746432 0.0 4.0 
1597 10224445.2 91.35412556894124 80.80381257246943 143.98860644531243 0 233 2.8329 0.0 8.181805246746432 0.0 4.0 
1598 10224478.6 91.35412556894124 80.79995415209002 143.98860644531243 0 233 2.8329 0.0 8.181805246746432 0.0 4.0 
1599 10224511.9 91.35412556894124 80.79995415209002 143.98860644531243 0 233 2.8329 0.0 8.181805246746432 0.0 4.0 
1600 10224545.2 91.36099925816421 80.79995415209002 143.98860644531243 0 233 2.8329 0.0 8.181805246746432 0.0 4.0 
1601 10224578.6 91.36099925816421 80.78358767617128 143.98860644531243 0 233 2.8329 0.0 8.181805246746432 0.0 4.0 
1602 10224611.9 91.36099925816421 80.78358767617128 143.98860644531243 0 233 2.8329 0.0 8.181805246746432 0.0 4.0 
1603 10224645.3 91.36099925816421 80.77061664871256 143.98860644531243 0 233 2.8329 0.0 8.181805246746432 0.0 4.0 
1604 10224678.6 91.36099925816421 80.77061664871256 143.98860644531243 0 233 2.8329 0.0 8.181805246746432 0.0 4.0 
1605 10224711.9 91.36099925816421 80.77061664871256 143.98860644531243 0 233 2.8329 0.0 8.181805246746432 0.0 4.0 
1606 10224745.3 91.36099925816421 80.77061664871256 143.98860644531243 0 233 2.8329 0.0 8.181805246746432 0.0 4.0 
1607 10224778.6 91.36099925816421 80.77269013587903 143.98860644531243 0 233 2.8329 0.0 8.181805246746432 0.0 4.0 
1608 10224811.9 91.36099925816421 80.77269013587903 143.98860644531243 0 233 2.8329 0.0 8.181805246746432 0.0 4.0 
1609 10224845.3 91.36261264388158 80.77269013587903 143.98860644531243 0 233 2.8329 0.0 8.181805246746432 0.0 4.0 
1610 10224878.6 91.36261264388158 80.7833080796925 143.98860644531243 0 233 2.8329 0.0 8.181805246746432 0.0 4.0 
1611 10224911.9 91.36261264388158 80.7833080796925 143.98860644531243 0 233 2.8329 0.0 8.181805246746432 0.0 4.0 
1612 10224945.3 91.37102408898389 80.78799551343069 143.98860644531243 0 233 2.8329 0.0 8.181805246746432 0.0 4.0 
1613 10224978.6 91.37102408898389 80.78799551343069 143.98860644531243 0 233 2.8329 0.0 8.181805246746432 0.0 4.0 
1614 10225011.9 91.37102408898389 80.78799551343069 143.98860644531243 0 233 2.8329 0.0 8.181805246746432 0.0 4.0 
1615 10225045.3 91.37102408898389 80.78799551343069 143.98860644531243 0 233 2.8329 0.0 8.181805246746432 0.0 4.0 
1616 10225078.6 91.39245744118601 80.78799551343069 143.98860644531243 0 233 2.8329 0.0 8.181805246746432 0.0 4.0 
1617 10225112.0 91.39245744118601 80.78799551343069 143.98860644531243 0 233 2.8329 0.0 8.181805246746432 0.0 4.0 
1618 10225145.3 91.39245744118601 80.78799551343069 143.98860644531243 0 233 2.8329 0.0 8.181805246746432 0.0 4.0 
1619 10225178.6 91.41592924541186 80.78799551343069 143.98860644531243 0 233 2.8329 0.0 8.181805246746432 0.0 4.0 
1620 10225212.0 91.41592924541186 80.78332978970114 143.98860644531243 0 233 2.8329 0.0 8.181805246746432 0.0 4.0 
1621 10225245.3 91.41592924541186 80.78332978970114 143.98860644531243 0 233 2.8329 0.0 8.181805246746432 0.0 4.0 
1622 10225278.6 91.41592924541186 80.78332978970114 143.98860644531243 0 233 2.8329 0.0 8.181805246746432 0.0 4.0 
1623 10225312.0 91.45079839628582 80.78332978970114 143.98860644531243 0 233 2.8329 0.0 8.181805246746432 0.0 4.0 
1624 10225345.3 91.45079839628582 80.75719038998048 143.98860644531243 0 233 2.8329 0.0 8.181805246746432 0.0 4.0 
1625 10225378.6 91.45079839628582 80.75719038998048 143.98860644531243 0 233 2.8329 0.0 8.181805246746432 0.0 4.0 
1626 10225412.0 91.45079839628582 80.75719038998048 143.98860644531243 0 233 2.8329 0.0 8.181805246746432 0.0 4.0 
1627 10225445.3 91.47685025226686 80.71421909295142 143.98860644531243 0 233 2.8329 0.0 8.181805246746432 0.0 4.0 
1628 10225478.7 91.47685025226686 80.71421909295142 143.98860644531243 0 233 2.8329 0.0 8.181805246746432 0.0 4.0 
1629 10225512.0 91.47685025226686 80.71421909295142 143.98860644531243 0 233 2.8329 0.0 8.181805246746432 0.0 4.0 
1630 10225545.3 91.47685025226686 80.71421909295142 143.98860644531243 0 233 2.8329 0.0 8.181805246746432 0.0 4.0 
1631 10225578.7 91.47685025226686 80.71421909295142 143.98860644531243 0 233 2.8329 0.0 8.181805246746432 0.0 4.0 
1632 10225612.0 91.49256761814556 80.71421909295142 143.98860644531243 0 233 2.8329 0.0 8.181805246746432 0.0 4.0 
1633 10225645.3 91.49256761814556 80.67725059043701 143.98860644531243 0 233 2.8329 0.0 8.181805246746432 0.0 4.0 
1634 10225678.7 91.49256761814556 80.67725059043701 143.98860644531243 0 233 2.8329 0.0 8.181805246746432 0.0 4.0 
1635 10225712.0 91.49256761814556 80.67725059043701 143.98860644531243 0 233 2.8329 0.0 8.181805246746432 0.0 4.0 
1636 10225745.3 91.50132917166322 80.64215533782793 143.98860644531243 0 233 2.8329 0.0 8.181805246746432 0.0 4.0 
1637 10225778.7 91.50132917166322 80.64215533782793 143.98860644531243 0 233 2.8329 0.0 8.181805246746432 0.0 4.0 
1638 10225812.0 91.50132917166322 80.64215533782793 143.98860644531243 0 233 2.8329 0.0 8.181805246746432 0.0 4.0 
1639 10225845.3 91.50132917166322 80.64215533782793 143.98860644531243 0 233 2.8329 0.0 8.181805246746432 0.0 4.0 
1640 10225878.7 91.50132917166322 80.64215533782793 143.98860644531243 0 233 2.8329 0.0 8.181805246746432 0.0 4.0 
1641 10225912.0 91.50784633913021 80.61937033543377 143.98860644531243 0 233 2.8329 0.0 8.181805246746432 0.0 4.0 
1642 10225945.4 91.50784633913021 80.61937033543377 143.98860644531243 0 233 2.8329 0.0 8.181805246746432 0.0 4.0 
1643 10225978.7 91.50784633913021 80.61937033543377 143.98860644531243 0 233 2.8329 0.0 8.181805246746432 0.0 4.0 
1644 10226012.0 91.50784633913021 80.61937033543377 143.98860644531243 0 233 2.8329 0.0 8.181805246746432 0.0 4.0 
1645 10226045.4 91.51137334749289 80.61937033543377 143.98860644531243 0 233 2.8329 0.0 8.181805246746432 0.0 4.0 
1646 10226078.7 91.51137334749289 80.60063850326924 143.98860644531243 0 233 2.8329 0.0 8.181805246746432 0.0 4.0 
1647 10226112.0 91.51137334749289 80.60063850326924 143.98860644531243 0 233 2.8329 0.0 8.181805246746432 0.0 4.0 
1648 10226145.4 91.51137334749289 80.60063850326924 143.98860644531243 0 233 2.8329 0.0 8.181805246746432 0.0 4.0 
1649 10226178.7 91.51336885712304 80.60063850326924 143.98860644531243 0 233 2.8329 0.0 8.181805246746432 0.0 4.0 
1650 10226212.0 91.51336885712304 80.58192121993613 143.98860644531243 0 233 2.8329 0.0 8.181805246746432 0.0 4.0 
1651 10226245.4 91.51336885712304 80.58192121993613 143.98860644531243 0 233 2.8329 0.0 8.181805246746432 0.0 4.0 
1652 10226278.7 91.51336885712304 80.58192121993613 143.98860644531243 0 233 2.8329 0.0 8.181805246746432 0.0 4.0 
1653 10226312.1 91.51336885712304 80.58192121993613 143.98860644531243 0 233 2.8329 0.0 8.181805246746432 0.0 4.0 
1654 10226345.4 91.51588563926984 80.58192121993613 143.98860644531243 0 233 2.8329 0.0 8.181805246746432 0.0 4.0 
1655 10226378.7 91.51588563926984 80.57126649939244 143.98860644531243 0 233 2.8329 0.0 8.181805246746432 0.0 4.0 
1656 10226412.1 91.51588563926984 80.57126649939244 143.98860644531243 0 233 2.8329 0.0 8.181805246746432 0.0 4.0 
1657 10226445.4 91.51588563926984 80.57126649939244 143.98860644531243 0 233 2.8329 0.0 8.181805246746432 0.0 4.0 
1658 10226478.7 91.52901884197219 80.57126649939244 143.98860644531243 0 233 2.8329 0.0 8.181805246746432 0.0 4.0 
1659 10226512.1 91.52901884197219 80.55979724687509 143.98860644531243 0 233 2.8329 0.0 8.181805246746432 0.0 4.0 
1660 10226545.4 91.52901884197219 80.55979724687509 143.98860644531243 0 233 2.8329 0.0 8.181805246746432 0.0 4.0 
1661 10226578.7 91.52901884197219 80.55979724687509 143.98860644531243 0 233 2.8329 0.0 8.181805246746432 0.0 4.0 
1662 10226612.1 91.53566385862861 80.5389241593428 143.98860644531243 0 233 2.8329 0.0 8.181805246746432 0.0 4.0 
1663 10226645.4 91.53566385862861 80.5389241593428 143.98860644531243 0 233 2.8329 0.0 8.181805246746432 0.0 4.0 
1664 10226678.7 91.53566385862861 80.5389241593428 143.98860644531243 0 233 2.8329 0.0 8.181805246746432 0.0 4.0 
1665 10226712.1 91.54201646646996 80.5389241593428 143.98860644531243 0 233 2.8329 0.0 8.181805246746432 0.0 4.0 
1666 10226745.4 91.54201646646996 80.51751647843174 143.98860644531243 0 233 2.8329 0.0 8.181805246746432 0.0 4.0 
1667 10226778.8 91.54201646646996 80.51751647843174 143.98860644531243 0 233 2.8329 0.0 8.181805246746432 0.0 4.0 
1668 10226812.1 91.54201646646996 80.51751647843174 143.98860644531243 0 233 2.8329 0.0 8.181805246746432 0.0 4.0 
1669 10226845.4 91.55203285561755 80.51751647843174 143.98860644531243 0 233 2.8329 0.0 8.181805246746432 0.0 4.0 
1670 10226878.8 91.55203285561755 80.49406751574737 143.98860644531243 0 233 2.8329 0.0 8.181805246746432 0.0 4.0 
1671 10226912.1 91.55203285561755 80.49406751574737 143.98860644531243 0 233 2.8329 0.0 8.181805246746432 0.0 4.0 
1672 10226945.4 91.56320160981788 80.47873735613477 143.98860644531243 0 233 2.8329 0.0 8.181805246746432 0.0 4.0 
1673 10226978.8 91.56320160981788 80.47873735613477 143.98860644531243 0 233 2.8329 0.0 8.181805246746432 0.0 4.0 
1674 10227012.1 91.56320160981788 80.47873735613477 143.98860644531243 0 233 2.8329 0.0 8.181805246746432 0.0 4.0 
1675 10227045.4 91.56320160981788 80.47873735613477 143.98860644531243 0 233 2.8329 0.0 8.181805246746432 0.0 4.0 
1676 10227078.8 91.58271575131651 80.46281527374649 143.98860644531243 0 233 2.8329 0.0 8.181805246746432 0.0 4.0 
1677 10227112.1 91.58271575131651 80.46281527374649 143.98860644531243 0 233 2.8329 0.0 8.181805246746432 0.0 4.0 
1678 10227145.5 91.58271575131651 80.46281527374649 143.98860644531243 0 233 2.8329 0.0 8.181805246746432 0.0 4.0 
1679 10227178.8 91.5979411169976 80.46281527374649 143.98860644531243 0 233 2.8329 0.0 8.181805246746432 0.0 4.0 
1680 10227212.1 91.5979411169976 80.45281197335856 143.98860644531243 0 233 2.8329 0.0 8.181805246746432 0.0 4.0 
1681 10227245.5 91.5979411169976 80.45281197335856 143.98860644531243 0 233 2.8329 0.0 8.181805246746432 0.0 4.0 
1682 10227278.8 91.62873096694601 80.45281197335856 143.98860644531243 0 233 2.8329 0.0 8.181805246746432 0.0 4.0 
1683 10227312.1 91.62873096694601 80.44182078481386 143.98860644531243 0 233 2.8329 0.0 8.181805246746432 0.0 4.0 
1684 10227345.5 91.62873096694601 80.44182078481386 143.98860644531243 0 233 2.8329 0.0 8.181805246746432 0.0 4.0 
1685 10227378.8 91.62873096694601 80.44182078481386 143.98860644531243 0 233 2.8329 0.0 8.181805246746432 0.0 4.0 
1686 10227412.1 91.62873096694601 80.44182078481386 143.98860644531243 0 233 2.8329 0.0 8.181805246746432 0.0 4.0 
1687 10227445.5 91.65862428236117 80.43465207909635 143.98860644531243 0 233 2.8329 0.0 8.181805246746432 0.0 4.0 
1688 10227478.8 91.65862428236117 80.43465207909635 143.98860644531243 0 233 2.8329 0.0 8.181805246746432 0.0 4.0 
1689 10227512.1 91.65862428236117 80.43465207909635 143.98860644531243 0 233 2.8329 0.0 8.181805246746432 0.0 4.0 
1690 10227545.5 91.69105446877185 80.43465207909635 143.98860644531243 0 233 2.8329 0.0 8.181805246746432 0.0 4.0 
1691 10227578.8 91.69105446877185 80.43465207909635 143.98860644531243 0 233 2.8329 0.0 8.181805246746432 0.0 4.0 
1692 10227612.2 91.69105446877185 80.43465207909635 143.98860644531243 0 233 2.8329 0.0 8.181805246746432 0.0 4.0 
1693 10227645.5 91.70671273601269 80.43465207909635 143.98860644531243 0 233 2.8329 0.0 8.181805246746432 0.0 4.0 
1694 10227678.8 91.70671273601269 80.43713578507338 143.98860644531243 0 233 2.8329 0.0 8.181805246746432 0.0 4.0 
1695 10227712.2 91.70671273601269 80.43713578507338 143.98860644531243 0 233 2.8329 0.0 8.181805246746432 0.0 4.0 
1696 10227745.5 91.70671273601269 80.43713578507338 143.98860644531243 0 233 2.8329 0.0 8.181805246746432 0.0 4.0 
1697 10227778.8 91.73146172652042 80.43713578507338 143.98860644531243 0 233 2.8329 0.0 8.181805246746432 0.0 4.0 
1698 10227812.2 91.73146172652042 80.4438066249302 143.98860644531243 0 233 2.8329 0.0 8.181805246746432 0.0 4.0 
1699 10227845.5 91.73146172652042 80.4438066249302 143.98860644531243 0 233 2.8329 0.0 8.181805246746432 0.0 4.0 
1700 10227878.8 91.73146172652042 80.4438066249302 143.98860644531243 0 233 2.8329 0.0 8.181805246746432 0.0 4.0 
1701 10227912.2 91.73146172652042 80.4438066249302 143.98860644531243 0 233 2.8329 0.0 8.181805246746432 0.0 4.0 
1702 10227945.5 91.76877818392168 80.4438066249302 143.98860644531243 0 233 2.8329 0.0 8.181805246746432 0.0 4.0 
1703 10227978.9 91.76877818392168 80.46013307865834 143.98860644531243 0 233 2.8329 0.0 8.181805246746432 0.0 4.0 
1704 10228012.2 91.76877818392168 80.46013307865834 143.98860644531243 0 233 2.8329 0.0 8.181805246746432 0.0 4.0 
1705 10228045.5 91.76877818392168 80.46013307865834 143.98860644531243 0 233 2.8329 0.0 8.181805246746432 0.0 4.0 
1706 10228078.9 91.80416488703382 80.46013307865834 143.98860644531243 0 233 2.8329 0.0 8.181805246746432 0.0 4.0 
1707 10228112.2 91.80416488703382 80.478787598979 143.98860644531243 0 233 2.8329 0.0 8.181805246746432 0.0 4.0 
1708 10228145.5 91.80416488703382 80.478787598979 143.98860644531243 0 233 2.8329 0.0 8.181805246746432 0.0 4.0 
1709 10228178.9 91.80416488703382 80.478787598979 143.98860644531243 0 233 2.8329 0.0 8.181805246746432 0.0 4.0 
1710 10228212.2 91.80416488703382 80.478787598979 143.98860644531243 0 233 2.8329 0.0 8.181805246746432 0.0 4.0 
1711 10228245.5 91.82421660322012 80.478787598979 143.98860644531243 0 233 2.8329 0.0 8.181805246746432 0.0 4.0 
1712 10228278.9 91.82421660322012 80.48602918891869 143.98860644531243 0 233 2.8329 0.0 8.181805246746432 0.0 4.0 
1713 10228312.2 91.82421660322012 80.48602918891869 143.98860644531243 0 233 2.8329 0.0 8.181805246746432 0.0 4.0 
1714 10228345.5 91.82421660322012 80.48602918891869 143.98860644531243 0 233 2.8329 0.0 8.181805246746432 0.0 4.0 
1715 10228378.9 91.8606639791345 80.48602918891869 143.98860644531243 0 233 2.8329 0.0 8.181805246746432 0.0 4.0 
1716 10228412.2 91.8606639791345 80.48120478827586 143.98860644531243 0 233 2.8329 0.0 8.181805246746432 0.0 4.0 
1717 10228445.6 91.8606639791345 80.48120478827586 143.98860644531243 0 233 2.8329 0.0 8.181805246746432 0.0 4.0 
1718 10228478.9 91.8606639791345 80.48120478827586 143.98860644531243 0 233 2.8329 0.0 8.181805246746432 0.0 4.0 
1719 10228512.2 91.8606639791345 80.48120478827586 143.98860644531243 0 233 2.8329 0.0 8.181805246746432 0.0 4.0 
1720 10228545.6 91.88143506684023 80.48066894531246 143.94668652343742 0 233 2.8329 0.0 8.181805246746432 0.0 4.0 
1721 10228578.9 91.88143506684023 80.47268051093236 143.94668652343742 0 233 2.8329 0.0 8.181805246746432 0.0 4.0 
1722 10228612.2 91.88143506684023 80.47268051093236 143.94668652343742 0 233 2.8329 0.0 8.181805246746432 0.0 4.0 
1723 10228645.6 91.88143506684023 80.47268051093236 143.94668652343742 0 233 2.8329 0.0 8.181805246746432 0.0 4.0 
1724 10228678.9 91.90436009981075 80.46826563463709 143.94668652343742 0 233 2.8329 0.0 8.181805246746432 0.0 4.0 
1725 10228712.2 91.90436009981075 80.46826563463709 143.94668652343742 0 233 2.8329 0.0 8.181805246746432 0.0 4.0 
1726 10228745.6 91.90436009981075 80.46826563463709 143.94668652343742 0 233 2.8329 0.0 8.181805246746432 0.0 4.0 
1727 10228778.9 91.90436009981075 80.46826563463709 143.94668652343742 0 233 2.8329 0.0 8.181805246746432 0.0 4.0 
1728 10228812.3 91.92202457940071 80.46826563463709 143.94668652343742 0 233 2.8329 0.0 8.181805246746432 0.0 4.0 
1729 10228845.6 91.92202457940071 80.46142434417813 143.94668652343742 0 233 2.8329 0.0 8.181805246746432 0.0 4.0 
1730 10228878.9 91.92202457940071 80.46142434417813 143.94668652343742 0 233 2.8329 0.0 8.181805246746432 0.0 4.0 
1731 10228912.3 91.92202457940071 80.46142434417813 143.94668652343742 0 233 2.8329 0.0 8.181805246746432 0.0 4.0 
1732 10228945.6 91.93834326442833 80.46142434417813 143.94668652343742 0 233 2.8329 0.0 8.181805246746432 0.0 4.0 
1733 10228978.9 91.93834326442833 80.44802847207039 143.94668652343742 0 233 2.8329 0.0 8.181805246746432 0.0 4.0 
1734 10229012.3 91.93834326442833 80.44802847207039 143.94668652343742 0 233 2.8329 0.0 8.181805246746432 0.0 4.0 
1735 10229045.6 91.93832617187495 80.44805078124996 143.9986523437499 0 233 2.8329 0.0 8.181805246746432 0.0 4.0 
1736 10229078.9 91.9504023546083 80.43220064843754 143.9986523437499 0 233 2.8329 0.0 8.181805246746432 0.0 4.0 
1737 10229112.3 91.9504023546083 80.43220064843754 143.9986523437499 0 233 2.8329 0.0 8.181805246746432 0.0 4.0 
1738 10229145.6 91.9504023546083 80.43220064843754 143.9986523437499 0 233 2.8329 0.0 8.181805246746432 0.0 4.0 
1739 10229178.9 91.95035644531245 80.43217578124997 144.0700898437499 0 233 2.8329 0.0 8.181805246746432 0.0 4.0 
1740 10229212.3 91.95938278256514 80.41753797477676 144.0700898437499 0 233 2.8329 0.0 8.181805246746432 0.0 4.0 
1741 10229245.6 91.95938278256514 80.41753797477676 144.0700898437499 0 233 2.8329 0.0 8.181805246746432 0.0 4.0 
1742 10229279.0 91.95938278256514 80.41753797477676 144.0700898437499 0 233 2.8329 0.0 8.181805246746432 0.0 4.0 
1743 10229312.3 91.96762344932195 80.41753797477676 144.0700898437499 0 233 2.8329 0.0 8.181805246746432 0.0 4.0 
1744 10229345.6 91.96762344932195 80.40309922016179 144.0700898437499 0 233 2.8329 0.0 8.181805246746432 0.0 4.0 
1745 10229379.0 91.96762344932195 80.40309922016179 144.0700898437499 0 233 2.8329 0.0 8.181805246746432 0.0 4.0 
1746 10229412.3 91.96762344932195 80.40309922016179 144.0700898437499 0 233 2.8329 0.0 8.181805246746432 0.0 4.0 
1747 10229445.6 91.97308727037648 80.40309922016179 144.0700898437499 0 233 2.8329 0.0 8.181805246746432 0.0 4.0 
1748 10229479.0 91.97308727037648 80.387630770105 144.0700898437499 0 233 2.8329 0.0 8.181805246746432 0.0 4.0 
1749 10229512.3 91.97308727037648 80.387630770105 144.0700898437499 0 233 2.8329 0.0 8.181805246746432 0.0 4.0 
1750 10229545.6 91.98519420380737 80.387630770105 144.0700898437499 0 233 2.8329 0.0 8.181805246746432 0.0 4.0 
1751 10229579.0 91.98519420380737 80.37479713207807 144.0700898437499 0 233 2.8329 0.0 8.181805246746432 0.0 4.0 
1752 10229612.3 91.98519420380737 80.37479713207807 144.0700898437499 0 233 2.8329 0.0 8.181805246746432 0.0 4.0 
1753 10229645.7 91.98930865768841 80.37479713207807 144.0700898437499 0 233 2.8329 0.0 8.181805246746432 0.0 4.0 
1754 10229679.0 91.98930865768841 80.37018255864781 144.0700898437499 0 233 2.8329 0.0 8.181805246746432 0.0 4.0 
1755 10229712.3 91.98930865768841 80.37018255864781 144.0700898437499 0 233 2.8329 0.0 8.181805246746432 0.0 4.0 
1756 10229745.7 91.98930865768841 80.37018255864781 144.0700898437499 0 233 2.8329 0.0 8.181805246746432 0.0 4.0 
1757 10229779.0 91.99379866203718 80.37018255864781 144.0700898437499 0 233 2.8329 0.0 8.181805246746432 0.0 4.0 
1758 10229812.3 91.99379866203718 80.36160479489304 144.0700898437499 0 233 2.8329 0.0 8.181805246746432 0.0 4.0 
1759 10229845.7 91.99379866203718 80.36160479489304 144.0700898437499 0 233 2.8329 0.0 8.181805246746432 0.0 4.0 
1760 10229879.0 91.99379866203718 80.36160479489304 144.0700898437499 0 233 2.8329 0.0 8.181805246746432 0.0 4.0 
1761 10229912.3 92.00011566641184 80.36160479489304 144.0700898437499 0 233 2.8329 0.0 8.181805246746432 0.0 4.0 
1762 10229945.7 92.00011566641184 80.34826209873346 144.0700898437499 0 233 2.8329 0.0 8.181805246746432 0.0 4.0 
1763 10229979.0 92.00011566641184 80.34826209873346 144.0700898437499 0 233 2.8329 0.0 8.181805246746432 0.0 4.0 
1764 10230012.3 92.00334865338436 80.33909396380321 144.0700898437499 0 233 2.8329 0.0 8.181805246746432 0.0 4.0 
1765 10230045.7 92.00334865338436 80.33909396380321 144.0700898437499 0 233 2.8329 0.0 8.181805246746432 0.0 4.0 
1766 10230079.0 92.00334865338436 80.33909396380321 144.0700898437499 0 233 2.8329 0.0 8.181805246746432 0.0 4.0 
1767 10230112.4 92.00334865338436 80.33909396380321 144.0700898437499 0 233 2.8329 0.0 8.181805246746432 0.0 4.0 
1768 10230145.7 92.00334865338436 80.33137226403211 144.0700898437499 0 233 2.8329 0.0 8.181805246746432 0.0 4.0 
1769 10230179.0 92.00334865338436 80.33137226403211 144.0700898437499 0 233 2.8329 0.0 8.181805246746432 0.0 4.0 
1770 10230212.4 92.00334865338436 80.33137226403211 144.0700898437499 0 233 2.8329 0.0 8.181805246746432 0.0 4.0 
1771 10230245.7 92.01021147458073 80.33137226403211 144.0700898437499 0 233 2.8329 0.0 8.181805246746432 0.0 4.0 
1772 10230279.0 92.01021147458073 80.32010874680735 144.0700898437499 0 233 2.8329 0.0 8.181805246746432 0.0 4.0 
1773 10230312.4 92.01021147458073 80.32010874680735 144.0700898437499 0 233 2.8329 0.0 8.181805246746432 0.0 4.0 
1774 10230345.7 92.01021147458073 80.32010874680735 144.0700898437499 0 233 2.8329 0.0 8.181805246746432 0.0 4.0 
1775 10230379.0 92.0211156961997 80.30942735840965 144.0700898437499 0 233 2.8329 0.0 8.181805246746432 0.0 4.0 
1776 10230412.4 92.0211156961997 80.30942735840965 144.0700898437499 0 233 2.8329 0.0 8.181805246746432 0.0 4.0 
1777 10230445.7 92.0211156961997 80.30942735840965 144.0700898437499 0 233 2.8329 0.0 8.181805246746432 0.0 4.0 
1778 10230479.1 92.02778763900056 80.30942735840965 144.0700898437499 0 233 2.8329 0.0 8.181805246746432 0.0 4.0 
1779 10230512.4 92.02778763900056 80.30382007100617 144.0700898437499 0 233 2.8329 0.0 8.181805246746432 0.0 4.0 
1780 10230545.7 92.02778763900056 80.30382007100617 144.0700898437499 0 233 2.8329 0.0 8.181805246746432 0.0 4.0 
1781 10230579.1 92.02778763900056 80.30382007100617 144.0700898437499 0 233 2.8329 0.0 8.181805246746432 0.0 4.0 
1782 10230612.4 92.04197627865635 80.30382007100617 144.0700898437499 0 233 2.8329 0.0 8.181805246746432 0.0 4.0 
1783 10230645.7 92.04197627865635 80.29191993255763 144.0700898437499 0 233 2.8329 0.0 8.181805246746432 0.0 4.0 
1784 10230679.1 92.04197627865635 80.29191993255763 144.0700898437499 0 233 2.8329 0.0 8.181805246746432 0.0 4.0 
1785 10230712.4 92.05256594111864 80.29191993255763 144.0700898437499 0 233 2.8329 0.0 8.181805246746432 0.0 4.0 
1786 10230745.7 92.05256594111864 80.28429433884075 144.0700898437499 0 233 2.8329 0.0 8.181805246746432 0.0 4.0 
1787 10230779.1 92.05256594111864 80.28429433884075 144.0700898437499 0 233 2.8329 0.0 8.181805246746432 0.0 4.0 
1788 10230812.4 92.0658728220687 80.27782392120793 144.0700898437499 0 233 2.8329 0.0 8.181805246746432 0.0 4.0 
1789 10230845.7 92.0658728220687 80.27782392120793 144.0700898437499 0 233 2.8329 0.0 8.181805246746432 0.0 4.0 
1790 10230879.1 92.0658728220687 80.27782392120793 144.0700898437499 0 233 2.8329 0.0 8.181805246746432 0.0 4.0 
1791 10230912.4 92.07707736665485 80.2739342672473 144.0700898437499 0 233 2.8329 0.0 8.181805246746432 0.0 4.0 
1792 10230945.8 92.07707736665485 80.2739342672473 144.0700898437499 0 233 2.8329 0.0 8.181805246746432 0.0 4.0 
1793 10230979.1 92.07707736665485 80.2739342672473 144.0700898437499 0 233 2.8329 0.0 8.181805246746432 0.0 4.0 
1794 10231012.4 92.08443815741714 80.2739342672473 144.0700898437499 0 233 2.8329 0.0 8.181805246746432 0.0 4.0 
1795 10231045.8 92.08443815741714 80.27162716714211 144.0700898437499 0 233 2.8329 0.0 8.181805246746432 0.0 4.0 
1796 10231079.1 92.08443815741714 80.27162716714211 144.0700898437499 0 233 2.8329 0.0 8.181805246746432 0.0 4.0 
1797 10231112.4 92.1010696658946 80.27162716714211 144.0700898437499 0 233 2.8329 0.0 8.181805246746432 0.0 4.0 
1798 10231145.8 92.1010696658946 80.27019461413705 144.0700898437499 0 233 2.8329 0.0 8.181805246746432 0.0 4.0 
1799 10231179.1 92.1010696658946 80.27019461413705 144.0700898437499 0 233 2.8329 0.0 8.181805246746432 0.0 4.0 
1800 10231212.4 92.1010696658946 80.27019461413705 144.0700898437499 0 233 2.8329 0.0 8.181805246746432 0.0 4.0 
1801 10231245.8 92.11571229359336 80.26909080031585 144.0700898437499 0 233 2.8329 0.0 8.181805246746432 0.0 4.0 
1802 10231279.1 92.11571229359336 80.26909080031585 144.0700898437499 0 233 2.8329 0.0 8.181805246746432 0.0 4.0 
1803 10231312.5 92.11571229359336 80.26909080031585 144.0700898437499 0 233 2.8329 0.0 8.181805246746432 0.0 4.0 
1804 10231345.8 92.11571229359336 80.26909080031585 144.0700898437499 0 233 2.8329 0.0 8.181805246746432 0.0 4.0 
1805 10231379.1 92.12549752716603 80.26909080031585 144.0700898437499 0 233 2.8329 0.0 8.181805246746432 0.0 4.0 
1806 10231412.5 92.12549752716603 80.26712291722333 144.0700898437499 0 233 2.8329 0.0 8.181805246746432 0.0 4.0 
1807 10231445.8 92.12549752716603 80.26712291722333 144.0700898437499 0 233 2.8329 0.0 8.181805246746432 0.0 4.0 
1808 10231479.1 92.12549752716603 80.26712291722333 144.0700898437499 0 233 2.8329 0.0 8.181805246746432 0.0 4.0 
1809 10231512.5 92.13216852917033 80.26712291722333 144.0700898437499 0 233 2.8329 0.0 8.181805246746432 0.0 4.0 
1810 10231545.8 92.13216852917033 80.26712291722333 144.0700898437499 0 233 2.8329 0.0 8.181805246746432 0.0 4.0 
1811 10231579.1 92.13216852917033 80.26712291722333 144.0700898437499 0 233 2.8329 0.0 8.181805246746432 0.0 4.0 
1812 10231612.5 92.13936032292372 80.26712291722333 144.0700898437499 0 233 2.8329 0.0 8.181805246746432 0.0 4.0 
1813 10231645.8 92.13936032292372 80.26888118128043 144.0700898437499 0 233 2.8329 0.0 8.181805246746432 0.0 4.0 
1814 10231679.1 92.13936032292372 80.26888118128043 144.0700898437499 0 233 2.8329 0.0 8.181805246746432 0.0 4.0 
1815 10231712.5 92.16289510044543 80.26888118128043 144.0700898437499 0 233 2.8329 0.0 8.181805246746432 0.0 4.0 
1816 10231745.8 92.16289510044543 80.27057563916807 144.0700898437499 0 233 2.8329 0.0 8.181805246746432 0.0 4.0 
1817 10231779.2 92.16289510044543 80.27057563916807 144.0700898437499 0 233 2.8329 0.0 8.181805246746432 0.0 4.0 
1818 10231812.5 92.16289510044543 80.27057563916807 144.0700898437499 0 233 2.8329 0.0 8.181805246746432 0.0 4.0 
1819 10231845.8 92.17403713020431 80.27057563916807 144.0700898437499 0 233 2.8329 0.0 8.181805246746432 0.0 4.0 
1820 10231879.2 92.17403713020431 80.27332377843688 144.0700898437499 0 233 2.8329 0.0 8.181805246746432 0.0 4.0 
1821 10231912.5 92.17403713020431 80.27332377843688 144.0700898437499 0 233 2.8329 0.0 8.181805246746432 0.0 4.0 
1822 10231945.8 92.17403713020431 80.27332377843688 144.0700898437499 0 233 2.8329 0.0 8.181805246746432 0.0 4.0 
1823 10231979.2 92.18197239776876 80.27545062335109 144.0700898437499 0 233 2.8329 0.0 8.181805246746432 0.0 4.0 
1824 10232012.5 92.18197239776876 80.27545062335109 144.0700898437499 0 233 2.8329 0.0 8.181805246746432 0.0 4.0 
1825 10232045.8 92.18197239776876 80.27545062335109 144.0700898437499 0 233 2.8329 0.0 8.181805246746432 0.0 4.0 
1826 10232079.2 92.19607429818132 80.27545062335109 144.0700898437499 0 233 2.8329 0.0 8.181805246746432 0.0 4.0 
1827 10232112.5 92.19607429818132 80.27932159892678 144.0700898437499 0 233 2.8329 0.0 8.181805246746432 0.0 4.0 
1828 10232145.9 92.19607429818132 80.27932159892678 144.0700898437499 0 233 2.8329 0.0 8.181805246746432 0.0 4.0 
1829 10232179.2 92.19607429818132 80.27932159892678 144.0700898437499 0 233 2.8329 0.0 8.181805246746432 0.0 4.0 
1830 10232212.5 92.2079827615098 80.27932159892678 144.0700898437499 0 233 2.8329 0.0 8.181805246746432 0.0 4.0 
1831 10232245.9 92.2079827615098 80.28497060771714 144.0700898437499 0 233 2.8329 0.0 8.181805246746432 0.0 4.0 
1832 10232279.2 92.2079827615098 80.28497060771714 144.0700898437499 0 233 2.8329 0.0 8.181805246746432 0.0 4.0 
1833 10232312.5 92.21841341075641 80.28497060771714 144.0700898437499 0 233 2.8329 0.0 8.181805246746432 0.0 4.0 
1834 10232345.9 92.21841341075641 80.291017820506 144.0700898437499 0 233 2.8329 0.0 8.181805246746432 0.0 4.0 
1835 10232379.2 92.21841341075641 80.291017820506 144.0700898437499 0 233 2.8329 0.0 8.181805246746432 0.0 4.0 
1836 10232412.5 92.22857086544656 80.2977779342497 144.0700898437499 0 233 2.8329 0.0 8.181805246746432 0.0 4.0 
1837 10232445.9 92.22857086544656 80.2977779342497 144.0700898437499 0 233 2.8329 0.0 8.181805246746432 0.0 4.0 
1838 10232479.2 92.22857086544656 80.2977779342497 144.0700898437499 0 233 2.8329 0.0 8.181805246746432 0.0 4.0 
1839 10232512.5 92.23307549295562 80.2977779342497 144.0700898437499 0 233 2.8329 0.0 8.181805246746432 0.0 4.0 
1840 10232545.9 92.23307549295562 80.30115295292764 144.0700898437499 0 233 2.8329 0.0 8.181805246746432 0.0 4.0 
1841 10232579.2 92.23307549295562 80.30115295292764 144.0700898437499 0 233 2.8329 0.0 8.181805246746432 0.0 4.0 
1842 10232612.6 92.23307549295562 80.30115295292764 144.0700898437499 0 233 2.8329 0.0 8.181805246746432 0.0 4.0 
1843 10232645.9 92.24341307993527 80.30115295292764 144.0700898437499 0 233 2.8329 0.0 8.181805246746432 0.0 4.0 
1844 10232679.2 92.24341307993527 80.30732333639475 144.0700898437499 0 233 2.8329 0.0 8.181805246746432 0.0 4.0 
1845 10232712.6 92.24341307993527 80.30732333639475 144.0700898437499 0 233 2.8329 0.0 8.181805246746432 0.0 4.0 
1846 10232745.9 92.24341307993527 80.30732333639475 144.0700898437499 0 233 2.8329 0.0 8.181805246746432 0.0 4.0 
1847 10232779.2 92.25552536119241 80.30732333639475 144.0700898437499 0 233 2.8329 0.0 8.181805246746432 0.0 4.0 
1848 10232812.6 92.25552536119241 80.31498708719066 144.0700898437499 0 233 2.8329 0.0 8.181805246746432 0.0 4.0 
1849 10232845.9 92.25552536119241 80.31498708719066 144.0700898437499 0 233 2.8329 0.0 8.181805246746432 0.0 4.0 
1850 10232879.2 92.25552536119241 80.31498708719066 144.0700898437499 0 233 2.8329 0.0 8.181805246746432 0.0 4.0 
1851 10232912.6 92.26676327565383 80.31498708719066 144.0700898437499 0 233 2.8329 0.0 8.181805246746432 0.0 4.0 
1852 10232945.9 92.26676327565383 80.32447615165448 144.0700898437499 0 233 2.8329 0.0 8.181805246746432 0.0 4.0 
1853 10232979.3 92.26676327565383 80.32447615165448 144.0700898437499 0 233 2.8329 0.0 8.181805246746432 0.0 4.0 
1854 10233012.6 92.26676327565383 80.32447615165448 144.0700898437499 0 233 2.8329 0.0 8.181805246746432 0.0 4.0 
1855 10233045.9 92.27814303880787 80.32447615165448 144.0700898437499 0 233 2.8329 0.0 8.181805246746432 0.0 4.0 
1856 10233079.3 92.27814303880787 80.33533537058926 144.0700898437499 0 233 2.8329 0.0 8.181805246746432 0.0 4.0 
1857 10233112.6 92.27814303880787 80.33533537058926 144.0700898437499 0 233 2.8329 0.0 8.181805246746432 0.0 4.0 
1858 10233145.9 92.27814303880787 80.33533537058926 144.0700898437499 0 233 2.8329 0.0 8.181805246746432 0.0 4.0 
1859 10233179.3 92.29371526423947 80.34631349984767 144.0700898437499 0 233 2.8329 0.0 8.181805246746432 0.0 4.0 
1860 10233212.6 92.29371526423947 80.34631349984767 144.0700898437499 0 233 2.8329 0.0 8.181805246746432 0.0 4.0 
1861 10233245.9 92.29371526423947 80.34631349984767 144.0700898437499 0 233 2.8329 0.0 8.181805246746432 0.0 4.0 
1862 10233279.3 92.30344211011284 80.34631349984767 144.0700898437499 0 233 2.8329 0.0 8.181805246746432 0.0 4.0 
1863 10233312.6 92.30344211011284 80.35167861261793 144.0700898437499 0 233 2.8329 0.0 8.181805246746432 0.0 4.0 
1864 10233345.9 92.30344211011284 80.35167861261793 144.0700898437499 0 233 2.8329 0.0 8.181805246746432 0.0 4.0 
1865 10233379.3 92.30344211011284 80.35167861261793 144.0700898437499 0 233 2.8329 0.0 8.181805246746432 0.0 4.0 
1866 10233412.6 92.31969408437283 80.35167861261793 144.0700898437499 0 233 2.8329 0.0 8.181805246746432 0.0 4.0 
1867 10233446.0 92.31969408437283 80.35695185212035 144.0700898437499 0 233 2.8329 0.0 8.181805246746432 0.0 4.0 
1868 10233479.3 92.31969408437283 80.35695185212035 144.0700898437499 0 233 2.8329 0.0 8.181805246746432 0.0 4.0 
1869 10233512.6 92.31969408437283 80.35695185212035 144.0700898437499 0 233 2.8329 0.0 8.181805246746432 0.0 4.0 
1870 10233546.0 92.33884959277347 80.35984639439525 144.0700898437499 0 233 2.8329 0.0 8.181805246746432 0.0 4.0 
1871 10233579.3 92.33884959277347 80.35984639439525 144.0700898437499 0 233 2.8329 0.0 8.181805246746432 0.0 4.0 
1872 10233612.6 92.33884959277347 80.35984639439525 144.0700898437499 0 233 2.8329 0.0 8.181805246746432 0.0 4.0 
1873 10233646.0 92.35453006296575 80.3614815289617 144.0700898437499 0 233 2.8329 0.0 8.181805246746432 0.0 4.0 
1874 10233679.3 92.35453006296575 80.3614815289617 144.0700898437499 0 233 2.8329 0.0 8.181805246746432 0.0 4.0 
1875 10233712.6 92.35453006296575 80.3614815289617 144.0700898437499 0 233 2.8329 0.0 8.181805246746432 0.0 4.0 
1876 10233746.0 92.35453006296575 80.3614815289617 144.0700898437499 0 233 2.8329 0.0 8.181805246746432 0.0 4.0 
1877 10233779.3 92.37278356194065 80.3614815289617 144.0700898437499 0 233 2.8329 0.0 8.181805246746432 0.0 4.0 
1878 10233812.7 92.37278356194065 80.35867878142523 144.0700898437499 0 233 2.8329 0.0 8.181805246746432 0.0 4.0 
1879 10233846.0 92.37278356194065 80.35867878142523 144.0700898437499 0 233 2.8329 0.0 8.181805246746432 0.0 4.0 
1880 10233879.3 92.38135645614459 80.35867878142523 144.0700898437499 0 233 2.8329 0.0 8.181805246746432 0.0 4.0 
1881 10233912.7 92.38135645614459 80.35474422741093 144.0700898437499 0 233 2.8329 0.0 8.181805246746432 0.0 4.0 
1882 10233946.0 92.38135645614459 80.35474422741093 144.0700898437499 0 233 2.8329 0.0 8.181805246746432 0.0 4.0 
1883 10233979.3 92.3969724265272 80.35474422741093 144.0700898437499 0 233 2.8329 0.0 8.181805246746432 0.0 4.0 
1884 10234012.7 92.3969724265272 80.34890331965319 144.0700898437499 0 233 2.8329 0.0 8.181805246746432 0.0 4.0 
1885 10234046.0 92.3969724265272 80.34890331965319 144.0700898437499 0 233 2.8329 0.0 8.181805246746432 0.0 4.0 
1886 10234079.3 92.4101305155183 80.34890331965319 144.0700898437499 0 233 2.8329 0.0 8.181805246746432 0.0 4.0 
1887 10234112.7 92.4101305155183 80.34237616337023 144.0700898437499 0 233 2.8329 0.0 8.181805246746432 0.0 4.0 
1888 10234146.0 92.4101305155183 80.34237616337023 144.0700898437499 0 233 2.8329 0.0 8.181805246746432 0.0 4.0 
1889 10234179.3 92.4251056711479 80.34237616337023 144.0700898437499 0 233 2.8329 0.0 8.181805246746432 0.0 4.0 
1890 10234212.7 92.4251056711479 80.33303019108517 144.0700898437499 0 233 2.8329 0.0 8.181805246746432 0.0 4.0 
1891 10234246.0 92.4251056711479 80.33303019108517 144.0700898437499 0 233 2.8329 0.0 8.181805246746432 0.0 4.0 
1892 10234279.4 92.43537418255413 80.32505790124267 144.0700898437499 0 233 2.8329 0.0 8.181805246746432 0.0 4.0 
1893 10234312.7 92.43537418255413 80.32505790124267 144.0700898437499 0 233 2.8329 0.0 8.181805246746432 0.0 4.0 
1894 10234346.0 92.43537418255413 80.32505790124267 144.0700898437499 0 233 2.8329 0.0 8.181805246746432 0.0 4.0 
1895 10234379.4 92.44271553992513 80.32505790124267 144.0700898437499 0 233 2.8329 0.0 8.181805246746432 0.0 4.0 
1896 10234412.7 92.44271553992513 80.31846042225895 144.0700898437499 0 233 2.8329 0.0 8.181805246746432 0.0 4.0 
1897 10234446.0 92.44271553992513 80.31846042225895 144.0700898437499 0 233 2.8329 0.0 8.181805246746432 0.0 4.0 
1898 10234479.4 92.45810272765341 80.31846042225895 144.0700898437499 0 233 2.8329 0.0 8.181805246746432 0.0 4.0 
1899 10234512.7 92.45810272765341 80.3071315634823 144.0700898437499 0 233 2.8329 0.0 8.181805246746432 0.0 4.0 
1900 10234546.0 92.45810272765341 80.3071315634823 144.0700898437499 0 233 2.8329 0.0 8.181805246746432 0.0 4.0 
1901 10234579.4 92.45810272765341 80.3071315634823 144.0700898437499 0 233 2.8329 0.0 8.181805246746432 0.0 4.0 
1902 10234612.7 92.4678765958488 80.3071315634823 144.0700898437499 0 233 2.8329 0.0 8.181805246746432 0.0 4.0 
1903 10234646.1 92.4678765958488 80.2951693349292 144.0700898437499 0 233 2.8329 0.0 8.181805246746432 0.0 4.0 
1904 10234679.4 92.4678765958488 80.2951693349292 144.0700898437499 0 233 2.8329 0.0 8.181805246746432 0.0 4.0 
1905 10234712.7 92.4678765958488 80.2951693349292 144.0700898437499 0 233 2.8329 0.0 8.181805246746432 0.0 4.0 
1906 10234746.1 92.47816746772469 80.2830700692575 144.0700898437499 0 233 2.8329 0.0 8.181805246746432 0.0 4.0 
1907 10234779.4 92.47816746772469 80.2830700692575 144.0700898437499 0 233 2.8329 0.0 8.181805246746432 0.0 4.0 
1908 10234812.7 92.47816746772469 80.2830700692575 144.0700898437499 0 233 2.8329 0.0 8.181805246746432 0.0 4.0 
1909 10234846.1 92.48948706809621 80.2830700692575 144.0700898437499 0 233 2.8329 0.0 8.181805246746432 0.0 4.0 
1910 10234879.4 92.48948706809621 80.26976979458904 144.0700898437499 0 233 2.8329 0.0 8.181805246746432 0.0 4.0 
1911 10234912.7 92.48948706809621 80.26976979458904 144.0700898437499 0 233 2.8329 0.0 8.181805246746432 0.0 4.0 
1912 10234946.1 92.49502667139868 80.26976979458904 144.0700898437499 0 233 2.8329 0.0 8.181805246746432 0.0 4.0 
1913 10234979.4 92.49502667139868 80.26279770058565 144.0700898437499 0 233 2.8329 0.0 8.181805246746432 0.0 4.0 
1914 10235012.7 92.49502667139868 80.26279770058565 144.0700898437499 0 233 2.8329 0.0 8.181805246746432 0.0 4.0 
1915 10235046.1 92.5096957147715 80.26279770058565 144.0700898437499 0 233 2.8329 0.0 8.181805246746432 0.0 4.0 
1916 10235079.4 92.5096957147715 80.25378123726148 144.0700898437499 0 233 2.8329 0.0 8.181805246746432 0.0 4.0 
1917 10235112.8 92.5096957147715 80.25378123726148 144.0700898437499 0 233 2.8329 0.0 8.181805246746432 0.0 4.0 
1918 10235146.1 92.5096957147715 80.25378123726148 144.0700898437499 0 233 2.8329 0.0 8.181805246746432 0.0 4.0 
1919 10235179.4 92.51480915230334 80.25378123726148 144.0700898437499 0 233 2.8329 0.0 8.181805246746432 0.0 4.0 
1920 10235212.8 92.51480915230334 80.24939165133357 144.0700898437499 0 233 2.8329 0.0 8.181805246746432 0.0 4.0 
1921 10235246.1 92.51480915230334 80.24939165133357 144.0700898437499 0 233 2.8329 0.0 8.181805246746432 0.0 4.0 
1922 10235279.4 92.51480915230334 80.24939165133357 144.0700898437499 0 233 2.8329 0.0 8.181805246746432 0.0 4.0 
1923 10235312.8 92.52190073950607 80.24939165133357 144.0700898437499 0 233 2.8329 0.0 8.181805246746432 0.0 4.0 
1924 10235346.1 92.52190073950607 80.24189961631798 144.0700898437499 0 233 2.8329 0.0 8.181805246746432 0.0 4.0 
1925 10235379.4 92.52190073950607 80.24189961631798 144.0700898437499 0 233 2.8329 0.0 8.181805246746432 0.0 4.0 
1926 10235412.8 92.52190073950607 80.24189961631798 144.0700898437499 0 233 2.8329 0.0 8.181805246746432 0.0 4.0 
1927 10235446.1 92.53506494605838 80.24189961631798 144.0700898437499 0 233 2.8329 0.0 8.181805246746432 0.0 4.0 
1928 10235479.5 92.53506494605838 80.23028819111887 144.0700898437499 0 233 2.8329 0.0 8.181805246746432 0.0 4.0 
1929 10235512.8 92.53506494605838 80.23028819111887 144.0700898437499 0 233 2.8329 0.0 8.181805246746432 0.0 4.0 
1930 10235546.1 92.55220448930942 80.22134899508785 144.0700898437499 0 233 2.8329 0.0 8.181805246746432 0.0 4.0 
1931 10235579.5 92.55220448930942 80.22134899508785 144.0700898437499 0 233 2.8329 0.0 8.181805246746432 0.0 4.0 
1932 10235612.8 92.55220448930942 80.22134899508785 144.0700898437499 0 233 2.8329 0.0 8.181805246746432 0.0 4.0 
1933 10235646.1 92.55220448930942 80.22134899508785 144.0700898437499 0 233 2.8329 0.0 8.181805246746432 0.0 4.0 
1934 10235679.5 92.56358241932081 80.22134899508785 144.0700898437499 0 233 2.8329 0.0 8.181805246746432 0.0 4.0 
1935 10235712.8 92.56358241932081 80.21803225745185 144.0700898437499 0 233 2.8329 0.0 8.181805246746432 0.0 4.0 
1936 10235746.1 92.56358241932081 80.21803225745185 144.0700898437499 0 233 2.8329 0.0 8.181805246746432 0.0 4.0 
1937 10235779.5 92.56358241932081 80.21803225745185 144.0700898437499 0 233 2.8329 0.0 8.181805246746432 0.0 4.0 
1938 10235812.8 92.57695589484558 80.21803225745185 144.0700898437499 0 233 2.8329 0.0 8.181805246746432 0.0 4.0 
1939 10235846.1 92.57695589484558 80.21251500314493 144.0700898437499 0 233 2.8329 0.0 8.181805246746432 0.0 4.0 
1940 10235879.5 92.57695589484558 80.21251500314493 144.0700898437499 0 233 2.8329 0.0 8.181805246746432 0.0 4.0 
1941 10235912.8 92.57695589484558 80.21251500314493 144.0700898437499 0 233 2.8329 0.0 8.181805246746432 0.0 4.0 
1942 10235946.2 92.60011765320918 80.20770432890994 144.0700898437499 0 233 2.8329 0.0 8.181805246746432 0.0 4.0 
1943 10235979.5 92.60011765320918 80.20770432890994 144.0700898437499 0 233 2.8329 0.0 8.181805246746432 0.0 4.0 
1944 10236012.8 92.60011765320918 80.20770432890994 144.0700898437499 0 233 2.8329 0.0 8.181805246746432 0.0 4.0 
1945 10236046.2 92.60011765320918 80.20770432890994 144.0700898437499 0 233 2.8329 0.0 8.181805246746432 0.0 4.0 
1946 10236079.5 92.60900988699557 80.20770432890994 144.0700898437499 0 233 2.8329 0.0 8.181805246746432 0.0 4.0 
1947 10236112.8 92.60900988699557 80.20513054150325 144.0700898437499 0 233 2.8329 0.0 8.181805246746432 0.0 4.0 
1948 10236146.2 92.60900988699557 80.20513054150325 144.0700898437499 0 233 2.8329 0.0 8.181805246746432 0.0 4.0 
1949 10236179.5 92.60900988699557 80.20513054150325 144.0700898437499 0 233 2.8329 0.0 8.181805246746432 0.0 4.0 
1950 10236212.8 92.63001846293558 80.20513054150325 144.0700898437499 0 233 2.8329 0.0 8.181805246746432 0.0 4.0 
1951 10236246.2 92.63001846293558 80.20622926123383 144.0700898437499 0 233 2.8329 0.0 8.181805246746432 0.0 4.0 
1952 10236279.5 92.63001846293558 80.20622926123383 144.0700898437499 0 233 2.8329 0.0 8.181805246746432 0.0 4.0 
1953 10236312.9 92.63876221086242 80.20933192598388 144.0700898437499 0 233 2.8329 0.0 8.181805246746432 0.0 4.0 
1954 10236346.2 92.63876221086242 80.20933192598388 144.0700898437499 0 233 2.8329 0.0 8.181805246746432 0.0 4.0 
1955 10236379.5 92.63876221086242 80.20933192598388 144.0700898437499 0 233 2.8329 0.0 8.181805246746432 0.0 4.0 
1956 10236412.9 92.65280935044127 80.20933192598388 144.0700898437499 0 233 2.8329 0.0 8.181805246746432 0.0 4.0 
1957 10236446.2 92.65280935044127 80.21628321902273 144.0700898437499 0 233 2.8329 0.0 8.181805246746432 0.0 4.0 
1958 10236479.5 92.65280935044127 80.21628321902273 144.0700898437499 0 233 2.8329 0.0 8.181805246746432 0.0 4.0 
1959 10236512.9 92.6696209783819 80.21628321902273 144.0700898437499 0 233 2.8329 0.0 8.181805246746432 0.0 4.0 
1960 10236546.2 92.6696209783819 80.22333654896804 144.0700898437499 0 233 2.8329 0.0 8.181805246746432 0.0 4.0 
1961 10236579.5 92.6696209783819 80.22333654896804 144.0700898437499 0 233 2.8329 0.0 8.181805246746432 0.0 4.0 
1962 10236612.9 92.6696209783819 80.22333654896804 144.0700898437499 0 233 2.8329 0.0 8.181805246746432 0.0 4.0 
1963 10236646.2 92.67840142943196 80.22333654896804 144.0700898437499 0 233 2.8329 0.0 8.181805246746432 0.0 4.0 
1964 10236679.5 92.67840142943196 80.22674868842498 144.0700898437499 0 233 2.8329 0.0 8.181805246746432 0.0 4.0 
1965 10236712.9 92.67840142943196 80.22674868842498 144.0700898437499 0 233 2.8329 0.0 8.181805246746432 0.0 4.0 
1966 10236746.2 92.67840142943196 80.22674868842498 144.0700898437499 0 233 2.8329 0.0 8.181805246746432 0.0 4.0 
1967 10236779.6 92.69856315922135 80.23380196012648 144.0700898437499 0 233 2.8329 0.0 8.181805246746432 0.0 4.0 
1968 10236812.9 92.69856315922135 80.23380196012648 144.0700898437499 0 233 2.8329 0.0 8.181805246746432 0.0 4.0 
1969 10236846.2 92.69856315922135 80.23380196012648 144.0700898437499 0 233 2.8329 0.0 8.181805246746432 0.0 4.0 
1970 10236879.6 92.69856315922135 80.23380196012648 144.0700898437499 0 233 2.8329 0.0 8.181805246746432 0.0 4.0 
1971 10236912.9 92.7134021632455 80.23380196012648 144.0700898437499 0 233 2.8329 0.0 8.181805246746432 0.0 4.0 
1972 10236946.2 92.7134021632455 80.24158807677026 144.0700898437499 0 233 2.8329 0.0 8.181805246746432 0.0 4.0 
1973 10236979.6 92.7134021632455 80.24158807677026 144.0700898437499 0 233 2.8329 0.0 8.181805246746432 0.0 4.0 
1974 10237012.9 92.72906828275778 80.24158807677026 144.0700898437499 0 233 2.8329 0.0 8.181805246746432 0.0 4.0 
1975 10237046.2 92.72906828275778 80.24833929691407 144.0700898437499 0 233 2.8329 0.0 8.181805246746432 0.0 4.0 
1976 10237079.6 92.72906828275778 80.24833929691407 144.0700898437499 0 233 2.8329 0.0 8.181805246746432 0.0 4.0 
1977 10237112.9 92.72906828275778 80.24833929691407 144.0700898437499 0 233 2.8329 0.0 8.181805246746432 0.0 4.0 
1978 10237146.3 92.73999024976527 80.24833929691407 144.0700898437499 0 233 2.8329 0.0 8.181805246746432 0.0 4.0 
1979 10237179.6 92.73999024976527 80.25291449641647 144.0700898437499 0 233 2.8329 0.0 8.181805246746432 0.0 4.0 
1980 10237212.9 92.73999024976527 80.25291449641647 144.0700898437499 0 233 2.8329 0.0 8.181805246746432 0.0 4.0 
1981 10237246.3 92.73999024976527 80.25534131079968 144.0700898437499 0 233 2.8329 0.0 8.181805246746432 0.0 4.0 
1982 10237279.6 92.73999024976527 80.25534131079968 144.0700898437499 0 233 2.8329 0.0 8.181805246746432 0.0 4.0 
1983 10237312.9 92.7431072213998 80.25534131079968 144.0700898437499 0 233 2.8329 0.0 8.181805246746432 0.0 4.0 
1984 10237346.3 92.7431072213998 80.26024969291551 144.0700898437499 0 233 2.8329 0.0 8.181805246746432 0.0 4.0 
1985 10237379.6 92.7431072213998 80.26024969291551 144.0700898437499 0 233 2.8329 0.0 8.181805246746432 0.0 4.0 
1986 10237412.9 92.75771059257391 80.26024969291551 144.0700898437499 0 233 2.8329 0.0 8.181805246746432 0.0 4.0 
1987 10237446.3 92.75771059257391 80.26942113719254 144.0700898437499 0 233 2.8329 0.0 8.181805246746432 0.0 4.0 
1988 10237479.6 92.75771059257391 80.26942113719254 144.0700898437499 0 233 2.8329 0.0 8.181805246746432 0.0 4.0 
1989 10237512.9 92.76904595137961 80.27461336860986 144.0700898437499 0 233 2.8329 0.0 8.181805246746432 0.0 4.0 
1990 10237546.3 92.76904595137961 80.27461336860986 144.0700898437499 0 233 2.8329 0.0 8.181805246746432 0.0 4.0 
1991 10237579.6 92.76904595137961 80.27461336860986 144.0700898437499 0 233 2.8329 0.0 8.181805246746432 0.0 4.0 
1992 10237613.0 92.78257330100124 80.27822257660817 144.0700898437499 0 233 2.8329 0.0 8.181805246746432 0.0 4.0 
1993 10237646.3 92.78257330100124 80.27822257660817 144.0700898437499 0 233 2.8329 0.0 8.181805246746432 0.0 4.0 
1994 10237679.6 92.78257330100124 80.27822257660817 144.0700898437499 0 233 2.8329 0.0 8.181805246746432 0.0 4.0 
1995 10237713.0 92.78257330100124 80.27822257660817 144.0700898437499 0 233 2.8329 0.0 8.181805246746432 0.0 4.0 
1996 10237746.3 92.79319039242921 80.27822257660817 144.0700898437499 0 233 2.8329 0.0 8.181805246746432 0.0 4.0 
1997 10237779.6 92.79319039242921 80.28010764094499 144.0700898437499 0 233 2.8329 0.0 8.181805246746432 0.0 4.0 
1998 10237813.0 92.79319039242921 80.28010764094499 144.0700898437499 0 233 2.8329 0.0 8.181805246746432 0.0 4.0 
1999 10237846.3 92.81341511156347 80.28131869771619 144.0700898437499 0 233 2.8329 0.0 8.181805246746432 0.0 4.0 
2000 10237879.6 92.81341511156347 80.28131869771619 144.0700898437499 0 233 2.8329 0.0 8.181805246746432 0.0 4.0 
2001 10237913.0 92.81341511156347 80.28131869771619 144.0700898437499 0 233 2.8329 0.0 8.181805246746432 0.0 4.0 
2002 10237946.3 92.81341511156347 80.28131869771619 144.0700898437499 0 233 2.8329 0.0 8.181805246746432 0.0 4.0 
2003 10237979.7 92.83024859379763 80.2795407897914 144.0700898437499 0 233 2.8329 0.0 8.181805246746432 0.0 4.0 
2004 10238013.0 92.83024859379763 80.2795407897914 144.0700898437499 0 233 2.8329 0.0 8.181805246746432 0.0 4.0 
2005 10238046.3 92.83024859379763 80.2795407897914 144.0700898437499 0 233 2.8329 0.0 8.181805246746432 0.0 4.0 
2006 10238079.7 92.83945504812426 80.2795407897914 144.0700898437499 0 233 2.8329 0.0 8.181805246746432 0.0 4.0 
2007 10238113.0 92.83945504812426 80.27778818854351 144.0700898437499 0 233 2.8329 0.0 8.181805246746432 0.0 4.0 
2008 10238146.3 92.83945504812426 80.27778818854351 144.0700898437499 0 233 2.8329 0.0 8.181805246746432 0.0 4.0 
2009 10238179.7 92.84811357584431 80.27778818854351 144.0700898437499 0 233 2.8329 0.0 8.181805246746432 0.0 4.0 
2010 10238213.0 92.84811357584431 80.27567367935397 144.0700898437499 0 233 2.8329 0.0 8.181805246746432 0.0 4.0 
2011 10238246.3 92.84811357584431 80.27567367935397 144.0700898437499 0 233 2.8329 0.0 8.181805246746432 0.0 4.0 
2012 10238279.7 92.84811357584431 80.27567367935397 144.0700898437499 0 233 2.8329 0.0 8.181805246746432 0.0 4.0 
2013 10238313.0 92.86337868969338 80.27216900986626 144.0700898437499 0 233 2.8329 0.0 8.181805246746432 0.0 4.0 
2014 10238346.3 92.86337868969338 80.27216900986626 144.0700898437499 0 233 2.8329 0.0 8.181805246746432 0.0 4.0 
2015 10238379.7 92.86337868969338 80.27216900986626 144.0700898437499 0 233 2.8329 0.0 8.181805246746432 0.0 4.0 
2016 10238413.0 92.86337868969338 80.27216900986626 144.0700898437499 0 233 2.8329 0.0 8.181805246746432 0.0 4.0 
2017 10238446.4 92.87631399633536 80.27216900986626 144.0700898437499 0 233 2.8329 0.0 8.181805246746432 0.0 4.0 
2018 10238479.7 92.87631399633536 80.26543681050917 144.0700898437499 0 233 2.8329 0.0 8.181805246746432 0.0 4.0 
2019 10238513.0 92.87631399633536 80.26543681050917 144.0700898437499 0 233 2.8329 0.0 8.181805246746432 0.0 4.0 
2020 10238546.4 92.88910244537405 80.26543681050917 144.0700898437499 0 233 2.8329 0.0 8.181805246746432 0.0 4.0 
2021 10238579.7 92.88910244537405 80.25836973272432 144.0700898437499 0 233 2.8329 0.0 8.181805246746432 0.0 4.0 
2022 10238613.0 92.88910244537405 80.25836973272432 144.0700898437499 0 233 2.8329 0.0 8.181805246746432 0.0 4.0 
2023 10238646.4 92.88910244537405 80.25836973272432 144.0700898437499 0 233 2.8329 0.0 8.181805246746432 0.0 4.0 
2024 10238679.7 92.89952873607949 80.25102720515872 144.0700898437499 0 233 2.8329 0.0 8.181805246746432 0.0 4.0 
2025 10238713.0 92.89952873607949 80.25102720515872 144.0700898437499 0 233 2.8329 0.0 8.181805246746432 0.0 4.0 
2026 10238746.4 92.89952873607949 80.25102720515872 144.0700898437499 0 233 2.8329 0.0 8.181805246746432 0.0 4.0 
2027 10238779.7 92.89952873607949 80.25102720515872 144.0700898437499 0 233 2.8329 0.0 8.181805246746432 0.0 4.0 
2028 10238813.1 92.91302014188851 80.25102720515872 144.0700898437499 0 233 2.8329 0.0 8.181805246746432 0.0 4.0 
2029 10238846.4 92.91302014188851 80.24109144118142 144.0700898437499 0 233 2.8329 0.0 8.181805246746432 0.0 4.0 
2030 10238879.7 92.91302014188851 80.24109144118142 144.0700898437499 0 233 2.8329 0.0 8.181805246746432 0.0 4.0 
2031 10238913.1 92.9194897130377 80.24109144118142 144.0700898437499 0 233 2.8329 0.0 8.181805246746432 0.0 4.0 
2032 10238946.4 92.9194897130377 80.23240465751186 144.0700898437499 0 233 2.8329 0.0 8.181805246746432 0.0 4.0 
2033 10238979.7 92.9194897130377 80.23240465751186 144.0700898437499 0 233 2.8329 0.0 8.181805246746432 0.0 4.0 
2034 10239013.1 92.92621943345013 80.22180570048127 144.0700898437499 0 233 2.8329 0.0 8.181805246746432 0.0 4.0 
2035 10239046.4 92.92621943345013 80.22180570048127 144.0700898437499 0 233 2.8329 0.0 8.181805246746432 0.0 4.0 
2036 10239079.7 92.92621943345013 80.22180570048127 144.0700898437499 0 233 2.8329 0.0 8.181805246746432 0.0 4.0 
2037 10239113.1 92.9314303485462 80.22180570048127 144.0700898437499 0 233 2.8329 0.0 8.181805246746432 0.0 4.0 
2038 10239146.4 92.9314303485462 80.21314360107563 144.0700898437499 0 233 2.8329 0.0 8.181805246746432 0.0 4.0 
2039 10239179.7 92.9314303485462 80.21314360107563 144.0700898437499 0 233 2.8329 0.0 8.181805246746432 0.0 4.0 
2040 10239213.1 92.9314303485462 80.21314360107563 144.0700898437499 0 233 2.8329 0.0 8.181805246746432 0.0 4.0 
2041 10239246.4 92.93761771389516 80.21314360107563 144.0700898437499 0 233 2.8329 0.0 8.181805246746432 0.0 4.0 
2042 10239279.8 92.93761771389516 80.19835695235182 144.0700898437499 0 233 2.8329 0.0 8.181805246746432 0.0 4.0 
2043 10239313.1 92.93761771389516 80.19835695235182 144.0700898437499 0 233 2.8329 0.0 8.181805246746432 0.0 4.0 
2044 10239346.4 92.93761771389516 80.19835695235182 144.0700898437499 0 233 2.8329 0.0 8.181805246746432 0.0 4.0 
2045 10239379.8 92.95055262195665 80.19835695235182 144.0700898437499 0 233 2.8329 0.0 8.181805246746432 0.0 4.0 
2046 10239413.1 92.95055262195665 80.18315225745188 144.0700898437499 0 233 2.8329 0.0 8.181805246746432 0.0 4.0 
2047 10239446.4 92.95055262195665 80.18315225745188 144.0700898437499 0 233 2.8329 0.0 8.181805246746432 0.0 4.0 
2048 10239479.8 92.95669896275378 80.18315225745188 144.0700898437499 0 233 2.8329 0.0 8.181805246746432 0.0 4.0 
2049 10239513.1 92.95669896275378 80.17781531956958 144.0700898437499 0 233 2.8329 0.0 8.181805246746432 0.0 4.0 
2050 10239546.4 92.95669896275378 80.17781531956958 144.0700898437499 0 233 2.8329 0.0 8.181805246746432 0.0 4.0 
2051 10239579.8 92.95669896275378 80.17781531956958 144.0700898437499 0 233 2.8329 0.0 8.181805246746432 0.0 4.0 
2052 10239613.1 92.9647730741821 80.17781531956958 144.0700898437499 0 233 2.8329 0.0 8.181805246746432 0.0 4.0 
2053 10239646.5 92.9647730741821 80.17781531956958 144.0700898437499 0 233 2.8329 0.0 8.181805246746432 0.0 4.0 
2054 10239679.8 92.9647730741821 80.17781531956958 144.0700898437499 0 233 2.8329 0.0 8.181805246746432 0.0 4.0 
2055 10239713.1 92.96833653469605 80.17781531956958 144.0700898437499 0 233 2.8329 0.0 8.181805246746432 0.0 4.0 
2056 10239746.5 92.96833653469605 80.17300500758235 144.0700898437499 0 233 2.8329 0.0 8.181805246746432 0.0 4.0 
2057 10239779.8 92.96833653469605 80.17300500758235 144.0700898437499 0 233 2.8329 0.0 8.181805246746432 0.0 4.0 
2058 10239813.1 92.96833653469605 80.17300500758235 144.0700898437499 0 233 2.8329 0.0 8.181805246746432 0.0 4.0 
2059 10239846.5 92.97300079606472 80.15925368662874 144.0700898437499 0 233 2.8329 0.0 8.181805246746432 0.0 4.0 
2060 10239879.8 92.97300079606472 80.15925368662874 144.0700898437499 0 233 2.8329 0.0 8.181805246746432 0.0 4.0 
2061 10239913.1 92.97300079606472 80.15925368662874 144.0700898437499 0 233 2.8329 0.0 8.181805246746432 0.0 4.0 
2062 10239946.5 92.97300079606472 80.15925368662874 144.0700898437499 0 233 2.8329 0.0 8.181805246746432 0.0 4.0 
2063 10239979.8 92.98302102951214 80.15925368662874 144.0700898437499 0 233 2.8329 0.0 8.181805246746432 0.0 4.0 
2064 10240013.1 92.98302102951214 80.1412183822447 144.0700898437499 0 233 2.8329 0.0 8.181805246746432 0.0 4.0 
2065 10240046.5 92.98302102951214 80.1412183822447 144.0700898437499 0 233 2.8329 0.0 8.181805246746432 0.0 4.0 
2066 10240079.8 92.99066840533358 80.1412183822447 144.0700898437499 0 233 2.8329 0.0 8.181805246746432 0.0 4.0 
2067 10240113.2 92.99066840533358 80.12929061712616 144.0700898437499 0 233 2.8329 0.0 8.181805246746432 0.0 4.0 
2068 10240146.5 92.99066840533358 80.12929061712616 144.0700898437499 0 233 2.8329 0.0 8.181805246746432 0.0 4.0 
2069 10240179.8 92.99066840533358 80.12929061712616 144.0700898437499 0 233 2.8329 0.0 8.181805246746432 0.0 4.0 
2070 10240213.2 93.00109337318092 80.12097358786022 144.0700898437499 0 233 2.8329 0.0 8.181805246746432 0.0 4.0 
2071 10240246.5 93.00109337318092 80.12097358786022 144.0700898437499 0 233 2.8329 0.0 8.181805246746432 0.0 4.0 
2072 10240279.8 93.00109337318092 80.12097358786022 144.0700898437499 0 233 2.8329 0.0 8.181805246746432 0.0 4.0 
2073 10240313.2 93.00631561683316 80.12097358786022 144.0700898437499 0 233 2.8329 0.0 8.181805246746432 0.0 4.0 
2074 10240346.5 93.00631561683316 80.11556952959906 144.0700898437499 0 233 2.8329 0.0 8.181805246746432 0.0 4.0 
2075 10240379.8 93.00631561683316 80.11556952959906 144.0700898437499 0 233 2.8329 0.0 8.181805246746432 0.0 4.0 
2076 10240413.2 93.00631561683316 80.11556952959906 144.0700898437499 0 233 2.8329 0.0 8.181805246746432 0.0 4.0 
2077 10240446.5 93.01736090570472 80.11556952959906 144.0700898437499 0 233 2.8329 0.0 8.181805246746432 0.0 4.0 
2078 10240479.9 93.01736090570472 80.107471314657 144.0700898437499 0 233 2.8329 0.0 8.181805246746432 0.0 4.0 
2079 10240513.2 93.01736090570472 80.107471314657 144.0700898437499 0 233 2.8329 0.0 8.181805246746432 0.0 4.0 
2080 10240546.5 93.01736090570472 80.107471314657 144.0700898437499 0 233 2.8329 0.0 8.181805246746432 0.0 4.0 
2081 10240579.9 93.03336172916211 80.107471314657 144.0700898437499 0 233 2.8329 0.0 8.181805246746432 0.0 4.0 
2082 10240613.2 93.03336172916211 80.09853671186394 144.0700898437499 0 233 2.8329 0.0 8.181805246746432 0.0 4.0 
2083 10240646.5 93.03336172916211 80.09853671186394 144.0700898437499 0 233 2.8329 0.0 8.181805246746432 0.0 4.0 
2084 10240679.9 93.04724637382785 80.09347263600222 144.0700898437499 0 233 2.8329 0.0 8.181805246746432 0.0 4.0 
2085 10240713.2 93.04724637382785 80.09347263600222 144.0700898437499 0 233 2.8329 0.0 8.181805246746432 0.0 4.0 
2086 10240746.5 93.04724637382785 80.09347263600222 144.0700898437499 0 233 2.8329 0.0 8.181805246746432 0.0 4.0 
2087 10240779.9 93.0539238356507 80.09347263600222 144.0700898437499 0 233 2.8329 0.0 8.181805246746432 0.0 4.0 
2088 10240813.2 93.0539238356507 80.09140022643928 144.0700898437499 0 233 2.8329 0.0 8.181805246746432 0.0 4.0 
2089 10240846.5 93.0539238356507 80.09140022643928 144.0700898437499 0 233 2.8329 0.0 8.181805246746432 0.0 4.0 
2090 10240879.9 93.0539238356507 80.09140022643928 144.0700898437499 0 233 2.8329 0.0 8.181805246746432 0.0 4.0 
2091 10240913.2 93.06368326651176 80.09140022643928 144.0700898437499 0 233 2.8329 0.0 8.181805246746432 0.0 4.0 
2092 10240946.6 93.06368326651176 80.08738527528476 144.0700898437499 0 233 2.8329 0.0 8.181805246746432 0.0 4.0 
2093 10240979.9 93.06368326651176 80.08738527528476 144.0700898437499 0 233 2.8329 0.0 8.181805246746432 0.0 4.0 
2094 10241013.2 93.06368326651176 80.08738527528476 144.0700898437499 0 233 2.8329 0.0 8.181805246746432 0.0 4.0 
2095 10241046.6 93.0726145741879 80.08429708067906 144.0700898437499 0 233 2.8329 0.0 8.181805246746432 0.0 4.0 
2096 10241079.9 93.0726145741879 80.08429708067906 144.0700898437499 0 233 2.8329 0.0 8.181805246746432 0.0 4.0 
2097 10241113.2 93.0726145741879 80.08429708067906 144.0700898437499 0 233 2.8329 0.0 8.181805246746432 0.0 4.0 
2098 10241146.6 93.0726145741879 80.08429708067906 144.0700898437499 0 233 2.8329 0.0 8.181805246746432 0.0 4.0 
2099 10241179.9 93.08056057298968 80.08429708067906 144.0700898437499 0 233 2.8329 0.0 8.181805246746432 0.0 4.0 
2100 10241213.2 93.08056057298968 80.08222843609575 144.0700898437499 0 233 2.8329 0.0 8.181805246746432 0.0 4.0 
2101 10241246.6 93.08056057298968 80.08222843609575 144.0700898437499 0 233 2.8329 0.0 8.181805246746432 0.0 4.0 
2102 10241279.9 93.08271640027323 80.08222843609575 144.0700898437499 0 233 2.8329 0.0 8.181805246746432 0.0 4.0 
2103 10241313.3 93.08271640027323 80.08222843609575 144.0700898437499 0 233 2.8329 0.0 8.181805246746432 0.0 4.0 
2104 10241346.6 93.08271640027323 80.08222843609575 144.0700898437499 0 233 2.8329 0.0 8.181805246746432 0.0 4.0 
2105 10241379.9 93.08706136749794 80.08121087041148 144.0700898437499 0 233 2.8329 0.0 8.181805246746432 0.0 4.0 
2106 10241413.3 93.08706136749794 80.08121087041148 144.0700898437499 0 233 2.8329 0.0 8.181805246746432 0.0 4.0 
2107 10241446.6 93.08706136749794 80.08121087041148 144.0700898437499 0 233 2.8329 0.0 8.181805246746432 0.0 4.0 
2108 10241479.9 93.08706136749794 80.08121087041148 144.0700898437499 0 233 2.8329 0.0 8.181805246746432 0.0 4.0 
2109 10241513.3 93.10424233357962 80.08424645526775 144.0700898437499 0 233 2.8329 0.0 8.181805246746432 0.0 4.0 
2110 10241546.6 93.10424233357962 80.08424645526775 144.0700898437499 0 233 2.8329 0.0 8.181805246746432 0.0 4.0 
2111 10241579.9 93.10424233357962 80.08424645526775 144.0700898437499 0 233 2.8329 0.0 8.181805246746432 0.0 4.0 
2112 10241613.3 93.10424233357962 80.08424645526775 144.0700898437499 0 233 2.8329 0.0 8.181805246746432 0.0 4.0 
2113 10241646.6 93.12562567526565 80.08424645526775 144.0700898437499 0 233 2.8329 0.0 8.181805246746432 0.0 4.0 
2114 10241679.9 93.12562567526565 80.09168320833788 144.0700898437499 0 233 2.8329 0.0 8.181805246746432 0.0 4.0 
2115 10241713.3 93.12562567526565 80.09168320833788 144.0700898437499 0 233 2.8329 0.0 8.181805246746432 0.0 4.0 
2116 10241746.6 93.12562567526565 80.09168320833788 144.0700898437499 0 233 2.8329 0.0 8.181805246746432 0.0 4.0 
2117 10241780.0 93.1391913504663 80.09761179453595 144.0700898437499 0 233 2.8329 0.0 8.181805246746432 0.0 4.0 
2118 10241813.3 93.1391913504663 80.09761179453595 144.0700898437499 0 233 2.8329 0.0 8.181805246746432 0.0 4.0 
2119 10241846.6 93.1391913504663 80.09761179453595 144.0700898437499 0 233 2.8329 0.0 8.181805246746432 0.0 4.0 
2120 10241880.0 93.1482960648754 80.10071908637924 144.0700898437499 0 233 2.8329 0.0 8.181805246746432 0.0 4.0 
2121 10241913.3 93.1482960648754 80.10071908637924 144.0700898437499 0 233 2.8329 0.0 8.181805246746432 0.0 4.0 
2122 10241946.6 93.1482960648754 80.10071908637924 144.0700898437499 0 233 2.8329 0.0 8.181805246746432 0.0 4.0 
2123 10241980.0 93.1482960648754 80.10071908637924 144.0700898437499 0 233 2.8329 0.0 8.181805246746432 0.0 4.0 
2124 10242013.3 93.1590991661278 80.10071908637924 144.0700898437499 0 233 2.8329 0.0 8.181805246746432 0.0 4.0 
2125 10242046.6 93.1590991661278 80.10271730092873 144.0700898437499 0 233 2.8329 0.0 8.181805246746432 0.0 4.0 
2126 10242080.0 93.1590991661278 80.10271730092873 144.0700898437499 0 233 2.8329 0.0 8.181805246746432 0.0 4.0 
2127 10242113.3 93.17061413467513 80.10271730092873 144.0700898437499 0 233 2.8329 0.0 8.181805246746432 0.0 4.0 
2128 10242146.7 93.17061413467513 80.10271730092873 144.0700898437499 0 233 2.8329 0.0 8.181805246746432 0.0 4.0 
2129 10242180.0 93.17061413467513 80.10271730092873 144.0700898437499 0 233 2.8329 0.0 8.181805246746432 0.0 4.0 
2130 10242213.3 93.17686549817094 80.10271730092873 144.0700898437499 0 233 2.8329 0.0 8.181805246746432 0.0 4.0 
2131 10242246.7 93.17686549817094 80.10465049123471 144.0700898437499 0 233 2.8329 0.0 8.181805246746432 0.0 4.0 
2132 10242280.0 93.17686549817094 80.10465049123471 144.0700898437499 0 233 2.8329 0.0 8.181805246746432 0.0 4.0 
2133 10242313.3 93.18066387312183 80.10465049123471 144.0700898437499 0 233 2.8329 0.0 8.181805246746432 0.0 4.0 
2134 10242346.7 93.18066387312183 80.10465049123471 144.0700898437499 0 233 2.8329 0.0 8.181805246746432 0.0 4.0 
2135 10242380.0 93.18066387312183 80.10465049123471 144.0700898437499 0 233 2.8329 0.0 8.181805246746432 0.0 4.0 
2136 10242413.3 93.18528694045372 80.10465049123471 144.0700898437499 0 233 2.8329 0.0 8.181805246746432 0.0 4.0 
2137 10242446.7 93.18528694045372 80.10751589488942 144.0700898437499 0 233 2.8329 0.0 8.181805246746432 0.0 4.0 
2138 10242480.0 93.18528694045372 80.10751589488942 144.0700898437499 0 233 2.8329 0.0 8.181805246746432 0.0 4.0 
2139 10242513.3 93.19461221049065 80.10751589488942 144.0700898437499 0 233 2.8329 0.0 8.181805246746432 0.0 4.0 
2140 10242546.7 93.19461221049065 80.11283758363662 144.0700898437499 0 233 2.8329 0.0 8.181805246746432 0.0 4.0 
2141 10242580.0 93.19461221049065 80.11283758363662 144.0700898437499 0 233 2.8329 0.0 8.181805246746432 0.0 4.0 
2142 10242613.4 93.19461221049065 80.11283758363662 144.0700898437499 0 233 2.8329 0.0 8.181805246746432 0.0 4.0 
2143 10242646.7 93.2030398767768 80.11709899150512 144.0700898437499 0 233 2.8329 0.0 8.181805246746432 0.0 4.0 
2144 10242680.0 93.2030398767768 80.11709899150512 144.0700898437499 0 233 2.8329 0.0 8.181805246746432 0.0 4.0 
2145 10242713.4 93.2030398767768 80.11709899150512 144.0700898437499 0 233 2.8329 0.0 8.181805246746432 0.0 4.0 
2146 10242746.7 93.20286914062495 80.11790039062495 143.98959863281243 0 233 2.8329 0.0 8.181805246746432 0.0 4.0 
2147 10242780.0 93.20286914062495 80.12244814157953 143.98959863281243 0 233 2.8329 0.0 8.181805246746432 0.0 4.0 
2148 10242813.4 93.20286914062495 80.12244814157953 143.98959863281243 0 233 2.8329 0.0 8.181805246746432 0.0 4.0 
2149 10242846.7 93.20854959772966 80.12244814157953 143.98959863281243 0 233 2.8329 0.0 8.181805246746432 0.0 4.0 
2150 10242880.0 93.20854959772966 80.12662763649539 143.98959863281243 0 233 2.8329 0.0 8.181805246746432 0.0 4.0 
2151 10242913.4 93.20854959772966 80.12662763649539 143.98959863281243 0 233 2.8329 0.0 8.181805246746432 0.0 4.0 
2152 10242946.7 93.2202471063287 80.13481704008422 143.98959863281243 0 233 2.8329 0.0 8.181805246746432 0.0 4.0 
2153 10242980.1 93.2202471063287 80.13481704008422 143.98959863281243 0 233 2.8329 0.0 8.181805246746432 0.0 4.0 
2154 10243013.4 93.2202471063287 80.13481704008422 143.98959863281243 0 233 2.8329 0.0 8.181805246746432 0.0 4.0 
2155 10243046.7 93.2202471063287 80.13481704008422 143.98959863281243 0 233 2.8329 0.0 8.181805246746432 0.0 4.0 
2156 10243080.1 93.22810500160722 80.13481704008422 143.98959863281243 0 233 2.8329 0.0 8.181805246746432 0.0 4.0 
2157 10243113.4 93.22810500160722 80.14014004849983 143.98959863281243 0 233 2.8329 0.0 8.181805246746432 0.0 4.0 
2158 10243146.7 93.22810500160722 80.14014004849983 143.98959863281243 0 233 2.8329 0.0 8.181805246746432 0.0 4.0 
2159 10243180.1 93.22810500160722 80.14014004849983 143.98959863281243 0 233 2.8329 0.0 8.181805246746432 0.0 4.0 
2160 10243213.4 93.24468192368755 80.14520333465626 143.98959863281243 0 233 2.8329 0.0 8.181805246746432 0.0 4.0 
2161 10243246.7 93.25210644531245 80.14530957031246 144.06897363281243 0 233 2.8329 0.0 8.181805246746432 0.0 4.0 
2162 10243280.1 93.25210644531245 80.14530957031246 144.06897363281243 0 233 2.8329 0.0 8.181805246746432 0.0 4.0 
2163 10243313.4 93.25210644531245 80.14530957031246 144.06897363281243 0 233 2.8329 0.0 8.181805246746432 0.0 4.0 
2164 10243346.7 93.26759942069744 80.14530957031246 144.06897363281243 0 233 2.8329 0.0 8.181805246746432 0.0 4.0 
2165 10243380.1 93.27058593749996 80.14530957031246 144.12999316406243 0 233 2.8329 0.0 8.181805246746432 0.0 4.0 
2166 10243413.4 93.27058593749996 80.14530957031246 144.12999316406243 0 233 2.8329 0.0 8.181805246746432 0.0 4.0 
2167 10243446.8 93.2834322899353 80.14530957031246 144.12999316406243 0 233 2.8329 0.0 8.181805246746432 0.0 4.0 
2168 10243480.1 93.2834322899353 80.14068221789182 144.12999316406243 0 233 2.8329 0.0 8.181805246746432 0.0 4.0 
2169 10243513.4 93.2834322899353 80.14068221789182 144.12999316406243 0 233 2.8329 0.0 8.181805246746432 0.0 4.0 
2170 10243546.8 93.2834322899353 80.14068221789182 144.12999316406243 0 233 2.8329 0.0 8.181805246746432 0.0 4.0 
2171 10243580.1 93.2936622069951 80.14068221789182 144.12999316406243 0 233 2.8329 0.0 8.181805246746432 0.0 4.0 
2172 10243613.4 93.2936622069951 80.13714308894956 144.12999316406243 0 233 2.8329 0.0 8.181805246746432 0.0 4.0 
2173 10243646.8 93.2936622069951 80.13714308894956 144.12999316406243 0 233 2.8329 0.0 8.181805246746432 0.0 4.0 
2174 10243680.1 93.2936622069951 80.13714308894956 144.12999316406243 0 233 2.8329 0.0 8.181805246746432 0.0 4.0 
2175 10243713.4 93.30500171275983 80.13424624860359 144.12999316406243 0 233 2.8329 0.0 8.181805246746432 0.0 4.0 
2176 10243746.8 93.30500171275983 80.13424624860359 144.12999316406243 0 233 2.8329 0.0 8.181805246746432 0.0 4.0 
2177 10243780.1 93.30500171275983 80.13424624860359 144.12999316406243 0 233 2.8329 0.0 8.181805246746432 0.0 4.0 
2178 10243813.5 93.30500171275983 80.13424624860359 144.12999316406243 0 233 2.8329 0.0 8.181805246746432 0.0 4.0 
2179 10243846.8 93.317676561922 80.13424624860359 144.12999316406243 0 233 2.8329 0.0 8.181805246746432 0.0 4.0 
2180 10243880.1 93.317676561922 80.13158770113927 144.12999316406243 0 233 2.8329 0.0 8.181805246746432 0.0 4.0 
2181 10243913.5 93.317676561922 80.13158770113927 144.12999316406243 0 233 2.8329 0.0 8.181805246746432 0.0 4.0 
2182 10243946.8 93.33319013083889 80.13158770113927 144.12999316406243 0 233 2.8329 0.0 8.181805246746432 0.0 4.0 
2183 10243980.1 93.33319013083889 80.12155312258453 144.12999316406243 0 233 2.8329 0.0 8.181805246746432 0.0 4.0 
2184 10244013.5 93.33319013083889 80.12155312258453 144.12999316406243 0 233 2.8329 0.0 8.181805246746432 0.0 4.0 
2185 10244046.8 93.34034585452335 80.11283304300328 144.12999316406243 0 233 2.8329 0.0 8.181805246746432 0.0 4.0 
2186 10244080.1 93.34034585452335 80.11283304300328 144.12999316406243 0 233 2.8329 0.0 8.181805246746432 0.0 4.0 
2187 10244113.5 93.34034585452335 80.11283304300328 144.12999316406243 0 233 2.8329 0.0 8.181805246746432 0.0 4.0 
2188 10244146.8 93.35313586262136 80.10574099231461 144.12999316406243 0 233 2.8329 0.0 8.181805246746432 0.0 4.0 
2189 10244180.1 93.35313586262136 80.10574099231461 144.12999316406243 0 233 2.8329 0.0 8.181805246746432 0.0 4.0 
2190 10244213.5 93.35313586262136 80.10574099231461 144.12999316406243 0 233 2.8329 0.0 8.181805246746432 0.0 4.0 
2191 10244246.8 93.35313586262136 80.10574099231461 144.12999316406243 0 233 2.8329 0.0 8.181805246746432 0.0 4.0 
2192 10244280.2 93.35972926983197 80.10574099231461 144.12999316406243 0 233 2.8329 0.0 8.181805246746432 0.0 4.0 
2193 10244313.5 93.35972926983197 80.10182010144952 144.12999316406243 0 233 2.8329 0.0 8.181805246746432 0.0 4.0 
2194 10244346.8 93.35972926983197 80.10182010144952 144.12999316406243 0 233 2.8329 0.0 8.181805246746432 0.0 4.0 
2195 10244380.2 93.35972926983197 80.10182010144952 144.12999316406243 0 233 2.8329 0.0 8.181805246746432 0.0 4.0 
2196 10244413.5 93.36404131052316 80.10182010144952 144.12999316406243 0 233 2.8329 0.0 8.181805246746432 0.0 4.0 
2197 10244446.8 93.36404131052316 80.09940311177346 144.12999316406243 0 233 2.8329 0.0 8.181805246746432 0.0 4.0 
2198 10244480.2 93.36404131052316 80.09940311177346 144.12999316406243 0 233 2.8329 0.0 8.181805246746432 0.0 4.0 
2199 10244513.5 93.36872827043253 80.09378657717646 144.12999316406243 0 233 2.8329 0.0 8.181805246746432 0.0 4.0 
2200 10244546.8 93.36872827043253 80.09378657717646 144.12999316406243 0 233 2.8329 0.0 8.181805246746432 0.0 4.0 
2201 10244580.2 93.36872827043253 80.09378657717646 144.12999316406243 0 233 2.8329 0.0 8.181805246746432 0.0 4.0 
2202 10244613.5 93.36872827043253 80.09378657717646 144.12999316406243 0 233 2.8329 0.0 8.181805246746432 0.0 4.0 
2203 10244646.9 93.37501115138924 80.09378657717646 144.12999316406243 0 233 2.8329 0.0 8.181805246746432 0.0 4.0 
2204 10244680.2 93.37501115138924 80.08363943709584 144.12999316406243 0 233 2.8329 0.0 8.181805246746432 0.0 4.0 
2205 10244713.5 93.37501115138924 80.08363943709584 144.12999316406243 0 233 2.8329 0.0 8.181805246746432 0.0 4.0 
2206 10244746.9 93.37501115138924 80.08363943709584 144.12999316406243 0 233 2.8329 0.0 8.181805246746432 0.0 4.0 
2207 10244780.2 93.38166639739218 80.08363943709584 144.12999316406243 0 233 2.8329 0.0 8.181805246746432 0.0 4.0 
2208 10244813.5 93.38166639739218 80.07196040311136 144.12999316406243 0 233 2.8329 0.0 8.181805246746432 0.0 4.0 
2209 10244846.9 93.38166639739218 80.07196040311136 144.12999316406243 0 233 2.8329 0.0 8.181805246746432 0.0 4.0 
2210 10244880.2 93.38166639739218 80.07196040311136 144.12999316406243 0 233 2.8329 0.0 8.181805246746432 0.0 4.0 
2211 10244913.5 93.38919928584215 80.07196040311136 144.12999316406243 0 233 2.8329 0.0 8.181805246746432 0.0 4.0 
2212 10244946.9 93.38919928584215 80.06195665129746 144.12999316406243 0 233 2.8329 0.0 8.181805246746432 0.0 4.0 
2213 10244980.2 93.38919928584215 80.06195665129746 144.12999316406243 0 233 2.8329 0.0 8.181805246746432 0.0 4.0 
2214 10245013.5 93.39234785421424 80.05490268068685 144.12999316406243 0 233 2.8329 0.0 8.181805246746432 0.0 4.0 
2215 10245046.9 93.39234785421424 80.05490268068685 144.12999316406243 0 233 2.8329 0.0 8.181805246746432 0.0 4.0 
2216 10245080.2 93.39234785421424 80.05490268068685 144.12999316406243 0 233 2.8329 0.0 8.181805246746432 0.0 4.0 
2217 10245113.6 93.39234785421424 80.05490268068685 144.12999316406243 0 233 2.8329 0.0 8.181805246746432 0.0 4.0 
2218 10245146.9 93.4030272058188 80.04213190574082 144.12999316406243 0 233 2.8329 0.0 8.181805246746432 0.0 4.0 
2219 10245180.2 93.4030272058188 80.04213190574082 144.12999316406243 0 233 2.8329 0.0 8.181805246746432 0.0 4.0 
2220 10245213.6 93.4030272058188 80.04213190574082 144.12999316406243 0 233 2.8329 0.0 8.181805246746432 0.0 4.0 
2221 10245246.9 93.4030272058188 80.04213190574082 144.12999316406243 0 233 2.8329 0.0 8.181805246746432 0.0 4.0 
2222 10245280.2 93.40748332793777 80.04213190574082 144.12999316406243 0 233 2.8329 0.0 8.181805246746432 0.0 4.0 
2223 10245313.6 93.40748332793777 80.03665345826293 144.12999316406243 0 233 2.8329 0.0 8.181805246746432 0.0 4.0 
2224 10245346.9 93.40748332793777 80.03665345826293 144.12999316406243 0 233 2.8329 0.0 8.181805246746432 0.0 4.0 
2225 10245380.2 93.41276202903026 80.03665345826293 144.12999316406243 0 233 2.8329 0.0 8.181805246746432 0.0 4.0 
2226 10245413.6 93.41276202903026 80.0225823669087 144.12999316406243 0 233 2.8329 0.0 8.181805246746432 0.0 4.0 
2227 10245446.9 93.41276202903026 80.0225823669087 144.12999316406243 0 233 2.8329 0.0 8.181805246746432 0.0 4.0 
2228 10245480.3 93.41276202903026 80.0225823669087 144.12999316406243 0 233 2.8329 0.0 8.181805246746432 0.0 4.0 
2229 10245513.6 93.41709886861393 80.01099428059472 144.12999316406243 0 233 2.8329 0.0 8.181805246746432 0.0 4.0 
2230 10245546.9 93.41709886861393 80.01099428059472 144.12999316406243 0 233 2.8329 0.0 8.181805246746432 0.0 4.0 
2231 10245580.3 93.41709886861393 80.01099428059472 144.12999316406243 0 233 2.8329 0.0 8.181805246746432 0.0 4.0 
2232 10245613.6 93.41709886861393 80.01099428059472 144.12999316406243 0 233 2.8329 0.0 8.181805246746432 0.0 4.0 
2233 10245646.9 93.427975422487 80.01099428059472 144.12999316406243 0 233 2.8329 0.0 8.181805246746432 0.0 4.0 
2234 10245680.3 93.427975422487 79.99906192015472 144.12999316406243 0 233 2.8329 0.0 8.181805246746432 0.0 4.0 
2235 10245713.6 93.427975422487 79.99906192015472 144.12999316406243 0 233 2.8329 0.0 8.181805246746432 0.0 4.0 
2236 10245746.9 93.43124202334646 79.99906192015472 144.12999316406243 0 233 2.8329 0.0 8.181805246746432 0.0 4.0 
2237 10245780.3 93.43124202334646 79.9907813806465 144.12999316406243 0 233 2.8329 0.0 8.181805246746432 0.0 4.0 
2238 10245813.6 93.43124202334646 79.9907813806465 144.12999316406243 0 233 2.8329 0.0 8.181805246746432 0.0 4.0 
2239 10245846.9 93.43124202334646 79.9907813806465 144.12999316406243 0 233 2.8329 0.0 8.181805246746432 0.0 4.0 
2240 10245880.3 93.43298931825322 79.98404379716295 144.12999316406243 0 233 2.8329 0.0 8.181805246746432 0.0 4.0 
2241 10245913.6 93.43298931825322 79.98404379716295 144.12999316406243 0 233 2.8329 0.0 8.181805246746432 0.0 4.0 
2242 10245947.0 93.43298931825322 79.98404379716295 144.12999316406243 0 233 2.8329 0.0 8.181805246746432 0.0 4.0 
2243 10245980.3 93.43874568849681 79.98404379716295 144.12999316406243 0 233 2.8329 0.0 8.181805246746432 0.0 4.0 
2244 10246013.6 93.43874568849681 79.97296054478586 144.12999316406243 0 233 2.8329 0.0 8.181805246746432 0.0 4.0 
2245 10246047.0 93.43874568849681 79.97296054478586 144.12999316406243 0 233 2.8329 0.0 8.181805246746432 0.0 4.0 
2246 10246080.3 93.44386065961694 79.97296054478586 144.12999316406243 0 233 2.8329 0.0 8.181805246746432 0.0 4.0 
2247 10246113.6 93.44386065961694 79.96522985530991 144.12999316406243 0 233 2.8329 0.0 8.181805246746432 0.0 4.0 
2248 10246147.0 93.44386065961694 79.96522985530991 144.12999316406243 0 233 2.8329 0.0 8.181805246746432 0.0 4.0 
2249 10246180.3 93.44386065961694 79.96522985530991 144.12999316406243 0 233 2.8329 0.0 8.181805246746432 0.0 4.0 
