# Recording
duration 75.006
nframes 2250
# Camera
framerate 29.997600191984642
imageToStage -0.993727445602417,-0.06086360290646553,0.06086360290646553,-0.993727445602417
rotation -3.080421285766743
imagenormaldir +Z
pixelsize 0.9955896
# Dual color
dualcolormode False
mainside Right
viewmode Splitted
recordingmode Original
translation_x 0.0
translation_y 0.0
rotation 0.0
# Tracking
roi_x 400
roi_y 400
capture_radius 400
min_step 1
threshold 30
binning 4
dark_bg True
mode CMS
area 400
# Frame Time X Y Z minBrightness maxBrightness meanBrightness medianBrightness skewness percentile_5 percentile_95
0 10621042.3 93.83325727839899 78.9334870815629 144.1476044921874 0 233 2.8329 0.0 8.181805246746432 0.0 4.0 
1 10621075.7 93.83325727839899 78.9334870815629 144.1476044921874 0 233 2.8329 0.0 8.181805246746432 0.0 4.0 
2 10621109.0 93.84568197740897 78.9334870815629 144.1476044921874 0 233 2.8329 0.0 8.181805246746432 0.0 4.0 
3 10621142.4 93.84568197740897 78.91890618243572 144.1476044921874 0 233 2.8329 0.0 8.181805246746432 0.0 4.0 
4 10621175.7 93.84568197740897 78.91890618243572 144.1476044921874 0 233 2.8329 0.0 8.181805246746432 0.0 4.0 
5 10621209.0 93.85499134444458 78.91890618243572 144.1476044921874 0 233 2.8329 0.0 8.181805246746432 0.0 4.0 
6 10621242.4 93.85499134444458 78.899702841121 144.1476044921874 0 233 2.8329 0.0 8.181805246746432 0.0 4.0 
7 10621275.7 93.85499134444458 78.899702841121 144.1476044921874 0 233 2.8329 0.0 8.181805246746432 0.0 4.0 
8 10621309.0 93.85499134444458 78.899702841121 144.1476044921874 0 233 2.8329 0.0 8.181805246746432 0.0 4.0 
9 10621342.4 93.8583558875239 78.88938288038801 144.1476044921874 0 233 2.8329 0.0 8.181805246746432 0.0 4.0 
10 10621375.7 93.8583558875239 78.88938288038801 144.1476044921874 0 233 2.8329 0.0 8.181805246746432 0.0 4.0 
11 10621409.0 93.8583558875239 78.88938288038801 144.1476044921874 0 233 2.8329 0.0 8.181805246746432 0.0 4.0 
12 10621442.4 93.86200352342857 78.87132909908726 144.1476044921874 0 233 2.8329 0.0 8.181805246746432 0.0 4.0 
13 10621475.7 93.86200352342857 78.87132909908726 144.1476044921874 0 233 2.8329 0.0 8.181805246746432 0.0 4.0 
14 10621509.1 93.86200352342857 78.87132909908726 144.1476044921874 0 233 2.8329 0.0 8.181805246746432 0.0 4.0 
15 10621542.4 93.86427111881953 78.87132909908726 144.1476044921874 0 233 2.8329 0.0 8.181805246746432 0.0 4.0 
16 10621575.7 93.86427111881953 78.86685840842938 144.1476044921874 0 233 2.8329 0.0 8.181805246746432 0.0 4.0 
17 10621609.1 93.86427111881953 78.86685840842938 144.1476044921874 0 233 2.8329 0.0 8.181805246746432 0.0 4.0 
18 10621642.4 93.86586774219734 78.86685840842938 144.1476044921874 0 233 2.8329 0.0 8.181805246746432 0.0 4.0 
19 10621675.7 93.86586774219734 78.86338126235049 144.1476044921874 0 233 2.8329 0.0 8.181805246746432 0.0 4.0 
20 10621709.1 93.86586774219734 78.86338126235049 144.1476044921874 0 233 2.8329 0.0 8.181805246746432 0.0 4.0 
21 10621742.4 93.86586774219734 78.86338126235049 144.1476044921874 0 233 2.8329 0.0 8.181805246746432 0.0 4.0 
22 10621775.7 93.868372715508 78.86338126235049 144.1476044921874 0 233 2.8329 0.0 8.181805246746432 0.0 4.0 
23 10621809.1 93.868372715508 78.85871760605147 144.1476044921874 0 233 2.8329 0.0 8.181805246746432 0.0 4.0 
24 10621842.4 93.868372715508 78.85871760605147 144.1476044921874 0 233 2.8329 0.0 8.181805246746432 0.0 4.0 
25 10621875.7 93.868372715508 78.85871760605147 144.1476044921874 0 233 2.8329 0.0 8.181805246746432 0.0 4.0 
26 10621909.1 93.868372715508 78.86096624309432 144.1476044921874 0 233 2.8329 0.0 8.181805246746432 0.0 4.0 
27 10621942.4 93.868372715508 78.86096624309432 144.1476044921874 0 233 2.8329 0.0 8.181805246746432 0.0 4.0 
28 10621975.8 93.868372715508 78.86096624309432 144.1476044921874 0 233 2.8329 0.0 8.181805246746432 0.0 4.0 
29 10622009.1 93.87122072538804 78.86096624309432 144.1476044921874 0 233 2.8329 0.0 8.181805246746432 0.0 4.0 
30 10622042.4 93.87122072538804 78.86497662087206 144.1476044921874 0 233 2.8329 0.0 8.181805246746432 0.0 4.0 
31 10622075.8 93.87122072538804 78.86497662087206 144.1476044921874 0 233 2.8329 0.0 8.181805246746432 0.0 4.0 
32 10622109.1 93.87122072538804 78.86497662087206 144.1476044921874 0 233 2.8329 0.0 8.181805246746432 0.0 4.0 
33 10622142.4 93.87626262986339 78.86497662087206 144.1476044921874 0 233 2.8329 0.0 8.181805246746432 0.0 4.0 
34 10622175.8 93.87626262986339 78.86795355019842 144.1476044921874 0 233 2.8329 0.0 8.181805246746432 0.0 4.0 
35 10622209.1 93.87626262986339 78.86795355019842 144.1476044921874 0 233 2.8329 0.0 8.181805246746432 0.0 4.0 
36 10622242.4 93.87626262986339 78.86795355019842 144.1476044921874 0 233 2.8329 0.0 8.181805246746432 0.0 4.0 
37 10622275.8 93.88632203996313 78.86795355019842 144.1476044921874 0 233 2.8329 0.0 8.181805246746432 0.0 4.0 
38 10622309.1 93.88632203996313 78.86282480869843 144.1476044921874 0 233 2.8329 0.0 8.181805246746432 0.0 4.0 
39 10622342.5 93.88632203996313 78.86282480869843 144.1476044921874 0 233 2.8329 0.0 8.181805246746432 0.0 4.0 
40 10622375.8 93.89129293839045 78.86282480869843 144.1476044921874 0 233 2.8329 0.0 8.181805246746432 0.0 4.0 
41 10622409.1 93.89129293839045 78.85242479169645 144.1476044921874 0 233 2.8329 0.0 8.181805246746432 0.0 4.0 
42 10622442.5 93.89129293839045 78.85242479169645 144.1476044921874 0 233 2.8329 0.0 8.181805246746432 0.0 4.0 
43 10622475.8 93.89129293839045 78.84873214230772 144.1476044921874 0 233 2.8329 0.0 8.181805246746432 0.0 4.0 
44 10622509.1 93.89129293839045 78.84873214230772 144.1476044921874 0 233 2.8329 0.0 8.181805246746432 0.0 4.0 
45 10622542.5 93.89129293839045 78.84873214230772 144.1476044921874 0 233 2.8329 0.0 8.181805246746432 0.0 4.0 
46 10622575.8 93.89129293839045 78.84873214230772 144.1476044921874 0 233 2.8329 0.0 8.181805246746432 0.0 4.0 
47 10622609.1 93.89129293839045 78.84873214230772 144.1476044921874 0 233 2.8329 0.0 8.181805246746432 0.0 4.0 
48 10622642.5 93.89129293839045 78.84873214230772 144.1476044921874 0 233 2.8329 0.0 8.181805246746432 0.0 4.0 
49 10622675.8 93.89129293839045 78.84873214230772 144.1476044921874 0 233 2.8329 0.0 8.181805246746432 0.0 4.0 
50 10622709.1 93.89293213773274 78.84873214230772 144.1476044921874 0 233 2.8329 0.0 8.181805246746432 0.0 4.0 
51 10622742.5 93.89293213773274 78.84873214230772 144.1476044921874 0 233 2.8329 0.0 8.181805246746432 0.0 4.0 
52 10622775.8 93.89293213773274 78.84873214230772 144.1476044921874 0 233 2.8329 0.0 8.181805246746432 0.0 4.0 
53 10622809.2 93.89815822407931 78.84873214230772 144.1476044921874 0 233 2.8329 0.0 8.181805246746432 0.0 4.0 
54 10622842.5 93.89815822407931 78.84387052312547 144.1476044921874 0 233 2.8329 0.0 8.181805246746432 0.0 4.0 
55 10622875.8 93.89815822407931 78.84387052312547 144.1476044921874 0 233 2.8329 0.0 8.181805246746432 0.0 4.0 
56 10622909.2 93.89815822407931 78.84387052312547 144.1476044921874 0 233 2.8329 0.0 8.181805246746432 0.0 4.0 
57 10622942.5 93.90612026819623 78.84387052312547 144.1476044921874 0 233 2.8329 0.0 8.181805246746432 0.0 4.0 
58 10622975.8 93.90612026819623 78.83850557509886 144.1476044921874 0 233 2.8329 0.0 8.181805246746432 0.0 4.0 
59 10623009.2 93.90612026819623 78.83850557509886 144.1476044921874 0 233 2.8329 0.0 8.181805246746432 0.0 4.0 
60 10623042.5 93.90612026819623 78.83850557509886 144.1476044921874 0 233 2.8329 0.0 8.181805246746432 0.0 4.0 
61 10623075.8 93.9157479433881 78.83850557509886 144.1476044921874 0 233 2.8329 0.0 8.181805246746432 0.0 4.0 
62 10623109.2 93.9157479433881 78.83253305009195 144.1476044921874 0 233 2.8329 0.0 8.181805246746432 0.0 4.0 
63 10623142.5 93.9157479433881 78.83253305009195 144.1476044921874 0 233 2.8329 0.0 8.181805246746432 0.0 4.0 
64 10623175.9 93.9157479433881 78.83253305009195 144.1476044921874 0 233 2.8329 0.0 8.181805246746432 0.0 4.0 
65 10623209.2 93.9215806939157 78.83253305009195 144.1476044921874 0 233 2.8329 0.0 8.181805246746432 0.0 4.0 
66 10623242.5 93.9215806939157 78.82450894294365 144.1476044921874 0 233 2.8329 0.0 8.181805246746432 0.0 4.0 
67 10623275.9 93.9215806939157 78.82450894294365 144.1476044921874 0 233 2.8329 0.0 8.181805246746432 0.0 4.0 
68 10623309.2 93.9215806939157 78.82450894294365 144.1476044921874 0 233 2.8329 0.0 8.181805246746432 0.0 4.0 
69 10623342.5 93.92475450923841 78.82154423650475 144.1476044921874 0 233 2.8329 0.0 8.181805246746432 0.0 4.0 
70 10623375.9 93.92475450923841 78.82154423650475 144.1476044921874 0 233 2.8329 0.0 8.181805246746432 0.0 4.0 
71 10623409.2 93.92475450923841 78.82154423650475 144.1476044921874 0 233 2.8329 0.0 8.181805246746432 0.0 4.0 
72 10623442.5 93.926536523073 78.82154423650475 144.1476044921874 0 233 2.8329 0.0 8.181805246746432 0.0 4.0 
73 10623475.9 93.926536523073 78.82154423650475 144.1476044921874 0 233 2.8329 0.0 8.181805246746432 0.0 4.0 
74 10623509.2 93.926536523073 78.82154423650475 144.1476044921874 0 233 2.8329 0.0 8.181805246746432 0.0 4.0 
75 10623542.5 93.9279232123491 78.82154423650475 144.1476044921874 0 233 2.8329 0.0 8.181805246746432 0.0 4.0 
76 10623575.9 93.9279232123491 78.82020214738694 144.1476044921874 0 233 2.8329 0.0 8.181805246746432 0.0 4.0 
77 10623609.2 93.9279232123491 78.82020214738694 144.1476044921874 0 233 2.8329 0.0 8.181805246746432 0.0 4.0 
78 10623642.6 93.9279232123491 78.82020214738694 144.1476044921874 0 233 2.8329 0.0 8.181805246746432 0.0 4.0 
79 10623675.9 93.9279232123491 78.817291701668 144.1476044921874 0 233 2.8329 0.0 8.181805246746432 0.0 4.0 
80 10623709.2 93.9279232123491 78.817291701668 144.1476044921874 0 233 2.8329 0.0 8.181805246746432 0.0 4.0 
81 10623742.6 93.92998660757601 78.817291701668 144.1476044921874 0 233 2.8329 0.0 8.181805246746432 0.0 4.0 
82 10623775.9 93.92998660757601 78.81050865887127 144.1476044921874 0 233 2.8329 0.0 8.181805246746432 0.0 4.0 
83 10623809.2 93.92998660757601 78.81050865887127 144.1476044921874 0 233 2.8329 0.0 8.181805246746432 0.0 4.0 
84 10623842.6 93.92998660757601 78.81050865887127 144.1476044921874 0 233 2.8329 0.0 8.181805246746432 0.0 4.0 
85 10623875.9 93.92998660757601 78.80936233138097 144.1476044921874 0 233 2.8329 0.0 8.181805246746432 0.0 4.0 
86 10623909.2 93.92998660757601 78.80936233138097 144.1476044921874 0 233 2.8329 0.0 8.181805246746432 0.0 4.0 
87 10623942.6 93.92998660757601 78.80936233138097 144.1476044921874 0 233 2.8329 0.0 8.181805246746432 0.0 4.0 
88 10623975.9 93.9313771658663 78.80936233138097 144.1476044921874 0 233 2.8329 0.0 8.181805246746432 0.0 4.0 
89 10624009.3 93.9313771658663 78.80496868736817 144.1476044921874 0 233 2.8329 0.0 8.181805246746432 0.0 4.0 
90 10624042.6 93.9313771658663 78.80496868736817 144.1476044921874 0 233 2.8329 0.0 8.181805246746432 0.0 4.0 
91 10624075.9 93.9313771658663 78.80496868736817 144.1476044921874 0 233 2.8329 0.0 8.181805246746432 0.0 4.0 
92 10624109.3 93.9245034564369 78.80496868736817 144.1476044921874 0 233 2.8329 0.0 8.181805246746432 0.0 4.0 
93 10624142.6 93.9245034564369 78.82177917690016 144.1476044921874 0 233 2.8329 0.0 8.181805246746432 0.0 4.0 
94 10624175.9 93.9245034564369 78.82177917690016 144.1476044921874 0 233 2.8329 0.0 8.181805246746432 0.0 4.0 
95 10624209.3 93.91290667299224 78.82177917690016 144.1476044921874 0 233 2.8329 0.0 8.181805246746432 0.0 4.0 
96 10624242.6 93.91290667299224 78.84733709276776 144.1476044921874 0 233 2.8329 0.0 8.181805246746432 0.0 4.0 
97 10624275.9 93.91290667299224 78.84733709276776 144.1476044921874 0 233 2.8329 0.0 8.181805246746432 0.0 4.0 
98 10624309.3 93.91290667299224 78.84733709276776 144.1476044921874 0 233 2.8329 0.0 8.181805246746432 0.0 4.0 
99 10624342.6 93.91290667299224 78.84733709276776 144.1476044921874 0 233 2.8329 0.0 8.181805246746432 0.0 4.0 
100 10624375.9 93.90167088868316 78.84733709276776 144.1476044921874 0 233 2.8329 0.0 8.181805246746432 0.0 4.0 
101 10624409.3 93.90167088868316 78.86708922705242 144.1476044921874 0 233 2.8329 0.0 8.181805246746432 0.0 4.0 
102 10624442.6 93.90167088868316 78.86708922705242 144.1476044921874 0 233 2.8329 0.0 8.181805246746432 0.0 4.0 
103 10624476.0 93.90167088868316 78.86708922705242 144.1476044921874 0 233 2.8329 0.0 8.181805246746432 0.0 4.0 
104 10624509.3 93.88308138377387 78.89070134136965 144.1476044921874 0 233 2.8329 0.0 8.181805246746432 0.0 4.0 
105 10624542.6 93.88308138377387 78.89070134136965 144.1476044921874 0 233 2.8329 0.0 8.181805246746432 0.0 4.0 
106 10624576.0 93.88308138377387 78.89070134136965 144.1476044921874 0 233 2.8329 0.0 8.181805246746432 0.0 4.0 
107 10624609.3 93.88308138377387 78.89070134136965 144.1476044921874 0 233 2.8329 0.0 8.181805246746432 0.0 4.0 
108 10624642.6 93.8623256447834 78.89070134136965 144.1476044921874 0 233 2.8329 0.0 8.181805246746432 0.0 4.0 
109 10624676.0 93.8623256447834 78.91364015064656 144.1476044921874 0 233 2.8329 0.0 8.181805246746432 0.0 4.0 
110 10624709.3 93.8623256447834 78.91364015064656 144.1476044921874 0 233 2.8329 0.0 8.181805246746432 0.0 4.0 
111 10624742.6 93.8623256447834 78.91364015064656 144.1476044921874 0 233 2.8329 0.0 8.181805246746432 0.0 4.0 
112 10624776.0 93.84316905524149 78.91364015064656 144.1476044921874 0 233 2.8329 0.0 8.181805246746432 0.0 4.0 
113 10624809.3 93.84316905524149 78.93560684133934 144.1476044921874 0 233 2.8329 0.0 8.181805246746432 0.0 4.0 
114 10624842.7 93.84316905524149 78.93560684133934 144.1476044921874 0 233 2.8329 0.0 8.181805246746432 0.0 4.0 
115 10624876.0 93.84316905524149 78.93560684133934 144.1476044921874 0 233 2.8329 0.0 8.181805246746432 0.0 4.0 
116 10624909.3 93.8172325137829 78.9589731690064 144.1476044921874 0 233 2.8329 0.0 8.181805246746432 0.0 4.0 
117 10624942.7 93.8172325137829 78.9589731690064 144.1476044921874 0 233 2.8329 0.0 8.181805246746432 0.0 4.0 
118 10624976.0 93.8172325137829 78.9589731690064 144.1476044921874 0 233 2.8329 0.0 8.181805246746432 0.0 4.0 
119 10625009.3 93.8172325137829 78.9589731690064 144.1476044921874 0 233 2.8329 0.0 8.181805246746432 0.0 4.0 
120 10625042.7 93.78873082444068 78.9589731690064 144.1476044921874 0 233 2.8329 0.0 8.181805246746432 0.0 4.0 
121 10625076.0 93.78873082444068 78.97849615965744 144.1476044921874 0 233 2.8329 0.0 8.181805246746432 0.0 4.0 
122 10625109.3 93.78873082444068 78.97849615965744 144.1476044921874 0 233 2.8329 0.0 8.181805246746432 0.0 4.0 
123 10625142.7 93.78873082444068 78.97849615965744 144.1476044921874 0 233 2.8329 0.0 8.181805246746432 0.0 4.0 
124 10625176.0 93.78873082444068 78.97849615965744 144.1476044921874 0 233 2.8329 0.0 8.181805246746432 0.0 4.0 
125 10625209.3 93.76595468967943 79.00718321965753 144.1476044921874 0 233 2.8329 0.0 8.181805246746432 0.0 4.0 
126 10625242.7 93.76595468967943 79.00718321965753 144.1476044921874 0 233 2.8329 0.0 8.181805246746432 0.0 4.0 
127 10625276.0 93.76595468967943 79.00718321965753 144.1476044921874 0 233 2.8329 0.0 8.181805246746432 0.0 4.0 
128 10625309.4 93.7568099969275 79.00718321965753 144.1476044921874 0 233 2.8329 0.0 8.181805246746432 0.0 4.0 
129 10625342.7 93.7568099969275 79.02951047259397 144.1476044921874 0 233 2.8329 0.0 8.181805246746432 0.0 4.0 
130 10625376.0 93.7568099969275 79.02951047259397 144.1476044921874 0 233 2.8329 0.0 8.181805246746432 0.0 4.0 
131 10625409.4 93.7568099969275 79.02951047259397 144.1476044921874 0 233 2.8329 0.0 8.181805246746432 0.0 4.0 
132 10625442.7 93.7549785444386 79.02951047259397 144.1476044921874 0 233 2.8329 0.0 8.181805246746432 0.0 4.0 
133 10625476.0 93.7549785444386 79.05208385853393 144.1476044921874 0 233 2.8329 0.0 8.181805246746432 0.0 4.0 
134 10625509.4 93.7549785444386 79.05208385853393 144.1476044921874 0 233 2.8329 0.0 8.181805246746432 0.0 4.0 
135 10625542.7 93.7549785444386 79.05208385853393 144.1476044921874 0 233 2.8329 0.0 8.181805246746432 0.0 4.0 
136 10625576.0 93.75601081872553 79.05208385853393 144.1476044921874 0 233 2.8329 0.0 8.181805246746432 0.0 4.0 
137 10625609.4 93.75601081872553 79.06235789707002 144.1476044921874 0 233 2.8329 0.0 8.181805246746432 0.0 4.0 
138 10625642.7 93.75601081872553 79.06235789707002 144.1476044921874 0 233 2.8329 0.0 8.181805246746432 0.0 4.0 
139 10625676.1 93.75847099688868 79.07450857568759 144.1476044921874 0 233 2.8329 0.0 8.181805246746432 0.0 4.0 
140 10625709.4 93.75847099688868 79.07450857568759 144.1476044921874 0 233 2.8329 0.0 8.181805246746432 0.0 4.0 
141 10625742.7 93.75847099688868 79.07450857568759 144.1476044921874 0 233 2.8329 0.0 8.181805246746432 0.0 4.0 
142 10625776.1 93.7629922441382 79.08487578338782 144.1476044921874 0 233 2.8329 0.0 8.181805246746432 0.0 4.0 
143 10625809.4 93.7629922441382 79.08487578338782 144.1476044921874 0 233 2.8329 0.0 8.181805246746432 0.0 4.0 
144 10625842.7 93.7629922441382 79.08487578338782 144.1476044921874 0 233 2.8329 0.0 8.181805246746432 0.0 4.0 
145 10625876.1 93.76790384446345 79.08487578338782 144.1476044921874 0 233 2.8329 0.0 8.181805246746432 0.0 4.0 
146 10625909.4 93.76790384446345 79.09231466272936 144.1476044921874 0 233 2.8329 0.0 8.181805246746432 0.0 4.0 
147 10625942.7 93.76790384446345 79.09231466272936 144.1476044921874 0 233 2.8329 0.0 8.181805246746432 0.0 4.0 
148 10625976.1 93.76790384446345 79.09231466272936 144.1476044921874 0 233 2.8329 0.0 8.181805246746432 0.0 4.0 
149 10626009.4 93.77342168474107 79.1111956480842 144.1476044921874 0 233 2.8329 0.0 8.181805246746432 0.0 4.0 
150 10626042.7 93.77342168474107 79.1111956480842 144.1476044921874 0 233 2.8329 0.0 8.181805246746432 0.0 4.0 
151 10626076.1 93.77342168474107 79.1111956480842 144.1476044921874 0 233 2.8329 0.0 8.181805246746432 0.0 4.0 
152 10626109.4 93.77342168474107 79.1111956480842 144.1476044921874 0 233 2.8329 0.0 8.181805246746432 0.0 4.0 
153 10626142.8 93.78191955694332 79.13492831386262 144.1476044921874 0 233 2.8329 0.0 8.181805246746432 0.0 4.0 
154 10626176.1 93.78191955694332 79.13492831386262 144.1476044921874 0 233 2.8329 0.0 8.181805246746432 0.0 4.0 
155 10626209.4 93.78191955694332 79.13492831386262 144.1476044921874 0 233 2.8329 0.0 8.181805246746432 0.0 4.0 
156 10626242.8 93.78191955694332 79.13492831386262 144.1476044921874 0 233 2.8329 0.0 8.181805246746432 0.0 4.0 
157 10626276.1 93.79121557442652 79.13492831386262 144.1476044921874 0 233 2.8329 0.0 8.181805246746432 0.0 4.0 
158 10626309.4 93.79121557442652 79.15071079510257 144.1476044921874 0 233 2.8329 0.0 8.181805246746432 0.0 4.0 
159 10626342.8 93.79121557442652 79.15071079510257 144.1476044921874 0 233 2.8329 0.0 8.181805246746432 0.0 4.0 
160 10626376.1 93.79121557442652 79.15071079510257 144.1476044921874 0 233 2.8329 0.0 8.181805246746432 0.0 4.0 
161 10626409.4 93.80054987919883 79.16370605432991 144.1476044921874 0 233 2.8329 0.0 8.181805246746432 0.0 4.0 
162 10626442.8 93.80054987919883 79.16370605432991 144.1476044921874 0 233 2.8329 0.0 8.181805246746432 0.0 4.0 
163 10626476.1 93.80054987919883 79.16370605432991 144.1476044921874 0 233 2.8329 0.0 8.181805246746432 0.0 4.0 
164 10626509.5 93.80341323849468 79.16517309160079 144.1476044921874 0 233 2.8329 0.0 8.181805246746432 0.0 4.0 
165 10626542.8 93.80341323849468 79.16517309160079 144.1476044921874 0 233 2.8329 0.0 8.181805246746432 0.0 4.0 
166 10626576.1 93.80341323849468 79.16517309160079 144.1476044921874 0 233 2.8329 0.0 8.181805246746432 0.0 4.0 
167 10626609.5 93.80341323849468 79.16517309160079 144.1476044921874 0 233 2.8329 0.0 8.181805246746432 0.0 4.0 
168 10626642.8 93.80341323849468 79.16517309160079 144.1476044921874 0 233 2.8329 0.0 8.181805246746432 0.0 4.0 
169 10626676.1 93.80341323849468 79.16517309160079 144.1476044921874 0 233 2.8329 0.0 8.181805246746432 0.0 4.0 
170 10626709.5 93.79988393947983 79.16517309160079 144.1476044921874 0 233 2.8329 0.0 8.181805246746432 0.0 4.0 
171 10626742.8 93.79988393947983 79.15959647224558 144.1476044921874 0 233 2.8329 0.0 8.181805246746432 0.0 4.0 
172 10626776.1 93.79988393947983 79.15959647224558 144.1476044921874 0 233 2.8329 0.0 8.181805246746432 0.0 4.0 
173 10626809.5 93.7941790384406 79.1456194463065 144.1476044921874 0 233 2.8329 0.0 8.181805246746432 0.0 4.0 
174 10626842.8 93.7941790384406 79.1456194463065 144.1476044921874 0 233 2.8329 0.0 8.181805246746432 0.0 4.0 
175 10626876.1 93.7941790384406 79.1456194463065 144.1476044921874 0 233 2.8329 0.0 8.181805246746432 0.0 4.0 
176 10626909.5 93.78128400887411 79.13085972035918 144.1476044921874 0 233 2.8329 0.0 8.181805246746432 0.0 4.0 
177 10626942.8 93.78128400887411 79.13085972035918 144.1476044921874 0 233 2.8329 0.0 8.181805246746432 0.0 4.0 
178 10626976.2 93.78128400887411 79.13085972035918 144.1476044921874 0 233 2.8329 0.0 8.181805246746432 0.0 4.0 
179 10627009.5 93.78128400887411 79.13085972035918 144.1476044921874 0 233 2.8329 0.0 8.181805246746432 0.0 4.0 
180 10627042.8 93.76633990087655 79.13085972035918 144.1476044921874 0 233 2.8329 0.0 8.181805246746432 0.0 4.0 
181 10627076.2 93.76633990087655 79.11913140922672 144.1476044921874 0 233 2.8329 0.0 8.181805246746432 0.0 4.0 
182 10627109.5 93.76633990087655 79.11913140922672 144.1476044921874 0 233 2.8329 0.0 8.181805246746432 0.0 4.0 
183 10627142.8 93.74139486172629 79.11913140922672 144.1476044921874 0 233 2.8329 0.0 8.181805246746432 0.0 4.0 
184 10627176.2 93.74139486172629 79.10437784029406 144.1476044921874 0 233 2.8329 0.0 8.181805246746432 0.0 4.0 
185 10627209.5 93.74139486172629 79.10437784029406 144.1476044921874 0 233 2.8329 0.0 8.181805246746432 0.0 4.0 
186 10627242.8 93.74139486172629 79.10437784029406 144.1476044921874 0 233 2.8329 0.0 8.181805246746432 0.0 4.0 
187 10627276.2 93.7108534548028 79.10437784029406 144.1476044921874 0 233 2.8329 0.0 8.181805246746432 0.0 4.0 
188 10627309.5 93.7108534548028 79.09864909275299 144.1476044921874 0 233 2.8329 0.0 8.181805246746432 0.0 4.0 
189 10627342.9 93.7108534548028 79.09864909275299 144.1476044921874 0 233 2.8329 0.0 8.181805246746432 0.0 4.0 
190 10627376.2 93.7108534548028 79.09864909275299 144.1476044921874 0 233 2.8329 0.0 8.181805246746432 0.0 4.0 
191 10627409.5 93.7108534548028 79.09864909275299 144.1476044921874 0 233 2.8329 0.0 8.181805246746432 0.0 4.0 
192 10627442.9 93.68212167126143 79.09864909275299 144.1476044921874 0 233 2.8329 0.0 8.181805246746432 0.0 4.0 
193 10627476.2 93.68212167126143 79.09602681029557 144.1476044921874 0 233 2.8329 0.0 8.181805246746432 0.0 4.0 
194 10627509.5 93.68212167126143 79.09602681029557 144.1476044921874 0 233 2.8329 0.0 8.181805246746432 0.0 4.0 
195 10627542.9 93.68212167126143 79.09602681029557 144.1476044921874 0 233 2.8329 0.0 8.181805246746432 0.0 4.0 
196 10627576.2 93.68212167126143 79.09602681029557 144.1476044921874 0 233 2.8329 0.0 8.181805246746432 0.0 4.0 
197 10627609.5 93.66414327345802 79.09602681029557 144.1476044921874 0 233 2.8329 0.0 8.181805246746432 0.0 4.0 
198 10627642.9 93.66414327345802 79.09602681029557 144.1476044921874 0 233 2.8329 0.0 8.181805246746432 0.0 4.0 
199 10627676.2 93.66414327345802 79.09602681029557 144.1476044921874 0 233 2.8329 0.0 8.181805246746432 0.0 4.0 
200 10627709.5 93.66414327345802 79.09602681029557 144.1476044921874 0 233 2.8329 0.0 8.181805246746432 0.0 4.0 
201 10627742.9 93.65108790147664 79.09602681029557 144.1476044921874 0 233 2.8329 0.0 8.181805246746432 0.0 4.0 
202 10627776.2 93.65108790147664 79.10202743931818 144.1476044921874 0 233 2.8329 0.0 8.181805246746432 0.0 4.0 
203 10627809.6 93.65108790147664 79.10202743931818 144.1476044921874 0 233 2.8329 0.0 8.181805246746432 0.0 4.0 
204 10627842.9 93.65108790147664 79.10202743931818 144.1476044921874 0 233 2.8329 0.0 8.181805246746432 0.0 4.0 
205 10627876.2 93.63419949349827 79.11166801882538 144.1476044921874 0 233 2.8329 0.0 8.181805246746432 0.0 4.0 
206 10627909.6 93.63419949349827 79.11166801882538 144.1476044921874 0 233 2.8329 0.0 8.181805246746432 0.0 4.0 
207 10627942.9 93.63419949349827 79.11166801882538 144.1476044921874 0 233 2.8329 0.0 8.181805246746432 0.0 4.0 
208 10627976.2 93.63419949349827 79.11166801882538 144.1476044921874 0 233 2.8329 0.0 8.181805246746432 0.0 4.0 
209 10628009.6 93.62116181144705 79.11166801882538 144.1476044921874 0 233 2.8329 0.0 8.181805246746432 0.0 4.0 
210 10628042.9 93.62116181144705 79.11733860637953 144.1476044921874 0 233 2.8329 0.0 8.181805246746432 0.0 4.0 
211 10628076.2 93.62116181144705 79.11733860637953 144.1476044921874 0 233 2.8329 0.0 8.181805246746432 0.0 4.0 
212 10628109.6 93.62116181144705 79.11733860637953 144.1476044921874 0 233 2.8329 0.0 8.181805246746432 0.0 4.0 
213 10628142.9 93.60823041283464 79.11733860637953 144.1476044921874 0 233 2.8329 0.0 8.181805246746432 0.0 4.0 
214 10628176.3 93.60823041283464 79.12095101645853 144.1476044921874 0 233 2.8329 0.0 8.181805246746432 0.0 4.0 
215 10628209.6 93.60823041283464 79.12095101645853 144.1476044921874 0 233 2.8329 0.0 8.181805246746432 0.0 4.0 
216 10628242.9 93.60180390315686 79.12095101645853 144.1476044921874 0 233 2.8329 0.0 8.181805246746432 0.0 4.0 
217 10628276.3 93.60180390315686 79.12196420561294 144.1476044921874 0 233 2.8329 0.0 8.181805246746432 0.0 4.0 
218 10628309.6 93.60180390315686 79.12196420561294 144.1476044921874 0 233 2.8329 0.0 8.181805246746432 0.0 4.0 
219 10628342.9 93.59297974700479 79.12345338522366 144.1476044921874 0 233 2.8329 0.0 8.181805246746432 0.0 4.0 
220 10628376.3 93.59297974700479 79.12345338522366 144.1476044921874 0 233 2.8329 0.0 8.181805246746432 0.0 4.0 
221 10628409.6 93.59297974700479 79.12345338522366 144.1476044921874 0 233 2.8329 0.0 8.181805246746432 0.0 4.0 
222 10628442.9 93.59297974700479 79.12345338522366 144.1476044921874 0 233 2.8329 0.0 8.181805246746432 0.0 4.0 
223 10628476.3 93.58677495443074 79.12345338522366 144.1476044921874 0 233 2.8329 0.0 8.181805246746432 0.0 4.0 
224 10628509.6 93.58677495443074 79.12456199098933 144.1476044921874 0 233 2.8329 0.0 8.181805246746432 0.0 4.0 
225 10628542.9 93.58677495443074 79.12456199098933 144.1476044921874 0 233 2.8329 0.0 8.181805246746432 0.0 4.0 
226 10628576.3 93.57899090114387 79.12456199098933 144.1476044921874 0 233 2.8329 0.0 8.181805246746432 0.0 4.0 
227 10628609.6 93.57899090114387 79.12456199098933 144.1476044921874 0 233 2.8329 0.0 8.181805246746432 0.0 4.0 
228 10628643.0 93.57899090114387 79.12456199098933 144.1476044921874 0 233 2.8329 0.0 8.181805246746432 0.0 4.0 
229 10628676.3 93.57240897081105 79.12594790637722 144.1476044921874 0 233 2.8329 0.0 8.181805246746432 0.0 4.0 
230 10628709.6 93.57240897081105 79.12594790637722 144.1476044921874 0 233 2.8329 0.0 8.181805246746432 0.0 4.0 
231 10628743.0 93.57240897081105 79.12594790637722 144.1476044921874 0 233 2.8329 0.0 8.181805246746432 0.0 4.0 
232 10628776.3 93.57240897081105 79.12594790637722 144.1476044921874 0 233 2.8329 0.0 8.181805246746432 0.0 4.0 
233 10628809.6 93.56935986527296 79.12594790637722 144.1476044921874 0 233 2.8329 0.0 8.181805246746432 0.0 4.0 
234 10628843.0 93.56935986527296 79.12594790637722 144.1476044921874 0 233 2.8329 0.0 8.181805246746432 0.0 4.0 
235 10628876.3 93.56935986527296 79.12594790637722 144.1476044921874 0 233 2.8329 0.0 8.181805246746432 0.0 4.0 
236 10628909.6 93.56340732950673 79.12594790637722 144.1476044921874 0 233 2.8329 0.0 8.181805246746432 0.0 4.0 
237 10628943.0 93.56340732950673 79.12771568569293 144.1476044921874 0 233 2.8329 0.0 8.181805246746432 0.0 4.0 
238 10628976.3 93.56340732950673 79.12771568569293 144.1476044921874 0 233 2.8329 0.0 8.181805246746432 0.0 4.0 
239 10629009.7 93.55585107550347 79.12771568569293 144.1476044921874 0 233 2.8329 0.0 8.181805246746432 0.0 4.0 
240 10629043.0 93.55585107550347 79.13474492091015 144.1476044921874 0 233 2.8329 0.0 8.181805246746432 0.0 4.0 
241 10629076.3 93.55585107550347 79.13474492091015 144.1476044921874 0 233 2.8329 0.0 8.181805246746432 0.0 4.0 
242 10629109.7 93.55585107550347 79.13474492091015 144.1476044921874 0 233 2.8329 0.0 8.181805246746432 0.0 4.0 
243 10629143.0 93.55316433932984 79.13474492091015 144.1476044921874 0 233 2.8329 0.0 8.181805246746432 0.0 4.0 
244 10629176.3 93.55316433932984 79.13474492091015 144.1476044921874 0 233 2.8329 0.0 8.181805246746432 0.0 4.0 
245 10629209.7 93.55316433932984 79.13474492091015 144.1476044921874 0 233 2.8329 0.0 8.181805246746432 0.0 4.0 
246 10629243.0 93.54521933672937 79.13474492091015 144.1476044921874 0 233 2.8329 0.0 8.181805246746432 0.0 4.0 
247 10629276.3 93.54521933672937 79.13174608745568 144.1476044921874 0 233 2.8329 0.0 8.181805246746432 0.0 4.0 
248 10629309.7 93.54521933672937 79.13174608745568 144.1476044921874 0 233 2.8329 0.0 8.181805246746432 0.0 4.0 
249 10629343.0 93.54521933672937 79.13174608745568 144.1476044921874 0 233 2.8329 0.0 8.181805246746432 0.0 4.0 
250 10629376.3 93.53867265306249 79.13174608745568 144.1476044921874 0 233 2.8329 0.0 8.181805246746432 0.0 4.0 
251 10629409.7 93.53867265306249 79.1255018718666 144.1476044921874 0 233 2.8329 0.0 8.181805246746432 0.0 4.0 
252 10629443.0 93.53867265306249 79.1255018718666 144.1476044921874 0 233 2.8329 0.0 8.181805246746432 0.0 4.0 
253 10629476.4 93.53867265306249 79.1255018718666 144.1476044921874 0 233 2.8329 0.0 8.181805246746432 0.0 4.0 
254 10629509.7 93.52923395619872 79.11473146466136 144.1476044921874 0 233 2.8329 0.0 8.181805246746432 0.0 4.0 
255 10629543.0 93.52923395619872 79.11473146466136 144.1476044921874 0 233 2.8329 0.0 8.181805246746432 0.0 4.0 
256 10629576.4 93.52923395619872 79.11473146466136 144.1476044921874 0 233 2.8329 0.0 8.181805246746432 0.0 4.0 
257 10629609.7 93.52923395619872 79.11473146466136 144.1476044921874 0 233 2.8329 0.0 8.181805246746432 0.0 4.0 
258 10629643.0 93.51915072680163 79.10213799003135 144.1476044921874 0 233 2.8329 0.0 8.181805246746432 0.0 4.0 
259 10629676.4 93.51915072680163 79.10213799003135 144.1476044921874 0 233 2.8329 0.0 8.181805246746432 0.0 4.0 
260 10629709.7 93.51915072680163 79.10213799003135 144.1476044921874 0 233 2.8329 0.0 8.181805246746432 0.0 4.0 
261 10629743.0 93.51915072680163 79.10213799003135 144.1476044921874 0 233 2.8329 0.0 8.181805246746432 0.0 4.0 
262 10629776.4 93.50857460699588 79.10213799003135 144.1476044921874 0 233 2.8329 0.0 8.181805246746432 0.0 4.0 
263 10629809.7 93.50857460699588 79.08824472724177 144.1476044921874 0 233 2.8329 0.0 8.181805246746432 0.0 4.0 
264 10629843.1 93.50857460699588 79.08824472724177 144.1476044921874 0 233 2.8329 0.0 8.181805246746432 0.0 4.0 
265 10629876.4 93.49707304284071 79.06458674706003 144.1476044921874 0 233 2.8329 0.0 8.181805246746432 0.0 4.0 
266 10629909.7 93.49707304284071 79.06458674706003 144.1476044921874 0 233 2.8329 0.0 8.181805246746432 0.0 4.0 
267 10629943.1 93.49707304284071 79.06458674706003 144.1476044921874 0 233 2.8329 0.0 8.181805246746432 0.0 4.0 
268 10629976.4 93.49707304284071 79.06458674706003 144.1476044921874 0 233 2.8329 0.0 8.181805246746432 0.0 4.0 
269 10630009.7 93.49124114962517 79.06458674706003 144.1476044921874 0 233 2.8329 0.0 8.181805246746432 0.0 4.0 
270 10630043.1 93.49124114962517 79.04575948603112 144.1476044921874 0 233 2.8329 0.0 8.181805246746432 0.0 4.0 
271 10630076.4 93.49124114962517 79.04575948603112 144.1476044921874 0 233 2.8329 0.0 8.181805246746432 0.0 4.0 
272 10630109.7 93.49124114962517 79.04575948603112 144.1476044921874 0 233 2.8329 0.0 8.181805246746432 0.0 4.0 
273 10630143.1 93.48439095331132 79.04575948603112 144.1476044921874 0 233 2.8329 0.0 8.181805246746432 0.0 4.0 
274 10630176.4 93.48439095331132 79.02567009071696 144.1476044921874 0 233 2.8329 0.0 8.181805246746432 0.0 4.0 
275 10630209.7 93.48439095331132 79.02567009071696 144.1476044921874 0 233 2.8329 0.0 8.181805246746432 0.0 4.0 
276 10630243.1 93.47914301064309 79.00405480839507 144.1476044921874 0 233 2.8329 0.0 8.181805246746432 0.0 4.0 
277 10630276.4 93.47914301064309 79.00405480839507 144.1476044921874 0 233 2.8329 0.0 8.181805246746432 0.0 4.0 
278 10630309.8 93.47914301064309 79.00405480839507 144.1476044921874 0 233 2.8329 0.0 8.181805246746432 0.0 4.0 
279 10630343.1 93.47914301064309 79.00405480839507 144.1476044921874 0 233 2.8329 0.0 8.181805246746432 0.0 4.0 
280 10630376.4 93.47782082600062 78.98875767463518 144.1476044921874 0 233 2.8329 0.0 8.181805246746432 0.0 4.0 
281 10630409.8 93.47782082600062 78.98875767463518 144.1476044921874 0 233 2.8329 0.0 8.181805246746432 0.0 4.0 
282 10630443.1 93.47782082600062 78.98875767463518 144.1476044921874 0 233 2.8329 0.0 8.181805246746432 0.0 4.0 
283 10630476.4 93.47782082600062 78.97081207379915 144.1476044921874 0 233 2.8329 0.0 8.181805246746432 0.0 4.0 
284 10630509.8 93.47782082600062 78.97081207379915 144.1476044921874 0 233 2.8329 0.0 8.181805246746432 0.0 4.0 
285 10630543.1 93.47782082600062 78.97081207379915 144.1476044921874 0 233 2.8329 0.0 8.181805246746432 0.0 4.0 
286 10630576.4 93.47782082600062 78.97081207379915 144.1476044921874 0 233 2.8329 0.0 8.181805246746432 0.0 4.0 
287 10630609.8 93.47782082600062 78.95352696969499 144.1476044921874 0 233 2.8329 0.0 8.181805246746432 0.0 4.0 
288 10630643.1 93.47782082600062 78.95352696969499 144.1476044921874 0 233 2.8329 0.0 8.181805246746432 0.0 4.0 
289 10630676.5 93.47782082600062 78.95352696969499 144.1476044921874 0 233 2.8329 0.0 8.181805246746432 0.0 4.0 
290 10630709.8 93.47782082600062 78.95352696969499 144.1476044921874 0 233 2.8329 0.0 8.181805246746432 0.0 4.0 
291 10630743.1 93.47782082600062 78.93596614823105 144.1476044921874 0 233 2.8329 0.0 8.181805246746432 0.0 4.0 
292 10630776.5 93.47782082600062 78.93596614823105 144.1476044921874 0 233 2.8329 0.0 8.181805246746432 0.0 4.0 
293 10630809.8 93.47782082600062 78.93596614823105 144.1476044921874 0 233 2.8329 0.0 8.181805246746432 0.0 4.0 
294 10630843.1 93.47782082600062 78.93596614823105 144.1476044921874 0 233 2.8329 0.0 8.181805246746432 0.0 4.0 
295 10630876.5 93.47782082600062 78.9143540277801 144.1476044921874 0 233 2.8329 0.0 8.181805246746432 0.0 4.0 
296 10630909.8 93.47782082600062 78.9143540277801 144.1476044921874 0 233 2.8329 0.0 8.181805246746432 0.0 4.0 
297 10630943.1 93.47782082600062 78.9143540277801 144.1476044921874 0 233 2.8329 0.0 8.181805246746432 0.0 4.0 
298 10630976.5 93.47782082600062 78.9143540277801 144.1476044921874 0 233 2.8329 0.0 8.181805246746432 0.0 4.0 
299 10631009.8 93.47782082600062 78.89607316492784 144.1476044921874 0 233 2.8329 0.0 8.181805246746432 0.0 4.0 
300 10631043.1 93.47782082600062 78.89607316492784 144.1476044921874 0 233 2.8329 0.0 8.181805246746432 0.0 4.0 
301 10631076.5 93.47782082600062 78.89607316492784 144.1476044921874 0 233 2.8329 0.0 8.181805246746432 0.0 4.0 
302 10631109.8 93.47555389117464 78.87902360413653 144.1476044921874 0 233 2.8329 0.0 8.181805246746432 0.0 4.0 
303 10631143.2 93.47555389117464 78.87902360413653 144.1476044921874 0 233 2.8329 0.0 8.181805246746432 0.0 4.0 
304 10631176.5 93.47555389117464 78.87902360413653 144.1476044921874 0 233 2.8329 0.0 8.181805246746432 0.0 4.0 
305 10631209.8 93.47555389117464 78.87902360413653 144.1476044921874 0 233 2.8329 0.0 8.181805246746432 0.0 4.0 
306 10631243.2 93.46618699483506 78.87902360413653 144.1476044921874 0 233 2.8329 0.0 8.181805246746432 0.0 4.0 
307 10631276.5 93.46618699483506 78.8592008799598 144.1476044921874 0 233 2.8329 0.0 8.181805246746432 0.0 4.0 
308 10631309.8 93.46618699483506 78.8592008799598 144.1476044921874 0 233 2.8329 0.0 8.181805246746432 0.0 4.0 
309 10631343.2 93.45296115708253 78.8592008799598 144.1476044921874 0 233 2.8329 0.0 8.181805246746432 0.0 4.0 
310 10631376.5 93.45296115708253 78.83785577850718 144.1476044921874 0 233 2.8329 0.0 8.181805246746432 0.0 4.0 
311 10631409.8 93.45296115708253 78.83785577850718 144.1476044921874 0 233 2.8329 0.0 8.181805246746432 0.0 4.0 
312 10631443.2 93.45296115708253 78.83785577850718 144.1476044921874 0 233 2.8329 0.0 8.181805246746432 0.0 4.0 
313 10631476.5 93.44316502144366 78.82334702999432 144.1476044921874 0 233 2.8329 0.0 8.181805246746432 0.0 4.0 
314 10631509.9 93.44316502144366 78.82334702999432 144.1476044921874 0 233 2.8329 0.0 8.181805246746432 0.0 4.0 
315 10631543.2 93.44316502144366 78.82334702999432 144.1476044921874 0 233 2.8329 0.0 8.181805246746432 0.0 4.0 
316 10631576.5 93.44316502144366 78.82334702999432 144.1476044921874 0 233 2.8329 0.0 8.181805246746432 0.0 4.0 
317 10631609.9 93.44053230840878 78.82334702999432 144.1476044921874 0 233 2.8329 0.0 8.181805246746432 0.0 4.0 
318 10631643.2 93.44053230840878 78.81616671414301 144.1476044921874 0 233 2.8329 0.0 8.181805246746432 0.0 4.0 
319 10631676.5 93.44053230840878 78.81616671414301 144.1476044921874 0 233 2.8329 0.0 8.181805246746432 0.0 4.0 
320 10631709.9 93.43596876699898 78.81616671414301 144.1476044921874 0 233 2.8329 0.0 8.181805246746432 0.0 4.0 
321 10631743.2 93.43596876699898 78.80642150671598 144.1476044921874 0 233 2.8329 0.0 8.181805246746432 0.0 4.0 
322 10631776.5 93.43596876699898 78.80642150671598 144.1476044921874 0 233 2.8329 0.0 8.181805246746432 0.0 4.0 
323 10631809.9 93.43349520254095 78.80247855806117 144.1476044921874 0 233 2.8329 0.0 8.181805246746432 0.0 4.0 
324 10631843.2 93.43349520254095 78.80247855806117 144.1476044921874 0 233 2.8329 0.0 8.181805246746432 0.0 4.0 
325 10631876.5 93.43349520254095 78.80247855806117 144.1476044921874 0 233 2.8329 0.0 8.181805246746432 0.0 4.0 
326 10631909.9 93.43349520254095 78.80247855806117 144.1476044921874 0 233 2.8329 0.0 8.181805246746432 0.0 4.0 
327 10631943.2 93.4284554832648 78.80247855806117 144.1476044921874 0 233 2.8329 0.0 8.181805246746432 0.0 4.0 
328 10631976.6 93.4284554832648 78.79687949499774 144.1476044921874 0 233 2.8329 0.0 8.181805246746432 0.0 4.0 
329 10632009.9 93.4284554832648 78.79687949499774 144.1476044921874 0 233 2.8329 0.0 8.181805246746432 0.0 4.0 
330 10632043.2 93.4284554832648 78.79687949499774 144.1476044921874 0 233 2.8329 0.0 8.181805246746432 0.0 4.0 
331 10632076.6 93.42228014709626 78.79687949499774 144.1476044921874 0 233 2.8329 0.0 8.181805246746432 0.0 4.0 
332 10632109.9 93.42228014709626 78.78861310885877 144.1476044921874 0 233 2.8329 0.0 8.181805246746432 0.0 4.0 
333 10632143.2 93.42228014709626 78.78861310885877 144.1476044921874 0 233 2.8329 0.0 8.181805246746432 0.0 4.0 
334 10632176.6 93.41967548006713 78.78861310885877 144.1476044921874 0 233 2.8329 0.0 8.181805246746432 0.0 4.0 
335 10632209.9 93.41967548006713 78.78422424319872 144.1476044921874 0 233 2.8329 0.0 8.181805246746432 0.0 4.0 
336 10632243.2 93.41967548006713 78.78422424319872 144.1476044921874 0 233 2.8329 0.0 8.181805246746432 0.0 4.0 
337 10632276.6 93.41967548006713 78.78422424319872 144.1476044921874 0 233 2.8329 0.0 8.181805246746432 0.0 4.0 
338 10632309.9 93.41068774318714 78.77712049142406 144.1476044921874 0 233 2.8329 0.0 8.181805246746432 0.0 4.0 
339 10632343.3 93.41068774318714 78.77712049142406 144.1476044921874 0 233 2.8329 0.0 8.181805246746432 0.0 4.0 
340 10632376.6 93.41068774318714 78.77712049142406 144.1476044921874 0 233 2.8329 0.0 8.181805246746432 0.0 4.0 
341 10632409.9 93.40557917465337 78.77712049142406 144.1476044921874 0 233 2.8329 0.0 8.181805246746432 0.0 4.0 
342 10632443.3 93.40557917465337 78.77418215914444 144.1476044921874 0 233 2.8329 0.0 8.181805246746432 0.0 4.0 
343 10632476.6 93.40557917465337 78.77418215914444 144.1476044921874 0 233 2.8329 0.0 8.181805246746432 0.0 4.0 
344 10632509.9 93.40557917465337 78.77418215914444 144.1476044921874 0 233 2.8329 0.0 8.181805246746432 0.0 4.0 
345 10632543.3 93.40102676442578 78.77418215914444 144.1476044921874 0 233 2.8329 0.0 8.181805246746432 0.0 4.0 
346 10632576.6 93.40102676442578 78.76923742128908 144.1476044921874 0 233 2.8329 0.0 8.181805246746432 0.0 4.0 
347 10632609.9 93.40102676442578 78.76923742128908 144.1476044921874 0 233 2.8329 0.0 8.181805246746432 0.0 4.0 
348 10632643.3 93.40102676442578 78.76923742128908 144.1476044921874 0 233 2.8329 0.0 8.181805246746432 0.0 4.0 
349 10632676.6 93.38596205170222 78.76162769608469 144.1476044921874 0 233 2.8329 0.0 8.181805246746432 0.0 4.0 
350 10632709.9 93.38596205170222 78.76162769608469 144.1476044921874 0 233 2.8329 0.0 8.181805246746432 0.0 4.0 
351 10632743.3 93.38596205170222 78.76162769608469 144.1476044921874 0 233 2.8329 0.0 8.181805246746432 0.0 4.0 
352 10632776.6 93.38596205170222 78.76162769608469 144.1476044921874 0 233 2.8329 0.0 8.181805246746432 0.0 4.0 
353 10632810.0 93.37144667257976 78.76162769608469 144.1476044921874 0 233 2.8329 0.0 8.181805246746432 0.0 4.0 
354 10632843.3 93.37144667257976 78.75594367012512 144.1476044921874 0 233 2.8329 0.0 8.181805246746432 0.0 4.0 
355 10632876.6 93.37144667257976 78.75594367012512 144.1476044921874 0 233 2.8329 0.0 8.181805246746432 0.0 4.0 
356 10632910.0 93.37144667257976 78.75594367012512 144.1476044921874 0 233 2.8329 0.0 8.181805246746432 0.0 4.0 
357 10632943.3 93.35743866451453 78.75594367012512 144.1476044921874 0 233 2.8329 0.0 8.181805246746432 0.0 4.0 
358 10632976.6 93.35743866451453 78.75167695809117 144.1476044921874 0 233 2.8329 0.0 8.181805246746432 0.0 4.0 
359 10633010.0 93.35743866451453 78.75167695809117 144.1476044921874 0 233 2.8329 0.0 8.181805246746432 0.0 4.0 
360 10633043.3 93.33755148261878 78.74322178628815 144.1476044921874 0 233 2.8329 0.0 8.181805246746432 0.0 4.0 
361 10633076.6 93.33755148261878 78.74322178628815 144.1476044921874 0 233 2.8329 0.0 8.181805246746432 0.0 4.0 
362 10633110.0 93.33755148261878 78.74322178628815 144.1476044921874 0 233 2.8329 0.0 8.181805246746432 0.0 4.0 
363 10633143.3 93.33755148261878 78.74322178628815 144.1476044921874 0 233 2.8329 0.0 8.181805246746432 0.0 4.0 
364 10633176.7 93.33035580044634 78.74322178628815 144.1476044921874 0 233 2.8329 0.0 8.181805246746432 0.0 4.0 
365 10633210.0 93.33035580044634 78.74102319140455 144.1476044921874 0 233 2.8329 0.0 8.181805246746432 0.0 4.0 
366 10633243.3 93.33035580044634 78.74102319140455 144.1476044921874 0 233 2.8329 0.0 8.181805246746432 0.0 4.0 
367 10633276.7 93.33035580044634 78.74102319140455 144.1476044921874 0 233 2.8329 0.0 8.181805246746432 0.0 4.0 
368 10633310.0 93.31793117434592 78.74102319140455 144.1476044921874 0 233 2.8329 0.0 8.181805246746432 0.0 4.0 
369 10633343.3 93.31793117434592 78.7377129264671 144.1476044921874 0 233 2.8329 0.0 8.181805246746432 0.0 4.0 
370 10633376.7 93.31793117434592 78.7377129264671 144.1476044921874 0 233 2.8329 0.0 8.181805246746432 0.0 4.0 
371 10633410.0 93.31793117434592 78.7377129264671 144.1476044921874 0 233 2.8329 0.0 8.181805246746432 0.0 4.0 
372 10633443.3 93.2946229753183 78.7377129264671 144.1476044921874 0 233 2.8329 0.0 8.181805246746432 0.0 4.0 
373 10633476.7 93.2946229753183 78.7377129264671 144.1476044921874 0 233 2.8329 0.0 8.181805246746432 0.0 4.0 
374 10633510.0 93.2946229753183 78.7377129264671 144.1476044921874 0 233 2.8329 0.0 8.181805246746432 0.0 4.0 
375 10633543.3 93.2946229753183 78.7377129264671 144.1476044921874 0 233 2.8329 0.0 8.181805246746432 0.0 4.0 
376 10633576.7 93.28486477453951 78.7377129264671 144.1476044921874 0 233 2.8329 0.0 8.181805246746432 0.0 4.0 
377 10633610.0 93.28486477453951 78.74007546811464 144.1476044921874 0 233 2.8329 0.0 8.181805246746432 0.0 4.0 
378 10633643.4 93.28486477453951 78.74007546811464 144.1476044921874 0 233 2.8329 0.0 8.181805246746432 0.0 4.0 
379 10633676.7 93.28486477453951 78.74007546811464 144.1476044921874 0 233 2.8329 0.0 8.181805246746432 0.0 4.0 
380 10633710.0 93.26999920215418 78.74007546811464 144.1476044921874 0 233 2.8329 0.0 8.181805246746432 0.0 4.0 
381 10633743.4 93.26999920215418 78.74007546811464 144.1476044921874 0 233 2.8329 0.0 8.181805246746432 0.0 4.0 
382 10633776.7 93.26999920215418 78.74007546811464 144.1476044921874 0 233 2.8329 0.0 8.181805246746432 0.0 4.0 
383 10633810.0 93.26999920215418 78.74007546811464 144.1476044921874 0 233 2.8329 0.0 8.181805246746432 0.0 4.0 
384 10633843.4 93.25326332429412 78.74129753171832 144.1476044921874 0 233 2.8329 0.0 8.181805246746432 0.0 4.0 
385 10633876.7 93.25326332429412 78.74129753171832 144.1476044921874 0 233 2.8329 0.0 8.181805246746432 0.0 4.0 
386 10633910.0 93.25326332429412 78.74129753171832 144.1476044921874 0 233 2.8329 0.0 8.181805246746432 0.0 4.0 
387 10633943.4 93.25326332429412 78.74129753171832 144.1476044921874 0 233 2.8329 0.0 8.181805246746432 0.0 4.0 
388 10633976.7 93.2442070701937 78.74129753171832 144.1476044921874 0 233 2.8329 0.0 8.181805246746432 0.0 4.0 
389 10634010.1 93.2442070701937 78.74427864079092 144.1476044921874 0 233 2.8329 0.0 8.181805246746432 0.0 4.0 
390 10634043.4 93.2442070701937 78.74427864079092 144.1476044921874 0 233 2.8329 0.0 8.181805246746432 0.0 4.0 
391 10634076.7 93.2442070701937 78.74427864079092 144.1476044921874 0 233 2.8329 0.0 8.181805246746432 0.0 4.0 
392 10634110.1 93.22725656431878 78.74427864079092 144.1476044921874 0 233 2.8329 0.0 8.181805246746432 0.0 4.0 
393 10634143.4 93.22725656431878 78.74930664252113 144.1476044921874 0 233 2.8329 0.0 8.181805246746432 0.0 4.0 
394 10634176.7 93.22725656431878 78.74930664252113 144.1476044921874 0 233 2.8329 0.0 8.181805246746432 0.0 4.0 
395 10634210.1 93.22725656431878 78.74930664252113 144.1476044921874 0 233 2.8329 0.0 8.181805246746432 0.0 4.0 
396 10634243.4 93.21385173416834 78.74930664252113 144.1476044921874 0 233 2.8329 0.0 8.181805246746432 0.0 4.0 
397 10634276.7 93.21385173416834 78.75589231080215 144.1476044921874 0 233 2.8329 0.0 8.181805246746432 0.0 4.0 
398 10634310.1 93.21385173416834 78.75589231080215 144.1476044921874 0 233 2.8329 0.0 8.181805246746432 0.0 4.0 
399 10634343.4 93.21385173416834 78.75589231080215 144.1476044921874 0 233 2.8329 0.0 8.181805246746432 0.0 4.0 
400 10634376.7 93.20079066775638 78.75589231080215 144.1476044921874 0 233 2.8329 0.0 8.181805246746432 0.0 4.0 
401 10634410.1 93.20079066775638 78.75914167520878 144.1476044921874 0 233 2.8329 0.0 8.181805246746432 0.0 4.0 
402 10634443.4 93.20079066775638 78.75914167520878 144.1476044921874 0 233 2.8329 0.0 8.181805246746432 0.0 4.0 
403 10634476.8 93.20079066775638 78.75914167520878 144.1476044921874 0 233 2.8329 0.0 8.181805246746432 0.0 4.0 
404 10634510.1 93.18692327543191 78.75914167520878 144.1476044921874 0 233 2.8329 0.0 8.181805246746432 0.0 4.0 
405 10634543.4 93.18692327543191 78.75803467776201 144.1476044921874 0 233 2.8329 0.0 8.181805246746432 0.0 4.0 
406 10634576.8 93.18692327543191 78.75803467776201 144.1476044921874 0 233 2.8329 0.0 8.181805246746432 0.0 4.0 
407 10634610.1 93.18692327543191 78.75803467776201 144.1476044921874 0 233 2.8329 0.0 8.181805246746432 0.0 4.0 
408 10634643.4 93.17623844093463 78.75474256855607 144.1476044921874 0 233 2.8329 0.0 8.181805246746432 0.0 4.0 
409 10634676.8 93.17623844093463 78.75474256855607 144.1476044921874 0 233 2.8329 0.0 8.181805246746432 0.0 4.0 
410 10634710.1 93.17623844093463 78.75474256855607 144.1476044921874 0 233 2.8329 0.0 8.181805246746432 0.0 4.0 
411 10634743.4 93.17623844093463 78.75474256855607 144.1476044921874 0 233 2.8329 0.0 8.181805246746432 0.0 4.0 
412 10634776.8 93.1633197586806 78.75474256855607 144.1476044921874 0 233 2.8329 0.0 8.181805246746432 0.0 4.0 
413 10634810.1 93.1633197586806 78.74746400210972 144.1476044921874 0 233 2.8329 0.0 8.181805246746432 0.0 4.0 
414 10634843.5 93.1633197586806 78.74746400210972 144.1476044921874 0 233 2.8329 0.0 8.181805246746432 0.0 4.0 
415 10634876.8 93.15701991089152 78.74746400210972 144.1476044921874 0 233 2.8329 0.0 8.181805246746432 0.0 4.0 
416 10634910.1 93.15701991089152 78.7413245170882 144.1476044921874 0 233 2.8329 0.0 8.181805246746432 0.0 4.0 
417 10634943.5 93.15701991089152 78.7413245170882 144.1476044921874 0 233 2.8329 0.0 8.181805246746432 0.0 4.0 
418 10634976.8 93.15701991089152 78.7413245170882 144.1476044921874 0 233 2.8329 0.0 8.181805246746432 0.0 4.0 
419 10635010.1 93.14505820387627 78.7285698977004 144.1476044921874 0 233 2.8329 0.0 8.181805246746432 0.0 4.0 
420 10635043.5 93.14505820387627 78.7285698977004 144.1476044921874 0 233 2.8329 0.0 8.181805246746432 0.0 4.0 
421 10635076.8 93.14505820387627 78.7285698977004 144.1476044921874 0 233 2.8329 0.0 8.181805246746432 0.0 4.0 
422 10635110.1 93.13402651129263 78.71358796888698 144.1476044921874 0 233 2.8329 0.0 8.181805246746432 0.0 4.0 
423 10635143.5 93.13402651129263 78.71358796888698 144.1476044921874 0 233 2.8329 0.0 8.181805246746432 0.0 4.0 
424 10635176.8 93.13402651129263 78.71358796888698 144.1476044921874 0 233 2.8329 0.0 8.181805246746432 0.0 4.0 
425 10635210.1 93.13402651129263 78.71358796888698 144.1476044921874 0 233 2.8329 0.0 8.181805246746432 0.0 4.0 
426 10635243.5 93.126271243536 78.71358796888698 144.1476044921874 0 233 2.8329 0.0 8.181805246746432 0.0 4.0 
427 10635276.8 93.126271243536 78.69798058062162 144.1476044921874 0 233 2.8329 0.0 8.181805246746432 0.0 4.0 
428 10635310.2 93.126271243536 78.69798058062162 144.1476044921874 0 233 2.8329 0.0 8.181805246746432 0.0 4.0 
429 10635343.5 93.126271243536 78.69798058062162 144.1476044921874 0 233 2.8329 0.0 8.181805246746432 0.0 4.0 
430 10635376.8 93.12006811205626 78.68885380614265 144.1476044921874 0 233 2.8329 0.0 8.181805246746432 0.0 4.0 
431 10635410.2 93.12006811205626 78.68885380614265 144.1476044921874 0 233 2.8329 0.0 8.181805246746432 0.0 4.0 
432 10635443.5 93.12006811205626 78.68885380614265 144.1476044921874 0 233 2.8329 0.0 8.181805246746432 0.0 4.0 
433 10635476.8 93.12006811205626 78.68885380614265 144.1476044921874 0 233 2.8329 0.0 8.181805246746432 0.0 4.0 
434 10635510.2 93.11346174056771 78.68213275174931 144.1476044921874 0 233 2.8329 0.0 8.181805246746432 0.0 4.0 
435 10635543.5 93.11346174056771 78.68213275174931 144.1476044921874 0 233 2.8329 0.0 8.181805246746432 0.0 4.0 
436 10635576.8 93.11346174056771 78.68213275174931 144.1476044921874 0 233 2.8329 0.0 8.181805246746432 0.0 4.0 
437 10635610.2 93.11346174056771 78.68213275174931 144.1476044921874 0 233 2.8329 0.0 8.181805246746432 0.0 4.0 
438 10635643.5 93.10894726026916 78.68213275174931 144.1476044921874 0 233 2.8329 0.0 8.181805246746432 0.0 4.0 
439 10635676.9 93.10894726026916 78.67575719840659 144.1476044921874 0 233 2.8329 0.0 8.181805246746432 0.0 4.0 
440 10635710.2 93.10894726026916 78.67575719840659 144.1476044921874 0 233 2.8329 0.0 8.181805246746432 0.0 4.0 
441 10635743.5 93.10894726026916 78.67575719840659 144.1476044921874 0 233 2.8329 0.0 8.181805246746432 0.0 4.0 
442 10635776.9 93.1078249113378 78.67000187247812 144.1476044921874 0 233 2.8329 0.0 8.181805246746432 0.0 4.0 
443 10635810.2 93.1078249113378 78.67000187247812 144.1476044921874 0 233 2.8329 0.0 8.181805246746432 0.0 4.0 
444 10635843.5 93.1078249113378 78.67000187247812 144.1476044921874 0 233 2.8329 0.0 8.181805246746432 0.0 4.0 
445 10635876.9 93.1078249113378 78.6683444154151 144.1476044921874 0 233 2.8329 0.0 8.181805246746432 0.0 4.0 
446 10635910.2 93.1078249113378 78.6683444154151 144.1476044921874 0 233 2.8329 0.0 8.181805246746432 0.0 4.0 
447 10635943.5 93.10433870987251 78.6683444154151 144.1476044921874 0 233 2.8329 0.0 8.181805246746432 0.0 4.0 
448 10635976.9 93.10433870987251 78.66094680508094 144.1476044921874 0 233 2.8329 0.0 8.181805246746432 0.0 4.0 
449 10636010.2 93.10433870987251 78.66094680508094 144.1476044921874 0 233 2.8329 0.0 8.181805246746432 0.0 4.0 
450 10636043.5 93.10433870987251 78.66094680508094 144.1476044921874 0 233 2.8329 0.0 8.181805246746432 0.0 4.0 
451 10636076.9 93.10433870987251 78.66094680508094 144.1476044921874 0 233 2.8329 0.0 8.181805246746432 0.0 4.0 
452 10636110.2 93.10243458973731 78.66094680508094 144.1476044921874 0 233 2.8329 0.0 8.181805246746432 0.0 4.0 
453 10636143.6 93.10243458973731 78.65884925738128 144.1476044921874 0 233 2.8329 0.0 8.181805246746432 0.0 4.0 
454 10636176.9 93.10243458973731 78.65884925738128 144.1476044921874 0 233 2.8329 0.0 8.181805246746432 0.0 4.0 
455 10636210.2 93.10136686828018 78.65776123202383 144.1476044921874 0 233 2.8329 0.0 8.181805246746432 0.0 4.0 
456 10636243.6 93.10136686828018 78.65776123202383 144.1476044921874 0 233 2.8329 0.0 8.181805246746432 0.0 4.0 
457 10636276.9 93.10136686828018 78.65776123202383 144.1476044921874 0 233 2.8329 0.0 8.181805246746432 0.0 4.0 
458 10636310.2 93.10136686828018 78.65776123202383 144.1476044921874 0 233 2.8329 0.0 8.181805246746432 0.0 4.0 
459 10636343.6 93.09979382399733 78.65776123202383 144.1476044921874 0 233 2.8329 0.0 8.181805246746432 0.0 4.0 
460 10636376.9 93.09979382399733 78.6545365266402 144.1476044921874 0 233 2.8329 0.0 8.181805246746432 0.0 4.0 
461 10636410.2 93.09979382399733 78.6545365266402 144.1476044921874 0 233 2.8329 0.0 8.181805246746432 0.0 4.0 
462 10636443.6 93.09979382399733 78.65686743451248 144.1476044921874 0 233 2.8329 0.0 8.181805246746432 0.0 4.0 
463 10636476.9 93.09979382399733 78.65686743451248 144.1476044921874 0 233 2.8329 0.0 8.181805246746432 0.0 4.0 
464 10636510.3 93.1011535296272 78.65686743451248 144.1476044921874 0 233 2.8329 0.0 8.181805246746432 0.0 4.0 
465 10636543.6 93.1011535296272 78.65964115225535 144.1476044921874 0 233 2.8329 0.0 8.181805246746432 0.0 4.0 
466 10636576.9 93.1011535296272 78.65964115225535 144.1476044921874 0 233 2.8329 0.0 8.181805246746432 0.0 4.0 
467 10636610.3 93.1011535296272 78.65964115225535 144.1476044921874 0 233 2.8329 0.0 8.181805246746432 0.0 4.0 
468 10636643.6 93.10299087145604 78.65964115225535 144.1476044921874 0 233 2.8329 0.0 8.181805246746432 0.0 4.0 
469 10636676.9 93.10299087145604 78.65964115225535 144.1476044921874 0 233 2.8329 0.0 8.181805246746432 0.0 4.0 
470 10636710.3 93.10299087145604 78.65964115225535 144.1476044921874 0 233 2.8329 0.0 8.181805246746432 0.0 4.0 
471 10636743.6 93.10299087145604 78.65786361582013 144.1476044921874 0 233 2.8329 0.0 8.181805246746432 0.0 4.0 
472 10636776.9 93.10299087145604 78.65786361582013 144.1476044921874 0 233 2.8329 0.0 8.181805246746432 0.0 4.0 
473 10636810.3 93.10299087145604 78.6563033433379 144.1476044921874 0 233 2.8329 0.0 8.181805246746432 0.0 4.0 
474 10636843.6 93.10299087145604 78.6563033433379 144.1476044921874 0 233 2.8329 0.0 8.181805246746432 0.0 4.0 
475 10636876.9 93.10472772645689 78.6563033433379 144.1476044921874 0 233 2.8329 0.0 8.181805246746432 0.0 4.0 
476 10636910.3 93.10472772645689 78.65865113518359 144.1476044921874 0 233 2.8329 0.0 8.181805246746432 0.0 4.0 
477 10636943.6 93.10472772645689 78.65865113518359 144.1476044921874 0 233 2.8329 0.0 8.181805246746432 0.0 4.0 
478 10636977.0 93.10472772645689 78.65865113518359 144.1476044921874 0 233 2.8329 0.0 8.181805246746432 0.0 4.0 
479 10637010.3 93.10472772645689 78.65865113518359 144.1476044921874 0 233 2.8329 0.0 8.181805246746432 0.0 4.0 
480 10637043.6 93.10472772645689 78.6596573597007 144.1476044921874 0 233 2.8329 0.0 8.181805246746432 0.0 4.0 
481 10637077.0 93.10472772645689 78.6596573597007 144.1476044921874 0 233 2.8329 0.0 8.181805246746432 0.0 4.0 
482 10637110.3 93.10472772645689 78.6596573597007 144.1476044921874 0 233 2.8329 0.0 8.181805246746432 0.0 4.0 
483 10637143.6 93.10472772645689 78.65814542998851 144.1476044921874 0 233 2.8329 0.0 8.181805246746432 0.0 4.0 
484 10637177.0 93.10472772645689 78.65814542998851 144.1476044921874 0 233 2.8329 0.0 8.181805246746432 0.0 4.0 
485 10637210.3 93.10472772645689 78.65814542998851 144.1476044921874 0 233 2.8329 0.0 8.181805246746432 0.0 4.0 
486 10637243.6 93.10683166535512 78.65814542998851 144.1476044921874 0 233 2.8329 0.0 8.181805246746432 0.0 4.0 
487 10637277.0 93.10683166535512 78.6598053626032 144.1476044921874 0 233 2.8329 0.0 8.181805246746432 0.0 4.0 
488 10637310.3 93.10683166535512 78.6598053626032 144.1476044921874 0 233 2.8329 0.0 8.181805246746432 0.0 4.0 
489 10637343.7 93.10683166535512 78.65787656686082 144.1476044921874 0 233 2.8329 0.0 8.181805246746432 0.0 4.0 
490 10637377.0 93.10683166535512 78.65787656686082 144.1476044921874 0 233 2.8329 0.0 8.181805246746432 0.0 4.0 
491 10637410.3 93.10683166535512 78.65787656686082 144.1476044921874 0 233 2.8329 0.0 8.181805246746432 0.0 4.0 
492 10637443.7 93.10789855429483 78.65787656686082 144.1476044921874 0 233 2.8329 0.0 8.181805246746432 0.0 4.0 
493 10637477.0 93.10789855429483 78.65787656686082 144.1476044921874 0 233 2.8329 0.0 8.181805246746432 0.0 4.0 
494 10637510.3 93.10789855429483 78.65787656686082 144.1476044921874 0 233 2.8329 0.0 8.181805246746432 0.0 4.0 
495 10637543.7 93.10408632522794 78.65787656686082 144.1476044921874 0 233 2.8329 0.0 8.181805246746432 0.0 4.0 
496 10637577.0 93.10408632522794 78.65051652748133 144.1476044921874 0 233 2.8329 0.0 8.181805246746432 0.0 4.0 
497 10637610.3 93.10408632522794 78.65051652748133 144.1476044921874 0 233 2.8329 0.0 8.181805246746432 0.0 4.0 
498 10637643.7 93.0976578786213 78.65051652748133 144.1476044921874 0 233 2.8329 0.0 8.181805246746432 0.0 4.0 
499 10637677.0 93.0976578786213 78.63635573678349 144.1476044921874 0 233 2.8329 0.0 8.181805246746432 0.0 4.0 
500 10637710.3 93.0976578786213 78.63635573678349 144.1476044921874 0 233 2.8329 0.0 8.181805246746432 0.0 4.0 
501 10637743.7 93.09219446885348 78.62649069983327 144.1476044921874 0 233 2.8329 0.0 8.181805246746432 0.0 4.0 
502 10637777.0 93.09219446885348 78.62649069983327 144.1476044921874 0 233 2.8329 0.0 8.181805246746432 0.0 4.0 
503 10637810.4 93.09219446885348 78.62649069983327 144.1476044921874 0 233 2.8329 0.0 8.181805246746432 0.0 4.0 
504 10637843.7 93.09219446885348 78.62649069983327 144.1476044921874 0 233 2.8329 0.0 8.181805246746432 0.0 4.0 
505 10637877.0 93.08843579799515 78.62649069983327 144.1476044921874 0 233 2.8329 0.0 8.181805246746432 0.0 4.0 
506 10637910.4 93.08843579799515 78.6184683229504 144.1476044921874 0 233 2.8329 0.0 8.181805246746432 0.0 4.0 
507 10637943.7 93.08843579799515 78.6184683229504 144.1476044921874 0 233 2.8329 0.0 8.181805246746432 0.0 4.0 
508 10637977.0 93.08843579799515 78.6184683229504 144.1476044921874 0 233 2.8329 0.0 8.181805246746432 0.0 4.0 
509 10638010.4 93.08397644763234 78.60768310510194 144.1476044921874 0 233 2.8329 0.0 8.181805246746432 0.0 4.0 
510 10638043.7 93.08397644763234 78.60768310510194 144.1476044921874 0 233 2.8329 0.0 8.181805246746432 0.0 4.0 
511 10638077.0 93.08397644763234 78.60768310510194 144.1476044921874 0 233 2.8329 0.0 8.181805246746432 0.0 4.0 
512 10638110.4 93.08397644763234 78.60768310510194 144.1476044921874 0 233 2.8329 0.0 8.181805246746432 0.0 4.0 
513 10638143.7 93.08215195100752 78.60768310510194 144.1476044921874 0 233 2.8329 0.0 8.181805246746432 0.0 4.0 
514 10638177.1 93.08215195100752 78.59440211958187 144.1476044921874 0 233 2.8329 0.0 8.181805246746432 0.0 4.0 
515 10638210.4 93.08215195100752 78.59440211958187 144.1476044921874 0 233 2.8329 0.0 8.181805246746432 0.0 4.0 
516 10638243.7 93.08032194217776 78.59440211958187 144.1476044921874 0 233 2.8329 0.0 8.181805246746432 0.0 4.0 
517 10638277.1 93.08032194217776 78.58139054292202 144.1476044921874 0 233 2.8329 0.0 8.181805246746432 0.0 4.0 
518 10638310.4 93.08032194217776 78.58139054292202 144.1476044921874 0 233 2.8329 0.0 8.181805246746432 0.0 4.0 
519 10638343.7 93.08032194217776 78.58139054292202 144.1476044921874 0 233 2.8329 0.0 8.181805246746432 0.0 4.0 
520 10638377.1 93.07823312630158 78.57166837240723 144.1476044921874 0 233 2.8329 0.0 8.181805246746432 0.0 4.0 
521 10638410.4 93.07823312630158 78.57166837240723 144.1476044921874 0 233 2.8329 0.0 8.181805246746432 0.0 4.0 
522 10638443.7 93.07823312630158 78.57166837240723 144.1476044921874 0 233 2.8329 0.0 8.181805246746432 0.0 4.0 
523 10638477.1 93.07823312630158 78.56275535757209 144.1476044921874 0 233 2.8329 0.0 8.181805246746432 0.0 4.0 
524 10638510.4 93.07823312630158 78.56275535757209 144.1476044921874 0 233 2.8329 0.0 8.181805246746432 0.0 4.0 
525 10638543.7 93.07823312630158 78.56275535757209 144.1476044921874 0 233 2.8329 0.0 8.181805246746432 0.0 4.0 
526 10638577.1 93.07823312630158 78.55503802199003 144.1476044921874 0 233 2.8329 0.0 8.181805246746432 0.0 4.0 
527 10638610.4 93.07823312630158 78.55503802199003 144.1476044921874 0 233 2.8329 0.0 8.181805246746432 0.0 4.0 
528 10638643.8 93.07823312630158 78.55503802199003 144.1476044921874 0 233 2.8329 0.0 8.181805246746432 0.0 4.0 
529 10638677.1 93.07823312630158 78.55503802199003 144.1476044921874 0 233 2.8329 0.0 8.181805246746432 0.0 4.0 
530 10638710.4 93.07579798073775 78.55503802199003 144.1476044921874 0 233 2.8329 0.0 8.181805246746432 0.0 4.0 
531 10638743.8 93.07579798073775 78.54731039591482 144.1476044921874 0 233 2.8329 0.0 8.181805246746432 0.0 4.0 
532 10638777.1 93.07579798073775 78.54731039591482 144.1476044921874 0 233 2.8329 0.0 8.181805246746432 0.0 4.0 
533 10638810.4 93.07579798073775 78.54224081868576 144.1476044921874 0 233 2.8329 0.0 8.181805246746432 0.0 4.0 
534 10638843.8 93.07579798073775 78.54224081868576 144.1476044921874 0 233 2.8329 0.0 8.181805246746432 0.0 4.0 
535 10638877.1 93.07579798073775 78.54224081868576 144.1476044921874 0 233 2.8329 0.0 8.181805246746432 0.0 4.0 
536 10638910.4 93.07579798073775 78.537643259214 144.1476044921874 0 233 2.8329 0.0 8.181805246746432 0.0 4.0 
537 10638943.8 93.07579798073775 78.537643259214 144.1476044921874 0 233 2.8329 0.0 8.181805246746432 0.0 4.0 
538 10638977.1 93.07579798073775 78.537643259214 144.1476044921874 0 233 2.8329 0.0 8.181805246746432 0.0 4.0 
539 10639010.5 93.07579798073775 78.53501140527788 144.1476044921874 0 233 2.8329 0.0 8.181805246746432 0.0 4.0 
540 10639043.8 93.07579798073775 78.53501140527788 144.1476044921874 0 233 2.8329 0.0 8.181805246746432 0.0 4.0 
541 10639077.1 93.07579798073775 78.53501140527788 144.1476044921874 0 233 2.8329 0.0 8.181805246746432 0.0 4.0 
542 10639110.5 93.07453654865523 78.53501140527788 144.1476044921874 0 233 2.8329 0.0 8.181805246746432 0.0 4.0 
543 10639143.8 93.07453654865523 78.53501140527788 144.1476044921874 0 233 2.8329 0.0 8.181805246746432 0.0 4.0 
544 10639177.1 93.07453654865523 78.53790354393676 144.1476044921874 0 233 2.8329 0.0 8.181805246746432 0.0 4.0 
545 10639210.5 93.07453654865523 78.53790354393676 144.1476044921874 0 233 2.8329 0.0 8.181805246746432 0.0 4.0 
546 10639243.8 93.07453654865523 78.54210267750105 144.1476044921874 0 233 2.8329 0.0 8.181805246746432 0.0 4.0 
547 10639277.1 93.07453654865523 78.54210267750105 144.1476044921874 0 233 2.8329 0.0 8.181805246746432 0.0 4.0 
548 10639310.5 93.07453654865523 78.54210267750105 144.1476044921874 0 233 2.8329 0.0 8.181805246746432 0.0 4.0 
549 10639343.8 93.07716335075733 78.54210267750105 144.1476044921874 0 233 2.8329 0.0 8.181805246746432 0.0 4.0 
550 10639377.1 93.07716335075733 78.53709547981691 144.1476044921874 0 233 2.8329 0.0 8.181805246746432 0.0 4.0 
551 10639410.5 93.07716335075733 78.53709547981691 144.1476044921874 0 233 2.8329 0.0 8.181805246746432 0.0 4.0 
552 10639443.8 93.07716335075733 78.53709547981691 144.1476044921874 0 233 2.8329 0.0 8.181805246746432 0.0 4.0 
553 10639477.2 93.08129636193608 78.53709547981691 144.1476044921874 0 233 2.8329 0.0 8.181805246746432 0.0 4.0 
554 10639510.5 93.08129636193608 78.53026928129569 144.1476044921874 0 233 2.8329 0.0 8.181805246746432 0.0 4.0 
555 10639543.8 93.08129636193608 78.53026928129569 144.1476044921874 0 233 2.8329 0.0 8.181805246746432 0.0 4.0 
556 10639577.2 93.08402576599308 78.52437025607814 144.1476044921874 0 233 2.8329 0.0 8.181805246746432 0.0 4.0 
557 10639610.5 93.08402576599308 78.52437025607814 144.1476044921874 0 233 2.8329 0.0 8.181805246746432 0.0 4.0 
558 10639643.8 93.08402576599308 78.52437025607814 144.1476044921874 0 233 2.8329 0.0 8.181805246746432 0.0 4.0 
559 10639677.2 93.08402576599308 78.52437025607814 144.1476044921874 0 233 2.8329 0.0 8.181805246746432 0.0 4.0 
560 10639710.5 93.08514603216844 78.52437025607814 144.1476044921874 0 233 2.8329 0.0 8.181805246746432 0.0 4.0 
561 10639743.8 93.08514603216844 78.52124966776267 144.1476044921874 0 233 2.8329 0.0 8.181805246746432 0.0 4.0 
562 10639777.2 93.08514603216844 78.52124966776267 144.1476044921874 0 233 2.8329 0.0 8.181805246746432 0.0 4.0 
563 10639810.5 93.08514603216844 78.52124966776267 144.1476044921874 0 233 2.8329 0.0 8.181805246746432 0.0 4.0 
564 10639843.9 93.08388412197549 78.52124966776267 144.1476044921874 0 233 2.8329 0.0 8.181805246746432 0.0 4.0 
565 10639877.2 93.08388412197549 78.51487003592212 144.1476044921874 0 233 2.8329 0.0 8.181805246746432 0.0 4.0 
566 10639910.5 93.08388412197549 78.51487003592212 144.1476044921874 0 233 2.8329 0.0 8.181805246746432 0.0 4.0 
567 10639943.9 93.08388412197549 78.51487003592212 144.1476044921874 0 233 2.8329 0.0 8.181805246746432 0.0 4.0 
568 10639977.2 93.07875332677656 78.50132490814893 144.1476044921874 0 233 2.8329 0.0 8.181805246746432 0.0 4.0 
569 10640010.5 93.07875332677656 78.50132490814893 144.1476044921874 0 233 2.8329 0.0 8.181805246746432 0.0 4.0 
570 10640043.9 93.07875332677656 78.50132490814893 144.1476044921874 0 233 2.8329 0.0 8.181805246746432 0.0 4.0 
571 10640077.2 93.0740116025196 78.50132490814893 144.1476044921874 0 233 2.8329 0.0 8.181805246746432 0.0 4.0 
572 10640110.5 93.0740116025196 78.49484965805338 144.1476044921874 0 233 2.8329 0.0 8.181805246746432 0.0 4.0 
573 10640143.9 93.0740116025196 78.49484965805338 144.1476044921874 0 233 2.8329 0.0 8.181805246746432 0.0 4.0 
574 10640177.2 93.07080502682018 78.49484965805338 144.1476044921874 0 233 2.8329 0.0 8.181805246746432 0.0 4.0 
575 10640210.5 93.07080502682018 78.49111447843998 144.1476044921874 0 233 2.8329 0.0 8.181805246746432 0.0 4.0 
576 10640243.9 93.07080502682018 78.49111447843998 144.1476044921874 0 233 2.8329 0.0 8.181805246746432 0.0 4.0 
577 10640277.2 93.07080502682018 78.49111447843998 144.1476044921874 0 233 2.8329 0.0 8.181805246746432 0.0 4.0 
578 10640310.6 93.0677715047295 78.48373002360262 144.1476044921874 0 233 2.8329 0.0 8.181805246746432 0.0 4.0 
579 10640343.9 93.0677715047295 78.48373002360262 144.1476044921874 0 233 2.8329 0.0 8.181805246746432 0.0 4.0 
580 10640377.2 93.0677715047295 78.48373002360262 144.1476044921874 0 233 2.8329 0.0 8.181805246746432 0.0 4.0 
581 10640410.6 93.065202569996 78.47891081445269 144.1476044921874 0 233 2.8329 0.0 8.181805246746432 0.0 4.0 
582 10640443.9 93.065202569996 78.47891081445269 144.1476044921874 0 233 2.8329 0.0 8.181805246746432 0.0 4.0 
583 10640477.2 93.065202569996 78.47891081445269 144.1476044921874 0 233 2.8329 0.0 8.181805246746432 0.0 4.0 
584 10640510.6 93.06311315858558 78.47891081445269 144.1476044921874 0 233 2.8329 0.0 8.181805246746432 0.0 4.0 
585 10640543.9 93.06311315858558 78.47329649206053 144.1476044921874 0 233 2.8329 0.0 8.181805246746432 0.0 4.0 
586 10640577.2 93.06311315858558 78.47329649206053 144.1476044921874 0 233 2.8329 0.0 8.181805246746432 0.0 4.0 
587 10640610.6 93.0605957829172 78.47329649206053 144.1476044921874 0 233 2.8329 0.0 8.181805246746432 0.0 4.0 
588 10640643.9 93.0605957829172 78.46748040037357 144.1476044921874 0 233 2.8329 0.0 8.181805246746432 0.0 4.0 
589 10640677.3 93.0605957829172 78.46748040037357 144.1476044921874 0 233 2.8329 0.0 8.181805246746432 0.0 4.0 
590 10640710.6 93.05693131846529 78.46142683506868 144.1476044921874 0 233 2.8329 0.0 8.181805246746432 0.0 4.0 
591 10640743.9 93.05693131846529 78.46142683506868 144.1476044921874 0 233 2.8329 0.0 8.181805246746432 0.0 4.0 
592 10640777.3 93.05693131846529 78.46142683506868 144.1476044921874 0 233 2.8329 0.0 8.181805246746432 0.0 4.0 
593 10640810.6 93.04824157860754 78.45056491113593 144.1476044921874 0 233 2.8329 0.0 8.181805246746432 0.0 4.0 
594 10640843.9 93.04824157860754 78.45056491113593 144.1476044921874 0 233 2.8329 0.0 8.181805246746432 0.0 4.0 
595 10640877.3 93.04824157860754 78.45056491113593 144.1476044921874 0 233 2.8329 0.0 8.181805246746432 0.0 4.0 
596 10640910.6 93.04259649232043 78.45056491113593 144.1476044921874 0 233 2.8329 0.0 8.181805246746432 0.0 4.0 
597 10640943.9 93.04259649232043 78.44264023495319 144.1476044921874 0 233 2.8329 0.0 8.181805246746432 0.0 4.0 
598 10640977.3 93.04259649232043 78.44264023495319 144.1476044921874 0 233 2.8329 0.0 8.181805246746432 0.0 4.0 
599 10641010.6 93.04259649232043 78.44264023495319 144.1476044921874 0 233 2.8329 0.0 8.181805246746432 0.0 4.0 
600 10641043.9 93.03610719221516 78.44264023495319 144.1476044921874 0 233 2.8329 0.0 8.181805246746432 0.0 4.0 
601 10641077.3 93.03610719221516 78.43423561529322 144.1476044921874 0 233 2.8329 0.0 8.181805246746432 0.0 4.0 
602 10641110.6 93.03610719221516 78.43423561529322 144.1476044921874 0 233 2.8329 0.0 8.181805246746432 0.0 4.0 
603 10641144.0 93.03610719221516 78.43423561529322 144.1476044921874 0 233 2.8329 0.0 8.181805246746432 0.0 4.0 
604 10641177.3 93.02870172499134 78.42575641822785 144.1476044921874 0 233 2.8329 0.0 8.181805246746432 0.0 4.0 
605 10641210.6 93.02870172499134 78.42575641822785 144.1476044921874 0 233 2.8329 0.0 8.181805246746432 0.0 4.0 
606 10641244.0 93.02870172499134 78.42575641822785 144.1476044921874 0 233 2.8329 0.0 8.181805246746432 0.0 4.0 
607 10641277.3 93.02870172499134 78.42575641822785 144.1476044921874 0 233 2.8329 0.0 8.181805246746432 0.0 4.0 
608 10641310.6 93.01538535649095 78.42575641822785 144.1476044921874 0 233 2.8329 0.0 8.181805246746432 0.0 4.0 
609 10641344.0 93.01538535649095 78.41700658377042 144.1476044921874 0 233 2.8329 0.0 8.181805246746432 0.0 4.0 
610 10641377.3 93.01538535649095 78.41700658377042 144.1476044921874 0 233 2.8329 0.0 8.181805246746432 0.0 4.0 
611 10641410.6 93.0025403214607 78.41700658377042 144.1476044921874 0 233 2.8329 0.0 8.181805246746432 0.0 4.0 
612 10641444.0 93.0025403214607 78.41029829253687 144.1476044921874 0 233 2.8329 0.0 8.181805246746432 0.0 4.0 
613 10641477.3 93.0025403214607 78.41029829253687 144.1476044921874 0 233 2.8329 0.0 8.181805246746432 0.0 4.0 
614 10641510.7 93.0025403214607 78.41029829253687 144.1476044921874 0 233 2.8329 0.0 8.181805246746432 0.0 4.0 
615 10641544.0 92.99814240106886 78.40541504527353 144.1476044921874 0 233 2.8329 0.0 8.181805246746432 0.0 4.0 
616 10641577.3 92.99814240106886 78.40541504527353 144.1476044921874 0 233 2.8329 0.0 8.181805246746432 0.0 4.0 
617 10641610.7 92.99814240106886 78.40541504527353 144.1476044921874 0 233 2.8329 0.0 8.181805246746432 0.0 4.0 
618 10641644.0 92.99814240106886 78.40541504527353 144.1476044921874 0 233 2.8329 0.0 8.181805246746432 0.0 4.0 
619 10641677.3 92.99409838112332 78.40541504527353 144.1476044921874 0 233 2.8329 0.0 8.181805246746432 0.0 4.0 
620 10641710.7 92.99409838112332 78.40080427912584 144.1476044921874 0 233 2.8329 0.0 8.181805246746432 0.0 4.0 
621 10641744.0 92.99409838112332 78.40080427912584 144.1476044921874 0 233 2.8329 0.0 8.181805246746432 0.0 4.0 
622 10641777.3 92.99409838112332 78.40080427912584 144.1476044921874 0 233 2.8329 0.0 8.181805246746432 0.0 4.0 
623 10641810.7 92.9827656262421 78.40080427912584 144.1476044921874 0 233 2.8329 0.0 8.181805246746432 0.0 4.0 
624 10641844.0 92.9827656262421 78.39707978585308 144.1476044921874 0 233 2.8329 0.0 8.181805246746432 0.0 4.0 
625 10641877.3 92.9827656262421 78.39707978585308 144.1476044921874 0 233 2.8329 0.0 8.181805246746432 0.0 4.0 
626 10641910.7 92.97137188154122 78.39420465358212 144.1476044921874 0 233 2.8329 0.0 8.181805246746432 0.0 4.0 
627 10641944.0 92.97137188154122 78.39420465358212 144.1476044921874 0 233 2.8329 0.0 8.181805246746432 0.0 4.0 
628 10641977.4 92.97137188154122 78.39420465358212 144.1476044921874 0 233 2.8329 0.0 8.181805246746432 0.0 4.0 
629 10642010.7 92.97137188154122 78.39420465358212 144.1476044921874 0 233 2.8329 0.0 8.181805246746432 0.0 4.0 
630 10642044.0 92.96506448577605 78.39209215246997 144.1476044921874 0 233 2.8329 0.0 8.181805246746432 0.0 4.0 
631 10642077.4 92.96506448577605 78.39209215246997 144.1476044921874 0 233 2.8329 0.0 8.181805246746432 0.0 4.0 
632 10642110.7 92.96506448577605 78.39209215246997 144.1476044921874 0 233 2.8329 0.0 8.181805246746432 0.0 4.0 
633 10642144.0 92.96506448577605 78.39209215246997 144.1476044921874 0 233 2.8329 0.0 8.181805246746432 0.0 4.0 
634 10642177.4 92.9580132481041 78.39209215246997 144.1476044921874 0 233 2.8329 0.0 8.181805246746432 0.0 4.0 
635 10642210.7 92.9580132481041 78.3864548938505 144.1476044921874 0 233 2.8329 0.0 8.181805246746432 0.0 4.0 
636 10642244.0 92.9580132481041 78.3864548938505 144.1476044921874 0 233 2.8329 0.0 8.181805246746432 0.0 4.0 
637 10642277.4 92.9580132481041 78.3864548938505 144.1476044921874 0 233 2.8329 0.0 8.181805246746432 0.0 4.0 
638 10642310.7 92.94670157189113 78.3806604430179 144.1476044921874 0 233 2.8329 0.0 8.181805246746432 0.0 4.0 
639 10642344.1 92.94670157189113 78.3806604430179 144.1476044921874 0 233 2.8329 0.0 8.181805246746432 0.0 4.0 
640 10642377.4 92.94670157189113 78.3806604430179 144.1476044921874 0 233 2.8329 0.0 8.181805246746432 0.0 4.0 
641 10642410.7 92.94670157189113 78.3806604430179 144.1476044921874 0 233 2.8329 0.0 8.181805246746432 0.0 4.0 
642 10642444.1 92.933013226541 78.3806604430179 144.1476044921874 0 233 2.8329 0.0 8.181805246746432 0.0 4.0 
643 10642477.4 92.933013226541 78.37667541543227 144.1476044921874 0 233 2.8329 0.0 8.181805246746432 0.0 4.0 
644 10642510.7 92.933013226541 78.37667541543227 144.1476044921874 0 233 2.8329 0.0 8.181805246746432 0.0 4.0 
645 10642544.1 92.92204684873435 78.37667541543227 144.1476044921874 0 233 2.8329 0.0 8.181805246746432 0.0 4.0 
646 10642577.4 92.92204684873435 78.37270369028514 144.1476044921874 0 233 2.8329 0.0 8.181805246746432 0.0 4.0 
647 10642610.7 92.92204684873435 78.37270369028514 144.1476044921874 0 233 2.8329 0.0 8.181805246746432 0.0 4.0 
648 10642644.1 92.92204684873435 78.37270369028514 144.1476044921874 0 233 2.8329 0.0 8.181805246746432 0.0 4.0 
649 10642677.4 92.90719514775321 78.36486803015677 144.1476044921874 0 233 2.8329 0.0 8.181805246746432 0.0 4.0 
650 10642710.7 92.90719514775321 78.36486803015677 144.1476044921874 0 233 2.8329 0.0 8.181805246746432 0.0 4.0 
651 10642744.1 92.90719514775321 78.36486803015677 144.1476044921874 0 233 2.8329 0.0 8.181805246746432 0.0 4.0 
652 10642777.4 92.90719514775321 78.36486803015677 144.1476044921874 0 233 2.8329 0.0 8.181805246746432 0.0 4.0 
653 10642810.8 92.89850929223546 78.36486803015677 144.1476044921874 0 233 2.8329 0.0 8.181805246746432 0.0 4.0 
654 10642844.1 92.89850929223546 78.3604232430471 144.1476044921874 0 233 2.8329 0.0 8.181805246746432 0.0 4.0 
655 10642877.4 92.89850929223546 78.3604232430471 144.1476044921874 0 233 2.8329 0.0 8.181805246746432 0.0 4.0 
656 10642910.8 92.89850929223546 78.3604232430471 144.1476044921874 0 233 2.8329 0.0 8.181805246746432 0.0 4.0 
657 10642944.1 92.88881475304278 78.3604232430471 144.1476044921874 0 233 2.8329 0.0 8.181805246746432 0.0 4.0 
658 10642977.4 92.88881475304278 78.35671629612482 144.1476044921874 0 233 2.8329 0.0 8.181805246746432 0.0 4.0 
659 10643010.8 92.88881475304278 78.35671629612482 144.1476044921874 0 233 2.8329 0.0 8.181805246746432 0.0 4.0 
660 10643044.1 92.8700227313966 78.35671629612482 144.1476044921874 0 233 2.8329 0.0 8.181805246746432 0.0 4.0 
661 10643077.4 92.8700227313966 78.34653733743318 144.1476044921874 0 233 2.8329 0.0 8.181805246746432 0.0 4.0 
662 10643110.8 92.8700227313966 78.34653733743318 144.1476044921874 0 233 2.8329 0.0 8.181805246746432 0.0 4.0 
663 10643144.1 92.8700227313966 78.34653733743318 144.1476044921874 0 233 2.8329 0.0 8.181805246746432 0.0 4.0 
664 10643177.5 92.85874555121767 78.3411284183506 144.1476044921874 0 233 2.8329 0.0 8.181805246746432 0.0 4.0 
665 10643210.8 92.85874555121767 78.3411284183506 144.1476044921874 0 233 2.8329 0.0 8.181805246746432 0.0 4.0 
666 10643244.1 92.85874555121767 78.3411284183506 144.1476044921874 0 233 2.8329 0.0 8.181805246746432 0.0 4.0 
667 10643277.5 92.84634873720188 78.3411284183506 144.1476044921874 0 233 2.8329 0.0 8.181805246746432 0.0 4.0 
668 10643310.8 92.84634873720188 78.33228623759351 144.1476044921874 0 233 2.8329 0.0 8.181805246746432 0.0 4.0 
669 10643344.1 92.84634873720188 78.33228623759351 144.1476044921874 0 233 2.8329 0.0 8.181805246746432 0.0 4.0 
670 10643377.5 92.84634873720188 78.33228623759351 144.1476044921874 0 233 2.8329 0.0 8.181805246746432 0.0 4.0 
671 10643410.8 92.84108950388759 78.33228623759351 144.1476044921874 0 233 2.8329 0.0 8.181805246746432 0.0 4.0 
672 10643444.1 92.84108950388759 78.32707045452156 144.1476044921874 0 233 2.8329 0.0 8.181805246746432 0.0 4.0 
673 10643477.5 92.84108950388759 78.32707045452156 144.1476044921874 0 233 2.8329 0.0 8.181805246746432 0.0 4.0 
674 10643510.8 92.84108950388759 78.32707045452156 144.1476044921874 0 233 2.8329 0.0 8.181805246746432 0.0 4.0 
675 10643544.1 92.82987150468213 78.32707045452156 144.1476044921874 0 233 2.8329 0.0 8.181805246746432 0.0 4.0 
676 10643577.5 92.82987150468213 78.318260737377 144.1476044921874 0 233 2.8329 0.0 8.181805246746432 0.0 4.0 
677 10643610.8 92.82987150468213 78.318260737377 144.1476044921874 0 233 2.8329 0.0 8.181805246746432 0.0 4.0 
678 10643644.2 92.82053350942095 78.318260737377 144.1476044921874 0 233 2.8329 0.0 8.181805246746432 0.0 4.0 
679 10643677.5 92.82053350942095 78.3086873196962 144.1476044921874 0 233 2.8329 0.0 8.181805246746432 0.0 4.0 
680 10643710.8 92.82053350942095 78.3086873196962 144.1476044921874 0 233 2.8329 0.0 8.181805246746432 0.0 4.0 
681 10643744.2 92.82053350942095 78.3086873196962 144.1476044921874 0 233 2.8329 0.0 8.181805246746432 0.0 4.0 
682 10643777.5 92.81331236124828 78.3086873196962 144.1476044921874 0 233 2.8329 0.0 8.181805246746432 0.0 4.0 
683 10643810.8 92.81331236124828 78.30010970704723 144.1476044921874 0 233 2.8329 0.0 8.181805246746432 0.0 4.0 
684 10643844.2 92.81331236124828 78.30010970704723 144.1476044921874 0 233 2.8329 0.0 8.181805246746432 0.0 4.0 
685 10643877.5 92.81331236124828 78.30010970704723 144.1476044921874 0 233 2.8329 0.0 8.181805246746432 0.0 4.0 
686 10643910.8 92.80736408184814 78.2895188108783 144.1476044921874 0 233 2.8329 0.0 8.181805246746432 0.0 4.0 
687 10643944.2 92.80736408184814 78.2895188108783 144.1476044921874 0 233 2.8329 0.0 8.181805246746432 0.0 4.0 
688 10643977.5 92.80736408184814 78.2895188108783 144.1476044921874 0 233 2.8329 0.0 8.181805246746432 0.0 4.0 
689 10644010.9 92.80736408184814 78.2895188108783 144.1476044921874 0 233 2.8329 0.0 8.181805246746432 0.0 4.0 
690 10644044.2 92.80445740182441 78.2895188108783 144.1476044921874 0 233 2.8329 0.0 8.181805246746432 0.0 4.0 
691 10644077.5 92.80445740182441 78.27864012541434 144.1476044921874 0 233 2.8329 0.0 8.181805246746432 0.0 4.0 
692 10644110.9 92.80445740182441 78.27864012541434 144.1476044921874 0 233 2.8329 0.0 8.181805246746432 0.0 4.0 
693 10644144.2 92.80445740182441 78.27864012541434 144.1476044921874 0 233 2.8329 0.0 8.181805246746432 0.0 4.0 
694 10644177.5 92.80294380588933 78.27864012541434 144.1476044921874 0 233 2.8329 0.0 8.181805246746432 0.0 4.0 
695 10644210.9 92.80294380588933 78.26215972791965 144.1476044921874 0 233 2.8329 0.0 8.181805246746432 0.0 4.0 
696 10644244.2 92.80294380588933 78.26215972791965 144.1476044921874 0 233 2.8329 0.0 8.181805246746432 0.0 4.0 
697 10644277.5 92.80753784077697 78.24381177043476 144.1476044921874 0 233 2.8329 0.0 8.181805246746432 0.0 4.0 
698 10644310.9 92.80753784077697 78.24381177043476 144.1476044921874 0 233 2.8329 0.0 8.181805246746432 0.0 4.0 
699 10644344.2 92.80753784077697 78.24381177043476 144.1476044921874 0 233 2.8329 0.0 8.181805246746432 0.0 4.0 
700 10644377.5 92.80753784077697 78.24381177043476 144.1476044921874 0 233 2.8329 0.0 8.181805246746432 0.0 4.0 
701 10644410.9 92.8175623908289 78.24381177043476 144.1476044921874 0 233 2.8329 0.0 8.181805246746432 0.0 4.0 
702 10644444.2 92.8175623908289 78.22608759581398 144.1476044921874 0 233 2.8329 0.0 8.181805246746432 0.0 4.0 
703 10644477.6 92.8175623908289 78.22608759581398 144.1476044921874 0 233 2.8329 0.0 8.181805246746432 0.0 4.0 
704 10644510.9 92.8175623908289 78.22608759581398 144.1476044921874 0 233 2.8329 0.0 8.181805246746432 0.0 4.0 
705 10644544.2 92.82956814873741 78.22608759581398 144.1476044921874 0 233 2.8329 0.0 8.181805246746432 0.0 4.0 
706 10644577.6 92.82956814873741 78.20894572896322 144.1476044921874 0 233 2.8329 0.0 8.181805246746432 0.0 4.0 
707 10644610.9 92.82956814873741 78.20894572896322 144.1476044921874 0 233 2.8329 0.0 8.181805246746432 0.0 4.0 
708 10644644.2 92.82956814873741 78.20894572896322 144.1476044921874 0 233 2.8329 0.0 8.181805246746432 0.0 4.0 
709 10644677.6 92.83668482151344 78.19059910831362 144.1476044921874 0 233 2.8329 0.0 8.181805246746432 0.0 4.0 
710 10644710.9 92.83668482151344 78.19059910831362 144.1476044921874 0 233 2.8329 0.0 8.181805246746432 0.0 4.0 
711 10644744.2 92.83668482151344 78.19059910831362 144.1476044921874 0 233 2.8329 0.0 8.181805246746432 0.0 4.0 
712 10644777.6 92.83668482151344 78.18017925028433 144.1476044921874 0 233 2.8329 0.0 8.181805246746432 0.0 4.0 
713 10644810.9 92.83668482151344 78.18017925028433 144.1476044921874 0 233 2.8329 0.0 8.181805246746432 0.0 4.0 
714 10644844.3 92.83668482151344 78.18017925028433 144.1476044921874 0 233 2.8329 0.0 8.181805246746432 0.0 4.0 
715 10644877.6 92.83668482151344 78.17177031192672 144.1476044921874 0 233 2.8329 0.0 8.181805246746432 0.0 4.0 
716 10644910.9 92.83668482151344 78.17177031192672 144.1476044921874 0 233 2.8329 0.0 8.181805246746432 0.0 4.0 
717 10644944.3 92.83668482151344 78.17177031192672 144.1476044921874 0 233 2.8329 0.0 8.181805246746432 0.0 4.0 
718 10644977.6 92.83377537943073 78.17177031192672 144.1476044921874 0 233 2.8329 0.0 8.181805246746432 0.0 4.0 
719 10645010.9 92.83377537943073 78.1588181039882 144.1476044921874 0 233 2.8329 0.0 8.181805246746432 0.0 4.0 
720 10645044.3 92.83377537943073 78.1588181039882 144.1476044921874 0 233 2.8329 0.0 8.181805246746432 0.0 4.0 
721 10645077.6 92.83377537943073 78.1588181039882 144.1476044921874 0 233 2.8329 0.0 8.181805246746432 0.0 4.0 
722 10645110.9 92.82434842222415 78.1588181039882 144.1476044921874 0 233 2.8329 0.0 8.181805246746432 0.0 4.0 
723 10645144.3 92.82434842222415 78.14091188545494 144.1476044921874 0 233 2.8329 0.0 8.181805246746432 0.0 4.0 
724 10645177.6 92.82434842222415 78.14091188545494 144.1476044921874 0 233 2.8329 0.0 8.181805246746432 0.0 4.0 
725 10645210.9 92.82434842222415 78.14091188545494 144.1476044921874 0 233 2.8329 0.0 8.181805246746432 0.0 4.0 
726 10645244.3 92.82434842222415 78.14091188545494 144.1476044921874 0 233 2.8329 0.0 8.181805246746432 0.0 4.0 
727 10645277.6 92.81400134479016 78.14091188545494 144.1476044921874 0 233 2.8329 0.0 8.181805246746432 0.0 4.0 
728 10645311.0 92.81400134479016 78.12780207309906 144.1476044921874 0 233 2.8329 0.0 8.181805246746432 0.0 4.0 
729 10645344.3 92.81400134479016 78.12780207309906 144.1476044921874 0 233 2.8329 0.0 8.181805246746432 0.0 4.0 
730 10645377.6 92.80188717767824 78.12780207309906 144.1476044921874 0 233 2.8329 0.0 8.181805246746432 0.0 4.0 
731 10645411.0 92.80188717767824 78.11151328435848 144.1476044921874 0 233 2.8329 0.0 8.181805246746432 0.0 4.0 
732 10645444.3 92.80188717767824 78.11151328435848 144.1476044921874 0 233 2.8329 0.0 8.181805246746432 0.0 4.0 
733 10645477.6 92.79191271115882 78.10294990782224 144.1476044921874 0 233 2.8329 0.0 8.181805246746432 0.0 4.0 
734 10645511.0 92.79191271115882 78.10294990782224 144.1476044921874 0 233 2.8329 0.0 8.181805246746432 0.0 4.0 
735 10645544.3 92.79191271115882 78.10294990782224 144.1476044921874 0 233 2.8329 0.0 8.181805246746432 0.0 4.0 
736 10645577.6 92.79191271115882 78.10294990782224 144.1476044921874 0 233 2.8329 0.0 8.181805246746432 0.0 4.0 
737 10645611.0 92.7802647923148 78.10294990782224 144.1476044921874 0 233 2.8329 0.0 8.181805246746432 0.0 4.0 
738 10645644.3 92.7802647923148 78.09289380066427 144.1476044921874 0 233 2.8329 0.0 8.181805246746432 0.0 4.0 
739 10645677.7 92.7802647923148 78.09289380066427 144.1476044921874 0 233 2.8329 0.0 8.181805246746432 0.0 4.0 
740 10645711.0 92.76886865206151 78.09289380066427 144.1476044921874 0 233 2.8329 0.0 8.181805246746432 0.0 4.0 
741 10645744.3 92.76886865206151 78.07992000296078 144.1476044921874 0 233 2.8329 0.0 8.181805246746432 0.0 4.0 
742 10645777.7 92.76886865206151 78.07992000296078 144.1476044921874 0 233 2.8329 0.0 8.181805246746432 0.0 4.0 
743 10645811.0 92.76377296380473 78.07419185434372 144.1476044921874 0 233 2.8329 0.0 8.181805246746432 0.0 4.0 
744 10645844.3 92.76377296380473 78.07419185434372 144.1476044921874 0 233 2.8329 0.0 8.181805246746432 0.0 4.0 
745 10645877.7 92.76377296380473 78.07419185434372 144.1476044921874 0 233 2.8329 0.0 8.181805246746432 0.0 4.0 
746 10645911.0 92.76377296380473 78.07419185434372 144.1476044921874 0 233 2.8329 0.0 8.181805246746432 0.0 4.0 
747 10645944.3 92.75139885571502 78.06608895520432 144.1476044921874 0 233 2.8329 0.0 8.181805246746432 0.0 4.0 
748 10645977.7 92.75139885571502 78.06608895520432 144.1476044921874 0 233 2.8329 0.0 8.181805246746432 0.0 4.0 
749 10646011.0 92.75139885571502 78.06608895520432 144.1476044921874 0 233 2.8329 0.0 8.181805246746432 0.0 4.0 
750 10646044.3 92.74168901548994 78.06608895520432 144.1476044921874 0 233 2.8329 0.0 8.181805246746432 0.0 4.0 
751 10646077.7 92.74168901548994 78.06134603161115 144.1476044921874 0 233 2.8329 0.0 8.181805246746432 0.0 4.0 
752 10646111.0 92.74168901548994 78.06134603161115 144.1476044921874 0 233 2.8329 0.0 8.181805246746432 0.0 4.0 
753 10646144.4 92.74168901548994 78.06134603161115 144.1476044921874 0 233 2.8329 0.0 8.181805246746432 0.0 4.0 
754 10646177.7 92.73334145767845 78.06134603161115 144.1476044921874 0 233 2.8329 0.0 8.181805246746432 0.0 4.0 
755 10646211.0 92.73334145767845 78.05612544574996 144.1476044921874 0 233 2.8329 0.0 8.181805246746432 0.0 4.0 
756 10646244.4 92.73334145767845 78.05612544574996 144.1476044921874 0 233 2.8329 0.0 8.181805246746432 0.0 4.0 
757 10646277.7 92.73334145767845 78.05612544574996 144.1476044921874 0 233 2.8329 0.0 8.181805246746432 0.0 4.0 
758 10646311.0 92.7203624982976 78.05003406172052 144.1476044921874 0 233 2.8329 0.0 8.181805246746432 0.0 4.0 
759 10646344.4 92.7203624982976 78.05003406172052 144.1476044921874 0 233 2.8329 0.0 8.181805246746432 0.0 4.0 
760 10646377.7 92.7203624982976 78.05003406172052 144.1476044921874 0 233 2.8329 0.0 8.181805246746432 0.0 4.0 
761 10646411.0 92.70464493995998 78.05003406172052 144.1476044921874 0 233 2.8329 0.0 8.181805246746432 0.0 4.0 
762 10646444.4 92.70464493995998 78.0457738319504 144.1476044921874 0 233 2.8329 0.0 8.181805246746432 0.0 4.0 
763 10646477.7 92.70464493995998 78.0457738319504 144.1476044921874 0 233 2.8329 0.0 8.181805246746432 0.0 4.0 
764 10646511.1 92.69704477348776 78.0457738319504 144.1476044921874 0 233 2.8329 0.0 8.181805246746432 0.0 4.0 
765 10646544.4 92.69704477348776 78.04308652981953 144.1476044921874 0 233 2.8329 0.0 8.181805246746432 0.0 4.0 
766 10646577.7 92.69704477348776 78.04308652981953 144.1476044921874 0 233 2.8329 0.0 8.181805246746432 0.0 4.0 
767 10646611.1 92.69704477348776 78.04308652981953 144.1476044921874 0 233 2.8329 0.0 8.181805246746432 0.0 4.0 
768 10646644.4 92.68343649391045 78.04129635027743 144.1476044921874 0 233 2.8329 0.0 8.181805246746432 0.0 4.0 
769 10646677.7 92.68343649391045 78.04129635027743 144.1476044921874 0 233 2.8329 0.0 8.181805246746432 0.0 4.0 
770 10646711.1 92.68343649391045 78.04129635027743 144.1476044921874 0 233 2.8329 0.0 8.181805246746432 0.0 4.0 
771 10646744.4 92.68343649391045 78.04129635027743 144.1476044921874 0 233 2.8329 0.0 8.181805246746432 0.0 4.0 
772 10646777.7 92.67119663892423 78.04129635027743 144.1476044921874 0 233 2.8329 0.0 8.181805246746432 0.0 4.0 
773 10646811.1 92.67119663892423 78.03786120219034 144.1476044921874 0 233 2.8329 0.0 8.181805246746432 0.0 4.0 
774 10646844.4 92.67119663892423 78.03786120219034 144.1476044921874 0 233 2.8329 0.0 8.181805246746432 0.0 4.0 
775 10646877.7 92.65850590531218 78.03786120219034 144.1476044921874 0 233 2.8329 0.0 8.181805246746432 0.0 4.0 
776 10646911.1 92.65850590531218 78.03452488884888 144.1476044921874 0 233 2.8329 0.0 8.181805246746432 0.0 4.0 
777 10646944.4 92.65850590531218 78.03452488884888 144.1476044921874 0 233 2.8329 0.0 8.181805246746432 0.0 4.0 
778 10646977.8 92.65850590531218 78.03452488884888 144.1476044921874 0 233 2.8329 0.0 8.181805246746432 0.0 4.0 
779 10647011.1 92.65206197121753 78.03452488884888 144.1476044921874 0 233 2.8329 0.0 8.181805246746432 0.0 4.0 
780 10647044.4 92.65206197121753 78.03452488884888 144.1476044921874 0 233 2.8329 0.0 8.181805246746432 0.0 4.0 
781 10647077.8 92.65206197121753 78.03452488884888 144.1476044921874 0 233 2.8329 0.0 8.181805246746432 0.0 4.0 
782 10647111.1 92.63837438401859 78.03452488884888 144.1476044921874 0 233 2.8329 0.0 8.181805246746432 0.0 4.0 
783 10647144.4 92.63837438401859 78.03642717543894 144.1476044921874 0 233 2.8329 0.0 8.181805246746432 0.0 4.0 
784 10647177.8 92.63837438401859 78.03642717543894 144.1476044921874 0 233 2.8329 0.0 8.181805246746432 0.0 4.0 
785 10647211.1 92.63837438401859 78.03642717543894 144.1476044921874 0 233 2.8329 0.0 8.181805246746432 0.0 4.0 
786 10647244.4 92.6273274687668 78.03642717543894 144.1476044921874 0 233 2.8329 0.0 8.181805246746432 0.0 4.0 
787 10647277.8 92.6273274687668 78.03880934676786 144.1476044921874 0 233 2.8329 0.0 8.181805246746432 0.0 4.0 
788 10647311.1 92.6273274687668 78.03880934676786 144.1476044921874 0 233 2.8329 0.0 8.181805246746432 0.0 4.0 
789 10647344.5 92.61590976509731 78.03880934676786 144.1476044921874 0 233 2.8329 0.0 8.181805246746432 0.0 4.0 
790 10647377.8 92.61590976509731 78.04189595355413 144.1476044921874 0 233 2.8329 0.0 8.181805246746432 0.0 4.0 
791 10647411.1 92.61590976509731 78.04189595355413 144.1476044921874 0 233 2.8329 0.0 8.181805246746432 0.0 4.0 
792 10647444.5 92.61590976509731 78.04189595355413 144.1476044921874 0 233 2.8329 0.0 8.181805246746432 0.0 4.0 
793 10647477.8 92.59957420616009 78.04189595355413 144.1476044921874 0 233 2.8329 0.0 8.181805246746432 0.0 4.0 
794 10647511.1 92.59957420616009 78.04189595355413 144.1476044921874 0 233 2.8329 0.0 8.181805246746432 0.0 4.0 
795 10647544.5 92.59957420616009 78.04189595355413 144.1476044921874 0 233 2.8329 0.0 8.181805246746432 0.0 4.0 
796 10647577.8 92.59248185585434 78.04189595355413 144.1476044921874 0 233 2.8329 0.0 8.181805246746432 0.0 4.0 
797 10647611.1 92.59248185585434 78.04362773357568 144.1476044921874 0 233 2.8329 0.0 8.181805246746432 0.0 4.0 
798 10647644.5 92.59248185585434 78.04362773357568 144.1476044921874 0 233 2.8329 0.0 8.181805246746432 0.0 4.0 
799 10647677.8 92.59248185585434 78.04362773357568 144.1476044921874 0 233 2.8329 0.0 8.181805246746432 0.0 4.0 
800 10647711.1 92.57811331232975 78.04362773357568 144.1476044921874 0 233 2.8329 0.0 8.181805246746432 0.0 4.0 
801 10647744.5 92.57811331232975 78.04676536046011 144.1476044921874 0 233 2.8329 0.0 8.181805246746432 0.0 4.0 
802 10647777.8 92.57811331232975 78.04676536046011 144.1476044921874 0 233 2.8329 0.0 8.181805246746432 0.0 4.0 
803 10647811.2 92.55948486837211 78.04676536046011 144.1476044921874 0 233 2.8329 0.0 8.181805246746432 0.0 4.0 
804 10647844.5 92.55948486837211 78.04676536046011 144.1476044921874 0 233 2.8329 0.0 8.181805246746432 0.0 4.0 
805 10647877.8 92.55948486837211 78.04676536046011 144.1476044921874 0 233 2.8329 0.0 8.181805246746432 0.0 4.0 
806 10647911.2 92.55948486837211 78.04676536046011 144.1476044921874 0 233 2.8329 0.0 8.181805246746432 0.0 4.0 
807 10647944.5 92.55127639099933 78.04676536046011 144.1476044921874 0 233 2.8329 0.0 8.181805246746432 0.0 4.0 
808 10647977.8 92.55127639099933 78.04676536046011 144.1476044921874 0 233 2.8329 0.0 8.181805246746432 0.0 4.0 
809 10648011.2 92.55127639099933 78.04676536046011 144.1476044921874 0 233 2.8329 0.0 8.181805246746432 0.0 4.0 
810 10648044.5 92.53811215678428 78.04676536046011 144.1476044921874 0 233 2.8329 0.0 8.181805246746432 0.0 4.0 
811 10648077.8 92.53811215678428 78.04676536046011 144.1476044921874 0 233 2.8329 0.0 8.181805246746432 0.0 4.0 
812 10648111.2 92.53811215678428 78.04676536046011 144.1476044921874 0 233 2.8329 0.0 8.181805246746432 0.0 4.0 
813 10648144.5 92.52251115730107 78.04676536046011 144.1476044921874 0 233 2.8329 0.0 8.181805246746432 0.0 4.0 
814 10648177.9 92.52251115730107 78.04676536046011 144.1476044921874 0 233 2.8329 0.0 8.181805246746432 0.0 4.0 
815 10648211.2 92.52251115730107 78.04676536046011 144.1476044921874 0 233 2.8329 0.0 8.181805246746432 0.0 4.0 
816 10648244.5 92.52251115730107 78.04676536046011 144.1476044921874 0 233 2.8329 0.0 8.181805246746432 0.0 4.0 
817 10648277.9 92.51261816803836 78.04676536046011 144.1476044921874 0 233 2.8329 0.0 8.181805246746432 0.0 4.0 
818 10648311.2 92.51261816803836 78.04402565311466 144.1476044921874 0 233 2.8329 0.0 8.181805246746432 0.0 4.0 
819 10648344.5 92.51261816803836 78.04402565311466 144.1476044921874 0 233 2.8329 0.0 8.181805246746432 0.0 4.0 
820 10648377.9 92.51261816803836 78.04402565311466 144.1476044921874 0 233 2.8329 0.0 8.181805246746432 0.0 4.0 
821 10648411.2 92.49757686575586 78.03882870597785 144.1476044921874 0 233 2.8329 0.0 8.181805246746432 0.0 4.0 
822 10648444.5 92.49757686575586 78.03882870597785 144.1476044921874 0 233 2.8329 0.0 8.181805246746432 0.0 4.0 
823 10648477.9 92.49757686575586 78.03882870597785 144.1476044921874 0 233 2.8329 0.0 8.181805246746432 0.0 4.0 
824 10648511.2 92.49757686575586 78.03882870597785 144.1476044921874 0 233 2.8329 0.0 8.181805246746432 0.0 4.0 
825 10648544.5 92.4895404317252 78.03882870597785 144.1476044921874 0 233 2.8329 0.0 8.181805246746432 0.0 4.0 
826 10648577.9 92.4895404317252 78.03359639421305 144.1476044921874 0 233 2.8329 0.0 8.181805246746432 0.0 4.0 
827 10648611.2 92.4895404317252 78.03359639421305 144.1476044921874 0 233 2.8329 0.0 8.181805246746432 0.0 4.0 
828 10648644.6 92.47464010395139 78.03359639421305 144.1476044921874 0 233 2.8329 0.0 8.181805246746432 0.0 4.0 
829 10648677.9 92.47464010395139 78.02478337974347 144.1476044921874 0 233 2.8329 0.0 8.181805246746432 0.0 4.0 
830 10648711.2 92.47464010395139 78.02478337974347 144.1476044921874 0 233 2.8329 0.0 8.181805246746432 0.0 4.0 
831 10648744.6 92.47464010395139 78.02478337974347 144.1476044921874 0 233 2.8329 0.0 8.181805246746432 0.0 4.0 
832 10648777.9 92.46211393446667 78.0158060776998 144.1476044921874 0 233 2.8329 0.0 8.181805246746432 0.0 4.0 
833 10648811.2 92.46211393446667 78.0158060776998 144.1476044921874 0 233 2.8329 0.0 8.181805246746432 0.0 4.0 
834 10648844.6 92.46211393446667 78.0158060776998 144.1476044921874 0 233 2.8329 0.0 8.181805246746432 0.0 4.0 
835 10648877.9 92.46211393446667 78.0158060776998 144.1476044921874 0 233 2.8329 0.0 8.181805246746432 0.0 4.0 
836 10648911.2 92.44960789662638 78.0158060776998 144.1476044921874 0 233 2.8329 0.0 8.181805246746432 0.0 4.0 
837 10648944.6 92.44960789662638 78.00658334442687 144.1476044921874 0 233 2.8329 0.0 8.181805246746432 0.0 4.0 
838 10648977.9 92.44960789662638 78.00658334442687 144.1476044921874 0 233 2.8329 0.0 8.181805246746432 0.0 4.0 
839 10649011.3 92.43969548707504 78.00658334442687 144.1476044921874 0 233 2.8329 0.0 8.181805246746432 0.0 4.0 
840 10649044.6 92.43969548707504 77.9973575319721 144.1476044921874 0 233 2.8329 0.0 8.181805246746432 0.0 4.0 
841 10649077.9 92.43969548707504 77.9973575319721 144.1476044921874 0 233 2.8329 0.0 8.181805246746432 0.0 4.0 
842 10649111.3 92.43969548707504 77.9973575319721 144.1476044921874 0 233 2.8329 0.0 8.181805246746432 0.0 4.0 
843 10649144.6 92.42594565253907 77.98579484504948 144.1476044921874 0 233 2.8329 0.0 8.181805246746432 0.0 4.0 
844 10649177.9 92.42594565253907 77.98579484504948 144.1476044921874 0 233 2.8329 0.0 8.181805246746432 0.0 4.0 
845 10649211.3 92.42594565253907 77.98579484504948 144.1476044921874 0 233 2.8329 0.0 8.181805246746432 0.0 4.0 
846 10649244.6 92.42594565253907 77.98579484504948 144.1476044921874 0 233 2.8329 0.0 8.181805246746432 0.0 4.0 
847 10649277.9 92.41944219277354 77.98579484504948 144.1476044921874 0 233 2.8329 0.0 8.181805246746432 0.0 4.0 
848 10649311.3 92.41944219277354 77.974634125083 144.1476044921874 0 233 2.8329 0.0 8.181805246746432 0.0 4.0 
849 10649344.6 92.41944219277354 77.974634125083 144.1476044921874 0 233 2.8329 0.0 8.181805246746432 0.0 4.0 
850 10649377.9 92.4056646211497 77.974634125083 144.1476044921874 0 233 2.8329 0.0 8.181805246746432 0.0 4.0 
851 10649411.3 92.4056646211497 77.95818644628814 144.1476044921874 0 233 2.8329 0.0 8.181805246746432 0.0 4.0 
852 10649444.6 92.4056646211497 77.95818644628814 144.1476044921874 0 233 2.8329 0.0 8.181805246746432 0.0 4.0 
853 10649478.0 92.39752723852162 77.95818644628814 144.1476044921874 0 233 2.8329 0.0 8.181805246746432 0.0 4.0 
854 10649511.3 92.39752723852162 77.9464198381737 144.1476044921874 0 233 2.8329 0.0 8.181805246746432 0.0 4.0 
855 10649544.6 92.39752723852162 77.9464198381737 144.1476044921874 0 233 2.8329 0.0 8.181805246746432 0.0 4.0 
856 10649578.0 92.39140403558503 77.93381286553796 144.1476044921874 0 233 2.8329 0.0 8.181805246746432 0.0 4.0 
857 10649611.3 92.39140403558503 77.93381286553796 144.1476044921874 0 233 2.8329 0.0 8.181805246746432 0.0 4.0 
858 10649644.6 92.39140403558503 77.93381286553796 144.1476044921874 0 233 2.8329 0.0 8.181805246746432 0.0 4.0 
859 10649678.0 92.38725283470714 77.93381286553796 144.1476044921874 0 233 2.8329 0.0 8.181805246746432 0.0 4.0 
860 10649711.3 92.38725283470714 77.9210131734127 144.1476044921874 0 233 2.8329 0.0 8.181805246746432 0.0 4.0 
861 10649744.6 92.38725283470714 77.9210131734127 144.1476044921874 0 233 2.8329 0.0 8.181805246746432 0.0 4.0 
862 10649778.0 92.38057885033166 77.9210131734127 144.1476044921874 0 233 2.8329 0.0 8.181805246746432 0.0 4.0 
863 10649811.3 92.38057885033166 77.89901810584367 144.1476044921874 0 233 2.8329 0.0 8.181805246746432 0.0 4.0 
864 10649844.7 92.38057885033166 77.89901810584367 144.1476044921874 0 233 2.8329 0.0 8.181805246746432 0.0 4.0 
865 10649878.0 92.38057885033166 77.89901810584367 144.1476044921874 0 233 2.8329 0.0 8.181805246746432 0.0 4.0 
866 10649911.3 92.37775397419334 77.88575848855133 144.1476044921874 0 233 2.8329 0.0 8.181805246746432 0.0 4.0 
867 10649944.7 92.37775397419334 77.88575848855133 144.1476044921874 0 233 2.8329 0.0 8.181805246746432 0.0 4.0 
868 10649978.0 92.37775397419334 77.88575848855133 144.1476044921874 0 233 2.8329 0.0 8.181805246746432 0.0 4.0 
869 10650011.3 92.37775397419334 77.88575848855133 144.1476044921874 0 233 2.8329 0.0 8.181805246746432 0.0 4.0 
870 10650044.7 92.37674066641081 77.86603908681008 144.1476044921874 0 233 2.8329 0.0 8.181805246746432 0.0 4.0 
871 10650078.0 92.37674066641081 77.86603908681008 144.1476044921874 0 233 2.8329 0.0 8.181805246746432 0.0 4.0 
872 10650111.3 92.37674066641081 77.86603908681008 144.1476044921874 0 233 2.8329 0.0 8.181805246746432 0.0 4.0 
873 10650144.7 92.37674066641081 77.86603908681008 144.1476044921874 0 233 2.8329 0.0 8.181805246746432 0.0 4.0 
874 10650178.0 92.37107331656338 77.86603908681008 144.1476044921874 0 233 2.8329 0.0 8.181805246746432 0.0 4.0 
875 10650211.3 92.37107331656338 77.84415326682415 144.1476044921874 0 233 2.8329 0.0 8.181805246746432 0.0 4.0 
876 10650244.7 92.37107331656338 77.84415326682415 144.1476044921874 0 233 2.8329 0.0 8.181805246746432 0.0 4.0 
877 10650278.0 92.37107331656338 77.84415326682415 144.1476044921874 0 233 2.8329 0.0 8.181805246746432 0.0 4.0 
878 10650311.4 92.36461993553553 77.83117174101017 144.1476044921874 0 233 2.8329 0.0 8.181805246746432 0.0 4.0 
879 10650344.7 92.36461993553553 77.83117174101017 144.1476044921874 0 233 2.8329 0.0 8.181805246746432 0.0 4.0 
880 10650378.0 92.36461993553553 77.83117174101017 144.1476044921874 0 233 2.8329 0.0 8.181805246746432 0.0 4.0 
881 10650411.4 92.36160972828552 77.82056340049151 144.1476044921874 0 233 2.8329 0.0 8.181805246746432 0.0 4.0 
882 10650444.7 92.36160972828552 77.82056340049151 144.1476044921874 0 233 2.8329 0.0 8.181805246746432 0.0 4.0 
883 10650478.0 92.36160972828552 77.82056340049151 144.1476044921874 0 233 2.8329 0.0 8.181805246746432 0.0 4.0 
884 10650511.4 92.35792871781659 77.82056340049151 144.1476044921874 0 233 2.8329 0.0 8.181805246746432 0.0 4.0 
885 10650544.7 92.35792871781659 77.81299346717397 144.1476044921874 0 233 2.8329 0.0 8.181805246746432 0.0 4.0 
886 10650578.0 92.35792871781659 77.81299346717397 144.1476044921874 0 233 2.8329 0.0 8.181805246746432 0.0 4.0 
887 10650611.4 92.35792871781659 77.81299346717397 144.1476044921874 0 233 2.8329 0.0 8.181805246746432 0.0 4.0 
888 10650644.7 92.35395520304989 77.81299346717397 144.1476044921874 0 233 2.8329 0.0 8.181805246746432 0.0 4.0 
889 10650678.1 92.35395520304989 77.8027316513445 144.1476044921874 0 233 2.8329 0.0 8.181805246746432 0.0 4.0 
890 10650711.4 92.35395520304989 77.8027316513445 144.1476044921874 0 233 2.8329 0.0 8.181805246746432 0.0 4.0 
891 10650744.7 92.35395520304989 77.8027316513445 144.1476044921874 0 233 2.8329 0.0 8.181805246746432 0.0 4.0 
892 10650778.1 92.34671943966072 77.78860615524152 144.1476044921874 0 233 2.8329 0.0 8.181805246746432 0.0 4.0 
893 10650811.4 92.34671943966072 77.78860615524152 144.1476044921874 0 233 2.8329 0.0 8.181805246746432 0.0 4.0 
894 10650844.7 92.34671943966072 77.78860615524152 144.1476044921874 0 233 2.8329 0.0 8.181805246746432 0.0 4.0 
895 10650878.1 92.34133580393306 77.78860615524152 144.1476044921874 0 233 2.8329 0.0 8.181805246746432 0.0 4.0 
896 10650911.4 92.34133580393306 77.7824224732509 144.1476044921874 0 233 2.8329 0.0 8.181805246746432 0.0 4.0 
897 10650944.7 92.34133580393306 77.7824224732509 144.1476044921874 0 233 2.8329 0.0 8.181805246746432 0.0 4.0 
898 10650978.1 92.34133580393306 77.7824224732509 144.1476044921874 0 233 2.8329 0.0 8.181805246746432 0.0 4.0 
899 10651011.4 92.33334976296022 77.7824224732509 144.1476044921874 0 233 2.8329 0.0 8.181805246746432 0.0 4.0 
900 10651044.7 92.33334976296022 77.77084274752461 144.1476044921874 0 233 2.8329 0.0 8.181805246746432 0.0 4.0 
901 10651078.1 92.33334976296022 77.77084274752461 144.1476044921874 0 233 2.8329 0.0 8.181805246746432 0.0 4.0 
902 10651111.4 92.33334976296022 77.77084274752461 144.1476044921874 0 233 2.8329 0.0 8.181805246746432 0.0 4.0 
903 10651144.8 92.32592424428243 77.75752405380197 144.1476044921874 0 233 2.8329 0.0 8.181805246746432 0.0 4.0 
904 10651178.1 92.32592424428243 77.75752405380197 144.1476044921874 0 233 2.8329 0.0 8.181805246746432 0.0 4.0 
905 10651211.4 92.32592424428243 77.75752405380197 144.1476044921874 0 233 2.8329 0.0 8.181805246746432 0.0 4.0 
906 10651244.8 92.32407697543069 77.75752405380197 144.1476044921874 0 233 2.8329 0.0 8.181805246746432 0.0 4.0 
907 10651278.1 92.32407697543069 77.75536223642878 144.1476044921874 0 233 2.8329 0.0 8.181805246746432 0.0 4.0 
908 10651311.4 92.32407697543069 77.75536223642878 144.1476044921874 0 233 2.8329 0.0 8.181805246746432 0.0 4.0 
909 10651344.8 92.32617534024968 77.75536223642878 144.1476044921874 0 233 2.8329 0.0 8.181805246746432 0.0 4.0 
910 10651378.1 92.32617534024968 77.75137168326603 144.1476044921874 0 233 2.8329 0.0 8.181805246746432 0.0 4.0 
911 10651411.4 92.32617534024968 77.75137168326603 144.1476044921874 0 233 2.8329 0.0 8.181805246746432 0.0 4.0 
912 10651444.8 92.32617534024968 77.75137168326603 144.1476044921874 0 233 2.8329 0.0 8.181805246746432 0.0 4.0 
913 10651478.1 92.33107545741467 77.75137168326603 144.1476044921874 0 233 2.8329 0.0 8.181805246746432 0.0 4.0 
914 10651511.5 92.33107545741467 77.75137168326603 144.1476044921874 0 233 2.8329 0.0 8.181805246746432 0.0 4.0 
915 10651544.8 92.33107545741467 77.75137168326603 144.1476044921874 0 233 2.8329 0.0 8.181805246746432 0.0 4.0 
916 10651578.1 92.33510445727816 77.75137168326603 144.1476044921874 0 233 2.8329 0.0 8.181805246746432 0.0 4.0 
917 10651611.5 92.33510445727816 77.75137168326603 144.1476044921874 0 233 2.8329 0.0 8.181805246746432 0.0 4.0 
918 10651644.8 92.33510445727816 77.75137168326603 144.1476044921874 0 233 2.8329 0.0 8.181805246746432 0.0 4.0 
919 10651678.1 92.33389674697888 77.75137168326603 144.1476044921874 0 233 2.8329 0.0 8.181805246746432 0.0 4.0 
920 10651711.5 92.33389674697888 77.7492857498411 144.1476044921874 0 233 2.8329 0.0 8.181805246746432 0.0 4.0 
921 10651744.8 92.33389674697888 77.7492857498411 144.1476044921874 0 233 2.8329 0.0 8.181805246746432 0.0 4.0 
922 10651778.1 92.33389674697888 77.7492857498411 144.1476044921874 0 233 2.8329 0.0 8.181805246746432 0.0 4.0 
923 10651811.5 92.33215499702564 77.7492857498411 144.1476044921874 0 233 2.8329 0.0 8.181805246746432 0.0 4.0 
924 10651844.8 92.33215499702564 77.74716931766741 144.1476044921874 0 233 2.8329 0.0 8.181805246746432 0.0 4.0 
925 10651878.1 92.33215499702564 77.74716931766741 144.1476044921874 0 233 2.8329 0.0 8.181805246746432 0.0 4.0 
926 10651911.5 92.33215499702564 77.74716931766741 144.1476044921874 0 233 2.8329 0.0 8.181805246746432 0.0 4.0 
927 10651944.8 92.32706202087253 77.7442782536442 144.1476044921874 0 233 2.8329 0.0 8.181805246746432 0.0 4.0 
928 10651978.2 92.32706202087253 77.7442782536442 144.1476044921874 0 233 2.8329 0.0 8.181805246746432 0.0 4.0 
929 10652011.5 92.32706202087253 77.7442782536442 144.1476044921874 0 233 2.8329 0.0 8.181805246746432 0.0 4.0 
930 10652044.8 92.32706202087253 77.7442782536442 144.1476044921874 0 233 2.8329 0.0 8.181805246746432 0.0 4.0 
931 10652078.2 92.31138052360419 77.7442782536442 144.1476044921874 0 233 2.8329 0.0 8.181805246746432 0.0 4.0 
932 10652111.5 92.31138052360419 77.73597202995866 144.1476044921874 0 233 2.8329 0.0 8.181805246746432 0.0 4.0 
933 10652144.8 92.31138052360419 77.73597202995866 144.1476044921874 0 233 2.8329 0.0 8.181805246746432 0.0 4.0 
934 10652178.2 92.29470000326467 77.73597202995866 144.1476044921874 0 233 2.8329 0.0 8.181805246746432 0.0 4.0 
935 10652211.5 92.29470000326467 77.72729264797829 144.1476044921874 0 233 2.8329 0.0 8.181805246746432 0.0 4.0 
936 10652244.8 92.29470000326467 77.72729264797829 144.1476044921874 0 233 2.8329 0.0 8.181805246746432 0.0 4.0 
937 10652278.2 92.29062999672207 77.72314128678298 144.1476044921874 0 233 2.8329 0.0 8.181805246746432 0.0 4.0 
938 10652311.5 92.29062999672207 77.72314128678298 144.1476044921874 0 233 2.8329 0.0 8.181805246746432 0.0 4.0 
939 10652344.9 92.29062999672207 77.72314128678298 144.1476044921874 0 233 2.8329 0.0 8.181805246746432 0.0 4.0 
940 10652378.2 92.29062999672207 77.72314128678298 144.1476044921874 0 233 2.8329 0.0 8.181805246746432 0.0 4.0 
941 10652411.5 92.28515610205648 77.72139336991046 144.1476044921874 0 233 2.8329 0.0 8.181805246746432 0.0 4.0 
942 10652444.9 92.28515610205648 77.72139336991046 144.1476044921874 0 233 2.8329 0.0 8.181805246746432 0.0 4.0 
943 10652478.2 92.28515610205648 77.72139336991046 144.1476044921874 0 233 2.8329 0.0 8.181805246746432 0.0 4.0 
944 10652511.5 92.27911328450176 77.72139336991046 144.1476044921874 0 233 2.8329 0.0 8.181805246746432 0.0 4.0 
945 10652544.9 92.27911328450176 77.71987356396069 144.1476044921874 0 233 2.8329 0.0 8.181805246746432 0.0 4.0 
946 10652578.2 92.27911328450176 77.71987356396069 144.1476044921874 0 233 2.8329 0.0 8.181805246746432 0.0 4.0 
947 10652611.5 92.27536645234711 77.71987356396069 144.1476044921874 0 233 2.8329 0.0 8.181805246746432 0.0 4.0 
948 10652644.9 92.27536645234711 77.71987356396069 144.1476044921874 0 233 2.8329 0.0 8.181805246746432 0.0 4.0 
949 10652678.2 92.27030910379487 77.72116420153013 144.1476044921874 0 233 2.8329 0.0 8.181805246746432 0.0 4.0 
950 10652711.5 92.27030910379487 77.72116420153013 144.1476044921874 0 233 2.8329 0.0 8.181805246746432 0.0 4.0 
951 10652744.9 92.27030910379487 77.72116420153013 144.1476044921874 0 233 2.8329 0.0 8.181805246746432 0.0 4.0 
952 10652778.2 92.26549268814402 77.72437722817936 144.1476044921874 0 233 2.8329 0.0 8.181805246746432 0.0 4.0 
953 10652811.6 92.26549268814402 77.72437722817936 144.1476044921874 0 233 2.8329 0.0 8.181805246746432 0.0 4.0 
954 10652844.9 92.26549268814402 77.72437722817936 144.1476044921874 0 233 2.8329 0.0 8.181805246746432 0.0 4.0 
955 10652878.2 92.25977851330929 77.72437722817936 144.1476044921874 0 233 2.8329 0.0 8.181805246746432 0.0 4.0 
956 10652911.6 92.25977851330929 77.7263908609455 144.1476044921874 0 233 2.8329 0.0 8.181805246746432 0.0 4.0 
957 10652944.9 92.25977851330929 77.7263908609455 144.1476044921874 0 233 2.8329 0.0 8.181805246746432 0.0 4.0 
958 10652978.2 92.25977851330929 77.7263908609455 144.1476044921874 0 233 2.8329 0.0 8.181805246746432 0.0 4.0 
959 10653011.6 92.25838392884309 77.7263908609455 144.1476044921874 0 233 2.8329 0.0 8.181805246746432 0.0 4.0 
960 10653044.9 92.25838392884309 77.71375730274305 144.1476044921874 0 233 2.8329 0.0 8.181805246746432 0.0 4.0 
961 10653078.2 92.25838392884309 77.71375730274305 144.1476044921874 0 233 2.8329 0.0 8.181805246746432 0.0 4.0 
962 10653111.6 92.25838392884309 77.71375730274305 144.1476044921874 0 233 2.8329 0.0 8.181805246746432 0.0 4.0 
963 10653144.9 92.2935683744106 77.71786895421037 144.1476044921874 0 233 2.8329 0.0 8.181805246746432 0.0 4.0 
964 10653178.3 92.2935683744106 77.71786895421037 144.1476044921874 0 233 2.8329 0.0 8.181805246746432 0.0 4.0 
965 10653211.6 92.2935683744106 77.71786895421037 144.1476044921874 0 233 2.8329 0.0 8.181805246746432 0.0 4.0 
966 10653244.9 92.2935683744106 77.71786895421037 144.1476044921874 0 233 2.8329 0.0 8.181805246746432 0.0 4.0 
967 10653278.3 92.33735604720889 77.71786895421037 144.1476044921874 0 233 2.8329 0.0 8.181805246746432 0.0 4.0 
968 10653311.6 92.33735604720889 77.73770977461153 144.1476044921874 0 233 2.8329 0.0 8.181805246746432 0.0 4.0 
969 10653344.9 92.33735604720889 77.73770977461153 144.1476044921874 0 233 2.8329 0.0 8.181805246746432 0.0 4.0 
970 10653378.3 92.33735604720889 77.73770977461153 144.1476044921874 0 233 2.8329 0.0 8.181805246746432 0.0 4.0 
971 10653411.6 92.33735604720889 77.73770977461153 144.1476044921874 0 233 2.8329 0.0 8.181805246746432 0.0 4.0 
972 10653444.9 92.36024371205235 77.76659657792125 144.1476044921874 0 233 2.8329 0.0 8.181805246746432 0.0 4.0 
973 10653478.3 92.36024371205235 77.76659657792125 144.1476044921874 0 233 2.8329 0.0 8.181805246746432 0.0 4.0 
974 10653511.6 92.36024371205235 77.76659657792125 144.1476044921874 0 233 2.8329 0.0 8.181805246746432 0.0 4.0 
975 10653544.9 92.37515249253684 77.80492815128852 144.1476044921874 0 233 2.8329 0.0 8.181805246746432 0.0 4.0 
976 10653578.3 92.37515249253684 77.80492815128852 144.1476044921874 0 233 2.8329 0.0 8.181805246746432 0.0 4.0 
977 10653611.6 92.37515249253684 77.80492815128852 144.1476044921874 0 233 2.8329 0.0 8.181805246746432 0.0 4.0 
978 10653645.0 92.37515249253684 77.80492815128852 144.1476044921874 0 233 2.8329 0.0 8.181805246746432 0.0 4.0 
979 10653678.3 92.37515249253684 77.80492815128852 144.1476044921874 0 233 2.8329 0.0 8.181805246746432 0.0 4.0 
980 10653711.6 92.38251830682637 77.80492815128852 144.1476044921874 0 233 2.8329 0.0 8.181805246746432 0.0 4.0 
981 10653745.0 92.38251830682637 77.84130013833071 144.1476044921874 0 233 2.8329 0.0 8.181805246746432 0.0 4.0 
982 10653778.3 92.38251830682637 77.84130013833071 144.1476044921874 0 233 2.8329 0.0 8.181805246746432 0.0 4.0 
983 10653811.6 92.38251830682637 77.84130013833071 144.1476044921874 0 233 2.8329 0.0 8.181805246746432 0.0 4.0 
984 10653845.0 92.38251830682637 77.84130013833071 144.1476044921874 0 233 2.8329 0.0 8.181805246746432 0.0 4.0 
985 10653878.3 92.38688657392741 77.86625471030017 144.1476044921874 0 233 2.8329 0.0 8.181805246746432 0.0 4.0 
986 10653911.6 92.38688657392741 77.86625471030017 144.1476044921874 0 233 2.8329 0.0 8.181805246746432 0.0 4.0 
987 10653945.0 92.38688657392741 77.86625471030017 144.1476044921874 0 233 2.8329 0.0 8.181805246746432 0.0 4.0 
988 10653978.3 92.38688657392741 77.86625471030017 144.1476044921874 0 233 2.8329 0.0 8.181805246746432 0.0 4.0 
989 10654011.7 92.38414373460016 77.86625471030017 144.1476044921874 0 233 2.8329 0.0 8.181805246746432 0.0 4.0 
990 10654045.0 92.38414373460016 77.9060490451376 144.1476044921874 0 233 2.8329 0.0 8.181805246746432 0.0 4.0 
991 10654078.3 92.38414373460016 77.9060490451376 144.1476044921874 0 233 2.8329 0.0 8.181805246746432 0.0 4.0 
992 10654111.7 92.38414373460016 77.9060490451376 144.1476044921874 0 233 2.8329 0.0 8.181805246746432 0.0 4.0 
993 10654145.0 92.38540177909952 77.9060490451376 144.1476044921874 0 233 2.8329 0.0 8.181805246746432 0.0 4.0 
994 10654178.3 92.38540177909952 77.92897254515962 144.1476044921874 0 233 2.8329 0.0 8.181805246746432 0.0 4.0 
995 10654211.7 92.38540177909952 77.92897254515962 144.1476044921874 0 233 2.8329 0.0 8.181805246746432 0.0 4.0 
996 10654245.0 92.39939221556598 77.96446219941254 144.1476044921874 0 233 2.8329 0.0 8.181805246746432 0.0 4.0 
997 10654278.3 92.39939221556598 77.96446219941254 144.1476044921874 0 233 2.8329 0.0 8.181805246746432 0.0 4.0 
998 10654311.7 92.39939221556598 77.96446219941254 144.1476044921874 0 233 2.8329 0.0 8.181805246746432 0.0 4.0 
999 10654345.0 92.39939221556598 77.96446219941254 144.1476044921874 0 233 2.8329 0.0 8.181805246746432 0.0 4.0 
1000 10654378.3 92.41606013992103 77.96446219941254 144.1476044921874 0 233 2.8329 0.0 8.181805246746432 0.0 4.0 
1001 10654411.7 92.41606013992103 77.98498491548314 144.1476044921874 0 233 2.8329 0.0 8.181805246746432 0.0 4.0 
1002 10654445.0 92.41606013992103 77.98498491548314 144.1476044921874 0 233 2.8329 0.0 8.181805246746432 0.0 4.0 
1003 10654478.4 92.41606013992103 77.98498491548314 144.1476044921874 0 233 2.8329 0.0 8.181805246746432 0.0 4.0 
1004 10654511.7 92.41606013992103 77.98498491548314 144.1476044921874 0 233 2.8329 0.0 8.181805246746432 0.0 4.0 
1005 10654545.0 92.44743893320376 77.98498491548314 144.1476044921874 0 233 2.8329 0.0 8.181805246746432 0.0 4.0 
1006 10654578.4 92.44743893320376 78.00977040601828 144.1476044921874 0 233 2.8329 0.0 8.181805246746432 0.0 4.0 
1007 10654611.7 92.44743893320376 78.00977040601828 144.1476044921874 0 233 2.8329 0.0 8.181805246746432 0.0 4.0 
1008 10654645.0 92.44743893320376 78.00977040601828 144.1476044921874 0 233 2.8329 0.0 8.181805246746432 0.0 4.0 
1009 10654678.4 92.44743893320376 78.00977040601828 144.1476044921874 0 233 2.8329 0.0 8.181805246746432 0.0 4.0 
1010 10654711.7 92.45203091131063 78.00977040601828 144.1476044921874 0 233 2.8329 0.0 8.181805246746432 0.0 4.0 
1011 10654745.0 92.45203091131063 78.00977040601828 144.1476044921874 0 233 2.8329 0.0 8.181805246746432 0.0 4.0 
1012 10654778.4 92.44829985503756 78.00398314451573 144.1476044921874 0 233 2.8329 0.0 8.181805246746432 0.0 4.0 
1013 10654811.7 92.44829985503756 78.00398314451573 144.1476044921874 0 233 2.8329 0.0 8.181805246746432 0.0 4.0 
1014 10654845.1 92.44829985503756 78.00398314451573 144.1476044921874 0 233 2.8329 0.0 8.181805246746432 0.0 4.0 
1015 10654878.4 92.44072068877952 78.00398314451573 144.1476044921874 0 233 2.8329 0.0 8.181805246746432 0.0 4.0 
1016 10654911.7 92.44072068877952 77.99382463374421 144.1476044921874 0 233 2.8329 0.0 8.181805246746432 0.0 4.0 
1017 10654945.1 92.44072068877952 77.99382463374421 144.1476044921874 0 233 2.8329 0.0 8.181805246746432 0.0 4.0 
1018 10654978.4 92.44072068877952 77.99382463374421 144.1476044921874 0 233 2.8329 0.0 8.181805246746432 0.0 4.0 
1019 10655011.7 92.42943885697576 77.9845482448032 144.1476044921874 0 233 2.8329 0.0 8.181805246746432 0.0 4.0 
1020 10655045.1 92.42943885697576 77.9845482448032 144.1476044921874 0 233 2.8329 0.0 8.181805246746432 0.0 4.0 
1021 10655078.4 92.42943885697576 77.9845482448032 144.1476044921874 0 233 2.8329 0.0 8.181805246746432 0.0 4.0 
1022 10655111.7 92.42943885697576 77.9845482448032 144.1476044921874 0 233 2.8329 0.0 8.181805246746432 0.0 4.0 
1023 10655145.1 92.41671942641517 77.97704967531367 144.1476044921874 0 233 2.8329 0.0 8.181805246746432 0.0 4.0 
1024 10655178.4 92.41671942641517 77.97704967531367 144.1476044921874 0 233 2.8329 0.0 8.181805246746432 0.0 4.0 
1025 10655211.7 92.41671942641517 77.97704967531367 144.1476044921874 0 233 2.8329 0.0 8.181805246746432 0.0 4.0 
1026 10655245.1 92.41671942641517 77.97704967531367 144.1476044921874 0 233 2.8329 0.0 8.181805246746432 0.0 4.0 
1027 10655278.4 92.40311059331215 77.97704967531367 144.1476044921874 0 233 2.8329 0.0 8.181805246746432 0.0 4.0 
1028 10655311.8 92.40311059331215 77.96807096858846 144.1476044921874 0 233 2.8329 0.0 8.181805246746432 0.0 4.0 
1029 10655345.1 92.40311059331215 77.96807096858846 144.1476044921874 0 233 2.8329 0.0 8.181805246746432 0.0 4.0 
1030 10655378.4 92.40311059331215 77.96807096858846 144.1476044921874 0 233 2.8329 0.0 8.181805246746432 0.0 4.0 
1031 10655411.8 92.39002194450552 77.96168270123032 144.1476044921874 0 233 2.8329 0.0 8.181805246746432 0.0 4.0 
1032 10655445.1 92.39002194450552 77.96168270123032 144.1476044921874 0 233 2.8329 0.0 8.181805246746432 0.0 4.0 
1033 10655478.4 92.39002194450552 77.96168270123032 144.1476044921874 0 233 2.8329 0.0 8.181805246746432 0.0 4.0 
1034 10655511.8 92.37812989355909 77.9562712503727 144.1476044921874 0 233 2.8329 0.0 8.181805246746432 0.0 4.0 
1035 10655545.1 92.37812989355909 77.9562712503727 144.1476044921874 0 233 2.8329 0.0 8.181805246746432 0.0 4.0 
1036 10655578.4 92.37812989355909 77.9562712503727 144.1476044921874 0 233 2.8329 0.0 8.181805246746432 0.0 4.0 
1037 10655611.8 92.37812989355909 77.9562712503727 144.1476044921874 0 233 2.8329 0.0 8.181805246746432 0.0 4.0 
1038 10655645.1 92.36661768773655 77.9562712503727 144.1476044921874 0 233 2.8329 0.0 8.181805246746432 0.0 4.0 
1039 10655678.5 92.36661768773655 77.95149388089658 144.1476044921874 0 233 2.8329 0.0 8.181805246746432 0.0 4.0 
1040 10655711.8 92.36661768773655 77.95149388089658 144.1476044921874 0 233 2.8329 0.0 8.181805246746432 0.0 4.0 
1041 10655745.1 92.35292906987007 77.95149388089658 144.1476044921874 0 233 2.8329 0.0 8.181805246746432 0.0 4.0 
1042 10655778.5 92.35292906987007 77.94585892268886 144.1476044921874 0 233 2.8329 0.0 8.181805246746432 0.0 4.0 
1043 10655811.8 92.35292906987007 77.94585892268886 144.1476044921874 0 233 2.8329 0.0 8.181805246746432 0.0 4.0 
1044 10655845.1 92.35292906987007 77.94585892268886 144.1476044921874 0 233 2.8329 0.0 8.181805246746432 0.0 4.0 
1045 10655878.5 92.34360468098355 77.94585892268886 144.1476044921874 0 233 2.8329 0.0 8.181805246746432 0.0 4.0 
1046 10655911.8 92.34360468098355 77.94249823376767 144.1476044921874 0 233 2.8329 0.0 8.181805246746432 0.0 4.0 
1047 10655945.1 92.34360468098355 77.94249823376767 144.1476044921874 0 233 2.8329 0.0 8.181805246746432 0.0 4.0 
1048 10655978.5 92.34360468098355 77.94249823376767 144.1476044921874 0 233 2.8329 0.0 8.181805246746432 0.0 4.0 
1049 10656011.8 92.33428736674183 77.94249823376767 144.1476044921874 0 233 2.8329 0.0 8.181805246746432 0.0 4.0 
1050 10656045.1 92.33428736674183 77.93914568580985 144.1476044921874 0 233 2.8329 0.0 8.181805246746432 0.0 4.0 
1051 10656078.5 92.33428736674183 77.93914568580985 144.1476044921874 0 233 2.8329 0.0 8.181805246746432 0.0 4.0 
1052 10656111.8 92.33428736674183 77.93914568580985 144.1476044921874 0 233 2.8329 0.0 8.181805246746432 0.0 4.0 
1053 10656145.2 92.32353960146153 77.93914568580985 144.1476044921874 0 233 2.8329 0.0 8.181805246746432 0.0 4.0 
1054 10656178.5 92.32353960146153 77.93110962261511 144.1476044921874 0 233 2.8329 0.0 8.181805246746432 0.0 4.0 
1055 10656211.8 92.32353960146153 77.93110962261511 144.1476044921874 0 233 2.8329 0.0 8.181805246746432 0.0 4.0 
1056 10656245.2 92.32353960146153 77.93110962261511 144.1476044921874 0 233 2.8329 0.0 8.181805246746432 0.0 4.0 
1057 10656278.5 92.31067835849228 77.93110962261511 144.1476044921874 0 233 2.8329 0.0 8.181805246746432 0.0 4.0 
1058 10656311.8 92.31067835849228 77.92470697848242 144.1476044921874 0 233 2.8329 0.0 8.181805246746432 0.0 4.0 
1059 10656345.2 92.31067835849228 77.92470697848242 144.1476044921874 0 233 2.8329 0.0 8.181805246746432 0.0 4.0 
1060 10656378.5 92.29796943842119 77.92470697848242 144.1476044921874 0 233 2.8329 0.0 8.181805246746432 0.0 4.0 
1061 10656411.8 92.29796943842119 77.92057532856903 144.1476044921874 0 233 2.8329 0.0 8.181805246746432 0.0 4.0 
1062 10656445.2 92.29796943842119 77.92057532856903 144.1476044921874 0 233 2.8329 0.0 8.181805246746432 0.0 4.0 
1063 10656478.5 92.29796943842119 77.92057532856903 144.1476044921874 0 233 2.8329 0.0 8.181805246746432 0.0 4.0 
1064 10656511.9 92.28349205526202 77.92057532856903 144.1476044921874 0 233 2.8329 0.0 8.181805246746432 0.0 4.0 
1065 10656545.2 92.28349205526202 77.91685236820123 144.1476044921874 0 233 2.8329 0.0 8.181805246746432 0.0 4.0 
1066 10656578.5 92.28349205526202 77.91685236820123 144.1476044921874 0 233 2.8329 0.0 8.181805246746432 0.0 4.0 
1067 10656611.9 92.28349205526202 77.91685236820123 144.1476044921874 0 233 2.8329 0.0 8.181805246746432 0.0 4.0 
1068 10656645.2 92.2708353894905 77.91541477633191 144.1476044921874 0 233 2.8329 0.0 8.181805246746432 0.0 4.0 
1069 10656678.5 92.2708353894905 77.91541477633191 144.1476044921874 0 233 2.8329 0.0 8.181805246746432 0.0 4.0 
1070 10656711.9 92.2708353894905 77.91541477633191 144.1476044921874 0 233 2.8329 0.0 8.181805246746432 0.0 4.0 
1071 10656745.2 92.25407461590152 77.91541477633191 144.1476044921874 0 233 2.8329 0.0 8.181805246746432 0.0 4.0 
1072 10656778.5 92.25407461590152 77.91541477633191 144.1476044921874 0 233 2.8329 0.0 8.181805246746432 0.0 4.0 
1073 10656811.9 92.25407461590152 77.91541477633191 144.1476044921874 0 233 2.8329 0.0 8.181805246746432 0.0 4.0 
1074 10656845.2 92.25407461590152 77.91541477633191 144.1476044921874 0 233 2.8329 0.0 8.181805246746432 0.0 4.0 
1075 10656878.5 92.24322766826857 77.91541477633191 144.1476044921874 0 233 2.8329 0.0 8.181805246746432 0.0 4.0 
1076 10656911.9 92.24322766826857 77.9167536658795 144.1476044921874 0 233 2.8329 0.0 8.181805246746432 0.0 4.0 
1077 10656945.2 92.24322766826857 77.9167536658795 144.1476044921874 0 233 2.8329 0.0 8.181805246746432 0.0 4.0 
1078 10656978.6 92.22964557085125 77.9167536658795 144.1476044921874 0 233 2.8329 0.0 8.181805246746432 0.0 4.0 
1079 10657011.9 92.22964557085125 77.92004462951202 144.1476044921874 0 233 2.8329 0.0 8.181805246746432 0.0 4.0 
1080 10657045.2 92.22964557085125 77.92004462951202 144.1476044921874 0 233 2.8329 0.0 8.181805246746432 0.0 4.0 
1081 10657078.6 92.22964557085125 77.92004462951202 144.1476044921874 0 233 2.8329 0.0 8.181805246746432 0.0 4.0 
1082 10657111.9 92.22050259715692 77.92004462951202 144.1476044921874 0 233 2.8329 0.0 8.181805246746432 0.0 4.0 
1083 10657145.2 92.22050259715692 77.92313859897004 144.1476044921874 0 233 2.8329 0.0 8.181805246746432 0.0 4.0 
1084 10657178.6 92.22050259715692 77.92313859897004 144.1476044921874 0 233 2.8329 0.0 8.181805246746432 0.0 4.0 
1085 10657211.9 92.22050259715692 77.92313859897004 144.1476044921874 0 233 2.8329 0.0 8.181805246746432 0.0 4.0 
1086 10657245.2 92.20921992810455 77.92313859897004 144.1476044921874 0 233 2.8329 0.0 8.181805246746432 0.0 4.0 
1087 10657278.6 92.20921992810455 77.92573910475772 144.1476044921874 0 233 2.8329 0.0 8.181805246746432 0.0 4.0 
1088 10657311.9 92.20921992810455 77.92573910475772 144.1476044921874 0 233 2.8329 0.0 8.181805246746432 0.0 4.0 
1089 10657345.3 92.20095009440968 77.92573910475772 144.1476044921874 0 233 2.8329 0.0 8.181805246746432 0.0 4.0 
1090 10657378.6 92.20095009440968 77.92695924022605 144.1476044921874 0 233 2.8329 0.0 8.181805246746432 0.0 4.0 
1091 10657411.9 92.20095009440968 77.92695924022605 144.1476044921874 0 233 2.8329 0.0 8.181805246746432 0.0 4.0 
1092 10657445.3 92.1924928256961 77.93053125567096 144.1476044921874 0 233 2.8329 0.0 8.181805246746432 0.0 4.0 
1093 10657478.6 92.1924928256961 77.93053125567096 144.1476044921874 0 233 2.8329 0.0 8.181805246746432 0.0 4.0 
1094 10657511.9 92.1924928256961 77.93053125567096 144.1476044921874 0 233 2.8329 0.0 8.181805246746432 0.0 4.0 
1095 10657545.3 92.18155122691519 77.93053125567096 144.1476044921874 0 233 2.8329 0.0 8.181805246746432 0.0 4.0 
1096 10657578.6 92.18155122691519 77.93535081799668 144.1476044921874 0 233 2.8329 0.0 8.181805246746432 0.0 4.0 
1097 10657611.9 92.18155122691519 77.93535081799668 144.1476044921874 0 233 2.8329 0.0 8.181805246746432 0.0 4.0 
1098 10657645.3 92.18155122691519 77.93535081799668 144.1476044921874 0 233 2.8329 0.0 8.181805246746432 0.0 4.0 
1099 10657678.6 92.17105197495087 77.93535081799668 144.1476044921874 0 233 2.8329 0.0 8.181805246746432 0.0 4.0 
1100 10657711.9 92.17105197495087 77.93911448376204 144.1476044921874 0 233 2.8329 0.0 8.181805246746432 0.0 4.0 
1101 10657745.3 92.17105197495087 77.93911448376204 144.1476044921874 0 233 2.8329 0.0 8.181805246746432 0.0 4.0 
1102 10657778.6 92.16288232766334 77.94083379393196 144.1476044921874 0 233 2.8329 0.0 8.181805246746432 0.0 4.0 
1103 10657812.0 92.16288232766334 77.94083379393196 144.1476044921874 0 233 2.8329 0.0 8.181805246746432 0.0 4.0 
1104 10657845.3 92.16288232766334 77.94083379393196 144.1476044921874 0 233 2.8329 0.0 8.181805246746432 0.0 4.0 
1105 10657878.6 92.15351151158127 77.94083379393196 144.1476044921874 0 233 2.8329 0.0 8.181805246746432 0.0 4.0 
1106 10657912.0 92.15351151158127 77.94083379393196 144.1476044921874 0 233 2.8329 0.0 8.181805246746432 0.0 4.0 
1107 10657945.3 92.15351151158127 77.94083379393196 144.1476044921874 0 233 2.8329 0.0 8.181805246746432 0.0 4.0 
1108 10657978.6 92.14699210793 77.94083379393196 144.1476044921874 0 233 2.8329 0.0 8.181805246746432 0.0 4.0 
1109 10658012.0 92.14699210793 77.94083379393196 144.1476044921874 0 233 2.8329 0.0 8.181805246746432 0.0 4.0 
1110 10658045.3 92.14699210793 77.94083379393196 144.1476044921874 0 233 2.8329 0.0 8.181805246746432 0.0 4.0 
1111 10658078.6 92.1425389466669 77.94083379393196 144.1476044921874 0 233 2.8329 0.0 8.181805246746432 0.0 4.0 
1112 10658112.0 92.1425389466669 77.94083379393196 144.1476044921874 0 233 2.8329 0.0 8.181805246746432 0.0 4.0 
1113 10658145.3 92.13889660133961 77.94215681298898 144.1476044921874 0 233 2.8329 0.0 8.181805246746432 0.0 4.0 
1114 10658178.7 92.13889660133961 77.94215681298898 144.1476044921874 0 233 2.8329 0.0 8.181805246746432 0.0 4.0 
1115 10658212.0 92.13889660133961 77.94215681298898 144.1476044921874 0 233 2.8329 0.0 8.181805246746432 0.0 4.0 
1116 10658245.3 92.13409902464973 77.94466283180817 144.1476044921874 0 233 2.8329 0.0 8.181805246746432 0.0 4.0 
1117 10658278.7 92.13409902464973 77.94466283180817 144.1476044921874 0 233 2.8329 0.0 8.181805246746432 0.0 4.0 
1118 10658312.0 92.13409902464973 77.94466283180817 144.1476044921874 0 233 2.8329 0.0 8.181805246746432 0.0 4.0 
1119 10658345.3 92.12838828783705 77.94466283180817 144.1476044921874 0 233 2.8329 0.0 8.181805246746432 0.0 4.0 
1120 10658378.7 92.12838828783705 77.94466283180817 144.1476044921874 0 233 2.8329 0.0 8.181805246746432 0.0 4.0 
1121 10658412.0 92.1201631636604 77.94466283180817 144.1476044921874 0 233 2.8329 0.0 8.181805246746432 0.0 4.0 
1122 10658445.3 92.1201631636604 77.94594905845612 144.1476044921874 0 233 2.8329 0.0 8.181805246746432 0.0 4.0 
1123 10658478.7 92.1201631636604 77.94594905845612 144.1476044921874 0 233 2.8329 0.0 8.181805246746432 0.0 4.0 
1124 10658512.0 92.1201631636604 77.94594905845612 144.1476044921874 0 233 2.8329 0.0 8.181805246746432 0.0 4.0 
1125 10658545.3 92.11317430451209 77.94594905845612 144.1476044921874 0 233 2.8329 0.0 8.181805246746432 0.0 4.0 
1126 10658578.7 92.11317430451209 77.94594905845612 144.1476044921874 0 233 2.8329 0.0 8.181805246746432 0.0 4.0 
1127 10658612.0 92.11317430451209 77.94594905845612 144.1476044921874 0 233 2.8329 0.0 8.181805246746432 0.0 4.0 
1128 10658645.4 92.10602186616805 77.94594905845612 144.1476044921874 0 233 2.8329 0.0 8.181805246746432 0.0 4.0 
1129 10658678.7 92.10602186616805 77.94808461685314 144.1476044921874 0 233 2.8329 0.0 8.181805246746432 0.0 4.0 
1130 10658712.0 92.10602186616805 77.94808461685314 144.1476044921874 0 233 2.8329 0.0 8.181805246746432 0.0 4.0 
1131 10658745.4 92.10602186616805 77.94808461685314 144.1476044921874 0 233 2.8329 0.0 8.181805246746432 0.0 4.0 
1132 10658778.7 92.10076071708026 77.94808461685314 144.1476044921874 0 233 2.8329 0.0 8.181805246746432 0.0 4.0 
1133 10658812.0 92.10076071708026 77.95006806687786 144.1476044921874 0 233 2.8329 0.0 8.181805246746432 0.0 4.0 
1134 10658845.4 92.10076071708026 77.95006806687786 144.1476044921874 0 233 2.8329 0.0 8.181805246746432 0.0 4.0 
1135 10658878.7 92.10076071708026 77.95006806687786 144.1476044921874 0 233 2.8329 0.0 8.181805246746432 0.0 4.0 
1136 10658912.0 92.08944117490623 77.95006806687786 144.1476044921874 0 233 2.8329 0.0 8.181805246746432 0.0 4.0 
1137 10658945.4 92.08944117490623 77.95006806687786 144.1476044921874 0 233 2.8329 0.0 8.181805246746432 0.0 4.0 
1138 10658978.7 92.07765500172952 77.94674583975257 144.1476044921874 0 233 2.8329 0.0 8.181805246746432 0.0 4.0 
1139 10659012.1 92.07765500172952 77.94674583975257 144.1476044921874 0 233 2.8329 0.0 8.181805246746432 0.0 4.0 
1140 10659045.4 92.07765500172952 77.94674583975257 144.1476044921874 0 233 2.8329 0.0 8.181805246746432 0.0 4.0 
1141 10659078.7 92.07103764245076 77.94137952362331 144.1476044921874 0 233 2.8329 0.0 8.181805246746432 0.0 4.0 
1142 10659112.1 92.07103764245076 77.94137952362331 144.1476044921874 0 233 2.8329 0.0 8.181805246746432 0.0 4.0 
1143 10659145.4 92.07103764245076 77.94137952362331 144.1476044921874 0 233 2.8329 0.0 8.181805246746432 0.0 4.0 
1144 10659178.7 92.0637939647956 77.94137952362331 144.1476044921874 0 233 2.8329 0.0 8.181805246746432 0.0 4.0 
1145 10659212.1 92.0637939647956 77.93645432996452 144.1476044921874 0 233 2.8329 0.0 8.181805246746432 0.0 4.0 
1146 10659245.4 92.0637939647956 77.93645432996452 144.1476044921874 0 233 2.8329 0.0 8.181805246746432 0.0 4.0 
1147 10659278.7 92.05026841799287 77.92802766354258 144.1476044921874 0 233 2.8329 0.0 8.181805246746432 0.0 4.0 
1148 10659312.1 92.05026841799287 77.92802766354258 144.1476044921874 0 233 2.8329 0.0 8.181805246746432 0.0 4.0 
1149 10659345.4 92.05026841799287 77.92802766354258 144.1476044921874 0 233 2.8329 0.0 8.181805246746432 0.0 4.0 
1150 10659378.7 92.05026841799287 77.92802766354258 144.1476044921874 0 233 2.8329 0.0 8.181805246746432 0.0 4.0 
1151 10659412.1 92.04223451637854 77.92802766354258 144.1476044921874 0 233 2.8329 0.0 8.181805246746432 0.0 4.0 
1152 10659445.4 92.04223451637854 77.92079214504678 144.1476044921874 0 233 2.8329 0.0 8.181805246746432 0.0 4.0 
1153 10659478.8 92.04223451637854 77.92079214504678 144.1476044921874 0 233 2.8329 0.0 8.181805246746432 0.0 4.0 
1154 10659512.1 92.03193349310108 77.92079214504678 144.1476044921874 0 233 2.8329 0.0 8.181805246746432 0.0 4.0 
1155 10659545.4 92.03193349310108 77.91030707212427 144.1476044921874 0 233 2.8329 0.0 8.181805246746432 0.0 4.0 
1156 10659578.8 92.03193349310108 77.91030707212427 144.1476044921874 0 233 2.8329 0.0 8.181805246746432 0.0 4.0 
1157 10659612.1 92.03193349310108 77.91030707212427 144.1476044921874 0 233 2.8329 0.0 8.181805246746432 0.0 4.0 
1158 10659645.4 92.02429354110993 77.91030707212427 144.1476044921874 0 233 2.8329 0.0 8.181805246746432 0.0 4.0 
1159 10659678.8 92.02429354110993 77.90201347263093 144.1476044921874 0 233 2.8329 0.0 8.181805246746432 0.0 4.0 
1160 10659712.1 92.02429354110993 77.90201347263093 144.1476044921874 0 233 2.8329 0.0 8.181805246746432 0.0 4.0 
1161 10659745.4 92.01787500560049 77.89487874994246 144.1476044921874 0 233 2.8329 0.0 8.181805246746432 0.0 4.0 
1162 10659778.8 92.01787500560049 77.89487874994246 144.1476044921874 0 233 2.8329 0.0 8.181805246746432 0.0 4.0 
1163 10659812.1 92.01787500560049 77.89487874994246 144.1476044921874 0 233 2.8329 0.0 8.181805246746432 0.0 4.0 
1164 10659845.5 92.01787500560049 77.89487874994246 144.1476044921874 0 233 2.8329 0.0 8.181805246746432 0.0 4.0 
1165 10659878.8 92.01005560355283 77.89487874994246 144.1476044921874 0 233 2.8329 0.0 8.181805246746432 0.0 4.0 
1166 10659912.1 92.01005560355283 77.88756195724157 144.1476044921874 0 233 2.8329 0.0 8.181805246746432 0.0 4.0 
1167 10659945.5 92.01005560355283 77.88756195724157 144.1476044921874 0 233 2.8329 0.0 8.181805246746432 0.0 4.0 
1168 10659978.8 92.01005560355283 77.88756195724157 144.1476044921874 0 233 2.8329 0.0 8.181805246746432 0.0 4.0 
1169 10660012.1 92.00567188156808 77.88756195724157 144.1476044921874 0 233 2.8329 0.0 8.181805246746432 0.0 4.0 
1170 10660045.5 92.00567188156808 77.882824158852 144.1476044921874 0 233 2.8329 0.0 8.181805246746432 0.0 4.0 
1171 10660078.8 92.00567188156808 77.882824158852 144.1476044921874 0 233 2.8329 0.0 8.181805246746432 0.0 4.0 
1172 10660112.1 92.00567188156808 77.882824158852 144.1476044921874 0 233 2.8329 0.0 8.181805246746432 0.0 4.0 
1173 10660145.5 92.00242519130332 77.87924849291153 144.1476044921874 0 233 2.8329 0.0 8.181805246746432 0.0 4.0 
1174 10660178.8 92.00242519130332 77.87924849291153 144.1476044921874 0 233 2.8329 0.0 8.181805246746432 0.0 4.0 
1175 10660212.1 92.00242519130332 77.87924849291153 144.1476044921874 0 233 2.8329 0.0 8.181805246746432 0.0 4.0 
1176 10660245.5 91.99641629202455 77.87101474146719 144.1476044921874 0 233 2.8329 0.0 8.181805246746432 0.0 4.0 
1177 10660278.8 91.99641629202455 77.87101474146719 144.1476044921874 0 233 2.8329 0.0 8.181805246746432 0.0 4.0 
1178 10660312.2 91.99641629202455 77.87101474146719 144.1476044921874 0 233 2.8329 0.0 8.181805246746432 0.0 4.0 
1179 10660345.5 91.99641629202455 77.87101474146719 144.1476044921874 0 233 2.8329 0.0 8.181805246746432 0.0 4.0 
1180 10660378.8 91.98622097682852 77.87101474146719 144.1476044921874 0 233 2.8329 0.0 8.181805246746432 0.0 4.0 
1181 10660412.2 91.98622097682852 77.8533669590091 144.1476044921874 0 233 2.8329 0.0 8.181805246746432 0.0 4.0 
1182 10660445.5 91.98622097682852 77.8533669590091 144.1476044921874 0 233 2.8329 0.0 8.181805246746432 0.0 4.0 
1183 10660478.8 91.98046502211314 77.84359980064471 144.1476044921874 0 233 2.8329 0.0 8.181805246746432 0.0 4.0 
1184 10660512.2 91.98046502211314 77.84359980064471 144.1476044921874 0 233 2.8329 0.0 8.181805246746432 0.0 4.0 
1185 10660545.5 91.98046502211314 77.84359980064471 144.1476044921874 0 233 2.8329 0.0 8.181805246746432 0.0 4.0 
1186 10660578.8 91.98046502211314 77.84359980064471 144.1476044921874 0 233 2.8329 0.0 8.181805246746432 0.0 4.0 
1187 10660612.2 91.97591798039048 77.83503073964934 144.1476044921874 0 233 2.8329 0.0 8.181805246746432 0.0 4.0 
1188 10660645.5 91.97591798039048 77.83503073964934 144.1476044921874 0 233 2.8329 0.0 8.181805246746432 0.0 4.0 
1189 10660678.9 91.97591798039048 77.83503073964934 144.1476044921874 0 233 2.8329 0.0 8.181805246746432 0.0 4.0 
1190 10660712.2 91.97255983536913 77.83503073964934 144.1476044921874 0 233 2.8329 0.0 8.181805246746432 0.0 4.0 
1191 10660745.5 91.97255983536913 77.82703392207908 144.1476044921874 0 233 2.8329 0.0 8.181805246746432 0.0 4.0 
1192 10660778.9 91.97255983536913 77.82703392207908 144.1476044921874 0 233 2.8329 0.0 8.181805246746432 0.0 4.0 
1193 10660812.2 91.96910406633792 77.82703392207908 144.1476044921874 0 233 2.8329 0.0 8.181805246746432 0.0 4.0 
1194 10660845.5 91.96910406633792 77.81682411645893 144.1476044921874 0 233 2.8329 0.0 8.181805246746432 0.0 4.0 
1195 10660878.9 91.96910406633792 77.81682411645893 144.1476044921874 0 233 2.8329 0.0 8.181805246746432 0.0 4.0 
1196 10660912.2 91.96910406633792 77.81682411645893 144.1476044921874 0 233 2.8329 0.0 8.181805246746432 0.0 4.0 
1197 10660945.5 91.96474451172692 77.80996284203529 144.1476044921874 0 233 2.8329 0.0 8.181805246746432 0.0 4.0 
1198 10660978.9 91.96474451172692 77.80996284203529 144.1476044921874 0 233 2.8329 0.0 8.181805246746432 0.0 4.0 
1199 10661012.2 91.96474451172692 77.80996284203529 144.1476044921874 0 233 2.8329 0.0 8.181805246746432 0.0 4.0 
1200 10661045.5 91.96474451172692 77.80996284203529 144.1476044921874 0 233 2.8329 0.0 8.181805246746432 0.0 4.0 
1201 10661078.9 91.956951902181 77.80996284203529 144.1476044921874 0 233 2.8329 0.0 8.181805246746432 0.0 4.0 
1202 10661112.2 91.956951902181 77.79498515214426 144.1476044921874 0 233 2.8329 0.0 8.181805246746432 0.0 4.0 
1203 10661145.6 91.956951902181 77.79498515214426 144.1476044921874 0 233 2.8329 0.0 8.181805246746432 0.0 4.0 
1204 10661178.9 91.956951902181 77.79498515214426 144.1476044921874 0 233 2.8329 0.0 8.181805246746432 0.0 4.0 
1205 10661212.2 91.95284973524116 77.79498515214426 144.1476044921874 0 233 2.8329 0.0 8.181805246746432 0.0 4.0 
1206 10661245.6 91.95284973524116 77.77974537618739 144.1476044921874 0 233 2.8329 0.0 8.181805246746432 0.0 4.0 
1207 10661278.9 91.95284973524116 77.77974537618739 144.1476044921874 0 233 2.8329 0.0 8.181805246746432 0.0 4.0 
1208 10661312.2 91.95284973524116 77.77974537618739 144.1476044921874 0 233 2.8329 0.0 8.181805246746432 0.0 4.0 
1209 10661345.6 91.94614163349635 77.77974537618739 144.1476044921874 0 233 2.8329 0.0 8.181805246746432 0.0 4.0 
1210 10661378.9 91.94614163349635 77.76509087944702 144.1476044921874 0 233 2.8329 0.0 8.181805246746432 0.0 4.0 
1211 10661412.2 91.94614163349635 77.76509087944702 144.1476044921874 0 233 2.8329 0.0 8.181805246746432 0.0 4.0 
1212 10661445.6 91.94614163349635 77.76509087944702 144.1476044921874 0 233 2.8329 0.0 8.181805246746432 0.0 4.0 
1213 10661478.9 91.9368175241359 77.76509087944702 144.1476044921874 0 233 2.8329 0.0 8.181805246746432 0.0 4.0 
1214 10661512.3 91.9368175241359 77.75046393770417 144.1476044921874 0 233 2.8329 0.0 8.181805246746432 0.0 4.0 
1215 10661545.6 91.9368175241359 77.75046393770417 144.1476044921874 0 233 2.8329 0.0 8.181805246746432 0.0 4.0 
1216 10661578.9 91.9368175241359 77.75046393770417 144.1476044921874 0 233 2.8329 0.0 8.181805246746432 0.0 4.0 
1217 10661612.3 91.93006583522623 77.75046393770417 144.1476044921874 0 233 2.8329 0.0 8.181805246746432 0.0 4.0 
1218 10661645.6 91.93006583522623 77.73989140774644 144.1476044921874 0 233 2.8329 0.0 8.181805246746432 0.0 4.0 
1219 10661678.9 91.93006583522623 77.73989140774644 144.1476044921874 0 233 2.8329 0.0 8.181805246746432 0.0 4.0 
1220 10661712.3 91.9210611410615 77.72722664381618 144.1476044921874 0 233 2.8329 0.0 8.181805246746432 0.0 4.0 
1221 10661745.6 91.9210611410615 77.72722664381618 144.1476044921874 0 233 2.8329 0.0 8.181805246746432 0.0 4.0 
1222 10661778.9 91.9210611410615 77.72722664381618 144.1476044921874 0 233 2.8329 0.0 8.181805246746432 0.0 4.0 
1223 10661812.3 91.9210611410615 77.72722664381618 144.1476044921874 0 233 2.8329 0.0 8.181805246746432 0.0 4.0 
1224 10661845.6 91.91405555053498 77.72722664381618 144.1476044921874 0 233 2.8329 0.0 8.181805246746432 0.0 4.0 
1225 10661878.9 91.91405555053498 77.71959409643378 144.1476044921874 0 233 2.8329 0.0 8.181805246746432 0.0 4.0 
1226 10661912.3 91.91405555053498 77.71959409643378 144.1476044921874 0 233 2.8329 0.0 8.181805246746432 0.0 4.0 
1227 10661945.6 91.90125960998135 77.71959409643378 144.1476044921874 0 233 2.8329 0.0 8.181805246746432 0.0 4.0 
1228 10661979.0 91.90125960998135 77.7087057799544 144.1476044921874 0 233 2.8329 0.0 8.181805246746432 0.0 4.0 
1229 10662012.3 91.90125960998135 77.7087057799544 144.1476044921874 0 233 2.8329 0.0 8.181805246746432 0.0 4.0 
1230 10662045.6 91.90125960998135 77.7087057799544 144.1476044921874 0 233 2.8329 0.0 8.181805246746432 0.0 4.0 
1231 10662079.0 91.89335033222703 77.7087057799544 144.1476044921874 0 233 2.8329 0.0 8.181805246746432 0.0 4.0 
1232 10662112.3 91.89335033222703 77.7020375450747 144.1476044921874 0 233 2.8329 0.0 8.181805246746432 0.0 4.0 
1233 10662145.6 91.89335033222703 77.7020375450747 144.1476044921874 0 233 2.8329 0.0 8.181805246746432 0.0 4.0 
1234 10662179.0 91.89335033222703 77.7020375450747 144.1476044921874 0 233 2.8329 0.0 8.181805246746432 0.0 4.0 
1235 10662212.3 91.87800187402286 77.7020375450747 144.1476044921874 0 233 2.8329 0.0 8.181805246746432 0.0 4.0 
1236 10662245.6 91.87800187402286 77.6889920837625 144.1476044921874 0 233 2.8329 0.0 8.181805246746432 0.0 4.0 
1237 10662279.0 91.87800187402286 77.6889920837625 144.1476044921874 0 233 2.8329 0.0 8.181805246746432 0.0 4.0 
1238 10662312.3 91.87359273267586 77.6889920837625 144.1476044921874 0 233 2.8329 0.0 8.181805246746432 0.0 4.0 
1239 10662345.7 91.87359273267586 77.68396794856876 144.1476044921874 0 233 2.8329 0.0 8.181805246746432 0.0 4.0 
1240 10662379.0 91.87359273267586 77.68396794856876 144.1476044921874 0 233 2.8329 0.0 8.181805246746432 0.0 4.0 
1241 10662412.3 91.86369429964367 77.68396794856876 144.1476044921874 0 233 2.8329 0.0 8.181805246746432 0.0 4.0 
1242 10662445.7 91.86369429964367 77.67953857900358 144.1476044921874 0 233 2.8329 0.0 8.181805246746432 0.0 4.0 
1243 10662479.0 91.86369429964367 77.67953857900358 144.1476044921874 0 233 2.8329 0.0 8.181805246746432 0.0 4.0 
1244 10662512.3 91.86369429964367 77.67953857900358 144.1476044921874 0 233 2.8329 0.0 8.181805246746432 0.0 4.0 
1245 10662545.7 91.85182585574246 77.6759551802503 144.1476044921874 0 233 2.8329 0.0 8.181805246746432 0.0 4.0 
1246 10662579.0 91.85182585574246 77.6759551802503 144.1476044921874 0 233 2.8329 0.0 8.181805246746432 0.0 4.0 
1247 10662612.3 91.85182585574246 77.6759551802503 144.1476044921874 0 233 2.8329 0.0 8.181805246746432 0.0 4.0 
1248 10662645.7 91.83555788357252 77.6759551802503 144.1476044921874 0 233 2.8329 0.0 8.181805246746432 0.0 4.0 
1249 10662679.0 91.83555788357252 77.67009651523496 144.1476044921874 0 233 2.8329 0.0 8.181805246746432 0.0 4.0 
1250 10662712.3 91.83555788357252 77.67009651523496 144.1476044921874 0 233 2.8329 0.0 8.181805246746432 0.0 4.0 
1251 10662745.7 91.8227795753618 77.67009651523496 144.1476044921874 0 233 2.8329 0.0 8.181805246746432 0.0 4.0 
1252 10662779.0 91.8227795753618 77.66746905501326 144.1476044921874 0 233 2.8329 0.0 8.181805246746432 0.0 4.0 
1253 10662812.4 91.8227795753618 77.66746905501326 144.1476044921874 0 233 2.8329 0.0 8.181805246746432 0.0 4.0 
1254 10662845.7 91.8227795753618 77.66746905501326 144.1476044921874 0 233 2.8329 0.0 8.181805246746432 0.0 4.0 
1255 10662879.0 91.80828098126307 77.66746905501326 144.1476044921874 0 233 2.8329 0.0 8.181805246746432 0.0 4.0 
1256 10662912.4 91.80828098126307 77.66746905501326 144.1476044921874 0 233 2.8329 0.0 8.181805246746432 0.0 4.0 
1257 10662945.7 91.80828098126307 77.66746905501326 144.1476044921874 0 233 2.8329 0.0 8.181805246746432 0.0 4.0 
1258 10662979.0 91.7957907522994 77.66746905501326 144.1476044921874 0 233 2.8329 0.0 8.181805246746432 0.0 4.0 
1259 10663012.4 91.7957907522994 77.66746905501326 144.1476044921874 0 233 2.8329 0.0 8.181805246746432 0.0 4.0 
1260 10663045.7 91.7957907522994 77.66746905501326 144.1476044921874 0 233 2.8329 0.0 8.181805246746432 0.0 4.0 
1261 10663079.0 91.7957907522994 77.66746905501326 144.1476044921874 0 233 2.8329 0.0 8.181805246746432 0.0 4.0 
1262 10663112.4 91.78353456596365 77.66746905501326 144.1476044921874 0 233 2.8329 0.0 8.181805246746432 0.0 4.0 
1263 10663145.7 91.78353456596365 77.67117033093399 144.1476044921874 0 233 2.8329 0.0 8.181805246746432 0.0 4.0 
1264 10663179.1 91.78353456596365 77.67117033093399 144.1476044921874 0 233 2.8329 0.0 8.181805246746432 0.0 4.0 
1265 10663212.4 91.76414305545971 77.68172929814659 144.1476044921874 0 233 2.8329 0.0 8.181805246746432 0.0 4.0 
1266 10663245.7 91.76414305545971 77.68172929814659 144.1476044921874 0 233 2.8329 0.0 8.181805246746432 0.0 4.0 
1267 10663279.1 91.76414305545971 77.68172929814659 144.1476044921874 0 233 2.8329 0.0 8.181805246746432 0.0 4.0 
1268 10663312.4 91.76414305545971 77.68172929814659 144.1476044921874 0 233 2.8329 0.0 8.181805246746432 0.0 4.0 
1269 10663345.7 91.74431169693717 77.694173008243 144.1476044921874 0 233 2.8329 0.0 8.181805246746432 0.0 4.0 
1270 10663379.1 91.74431169693717 77.694173008243 144.1476044921874 0 233 2.8329 0.0 8.181805246746432 0.0 4.0 
1271 10663412.4 91.74431169693717 77.694173008243 144.1476044921874 0 233 2.8329 0.0 8.181805246746432 0.0 4.0 
1272 10663445.7 91.74431169693717 77.694173008243 144.1476044921874 0 233 2.8329 0.0 8.181805246746432 0.0 4.0 
1273 10663479.1 91.72019307139017 77.694173008243 144.1476044921874 0 233 2.8329 0.0 8.181805246746432 0.0 4.0 
1274 10663512.4 91.72019307139017 77.7005772013977 144.1476044921874 0 233 2.8329 0.0 8.181805246746432 0.0 4.0 
1275 10663545.7 91.72019307139017 77.7005772013977 144.1476044921874 0 233 2.8329 0.0 8.181805246746432 0.0 4.0 
1276 10663579.1 91.71320307119333 77.7005772013977 144.1476044921874 0 233 2.8329 0.0 8.181805246746432 0.0 4.0 
1277 10663612.4 91.71320307119333 77.70496893851829 144.1476044921874 0 233 2.8329 0.0 8.181805246746432 0.0 4.0 
1278 10663645.8 91.71320307119333 77.70496893851829 144.1476044921874 0 233 2.8329 0.0 8.181805246746432 0.0 4.0 
1279 10663679.1 91.70251893486245 77.70496893851829 144.1476044921874 0 233 2.8329 0.0 8.181805246746432 0.0 4.0 
1280 10663712.4 91.70251893486245 77.70754483724107 144.1476044921874 0 233 2.8329 0.0 8.181805246746432 0.0 4.0 
1281 10663745.8 91.70251893486245 77.70754483724107 144.1476044921874 0 233 2.8329 0.0 8.181805246746432 0.0 4.0 
1282 10663779.1 91.70251893486245 77.70754483724107 144.1476044921874 0 233 2.8329 0.0 8.181805246746432 0.0 4.0 
1283 10663812.4 91.68796989747442 77.70754483724107 144.1476044921874 0 233 2.8329 0.0 8.181805246746432 0.0 4.0 
1284 10663845.8 91.68796989747442 77.70857261580474 144.1476044921874 0 233 2.8329 0.0 8.181805246746432 0.0 4.0 
1285 10663879.1 91.68796989747442 77.70857261580474 144.1476044921874 0 233 2.8329 0.0 8.181805246746432 0.0 4.0 
1286 10663912.4 91.68796989747442 77.70857261580474 144.1476044921874 0 233 2.8329 0.0 8.181805246746432 0.0 4.0 
1287 10663945.8 91.67648050574174 77.70857261580474 144.1476044921874 0 233 2.8329 0.0 8.181805246746432 0.0 4.0 
1288 10663979.1 91.67648050574174 77.71155115125075 144.1476044921874 0 233 2.8329 0.0 8.181805246746432 0.0 4.0 
1289 10664012.5 91.67648050574174 77.71155115125075 144.1476044921874 0 233 2.8329 0.0 8.181805246746432 0.0 4.0 
1290 10664045.8 91.67648050574174 77.71155115125075 144.1476044921874 0 233 2.8329 0.0 8.181805246746432 0.0 4.0 
1291 10664079.1 91.65735740961979 77.71261867697956 144.1476044921874 0 233 2.8329 0.0 8.181805246746432 0.0 4.0 
1292 10664112.5 91.65735740961979 77.71261867697956 144.1476044921874 0 233 2.8329 0.0 8.181805246746432 0.0 4.0 
1293 10664145.8 91.65735740961979 77.71261867697956 144.1476044921874 0 233 2.8329 0.0 8.181805246746432 0.0 4.0 
1294 10664179.1 91.65735740961979 77.71261867697956 144.1476044921874 0 233 2.8329 0.0 8.181805246746432 0.0 4.0 
1295 10664212.5 91.64779482050044 77.71261867697956 144.1476044921874 0 233 2.8329 0.0 8.181805246746432 0.0 4.0 
1296 10664245.8 91.64779482050044 77.70968652549591 144.1476044921874 0 233 2.8329 0.0 8.181805246746432 0.0 4.0 
1297 10664279.1 91.64779482050044 77.70968652549591 144.1476044921874 0 233 2.8329 0.0 8.181805246746432 0.0 4.0 
1298 10664312.5 91.64779482050044 77.70968652549591 144.1476044921874 0 233 2.8329 0.0 8.181805246746432 0.0 4.0 
1299 10664345.8 91.63433084155562 77.70968652549591 144.1476044921874 0 233 2.8329 0.0 8.181805246746432 0.0 4.0 
1300 10664379.1 91.63433084155562 77.70481714870577 144.1476044921874 0 233 2.8329 0.0 8.181805246746432 0.0 4.0 
1301 10664412.5 91.63433084155562 77.70481714870577 144.1476044921874 0 233 2.8329 0.0 8.181805246746432 0.0 4.0 
1302 10664445.8 91.6290104044943 77.70265585264615 144.1476044921874 0 233 2.8329 0.0 8.181805246746432 0.0 4.0 
1303 10664479.2 91.6290104044943 77.70265585264615 144.1476044921874 0 233 2.8329 0.0 8.181805246746432 0.0 4.0 
1304 10664512.5 91.6290104044943 77.70265585264615 144.1476044921874 0 233 2.8329 0.0 8.181805246746432 0.0 4.0 
1305 10664545.8 91.61772192722975 77.69775754737839 144.1476044921874 0 233 2.8329 0.0 8.181805246746432 0.0 4.0 
1306 10664579.2 91.61772192722975 77.69775754737839 144.1476044921874 0 233 2.8329 0.0 8.181805246746432 0.0 4.0 
1307 10664612.5 91.61772192722975 77.69775754737839 144.1476044921874 0 233 2.8329 0.0 8.181805246746432 0.0 4.0 
1308 10664645.8 91.61772192722975 77.69775754737839 144.1476044921874 0 233 2.8329 0.0 8.181805246746432 0.0 4.0 
1309 10664679.2 91.60569116403042 77.69775754737839 144.1476044921874 0 233 2.8329 0.0 8.181805246746432 0.0 4.0 
1310 10664712.5 91.60569116403042 77.68979570468323 144.1476044921874 0 233 2.8329 0.0 8.181805246746432 0.0 4.0 
1311 10664745.8 91.60569116403042 77.68979570468323 144.1476044921874 0 233 2.8329 0.0 8.181805246746432 0.0 4.0 
1312 10664779.2 91.59824865808511 77.68119430738811 144.1476044921874 0 233 2.8329 0.0 8.181805246746432 0.0 4.0 
1313 10664812.5 91.59824865808511 77.68119430738811 144.1476044921874 0 233 2.8329 0.0 8.181805246746432 0.0 4.0 
1314 10664845.9 91.59824865808511 77.68119430738811 144.1476044921874 0 233 2.8329 0.0 8.181805246746432 0.0 4.0 
1315 10664879.2 91.59824865808511 77.68119430738811 144.1476044921874 0 233 2.8329 0.0 8.181805246746432 0.0 4.0 
1316 10664912.5 91.58551838379678 77.66388936606326 144.1476044921874 0 233 2.8329 0.0 8.181805246746432 0.0 4.0 
1317 10664945.9 91.58551838379678 77.66388936606326 144.1476044921874 0 233 2.8329 0.0 8.181805246746432 0.0 4.0 
1318 10664979.2 91.58551838379678 77.66388936606326 144.1476044921874 0 233 2.8329 0.0 8.181805246746432 0.0 4.0 
1319 10665012.5 91.57416050987948 77.66388936606326 144.1476044921874 0 233 2.8329 0.0 8.181805246746432 0.0 4.0 
1320 10665045.9 91.57416050987948 77.64936991023953 144.1476044921874 0 233 2.8329 0.0 8.181805246746432 0.0 4.0 
1321 10665079.2 91.57416050987948 77.64936991023953 144.1476044921874 0 233 2.8329 0.0 8.181805246746432 0.0 4.0 
1322 10665112.5 91.5680976114199 77.64936991023953 144.1476044921874 0 233 2.8329 0.0 8.181805246746432 0.0 4.0 
1323 10665145.9 91.5680976114199 77.63878027236903 144.1476044921874 0 233 2.8329 0.0 8.181805246746432 0.0 4.0 
1324 10665179.2 91.5680976114199 77.63878027236903 144.1476044921874 0 233 2.8329 0.0 8.181805246746432 0.0 4.0 
1325 10665212.5 91.5680976114199 77.63878027236903 144.1476044921874 0 233 2.8329 0.0 8.181805246746432 0.0 4.0 
1326 10665245.9 91.56141094640385 77.62683212223219 144.1476044921874 0 233 2.8329 0.0 8.181805246746432 0.0 4.0 
1327 10665279.2 91.56141094640385 77.62683212223219 144.1476044921874 0 233 2.8329 0.0 8.181805246746432 0.0 4.0 
1328 10665312.6 91.56141094640385 77.62683212223219 144.1476044921874 0 233 2.8329 0.0 8.181805246746432 0.0 4.0 
1329 10665345.9 91.56141094640385 77.62683212223219 144.1476044921874 0 233 2.8329 0.0 8.181805246746432 0.0 4.0 
1330 10665379.2 91.55232128970742 77.62683212223219 144.1476044921874 0 233 2.8329 0.0 8.181805246746432 0.0 4.0 
1331 10665412.6 91.55232128970742 77.60901799133458 144.1476044921874 0 233 2.8329 0.0 8.181805246746432 0.0 4.0 
1332 10665445.9 91.55232128970742 77.60901799133458 144.1476044921874 0 233 2.8329 0.0 8.181805246746432 0.0 4.0 
1333 10665479.2 91.54621762595954 77.60901799133458 144.1476044921874 0 233 2.8329 0.0 8.181805246746432 0.0 4.0 
1334 10665512.6 91.54621762595954 77.5957494282118 144.1476044921874 0 233 2.8329 0.0 8.181805246746432 0.0 4.0 
1335 10665545.9 91.54621762595954 77.5957494282118 144.1476044921874 0 233 2.8329 0.0 8.181805246746432 0.0 4.0 
1336 10665579.2 91.54621762595954 77.5957494282118 144.1476044921874 0 233 2.8329 0.0 8.181805246746432 0.0 4.0 
1337 10665612.6 91.53932865364303 77.58053182093016 144.1476044921874 0 233 2.8329 0.0 8.181805246746432 0.0 4.0 
1338 10665645.9 91.53932865364303 77.58053182093016 144.1476044921874 0 233 2.8329 0.0 8.181805246746432 0.0 4.0 
1339 10665679.3 91.53932865364303 77.58053182093016 144.1476044921874 0 233 2.8329 0.0 8.181805246746432 0.0 4.0 
1340 10665712.6 91.53494970666742 77.56844003844941 144.1476044921874 0 233 2.8329 0.0 8.181805246746432 0.0 4.0 
1341 10665745.9 91.53494970666742 77.56844003844941 144.1476044921874 0 233 2.8329 0.0 8.181805246746432 0.0 4.0 
1342 10665779.3 91.53494970666742 77.56844003844941 144.1476044921874 0 233 2.8329 0.0 8.181805246746432 0.0 4.0 
1343 10665812.6 91.53494970666742 77.56844003844941 144.1476044921874 0 233 2.8329 0.0 8.181805246746432 0.0 4.0 
1344 10665845.9 91.52983356743675 77.56844003844941 144.1476044921874 0 233 2.8329 0.0 8.181805246746432 0.0 4.0 
1345 10665879.3 91.52983356743675 77.55470352158524 144.1476044921874 0 233 2.8329 0.0 8.181805246746432 0.0 4.0 
1346 10665912.6 91.52983356743675 77.55470352158524 144.1476044921874 0 233 2.8329 0.0 8.181805246746432 0.0 4.0 
1347 10665945.9 91.5221125948816 77.55470352158524 144.1476044921874 0 233 2.8329 0.0 8.181805246746432 0.0 4.0 
1348 10665979.3 91.5221125948816 77.53717964601475 144.1476044921874 0 233 2.8329 0.0 8.181805246746432 0.0 4.0 
1349 10666012.6 91.5221125948816 77.53717964601475 144.1476044921874 0 233 2.8329 0.0 8.181805246746432 0.0 4.0 
1350 10666045.9 91.5221125948816 77.53717964601475 144.1476044921874 0 233 2.8329 0.0 8.181805246746432 0.0 4.0 
1351 10666079.3 91.51752354825291 77.52614108318289 144.1476044921874 0 233 2.8329 0.0 8.181805246746432 0.0 4.0 
1352 10666112.6 91.51752354825291 77.52614108318289 144.1476044921874 0 233 2.8329 0.0 8.181805246746432 0.0 4.0 
1353 10666146.0 91.51752354825291 77.52614108318289 144.1476044921874 0 233 2.8329 0.0 8.181805246746432 0.0 4.0 
1354 10666179.3 91.51346919022676 77.52614108318289 144.1476044921874 0 233 2.8329 0.0 8.181805246746432 0.0 4.0 
1355 10666212.6 91.51346919022676 77.51942282952126 144.1476044921874 0 233 2.8329 0.0 8.181805246746432 0.0 4.0 
1356 10666246.0 91.51346919022676 77.51942282952126 144.1476044921874 0 233 2.8329 0.0 8.181805246746432 0.0 4.0 
1357 10666279.3 91.5088546464115 77.51942282952126 144.1476044921874 0 233 2.8329 0.0 8.181805246746432 0.0 4.0 
1358 10666312.6 91.5088546464115 77.51259984274307 144.1476044921874 0 233 2.8329 0.0 8.181805246746432 0.0 4.0 
1359 10666346.0 91.5088546464115 77.51259984274307 144.1476044921874 0 233 2.8329 0.0 8.181805246746432 0.0 4.0 
1360 10666379.3 91.50604111951252 77.50800130260541 144.1476044921874 0 233 2.8329 0.0 8.181805246746432 0.0 4.0 
1361 10666412.6 91.50604111951252 77.50800130260541 144.1476044921874 0 233 2.8329 0.0 8.181805246746432 0.0 4.0 
1362 10666446.0 91.50604111951252 77.50800130260541 144.1476044921874 0 233 2.8329 0.0 8.181805246746432 0.0 4.0 
1363 10666479.3 91.50604111951252 77.50800130260541 144.1476044921874 0 233 2.8329 0.0 8.181805246746432 0.0 4.0 
1364 10666512.7 91.49994964529355 77.50800130260541 144.1476044921874 0 233 2.8329 0.0 8.181805246746432 0.0 4.0 
1365 10666546.0 91.49994964529355 77.50395872812565 144.1476044921874 0 233 2.8329 0.0 8.181805246746432 0.0 4.0 
1366 10666579.3 91.49994964529355 77.50395872812565 144.1476044921874 0 233 2.8329 0.0 8.181805246746432 0.0 4.0 
1367 10666612.7 91.49994964529355 77.50395872812565 144.1476044921874 0 233 2.8329 0.0 8.181805246746432 0.0 4.0 
1368 10666646.0 91.49994964529355 77.50395872812565 144.1476044921874 0 233 2.8329 0.0 8.181805246746432 0.0 4.0 
1369 10666679.3 91.49994964529355 77.50395872812565 144.1476044921874 0 233 2.8329 0.0 8.181805246746432 0.0 4.0 
1370 10666712.7 91.49994964529355 77.50395872812565 144.1476044921874 0 233 2.8329 0.0 8.181805246746432 0.0 4.0 
1371 10666746.0 91.4985689049857 77.50395872812565 144.1476044921874 0 233 2.8329 0.0 8.181805246746432 0.0 4.0 
1372 10666779.3 91.4985689049857 77.50395872812565 144.1476044921874 0 233 2.8329 0.0 8.181805246746432 0.0 4.0 
1373 10666812.7 91.4985689049857 77.50395872812565 144.1476044921874 0 233 2.8329 0.0 8.181805246746432 0.0 4.0 
1374 10666846.0 91.49485871313573 77.50395872812565 144.1476044921874 0 233 2.8329 0.0 8.181805246746432 0.0 4.0 
1375 10666879.3 91.49485871313573 77.50215856834052 144.1476044921874 0 233 2.8329 0.0 8.181805246746432 0.0 4.0 
1376 10666912.7 91.49485871313573 77.50215856834052 144.1476044921874 0 233 2.8329 0.0 8.181805246746432 0.0 4.0 
1377 10666946.0 91.49485871313573 77.50215856834052 144.1476044921874 0 233 2.8329 0.0 8.181805246746432 0.0 4.0 
1378 10666979.4 91.48540213936103 77.50215856834052 144.1476044921874 0 233 2.8329 0.0 8.181805246746432 0.0 4.0 
1379 10667012.7 91.48540213936103 77.4985601092193 144.1476044921874 0 233 2.8329 0.0 8.181805246746432 0.0 4.0 
1380 10667046.0 91.48540213936103 77.4985601092193 144.1476044921874 0 233 2.8329 0.0 8.181805246746432 0.0 4.0 
1381 10667079.4 91.48540213936103 77.4985601092193 144.1476044921874 0 233 2.8329 0.0 8.181805246746432 0.0 4.0 
1382 10667112.7 91.48412162626789 77.4985601092193 144.1476044921874 0 233 2.8329 0.0 8.181805246746432 0.0 4.0 
1383 10667146.0 91.48412162626789 77.4969277127382 144.1476044921874 0 233 2.8329 0.0 8.181805246746432 0.0 4.0 
1384 10667179.4 91.48412162626789 77.4969277127382 144.1476044921874 0 233 2.8329 0.0 8.181805246746432 0.0 4.0 
1385 10667212.7 91.48578348676413 77.4969277127382 144.1476044921874 0 233 2.8329 0.0 8.181805246746432 0.0 4.0 
1386 10667246.0 91.48578348676413 77.4969277127382 144.1476044921874 0 233 2.8329 0.0 8.181805246746432 0.0 4.0 
1387 10667279.4 91.48578348676413 77.4969277127382 144.1476044921874 0 233 2.8329 0.0 8.181805246746432 0.0 4.0 
1388 10667312.7 91.48578348676413 77.4969277127382 144.1476044921874 0 233 2.8329 0.0 8.181805246746432 0.0 4.0 
1389 10667346.1 91.48578348676413 77.4969277127382 144.1476044921874 0 233 2.8329 0.0 8.181805246746432 0.0 4.0 
1390 10667379.4 91.48578348676413 77.4969277127382 144.1476044921874 0 233 2.8329 0.0 8.181805246746432 0.0 4.0 
1391 10667412.7 91.48578348676413 77.4969277127382 144.1476044921874 0 233 2.8329 0.0 8.181805246746432 0.0 4.0 
1392 10667446.1 91.48460215260754 77.4969277127382 144.1476044921874 0 233 2.8329 0.0 8.181805246746432 0.0 4.0 
1393 10667479.4 91.48460215260754 77.49564250799308 144.1476044921874 0 233 2.8329 0.0 8.181805246746432 0.0 4.0 
1394 10667512.7 91.48460215260754 77.49564250799308 144.1476044921874 0 233 2.8329 0.0 8.181805246746432 0.0 4.0 
1395 10667546.1 91.48460215260754 77.49564250799308 144.1476044921874 0 233 2.8329 0.0 8.181805246746432 0.0 4.0 
1396 10667579.4 91.47654634305704 77.49149908967092 144.1476044921874 0 233 2.8329 0.0 8.181805246746432 0.0 4.0 
1397 10667612.7 91.47654634305704 77.49149908967092 144.1476044921874 0 233 2.8329 0.0 8.181805246746432 0.0 4.0 
1398 10667646.1 91.47654634305704 77.49149908967092 144.1476044921874 0 233 2.8329 0.0 8.181805246746432 0.0 4.0 
1399 10667679.4 91.47654634305704 77.49149908967092 144.1476044921874 0 233 2.8329 0.0 8.181805246746432 0.0 4.0 
1400 10667712.7 91.47020065068358 77.48716175062184 144.1476044921874 0 233 2.8329 0.0 8.181805246746432 0.0 4.0 
1401 10667746.1 91.47020065068358 77.48716175062184 144.1476044921874 0 233 2.8329 0.0 8.181805246746432 0.0 4.0 
1402 10667779.4 91.47020065068358 77.48716175062184 144.1476044921874 0 233 2.8329 0.0 8.181805246746432 0.0 4.0 
1403 10667812.8 91.47020065068358 77.48716175062184 144.1476044921874 0 233 2.8329 0.0 8.181805246746432 0.0 4.0 
1404 10667846.1 91.47020065068358 77.48716175062184 144.1476044921874 0 233 2.8329 0.0 8.181805246746432 0.0 4.0 
1405 10667879.4 91.47181582913606 77.48716175062184 144.1476044921874 0 233 2.8329 0.0 8.181805246746432 0.0 4.0 
1406 10667912.8 91.47181582913606 77.48716175062184 144.1476044921874 0 233 2.8329 0.0 8.181805246746432 0.0 4.0 
1407 10667946.1 91.47639037126424 77.48716175062184 144.1476044921874 0 233 2.8329 0.0 8.181805246746432 0.0 4.0 
1408 10667979.4 91.47639037126424 77.48931070387326 144.1476044921874 0 233 2.8329 0.0 8.181805246746432 0.0 4.0 
1409 10668012.8 91.47639037126424 77.48931070387326 144.1476044921874 0 233 2.8329 0.0 8.181805246746432 0.0 4.0 
1410 10668046.1 91.47639037126424 77.48931070387326 144.1476044921874 0 233 2.8329 0.0 8.181805246746432 0.0 4.0 
1411 10668079.4 91.50561254876347 77.48931070387326 144.1476044921874 0 233 2.8329 0.0 8.181805246746432 0.0 4.0 
1412 10668112.8 91.50561254876347 77.5135889884509 144.1476044921874 0 233 2.8329 0.0 8.181805246746432 0.0 4.0 
1413 10668146.1 91.50561254876347 77.5135889884509 144.1476044921874 0 233 2.8329 0.0 8.181805246746432 0.0 4.0 
1414 10668179.5 91.50561254876347 77.5135889884509 144.1476044921874 0 233 2.8329 0.0 8.181805246746432 0.0 4.0 
1415 10668212.8 91.52194337253093 77.5286997241416 144.1476044921874 0 233 2.8329 0.0 8.181805246746432 0.0 4.0 
1416 10668246.1 91.52194337253093 77.5286997241416 144.1476044921874 0 233 2.8329 0.0 8.181805246746432 0.0 4.0 
1417 10668279.5 91.52194337253093 77.5286997241416 144.1476044921874 0 233 2.8329 0.0 8.181805246746432 0.0 4.0 
1418 10668312.8 91.52194337253093 77.5286997241416 144.1476044921874 0 233 2.8329 0.0 8.181805246746432 0.0 4.0 
1419 10668346.1 91.52620571647425 77.5286997241416 144.1476044921874 0 233 2.8329 0.0 8.181805246746432 0.0 4.0 
1420 10668379.5 91.52620571647425 77.53215890336205 144.1476044921874 0 233 2.8329 0.0 8.181805246746432 0.0 4.0 
1421 10668412.8 91.52620571647425 77.53215890336205 144.1476044921874 0 233 2.8329 0.0 8.181805246746432 0.0 4.0 
1422 10668446.1 91.52417585465248 77.53215890336205 144.1476044921874 0 233 2.8329 0.0 8.181805246746432 0.0 4.0 
1423 10668479.5 91.52417585465248 77.53215890336205 144.1476044921874 0 233 2.8329 0.0 8.181805246746432 0.0 4.0 
1424 10668512.8 91.52115400274742 77.53032452193543 144.1476044921874 0 233 2.8329 0.0 8.181805246746432 0.0 4.0 
1425 10668546.1 91.52115400274742 77.53032452193543 144.1476044921874 0 233 2.8329 0.0 8.181805246746432 0.0 4.0 
1426 10668579.5 91.52115400274742 77.53032452193543 144.1476044921874 0 233 2.8329 0.0 8.181805246746432 0.0 4.0 
1427 10668612.8 91.52115400274742 77.52819100285653 144.1476044921874 0 233 2.8329 0.0 8.181805246746432 0.0 4.0 
1428 10668646.2 91.52115400274742 77.52819100285653 144.1476044921874 0 233 2.8329 0.0 8.181805246746432 0.0 4.0 
1429 10668679.5 91.52115400274742 77.52819100285653 144.1476044921874 0 233 2.8329 0.0 8.181805246746432 0.0 4.0 
1430 10668712.8 91.52002167040155 77.52819100285653 144.1476044921874 0 233 2.8329 0.0 8.181805246746432 0.0 4.0 
1431 10668746.2 91.52002167040155 77.52536132992826 144.1476044921874 0 233 2.8329 0.0 8.181805246746432 0.0 4.0 
1432 10668779.5 91.52002167040155 77.52536132992826 144.1476044921874 0 233 2.8329 0.0 8.181805246746432 0.0 4.0 
1433 10668812.8 91.52002167040155 77.52536132992826 144.1476044921874 0 233 2.8329 0.0 8.181805246746432 0.0 4.0 
1434 10668846.2 91.52154001402747 77.52536132992826 144.1476044921874 0 233 2.8329 0.0 8.181805246746432 0.0 4.0 
1435 10668879.5 91.52154001402747 77.52536132992826 144.1476044921874 0 233 2.8329 0.0 8.181805246746432 0.0 4.0 
1436 10668912.8 91.52154001402747 77.52536132992826 144.1476044921874 0 233 2.8329 0.0 8.181805246746432 0.0 4.0 
1437 10668946.2 91.52154001402747 77.52536132992826 144.1476044921874 0 233 2.8329 0.0 8.181805246746432 0.0 4.0 
1438 10668979.5 91.52154001402747 77.52536132992826 144.1476044921874 0 233 2.8329 0.0 8.181805246746432 0.0 4.0 
1439 10669012.9 91.52154001402747 77.52536132992826 144.1476044921874 0 233 2.8329 0.0 8.181805246746432 0.0 4.0 
1440 10669046.2 91.52154001402747 77.52536132992826 144.1476044921874 0 233 2.8329 0.0 8.181805246746432 0.0 4.0 
1441 10669079.5 91.52154001402747 77.52536132992826 144.1476044921874 0 233 2.8329 0.0 8.181805246746432 0.0 4.0 
1442 10669112.9 91.51829425238434 77.52536132992826 144.1476044921874 0 233 2.8329 0.0 8.181805246746432 0.0 4.0 
1443 10669146.2 91.51829425238434 77.52229059104504 144.1476044921874 0 233 2.8329 0.0 8.181805246746432 0.0 4.0 
1444 10669179.5 91.51829425238434 77.52229059104504 144.1476044921874 0 233 2.8329 0.0 8.181805246746432 0.0 4.0 
1445 10669212.9 91.51829425238434 77.52229059104504 144.1476044921874 0 233 2.8329 0.0 8.181805246746432 0.0 4.0 
1446 10669246.2 91.51580238152904 77.52229059104504 144.1476044921874 0 233 2.8329 0.0 8.181805246746432 0.0 4.0 
1447 10669279.5 91.51580238152904 77.51970109193707 144.1476044921874 0 233 2.8329 0.0 8.181805246746432 0.0 4.0 
1448 10669312.9 91.51580238152904 77.51970109193707 144.1476044921874 0 233 2.8329 0.0 8.181805246746432 0.0 4.0 
1449 10669346.2 91.51580238152904 77.51970109193707 144.1476044921874 0 233 2.8329 0.0 8.181805246746432 0.0 4.0 
1450 10669379.5 91.51236353294298 77.51580413783499 144.1476044921874 0 233 2.8329 0.0 8.181805246746432 0.0 4.0 
1451 10669412.9 91.51236353294298 77.51580413783499 144.1476044921874 0 233 2.8329 0.0 8.181805246746432 0.0 4.0 
1452 10669446.2 91.51236353294298 77.51580413783499 144.1476044921874 0 233 2.8329 0.0 8.181805246746432 0.0 4.0 
1453 10669479.6 91.50461096042454 77.51580413783499 144.1476044921874 0 233 2.8329 0.0 8.181805246746432 0.0 4.0 
1454 10669512.9 91.50461096042454 77.50825531868647 144.1476044921874 0 233 2.8329 0.0 8.181805246746432 0.0 4.0 
1455 10669546.2 91.50461096042454 77.50825531868647 144.1476044921874 0 233 2.8329 0.0 8.181805246746432 0.0 4.0 
1456 10669579.6 91.50461096042454 77.50825531868647 144.1476044921874 0 233 2.8329 0.0 8.181805246746432 0.0 4.0 
1457 10669612.9 91.49241415011497 77.50825531868647 144.1476044921874 0 233 2.8329 0.0 8.181805246746432 0.0 4.0 
1458 10669646.2 91.49241415011497 77.4988252129497 144.1476044921874 0 233 2.8329 0.0 8.181805246746432 0.0 4.0 
1459 10669679.6 91.49241415011497 77.4988252129497 144.1476044921874 0 233 2.8329 0.0 8.181805246746432 0.0 4.0 
1460 10669712.9 91.49241415011497 77.4988252129497 144.1476044921874 0 233 2.8329 0.0 8.181805246746432 0.0 4.0 
1461 10669746.2 91.4719808571878 77.48996959184801 144.1476044921874 0 233 2.8329 0.0 8.181805246746432 0.0 4.0 
1462 10669779.6 91.4719808571878 77.48996959184801 144.1476044921874 0 233 2.8329 0.0 8.181805246746432 0.0 4.0 
1463 10669812.9 91.4719808571878 77.48996959184801 144.1476044921874 0 233 2.8329 0.0 8.181805246746432 0.0 4.0 
1464 10669846.3 91.4719808571878 77.48996959184801 144.1476044921874 0 233 2.8329 0.0 8.181805246746432 0.0 4.0 
1465 10669879.6 91.45284086096547 77.48996959184801 144.1476044921874 0 233 2.8329 0.0 8.181805246746432 0.0 4.0 
1466 10669912.9 91.45284086096547 77.48161801116144 144.1476044921874 0 233 2.8329 0.0 8.181805246746432 0.0 4.0 
1467 10669946.3 91.45284086096547 77.48161801116144 144.1476044921874 0 233 2.8329 0.0 8.181805246746432 0.0 4.0 
1468 10669979.6 91.45284086096547 77.48161801116144 144.1476044921874 0 233 2.8329 0.0 8.181805246746432 0.0 4.0 
1469 10670012.9 91.44209983759626 77.48161801116144 144.1476044921874 0 233 2.8329 0.0 8.181805246746432 0.0 4.0 
1470 10670046.3 91.44209983759626 77.47804483954638 144.1476044921874 0 233 2.8329 0.0 8.181805246746432 0.0 4.0 
1471 10670079.6 91.44209983759626 77.47804483954638 144.1476044921874 0 233 2.8329 0.0 8.181805246746432 0.0 4.0 
1472 10670112.9 91.44248046874995 77.47781347656246 144.09985546874992 0 233 2.8329 0.0 8.181805246746432 0.0 4.0 
1473 10670146.3 91.43861104069666 77.47781347656246 144.09985546874992 0 233 2.8329 0.0 8.181805246746432 0.0 4.0 
1474 10670179.6 91.43861104069666 77.47549643289946 144.09985546874992 0 233 2.8329 0.0 8.181805246746432 0.0 4.0 
1475 10670212.9 91.43861104069666 77.47549643289946 144.09985546874992 0 233 2.8329 0.0 8.181805246746432 0.0 4.0 
1476 10670246.3 91.4483843342548 77.47549643289946 144.09985546874992 0 233 2.8329 0.0 8.181805246746432 0.0 4.0 
1477 10670279.6 91.4483843342548 77.47790132999162 144.09985546874992 0 233 2.8329 0.0 8.181805246746432 0.0 4.0 
1478 10670313.0 91.4483843342548 77.47790132999162 144.09985546874992 0 233 2.8329 0.0 8.181805246746432 0.0 4.0 
1479 10670346.3 91.45793126603289 77.47790132999162 144.09985546874992 0 233 2.8329 0.0 8.181805246746432 0.0 4.0 
1480 10670379.6 91.45793126603289 77.48027632321663 144.09985546874992 0 233 2.8329 0.0 8.181805246746432 0.0 4.0 
1481 10670413.0 91.45793126603289 77.48027632321663 144.09985546874992 0 233 2.8329 0.0 8.181805246746432 0.0 4.0 
1482 10670446.3 91.45604317256169 77.48027632321663 144.09985546874992 0 233 2.8329 0.0 8.181805246746432 0.0 4.0 
1483 10670479.6 91.45604317256169 77.48027632321663 144.09985546874992 0 233 2.8329 0.0 8.181805246746432 0.0 4.0 
1484 10670513.0 91.45324953400412 77.48027632321663 144.09985546874992 0 233 2.8329 0.0 8.181805246746432 0.0 4.0 
1485 10670546.3 91.45324953400412 77.48027632321663 144.09985546874992 0 233 2.8329 0.0 8.181805246746432 0.0 4.0 
1486 10670579.6 91.45024084682031 77.48027632321663 144.09985546874992 0 233 2.8329 0.0 8.181805246746432 0.0 4.0 
1487 10670613.0 91.45024084682031 77.48197424661474 144.09985546874992 0 233 2.8329 0.0 8.181805246746432 0.0 4.0 
1488 10670646.3 91.45024084682031 77.48197424661474 144.09985546874992 0 233 2.8329 0.0 8.181805246746432 0.0 4.0 
1489 10670679.7 91.45024084682031 77.48349642034435 144.09985546874992 0 233 2.8329 0.0 8.181805246746432 0.0 4.0 
1490 10670713.0 91.45024084682031 77.48349642034435 144.09985546874992 0 233 2.8329 0.0 8.181805246746432 0.0 4.0 
1491 10670746.3 91.45024084682031 77.48349642034435 144.09985546874992 0 233 2.8329 0.0 8.181805246746432 0.0 4.0 
1492 10670779.7 91.45024084682031 77.48450200655331 144.09985546874992 0 233 2.8329 0.0 8.181805246746432 0.0 4.0 
1493 10670813.0 91.45024084682031 77.48450200655331 144.09985546874992 0 233 2.8329 0.0 8.181805246746432 0.0 4.0 
1494 10670846.3 91.44741841893068 77.48450200655331 144.09985546874992 0 233 2.8329 0.0 8.181805246746432 0.0 4.0 
1495 10670879.7 91.44741841893068 77.48450200655331 144.09985546874992 0 233 2.8329 0.0 8.181805246746432 0.0 4.0 
1496 10670913.0 91.44741841893068 77.4831935227928 144.09985546874992 0 233 2.8329 0.0 8.181805246746432 0.0 4.0 
1497 10670946.3 91.44741841893068 77.4831935227928 144.09985546874992 0 233 2.8329 0.0 8.181805246746432 0.0 4.0 
1498 10670979.7 91.44741841893068 77.4831935227928 144.09985546874992 0 233 2.8329 0.0 8.181805246746432 0.0 4.0 
1499 10671013.0 91.44520843979221 77.4831935227928 144.09985546874992 0 233 2.8329 0.0 8.181805246746432 0.0 4.0 
1500 10671046.3 91.44520843979221 77.48189564250825 144.09985546874992 0 233 2.8329 0.0 8.181805246746432 0.0 4.0 
1501 10671079.7 91.44520843979221 77.48189564250825 144.09985546874992 0 233 2.8329 0.0 8.181805246746432 0.0 4.0 
1502 10671113.0 91.43976222962876 77.48189564250825 144.09985546874992 0 233 2.8329 0.0 8.181805246746432 0.0 4.0 
1503 10671146.4 91.43976222962876 77.4801870620778 144.09985546874992 0 233 2.8329 0.0 8.181805246746432 0.0 4.0 
1504 10671179.7 91.43976222962876 77.4801870620778 144.09985546874992 0 233 2.8329 0.0 8.181805246746432 0.0 4.0 
1505 10671213.0 91.43976222962876 77.4801870620778 144.09985546874992 0 233 2.8329 0.0 8.181805246746432 0.0 4.0 
1506 10671246.4 91.43381422338689 77.4801870620778 144.09985546874992 0 233 2.8329 0.0 8.181805246746432 0.0 4.0 
1507 10671279.7 91.43381422338689 77.47847287837867 144.09985546874992 0 233 2.8329 0.0 8.181805246746432 0.0 4.0 
1508 10671313.0 91.43381422338689 77.47847287837867 144.09985546874992 0 233 2.8329 0.0 8.181805246746432 0.0 4.0 
1509 10671346.4 91.43381422338689 77.47847287837867 144.09985546874992 0 233 2.8329 0.0 8.181805246746432 0.0 4.0 
1510 10671379.7 91.42719685879273 77.47847287837867 144.09985546874992 0 233 2.8329 0.0 8.181805246746432 0.0 4.0 
1511 10671413.0 91.42719685879273 77.47847287837867 144.09985546874992 0 233 2.8329 0.0 8.181805246746432 0.0 4.0 
1512 10671446.4 91.42719685879273 77.47847287837867 144.09985546874992 0 233 2.8329 0.0 8.181805246746432 0.0 4.0 
1513 10671479.7 91.41952393513421 77.47847287837867 144.09985546874992 0 233 2.8329 0.0 8.181805246746432 0.0 4.0 
1514 10671513.1 91.41952393513421 77.47847287837867 144.09985546874992 0 233 2.8329 0.0 8.181805246746432 0.0 4.0 
1515 10671546.4 91.41298284274875 77.47847287837867 144.09985546874992 0 233 2.8329 0.0 8.181805246746432 0.0 4.0 
1516 10671579.7 91.41298284274875 77.47847287837867 144.09985546874992 0 233 2.8329 0.0 8.181805246746432 0.0 4.0 
1517 10671613.1 91.41298284274875 77.47847287837867 144.09985546874992 0 233 2.8329 0.0 8.181805246746432 0.0 4.0 
1518 10671646.4 91.41110184159452 77.4797202398146 144.09985546874992 0 233 2.8329 0.0 8.181805246746432 0.0 4.0 
1519 10671679.7 91.41110184159452 77.4797202398146 144.09985546874992 0 233 2.8329 0.0 8.181805246746432 0.0 4.0 
1520 10671713.1 91.40939551813798 77.4797202398146 144.09985546874992 0 233 2.8329 0.0 8.181805246746432 0.0 4.0 
1521 10671746.4 91.40939551813798 77.48136784977751 144.09985546874992 0 233 2.8329 0.0 8.181805246746432 0.0 4.0 
1522 10671779.7 91.40939551813798 77.48136784977751 144.09985546874992 0 233 2.8329 0.0 8.181805246746432 0.0 4.0 
1523 10671813.1 91.40669772107269 77.48136784977751 144.09985546874992 0 233 2.8329 0.0 8.181805246746432 0.0 4.0 
1524 10671846.4 91.40669772107269 77.48370811395883 144.09985546874992 0 233 2.8329 0.0 8.181805246746432 0.0 4.0 
1525 10671879.7 91.40669772107269 77.48370811395883 144.09985546874992 0 233 2.8329 0.0 8.181805246746432 0.0 4.0 
1526 10671913.1 91.40669772107269 77.48370811395883 144.09985546874992 0 233 2.8329 0.0 8.181805246746432 0.0 4.0 
1527 10671946.4 91.40010708107148 77.48488201172773 144.09985546874992 0 233 2.8329 0.0 8.181805246746432 0.0 4.0 
1528 10671979.8 91.40010708107148 77.48488201172773 144.09985546874992 0 233 2.8329 0.0 8.181805246746432 0.0 4.0 
1529 10672013.1 91.40010708107148 77.48488201172773 144.09985546874992 0 233 2.8329 0.0 8.181805246746432 0.0 4.0 
1530 10672046.4 91.40010708107148 77.48488201172773 144.09985546874992 0 233 2.8329 0.0 8.181805246746432 0.0 4.0 
1531 10672079.8 91.3963352148566 77.48488201172773 144.09985546874992 0 233 2.8329 0.0 8.181805246746432 0.0 4.0 
1532 10672113.1 91.3963352148566 77.48707248983322 144.09985546874992 0 233 2.8329 0.0 8.181805246746432 0.0 4.0 
1533 10672146.4 91.3963352148566 77.48707248983322 144.09985546874992 0 233 2.8329 0.0 8.181805246746432 0.0 4.0 
1534 10672179.8 91.39008523932071 77.48707248983322 144.09985546874992 0 233 2.8329 0.0 8.181805246746432 0.0 4.0 
1535 10672213.1 91.39008523932071 77.48707248983322 144.09985546874992 0 233 2.8329 0.0 8.181805246746432 0.0 4.0 
1536 10672246.4 91.39008523932071 77.48707248983322 144.09985546874992 0 233 2.8329 0.0 8.181805246746432 0.0 4.0 
1537 10672279.8 91.38789842428892 77.48707248983322 144.09985546874992 0 233 2.8329 0.0 8.181805246746432 0.0 4.0 
1538 10672313.1 91.38789842428892 77.48707248983322 144.09985546874992 0 233 2.8329 0.0 8.181805246746432 0.0 4.0 
1539 10672346.5 91.38789842428892 77.48707248983322 144.09985546874992 0 233 2.8329 0.0 8.181805246746432 0.0 4.0 
1540 10672379.8 91.38650373151415 77.48707248983322 144.09985546874992 0 233 2.8329 0.0 8.181805246746432 0.0 4.0 
1541 10672413.1 91.38650373151415 77.48707248983322 144.09985546874992 0 233 2.8329 0.0 8.181805246746432 0.0 4.0 
1542 10672446.5 91.38650373151415 77.48707248983322 144.09985546874992 0 233 2.8329 0.0 8.181805246746432 0.0 4.0 
1543 10672479.8 91.38650373151415 77.48707248983322 144.09985546874992 0 233 2.8329 0.0 8.181805246746432 0.0 4.0 
1544 10672513.1 91.38650373151415 77.48707248983322 144.09985546874992 0 233 2.8329 0.0 8.181805246746432 0.0 4.0 
1545 10672546.5 91.38539933502757 77.48707248983322 144.09985546874992 0 233 2.8329 0.0 8.181805246746432 0.0 4.0 
1546 10672579.8 91.38539933502757 77.48707248983322 144.09985546874992 0 233 2.8329 0.0 8.181805246746432 0.0 4.0 
1547 10672613.1 91.38539933502757 77.48707248983322 144.09985546874992 0 233 2.8329 0.0 8.181805246746432 0.0 4.0 
1548 10672646.5 91.38539933502757 77.48707248983322 144.09985546874992 0 233 2.8329 0.0 8.181805246746432 0.0 4.0 
1549 10672679.8 91.38539933502757 77.48707248983322 144.09985546874992 0 233 2.8329 0.0 8.181805246746432 0.0 4.0 
1550 10672713.1 91.38102951306608 77.48906953249373 144.09985546874992 0 233 2.8329 0.0 8.181805246746432 0.0 4.0 
1551 10672746.5 91.38102951306608 77.48906953249373 144.09985546874992 0 233 2.8329 0.0 8.181805246746432 0.0 4.0 
1552 10672779.8 91.38102951306608 77.48906953249373 144.09985546874992 0 233 2.8329 0.0 8.181805246746432 0.0 4.0 
1553 10672813.2 91.38102951306608 77.48906953249373 144.09985546874992 0 233 2.8329 0.0 8.181805246746432 0.0 4.0 
1554 10672846.5 91.37245965440181 77.48906953249373 144.09985546874992 0 233 2.8329 0.0 8.181805246746432 0.0 4.0 
1555 10672879.8 91.37245965440181 77.49140041577895 144.09985546874992 0 233 2.8329 0.0 8.181805246746432 0.0 4.0 
1556 10672913.2 91.37245965440181 77.49140041577895 144.09985546874992 0 233 2.8329 0.0 8.181805246746432 0.0 4.0 
1557 10672946.5 91.37245965440181 77.49140041577895 144.09985546874992 0 233 2.8329 0.0 8.181805246746432 0.0 4.0 
1558 10672979.8 91.36109670318164 77.49140041577895 144.09985546874992 0 233 2.8329 0.0 8.181805246746432 0.0 4.0 
1559 10673013.2 91.36109670318164 77.49863228104337 144.09985546874992 0 233 2.8329 0.0 8.181805246746432 0.0 4.0 
1560 10673046.5 91.36109670318164 77.49863228104337 144.09985546874992 0 233 2.8329 0.0 8.181805246746432 0.0 4.0 
1561 10673079.8 91.36109670318164 77.49863228104337 144.09985546874992 0 233 2.8329 0.0 8.181805246746432 0.0 4.0 
1562 10673113.2 91.34957404496181 77.50800263805246 144.09985546874992 0 233 2.8329 0.0 8.181805246746432 0.0 4.0 
1563 10673146.5 91.34957404496181 77.50800263805246 144.09985546874992 0 233 2.8329 0.0 8.181805246746432 0.0 4.0 
1564 10673179.9 91.34957404496181 77.50800263805246 144.09985546874992 0 233 2.8329 0.0 8.181805246746432 0.0 4.0 
1565 10673213.2 91.34957404496181 77.50800263805246 144.09985546874992 0 233 2.8329 0.0 8.181805246746432 0.0 4.0 
1566 10673246.5 91.3434846632387 77.51511534859766 144.09985546874992 0 233 2.8329 0.0 8.181805246746432 0.0 4.0 
1567 10673279.9 91.3434846632387 77.51511534859766 144.09985546874992 0 233 2.8329 0.0 8.181805246746432 0.0 4.0 
1568 10673313.2 91.3434846632387 77.51511534859766 144.09985546874992 0 233 2.8329 0.0 8.181805246746432 0.0 4.0 
1569 10673346.5 91.3434846632387 77.51511534859766 144.09985546874992 0 233 2.8329 0.0 8.181805246746432 0.0 4.0 
1570 10673379.9 91.33485401341956 77.51511534859766 144.09985546874992 0 233 2.8329 0.0 8.181805246746432 0.0 4.0 
1571 10673413.2 91.33485401341956 77.5207134602864 144.09985546874992 0 233 2.8329 0.0 8.181805246746432 0.0 4.0 
1572 10673446.5 91.33485401341956 77.5207134602864 144.09985546874992 0 233 2.8329 0.0 8.181805246746432 0.0 4.0 
1573 10673479.9 91.33485401341956 77.5207134602864 144.09985546874992 0 233 2.8329 0.0 8.181805246746432 0.0 4.0 
1574 10673513.2 91.32748551484787 77.52549414453219 144.09985546874992 0 233 2.8329 0.0 8.181805246746432 0.0 4.0 
1575 10673546.5 91.32748551484787 77.52549414453219 144.09985546874992 0 233 2.8329 0.0 8.181805246746432 0.0 4.0 
1576 10673579.9 91.32748551484787 77.52549414453219 144.09985546874992 0 233 2.8329 0.0 8.181805246746432 0.0 4.0 
1577 10673613.2 91.32089823832466 77.52931157101193 144.09985546874992 0 233 2.8329 0.0 8.181805246746432 0.0 4.0 
1578 10673646.6 91.32089823832466 77.52931157101193 144.09985546874992 0 233 2.8329 0.0 8.181805246746432 0.0 4.0 
1579 10673679.9 91.32089823832466 77.52931157101193 144.09985546874992 0 233 2.8329 0.0 8.181805246746432 0.0 4.0 
1580 10673713.2 91.31575527813732 77.52931157101193 144.09985546874992 0 233 2.8329 0.0 8.181805246746432 0.0 4.0 
1581 10673746.6 91.31575527813732 77.53454871601164 144.09985546874992 0 233 2.8329 0.0 8.181805246746432 0.0 4.0 
1582 10673779.9 91.31575527813732 77.53454871601164 144.09985546874992 0 233 2.8329 0.0 8.181805246746432 0.0 4.0 
1583 10673813.2 91.31030988919485 77.53454871601164 144.09985546874992 0 233 2.8329 0.0 8.181805246746432 0.0 4.0 
1584 10673846.6 91.31030988919485 77.54003769531194 144.09985546874992 0 233 2.8329 0.0 8.181805246746432 0.0 4.0 
1585 10673879.9 91.31030988919485 77.54003769531194 144.09985546874992 0 233 2.8329 0.0 8.181805246746432 0.0 4.0 
1586 10673913.2 91.31030988919485 77.54003769531194 144.09985546874992 0 233 2.8329 0.0 8.181805246746432 0.0 4.0 
1587 10673946.6 91.30147267028552 77.54654584305207 144.09985546874992 0 233 2.8329 0.0 8.181805246746432 0.0 4.0 
1588 10673979.9 91.30147267028552 77.54654584305207 144.09985546874992 0 233 2.8329 0.0 8.181805246746432 0.0 4.0 
1589 10674013.3 91.30147267028552 77.54654584305207 144.09985546874992 0 233 2.8329 0.0 8.181805246746432 0.0 4.0 
1590 10674046.6 91.28821579490028 77.54654584305207 144.09985546874992 0 233 2.8329 0.0 8.181805246746432 0.0 4.0 
1591 10674079.9 91.28821579490028 77.55532266181493 144.09985546874992 0 233 2.8329 0.0 8.181805246746432 0.0 4.0 
1592 10674113.3 91.28821579490028 77.55532266181493 144.09985546874992 0 233 2.8329 0.0 8.181805246746432 0.0 4.0 
1593 10674146.6 91.28821579490028 77.55532266181493 144.09985546874992 0 233 2.8329 0.0 8.181805246746432 0.0 4.0 
1594 10674179.9 91.27739527741612 77.55532266181493 144.09985546874992 0 233 2.8329 0.0 8.181805246746432 0.0 4.0 
1595 10674213.3 91.27739527741612 77.56230448927484 144.09985546874992 0 233 2.8329 0.0 8.181805246746432 0.0 4.0 
1596 10674246.6 91.27739527741612 77.56230448927484 144.09985546874992 0 233 2.8329 0.0 8.181805246746432 0.0 4.0 
1597 10674279.9 91.27739527741612 77.56230448927484 144.09985546874992 0 233 2.8329 0.0 8.181805246746432 0.0 4.0 
1598 10674313.3 91.26478606718612 77.56655043064038 144.09985546874992 0 233 2.8329 0.0 8.181805246746432 0.0 4.0 
1599 10674346.6 91.26478606718612 77.56655043064038 144.09985546874992 0 233 2.8329 0.0 8.181805246746432 0.0 4.0 
1600 10674379.9 91.26478606718612 77.56655043064038 144.09985546874992 0 233 2.8329 0.0 8.181805246746432 0.0 4.0 
1601 10674413.3 91.26478606718612 77.56655043064038 144.09985546874992 0 233 2.8329 0.0 8.181805246746432 0.0 4.0 
1602 10674446.6 91.25442796042022 77.57078523251548 144.09985546874992 0 233 2.8329 0.0 8.181805246746432 0.0 4.0 
1603 10674480.0 91.25442796042022 77.57078523251548 144.09985546874992 0 233 2.8329 0.0 8.181805246746432 0.0 4.0 
1604 10674513.3 91.25442796042022 77.57078523251548 144.09985546874992 0 233 2.8329 0.0 8.181805246746432 0.0 4.0 
1605 10674546.6 91.24037467754033 77.57078523251548 144.09985546874992 0 233 2.8329 0.0 8.181805246746432 0.0 4.0 
1606 10674580.0 91.24037467754033 77.57179291966166 144.09985546874992 0 233 2.8329 0.0 8.181805246746432 0.0 4.0 
1607 10674613.3 91.24037467754033 77.57179291966166 144.09985546874992 0 233 2.8329 0.0 8.181805246746432 0.0 4.0 
1608 10674646.6 91.24037467754033 77.57179291966166 144.09985546874992 0 233 2.8329 0.0 8.181805246746432 0.0 4.0 
1609 10674680.0 91.22324956365925 77.57179291966166 144.09985546874992 0 233 2.8329 0.0 8.181805246746432 0.0 4.0 
1610 10674713.3 91.22324956365925 77.57179291966166 144.09985546874992 0 233 2.8329 0.0 8.181805246746432 0.0 4.0 
1611 10674746.6 91.22324956365925 77.57179291966166 144.09985546874992 0 233 2.8329 0.0 8.181805246746432 0.0 4.0 
1612 10674780.0 91.20400419039976 77.56666611672392 144.09985546874992 0 233 2.8329 0.0 8.181805246746432 0.0 4.0 
1613 10674813.3 91.20400419039976 77.56666611672392 144.09985546874992 0 233 2.8329 0.0 8.181805246746432 0.0 4.0 
1614 10674846.7 91.20400419039976 77.56666611672392 144.09985546874992 0 233 2.8329 0.0 8.181805246746432 0.0 4.0 
1615 10674880.0 91.20400419039976 77.56666611672392 144.09985546874992 0 233 2.8329 0.0 8.181805246746432 0.0 4.0 
1616 10674913.3 91.18195507652061 77.56666611672392 144.09985546874992 0 233 2.8329 0.0 8.181805246746432 0.0 4.0 
1617 10674946.7 91.18195507652061 77.54903470122932 144.09985546874992 0 233 2.8329 0.0 8.181805246746432 0.0 4.0 
1618 10674980.0 91.18195507652061 77.54903470122932 144.09985546874992 0 233 2.8329 0.0 8.181805246746432 0.0 4.0 
1619 10675013.3 91.17291403968305 77.54903470122932 144.09985546874992 0 233 2.8329 0.0 8.181805246746432 0.0 4.0 
1620 10675046.7 91.17291403968305 77.53478007124323 144.09985546874992 0 233 2.8329 0.0 8.181805246746432 0.0 4.0 
1621 10675080.0 91.17291403968305 77.53478007124323 144.09985546874992 0 233 2.8329 0.0 8.181805246746432 0.0 4.0 
1622 10675113.3 91.1536876916922 77.51545577449632 144.09985546874992 0 233 2.8329 0.0 8.181805246746432 0.0 4.0 
1623 10675146.7 91.1536876916922 77.51545577449632 144.09985546874992 0 233 2.8329 0.0 8.181805246746432 0.0 4.0 
1624 10675180.0 91.1536876916922 77.51545577449632 144.09985546874992 0 233 2.8329 0.0 8.181805246746432 0.0 4.0 
1625 10675213.3 91.1536876916922 77.51545577449632 144.09985546874992 0 233 2.8329 0.0 8.181805246746432 0.0 4.0 
1626 10675246.7 91.14435876167495 77.50125647263452 144.09985546874992 0 233 2.8329 0.0 8.181805246746432 0.0 4.0 
1627 10675280.0 91.14435876167495 77.50125647263452 144.09985546874992 0 233 2.8329 0.0 8.181805246746432 0.0 4.0 
1628 10675313.4 91.14435876167495 77.50125647263452 144.09985546874992 0 233 2.8329 0.0 8.181805246746432 0.0 4.0 
1629 10675346.7 91.12852946021256 77.50125647263452 144.09985546874992 0 233 2.8329 0.0 8.181805246746432 0.0 4.0 
1630 10675380.0 91.12852946021256 77.48005469944043 144.09985546874992 0 233 2.8329 0.0 8.181805246746432 0.0 4.0 
1631 10675413.4 91.12852946021256 77.48005469944043 144.09985546874992 0 233 2.8329 0.0 8.181805246746432 0.0 4.0 
1632 10675446.7 91.12153478161792 77.48005469944043 144.09985546874992 0 233 2.8329 0.0 8.181805246746432 0.0 4.0 
1633 10675480.0 91.12153478161792 77.46536752198452 144.09985546874992 0 233 2.8329 0.0 8.181805246746432 0.0 4.0 
1634 10675513.4 91.12153478161792 77.46536752198452 144.09985546874992 0 233 2.8329 0.0 8.181805246746432 0.0 4.0 
1635 10675546.7 91.11117449981928 77.45052183521719 144.09985546874992 0 233 2.8329 0.0 8.181805246746432 0.0 4.0 
1636 10675580.0 91.11117449981928 77.45052183521719 144.09985546874992 0 233 2.8329 0.0 8.181805246746432 0.0 4.0 
1637 10675613.4 91.11117449981928 77.45052183521719 144.09985546874992 0 233 2.8329 0.0 8.181805246746432 0.0 4.0 
1638 10675646.7 91.11117449981928 77.45052183521719 144.09985546874992 0 233 2.8329 0.0 8.181805246746432 0.0 4.0 
1639 10675680.1 91.10342268229388 77.45052183521719 144.09985546874992 0 233 2.8329 0.0 8.181805246746432 0.0 4.0 
1640 10675713.4 91.10342268229388 77.43690329538389 144.09985546874992 0 233 2.8329 0.0 8.181805246746432 0.0 4.0 
1641 10675746.7 91.10342268229388 77.43690329538389 144.09985546874992 0 233 2.8329 0.0 8.181805246746432 0.0 4.0 
1642 10675780.1 91.10342268229388 77.43690329538389 144.09985546874992 0 233 2.8329 0.0 8.181805246746432 0.0 4.0 
1643 10675813.4 91.09625491461347 77.43690329538389 144.09985546874992 0 233 2.8329 0.0 8.181805246746432 0.0 4.0 
1644 10675846.7 91.09625491461347 77.41804646405302 144.09985546874992 0 233 2.8329 0.0 8.181805246746432 0.0 4.0 
1645 10675880.1 91.09625491461347 77.41804646405302 144.09985546874992 0 233 2.8329 0.0 8.181805246746432 0.0 4.0 
1646 10675913.4 91.09085082765235 77.40061028153531 144.09985546874992 0 233 2.8329 0.0 8.181805246746432 0.0 4.0 
1647 10675946.7 91.09085082765235 77.40061028153531 144.09985546874992 0 233 2.8329 0.0 8.181805246746432 0.0 4.0 
1648 10675980.1 91.09085082765235 77.40061028153531 144.09985546874992 0 233 2.8329 0.0 8.181805246746432 0.0 4.0 
1649 10676013.4 91.09085082765235 77.40061028153531 144.09985546874992 0 233 2.8329 0.0 8.181805246746432 0.0 4.0 
1650 10676046.7 91.08507529091787 77.40061028153531 144.09985546874992 0 233 2.8329 0.0 8.181805246746432 0.0 4.0 
1651 10676080.1 91.08507529091787 77.3846096285841 144.09985546874992 0 233 2.8329 0.0 8.181805246746432 0.0 4.0 
1652 10676113.4 91.08507529091787 77.3846096285841 144.09985546874992 0 233 2.8329 0.0 8.181805246746432 0.0 4.0 
1653 10676146.8 91.07590385718477 77.3846096285841 144.09985546874992 0 233 2.8329 0.0 8.181805246746432 0.0 4.0 
1654 10676180.1 91.07590385718477 77.36490245964094 144.09985546874992 0 233 2.8329 0.0 8.181805246746432 0.0 4.0 
1655 10676213.4 91.07590385718477 77.36490245964094 144.09985546874992 0 233 2.8329 0.0 8.181805246746432 0.0 4.0 
1656 10676246.8 91.06677217777553 77.34726673402247 144.09985546874992 0 233 2.8329 0.0 8.181805246746432 0.0 4.0 
1657 10676280.1 91.06677217777553 77.34726673402247 144.09985546874992 0 233 2.8329 0.0 8.181805246746432 0.0 4.0 
1658 10676313.4 91.06677217777553 77.34726673402247 144.09985546874992 0 233 2.8329 0.0 8.181805246746432 0.0 4.0 
1659 10676346.8 91.06677217777553 77.34726673402247 144.09985546874992 0 233 2.8329 0.0 8.181805246746432 0.0 4.0 
1660 10676380.1 91.06182997808764 77.33431293134424 144.09985546874992 0 233 2.8329 0.0 8.181805246746432 0.0 4.0 
1661 10676413.4 91.06182997808764 77.33431293134424 144.09985546874992 0 233 2.8329 0.0 8.181805246746432 0.0 4.0 
1662 10676446.8 91.06182997808764 77.33431293134424 144.09985546874992 0 233 2.8329 0.0 8.181805246746432 0.0 4.0 
1663 10676480.1 91.06182997808764 77.33431293134424 144.09985546874992 0 233 2.8329 0.0 8.181805246746432 0.0 4.0 
1664 10676513.5 91.05287113068567 77.33431293134424 144.09985546874992 0 233 2.8329 0.0 8.181805246746432 0.0 4.0 
1665 10676546.8 91.05287113068567 77.31533714154368 144.09985546874992 0 233 2.8329 0.0 8.181805246746432 0.0 4.0 
1666 10676580.1 91.05287113068567 77.31533714154368 144.09985546874992 0 233 2.8329 0.0 8.181805246746432 0.0 4.0 
1667 10676613.5 91.05287113068567 77.31533714154368 144.09985546874992 0 233 2.8329 0.0 8.181805246746432 0.0 4.0 
1668 10676646.8 91.04327688904277 77.29964629860594 144.09985546874992 0 233 2.8329 0.0 8.181805246746432 0.0 4.0 
1669 10676680.1 91.04327688904277 77.29964629860594 144.09985546874992 0 233 2.8329 0.0 8.181805246746432 0.0 4.0 
1670 10676713.5 91.04327688904277 77.29964629860594 144.09985546874992 0 233 2.8329 0.0 8.181805246746432 0.0 4.0 
1671 10676746.8 91.02791234290112 77.28622992084098 144.09985546874992 0 233 2.8329 0.0 8.181805246746432 0.0 4.0 
1672 10676780.1 91.02791234290112 77.28622992084098 144.09985546874992 0 233 2.8329 0.0 8.181805246746432 0.0 4.0 
1673 10676813.5 91.02791234290112 77.28622992084098 144.09985546874992 0 233 2.8329 0.0 8.181805246746432 0.0 4.0 
1674 10676846.8 91.02791234290112 77.28622992084098 144.09985546874992 0 233 2.8329 0.0 8.181805246746432 0.0 4.0 
1675 10676880.1 91.01344045491722 77.28622992084098 144.09985546874992 0 233 2.8329 0.0 8.181805246746432 0.0 4.0 
1676 10676913.5 91.01344045491722 77.27291144593457 144.09985546874992 0 233 2.8329 0.0 8.181805246746432 0.0 4.0 
1677 10676946.8 91.01344045491722 77.27291144593457 144.09985546874992 0 233 2.8329 0.0 8.181805246746432 0.0 4.0 
1678 10676980.2 90.99743577584874 77.27291144593457 144.09985546874992 0 233 2.8329 0.0 8.181805246746432 0.0 4.0 
1679 10677013.5 90.99743577584874 77.26374276470018 144.09985546874992 0 233 2.8329 0.0 8.181805246746432 0.0 4.0 
1680 10677046.8 90.99743577584874 77.26374276470018 144.09985546874992 0 233 2.8329 0.0 8.181805246746432 0.0 4.0 
1681 10677080.2 90.99743577584874 77.26374276470018 144.09985546874992 0 233 2.8329 0.0 8.181805246746432 0.0 4.0 
1682 10677113.5 90.97985030512339 77.25695278168014 144.09985546874992 0 233 2.8329 0.0 8.181805246746432 0.0 4.0 
1683 10677146.8 90.97985030512339 77.25695278168014 144.09985546874992 0 233 2.8329 0.0 8.181805246746432 0.0 4.0 
1684 10677180.2 90.97985030512339 77.25695278168014 144.09985546874992 0 233 2.8329 0.0 8.181805246746432 0.0 4.0 
1685 10677213.5 90.97985030512339 77.25695278168014 144.09985546874992 0 233 2.8329 0.0 8.181805246746432 0.0 4.0 
1686 10677246.8 90.95988851911117 77.25695278168014 144.09985546874992 0 233 2.8329 0.0 8.181805246746432 0.0 4.0 
1687 10677280.2 90.95988851911117 77.25163652379788 144.09985546874992 0 233 2.8329 0.0 8.181805246746432 0.0 4.0 
1688 10677313.5 90.95988851911117 77.25163652379788 144.09985546874992 0 233 2.8329 0.0 8.181805246746432 0.0 4.0 
1689 10677346.9 90.95988851911117 77.25163652379788 144.09985546874992 0 233 2.8329 0.0 8.181805246746432 0.0 4.0 
1690 10677380.2 90.94980610311026 77.25163652379788 144.09985546874992 0 233 2.8329 0.0 8.181805246746432 0.0 4.0 
1691 10677413.5 90.94980610311026 77.2454931166807 144.09985546874992 0 233 2.8329 0.0 8.181805246746432 0.0 4.0 
1692 10677446.9 90.94980610311026 77.2454931166807 144.09985546874992 0 233 2.8329 0.0 8.181805246746432 0.0 4.0 
1693 10677480.2 90.94980610311026 77.2454931166807 144.09985546874992 0 233 2.8329 0.0 8.181805246746432 0.0 4.0 
1694 10677513.5 90.93919588577978 77.24399757208407 144.09985546874992 0 233 2.8329 0.0 8.181805246746432 0.0 4.0 
1695 10677546.9 90.93919588577978 77.24399757208407 144.09985546874992 0 233 2.8329 0.0 8.181805246746432 0.0 4.0 
1696 10677580.2 90.93919588577978 77.24399757208407 144.09985546874992 0 233 2.8329 0.0 8.181805246746432 0.0 4.0 
1697 10677613.5 90.91953295355233 77.24399757208407 144.09985546874992 0 233 2.8329 0.0 8.181805246746432 0.0 4.0 
1698 10677646.9 90.91953295355233 77.25053114376333 144.09985546874992 0 233 2.8329 0.0 8.181805246746432 0.0 4.0 
1699 10677680.2 90.91953295355233 77.25053114376333 144.09985546874992 0 233 2.8329 0.0 8.181805246746432 0.0 4.0 
1700 10677713.5 90.91953295355233 77.25053114376333 144.09985546874992 0 233 2.8329 0.0 8.181805246746432 0.0 4.0 
1701 10677746.9 90.90003387853683 77.25053114376333 144.09985546874992 0 233 2.8329 0.0 8.181805246746432 0.0 4.0 
1702 10677780.2 90.90003387853683 77.26827768472391 144.09985546874992 0 233 2.8329 0.0 8.181805246746432 0.0 4.0 
1703 10677813.6 90.90003387853683 77.26827768472391 144.09985546874992 0 233 2.8329 0.0 8.181805246746432 0.0 4.0 
1704 10677846.9 90.87587536895178 77.28515865972827 144.09985546874992 0 233 2.8329 0.0 8.181805246746432 0.0 4.0 
1705 10677880.2 90.87587536895178 77.28515865972827 144.09985546874992 0 233 2.8329 0.0 8.181805246746432 0.0 4.0 
1706 10677913.6 90.87587536895178 77.28515865972827 144.09985546874992 0 233 2.8329 0.0 8.181805246746432 0.0 4.0 
1707 10677946.9 90.87587536895178 77.28515865972827 144.09985546874992 0 233 2.8329 0.0 8.181805246746432 0.0 4.0 
1708 10677980.2 90.86429634255362 77.28515865972827 144.09985546874992 0 233 2.8329 0.0 8.181805246746432 0.0 4.0 
1709 10678013.6 90.86429634255362 77.2928952167662 144.09985546874992 0 233 2.8329 0.0 8.181805246746432 0.0 4.0 
1710 10678046.9 90.86429634255362 77.2928952167662 144.09985546874992 0 233 2.8329 0.0 8.181805246746432 0.0 4.0 
1711 10678080.2 90.86429634255362 77.2928952167662 144.09985546874992 0 233 2.8329 0.0 8.181805246746432 0.0 4.0 
1712 10678113.6 90.84777610569212 77.2928952167662 144.09985546874992 0 233 2.8329 0.0 8.181805246746432 0.0 4.0 
1713 10678146.9 90.84777610569212 77.29991199457255 144.09985546874992 0 233 2.8329 0.0 8.181805246746432 0.0 4.0 
1714 10678180.3 90.84777610569212 77.29991199457255 144.09985546874992 0 233 2.8329 0.0 8.181805246746432 0.0 4.0 
1715 10678213.6 90.84777610569212 77.29991199457255 144.09985546874992 0 233 2.8329 0.0 8.181805246746432 0.0 4.0 
1716 10678246.9 90.82746601464156 77.29991199457255 144.09985546874992 0 233 2.8329 0.0 8.181805246746432 0.0 4.0 
1717 10678280.3 90.82746601464156 77.30884528014458 144.09985546874992 0 233 2.8329 0.0 8.181805246746432 0.0 4.0 
1718 10678313.6 90.82746601464156 77.30884528014458 144.09985546874992 0 233 2.8329 0.0 8.181805246746432 0.0 4.0 
1719 10678346.9 90.82746601464156 77.30884528014458 144.09985546874992 0 233 2.8329 0.0 8.181805246746432 0.0 4.0 
1720 10678380.3 90.80503761274502 77.30884528014458 144.09985546874992 0 233 2.8329 0.0 8.181805246746432 0.0 4.0 
1721 10678413.6 90.80503761274502 77.31861135177213 144.09985546874992 0 233 2.8329 0.0 8.181805246746432 0.0 4.0 
1722 10678446.9 90.80503761274502 77.31861135177213 144.09985546874992 0 233 2.8329 0.0 8.181805246746432 0.0 4.0 
1723 10678480.3 90.80503761274502 77.31861135177213 144.09985546874992 0 233 2.8329 0.0 8.181805246746432 0.0 4.0 
1724 10678513.6 90.79222735235953 77.31861135177213 144.09985546874992 0 233 2.8329 0.0 8.181805246746432 0.0 4.0 
1725 10678546.9 90.79222735235953 77.32457772269501 144.09985546874992 0 233 2.8329 0.0 8.181805246746432 0.0 4.0 
1726 10678580.3 90.79222735235953 77.32457772269501 144.09985546874992 0 233 2.8329 0.0 8.181805246746432 0.0 4.0 
1727 10678613.6 90.7731253535936 77.32792858531387 144.09985546874992 0 233 2.8329 0.0 8.181805246746432 0.0 4.0 
1728 10678647.0 90.7731253535936 77.32792858531387 144.09985546874992 0 233 2.8329 0.0 8.181805246746432 0.0 4.0 
1729 10678680.3 90.7731253535936 77.32792858531387 144.09985546874992 0 233 2.8329 0.0 8.181805246746432 0.0 4.0 
1730 10678713.6 90.7731253535936 77.32792858531387 144.09985546874992 0 233 2.8329 0.0 8.181805246746432 0.0 4.0 
1731 10678747.0 90.75984830938648 77.32792858531387 144.09985546874992 0 233 2.8329 0.0 8.181805246746432 0.0 4.0 
1732 10678780.3 90.75984830938648 77.32792858531387 144.09985546874992 0 233 2.8329 0.0 8.181805246746432 0.0 4.0 
1733 10678813.6 90.75984830938648 77.32792858531387 144.09985546874992 0 233 2.8329 0.0 8.181805246746432 0.0 4.0 
1734 10678847.0 90.75984830938648 77.32792858531387 144.09985546874992 0 233 2.8329 0.0 8.181805246746432 0.0 4.0 
1735 10678880.3 90.73780128993417 77.32792858531387 144.09985546874992 0 233 2.8329 0.0 8.181805246746432 0.0 4.0 
1736 10678913.6 90.73780128993417 77.31963369487418 144.09985546874992 0 233 2.8329 0.0 8.181805246746432 0.0 4.0 
1737 10678947.0 90.73780128993417 77.31963369487418 144.09985546874992 0 233 2.8329 0.0 8.181805246746432 0.0 4.0 
1738 10678980.3 90.73780128993417 77.31963369487418 144.09985546874992 0 233 2.8329 0.0 8.181805246746432 0.0 4.0 
1739 10679013.7 90.71537115004288 77.31963369487418 144.09985546874992 0 233 2.8329 0.0 8.181805246746432 0.0 4.0 
1740 10679047.0 90.71537115004288 77.29748504025183 144.09985546874992 0 233 2.8329 0.0 8.181805246746432 0.0 4.0 
1741 10679080.3 90.71537115004288 77.29748504025183 144.09985546874992 0 233 2.8329 0.0 8.181805246746432 0.0 4.0 
1742 10679113.7 90.71537115004288 77.29748504025183 144.09985546874992 0 233 2.8329 0.0 8.181805246746432 0.0 4.0 
1743 10679147.0 90.69910066689641 77.29748504025183 144.09985546874992 0 233 2.8329 0.0 8.181805246746432 0.0 4.0 
1744 10679180.3 90.69910066689641 77.2748296837894 144.09985546874992 0 233 2.8329 0.0 8.181805246746432 0.0 4.0 
1745 10679213.7 90.69910066689641 77.2748296837894 144.09985546874992 0 233 2.8329 0.0 8.181805246746432 0.0 4.0 
1746 10679247.0 90.69910066689641 77.2748296837894 144.09985546874992 0 233 2.8329 0.0 8.181805246746432 0.0 4.0 
1747 10679280.3 90.684547462532 77.2748296837894 144.09985546874992 0 233 2.8329 0.0 8.181805246746432 0.0 4.0 
1748 10679313.7 90.684547462532 77.24809807870137 144.09985546874992 0 233 2.8329 0.0 8.181805246746432 0.0 4.0 
1749 10679347.0 90.684547462532 77.24809807870137 144.09985546874992 0 233 2.8329 0.0 8.181805246746432 0.0 4.0 
1750 10679380.3 90.67548215313157 77.22750359804341 144.09985546874992 0 233 2.8329 0.0 8.181805246746432 0.0 4.0 
1751 10679413.7 90.67548215313157 77.22750359804341 144.09985546874992 0 233 2.8329 0.0 8.181805246746432 0.0 4.0 
1752 10679447.0 90.67548215313157 77.22750359804341 144.09985546874992 0 233 2.8329 0.0 8.181805246746432 0.0 4.0 
1753 10679480.4 90.67548215313157 77.22750359804341 144.09985546874992 0 233 2.8329 0.0 8.181805246746432 0.0 4.0 
1754 10679513.7 90.67105293350278 77.22750359804341 144.09985546874992 0 233 2.8329 0.0 8.181805246746432 0.0 4.0 
1755 10679547.0 90.67105293350278 77.21223135291883 144.09985546874992 0 233 2.8329 0.0 8.181805246746432 0.0 4.0 
1756 10679580.4 90.67105293350278 77.21223135291883 144.09985546874992 0 233 2.8329 0.0 8.181805246746432 0.0 4.0 
1757 10679613.7 90.67105293350278 77.21223135291883 144.09985546874992 0 233 2.8329 0.0 8.181805246746432 0.0 4.0 
1758 10679647.0 90.66644948308617 77.21223135291883 144.09985546874992 0 233 2.8329 0.0 8.181805246746432 0.0 4.0 
1759 10679680.4 90.66644948308617 77.18680498029775 144.09985546874992 0 233 2.8329 0.0 8.181805246746432 0.0 4.0 
1760 10679713.7 90.66644948308617 77.18680498029775 144.09985546874992 0 233 2.8329 0.0 8.181805246746432 0.0 4.0 
1761 10679747.0 90.66644948308617 77.18680498029775 144.09985546874992 0 233 2.8329 0.0 8.181805246746432 0.0 4.0 
1762 10679780.4 90.66110026613511 77.16354785190194 144.09985546874992 0 233 2.8329 0.0 8.181805246746432 0.0 4.0 
1763 10679813.7 90.66110026613511 77.16354785190194 144.09985546874992 0 233 2.8329 0.0 8.181805246746432 0.0 4.0 
1764 10679847.1 90.66110026613511 77.16354785190194 144.09985546874992 0 233 2.8329 0.0 8.181805246746432 0.0 4.0 
1765 10679880.4 90.66110026613511 77.16354785190194 144.09985546874992 0 233 2.8329 0.0 8.181805246746432 0.0 4.0 
1766 10679913.7 90.65615802063155 77.13971773069512 144.09985546874992 0 233 2.8329 0.0 8.181805246746432 0.0 4.0 
1767 10679947.1 90.65615802063155 77.13971773069512 144.09985546874992 0 233 2.8329 0.0 8.181805246746432 0.0 4.0 
1768 10679980.4 90.65615802063155 77.13971773069512 144.09985546874992 0 233 2.8329 0.0 8.181805246746432 0.0 4.0 
1769 10680013.7 90.64913315735717 77.13971773069512 144.09985546874992 0 233 2.8329 0.0 8.181805246746432 0.0 4.0 
1770 10680047.1 90.64913315735717 77.11702821209843 144.09985546874992 0 233 2.8329 0.0 8.181805246746432 0.0 4.0 
1771 10680080.4 90.64913315735717 77.11702821209843 144.09985546874992 0 233 2.8329 0.0 8.181805246746432 0.0 4.0 
1772 10680113.7 90.64913315735717 77.11702821209843 144.09985546874992 0 233 2.8329 0.0 8.181805246746432 0.0 4.0 
1773 10680147.1 90.64389336984344 77.1044556410832 144.09985546874992 0 233 2.8329 0.0 8.181805246746432 0.0 4.0 
1774 10680180.4 90.64389336984344 77.1044556410832 144.09985546874992 0 233 2.8329 0.0 8.181805246746432 0.0 4.0 
1775 10680213.7 90.64389336984344 77.1044556410832 144.09985546874992 0 233 2.8329 0.0 8.181805246746432 0.0 4.0 
1776 10680247.1 90.63298856075127 77.08586257216557 144.09985546874992 0 233 2.8329 0.0 8.181805246746432 0.0 4.0 
1777 10680280.4 90.63298856075127 77.08586257216557 144.09985546874992 0 233 2.8329 0.0 8.181805246746432 0.0 4.0 
1778 10680313.8 90.63298856075127 77.08586257216557 144.09985546874992 0 233 2.8329 0.0 8.181805246746432 0.0 4.0 
1779 10680347.1 90.63298856075127 77.08586257216557 144.09985546874992 0 233 2.8329 0.0 8.181805246746432 0.0 4.0 
1780 10680380.4 90.61917231993272 77.08586257216557 144.09985546874992 0 233 2.8329 0.0 8.181805246746432 0.0 4.0 
1781 10680413.8 90.61917231993272 77.06889488644154 144.09985546874992 0 233 2.8329 0.0 8.181805246746432 0.0 4.0 
1782 10680447.1 90.61917231993272 77.06889488644154 144.09985546874992 0 233 2.8329 0.0 8.181805246746432 0.0 4.0 
1783 10680480.4 90.61917231993272 77.06889488644154 144.09985546874992 0 233 2.8329 0.0 8.181805246746432 0.0 4.0 
1784 10680513.8 90.60952418200789 77.06889488644154 144.09985546874992 0 233 2.8329 0.0 8.181805246746432 0.0 4.0 
1785 10680547.1 90.60952418200789 77.0579104927683 144.09985546874992 0 233 2.8329 0.0 8.181805246746432 0.0 4.0 
1786 10680580.4 90.60952418200789 77.0579104927683 144.09985546874992 0 233 2.8329 0.0 8.181805246746432 0.0 4.0 
1787 10680613.8 90.60952418200789 77.0579104927683 144.09985546874992 0 233 2.8329 0.0 8.181805246746432 0.0 4.0 
1788 10680647.1 90.59328063269673 77.04584635353196 144.09985546874992 0 233 2.8329 0.0 8.181805246746432 0.0 4.0 
1789 10680680.5 90.59328063269673 77.04584635353196 144.09985546874992 0 233 2.8329 0.0 8.181805246746432 0.0 4.0 
1790 10680713.8 90.59328063269673 77.04584635353196 144.09985546874992 0 233 2.8329 0.0 8.181805246746432 0.0 4.0 
1791 10680747.1 90.59328063269673 77.04584635353196 144.09985546874992 0 233 2.8329 0.0 8.181805246746432 0.0 4.0 
1792 10680780.5 90.58130891899688 77.04584635353196 144.09985546874992 0 233 2.8329 0.0 8.181805246746432 0.0 4.0 
1793 10680813.8 90.58130891899688 77.03258522291264 144.09985546874992 0 233 2.8329 0.0 8.181805246746432 0.0 4.0 
1794 10680847.1 90.58130891899688 77.03258522291264 144.09985546874992 0 233 2.8329 0.0 8.181805246746432 0.0 4.0 
1795 10680880.5 90.58130891899688 77.03258522291264 144.09985546874992 0 233 2.8329 0.0 8.181805246746432 0.0 4.0 
1796 10680913.8 90.57820724292054 77.02789336786785 144.09985546874992 0 233 2.8329 0.0 8.181805246746432 0.0 4.0 
1797 10680947.1 90.57820724292054 77.02789336786785 144.09985546874992 0 233 2.8329 0.0 8.181805246746432 0.0 4.0 
1798 10680980.5 90.57820724292054 77.02789336786785 144.09985546874992 0 233 2.8329 0.0 8.181805246746432 0.0 4.0 
1799 10681013.8 90.57820724292054 77.02789336786785 144.09985546874992 0 233 2.8329 0.0 8.181805246746432 0.0 4.0 
1800 10681047.1 90.56529736464822 77.02381581732519 144.09985546874992 0 233 2.8329 0.0 8.181805246746432 0.0 4.0 
1801 10681080.5 90.56529736464822 77.02381581732519 144.09985546874992 0 233 2.8329 0.0 8.181805246746432 0.0 4.0 
1802 10681113.8 90.56529736464822 77.02381581732519 144.09985546874992 0 233 2.8329 0.0 8.181805246746432 0.0 4.0 
1803 10681147.2 90.56529736464822 77.02381581732519 144.09985546874992 0 233 2.8329 0.0 8.181805246746432 0.0 4.0 
1804 10681180.5 90.54378532735562 77.02381581732519 144.09985546874992 0 233 2.8329 0.0 8.181805246746432 0.0 4.0 
1805 10681213.8 90.54378532735562 77.01603269113306 144.09985546874992 0 233 2.8329 0.0 8.181805246746432 0.0 4.0 
1806 10681247.2 90.54378532735562 77.01603269113306 144.09985546874992 0 233 2.8329 0.0 8.181805246746432 0.0 4.0 
1807 10681280.5 90.52541550503007 77.01603269113306 144.09985546874992 0 233 2.8329 0.0 8.181805246746432 0.0 4.0 
1808 10681313.8 90.52541550503007 77.00998306335697 144.09985546874992 0 233 2.8329 0.0 8.181805246746432 0.0 4.0 
1809 10681347.2 90.52541550503007 77.00998306335697 144.09985546874992 0 233 2.8329 0.0 8.181805246746432 0.0 4.0 
1810 10681380.5 90.52541550503007 77.00998306335697 144.09985546874992 0 233 2.8329 0.0 8.181805246746432 0.0 4.0 
1811 10681413.8 90.51246074823368 77.00998306335697 144.09985546874992 0 233 2.8329 0.0 8.181805246746432 0.0 4.0 
1812 10681447.2 90.51246074823368 77.00757095133781 144.09985546874992 0 233 2.8329 0.0 8.181805246746432 0.0 4.0 
1813 10681480.5 90.51246074823368 77.00757095133781 144.09985546874992 0 233 2.8329 0.0 8.181805246746432 0.0 4.0 
1814 10681513.9 90.49888164113926 77.00757095133781 144.09985546874992 0 233 2.8329 0.0 8.181805246746432 0.0 4.0 
1815 10681547.2 90.49888164113926 77.00142906870029 144.09985546874992 0 233 2.8329 0.0 8.181805246746432 0.0 4.0 
1816 10681580.5 90.49888164113926 77.00142906870029 144.09985546874992 0 233 2.8329 0.0 8.181805246746432 0.0 4.0 
1817 10681613.9 90.49888164113926 77.00142906870029 144.09985546874992 0 233 2.8329 0.0 8.181805246746432 0.0 4.0 
1818 10681647.2 90.48753687647503 77.00142906870029 144.09985546874992 0 233 2.8329 0.0 8.181805246746432 0.0 4.0 
1819 10681680.5 90.48753687647503 76.99776591400237 144.09985546874992 0 233 2.8329 0.0 8.181805246746432 0.0 4.0 
1820 10681713.9 90.48753687647503 76.99776591400237 144.09985546874992 0 233 2.8329 0.0 8.181805246746432 0.0 4.0 
1821 10681747.2 90.47366705658177 76.99776591400237 144.09985546874992 0 233 2.8329 0.0 8.181805246746432 0.0 4.0 
1822 10681780.5 90.47366705658177 76.99776591400237 144.09985546874992 0 233 2.8329 0.0 8.181805246746432 0.0 4.0 
1823 10681813.9 90.47366705658177 76.99776591400237 144.09985546874992 0 233 2.8329 0.0 8.181805246746432 0.0 4.0 
1824 10681847.2 90.46580582666965 76.99776591400237 144.09985546874992 0 233 2.8329 0.0 8.181805246746432 0.0 4.0 
1825 10681880.5 90.46580582666965 76.99776591400237 144.09985546874992 0 233 2.8329 0.0 8.181805246746432 0.0 4.0 
1826 10681913.9 90.46580582666965 76.99776591400237 144.09985546874992 0 233 2.8329 0.0 8.181805246746432 0.0 4.0 
1827 10681947.2 90.45731628337779 76.99776591400237 144.09985546874992 0 233 2.8329 0.0 8.181805246746432 0.0 4.0 
1828 10681980.6 90.45731628337779 76.99535128176433 144.09985546874992 0 233 2.8329 0.0 8.181805246746432 0.0 4.0 
1829 10682013.9 90.45731628337779 76.99535128176433 144.09985546874992 0 233 2.8329 0.0 8.181805246746432 0.0 4.0 
1830 10682047.2 90.44496168601545 76.99535128176433 144.09985546874992 0 233 2.8329 0.0 8.181805246746432 0.0 4.0 
1831 10682080.6 90.44496168601545 76.98758521484035 144.09985546874992 0 233 2.8329 0.0 8.181805246746432 0.0 4.0 
1832 10682113.9 90.44496168601545 76.98758521484035 144.09985546874992 0 233 2.8329 0.0 8.181805246746432 0.0 4.0 
1833 10682147.2 90.44496168601545 76.98758521484035 144.09985546874992 0 233 2.8329 0.0 8.181805246746432 0.0 4.0 
1834 10682180.6 90.43993387092047 76.98758521484035 144.09985546874992 0 233 2.8329 0.0 8.181805246746432 0.0 4.0 
1835 10682213.9 90.43993387092047 76.98544852726694 144.09985546874992 0 233 2.8329 0.0 8.181805246746432 0.0 4.0 
1836 10682247.2 90.43993387092047 76.98544852726694 144.09985546874992 0 233 2.8329 0.0 8.181805246746432 0.0 4.0 
1837 10682280.6 90.43993387092047 76.98544852726694 144.09985546874992 0 233 2.8329 0.0 8.181805246746432 0.0 4.0 
1838 10682313.9 90.43381465454998 76.98544852726694 144.09985546874992 0 233 2.8329 0.0 8.181805246746432 0.0 4.0 
1839 10682347.3 90.43381465454998 76.98544852726694 144.09985546874992 0 233 2.8329 0.0 8.181805246746432 0.0 4.0 
1840 10682380.6 90.43381465454998 76.98544852726694 144.09985546874992 0 233 2.8329 0.0 8.181805246746432 0.0 4.0 
1841 10682413.9 90.42750812511096 76.98544852726694 144.09985546874992 0 233 2.8329 0.0 8.181805246746432 0.0 4.0 
1842 10682447.3 90.42750812511096 76.98544852726694 144.09985546874992 0 233 2.8329 0.0 8.181805246746432 0.0 4.0 
1843 10682480.6 90.42750812511096 76.98544852726694 144.09985546874992 0 233 2.8329 0.0 8.181805246746432 0.0 4.0 
1844 10682513.9 90.42750812511096 76.98354178500749 144.09985546874992 0 233 2.8329 0.0 8.181805246746432 0.0 4.0 
1845 10682547.3 90.42750812511096 76.98354178500749 144.09985546874992 0 233 2.8329 0.0 8.181805246746432 0.0 4.0 
1846 10682580.6 90.42750812511096 76.98354178500749 144.09985546874992 0 233 2.8329 0.0 8.181805246746432 0.0 4.0 
1847 10682613.9 90.419909531362 76.98162041421303 144.09985546874992 0 233 2.8329 0.0 8.181805246746432 0.0 4.0 
1848 10682647.3 90.419909531362 76.98162041421303 144.09985546874992 0 233 2.8329 0.0 8.181805246746432 0.0 4.0 
1849 10682680.6 90.419909531362 76.98162041421303 144.09985546874992 0 233 2.8329 0.0 8.181805246746432 0.0 4.0 
1850 10682713.9 90.40315695563885 76.98162041421303 144.09985546874992 0 233 2.8329 0.0 8.181805246746432 0.0 4.0 
1851 10682747.3 90.40315695563885 76.98162041421303 144.09985546874992 0 233 2.8329 0.0 8.181805246746432 0.0 4.0 
1852 10682780.6 90.40315695563885 76.98162041421303 144.09985546874992 0 233 2.8329 0.0 8.181805246746432 0.0 4.0 
1853 10682814.0 90.39280993568605 76.98162041421303 144.09985546874992 0 233 2.8329 0.0 8.181805246746432 0.0 4.0 
1854 10682847.3 90.39280993568605 76.98162041421303 144.09985546874992 0 233 2.8329 0.0 8.181805246746432 0.0 4.0 
1855 10682880.6 90.39280993568605 76.98162041421303 144.09985546874992 0 233 2.8329 0.0 8.181805246746432 0.0 4.0 
1856 10682914.0 90.38974925321321 76.98268636688762 144.09985546874992 0 233 2.8329 0.0 8.181805246746432 0.0 4.0 
1857 10682947.3 90.38974925321321 76.98268636688762 144.09985546874992 0 233 2.8329 0.0 8.181805246746432 0.0 4.0 
1858 10682980.6 90.38497807196457 76.98373323327877 144.09985546874992 0 233 2.8329 0.0 8.181805246746432 0.0 4.0 
1859 10683014.0 90.38497807196457 76.98373323327877 144.09985546874992 0 233 2.8329 0.0 8.181805246746432 0.0 4.0 
1860 10683047.3 90.38497807196457 76.98373323327877 144.09985546874992 0 233 2.8329 0.0 8.181805246746432 0.0 4.0 
1861 10683080.6 90.38497807196457 76.98373323327877 144.09985546874992 0 233 2.8329 0.0 8.181805246746432 0.0 4.0 
1862 10683114.0 90.38167423590076 76.98373323327877 144.09985546874992 0 233 2.8329 0.0 8.181805246746432 0.0 4.0 
1863 10683147.3 90.38167423590076 76.98373323327877 144.09985546874992 0 233 2.8329 0.0 8.181805246746432 0.0 4.0 
1864 10683180.7 90.38167423590076 76.98373323327877 144.09985546874992 0 233 2.8329 0.0 8.181805246746432 0.0 4.0 
1865 10683214.0 90.38513876870124 76.98373323327877 144.09985546874992 0 233 2.8329 0.0 8.181805246746432 0.0 4.0 
1866 10683247.3 90.38513876870124 76.98644498643966 144.09985546874992 0 233 2.8329 0.0 8.181805246746432 0.0 4.0 
1867 10683280.7 90.38513876870124 76.98644498643966 144.09985546874992 0 233 2.8329 0.0 8.181805246746432 0.0 4.0 
1868 10683314.0 90.39992952355364 76.99133252395546 144.09985546874992 0 233 2.8329 0.0 8.181805246746432 0.0 4.0 
1869 10683347.3 90.39992952355364 76.99133252395546 144.09985546874992 0 233 2.8329 0.0 8.181805246746432 0.0 4.0 
1870 10683380.7 90.39992952355364 76.99133252395546 144.09985546874992 0 233 2.8329 0.0 8.181805246746432 0.0 4.0 
1871 10683414.0 90.41917986218667 76.99581501685472 144.09985546874992 0 233 2.8329 0.0 8.181805246746432 0.0 4.0 
1872 10683447.3 90.41917986218667 76.99581501685472 144.09985546874992 0 233 2.8329 0.0 8.181805246746432 0.0 4.0 
1873 10683480.7 90.41917986218667 76.99581501685472 144.09985546874992 0 233 2.8329 0.0 8.181805246746432 0.0 4.0 
1874 10683514.0 90.42566583064863 76.99581501685472 144.09985546874992 0 233 2.8329 0.0 8.181805246746432 0.0 4.0 
1875 10683547.3 90.42566583064863 76.99699144001555 144.09985546874992 0 233 2.8329 0.0 8.181805246746432 0.0 4.0 
1876 10683580.7 90.42566583064863 76.99699144001555 144.09985546874992 0 233 2.8329 0.0 8.181805246746432 0.0 4.0 
1877 10683614.0 90.42566583064863 76.99242702803005 144.09985546874992 0 233 2.8329 0.0 8.181805246746432 0.0 4.0 
1878 10683647.4 90.42566583064863 76.99242702803005 144.09985546874992 0 233 2.8329 0.0 8.181805246746432 0.0 4.0 
1879 10683680.7 90.42566583064863 76.98701965097685 144.09985546874992 0 233 2.8329 0.0 8.181805246746432 0.0 4.0 
1880 10683714.0 90.42566583064863 76.98701965097685 144.09985546874992 0 233 2.8329 0.0 8.181805246746432 0.0 4.0 
1881 10683747.4 90.42566583064863 76.98701965097685 144.09985546874992 0 233 2.8329 0.0 8.181805246746432 0.0 4.0 
1882 10683780.7 90.42566583064863 76.9828123384741 144.09985546874992 0 233 2.8329 0.0 8.181805246746432 0.0 4.0 
1883 10683814.0 90.42566583064863 76.9828123384741 144.09985546874992 0 233 2.8329 0.0 8.181805246746432 0.0 4.0 
1884 10683847.4 90.42566583064863 76.9828123384741 144.09985546874992 0 233 2.8329 0.0 8.181805246746432 0.0 4.0 
1885 10683880.7 90.42875842691535 76.9828123384741 144.09985546874992 0 233 2.8329 0.0 8.181805246746432 0.0 4.0 
1886 10683914.0 90.42875842691535 76.98131578251021 144.09985546874992 0 233 2.8329 0.0 8.181805246746432 0.0 4.0 
1887 10683947.4 90.42875842691535 76.98131578251021 144.09985546874992 0 233 2.8329 0.0 8.181805246746432 0.0 4.0 
1888 10683980.7 90.42875842691535 76.98131578251021 144.09985546874992 0 233 2.8329 0.0 8.181805246746432 0.0 4.0 
1889 10684014.1 90.43517122427714 76.98131578251021 144.09985546874992 0 233 2.8329 0.0 8.181805246746432 0.0 4.0 
1890 10684047.4 90.43517122427714 76.98374115888491 144.09985546874992 0 233 2.8329 0.0 8.181805246746432 0.0 4.0 
1891 10684080.7 90.43517122427714 76.98374115888491 144.09985546874992 0 233 2.8329 0.0 8.181805246746432 0.0 4.0 
1892 10684114.1 90.43517122427714 76.98374115888491 144.09985546874992 0 233 2.8329 0.0 8.181805246746432 0.0 4.0 
1893 10684147.4 90.43937911270737 76.98757300139364 144.09985546874992 0 233 2.8329 0.0 8.181805246746432 0.0 4.0 
1894 10684180.7 90.43937911270737 76.98757300139364 144.09985546874992 0 233 2.8329 0.0 8.181805246746432 0.0 4.0 
1895 10684214.1 90.43937911270737 76.98757300139364 144.09985546874992 0 233 2.8329 0.0 8.181805246746432 0.0 4.0 
1896 10684247.4 90.43937911270737 76.98757300139364 144.09985546874992 0 233 2.8329 0.0 8.181805246746432 0.0 4.0 
1897 10684280.7 90.44149812764162 76.98757300139364 144.09985546874992 0 233 2.8329 0.0 8.181805246746432 0.0 4.0 
1898 10684314.1 90.44149812764162 76.99067862668682 144.09985546874992 0 233 2.8329 0.0 8.181805246746432 0.0 4.0 
1899 10684347.4 90.44149812764162 76.99067862668682 144.09985546874992 0 233 2.8329 0.0 8.181805246746432 0.0 4.0 
1900 10684380.7 90.44149812764162 76.99067862668682 144.09985546874992 0 233 2.8329 0.0 8.181805246746432 0.0 4.0 
1901 10684414.1 90.45130588547931 76.99067862668682 144.09985546874992 0 233 2.8329 0.0 8.181805246746432 0.0 4.0 
1902 10684447.4 90.45130588547931 76.99487898307368 144.09985546874992 0 233 2.8329 0.0 8.181805246746432 0.0 4.0 
1903 10684480.8 90.45130588547931 76.99487898307368 144.09985546874992 0 233 2.8329 0.0 8.181805246746432 0.0 4.0 
1904 10684514.1 90.45130588547931 76.99487898307368 144.09985546874992 0 233 2.8329 0.0 8.181805246746432 0.0 4.0 
1905 10684547.4 90.45130588547931 76.99487898307368 144.09985546874992 0 233 2.8329 0.0 8.181805246746432 0.0 4.0 
1906 10684580.8 90.45337294616122 76.99487898307368 144.09985546874992 0 233 2.8329 0.0 8.181805246746432 0.0 4.0 
1907 10684614.1 90.45337294616122 76.99487898307368 144.09985546874992 0 233 2.8329 0.0 8.181805246746432 0.0 4.0 
1908 10684647.4 90.45337294616122 76.99487898307368 144.09985546874992 0 233 2.8329 0.0 8.181805246746432 0.0 4.0 
1909 10684680.8 90.45337294616122 76.99487898307368 144.09985546874992 0 233 2.8329 0.0 8.181805246746432 0.0 4.0 
1910 10684714.1 90.45140795436907 76.99487898307368 144.09985546874992 0 233 2.8329 0.0 8.181805246746432 0.0 4.0 
1911 10684747.4 90.45140795436907 76.99487898307368 144.09985546874992 0 233 2.8329 0.0 8.181805246746432 0.0 4.0 
1912 10684780.8 90.44297647974096 76.99487898307368 144.09985546874992 0 233 2.8329 0.0 8.181805246746432 0.0 4.0 
1913 10684814.1 90.44297647974096 76.99256716478119 144.09985546874992 0 233 2.8329 0.0 8.181805246746432 0.0 4.0 
1914 10684847.5 90.44297647974096 76.99256716478119 144.09985546874992 0 233 2.8329 0.0 8.181805246746432 0.0 4.0 
1915 10684880.8 90.44297647974096 76.99256716478119 144.09985546874992 0 233 2.8329 0.0 8.181805246746432 0.0 4.0 
1916 10684914.1 90.43191783655054 76.98968350963743 144.09985546874992 0 233 2.8329 0.0 8.181805246746432 0.0 4.0 
1917 10684947.5 90.43191783655054 76.98968350963743 144.09985546874992 0 233 2.8329 0.0 8.181805246746432 0.0 4.0 
1918 10684980.8 90.43191783655054 76.98968350963743 144.09985546874992 0 233 2.8329 0.0 8.181805246746432 0.0 4.0 
1919 10685014.1 90.43191783655054 76.98968350963743 144.09985546874992 0 233 2.8329 0.0 8.181805246746432 0.0 4.0 
1920 10685047.5 90.41788960909108 76.98968350963743 144.09985546874992 0 233 2.8329 0.0 8.181805246746432 0.0 4.0 
1921 10685080.8 90.41788960909108 76.98665187074721 144.09985546874992 0 233 2.8329 0.0 8.181805246746432 0.0 4.0 
1922 10685114.1 90.41788960909108 76.98665187074721 144.09985546874992 0 233 2.8329 0.0 8.181805246746432 0.0 4.0 
1923 10685147.5 90.40369416604973 76.98665187074721 144.09985546874992 0 233 2.8329 0.0 8.181805246746432 0.0 4.0 
1924 10685180.8 90.40369416604973 76.98300253581769 144.09985546874992 0 233 2.8329 0.0 8.181805246746432 0.0 4.0 
1925 10685214.1 90.40369416604973 76.98300253581769 144.09985546874992 0 233 2.8329 0.0 8.181805246746432 0.0 4.0 
1926 10685247.5 90.40369416604973 76.98300253581769 144.09985546874992 0 233 2.8329 0.0 8.181805246746432 0.0 4.0 
1927 10685280.8 90.39025797021367 76.97883456988247 144.09985546874992 0 233 2.8329 0.0 8.181805246746432 0.0 4.0 
1928 10685314.2 90.39025797021367 76.97883456988247 144.09985546874992 0 233 2.8329 0.0 8.181805246746432 0.0 4.0 
1929 10685347.5 90.39025797021367 76.97883456988247 144.09985546874992 0 233 2.8329 0.0 8.181805246746432 0.0 4.0 
1930 10685380.8 90.39025797021367 76.97883456988247 144.09985546874992 0 233 2.8329 0.0 8.181805246746432 0.0 4.0 
1931 10685414.2 90.37350246400986 76.97312569710566 144.09985546874992 0 233 2.8329 0.0 8.181805246746432 0.0 4.0 
1932 10685447.5 90.37350246400986 76.97312569710566 144.09985546874992 0 233 2.8329 0.0 8.181805246746432 0.0 4.0 
1933 10685480.8 90.37350246400986 76.97312569710566 144.09985546874992 0 233 2.8329 0.0 8.181805246746432 0.0 4.0 
1934 10685514.2 90.37350246400986 76.97312569710566 144.09985546874992 0 233 2.8329 0.0 8.181805246746432 0.0 4.0 
1935 10685547.5 90.35916526652264 76.97312569710566 144.09985546874992 0 233 2.8329 0.0 8.181805246746432 0.0 4.0 
1936 10685580.8 90.35916526652264 76.96722187182168 144.09985546874992 0 233 2.8329 0.0 8.181805246746432 0.0 4.0 
1937 10685614.2 90.35916526652264 76.96722187182168 144.09985546874992 0 233 2.8329 0.0 8.181805246746432 0.0 4.0 
1938 10685647.5 90.34409460004761 76.95693126730737 144.09985546874992 0 233 2.8329 0.0 8.181805246746432 0.0 4.0 
1939 10685680.9 90.34409460004761 76.95693126730737 144.09985546874992 0 233 2.8329 0.0 8.181805246746432 0.0 4.0 
1940 10685714.2 90.34409460004761 76.95693126730737 144.09985546874992 0 233 2.8329 0.0 8.181805246746432 0.0 4.0 
1941 10685747.5 90.34409460004761 76.95693126730737 144.09985546874992 0 233 2.8329 0.0 8.181805246746432 0.0 4.0 
1942 10685780.9 90.33478289725842 76.95693126730737 144.09985546874992 0 233 2.8329 0.0 8.181805246746432 0.0 4.0 
1943 10685814.2 90.33478289725842 76.94960428832599 144.09985546874992 0 233 2.8329 0.0 8.181805246746432 0.0 4.0 
1944 10685847.5 90.33478289725842 76.94960428832599 144.09985546874992 0 233 2.8329 0.0 8.181805246746432 0.0 4.0 
1945 10685880.9 90.32388544960449 76.94960428832599 144.09985546874992 0 233 2.8329 0.0 8.181805246746432 0.0 4.0 
1946 10685914.2 90.32388544960449 76.93727818903788 144.09985546874992 0 233 2.8329 0.0 8.181805246746432 0.0 4.0 
1947 10685947.5 90.32388544960449 76.93727818903788 144.09985546874992 0 233 2.8329 0.0 8.181805246746432 0.0 4.0 
1948 10685980.9 90.32388544960449 76.93727818903788 144.09985546874992 0 233 2.8329 0.0 8.181805246746432 0.0 4.0 
1949 10686014.2 90.31731177629273 76.93727818903788 144.09985546874992 0 233 2.8329 0.0 8.181805246746432 0.0 4.0 
1950 10686047.5 90.31731177629273 76.92659967810705 144.09985546874992 0 233 2.8329 0.0 8.181805246746432 0.0 4.0 
1951 10686080.9 90.31731177629273 76.92659967810705 144.09985546874992 0 233 2.8329 0.0 8.181805246746432 0.0 4.0 
1952 10686114.2 90.31157535431502 76.91391367568112 144.09985546874992 0 233 2.8329 0.0 8.181805246746432 0.0 4.0 
1953 10686147.6 90.31157535431502 76.91391367568112 144.09985546874992 0 233 2.8329 0.0 8.181805246746432 0.0 4.0 
1954 10686180.9 90.31157535431502 76.91391367568112 144.09985546874992 0 233 2.8329 0.0 8.181805246746432 0.0 4.0 
1955 10686214.2 90.30778933768052 76.90361215086122 144.09985546874992 0 233 2.8329 0.0 8.181805246746432 0.0 4.0 
1956 10686247.6 90.30778933768052 76.90361215086122 144.09985546874992 0 233 2.8329 0.0 8.181805246746432 0.0 4.0 
1957 10686280.9 90.30778933768052 76.90361215086122 144.09985546874992 0 233 2.8329 0.0 8.181805246746432 0.0 4.0 
1958 10686314.2 90.30778933768052 76.90361215086122 144.09985546874992 0 233 2.8329 0.0 8.181805246746432 0.0 4.0 
1959 10686347.6 90.30258335679618 76.90361215086122 144.09985546874992 0 233 2.8329 0.0 8.181805246746432 0.0 4.0 
1960 10686380.9 90.30258335679618 76.88318533484197 144.09985546874992 0 233 2.8329 0.0 8.181805246746432 0.0 4.0 
1961 10686414.2 90.30258335679618 76.88318533484197 144.09985546874992 0 233 2.8329 0.0 8.181805246746432 0.0 4.0 
1962 10686447.6 90.2995090278187 76.87215035606408 144.09985546874992 0 233 2.8329 0.0 8.181805246746432 0.0 4.0 
1963 10686480.9 90.2995090278187 76.87215035606408 144.09985546874992 0 233 2.8329 0.0 8.181805246746432 0.0 4.0 
1964 10686514.3 90.2995090278187 76.87215035606408 144.09985546874992 0 233 2.8329 0.0 8.181805246746432 0.0 4.0 
1965 10686547.6 90.2995090278187 76.87215035606408 144.09985546874992 0 233 2.8329 0.0 8.181805246746432 0.0 4.0 
1966 10686580.9 90.29582376402197 76.87215035606408 144.09985546874992 0 233 2.8329 0.0 8.181805246746432 0.0 4.0 
1967 10686614.3 90.29582376402197 76.8594506309541 144.09985546874992 0 233 2.8329 0.0 8.181805246746432 0.0 4.0 
1968 10686647.6 90.29582376402197 76.8594506309541 144.09985546874992 0 233 2.8329 0.0 8.181805246746432 0.0 4.0 
1969 10686680.9 90.29354989281914 76.8594506309541 144.09985546874992 0 233 2.8329 0.0 8.181805246746432 0.0 4.0 
1970 10686714.3 90.29354989281914 76.85215432534945 144.09985546874992 0 233 2.8329 0.0 8.181805246746432 0.0 4.0 
1971 10686747.6 90.29354989281914 76.85215432534945 144.09985546874992 0 233 2.8329 0.0 8.181805246746432 0.0 4.0 
1972 10686780.9 90.29249850192407 76.85215432534945 144.09985546874992 0 233 2.8329 0.0 8.181805246746432 0.0 4.0 
1973 10686814.3 90.29249850192407 76.84347020733848 144.09985546874992 0 233 2.8329 0.0 8.181805246746432 0.0 4.0 
1974 10686847.6 90.29249850192407 76.84347020733848 144.09985546874992 0 233 2.8329 0.0 8.181805246746432 0.0 4.0 
1975 10686880.9 90.29249850192407 76.84347020733848 144.09985546874992 0 233 2.8329 0.0 8.181805246746432 0.0 4.0 
1976 10686914.3 90.29249850192407 76.8310094528464 144.09985546874992 0 233 2.8329 0.0 8.181805246746432 0.0 4.0 
1977 10686947.6 90.29249850192407 76.8310094528464 144.09985546874992 0 233 2.8329 0.0 8.181805246746432 0.0 4.0 
1978 10686981.0 90.29074545333702 76.8310094528464 144.09985546874992 0 233 2.8329 0.0 8.181805246746432 0.0 4.0 
1979 10687014.3 90.29074545333702 76.81930135379415 144.09985546874992 0 233 2.8329 0.0 8.181805246746432 0.0 4.0 
1980 10687047.6 90.29074545333702 76.81930135379415 144.09985546874992 0 233 2.8329 0.0 8.181805246746432 0.0 4.0 
1981 10687081.0 90.29074545333702 76.81930135379415 144.09985546874992 0 233 2.8329 0.0 8.181805246746432 0.0 4.0 
1982 10687114.3 90.29074545333702 76.80833578619989 144.09985546874992 0 233 2.8329 0.0 8.181805246746432 0.0 4.0 
1983 10687147.6 90.29074545333702 76.80833578619989 144.09985546874992 0 233 2.8329 0.0 8.181805246746432 0.0 4.0 
1984 10687181.0 90.29074545333702 76.80833578619989 144.09985546874992 0 233 2.8329 0.0 8.181805246746432 0.0 4.0 
1985 10687214.3 90.29074545333702 76.79201521652078 144.09985546874992 0 233 2.8329 0.0 8.181805246746432 0.0 4.0 
1986 10687247.6 90.29074545333702 76.79201521652078 144.09985546874992 0 233 2.8329 0.0 8.181805246746432 0.0 4.0 
1987 10687281.0 90.29074545333702 76.79201521652078 144.09985546874992 0 233 2.8329 0.0 8.181805246746432 0.0 4.0 
1988 10687314.3 90.29074545333702 76.79201521652078 144.09985546874992 0 233 2.8329 0.0 8.181805246746432 0.0 4.0 
1989 10687347.7 90.28924082219466 76.77369544183492 144.09985546874992 0 233 2.8329 0.0 8.181805246746432 0.0 4.0 
1990 10687381.0 90.28924082219466 76.77369544183492 144.09985546874992 0 233 2.8329 0.0 8.181805246746432 0.0 4.0 
1991 10687414.3 90.28924082219466 76.77369544183492 144.09985546874992 0 233 2.8329 0.0 8.181805246746432 0.0 4.0 
1992 10687447.7 90.28795900237027 76.77369544183492 144.09985546874992 0 233 2.8329 0.0 8.181805246746432 0.0 4.0 
1993 10687481.0 90.28795900237027 76.7641200692724 144.09985546874992 0 233 2.8329 0.0 8.181805246746432 0.0 4.0 
1994 10687514.3 90.28795900237027 76.7641200692724 144.09985546874992 0 233 2.8329 0.0 8.181805246746432 0.0 4.0 
1995 10687547.7 90.28795900237027 76.7641200692724 144.09985546874992 0 233 2.8329 0.0 8.181805246746432 0.0 4.0 
1996 10687581.0 90.28321241945491 76.7641200692724 144.09985546874992 0 233 2.8329 0.0 8.181805246746432 0.0 4.0 
1997 10687614.3 90.28321241945491 76.74777339181121 144.09985546874992 0 233 2.8329 0.0 8.181805246746432 0.0 4.0 
1998 10687647.7 90.28321241945491 76.74777339181121 144.09985546874992 0 233 2.8329 0.0 8.181805246746432 0.0 4.0 
1999 10687681.0 90.27999770533971 76.73960012347429 144.09985546874992 0 233 2.8329 0.0 8.181805246746432 0.0 4.0 
2000 10687714.3 90.27999770533971 76.73960012347429 144.09985546874992 0 233 2.8329 0.0 8.181805246746432 0.0 4.0 
2001 10687747.7 90.27999770533971 76.73960012347429 144.09985546874992 0 233 2.8329 0.0 8.181805246746432 0.0 4.0 
2002 10687781.0 90.27999770533971 76.73960012347429 144.09985546874992 0 233 2.8329 0.0 8.181805246746432 0.0 4.0 
2003 10687814.4 90.27999770533971 76.73960012347429 144.09985546874992 0 233 2.8329 0.0 8.181805246746432 0.0 4.0 
2004 10687847.7 90.27384377199424 76.72656510208903 144.09985546874992 0 233 2.8329 0.0 8.181805246746432 0.0 4.0 
2005 10687881.0 90.27384377199424 76.72656510208903 144.09985546874992 0 233 2.8329 0.0 8.181805246746432 0.0 4.0 
2006 10687914.4 90.27384377199424 76.72656510208903 144.09985546874992 0 233 2.8329 0.0 8.181805246746432 0.0 4.0 
2007 10687947.7 90.27384377199424 76.72656510208903 144.09985546874992 0 233 2.8329 0.0 8.181805246746432 0.0 4.0 
2008 10687981.0 90.26146947433496 76.71358269352211 144.09985546874992 0 233 2.8329 0.0 8.181805246746432 0.0 4.0 
2009 10688014.4 90.26146947433496 76.71358269352211 144.09985546874992 0 233 2.8329 0.0 8.181805246746432 0.0 4.0 
2010 10688047.7 90.26146947433496 76.71358269352211 144.09985546874992 0 233 2.8329 0.0 8.181805246746432 0.0 4.0 
2011 10688081.0 90.26146947433496 76.71358269352211 144.09985546874992 0 233 2.8329 0.0 8.181805246746432 0.0 4.0 
2012 10688114.4 90.24317405100707 76.71358269352211 144.09985546874992 0 233 2.8329 0.0 8.181805246746432 0.0 4.0 
2013 10688147.7 90.24317405100707 76.69581809573243 144.09985546874992 0 233 2.8329 0.0 8.181805246746432 0.0 4.0 
2014 10688181.1 90.24317405100707 76.69581809573243 144.09985546874992 0 233 2.8329 0.0 8.181805246746432 0.0 4.0 
2015 10688214.4 90.23559210635923 76.69581809573243 144.09985546874992 0 233 2.8329 0.0 8.181805246746432 0.0 4.0 
2016 10688247.7 90.23559210635923 76.68770648805565 144.09985546874992 0 233 2.8329 0.0 8.181805246746432 0.0 4.0 
2017 10688281.1 90.23559210635923 76.68770648805565 144.09985546874992 0 233 2.8329 0.0 8.181805246746432 0.0 4.0 
2018 10688314.4 90.23559210635923 76.68770648805565 144.09985546874992 0 233 2.8329 0.0 8.181805246746432 0.0 4.0 
2019 10688347.7 90.22651115098601 76.68206795463158 144.09985546874992 0 233 2.8329 0.0 8.181805246746432 0.0 4.0 
2020 10688381.1 90.22651115098601 76.68206795463158 144.09985546874992 0 233 2.8329 0.0 8.181805246746432 0.0 4.0 
2021 10688414.4 90.22651115098601 76.68206795463158 144.09985546874992 0 233 2.8329 0.0 8.181805246746432 0.0 4.0 
2022 10688447.7 90.21680475015296 76.68206795463158 144.09985546874992 0 233 2.8329 0.0 8.181805246746432 0.0 4.0 
2023 10688481.1 90.21680475015296 76.66763740307599 144.09985546874992 0 233 2.8329 0.0 8.181805246746432 0.0 4.0 
2024 10688514.4 90.21680475015296 76.66763740307599 144.09985546874992 0 233 2.8329 0.0 8.181805246746432 0.0 4.0 
2025 10688547.7 90.21680475015296 76.66763740307599 144.09985546874992 0 233 2.8329 0.0 8.181805246746432 0.0 4.0 
2026 10688581.1 90.21235385433464 76.66763740307599 144.09985546874992 0 233 2.8329 0.0 8.181805246746432 0.0 4.0 
2027 10688614.4 90.21235385433464 76.6620624953991 144.09985546874992 0 233 2.8329 0.0 8.181805246746432 0.0 4.0 
2028 10688647.8 90.21235385433464 76.6620624953991 144.09985546874992 0 233 2.8329 0.0 8.181805246746432 0.0 4.0 
2029 10688681.1 90.21235385433464 76.6620624953991 144.09985546874992 0 233 2.8329 0.0 8.181805246746432 0.0 4.0 
2030 10688714.4 90.20801423869838 76.65901022195746 144.09985546874992 0 233 2.8329 0.0 8.181805246746432 0.0 4.0 
2031 10688747.8 90.20801423869838 76.65901022195746 144.09985546874992 0 233 2.8329 0.0 8.181805246746432 0.0 4.0 
2032 10688781.1 90.20801423869838 76.65901022195746 144.09985546874992 0 233 2.8329 0.0 8.181805246746432 0.0 4.0 
2033 10688814.4 90.20801423869838 76.65901022195746 144.09985546874992 0 233 2.8329 0.0 8.181805246746432 0.0 4.0 
2034 10688847.8 90.2014562819363 76.65901022195746 144.09985546874992 0 233 2.8329 0.0 8.181805246746432 0.0 4.0 
2035 10688881.1 90.2014562819363 76.6555460595323 144.09985546874992 0 233 2.8329 0.0 8.181805246746432 0.0 4.0 
2036 10688914.4 90.2014562819363 76.6555460595323 144.09985546874992 0 233 2.8329 0.0 8.181805246746432 0.0 4.0 
2037 10688947.8 90.18489688351073 76.6555460595323 144.09985546874992 0 233 2.8329 0.0 8.181805246746432 0.0 4.0 
2038 10688981.1 90.18489688351073 76.65024823782781 144.09985546874992 0 233 2.8329 0.0 8.181805246746432 0.0 4.0 
2039 10689014.5 90.18489688351073 76.65024823782781 144.09985546874992 0 233 2.8329 0.0 8.181805246746432 0.0 4.0 
2040 10689047.8 90.18489688351073 76.65024823782781 144.09985546874992 0 233 2.8329 0.0 8.181805246746432 0.0 4.0 
2041 10689081.1 90.176302919379 76.64850477168234 144.09985546874992 0 233 2.8329 0.0 8.181805246746432 0.0 4.0 
2042 10689114.5 90.176302919379 76.64850477168234 144.09985546874992 0 233 2.8329 0.0 8.181805246746432 0.0 4.0 
2043 10689147.8 90.176302919379 76.64850477168234 144.09985546874992 0 233 2.8329 0.0 8.181805246746432 0.0 4.0 
2044 10689181.1 90.176302919379 76.64850477168234 144.09985546874992 0 233 2.8329 0.0 8.181805246746432 0.0 4.0 
2045 10689214.5 90.16487160148775 76.64850477168234 144.09985546874992 0 233 2.8329 0.0 8.181805246746432 0.0 4.0 
2046 10689247.8 90.16487160148775 76.64850477168234 144.09985546874992 0 233 2.8329 0.0 8.181805246746432 0.0 4.0 
2047 10689281.1 90.16487160148775 76.64850477168234 144.09985546874992 0 233 2.8329 0.0 8.181805246746432 0.0 4.0 
2048 10689314.5 90.16487160148775 76.64850477168234 144.09985546874992 0 233 2.8329 0.0 8.181805246746432 0.0 4.0 
2049 10689347.8 90.15414331957314 76.64850477168234 144.09985546874992 0 233 2.8329 0.0 8.181805246746432 0.0 4.0 
2050 10689381.1 90.15414331957314 76.64850477168234 144.09985546874992 0 233 2.8329 0.0 8.181805246746432 0.0 4.0 
2051 10689414.5 90.15414331957314 76.64850477168234 144.09985546874992 0 233 2.8329 0.0 8.181805246746432 0.0 4.0 
2052 10689447.8 90.14586370308254 76.64512198296701 144.09985546874992 0 233 2.8329 0.0 8.181805246746432 0.0 4.0 
2053 10689481.2 90.14586370308254 76.64512198296701 144.09985546874992 0 233 2.8329 0.0 8.181805246746432 0.0 4.0 
2054 10689514.5 90.14586370308254 76.64512198296701 144.09985546874992 0 233 2.8329 0.0 8.181805246746432 0.0 4.0 
2055 10689547.8 90.1412319800114 76.64512198296701 144.09985546874992 0 233 2.8329 0.0 8.181805246746432 0.0 4.0 
2056 10689581.2 90.1412319800114 76.64195957739919 144.09985546874992 0 233 2.8329 0.0 8.181805246746432 0.0 4.0 
2057 10689614.5 90.1412319800114 76.64195957739919 144.09985546874992 0 233 2.8329 0.0 8.181805246746432 0.0 4.0 
2058 10689647.8 90.13575667812803 76.64195957739919 144.09985546874992 0 233 2.8329 0.0 8.181805246746432 0.0 4.0 
2059 10689681.2 90.13575667812803 76.64032651494915 144.09985546874992 0 233 2.8329 0.0 8.181805246746432 0.0 4.0 
2060 10689714.5 90.13575667812803 76.64032651494915 144.09985546874992 0 233 2.8329 0.0 8.181805246746432 0.0 4.0 
2061 10689747.8 90.13575667812803 76.64032651494915 144.09985546874992 0 233 2.8329 0.0 8.181805246746432 0.0 4.0 
2062 10689781.2 90.13447892310356 76.64032651494915 144.09985546874992 0 233 2.8329 0.0 8.181805246746432 0.0 4.0 
2063 10689814.5 90.13447892310356 76.64032651494915 144.09985546874992 0 233 2.8329 0.0 8.181805246746432 0.0 4.0 
2064 10689847.9 90.13447892310356 76.64032651494915 144.09985546874992 0 233 2.8329 0.0 8.181805246746432 0.0 4.0 
2065 10689881.2 90.12684278992973 76.64032651494915 144.09985546874992 0 233 2.8329 0.0 8.181805246746432 0.0 4.0 
2066 10689914.5 90.12684278992973 76.64032651494915 144.09985546874992 0 233 2.8329 0.0 8.181805246746432 0.0 4.0 
2067 10689947.9 90.12684278992973 76.64032651494915 144.09985546874992 0 233 2.8329 0.0 8.181805246746432 0.0 4.0 
2068 10689981.2 90.11515809847079 76.64032651494915 144.09985546874992 0 233 2.8329 0.0 8.181805246746432 0.0 4.0 
2069 10690014.5 90.11515809847079 76.64032651494915 144.09985546874992 0 233 2.8329 0.0 8.181805246746432 0.0 4.0 
2070 10690047.9 90.10620661017846 76.64032651494915 144.09985546874992 0 233 2.8329 0.0 8.181805246746432 0.0 4.0 
2071 10690081.2 90.10620661017846 76.6370094060625 144.09985546874992 0 233 2.8329 0.0 8.181805246746432 0.0 4.0 
2072 10690114.5 90.10620661017846 76.6370094060625 144.09985546874992 0 233 2.8329 0.0 8.181805246746432 0.0 4.0 
2073 10690147.9 90.0978899993437 76.6370094060625 144.09985546874992 0 233 2.8329 0.0 8.181805246746432 0.0 4.0 
2074 10690181.2 90.0978899993437 76.63077710148431 144.09985546874992 0 233 2.8329 0.0 8.181805246746432 0.0 4.0 
2075 10690214.5 90.0978899993437 76.63077710148431 144.09985546874992 0 233 2.8329 0.0 8.181805246746432 0.0 4.0 
2076 10690247.9 90.09268588183102 76.62705372029679 144.09985546874992 0 233 2.8329 0.0 8.181805246746432 0.0 4.0 
2077 10690281.2 90.09268588183102 76.62705372029679 144.09985546874992 0 233 2.8329 0.0 8.181805246746432 0.0 4.0 
2078 10690314.6 90.09268588183102 76.62705372029679 144.09985546874992 0 233 2.8329 0.0 8.181805246746432 0.0 4.0 
2079 10690347.9 90.09268588183102 76.62705372029679 144.09985546874992 0 233 2.8329 0.0 8.181805246746432 0.0 4.0 
2080 10690381.2 90.08687461548112 76.62705372029679 144.09985546874992 0 233 2.8329 0.0 8.181805246746432 0.0 4.0 
2081 10690414.6 90.08687461548112 76.62337167364156 144.09985546874992 0 233 2.8329 0.0 8.181805246746432 0.0 4.0 
2082 10690447.9 90.08687461548112 76.62337167364156 144.09985546874992 0 233 2.8329 0.0 8.181805246746432 0.0 4.0 
2083 10690481.2 90.07663228136092 76.62337167364156 144.09985546874992 0 233 2.8329 0.0 8.181805246746432 0.0 4.0 
2084 10690514.6 90.07663228136092 76.61820514527051 144.09985546874992 0 233 2.8329 0.0 8.181805246746432 0.0 4.0 
2085 10690547.9 90.07663228136092 76.61820514527051 144.09985546874992 0 233 2.8329 0.0 8.181805246746432 0.0 4.0 
2086 10690581.2 90.07663228136092 76.61820514527051 144.09985546874992 0 233 2.8329 0.0 8.181805246746432 0.0 4.0 
2087 10690614.6 90.06588346976945 76.61058324156026 144.09985546874992 0 233 2.8329 0.0 8.181805246746432 0.0 4.0 
2088 10690647.9 90.06588346976945 76.61058324156026 144.09985546874992 0 233 2.8329 0.0 8.181805246746432 0.0 4.0 
2089 10690681.3 90.06588346976945 76.61058324156026 144.09985546874992 0 233 2.8329 0.0 8.181805246746432 0.0 4.0 
2090 10690714.6 90.06588346976945 76.61058324156026 144.09985546874992 0 233 2.8329 0.0 8.181805246746432 0.0 4.0 
2091 10690747.9 90.0576217081426 76.60351219100819 144.09985546874992 0 233 2.8329 0.0 8.181805246746432 0.0 4.0 
2092 10690781.3 90.0576217081426 76.60351219100819 144.09985546874992 0 233 2.8329 0.0 8.181805246746432 0.0 4.0 
2093 10690814.6 90.0576217081426 76.60351219100819 144.09985546874992 0 233 2.8329 0.0 8.181805246746432 0.0 4.0 
2094 10690847.9 90.04876178648809 76.60351219100819 144.09985546874992 0 233 2.8329 0.0 8.181805246746432 0.0 4.0 
2095 10690881.3 90.04876178648809 76.59632456371754 144.09985546874992 0 233 2.8329 0.0 8.181805246746432 0.0 4.0 
2096 10690914.6 90.04876178648809 76.59632456371754 144.09985546874992 0 233 2.8329 0.0 8.181805246746432 0.0 4.0 
2097 10690947.9 90.04494750923216 76.59632456371754 144.09985546874992 0 233 2.8329 0.0 8.181805246746432 0.0 4.0 
2098 10690981.3 90.04494750923216 76.59067844378987 144.09985546874992 0 233 2.8329 0.0 8.181805246746432 0.0 4.0 
2099 10691014.6 90.04494750923216 76.59067844378987 144.09985546874992 0 233 2.8329 0.0 8.181805246746432 0.0 4.0 
2100 10691047.9 90.04123456313357 76.58630504535931 144.09985546874992 0 233 2.8329 0.0 8.181805246746432 0.0 4.0 
2101 10691081.3 90.04123456313357 76.58630504535931 144.09985546874992 0 233 2.8329 0.0 8.181805246746432 0.0 4.0 
2102 10691114.6 90.04123456313357 76.58630504535931 144.09985546874992 0 233 2.8329 0.0 8.181805246746432 0.0 4.0 
2103 10691148.0 90.03647005375493 76.57862413411235 144.09985546874992 0 233 2.8329 0.0 8.181805246746432 0.0 4.0 
2104 10691181.3 90.03647005375493 76.57862413411235 144.09985546874992 0 233 2.8329 0.0 8.181805246746432 0.0 4.0 
2105 10691214.6 90.03647005375493 76.57862413411235 144.09985546874992 0 233 2.8329 0.0 8.181805246746432 0.0 4.0 
2106 10691248.0 90.03304821155433 76.57862413411235 144.09985546874992 0 233 2.8329 0.0 8.181805246746432 0.0 4.0 
2107 10691281.3 90.03304821155433 76.57254262188076 144.09985546874992 0 233 2.8329 0.0 8.181805246746432 0.0 4.0 
2108 10691314.6 90.03304821155433 76.57254262188076 144.09985546874992 0 233 2.8329 0.0 8.181805246746432 0.0 4.0 
2109 10691348.0 90.0292916610839 76.57254262188076 144.09985546874992 0 233 2.8329 0.0 8.181805246746432 0.0 4.0 
2110 10691381.3 90.0292916610839 76.5552505512992 144.09985546874992 0 233 2.8329 0.0 8.181805246746432 0.0 4.0 
2111 10691414.6 90.0292916610839 76.5552505512992 144.09985546874992 0 233 2.8329 0.0 8.181805246746432 0.0 4.0 
2112 10691448.0 90.0292916610839 76.5552505512992 144.09985546874992 0 233 2.8329 0.0 8.181805246746432 0.0 4.0 
2113 10691481.3 90.02649829912329 76.5552505512992 144.09985546874992 0 233 2.8329 0.0 8.181805246746432 0.0 4.0 
2114 10691514.7 90.02649829912329 76.54640759888377 144.09985546874992 0 233 2.8329 0.0 8.181805246746432 0.0 4.0 
2115 10691548.0 90.02649829912329 76.54640759888377 144.09985546874992 0 233 2.8329 0.0 8.181805246746432 0.0 4.0 
2116 10691581.3 90.02649829912329 76.54640759888377 144.09985546874992 0 233 2.8329 0.0 8.181805246746432 0.0 4.0 
2117 10691614.7 90.02174504108635 76.54640759888377 144.09985546874992 0 233 2.8329 0.0 8.181805246746432 0.0 4.0 
2118 10691648.0 90.02174504108635 76.53225254780111 144.09985546874992 0 233 2.8329 0.0 8.181805246746432 0.0 4.0 
2119 10691681.3 90.02174504108635 76.53225254780111 144.09985546874992 0 233 2.8329 0.0 8.181805246746432 0.0 4.0 
2120 10691714.7 90.02174504108635 76.53225254780111 144.09985546874992 0 233 2.8329 0.0 8.181805246746432 0.0 4.0 
2121 10691748.0 90.01999239256601 76.53225254780111 144.09985546874992 0 233 2.8329 0.0 8.181805246746432 0.0 4.0 
2122 10691781.3 90.01999239256601 76.52781844985688 144.09985546874992 0 233 2.8329 0.0 8.181805246746432 0.0 4.0 
2123 10691814.7 90.01999239256601 76.52781844985688 144.09985546874992 0 233 2.8329 0.0 8.181805246746432 0.0 4.0 
2124 10691848.0 90.0183129551606 76.52457336330374 144.09985546874992 0 233 2.8329 0.0 8.181805246746432 0.0 4.0 
2125 10691881.3 90.0183129551606 76.52457336330374 144.09985546874992 0 233 2.8329 0.0 8.181805246746432 0.0 4.0 
2126 10691914.7 90.0183129551606 76.52457336330374 144.09985546874992 0 233 2.8329 0.0 8.181805246746432 0.0 4.0 
2127 10691948.0 90.02155815559179 76.52457336330374 144.09985546874992 0 233 2.8329 0.0 8.181805246746432 0.0 4.0 
2128 10691981.4 90.02155815559179 76.5405823616595 144.09985546874992 0 233 2.8329 0.0 8.181805246746432 0.0 4.0 
2129 10692014.7 90.02155815559179 76.5405823616595 144.09985546874992 0 233 2.8329 0.0 8.181805246746432 0.0 4.0 
2130 10692048.0 90.03152711957004 76.5405823616595 144.09985546874992 0 233 2.8329 0.0 8.181805246746432 0.0 4.0 
2131 10692081.4 90.03152711957004 76.57574854919075 144.09985546874992 0 233 2.8329 0.0 8.181805246746432 0.0 4.0 
2132 10692114.7 90.03152711957004 76.57574854919075 144.09985546874992 0 233 2.8329 0.0 8.181805246746432 0.0 4.0 
2133 10692148.0 90.03152711957004 76.57574854919075 144.09985546874992 0 233 2.8329 0.0 8.181805246746432 0.0 4.0 
2134 10692181.4 90.03152711957004 76.57574854919075 144.09985546874992 0 233 2.8329 0.0 8.181805246746432 0.0 4.0 
2135 10692214.7 90.05102297773523 76.60177341729386 144.09985546874992 0 233 2.8329 0.0 8.181805246746432 0.0 4.0 
2136 10692248.0 90.05102297773523 76.60177341729386 144.09985546874992 0 233 2.8329 0.0 8.181805246746432 0.0 4.0 
2137 10692281.4 90.05102297773523 76.60177341729386 144.09985546874992 0 233 2.8329 0.0 8.181805246746432 0.0 4.0 
2138 10692314.7 90.05102297773523 76.60177341729386 144.09985546874992 0 233 2.8329 0.0 8.181805246746432 0.0 4.0 
2139 10692348.1 90.0778347961801 76.60177341729386 144.09985546874992 0 233 2.8329 0.0 8.181805246746432 0.0 4.0 
2140 10692381.4 90.0778347961801 76.62466719479413 144.09985546874992 0 233 2.8329 0.0 8.181805246746432 0.0 4.0 
2141 10692414.7 90.0778347961801 76.62466719479413 144.09985546874992 0 233 2.8329 0.0 8.181805246746432 0.0 4.0 
2142 10692448.1 90.0778347961801 76.62466719479413 144.09985546874992 0 233 2.8329 0.0 8.181805246746432 0.0 4.0 
2143 10692481.4 90.0778347961801 76.62466719479413 144.09985546874992 0 233 2.8329 0.0 8.181805246746432 0.0 4.0 
2144 10692514.7 90.11253846295007 76.62466719479413 144.09985546874992 0 233 2.8329 0.0 8.181805246746432 0.0 4.0 
2145 10692548.1 90.11253846295007 76.64121190214988 144.09985546874992 0 233 2.8329 0.0 8.181805246746432 0.0 4.0 
2146 10692581.4 90.11253846295007 76.64121190214988 144.09985546874992 0 233 2.8329 0.0 8.181805246746432 0.0 4.0 
2147 10692614.7 90.11253846295007 76.64121190214988 144.09985546874992 0 233 2.8329 0.0 8.181805246746432 0.0 4.0 
2148 10692648.1 90.11253846295007 76.64121190214988 144.09985546874992 0 233 2.8329 0.0 8.181805246746432 0.0 4.0 
2149 10692681.4 90.14308676320795 76.65432253157199 144.09985546874992 0 233 2.8329 0.0 8.181805246746432 0.0 4.0 
2150 10692714.7 90.14308676320795 76.65432253157199 144.09985546874992 0 233 2.8329 0.0 8.181805246746432 0.0 4.0 
2151 10692748.1 90.14308676320795 76.65432253157199 144.09985546874992 0 233 2.8329 0.0 8.181805246746432 0.0 4.0 
2152 10692781.4 90.14308676320795 76.65432253157199 144.09985546874992 0 233 2.8329 0.0 8.181805246746432 0.0 4.0 
2153 10692814.8 90.1770204156741 76.65432253157199 144.09985546874992 0 233 2.8329 0.0 8.181805246746432 0.0 4.0 
2154 10692848.1 90.1770204156741 76.66091341090274 144.09985546874992 0 233 2.8329 0.0 8.181805246746432 0.0 4.0 
2155 10692881.4 90.1770204156741 76.66091341090274 144.09985546874992 0 233 2.8329 0.0 8.181805246746432 0.0 4.0 
2156 10692914.8 90.1770204156741 76.66091341090274 144.09985546874992 0 233 2.8329 0.0 8.181805246746432 0.0 4.0 
2157 10692948.1 90.20643157846719 76.66091341090274 144.09985546874992 0 233 2.8329 0.0 8.181805246746432 0.0 4.0 
2158 10692981.4 90.20643157846719 76.66832335286445 144.09985546874992 0 233 2.8329 0.0 8.181805246746432 0.0 4.0 
2159 10693014.8 90.20643157846719 76.66832335286445 144.09985546874992 0 233 2.8329 0.0 8.181805246746432 0.0 4.0 
2160 10693048.1 90.20643157846719 76.66832335286445 144.09985546874992 0 233 2.8329 0.0 8.181805246746432 0.0 4.0 
2161 10693081.4 90.21711520412471 76.67178474988191 144.09985546874992 0 233 2.8329 0.0 8.181805246746432 0.0 4.0 
2162 10693114.8 90.21711520412471 76.67178474988191 144.09985546874992 0 233 2.8329 0.0 8.181805246746432 0.0 4.0 
2163 10693148.1 90.21711520412471 76.67178474988191 144.09985546874992 0 233 2.8329 0.0 8.181805246746432 0.0 4.0 
2164 10693181.5 90.22465707419748 76.67178474988191 144.09985546874992 0 233 2.8329 0.0 8.181805246746432 0.0 4.0 
2165 10693214.8 90.22465707419748 76.67446568592129 144.09985546874992 0 233 2.8329 0.0 8.181805246746432 0.0 4.0 
2166 10693248.1 90.22465707419748 76.67446568592129 144.09985546874992 0 233 2.8329 0.0 8.181805246746432 0.0 4.0 
2167 10693281.5 90.22894393104416 76.67446568592129 144.09985546874992 0 233 2.8329 0.0 8.181805246746432 0.0 4.0 
2168 10693314.8 90.22894393104416 76.67665438791146 144.09985546874992 0 233 2.8329 0.0 8.181805246746432 0.0 4.0 
2169 10693348.1 90.22894393104416 76.67665438791146 144.09985546874992 0 233 2.8329 0.0 8.181805246746432 0.0 4.0 
2170 10693381.5 90.22894393104416 76.67665438791146 144.09985546874992 0 233 2.8329 0.0 8.181805246746432 0.0 4.0 
2171 10693414.8 90.23472523718611 76.67864847152593 144.09985546874992 0 233 2.8329 0.0 8.181805246746432 0.0 4.0 
2172 10693448.1 90.23472523718611 76.67864847152593 144.09985546874992 0 233 2.8329 0.0 8.181805246746432 0.0 4.0 
2173 10693481.5 90.23472523718611 76.67864847152593 144.09985546874992 0 233 2.8329 0.0 8.181805246746432 0.0 4.0 
2174 10693514.8 90.25417134398666 76.68934825069151 144.09985546874992 0 233 2.8329 0.0 8.181805246746432 0.0 4.0 
2175 10693548.1 90.25417134398666 76.68934825069151 144.09985546874992 0 233 2.8329 0.0 8.181805246746432 0.0 4.0 
2176 10693581.5 90.25417134398666 76.68934825069151 144.09985546874992 0 233 2.8329 0.0 8.181805246746432 0.0 4.0 
2177 10693614.8 90.25417134398666 76.68934825069151 144.09985546874992 0 233 2.8329 0.0 8.181805246746432 0.0 4.0 
2178 10693648.2 90.264215042224 76.68934825069151 144.09985546874992 0 233 2.8329 0.0 8.181805246746432 0.0 4.0 
2179 10693681.5 90.264215042224 76.69477041758527 144.09985546874992 0 233 2.8329 0.0 8.181805246746432 0.0 4.0 
2180 10693714.8 90.264215042224 76.69477041758527 144.09985546874992 0 233 2.8329 0.0 8.181805246746432 0.0 4.0 
2181 10693748.2 90.264215042224 76.69477041758527 144.09985546874992 0 233 2.8329 0.0 8.181805246746432 0.0 4.0 
2182 10693781.5 90.27173073089476 76.70316050587219 144.09985546874992 0 233 2.8329 0.0 8.181805246746432 0.0 4.0 
2183 10693814.8 90.27173073089476 76.70316050587219 144.09985546874992 0 233 2.8329 0.0 8.181805246746432 0.0 4.0 
2184 10693848.2 90.27173073089476 76.70316050587219 144.09985546874992 0 233 2.8329 0.0 8.181805246746432 0.0 4.0 
2185 10693881.5 90.27173073089476 76.70316050587219 144.09985546874992 0 233 2.8329 0.0 8.181805246746432 0.0 4.0 
2186 10693914.8 90.27002970823463 76.70316050587219 144.09985546874992 0 233 2.8329 0.0 8.181805246746432 0.0 4.0 
2187 10693948.2 90.27002970823463 76.70316050587219 144.09985546874992 0 233 2.8329 0.0 8.181805246746432 0.0 4.0 
2188 10693981.5 90.26378223009787 76.70316050587219 144.09985546874992 0 233 2.8329 0.0 8.181805246746432 0.0 4.0 
2189 10694014.9 90.26378223009787 76.69936493971557 144.09985546874992 0 233 2.8329 0.0 8.181805246746432 0.0 4.0 
2190 10694048.2 90.26378223009787 76.69936493971557 144.09985546874992 0 233 2.8329 0.0 8.181805246746432 0.0 4.0 
2191 10694081.5 90.26378223009787 76.69936493971557 144.09985546874992 0 233 2.8329 0.0 8.181805246746432 0.0 4.0 
2192 10694114.9 90.25223719548485 76.69936493971557 144.09985546874992 0 233 2.8329 0.0 8.181805246746432 0.0 4.0 
2193 10694148.2 90.25223719548485 76.68914585971712 144.09985546874992 0 233 2.8329 0.0 8.181805246746432 0.0 4.0 
2194 10694181.5 90.25223719548485 76.68914585971712 144.09985546874992 0 233 2.8329 0.0 8.181805246746432 0.0 4.0 
2195 10694214.9 90.23543044793053 76.67873774937746 144.09985546874992 0 233 2.8329 0.0 8.181805246746432 0.0 4.0 
2196 10694248.2 90.23543044793053 76.67873774937746 144.09985546874992 0 233 2.8329 0.0 8.181805246746432 0.0 4.0 
2197 10694281.5 90.23543044793053 76.67873774937746 144.09985546874992 0 233 2.8329 0.0 8.181805246746432 0.0 4.0 
2198 10694314.9 90.23543044793053 76.67873774937746 144.09985546874992 0 233 2.8329 0.0 8.181805246746432 0.0 4.0 
2199 10694348.2 90.21891551203957 76.67457752792592 144.09985546874992 0 233 2.8329 0.0 8.181805246746432 0.0 4.0 
2200 10694381.5 90.21891551203957 76.67457752792592 144.09985546874992 0 233 2.8329 0.0 8.181805246746432 0.0 4.0 
2201 10694414.9 90.21891551203957 76.67457752792592 144.09985546874992 0 233 2.8329 0.0 8.181805246746432 0.0 4.0 
2202 10694448.2 90.20343269638809 76.67457752792592 144.09985546874992 0 233 2.8329 0.0 8.181805246746432 0.0 4.0 
2203 10694481.6 90.20343269638809 76.67140858918997 144.09985546874992 0 233 2.8329 0.0 8.181805246746432 0.0 4.0 
2204 10694514.9 90.20343269638809 76.67140858918997 144.09985546874992 0 233 2.8329 0.0 8.181805246746432 0.0 4.0 
2205 10694548.2 90.18612371722142 76.67140858918997 144.09985546874992 0 233 2.8329 0.0 8.181805246746432 0.0 4.0 
2206 10694581.6 90.18612371722142 76.67140858918997 144.09985546874992 0 233 2.8329 0.0 8.181805246746432 0.0 4.0 
2207 10694614.9 90.18612371722142 76.67140858918997 144.09985546874992 0 233 2.8329 0.0 8.181805246746432 0.0 4.0 
2208 10694648.2 90.17818156543396 76.67140858918997 144.09985546874992 0 233 2.8329 0.0 8.181805246746432 0.0 4.0 
2209 10694681.6 90.17818156543396 76.66939590983988 144.09985546874992 0 233 2.8329 0.0 8.181805246746432 0.0 4.0 
2210 10694714.9 90.17818156543396 76.66939590983988 144.09985546874992 0 233 2.8329 0.0 8.181805246746432 0.0 4.0 
2211 10694748.2 90.16452935912302 76.66939590983988 144.09985546874992 0 233 2.8329 0.0 8.181805246746432 0.0 4.0 
2212 10694781.6 90.16452935912302 76.66939590983988 144.09985546874992 0 233 2.8329 0.0 8.181805246746432 0.0 4.0 
2213 10694814.9 90.16452935912302 76.66939590983988 144.09985546874992 0 233 2.8329 0.0 8.181805246746432 0.0 4.0 
2214 10694848.3 90.15322446337213 76.66939590983988 144.09985546874992 0 233 2.8329 0.0 8.181805246746432 0.0 4.0 
2215 10694881.6 90.15322446337213 76.67185303808317 144.09985546874992 0 233 2.8329 0.0 8.181805246746432 0.0 4.0 
2216 10694914.9 90.15322446337213 76.67185303808317 144.09985546874992 0 233 2.8329 0.0 8.181805246746432 0.0 4.0 
2217 10694948.3 90.15322446337213 76.67185303808317 144.09985546874992 0 233 2.8329 0.0 8.181805246746432 0.0 4.0 
2218 10694981.6 90.13358893587811 76.67986270318204 144.09985546874992 0 233 2.8329 0.0 8.181805246746432 0.0 4.0 
2219 10695014.9 90.13358893587811 76.67986270318204 144.09985546874992 0 233 2.8329 0.0 8.181805246746432 0.0 4.0 
2220 10695048.3 90.13358893587811 76.67986270318204 144.09985546874992 0 233 2.8329 0.0 8.181805246746432 0.0 4.0 
2221 10695081.6 90.13358893587811 76.67986270318204 144.09985546874992 0 233 2.8329 0.0 8.181805246746432 0.0 4.0 
2222 10695114.9 90.11957412656143 76.67986270318204 144.09985546874992 0 233 2.8329 0.0 8.181805246746432 0.0 4.0 
2223 10695148.3 90.11957412656143 76.6866353188853 144.09985546874992 0 233 2.8329 0.0 8.181805246746432 0.0 4.0 
2224 10695181.6 90.11957412656143 76.6866353188853 144.09985546874992 0 233 2.8329 0.0 8.181805246746432 0.0 4.0 
2225 10695214.9 90.10444502517835 76.6866353188853 144.09985546874992 0 233 2.8329 0.0 8.181805246746432 0.0 4.0 
2226 10695248.3 90.10444502517835 76.69208979550864 144.09985546874992 0 233 2.8329 0.0 8.181805246746432 0.0 4.0 
2227 10695281.6 90.10444502517835 76.69208979550864 144.09985546874992 0 233 2.8329 0.0 8.181805246746432 0.0 4.0 
2228 10695315.0 90.10444502517835 76.69208979550864 144.09985546874992 0 233 2.8329 0.0 8.181805246746432 0.0 4.0 
2229 10695348.3 90.08502946142332 76.69849796379285 144.09985546874992 0 233 2.8329 0.0 8.181805246746432 0.0 4.0 
2230 10695381.6 90.08502946142332 76.69849796379285 144.09985546874992 0 233 2.8329 0.0 8.181805246746432 0.0 4.0 
2231 10695415.0 90.08502946142332 76.69849796379285 144.09985546874992 0 233 2.8329 0.0 8.181805246746432 0.0 4.0 
2232 10695448.3 90.08502946142332 76.69849796379285 144.09985546874992 0 233 2.8329 0.0 8.181805246746432 0.0 4.0 
2233 10695481.6 90.06632569510036 76.69849796379285 144.09985546874992 0 233 2.8329 0.0 8.181805246746432 0.0 4.0 
2234 10695515.0 90.06632569510036 76.70577617846008 144.09985546874992 0 233 2.8329 0.0 8.181805246746432 0.0 4.0 
2235 10695548.3 90.06632569510036 76.70577617846008 144.09985546874992 0 233 2.8329 0.0 8.181805246746432 0.0 4.0 
2236 10695581.6 90.10662120124147 76.70577617846008 144.09985546874992 0 233 2.8329 0.0 8.181805246746432 0.0 4.0 
2237 10695615.0 90.10662120124147 76.67787504724663 144.09985546874992 0 233 2.8329 0.0 8.181805246746432 0.0 4.0 
2238 10695648.3 90.10662120124147 76.67787504724663 144.09985546874992 0 233 2.8329 0.0 8.181805246746432 0.0 4.0 
2239 10695681.7 90.10662120124147 76.67787504724663 144.09985546874992 0 233 2.8329 0.0 8.181805246746432 0.0 4.0 
2240 10695715.0 90.21272241855615 76.67787504724663 144.09985546874992 0 233 2.8329 0.0 8.181805246746432 0.0 4.0 
2241 10695748.3 90.21272241855615 76.65878813889236 144.09985546874992 0 233 2.8329 0.0 8.181805246746432 0.0 4.0 
2242 10695781.7 90.21272241855615 76.65878813889236 144.09985546874992 0 233 2.8329 0.0 8.181805246746432 0.0 4.0 
2243 10695815.0 90.21272241855615 76.65878813889236 144.09985546874992 0 233 2.8329 0.0 8.181805246746432 0.0 4.0 
2244 10695848.3 90.21272241855615 76.65878813889236 144.09985546874992 0 233 2.8329 0.0 8.181805246746432 0.0 4.0 
2245 10695881.7 90.29373702702722 76.65878813889236 144.09985546874992 0 233 2.8329 0.0 8.181805246746432 0.0 4.0 
2246 10695915.0 90.29373702702722 76.68838233138781 144.09985546874992 0 233 2.8329 0.0 8.181805246746432 0.0 4.0 
2247 10695948.3 90.29373702702722 76.68838233138781 144.09985546874992 0 233 2.8329 0.0 8.181805246746432 0.0 4.0 
2248 10695981.7 90.29373702702722 76.68838233138781 144.09985546874992 0 233 2.8329 0.0 8.181805246746432 0.0 4.0 
2249 10696015.0 90.29373702702722 76.68838233138781 144.09985546874992 0 233 2.8329 0.0 8.181805246746432 0.0 4.0 
